HIERARCHY
ROOT Hips
{
	OFFSET -6.501393 103.544830 -3.308209
	CHANNELS 6 Xposition Yposition Zposition Zrotation Yrotation Xrotation 
	JOINT Chest
	{
		OFFSET 3.490766 13.188873 -0.149589
		CHANNELS 6 Xposition Yposition Zposition Zrotation Yrotation Xrotation 
		JOINT Chest2
		{
			OFFSET 2.498665 20.695694 4.950911
			CHANNELS 6 Xposition Yposition Zposition Zrotation Yrotation Xrotation 
			JOINT Chest3
			{
				OFFSET 2.586676 14.483231 2.522879
				CHANNELS 6 Xposition Yposition Zposition Zrotation Yrotation Xrotation 
				JOINT Neck
				{
					OFFSET 3.658716 16.642105 2.875753
					CHANNELS 6 Xposition Yposition Zposition Zrotation Yrotation Xrotation 
					JOINT Head
					{
						OFFSET 0.562498 9.917938 3.338517
						CHANNELS 6 Xposition Yposition Zposition Zrotation Yrotation Xrotation 
						End Site #name: Head_end_site
						{
							OFFSET 0.623727 9.927261 3.299727
						}
					}
				}
				JOINT LeftCollar
				{
					OFFSET 3.158933 11.826752 7.207877
					CHANNELS 6 Xposition Yposition Zposition Zrotation Yrotation Xrotation 
					JOINT LeftUpArm
					{
						OFFSET 9.662516 -4.699112 13.894368
						CHANNELS 6 Xposition Yposition Zposition Zrotation Yrotation Xrotation 
						JOINT LeftLowArm
						{
							OFFSET -26.061760 -12.379883 17.528591
							CHANNELS 6 Xposition Yposition Zposition Zrotation Yrotation Xrotation 
							JOINT LeftHand
							{
								OFFSET -23.105013 -13.493835 13.602276
								CHANNELS 6 Xposition Yposition Zposition Zrotation Yrotation Xrotation 
								End Site #name: LeftHand_end_site
								{
									OFFSET -5.049747 -2.949127 2.972858
								}
							}
						}
					}
				}
				JOINT RightCollar
				{
					OFFSET -1.958067 14.041336 0.903037
					CHANNELS 6 Xposition Yposition Zposition Zrotation Yrotation Xrotation 
					JOINT RightUpArm
					{
						OFFSET -7.902977 5.073425 -14.842493
						CHANNELS 6 Xposition Yposition Zposition Zrotation Yrotation Xrotation 
						JOINT RightLowArm
						{
							OFFSET -31.237156 3.028915 12.441875
							CHANNELS 6 Xposition Yposition Zposition Zrotation Yrotation Xrotation 
							JOINT RightHand
							{
								OFFSET 1.770481 -9.929611 28.270538
								CHANNELS 6 Xposition Yposition Zposition Zrotation Yrotation Xrotation 
								End Site #name: RightHand_end_site
								{
									OFFSET 0.386944 -2.170212 6.178812
								}
							}
						}
					}
				}
			}
		}
	}
	JOINT LeftUpLeg
	{
		OFFSET 6.008414 -1.501137 7.878114
		CHANNELS 6 Xposition Yposition Zposition Zrotation Yrotation Xrotation 
		JOINT LeftLowLeg
		{
			OFFSET -32.490929 -13.194344 31.847103
			CHANNELS 6 Xposition Yposition Zposition Zrotation Yrotation Xrotation 
			JOINT LeftFoot
			{
				OFFSET -27.394722 -30.609779 17.695694
				CHANNELS 6 Xposition Yposition Zposition Zrotation Yrotation Xrotation 
				JOINT LeftToe
				{
					OFFSET -14.301807 2.204399 18.712517
					CHANNELS 6 Xposition Yposition Zposition Zrotation Yrotation Xrotation 
					End Site #name: LeftToe_end_site
					{
						OFFSET -6.634720 15.950195 16.159538
					}
				}
			}
		}
	}
	JOINT RightUpLeg
	{
		OFFSET -6.008467 1.500946 -7.878115
		CHANNELS 6 Xposition Yposition Zposition Zrotation Yrotation Xrotation 
		JOINT RightLowLeg
		{
			OFFSET -7.669543 -46.691193 2.263450
			CHANNELS 6 Xposition Yposition Zposition Zrotation Yrotation Xrotation 
			JOINT RightFoot
			{
				OFFSET 16.419405 -39.122486 -14.156796
				CHANNELS 6 Xposition Yposition Zposition Zrotation Yrotation Xrotation 
				JOINT RightToe
				{
					OFFSET -13.268997 -16.468420 10.596312
					CHANNELS 6 Xposition Yposition Zposition Zrotation Yrotation Xrotation 
					End Site #name: RightToe_end_site
					{
						OFFSET -19.207935 -1.991539 13.661808
					}
				}
			}
		}
	}
}
MOTION
Frames: 725
Frame Time: 0.033333
-80.004837 99.745262 9.619845 67.703717 75.286655 65.960776 3.548687 13.116089 -0.249252 -7.979077 8.371654 -20.510459 2.493304 20.544041 4.965785 -3.818843 10.579322 -4.597411 2.586669 14.290980 2.509839 -2.898202 -5.798015 8.985276 3.657344 16.454082 2.767952 -3.942909 -7.378553 -21.532105 0.588213 9.906072 3.297205 -3.086564 3.166642 9.630899 3.205761 11.791405 7.061903 -3.509800 12.843881 -3.173901 9.573348 -4.415560 13.829315 5.604075 16.860132 -0.061175 -25.877375 -12.415566 17.344082 -21.702530 -4.837741 -12.697646 -22.992346 -13.505375 13.406284 3.004318 5.336049 5.441953 -1.956711 13.959507 1.016036 9.768257 6.195496 -13.240566 -7.763250 5.088664 -14.688820 14.467092 -22.272226 -2.814718 -30.797878 2.950020 12.384262 -21.922003 -29.699360 -36.052231 1.673192 -9.898186 27.991304 -1.554456 0.385413 -0.819535 6.017242 -1.518172 7.825747 36.824156 2.382320 28.847236 -32.145855 -13.041383 31.688982 -0.853676 -0.978754 7.843339 -27.163948 -30.386915 17.597181 3.446670 7.507993 2.844533 -14.201694 2.186623 18.667347 3.313629 5.722868 -0.871948 -5.937840 1.527732 -8.044632 -24.825738 2.194894 -5.065239 -7.588470 -46.422871 2.199069 2.841011 11.809673 3.099888 16.155735 -38.732201 -13.947111 17.154428 -13.237818 8.894995 -13.069033 -16.355310 10.428686 -7.050146 -1.855071 -3.272209 
-78.979759 100.019081 9.788630 72.138580 75.580319 70.613699 3.555042 13.111852 -0.249019 -8.158852 8.520341 -20.851613 2.490009 20.553118 4.961883 -4.322194 10.972088 -4.377038 2.590834 14.289532 2.512008 -3.067101 -5.964108 8.874119 3.660955 16.451977 2.769182 -4.078804 -6.809756 -21.723393 0.589944 9.912908 3.292289 -3.033797 3.448538 9.672859 3.196621 11.797488 7.061400 -3.494297 13.024976 -3.516443 9.581096 -4.416203 13.831245 5.661957 17.125262 -0.510969 -25.882046 -12.420866 17.347084 -22.088564 -4.568327 -12.431574 -22.997717 -13.508536 13.404702 3.301266 5.409831 5.855964 -1.955230 13.963539 1.018364 9.712783 6.140647 -13.024048 -7.758899 5.085138 -14.692369 13.866813 -21.828760 -2.216492 -30.799582 2.949491 12.385321 -22.417521 -28.868423 -36.781566 1.676901 -9.901082 27.997791 -1.555013 0.742672 -1.053447 6.016738 -1.512827 7.827188 37.066549 1.710596 29.671981 -32.150738 -13.044619 31.687973 -0.677193 -0.392712 7.790609 -27.171816 -30.389086 17.604013 3.683923 7.060042 2.843563 -14.204481 2.185284 18.665884 3.023573 6.086514 -0.712430 -5.938137 1.529470 -8.045027 -24.660350 1.821315 -4.996529 -7.591872 -46.436348 2.190454 2.432135 11.689935 2.787330 16.151508 -38.729103 -13.945430 17.449492 -12.794400 9.062879 -13.071652 -16.358297 10.436732 -6.973254 -1.531617 -3.685760 
-76.474205 100.672806 10.204474 80.761509 76.404422 79.197785 3.557025 13.106340 -0.242418 -9.254365 8.827194 -22.754029 2.495592 20.559273 4.968309 -4.745819 11.427749 -3.942516 2.611575 14.280490 2.514816 -3.358295 -5.447768 9.494111 3.655705 16.449034 2.763188 -4.261370 -6.691737 -21.814320 0.595441 9.925854 3.295531 -3.869294 4.052081 10.081064 3.194266 11.798272 7.063886 -2.797656 13.981915 -3.943208 9.570653 -4.408393 13.837683 4.734787 17.655860 -2.113015 -25.887083 -12.437733 17.330759 -22.492822 -4.840761 -12.434376 -23.005507 -13.513664 13.396786 3.938295 5.440459 5.349582 -1.959976 13.964664 1.021979 8.955189 6.035469 -13.470005 -7.742196 5.086576 -14.698339 13.230742 -20.224245 -1.451238 -30.804661 2.953900 12.389855 -24.027188 -26.601167 -38.092327 1.678587 -9.901131 28.010138 -1.977226 2.071397 -0.824933 6.017450 -1.507775 7.833422 36.857063 -0.041863 31.588098 -32.155392 -13.043916 31.693327 -1.637683 0.833055 6.979547 -27.173519 -30.393950 17.610975 4.218037 5.485481 2.115385 -14.214059 2.191029 18.665092 3.003620 6.523694 -0.616326 -5.933869 1.540683 -8.043366 -24.175412 1.641159 -4.430770 -7.584078 -46.450386 2.180297 1.139791 11.288500 2.039182 16.146048 -38.724892 -13.932194 18.427659 -12.449571 10.143113 -13.069649 -16.366486 10.441006 -7.402154 -1.102802 -4.140065 
-72.790123 101.572014 10.816345 93.190671 76.021822 91.425921 3.562675 13.085057 -0.234541 -10.498724 8.956157 -23.644011 2.501023 20.568663 4.977414 -5.296259 12.361683 -3.140501 2.629042 14.270821 2.519221 -3.420637 -4.966985 9.247959 3.654490 16.447420 2.767292 -5.096319 -6.070337 -21.796507 0.595528 9.939793 3.291631 -4.679078 4.645732 10.189130 3.187560 11.800133 7.055902 -1.941065 15.517392 -4.454924 9.559430 -4.404647 13.840417 4.031976 18.483795 -4.531277 -25.891514 -12.462789 17.318254 -23.531714 -4.789320 -12.012462 -23.026091 -13.508633 13.392440 4.982823 5.229712 5.515313 -1.956166 13.970138 1.037354 7.506780 5.428580 -13.303564 -7.732755 5.084140 -14.693896 11.446046 -18.736761 -0.623738 -30.807383 2.950418 12.394745 -26.018395 -22.904220 -40.462652 1.684462 -9.898209 28.025309 -2.469233 3.278268 -1.126967 6.021406 -1.488150 7.828370 36.860967 -2.275987 33.855810 -32.168465 -13.046508 31.701864 -1.929735 2.147425 6.439960 -27.189425 -30.411503 17.615585 5.141241 3.210457 1.548300 -14.217333 2.197015 18.655979 2.766654 7.102809 -0.438280 -5.917372 1.548767 -8.042408 -23.634907 0.618843 -4.077816 -7.579295 -46.468918 2.158260 -0.597453 10.334133 0.399012 16.136820 -38.711063 -13.928691 19.868110 -12.425825 10.900564 -13.072700 -16.386526 10.451078 -7.143361 -0.679240 -4.562440 
-68.264931 102.574036 11.627304 100.914536 75.946103 98.472381 3.562383 13.060032 -0.223919 -12.636307 8.678896 -25.020120 2.503633 20.583712 4.977339 -5.642735 13.318626 -2.358773 2.651352 14.271481 2.524468 -3.575223 -4.759389 8.799411 3.648659 16.442348 2.776913 -6.506288 -5.278034 -21.078862 0.591327 9.954962 3.292500 -5.742310 5.087311 11.019682 3.183193 11.803587 7.045529 -0.772072 16.893255 -4.486363 9.543309 -4.397745 13.849775 3.301381 19.371251 -7.566101 -25.905556 -12.482026 17.310148 -24.757125 -5.406723 -12.407010 -23.043415 -13.511362 13.390596 5.776122 5.215341 5.064123 -1.953469 13.973497 1.045105 5.850822 4.035065 -14.221799 -7.725657 5.077808 -14.684832 8.724339 -18.670131 0.130680 -30.805719 2.957957 12.396156 -28.167048 -19.349627 -42.798375 1.700630 -9.893537 28.048107 -3.110688 4.934989 -1.256606 6.017829 -1.468583 7.823433 36.340291 -4.790858 36.228273 -32.180538 -13.034657 31.690308 -2.472909 3.203030 5.296051 -27.199112 -30.433626 17.628733 5.458681 1.084873 0.697014 -14.229912 2.204281 18.635862 2.366423 7.558456 -0.659989 -5.900567 1.563381 -8.039786 -22.534314 -0.698988 -4.656722 -7.578654 -46.479702 2.141058 -2.113028 9.019428 -1.486154 16.133020 -38.695705 -13.936649 20.878152 -12.510960 11.742931 -13.076573 -16.403320 10.474242 -7.064772 0.147296 -5.050210 
-63.250847 103.477104 12.637884 101.197715 76.024711 97.611914 3.562513 13.038752 -0.204081 -14.511084 7.697520 -25.062085 2.499206 20.579899 4.981570 -5.681640 13.976735 -1.428632 2.663243 14.274097 2.525347 -3.894577 -4.551139 7.745313 3.635683 16.441900 2.790421 -7.896413 -3.703130 -19.223820 0.582197 9.960267 3.288758 -6.875360 4.702299 11.533929 3.188291 11.797853 7.041807 -0.330686 18.590498 -4.100721 9.533088 -4.391496 13.863640 3.221706 20.520178 -9.322988 -25.914997 -12.504590 17.298548 -26.196178 -6.369422 -13.492967 -23.057533 -13.497535 13.386438 6.185212 5.229645 4.266295 -1.961417 13.974174 1.037630 3.877303 0.720950 -15.136961 -7.716707 5.072965 -14.672995 6.260175 -19.855293 0.427637 -30.801878 2.964387 12.398185 -29.663754 -16.393069 -45.064796 1.713040 -9.885312 28.067041 -2.951536 5.956343 -0.871519 6.026257 -1.456546 7.806070 35.397879 -7.226779 38.183602 -32.193558 -13.024272 31.673779 -2.593995 4.363014 4.388315 -27.205061 -30.453503 17.630449 5.164564 -1.153825 -0.346908 -14.237327 2.209556 18.613949 1.545404 7.881683 -0.585698 -5.877925 1.559744 -8.038731 -21.400463 -2.286903 -5.841851 -7.573453 -46.472336 2.130546 -2.920498 7.319408 -4.029773 16.131132 -38.670837 -13.945075 21.340564 -12.937450 12.343110 -13.074972 -16.411402 10.493985 -6.706722 0.537668 -4.679036 
-58.117058 104.078674 13.908854 81.493384 76.576174 76.420944 3.551511 13.011610 -0.190431 -15.858787 6.278291 -24.339811 2.486387 20.569452 4.977404 -5.333624 14.026166 -0.521288 2.666308 14.300752 2.531238 -3.489420 -4.209699 7.315378 3.620243 16.450678 2.799842 -8.166513 -2.298190 -16.196513 0.577805 9.953309 3.294180 -7.664837 3.758596 11.240976 3.189029 11.789451 7.033996 -0.222553 20.436565 -3.134770 9.529693 -4.385869 13.876762 4.042332 22.163213 -9.602582 -25.920731 -12.516045 17.284216 -27.958300 -7.546180 -15.973559 -23.065809 -13.480153 13.394589 6.194148 5.965421 3.208177 -1.965052 13.968169 1.014226 3.571888 -2.596597 -16.444679 -7.718966 5.061141 -14.667734 5.320776 -23.128877 0.005632 -30.780844 2.983589 12.393263 -30.257892 -14.444764 -45.242217 1.718811 -9.881233 28.073795 -2.983295 6.651494 -0.207501 6.031637 -1.454997 7.796194 34.918762 -9.250443 39.382427 -32.194450 -13.014997 31.642506 -1.524623 4.625039 4.289737 -27.216740 -30.472319 17.633263 4.349096 -2.919600 -1.686276 -14.240010 2.210658 18.591400 0.972893 8.008383 -0.066274 -5.857616 1.556160 -8.035232 -19.708086 -4.177554 -7.741346 -7.579360 -46.448528 2.138131 -2.749338 6.184733 -6.153543 16.136267 -38.641556 -13.955774 20.792662 -14.152499 12.466417 -13.073412 -16.402843 10.503880 -6.370052 0.439043 -4.880898 
-53.251015 104.280464 15.371276 51.589904 72.809386 46.270956 3.547074 12.994779 -0.183710 -16.327728 5.145104 -23.069799 2.477467 20.561607 4.985067 -4.957646 13.182928 -0.041613 2.657084 14.321610 2.531413 -3.182503 -4.402249 6.965832 3.618440 16.458050 2.800412 -7.566326 -1.037355 -13.028152 0.574465 9.939605 3.301470 -6.934203 2.307610 10.543413 3.184580 11.784254 7.038000 -0.136882 21.146612 -0.795840 9.534812 -4.395934 13.876671 6.511763 23.331814 -7.647150 -25.921392 -12.511567 17.284216 -30.192486 -9.285911 -18.846985 -23.052280 -13.459401 13.412311 5.816974 6.491521 2.080964 -1.958254 13.952371 0.992257 4.388389 -5.418154 -17.737668 -7.728563 5.061314 -14.672020 6.091824 -27.666972 -1.408666 -30.773031 3.001417 12.384015 -29.296788 -12.705761 -43.976453 1.728846 -9.877305 28.061834 -2.421159 5.634871 0.379484 6.030580 -1.468938 7.793591 34.235872 -10.147567 39.555576 -32.183300 -13.001987 31.606709 0.517219 3.687658 5.356556 -27.218531 -30.470589 17.620403 3.167973 -3.611091 -2.801521 -14.236897 2.204703 18.571838 0.788260 7.472762 0.467091 -5.862720 1.543020 -8.027444 -18.440399 -4.738810 -9.212725 -7.589514 -46.407631 2.159454 -1.830723 5.404091 -8.478003 16.164192 -38.622971 -13.967274 19.306095 -15.277417 12.625203 -13.066702 -16.388023 10.494419 -5.912369 -0.128469 -4.452003 
-49.044189 104.134789 16.858557 33.514304 65.835456 28.553375 3.546975 12.991439 -0.179188 -16.576138 4.059809 -21.993648 2.476808 20.554493 4.997758 -4.288819 11.945137 0.502250 2.645597 14.351049 2.525735 -2.623588 -4.773868 6.436492 3.605612 16.478268 2.794782 -6.215266 -1.145690 -10.240673 0.577879 9.923293 3.303610 -6.000013 1.300011 9.653616 3.186579 11.776293 7.043993 -0.572637 22.178294 1.466101 9.536176 -4.420896 13.868556 9.504994 24.459070 -4.377187 -25.913765 -12.486874 17.290539 -32.890411 -11.514540 -21.477682 -23.035990 -13.446456 13.433137 5.355943 6.308089 0.967840 -1.954784 13.929957 0.966456 6.607302 -7.079481 -18.764159 -7.741772 5.068657 -14.663378 9.333179 -33.069262 -4.419463 -30.778496 3.009689 12.379675 -27.382182 -11.104564 -41.597607 1.728405 -9.865632 28.038105 -2.065996 4.634548 1.049217 6.038760 -1.480859 7.798588 33.513088 -11.626183 38.853504 -32.169258 -13.002163 31.575333 2.379898 1.319633 6.604886 -27.217993 -30.463898 17.599754 1.411055 -4.433339 -4.373640 -14.220689 2.193980 18.560480 1.184706 6.568208 0.578338 -5.876878 1.520003 -8.007542 -17.971599 -5.040555 -10.528741 -7.589003 -46.365726 2.180703 -0.763065 4.483374 -9.792515 16.181501 -38.618042 -13.974981 18.059249 -16.274893 12.567376 -13.072083 -16.371023 10.483429 -5.602034 -0.421380 -3.991295 
-45.733654 103.775780 18.191986 28.290415 60.803990 23.495745 3.535615 12.994185 -0.174445 -16.089692 3.841690 -21.299795 2.477686 20.544783 5.004971 -3.061919 10.711686 0.418923 2.630273 14.369204 2.515857 -2.451729 -5.086423 5.975600 3.592745 16.480404 2.787106 -5.167098 -1.528557 -8.431723 0.576611 9.904115 3.310860 -4.712528 0.384856 8.864646 3.179720 11.775739 7.039681 -0.989730 22.628891 3.201170 9.546141 -4.442108 13.842404 12.633692 25.023542 -1.774200 -25.902843 -12.456543 17.305876 -35.358288 -13.375475 -22.422784 -23.011585 -13.435243 13.445498 4.855859 6.106831 -0.237401 -1.950861 13.914995 0.951195 9.040294 -7.943683 -20.064616 -7.760254 5.073366 -14.661797 13.656650 -38.433037 -8.630821 -30.780813 3.011260 12.369688 -24.479780 -9.539666 -38.091152 1.725746 -9.858422 28.024416 -1.829942 3.798288 1.222321 6.037492 -1.491511 7.800480 32.455474 -12.938944 37.979031 -32.162838 -13.002737 31.557276 4.003329 -0.985354 7.982605 -27.220949 -30.453651 17.589233 0.488292 -4.429585 -5.289044 -14.205767 2.182365 18.554800 2.382134 5.407634 1.238561 -5.880574 1.496863 -7.992178 -17.755248 -4.291261 -11.255423 -7.590005 -46.335617 2.209032 0.347808 3.864382 -10.496892 16.202156 -38.627037 -13.985641 16.259371 -17.111133 12.838082 -13.080207 -16.353769 10.463181 -5.179684 -0.982599 -3.633021 
-43.384014 103.369034 19.247812 26.883761 57.722250 22.802894 3.536848 12.997407 -0.174422 -15.352553 3.270375 -20.797952 2.471271 20.544109 5.024906 -2.668104 9.435518 0.086117 2.626481 14.377726 2.511396 -2.020240 -5.370055 6.084075 3.581256 16.495075 2.787037 -4.240794 -2.210300 -7.642667 0.578209 9.896265 3.318654 -4.112223 -0.198173 7.963199 3.172135 11.767533 7.040565 -0.998159 23.409814 4.388092 9.549760 -4.463184 13.832851 14.768136 25.407663 0.719966 -25.885761 -12.424286 17.308212 -37.306179 -14.405993 -22.974875 -23.004736 -13.434807 13.453939 4.727508 5.629536 -1.086178 -1.950785 13.909713 0.939769 10.846721 -7.728321 -20.904320 -7.771405 5.080314 -14.659402 19.009501 -42.150709 -13.391721 -30.780409 3.000528 12.364446 -21.949375 -9.029410 -34.789329 1.718626 -9.836904 28.011381 -1.764935 3.364475 1.179877 6.034489 -1.506181 7.796836 31.448493 -13.810748 37.537705 -32.164040 -13.003549 31.548182 5.321433 -2.888832 9.204528 -27.208342 -30.446629 17.577259 -0.352975 -4.759367 -6.453773 -14.188440 2.176287 18.550047 3.598290 4.638502 0.784600 -5.891681 1.480899 -7.978146 -17.764028 -3.918699 -11.426122 -7.583873 -46.310047 2.230163 1.409435 3.566062 -11.027011 16.216238 -38.632904 -13.996487 14.993816 -18.190628 13.007015 -13.081588 -16.337627 10.452285 -4.689566 -0.693104 -3.457656 
-41.869759 103.026733 19.992640 26.071734 56.161572 22.324193 3.533110 12.994688 -0.172552 -14.677032 3.296389 -20.181575 2.468850 20.545401 5.027146 -1.769282 8.578249 0.155704 2.625519 14.388135 2.506714 -1.766650 -5.555963 5.813055 3.578019 16.497297 2.785545 -3.898214 -2.726371 -6.905893 0.577608 9.893204 3.322820 -3.706831 -0.429125 7.655373 3.166346 11.762057 7.031127 -1.405051 23.955931 4.878258 9.554017 -4.477772 13.824783 15.999097 25.542469 2.377432 -25.874800 -12.411810 17.315353 -39.079440 -15.076621 -23.429733 -22.996248 -13.435141 13.464148 4.576250 5.441110 -1.671615 -1.950460 13.908469 0.933926 11.820868 -7.590308 -21.397977 -7.788534 5.081896 -14.666080 23.280174 -44.404822 -17.377241 -30.787163 2.999982 12.367006 -19.937326 -8.657611 -31.997312 1.710562 -9.830453 28.006296 -2.051672 2.848223 1.343710 6.031672 -1.515060 7.799596 30.804133 -13.957567 36.829654 -32.168644 -13.008826 31.553606 6.214748 -3.953405 9.975771 -27.209761 -30.442400 17.567955 -0.379838 -4.843926 -6.672640 -14.181251 2.174324 18.548616 4.163211 4.002235 0.778320 -5.899367 1.471246 -7.967360 -17.837652 -3.535657 -11.165372 -7.579875 -46.294540 2.244354 1.749869 3.677145 -11.020876 16.225550 -38.639370 -14.007973 14.010241 -19.214338 13.122396 -13.086078 -16.335245 10.445787 -4.320094 -0.673480 -3.368800 
-41.004314 102.807320 20.425928 25.984987 55.151274 22.393552 3.527218 12.997933 -0.172634 -14.569741 3.090277 -20.151819 2.464725 20.548744 5.034992 -1.680911 8.234451 -0.005638 2.624233 14.386532 2.502440 -1.309991 -5.451652 5.789883 3.569480 16.500683 2.787242 -3.671969 -2.649267 -6.680095 0.575559 9.888589 3.324792 -3.626327 -0.489473 7.415877 3.167936 11.758911 7.029561 -1.353346 24.196633 5.334621 9.555065 -4.488471 13.818238 16.856133 25.747196 3.367308 -25.867706 -12.398501 17.313915 -39.425337 -15.430845 -23.594689 -22.994509 -13.432259 13.465292 4.549028 5.279037 -1.967263 -1.947746 13.903986 0.931076 12.536909 -7.465767 -21.637368 -7.789197 5.086493 -14.668986 25.687968 -45.479853 -19.499917 -30.783628 2.996330 12.365824 -18.771288 -8.733645 -30.395257 1.709445 -9.815623 28.006084 -1.750222 2.997571 1.470864 6.031366 -1.520688 7.797574 30.616490 -14.327018 36.657000 -32.168758 -13.007728 31.548023 6.645147 -4.690045 10.277700 -27.209084 -30.440237 17.563095 -0.445929 -4.991965 -7.226531 -14.172324 2.173182 18.548014 4.561894 3.470095 0.487692 -5.899154 1.462438 -7.964591 -17.868188 -3.286734 -11.157371 -7.574063 -46.287228 2.248622 2.397473 3.337613 -11.308650 16.229927 -38.640656 -14.013114 13.422656 -19.562329 13.537902 -13.089443 -16.330153 10.440118 -3.997806 -0.642975 -3.026277 
-40.669273 102.734276 20.580341 26.104951 54.815441 22.345413 3.527784 12.997270 -0.174054 -14.056934 3.180774 -19.763082 2.465645 20.543718 5.032441 -1.615620 7.644834 0.147671 2.624359 14.387402 2.502450 -1.212489 -5.444290 5.807555 3.572676 16.495419 2.784688 -3.668013 -2.697813 -6.348283 0.576277 9.886560 3.327208 -3.335445 -0.665665 7.468229 3.160342 11.759760 7.028871 -1.817009 24.291759 5.285211 9.563736 -4.495497 13.819300 16.994144 25.830650 3.669274 -25.866081 -12.396431 17.320038 -40.030106 -15.288678 -23.824977 -22.993679 -13.433046 13.463669 4.746213 5.282303 -1.944677 -1.947669 13.901631 0.931029 12.651067 -7.470889 -21.758088 -7.791439 5.081545 -14.672051 27.009939 -45.896020 -20.565389 -30.788610 3.001681 12.368744 -17.797721 -9.170283 -29.445721 1.703282 -9.819230 28.002586 -1.886934 2.733170 1.394167 6.027942 -1.518734 7.801310 30.501142 -14.249815 36.235851 -32.171146 -13.010262 31.547966 7.107149 -4.747553 10.431790 -27.209551 -30.438978 17.559566 -0.526674 -4.866476 -7.149363 -14.169865 2.173304 18.549910 4.430358 3.560243 0.629059 -5.902960 1.460443 -7.954681 -17.884830 -3.212847 -10.867839 -7.570285 -46.282993 2.252609 2.261594 3.573355 -11.303770 16.229067 -38.642658 -14.016513 13.161227 -19.655210 13.691209 -13.088816 -16.328360 10.438481 -3.908694 -0.673717 -3.265238 
-40.727158 102.754700 20.508451 26.051769 54.799707 22.438244 3.528701 12.999623 -0.174192 -14.239017 3.100019 -19.695421 2.467787 20.544397 5.028390 -1.429827 7.883364 0.103915 2.624285 14.385949 2.502612 -1.348576 -5.371072 5.723743 3.574483 16.494545 2.783115 -3.826330 -2.572095 -6.300724 0.574129 9.887279 3.328068 -3.516966 -0.524942 7.647891 3.159388 11.759144 7.028702 -1.827850 24.230890 5.291256 9.561074 -4.489388 13.818123 16.690681 25.590572 3.249173 -25.865868 -12.398316 17.319155 -40.049750 -15.379440 -23.570619 -22.987194 -13.431311 13.467433 4.674940 5.334579 -1.983206 -1.948177 13.906090 0.929527 12.762483 -7.407699 -21.779008 -7.795355 5.081494 -14.670660 26.515361 -45.581390 -20.288109 -30.788637 2.999571 12.366271 -18.096299 -9.132827 -29.837412 1.708066 -9.820201 28.002474 -1.935936 2.826650 1.456699 6.028855 -1.519110 7.804343 30.400253 -14.174604 36.634266 -32.168388 -13.010014 31.548595 6.893216 -4.467311 10.183789 -27.207968 -30.433231 17.559996 -0.663961 -4.725393 -6.993981 -14.172560 2.174950 18.547621 4.267184 3.741629 0.944335 -5.900921 1.464742 -7.960226 -17.752389 -3.015414 -11.149337 -7.575639 -46.280415 2.252903 2.334492 3.708792 -11.293489 16.230783 -38.643307 -14.013471 13.144267 -19.528640 13.472938 -13.091470 -16.327045 10.438080 -4.070587 -0.664103 -3.079408 
-41.037113 102.845894 20.279371 26.180998 55.151742 22.941909 3.527732 12.997175 -0.173868 -14.461985 3.380182 -19.836785 2.463967 20.544134 5.028950 -1.833877 8.000743 0.192476 2.623458 14.389393 2.503207 -1.476417 -5.288994 5.776101 3.571969 16.495634 2.782410 -3.783571 -2.638660 -6.541095 0.575409 9.889439 3.326182 -3.355351 -0.581563 7.690254 3.167284 11.757641 7.026597 -1.793805 24.199905 5.171101 9.557606 -4.488464 13.822670 16.294851 25.637720 3.043547 -25.871513 -12.398507 17.316942 -39.240028 -15.262804 -23.769034 -22.994778 -13.432514 13.461613 4.729991 5.192980 -1.753096 -1.948798 13.906754 0.934174 12.249057 -7.440997 -21.637857 -7.793182 5.085905 -14.664629 25.104649 -45.124396 -18.953073 -30.788668 3.000561 12.366338 -18.875696 -8.808010 -30.620332 1.708688 -9.818611 28.005039 -1.685087 2.983075 1.355488 6.030643 -1.515575 7.799896 30.545197 -14.092079 36.593804 -32.168133 -13.005959 31.547541 6.731370 -4.347102 10.200382 -27.210258 -30.436817 17.562820 -0.301852 -4.935262 -7.288623 -14.175930 2.172988 18.551126 4.066583 3.773289 0.526057 -5.899415 1.466901 -7.959027 -17.918819 -3.111011 -10.907775 -7.570313 -46.286018 2.248150 2.344250 3.520550 -11.380299 16.229029 -38.640129 -14.013443 13.174351 -19.650712 13.787341 -13.089245 -16.329691 10.440863 -3.984542 -0.621008 -3.114593 
-41.508881 102.975761 19.965128 26.379878 55.318884 22.949523 3.528862 12.997725 -0.172962 -14.473895 3.415051 -19.895306 2.466457 20.540033 5.026019 -2.115181 8.308543 0.102356 2.623914 14.382937 2.510032 -1.685862 -5.381045 6.072572 3.574160 16.493999 2.785430 -3.901252 -2.241111 -6.663596 0.574226 9.889559 3.323782 -3.398304 -0.678743 7.587762 3.162988 11.762634 7.030940 -1.606269 23.630885 5.139841 9.560506 -4.483384 13.823572 16.190487 25.634405 2.336663 -25.872400 -12.406028 17.316401 -38.739904 -15.134168 -23.579191 -22.994583 -13.432594 13.463112 4.904909 5.364232 -1.677079 -1.949730 13.909204 0.934934 11.569295 -7.652159 -21.367786 -7.789177 5.081062 -14.663809 23.251101 -44.262669 -17.226471 -30.781435 3.000951 12.363588 -19.652129 -8.663486 -31.573629 1.715202 -9.827524 28.006426 -2.005301 2.731455 1.094422 6.023340 -1.514045 7.801919 30.900001 -14.106162 36.936034 -32.161690 -13.004675 31.550959 6.642762 -3.976563 9.706167 -27.209436 -30.438692 17.563742 -0.202050 -4.743693 -7.095440 -14.178671 2.174218 18.545235 3.988385 4.278027 0.726621 -5.893813 1.471596 -7.963528 -17.874556 -3.289072 -11.263139 -7.578339 -46.290730 2.245115 2.170585 3.545135 -11.026108 16.230122 -38.634514 -14.008145 13.654275 -19.164930 13.395752 -13.084715 -16.334375 10.437340 -4.103413 -0.688419 -3.077562 
-42.039433 103.114197 19.639769 26.514560 56.053266 22.854414 3.531612 12.991168 -0.171674 -14.800059 3.279575 -20.501916 2.465439 20.538862 5.028479 -2.456307 8.761248 0.181155 2.624791 14.380936 2.510243 -2.002779 -5.373640 6.350394 3.576630 16.494503 2.790147 -4.067013 -2.199500 -7.131074 0.573327 9.888570 3.320180 -3.619800 -0.429154 7.710704 3.168020 11.761738 7.035607 -1.131134 23.480857 4.706325 9.558490 -4.475332 13.827354 15.227714 25.695681 1.790799 -25.873589 -12.413628 17.309425 -38.165345 -15.118545 -23.271199 -22.996777 -13.437316 13.462908 4.771396 5.438839 -1.393399 -1.948495 13.910738 0.931599 11.193467 -7.529104 -21.209353 -7.781085 5.077728 -14.655662 21.210717 -43.222526 -15.605072 -30.782845 2.999238 12.366599 -20.666360 -8.422657 -32.567305 1.716268 -9.824622 28.004862 -1.883880 3.037941 1.125162 6.028006 -1.512412 7.799695 31.060975 -14.262286 37.066057 -32.158318 -13.010337 31.547762 6.272847 -3.516304 9.313655 -27.205095 -30.441315 17.568405 -0.342948 -4.898222 -6.937833 -14.181015 2.175834 18.545683 3.929561 4.107273 0.473593 -5.891171 1.476423 -7.962477 -17.856082 -3.422463 -10.881332 -7.580054 -46.295139 2.236787 1.753326 3.733704 -10.813419 16.221476 -38.631275 -14.001369 14.085803 -18.763131 13.339574 -13.079544 -16.335426 10.439879 -4.109826 -0.760921 -3.254626 
-42.564785 103.262749 19.335472 26.245162 56.295403 22.499541 3.534661 12.994661 -0.168372 -15.134104 3.401385 -20.723216 2.467263 20.535608 5.020728 -2.503327 8.936526 0.322726 2.622987 14.379173 2.510779 -1.764532 -5.319816 6.433854 3.572906 16.491999 2.786457 -4.043885 -2.221870 -7.084265 0.579402 9.889491 3.320128 -3.572233 -0.175617 7.811460 3.171312 11.762756 7.041774 -1.102701 23.468147 4.691053 9.551770 -4.473779 13.828236 14.896088 25.361712 0.881315 -25.882584 -12.415333 17.308865 -37.498828 -15.086822 -23.149722 -22.997395 -13.434714 13.456031 4.805686 5.648663 -1.242109 -1.952355 13.909168 0.933118 10.747520 -7.784560 -21.116348 -7.779122 5.079133 -14.655881 19.638447 -42.728724 -14.017444 -30.782618 3.000201 12.359387 -21.435237 -8.483022 -33.826563 1.721748 -9.831967 28.008417 -2.356414 2.927070 1.038625 6.031140 -1.511560 7.805526 31.163148 -13.986162 37.224866 -32.153999 -13.001955 31.544775 5.948234 -3.232602 9.366652 -27.203842 -30.440498 17.569923 -0.278624 -4.536557 -6.539969 -14.188165 2.173114 18.544222 3.515842 4.362389 0.746089 -5.892968 1.481822 -7.968257 -17.882697 -3.525235 -10.971520 -7.585162 -46.296478 2.233420 1.517673 4.033306 -10.848736 16.218424 -38.630390 -13.992589 14.305962 -18.544464 13.300602 -13.083002 -16.336620 10.445691 -4.181627 -0.730488 -3.474791 
-43.021721 103.407776 19.098520 26.303914 56.838614 22.498681 3.531822 12.997307 -0.173303 -14.980510 3.559352 -20.603575 2.469601 20.534561 5.018338 -2.707163 9.194675 0.058701 2.624103 14.377427 2.511883 -1.864479 -5.451046 6.192117 3.581273 16.493778 2.788781 -4.260531 -1.873501 -7.076764 0.576009 9.890920 3.315667 -3.629458 -0.191525 8.067713 3.171098 11.766683 7.043350 -1.534665 23.245984 4.426932 9.556896 -4.464733 13.831428 14.651615 25.424886 0.549239 -25.881544 -12.423050 17.310978 -37.269559 -14.766483 -23.143130 -22.998266 -13.437548 13.455371 4.868443 5.577307 -0.956638 -1.951358 13.913257 0.935648 10.198614 -7.827606 -21.072993 -7.776813 5.079588 -14.652273 18.217271 -42.101614 -12.932868 -30.785669 3.000306 12.360760 -21.667802 -8.363889 -34.548470 1.725516 -9.839196 28.008289 -2.169144 2.875120 1.153299 6.028543 -1.509947 7.805663 31.365308 -13.898893 37.405060 -32.152786 -13.001438 31.550106 5.585837 -2.536023 8.797441 -27.207541 -30.443478 17.570948 -0.181416 -4.059680 -6.422136 -14.191585 2.176526 18.543167 3.240691 4.402120 0.749550 -5.889195 1.481020 -7.970230 -17.911461 -3.556502 -11.254137 -7.585235 -46.305264 2.230860 1.341880 3.963859 -10.929018 16.222937 -38.624096 -13.997715 14.738549 -18.064011 12.836875 -13.079205 -16.339682 10.447026 -4.332581 -0.846110 -3.344818 
-43.381733 103.529343 18.941759 26.399759 57.104671 22.562053 3.530203 12.995407 -0.172439 -15.418472 3.590061 -20.624948 2.471511 20.535784 5.015940 -2.941232 9.526943 0.255066 2.623633 14.369819 2.510840 -1.994442 -5.245753 6.194984 3.586027 16.492313 2.786044 -4.369931 -1.926580 -7.049030 0.575587 9.891210 3.318243 -3.790696 -0.122426 8.359720 3.174630 11.766770 7.039370 -1.377455 23.108564 4.221505 9.552757 -4.460721 13.831779 14.114226 25.492969 0.039451 -25.887474 -12.429514 17.305670 -36.987370 -14.770778 -22.985352 -23.000591 -13.435195 13.450612 4.925730 5.528217 -0.869149 -1.949210 13.911745 0.937381 10.129188 -7.806595 -21.011591 -7.773549 5.078173 -14.651563 16.918944 -41.226424 -11.721304 -30.782286 3.006159 12.361067 -22.128162 -8.744227 -35.172486 1.728802 -9.842586 28.008518 -2.045114 3.113587 1.013057 6.029854 -1.502582 7.806952 31.890997 -13.913238 37.508749 -32.150406 -13.002131 31.544401 5.382134 -2.141520 8.675579 -27.208904 -30.445883 17.570713 -0.227698 -4.265742 -6.088109 -14.190915 2.173524 18.546890 2.973436 4.540748 0.959189 -5.886513 1.485493 -7.971710 -17.855368 -3.811167 -11.219787 -7.584728 -46.310547 2.222501 0.983448 4.149208 -10.807460 16.215797 -38.622868 -13.991569 14.855648 -17.836213 12.947803 -13.079639 -16.343048 10.447008 -4.581984 -0.985303 -3.485048 
-43.679573 103.635544 18.819056 26.235117 57.450121 22.294391 3.531737 12.990852 -0.170590 -15.454176 3.585392 -20.907504 2.470858 20.534328 5.017937 -3.254550 9.817921 0.159610 2.626765 14.373330 2.517629 -2.148517 -5.420418 6.399914 3.581299 16.487503 2.786679 -4.317659 -1.805590 -7.465147 0.579096 9.894030 3.314856 -3.737623 -0.021975 8.263909 3.174782 11.769468 7.039300 -1.064966 22.804460 4.051231 9.551609 -4.461219 13.834472 13.886349 25.445315 -0.280684 -25.890593 -12.431523 17.301733 -36.360823 -14.711787 -23.162391 -22.999899 -13.434090 13.447041 4.781287 5.879472 -0.846287 -1.957582 13.913836 0.934901 9.829297 -7.905456 -20.775827 -7.768877 5.076925 -14.648288 16.344081 -40.966112 -11.202868 -30.780287 3.004298 12.361521 -22.770686 -8.778840 -35.949396 1.727822 -9.845030 28.010908 -2.057879 3.102855 1.057933 6.027186 -1.503717 7.802130 32.009774 -13.877092 37.641401 -32.149200 -13.001553 31.547804 5.465436 -2.375985 8.551550 -27.207518 -30.449547 17.576937 0.028232 -4.507065 -5.903523 -14.190153 2.175429 18.542244 2.986197 4.604685 1.210135 -5.888407 1.487304 -7.974839 -17.837686 -3.639095 -11.181587 -7.586734 -46.308578 2.220844 1.016384 3.924497 -10.740068 16.210188 -38.615425 -13.988549 15.141363 -17.706914 12.691297 -13.083435 -16.342009 10.449025 -4.645683 -0.817894 -3.299894 
-43.988255 103.759842 18.662102 26.456348 57.727871 22.435597 3.531827 12.990346 -0.174582 -15.456457 3.482215 -20.685849 2.472535 20.532310 5.013317 -3.274150 9.702073 0.271306 2.623922 14.370655 2.517538 -2.308210 -5.480177 6.537462 3.586640 16.488518 2.784043 -4.132538 -1.539216 -7.536153 0.578398 9.895124 3.314010 -3.969489 -0.139043 8.154506 3.174254 11.771137 7.042306 -1.328722 23.172006 3.637251 9.549177 -4.452095 13.838082 13.548109 25.088016 -0.610240 -25.889637 -12.436914 17.300694 -36.261348 -14.215193 -23.124280 -23.004776 -13.435546 13.444933 4.940000 5.828915 -0.762601 -1.957110 13.912845 0.940395 9.614753 -8.135132 -20.505982 -7.762383 5.075312 -14.649045 15.511524 -40.530940 -10.428061 -30.780691 3.007561 12.364138 -22.979406 -8.830717 -36.251567 1.726478 -9.850119 28.016209 -2.243542 3.259589 1.028356 6.028210 -1.500800 7.805577 32.288616 -13.765422 37.740507 -32.151062 -13.002349 31.551336 4.879711 -1.886881 8.239434 -27.207714 -30.445753 17.572155 0.028905 -4.620667 -5.695439 -14.191856 2.174439 18.543509 2.772753 5.129575 1.113130 -5.888868 1.487259 -7.981465 -17.569825 -3.959116 -11.186760 -7.585914 -46.311447 2.222099 0.615116 4.007691 -10.953301 16.208508 -38.620495 -13.988589 15.462797 -17.532800 12.690336 -13.078062 -16.344023 10.449264 -4.992070 -0.718244 -3.643090 
-44.350681 103.916557 18.421261 25.777426 57.649788 22.074101 3.533444 12.995049 -0.170940 -15.812030 3.439113 -20.902088 2.470452 20.538099 5.014372 -3.715587 10.253557 0.374121 2.629432 14.369178 2.522335 -2.459240 -5.345166 6.304286 3.590622 16.488503 2.787387 -4.709417 -1.538894 -7.267840 0.576742 9.894238 3.309958 -4.103502 -0.052532 8.675792 3.176288 11.772525 7.041584 -1.045887 22.846288 3.596424 9.553270 -4.452775 13.842856 12.965234 25.406623 -1.277756 -25.891052 -12.441474 17.296734 -36.264340 -14.482999 -22.699410 -23.010731 -13.443118 13.447796 5.108654 5.694553 -0.336176 -1.950912 13.917206 0.938340 9.109562 -8.136845 -20.365051 -7.761956 5.073967 -14.643181 14.325854 -39.981550 -9.549951 -30.778070 3.009414 12.360526 -23.473743 -8.903831 -37.218589 1.729005 -9.847579 28.015146 -2.185870 3.428707 0.975662 6.032285 -1.495738 7.812215 32.449064 -13.947303 38.212043 -32.152733 -13.001942 31.550932 4.795553 -1.747768 7.855033 -27.210806 -30.458633 17.576303 -0.004957 -4.615603 -6.036430 -14.198083 2.176015 18.543257 2.509576 5.171009 1.089301 -5.885831 1.492847 -7.976613 -17.777680 -4.260854 -11.261992 -7.590446 -46.321644 2.212251 0.416070 4.076157 -10.847317 16.203756 -38.610909 -13.985310 15.570635 -17.221234 12.547705 -13.075194 -16.351511 10.457696 -4.841654 -0.526724 -3.412343 
-44.777344 104.126595 18.045488 26.770554 58.032620 22.512035 3.537032 12.989481 -0.174841 -15.968210 3.528202 -21.044846 2.471191 20.529232 5.007391 -3.713669 10.415731 0.305791 2.630715 14.367747 2.521316 -2.436478 -5.290302 6.332315 3.592446 16.488808 2.787224 -4.791279 -1.081795 -7.576181 0.579672 9.896406 3.302761 -4.219791 0.279120 8.653535 3.179789 11.775189 7.046556 -1.269170 22.732266 3.169842 9.551531 -4.446222 13.848621 12.352372 25.255132 -1.855696 -25.894176 -12.445113 17.298349 -35.843091 -13.832484 -22.606529 -23.014420 -13.441321 13.439547 4.826972 5.729030 -0.035628 -1.952989 13.916035 0.940135 8.509926 -8.414204 -19.920641 -7.756350 5.073011 -14.639297 13.040089 -38.823099 -8.228606 -30.783873 3.007864 12.363710 -24.402271 -8.503799 -38.151244 1.735707 -9.857452 28.015692 -2.303189 3.491393 1.030858 6.032585 -1.492939 7.803308 32.435554 -13.914100 38.400908 -32.149948 -13.004935 31.554873 4.184752 -1.224391 7.579784 -27.206244 -30.455427 17.579613 0.282008 -4.758633 -5.416475 -14.201185 2.175217 18.539425 2.069972 5.354180 1.189061 -5.881765 1.502341 -7.979253 -17.704021 -4.458686 -11.086191 -7.592562 -46.327503 2.208173 -0.223789 4.045411 -10.990422 16.195530 -38.609756 -13.982436 16.206015 -17.046477 12.291589 -13.068975 -16.350826 10.460909 -4.853152 -0.663482 -3.710245 
-45.293274 104.394150 17.464846 26.499102 58.071662 22.031923 3.537383 12.986485 -0.174057 -16.259216 3.703826 -21.273241 2.474159 20.525345 4.997303 -4.267532 10.716244 0.550370 2.633579 14.360504 2.529231 -2.608023 -5.021830 6.594885 3.595226 16.473118 2.788855 -5.252355 -0.496053 -7.580754 0.578312 9.893547 3.300910 -4.572653 0.292614 9.038906 3.176365 11.776340 7.052456 -1.322521 22.231904 2.926885 9.552808 -4.440760 13.852359 11.145087 24.902059 -3.243758 -25.898245 -12.454042 17.293339 -35.263881 -13.246882 -22.269273 -23.014597 -13.438109 13.435160 4.845341 5.904868 0.263195 -1.954219 13.918547 0.943977 7.887957 -8.673552 -19.546868 -7.747814 5.069533 -14.640598 11.059054 -36.944811 -6.347048 -30.783810 3.017637 12.365420 -25.022502 -8.484444 -39.132169 1.738572 -9.866565 28.021856 -2.552051 3.730500 0.909812 6.029225 -1.486425 7.806972 32.987153 -13.612870 38.403469 -32.148335 -13.005920 31.554064 3.676449 -0.241537 6.860417 -27.208809 -30.458790 17.579163 0.548382 -4.529986 -4.781442 -14.205797 2.175128 18.534060 1.479377 5.811432 1.637387 -5.879800 1.506416 -7.982080 -17.525617 -4.429231 -11.104064 -7.593235 -46.328278 2.200817 -0.807824 4.474620 -11.320613 16.185493 -38.601555 -13.976891 16.679088 -16.553097 12.132990 -13.068117 -16.353163 10.460970 -5.043255 -0.529090 -3.792733 
-45.839840 104.722549 16.638866 26.170715 57.675736 21.792571 3.538848 12.984344 -0.172039 -16.360216 3.794194 -21.628072 2.469228 20.522882 4.990515 -4.805924 11.253175 0.621320 2.638252 14.351286 2.539119 -2.785197 -4.888189 6.719926 3.598696 16.468155 2.794141 -5.360197 0.347153 -7.203496 0.581065 9.891673 3.288842 -4.815427 0.535128 9.045934 3.180001 11.774882 7.057258 -0.913698 22.048443 2.561694 9.546721 -4.432025 13.857535 9.696982 24.792301 -4.712439 -25.897142 -12.458082 17.279104 -34.296753 -12.872145 -22.197710 -23.018801 -13.442273 13.424914 4.935116 5.414943 0.571598 -1.950745 13.922374 0.945834 6.131262 -8.769900 -18.867153 -7.739009 5.062884 -14.624768 8.145457 -34.611212 -3.684217 -30.779293 3.018824 12.364408 -25.951490 -8.411579 -40.623622 1.745085 -9.873002 28.023216 -2.894504 3.676329 0.958292 6.024666 -1.478490 7.809000 33.450578 -13.378846 38.717856 -32.141579 -12.999906 31.551798 3.158386 0.348721 5.916827 -27.204290 -30.461323 17.574667 0.671683 -4.207824 -4.712110 -14.206804 2.173598 18.527143 0.876366 6.544705 1.348868 -5.867274 1.520290 -7.982362 -17.391851 -4.951639 -10.859102 -7.595533 -46.328186 2.184279 -1.187721 4.679471 -11.340829 16.178148 -38.591244 -13.968862 17.064234 -15.768057 11.946814 -13.060998 -16.359243 10.468052 -4.939027 -0.167842 -3.887117 
-46.361343 105.148392 15.546486 26.805805 57.101440 22.021594 3.550213 12.980590 -0.174128 -16.630706 3.672457 -22.000483 2.465199 20.522001 4.986284 -5.991801 11.800827 0.831692 2.641547 14.339267 2.550671 -3.038655 -4.531799 6.999219 3.606898 16.465750 2.797707 -5.771536 1.054478 -7.486318 0.583248 9.894258 3.280707 -5.513023 0.744138 9.418062 3.185708 11.767932 7.062632 -1.634953 22.068445 1.850739 9.544407 -4.426886 13.869239 7.944573 24.409783 -6.053407 -25.894079 -12.465328 17.266266 -33.401811 -12.003307 -21.306164 -23.029049 -13.442649 13.414726 4.962929 5.384855 1.506606 -1.944975 13.931935 0.952249 4.764710 -9.082866 -17.849801 -7.730013 5.058392 -14.613245 6.486836 -31.225542 -1.779603 -30.785870 3.024604 12.370688 -27.083450 -8.044390 -42.097331 1.747487 -9.879066 28.028269 -3.067073 3.715042 0.747080 6.021358 -1.470942 7.806983 33.862521 -12.863413 39.073914 -32.140923 -12.999596 31.547318 1.908190 1.518556 5.053949 -27.200430 -30.469316 17.566715 1.106307 -4.259196 -4.685631 -14.212290 2.170407 18.519344 0.274671 7.185997 1.057446 -5.866472 1.530920 -7.982121 -17.391383 -5.730533 -10.356981 -7.597165 -46.331589 2.172285 -2.160790 5.172376 -11.498269 16.165964 -38.578049 -13.967592 17.781153 -14.947799 11.848088 -13.048051 -16.365465 10.482892 -5.067317 0.190233 -3.950546 
-46.794704 105.610725 14.223104 26.926972 56.305033 21.171607 3.556485 12.976042 -0.178317 -16.724432 3.577491 -22.395258 2.464856 20.517120 4.977350 -6.911299 12.341572 0.796531 2.649282 14.327874 2.561601 -3.443222 -4.108757 6.973561 3.609074 16.453878 2.798293 -6.429846 2.572770 -7.313958 0.578014 9.890693 3.262195 -6.235118 1.192288 9.564087 3.188102 11.767127 7.069761 -1.585660 21.279092 1.034365 9.541131 -4.424226 13.878010 5.831614 23.614778 -8.473229 -25.891987 -12.473775 17.259573 -33.018128 -11.305619 -20.818476 -23.034674 -13.450618 13.400423 4.818447 4.765072 2.306286 -1.944824 13.939754 0.955362 2.826998 -8.982377 -16.360518 -7.720038 5.049845 -14.597231 4.582191 -27.626792 0.220271 -30.788641 3.025024 12.376934 -27.829973 -7.206768 -43.949962 1.753896 -9.889494 28.033659 -3.471802 3.910450 0.775366 6.014252 -1.459468 7.804361 33.972500 -12.338417 39.268766 -32.139492 -13.005946 31.552656 0.490116 2.420701 3.491201 -27.193773 -30.469143 17.560911 1.665495 -3.959997 -4.229312 -14.209242 2.166675 18.512106 -0.297990 7.809859 0.981910 -5.856745 1.549463 -7.980708 -17.458911 -6.068484 -9.876486 -7.602943 -46.328865 2.159975 -2.745350 5.171102 -11.598868 16.148127 -38.569660 -13.963505 17.964828 -14.226505 11.711678 -13.038677 -16.368849 10.496869 -4.787082 0.719215 -3.917295 
-47.121784 106.033638 12.782852 26.959602 54.046884 20.385570 3.570750 12.972137 -0.178090 -17.018108 4.077797 -22.744598 2.458147 20.515934 4.970221 -7.935641 12.663256 0.737126 2.653283 14.314966 2.577677 -3.968418 -3.788803 7.041337 3.613472 16.449163 2.806483 -7.077163 3.611616 -7.457017 0.579280 9.880752 3.248110 -6.934620 1.364403 9.118086 3.194689 11.765831 7.084876 -1.327813 20.296611 0.907606 9.541332 -4.428388 13.890119 4.240926 22.841906 -10.090834 -25.892578 -12.481699 17.253267 -32.739661 -10.493582 -20.221274 -23.047964 -13.456018 13.392606 4.237443 4.753681 2.606982 -1.937341 13.954288 0.957167 0.623800 -9.006465 -14.617436 -7.714720 5.044660 -14.586999 3.967083 -23.857169 1.311816 -30.794970 3.024865 12.385180 -28.555008 -6.166489 -44.976502 1.764674 -9.898218 28.049335 -4.281304 3.571812 0.441441 6.000899 -1.456828 7.799974 34.083648 -11.875292 39.172450 -32.141556 -13.008445 31.558056 -0.697782 3.254167 2.578623 -27.184425 -30.475245 17.555496 2.586060 -3.434046 -3.716591 -14.210619 2.163219 18.496376 -0.481760 8.397829 0.657450 -5.857068 1.559686 -7.980453 -17.858564 -6.666592 -8.877410 -7.607057 -46.334442 2.147848 -3.656815 5.492696 -11.940998 16.141865 -38.575565 -13.967535 18.402036 -13.781474 11.477479 -13.030048 -16.378000 10.508125 -4.399585 0.705348 -3.743704 
-47.354301 106.320915 11.430204 25.876824 52.566263 20.006305 3.581120 12.972714 -0.184393 -16.815284 4.422231 -23.002744 2.452715 20.519348 4.968789 -8.624832 12.332216 0.550851 2.648994 14.309238 2.585731 -4.189908 -3.408661 7.320335 3.619177 16.444246 2.808350 -7.407485 4.244346 -7.915516 0.583113 9.866942 3.241325 -6.868450 1.403291 9.019644 3.201093 11.758744 7.097042 -1.137151 19.858751 0.832612 9.536715 -4.436728 13.893022 2.212565 22.476737 -11.569234 -25.890938 -12.485235 17.255285 -31.973929 -9.946805 -19.683033 -23.046778 -13.459629 13.382972 3.767929 4.691514 3.287782 -1.928177 13.964721 0.963288 -0.493985 -8.440606 -13.155364 -7.712891 5.039073 -14.578291 3.995664 -20.621777 2.380333 -30.802896 3.025108 12.396064 -28.815509 -4.641191 -45.207028 1.765933 -9.899860 28.057753 -4.909242 3.208369 0.312983 5.992218 -1.453093 7.802659 34.110197 -11.421593 39.167317 -32.141853 -13.004108 31.560360 -1.227225 3.494153 1.947982 -27.177353 -30.477076 17.543432 3.242316 -2.223932 -3.431113 -14.202260 2.155633 18.495331 -0.392484 8.626035 0.331927 -5.849966 1.558069 -7.986123 -18.430202 -7.115681 -7.516334 -7.602928 -46.339958 2.146497 -4.688241 5.814695 -12.416983 16.143099 -38.571304 -13.970191 18.763903 -13.379583 11.413105 -13.021558 -16.381849 10.516926 -3.879581 0.936362 -3.765566 
-47.597012 106.475037 10.347800 26.633860 53.395496 20.130803 3.588478 12.968331 -0.192543 -16.225096 4.544337 -22.956843 2.457122 20.518606 4.965858 -8.593036 12.396773 0.673880 2.655650 14.301905 2.587890 -4.483166 -3.084252 7.464350 3.625868 16.438133 2.809635 -7.098912 4.465842 -8.046698 0.579661 9.864416 3.234941 -6.988328 2.019178 9.062285 3.201686 11.757189 7.102123 -1.099597 18.870286 1.057360 9.532002 -4.441659 13.882154 1.239849 22.429575 -13.041996 -25.884167 -12.487024 17.252712 -32.591416 -9.852644 -19.808653 -23.043539 -13.467259 13.381522 3.431968 4.184960 3.316288 -1.917063 13.968684 0.968565 -1.114606 -7.552191 -12.079620 -7.712884 5.028868 -14.579129 4.341568 -18.059092 2.244025 -30.802809 3.026069 12.401217 -28.894405 -3.416586 -44.990989 1.761723 -9.904884 28.055758 -5.752869 2.860925 0.178661 5.981314 -1.459498 7.804344 34.156232 -10.599401 39.050176 -32.144215 -13.006771 31.573282 -1.551812 4.015407 1.595082 -27.174046 -30.469681 17.530466 3.416631 -1.182230 -3.540043 -14.195216 2.151781 18.492435 0.130859 8.119827 0.580709 -5.841468 1.558993 -7.989537 -18.815295 -7.329762 -6.346580 -7.601494 -46.334232 2.152167 -5.738931 6.051002 -12.330387 16.145794 -38.574806 -13.972787 19.121763 -13.330769 11.568886 -13.016960 -16.385649 10.522428 -3.770087 1.065182 -3.525840 
-47.943272 106.506554 9.645743 26.048327 53.738511 20.515643 3.588705 12.966392 -0.196611 -16.093942 4.674191 -22.937433 2.450956 20.521519 4.963969 -8.918294 12.252289 0.650881 2.647978 14.303885 2.586277 -4.298706 -2.584922 7.850129 3.626883 16.443817 2.809967 -6.968711 4.232130 -8.824975 0.579834 9.859035 3.234703 -6.789953 2.127209 8.462120 3.204224 11.751357 7.102968 -0.924230 19.209933 0.815511 9.532876 -4.451289 13.876080 0.654623 22.231403 -13.385537 -25.882008 -12.487359 17.253119 -32.285239 -9.496041 -20.016916 -23.043583 -13.470075 13.376516 3.361232 4.397219 4.114365 -1.914994 13.972275 0.972491 -1.053624 -6.688826 -11.517925 -7.712059 5.028825 -14.575371 4.944178 -16.564665 2.208503 -30.807365 3.022735 12.406835 -29.171215 -2.347335 -44.493222 1.758631 -9.907432 28.056292 -6.020124 2.574736 0.071004 5.977165 -1.459316 7.808333 34.261738 -10.348361 38.736677 -32.141533 -13.004289 31.576777 -1.924518 4.068868 1.382514 -27.170547 -30.471104 17.526354 4.051012 -1.105092 -3.630629 -14.192734 2.152881 18.492451 0.543382 7.941464 -0.037208 -5.844163 1.557071 -7.991270 -19.191267 -7.419633 -5.072606 -7.597777 -46.337063 2.149308 -6.327430 6.228015 -12.107987 16.148943 -38.584114 -13.970556 19.461465 -12.962963 11.181846 -13.018823 -16.384760 10.520898 -3.734544 1.064028 -3.911989 
-48.464954 106.430847 9.352514 27.568119 56.300375 22.128001 3.589658 12.970585 -0.201272 -15.703826 4.811423 -22.880307 2.456155 20.520769 4.963006 -8.768135 12.451676 0.550269 2.655028 14.304523 2.582183 -4.324779 -2.490320 8.040220 3.628611 16.440092 2.808194 -6.777198 4.412136 -9.146732 0.579127 9.867249 3.235131 -6.620914 2.515963 8.640009 3.207537 11.755344 7.103857 -0.784888 18.747175 0.731308 9.531682 -4.450192 13.871922 0.130761 22.405515 -14.226967 -25.882988 -12.485073 17.256323 -32.275871 -9.317491 -20.072910 -23.039230 -13.471968 13.376143 3.546605 4.264431 3.876383 -1.914486 13.971573 0.975345 -1.047598 -6.052209 -11.195699 -7.716193 5.026266 -14.575980 5.019425 -16.378722 2.139272 -30.805395 3.020951 12.405745 -29.281625 -2.302641 -44.870945 1.760928 -9.910686 28.054899 -6.350067 2.468594 -0.065379 5.975807 -1.459862 7.806730 34.305042 -9.834194 38.562425 -32.140751 -13.001652 31.580795 -1.711351 4.178200 1.448225 -27.167656 -30.460735 17.527777 4.023134 -0.775457 -3.579830 -14.191422 2.153603 18.496567 0.779990 7.780962 0.171601 -5.841207 1.558258 -7.989407 -19.530269 -7.363289 -4.687967 -7.595260 -46.335716 2.153690 -6.391053 6.212310 -11.588387 16.152422 -38.582676 -13.970186 19.606254 -13.153281 11.246424 -13.016045 -16.381477 10.521004 -3.848620 0.846709 -4.055620 
-49.134380 106.299286 9.492643 29.473455 58.860986 24.486088 3.588822 12.971556 -0.202984 -15.620125 4.937387 -23.215256 2.456511 20.523573 4.967082 -8.836962 12.686425 0.480074 2.653270 14.300040 2.584054 -4.074394 -2.364226 8.465044 3.628575 16.438705 2.812976 -7.163719 4.039264 -9.526858 0.578863 9.866967 3.234682 -6.378728 2.658204 8.980292 3.205376 11.759446 7.105466 -0.421629 18.400825 0.829461 9.529569 -4.449553 13.868011 -0.076190 22.418588 -14.544623 -25.887098 -12.488304 17.255140 -31.813921 -9.216755 -20.108975 -23.040701 -13.468081 13.374704 3.740353 4.299850 3.956666 -1.914089 13.973115 0.979000 -1.173158 -5.939047 -11.498592 -7.712060 5.027713 -14.581256 4.771977 -16.573587 2.300996 -30.806051 3.020223 12.402759 -29.329713 -2.991389 -44.960359 1.758186 -9.909173 28.054901 -6.372050 2.475921 0.106206 5.971936 -1.459869 7.807104 34.196862 -9.867559 38.665557 -32.144600 -13.003513 31.580502 -1.385497 4.474921 1.623967 -27.170797 -30.468647 17.529976 4.171392 -0.202437 -3.510609 -14.193411 2.153268 18.496376 0.673607 7.612858 0.262571 -5.840196 1.559322 -7.992477 -19.679708 -7.314041 -4.313720 -7.598947 -46.345909 2.153316 -6.327118 6.668287 -11.518383 16.151264 -38.583122 -13.968535 19.471794 -12.871261 11.302918 -13.020977 -16.379068 10.518618 -3.926601 0.851228 -4.083415 
-49.843353 106.113930 10.032076 32.787746 61.713396 27.280300 3.584635 12.971052 -0.192727 -15.938465 5.039611 -23.254918 2.455722 20.518797 4.967888 -8.590358 12.637307 0.508034 2.654285 14.299767 2.577948 -4.306335 -2.515676 8.226469 3.620691 16.440475 2.810867 -7.171991 3.780466 -9.905974 0.582624 9.879682 3.240020 -6.886925 2.695447 9.100927 3.201493 11.764721 7.102040 -0.698185 18.850685 0.334739 9.531260 -4.439232 13.873225 0.299735 22.149525 -14.447715 -25.890680 -12.487679 17.253359 -31.622885 -8.673829 -19.383734 -23.043270 -13.470226 13.375168 4.098993 4.526271 3.771770 -1.923347 13.972229 0.977961 -1.187411 -6.272158 -12.051850 -7.711718 5.032688 -14.586059 4.604468 -17.342147 2.011756 -30.800472 3.014484 12.397073 -29.801628 -4.115448 -45.471096 1.760096 -9.905729 28.059156 -6.135445 2.805357 0.170583 5.984396 -1.457979 7.808821 34.013895 -10.004317 38.744528 -32.144321 -13.001992 31.581520 -1.169895 4.700899 2.141424 -27.166531 -30.463228 17.546255 3.987731 -0.990815 -3.253935 -14.203883 2.159942 18.501614 0.547508 7.892089 0.195365 -5.845538 1.563727 -7.992489 -19.443737 -7.050618 -4.849686 -7.597495 -46.348656 2.148820 -5.906359 6.759469 -11.467471 16.148552 -38.583332 -13.966901 19.334929 -13.154594 11.287794 -13.018906 -16.379040 10.519470 -4.007027 0.796109 -4.251986 
-50.390713 105.905632 10.898768 33.640468 62.580406 27.762667 3.578140 12.973127 -0.191018 -16.479472 4.839224 -23.624419 2.455940 20.523403 4.968279 -8.746780 12.987363 0.542493 2.655685 14.301535 2.580259 -4.239405 -2.740715 7.856034 3.620396 16.445608 2.811416 -7.852321 3.314947 -10.233769 0.577336 9.887065 3.243365 -7.319492 2.433216 9.436370 3.202602 11.766706 7.087938 -0.457190 19.502207 -0.126495 9.530690 -4.431732 13.877530 0.987676 22.378917 -13.591438 -25.892187 -12.489569 17.249096 -31.141544 -8.628861 -19.155351 -23.053244 -13.468972 13.373244 4.441995 4.511017 3.954737 -1.929739 13.967431 0.978423 -0.384051 -6.554259 -13.156156 -7.711315 5.037347 -14.583614 4.223544 -18.855301 2.088098 -30.791090 3.012495 12.393228 -29.971526 -6.247213 -46.434508 1.761052 -9.903780 28.055742 -5.472526 3.637425 0.236531 5.995644 -1.450588 7.807278 34.207401 -10.597862 39.134409 -32.146435 -13.007894 31.578627 -1.290458 4.352590 2.047445 -27.176065 -30.470030 17.559328 3.695274 -1.730456 -3.642347 -14.203829 2.169338 18.505396 0.073440 7.998016 0.149581 -5.846869 1.566936 -7.993342 -19.223081 -7.000827 -6.291703 -7.595998 -46.359043 2.142448 -4.893085 6.399948 -11.068062 16.134285 -38.579746 -13.962141 19.413928 -12.911664 11.254774 -13.023971 -16.377802 10.519944 -4.408363 0.829802 -4.239901 
-50.571102 105.666733 12.013812 36.125960 63.538163 29.525275 3.570562 12.971877 -0.180867 -16.595126 4.439895 -23.361001 2.458213 20.520447 4.971255 -8.197987 13.135207 0.634094 2.646106 14.303100 2.571714 -4.105298 -3.156855 7.489868 3.615904 16.445457 2.812747 -8.074363 2.741462 -10.408623 0.576682 9.892870 3.254485 -6.929749 2.115548 9.649497 3.198641 11.770075 7.082529 -0.443892 19.672753 -0.226392 9.530458 -4.423238 13.879261 2.252755 22.518075 -12.196556 -25.904644 -12.492048 17.253681 -30.748210 -8.911242 -18.839192 -23.051401 -13.457989 13.383029 4.501963 5.187294 3.491985 -1.939871 13.963291 0.976046 0.044015 -7.152774 -14.232005 -7.710278 5.041880 -14.596137 3.896192 -20.916681 1.919265 -30.788013 3.008116 12.381222 -29.881060 -7.928980 -46.423761 1.756361 -9.891095 28.055403 -4.684471 4.198956 0.240925 6.008615 -1.450586 7.802714 34.120186 -10.998678 39.537206 -32.147858 -13.012481 31.577250 -0.673899 4.540589 2.340324 -27.182629 -30.473495 17.572397 3.312859 -2.599067 -3.445162 -14.211538 2.172103 18.513235 -0.320161 7.949906 0.765920 -5.848251 1.568228 -7.998485 -18.548412 -6.648060 -7.348043 -7.601467 -46.359535 2.142355 -4.110757 6.317827 -11.081053 16.127985 -38.579361 -13.956130 18.991150 -13.365466 11.560228 -13.029667 -16.375975 10.513605 -4.481239 0.713718 -4.435986 
-50.244713 105.374924 13.285056 33.754385 63.807456 28.323541 3.554622 12.976939 -0.179778 -16.668800 4.749116 -23.023594 2.461199 20.518774 4.968293 -7.515868 12.920256 0.553440 2.647066 14.317266 2.560889 -3.573443 -3.279651 7.348102 3.613190 16.449833 2.805952 -7.557390 2.163951 -9.892020 0.579814 9.901302 3.266771 -6.588965 2.080835 9.613772 3.191763 11.777080 7.065951 -0.539134 20.489169 -0.200535 9.537612 -4.418970 13.882219 3.673608 23.019192 -11.060117 -25.905743 -12.492121 17.258116 -30.920488 -9.455840 -19.986366 -23.056602 -13.456849 13.387233 4.940839 5.140651 3.170687 -1.951471 13.950309 0.969261 1.504591 -7.342860 -15.707325 -7.710465 5.051147 -14.609489 3.791260 -24.309379 1.296580 -30.783607 3.013059 12.381527 -29.288377 -9.116401 -45.606932 1.754814 -9.890378 28.055334 -3.767672 4.523325 0.610934 6.015532 -1.450075 7.805761 34.370014 -11.416595 39.301175 -32.145027 -13.007065 31.575819 0.040884 3.658123 3.039108 -27.196451 -30.473089 17.585630 3.182659 -3.449954 -3.821571 -14.219525 2.178194 18.519905 -0.688595 7.776088 0.838507 -5.851809 1.560159 -7.999852 -17.973771 -6.002758 -8.316179 -7.588614 -46.363789 2.139667 -3.201123 5.909125 -10.715964 16.136106 -38.580410 -13.959188 18.790214 -13.829464 11.540597 -13.046034 -16.374723 10.500356 -5.130754 0.485357 -4.371032 
-49.452911 105.039986 14.584366 32.823102 63.731976 27.354926 3.549292 12.980812 -0.179286 -16.531686 4.173127 -22.573546 2.471581 20.523689 4.981154 -6.547736 12.744652 0.514491 2.645144 14.329193 2.552609 -3.262677 -3.893221 7.282279 3.607613 16.457977 2.801690 -6.831364 1.179678 -9.588370 0.576465 9.906464 3.278438 -6.147768 1.387691 9.872929 3.187323 11.773115 7.053335 -0.970551 20.945410 0.296613 9.539108 -4.410293 13.877816 5.709096 23.621772 -8.488131 -25.906315 -12.487943 17.265179 -31.575340 -10.533653 -20.446784 -23.042002 -13.451547 13.406981 5.083771 5.514159 2.210836 -1.953337 13.943144 0.966211 3.420908 -7.340707 -17.209199 -7.719659 5.055293 -14.622500 4.729107 -27.334183 -0.015855 -30.774403 3.013044 12.376242 -28.511351 -9.703401 -44.368076 1.746648 -9.886665 28.042982 -3.068267 4.436406 0.728224 6.020292 -1.461995 7.803965 34.326396 -11.540619 39.381833 -32.147549 -13.000039 31.569960 0.926781 3.063765 3.920644 -27.201195 -30.470436 17.587276 2.262440 -4.001530 -3.793783 -14.212732 2.181265 18.534426 -0.229930 7.579089 1.016941 -5.857653 1.548996 -7.997859 -17.789622 -5.417931 -9.535173 -7.597520 -46.353493 2.155358 -2.251751 5.668803 -10.617963 16.149532 -38.579002 -13.961046 18.602638 -14.494367 11.618717 -13.050614 -16.370335 10.493587 -5.229247 0.197967 -4.333288 
-48.317516 104.708282 15.757706 30.602878 62.606894 25.536597 3.539052 12.983228 -0.178558 -16.669645 4.042627 -22.328469 2.467057 20.527834 4.987425 -5.575076 11.936206 0.382928 2.644797 14.341928 2.545223 -2.841630 -4.313820 7.199822 3.606567 16.464003 2.798445 -6.112348 0.411382 -9.053423 0.579671 9.906820 3.293583 -5.674091 1.090107 9.862000 3.186914 11.775427 7.048815 -0.910473 21.504444 1.186363 9.539495 -4.417945 13.870496 7.655650 24.245380 -6.588753 -25.907154 -12.477225 17.273073 -32.274826 -11.531479 -21.496919 -23.032038 -13.449951 13.412722 5.168551 5.433813 1.703088 -1.956908 13.932315 0.963545 5.104343 -7.561983 -18.587646 -7.728404 5.060463 -14.630076 6.284835 -30.812807 -1.763486 -30.774061 3.018697 12.373392 -27.487932 -9.920275 -42.653490 1.740512 -9.877180 28.033672 -2.783696 4.167303 0.827033 6.025147 -1.471581 7.807828 34.121757 -11.958632 39.113321 -32.147194 -12.999280 31.563982 1.835391 1.876111 4.821917 -27.205662 -30.469761 17.583694 1.515510 -4.076065 -4.390131 -14.213070 2.184081 18.539192 0.379764 6.905831 0.974288 -5.865567 1.532720 -7.994733 -17.732880 -5.023932 -10.024268 -7.590758 -46.343548 2.171667 -1.510293 5.276060 -10.690324 16.167173 -38.586514 -13.965752 17.918214 -15.219437 12.100343 -13.058355 -16.365967 10.480207 -5.513921 0.101570 -4.319980 
-47.093216 104.422371 16.702562 28.573232 61.388067 24.011486 3.535279 12.987016 -0.173025 -16.303808 4.076569 -21.684650 2.473694 20.528347 4.994318 -4.392442 11.475543 0.490265 2.637320 14.350632 2.532580 -3.025331 -4.623492 6.576008 3.602389 16.467669 2.793920 -5.812578 -0.382697 -8.452987 0.577983 9.904622 3.299103 -5.131986 0.776408 9.767178 3.182311 11.776885 7.045934 -1.165903 21.954981 2.001392 9.546053 -4.426851 13.857139 9.499288 24.491865 -4.771967 -25.902517 -12.471586 17.284731 -33.610330 -12.543746 -21.997253 -23.019171 -13.446488 13.430865 5.128966 5.738226 0.875559 -1.952949 13.929139 0.951504 6.321457 -7.804912 -19.283012 -7.742279 5.067227 -14.640501 8.523536 -33.829230 -4.157012 -30.775564 3.014392 12.370695 -26.639580 -9.775554 -40.870554 1.738768 -9.869516 28.025545 -2.275454 4.187820 1.255071 6.030178 -1.478744 7.805963 33.457938 -12.391876 38.757656 -32.145439 -12.997633 31.558155 2.751795 0.921348 5.919525 -27.208908 -30.460829 17.583530 1.088593 -4.147587 -4.474386 -14.210958 2.187743 18.542496 0.828358 6.527552 1.311469 -5.868108 1.520657 -7.994584 -17.587192 -4.499207 -10.690947 -7.591628 -46.339127 2.185703 -1.067880 4.912273 -10.638687 16.179039 -38.593300 -13.968060 17.135966 -15.839327 12.229721 -13.066413 -16.360081 10.470885 -5.363420 -0.292245 -3.912142 
-45.987007 104.225006 17.359022 26.971295 59.633617 22.587384 3.538493 12.990067 -0.172628 -16.203282 3.660930 -21.619256 2.474694 20.534218 5.001481 -4.220259 11.000408 0.508730 2.636666 14.360480 2.526363 -2.438003 -4.991912 6.685092 3.595445 16.478214 2.792037 -5.186136 -0.880700 -7.918549 0.580629 9.901419 3.304358 -4.799831 0.538780 9.034016 3.178477 11.772420 7.050997 -1.188471 22.107883 2.776793 9.546093 -4.439123 13.854178 10.827369 25.056279 -3.364753 -25.904160 -12.456495 17.291386 -34.682536 -13.173704 -21.992051 -23.012781 -13.440634 13.438283 5.039457 6.006584 0.419393 -1.952657 13.923759 0.945688 7.663106 -8.002207 -19.750272 -7.749543 5.070551 -14.645800 10.667779 -36.461312 -5.860053 -30.777248 3.012793 12.367189 -25.367456 -9.356008 -39.714476 1.734649 -9.860847 28.020338 -2.628223 3.895140 1.100317 6.033024 -1.488941 7.810130 32.827412 -13.138900 38.601388 -32.148064 -13.000358 31.551712 3.930218 0.036623 6.854751 -27.206551 -30.457310 17.579594 0.296613 -4.068312 -4.958960 -14.207279 2.179185 18.541382 1.497114 5.844884 1.277240 -5.877985 1.510983 -7.983255 -17.475473 -4.515352 -10.728719 -7.588506 -46.329510 2.196730 -0.373333 4.676928 -10.818642 16.188282 -38.601360 -13.970961 16.879006 -16.524483 12.332775 -13.068657 -16.352932 10.465502 -5.129862 -0.350091 -3.774730 
-45.140438 104.138397 17.717678 27.383330 58.603706 22.916623 3.534078 12.987007 -0.176772 -16.070477 3.525844 -21.371373 2.472647 20.534088 5.006694 -4.163901 10.691427 0.442847 2.635212 14.364146 2.528538 -2.479008 -5.170071 6.538348 3.593773 16.483574 2.789307 -4.972009 -1.015253 -7.785078 0.576620 9.898637 3.304896 -4.392162 0.136866 8.791588 3.177112 11.774182 7.049029 -1.423523 22.381577 3.043147 9.548018 -4.439994 13.846755 11.954798 25.046155 -2.185492 -25.894779 -12.449777 17.292582 -35.143495 -13.480480 -22.132798 -23.010321 -13.442106 13.437714 5.202931 5.930359 0.129530 -1.953732 13.922849 0.946856 8.166555 -8.217822 -19.985777 -7.755583 5.071978 -14.640032 11.874734 -37.540379 -6.905133 -30.780163 3.013340 12.365506 -24.630159 -8.793864 -38.612111 1.733031 -9.860737 28.014236 -2.491299 3.490547 0.915521 6.027809 -1.493167 7.806710 32.843139 -13.533247 38.394423 -32.148911 -13.002543 31.550508 4.201304 -0.694539 7.342749 -27.208183 -30.457466 17.577433 0.433809 -4.327548 -5.267138 -14.204819 2.178802 18.538155 2.146047 5.454692 1.136583 -5.879907 1.506970 -7.982023 -17.574309 -4.389695 -11.172196 -7.592900 -46.325550 2.204048 -0.146297 4.323986 -10.806864 16.197687 -38.602612 -13.981861 16.481542 -16.723565 12.368118 -13.066063 -16.351839 10.460711 -5.080576 -0.447156 -3.494189 
-44.559582 104.163361 17.777012 26.508415 57.372646 21.917105 3.533574 12.986082 -0.174703 -16.109582 3.524955 -21.197972 2.469932 20.521534 5.002247 -3.817353 10.201331 0.319794 2.633901 14.365655 2.525512 -2.347130 -5.306225 6.348368 3.592293 16.479694 2.789683 -4.720806 -0.546469 -7.369672 0.576800 9.892226 3.306925 -4.366946 0.363885 8.560531 3.174736 11.772456 7.050279 -1.294653 22.209414 3.123453 9.552450 -4.445475 13.844345 12.268183 24.990399 -2.161126 -25.889801 -12.441937 17.295649 -35.675659 -13.800660 -22.344738 -23.008522 -13.440211 13.437540 4.944597 5.641681 0.028503 -1.958554 13.917720 0.936385 8.443213 -8.360551 -20.130065 -7.756116 5.068431 -14.637795 12.426848 -37.972969 -7.689060 -30.780611 3.011442 12.363862 -24.170878 -8.150233 -38.152159 1.739647 -9.860884 28.016523 -2.450214 3.412450 0.875035 6.025089 -1.491425 7.801732 32.651446 -13.699440 38.154342 -32.142334 -13.003457 31.550806 4.088978 -0.957039 7.140513 -27.201845 -30.450453 17.575718 0.295260 -4.539175 -5.191608 -14.200008 2.179337 18.532412 2.235633 5.406146 1.239279 -5.880817 1.501640 -7.977514 -17.568898 -4.029728 -11.118231 -7.589902 -46.314087 2.208300 -0.044420 4.126069 -11.029048 16.193987 -38.604458 -13.979072 16.268983 -16.827675 12.254042 -13.065457 -16.349098 10.455730 -4.866388 -0.585030 -3.609186 
-44.216610 104.317085 17.548117 26.817534 56.367407 22.089532 3.538787 12.988431 -0.173480 -15.976842 3.550734 -21.265029 2.472751 20.520454 5.004193 -4.318163 10.204461 0.462029 2.631555 14.357946 2.531371 -2.280069 -5.132472 6.776562 3.593052 16.480127 2.789778 -4.708700 -0.325215 -6.824408 0.579765 9.888022 3.300362 -4.341580 0.115923 8.548788 3.176400 11.768495 7.055646 -1.469578 22.343466 3.374786 9.554339 -4.444518 13.849115 12.139825 24.907898 -2.293650 -25.889471 -12.440278 17.291708 -35.752912 -13.647421 -22.336368 -23.006739 -13.434993 13.437974 4.778571 5.328302 0.139855 -1.949826 13.915961 0.939675 7.760686 -8.859976 -19.716026 -7.751025 5.071033 -14.631180 11.789134 -37.399951 -6.980795 -30.785826 3.014663 12.364009 -24.220215 -7.928072 -38.166708 1.738111 -9.864041 28.014580 -2.633731 3.190107 0.859092 6.021493 -1.492802 7.808049 32.760989 -14.070936 38.417908 -32.142071 -13.002854 31.545479 4.050215 -0.716011 6.818842 -27.202063 -30.454357 17.565472 0.060036 -4.736680 -5.315911 -14.201050 2.175408 18.531796 2.005637 5.641326 1.077550 -5.878273 1.506359 -7.971334 -17.388140 -4.409766 -11.062112 -7.595812 -46.310890 2.203948 -0.443615 4.547295 -11.456123 16.194841 -38.603310 -13.974020 16.294822 -16.364351 12.231575 -13.061490 -16.353960 10.454255 -4.799220 -0.479111 -3.696027 
-44.019627 104.553337 17.090778 25.797689 54.555774 21.242734 3.537056 12.987703 -0.175296 -15.810232 3.569844 -21.294064 2.470977 20.517551 4.995240 -4.687397 10.602782 0.645763 2.631836 14.356624 2.535072 -2.734090 -5.041258 6.764306 3.593655 16.468271 2.790705 -4.963724 0.202014 -6.530318 0.579061 9.886676 3.291782 -4.417961 0.059292 8.578897 3.179825 11.772667 7.055814 -1.663758 22.304545 3.317086 9.557642 -4.444149 13.852080 11.293405 24.966711 -2.891120 -25.882772 -12.440272 17.281971 -35.489987 -13.348498 -22.270564 -23.010670 -13.437367 13.434377 4.722594 5.324780 0.168671 -1.948378 13.917628 0.943134 7.346516 -9.295565 -18.863073 -7.746583 5.066606 -14.621601 10.693389 -36.545231 -5.617945 -30.784676 3.017463 12.366125 -24.485369 -7.521438 -38.486747 1.744305 -9.865757 28.013742 -2.789300 3.180364 0.714689 6.021361 -1.488002 7.806646 32.946514 -14.008010 38.554219 -32.136192 -13.000456 31.544407 3.755107 -0.462611 6.326338 -27.200863 -30.449562 17.564529 0.304380 -4.769708 -5.339876 -14.201121 2.169604 18.524263 1.456530 6.015257 1.284228 -5.872723 1.513502 -7.967171 -17.336851 -4.714839 -10.898720 -7.596787 -46.307327 2.197193 -0.774034 4.481842 -11.550278 16.189707 -38.594940 -13.971345 16.164795 -16.267711 12.145965 -13.052767 -16.348372 10.460162 -4.784213 -0.222510 -3.664940 
-43.867836 104.826332 16.560450 25.435594 53.904836 20.919198 3.546221 12.985696 -0.171729 -16.020169 3.764709 -21.731579 2.471493 20.512474 4.987981 -5.116440 10.863243 0.562174 2.635607 14.349415 2.542359 -2.784349 -4.772502 7.107433 3.595406 16.463974 2.794464 -5.240785 0.825964 -6.329425 0.578851 9.879833 3.282339 -4.612635 0.302906 8.843901 3.179755 11.768299 7.065636 -2.052321 22.074550 2.889719 9.557062 -4.439764 13.856218 10.300104 24.627202 -3.729160 -25.880890 -12.442138 17.280695 -35.524948 -13.595559 -21.913240 -23.009312 -13.439475 13.428488 4.572324 5.099958 0.672562 -1.940154 13.917852 0.939794 6.436303 -9.440768 -18.435539 -7.742846 5.062602 -14.607723 9.298088 -34.865049 -4.631314 -30.787798 3.020904 12.365071 -25.075482 -6.561278 -39.113905 1.746137 -9.872863 28.013172 -3.182703 2.956818 0.880149 6.016273 -1.482729 7.802452 33.035958 -13.869459 38.815306 -32.132584 -12.999002 31.542431 2.742863 0.320392 5.603733 -27.192410 -30.450401 17.560133 0.549451 -4.284390 -5.250367 -14.206703 2.166142 18.514605 1.155282 6.351919 0.988558 -5.866022 1.520224 -7.963214 -17.229188 -4.776136 -10.982829 -7.602944 -46.305248 2.185725 -1.548188 4.662315 -11.449303 16.182896 -38.589397 -13.972730 16.447961 -15.670315 12.068476 -13.048984 -16.354391 10.462463 -4.593759 -0.218151 -3.520220 
-43.713139 105.016891 16.184084 25.257174 52.776476 20.667377 3.544317 12.982698 -0.172128 -16.029506 3.807832 -21.966839 2.466236 20.509371 4.980283 -5.645484 10.833176 0.788050 2.637347 14.344544 2.554079 -2.947145 -4.731616 7.086691 3.598607 16.457661 2.795653 -5.370348 1.410113 -6.055220 0.579996 9.877110 3.279617 -4.833698 0.342244 8.882852 3.176397 11.764400 7.068196 -2.056341 22.078185 3.144521 9.557403 -4.440616 13.864932 9.826028 24.522652 -4.440667 -25.880096 -12.438565 17.277372 -35.143167 -13.124500 -21.757405 -23.011644 -13.438833 13.422729 4.427545 4.766947 0.875148 -1.939344 13.919768 0.944214 5.923161 -9.856863 -18.141631 -7.740014 5.063396 -14.597239 8.335211 -34.038282 -3.210835 -30.786482 3.025531 12.366940 -25.139597 -6.328341 -39.368012 1.750625 -9.873263 28.019629 -3.215293 3.159863 0.620520 6.011837 -1.479241 7.803988 33.209046 -13.833275 38.753530 -32.130630 -13.000251 31.536629 2.460958 0.509053 5.256934 -27.192022 -30.447796 17.555655 0.576801 -4.380187 -5.417114 -14.206323 2.167299 18.509701 0.666939 6.803233 1.036335 -5.867209 1.523885 -7.963190 -17.170177 -4.883141 -11.116221 -7.597973 -46.299118 2.184391 -1.538786 4.727571 -11.910513 16.176390 -38.588413 -13.971457 16.486011 -15.409779 12.133952 -13.045067 -16.356592 10.463350 -4.510955 0.104951 -3.461922 
-43.572575 105.047791 16.168592 24.767005 52.382247 20.270050 3.551153 12.983129 -0.170984 -16.063418 3.449781 -21.886834 2.465909 20.509558 4.989084 -5.733422 10.756926 0.712988 2.637997 14.344333 2.553602 -2.918035 -4.881102 7.193823 3.594838 16.465008 2.798868 -5.174853 1.284149 -5.906985 0.583532 9.879002 3.276281 -4.849219 0.231539 8.587491 3.182448 11.762396 7.072014 -1.948568 22.649986 2.880119 9.556457 -4.438633 13.864700 9.885504 24.565573 -4.119846 -25.877132 -12.441511 17.272709 -35.238944 -13.449774 -21.879201 -23.013651 -13.442206 13.425917 4.487038 4.702788 0.494003 -1.937242 13.921074 0.941459 5.456944 -9.896469 -17.982140 -7.739631 5.060131 -14.597138 8.409025 -34.128755 -3.331794 -30.790869 3.022680 12.367739 -25.334792 -6.227754 -39.418429 1.750762 -9.871765 28.016066 -3.251834 2.873199 0.687541 6.017232 -1.480988 7.803054 33.115971 -13.863366 38.760466 -32.133099 -12.997660 31.536219 2.388734 0.432862 5.405422 -27.189619 -30.451151 17.554552 0.459528 -4.489213 -5.526736 -14.203773 2.163311 18.510700 0.870379 6.869163 0.738973 -5.867791 1.526413 -7.960644 -17.328547 -5.199874 -10.924801 -7.605472 -46.300262 2.180784 -1.637598 4.661714 -11.772780 16.180384 -38.587757 -13.975507 16.476798 -15.625506 12.022346 -13.042767 -16.357679 10.469185 -4.440559 0.093558 -3.725026 
-43.455299 104.877686 16.558828 25.370902 52.609218 20.818639 3.545133 12.981894 -0.173497 -15.967005 3.309827 -21.510979 2.468239 20.510128 4.988570 -5.182039 10.625456 0.576956 2.634127 14.353274 2.544040 -2.786190 -5.006741 7.089803 3.593246 16.466381 2.797231 -5.065285 0.996641 -6.125403 0.579529 9.881263 3.284746 -4.446942 -0.069917 8.616513 3.177173 11.769668 7.068402 -2.251894 22.716021 3.255174 9.557021 -4.445263 13.857726 10.728143 24.546503 -3.328700 -25.881489 -12.435079 17.287291 -35.646969 -13.418236 -21.696262 -23.006014 -13.435058 13.429851 4.544660 5.041024 0.716541 -1.942381 13.921191 0.944249 6.377354 -9.800344 -18.302042 -7.743658 5.062862 -14.603682 9.631418 -35.299565 -4.544831 -30.793560 3.019383 12.363898 -24.761620 -6.073133 -38.715858 1.748131 -9.868518 28.013083 -3.256881 2.964034 0.726771 6.017321 -1.482512 7.803067 32.849870 -13.942379 38.726336 -32.136066 -13.001015 31.540035 3.088721 0.082346 5.725694 -27.191353 -30.450682 17.554018 0.281105 -4.613636 -5.434216 -14.210750 2.165032 18.511116 1.284904 6.432148 0.988800 -5.869939 1.520730 -7.960266 -17.087410 -4.923402 -11.050442 -7.603841 -46.299606 2.188689 -1.295810 4.393355 -11.874333 16.184111 -38.590061 -13.977545 16.315454 -15.773852 11.994079 -13.045092 -16.353958 10.464551 -4.390734 0.223837 -3.606809 
-43.417805 104.591270 17.181448 25.824641 54.013163 21.801535 3.544318 12.985982 -0.175211 -15.908918 3.678587 -21.174649 2.473248 20.516201 4.992581 -4.534915 10.461535 0.451778 2.633547 14.357973 2.538172 -2.770626 -5.076656 6.960408 3.591105 16.465372 2.792196 -5.025105 0.236403 -6.202628 0.577326 9.882299 3.291502 -4.196552 -0.108994 8.734747 3.175989 11.768490 7.057047 -1.962361 22.408613 3.427154 9.557400 -4.447444 13.852441 11.280978 24.866245 -2.862846 -25.882582 -12.436376 17.289433 -36.068699 -13.813760 -22.100578 -23.004780 -13.435160 13.435382 4.664105 5.177002 0.336390 -1.944786 13.917298 0.941764 7.449640 -9.339198 -18.943291 -7.751106 5.068656 -14.614767 11.168132 -36.812855 -6.189321 -30.791534 3.018423 12.365049 -24.186473 -6.912763 -38.089072 1.740417 -9.867250 28.009331 -2.985832 3.132529 0.722227 6.019269 -1.488274 7.801880 32.634214 -14.291742 38.605687 -32.139984 -13.001639 31.543653 3.636599 -0.333380 6.349871 -27.195961 -30.451851 17.563274 0.245472 -4.723392 -5.481539 -14.203089 2.168158 18.520479 1.697139 6.124431 1.190473 -5.873216 1.511123 -7.961974 -17.465641 -4.616078 -11.064556 -7.600949 -46.306831 2.196623 -0.857583 4.368318 -11.460941 16.188589 -38.599548 -13.973885 16.134485 -16.304334 12.199404 -13.054399 -16.351881 10.457161 -4.533809 -0.344674 -3.537658 
-43.502911 104.301025 17.769657 25.694569 55.480776 21.335062 3.541436 12.995151 -0.173194 -15.743204 3.408036 -21.120676 2.475196 20.528734 5.006783 -4.186414 10.270839 0.251630 2.631359 14.367186 2.530005 -2.392506 -5.375670 6.590002 3.592393 16.479822 2.791101 -4.647034 -0.466629 -6.649072 0.575718 9.886555 3.297102 -4.154741 -0.064439 8.600771 3.176686 11.770083 7.056805 -1.564696 22.413776 3.725259 9.557557 -4.451559 13.847898 12.531329 25.310794 -1.560983 -25.887064 -12.434647 17.297016 -36.413398 -14.156219 -22.238649 -23.003160 -13.439567 13.446648 4.724274 5.423605 -0.070857 -1.945995 13.914633 0.937315 8.331443 -8.778903 -19.681055 -7.755410 5.070971 -14.630450 12.835618 -38.612313 -8.125726 -30.789930 3.013995 12.364580 -23.595174 -7.278155 -37.401757 1.737585 -9.858578 28.015238 -2.704907 3.087241 0.923582 6.025105 -1.493601 7.806324 32.477276 -14.101766 38.351598 -32.147068 -13.001005 31.547256 4.110769 -1.068874 7.028858 -27.198645 -30.453760 17.567322 -0.207937 -4.426605 -5.568541 -14.201025 2.169248 18.529198 2.229497 5.465666 0.856752 -5.882898 1.501769 -7.968743 -17.623862 -4.430172 -11.233213 -7.599243 -46.311428 2.207308 -0.341810 4.121197 -11.324519 16.202400 -38.602081 -13.983201 16.100484 -16.836281 12.204403 -13.061213 -16.348507 10.458916 -4.693130 -0.236087 -3.541836 
-43.857769 104.106537 18.146427 25.884460 56.621988 21.553519 3.535919 12.990466 -0.173896 -15.687640 3.427460 -20.943505 2.476031 20.530106 5.009818 -3.537460 9.897840 0.379042 2.632108 14.367085 2.523834 -2.223150 -5.465784 6.377212 3.590624 16.483166 2.785112 -4.335442 -1.035205 -6.846428 0.576001 9.890730 3.304965 -4.228133 0.095983 8.560268 3.173228 11.766498 7.048518 -1.617382 22.897378 3.696027 9.552048 -4.451579 13.838692 12.745637 25.068382 -1.381500 -25.888680 -12.436276 17.294891 -36.344581 -14.192264 -22.617482 -23.003504 -13.436947 13.442279 4.737490 5.512244 -0.236884 -1.947446 13.914786 0.937540 8.867474 -8.658405 -20.156115 -7.757102 5.074122 -14.641844 13.694259 -39.465547 -8.879445 -30.789619 3.014338 12.362237 -23.125111 -7.963223 -37.157899 1.731897 -9.857697 28.013567 -2.599832 3.356195 1.050439 6.026373 -1.497750 7.810801 32.285044 -13.904669 38.220755 -32.150173 -13.003542 31.547462 4.471201 -1.196868 7.639397 -27.206602 -30.450027 17.565756 -0.159512 -4.382958 -5.431928 -14.197392 2.171716 18.532278 2.404942 5.068481 1.163750 -5.883522 1.495639 -7.974206 -17.435272 -4.284984 -10.924083 -7.592296 -46.311890 2.213577 -0.216810 4.297763 -11.287882 16.201345 -38.613400 -13.981472 16.035220 -17.117923 12.637552 -13.071476 -16.348789 10.456722 -4.870020 -0.470637 -3.490158 
-44.697800 104.058495 18.162201 26.822168 58.285877 22.435240 3.535412 12.989905 -0.175024 -15.790567 3.809447 -21.012794 2.471273 20.533325 5.011103 -3.558120 10.099977 0.196433 2.633016 14.365270 2.521817 -2.282026 -5.629065 6.200958 3.592982 16.483252 2.786515 -4.531113 -1.169298 -7.440861 0.581258 9.897152 3.306115 -4.341636 0.203880 8.723896 3.178067 11.771883 7.044812 -1.193027 22.665131 3.365330 9.548766 -4.443907 13.846049 12.700592 25.193938 -1.674467 -25.892319 -12.443591 17.291370 -35.976546 -13.845751 -22.540567 -23.012268 -13.437256 13.442127 4.979962 5.718323 -0.349051 -1.950336 13.916291 0.940786 8.764812 -8.392615 -20.250008 -7.758021 5.074759 -14.644691 13.347020 -39.327567 -8.786908 -30.782938 3.012909 12.363825 -23.993394 -8.803752 -37.914271 1.731336 -9.859340 28.019636 -2.337891 3.439171 1.023379 6.028954 -1.495894 7.804420 32.619945 -13.753911 38.287889 -32.154503 -13.000596 31.549807 4.497991 -1.335559 7.899428 -27.209686 -30.456869 17.578611 0.025271 -4.436610 -5.288369 -14.198522 2.176060 18.538437 2.337805 5.417394 1.271443 -5.886098 1.495476 -7.979340 -17.644779 -4.434190 -10.976489 -7.592128 -46.322987 2.210662 -0.007529 4.012574 -11.158344 16.202412 -38.609058 -13.983586 16.320366 -17.214392 12.520072 -13.071465 -16.351828 10.461441 -4.868602 -0.534512 -3.690520 
-46.345909 104.144638 17.740309 28.270804 60.767264 23.439845 3.539044 12.992446 -0.177021 -16.312834 3.643658 -21.484751 2.477631 20.538052 5.006748 -4.094232 10.907360 0.225942 2.635939 14.360522 2.524291 -2.436155 -5.274667 6.266013 3.600419 16.483120 2.791157 -5.224843 -0.927638 -8.498312 0.577065 9.907117 3.305003 -4.935139 0.654615 9.096370 3.179867 11.775787 7.045219 -1.007529 22.304377 2.456166 9.545495 -4.434467 13.852101 11.705525 24.891535 -2.545514 -25.904335 -12.459735 17.291224 -34.719429 -13.010020 -22.122230 -23.019470 -13.439081 13.435725 4.871565 6.047650 0.200079 -1.955306 13.921235 0.950749 8.248661 -8.063160 -19.716531 -7.749214 5.067800 -14.650316 11.258182 -36.850158 -6.734013 -30.778372 3.008245 12.368319 -25.161992 -9.981806 -39.588968 1.732511 -9.862891 28.025331 -2.166151 4.108069 1.056675 6.033132 -1.488512 7.798762 33.039428 -13.273724 38.810262 -32.156155 -13.002892 31.557520 3.768581 -0.347192 7.090912 -27.211155 -30.460558 17.591049 0.368984 -4.518961 -4.714879 -14.202111 2.185033 18.549726 1.937194 5.867187 1.326375 -5.878864 1.504499 -7.990950 -17.539174 -4.509681 -11.213044 -7.592307 -46.336506 2.202822 -0.147690 4.181775 -10.744711 16.191912 -38.611637 -13.973692 16.873241 -16.426221 12.384016 -13.073317 -16.352762 10.467235 -5.314194 -0.715925 -3.844980 
-49.218575 104.274559 16.816135 33.289884 66.402546 28.105904 3.545659 12.986758 -0.175582 -16.658835 4.222493 -22.304304 2.477860 20.547102 5.000991 -4.355566 11.910553 0.349185 2.650633 14.347820 2.530471 -2.501941 -4.808901 6.472580 3.607809 16.474924 2.792912 -6.095307 -0.738304 -10.091943 0.582438 9.923963 3.301319 -6.003653 1.517282 9.623350 3.180927 11.775361 7.041343 -0.326905 22.229124 1.197309 9.539469 -4.415746 13.865020 9.434524 24.498932 -4.888048 -25.914656 -12.486065 17.280867 -32.768430 -11.448630 -21.044038 -23.036373 -13.445811 13.426742 5.275979 6.080114 1.014530 -1.954483 13.930279 0.964255 6.583745 -7.381750 -19.045667 -7.736208 5.066296 -14.662461 8.415235 -32.865183 -3.952636 -30.773607 3.013698 12.379016 -27.780831 -11.154673 -41.878472 1.731832 -9.871696 28.042507 -2.037130 4.963659 1.045440 6.037620 -1.479312 7.800533 33.534323 -11.901846 39.348119 -32.166882 -13.002548 31.569891 2.556329 1.257688 6.465124 -27.219578 -30.466446 17.604488 1.297624 -4.447090 -3.975941 -14.216393 2.195473 18.559593 1.325102 6.834825 0.892250 -5.872211 1.518933 -8.007033 -17.619310 -4.948542 -10.394695 -7.586915 -46.363888 2.183554 -1.070401 4.485412 -9.956301 16.177303 -38.615490 -13.966556 18.146650 -15.931404 12.566952 -13.074405 -16.371653 10.479066 -5.709585 -0.362052 -4.053795 
-53.747631 104.275856 15.406343 54.307507 73.747205 48.187825 3.552531 13.000504 -0.187223 -16.775727 4.763120 -23.390360 2.487156 20.563631 4.984265 -4.621359 13.294265 0.154136 2.664478 14.318945 2.531532 -2.921853 -4.518267 6.593064 3.618474 16.451794 2.796336 -7.548126 -0.542350 -13.147885 0.574505 9.945211 3.298250 -7.535136 2.980651 10.811035 3.183738 11.784149 7.041136 -0.186307 21.078065 -1.186933 9.529106 -4.393243 13.876025 6.345321 22.979825 -8.147141 -25.925333 -12.514968 17.284109 -30.032332 -9.076527 -18.252774 -23.054716 -13.456311 13.409330 6.020046 6.248608 2.090339 -1.961049 13.945269 0.998984 4.770469 -5.849967 -17.151268 -7.721219 5.054246 -14.675784 6.020650 -27.682816 -1.567981 -30.775822 3.004250 12.389611 -29.316104 -13.126203 -44.144944 1.723920 -9.879900 28.070387 -2.261176 6.042304 0.715112 6.037285 -1.465389 7.785514 34.324723 -10.063004 39.635591 -32.191036 -13.003879 31.609900 0.065244 3.684202 4.996814 -27.219889 -30.471727 17.622213 2.851014 -3.904900 -2.295299 -14.237093 2.210621 18.579634 0.849253 8.009570 0.259914 -5.861782 1.540836 -8.029906 -18.398966 -4.914351 -9.442558 -7.584953 -46.406055 2.160749 -1.817817 4.876096 -8.357157 16.159805 -38.631546 -13.962322 19.891237 -14.987665 13.054462 -13.070085 -16.390627 10.498339 -6.184319 0.010045 -4.455188 
-60.177418 103.858299 13.668945 96.075838 76.495346 91.072247 3.568207 13.033956 -0.193058 -15.983776 6.370966 -25.043312 2.508472 20.592436 4.983574 -4.907534 14.406833 -0.622072 2.678980 14.281463 2.527126 -3.387717 -4.675288 7.085558 3.626512 16.443274 2.796268 -8.588353 -2.649231 -17.661768 0.574356 9.968163 3.285047 -8.440325 4.471458 11.128122 3.182521 11.795918 7.046588 0.113756 20.087600 -3.134704 9.532498 -4.387823 13.878021 4.623514 21.289906 -8.781561 -25.932138 -12.522099 17.294033 -26.977897 -6.566288 -13.556505 -23.065208 -13.481140 13.399258 6.349288 5.993618 3.352935 -1.959762 13.963679 1.041391 3.679136 -2.317276 -15.209020 -7.712825 5.063563 -14.696316 6.273492 -21.338928 -0.161427 -30.799112 2.980151 12.400630 -30.589511 -15.086085 -45.155760 1.715155 -9.879675 28.082314 -2.697255 7.017295 -0.630789 6.037017 -1.453329 7.786518 34.502113 -8.171769 39.950244 -32.218426 -13.020350 31.662394 -2.532149 5.158015 4.747250 -27.215071 -30.463840 17.639473 4.639967 -2.623811 -0.377923 -14.250672 2.217089 18.607399 1.392024 9.173905 -0.980006 -5.866561 1.561484 -8.041578 -20.523035 -4.169556 -7.256493 -7.586539 -46.467026 2.134223 -2.928179 5.472886 -5.282266 16.146141 -38.685474 -13.951470 21.596778 -13.845964 13.456384 -13.069646 -16.411835 10.502484 -6.660516 0.639753 -4.822748 
-68.464966 102.760559 11.878508 112.799782 74.456070 109.904765 3.593749 13.092157 -0.221335 -13.566998 7.989139 -25.245115 2.531522 20.605885 4.984370 -4.484864 14.171056 -1.261454 2.675610 14.250406 2.522988 -3.599007 -5.183083 7.955778 3.655041 16.433058 2.780361 -7.238915 -4.385489 -21.413203 0.584414 9.979395 3.275806 -7.891832 5.948195 11.211028 3.179353 11.806479 7.065486 -0.847281 17.713061 -4.092361 9.558659 -4.391394 13.864568 4.324131 18.934794 -6.512072 -25.913052 -12.500373 17.309845 -24.602312 -4.086962 -9.529901 -23.052767 -13.511392 13.406379 6.137400 5.082656 4.393715 -1.945679 13.970807 1.078087 4.728684 1.865704 -12.103308 -7.711677 5.066519 -14.725127 8.980964 -17.719435 -0.735909 -30.833151 2.961884 12.414242 -29.176024 -19.234591 -42.671412 1.690987 -9.884250 28.074913 -2.659142 6.114484 -2.035947 6.025918 -1.456955 7.789440 35.582407 -4.721089 37.760417 -32.231407 -13.044954 31.707949 -4.151534 4.581390 5.793387 -27.206774 -30.434038 17.632671 5.688268 0.104115 1.915655 -14.252848 2.217093 18.652271 2.529434 10.168981 -1.906601 -5.890753 1.559264 -8.051202 -22.729555 -2.044758 -4.407115 -7.585815 -46.496197 2.140853 -2.899945 7.424158 -1.506338 16.149134 -38.763088 -13.942087 21.911402 -12.819860 13.827588 -13.069416 -16.417259 10.483718 -7.550593 0.615809 -5.058196 
-78.462143 101.101021 10.099075 95.062409 75.525390 93.977754 3.596284 13.168970 -0.232966 -10.251802 8.794707 -21.874755 2.535974 20.594162 4.961914 -2.573381 12.607301 -1.790902 2.629923 14.253407 2.514653 -3.724086 -6.795968 7.853256 3.673683 16.424692 2.764107 -5.336324 -5.836634 -23.035730 0.590872 9.958674 3.262753 -6.174472 4.515579 10.226987 3.193489 11.811240 7.098630 -3.154419 14.873879 -3.101454 9.609532 -4.402698 13.860666 6.294141 16.441751 -0.178196 -25.909992 -12.459806 17.338867 -20.981101 -2.912967 -7.269464 -23.009275 -13.507376 13.427009 4.449184 5.653720 4.575154 -1.934414 13.966078 1.080582 6.423891 2.606343 -9.957381 -7.727242 5.067087 -14.751713 12.905300 -19.583875 -2.316769 -30.848246 2.971314 12.416110 -25.154511 -26.999548 -37.901451 1.669218 -9.894272 28.052813 -1.423596 3.459737 -3.149074 6.029936 -1.480820 7.786182 36.588155 0.923985 32.661777 -32.218197 -13.047263 31.710995 -3.963668 2.046080 8.637241 -27.193769 -30.393278 17.614943 4.167039 4.671677 5.247761 -14.250314 2.200338 18.702221 2.973244 10.832809 -2.423655 -5.913242 1.531532 -8.056685 -24.069725 -0.268981 -3.995156 -7.603361 -46.493465 2.176841 -0.482278 9.089901 1.778698 16.183966 -38.826809 -13.943684 19.694936 -13.129382 13.185716 -13.062471 -16.396936 10.463733 -7.634812 0.064652 -3.984437 
-89.886803 99.295601 8.324550 59.309005 72.068195 58.478420 3.580797 13.219497 -0.243600 -9.363758 6.605362 -15.453805 2.521907 20.555426 4.952965 -0.440090 9.708731 -1.735979 2.599609 14.289975 2.508600 -2.782174 -9.239906 5.787456 3.655931 16.436708 2.752881 -4.089931 -5.962850 -20.475357 0.570572 9.910349 3.268646 -4.399686 2.552953 9.547026 3.205935 11.796733 7.134176 -5.683493 11.999947 0.454324 9.645768 -4.449200 13.876980 8.742057 12.903994 5.667802 -25.900406 -12.391500 17.405144 -17.044334 -2.229668 -6.221332 -22.973156 -13.493218 13.451329 2.564758 5.971813 3.581191 -1.937882 13.934365 1.060373 5.669944 0.489217 -10.224817 -7.756901 5.066457 -14.759869 13.746347 -29.576451 -6.201607 -30.841524 2.994470 12.386866 -21.426211 -35.102094 -32.692315 1.670922 -9.883651 28.010988 -0.593439 -0.330361 -2.984818 6.037199 -1.505850 7.764861 35.964132 7.692047 24.158396 -32.213768 -13.020144 31.688843 -3.190162 -3.431858 12.751315 -27.158779 -30.369305 17.569395 1.378478 10.001957 8.889951 -14.242769 2.188313 18.694454 3.185360 11.643216 -4.659082 -5.927653 1.507843 -8.054163 -25.003190 0.738495 -7.131806 -7.603834 -46.428429 2.241256 2.646606 9.415663 1.297595 16.221689 -38.851330 -13.994834 15.192388 -16.176524 11.953167 -13.049530 -16.379101 10.440559 -5.835163 0.295311 -1.412074 
-101.140976 97.870659 6.711719 42.720712 62.946108 43.580124 3.528612 13.198193 -0.240255 -8.589858 5.403355 -8.025856 2.494942 20.524750 4.924834 1.015208 5.957099 -1.872173 2.608875 14.354389 2.508957 -5.926528 -13.223977 5.769603 3.589180 16.435316 2.762218 -4.282406 -4.523831 -15.794278 0.544086 9.864042 3.269195 -2.033627 0.752510 8.403653 3.204698 11.782280 7.119194 -8.443588 11.886990 3.369253 9.650696 -4.492619 13.860277 8.680260 9.431754 8.197252 -25.879007 -12.362444 17.428734 -13.825190 -1.001865 -8.162888 -22.904600 -13.459738 13.479566 -0.497089 5.856619 1.223122 -1.933396 13.919022 1.032883 2.196958 -4.394384 -10.469955 -7.769879 5.068641 -14.751735 9.434712 -41.028205 -9.738639 -30.833748 3.011567 12.347858 -20.670034 -43.959265 -27.814222 1.693743 -9.852481 27.951719 0.470410 -2.096553 -0.565049 6.048703 -1.550789 7.762882 35.231424 15.283303 14.104207 -32.212753 -13.001423 31.638624 -1.573054 -12.064755 18.028272 -27.146168 -30.312878 17.547733 -1.237615 14.958869 11.103539 -14.227739 2.200602 18.640285 2.703853 10.699815 -5.466388 -5.897956 1.500089 -8.032083 -23.653703 0.075976 -12.795133 -7.597787 -46.317783 2.262909 4.145923 7.094803 -3.676082 16.244497 -38.777874 -14.048766 7.436613 -21.187967 12.675235 -13.064979 -16.359638 10.433810 -3.829917 1.062663 0.867052 
-109.705559 97.668983 5.727520 35.678026 55.329160 38.634521 3.496442 13.149022 -0.239221 -7.422299 4.952232 -3.822398 2.468923 20.516619 4.916533 0.392667 2.739085 -3.754075 2.593859 14.380499 2.549039 -9.366696 -17.043554 7.438578 3.542903 16.436716 2.792618 -3.203071 -1.767758 -11.690344 0.521797 9.838702 3.293147 -1.271874 -0.736908 6.513552 3.165639 11.756869 7.082429 -10.118980 10.961201 6.092930 9.632920 -4.503898 13.802233 8.182685 7.379662 7.937636 -25.829411 -12.334990 17.410156 -11.684658 -1.429732 -9.905134 -22.874958 -13.442763 13.480160 -1.139681 3.634705 -1.200820 -1.949793 13.897156 0.997245 -1.599465 -10.190568 -10.786388 -7.793224 5.085846 -14.718268 -1.156927 -47.961561 -8.659626 -30.795137 2.995699 12.325052 -22.222592 -54.400203 -25.521302 1.713246 -9.822301 27.919497 0.470462 -2.408703 2.159715 6.039700 -1.589697 7.766991 34.339548 21.473816 7.719370 -32.169315 -12.994238 31.570364 0.669213 -20.203348 23.177021 -27.118059 -30.264126 17.532661 -2.439561 18.833273 8.819577 -14.214060 2.195377 18.588478 2.162486 9.439578 -3.977129 -5.904405 1.501201 -7.984578 -22.226318 -0.197269 -15.540381 -7.600068 -46.202408 2.245146 4.811928 6.321722 -6.688015 16.254042 -38.695396 -14.063662 2.078306 -22.677184 13.357678 -13.091865 -16.329977 10.419656 -2.983963 0.345575 1.178164 
-114.949707 98.533661 5.365836 32.325605 51.062201 37.218770 3.479420 13.126431 -0.228504 -6.920490 3.971556 -3.496118 2.471544 20.517849 4.918561 -0.525110 1.043724 -5.632941 2.592532 14.366197 2.575219 -11.854197 -20.378795 9.084455 3.518853 16.418251 2.815334 -1.614362 -0.077575 -10.018639 0.521460 9.814138 3.309351 -1.154661 -2.423781 5.507680 3.126004 11.736785 7.078249 -11.662457 9.386815 7.447383 9.615843 -4.516807 13.756781 7.637299 4.757867 8.050964 -25.781334 -12.305726 17.394825 -9.415175 -2.567716 -7.851145 -22.858932 -13.441923 13.470390 -0.596853 1.615512 -2.782336 -1.957144 13.889853 0.980796 -4.810882 -14.964955 -8.389479 -7.781853 5.089222 -14.693592 -14.707206 -49.678459 -3.347631 -30.771847 2.989896 12.329956 -24.081502 -61.469312 -24.809607 1.703558 -9.798950 27.926203 0.826111 -1.553146 4.360684 6.032991 -1.580993 7.775023 35.123660 25.720242 6.280050 -32.138340 -12.999742 31.518633 1.372305 -26.224633 28.388722 -27.074409 -30.232468 17.502792 -2.425291 21.340865 6.608207 -14.198631 2.179631 18.573261 1.769277 9.137112 -2.761159 -5.923079 1.507082 -7.932167 -21.175653 0.092879 -16.779318 -7.595666 -46.115860 2.216169 4.630853 6.794362 -8.473021 16.253466 -38.650032 -14.069732 -0.736154 -21.748591 14.281127 -13.106261 -16.318361 10.409236 -2.593898 -0.116189 1.202731 
-117.910912 99.676834 5.230682 31.390706 48.637627 37.838101 3.491981 13.118283 -0.220822 -7.642451 2.737257 -2.580008 2.483737 20.519186 4.916697 -0.878166 1.141752 -7.021166 2.609604 14.383483 2.576615 -13.114498 -22.236772 10.933303 3.498449 16.415230 2.813399 -0.547714 0.394859 -8.213682 0.534145 9.809671 3.326272 -0.199843 -4.315171 3.931073 3.102173 11.747262 7.087162 -12.918379 8.712802 8.526910 9.628827 -4.536502 13.742707 8.560998 2.391193 8.839807 -25.754719 -12.287812 17.406097 -6.594281 -2.870529 -6.290981 -22.859537 -13.447578 13.468013 -0.516318 1.366279 -3.645171 -1.977908 13.898665 0.969357 -7.325865 -18.327588 -5.697612 -7.775334 5.085063 -14.703772 -24.026997 -49.381417 0.267814 -30.766758 2.981587 12.347266 -26.088626 -64.988178 -24.715340 1.706750 -9.796203 27.934523 0.802120 -1.451280 5.508447 6.023303 -1.568316 7.786213 35.125740 27.519486 5.994433 -32.132713 -13.010044 31.502800 -0.067574 -31.813812 35.891462 -27.059391 -30.212292 17.501955 -2.472703 23.453164 5.663806 -14.191420 2.171138 18.559849 1.739741 8.548294 -1.664753 -5.928210 1.504216 -7.904160 -20.702449 -0.402868 -16.725436 -7.595076 -46.077995 2.195363 4.013076 5.697173 -9.865050 16.266737 -38.656841 -14.069697 -1.733011 -20.648553 14.489345 -13.124373 -16.331635 10.414187 -2.341281 0.074166 0.421936 
-119.377640 100.489548 5.174783 30.854563 47.598396 38.131826 3.498425 13.113972 -0.214764 -7.774865 1.931476 -1.811819 2.497349 20.514830 4.917113 -1.331402 1.180163 -7.584499 2.613549 14.390798 2.576221 -14.276385 -22.809306 12.414739 3.492942 16.410906 2.812781 -0.215301 0.600197 -7.202476 0.546777 9.802723 3.329765 0.183688 -4.989501 2.662251 3.090407 11.754791 7.084205 -13.550276 8.730028 9.136902 9.644137 -4.540311 13.735956 9.347252 0.943842 9.608512 -25.736853 -12.286040 17.409101 -5.058682 -2.578546 -5.903575 -22.860334 -13.445008 13.464261 -0.507643 1.278830 -4.134278 -1.990213 13.900826 0.961589 -9.563023 -20.726670 -3.173078 -7.770221 5.084815 -14.708326 -29.815224 -49.120801 1.949788 -30.762249 2.983208 12.358633 -26.849547 -66.199259 -25.296705 1.703285 -9.800431 27.938374 0.717060 -1.748454 6.305518 6.016794 -1.565411 7.785458 34.998962 28.124065 5.290694 -32.130314 -13.015972 31.494411 -2.436848 -36.159985 41.886641 -27.052750 -30.206320 17.502077 -2.353701 24.506468 5.238425 -14.182215 2.177660 18.554590 2.015855 7.705793 -1.156678 -5.918509 1.497499 -7.884847 -20.446253 -0.634994 -16.156690 -7.595611 -46.053356 2.191314 3.163678 5.101510 -11.289802 16.279764 -38.656921 -14.067856 -1.805727 -20.008505 14.284029 -13.134404 -16.341068 10.421646 -2.025945 0.316145 0.252929 
-120.002518 100.902496 5.146386 30.452996 47.010440 37.949470 3.509821 13.116901 -0.208956 -8.086428 1.663213 -1.992411 2.498926 20.511063 4.912310 -1.957820 0.970902 -7.839685 2.618867 14.398141 2.582663 -14.198347 -23.280795 12.929557 3.488730 16.406292 2.812534 0.095256 0.597626 -6.450987 0.556525 9.797779 3.325656 0.282960 -5.225087 1.879572 3.084060 11.750751 7.094280 -13.814586 8.788748 9.423906 9.651567 -4.545576 13.746151 9.262942 0.341437 9.926680 -25.728741 -12.274433 17.413750 -4.333975 -2.649132 -4.804593 -22.864046 -13.439580 13.465217 -0.905504 1.006455 -4.100501 -1.992895 13.901495 0.957176 -10.792313 -21.930447 -1.893506 -7.773519 5.083687 -14.712727 -32.409555 -48.666105 3.256217 -30.756718 2.980551 12.365112 -27.210208 -66.398550 -25.666620 1.695387 -9.800257 27.937408 0.339693 -1.935913 6.690691 6.020858 -1.565595 7.790258 34.799571 28.604021 5.557585 -32.130711 -13.019595 31.476974 -4.271797 -37.863242 45.625281 -27.049463 -30.198671 17.506611 -2.602618 24.974162 5.051178 -14.178740 2.173984 18.552473 1.891921 7.676164 -0.744435 -5.920138 1.497122 -7.877616 -20.341478 -0.644316 -15.751719 -7.589955 -46.034149 2.185906 2.944689 4.936030 -12.222960 16.283014 -38.659256 -14.072723 -1.943032 -19.723836 14.281998 -13.138589 -16.346169 10.429932 -1.502405 0.759460 0.006309 
-120.099174 100.971176 5.150976 30.183122 47.159512 37.759116 3.511463 13.117859 -0.210958 -8.210998 1.476653 -1.965550 2.503400 20.515074 4.908792 -1.785327 1.140420 -8.062928 2.618218 14.401302 2.576195 -14.141727 -23.469208 12.634603 3.493744 16.408503 2.810580 0.334499 0.726125 -6.326379 0.550695 9.802073 3.329707 0.191045 -5.537304 2.023535 3.080196 11.755544 7.091480 -14.125845 8.761405 9.744848 9.650623 -4.550112 13.739857 9.176607 0.652424 10.042759 -25.730999 -12.272089 17.418064 -4.271107 -2.617424 -4.597532 -22.855341 -13.442529 13.466783 -0.952433 1.146401 -3.817111 -1.993794 13.900891 0.956978 -10.434715 -21.903220 -2.072746 -7.773469 5.083832 -14.713046 -33.000073 -48.755775 3.516568 -30.758961 2.983519 12.363187 -27.357725 -66.919079 -25.183042 1.694100 -9.804683 27.933516 0.383670 -1.863917 6.751404 6.017939 -1.562905 7.790542 35.101821 28.524723 5.985772 -32.131851 -13.024648 31.476824 -4.530606 -38.303930 46.283544 -27.050512 -30.201405 17.504656 -2.988700 25.553338 4.746741 -14.181873 2.173431 18.549946 2.120515 7.436381 -0.470440 -5.916745 1.496653 -7.876082 -20.216578 -1.015654 -15.827884 -7.591871 -46.029594 2.184575 3.029785 4.607520 -12.095252 16.284513 -38.657207 -14.072365 -1.840165 -19.617879 14.141466 -13.139646 -16.344473 10.431009 -1.482252 0.764209 -0.366276 
-119.713692 100.680428 5.158427 30.663666 47.294193 37.974998 3.501531 13.115073 -0.214624 -7.958121 1.708796 -1.465976 2.497576 20.509556 4.908051 -1.257061 0.896629 -7.743708 2.616778 14.394212 2.578214 -13.876854 -23.244134 12.128147 3.490137 16.407310 2.818309 0.100967 0.827660 -6.886423 0.549470 9.801830 3.328315 0.257743 -5.373958 2.313700 3.086827 11.755833 7.088334 -13.798376 8.632341 9.384580 9.645162 -4.545432 13.740579 9.182154 0.923783 9.846568 -25.734880 -12.278157 17.411047 -4.678015 -2.299918 -5.210848 -22.857611 -13.445444 13.461204 -0.871365 0.906460 -3.999045 -1.994003 13.901044 0.962775 -10.239562 -21.231776 -2.458687 -7.773123 5.083111 -14.707997 -31.322520 -48.987756 2.892081 -30.764086 2.981494 12.365163 -26.944683 -66.650550 -25.148938 1.697480 -9.801332 27.936398 0.482344 -1.885177 6.180257 6.015100 -1.562183 7.784328 35.057408 28.580341 5.532490 -32.130180 -13.020944 31.490295 -3.314027 -37.233383 43.736942 -27.048552 -30.202265 17.501909 -2.595778 24.717107 5.176510 -14.176258 2.175534 18.553850 2.084604 7.616317 -0.716182 -5.917523 1.496886 -7.883336 -20.287047 -0.706764 -15.882107 -7.590926 -46.041672 2.185939 3.313629 4.877678 -11.809040 16.280991 -38.662258 -14.073014 -1.921830 -20.082305 14.177271 -13.140365 -16.340229 10.428020 -1.655949 0.614645 0.079104 
-118.689781 100.004181 5.186615 30.982244 47.987796 37.898148 3.495600 13.115787 -0.214658 -7.595081 2.144100 -2.310186 2.489259 20.515268 4.917194 -0.998437 0.798620 -7.226806 2.602946 14.384035 2.579724 -13.331069 -22.422985 11.400329 3.491215 16.410925 2.813540 -0.219119 0.656765 -7.770464 0.538188 9.802838 3.327477 -0.107958 -4.836178 3.254898 3.095523 11.748635 7.095884 -13.233925 8.697375 8.734419 9.633435 -4.538905 13.739875 8.584347 1.610779 9.339077 -25.746971 -12.287843 17.406845 -5.936788 -2.727772 -5.826511 -22.861929 -13.446068 13.464118 -0.588720 1.476493 -4.099433 -1.987266 13.893513 0.962671 -8.546349 -19.728300 -4.503958 -7.772513 5.088605 -14.711835 -26.713541 -49.075715 1.037857 -30.761967 2.980219 12.350271 -26.962102 -65.871478 -24.084801 1.698543 -9.796943 27.938925 0.597563 -1.582982 6.012843 6.025971 -1.572523 7.785726 35.087997 27.875310 6.139406 -32.132725 -13.015304 31.499371 -0.820679 -33.831385 38.560707 -27.054724 -30.211020 17.502251 -2.451496 24.134668 5.290965 -14.191534 2.169213 18.558870 1.745069 8.256660 -1.224765 -5.924950 1.500993 -7.899508 -20.736847 -0.263702 -16.629841 -7.591257 -46.062084 2.192978 3.758127 5.621939 -10.510766 16.272316 -38.660275 -14.069012 -2.140755 -20.341859 14.562580 -13.133029 -16.327353 10.416498 -2.147488 0.203810 0.190188 
-116.658394 98.966568 5.248894 31.239349 49.593047 37.072044 3.484749 13.123055 -0.222147 -7.386353 3.235822 -2.969108 2.475068 20.514048 4.924812 -0.897406 0.701499 -6.569112 2.603309 14.369385 2.575319 -12.534463 -21.472440 9.939138 3.507865 16.417534 2.825472 -0.747836 0.351003 -8.844111 0.520184 9.808640 3.318992 -0.718839 -3.256341 4.681265 3.116971 11.742846 7.085746 -12.216373 8.764351 8.054721 9.623108 -4.532948 13.744612 8.118054 3.603042 8.578225 -25.768316 -12.291447 17.402269 -7.812525 -2.828255 -7.077489 -22.858049 -13.447968 13.471159 -0.629793 0.988745 -3.596451 -1.963330 13.894519 0.974941 -6.155989 -16.566887 -6.897148 -7.777328 5.086493 -14.697467 -19.653179 -50.034397 -1.550020 -30.773279 2.987361 12.339705 -25.051421 -63.629004 -24.525118 1.704153 -9.789368 27.935722 0.653018 -1.617107 4.969206 6.030304 -1.569320 7.780990 35.132949 26.770653 5.855217 -32.137283 -13.008926 31.507088 1.261775 -29.103019 31.714901 -27.059444 -30.222601 17.498280 -2.455225 22.437071 6.047201 -14.193109 2.171235 18.564278 1.817979 9.159997 -2.088894 -5.927444 1.505728 -7.916723 -21.095524 -0.366214 -16.578336 -7.600190 -46.086155 2.200175 4.782027 6.509610 -9.186848 16.259748 -38.657909 -14.073749 -1.708878 -21.721048 14.596169 -13.113495 -16.320978 10.411457 -2.133505 -0.455141 0.885428 
-113.068832 97.778458 5.391718 32.511537 52.473174 36.682368 3.475043 13.135936 -0.234217 -6.794951 4.383369 -3.462161 2.464018 20.514818 4.914296 -0.273958 1.038541 -5.044385 2.593062 14.366904 2.571963 -10.875932 -18.954680 8.412720 3.522890 16.426640 2.810310 -2.099053 -0.342535 -10.469702 0.515073 9.817485 3.296755 -1.504573 -1.646813 5.845275 3.139819 11.742151 7.078871 -10.965438 9.561211 6.872674 9.618149 -4.512448 13.778187 7.511934 5.697198 7.781845 -25.799198 -12.316122 17.397190 -10.621943 -1.964458 -9.044199 -22.867596 -13.441574 13.469601 -0.847176 1.936416 -2.551359 -1.959017 13.888784 0.980821 -3.448095 -13.075759 -9.709991 -7.785075 5.089505 -14.696636 -8.971709 -50.091279 -5.907355 -30.772821 2.991858 12.324041 -23.025652 -59.399341 -24.527383 1.703849 -9.807751 27.929653 0.531272 -1.922905 3.561839 6.032996 -1.590343 7.771838 34.610505 24.492450 5.823307 -32.152668 -13.000505 31.533794 1.930068 -23.758058 25.538260 -27.089357 -30.246166 17.507521 -2.304970 19.966077 7.454447 -14.205434 2.183569 18.575932 1.626580 8.969538 -2.814476 -5.922695 1.507077 -7.946913 -21.829841 0.254895 -16.496666 -7.598279 -46.137566 2.223613 5.949558 7.030499 -7.602568 16.248457 -38.658619 -14.064574 -0.554329 -22.567534 13.900024 -13.104603 -16.322744 10.411078 -2.446206 -0.124632 1.528187 
-107.194946 97.093468 5.807833 37.716257 57.318319 40.146810 3.500825 13.161218 -0.245596 -7.252503 4.827720 -4.474433 2.478971 20.519053 4.921980 0.482983 3.831269 -3.398109 2.605268 14.371631 2.540001 -8.436749 -15.357549 7.451314 3.552474 16.437040 2.785349 -3.880920 -2.602292 -12.093105 0.515441 9.841779 3.283159 -1.753014 -0.205187 7.107912 3.183367 11.762648 7.085165 -9.555106 11.129202 5.396736 9.638462 -4.503056 13.827854 8.005504 7.924018 8.087775 -25.841660 -12.347526 17.426733 -12.823124 -0.932167 -10.479045 -22.878298 -13.439065 13.483584 -0.974659 4.340876 -0.997312 -1.941607 13.906820 1.006384 -0.444424 -7.906046 -10.842356 -7.786664 5.080841 -14.732393 4.014263 -46.377271 -10.875280 -30.803329 3.006918 12.328281 -21.452297 -51.619681 -25.289376 1.701365 -9.832770 27.920994 0.654928 -2.419585 1.487932 6.036142 -1.584187 7.757538 34.074502 19.921575 8.406081 -32.187576 -13.001314 31.580000 1.232522 -17.687644 21.045771 -27.135141 -30.278851 17.527613 -2.100071 17.743185 9.566351 -14.219826 2.199874 18.598692 1.890695 9.908519 -4.175669 -5.892377 1.499488 -7.997355 -23.183925 -0.454025 -15.027181 -7.600047 -46.220474 2.250482 5.958902 6.561377 -5.581677 16.251425 -38.713497 -14.066118 2.538465 -22.792719 13.504913 -13.090491 -16.339758 10.425036 -2.839290 0.059377 1.477449 
-98.163399 97.599991 6.904512 44.023769 64.954730 44.624249 3.531030 13.206250 -0.240045 -8.567310 5.580659 -9.454148 2.496541 20.530134 4.932225 0.384664 6.432117 -1.916783 2.607016 14.335490 2.518259 -4.556255 -11.973127 5.422252 3.600327 16.440884 2.764675 -3.985397 -5.269712 -17.085305 0.551817 9.869255 3.270622 -3.002145 1.492071 8.326118 3.208158 11.778219 7.121431 -7.937304 12.095652 2.433172 9.648599 -4.491987 13.876743 8.922990 10.390090 8.144124 -25.877380 -12.362491 17.426754 -14.919211 -0.871800 -8.677542 -22.930511 -13.473468 13.467215 0.042938 5.562278 1.657504 -1.941280 13.920326 1.034434 3.356024 -2.480844 -10.537846 -7.761846 5.067981 -14.750370 12.927259 -38.189756 -9.566110 -30.829704 3.008548 12.353956 -20.375301 -42.452231 -27.519585 1.687916 -9.855083 27.973906 0.572034 -1.550249 -0.889730 6.051319 -1.544191 7.767766 35.316289 14.146915 15.706742 -32.212875 -13.003427 31.644066 -0.944296 -9.534706 15.875205 -27.146517 -30.324171 17.545809 -0.681930 13.487158 10.233756 -14.227842 2.209128 18.656034 2.516056 10.876518 -5.310160 -5.919345 1.502223 -8.035769 -24.663265 0.251881 -11.509654 -7.589669 -46.334148 2.253848 5.216857 8.606000 -1.735310 16.234575 -38.801071 -14.038621 8.392960 -19.943673 12.175724 -13.065555 -16.363010 10.428141 -4.334836 0.688212 0.525974 
-86.945724 99.203323 8.496191 65.148933 73.281639 64.291908 3.576123 13.212992 -0.238563 -8.898208 7.002463 -17.257948 2.521796 20.562283 4.957928 -0.931915 10.370222 -2.006728 2.600877 14.277040 2.504540 -2.814155 -8.252961 6.278754 3.654254 16.437328 2.758128 -4.009697 -6.143277 -21.359738 0.576385 9.922976 3.268240 -4.503085 2.916435 9.496646 3.210150 11.794548 7.131459 -5.226022 12.364658 -0.457420 9.635910 -4.439445 13.873096 8.107589 14.079111 4.373840 -25.896437 -12.400578 17.391361 -18.090086 -2.745643 -6.917019 -22.976187 -13.496774 13.450665 2.802196 5.768773 3.436145 -1.933430 13.945623 1.067376 6.641391 1.903010 -9.923058 -7.755241 5.067617 -14.756835 15.374030 -25.795748 -5.357359 -30.839306 2.979367 12.395648 -21.767647 -33.347118 -33.124584 1.669679 -9.885623 28.020119 -0.232995 -0.104166 -2.780137 6.036563 -1.505935 7.763425 35.764421 6.853622 25.801077 -32.213326 -13.025766 31.691296 -2.826506 -1.622303 11.915502 -27.163158 -30.368223 17.585396 2.308497 8.959284 7.441114 -14.243862 2.192768 18.697489 3.148234 10.983258 -4.200213 -5.929953 1.517624 -8.056231 -25.261822 1.035611 -6.203765 -7.605996 -46.431114 2.220787 2.848662 9.492535 2.604284 16.217815 -38.853756 -13.987453 15.674357 -14.949421 12.164003 -13.050652 -16.380745 10.438379 -6.150967 -0.459826 -2.042430 
-75.899391 101.074738 10.228575 99.976375 75.344329 98.308251 3.580255 13.155009 -0.239318 -10.468770 8.636372 -23.312317 2.530033 20.596603 4.966933 -3.370007 13.113395 -1.938920 2.650113 14.251219 2.514021 -3.592622 -6.048074 8.489117 3.662606 16.428511 2.773120 -5.640492 -5.365925 -23.490788 0.592924 9.964073 3.262218 -6.283280 5.454606 9.588424 3.189809 11.813331 7.095637 -2.302014 15.562175 -3.757705 9.602348 -4.403577 13.863035 6.308056 16.858464 -1.769322 -25.896130 -12.461363 17.334888 -21.907579 -3.054599 -7.890237 -23.020061 -13.506346 13.422492 4.830045 5.366056 4.706989 -1.939486 13.973494 1.082127 6.957305 3.521638 -10.062600 -7.719636 5.066503 -14.745682 13.203312 -17.555323 -1.694715 -30.837372 2.963449 12.408180 -25.990309 -24.440824 -38.180928 1.677049 -9.888271 28.055601 -1.186934 3.960500 -2.973537 6.030216 -1.478016 7.790509 36.255208 0.298457 33.439035 -32.221748 -13.051401 31.709980 -3.512151 3.158695 8.107084 -27.195646 -30.385328 17.615707 4.745732 3.345955 3.891812 -14.248110 2.211828 18.689768 3.042965 10.224475 -2.410577 -5.913475 1.548714 -8.045709 -24.163630 -0.276860 -3.583895 -7.598328 -46.486248 2.160182 -0.276106 8.631197 1.721301 16.177181 -38.819252 -13.936623 19.579502 -12.613949 13.612464 -13.061908 -16.398424 10.459570 -7.610168 -0.081150 -4.462505 
-66.253250 102.738388 12.008082 110.807156 74.436699 107.321834 3.576037 13.075891 -0.214480 -13.603348 7.760716 -25.353428 2.521237 20.601320 4.989789 -4.468101 14.205868 -1.203720 2.678427 14.253519 2.519312 -3.798418 -5.029783 7.913782 3.641538 16.433640 2.790080 -7.508675 -3.984771 -21.138001 0.579009 9.979323 3.277654 -7.828348 5.503680 10.917236 3.180854 11.807406 7.062340 -0.689679 18.464324 -4.095453 9.553292 -4.387346 13.866330 4.459495 19.113205 -7.287507 -25.907852 -12.503070 17.305258 -25.100761 -4.528149 -10.281002 -23.052586 -13.499294 13.404297 6.131844 5.248077 3.811201 -1.949227 13.976852 1.074035 4.350986 1.281418 -12.731939 -7.706795 5.067327 -14.719024 8.907809 -17.371823 -0.459771 -30.822477 2.960466 12.405401 -29.246832 -17.269679 -42.725132 1.699272 -9.879185 28.077911 -2.409838 6.025088 -1.790674 6.028165 -1.458891 7.791681 35.027788 -4.937262 38.142519 -32.231857 -13.036581 31.699450 -3.466513 5.470839 5.484668 -27.204700 -30.430130 17.630548 5.358223 -0.526110 1.179061 -14.255276 2.218097 18.637230 2.437799 9.711951 -1.837557 -5.881164 1.566020 -8.040624 -22.243396 -2.303048 -4.521871 -7.585968 -46.484612 2.133176 -2.444730 7.007459 -2.066127 16.154530 -38.747021 -13.945310 21.332462 -12.895369 13.959199 -13.063883 -16.413019 10.488208 -7.296923 0.753976 -5.066770 
-58.255177 103.800125 13.823718 88.150845 76.240798 82.343948 3.560357 13.027661 -0.187597 -15.913369 5.936659 -24.914925 2.499834 20.582067 4.985273 -4.733040 14.240002 -0.345051 2.677393 14.285891 2.525070 -3.352180 -4.327871 7.547508 3.620368 16.445070 2.805185 -8.645665 -2.134504 -16.603172 0.576549 9.960323 3.286358 -8.457130 4.209875 11.074651 3.184513 11.790056 7.052804 0.233128 20.248581 -2.618054 9.531670 -4.383619 13.877988 4.581430 21.852637 -9.166490 -25.927732 -12.518322 17.287857 -28.014180 -6.967283 -14.494049 -23.059126 -13.470922 13.400939 6.262346 5.897426 2.982792 -1.955267 13.962188 1.030764 3.801520 -3.433857 -15.312599 -7.709821 5.054276 -14.686352 6.295462 -22.322885 -0.307905 -30.794233 2.986948 12.394383 -30.101019 -14.092276 -44.591703 1.713704 -9.874234 28.078003 -2.614589 6.547320 -0.470602 6.039026 -1.452550 7.780476 34.316284 -8.748644 39.799936 -32.216942 -13.018120 31.641367 -1.684014 5.404458 4.622762 -27.211983 -30.463413 17.635155 3.988033 -2.675259 -0.865412 -14.251208 2.213577 18.599205 1.096044 8.904147 -0.808554 -5.857492 1.562365 -8.033172 -19.994236 -4.835807 -7.414028 -7.591399 -46.448807 2.139680 -2.664054 5.698794 -5.846236 16.151129 -38.673111 -13.958887 20.800373 -13.911708 13.645733 -13.060254 -16.399611 10.500750 -6.601889 0.399961 -4.728898 
-52.175446 104.246468 15.474598 45.726368 71.100398 39.541058 3.544653 12.997727 -0.184294 -16.562806 4.409014 -23.259767 2.482873 20.562536 4.985097 -4.612289 13.254663 0.204944 2.658969 14.323792 2.531366 -3.070520 -4.480905 6.796537 3.614711 16.455925 2.797267 -7.343743 -0.564756 -12.476170 0.578602 9.935903 3.292572 -7.246088 2.380938 10.304227 3.184032 11.785052 7.046403 -0.155222 21.179254 -0.481867 9.531765 -4.394940 13.873389 7.030909 23.344089 -7.425469 -25.923620 -12.503634 17.281353 -30.619581 -9.435028 -18.925488 -23.046171 -13.455014 13.413640 5.701955 6.321979 1.881005 -1.956175 13.943781 0.992603 5.357323 -6.391431 -17.271100 -7.722688 5.054056 -14.666954 6.611681 -28.237595 -1.687328 -30.772661 3.008196 12.381166 -28.873443 -12.188073 -43.523741 1.727987 -9.878385 28.060402 -2.142762 5.503920 0.661373 6.037804 -1.465035 7.787748 34.177174 -10.375001 39.514861 -32.185524 -13.003311 31.594433 0.745591 3.433647 5.141767 -27.217836 -30.470263 17.615824 2.305051 -3.806844 -2.505067 -14.230633 2.203389 18.568903 0.670821 7.756172 0.309261 -5.863687 1.542805 -8.017932 -18.173250 -5.242430 -9.686177 -7.592039 -46.392353 2.161490 -1.611320 4.941759 -8.955838 16.165781 -38.626225 -13.970102 19.331891 -14.761050 12.927576 -13.062890 -16.378136 10.495429 -6.252300 0.090567 -4.587551 
-48.029125 104.371452 16.603485 30.885671 63.616826 25.850862 3.541685 12.989114 -0.178959 -16.559386 3.895319 -22.188571 2.479756 20.540798 4.995815 -4.540977 11.812237 0.455998 2.648995 14.344514 2.532546 -2.767609 -4.894639 6.750641 3.606843 16.468948 2.791651 -5.956573 -0.213650 -9.368983 0.579246 9.913676 3.296826 -5.786336 1.228448 9.412523 3.181408 11.780275 7.052718 -0.516193 21.713105 1.618388 9.536344 -4.419271 13.864277 9.400445 24.241275 -5.200924 -25.912035 -12.476667 17.285662 -33.102819 -11.657944 -20.966883 -23.024521 -13.441464 13.427460 5.158462 5.952155 0.830732 -1.953034 13.926617 0.962304 6.414491 -7.977547 -18.539239 -7.735388 5.064126 -14.654672 8.377190 -33.328325 -3.907008 -30.778399 3.017456 12.369809 -26.741688 -10.164965 -41.787770 1.737501 -9.874134 28.037474 -2.452611 4.391070 0.687022 6.031860 -1.476331 7.797748 33.388150 -12.149929 39.104069 -32.159920 -12.998847 31.565908 2.755235 1.127816 6.394757 -27.211248 -30.461235 17.591995 1.075437 -4.320089 -3.662067 -14.214222 2.188335 18.543938 1.170529 6.580821 1.049156 -5.874273 1.524016 -7.997243 -17.716351 -4.767067 -10.383486 -7.595700 -46.347706 2.184099 -0.952320 4.538455 -10.684825 16.180941 -38.605640 -13.971086 17.953043 -15.880174 12.574503 -13.063485 -16.365248 10.476839 -5.540190 -0.140494 -3.976747 
-45.453495 104.479668 17.025103 27.054497 58.090288 21.983319 3.539442 12.989587 -0.177660 -16.322373 3.471269 -21.516438 2.478100 20.527822 5.002586 -4.325497 10.895646 0.548936 2.640738 14.348478 2.531482 -2.580366 -4.918826 6.459004 3.601979 16.474249 2.787526 -5.102371 0.091675 -7.444703 0.579067 9.898733 3.292439 -5.145701 0.611777 9.178582 3.181550 11.773645 7.054029 -1.044503 21.953594 2.570925 9.547679 -4.438827 13.856453 10.908183 24.800040 -3.856980 -25.897873 -12.455122 17.285881 -34.808447 -12.994547 -22.086583 -23.015940 -13.441304 13.433873 4.725681 5.508743 0.372560 -1.948261 13.916502 0.946984 7.178824 -8.785478 -18.759972 -7.739389 5.064854 -14.637266 10.206546 -35.781312 -5.695241 -30.784117 3.016633 12.372642 -25.134787 -8.472769 -39.945531 1.740941 -9.870349 28.027628 -2.537723 3.754543 1.048285 6.026852 -1.483525 7.802728 33.039220 -13.280862 38.873731 -32.150372 -13.001450 31.552708 3.208633 -0.164348 6.406543 -27.203720 -30.461115 17.575239 0.339548 -4.724491 -4.678354 -14.202331 2.181382 18.536802 1.322039 6.223395 1.086503 -5.875686 1.514323 -7.980138 -17.675898 -4.769559 -10.824197 -7.597580 -46.324528 2.197250 -0.886038 4.372179 -11.354871 16.187353 -38.602566 -13.970891 17.067523 -16.191843 12.332773 -13.061786 -16.357492 10.468633 -5.047715 -0.382162 -3.972394 
-43.833279 104.725662 16.609695 25.957219 54.138122 21.157957 3.538117 12.988625 -0.175392 -16.076915 3.469250 -21.586854 2.470338 20.519985 4.999055 -4.654573 10.664004 0.723732 2.638931 14.347220 2.540750 -2.581167 -5.024058 6.475031 3.600966 16.466696 2.790125 -5.068269 0.710529 -6.186227 0.580878 9.883488 3.284338 -4.975126 0.110115 8.828845 3.184255 11.771282 7.067148 -1.624268 21.809257 3.040838 9.553457 -4.442335 13.858535 10.972246 24.878824 -3.586000 -25.884550 -12.442688 17.279716 -35.389666 -13.135915 -22.098348 -23.009472 -13.439055 13.433378 4.493142 5.117869 0.318142 -1.946796 13.917724 0.944764 6.570659 -9.675795 -18.322971 -7.739128 5.065651 -14.621799 9.933307 -35.316661 -4.847284 -30.795179 3.025544 12.373878 -24.475331 -6.712604 -39.048154 1.742386 -9.874482 28.022926 -2.794873 3.094614 0.934512 6.017816 -1.483786 7.802707 32.957104 -13.712529 38.792196 -32.146774 -13.002914 31.550713 2.926672 -0.001469 6.051207 -27.197380 -30.460756 17.559214 0.350108 -4.715096 -4.898014 -14.200555 2.173700 18.523277 1.126940 6.502961 0.923610 -5.873621 1.516654 -7.970704 -17.578101 -4.932626 -10.870614 -7.604791 -46.312172 2.198513 -1.082235 4.412171 -11.806575 16.187368 -38.602791 -13.972047 16.329514 -15.782564 12.463652 -13.048787 -16.352581 10.466352 -4.681243 -0.150316 -3.690427 
-42.485725 105.163841 15.199099 24.870240 48.181363 19.780489 3.554004 12.984485 -0.177424 -16.235771 2.970989 -22.283788 2.468406 20.515938 4.992276 -5.904809 10.561087 0.891806 2.639843 14.327538 2.560811 -2.554806 -4.668739 6.802014 3.604301 16.461882 2.791725 -4.721050 2.213764 -5.250487 0.581932 9.871815 3.261882 -5.470739 0.231865 8.269807 3.186419 11.759970 7.088358 -1.698986 21.142454 3.153346 9.551528 -4.446270 13.861078 9.588376 23.940190 -4.879622 -25.869886 -12.427147 17.267485 -34.987087 -12.504968 -21.413599 -23.010113 -13.439339 13.415899 4.141276 4.436036 0.899046 -1.939045 13.925010 0.944001 5.349425 -10.480473 -16.572774 -7.731606 5.050315 -14.592274 8.482963 -32.086064 -2.549397 -30.795506 3.028887 12.372915 -24.353277 -4.647639 -38.901295 1.751645 -9.879891 28.018572 -3.239954 2.645058 0.569733 6.003640 -1.479020 7.797055 33.171275 -13.495376 38.682110 -32.141972 -13.004704 31.539240 1.835705 0.177530 5.015926 -27.178484 -30.462173 17.532406 0.263175 -4.347643 -4.932364 -14.193252 2.165256 18.503925 0.736858 7.878888 0.648811 -5.868060 1.529515 -7.953918 -17.453864 -5.642128 -10.623516 -7.614927 -46.292961 2.195512 -1.285918 4.901245 -12.366402 16.174986 -38.594154 -13.970851 15.715145 -14.902938 12.436650 -13.024748 -16.351105 10.475476 -4.207370 0.482721 -3.842360 
-40.857895 105.778931 12.690918 24.017144 39.318889 17.810038 3.580851 12.982297 -0.184486 -16.253004 3.257376 -22.550406 2.460737 20.515060 4.976165 -7.066605 9.937013 0.594334 2.642629 14.307386 2.583626 -2.963442 -4.249689 6.677312 3.617326 16.443707 2.791800 -5.394966 4.901360 -4.333350 0.579096 9.848869 3.237060 -6.164985 -0.308655 7.779287 3.187930 11.751282 7.124104 -1.849537 19.032230 3.501512 9.552320 -4.454276 13.869448 7.162848 21.772213 -6.849437 -25.856024 -12.424633 17.271385 -34.642183 -12.066362 -20.965858 -23.008703 -13.453092 13.395354 3.148599 3.965878 1.654609 -1.926100 13.944618 0.947057 2.790934 -10.130006 -13.910041 -7.739124 5.037316 -14.568350 7.983468 -25.439750 -0.295971 -30.806726 3.028975 12.391517 -23.867042 -1.444047 -38.316542 1.756650 -9.897485 28.028187 -4.508626 1.580585 0.639910 5.973892 -1.488512 7.783766 33.042775 -12.190625 38.186669 -32.137024 -13.013792 31.549473 -0.399651 0.933349 2.494444 -27.160604 -30.469240 17.504631 1.287490 -2.365682 -3.999063 -14.193024 2.161889 18.482851 0.873019 9.081520 -0.134391 -5.859674 1.538147 -7.956907 -17.773629 -5.886599 -9.953454 -7.618041 -46.268898 2.192138 -2.037297 5.071664 -13.145907 16.172396 -38.602879 -13.984634 15.540518 -13.453963 12.538165 -13.005219 -16.363928 10.485057 -3.677797 1.092951 -3.093857 
-38.633163 106.339081 9.367630 22.634007 32.401031 16.091337 3.594942 12.989055 -0.187404 -15.026375 3.869654 -22.404327 2.448470 20.519190 4.974648 -7.581120 9.074857 0.122147 2.645724 14.293776 2.589424 -2.409829 -3.245937 6.394505 3.630163 16.449450 2.800923 -5.339979 5.854801 -3.996998 0.585991 9.823269 3.218746 -6.253276 0.638195 6.203007 3.194067 11.726990 7.153123 -0.361655 17.546867 4.424246 9.560677 -4.470696 13.868885 5.936851 21.005624 -7.610730 -25.846590 -12.416973 17.282780 -34.851774 -12.495858 -21.658308 -23.002621 -13.476031 13.381693 1.803929 3.265646 1.783319 -1.914814 13.953240 0.944752 1.038119 -8.171257 -11.103494 -7.757221 5.022468 -14.564384 8.682321 -18.500189 0.793786 -30.830795 3.021095 12.405724 -22.736744 3.816918 -34.779460 1.753742 -9.893786 28.035151 -6.023771 0.633665 0.715854 5.953413 -1.504713 7.772763 32.416990 -10.837680 37.057939 -32.143936 -13.023758 31.568769 -1.934234 1.407123 0.459197 -27.147469 -30.465361 17.485674 2.614939 -0.211533 -3.126916 -14.189717 2.155902 18.477982 1.814738 9.365087 -1.668837 -5.848673 1.534861 -7.969961 -18.112308 -6.447002 -7.581431 -7.616888 -46.252808 2.205580 -3.978924 4.725718 -13.198620 16.195864 -38.628765 -14.004375 15.364702 -12.685490 12.776023 -12.994789 -16.379375 10.495514 -2.425415 1.248518 -2.015434 
-35.982716 106.570267 6.077347 21.457471 32.240798 15.820706 3.595454 13.006521 -0.204483 -12.805379 3.372614 -20.835470 2.456954 20.515984 4.969032 -6.670995 7.928204 -0.216911 2.655238 14.315915 2.582054 -0.987067 -1.644362 6.796600 3.615585 16.460693 2.799367 -3.991302 5.258788 -4.364248 0.577781 9.813091 3.223636 -4.334331 1.192390 5.197048 3.188980 11.702282 7.161251 0.032475 16.901096 5.359391 9.571677 -4.498714 13.844933 6.750362 20.709458 -7.802438 -25.852711 -12.403642 17.320471 -35.149369 -13.286526 -23.448244 -22.982716 -13.494036 13.389012 0.982560 2.390573 1.869479 -1.899429 13.950829 0.950396 2.373160 -4.453142 -9.577135 -7.781367 5.017035 -14.589195 11.539610 -13.804728 0.238339 -30.842873 3.014003 12.404917 -20.218232 8.976353 -29.482156 1.735141 -9.889632 28.023964 -7.088946 0.458269 0.487440 5.946177 -1.518762 7.781889 31.824245 -8.785883 35.718819 -32.149685 -13.029848 31.590012 -2.536077 2.775698 -1.592183 -27.150799 -30.443815 17.467115 2.877010 0.966725 -3.182084 -14.179692 2.145157 18.494761 3.249077 8.578402 -2.024392 -5.838988 1.520570 -7.980076 -17.726684 -6.420793 -4.840038 -7.608006 -46.237606 2.233768 -5.569324 4.295760 -12.598642 16.234156 -38.669498 -14.002771 15.050544 -13.263059 12.767292 -13.014427 -16.384790 10.494378 -1.856824 1.987326 -1.870534 
-33.410130 106.439224 3.618384 19.033196 32.985948 15.621915 3.584441 13.020353 -0.208551 -10.817361 2.502993 -18.923369 2.472733 20.514605 4.961200 -5.728961 6.858597 -0.315046 2.660540 14.356136 2.575843 0.653160 -0.343453 7.192888 3.603348 16.477535 2.796415 -2.262906 3.445205 -4.452764 0.569605 9.818017 3.236204 -2.281659 1.554561 4.789948 3.178911 11.691831 7.157101 -0.828283 17.327971 5.498655 9.582605 -4.534790 13.835023 8.219709 20.868070 -7.530032 -25.868643 -12.384354 17.358541 -34.914353 -13.708462 -25.055137 -22.975918 -13.496128 13.402854 -0.021858 2.336292 2.513248 -1.894848 13.944445 0.945898 4.772290 -1.691636 -8.988447 -7.801973 5.023898 -14.621583 14.087433 -11.595808 -0.399180 -30.856298 3.008528 12.401608 -16.968835 11.865649 -24.537099 1.717782 -9.894546 28.020395 -7.516221 0.259740 0.498055 5.948492 -1.525178 7.801922 30.968218 -7.046013 34.347345 -32.151066 -13.021390 31.612652 -2.019922 3.372890 -2.001957 -27.167654 -30.430740 17.469828 2.721845 0.884721 -3.646943 -14.176418 2.141334 18.516123 4.046305 7.408697 -1.558045 -5.839610 1.503471 -7.985839 -17.497715 -5.511060 -3.449269 -7.604543 -46.245789 2.249910 -5.863372 4.397182 -11.957448 16.273819 -38.697945 -13.994125 14.768121 -14.131384 11.672166 -13.045103 -16.392981 10.493483 -1.481784 2.324567 -2.070987 
-31.471912 106.042023 2.165037 16.946693 33.356298 15.817388 3.574869 13.031029 -0.204330 -9.863605 1.923708 -17.317011 2.479808 20.517263 4.957983 -4.920791 6.144713 -0.284125 2.658618 14.379981 2.570349 1.215171 0.193685 7.041590 3.596904 16.483658 2.799718 -1.476449 2.308831 -4.782095 0.567995 9.826562 3.248290 -0.856177 1.484712 4.635123 3.169283 11.700431 7.150943 -1.507589 17.045470 5.960566 9.592711 -4.558713 13.829561 9.068039 21.065203 -7.263896 -25.886299 -12.368582 17.382389 -34.619227 -13.451032 -25.736382 -22.975702 -13.501678 13.415025 -0.555825 2.137155 2.797398 -1.902505 13.946578 0.952010 6.127421 -0.262564 -8.483476 -7.816150 5.032625 -14.642967 15.204720 -10.643245 -0.232570 -30.869453 3.001209 12.401915 -14.715431 12.427556 -21.500519 1.713435 -9.891979 28.017176 -7.433539 -0.480588 0.304925 5.954750 -1.521129 7.813914 30.193268 -5.932342 32.932942 -32.154594 -13.010069 31.631950 -0.954904 3.326608 -1.950443 -27.178175 -30.421404 17.480274 2.707570 0.512559 -3.771867 -14.178272 2.149036 18.527683 4.040465 6.864102 -1.376625 -5.845690 1.504947 -7.989094 -17.546520 -4.842260 -2.973600 -7.608572 -46.250843 2.252961 -4.995491 4.430297 -11.369027 16.299860 -38.716015 -13.997617 14.168310 -14.814580 10.659466 -13.060015 -16.401184 10.494723 -1.330766 2.523962 -1.661664 
-30.494925 105.493912 1.367984 15.875390 33.786292 15.404686 3.563806 13.034080 -0.205446 -9.136093 1.864899 -16.895699 2.484206 20.521660 4.953184 -4.583437 5.698777 -0.226256 2.655648 14.389255 2.564791 2.073704 0.306694 6.766466 3.590031 16.483713 2.804314 -1.230820 1.184032 -5.380192 0.566780 9.835415 3.246841 -0.587387 1.760664 4.114063 3.163981 11.705303 7.147424 -1.381925 16.292549 5.502672 9.597720 -4.576972 13.834517 9.454483 20.865050 -7.741077 -25.892593 -12.358821 17.394428 -34.473911 -13.339545 -26.037566 -22.983120 -13.500671 13.418963 -0.999893 2.622300 3.022065 -1.910387 13.948711 0.948981 7.284118 0.743653 -7.897483 -7.823734 5.039575 -14.651783 16.185089 -10.585834 -0.567386 -30.864128 2.993754 12.403914 -13.716879 11.976242 -20.670972 1.705219 -9.891055 28.017250 -7.143898 -0.370049 0.343394 5.954161 -1.522766 7.810280 29.683217 -4.945503 31.421117 -32.159309 -13.007060 31.641954 0.003613 3.314983 -1.527024 -27.182404 -30.418648 17.489515 2.742016 0.043686 -3.591730 -14.173593 2.160020 18.533188 3.534170 6.186637 -1.319482 -5.855969 1.511881 -7.982306 -17.884282 -4.187077 -2.646693 -7.605972 -46.252071 2.247698 -2.919171 4.486282 -10.475555 16.297535 -38.725483 -13.996994 14.033426 -15.278126 9.959504 -13.070879 -16.401918 10.499186 -1.033111 2.395527 -1.705697 
-30.666857 104.899895 0.938694 15.346050 35.187031 15.591015 3.562532 13.033355 -0.204589 -8.596169 2.042385 -16.288218 2.486113 20.520437 4.953449 -4.519593 5.573185 -0.341397 2.655544 14.390476 2.561419 2.702329 0.488797 6.770667 3.592834 16.487446 2.805488 -1.299657 0.609214 -5.766668 0.569449 9.838225 3.248904 -0.504557 1.827142 4.229469 3.162793 11.709192 7.142180 -1.508106 15.874773 5.714396 9.600358 -4.578954 13.833431 9.367889 21.066031 -8.239189 -25.898777 -12.355251 17.400759 -34.706240 -12.760889 -26.106402 -22.987963 -13.494444 13.420333 -0.988522 2.483557 2.988020 -1.908332 13.942857 0.947979 7.771814 1.217445 -7.850075 -7.827694 5.047823 -14.662869 17.124939 -9.824657 -1.180070 -30.870012 2.993322 12.410612 -13.695452 11.546839 -20.521131 1.700266 -9.893386 28.023932 -7.133590 -0.439611 0.217030 5.951268 -1.518347 7.810236 29.008305 -3.772191 30.432195 -32.161087 -13.001379 31.649256 1.308579 3.737704 -0.721622 -27.189390 -30.415768 17.490170 2.534709 0.376221 -3.903104 -14.173786 2.162546 18.534277 3.468793 5.874231 -1.549168 -5.861077 1.509397 -7.976790 -18.534062 -3.875441 -2.336470 -7.598937 -46.253448 2.254235 -1.654075 4.665864 -10.043026 16.309351 -38.735081 -14.003597 13.862314 -15.513076 9.688704 -13.076727 -16.402933 10.500080 -1.343082 2.535162 -1.750390 
-31.964186 104.292465 0.749267 14.759371 37.341713 15.817186 3.563836 13.032479 -0.210757 -8.081097 1.756056 -15.736805 2.489454 20.524645 4.959792 -4.702382 5.810307 -0.310173 2.647205 14.387279 2.560618 2.880105 0.503095 6.975017 3.595192 16.491983 2.804213 -1.534477 0.016175 -6.547515 0.572017 9.845453 3.248541 -0.846621 1.737708 4.264966 3.160010 11.714440 7.134425 -1.480224 15.546904 5.917089 9.597558 -4.578937 13.836422 8.631167 21.474922 -8.950268 -25.895842 -12.365470 17.396610 -35.304141 -11.767813 -25.884547 -22.995773 -13.493946 13.425057 -0.653675 2.498261 3.083590 -1.907830 13.946616 0.952696 8.066998 1.417888 -7.419139 -7.828908 5.049093 -14.667026 17.881049 -9.102548 -1.390201 -30.866718 2.985445 12.415283 -14.241712 10.783628 -21.413890 1.696834 -9.893239 28.021832 -7.220242 -0.781024 -0.209735 5.945399 -1.516403 7.811186 28.448641 -3.033970 29.780458 -32.166920 -12.996800 31.656424 2.881179 4.236668 1.128648 -27.195763 -30.415388 17.484650 2.367812 0.892585 -4.124669 -14.169578 2.166843 18.536369 3.502423 5.780186 -1.524107 -5.871301 1.509228 -7.971621 -19.515440 -4.125332 -1.579186 -7.597584 -46.256054 2.262582 -0.368903 5.372082 -9.356345 16.314917 -38.741611 -14.002030 13.646567 -15.190004 9.530215 -13.075403 -16.402834 10.506941 -1.461864 2.676590 -1.749650 
-34.250763 103.713196 0.765847 15.653113 40.795760 16.627295 3.559800 13.028037 -0.225241 -7.123288 1.827964 -15.479748 2.485648 20.525505 4.964721 -4.577904 7.061947 -0.314692 2.647741 14.385907 2.548636 2.803575 0.623131 7.330971 3.602139 16.495314 2.794919 -1.907369 -0.309282 -7.014564 0.572531 9.843697 3.246766 -1.062401 1.886035 4.609952 3.168302 11.718001 7.130572 -0.995466 15.341230 6.475675 9.599277 -4.565041 13.835496 7.450493 22.500740 -10.393778 -25.887871 -12.379217 17.399952 -35.884000 -10.858062 -26.345833 -22.996613 -13.491287 13.424455 -0.253002 2.533179 2.678477 -1.902081 13.942789 0.953855 8.347052 1.858564 -6.724988 -7.829570 5.046846 -14.673546 18.585218 -8.559644 -1.836051 -30.867992 2.983331 12.417994 -15.252975 10.225273 -22.515170 1.701761 -9.899997 28.028769 -7.253973 -0.637917 -0.207884 5.939983 -1.517424 7.807636 27.837510 -2.046712 28.971101 -32.176407 -12.989592 31.657360 4.411520 5.072814 2.590237 -27.201031 -30.408375 17.485189 1.798947 2.420295 -4.434833 -14.174349 2.165899 18.534622 3.506513 5.517566 -1.780280 -5.868154 1.510858 -7.967433 -20.700469 -4.902062 -0.860985 -7.587604 -46.259384 2.274057 0.047302 5.672273 -8.461688 16.328182 -38.750042 -14.009955 13.844540 -14.802635 9.699611 -13.066116 -16.390352 10.511189 -2.145146 2.362584 -2.398394 
-37.319191 103.145325 0.946955 16.362948 44.976700 17.893298 3.557881 13.019520 -0.241844 -6.508627 1.977294 -15.519646 2.483719 20.535131 4.975641 -4.821680 8.167367 -0.414367 2.641822 14.376888 2.539921 2.308520 0.684486 8.013960 3.607779 16.505938 2.784158 -2.432781 -1.003727 -8.020890 0.565493 9.846172 3.247934 -1.633662 1.788698 4.697787 3.179568 11.719906 7.123899 -0.977057 15.785797 6.870504 9.593937 -4.557911 13.832603 5.883155 23.429347 -11.799293 -25.880388 -12.398358 17.398361 -36.351418 -9.710419 -26.496370 -22.991535 -13.488731 13.430707 0.103075 2.773141 2.441718 -1.885827 13.946581 0.957898 8.646389 2.379526 -6.259399 -7.818126 5.049236 -14.676847 20.253476 -8.035853 -2.357399 -30.865623 2.977235 12.426252 -16.374643 9.914119 -23.825612 1.710884 -9.903629 28.032373 -7.199556 -0.307049 -0.072004 5.933918 -1.517034 7.810843 27.165242 -1.614268 28.592294 -32.182541 -12.985821 31.650108 5.724686 6.080894 4.734443 -27.203485 -30.397507 17.476585 1.366427 4.008267 -5.156572 -14.178823 2.168007 18.525801 3.871653 5.094636 -2.074171 -5.872939 1.512699 -7.961814 -22.201108 -5.652642 0.569043 -7.584098 -46.268646 2.278816 0.020351 6.329473 -7.690055 16.335438 -38.751076 -14.013788 14.464865 -14.661662 9.708315 -13.057195 -16.377842 10.514969 -2.528561 2.303243 -2.891027 
-40.937695 102.563736 1.273909 19.439366 49.799941 21.194791 3.557285 13.020447 -0.248848 -6.026967 2.265577 -15.784514 2.475606 20.542780 4.981046 -4.999642 9.641228 -0.738227 2.637233 14.357071 2.525280 1.244641 0.127318 8.384086 3.605197 16.506845 2.775893 -2.928753 -1.480108 -9.037059 0.565318 9.849158 3.251357 -1.612181 1.728919 4.882222 3.195119 11.723347 7.120550 -1.104612 15.985532 6.961424 9.587449 -4.548732 13.823673 4.494721 24.637655 -13.308323 -25.874468 -12.412372 17.394020 -36.221241 -8.579510 -26.751167 -22.981369 -13.484254 13.427298 0.617139 3.164896 2.326057 -1.874403 13.950680 0.963003 8.739627 2.522924 -5.792372 -7.803470 5.046478 -14.672772 21.976100 -7.451467 -2.660669 -30.865328 2.972808 12.431334 -17.477629 9.670781 -25.104442 1.721079 -9.909873 28.034842 -6.240016 -0.344625 0.002178 5.931574 -1.514709 7.807405 26.875848 -1.296931 28.161462 -32.185165 -12.979791 31.642410 6.815313 6.734181 6.650872 -27.190802 -30.385906 17.476900 0.871622 5.510063 -6.334526 -14.190907 2.166916 18.524233 3.858949 5.034641 -2.426085 -5.874050 1.515319 -7.951557 -23.818565 -6.673405 1.307970 -7.579745 -46.293411 2.276635 -0.087787 6.729468 -6.117843 16.339619 -38.747677 -14.012323 15.567570 -13.908769 9.527591 -13.039725 -16.364761 10.515753 -3.132249 1.781541 -3.605051 
-44.830986 101.975677 1.733797 23.705106 54.659272 25.405648 3.547201 13.024528 -0.253010 -5.341150 2.676469 -16.416167 2.461258 20.557076 4.980899 -5.167815 11.056854 -0.823970 2.643493 14.336388 2.516283 -0.415287 0.060591 8.796658 3.610116 16.507883 2.775938 -3.566240 -2.115872 -10.101372 0.569979 9.858956 3.248569 -2.343286 2.218456 4.798491 3.213851 11.734037 7.117394 -0.918382 16.093577 7.287418 9.579840 -4.544944 13.821191 2.711494 25.969643 -15.087794 -25.870470 -12.416362 17.385489 -36.780282 -7.565461 -27.096469 -22.976423 -13.482319 13.417856 1.004446 2.770981 2.472417 -1.860156 13.955514 0.969204 8.515532 2.431906 -5.067142 -7.789960 5.043357 -14.668185 23.515938 -7.548332 -2.293070 -30.866352 2.976360 12.429109 -18.290560 8.861085 -26.205957 1.729310 -9.912197 28.035221 -5.801722 -0.454709 0.008926 5.941097 -1.515957 7.815867 26.440774 -1.409686 27.272059 -32.184334 -12.982842 31.635355 7.681465 6.459367 7.879110 -27.176043 -30.370045 17.480246 0.332571 6.704751 -7.823322 -14.197048 2.167539 18.524212 3.979488 4.310951 -2.590179 -5.879991 1.530001 -7.938471 -25.486557 -7.565049 2.095596 -7.574218 -46.327557 2.272816 -0.679842 7.370087 -4.588661 16.335506 -38.736359 -14.019030 16.353430 -13.834927 9.257006 -13.023354 -16.351423 10.520899 -3.808388 1.458303 -3.683549 
-48.737495 101.406464 2.306270 30.881795 59.161733 32.027949 3.546803 13.023136 -0.259663 -5.175027 2.388808 -17.270309 2.451461 20.556301 4.984834 -5.700356 11.807977 -0.946899 2.653736 14.319508 2.512824 -1.226883 -0.126451 9.132368 3.608359 16.507362 2.778949 -3.848923 -2.034786 -10.982241 0.561528 9.870697 3.250995 -2.521043 2.711703 4.942529 3.218240 11.741171 7.124954 -1.316643 16.255343 6.941730 9.578268 -4.550167 13.812837 1.147974 26.157364 -16.298906 -25.864864 -12.410435 17.380259 -36.488100 -6.238127 -26.025249 -22.972170 -13.480744 13.408989 1.453717 2.721080 3.079664 -1.851107 13.969552 0.977947 8.427097 2.884146 -4.766225 -7.784229 5.039024 -14.664792 24.849391 -7.407046 -2.346022 -30.856628 2.976131 12.419988 -19.085529 7.650383 -27.473666 1.732032 -9.912041 28.028248 -5.397351 -0.476409 -0.210341 5.947070 -1.521843 7.825676 26.124401 -1.438862 27.107424 -32.184914 -12.999475 31.627542 8.373078 6.651577 8.859474 -27.159475 -30.358961 17.483036 0.516367 7.417365 -8.591329 -14.209945 2.163338 18.527397 4.205425 3.924338 -2.196351 -5.882910 1.544476 -7.936936 -26.625112 -7.973041 2.585493 -7.575516 -46.345852 2.263498 -0.396947 8.468059 -3.292195 16.313889 -38.731411 -14.015713 16.707520 -14.015116 8.991384 -13.008557 -16.339327 10.513286 -3.704779 1.039296 -4.002492 
-52.392269 100.887352 2.983711 38.425862 63.005100 39.326856 3.546811 13.020783 -0.265191 -5.271329 2.396152 -17.967154 2.441758 20.552574 4.987343 -5.772210 12.150069 -1.293835 2.661906 14.310834 2.514752 -1.767522 -0.290967 9.325534 3.609355 16.505875 2.784730 -3.879793 -1.690978 -12.198321 0.557633 9.882679 3.251233 -2.673484 3.552711 5.004898 3.214132 11.743509 7.121150 -1.362690 16.572904 5.933513 9.574166 -4.545839 13.802996 0.233380 25.778727 -16.986274 -25.854055 -12.402584 17.371950 -35.768567 -5.240283 -24.383376 -22.963722 -13.477414 13.395904 1.825327 2.563105 4.045019 -1.851038 13.978090 0.987804 8.816911 3.280845 -5.276162 -7.782896 5.040037 -14.655096 24.769403 -7.982274 -2.063628 -30.840088 2.971566 12.408900 -20.131006 5.920528 -28.925397 1.730704 -9.913327 28.020081 -5.058818 -0.882458 -0.103264 5.960917 -1.521778 7.834094 26.222194 -1.459566 27.148916 -32.180424 -13.009594 31.623550 8.901677 6.297110 9.601686 -27.149069 -30.350500 17.488302 0.321880 7.839549 -9.054094 -14.209636 2.164596 18.530209 4.229137 3.329764 -1.830073 -5.881861 1.555214 -7.942912 -27.424128 -7.896074 2.631435 -7.571075 -46.350594 2.246053 0.066646 9.195501 -2.263983 16.290806 -38.716858 -14.011502 17.037854 -14.021555 8.398002 -13.000680 -16.330633 10.509150 -3.635871 0.718948 -4.364756 
-55.549011 100.517242 3.739151 45.088521 65.848221 45.695605 3.542173 13.019443 -0.263476 -5.285512 2.730502 -18.585334 2.445073 20.541813 4.990746 -6.605322 12.174968 -1.315551 2.666994 14.304885 2.520608 -2.185270 -0.198172 9.911390 3.604974 16.499290 2.794289 -4.534779 -1.938132 -13.198834 0.548501 9.884780 3.258314 -2.614083 3.779778 5.597317 3.203237 11.749244 7.115261 -1.585174 16.809963 4.997138 9.577925 -4.541915 13.801458 -0.241293 25.441314 -17.030204 -25.849976 -12.403920 17.367807 -34.911901 -4.320347 -22.831997 -22.966965 -13.473477 13.392389 2.401160 2.529997 4.579318 -1.853082 13.983374 0.999664 8.617762 4.018365 -6.152753 -7.772670 5.047789 -14.653809 24.337643 -8.392467 -2.097634 -30.824892 2.969560 12.401727 -21.223971 3.400129 -30.671856 1.724788 -9.906474 28.013622 -5.160317 -0.469548 -0.739627 5.968397 -1.512455 7.842339 26.705415 -1.702274 27.795016 -32.173542 -13.024447 31.625484 9.194691 6.720241 9.758508 -27.146666 -30.351679 17.499392 0.974382 7.317889 -8.681202 -14.210053 2.165476 18.528208 4.034956 2.969806 -1.253214 -5.880336 1.561062 -7.945645 -27.379896 -7.381593 2.641992 -7.566672 -46.353855 2.225456 0.235454 10.152074 -1.816633 16.258419 -38.712006 -14.003224 17.312197 -13.974393 8.257364 -13.003875 -16.327274 10.495046 -3.705559 0.453270 -4.504990 
-58.033051 100.351784 4.490332 50.485644 67.481231 50.269564 3.540636 13.019287 -0.260833 -5.727588 3.211849 -19.596696 2.444455 20.536053 4.986205 -6.635011 12.063546 -1.447239 2.668647 14.300310 2.525027 -2.110675 -0.279926 9.867497 3.608953 16.491594 2.797799 -4.920320 -1.711447 -14.004368 0.542685 9.885964 3.258879 -2.466628 4.373676 6.312219 3.192134 11.747110 7.107242 -1.570558 16.857293 3.697330 9.574938 -4.531850 13.799611 -0.836516 24.345634 -16.947422 -25.843018 -12.403916 17.359774 -33.752319 -3.974144 -20.778141 -22.967302 -13.474893 13.388939 2.675143 2.430379 5.276980 -1.858576 13.983428 1.005809 8.587071 4.557349 -7.183336 -7.770411 5.047283 -14.646817 22.953645 -9.430911 -1.747521 -30.813234 2.964571 12.391906 -22.162355 0.987109 -32.200322 1.721263 -9.900247 28.007711 -5.088027 -0.276898 -0.739099 5.975728 -1.505673 7.853477 27.579730 -1.587667 28.816537 -32.170406 -13.033408 31.625961 8.527705 6.541880 9.119970 -27.144934 -30.351929 17.506655 1.403310 7.036196 -8.239343 -14.213181 2.165885 18.527538 3.624133 2.886811 -0.907042 -5.876239 1.573259 -7.952457 -27.103063 -6.343916 2.320422 -7.568713 -46.346260 2.208946 0.398047 10.747136 -1.347820 16.229034 -38.699162 -13.993505 17.086613 -13.778961 8.394203 -13.005737 -16.329304 10.485781 -3.727390 0.467020 -4.922640 
-59.783264 100.412949 5.178304 56.152150 69.590858 55.153801 3.537846 13.020365 -0.263743 -6.054606 3.966150 -20.374355 2.450306 20.529379 4.985511 -6.806161 12.303450 -1.632104 2.672941 14.300927 2.525072 -2.777971 -0.647466 10.258737 3.606283 16.486334 2.793283 -4.912029 -1.633813 -14.766681 0.544136 9.884788 3.260769 -2.551941 4.757173 6.974137 3.190620 11.755944 7.102831 -1.562379 16.564040 2.556909 9.573550 -4.514721 13.802171 -0.816725 23.770535 -16.865733 -25.839025 -12.412755 17.354498 -33.145446 -4.108273 -19.845422 -22.966194 -13.486228 13.391866 3.095880 2.561772 5.209316 -1.868072 13.983543 1.011047 8.465451 5.426061 -7.900248 -7.765830 5.042934 -14.640862 21.321482 -10.120510 -1.744610 -30.802498 2.960291 12.385410 -23.335698 -1.251464 -33.894865 1.722454 -9.907994 28.006508 -5.600592 -0.261482 -0.745435 5.979682 -1.506931 7.855261 28.915538 -1.647430 29.440082 -32.166348 -13.032370 31.639795 7.432392 6.432337 8.299082 -27.147530 -30.357512 17.521345 2.047639 6.716038 -7.098040 -14.214436 2.173084 18.531527 3.686380 2.483215 -0.593616 -5.877745 1.581220 -7.961009 -26.685704 -5.616872 1.595829 -7.572827 -46.345760 2.196028 0.021191 11.027709 -1.045874 16.215614 -38.687176 -13.991561 17.597433 -13.305857 8.393500 -13.006253 -16.334097 10.477469 -4.138033 -0.060480 -4.952999 
-60.806534 100.636650 5.759830 61.358000 70.938133 59.970147 3.539377 13.017077 -0.263761 -6.394830 4.417505 -21.123507 2.456278 20.530951 4.983196 -6.786757 12.494864 -1.543959 2.671503 14.298549 2.527495 -2.549896 -0.640706 10.460724 3.606497 16.480858 2.792273 -5.189650 -1.748903 -15.611424 0.542219 9.890734 3.259481 -2.676216 4.976092 7.543132 3.187437 11.759990 7.097621 -1.824924 16.696210 1.581824 9.569125 -4.504334 13.802654 -0.858504 22.960401 -16.648337 -25.836977 -12.418447 17.345018 -32.316671 -3.949054 -18.635312 -22.969681 -13.485510 13.388705 3.466181 2.707854 6.017720 -1.878973 13.984610 1.016386 8.498541 5.586269 -8.623218 -7.756943 5.045996 -14.634047 19.942482 -10.718417 -1.446318 -30.795069 2.957269 12.383520 -24.234329 -2.729413 -35.432993 1.718822 -9.903865 28.002234 -5.585885 -0.003820 -0.884718 5.980811 -1.504676 7.856402 29.432528 -1.839219 30.914952 -32.167648 -13.037861 31.644459 6.279503 6.372369 7.690364 -27.146200 -30.359074 17.523090 2.731581 6.459307 -6.698174 -14.212626 2.176075 18.534830 3.356153 2.627366 -0.301598 -5.874725 1.581608 -7.966504 -26.196784 -5.258991 1.215088 -7.574834 -46.347900 2.186806 -0.592040 11.036725 -1.528658 16.195625 -38.672901 -13.981464 17.825103 -12.932159 8.427128 -13.009383 -16.330423 10.475635 -4.198122 0.002685 -5.292932 
-61.149918 101.014717 6.255979 63.483528 71.835524 61.855539 3.543240 13.014921 -0.257909 -7.285078 5.331936 -22.019825 2.457977 20.528194 4.978970 -7.169387 12.412821 -1.553875 2.667573 14.299506 2.532892 -2.902822 -0.945166 10.346610 3.608006 16.475306 2.796546 -5.486317 -1.667488 -16.330899 0.546870 9.892812 3.256726 -2.794179 4.972843 7.765508 3.188215 11.758716 7.093988 -1.601266 16.646725 0.783205 9.561527 -4.497860 13.808311 -0.968570 22.646143 -16.238307 -25.844494 -12.423575 17.333982 -31.634735 -4.329802 -18.382037 -22.982237 -13.488944 13.386900 3.236336 2.708565 5.993453 -1.886406 13.983810 1.019044 7.642525 5.476436 -9.299977 -7.749390 5.047694 -14.628601 18.311875 -11.008029 -0.831917 -30.790976 2.956069 12.387360 -25.180759 -3.853265 -36.649129 1.722787 -9.909536 28.010147 -5.543646 0.499766 -0.483117 5.982966 -1.503347 7.855997 30.389680 -2.273452 31.872695 -32.161606 -13.039017 31.646391 5.047936 6.138402 6.407178 -27.150030 -30.367790 17.535646 3.385928 5.302863 -6.045604 -14.214551 2.176869 18.543911 3.053326 2.790113 -0.257749 -5.874012 1.589640 -7.972160 -25.358884 -4.797401 0.776948 -7.568147 -46.355946 2.172056 -1.097207 11.003084 -1.666031 16.179852 -38.667339 -13.970631 18.252724 -12.608858 8.578151 -13.015393 -16.336847 10.472008 -4.413753 -0.011007 -5.215134 
-60.898464 101.530190 6.709549 68.394495 72.580411 65.991730 3.548401 13.014201 -0.250464 -8.234091 5.724033 -22.645748 2.467335 20.528603 4.979128 -7.528623 12.778914 -1.502849 2.670753 14.293476 2.539566 -3.172989 -1.143740 10.622039 3.607645 16.466284 2.798938 -5.853602 -1.485733 -16.602940 0.547252 9.896905 3.258214 -3.162376 4.983349 8.158247 3.186834 11.763422 7.090070 -1.254137 16.748554 0.353404 9.559958 -4.484945 13.808532 -0.905577 22.119216 -16.430744 -25.851274 -12.436169 17.329285 -30.846668 -4.639868 -17.371457 -22.984619 -13.482279 13.383274 3.784481 2.905033 6.065018 -1.889438 13.988074 1.025092 6.692931 4.910465 -9.831280 -7.746212 5.043770 -14.620548 16.342384 -11.470966 -0.428404 -30.788868 2.958695 12.384257 -26.084680 -4.379003 -38.355293 1.723789 -9.911792 28.013729 -5.897150 0.690729 -0.809002 5.985487 -1.495284 7.852636 31.237949 -2.946394 33.081635 -32.164059 -13.037418 31.646738 4.187051 6.307303 5.524634 -27.152773 -30.377050 17.541639 3.621322 4.806260 -5.210577 -14.211308 2.182121 18.544109 3.096038 3.519047 0.101359 -5.864168 1.590093 -7.976338 -24.699731 -4.757643 0.256868 -7.576165 -46.362816 2.163397 -1.751113 10.695763 -2.288924 16.172686 -38.658268 -13.964336 18.716165 -12.207269 9.015956 -13.019399 -16.346289 10.471465 -4.553122 -0.076306 -5.272220 
-60.097660 102.159126 7.214516 72.853803 73.484134 70.419107 3.556760 13.010416 -0.244261 -9.093253 6.132890 -23.223596 2.467025 20.534012 4.982442 -7.634563 13.021307 -1.221660 2.663656 14.289237 2.542145 -3.402191 -1.253370 10.335448 3.608286 16.462332 2.801708 -6.462707 -1.411633 -16.742725 0.550559 9.901510 3.253443 -3.836420 4.952144 8.617862 3.190448 11.764987 7.093531 -1.173127 16.836744 0.074373 9.553682 -4.473447 13.814686 -1.174215 21.953579 -16.383346 -25.856319 -12.448098 17.313837 -30.857241 -4.919669 -17.167318 -22.993605 -13.482405 13.386603 3.910336 3.189523 5.818571 -1.896256 13.990088 1.022358 5.329757 4.011750 -10.461167 -7.734582 5.047006 -14.617719 14.363044 -12.133821 0.127482 -30.788706 2.956093 12.382477 -26.908804 -4.568852 -39.800148 1.725163 -9.905964 28.017160 -6.103183 1.228262 -0.650473 5.985138 -1.494601 7.843011 31.418539 -3.935604 34.544819 -32.167408 -13.034933 31.646051 2.791993 6.752441 4.933472 -27.154789 -30.389288 17.544477 4.196631 4.289546 -5.026377 -14.214766 2.182784 18.539745 2.832676 3.530459 0.225244 -5.863181 1.588768 -7.981897 -23.941579 -4.788814 0.012395 -7.577136 -46.371082 2.158148 -2.908914 10.385537 -3.723861 16.163767 -38.644413 -13.960145 18.921011 -12.109117 9.434341 -13.021807 -16.347443 10.480584 -4.475167 0.240269 -5.082887 
-58.819992 102.868164 7.848204 72.946052 73.726879 69.784261 3.565295 13.002017 -0.231454 -10.733553 6.098827 -23.830257 2.472202 20.533308 4.980043 -7.802449 13.432308 -1.022326 2.666455 14.291295 2.542887 -3.751697 -1.513559 10.166928 3.607348 16.456284 2.808856 -7.011367 -0.637061 -16.520730 0.554506 9.908768 3.253488 -4.480526 4.561607 8.890897 3.191686 11.769629 7.095056 -0.785101 17.270355 -0.370811 9.549263 -4.462886 13.819260 -1.368122 21.913912 -16.576090 -25.867477 -12.459365 17.304703 -30.482004 -5.472408 -16.712805 -23.001949 -13.481245 13.383477 4.100044 3.461691 5.794753 -1.904678 13.990135 1.020548 4.240519 2.673295 -10.989591 -7.723243 5.042798 -14.609079 12.556049 -12.363032 0.341724 -30.791313 2.958638 12.390122 -28.133300 -4.648079 -41.431760 1.731138 -9.903623 28.024544 -5.820520 1.958948 -0.582023 5.990835 -1.486462 7.834324 31.987804 -5.403592 35.966974 -32.168194 -13.036311 31.640898 1.623456 6.710738 3.793491 -27.153057 -30.403337 17.557396 4.294167 2.798012 -4.565158 -14.221346 2.182461 18.539398 2.639768 4.171360 0.111278 -5.855051 1.583889 -7.985792 -22.852862 -5.160014 -0.739584 -7.577970 -46.378086 2.143161 -3.739911 9.497066 -4.718600 16.152405 -38.637226 -13.956436 19.490349 -11.756791 9.740763 -13.021229 -16.356842 10.482951 -4.664059 0.209433 -5.104815 
-57.136631 103.596092 8.731539 73.903425 73.770141 69.353263 3.568435 12.995041 -0.222949 -11.916674 6.168991 -23.756726 2.474669 20.532066 4.977540 -7.929994 14.109584 -0.655559 2.671576 14.292127 2.548476 -3.962454 -1.540127 9.996031 3.611762 16.445858 2.808134 -7.885136 0.150379 -15.280993 0.558082 9.907431 3.251611 -5.074362 4.150191 9.496815 3.188548 11.774228 7.094682 -0.351831 17.351882 -0.290812 9.541967 -4.442640 13.829000 -0.999806 21.979685 -16.339870 -25.880875 -12.472729 17.290340 -30.133002 -6.312138 -17.171840 -23.019945 -13.480227 13.381462 4.621602 3.823922 5.095450 -1.914361 13.985429 1.017752 2.995033 0.636522 -11.806077 -7.719780 5.039752 -14.606736 9.863139 -13.495902 0.848511 -30.791401 2.970187 12.393415 -28.937575 -5.350552 -43.382558 1.738679 -9.902760 28.036341 -5.735648 2.535243 -0.425559 5.988981 -1.477846 7.825698 32.341731 -6.565012 37.407454 -32.172482 -13.027728 31.628929 0.641419 6.805223 2.765044 -27.156820 -30.416071 17.567635 4.536988 1.789450 -3.965934 -14.219736 2.176862 18.536562 1.700679 5.338398 -0.056928 -5.848466 1.579523 -7.993985 -22.162526 -5.450602 -1.867704 -7.586975 -46.379669 2.140490 -4.571397 8.648787 -6.141385 16.151337 -38.624897 -13.958202 19.719021 -11.992512 10.428101 -13.023949 -16.359661 10.486796 -4.970139 0.091416 -4.869388 
-55.158165 104.225212 9.914259 66.026401 73.067465 59.872434 3.568381 12.984174 -0.204259 -13.485963 5.815799 -23.796888 2.468899 20.534489 4.978340 -8.176448 13.943997 -0.349114 2.662489 14.294911 2.552343 -3.972751 -2.230230 9.254689 3.605129 16.446878 2.816483 -8.580931 0.601462 -14.417805 0.565883 9.908110 3.250806 -6.179414 3.393782 9.214219 3.193338 11.769323 7.090052 -0.027991 18.200398 -0.726279 9.534991 -4.427256 13.849672 0.002956 22.463001 -14.562375 -25.891064 -12.483438 17.277962 -30.012582 -6.962238 -17.122360 -23.032701 -13.474506 13.379582 4.853879 4.448602 4.614552 -1.928400 13.980851 1.008790 1.847776 -2.063461 -12.770204 -7.718100 5.043215 -14.597260 7.671532 -15.350246 1.216522 -30.788017 2.979531 12.391109 -29.839150 -6.377424 -45.006142 1.743227 -9.896616 28.044247 -5.358655 3.371146 -0.558863 6.000104 -1.467292 7.813257 33.003396 -8.486647 38.315514 -32.174080 -13.024018 31.614553 0.194377 6.567690 2.385791 -27.162661 -30.437853 17.576674 4.166789 0.025383 -3.614793 -14.219609 2.176874 18.530409 1.115340 6.135159 -0.351316 -5.847384 1.580116 -7.993474 -21.106608 -6.089439 -4.003222 -7.593862 -46.381054 2.132942 -4.523262 7.680494 -7.643681 16.139133 -38.608822 -13.958802 19.655480 -12.493098 11.001143 -13.024925 -16.366108 10.497769 -4.840116 0.419578 -4.675267 
-52.994373 104.608315 11.381741 52.125774 70.311934 44.918145 3.562621 12.982883 -0.194363 -15.061674 5.188195 -23.914410 2.467137 20.526371 4.973671 -7.884918 13.758694 -0.153584 2.657564 14.296150 2.557018 -3.831287 -2.321065 8.496457 3.610022 16.443430 2.816351 -8.788393 1.484160 -12.619802 0.569132 9.902427 3.255185 -6.838637 2.818733 9.471367 3.192215 11.773725 7.084409 0.028155 19.105864 -0.449310 9.532043 -4.416385 13.868752 1.469747 22.294386 -13.292526 -25.894606 -12.491186 17.270178 -30.155401 -7.679027 -17.823491 -23.047062 -13.461807 13.383423 4.716453 4.736401 3.940341 -1.938076 13.969413 0.993289 1.493351 -4.688315 -13.952382 -7.710642 5.046767 -14.604476 5.978395 -18.864622 1.438828 -30.782751 2.993474 12.385621 -29.610625 -7.800340 -45.505377 1.748541 -9.891860 28.052111 -4.320453 3.983857 0.122534 6.006635 -1.458071 7.807351 33.523207 -9.573106 38.782261 -32.167130 -13.018907 31.593746 -0.468839 5.732641 2.345449 -27.177332 -30.451878 17.580593 3.787891 -1.396554 -3.502318 -14.222288 2.180022 18.522562 0.060136 7.108883 0.115838 -5.847675 1.574558 -7.997318 -19.786172 -6.051154 -5.925269 -7.597040 -46.371025 2.134036 -3.552028 7.087736 -9.098906 16.135212 -38.597115 -13.962347 19.251390 -12.907108 11.374691 -13.028119 -16.371572 10.497074 -4.975944 0.331018 -4.449230 
-50.803848 104.663223 13.076344 40.025274 65.848973 33.166880 3.554583 12.977103 -0.186562 -15.883924 4.318872 -23.416959 2.463317 20.524925 4.979132 -7.390850 13.122229 0.121190 2.651392 14.310802 2.549650 -3.163586 -3.272242 7.828432 3.608117 16.450830 2.810276 -7.906009 1.662212 -10.839289 0.571741 9.903387 3.270312 -6.777826 1.893230 9.565093 3.189958 11.772685 7.072798 -0.505555 20.206213 0.037721 9.533915 -4.411312 13.876643 3.959619 22.944865 -10.552965 -25.899708 -12.485633 17.266451 -30.414890 -8.780609 -18.980648 -23.043976 -13.450476 13.397302 5.118897 5.277198 3.362536 -1.943951 13.954002 0.981764 2.892580 -6.283155 -15.834518 -7.714332 5.048751 -14.612416 5.654084 -23.049322 0.613295 -30.774061 3.002512 12.376643 -29.045168 -8.964085 -44.826456 1.747149 -9.885334 28.044872 -3.450913 4.334659 0.529294 6.017406 -1.459580 7.801357 33.778783 -10.464678 39.271337 -32.155354 -13.008853 31.573566 0.562613 4.752450 2.998904 -27.189709 -30.458513 17.581606 2.508203 -2.458248 -3.756514 -14.217687 2.181126 18.525221 -0.203244 7.757893 0.418629 -5.854295 1.559406 -7.992086 -18.683772 -6.297645 -8.071096 -7.599553 -46.353374 2.142958 -2.301442 6.163097 -10.061837 16.144596 -38.582539 -13.961024 18.490394 -13.381380 11.773484 -13.032081 -16.365526 10.496804 -4.809722 0.414156 -4.834859 
-48.764618 104.446877 14.751737 31.911340 62.462558 26.501781 3.545175 12.980064 -0.180192 -16.183303 4.040891 -22.797549 2.464554 20.532148 4.986436 -5.896770 12.429319 0.331766 2.645530 14.335668 2.541286 -2.755366 -3.898154 7.338211 3.605873 16.456396 2.805101 -6.756833 0.769454 -9.573988 0.579938 9.903969 3.282629 -6.011842 1.253661 9.874538 3.190608 11.772939 7.054665 -1.062742 21.083293 1.037997 9.538566 -4.420880 13.870068 6.856727 24.032243 -7.399527 -25.904934 -12.474232 17.273998 -31.311718 -10.432772 -20.948395 -23.032316 -13.448778 13.416700 4.892464 5.512407 2.442457 -1.943751 13.938992 0.969416 4.920355 -7.095540 -17.325431 -7.726081 5.054882 -14.624742 6.837729 -28.057924 -1.114334 -30.772005 3.012297 12.378341 -28.132098 -9.399513 -42.735992 1.743323 -9.879297 28.036457 -2.684931 4.125408 1.334932 6.022545 -1.467908 7.802868 33.787047 -11.099530 38.879513 -32.146160 -12.994892 31.559616 1.874233 2.772018 4.378716 -27.203981 -30.465143 17.580334 1.704386 -3.288487 -4.214328 -14.213058 2.187194 18.537487 -0.083116 7.384707 0.457206 -5.863501 1.544132 -7.989744 -18.169396 -5.921708 -9.602357 -7.595828 -46.342682 2.159688 -1.426048 5.805134 -10.381068 16.162748 -38.578606 -13.964622 18.031899 -14.533743 11.825912 -13.045072 -16.361725 10.488275 -5.048773 0.228576 -4.569347 
-47.030598 104.079887 16.137505 30.309484 60.526398 25.033449 3.540426 12.982338 -0.179167 -16.018438 3.736418 -22.142457 2.469038 20.527130 4.995649 -5.210134 11.525255 0.207940 2.640162 14.350599 2.537828 -2.692357 -4.539255 7.288632 3.597490 16.465389 2.797161 -5.905638 0.033986 -8.793332 0.580109 9.900847 3.295935 -5.108662 0.658225 9.140476 3.181744 11.774094 7.054009 -1.087818 21.416692 2.068980 9.542117 -4.426186 13.859879 9.745916 24.280692 -4.753296 -25.900801 -12.458313 17.288263 -32.987010 -11.863917 -21.606748 -23.017147 -13.436186 13.425091 4.978887 5.563407 1.230302 -1.953660 13.929113 0.956645 6.815725 -7.660231 -18.854322 -7.740678 5.063685 -14.632912 9.041103 -32.192884 -3.371953 -30.774839 3.011673 12.369279 -26.425688 -9.430585 -40.901621 1.739582 -9.874244 28.022337 -2.441112 3.578285 1.143828 6.027987 -1.480509 7.806235 33.015714 -12.148141 38.658191 -32.141693 -12.997792 31.549366 3.643820 1.261210 5.679694 -27.202349 -30.450071 17.581017 0.443179 -3.818903 -4.733847 -14.204341 2.182656 18.539114 0.953286 6.420614 0.849114 -5.872608 1.529684 -7.981555 -17.985934 -4.734630 -10.467304 -7.598606 -46.327011 2.181995 -0.299429 5.309042 -10.628909 16.181143 -38.592873 -13.967405 16.642104 -15.406982 12.207978 -13.056299 -16.349092 10.473423 -5.174349 -0.053967 -4.161673 
-45.714397 103.706024 17.110422 28.895549 59.301833 24.071711 3.534277 12.986673 -0.178836 -15.853591 3.705302 -21.799869 2.471030 20.528564 5.004794 -4.146294 10.401139 0.263466 2.631932 14.357477 2.525195 -2.098753 -4.731585 6.875463 3.594365 16.476833 2.791663 -4.937350 -0.675057 -8.445915 0.576963 9.896645 3.306751 -4.616962 0.428341 8.859478 3.179364 11.770709 7.052061 -1.190765 21.757230 2.908013 9.545837 -4.439174 13.848082 11.469680 24.569582 -2.905867 -25.896973 -12.444334 17.298933 -34.117119 -12.773587 -21.771908 -23.006592 -13.434243 13.435965 4.884559 5.816726 0.773820 -1.950247 13.920794 0.947909 8.599446 -7.278665 -19.594115 -7.754037 5.067679 -14.642536 11.859181 -35.267969 -6.083598 -30.773687 3.008990 12.364141 -24.912434 -9.237407 -38.722214 1.734543 -9.861269 28.016125 -2.240532 3.404997 1.097863 6.032556 -1.492517 7.804042 32.648987 -12.513345 38.224949 -32.144207 -12.999122 31.545313 4.264277 0.067392 6.932856 -27.203341 -30.443331 17.578091 0.268888 -3.437788 -5.102612 -14.196463 2.184269 18.544899 1.645433 5.842729 1.112695 -5.878437 1.510026 -7.981959 -18.077498 -4.275728 -10.520960 -7.597896 -46.318584 2.202640 0.495010 4.936028 -10.731387 16.192966 -38.603794 -13.975583 16.108675 -16.522289 12.574931 -13.060424 -16.343487 10.459890 -4.754974 -0.679208 -4.104554 
-44.857517 103.385826 17.639170 27.176932 58.200062 22.899452 3.529835 12.987290 -0.176757 -15.453245 3.769627 -21.478708 2.473759 20.530998 5.007498 -3.640693 10.041790 0.307776 2.627399 14.364142 2.521367 -2.413319 -4.816136 6.754217 3.592526 16.478485 2.791719 -4.717052 -1.354940 -8.080259 0.578951 9.890963 3.310511 -4.345219 0.022966 8.620078 3.178912 11.771703 7.045194 -1.326147 21.929552 3.351596 9.545247 -4.445926 13.840009 12.657674 24.881288 -1.803272 -25.893150 -12.436966 17.302612 -35.053262 -13.389248 -22.510521 -23.002394 -13.434333 13.447495 4.683319 5.794268 -0.028909 -1.946481 13.918661 0.945786 9.282505 -7.284335 -20.162647 -7.761461 5.069539 -14.646772 14.055938 -37.047653 -8.225797 -30.771313 3.009260 12.365937 -23.962687 -9.399685 -37.101157 1.727073 -9.858726 28.011747 -2.096848 3.107900 1.338035 6.027652 -1.495829 7.808120 32.320756 -12.628540 37.724016 -32.142529 -12.998444 31.544289 5.091998 -0.871687 7.487560 -27.207518 -30.443623 17.570662 -0.131134 -3.803012 -5.443242 -14.191380 2.180948 18.547976 2.128826 5.562167 1.075067 -5.880303 1.504984 -7.976862 -17.970228 -3.930691 -10.743891 -7.593222 -46.309940 2.211788 1.195543 5.087746 -10.446656 16.203161 -38.612167 -13.980627 15.316250 -16.703769 12.708247 -13.070088 -16.340582 10.454854 -4.873274 -0.601632 -3.820465 
-44.467480 103.217575 17.754189 27.560659 57.472299 23.233100 3.528972 12.987239 -0.177626 -15.372329 3.579015 -21.733076 2.466470 20.532240 5.013788 -3.760598 9.762151 0.377279 2.625114 14.363013 2.520709 -1.886272 -4.912944 6.823547 3.584459 16.485695 2.791569 -4.781760 -1.155920 -8.294850 0.577873 9.890837 3.312353 -4.284131 -0.219476 8.454079 3.180149 11.766676 7.048898 -1.408390 22.001837 3.516182 9.549297 -4.452852 13.838194 13.081483 24.561314 -1.318099 -25.889675 -12.426637 17.304600 -34.798946 -13.258399 -22.406389 -22.998493 -13.429019 13.447586 4.705898 5.799520 0.202094 -1.948035 13.919036 0.943557 9.850944 -7.162982 -20.101155 -7.764560 5.071872 -14.643909 15.049277 -37.354810 -8.624922 -30.771553 3.004128 12.363616 -23.425508 -9.146667 -36.556060 1.728938 -9.850480 28.008661 -1.802319 3.146583 1.197983 6.029583 -1.498334 7.803605 32.209796 -12.750224 37.686419 -32.142025 -13.001808 31.538542 5.228969 -1.001100 7.496985 -27.207672 -30.440208 17.568384 -0.063749 -3.802688 -5.873927 -14.184994 2.183941 18.548002 2.227745 5.284747 0.804210 -5.885821 1.499095 -7.969762 -18.141160 -3.913789 -10.967843 -7.594244 -46.301723 2.214731 1.709490 4.970776 -10.632295 16.203215 -38.612057 -13.984651 14.795214 -16.755175 12.799943 -13.066671 -16.334766 10.451423 -4.543591 -0.740650 -3.925765 
-44.486961 103.249680 17.471416 28.605638 57.347552 23.928960 3.531039 12.987083 -0.179801 -15.304673 3.615735 -21.546267 2.469400 20.527405 5.012667 -3.679589 9.809774 0.165097 2.624117 14.356997 2.515199 -2.248690 -4.896183 6.670621 3.591084 16.478025 2.791285 -4.813629 -0.761938 -8.224936 0.572668 9.887388 3.308832 -4.051672 -0.217539 8.530302 3.183355 11.768191 7.052340 -1.539707 21.624874 3.559846 9.550611 -4.451443 13.837815 12.529945 24.272558 -1.659889 -25.887838 -12.427826 17.305424 -34.552920 -13.157881 -22.126249 -22.995895 -13.428663 13.447177 4.556472 5.800021 0.338667 -1.940970 13.924345 0.949407 9.267087 -7.000471 -19.708219 -7.761679 5.070469 -14.638803 14.170296 -36.533814 -8.032747 -30.769510 3.003757 12.364594 -23.409085 -8.923886 -36.839411 1.729745 -9.851435 28.007938 -1.833390 2.875408 1.260214 6.025571 -1.499618 7.800619 32.208717 -12.426976 37.619917 -32.138367 -13.000429 31.537842 5.086800 -0.532105 7.212500 -27.201553 -30.436714 17.560299 -0.173865 -3.332152 -5.497513 -14.186648 2.184090 18.544008 2.079444 5.215898 0.653851 -5.879290 1.504557 -7.970511 -18.148439 -3.916547 -10.574384 -7.594449 -46.296291 2.209495 1.690613 5.068826 -10.717608 16.202595 -38.608109 -13.982676 14.983354 -16.760891 13.050126 -13.057872 -16.337313 10.449435 -4.359720 -0.916251 -3.879188 
-44.826809 103.503639 16.836227 28.009156 57.144955 23.715409 3.532710 12.985352 -0.178690 -15.395810 3.286310 -21.746006 2.470747 20.525930 5.005953 -4.237823 10.341509 0.401178 2.630375 14.354940 2.524886 -2.511626 -4.629874 7.211978 3.588403 16.475817 2.794179 -5.093634 -0.412002 -8.133222 0.574588 9.891063 3.301017 -4.353097 -0.094395 8.792684 3.180490 11.769900 7.059515 -1.677217 21.413148 3.096951 9.548765 -4.444034 13.844816 11.545075 24.194424 -2.578827 -25.889254 -12.435981 17.297199 -34.246353 -12.869301 -22.084051 -22.997259 -13.434472 13.440218 4.894374 5.636747 0.702032 -1.947450 13.926156 0.949164 8.494086 -7.369980 -19.257614 -7.752553 5.067362 -14.630026 12.677150 -34.610235 -6.218962 -30.772343 3.008453 12.367597 -24.571647 -8.489161 -37.852003 1.730526 -9.857554 28.003675 -2.191149 2.917843 1.176929 6.023410 -1.495845 7.801662 32.335864 -12.301114 38.131317 -32.136101 -13.001844 31.545807 4.415416 0.117943 6.527764 -27.195194 -30.438309 17.559774 -0.000396 -3.491713 -5.600093 -14.192248 2.182912 18.539421 1.608840 5.938954 0.541625 -5.877896 1.514595 -7.967325 -18.196570 -4.117001 -10.672777 -7.601584 -46.299576 2.201829 1.110291 5.209126 -10.607743 16.195509 -38.599545 -13.976917 15.108746 -16.094035 12.747033 -13.053108 -16.334698 10.457131 -4.691033 -0.395264 -3.898241 
-45.308250 103.949379 15.922692 27.988165 56.788010 23.261171 3.539805 12.979202 -0.180480 -15.591215 3.573428 -22.311047 2.465560 20.520868 5.001125 -5.187375 10.650614 0.232103 2.633106 14.347787 2.537134 -2.391105 -4.552400 7.546376 3.593338 16.465786 2.798068 -5.404498 0.541093 -7.925596 0.580637 9.886545 3.293314 -4.609969 0.265185 8.936982 3.181861 11.771626 7.064979 -1.211812 21.212380 2.979465 9.548127 -4.438690 13.849258 10.189356 23.994135 -4.350060 -25.891857 -12.439396 17.289471 -33.254805 -12.435365 -21.985677 -23.001541 -13.437615 13.429532 4.734765 5.126240 1.132091 -1.944028 13.926991 0.952752 7.233140 -7.494627 -18.638191 -7.744573 5.061528 -14.619196 9.698817 -32.042347 -3.567532 -30.778040 3.013061 12.362299 -25.343366 -8.022102 -39.401592 1.742447 -9.865983 28.011078 -2.592405 2.986983 1.182504 6.019647 -1.486578 7.807126 32.926901 -12.105303 38.173678 -32.132824 -12.997811 31.539440 4.012754 1.098925 5.572448 -27.192793 -30.444593 17.558266 0.037502 -3.094187 -5.204889 -14.194081 2.178601 18.529259 0.982710 6.423243 0.593750 -5.873661 1.523315 -7.965199 -18.015561 -4.685851 -10.074686 -7.604010 -46.297871 2.186611 0.327028 5.490455 -11.051912 16.186758 -38.591789 -13.969308 15.733368 -15.142997 12.534940 -13.047268 -16.340502 10.465780 -4.621953 0.041783 -4.303885 
-45.787540 104.485031 14.867167 27.172753 55.123677 22.234984 3.546068 12.979393 -0.179637 -16.072209 3.332971 -22.590096 2.464143 20.517454 4.990397 -5.845965 11.220000 0.438793 2.637352 14.335638 2.551377 -2.549682 -4.410009 7.332581 3.600547 16.459682 2.804430 -5.836000 1.695936 -7.432761 0.575680 9.881051 3.278303 -5.460561 0.340863 8.991899 3.185793 11.763172 7.077698 -1.475623 21.312775 2.248232 9.543463 -4.434860 13.864433 8.133475 23.607106 -6.116368 -25.889130 -12.445865 17.276484 -32.719427 -11.618835 -20.999348 -23.010580 -13.440501 13.419277 4.578931 5.015629 2.165583 -1.939489 13.935759 0.958870 5.349801 -8.106662 -17.412630 -7.733243 5.050196 -14.599842 7.527700 -29.347042 -1.185095 -30.775496 3.016970 12.368404 -26.265265 -7.449045 -40.950532 1.746100 -9.875302 28.016975 -3.079751 3.017517 1.132115 6.017476 -1.474434 7.803886 33.334301 -11.922099 38.811020 -32.133537 -12.997795 31.540052 2.483197 2.112057 4.328060 -27.191160 -30.454929 17.548975 0.605062 -2.789297 -4.794563 -14.201045 2.175410 18.519163 0.172726 7.387578 0.270840 -5.865811 1.536887 -7.971251 -18.151521 -5.684147 -10.142468 -7.607152 -46.300789 2.167689 -0.460129 5.729049 -11.255978 16.173857 -38.582577 -13.969404 16.619329 -14.344833 12.069674 -13.031788 -16.349524 10.475580 -4.381970 0.320686 -4.347873 
-46.147430 105.001137 13.894984 26.667700 53.625092 21.095135 3.557013 12.974871 -0.177239 -16.291716 4.063335 -22.878600 2.459040 20.514664 4.977621 -6.873746 11.653068 0.491735 2.639293 14.331742 2.562162 -3.003222 -3.764187 7.573794 3.604521 16.451466 2.806777 -6.747340 2.672443 -7.658937 0.580959 9.879887 3.264673 -6.094521 0.434708 9.163560 3.190592 11.764547 7.079469 -1.728574 20.723994 1.623850 9.544389 -4.434223 13.878369 6.151883 23.167452 -7.921675 -25.893387 -12.457578 17.267231 -32.242953 -11.023375 -20.718320 -23.026989 -13.442107 13.408854 4.268776 4.943178 2.688257 -1.934897 13.939773 0.954657 3.658784 -8.362809 -16.219783 -7.724766 5.047288 -14.592578 6.481672 -26.809020 -0.174344 -30.781418 3.020652 12.379586 -27.304935 -6.913066 -42.284263 1.750977 -9.883625 28.030766 -3.375331 3.325387 1.115947 6.011152 -1.466200 7.798093 33.647288 -11.601411 38.873031 -32.127224 -12.999219 31.543121 1.156527 2.720831 3.386433 -27.189610 -30.465099 17.555798 1.478981 -3.062176 -4.722148 -14.202507 2.169705 18.512947 -0.281295 7.656365 0.443409 -5.862730 1.545208 -7.968182 -18.010983 -5.827232 -9.459641 -7.605127 -46.310200 2.154178 -1.608387 5.786158 -11.628564 16.161142 -38.571758 -13.968959 16.950095 -14.167136 11.939570 -13.031216 -16.358006 10.489560 -4.256140 0.546958 -4.179364 
-46.426746 105.407120 13.164515 25.542314 52.991623 20.235496 3.560221 12.973986 -0.180481 -16.491478 3.954200 -23.012055 2.458529 20.514248 4.978146 -7.635363 11.815613 0.525045 2.644323 14.319010 2.568370 -3.313807 -3.874089 7.388262 3.607785 16.446957 2.802342 -6.689491 3.256436 -7.388656 0.578139 9.872418 3.253773 -6.303414 0.669636 9.221111 3.193299 11.764590 7.088177 -1.630860 20.502539 1.423573 9.541409 -4.434852 13.881814 5.189650 22.685469 -9.123705 -25.891647 -12.466755 17.260759 -32.301426 -10.595686 -20.315829 -23.029045 -13.444337 13.398774 4.168956 4.811264 2.709083 -1.937067 13.945233 0.961927 2.266525 -8.574487 -15.131697 -7.717717 5.044162 -14.587229 5.003530 -24.941122 1.039461 -30.787500 3.021692 12.379498 -27.516551 -6.228200 -43.372575 1.753331 -9.892828 28.036209 -4.074334 3.199099 1.101803 6.006450 -1.463356 7.802422 33.842720 -11.329112 39.089873 -32.133728 -12.998857 31.548836 0.576482 3.289951 2.806614 -27.190170 -30.466831 17.544573 1.963292 -2.591901 -3.920193 -14.205955 2.161605 18.506971 -0.555331 8.068070 0.557157 -5.858067 1.550680 -7.974282 -17.953639 -6.413426 -9.228119 -7.606101 -46.310108 2.152572 -2.257362 5.839025 -12.010513 16.159191 -38.566956 -13.970561 17.353226 -13.781910 11.764110 -13.024258 -16.363754 10.497808 -4.052995 0.774186 -3.834597 
-46.691017 105.682968 12.711653 26.464961 53.660353 20.660924 3.571119 12.974265 -0.183372 -16.539581 3.713922 -22.774024 2.460448 20.514225 4.972147 -7.579902 12.362461 0.564326 2.649689 14.315455 2.574114 -3.665921 -3.673223 7.403770 3.611303 16.450460 2.802068 -6.962640 3.729685 -7.436471 0.582028 9.875908 3.249828 -6.726269 1.001475 9.236601 3.191668 11.763310 7.090410 -1.752587 20.263187 1.278495 9.540216 -4.426436 13.883751 4.498919 22.697166 -9.732343 -25.891315 -12.471975 17.258619 -32.743018 -10.263872 -19.823528 -23.033409 -13.454502 13.392307 4.044279 4.583279 2.921420 -1.934453 13.952634 0.958918 1.712053 -8.835015 -14.804409 -7.718620 5.044137 -14.583134 4.797603 -23.629429 1.400070 -30.795143 3.024895 12.382930 -28.124789 -6.164051 -44.281421 1.760095 -9.897175 28.039242 -4.138353 3.402010 0.517820 6.001524 -1.460918 7.800504 33.806930 -11.585814 39.183624 -32.138302 -13.005023 31.548767 -0.088919 3.559403 2.615721 -27.182751 -30.464962 17.545090 2.041218 -2.571125 -3.715530 -14.204777 2.159458 18.504446 -0.467815 8.348801 0.581770 -5.857892 1.557767 -7.976659 -18.095898 -6.672104 -8.971780 -7.610376 -46.321198 2.155697 -2.973158 5.936104 -11.896920 16.149656 -38.575401 -13.967842 17.675136 -13.314706 11.560884 -13.025538 -16.367996 10.505157 -4.420342 0.927587 -3.685288 
-47.006020 105.814880 12.390117 25.900385 52.754359 20.205800 3.569956 12.974077 -0.181729 -16.849950 4.046136 -23.078926 2.459856 20.515818 4.974285 -8.007832 12.115117 0.482954 2.647232 14.311673 2.571510 -3.780935 -3.638111 7.210323 3.615411 16.445604 2.804159 -7.301187 3.754600 -7.529846 0.579155 9.874676 3.247130 -6.743088 1.081761 9.281425 3.193076 11.764132 7.090508 -1.171271 19.987922 1.113385 9.540182 -4.432288 13.883694 3.819558 22.464123 -10.200835 -25.894222 -12.475791 17.252911 -32.468032 -10.109937 -19.863966 -23.036413 -13.452145 13.392871 4.009851 4.781634 2.897023 -1.931701 13.952335 0.960656 1.142907 -8.509619 -14.532831 -7.713038 5.043964 -14.584977 4.615512 -22.796383 1.421264 -30.793955 3.022002 12.388092 -28.248404 -5.746769 -44.471242 1.755975 -9.896996 28.039234 -4.416030 3.511963 0.731529 5.999489 -1.459703 7.796971 34.097629 -11.398530 39.423179 -32.137966 -13.007100 31.552412 -0.536325 3.539621 2.304741 -27.182648 -30.473686 17.547958 2.590867 -2.710246 -3.617268 -14.204429 2.163028 18.499332 -0.348649 8.426523 0.598350 -5.855683 1.556869 -7.979650 -18.082998 -6.644144 -8.540690 -7.610198 -46.322063 2.150756 -3.268172 5.759475 -12.053356 16.147669 -38.573097 -13.964383 17.776956 -13.319222 11.681997 -13.023435 -16.369570 10.505945 -4.148402 0.707988 -3.848626 
-47.415600 105.889542 11.993400 26.352200 53.728935 20.399347 3.572698 12.970208 -0.183222 -16.870548 3.966053 -23.011601 2.456645 20.513329 4.976093 -7.975377 12.182684 0.588108 2.645010 14.308806 2.578184 -3.965245 -3.469861 7.170760 3.616209 16.443380 2.807715 -7.043015 3.976157 -8.006767 0.579089 9.873446 3.245748 -6.965362 1.454767 9.054955 3.195024 11.764927 7.093525 -1.017281 19.886917 0.743788 9.531023 -4.431871 13.883830 2.945836 22.416105 -11.013864 -25.891829 -12.479163 17.250319 -31.872671 -9.646880 -19.665035 -23.040775 -13.454564 13.384758 3.762672 4.541991 3.211894 -1.938556 13.955599 0.964033 0.418582 -8.500894 -13.666899 -7.707414 5.039368 -14.583393 4.366741 -21.975929 1.948017 -30.796410 3.020497 12.389967 -28.263898 -5.702116 -44.635952 1.759861 -9.893504 28.047174 -4.359328 3.342702 0.604846 6.000277 -1.454285 7.796906 34.076196 -11.281594 39.175814 -32.140202 -13.007789 31.558056 -0.761737 3.575478 2.235071 -27.180138 -30.472015 17.547993 2.675786 -2.616467 -3.337201 -14.200674 2.163591 18.497997 -0.509843 8.482002 0.671737 -5.854483 1.560048 -7.985707 -18.303590 -6.852767 -7.698321 -7.605488 -46.322384 2.145563 -3.677134 5.973229 -12.400779 16.139231 -38.575027 -13.967878 18.083290 -13.412824 11.660580 -13.022791 -16.368740 10.509439 -4.149013 0.872572 -4.041880 
-47.941746 105.945763 11.385532 26.434381 54.467675 20.635634 3.574090 12.972502 -0.186734 -16.591798 4.147411 -22.892999 2.458230 20.521458 4.971539 -8.048562 12.386115 0.493898 2.648881 14.308418 2.577809 -4.002264 -3.262448 7.216249 3.618302 16.441214 2.809416 -7.396632 4.136737 -8.227513 0.579817 9.871730 3.239536 -6.963275 1.560840 8.953188 3.195720 11.767969 7.098376 -1.047981 19.505449 0.662779 9.532976 -4.436502 13.887080 2.344676 22.275557 -11.925092 -25.891632 -12.484424 17.252409 -31.913543 -9.350124 -19.468865 -23.046492 -13.457196 13.385687 3.942106 4.767213 3.621905 -1.932266 13.961966 0.969361 0.146352 -8.031064 -13.307048 -7.705073 5.040805 -14.587979 4.220159 -20.134206 2.230942 -30.796122 3.023706 12.394449 -28.678308 -5.302746 -45.121712 1.758458 -9.900229 28.052784 -4.811457 3.193354 0.483301 5.996203 -1.453405 7.806924 33.864880 -10.961327 39.386532 -32.146446 -13.008543 31.566769 -0.724446 3.917757 1.985790 -27.178400 -30.476986 17.540854 3.054703 -1.976384 -3.065728 -14.199271 2.156746 18.492701 -0.475006 8.450112 0.209329 -5.853166 1.560461 -7.988977 -18.698908 -7.181053 -7.214217 -7.605796 -46.335857 2.143469 -4.302096 6.193475 -12.229509 16.142115 -38.575489 -13.964904 18.578128 -12.945371 11.350244 -13.020644 -16.374220 10.512533 -4.169269 1.035015 -4.051829 
-48.538555 105.958878 10.523375 28.618610 56.799266 22.688239 3.583779 12.971608 -0.191013 -16.200620 4.651747 -23.172040 2.455291 20.523428 4.971227 -8.291217 12.749097 0.525872 2.649571 14.305437 2.577318 -4.192149 -2.949649 7.560631 3.619164 16.440245 2.810037 -7.271348 3.828104 -8.880062 0.582509 9.872705 3.236389 -6.967239 2.102183 8.954650 3.205522 11.765515 7.097280 -0.831625 19.047017 0.641572 9.530109 -4.438751 13.877687 1.446583 22.402464 -12.846791 -25.889397 -12.485817 17.252911 -31.712678 -9.203739 -19.998376 -23.043730 -13.463882 13.383280 3.623239 4.541533 3.452666 -1.925336 13.965655 0.974078 -0.329595 -7.110848 -12.424469 -7.712610 5.035650 -14.584086 4.988221 -18.258940 1.945031 -30.797333 3.016236 12.401904 -29.257566 -4.482328 -45.117047 1.756479 -9.907167 28.050779 -5.370887 2.852655 0.598592 5.986492 -1.460111 7.800315 33.971688 -10.412328 39.028678 -32.147202 -13.005805 31.576382 -1.141914 4.092322 1.953408 -27.176691 -30.473297 17.540176 3.747798 -1.580159 -3.397350 -14.195950 2.160340 18.498627 0.060536 8.193144 0.334997 -5.845315 1.560592 -7.990609 -19.235080 -7.425464 -6.209798 -7.603640 -46.339104 2.144772 -5.051351 6.390706 -11.814101 16.143749 -38.578449 -13.965329 18.852335 -12.786580 11.321075 -13.020306 -16.373817 10.517702 -4.089483 0.688750 -4.282825 
-49.117104 105.893387 9.493778 31.206643 59.416943 25.577552 3.583825 12.969126 -0.202620 -15.461281 4.768723 -23.238291 2.453711 20.517967 4.971965 -8.717253 12.596633 0.208429 2.656182 14.301593 2.578534 -4.129330 -2.332380 8.193477 3.626712 16.435804 2.811593 -7.126158 3.998076 -9.706648 0.579917 9.869579 3.238650 -6.606684 2.528798 8.766982 3.202874 11.763952 7.103951 -0.352135 18.402224 0.921394 9.532371 -4.445283 13.868652 0.353484 22.614353 -14.464958 -25.884958 -12.480918 17.260714 -31.841362 -8.697733 -20.059127 -23.040316 -13.466371 13.376229 3.607760 4.102256 3.879567 -1.920624 13.971704 0.981129 -0.224585 -5.824789 -11.801022 -7.713977 5.028192 -14.582146 5.548212 -16.361051 1.789292 -30.799047 3.012979 12.408332 -29.137478 -3.070772 -44.703352 1.758468 -9.909825 28.054750 -5.992577 2.492019 0.209741 5.976785 -1.464240 7.804753 33.650372 -9.568361 38.513340 -32.145317 -13.001356 31.578808 -0.954030 4.564800 1.593753 -27.166641 -30.460546 17.537243 3.785322 -0.534271 -3.454406 -14.190370 2.161667 18.501442 0.668594 7.799693 0.063422 -5.844617 1.560240 -7.989226 -19.730280 -7.308483 -4.794829 -7.595794 -46.337044 2.153914 -5.666145 6.704465 -11.442471 16.153936 -38.583405 -13.967993 19.327960 -12.696996 11.188414 -13.015888 -16.372332 10.517008 -3.855690 0.608374 -4.266268 
-49.583427 105.775665 8.419357 32.775619 61.413755 28.088390 3.585529 12.974125 -0.206077 -14.415275 5.010292 -22.955986 2.455407 20.525202 4.970895 -8.359748 13.027848 0.445209 2.655573 14.304952 2.570966 -3.889284 -1.788757 8.970302 3.625379 16.445332 2.806702 -6.676268 3.232217 -10.303065 0.583954 9.870410 3.238152 -5.824005 3.086135 8.370916 3.204887 11.755037 7.109571 -0.224661 17.917176 1.627347 9.532081 -4.453827 13.853704 -0.614993 22.766579 -15.656641 -25.882391 -12.478869 17.265636 -32.072028 -8.866886 -20.360000 -23.027821 -13.471915 13.381100 3.471631 4.112011 4.021177 -1.910159 13.977962 0.984011 -0.152805 -4.245599 -10.961642 -7.721993 5.026333 -14.588958 6.877976 -14.233518 1.891676 -30.802261 3.008772 12.404268 -28.880164 -1.027604 -43.407549 1.755409 -9.911920 28.048035 -6.695873 1.684245 -0.091279 5.971349 -1.475346 7.814276 33.668010 -8.152155 37.803007 -32.148121 -12.999229 31.591129 -0.643185 4.951549 1.891883 -27.165226 -30.452337 17.526016 4.082428 0.811059 -3.818759 -14.193919 2.155346 18.503120 1.425477 6.780898 0.108909 -5.840936 1.561342 -7.988750 -20.376087 -7.261580 -3.133591 -7.594712 -46.339653 2.160728 -6.737474 7.258715 -10.545712 16.168734 -38.589191 -13.972307 19.432303 -12.663531 11.080495 -13.015114 -16.375370 10.513933 -4.194121 0.772171 -4.389105 
-49.711739 105.635262 7.431377 32.714175 62.200115 29.250271 3.587168 12.971554 -0.216782 -13.390559 4.984397 -22.598086 2.453923 20.525263 4.973845 -8.552223 12.340595 0.125059 2.652789 14.306602 2.572021 -3.974904 -1.577558 9.045393 3.627095 16.450119 2.799950 -6.245847 3.023151 -10.849645 0.575826 9.869714 3.238848 -5.717727 2.975240 8.079925 3.208881 11.748029 7.108729 -0.406342 17.710167 1.721766 9.537846 -4.464926 13.847748 -1.174781 23.019355 -16.299727 -25.871937 -12.473989 17.271275 -32.765562 -8.433241 -21.272964 -23.024260 -13.479118 13.379302 3.096034 3.876907 4.342451 -1.903892 13.980286 0.985926 0.378922 -2.999693 -10.170276 -7.724293 5.025611 -14.584114 8.681561 -12.778008 1.336574 -30.802952 3.002279 12.414675 -28.482329 0.494340 -42.339277 1.750187 -9.918743 28.044281 -6.880588 1.482363 -0.040639 5.962896 -1.483741 7.820382 33.132274 -7.649832 37.319713 -32.147446 -13.000337 31.602983 -0.658406 5.200086 1.760894 -27.157700 -30.440786 17.519873 4.190982 1.131602 -4.561325 -14.186846 2.162342 18.508163 1.981701 6.409851 -0.212700 -5.848169 1.557308 -7.986450 -21.014409 -7.382728 -2.118679 -7.590014 -46.339966 2.171855 -7.010445 7.469856 -10.094448 16.177137 -38.599354 -13.969331 19.481501 -12.615958 10.619189 -13.009686 -16.372038 10.517954 -3.883503 0.653130 -4.535134 
-49.291012 105.538513 6.576994 30.148486 61.525115 28.047327 3.587351 12.980736 -0.224645 -12.474376 4.861544 -22.297875 2.455803 20.533020 4.974440 -8.432802 12.431324 0.137727 2.653148 14.308993 2.568851 -3.812949 -1.012631 9.633987 3.628818 16.456011 2.795354 -5.412574 2.295658 -11.185125 0.582178 9.862633 3.239963 -4.973008 3.354440 7.482071 3.213240 11.743777 7.112630 -0.170697 17.434176 2.421768 9.537102 -4.476609 13.838804 -1.382148 23.559530 -16.566909 -25.870327 -12.468659 17.279526 -33.178259 -8.621755 -22.316854 -23.020149 -13.483667 13.380454 2.865999 3.858721 4.097622 -1.899126 13.982210 0.987959 1.028735 -1.814972 -9.148334 -7.730771 5.021403 -14.589786 10.080641 -11.895212 1.156916 -30.809425 2.999611 12.415873 -27.649941 2.042675 -40.725331 1.744636 -9.921158 28.042906 -7.335368 0.945503 -0.043821 5.955224 -1.491271 7.823201 32.940059 -6.473570 36.364637 -32.150375 -12.996372 31.608675 -0.189091 5.029548 1.911635 -27.160255 -30.434776 17.505272 4.247083 2.116244 -4.874737 -14.180718 2.157202 18.513479 2.763087 6.340778 -0.127824 -5.848078 1.553985 -7.984858 -21.373692 -7.587532 -1.094818 -7.584109 -46.342640 2.187820 -7.440745 7.910321 -9.369902 16.195478 -38.611568 -13.976006 19.237827 -12.601214 10.508597 -13.012727 -16.367451 10.516868 -4.222530 0.756785 -4.568168 
-48.086731 105.512032 5.794054 28.017185 59.395250 26.080878 3.583357 12.979465 -0.227357 -11.739833 4.915255 -21.688958 2.453413 20.530273 4.980111 -8.096190 11.907445 0.208634 2.651088 14.312831 2.562855 -3.500701 -0.937088 9.332561 3.631191 16.461760 2.788151 -4.797621 2.048431 -10.697140 0.578955 9.855332 3.242984 -4.568381 3.164009 7.226363 3.211739 11.734478 7.115266 -0.186197 16.911215 3.355487 9.540606 -4.485041 13.831337 -1.038381 23.843301 -16.614630 -25.866840 -12.460508 17.287573 -33.867630 -9.328177 -23.421636 -23.013767 -13.488627 13.380982 2.695552 3.425355 3.644971 -1.894998 13.974212 0.986543 1.426356 -1.132526 -8.679366 -7.738819 5.017778 -14.598082 11.156837 -10.858453 0.688635 -30.815327 3.001539 12.417591 -26.365285 4.293450 -38.653898 1.741946 -9.925034 28.041430 -7.583706 0.274513 0.067430 5.946740 -1.498295 7.818249 32.512421 -5.508377 35.419640 -32.151543 -12.994437 31.617092 -0.004455 5.192284 2.047649 -27.156837 -30.428820 17.496901 4.377133 2.584900 -4.963010 -14.178782 2.155282 18.510841 3.183587 6.082083 -0.532375 -5.850278 1.547698 -7.984125 -21.620323 -7.467997 -0.283210 -7.581636 -46.328136 2.201965 -7.765642 7.660545 -9.268661 16.215143 -38.623085 -13.982086 19.171306 -12.850968 10.789345 -13.009952 -16.365694 10.513412 -4.137221 0.615744 -4.411010 
-45.939297 105.572685 4.980299 24.856937 55.328036 23.162561 3.583618 12.987787 -0.232730 -11.064466 4.344987 -20.923540 2.460801 20.530153 4.983518 -7.478362 11.273324 0.291378 2.647837 14.317799 2.561776 -2.672663 -0.747577 9.394220 3.628283 16.466547 2.779729 -4.113586 1.928873 -9.853683 0.579872 9.849794 3.248329 -3.900111 3.002718 6.789946 3.217773 11.727621 7.121319 -0.254792 16.853012 4.157512 9.544772 -4.495184 13.828570 0.277538 23.756564 -15.772372 -25.864882 -12.455544 17.302477 -34.281935 -10.093244 -24.311826 -23.005066 -13.484550 13.384498 2.419812 3.586409 3.270299 -1.890542 13.970600 0.985572 2.099145 -0.749225 -8.040646 -7.748616 5.020022 -14.608993 12.485106 -10.023770 0.365811 -30.826029 3.005898 12.418819 -25.058617 6.286014 -36.380852 1.735826 -9.924099 28.038414 -7.632989 0.252825 -0.022506 5.944128 -1.505728 7.812107 32.056451 -4.773861 34.896102 -32.153042 -12.991303 31.621601 0.107735 5.295584 2.020638 -27.163294 -30.425400 17.480848 4.096462 3.048829 -5.043486 -14.174787 2.154878 18.515638 3.621791 6.294620 -0.591365 -5.847796 1.539354 -7.982908 -21.498323 -7.456192 -0.047019 -7.584441 -46.315296 2.223604 -7.685740 7.178834 -9.142953 16.236406 -38.643440 -13.984153 18.491653 -12.931776 11.353145 -13.014902 -16.369762 10.513849 -4.063006 0.924394 -4.257739 
-42.865955 105.663231 4.098258 20.631860 49.316042 19.493123 3.583180 12.993766 -0.239272 -10.652651 3.820857 -20.240535 2.459412 20.534260 4.985951 -7.222080 10.167698 0.419217 2.641689 14.329686 2.561638 -1.599247 -0.171883 9.329733 3.624375 16.481300 2.770778 -3.589179 1.630376 -9.017165 0.580614 9.834563 3.248954 -3.584737 2.572678 6.386185 3.213452 11.712225 7.126173 0.025902 16.771004 5.109068 9.556483 -4.507018 13.834736 1.933120 23.461159 -14.262040 -25.865520 -12.449588 17.317669 -34.739975 -10.667226 -25.235406 -23.002743 -13.487600 13.396525 1.845490 3.492913 2.909483 -1.889191 13.958484 0.976278 3.166359 -0.453111 -7.510824 -7.760303 5.024817 -14.623035 13.825154 -9.583201 -0.044263 -30.838516 3.006778 12.420868 -22.968278 8.633333 -32.893966 1.723890 -9.918369 28.039492 -7.937359 0.254161 0.007485 5.937037 -1.513330 7.801660 31.565637 -4.275893 34.334599 -32.160660 -12.992371 31.627422 -0.125908 5.287676 1.991203 -27.174421 -30.430943 17.470053 3.932671 2.857819 -4.817874 -14.174549 2.151168 18.518517 3.783396 6.564810 -1.123378 -5.851982 1.527241 -7.984845 -20.985171 -7.434690 0.232339 -7.587560 -46.299522 2.247821 -7.547580 6.784795 -9.896500 16.262648 -38.668976 -13.992638 17.430965 -13.331821 11.759742 -13.020795 -16.371014 10.516373 -3.520749 1.401858 -3.970298 
-39.016762 105.764610 3.176359 18.592572 44.351079 17.514036 3.583298 13.009877 -0.236620 -10.023851 3.487263 -18.895460 2.475123 20.531509 4.983089 -5.984432 8.967117 0.737255 2.646642 14.348660 2.565943 -0.406671 0.298552 8.435432 3.622523 16.490597 2.766551 -2.475842 1.643284 -7.604318 0.573531 9.834066 3.246866 -3.235568 2.362790 6.057904 3.200985 11.707851 7.129473 -0.333437 16.810163 5.965448 9.573149 -4.521997 13.829012 4.435829 22.779152 -12.427626 -25.867102 -12.432288 17.342331 -35.175966 -11.663409 -25.951123 -22.998531 -13.495165 13.408578 1.137576 3.069160 2.143207 -1.892042 13.947569 0.969248 4.120582 -0.273838 -7.372738 -7.789384 5.028365 -14.646055 14.667657 -9.041403 -0.621143 -30.852411 3.002590 12.416150 -20.267323 10.480632 -28.617806 1.719860 -9.919557 28.042639 -8.386943 0.128927 0.243957 5.933885 -1.521194 7.797960 30.684147 -3.877274 33.633860 -32.168743 -12.993514 31.644611 -0.384428 5.104846 1.365958 -27.191338 -30.426704 17.467201 3.881425 2.556377 -4.215341 -14.173527 2.155367 18.529295 4.326346 6.721333 -1.094919 -5.844207 1.513189 -7.994310 -20.252472 -6.627456 -0.181372 -7.589151 -46.283527 2.270006 -6.869761 5.899255 -10.036485 16.291412 -38.705116 -13.996257 16.269970 -13.706970 11.989718 -13.033463 -16.380962 10.513330 -3.089745 1.620962 -3.256919 
-34.618465 105.848518 2.300830 18.011540 39.025847 17.246079 3.577195 13.029496 -0.223163 -9.534125 2.611156 -17.816950 2.488832 20.535583 4.973010 -4.719129 7.547884 0.706062 2.659288 14.367548 2.570927 0.796914 0.590558 8.078626 3.608775 16.492647 2.780388 -1.708431 1.496882 -6.326273 0.570359 9.836746 3.242373 -2.413861 2.092100 5.148784 3.183641 11.704390 7.146436 -0.497606 17.062099 6.148229 9.587855 -4.542426 13.832747 7.469573 21.662686 -9.811545 -25.882782 -12.405288 17.366524 -34.955129 -12.267932 -26.169238 -22.991478 -13.503847 13.415634 0.470029 2.721173 2.086603 -1.898235 13.947661 0.966789 4.820471 -0.398336 -7.247208 -7.805173 5.032268 -14.667945 15.220008 -9.271875 -0.653080 -30.871313 3.006798 12.411171 -17.223288 12.081516 -24.155188 1.708354 -9.904083 28.042887 -8.319415 0.291691 0.020606 5.940158 -1.524879 7.803955 30.146901 -4.475989 32.995575 -32.177074 -13.004427 31.654940 -0.523300 4.570227 0.395584 -27.198683 -30.427952 17.471174 3.302307 1.330397 -3.664623 -14.177318 2.154858 18.539703 4.386986 7.072494 -1.601378 -5.841361 1.506044 -7.995541 -19.029541 -5.922707 -1.002931 -7.599562 -46.282070 2.271127 -5.688404 5.048520 -10.436370 16.312983 -38.739731 -13.995927 14.792591 -14.625283 12.317021 -13.053320 -16.394697 10.510386 -2.256901 2.412682 -2.528206 
-29.906546 105.946289 1.551628 16.541113 33.737863 16.818707 3.570371 13.047899 -0.203086 -10.008826 1.807010 -17.460830 2.493904 20.539345 4.957966 -3.477672 5.933854 0.787833 2.661920 14.374693 2.571455 1.533672 0.328248 6.902666 3.599162 16.485800 2.796997 -0.660172 1.335335 -5.572289 0.569614 9.846073 3.246088 -1.785463 1.850083 4.258067 3.175624 11.705185 7.156563 -0.987388 17.102310 5.676423 9.595762 -4.566071 13.833959 9.907960 20.178648 -7.646445 -25.900347 -12.369597 17.385344 -34.143535 -13.056695 -25.932884 -22.983406 -13.507720 13.422834 -0.569128 2.614373 1.999751 -1.910740 13.953641 0.963620 5.906453 -0.660044 -7.063951 -7.819081 5.029565 -14.680993 15.918427 -9.959772 -0.744132 -30.887259 3.004577 12.409018 -13.729467 12.656501 -19.749857 1.701359 -9.889342 28.041313 -7.420488 0.142907 -0.014832 5.955151 -1.525808 7.802108 29.925261 -4.896748 32.083649 -32.182671 -13.010112 31.654470 -1.505123 3.351783 -1.322811 -27.189444 -30.423759 17.480183 3.294645 -0.495433 -3.044698 -14.185246 2.163476 18.551144 4.156245 7.635825 -1.790585 -5.848104 1.508303 -7.992681 -17.544181 -4.712356 -2.011599 -7.616975 -46.279305 2.264756 -4.393094 4.249165 -10.615185 16.316568 -38.761684 -13.998987 13.776974 -15.724586 11.838224 -13.068070 -16.408665 10.510380 -1.547949 2.698263 -1.923624 
-25.222597 106.081375 0.993376 15.539030 29.025739 16.525327 3.557901 13.070656 -0.177525 -10.395079 2.068450 -17.875894 2.489413 20.544943 4.937275 -3.137965 4.358064 0.685480 2.661848 14.369150 2.567574 1.990452 -0.083781 5.618006 3.590274 16.488029 2.812622 -0.076076 1.656261 -4.779636 0.569900 9.850863 3.245952 -1.151772 1.419547 3.332018 3.173224 11.707937 7.165412 -1.509918 17.123933 5.307248 9.606998 -4.587545 13.841026 12.119504 19.107818 -5.836179 -25.914684 -12.330396 17.396479 -34.015780 -14.042236 -25.802520 -22.978819 -13.505136 13.423150 -1.460489 2.366689 1.451513 -1.913293 13.955138 0.957166 6.544251 -1.257925 -7.270318 -7.821046 5.031383 -14.686385 16.964808 -10.755266 -0.940331 -30.893547 3.012539 12.402694 -10.239065 12.839110 -15.170094 1.707209 -9.883230 28.034292 -6.349648 -0.228816 -0.093981 5.965819 -1.525157 7.805420 30.464478 -5.687632 31.310926 -32.176678 -13.018561 31.640999 -2.707623 2.105167 -3.262172 -27.173975 -30.418865 17.494507 3.343410 -2.395607 -2.970433 -14.196207 2.169594 18.551483 3.566478 7.840081 -2.285333 -5.858710 1.514544 -7.974424 -15.974559 -3.630394 -3.399086 -7.631226 -46.278698 2.245392 -3.332838 3.240877 -10.646177 16.311596 -38.765816 -14.011535 13.009289 -16.528011 11.325042 -13.076101 -16.425135 10.513396 -0.773191 2.559619 -1.230934 
-21.013409 106.277718 0.665945 14.554331 26.031319 16.240595 3.554311 13.085098 -0.160780 -10.691581 2.073798 -17.984431 2.487295 20.553633 4.920883 -2.579548 3.083017 0.737190 2.656991 14.369940 2.562886 2.367924 -0.451657 5.069795 3.575396 16.486544 2.812517 0.475786 2.076813 -4.232741 0.570107 9.846748 3.251280 -0.537397 0.733161 2.724545 3.168834 11.704558 7.165788 -2.224172 17.711025 4.669512 9.613196 -4.599677 13.838545 13.002160 18.269257 -5.248284 -25.923433 -12.295008 17.409872 -34.038313 -15.360184 -25.971484 -22.962179 -13.501372 13.430458 -2.073068 2.488928 0.762286 -1.915548 13.952647 0.945052 7.517457 -1.404508 -8.016779 -7.826967 5.032457 -14.684223 17.670615 -12.413032 -1.439428 -30.897562 3.019152 12.392488 -7.135868 12.822131 -11.141837 1.708726 -9.880628 28.032148 -5.405288 -0.441554 0.282587 5.974578 -1.525309 7.805959 30.723762 -5.569128 30.665032 -32.180008 -13.021584 31.623260 -3.825772 1.513773 -4.678235 -27.158278 -30.410717 17.500845 3.299261 -3.589251 -2.971629 -14.200011 2.169143 18.557873 2.887160 7.638424 -2.564529 -5.867484 1.513026 -7.957222 -14.613644 -2.847104 -4.096057 -7.644754 -46.271748 2.235097 -2.434199 2.453789 -10.936704 16.303532 -38.771358 -14.028189 12.591765 -16.877925 10.997567 -13.080497 -16.429344 10.520226 -0.049847 2.087402 -1.048134 
-17.613056 106.513756 0.507798 14.160451 24.537916 15.872627 3.548497 13.103055 -0.152089 -10.555441 1.959257 -18.324257 2.478013 20.564165 4.909627 -2.584479 2.649653 0.840809 2.652267 14.367404 2.561305 2.722343 -0.329263 5.554416 3.557474 16.493780 2.814855 0.856991 2.617699 -3.998010 0.578127 9.838953 3.252765 0.075919 0.227919 2.362577 3.165634 11.706926 7.167140 -2.775270 18.602336 4.800382 9.616333 -4.599767 13.833536 13.889640 18.344563 -3.888071 -25.915369 -12.273837 17.412296 -34.829549 -16.944671 -26.497475 -22.951689 -13.503344 13.435004 -2.110842 2.078196 -0.433650 -1.912041 13.939519 0.946007 8.110482 -1.677430 -8.532566 -7.828379 5.039681 -14.684473 18.222550 -13.708625 -1.565943 -30.901466 3.024309 12.380048 -4.445841 12.522615 -7.325546 1.718826 -9.875754 28.021235 -4.846302 -1.317926 0.361220 5.976350 -1.533524 7.809607 31.104801 -5.811453 30.401039 -32.179264 -13.022960 31.606718 -4.766310 0.527264 -5.528127 -27.148386 -30.407286 17.502863 3.614523 -4.703960 -3.241245 -14.200672 2.156247 18.553902 2.811926 7.245355 -2.986056 -5.874140 1.514829 -7.945861 -13.829620 -2.452510 -4.406152 -7.661272 -46.252731 2.226280 -3.074284 2.018357 -11.380634 16.306458 -38.770649 -14.054788 11.839587 -16.410364 10.684655 -13.084109 -16.428904 10.521180 0.088039 2.090837 -0.930715 
-15.102304 106.788895 0.476332 14.130884 24.163022 15.789907 3.538564 13.110110 -0.151195 -10.297243 1.400095 -18.679691 2.474175 20.561419 4.904794 -2.576574 2.642241 0.645983 2.652512 14.366702 2.558480 2.939303 -0.136601 5.760743 3.540887 16.499842 2.810098 1.143470 2.624954 -3.604134 0.580581 9.828169 3.260055 0.407483 -0.143427 2.266355 3.159812 11.711804 7.169493 -3.746757 19.877147 4.536468 9.619749 -4.597677 13.827450 14.496177 18.509756 -2.990497 -25.908403 -12.262026 17.415379 -36.209814 -17.851526 -26.975424 -22.939953 -13.503025 13.432967 -1.822096 1.981978 -1.145958 -1.916089 13.934069 0.941383 8.881878 -1.808584 -8.962003 -7.823636 5.042470 -14.683717 19.103266 -14.990600 -1.961021 -30.903814 3.030584 12.365417 -2.732361 12.411150 -4.392195 1.722031 -9.869790 28.007664 -4.455832 -1.327547 1.004666 5.981217 -1.537883 7.817664 31.219244 -6.700738 30.500770 -32.177921 -13.033220 31.592350 -5.512077 0.567447 -6.047013 -27.141502 -30.397514 17.503220 3.803568 -5.133621 -3.568037 -14.198201 2.151249 18.548388 2.706764 6.970211 -2.924628 -5.881958 1.515217 -7.929427 -13.067926 -2.511686 -4.527731 -7.671772 -46.239799 2.218263 -3.866676 1.699806 -11.892190 16.304281 -38.761555 -14.068264 11.630543 -16.146755 10.358829 -13.085571 -16.418028 10.521111 0.205043 2.064049 -1.336156 
-13.382890 107.069237 0.507038 14.841130 24.019279 16.175430 3.536485 13.119670 -0.153832 -9.925630 1.193500 -18.425088 2.469328 20.563345 4.905442 -2.390022 2.729849 0.966422 2.656133 14.364274 2.553922 3.238457 0.110193 6.039373 3.530828 16.502144 2.803868 1.343825 2.878594 -3.070507 0.578614 9.828046 3.267090 0.743999 -0.637483 2.764671 3.159379 11.712103 7.164519 -4.706483 20.471404 4.618128 9.625862 -4.595504 13.819561 15.057401 18.964254 -2.461622 -25.896673 -12.258129 17.415676 -37.627819 -19.413739 -27.663060 -22.935360 -13.498898 13.434141 -1.466426 1.707254 -1.910420 -1.915887 13.926512 0.941701 9.247855 -2.039761 -9.381424 -7.826516 5.046463 -14.685398 19.617275 -16.244889 -2.403875 -30.906263 3.031768 12.359530 -1.227506 12.232858 -2.394607 1.726303 -9.870193 27.998823 -4.273672 -1.589229 1.484618 5.977526 -1.546357 7.821244 31.198211 -6.992157 31.048985 -32.185371 -13.034182 31.589514 -6.173781 0.434472 -6.591930 -27.140814 -30.391918 17.498938 3.715305 -5.422379 -4.102566 -14.198237 2.146540 18.550640 2.702202 6.592199 -2.844662 -5.878378 1.514911 -7.921517 -12.677942 -2.572200 -4.609585 -7.675301 -46.232048 2.219801 -5.191528 1.257991 -12.002468 16.307207 -38.758965 -14.081670 11.662969 -15.805495 10.724594 -13.090288 -16.410435 10.523726 -0.059322 1.948604 -1.482511 
-12.326348 107.337135 0.568407 15.196826 24.059133 16.856198 3.530976 13.126877 -0.152519 -10.049657 0.918114 -18.802464 2.463874 20.562840 4.903543 -2.585129 2.656069 0.916611 2.655736 14.366724 2.557841 3.233610 0.243527 6.669048 3.528286 16.508705 2.804524 1.234659 2.744916 -2.970938 0.579605 9.817809 3.277998 1.015578 -0.775809 2.709662 3.154368 11.711532 7.166884 -4.709478 21.434937 5.020727 9.625551 -4.594697 13.821213 15.126096 19.714397 -2.092375 -25.898489 -12.251542 17.421164 -38.516198 -19.981310 -27.606884 -22.930910 -13.497162 13.441021 -1.280635 1.373423 -2.278262 -1.913371 13.925129 0.939413 9.395331 -2.309318 -10.163746 -7.827079 5.043604 -14.689318 19.852225 -17.265586 -2.377523 -30.911846 3.034377 12.350848 -0.114024 12.353034 -0.301138 1.734155 -9.862829 28.000298 -4.476365 -1.575014 1.400583 5.982296 -1.547515 7.834857 31.316865 -8.067081 31.557465 -32.187595 -13.035593 31.582123 -6.360975 0.248763 -6.682716 -27.143305 -30.387573 17.498699 3.520777 -5.523849 -4.434473 -14.202091 2.144443 18.547937 3.046197 6.449380 -2.826795 -5.883583 1.516582 -7.915877 -12.528265 -2.826806 -4.513258 -7.680595 -46.237072 2.222308 -6.441104 1.194868 -12.566273 16.315161 -38.752293 -14.089693 11.793489 -15.865756 10.929840 -13.089321 -16.409185 10.521088 -0.099397 2.147976 -1.767069 
-11.808667 107.574677 0.667160 15.492459 23.888206 17.003278 3.528310 13.132424 -0.152240 -9.941496 0.949027 -18.870537 2.458852 20.559849 4.901080 -2.715972 2.956013 1.085938 2.656565 14.366276 2.559344 2.887166 0.481189 6.637492 3.525697 16.505724 2.806903 1.240245 2.778497 -2.680197 0.581090 9.818661 3.277533 1.066128 -0.876813 2.919083 3.159596 11.713674 7.157999 -4.835680 21.957747 5.040455 9.631658 -4.596945 13.817656 15.465181 20.169325 -1.756852 -25.890285 -12.254070 17.413332 -39.217348 -20.679487 -28.453576 -22.936583 -13.495543 13.439798 -1.285544 1.257762 -2.692774 -1.912802 13.923140 0.936757 9.287818 -2.632165 -9.922628 -7.825295 5.043828 -14.686918 20.390522 -17.820858 -2.783718 -30.908005 3.033644 12.350089 0.215933 12.344626 0.620761 1.733148 -9.862830 27.998196 -4.197359 -1.579563 1.721074 5.979813 -1.550091 7.830643 31.599160 -8.592629 31.832476 -32.186916 -13.039726 31.582767 -6.862182 -0.087239 -6.938100 -27.143522 -30.391996 17.505947 3.870656 -6.074943 -5.000565 -14.204638 2.145998 18.550415 3.031087 6.286977 -2.750731 -5.876774 1.515798 -7.912015 -12.252044 -2.877975 -4.398780 -7.677083 -46.238953 2.220410 -7.056777 0.969838 -12.443790 16.311087 -38.753162 -14.089107 12.131125 -15.652482 11.036242 -13.090789 -16.404099 10.521747 -0.285500 2.088564 -1.855032 
-11.776014 107.795334 0.794646 15.719897 23.690484 17.041506 3.530087 13.134270 -0.156077 -10.000943 0.727659 -19.200659 2.456253 20.565884 4.900988 -2.811545 2.863854 0.902392 2.656296 14.366363 2.560501 3.153694 0.410831 6.742913 3.525104 16.512949 2.803389 1.147113 2.716753 -2.665670 0.578544 9.813133 3.278889 0.742623 -0.829670 2.821214 3.159173 11.707733 7.162853 -4.820518 22.146190 5.166011 9.630301 -4.598812 13.823734 15.451044 20.230897 -1.372597 -25.889656 -12.250726 17.414017 -39.779346 -20.834968 -28.099636 -22.933998 -13.495447 13.444077 -1.452711 1.476843 -2.313796 -1.911248 13.922479 0.931759 9.610029 -2.602753 -10.262929 -7.827567 5.044769 -14.688143 20.346435 -18.327950 -2.653742 -30.911860 3.035320 12.344944 0.420972 12.607693 0.987528 1.731886 -9.858891 27.996679 -4.487558 -1.391189 1.666468 5.984909 -1.552192 7.834347 31.582576 -9.215364 32.578322 -32.190609 -13.041148 31.584469 -7.278361 0.046494 -6.968816 -27.142946 -30.390831 17.504057 3.780344 -5.592430 -4.985466 -14.201650 2.146091 18.544813 3.136193 6.130640 -3.025531 -5.885804 1.513966 -7.914375 -12.484563 -3.126644 -4.388660 -7.679902 -46.242607 2.224543 -7.735420 0.780746 -12.847221 16.314041 -38.751827 -14.092302 12.691577 -15.801733 10.974735 -13.089178 -16.400860 10.522109 -0.160544 2.165915 -1.886877 
-12.227791 107.976715 0.950739 15.955906 23.427197 16.828929 3.534688 13.130018 -0.154974 -10.044992 0.703325 -19.333021 2.456904 20.560394 4.900642 -2.804826 3.148261 0.931460 2.658349 14.364059 2.560769 3.024322 0.485858 6.595267 3.523259 16.508593 2.805900 1.109203 2.943140 -2.562569 0.578735 9.815335 3.273679 0.607184 -0.579949 2.812156 3.162379 11.701980 7.158320 -4.670462 22.264841 5.152354 9.625667 -4.597731 13.818856 15.538952 20.262260 -1.269200 -25.883726 -12.250741 17.407000 -39.908389 -20.951986 -27.920188 -22.934605 -13.492258 13.436217 -1.448512 1.288261 -2.038600 -1.911392 13.922019 0.932131 9.366416 -2.847620 -9.983361 -7.828262 5.042117 -14.682126 19.821986 -18.383744 -2.472334 -30.909330 3.035708 12.340435 0.040075 12.981383 0.628325 1.730088 -9.859097 27.993137 -4.376543 -1.233607 1.749277 5.988796 -1.549434 7.831358 31.705765 -9.458301 32.815456 -32.189754 -13.043766 31.581760 -7.335812 -0.124903 -7.074855 -27.142046 -30.390408 17.506767 3.645578 -5.638597 -5.243644 -14.201887 2.142419 18.545212 3.121811 6.236484 -2.912397 -5.876616 1.518065 -7.912845 -12.147094 -3.291234 -4.475751 -7.678459 -46.239872 2.222327 -8.055992 0.578735 -12.558655 16.307568 -38.748913 -14.088611 12.822423 -15.850139 11.107019 -13.087843 -16.400267 10.525541 -0.039126 2.268365 -1.624714 
-13.235727 108.131386 1.144186 16.540896 23.242386 16.949531 3.543658 13.133780 -0.158176 -10.344280 0.636467 -19.143729 2.464221 20.557518 4.898903 -2.779602 3.373183 0.930251 2.665009 14.368168 2.560064 2.884151 0.543659 6.502813 3.528059 16.506624 2.804735 1.628967 3.325047 -2.284718 0.576689 9.815032 3.269071 0.739495 -0.314402 2.648398 3.165331 11.701388 7.165351 -4.621498 21.988027 5.588850 9.628092 -4.597250 13.821350 15.599920 20.129252 -1.077814 -25.890476 -12.253565 17.411510 -39.002340 -20.289424 -27.999013 -22.935070 -13.494010 13.435857 -1.710762 1.533624 -1.841499 -1.910484 13.923539 0.933551 9.283701 -2.999036 -9.749192 -7.829867 5.042030 -14.686925 19.462467 -17.799203 -2.202620 -30.908581 3.037289 12.344301 -0.449603 13.320787 -0.558799 1.734476 -9.867636 28.000490 -4.688301 -1.307931 1.424760 5.988305 -1.553154 7.831639 31.998613 -9.576592 33.103519 -32.186569 -13.041629 31.584991 -7.245630 -0.353232 -7.239630 -27.138687 -30.392546 17.503517 3.407994 -5.300062 -4.537379 -14.199330 2.139811 18.543018 3.499616 6.559220 -2.780390 -5.869769 1.513271 -7.926336 -12.315551 -3.542473 -4.870694 -7.673701 -46.245052 2.228331 -8.496293 0.781377 -12.682293 16.309742 -38.750217 -14.079119 13.469185 -16.065554 10.819875 -13.085506 -16.399153 10.518006 -0.303840 2.058076 -1.683321 
-14.950183 108.226265 1.402135 16.500014 23.155890 16.442873 3.552092 13.126131 -0.156397 -10.721136 0.756675 -19.213670 2.465341 20.557600 4.902412 -2.842693 3.408557 0.663704 2.667948 14.362485 2.560074 2.580467 -0.098085 6.212123 3.545053 16.500883 2.808047 1.339643 3.488423 -2.322075 0.578149 9.821532 3.266380 0.386602 0.085011 3.140675 3.169047 11.700506 7.164351 -4.290325 21.187143 5.558674 9.625929 -4.597972 13.825067 15.232748 19.866153 -1.376434 -25.897038 -12.258456 17.408201 -38.312327 -19.757890 -27.159400 -22.935303 -13.499126 13.433611 -1.630142 1.589430 -1.040949 -1.904565 13.932497 0.935672 8.577656 -3.065004 -9.634881 -7.834502 5.029955 -14.680855 18.318275 -17.523914 -2.076642 -30.913855 3.038786 12.345998 -1.813438 13.721374 -2.392923 1.733263 -9.866683 28.001467 -5.091961 -1.327323 0.855175 5.986524 -1.544440 7.827869 32.125644 -9.567212 33.377502 -32.181347 -13.037719 31.583197 -7.224688 -0.310217 -7.134525 -27.137781 -30.399658 17.503756 3.176039 -4.633099 -3.859357 -14.200918 2.144140 18.541727 3.477193 7.046028 -2.596637 -5.869253 1.515390 -7.930508 -12.332130 -3.851037 -4.807871 -7.675529 -46.248940 2.233021 -8.446226 0.978619 -12.460953 16.308174 -38.746494 -14.072256 13.661615 -16.137411 11.092729 -13.078506 -16.406067 10.522010 -0.296736 2.225453 -1.420998 
-17.604845 108.255547 1.798141 16.946287 23.243941 16.422635 3.565368 13.118359 -0.162419 -11.207533 0.974837 -19.405927 2.480266 20.553177 4.906866 -3.128341 3.834687 0.597646 2.676140 14.358702 2.569040 2.004795 -0.062514 5.963649 3.559958 16.492344 2.805699 1.349945 3.731423 -1.980256 0.567905 9.823967 3.254800 -0.251073 0.722911 3.190938 3.175889 11.692083 7.163584 -3.529567 20.563738 5.588887 9.615965 -4.592513 13.831014 14.357677 19.686594 -2.465524 -25.900110 -12.269838 17.401997 -37.026630 -18.692431 -27.099356 -22.948788 -13.502066 13.430759 -1.757018 1.105361 -0.250186 -1.896487 13.935164 0.937100 7.797396 -3.212532 -8.898775 -7.828569 5.024792 -14.676766 17.120764 -16.638920 -1.762934 -30.908333 3.045378 12.356460 -3.803678 14.143240 -5.538159 1.728977 -9.869880 28.020943 -5.301859 -0.459823 0.414225 5.984524 -1.535421 7.824859 32.327326 -9.517904 33.677306 -32.182507 -13.040330 31.591787 -7.051688 -0.207678 -6.953853 -27.144196 -30.406912 17.497374 3.043788 -4.255780 -3.861688 -14.199583 2.140284 18.545589 3.516565 7.764436 -2.700785 -5.853585 1.513236 -7.940576 -12.770937 -4.263592 -4.990339 -7.663181 -46.265167 2.241270 -7.991163 1.383634 -12.239836 16.298714 -38.753613 -14.051905 14.068795 -16.570444 11.756922 -13.073700 -16.413837 10.516104 -0.314372 2.349730 -1.244286 
-21.385206 108.169785 2.525661 18.106505 23.834807 16.902526 3.579774 13.098955 -0.167471 -11.798837 0.791920 -20.016341 2.488562 20.551157 4.917963 -3.334251 4.855135 0.628044 2.680770 14.352384 2.574736 1.521135 -0.681316 5.652748 3.579342 16.486038 2.807012 0.606200 3.927182 -2.270793 0.567540 9.832966 3.247434 -1.444801 1.041474 3.470646 3.183727 11.688059 7.177623 -2.924095 19.814485 5.851893 9.604088 -4.580138 13.836141 13.439170 19.337941 -2.871631 -25.900782 -12.300467 17.386282 -36.268274 -16.994701 -25.905178 -22.949997 -13.502843 13.427032 -1.594629 1.932673 0.486877 -1.894368 13.948257 0.943811 6.410606 -3.547179 -8.367326 -7.827484 5.018147 -14.676003 16.446909 -15.157431 -1.193340 -30.904791 3.038700 12.370065 -7.069484 14.765354 -10.179214 1.722850 -9.868251 28.022730 -6.036187 0.127167 0.098491 5.981194 -1.540671 7.815984 32.175174 -9.801147 34.685326 -32.171608 -13.044625 31.602606 -6.661132 0.397013 -5.873421 -27.142616 -30.417025 17.493073 2.895629 -3.107633 -3.073289 -14.202406 2.143270 18.544893 4.151548 8.532667 -2.679140 -5.847847 1.511115 -7.959541 -13.408079 -4.488873 -5.213870 -7.650693 -46.270222 2.247708 -7.836156 1.854829 -12.133700 16.295692 -38.751266 -14.029778 14.690980 -16.459564 12.416434 -13.063565 -16.411577 10.510101 -0.770685 2.663799 -1.157700 
-26.182154 107.890175 4.037109 20.422220 24.616765 17.439961 3.584109 13.074056 -0.176589 -12.159576 1.472420 -20.119244 2.490828 20.532343 4.926297 -3.536171 6.355082 0.583123 2.679448 14.332505 2.582132 0.308793 -1.083375 5.986180 3.591524 16.473135 2.803696 -0.740055 4.569960 -2.237725 0.574925 9.835790 3.231197 -3.126655 1.178190 3.649881 3.192472 11.693426 7.178239 -1.858441 18.915746 5.786065 9.596090 -4.552281 13.842373 12.308219 19.124152 -3.880800 -25.889215 -12.339842 17.361979 -35.862950 -15.421215 -25.262831 -22.958920 -13.509109 13.408070 -0.875380 2.055509 0.719306 -1.896064 13.950816 0.943629 4.200618 -4.724368 -8.107511 -7.812225 5.004926 -14.656572 15.014354 -14.846572 -1.300532 -30.890923 3.037665 12.380925 -11.742685 13.673803 -16.426263 1.727016 -9.874173 28.031111 -6.524890 0.907003 -0.383757 5.971844 -1.538757 7.796150 31.858919 -10.488786 35.324427 -32.168404 -13.054605 31.610237 -5.689019 1.231122 -4.128515 -27.144682 -30.433008 17.484715 3.114352 -2.065452 -2.546208 -14.204521 2.140417 18.538143 4.179248 9.131306 -2.360125 -5.833950 1.514440 -7.965054 -14.561212 -5.245934 -5.142142 -7.638912 -46.272991 2.256004 -7.541700 2.728846 -12.176901 16.278612 -38.748516 -14.010215 13.941348 -15.779424 13.769391 -13.048154 -16.406431 10.499106 -1.349106 2.788783 -1.360056 
-31.413944 107.297836 6.765057 22.240947 25.320631 17.262402 3.592427 13.037746 -0.185089 -13.741971 2.865951 -21.396015 2.479676 20.530508 4.954635 -4.654766 7.560008 0.166203 2.674770 14.299380 2.590695 -0.876834 -2.499771 5.891902 3.615051 16.455851 2.801644 -2.992223 5.926594 -2.470959 0.577174 9.826892 3.211853 -5.803574 1.072718 4.209812 3.191976 11.702647 7.183339 -0.286683 17.611474 5.113820 9.587166 -4.511994 13.851001 9.728920 19.125781 -5.219395 -25.857098 -12.381079 17.322086 -35.690491 -14.359557 -23.369480 -22.974369 -13.503649 13.393160 0.498467 2.674567 0.817227 -1.904091 13.953573 0.936052 1.786177 -6.792076 -8.593177 -7.782986 5.002523 -14.617534 12.769744 -16.319707 -1.149880 -30.869688 3.030721 12.396846 -16.984520 10.226463 -24.284246 1.738989 -9.876160 28.040485 -6.640319 1.701104 0.353808 5.953898 -1.535651 7.775496 31.711329 -11.469425 36.426912 -32.165970 -13.060989 31.600924 -4.514072 1.310592 -2.429478 -27.142595 -30.454840 17.473619 3.063785 -0.744814 -1.974053 -14.205776 2.156507 18.503027 3.502104 9.806856 -2.839896 -5.839255 1.519469 -7.963147 -16.221387 -5.892946 -6.061262 -7.624191 -46.260670 2.238965 -6.169552 3.125541 -12.761095 16.237261 -38.711819 -14.006372 14.330346 -14.049552 14.659169 -13.015626 -16.398891 10.488165 -1.866498 2.072438 -1.522244 
-36.243420 106.459290 10.231870 23.234625 29.552364 17.184189 3.589554 13.007552 -0.187497 -15.465691 3.251756 -22.673163 2.466876 20.528984 4.968005 -5.857519 8.901551 0.486392 2.650490 14.285110 2.590432 -2.146925 -3.804181 6.289590 3.628614 16.449038 2.794794 -4.650801 5.887111 -3.418879 0.590328 9.830411 3.210907 -6.949843 0.222723 5.543651 3.196171 11.731608 7.168021 -0.324042 17.651804 4.408688 9.563300 -4.470129 13.864833 7.930502 20.036657 -6.130115 -25.848505 -12.402447 17.280073 -35.248264 -12.691714 -21.391316 -22.993507 -13.479095 13.384361 1.667235 3.655219 1.084110 -1.918833 13.953182 0.943372 1.301760 -9.980451 -10.424789 -7.752559 5.016278 -14.584120 9.996410 -21.264660 -0.437853 -30.843777 3.033390 12.398685 -20.961820 4.013483 -32.247645 1.752052 -9.887157 28.043943 -5.796040 1.234391 0.177219 5.950870 -1.517004 7.764629 32.168098 -11.973253 37.263303 -32.154968 -13.039517 31.573570 -2.660411 0.405741 0.691401 -27.142296 -30.473282 17.475508 2.217974 -1.272711 -2.238156 -14.196919 2.160753 18.481228 2.248001 10.024854 -1.931843 -5.855878 1.534801 -7.954650 -17.445739 -6.177983 -7.909814 -7.628433 -46.260704 2.221744 -3.538123 4.278668 -13.444965 16.202806 -38.661247 -13.999792 14.513098 -13.225230 14.068506 -12.992678 -16.374790 10.491123 -3.017651 1.647152 -2.510433 
-40.137833 105.605705 13.291659 23.877862 40.490021 18.475252 3.573367 12.990818 -0.183996 -16.074177 3.038965 -22.852584 2.474191 20.525135 4.984776 -6.006328 10.003415 1.017390 2.643657 14.306980 2.577810 -2.947199 -4.605245 6.612806 3.618085 16.449287 2.786293 -4.964863 4.161577 -4.463928 0.586716 9.860110 3.234868 -6.362373 -0.272919 7.734796 3.195454 11.758264 7.121377 -1.828595 19.701512 3.481351 9.556732 -4.454237 13.864630 8.698539 22.002268 -6.277284 -25.859921 -12.421906 17.270430 -35.050482 -12.036311 -21.034855 -23.004618 -13.448676 13.409362 3.333505 4.514963 0.970589 -1.926844 13.943487 0.951016 3.107286 -10.946017 -13.433552 -7.735695 5.038429 -14.586246 8.596872 -27.658749 -1.447744 -30.816463 3.036723 12.387881 -23.258807 -1.815364 -37.508127 1.749234 -9.893798 28.032879 -4.269096 2.082196 0.527849 5.979989 -1.491537 7.782749 32.716705 -12.337867 38.163853 -32.144550 -13.013958 31.554173 0.176205 0.434023 3.571383 -27.171059 -30.472805 17.501656 0.846213 -3.159288 -3.861062 -14.195785 2.165843 18.496813 1.021754 9.282897 -0.279299 -5.862658 1.537813 -7.944710 -17.484641 -5.999579 -9.962415 -7.624570 -46.280640 2.205229 -1.641142 4.855870 -12.776432 16.186863 -38.617233 -13.982691 15.056112 -14.095851 13.404410 -13.006159 -16.360695 10.493189 -3.824319 1.160076 -3.420103 
-43.015030 105.014183 15.181955 24.677813 49.619654 20.363963 3.549660 12.991604 -0.175386 -16.450289 3.350793 -22.594785 2.469321 20.522526 4.991587 -5.366499 10.896134 0.922552 2.636884 14.330214 2.558749 -2.871183 -4.551854 6.960589 3.605610 16.460436 2.792335 -5.048348 2.164465 -5.999122 0.585088 9.875707 3.264344 -5.804746 0.018335 8.570163 3.190909 11.767719 7.085366 -1.668485 21.097510 2.967647 9.554211 -4.445415 13.864189 9.503004 23.778335 -5.445372 -25.879389 -12.433978 17.268049 -34.309867 -12.278923 -21.614062 -23.012445 -13.436573 13.426001 4.200851 4.986900 1.050109 -1.939249 13.928599 0.947556 5.172173 -10.236379 -16.436649 -7.729015 5.052734 -14.604829 8.632855 -31.589946 -2.852905 -30.796158 3.026918 12.377022 -24.792492 -5.549205 -39.107290 1.745933 -9.882574 28.027636 -3.148366 2.969039 0.912378 6.007664 -1.478861 7.796316 33.180031 -13.165628 38.727384 -32.137867 -13.003482 31.547722 1.584206 0.424710 4.691243 -27.192940 -30.468081 17.539511 0.613926 -4.400948 -5.034777 -14.199215 2.172713 18.512609 0.801858 7.944094 0.493613 -5.869019 1.528257 -7.957737 -17.574563 -5.620077 -10.452960 -7.612465 -46.306530 2.188732 -1.226902 4.881320 -11.932774 16.184177 -38.600159 -13.968474 16.038117 -14.736051 12.621124 -13.030135 -16.354662 10.476591 -4.529788 0.411503 -3.903973 
-45.252403 104.759819 15.934814 26.353380 56.287521 21.680764 3.541062 12.990876 -0.178838 -16.431504 3.421194 -22.082401 2.476375 20.522619 4.993058 -5.315498 11.310484 0.902945 2.644095 14.341964 2.545836 -2.668415 -4.236130 7.173284 3.603193 16.469238 2.787379 -5.118856 0.882219 -7.149327 0.580359 9.890539 3.284646 -5.577632 0.689457 8.922563 3.186008 11.774102 7.067728 -1.235337 21.358367 2.525301 9.547208 -4.434944 13.862171 9.466665 24.336321 -5.122726 -25.893291 -12.454694 17.276052 -34.134529 -12.376893 -21.810090 -23.019808 -13.443714 13.423182 4.815121 5.122092 0.941272 -1.951635 13.924337 0.948998 6.087441 -8.949833 -17.935821 -7.733374 5.063140 -14.629568 8.133670 -32.489291 -3.191493 -30.787571 3.026479 12.371262 -25.747385 -7.783984 -40.676994 1.746307 -9.878448 28.025984 -2.896755 3.678256 0.684872 6.020516 -1.479930 7.808497 33.513959 -12.806120 38.775131 -32.143108 -13.004355 31.553146 2.387358 0.837254 5.346329 -27.200544 -30.459612 17.560133 0.672610 -4.438010 -4.756358 -14.201794 2.173724 18.530716 0.815727 6.896910 1.012958 -5.869493 1.524996 -7.971379 -17.712788 -4.927955 -10.259244 -7.600473 -46.321682 2.189270 -1.091994 4.892723 -11.272578 16.180515 -38.596439 -13.963529 16.868906 -15.525372 12.456076 -13.050153 -16.354462 10.472478 -5.189561 0.209446 -3.915136 
-47.237972 104.747734 15.884614 26.925089 59.895718 22.748686 3.541004 12.986764 -0.175549 -16.506484 3.931658 -22.221472 2.466944 20.534607 4.988899 -5.234771 11.596207 0.763605 2.639840 14.342954 2.539605 -2.835440 -4.470519 6.850114 3.605630 16.467577 2.794354 -5.781771 0.452184 -8.459120 0.584087 9.903495 3.285454 -5.719799 1.141768 9.539321 3.187197 11.774560 7.053714 -1.014349 21.807145 1.632365 9.541847 -4.428470 13.869755 8.588518 24.332534 -5.708862 -25.904381 -12.471249 17.272593 -32.876122 -11.595198 -21.830447 -23.032080 -13.447077 13.420909 4.961236 5.652500 1.423180 -1.952917 13.932191 0.954260 5.497851 -8.328982 -18.188468 -7.730075 5.064240 -14.632776 7.059123 -32.043180 -2.332778 -30.779493 3.019211 12.370385 -27.073126 -9.511318 -42.003505 1.742421 -9.873433 28.032839 -2.701449 4.297141 0.952902 6.025239 -1.472699 7.804429 33.679140 -12.351322 38.993506 -32.146572 -12.998735 31.560221 2.130640 1.276254 5.545415 -27.211018 -30.466148 17.574570 1.315561 -4.029482 -4.540204 -14.208322 2.181498 18.533962 0.223304 7.046906 1.146295 -5.869552 1.528625 -7.987035 -17.603843 -5.254225 -9.935151 -7.594909 -46.340847 2.177007 -1.475061 5.138472 -11.093709 16.169947 -38.588875 -13.964516 17.511290 -15.300136 12.171288 -13.055874 -16.362101 10.487204 -5.028530 0.295580 -4.255361 
-49.141861 104.859634 15.320806 30.758446 63.370775 26.095815 3.540724 12.980935 -0.177616 -16.790231 4.203581 -22.502852 2.470116 20.531395 4.982170 -5.611283 12.255551 0.604532 2.646092 14.337264 2.545624 -3.071297 -4.336062 6.832900 3.606410 16.462896 2.795943 -6.433895 0.578687 -9.490185 0.584039 9.913467 3.289266 -5.989631 1.610222 9.822162 3.187539 11.774707 7.048901 -0.868986 21.411525 0.562380 9.535134 -4.416172 13.872287 6.919969 23.963420 -7.636362 -25.911743 -12.487208 17.266909 -31.882346 -10.961306 -21.102836 -23.037992 -13.451431 13.411565 5.271911 5.756121 1.721144 -1.960837 13.940862 0.962611 4.322163 -7.590336 -18.000082 -7.725112 5.058098 -14.635677 5.542019 -29.496046 -0.837463 -30.777149 3.016818 12.376558 -28.260746 -10.279083 -43.508414 1.744223 -9.882111 28.040995 -2.943730 4.734222 1.018872 6.027698 -1.468675 7.807049 34.311319 -11.640940 39.237459 -32.148155 -13.001427 31.572622 1.434605 2.219991 4.783384 -27.211937 -30.473061 17.590549 2.042082 -4.044532 -4.088331 -14.217864 2.187570 18.539394 0.022183 7.141096 1.330781 -5.865301 1.542589 -7.999922 -17.468072 -5.145322 -10.039856 -7.590582 -46.356621 2.163989 -1.834608 5.324093 -10.322215 16.159924 -38.583969 -13.961907 18.255060 -14.970487 12.015750 -13.059201 -16.371613 10.491215 -5.506821 0.216920 -4.172975 
-50.948208 105.016289 14.455041 36.385237 66.979041 31.180049 3.546519 12.975894 -0.180918 -16.642476 4.694781 -23.180807 2.465352 20.528862 4.977405 -6.468645 12.786750 0.412090 2.651412 14.323704 2.550268 -3.486578 -3.794007 7.180358 3.608683 16.454556 2.798987 -7.249581 0.704398 -10.673188 0.579101 9.913640 3.282968 -6.631071 2.031761 10.206242 3.188825 11.777002 7.048567 -0.687331 21.264300 -0.703684 9.529375 -4.406587 13.878267 4.713304 23.237883 -9.706388 -25.911392 -12.496479 17.261282 -30.846036 -9.806687 -20.098924 -23.052649 -13.454901 13.395486 5.523518 5.471998 2.528567 -1.956579 13.947416 0.974779 3.209110 -6.791003 -17.265105 -7.717900 5.056175 -14.626778 4.302620 -26.879817 0.168768 -30.775835 3.012795 12.378416 -29.374847 -10.722326 -45.092199 1.740414 -9.887968 28.050585 -3.189883 5.158648 0.892923 6.026147 -1.455191 7.805395 34.432309 -11.292627 39.357476 -32.153149 -13.006787 31.584370 0.432175 3.450264 3.894780 -27.211798 -30.475183 17.595732 2.628983 -3.945656 -3.630606 -14.217694 2.184434 18.537031 -0.376092 7.589991 1.084530 -5.857336 1.551850 -8.002942 -17.731171 -5.404905 -9.074296 -7.587065 -46.371220 2.148578 -2.533489 5.716403 -10.085635 16.140873 -38.585430 -13.958401 18.863138 -14.432053 11.968431 -13.057678 -16.377375 10.501808 -5.197935 0.403316 -4.520338 
-52.540123 105.166245 13.420568 43.682629 69.822859 37.749018 3.553325 12.983556 -0.182407 -16.418159 4.776439 -23.254190 2.469227 20.530209 4.976010 -7.432421 13.251542 0.281992 2.653070 14.307420 2.555535 -3.627633 -3.465670 7.250967 3.618718 16.450701 2.805615 -7.971898 1.010397 -11.502827 0.573480 9.914863 3.274411 -7.046327 2.514228 10.417329 3.184351 11.778954 7.056169 -0.460725 20.497432 -1.300766 9.531482 -4.405270 13.880505 3.201249 22.855264 -11.156134 -25.911303 -12.502025 17.258852 -30.400096 -8.862733 -18.759514 -23.058882 -13.461159 13.388737 5.549378 5.392631 3.362462 -1.953369 13.955843 0.983239 1.712670 -6.051528 -16.213025 -7.710693 5.051845 -14.621603 3.417821 -23.774719 1.220244 -30.776701 3.003558 12.381167 -29.723436 -10.705299 -46.390378 1.743210 -9.887307 28.057184 -3.856729 5.097450 0.558618 6.020323 -1.447393 7.807561 34.522747 -10.866211 39.833083 -32.158833 -13.008577 31.595110 -0.337417 4.315866 3.086727 -27.196444 -30.474339 17.596252 3.387383 -3.427659 -3.098837 -14.219599 2.186286 18.534872 -0.424628 7.902058 0.575718 -5.854352 1.563591 -8.011541 -18.327824 -5.642286 -8.199540 -7.592202 -46.382355 2.138768 -3.313808 6.190350 -9.979747 16.131336 -38.581932 -13.955097 19.835689 -13.656864 11.467754 -13.048379 -16.380852 10.503942 -5.277197 0.447412 -4.512532 
-53.749157 105.278275 12.351079 49.924253 71.593947 44.158426 3.562245 12.982050 -0.186177 -16.137871 5.400495 -23.601845 2.471204 20.530827 4.968977 -7.587017 13.675139 0.000907 2.657341 14.301349 2.557539 -4.112740 -3.005128 7.814519 3.620722 16.440598 2.809845 -8.330815 1.173365 -12.410800 0.575988 9.912839 3.261488 -6.746718 3.063523 10.549544 3.192425 11.781367 7.065275 -0.115135 19.457054 -1.716906 9.529370 -4.410481 13.875592 1.575797 22.446631 -13.051810 -25.911066 -12.506769 17.259724 -29.770319 -8.246160 -18.209026 -23.059292 -13.468858 13.381330 5.174596 5.455408 3.707240 -1.949421 13.967287 0.988821 0.778980 -5.192209 -14.941437 -7.705817 5.050113 -14.616602 3.425489 -20.981262 1.434777 -30.784302 2.998949 12.388199 -30.272365 -10.084639 -47.036999 1.745632 -9.893434 28.062248 -4.615195 4.949921 0.267407 6.010812 -1.449584 7.808794 34.396139 -10.461860 39.644457 -32.160255 -13.014492 31.606895 -0.967410 4.700851 2.553308 -27.187128 -30.477684 17.595798 4.012777 -2.349107 -2.917254 -14.222649 2.179987 18.529779 -0.291036 7.473253 0.643453 -5.845087 1.566027 -8.010588 -18.947787 -5.510555 -7.003440 -7.588038 -46.394333 2.134804 -4.388541 6.632230 -9.635842 16.125435 -38.584984 -13.954841 20.241576 -13.450616 11.216831 -13.046701 -16.384905 10.509795 -5.156612 0.318441 -4.606690 
-54.404991 105.331772 11.303772 55.057926 72.692583 49.499313 3.568805 12.977410 -0.196733 -15.856171 6.052796 -23.817488 2.470243 20.529343 4.963683 -8.393076 13.590124 -0.134073 2.656379 14.300149 2.565037 -4.141497 -2.622981 8.202454 3.621570 16.436810 2.806863 -8.334287 1.322316 -13.111649 0.573238 9.910377 3.258908 -6.622514 3.499175 10.170568 3.189219 11.778872 7.067343 0.024603 18.945676 -1.775052 9.526361 -4.418961 13.864607 0.373748 22.099014 -14.449474 -25.904236 -12.503675 17.262049 -29.487207 -7.573779 -17.594782 -23.055378 -13.472934 13.370989 5.219770 5.019425 4.593035 -1.946961 13.975520 0.993465 0.657846 -4.299865 -14.155849 -7.711877 5.045481 -14.610871 3.670271 -18.792743 1.773515 -30.785580 2.997087 12.390603 -30.552020 -8.816634 -47.074446 1.752596 -9.901271 28.061573 -5.243446 4.529582 -0.085506 6.001809 -1.447426 7.817430 34.418891 -10.096162 39.279134 -32.156898 -13.013818 31.607389 -0.829408 4.910031 2.464710 -27.182362 -30.466887 17.590714 4.431693 -1.612413 -2.790171 -14.218887 2.175527 18.523949 0.127913 7.081419 0.833609 -5.843811 1.572689 -8.011366 -19.324079 -5.387109 -5.397792 -7.587787 -46.394375 2.131393 -5.041855 7.114556 -9.291737 16.125156 -38.583527 -13.948301 20.362524 -13.098284 10.903019 -13.041036 -16.384882 10.510505 -4.875061 0.797953 -4.645499 
-54.379513 105.375107 10.276816 55.334122 72.467918 50.407691 3.575171 12.978166 -0.197736 -14.989605 6.167296 -23.843702 2.468439 20.529697 4.962761 -8.467228 13.700695 0.344099 2.655868 14.297969 2.568592 -4.520328 -2.182994 8.368007 3.626372 16.434450 2.812023 -8.202253 1.596223 -13.207527 0.572256 9.902778 3.247461 -6.248857 3.703130 9.917736 3.192816 11.778316 7.080491 -0.027167 18.426780 -1.228859 9.527314 -4.429152 13.855950 -0.637180 22.372862 -15.564710 -25.895739 -12.495666 17.261885 -30.021724 -7.382333 -17.967885 -23.052809 -13.476796 13.375324 4.710730 4.651119 4.709002 -1.930374 13.977718 0.998296 0.087446 -3.847441 -12.853431 -7.711723 5.044135 -14.603056 4.868557 -16.546227 1.699614 -30.789989 2.996360 12.392831 -30.542191 -7.029106 -46.619842 1.752656 -9.906781 28.062099 -5.656115 3.719777 -0.309062 5.994068 -1.450311 7.819509 34.149484 -9.433319 39.112624 -32.157848 -13.016264 31.616993 -0.823645 5.001137 2.270894 -27.172390 -30.462967 17.577612 4.692276 -0.977654 -3.194021 -14.216393 2.170893 18.518297 0.521408 6.889854 0.617583 -5.838218 1.572493 -8.009338 -19.920286 -5.820902 -4.509547 -7.584243 -46.395931 2.136052 -6.069879 7.440266 -9.476424 16.124594 -38.591217 -13.951710 20.502578 -12.604032 10.754793 -13.036033 -16.379677 10.511153 -4.859831 0.839930 -4.734740 
-53.601311 105.447495 9.201111 50.613502 71.049841 46.362942 3.585070 12.977808 -0.205813 -14.568372 5.581445 -23.729163 2.468921 20.529140 4.967813 -8.721509 13.416858 0.291209 2.657889 14.294325 2.570682 -4.321216 -1.867363 9.052617 3.625397 16.442829 2.808984 -7.662596 1.844375 -12.964951 0.574781 9.894820 3.240318 -5.991450 3.833621 9.418033 3.199731 11.764007 7.096329 0.045577 17.991434 -0.542164 9.526619 -4.441994 13.848664 -1.325245 22.302755 -16.444164 -25.892796 -12.489981 17.260630 -30.834438 -7.444704 -18.486295 -23.041143 -13.478629 13.374067 4.417129 4.460888 4.503161 -1.919259 13.982134 0.996976 -0.154035 -3.289202 -11.718338 -7.711568 5.031483 -14.593619 5.904167 -15.254124 1.721285 -30.797865 2.996052 12.397546 -30.257052 -4.897908 -45.786511 1.750704 -9.908407 28.053452 -6.476344 3.121690 -0.249051 5.985326 -1.459282 7.821555 33.709559 -8.855462 38.533578 -32.158897 -13.013942 31.609896 -0.724176 5.292013 2.388815 -27.162413 -30.456388 17.558558 4.515041 -0.132000 -3.478798 -14.205590 2.168712 18.518530 1.014213 6.889158 0.426610 -5.843654 1.575782 -7.999629 -20.389860 -6.459130 -3.186641 -7.591696 -46.379490 2.151093 -6.420066 7.843740 -9.383759 16.138132 -38.597832 -13.951045 20.244334 -12.565550 10.762216 -13.024691 -16.377100 10.512676 -4.518466 0.566746 -4.852118 
-52.013542 105.571991 8.043670 42.138026 68.471957 38.807957 3.582547 12.980033 -0.214091 -13.971725 5.121839 -23.050483 2.462145 20.532402 4.969675 -8.427871 13.251738 0.401958 2.657494 14.292087 2.569401 -4.115018 -1.445675 9.207769 3.626308 16.445547 2.799251 -6.553722 2.462416 -11.859497 0.574681 9.883048 3.237085 -6.052503 3.818035 8.591994 3.208626 11.756896 7.106082 0.097163 17.333946 0.694917 9.533626 -4.456142 13.842347 -1.855759 22.611678 -17.328825 -25.879921 -12.487510 17.265324 -31.926975 -7.917252 -20.102883 -23.026026 -13.483672 13.374076 3.921361 4.293946 4.140036 -1.911999 13.983038 0.992570 -0.208130 -2.980756 -10.365029 -7.715887 5.023911 -14.595113 7.597333 -13.464191 1.235143 -30.798172 3.001790 12.406582 -29.372645 -1.451801 -43.913998 1.748914 -9.915537 28.050526 -6.955846 2.122870 -0.321890 5.967620 -1.470879 7.820299 33.507815 -7.855692 37.547531 -32.156204 -13.006388 31.614491 -0.805524 5.329093 2.377722 -27.157555 -30.449625 17.530249 4.645670 0.900765 -3.801878 -14.199580 2.165154 18.513981 1.908692 6.604807 0.080902 -5.840122 1.566635 -7.996971 -21.000678 -6.898456 -2.059047 -7.585388 -46.364475 2.170087 -6.916200 7.750036 -9.354610 16.163704 -38.605042 -13.960081 20.120318 -12.564295 10.825132 -13.016464 -16.376415 10.511244 -4.474653 0.681191 -4.619937 
-49.647953 105.726166 6.782306 32.681045 63.094282 30.161654 3.585150 12.977861 -0.222475 -12.895623 4.978970 -22.463932 2.449587 20.530993 4.973126 -8.241596 12.352470 0.741123 2.651526 14.300918 2.565063 -3.788483 -1.314708 9.300634 3.630697 16.455711 2.789382 -5.321644 2.595567 -11.057019 0.580995 9.869363 3.240547 -5.459025 3.470592 7.723564 3.219175 11.739232 7.117666 0.060919 17.229198 2.090141 9.535591 -4.473060 13.840823 -1.668042 22.889004 -17.279226 -25.873240 -12.474531 17.267370 -32.429383 -8.744071 -22.446652 -23.018557 -13.488228 13.374403 3.093371 3.998990 3.817630 -1.902048 13.981647 0.988119 0.102135 -2.271674 -9.106095 -7.727780 5.014829 -14.598428 9.562944 -12.182488 0.915770 -30.810150 3.005739 12.415038 -27.979298 1.860218 -41.283760 1.746859 -9.920030 28.051004 -7.129170 1.213754 -0.053488 5.954313 -1.490561 7.812470 33.186731 -6.415278 36.351039 -32.150574 -12.996197 31.613749 -0.846265 5.155277 2.337314 -27.155367 -30.440039 17.512573 4.531669 1.715388 -4.386729 -14.186308 2.162058 18.515646 2.461197 6.210149 -0.275811 -5.846359 1.555247 -7.992155 -21.192467 -7.403829 -0.662579 -7.582034 -46.341362 2.188607 -7.457886 7.584747 -9.600277 16.192814 -38.615543 -13.972997 19.492757 -12.880586 11.224133 -13.009131 -16.369329 10.517308 -4.284640 0.742029 -4.879605 
-46.606506 105.917053 5.491557 25.691289 56.557737 24.001498 3.594279 12.985494 -0.228763 -11.963004 4.716886 -21.625665 2.454193 20.536024 4.980470 -7.787598 11.407428 0.667110 2.645784 14.308534 2.566094 -3.390112 -1.130242 9.553252 3.631257 16.467642 2.775207 -4.220345 2.066298 -10.290101 0.584650 9.852633 3.243909 -4.943907 3.049135 7.038192 3.223216 11.726117 7.124842 -0.182094 16.811254 3.537049 9.541148 -4.488967 13.837933 -0.412667 23.459589 -15.934326 -25.866161 -12.465182 17.290356 -33.867339 -9.772359 -23.810523 -23.008112 -13.494633 13.380952 2.482653 3.810157 3.191968 -1.892910 13.971441 0.984744 1.084727 -1.684234 -7.809629 -7.740252 5.011386 -14.605347 11.671111 -10.593435 0.306962 -30.826668 3.008592 12.421629 -26.126829 5.550893 -37.604809 1.739767 -9.925760 28.048532 -7.667077 0.520527 -0.105003 5.943091 -1.503269 7.803452 32.657597 -5.477585 35.508104 -32.155827 -12.991504 31.624123 -0.858120 4.905926 2.189125 -27.158960 -30.434475 17.485153 4.565123 2.433723 -4.649800 -14.180988 2.155659 18.517059 3.398085 6.602062 -0.619060 -5.850497 1.540871 -7.988533 -21.430924 -7.794846 -0.212118 -7.585489 -46.325279 2.221725 -8.482499 7.345605 -9.699625 16.226791 -38.636288 -13.985578 18.794377 -13.064729 11.674352 -13.005386 -16.372923 10.518992 -4.208662 0.911601 -4.590769 
-43.120502 106.096283 4.328397 21.236759 49.732270 18.963317 3.592106 12.996595 -0.236185 -10.929078 4.107810 -20.277338 2.466769 20.536209 4.984331 -7.176850 10.337884 0.623075 2.646859 14.329635 2.564200 -1.852719 -0.253783 9.287123 3.632719 16.481140 2.770552 -3.138489 2.162067 -8.649222 0.576869 9.839282 3.242947 -3.948525 2.818326 6.600155 3.214331 11.712956 7.128909 -0.222830 16.753894 5.072330 9.557153 -4.504960 13.831964 1.576636 23.658920 -14.389382 -25.860071 -12.453758 17.310980 -34.949228 -11.123645 -24.830113 -23.002573 -13.493590 13.394369 1.794539 3.557336 2.947405 -1.886357 13.960958 0.975274 2.452864 -0.887504 -7.262144 -7.763112 5.020495 -14.621023 12.712956 -9.613771 0.207519 -30.835100 3.009115 12.418189 -23.472174 8.587734 -33.580297 1.732940 -9.923859 28.044901 -8.377382 0.019759 -0.155413 5.933695 -1.516354 7.804202 32.116079 -4.577081 34.856235 -32.157703 -12.987876 31.633373 -0.768365 4.867355 1.680457 -27.168484 -30.430777 17.468330 4.056506 3.065776 -4.405685 -14.171598 2.150498 18.520300 4.201881 6.447840 -0.931628 -5.842539 1.523265 -7.993496 -21.052492 -7.370824 0.033811 -7.583430 -46.301540 2.248907 -8.386074 6.629598 -10.150374 16.260809 -38.663525 -13.989182 17.988739 -13.528700 11.729468 -13.016690 -16.372940 10.513267 -3.786796 1.173448 -3.879120 
-39.481621 106.283325 3.410040 18.280192 43.843401 16.956500 3.590884 13.004827 -0.236562 -10.153919 3.471376 -19.184593 2.473616 20.531414 4.979919 -6.412608 9.297797 0.762001 2.653905 14.348692 2.570921 -0.722143 0.113748 8.981771 3.625336 16.484825 2.768304 -2.515775 2.160741 -7.474715 0.576384 9.827057 3.240461 -2.894058 2.834333 6.259121 3.200307 11.700021 7.133860 -0.295485 16.935420 5.713028 9.571135 -4.517656 13.828006 3.588468 23.209584 -12.498228 -25.862988 -12.433628 17.332207 -35.317829 -12.273556 -25.859559 -22.997070 -13.490627 13.403027 1.166019 3.062476 2.489029 -1.887976 13.948252 0.965020 3.642017 -0.742787 -7.173251 -7.781012 5.025310 -14.633096 13.524621 -9.106735 0.060275 -30.851526 3.008647 12.411356 -20.861114 10.989075 -29.507435 1.723093 -9.923882 28.043043 -8.632432 0.252796 0.119591 5.931969 -1.519780 7.805346 31.535062 -4.567195 34.512908 -32.164879 -12.992203 31.638371 -0.686288 4.645005 0.316999 -27.181698 -30.426523 17.460224 3.737091 2.476585 -3.856524 -14.169297 2.146737 18.521698 4.207682 6.736549 -1.103025 -5.837906 1.511030 -7.995652 -19.971427 -7.095811 -0.617893 -7.583179 -46.290104 2.265520 -8.696333 5.919432 -10.766268 16.277039 -38.683758 -13.988633 17.028247 -13.566602 11.765335 -13.034325 -16.378029 10.509541 -3.349360 1.685271 -3.174914 
-35.988949 106.493027 2.758151 16.871143 38.923452 15.194336 3.588911 13.018092 -0.228506 -9.817689 2.693247 -18.357950 2.479605 20.530682 4.969608 -5.790305 8.098776 0.540930 2.660048 14.371909 2.571005 0.523681 0.498745 8.427671 3.616421 16.486387 2.778901 -1.779940 2.348204 -6.341721 0.569985 9.827864 3.237224 -1.921345 2.617780 5.754011 3.183345 11.700242 7.139813 -0.744297 17.229618 5.939952 9.587845 -4.540040 13.832459 6.162232 22.664021 -10.253594 -25.874193 -12.408962 17.354914 -35.494208 -12.918846 -25.951058 -22.997332 -13.502385 13.413713 0.318688 2.689684 2.870507 -1.889651 13.943408 0.958440 4.778046 -0.309635 -7.503042 -7.795970 5.031575 -14.644994 14.163274 -9.635019 -0.336316 -30.861240 3.004355 12.406520 -18.447578 12.267907 -26.158221 1.715546 -9.913900 28.038427 -8.675050 0.300297 0.142253 5.940781 -1.524873 7.813153 30.970127 -5.238108 34.442434 -32.166424 -13.002237 31.643225 -1.050299 4.094300 -0.714298 -27.191196 -30.430191 17.471375 3.452855 1.635661 -3.809855 -14.173460 2.148898 18.524944 4.270588 6.657066 -1.019547 -5.840360 1.504506 -7.996935 -18.808635 -6.783134 -1.246966 -7.591050 -46.279175 2.265121 -8.139072 5.174068 -11.437121 16.287931 -38.704433 -13.992332 16.116648 -14.113115 11.202834 -13.052075 -16.386562 10.506127 -2.450823 2.103766 -2.791777 
-32.880550 106.710876 2.328547 16.813971 34.491164 15.523143 3.579243 13.030960 -0.215270 -9.971276 2.117098 -17.796973 2.486250 20.520903 4.960252 -4.918220 6.934712 0.290861 2.669185 14.379600 2.572783 0.859276 0.461623 7.498560 3.605422 16.479469 2.791366 -1.138537 2.105736 -5.040652 0.569519 9.827795 3.242496 -1.229347 2.610558 4.955250 3.173151 11.698272 7.149818 -1.121436 17.428590 5.844064 9.592221 -4.556324 13.830774 8.128663 22.139846 -8.335740 -25.879652 -12.381064 17.368977 -35.068117 -13.808229 -26.512995 -22.987612 -13.501922 13.413280 -0.254623 2.479575 2.496816 -1.902660 13.943892 0.954143 5.382151 -0.362868 -8.026487 -7.808252 5.031184 -14.652005 14.169355 -10.559978 0.177106 -30.871239 3.005435 12.397923 -15.866975 12.952043 -22.848593 1.712950 -9.903531 28.028349 -8.369540 0.193994 0.217467 5.950638 -1.523055 7.815485 31.055651 -6.111352 33.969850 -32.162205 -13.004745 31.639566 -1.649800 3.300106 -2.017512 -27.184856 -30.423738 17.481565 3.146826 0.766787 -3.519892 -14.169452 2.151007 18.524086 4.100934 6.937910 -0.915693 -5.835376 1.506508 -7.995821 -17.761827 -5.494837 -2.553717 -7.598547 -46.272034 2.260148 -7.421553 4.373578 -11.270388 16.290071 -38.714756 -13.989361 15.458009 -14.776319 11.186112 -13.062821 -16.390944 10.499175 -1.913065 2.200723 -2.069977 
-30.409338 106.921188 2.068571 17.308628 31.771007 15.678706 3.572509 13.038859 -0.207085 -10.107769 1.815833 -17.622329 2.484707 20.523998 4.950653 -4.440648 6.105388 -0.095973 2.675495 14.389141 2.571100 1.519821 -0.083341 6.999235 3.596745 16.478687 2.798858 -0.772953 2.162307 -4.389970 0.569774 9.828653 3.244346 -0.372372 2.252685 4.574267 3.168555 11.694980 7.155162 -1.659252 17.447623 5.469253 9.593558 -4.564972 13.837264 9.462017 21.554636 -7.038571 -25.892265 -12.359665 17.381639 -34.642354 -14.492838 -26.157835 -22.979828 -13.504458 13.409848 -0.598530 2.154281 2.757082 -1.908311 13.946882 0.949544 6.016775 -0.413216 -8.422313 -7.814159 5.030423 -14.648278 14.425474 -11.449639 0.378114 -30.881821 3.008833 12.398123 -13.911611 13.626198 -20.697230 1.711215 -9.897922 28.024010 -7.818554 -0.034607 0.141714 5.956558 -1.524500 7.818778 31.001576 -7.016665 33.999828 -32.162167 -13.011644 31.633457 -1.958402 2.640371 -3.193654 -27.177305 -30.423048 17.487398 2.859446 -0.036005 -3.134422 -14.172849 2.148914 18.525995 3.889605 6.619201 -1.176128 -5.838493 1.509635 -7.992276 -16.716652 -4.896096 -3.073625 -7.605616 -46.271412 2.250161 -7.125864 3.748822 -11.821527 16.289637 -38.717049 -13.994679 15.233391 -15.228846 10.855111 -13.070735 -16.396313 10.495378 -1.651942 2.551112 -1.702217 
-28.730158 107.091316 1.936716 16.478412 29.344569 15.379088 3.572646 13.048617 -0.192801 -10.488771 1.682234 -17.883985 2.485307 20.527384 4.940596 -4.499639 5.739787 0.112544 2.673595 14.385106 2.571681 1.447204 0.070861 6.654859 3.592195 16.475529 2.801526 -0.723549 2.097368 -3.954271 0.570365 9.827338 3.248975 -0.222559 2.082748 4.455364 3.168147 11.697056 7.156113 -1.948390 17.681816 5.588560 9.597512 -4.581833 13.833109 10.255069 21.335704 -6.287344 -25.900372 -12.340160 17.388590 -34.665782 -15.161393 -26.396026 -22.976809 -13.502310 13.413159 -1.012551 2.204333 2.760670 -1.903068 13.943274 0.944868 6.420374 -0.541154 -8.534119 -7.817724 5.030195 -14.649345 14.712552 -11.910947 0.300080 -30.886452 3.011941 12.392466 -12.875187 13.721916 -18.963971 1.713607 -9.893778 28.021742 -7.510117 0.214586 0.245249 5.966693 -1.521097 7.824569 31.164190 -7.486364 33.923033 -32.159000 -13.013714 31.625237 -2.498255 1.989145 -4.059575 -27.173916 -30.421309 17.492722 2.982487 -0.692960 -3.480490 -14.177128 2.150028 18.529675 3.744180 6.951376 -1.336533 -5.843296 1.511251 -7.984920 -16.196110 -4.618711 -4.034477 -7.614248 -46.274784 2.247565 -7.139150 3.530946 -11.713242 16.281729 -38.720825 -13.993951 14.914029 -15.235813 10.713174 -13.077548 -16.403652 10.494825 -1.371300 2.315082 -1.354964 
-27.926785 107.188492 1.890462 16.781807 28.630295 15.439354 3.572574 13.050940 -0.193228 -10.600716 1.761948 -17.807314 2.483646 20.521498 4.940478 -4.284433 5.328453 -0.020005 2.676006 14.391067 2.573466 1.280824 0.024439 6.297897 3.589667 16.473608 2.804694 -0.360253 2.270564 -3.774408 0.565048 9.828200 3.246503 0.081154 1.817119 4.284298 3.166441 11.697688 7.154385 -2.122805 17.855165 5.471046 9.598392 -4.582098 13.834526 10.749259 21.002864 -5.821918 -25.892004 -12.331857 17.391655 -34.744855 -15.301487 -26.274638 -22.980824 -13.502824 13.412159 -1.248674 1.908338 2.475989 -1.905232 13.947992 0.945202 6.467072 -0.568680 -8.545769 -7.822405 5.029184 -14.648944 14.733633 -12.183788 0.220951 -30.883722 3.009346 12.392104 -12.137709 13.918855 -18.012544 1.717492 -9.894284 28.021540 -7.253636 -0.148939 0.356977 5.967018 -1.521788 7.824495 31.155416 -7.652115 33.718158 -32.158146 -13.012257 31.624502 -2.791858 1.614710 -4.312423 -27.168980 -30.419523 17.494781 3.011014 -1.191624 -3.473756 -14.175968 2.150443 18.524662 3.807361 6.939199 -1.338029 -5.841625 1.515410 -7.984846 -15.958160 -4.275237 -4.049158 -7.615735 -46.269665 2.244258 -7.136043 3.410913 -11.930646 16.280655 -38.718670 -13.999704 14.893309 -15.770125 10.423911 -13.074530 -16.406797 10.497508 -1.161362 2.229435 -1.308889 
-27.896963 107.211769 1.912351 16.662289 28.724552 15.327431 3.566874 13.052013 -0.196871 -10.408600 1.737280 -17.706509 2.482882 20.521126 4.941271 -4.482965 5.343674 -0.014391 2.670940 14.384596 2.570824 1.410264 -0.065157 6.236931 3.591938 16.479971 2.802873 -0.294323 2.260126 -3.884359 0.569517 9.827535 3.245031 0.029028 1.899235 4.381352 3.168760 11.694917 7.155963 -2.399970 17.773877 5.272422 9.602080 -4.581780 13.837028 10.926411 21.342965 -5.712617 -25.895311 -12.332004 17.390137 -34.772100 -15.163817 -26.323220 -22.978683 -13.505123 13.409007 -1.358443 1.891762 2.488510 -1.907351 13.947051 0.945469 6.669693 -0.757513 -8.575087 -7.819883 5.024610 -14.641931 14.675698 -12.519151 0.342429 -30.884239 3.011413 12.393270 -12.065891 13.702031 -18.030782 1.719606 -9.896870 28.021441 -7.103750 -0.060459 0.314658 5.964643 -1.519590 7.822189 31.378360 -7.998960 33.728355 -32.161724 -13.014197 31.621817 -2.769264 1.645111 -4.323062 -27.172503 -30.422173 17.494791 2.970595 -1.136088 -3.135079 -14.172554 2.150560 18.532431 3.515274 7.108556 -1.128765 -5.843114 1.515365 -7.983603 -15.945456 -4.324962 -4.061048 -7.615385 -46.273514 2.247997 -7.090793 3.462009 -11.897137 16.279762 -38.716846 -14.000359 14.924098 -15.426387 10.294176 -13.075390 -16.403864 10.494343 -1.191613 2.362929 -1.179347 
-28.508747 107.175728 1.973457 16.346396 29.150677 15.298317 3.570508 13.051462 -0.190704 -10.517229 1.768520 -17.643839 2.486506 20.524057 4.940422 -4.346893 5.626517 0.011447 2.672071 14.387115 2.568965 1.341623 0.121605 6.209175 3.590714 16.476961 2.800514 -0.593509 2.048339 -3.761048 0.567161 9.828990 3.246556 -0.180906 1.834490 4.416175 3.167665 11.693344 7.153916 -2.126164 18.026152 5.351940 9.597558 -4.580091 13.834420 10.485139 21.191044 -6.151898 -25.897284 -12.339674 17.389488 -35.023520 -15.340086 -26.088211 -22.976103 -13.502058 13.411844 -1.026393 2.218317 2.591921 -1.904475 13.945219 0.943269 6.543495 -0.493915 -8.810600 -7.822135 5.030009 -14.646621 14.574884 -12.426564 0.179040 -30.882877 3.009896 12.390526 -12.786425 13.937401 -18.903687 1.712328 -9.892018 28.021002 -7.455051 0.314357 0.421046 5.971787 -1.517649 7.824955 31.063195 -7.627871 33.963392 -32.158253 -13.016517 31.623716 -2.764979 1.959161 -3.981791 -27.175943 -30.420876 17.496317 2.927812 -0.759823 -3.681085 -14.173644 2.148188 18.531977 3.736462 7.072861 -0.918192 -5.840006 1.510314 -7.983930 -16.066278 -4.394252 -4.021307 -7.611796 -46.271992 2.245395 -6.889742 3.291683 -11.706578 16.282261 -38.718994 -13.995269 14.794569 -15.486824 10.691951 -13.078555 -16.402342 10.497724 -1.043401 2.292219 -1.389602 
-29.535881 107.085815 2.055115 16.383413 30.515199 15.141768 3.575385 13.044147 -0.197309 -10.275557 1.889020 -17.560480 2.484921 20.520555 4.946731 -4.679024 5.973476 0.225074 2.672029 14.388907 2.570513 1.162365 0.296114 6.609694 3.595620 16.477432 2.799637 -0.594800 2.180841 -4.171416 0.564444 9.825526 3.243381 0.068973 2.049428 4.759618 3.168927 11.697535 7.151453 -1.714121 17.708860 5.702432 9.602731 -4.579596 13.829434 9.817210 21.716294 -6.691398 -25.891996 -12.349740 17.385292 -34.782346 -15.003829 -26.603739 -22.981501 -13.508910 13.413587 -1.033242 2.042276 2.578310 -1.902069 13.942844 0.943464 6.328916 -0.320965 -8.491254 -7.818059 5.028551 -14.646240 14.418837 -11.709296 0.014294 -30.880016 3.006145 12.396415 -13.385841 13.789979 -19.646628 1.718021 -9.898607 28.023340 -7.725647 0.039642 0.256775 5.961320 -1.520718 7.822612 31.323213 -7.403636 33.796452 -32.160149 -13.013644 31.629536 -2.245656 2.127134 -3.567416 -27.175486 -30.425114 17.493246 3.130158 -0.468623 -3.446157 -14.172527 2.148910 18.527359 3.892275 6.704112 -1.044240 -5.834686 1.507161 -7.987393 -16.550358 -4.736027 -3.682132 -7.607735 -46.276951 2.249006 -7.423954 3.719220 -11.515886 16.280466 -38.710735 -13.992451 15.171411 -15.315407 10.373657 -13.076257 -16.399931 10.494197 -1.393392 2.219555 -1.653611 
-30.738066 106.961052 2.138090 16.353638 31.718347 15.042039 3.573074 13.036955 -0.206868 -10.188204 1.975933 -17.787296 2.481893 20.520905 4.951232 -4.920713 6.107544 -0.007593 2.675075 14.392587 2.574763 1.252053 0.310641 7.055273 3.600101 16.479593 2.798175 -0.956790 2.042835 -4.405782 0.566155 9.825364 3.242812 -0.413209 2.214752 4.923171 3.169851 11.694715 7.152533 -1.709249 17.722574 5.544955 9.595828 -4.568453 13.839083 9.062665 21.775200 -7.306835 -25.885864 -12.359797 17.377853 -34.897684 -14.428056 -26.517916 -22.989134 -13.504560 13.413608 -0.757555 2.121752 2.772248 -1.903176 13.948766 0.945369 6.097644 -0.064275 -8.577334 -7.815282 5.034390 -14.645189 14.293774 -11.607697 0.272990 -30.874880 3.006867 12.397169 -14.461988 13.390030 -21.179918 1.714602 -9.898254 28.024967 -7.968505 0.259069 0.430713 5.956754 -1.523566 7.823911 31.021404 -7.120520 33.977561 -32.157425 -13.012094 31.631742 -2.239128 2.509185 -3.150123 -27.181856 -30.426491 17.491201 3.125567 -0.039810 -3.493517 -14.167623 2.151395 18.521036 3.787460 6.663742 -1.056550 -5.839747 1.508713 -7.992932 -16.824202 -4.726347 -3.330777 -7.602589 -46.271042 2.250215 -7.222970 4.069571 -11.916312 16.282026 -38.707756 -13.993819 15.233881 -15.233064 10.466584 -13.072407 -16.396706 10.495586 -1.491455 2.342066 -1.675983 
-31.876699 106.818474 2.212508 16.543056 33.454844 15.134810 3.574466 13.031238 -0.210677 -9.979744 1.923348 -17.671670 2.483250 20.518167 4.957114 -5.155379 6.401161 -0.075085 2.669227 14.390061 2.571373 1.268586 0.361046 7.451531 3.602814 16.480978 2.794218 -0.939306 2.109202 -4.975262 0.568896 9.824981 3.245422 -0.406248 2.378465 4.925590 3.167259 11.696318 7.148515 -1.652191 17.487419 5.611890 9.596903 -4.563949 13.831713 8.725547 22.184726 -7.828073 -25.885088 -12.367619 17.379099 -34.840522 -14.008756 -26.327480 -22.986320 -13.501218 13.410757 -0.410821 2.419494 3.009417 -1.904951 13.942580 0.949301 5.943509 -0.131352 -8.508963 -7.810237 5.032641 -14.643424 13.935314 -11.216902 0.325126 -30.874344 3.004613 12.398061 -15.164492 13.277604 -22.087051 1.713614 -9.901528 28.026861 -8.055869 0.016539 0.404843 5.954464 -1.520763 7.825143 30.807534 -6.747347 33.898751 -32.156727 -13.007512 31.632875 -1.460823 2.945863 -2.600154 -27.184059 -30.422623 17.485399 3.109399 0.345042 -3.657508 -14.169947 2.147551 18.525339 3.799232 6.624366 -0.957700 -5.838982 1.506678 -7.993944 -17.162773 -5.307499 -2.897363 -7.597312 -46.271214 2.257799 -7.363091 4.250386 -11.742354 16.285969 -38.705498 -13.990657 15.362695 -14.840907 10.508884 -13.066269 -16.393791 10.493639 -1.696831 2.159173 -1.904521 
-32.741474 106.701843 2.266387 16.604728 34.734944 14.613296 3.576515 13.027627 -0.211991 -9.735245 2.125244 -17.602974 2.481021 20.517311 4.962002 -5.166183 6.823961 0.156909 2.668155 14.388227 2.568944 1.244779 0.471171 7.519691 3.598682 16.481855 2.792696 -1.089964 1.917658 -5.053937 0.568048 9.824818 3.244698 -0.450922 2.321481 5.315075 3.171501 11.698832 7.141431 -1.306639 17.465434 5.901834 9.593058 -4.563821 13.828398 8.218343 22.590011 -8.196020 -25.877712 -12.377398 17.373081 -35.113063 -13.983060 -26.457510 -22.989357 -13.503056 13.414193 -0.227402 2.404341 2.945062 -1.900580 13.939986 0.948104 5.696127 0.403282 -8.365608 -7.810032 5.037186 -14.645538 14.146690 -10.835682 0.117244 -30.871223 3.002728 12.400483 -15.997435 13.084119 -23.106209 1.712841 -9.901418 28.022896 -8.211110 -0.099743 0.339957 5.952621 -1.521889 7.824557 30.744037 -6.122160 33.951805 -32.154465 -13.006182 31.636856 -1.232578 3.123912 -2.021242 -27.186396 -30.424881 17.481247 3.255527 0.648501 -3.840309 -14.168845 2.145973 18.523092 3.836710 6.414266 -0.848520 -5.836073 1.507366 -7.996904 -17.648645 -5.528729 -2.366267 -7.597695 -46.267010 2.258203 -7.511118 4.560980 -11.495921 16.284889 -38.703369 -13.989279 15.522045 -14.852188 10.408004 -13.067644 -16.391386 10.496033 -1.766441 2.205458 -2.111269 
-33.192474 106.640358 2.293967 16.109973 35.039475 14.887010 3.579479 13.023560 -0.218476 -9.950448 2.219290 -17.591219 2.482995 20.520504 4.964879 -5.471793 6.775417 0.108387 2.670316 14.387915 2.571653 1.296457 0.420438 7.782913 3.603828 16.483664 2.787277 -1.205632 2.004965 -5.190545 0.568674 9.824582 3.248051 -0.553352 2.485231 5.211877 3.166924 11.694567 7.140073 -1.350873 17.475186 5.831027 9.594606 -4.560723 13.829469 7.835258 22.507247 -8.458417 -25.882133 -12.383320 17.374697 -34.955621 -14.013020 -26.603556 -22.991133 -13.504537 13.410649 -0.207019 2.461668 2.953069 -1.905712 13.942815 0.949246 5.747651 0.368359 -8.651455 -7.807200 5.033488 -14.647395 13.944405 -10.746324 0.280505 -30.872129 3.003176 12.404434 -15.896130 12.939877 -23.435088 1.715795 -9.902924 28.026148 -8.383653 0.055725 0.334345 5.948237 -1.524016 7.826937 30.761792 -5.904073 33.835982 -32.159382 -13.005260 31.636866 -0.894683 3.315365 -2.030331 -27.190210 -30.425846 17.475552 3.164610 1.007068 -3.727269 -14.166442 2.146504 18.522991 3.899673 6.312398 -0.812839 -5.839691 1.506285 -7.992980 -17.848893 -5.509075 -2.136569 -7.590291 -46.268959 2.257845 -7.503253 4.706290 -11.443246 16.286009 -38.700893 -13.991233 15.481669 -14.526031 10.676972 -13.069692 -16.393270 10.497095 -1.895416 2.266297 -2.174402 
-33.208069 106.643021 2.297152 16.100021 35.205298 14.886146 3.576851 13.024435 -0.218687 -9.952108 2.101933 -17.606394 2.480888 20.521053 4.963712 -5.378349 6.894850 0.001012 2.670022 14.392314 2.573076 1.173574 0.368882 7.871699 3.601042 16.483591 2.789407 -1.234801 2.206151 -5.135659 0.568674 9.822351 3.246863 -0.397353 2.457994 5.295994 3.168368 11.699353 7.143775 -1.150783 17.456024 5.785005 9.593763 -4.559443 13.828601 7.849337 22.537997 -8.540475 -25.882929 -12.381731 17.376301 -34.912474 -13.962903 -26.508495 -22.988729 -13.507545 13.412142 0.039640 2.315624 3.044613 -1.905185 13.942239 0.949706 5.835852 0.444219 -8.545642 -7.806891 5.031386 -14.640968 13.771177 -10.956019 0.390627 -30.871052 3.004780 12.403339 -16.144103 13.000764 -23.532541 1.718981 -9.901221 28.026575 -8.310560 0.110447 0.431341 5.950830 -1.519023 7.828413 30.852846 -6.184460 33.826437 -32.158527 -13.004382 31.636526 -0.933525 3.190338 -2.181665 -27.189844 -30.426861 17.478456 3.059966 1.019531 -3.726828 -14.167176 2.147133 18.523506 3.827078 6.503232 -1.026899 -5.838825 1.505981 -7.994097 -17.851960 -5.620723 -2.334344 -7.595700 -46.270138 2.256291 -7.454174 4.583302 -11.485407 16.287273 -38.699543 -13.992421 15.393023 -14.499054 10.534396 -13.066885 -16.392393 10.495601 -1.837384 2.406764 -2.217729 
-32.867619 106.710068 2.300273 16.492576 34.552827 15.010744 3.576441 13.028667 -0.215333 -9.841954 2.142761 -17.653763 2.480606 20.517630 4.962219 -5.366089 6.950249 0.075704 2.670949 14.389798 2.570734 1.157007 0.478467 7.528094 3.603019 16.481163 2.791610 -1.248350 1.936008 -4.894856 0.569737 9.826320 3.243913 -0.818989 2.477944 5.262244 3.169603 11.697074 7.144943 -1.472254 17.396832 5.857716 9.598712 -4.560854 13.834436 8.031316 22.740917 -8.266576 -25.879316 -12.378336 17.375666 -35.444676 -13.969110 -26.522799 -22.991001 -13.503512 13.410139 -0.320281 2.261373 2.950274 -1.907075 13.943359 0.947662 5.888898 0.146525 -8.442248 -7.811287 5.036123 -14.641992 14.138279 -10.951309 0.271373 -30.870695 3.000661 12.403428 -15.886711 12.858616 -23.216505 1.713617 -9.903453 28.023415 -8.303975 0.090948 0.337677 5.952897 -1.524235 7.821518 30.717256 -6.590124 33.805943 -32.159115 -13.009070 31.637236 -1.231590 3.169886 -2.317909 -27.188738 -30.427244 17.483168 3.096267 0.722950 -3.609078 -14.168996 2.147305 18.524380 3.884665 6.343606 -0.639621 -5.838518 1.507989 -7.992593 -17.802313 -5.392301 -2.521784 -7.591429 -46.269093 2.256156 -7.544257 4.577075 -11.467006 16.279921 -38.701927 -13.990114 15.541633 -14.530288 10.370748 -13.068401 -16.390177 10.495664 -1.903434 2.321930 -1.878985 
-32.312580 106.808609 2.293494 16.568214 33.787221 15.210012 3.575552 13.032013 -0.211567 -9.882065 2.173723 -17.521440 2.480209 20.517105 4.959756 -5.348117 6.679989 0.042390 2.667359 14.388633 2.570689 1.148287 0.411097 7.788392 3.599338 16.482874 2.790891 -1.084489 2.070571 -4.780524 0.569498 9.825599 3.245370 -0.436268 2.260932 5.039965 3.171821 11.698360 7.145061 -1.466698 17.600660 5.721158 9.596765 -4.565670 13.832851 8.334104 22.456298 -7.841143 -25.883467 -12.373115 17.376049 -35.013254 -13.931639 -26.385688 -22.985231 -13.501762 13.410506 -0.262976 2.227074 2.780191 -1.905080 13.941458 0.949530 5.698027 0.045938 -8.351962 -7.810281 5.032950 -14.640902 14.243422 -11.158706 0.354710 -30.873482 3.003672 12.402863 -15.524660 13.099469 -22.489335 1.716950 -9.904405 28.023130 -8.270651 -0.035190 0.341464 5.953583 -1.521554 7.822692 30.930747 -6.633864 34.070524 -32.157623 -13.005899 31.635309 -1.404690 2.978116 -2.336985 -27.187605 -30.424231 17.483902 3.241317 0.411665 -3.655171 -14.170286 2.147487 18.528656 3.774747 6.596197 -0.745929 -5.836798 1.508394 -7.994645 -17.501197 -5.511109 -2.725724 -7.600470 -46.269249 2.257889 -7.590862 4.392825 -11.598490 16.284388 -38.704121 -13.991211 15.109224 -14.771949 10.502798 -13.064570 -16.392519 10.492865 -1.720950 2.009178 -1.941494 
-31.686420 106.946762 2.298822 16.995602 33.216190 15.342005 3.577236 13.031820 -0.211818 -10.021026 1.916185 -17.463978 2.485710 20.514387 4.954458 -5.077485 6.683826 0.006058 2.672914 14.392549 2.573365 1.315535 0.587224 7.283829 3.602305 16.475721 2.793418 -0.881589 2.305448 -4.482690 0.564839 9.820450 3.246156 -0.146066 2.212910 4.758259 3.165701 11.698664 7.148461 -1.639459 17.596401 5.991019 9.593251 -4.563682 13.828718 8.729635 22.315568 -7.507418 -25.882660 -12.366371 17.381172 -35.078967 -14.327071 -26.148367 -22.984947 -13.500561 13.409040 -0.522628 2.114109 2.977257 -1.905813 13.941813 0.949788 5.889209 0.014817 -8.672780 -7.816144 5.036921 -14.645947 13.913723 -11.183110 0.549386 -30.874504 3.006593 12.396223 -14.905781 13.350006 -22.062104 1.713634 -9.903995 28.022400 -8.143761 -0.173209 0.270998 5.956572 -1.523337 7.828964 31.044811 -6.687454 34.157370 -32.156757 -13.008668 31.633135 -1.504516 2.839438 -2.903152 -27.184338 -30.420460 17.482626 2.929034 0.335465 -3.613381 -14.167759 2.143385 18.524252 4.151911 6.616623 -0.680642 -5.831860 1.507926 -7.995983 -17.128784 -5.060384 -2.959810 -7.594491 -46.266621 2.251921 -7.439337 3.962114 -11.670279 16.283331 -38.707626 -13.989348 15.518574 -14.921033 10.507283 -13.073023 -16.392189 10.489073 -1.890855 2.358558 -1.740236 
-31.116634 107.093361 2.327017 16.725417 31.798963 14.828824 3.573276 13.038823 -0.210504 -10.225833 1.897421 -17.649392 2.480622 20.520193 4.952071 -5.115296 6.414830 0.121695 2.672757 14.388729 2.573896 1.171995 0.384228 7.112485 3.601498 16.478746 2.796837 -0.851514 2.276270 -4.119486 0.567592 9.823276 3.242464 -0.363842 2.213608 5.022109 3.172247 11.698838 7.151309 -1.541939 17.582256 5.666661 9.597211 -4.568584 13.836081 8.959131 22.150153 -7.115856 -25.884737 -12.364379 17.373337 -35.043542 -14.616718 -26.772754 -22.988827 -13.507287 13.409507 -0.625502 2.112697 2.763267 -1.904296 13.942486 0.949531 5.902488 -0.275521 -8.362242 -7.812243 5.029155 -14.641999 13.830652 -11.532045 0.528768 -30.873072 3.011449 12.400360 -14.703519 13.162716 -21.429748 1.714770 -9.899745 28.023108 -8.014838 -0.058453 0.356295 5.955045 -1.522693 7.825706 31.478791 -7.252914 34.205861 -32.159302 -13.011832 31.631468 -2.086256 2.341515 -3.385305 -27.182451 -30.432001 17.485474 3.153196 0.012291 -3.419984 -14.167655 2.142558 18.526600 3.566583 6.742318 -1.047104 -5.835059 1.508722 -7.996291 -16.993961 -5.253427 -3.246611 -7.601007 -46.271744 2.251147 -7.720558 4.079379 -11.920896 16.280468 -38.703445 -13.992499 15.388046 -14.972883 10.422595 -13.070112 -16.393839 10.491876 -1.743869 2.411535 -1.851613 
-30.658218 107.229576 2.360317 16.879281 31.075674 15.236521 3.569724 13.041937 -0.200539 -10.351572 1.947068 -17.910052 2.481929 20.515017 4.948936 -5.029409 6.077358 -0.042129 2.677517 14.386668 2.572064 1.081773 0.085488 6.910944 3.598638 16.473923 2.795416 -0.812021 2.339069 -3.988458 0.567383 9.820806 3.246858 -0.173120 2.313698 4.954947 3.169201 11.697586 7.153352 -1.894916 18.052344 5.635947 9.594710 -4.570554 13.833464 9.334633 21.848214 -7.051031 -25.886261 -12.351995 17.379457 -34.802788 -14.887748 -26.593596 -22.981569 -13.500952 13.406806 -0.533393 2.034372 2.810382 -1.905604 13.941197 0.944900 5.716461 -0.396801 -8.754833 -7.813335 5.032818 -14.642307 13.807299 -11.890884 0.623507 -30.882488 3.014165 12.390529 -14.169179 13.636701 -20.865854 1.714691 -9.897593 28.026070 -8.049571 0.153225 0.484713 5.961965 -1.517708 7.831335 31.284131 -7.408852 34.461108 -32.153172 -13.011086 31.629372 -2.318740 2.221419 -3.573951 -27.178255 -30.419313 17.487375 3.297102 -0.126386 -3.631698 -14.173116 2.145130 18.522564 3.694729 6.964595 -0.975814 -5.834753 1.509920 -7.993713 -16.507404 -5.041631 -3.644436 -7.603385 -46.269848 2.250496 -7.938463 3.683620 -11.963288 16.279882 -38.705044 -13.992142 15.463120 -15.187317 10.793237 -13.067226 -16.395792 10.490941 -1.634218 2.264384 -1.463183 
-30.341240 107.351074 2.405529 17.142294 30.545979 15.197459 3.577049 13.039685 -0.201548 -10.460687 1.648211 -17.978000 2.484218 20.519329 4.949756 -4.979690 6.316261 -0.053295 2.676385 14.385128 2.570941 0.823767 -0.016583 6.981502 3.598162 16.477661 2.794783 -0.852837 2.139047 -3.969469 0.568337 9.821238 3.247888 -0.445421 2.192402 4.687929 3.168429 11.691110 7.153720 -2.096634 17.920810 5.378986 9.595438 -4.567407 13.833776 9.620407 21.888972 -6.271561 -25.888941 -12.357141 17.379688 -35.278088 -14.956994 -26.226596 -22.979248 -13.503913 13.408746 -0.808583 2.307055 2.701218 -1.900086 13.945272 0.944148 5.844450 -0.531255 -8.795877 -7.810421 5.028202 -14.644628 14.064835 -12.101920 0.542488 -30.881197 3.012400 12.393734 -14.199236 13.731980 -20.867632 1.715602 -9.897350 28.018871 -7.785647 0.424938 0.514017 5.965042 -1.522219 7.827890 31.201178 -7.956986 34.653361 -32.153637 -13.017863 31.621033 -2.744370 2.363261 -3.786064 -27.177286 -30.420433 17.491367 2.794460 -0.161831 -3.492467 -14.170115 2.142025 18.525347 3.874694 6.870438 -0.880206 -5.837392 1.514164 -7.990491 -16.293681 -5.180927 -3.859117 -7.609426 -46.272175 2.249755 -8.228597 3.874129 -12.017432 16.275560 -38.704571 -13.993048 15.352937 -15.185177 10.900536 -13.069224 -16.395166 10.494633 -1.576494 2.170427 -1.640873 
-30.173672 107.423515 2.438080 16.545143 30.210507 15.221604 3.577879 13.042614 -0.198203 -10.587483 1.741023 -17.952085 2.478621 20.515919 4.949066 -5.107327 6.380449 -0.057960 2.675628 14.384542 2.572407 0.996464 0.000225 6.988195 3.599014 16.480843 2.797632 -0.735173 2.315975 -3.965542 0.573863 9.822781 3.246316 -0.326944 2.147593 4.813836 3.171709 11.689105 7.150497 -1.916572 18.277766 5.503743 9.596253 -4.569641 13.836151 9.869391 22.278211 -6.024696 -25.886648 -12.354686 17.377834 -35.283367 -15.024285 -26.236211 -22.982182 -13.505209 13.405630 -0.961383 1.973624 2.713354 -1.903116 13.943155 0.942431 5.705552 -0.677471 -8.772070 -7.812998 5.029477 -14.639251 13.983753 -12.083995 0.500019 -30.883377 3.007535 12.391741 -14.245340 13.839915 -20.756050 1.718279 -9.898691 28.019188 -7.836490 0.312079 0.153651 5.968121 -1.518399 7.824596 31.544218 -8.180598 34.704427 -32.155220 -13.017701 31.623053 -2.746822 2.211372 -3.642734 -27.180063 -30.424856 17.492933 2.934365 -0.498172 -3.652838 -14.172221 2.142995 18.526392 3.835732 7.016887 -0.675487 -5.836083 1.509985 -7.986295 -16.448509 -5.439257 -3.820379 -7.606318 -46.273582 2.248335 -8.426674 3.752203 -11.866003 16.272703 -38.707062 -13.990987 15.305581 -15.043702 10.822956 -13.071677 -16.399746 10.495566 -1.563220 2.224951 -1.733550 
-30.146730 107.436134 2.436880 16.975219 30.216501 15.417170 3.581868 13.042223 -0.202220 -10.786224 1.618108 -17.987329 2.481123 20.516588 4.949547 -5.145985 6.469004 -0.012067 2.679468 14.386847 2.575327 0.993666 0.122377 6.949271 3.597445 16.478382 2.796597 -0.636529 2.435726 -3.749936 0.569526 9.822177 3.244120 -0.255445 2.169023 4.786065 3.173302 11.692602 7.152444 -1.929894 18.192549 5.536989 9.599966 -4.572318 13.837351 9.758109 22.055642 -6.230894 -25.885948 -12.354568 17.383125 -35.303195 -15.093122 -26.333104 -22.983011 -13.505064 13.407024 -0.812321 1.992541 2.699051 -1.902416 13.944050 0.941318 5.849403 -0.632759 -8.665851 -7.815209 5.026955 -14.637511 14.057041 -12.277736 0.371390 -30.879505 3.007898 12.396276 -14.156287 13.875294 -20.815924 1.718315 -9.899587 28.016256 -7.941938 0.278340 0.405759 5.966540 -1.521415 7.823730 31.319303 -8.442907 34.715768 -32.156006 -13.015946 31.622723 -2.652080 1.966547 -3.755283 -27.175615 -30.424776 17.490709 2.980928 -0.542241 -3.576977 -14.171744 2.144439 18.525969 3.841152 7.032076 -0.822700 -5.832449 1.510682 -7.985538 -16.472745 -5.335222 -3.747589 -7.607388 -46.275284 2.246516 -8.440609 3.647433 -11.917081 16.271042 -38.702442 -13.991058 15.630852 -15.175203 10.506365 -13.068795 -16.399546 10.496605 -1.324974 2.219816 -1.534627 
-30.214214 107.348740 2.384994 16.882981 30.641328 15.151858 3.575762 13.040637 -0.202815 -10.519559 1.489434 -17.851937 2.480936 20.521967 4.950401 -4.784799 6.296858 -0.104915 2.674327 14.384519 2.568890 1.179893 -0.017326 6.887029 3.597367 16.478142 2.795211 -0.605492 2.743931 -3.963999 0.570973 9.823690 3.245408 -0.190544 2.048080 4.900352 3.170487 11.695338 7.154004 -1.944542 18.216424 5.565294 9.597648 -4.568070 13.832417 9.897419 21.986350 -6.423857 -25.887772 -12.354371 17.379292 -34.793779 -14.737936 -26.339853 -22.976439 -13.507621 13.410673 -0.661149 2.255408 2.882665 -1.903179 13.942870 0.947581 6.057787 -0.578292 -8.720130 -7.810276 5.030693 -14.641019 13.701885 -12.039053 0.593713 -30.880388 3.009898 12.394557 -14.123104 13.893920 -20.801090 1.718867 -9.896547 28.023245 -7.749788 0.120734 0.298759 5.962800 -1.521069 7.829204 31.333452 -8.007301 34.755698 -32.155769 -13.014509 31.621792 -2.608415 2.174637 -3.704628 -27.173391 -30.424776 17.487175 2.926287 -0.103155 -3.341741 -14.172603 2.141244 18.525387 3.684424 6.989544 -1.216338 -5.836536 1.507138 -7.993378 -16.373813 -5.452925 -3.928010 -7.611622 -46.272713 2.250591 -8.242752 3.690984 -12.062910 16.278791 -38.704224 -13.991095 15.485337 -14.892990 10.516801 -13.067589 -16.396463 10.495761 -1.386691 2.388625 -1.824035 
-30.310947 107.157364 2.254960 16.279025 30.690349 14.765749 3.575516 13.042183 -0.199339 -10.482130 1.747104 -17.962180 2.479274 20.517717 4.949278 -4.888261 6.033868 -0.011063 2.671999 14.387548 2.572336 1.176406 0.080637 6.750248 3.595672 16.476357 2.800467 -0.741455 2.076761 -4.110457 0.571970 9.823891 3.244913 -0.286842 2.228099 4.980450 3.172321 11.693493 7.152277 -1.764713 18.042662 5.528466 9.591838 -4.572852 13.836006 9.484609 22.059284 -6.520567 -25.887211 -12.355746 17.377907 -35.256480 -14.929557 -26.416254 -22.985968 -13.502432 13.408429 -0.778996 2.012885 2.568429 -1.906138 13.941860 0.944991 6.012248 -0.455605 -8.656386 -7.814749 5.030475 -14.641191 14.133021 -11.921983 0.447016 -30.879913 3.009098 12.397183 -14.291825 13.440913 -20.796507 1.712754 -9.896954 28.020330 -7.870768 0.112167 0.493637 5.966710 -1.520465 7.823260 31.297313 -7.472201 34.191685 -32.157375 -13.013004 31.626423 -2.356015 2.146758 -3.402891 -27.180557 -30.427744 17.490223 2.997557 -0.353194 -3.602294 -14.170691 2.143504 18.527237 3.699049 7.136767 -0.919764 -5.838460 1.510430 -7.991415 -16.721440 -5.141892 -3.748768 -7.604348 -46.268894 2.251085 -7.701024 3.937992 -11.723429 16.276974 -38.707008 -13.994047 15.162692 -15.028680 10.558761 -13.073033 -16.396772 10.496469 -1.496708 2.270645 -1.623266 
-30.373230 106.876587 2.055063 16.280017 31.711701 14.843729 3.576077 13.038548 -0.204202 -10.123671 2.010860 -17.508895 2.483065 20.519144 4.947927 -4.741696 6.034236 -0.085018 2.668595 14.390772 2.573946 1.332889 0.214881 6.914819 3.595509 16.475679 2.798484 -0.787338 1.917808 -4.366747 0.570218 9.824765 3.245976 -0.223428 1.953921 4.671171 3.167329 11.698404 7.147718 -1.792577 17.524338 5.618981 9.597699 -4.572208 13.834556 9.630182 21.873671 -6.931313 -25.891912 -12.357176 17.385067 -34.966276 -14.403669 -26.616515 -22.983633 -13.511010 13.412543 -1.022232 2.200568 2.701415 -1.908363 13.943410 0.946958 6.070572 -0.149761 -8.688008 -7.817037 5.031526 -14.646620 14.581412 -11.693660 0.128366 -30.876219 3.005119 12.398421 -14.225057 13.209047 -20.742113 1.713236 -9.901705 28.021212 -7.841181 0.008448 0.467970 5.957221 -1.521913 7.823205 30.901726 -7.023145 33.635390 -32.158012 -13.010968 31.631201 -1.752860 2.529297 -3.077639 -27.183987 -30.427011 17.491171 3.192238 -0.243364 -3.474140 -14.173328 2.149072 18.530020 3.809334 6.768169 -0.736215 -5.839546 1.511031 -7.990191 -16.830797 -4.990392 -3.259912 -7.603618 -46.270824 2.250949 -6.850701 4.180423 -11.549373 16.283613 -38.714523 -13.993901 15.050228 -14.916834 10.282618 -13.075197 -16.398201 10.494819 -1.454955 2.429721 -1.824179 
-30.337410 106.505630 1.785242 15.591730 32.452534 15.320551 3.568453 13.037637 -0.205178 -9.778717 2.051426 -17.308020 2.479274 20.521843 4.950386 -4.710116 5.668788 0.009235 2.666434 14.388918 2.571335 1.652648 0.256120 6.642055 3.596903 16.479855 2.801490 -0.898000 1.775934 -4.642676 0.568133 9.828815 3.247855 -0.196225 2.046979 4.614628 3.165269 11.698993 7.147681 -1.793501 17.380900 5.527103 9.598082 -4.574936 13.837444 9.406273 21.578637 -7.469959 -25.891867 -12.356458 17.384943 -34.926961 -14.041506 -26.523744 -22.988691 -13.503490 13.413259 -0.701217 2.196801 2.854455 -1.909502 13.945065 0.948477 6.362088 0.138406 -8.648140 -7.815348 5.037923 -14.648303 14.788529 -11.592282 0.230865 -30.877325 3.004208 12.400624 -13.809318 13.056836 -20.710599 1.709085 -9.897125 28.022217 -7.508061 0.002482 0.454563 5.957123 -1.518700 7.823545 30.565076 -6.367693 33.194111 -32.159153 -13.007477 31.636776 -1.312009 2.740807 -2.657705 -27.185122 -30.422380 17.488842 2.936296 -0.160317 -3.864518 -14.171840 2.153720 18.528339 3.490233 6.710861 -1.113509 -5.845706 1.510204 -7.987777 -17.017065 -4.642089 -3.123424 -7.600576 -46.272751 2.252318 -5.810123 4.134387 -11.319600 16.289738 -38.715660 -13.994310 14.737697 -15.159258 10.266537 -13.074678 -16.399345 10.498993 -1.235625 2.522758 -1.709504 
-30.209555 106.092827 1.495426 15.886781 33.050565 15.398974 3.567364 13.035918 -0.204568 -9.710599 2.002622 -16.584379 2.488882 20.518515 4.948406 -4.333376 5.502521 0.134908 2.661569 14.390062 2.564839 1.850101 0.339015 6.528427 3.593360 16.478861 2.797186 -0.953491 1.411577 -4.955439 0.564076 9.831241 3.251803 -0.272488 2.058889 4.429858 3.163002 11.704408 7.145241 -1.942990 16.694193 5.469715 9.598392 -4.576736 13.830900 9.525069 21.260861 -7.727500 -25.892788 -12.357083 17.397219 -34.853106 -13.845523 -26.303586 -22.985126 -13.500919 13.415095 -0.681675 2.529959 2.873721 -1.912760 13.942972 0.950392 6.898476 0.448475 -8.193276 -7.820069 5.037619 -14.654771 15.366742 -10.944239 -0.201263 -30.872757 3.002190 12.401448 -13.562124 12.655249 -20.452764 1.709741 -9.895506 28.021551 -7.440798 -0.227250 0.252389 5.957041 -1.515800 7.818712 30.193288 -5.499597 32.250920 -32.156204 -13.005293 31.641998 -0.700604 3.109700 -2.306427 -27.184723 -30.412579 17.484932 2.979161 -0.171923 -3.457569 -14.171568 2.155273 18.532515 3.399854 6.358795 -0.943689 -5.844586 1.511566 -7.987691 -17.288682 -4.349981 -2.970216 -7.602391 -46.262299 2.250718 -4.852350 4.272682 -10.902982 16.290600 -38.721634 -13.995072 14.436973 -15.386780 10.260999 -13.073548 -16.403149 10.498042 -1.269439 2.300175 -1.583510 
-30.109491 105.730774 1.251496 15.559120 33.407507 15.500021 3.567249 13.041301 -0.203618 -9.328882 2.079685 -16.524618 2.486027 20.521591 4.946594 -4.455251 5.359361 -0.033715 2.657988 14.395055 2.565332 2.166739 0.416102 6.731188 3.594213 16.484327 2.804817 -1.139206 1.277844 -5.115322 0.568579 9.834691 3.247544 -0.017760 1.977091 4.446231 3.163609 11.706470 7.146591 -1.642126 16.436949 5.707307 9.604989 -4.579283 13.833606 9.448278 21.285895 -7.607224 -25.899323 -12.352028 17.397381 -34.648190 -13.198861 -26.340812 -22.987522 -13.504999 13.421227 -0.911732 2.439840 2.922821 -1.908956 13.946745 0.949301 7.087512 0.684951 -8.074184 -7.826676 5.040019 -14.653496 15.849188 -10.677242 -0.394875 -30.872887 2.995013 12.407280 -13.608931 12.200594 -20.155472 1.709228 -9.893430 28.021828 -7.592707 -0.386525 0.042140 5.952882 -1.520471 7.814292 29.781039 -5.276268 31.713487 -32.159573 -13.004336 31.643486 -0.054715 3.105036 -1.953857 -27.182991 -30.419540 17.490847 3.086557 0.039774 -3.519813 -14.174543 2.162786 18.535522 3.435912 6.218048 -1.409414 -5.850640 1.510928 -7.983938 -17.727595 -4.229339 -2.774918 -7.604855 -46.265114 2.255387 -3.821481 4.604993 -10.949946 16.297640 -38.727482 -13.995445 13.965678 -15.328355 9.870875 -13.073143 -16.402746 10.499566 -1.110806 2.360254 -1.814490 
-30.239740 105.482758 1.130198 15.159668 34.012658 15.452637 3.564161 13.033516 -0.203051 -8.957829 1.944818 -16.584423 2.484819 20.525661 4.950694 -4.280964 5.386507 -0.009117 2.656728 14.393381 2.563339 2.157101 0.207640 6.914125 3.593923 16.487335 2.801850 -0.985761 0.889735 -5.361948 0.569992 9.836325 3.251406 -0.095961 1.826658 4.313112 3.159445 11.702785 7.146800 -1.520875 16.339332 5.780925 9.598079 -4.577977 13.832134 9.339965 21.002898 -8.145124 -25.901674 -12.353166 17.397503 -34.503121 -13.264814 -26.293679 -22.983894 -13.500773 13.419793 -0.943433 2.417455 2.750465 -1.908446 13.945925 0.953949 7.280424 0.925129 -8.029660 -7.824626 5.041911 -14.655354 16.044577 -10.511549 -0.239449 -30.872318 2.995315 12.407552 -13.361238 12.168576 -20.263443 1.704667 -9.894773 28.021492 -7.463450 -0.640000 0.102436 5.949797 -1.522668 7.817314 29.524862 -4.588741 31.202814 -32.161396 -13.000639 31.642614 0.467095 3.327396 -1.417253 -27.184242 -30.415091 17.486864 2.768106 0.089866 -3.580503 -14.173419 2.156100 18.534683 3.343716 6.087521 -1.608838 -5.858398 1.510953 -7.985460 -17.850810 -4.054874 -2.646893 -7.604996 -46.255756 2.254535 -3.239265 4.794468 -10.716444 16.304193 -38.732613 -14.001005 13.799918 -15.437945 9.891817 -13.075146 -16.405455 10.499148 -1.270527 2.337480 -1.808430 
-30.869894 105.407394 1.218139 15.560800 34.919554 15.578220 3.563970 13.033228 -0.205182 -8.792521 2.027858 -16.392225 2.486877 20.519773 4.954063 -4.382491 5.562527 0.011464 2.652651 14.392575 2.559240 2.259789 0.594139 6.867152 3.592755 16.488325 2.801153 -0.989466 0.951333 -5.607957 0.571472 9.835777 3.250147 -0.241875 1.965663 4.343925 3.164689 11.706654 7.144687 -1.548424 16.151652 5.766343 9.596240 -4.574031 13.833778 9.051193 21.595567 -8.238276 -25.897003 -12.364711 17.393650 -34.634370 -12.942799 -26.426026 -22.989702 -13.500403 13.421353 -0.862498 2.381597 2.875476 -1.911424 13.944531 0.952135 7.108149 0.901140 -7.865244 -7.822869 5.044827 -14.659206 16.123606 -10.061021 -0.689687 -30.874987 2.992218 12.409065 -14.032600 11.908287 -20.816188 1.705253 -9.894559 28.025187 -7.407406 -0.696079 -0.012560 5.949461 -1.522815 7.813996 29.729495 -4.680282 31.340340 -32.161602 -13.000568 31.654453 0.553804 3.358014 -1.175182 -27.189053 -30.419554 17.489460 2.851821 0.140731 -3.753707 -14.172857 2.158204 18.536308 3.607419 6.117248 -1.305253 -5.852815 1.508100 -7.983822 -17.935358 -4.167845 -2.345286 -7.596316 -46.260071 2.252778 -3.248768 4.682821 -10.454107 16.307001 -38.731640 -13.997573 14.183891 -15.258955 9.825113 -13.075974 -16.403702 10.497107 -1.470272 2.293663 -1.753113 
-32.222389 105.480507 1.575393 16.185052 36.162358 15.837049 3.572257 13.025756 -0.211888 -8.951601 2.279655 -16.892881 2.488381 20.520346 4.961400 -4.733342 6.254184 -0.000913 2.657662 14.385066 2.568258 1.944934 0.488113 7.221586 3.596217 16.483664 2.796140 -1.494301 1.486960 -5.714885 0.569218 9.833467 3.245070 -0.730861 2.083170 4.694219 3.165314 11.703092 7.140501 -1.228699 16.207889 6.170358 9.598902 -4.567617 13.827316 8.628325 21.411678 -8.814613 -25.889168 -12.373031 17.388437 -34.813157 -12.921635 -26.290805 -22.985849 -13.496883 13.418366 -0.538012 2.408367 2.848949 -1.905075 13.942389 0.952628 6.725624 0.605984 -7.818734 -7.818478 5.040778 -14.652844 15.669726 -9.925353 -0.655031 -30.865423 2.995349 12.407601 -14.996705 12.016554 -22.138108 1.707226 -9.898225 28.023445 -7.640512 -0.293620 0.265216 5.944248 -1.523145 7.809426 29.686512 -4.446582 31.795463 -32.160400 -13.000131 31.645327 0.606725 3.745566 -0.886293 -27.188999 -30.418509 17.479036 2.881490 0.794884 -3.785223 -14.172144 2.160277 18.531946 3.827329 6.208676 -1.305359 -5.848587 1.505071 -7.986462 -18.247511 -4.599113 -2.212683 -7.594721 -46.254166 2.260087 -3.845645 4.861820 -10.574513 16.304409 -38.725021 -13.992133 14.463764 -14.857830 10.361686 -13.069253 -16.399895 10.497257 -1.519523 2.325212 -1.648550 
-34.389236 105.677620 2.367783 17.316001 37.764464 15.816160 3.577613 13.017493 -0.221821 -9.267093 2.558798 -17.444204 2.481397 20.518593 4.966864 -5.270068 6.978701 -0.017786 2.649077 14.372469 2.566207 1.174281 0.329555 7.476187 3.604829 16.488356 2.787523 -2.005430 1.808314 -5.806740 0.568474 9.829615 3.245013 -1.682241 1.920271 5.125778 3.177997 11.699903 7.138449 -1.102378 16.651612 5.996842 9.588580 -4.545256 13.825829 7.489697 21.700843 -9.049829 -25.874651 -12.393936 17.369436 -35.270557 -12.565777 -25.974229 -22.983479 -13.500257 13.416203 0.040244 2.430539 2.687459 -1.898303 13.944417 0.954272 5.762917 -0.056612 -8.045171 -7.810416 5.035966 -14.642526 15.286016 -9.919041 -0.777369 -30.862700 2.999930 12.408795 -16.776855 11.729212 -24.085235 1.714206 -9.905068 28.024527 -7.771652 -0.244915 0.351702 5.939021 -1.522369 7.804328 30.004761 -4.822791 32.661907 -32.160194 -13.004348 31.637552 -0.090838 4.374774 -0.333770 -27.185965 -30.424011 17.471434 3.114157 1.505858 -3.817119 -14.177346 2.153460 18.525604 4.062454 6.542968 -1.252869 -5.847336 1.504880 -7.989169 -18.710386 -5.471830 -1.673603 -7.596357 -46.253807 2.264774 -5.036485 5.128253 -10.794495 16.298634 -38.714882 -13.994765 14.796106 -14.237400 10.734479 -13.055299 -16.391516 10.499520 -1.933754 2.406764 -2.391520 
-37.231609 105.874481 3.835995 19.692287 39.261652 16.564052 3.585527 13.006937 -0.221651 -10.411688 3.368336 -19.113186 2.466389 20.518732 4.976417 -6.026804 8.071083 0.201442 2.646719 14.339788 2.567814 -0.417222 -0.233332 8.014460 3.613761 16.480444 2.786220 -3.090735 2.944016 -6.320818 0.574924 9.823170 3.242080 -3.109002 1.758333 5.672517 3.194669 11.702459 7.141341 -0.191820 16.378225 5.939327 9.575233 -4.518457 13.827898 5.915868 21.593886 -10.152600 -25.861242 -12.418673 17.338629 -34.946287 -12.379060 -25.114626 -22.985090 -13.495770 13.404024 0.681086 2.647629 2.320022 -1.889544 13.950293 0.958249 3.790410 -1.382108 -8.146810 -7.789413 5.025434 -14.622482 13.939350 -10.207190 -0.513948 -30.849453 3.005331 12.408795 -19.637665 10.371953 -27.769215 1.721557 -9.902112 28.029402 -7.693774 -0.226905 0.144161 5.933967 -1.521006 7.789553 31.041789 -5.418347 33.848447 -32.156452 -13.008602 31.624092 -0.980974 4.739841 0.138771 -27.171572 -30.430143 17.461767 3.336909 2.222223 -3.872471 -14.176298 2.146682 18.515963 4.025653 7.006853 -1.460630 -5.842027 1.508362 -7.990426 -19.091337 -6.269323 -1.477045 -7.596708 -46.254829 2.258217 -5.947161 5.483809 -11.094847 16.277597 -38.697720 -13.996043 15.216394 -13.780108 12.090216 -13.031167 -16.386889 10.500328 -2.460756 1.988435 -2.516552 
-40.486931 105.942879 6.178131 22.726594 40.957366 17.379128 3.599239 12.991701 -0.216103 -12.789653 4.345859 -21.326007 2.456724 20.525633 4.983543 -7.188565 9.169975 0.143219 2.639597 14.301944 2.575504 -1.963450 -1.490781 7.899887 3.625632 16.467306 2.791610 -4.796374 4.110431 -6.751517 0.583766 9.827688 3.229408 -5.276637 1.803893 6.240145 3.207534 11.714862 7.147373 0.413505 16.133158 4.999813 9.555406 -4.486915 13.843292 4.074843 21.298996 -11.162401 -25.856922 -12.442489 17.299875 -34.450737 -11.784897 -23.530550 -22.997435 -13.488036 13.390081 1.733490 3.249168 2.007598 -1.895337 13.960492 0.963898 1.605469 -4.039447 -8.775594 -7.761540 5.013098 -14.592781 11.235540 -12.684088 0.098664 -30.835669 3.014611 12.417345 -23.275715 6.611848 -33.483302 1.739096 -9.898569 28.035666 -7.050421 0.420164 0.534342 5.936732 -1.512296 7.773156 32.156643 -7.090834 35.228890 -32.149807 -13.011537 31.603222 -1.601794 3.996956 0.842328 -27.160021 -30.450191 17.471764 3.415038 1.977219 -3.738236 -14.171302 2.156863 18.501490 3.051171 8.065736 -1.519997 -5.847964 1.525332 -7.981876 -19.642611 -6.751846 -2.633521 -7.603415 -46.262264 2.233906 -5.345319 5.632320 -11.442778 16.238995 -38.661106 -14.001393 16.017357 -12.851318 12.974537 -13.006188 -16.381968 10.504396 -2.692330 1.334394 -2.795129 
-43.842693 105.803818 8.970282 24.851519 44.709868 18.683713 3.594582 12.978909 -0.199998 -15.281344 4.345226 -22.921013 2.446785 20.524742 4.984632 -8.026967 10.626644 0.356939 2.641392 14.283213 2.581548 -3.538051 -2.909265 7.491925 3.624095 16.454729 2.798129 -6.316629 4.643727 -7.510532 0.585933 9.849334 3.225960 -7.459683 1.485074 7.333111 3.218402 11.743324 7.130684 -0.060625 17.271696 2.836258 9.540136 -4.462412 13.867139 3.468558 21.382182 -11.267660 -25.861494 -12.455913 17.266623 -33.160203 -10.363562 -21.517150 -23.018187 -13.472641 13.380326 2.841021 3.780371 2.390597 -1.915324 13.968982 0.964446 0.221340 -6.789479 -10.337064 -7.733921 5.016809 -14.578047 8.384120 -16.259149 0.493217 -30.820013 3.014607 12.411880 -26.354492 0.577688 -39.800786 1.754625 -9.901933 28.048063 -5.662917 1.838873 0.596251 5.961507 -1.484468 7.767962 32.651924 -9.259320 37.269433 -32.146412 -13.014156 31.580196 -1.549747 3.520250 1.728691 -27.159859 -30.466599 17.499569 3.292658 0.091553 -3.623344 -14.180788 2.169353 18.495207 1.477125 9.025152 -0.817441 -5.852580 1.545536 -7.972886 -19.699329 -7.392574 -5.057429 -7.613411 -46.288574 2.196194 -4.160886 5.779064 -11.892407 16.186455 -38.624386 -13.989474 16.320052 -12.574654 13.014818 -12.998020 -16.371109 10.517550 -3.231428 1.207794 -3.388459 
-47.174370 105.467773 11.333250 28.899753 54.368791 23.180016 3.576673 12.972364 -0.189006 -16.474167 4.121682 -23.579311 2.458316 20.527021 4.986047 -7.592451 12.034489 0.858493 2.645925 14.283704 2.576492 -3.932943 -3.474262 7.511360 3.617849 16.450962 2.799948 -6.949571 3.952101 -8.639943 0.582573 9.880234 3.237567 -8.253159 1.274876 8.205060 3.212315 11.765341 7.111448 -0.355803 19.136411 0.873822 9.528432 -4.435901 13.875801 3.759365 21.714433 -11.284798 -25.884144 -12.474113 17.248970 -31.291876 -9.101744 -20.076928 -23.030722 -13.459770 13.383099 3.947579 4.809218 2.488149 -1.932992 13.963188 0.971993 0.301717 -8.421756 -12.293438 -7.709563 5.027800 -14.595144 6.623707 -20.206865 0.757068 -30.797699 3.018656 12.394613 -28.256848 -4.814914 -43.685869 1.760049 -9.900779 28.053379 -4.377415 3.541065 0.707217 5.989259 -1.464583 7.781604 33.434705 -10.516192 38.628961 -32.145882 -13.009716 31.568439 -0.749785 3.894279 2.977448 -27.171103 -30.470026 17.533737 2.697990 -1.930320 -3.256006 -14.194508 2.181662 18.506069 0.307123 9.266609 -0.105356 -5.856069 1.556895 -7.976772 -19.272487 -7.296453 -6.887303 -7.612699 -46.326519 2.167308 -3.034766 5.885743 -11.532811 16.157902 -38.604134 -13.965156 17.271617 -12.974410 12.944437 -13.008533 -16.363850 10.514626 -4.122057 1.035294 -4.507501 
-50.909641 105.059608 12.679418 40.721031 66.066972 34.191186 3.555086 12.982825 -0.180386 -16.789047 4.771027 -23.899062 2.465280 20.534527 4.980398 -6.562072 13.207746 0.618090 2.656176 14.290464 2.561357 -3.820486 -3.396526 7.294079 3.618010 16.441599 2.805608 -8.013947 1.856472 -10.789827 0.575830 9.904183 3.257294 -8.296132 2.255671 9.801134 3.208385 11.779507 7.081369 0.069075 19.802834 -0.814107 9.525033 -4.414643 13.882541 3.424541 22.243968 -11.732112 -25.904821 -12.492447 17.250233 -30.276740 -8.432893 -18.584559 -23.043941 -13.454562 13.392576 4.902697 5.425976 2.828664 -1.941058 13.957357 0.984133 1.101504 -7.293720 -14.169401 -7.704169 5.039865 -14.624848 5.458592 -22.268315 0.251479 -30.786524 3.014733 12.384736 -29.550042 -8.728615 -45.279926 1.746142 -9.892953 28.067617 -3.692613 4.997775 0.712453 6.013948 -1.446818 7.784681 33.874487 -10.396123 39.810898 -32.166447 -13.011949 31.588114 -0.838671 4.538012 3.403387 -27.185776 -30.479252 17.580721 3.098558 -2.952326 -2.616871 -14.222407 2.193052 18.525879 -0.079160 8.735832 0.043573 -5.848334 1.566724 -7.999333 -19.053398 -6.461408 -7.508563 -7.606657 -46.370342 2.151483 -3.023926 5.844623 -10.330665 16.143858 -38.607262 -13.958016 18.766165 -13.490266 12.986123 -13.026659 -16.367636 10.509272 -5.007424 0.724204 -4.882819 
-55.840546 104.509804 12.856439 70.971328 74.971722 65.379670 3.555243 13.001675 -0.189728 -16.068001 5.671145 -24.379296 2.488316 20.555281 4.977654 -5.997317 14.142883 0.389376 2.667985 14.276404 2.541939 -4.069028 -3.672852 7.507601 3.624356 16.438833 2.802298 -9.149020 -0.113781 -14.558442 0.573842 9.938603 3.265149 -8.240011 3.618668 10.417908 3.194445 11.787809 7.063575 0.440933 19.695426 -2.322469 9.529357 -4.398090 13.876046 3.164816 21.663458 -11.811724 -25.923574 -12.511570 17.269581 -28.871643 -6.953590 -16.061572 -23.049953 -13.464323 13.388750 5.747147 5.485925 3.109426 -1.951417 13.964128 1.016849 1.601484 -5.072929 -14.245815 -7.700480 5.047865 -14.655148 5.439273 -21.169934 0.403437 -30.795536 2.999163 12.389987 -29.992382 -11.486512 -46.007669 1.731379 -9.891582 28.073610 -3.481368 6.232788 -0.118983 6.023805 -1.443442 7.782467 33.909126 -9.643626 39.983166 -32.196438 -13.023934 31.625668 -1.202238 5.669291 3.570141 -27.195175 -30.468534 17.611109 4.086320 -3.123727 -1.228440 -14.241900 2.208821 18.563934 0.367890 8.564405 -0.273457 -5.847906 1.574866 -8.012744 -19.463252 -5.367273 -6.500288 -7.594618 -46.421669 2.144082 -3.367025 5.719504 -7.906805 16.134180 -38.646290 -13.950866 20.252163 -13.146412 13.298043 -13.044475 -16.387032 10.504784 -5.935739 0.730772 -4.557090 
-62.648647 103.618050 12.131863 107.217468 75.725652 102.742813 3.568474 13.044060 -0.207483 -15.043191 7.262613 -25.735827 2.515208 20.579817 4.984250 -5.411148 14.342924 -0.606241 2.683492 14.252181 2.532529 -3.941796 -4.317326 7.504467 3.635030 16.432308 2.794111 -8.624694 -2.643138 -19.151062 0.573766 9.962527 3.262547 -8.676146 5.606372 11.066648 3.191419 11.802596 7.064044 0.228333 18.896174 -4.011497 9.538538 -4.395628 13.866892 3.330684 19.842729 -10.512129 -25.911001 -12.512247 17.286322 -26.657397 -5.150959 -12.253787 -23.057392 -13.490067 13.388826 6.109433 4.888538 4.017476 -1.949730 13.970004 1.052293 2.776542 -0.887800 -12.857751 -7.695769 5.060684 -14.689256 6.722318 -17.868810 -0.208774 -30.811434 2.975598 12.399516 -29.984739 -14.787021 -45.060828 1.713338 -9.889353 28.081625 -3.537072 6.837184 -1.201223 6.026130 -1.445562 7.783706 34.556198 -7.256604 39.290301 -32.215302 -13.036833 31.681187 -3.314820 5.322687 4.350519 -27.193918 -30.455097 17.622725 5.495139 -1.908252 0.726974 -14.248430 2.223886 18.600702 1.676023 8.926307 -1.240775 -5.866546 1.573975 -8.030032 -21.536792 -3.426186 -5.106648 -7.583246 -46.463554 2.132400 -3.746394 6.404192 -4.625641 16.130676 -38.705517 -13.937433 22.018952 -12.772144 13.594487 -13.060891 -16.407402 10.498531 -6.672685 0.817880 -4.782715 
-71.700462 102.240807 10.850804 111.024185 74.527227 108.585958 3.590715 13.117565 -0.229237 -12.348651 8.341603 -24.816454 2.533068 20.604479 4.977260 -4.418650 13.587278 -1.345206 2.669548 14.241949 2.528818 -3.881563 -5.699294 8.481098 3.663846 16.429789 2.773527 -6.340844 -4.689642 -22.827353 0.589232 9.976655 3.263322 -7.586582 6.347684 10.485956 3.181081 11.811203 7.084537 -1.439210 16.885686 -4.550297 9.575911 -4.395380 13.864350 5.171255 17.818029 -5.079987 -25.899708 -12.487700 17.317545 -23.785482 -3.368613 -7.908602 -23.036015 -13.508603 13.407247 5.983760 5.015498 5.048425 -1.938420 13.971707 1.086728 5.372194 2.383183 -10.436237 -7.709180 5.059891 -14.732530 10.720884 -16.308016 -0.931135 -30.836447 2.968044 12.406247 -28.298809 -20.632694 -41.091244 1.685359 -9.889417 28.066851 -2.618279 5.103683 -2.874320 6.027929 -1.458594 7.790785 35.865617 -2.857835 36.593240 -32.222435 -13.048614 31.716331 -4.215769 4.105938 6.825527 -27.196774 -30.409565 17.620342 5.284219 1.315783 3.245692 -14.255359 2.215638 18.665270 2.944855 10.478332 -2.201998 -5.898146 1.562796 -8.046372 -23.358653 -1.325919 -3.472168 -7.594360 -46.490864 2.151556 -2.690159 8.001280 -0.378873 16.158812 -38.787086 -13.936260 21.346069 -12.299560 14.081162 -13.055872 -16.411196 10.478611 -7.773566 1.005611 -4.908222 
-83.152008 100.561340 9.249075 83.463430 75.800838 83.123245 3.591084 13.199975 -0.235767 -10.008955 8.090794 -20.028649 2.534421 20.587177 4.971745 -1.554059 12.011884 -1.349805 2.618209 14.244009 2.511475 -3.561215 -7.492027 6.882861 3.664284 16.438299 2.750804 -4.452910 -6.050780 -22.417236 0.578529 9.944108 3.255759 -6.245274 4.348705 10.261163 3.205670 11.808640 7.130227 -4.213603 13.449689 -1.992098 9.630146 -4.423365 13.862231 7.161722 14.531523 1.993931 -25.912373 -12.447541 17.353138 -18.934632 -2.891694 -6.235156 -22.989752 -13.504856 13.434943 4.145909 5.609871 4.155645 -1.928012 13.950507 1.083746 5.842106 1.923917 -9.164966 -7.725734 5.062477 -14.765529 13.740012 -21.661187 -3.830414 -30.857283 2.983391 12.411260 -24.399176 -29.554625 -35.768642 1.667544 -9.887080 28.038113 -0.967536 2.162117 -3.007438 6.032810 -1.485212 7.766276 36.307817 3.465103 30.447774 -32.227924 -13.044725 31.715109 -4.939366 0.847772 10.607599 -27.182442 -30.394636 17.592236 3.594151 6.702021 7.075193 -14.250808 2.198230 18.701691 3.106336 12.010390 -3.417404 -5.921889 1.519704 -8.062389 -24.926224 0.040565 -4.499240 -7.611825 -46.474228 2.200509 -0.192925 8.958736 1.533183 16.208473 -38.863136 -13.960898 18.011923 -13.744676 13.706855 -13.054419 -16.390688 10.452281 -6.991114 0.005995 -3.174936 
-96.649750 99.079399 7.478344 50.969645 68.818944 50.840209 3.560294 13.232519 -0.238876 -9.973668 6.231545 -11.874365 2.518385 20.549337 4.949162 1.062265 7.805701 -0.774511 2.609782 14.319900 2.507020 -4.935131 -11.539185 5.470842 3.620267 16.443338 2.749416 -3.811541 -5.024459 -18.425183 0.555653 9.890544 3.267845 -3.648950 1.999253 9.227901 3.211562 11.804671 7.155745 -7.273021 12.160831 1.884487 9.669909 -4.474917 13.871961 8.801629 10.030530 7.839575 -25.903183 -12.382284 17.426756 -14.065062 -1.662431 -4.894026 -22.927036 -13.486087 13.469438 0.640009 5.947704 2.682337 -1.918225 13.922407 1.063839 3.164961 -2.634253 -8.892111 -7.750374 5.061313 -14.764128 10.737833 -35.288418 -7.353590 -30.861692 3.024812 12.378404 -21.718217 -37.776642 -30.580297 1.692074 -9.861466 27.988672 -0.031622 -1.292409 -2.127299 6.046212 -1.513778 7.753854 36.542885 11.065958 19.923032 -32.231407 -13.017647 31.681526 -4.226225 -7.965069 15.998405 -27.143757 -30.346436 17.545454 0.183199 12.250869 11.673526 -14.241203 2.196680 18.677177 3.405449 12.699009 -6.273950 -5.901587 1.497837 -8.058578 -24.621114 -0.162923 -9.663811 -7.603930 -46.395592 2.249126 1.252336 7.762776 -3.004336 16.242065 -38.851227 -14.024108 12.042990 -19.248851 13.003419 -13.043415 -16.377575 10.432714 -5.108392 1.474537 -0.605958 
-109.150513 98.853584 6.053609 40.400576 57.972494 43.605792 3.502923 13.167843 -0.241266 -8.042481 6.014029 -3.884262 2.474600 20.529215 4.923207 1.242276 3.343270 -1.576718 2.589000 14.380320 2.538419 -9.916138 -16.983747 6.216903 3.546271 16.451921 2.780399 -3.040125 -1.467832 -12.631083 0.516255 9.860874 3.304776 -0.983652 -0.598740 7.856708 3.177550 11.779225 7.106179 -10.491277 11.925449 5.750276 9.670154 -4.506995 13.809813 7.964278 6.438390 7.600131 -25.847303 -12.353963 17.416899 -10.899811 -1.305755 -7.755254 -22.872219 -13.456340 13.488689 -1.506815 4.022380 -0.080083 -1.919249 13.906476 1.014876 -2.715314 -10.008773 -8.746498 -7.787486 5.087309 -14.718303 -2.119937 -45.733239 -6.744235 -30.819607 2.997579 12.347744 -22.614292 -50.950298 -27.717867 1.735736 -9.817462 27.925795 0.821372 -1.939478 1.152758 6.032463 -1.572159 7.747296 36.115117 19.274831 10.788665 -32.198479 -13.006557 31.609434 -2.645583 -19.651086 25.018706 -27.137644 -30.265686 17.536329 -1.523318 17.862164 9.958388 -14.225109 2.216832 18.613680 2.861665 11.237133 -5.037543 -5.863024 1.483449 -8.015077 -21.856817 -0.599170 -14.579170 -7.599296 -46.273029 2.243473 1.265035 4.597974 -9.132608 16.253618 -38.737476 -14.055037 3.808296 -22.659953 13.958496 -13.086181 -16.340376 10.426412 -2.935074 1.474134 0.147488 
-116.892372 100.279594 5.449172 35.224607 50.618737 41.123066 3.487364 13.134766 -0.227199 -7.895920 3.981235 -2.620216 2.486174 20.521046 4.926682 -0.190123 1.226953 -5.252669 2.594409 14.384862 2.573362 -12.948204 -21.487857 9.386303 3.510133 16.433165 2.812561 -0.698752 0.689880 -9.099664 0.521497 9.826257 3.332031 -0.082836 -3.684554 5.158508 3.114835 11.754613 7.107206 -12.350579 9.439357 8.004002 9.657115 -4.529563 13.748997 7.783368 2.283842 7.856130 -25.772764 -12.300379 17.399399 -6.863756 -3.076269 -4.990168 -22.865416 -13.460451 13.468704 -1.238590 1.342094 -1.905935 -1.942373 13.902652 0.975286 -7.769228 -16.903200 -5.402186 -7.775756 5.089067 -14.689050 -22.092088 -47.608864 0.536169 -30.773705 2.973257 12.343952 -24.713117 -61.740156 -26.778435 1.728209 -9.772214 27.928596 1.210566 -1.114044 4.441554 6.026109 -1.570012 7.764683 37.409066 25.124791 8.255332 -32.144634 -13.023814 31.527452 -2.792370 -30.755748 35.344508 -27.079416 -30.217999 17.509174 -1.792007 22.746868 7.099746 -14.194174 2.197766 18.582220 2.858322 9.309906 -2.824863 -5.892222 1.482053 -7.943270 -20.735706 -0.353186 -15.407416 -7.580729 -46.134617 2.193303 1.765659 4.825581 -11.880145 16.256744 -38.676563 -14.054132 -0.226731 -20.997779 14.470849 -13.113885 -16.333454 10.400834 -2.336335 0.683244 -0.339060 
-120.316864 101.848091 5.228638 32.401512 47.455796 40.080015 3.509088 13.112329 -0.215796 -8.336527 1.508801 -1.468651 2.505143 20.519566 4.910168 -1.452779 1.090008 -7.044917 2.612039 14.411298 2.584042 -14.560169 -23.939224 12.643575 3.490192 16.416519 2.812681 0.346593 0.880982 -6.573415 0.548712 9.806604 3.338257 0.669677 -5.697193 2.396934 3.077976 11.759429 7.107985 -14.078432 8.875586 9.892900 9.664531 -4.552057 13.736416 8.816815 -0.513336 9.331560 -25.724159 -12.279514 17.412546 -3.516510 -2.456571 -4.098389 -22.869370 -13.458321 13.457173 -1.257189 0.829611 -2.859648 -1.986525 13.905190 0.952805 -12.373655 -22.346724 -0.256576 -7.767431 5.085736 -14.700975 -34.410097 -47.123333 4.702260 -30.750994 2.973109 12.368145 -27.597098 -66.020663 -25.985018 1.713603 -9.780266 27.928890 0.620491 -1.644032 6.460293 6.005774 -1.568754 7.774437 36.244324 27.883496 6.736462 -32.138676 -13.040795 31.493149 -8.456628 -39.201956 49.656445 -27.049412 -30.191229 17.501278 -1.971514 25.785013 5.486439 -14.179822 2.191270 18.552790 2.429359 7.060898 -1.063056 -5.898643 1.478393 -7.893599 -19.868131 -1.104305 -14.938273 -7.570240 -46.049492 2.178869 1.093397 3.467681 -14.176258 16.268053 -38.668430 -14.062984 -1.122494 -19.644333 14.492973 -13.140211 -16.345701 10.430731 -1.693241 1.837093 -1.077178 
-121.588921 102.790665 5.123389 30.750990 46.587446 38.970501 3.526753 13.107760 -0.209354 -8.404218 0.471608 -1.054005 2.519893 20.504601 4.897714 -2.668378 1.565871 -8.189545 2.613911 14.420801 2.582598 -15.751851 -24.890620 15.050107 3.487746 16.416290 2.802150 0.748039 0.398984 -5.477115 0.576035 9.791000 3.342510 0.795980 -6.159990 1.051851 3.064803 11.748830 7.100177 -15.539756 8.857505 11.082743 9.660254 -4.557336 13.730029 9.961351 -1.399532 10.006588 -25.696371 -12.270282 17.418961 -1.522245 -2.653505 -3.332672 -22.857374 -13.439809 13.451293 -1.225338 0.306846 -2.848754 -1.990643 13.897412 0.945762 -15.541769 -24.865563 3.765905 -7.761661 5.083972 -14.697528 -40.173533 -46.730037 6.475484 -30.741619 2.973377 12.374927 -28.431991 -67.814694 -26.670702 1.709804 -9.801183 27.918383 0.038620 -2.409471 7.461323 5.999009 -1.564415 7.768054 35.898750 29.287510 5.985854 -32.115723 -13.037283 31.454981 -14.276268 -43.656093 58.782889 -27.034899 -30.171488 17.499569 -2.677539 27.289748 4.709602 -14.161741 2.192466 18.534800 2.437946 5.950865 0.204655 -5.898056 1.469346 -7.864890 -19.472630 -2.248068 -14.563398 -7.565125 -45.985840 2.177417 0.240046 2.610402 -15.507263 16.287565 -38.651329 -14.066092 -0.443115 -18.210937 13.860926 -13.147304 -16.361885 10.440912 -1.802050 1.799206 -1.391989 
-122.066597 103.330719 5.087014 30.167607 45.669910 38.697881 3.537571 13.102597 -0.210555 -8.973180 -0.065454 -0.960623 2.524619 20.495674 4.890280 -3.332724 1.578779 -8.574453 2.614790 14.424780 2.581047 -16.229452 -25.415923 15.885678 3.487875 16.413656 2.796000 0.632127 0.214006 -4.586211 0.582477 9.778258 3.341717 1.146017 -6.406315 0.506823 3.057997 11.741036 7.103798 -15.782271 8.417961 11.941900 9.650926 -4.568847 13.724353 10.139587 -1.418984 9.805846 -25.685122 -12.262394 17.420120 -0.600984 -2.382299 -3.134924 -22.853298 -13.432146 13.442709 -1.427925 -0.331904 -2.701874 -1.991874 13.891198 0.943596 -17.497498 -26.017166 6.263952 -7.751250 5.082117 -14.689175 -42.688822 -46.103514 7.657429 -30.736303 2.979072 12.381912 -28.320116 -68.147523 -27.481030 1.710021 -9.810393 27.914171 -0.232659 -2.630027 8.119233 5.996610 -1.560742 7.764910 36.187411 29.645842 6.185143 -32.109970 -13.039743 31.433754 -17.387179 -45.447000 63.188156 -27.014767 -30.159508 17.498180 -3.264327 28.224386 4.426132 -14.150731 2.187256 18.523859 2.077011 5.343695 0.538006 -5.896362 1.470319 -7.855201 -19.330829 -3.032648 -14.459408 -7.561158 -45.956326 2.179442 -0.011803 2.075694 -16.022977 16.285854 -38.647449 -14.064851 -0.334181 -17.943146 13.683297 -13.144247 -16.362795 10.443949 -1.890146 1.866546 -1.259032 
-122.267685 103.653954 5.069920 29.557394 45.735978 38.361102 3.543658 13.099757 -0.207766 -8.873597 -0.426711 -1.196424 2.527593 20.495958 4.886492 -3.519709 1.832806 -8.486416 2.615469 14.430918 2.577275 -17.001821 -25.602962 16.565852 3.484684 16.416746 2.786274 0.686922 -0.093798 -4.257251 0.590090 9.776954 3.342735 1.275692 -6.540719 0.287777 3.051393 11.737090 7.106208 -15.884025 8.480840 12.344665 9.650615 -4.572081 13.724490 10.535016 -1.849684 9.545817 -25.680418 -12.263483 17.421051 -0.405728 -2.235508 -3.081274 -22.847065 -13.439264 13.446180 -1.683246 -0.667977 -2.667326 -1.992343 13.889452 0.943766 -18.365474 -26.291937 7.271149 -7.745343 5.082088 -14.690191 -44.062418 -45.600795 8.109626 -30.737717 2.973283 12.384405 -28.590967 -68.642821 -28.083872 1.714429 -9.819565 27.908102 -0.295218 -2.495723 8.435668 5.994328 -1.562012 7.765748 36.006889 29.928714 5.878591 -32.111870 -13.042031 31.434410 -19.481095 -46.105638 65.311526 -27.006046 -30.151730 17.499310 -3.599878 28.280689 4.264362 -14.153675 2.185798 18.518074 2.040377 5.054407 0.612902 -5.895098 1.471757 -7.850603 -18.884361 -3.187515 -14.619738 -7.559224 -45.946175 2.181622 -0.876980 1.528837 -16.214212 16.286058 -38.650604 -14.064008 0.001597 -17.540981 13.326650 -13.145341 -16.366951 10.447358 -2.308890 2.259581 -1.552920 
-122.353195 103.829361 5.064470 29.755265 45.478391 38.678661 3.544627 13.099361 -0.209445 -8.697228 -0.397066 -1.247904 2.528726 20.496870 4.883942 -3.364605 1.953283 -8.517473 2.613119 14.430744 2.578732 -16.963907 -25.747091 16.682530 3.486768 16.411396 2.790230 0.201891 -0.145046 -4.347603 0.587620 9.770532 3.342736 1.516070 -6.583840 0.294593 3.056245 11.735312 7.109022 -15.962273 7.864475 12.657152 9.649433 -4.579765 13.721620 10.373592 -1.571944 9.418321 -25.676003 -12.267988 17.420921 -0.225787 -2.643942 -3.027716 -22.850071 -13.438326 13.448098 -1.787442 -0.687612 -2.685617 -1.985213 13.892460 0.942976 -19.286769 -26.431034 8.232900 -7.748817 5.080708 -14.684784 -44.391718 -45.602342 8.324065 -30.732384 2.972030 12.384348 -27.320463 -68.294590 -29.256432 1.718133 -9.816838 27.908525 -0.520722 -2.590028 8.295241 5.989931 -1.566504 7.760961 36.296909 29.898211 6.083260 -32.117451 -13.042034 31.436932 -20.608013 -46.510180 66.692549 -27.005463 -30.155373 17.494953 -3.409502 28.973748 4.238938 -14.152572 2.189473 18.513779 1.997784 4.411405 0.894646 -5.892599 1.470813 -7.847151 -19.110277 -3.230219 -14.360124 -7.552833 -45.948586 2.182846 -0.986650 1.167684 -16.201675 16.281481 -38.644497 -14.064606 0.132950 -17.569757 13.557564 -13.144505 -16.372780 10.445101 -2.221117 2.224030 -1.117799 
-122.386375 103.923790 5.058704 29.741977 45.268411 38.868807 3.547348 13.096479 -0.213206 -8.721305 -0.184171 -1.029459 2.531334 20.486383 4.883358 -3.175762 1.682496 -8.517797 2.615074 14.438790 2.575981 -16.995505 -25.716637 16.826272 3.484626 16.413246 2.786816 0.409043 -0.136463 -4.275612 0.592936 9.768707 3.345042 1.785487 -6.638282 0.286699 3.056411 11.733245 7.107239 -16.053531 8.405105 12.708293 9.643865 -4.578267 13.720206 10.705277 -1.858250 9.420835 -25.674562 -12.257686 17.417625 0.202424 -2.180975 -2.917631 -22.851496 -13.432226 13.443685 -1.896539 -0.930983 -2.870684 -1.989324 13.888520 0.943892 -19.501887 -26.491941 8.368922 -7.742886 5.085813 -14.685717 -44.866177 -45.359758 8.542526 -30.739353 2.973340 12.384232 -27.202028 -68.678133 -29.477030 1.721787 -9.823585 27.912327 -0.672590 -2.516185 8.503564 5.988075 -1.564909 7.760048 36.361246 29.879400 6.094903 -32.110157 -13.034280 31.432459 -20.744512 -46.963769 66.864219 -27.000088 -30.150991 17.494938 -3.358336 28.750025 4.422235 -14.151563 2.185208 18.511091 2.106504 4.286848 0.717238 -5.888281 1.470986 -7.846225 -18.990810 -3.244638 -14.285388 -7.549671 -45.939774 2.185359 -1.404623 1.298678 -16.552197 16.284428 -38.646706 -14.064023 0.250607 -17.900054 13.287383 -13.145438 -16.367113 10.447033 -2.453820 2.306025 -1.249321 
-122.397728 103.954514 5.062773 29.466741 45.407323 38.563876 3.551118 13.098979 -0.209749 -8.617446 -0.282838 -1.518532 2.533317 20.492052 4.883595 -3.343889 1.952453 -8.683974 2.617490 14.433983 2.577593 -17.508471 -25.725971 16.976346 3.489553 16.413010 2.789355 0.137914 -0.139235 -4.364087 0.588176 9.769533 3.341369 1.352153 -6.522538 0.384938 3.055246 11.732652 7.108864 -15.911904 7.818622 12.862547 9.645794 -4.578735 13.720563 10.335004 -1.932179 9.044040 -25.675854 -12.258850 17.420195 -0.086435 -2.421066 -3.066851 -22.849598 -13.432189 13.446762 -2.073690 -1.182181 -2.743765 -1.982195 13.891218 0.940337 -19.671561 -26.524804 8.568542 -7.742817 5.078336 -14.681645 -44.976980 -45.585239 8.462053 -30.740646 2.970932 12.384864 -26.876414 -68.383444 -29.858220 1.721459 -9.822192 27.910402 -0.537968 -2.357941 8.427525 5.986704 -1.561409 7.756258 35.972325 29.865094 5.735650 -32.115376 -13.042098 31.433615 -21.445385 -46.594133 67.195777 -26.998140 -30.148603 17.495283 -3.872807 28.887257 4.105140 -14.145530 2.188643 18.508282 2.202071 4.465619 0.797507 -5.891070 1.470383 -7.840221 -19.129948 -3.306046 -14.585053 -7.554520 -45.942650 2.188034 -1.381370 1.014668 -16.521372 16.281610 -38.647999 -14.066422 -0.141200 -17.706516 13.651896 -13.145796 -16.369303 10.452782 -2.351360 2.017270 -1.205718 
-122.395073 103.944763 5.052626 29.379058 45.324111 38.509105 3.549306 13.099813 -0.210071 -8.897862 -0.109008 -1.188092 2.530980 20.487417 4.883989 -3.423505 1.618038 -8.536177 2.616552 14.434118 2.573294 -17.111323 -25.656082 16.759049 3.490119 16.417704 2.787221 0.131608 -0.279360 -4.112133 0.591158 9.770854 3.343293 1.820581 -6.447057 0.217319 3.057632 11.734109 7.111999 -15.945966 8.246355 12.732480 9.649190 -4.581667 13.724446 10.681769 -1.965690 9.273399 -25.678888 -12.260389 17.422203 0.188234 -2.378953 -3.021675 -22.851824 -13.432459 13.446290 -2.101077 -1.042130 -2.778239 -1.984659 13.892968 0.942147 -19.504778 -26.444606 8.247188 -7.745035 5.084968 -14.684265 -44.880968 -45.549517 8.724840 -30.740877 2.971357 12.385493 -26.845591 -68.509707 -29.891780 1.722210 -9.821630 27.910900 -0.497632 -2.549893 8.448627 5.989423 -1.564934 7.754823 36.202909 30.065506 5.941968 -32.116859 -13.040290 31.430311 -21.459334 -46.785075 67.480930 -27.003590 -30.152224 17.497416 -3.485868 28.730129 4.464362 -14.149760 2.189076 18.511024 2.130503 4.206088 0.988372 -5.888133 1.467673 -7.844921 -19.181977 -3.004279 -14.254782 -7.553697 -45.945019 2.185431 -0.975348 1.124937 -16.542421 16.284851 -38.649197 -14.065058 -0.140931 -17.613608 13.513026 -13.145388 -16.372999 10.448154 -2.162072 2.187486 -1.120371 
-122.374763 103.870041 5.060344 29.680208 45.486376 38.432245 3.547709 13.099364 -0.209388 -8.756772 -0.330399 -1.517807 2.530252 20.487465 4.886322 -3.279238 1.849766 -8.580250 2.618208 14.431204 2.573959 -17.221320 -25.299425 16.974320 3.486499 16.418097 2.787654 0.274145 -0.202904 -4.262184 0.592687 9.769082 3.343457 1.481142 -6.356874 0.214777 3.057091 11.735113 7.113566 -15.746540 7.996275 12.895180 9.649144 -4.576782 13.720598 10.616553 -1.993532 9.257883 -25.678322 -12.263440 17.415932 -0.040947 -2.395206 -3.039559 -22.849024 -13.433083 13.444361 -2.042871 -0.940861 -2.789835 -1.988772 13.889892 0.937796 -19.518796 -26.341926 8.176650 -7.741164 5.081880 -14.685375 -44.755617 -45.556412 8.356859 -30.743788 2.975466 12.381602 -27.470891 -68.333666 -29.226847 1.716599 -9.819889 27.907671 -0.647016 -2.780244 8.301642 5.986502 -1.566066 7.758413 36.135782 29.904225 5.706477 -32.113911 -13.044621 31.433554 -20.718435 -46.584762 66.684844 -27.002258 -30.152830 17.494757 -3.476446 28.924601 4.216754 -14.151167 2.185115 18.509424 2.291629 4.177174 0.926059 -5.890683 1.471569 -7.846384 -19.047646 -3.031173 -14.033849 -7.555310 -45.942776 2.189742 -1.262515 1.363288 -16.392811 16.287306 -38.653343 -14.064347 -0.181854 -17.711951 13.513739 -13.145769 -16.371553 10.441761 -2.414267 2.032788 -1.027900 
-122.292877 103.714546 5.070538 30.073883 45.483497 38.853599 3.543046 13.100870 -0.215827 -8.904041 -0.212746 -1.085070 2.527355 20.492353 4.878523 -3.136870 1.712669 -8.496705 2.619290 14.436215 2.579819 -16.784743 -25.473974 16.495586 3.481782 16.411299 2.788427 0.427899 0.221418 -4.434144 0.588940 9.772988 3.343713 1.567109 -6.495423 0.415193 3.055531 11.737096 7.104653 -15.922474 8.115572 12.606893 9.652038 -4.576143 13.724701 10.532797 -1.842753 9.434482 -25.682344 -12.264642 17.425562 -0.141994 -2.121666 -3.220915 -22.847843 -13.435444 13.445184 -1.713780 -0.661939 -2.908483 -1.992014 13.892827 0.939470 -18.711218 -26.361153 7.235027 -7.752604 5.084166 -14.689588 -44.172889 -45.776167 8.247009 -30.742706 2.974194 12.383851 -27.610399 -68.570769 -28.928511 1.717519 -9.825919 27.911646 -0.669248 -2.386542 8.276378 5.986931 -1.567640 7.761603 36.027738 29.703212 5.943856 -32.117409 -13.039289 31.435368 -20.032919 -46.285361 66.154091 -27.008965 -30.156151 17.497849 -3.457056 28.559907 4.203715 -14.156228 2.189769 18.515263 2.353879 4.461302 0.945157 -5.889749 1.476362 -7.847025 -19.029185 -2.985088 -14.384558 -7.558593 -45.950157 2.184914 -0.976258 1.389342 -16.364648 16.287277 -38.652012 -14.064280 -0.000624 -17.829688 13.581304 -13.150875 -16.369467 10.453005 -2.116421 2.290703 -1.342094 
-122.094795 103.400703 5.081486 30.295673 45.794485 39.055937 3.534711 13.097723 -0.211499 -8.588373 -0.125656 -1.112587 2.525632 20.493435 4.892694 -3.546677 1.573972 -8.363205 2.615509 14.424037 2.578847 -16.553044 -25.442854 16.099190 3.485819 16.414751 2.794461 0.577263 -0.012068 -4.709760 0.584914 9.780944 3.340355 1.377345 -6.378614 0.412957 3.061537 11.741467 7.106234 -15.601805 8.383958 11.862169 9.653054 -4.568838 13.726785 10.109991 -1.589013 9.622617 -25.686329 -12.262824 17.417219 -0.719471 -2.211628 -3.368077 -22.855515 -13.434876 13.446215 -1.344604 -0.451229 -3.074596 -1.993321 13.898071 0.941443 -17.975125 -26.048767 6.517041 -7.751019 5.081384 -14.685481 -42.887441 -46.193017 7.642542 -30.741837 2.973332 12.381452 -28.147531 -68.365194 -27.744867 1.712429 -9.812484 27.914471 -0.385319 -2.429801 7.993816 5.993079 -1.562524 7.762813 36.127217 29.574876 5.971764 -32.120918 -13.040887 31.435698 -17.859521 -45.688498 63.910005 -27.011982 -30.158751 17.500233 -3.254029 28.056704 4.452439 -14.156126 2.190717 18.521765 2.161882 5.196905 0.540194 -5.894635 1.474083 -7.847616 -19.071300 -2.709273 -14.336159 -7.562022 -45.960396 2.181134 -0.281803 1.794986 -16.043416 16.285002 -38.651043 -14.064891 -0.413969 -17.918812 13.760541 -13.148081 -16.362803 10.449787 -1.780693 2.070845 -1.151850 
-121.593033 102.829498 5.116089 30.652315 46.700466 38.914436 3.524469 13.103658 -0.209743 -8.438406 0.503566 -1.243708 2.516530 20.497864 4.898770 -2.646661 1.408799 -8.076379 2.616731 14.422828 2.584661 -15.992775 -24.851824 14.979303 3.483834 16.414095 2.803897 0.677694 0.352648 -5.575545 0.574349 9.789467 3.340952 0.927271 -6.055391 1.110247 3.065637 11.750668 7.099599 -15.231003 9.121602 11.077475 9.657046 -4.560528 13.729941 9.970657 -1.478265 9.678272 -25.696020 -12.268679 17.415869 -1.387251 -2.308856 -3.778613 -22.858141 -13.436769 13.449637 -1.528980 0.176693 -2.985515 -1.995869 13.898096 0.939013 -15.855823 -25.062542 3.655278 -7.755957 5.087293 -14.699122 -39.986567 -46.834279 6.313681 -30.739065 2.975386 12.372788 -29.261138 -67.782060 -25.922615 1.708129 -9.802182 27.924175 0.026117 -2.200186 7.581069 5.997910 -1.565043 7.767971 35.756990 29.179289 6.108050 -32.118534 -13.036559 31.457848 -14.636882 -43.828764 59.392757 -27.030388 -30.169884 17.499197 -2.696419 27.013180 4.681396 -14.167441 2.192596 18.532074 2.463653 5.591782 0.190447 -5.893592 1.473768 -7.865242 -19.252700 -1.989622 -14.579833 -7.562922 -45.986958 2.180578 0.230552 2.691427 -15.565844 16.283131 -38.651428 -14.059837 -0.531125 -18.588392 13.979535 -13.151647 -16.356968 10.443336 -1.781320 2.078732 -1.228403 
-120.276878 101.824722 5.210752 32.208423 47.855177 39.748504 3.508768 13.118619 -0.215747 -8.425223 1.627225 -1.285132 2.507910 20.517351 4.909835 -1.572408 0.751536 -7.069900 2.615231 14.406313 2.583693 -14.221380 -23.535457 12.624365 3.489728 16.417013 2.813768 0.746256 0.942850 -6.501226 0.547457 9.813321 3.337081 0.506484 -5.654458 2.428543 3.082233 11.764316 7.105164 -13.942404 8.948452 9.943362 9.666082 -4.551833 13.737117 8.888978 -0.391087 9.193696 -25.726305 -12.277245 17.409523 -3.530450 -2.370524 -3.787115 -22.868856 -13.450953 13.454224 -1.290888 0.670960 -2.906474 -1.983782 13.904263 0.953283 -12.229514 -22.245817 -0.053796 -7.768435 5.087077 -14.704396 -34.578762 -47.070682 4.704055 -30.751652 2.975544 12.367018 -27.631766 -66.421377 -25.920404 1.714433 -9.780413 27.931654 0.628459 -1.539017 6.212431 6.007845 -1.564904 7.772712 36.581691 27.968750 7.077584 -32.135704 -13.037427 31.487751 -8.642798 -39.318971 49.992125 -27.056089 -30.190626 17.503244 -2.157534 25.446389 5.557793 -14.169990 2.195972 18.558065 2.760999 7.370451 -0.679531 -5.891013 1.474539 -7.890820 -19.909262 -1.215557 -14.893376 -7.569127 -46.048248 2.179144 1.610915 3.281329 -14.135349 16.270329 -38.662560 -14.061516 -1.079154 -19.879817 14.376665 -13.146073 -16.347672 10.433955 -1.651588 1.807968 -1.324043 
-116.575211 100.067406 5.409629 35.455345 51.001255 41.536645 3.477044 13.134998 -0.232012 -7.727183 4.168910 -2.116250 2.480713 20.528465 4.926333 0.125322 0.720512 -4.729401 2.588477 14.381086 2.580052 -13.347610 -21.082501 9.327059 3.510135 16.437927 2.815775 -0.762137 0.734931 -9.351758 0.509904 9.828826 3.338082 -0.006853 -3.632038 5.538324 3.115287 11.759968 7.106143 -12.323973 9.381026 7.775376 9.657430 -4.533263 13.748011 7.283846 2.240867 7.676868 -25.777689 -12.305831 17.399271 -7.152476 -2.981718 -5.268975 -22.858564 -13.461720 13.468036 -1.178121 1.423785 -1.901360 -1.939743 13.904429 0.981790 -7.418081 -16.463326 -5.696292 -7.773235 5.088575 -14.682854 -20.713457 -47.780838 0.276699 -30.773506 2.979737 12.347425 -25.374190 -61.767873 -25.665633 1.737918 -9.763721 27.930136 1.563805 -0.835523 4.140707 6.021644 -1.563746 7.762276 37.405715 24.955399 8.326108 -32.150738 -13.023921 31.534592 -2.562072 -29.952063 34.008830 -27.078945 -30.214687 17.501993 -1.652575 22.401987 7.235237 -14.195721 2.201904 18.587866 2.597540 9.852778 -2.970653 -5.890359 1.485048 -7.949550 -20.912309 -0.243472 -15.548779 -7.585640 -46.144455 2.194448 2.201398 4.962021 -11.926507 16.251209 -38.675491 -14.052679 -0.962948 -21.487881 14.849439 -13.110259 -16.324942 10.394294 -2.510857 0.784481 -0.418351 
-108.389832 98.400620 5.830804 41.741680 58.355661 45.016127 3.497154 13.171961 -0.247053 -7.755202 6.058865 -3.955650 2.474466 20.538820 4.925057 1.399867 3.129600 -1.300376 2.593511 14.376658 2.542320 -10.198052 -16.160854 6.849721 3.546098 16.456553 2.776924 -3.073313 -1.733444 -12.491496 0.504498 9.859804 3.303492 -1.480551 -0.256818 7.420552 3.180300 11.780868 7.116503 -10.212402 11.648389 5.359249 9.679832 -4.507522 13.821788 7.335193 6.502298 7.655184 -25.848232 -12.354368 17.427492 -11.105351 -1.007737 -8.048855 -22.868370 -13.463425 13.487944 -1.672104 4.353519 -0.193424 -1.915358 13.917479 1.021859 -2.034838 -9.109307 -8.851334 -7.784823 5.081879 -14.716914 0.266031 -44.895178 -7.672789 -30.819796 3.004285 12.358056 -22.149334 -49.901413 -27.304369 1.739070 -9.815092 27.928360 1.021308 -1.701170 0.665911 6.021776 -1.570581 7.740587 35.805774 18.679630 10.645294 -32.210968 -13.017871 31.606335 -2.102691 -19.051426 23.941724 -27.132290 -30.258118 17.527790 -1.364755 17.648500 10.111666 -14.226068 2.220745 18.615910 2.586381 11.884572 -5.432268 -5.854056 1.490281 -8.017247 -22.703936 -0.612449 -14.364523 -7.600511 -46.276981 2.238384 2.135922 4.762613 -8.877632 16.250210 -38.752483 -14.052295 3.094241 -22.791595 14.782695 -13.080546 -16.333698 10.422509 -2.815989 1.237746 -0.150284 
-95.542625 98.272919 6.714745 50.058286 68.883633 50.998116 3.539132 13.225233 -0.242578 -8.698365 6.277051 -11.644166 2.499434 20.543709 4.950226 0.364782 6.477230 -0.035874 2.602559 14.300156 2.518737 -4.997253 -10.545395 5.255915 3.601515 16.460932 2.750005 -3.327934 -4.828583 -18.180736 0.539517 9.889598 3.259415 -4.258313 2.717600 8.718593 3.223382 11.797258 7.165274 -8.019533 12.357231 1.072403 9.681407 -4.492504 13.883944 8.119270 9.874165 7.041207 -25.868118 -12.378805 17.421795 -15.340175 -1.074843 -6.325905 -22.928602 -13.484890 13.468481 0.622870 5.687524 1.731832 -1.905182 13.925866 1.064172 3.488835 -2.091249 -8.101695 -7.753888 5.062795 -14.750195 15.060734 -32.657518 -8.242705 -30.849354 3.012833 12.383467 -21.519638 -37.334736 -28.916122 1.706447 -9.858512 27.995562 0.551751 -1.029450 -1.698244 6.042552 -1.509954 7.741750 35.054286 11.466154 19.010880 -32.229568 -13.023094 31.677097 -3.429110 -6.984075 16.243337 -27.140190 -30.320625 17.534201 0.755532 11.469533 10.393423 -14.239134 2.218863 18.667027 2.676084 13.048628 -5.555281 -5.903923 1.512045 -8.053292 -25.860612 -0.016790 -9.315855 -7.598323 -46.369366 2.247916 2.735383 8.090018 -2.650662 16.229315 -38.855972 -14.018289 9.304190 -19.082949 13.496907 -13.038616 -16.362314 10.430200 -4.187090 0.994732 -0.928699 
-81.921776 99.456749 7.391470 78.565870 74.454109 78.847902 3.560428 13.180225 -0.252403 -7.788611 7.901692 -20.344442 2.507057 20.568129 4.960371 -2.461424 10.123936 -0.208520 2.614758 14.239124 2.523481 -4.438274 -6.409657 8.167001 3.635512 16.450130 2.757109 -3.316307 -5.258327 -23.063104 0.562012 9.932787 3.240627 -5.989476 4.868587 8.751605 3.233578 11.785970 7.142031 -5.117488 14.276623 -2.392309 9.636371 -4.455176 13.849771 5.989723 14.402760 -1.238307 -25.846605 -12.415206 17.342970 -20.927143 -1.836142 -7.752937 -22.959255 -13.477530 13.441601 3.312280 5.018650 3.648631 -1.885487 13.964706 1.091823 6.195640 3.044340 -6.215409 -7.738333 5.043487 -14.739146 19.427240 -16.944892 -3.805565 -30.835604 2.973123 12.388966 -23.190137 -25.700383 -33.219107 1.678326 -9.894437 28.031528 -1.088195 1.268690 -2.696827 6.023082 -1.486716 7.760606 34.418761 5.946762 28.469106 -32.205029 -13.039098 31.707767 -2.477786 1.333786 12.330151 -27.156919 -30.340120 17.563694 3.604384 6.438878 4.456710 -14.241044 2.218069 18.677614 3.784413 10.893435 -3.330002 -5.910550 1.551989 -8.040586 -25.915181 -0.212811 -2.694706 -7.602622 -46.420799 2.213154 1.133380 9.492233 1.776578 16.210459 -38.869812 -13.961666 14.871953 -14.145802 14.219034 -13.017640 -16.359545 10.450745 -6.030860 -0.346625 -3.990741 
-69.980637 100.999977 7.188314 96.894040 72.979554 96.085763 3.568519 13.092069 -0.259861 -9.345473 7.886271 -24.939592 2.501001 20.582678 4.974917 -4.254927 12.495789 0.719999 2.664667 14.216406 2.542354 -4.515920 -3.788211 10.137051 3.631915 16.459013 2.761516 -4.537149 -3.581281 -22.358259 0.564697 9.953448 3.230027 -7.599062 7.175129 8.453659 3.232865 11.777394 7.125090 -1.451708 16.450017 -2.647200 9.577670 -4.463163 13.830975 2.393330 16.940643 -13.021055 -25.828762 -12.457491 17.300434 -26.324767 -1.774071 -11.430633 -22.982775 -13.497124 13.413704 5.002701 3.919566 3.912850 -1.880400 13.988699 1.091804 4.512652 3.776835 -4.895208 -7.716321 5.023081 -14.712216 18.444678 -9.948452 -2.076535 -30.821121 2.960080 12.385663 -27.264664 -12.054709 -36.428988 1.704287 -9.906762 28.059412 -4.125613 3.255274 -2.329328 5.997421 -1.481676 7.779841 32.857117 1.014837 32.627168 -32.203205 -13.045274 31.727074 -1.458867 5.239272 9.538712 -27.154596 -30.367201 17.549938 6.153558 2.844962 0.069730 -14.261087 2.234725 18.624640 3.810038 8.460945 -2.341408 -5.880682 1.599212 -8.012139 -25.446484 -2.828209 0.662908 -7.584671 -46.426712 2.195147 -1.715445 9.708382 0.707898 16.188177 -38.816048 -13.944061 18.019257 -12.593023 14.750051 -13.001047 -16.370707 10.474967 -6.323231 0.208395 -6.320897 
-59.363388 102.432175 5.907897 81.260420 72.381639 79.899485 3.586444 13.043674 -0.246934 -10.426861 6.062299 -24.205214 2.479089 20.583109 4.977066 -5.777916 13.238081 1.616062 2.675960 14.225822 2.554723 -4.137539 -1.495452 10.101659 3.624347 16.477169 2.776160 -5.855421 -0.967374 -17.891035 0.554013 9.935640 3.221085 -8.779388 5.918651 7.374889 3.245332 11.752006 7.136236 0.336696 16.858439 0.878365 9.562829 -4.489078 13.825622 -0.721497 20.068054 -19.184705 -25.852373 -12.472635 17.292294 -30.839506 -3.456367 -16.657248 -22.990997 -13.489339 13.391673 4.500703 3.762377 3.602282 -1.865364 13.997664 1.056064 1.811852 0.762198 -4.291980 -7.732183 5.008389 -14.679416 18.445710 -8.228164 -2.054565 -30.830568 2.980825 12.399487 -27.580558 -0.388205 -36.534767 1.715578 -9.911510 28.073650 -5.984569 3.096726 -1.767169 5.972935 -1.489650 7.769411 30.136284 -1.902413 33.544446 -32.209351 -13.040898 31.689489 0.572848 7.754282 8.342640 -27.152525 -30.403385 17.524790 5.152436 3.007603 -4.054441 -14.254031 2.219238 18.570717 4.593435 7.345637 -2.177186 -5.853581 1.589245 -7.985447 -25.381289 -6.719379 2.697432 -7.580938 -46.413757 2.217867 -3.589728 8.614829 -2.169447 16.226282 -38.780609 -13.973710 18.387501 -13.266815 14.547348 -12.991491 -16.367388 10.506932 -5.170177 1.081091 -5.895094 
-49.884609 103.339905 4.017120 43.718917 64.776285 43.600632 3.587260 13.022429 -0.245544 -9.517747 4.713537 -21.425137 2.457031 20.586357 4.981755 -5.412699 12.238298 1.735956 2.650371 14.249292 2.547895 -3.440253 -1.069019 9.315027 3.627190 16.498558 2.767071 -4.592648 -0.508621 -13.249694 0.566640 9.905684 3.227976 -8.588086 3.605396 5.412511 3.260730 11.729746 7.149897 0.578791 16.734119 4.452687 9.552923 -4.503520 13.828637 0.834195 22.283274 -17.629328 -25.856041 -12.468055 17.303436 -34.050706 -5.986941 -23.157680 -22.985132 -13.491628 13.393212 3.041625 3.947337 1.839940 -1.859965 13.994171 1.018901 2.054607 -1.220580 -3.377667 -7.758012 5.004979 -14.666720 20.210386 -6.743965 -2.150313 -30.853333 2.994345 12.424930 -24.429264 6.789966 -32.532696 1.728014 -9.918100 28.069481 -6.006700 1.651213 -0.666960 5.941037 -1.518113 7.752389 28.794052 -2.121496 31.481889 -32.208118 -13.008690 31.659075 1.124781 8.017081 7.931978 -27.150234 -30.398092 17.482367 3.683629 4.348143 -6.388860 -14.229459 2.203683 18.550798 4.972908 7.721186 -2.747014 -5.858386 1.552876 -7.972089 -25.100042 -8.482041 2.920435 -7.593090 -46.377007 2.261567 -3.798655 7.127892 -4.283542 16.296583 -38.775616 -13.995254 17.481864 -13.412808 14.101305 -12.982601 -16.364450 10.533155 -4.375282 1.411421 -4.920142 
-41.653744 103.578148 2.218278 23.460464 51.476076 24.721590 3.582512 13.027023 -0.245370 -8.382888 3.687464 -18.004874 2.475380 20.570848 4.981658 -4.482729 9.489055 1.149734 2.629350 14.303603 2.546113 -0.752629 0.106776 8.321897 3.624750 16.516611 2.757368 -3.129201 -0.869331 -9.891110 0.574382 9.865365 3.240090 -6.009961 2.045228 5.231332 3.233465 11.710674 7.138306 -0.320650 16.403420 6.292720 9.567780 -4.521485 13.832884 4.508220 22.546400 -13.874724 -25.867922 -12.454498 17.351723 -35.442330 -8.349932 -25.807709 -22.990602 -13.492294 13.413674 1.548080 3.582036 1.090571 -1.864791 13.962632 0.989822 4.623619 -0.915102 -4.159534 -7.794706 5.025138 -14.684194 20.835200 -6.092291 -2.700508 -30.876122 2.995528 12.436846 -20.307995 9.611230 -26.719319 1.718325 -9.914443 28.065514 -6.702670 0.715579 -0.188529 5.924568 -1.517849 7.757915 27.983697 -1.559845 30.002753 -32.201855 -12.986621 31.660595 2.302338 7.093966 7.056408 -27.190306 -30.406755 17.462641 2.557458 4.269210 -5.990983 -14.204772 2.183847 18.548578 4.973961 7.847556 -2.781260 -5.857900 1.517970 -7.971519 -23.545440 -7.367803 2.045947 -7.589942 -46.323967 2.298226 -2.375255 6.027964 -6.542606 16.353426 -38.791698 -14.008631 15.456612 -14.107600 13.480848 -13.013297 -16.381933 10.535694 -3.650325 2.067931 -3.854787 
-34.354450 103.287376 0.773754 17.973774 42.439022 19.781539 3.570799 13.041648 -0.219503 -7.728093 2.388267 -15.619324 2.489724 20.560398 4.966963 -3.390493 6.736763 0.687500 2.633226 14.346004 2.551437 1.907577 0.733689 6.963592 3.606023 16.513268 2.780967 -1.695575 -1.255939 -7.415126 0.571310 9.858988 3.242529 -4.141459 1.520372 4.298609 3.197416 11.709267 7.141048 -0.583937 15.526494 6.270882 9.584022 -4.556441 13.842748 7.908456 21.240252 -10.515775 -25.896202 -12.414892 17.388367 -35.187161 -9.641579 -26.483466 -22.994783 -13.492383 13.429771 0.111828 3.245927 1.181361 -1.887092 13.951131 0.970521 6.350393 -0.236097 -5.012999 -7.829077 5.043321 -14.713655 20.977579 -6.189777 -3.241765 -30.887100 2.988366 12.443761 -16.273013 9.948136 -21.988838 1.693867 -9.894646 28.060030 -6.795407 0.240880 -0.342093 5.931313 -1.524379 7.770697 26.917723 -1.378228 28.371211 -32.203754 -12.992458 31.678335 3.144489 5.723351 5.523065 -27.208513 -30.417658 17.476061 2.338455 1.885203 -4.827229 -14.194731 2.179715 18.559095 4.467127 7.428352 -2.785539 -5.867474 1.499977 -7.978605 -21.935549 -5.336807 0.221720 -7.601649 -46.295315 2.295367 1.469323 5.201048 -7.911972 16.368910 -38.811050 -14.009128 12.988954 -15.780452 12.592131 -13.054655 -16.405399 10.533364 -2.000219 2.400241 -2.926065 
-27.693489 102.623016 -0.386310 15.313861 35.892712 19.006729 3.550882 13.053434 -0.180333 -7.701439 2.219128 -14.975275 2.481623 20.561035 4.947914 -2.942543 4.551114 0.750816 2.625363 14.348832 2.553231 2.735633 0.399218 4.876291 3.594439 16.513689 2.815569 -1.056991 -1.177206 -6.628971 0.576548 9.861508 3.246171 -3.167931 0.499023 2.476306 3.174806 11.716701 7.148736 -0.610816 14.847638 5.601358 9.597658 -4.583364 13.845572 10.749942 19.248972 -8.610445 -25.919661 -12.366121 17.401598 -34.602063 -9.912287 -25.707778 -22.994919 -13.486897 13.435497 -1.191154 2.849664 0.893408 -1.908219 13.954339 0.964381 7.021053 -0.252737 -4.962812 -7.841655 5.056493 -14.722422 21.860236 -5.815102 -2.860152 -30.891096 2.988030 12.440680 -12.261848 8.665305 -17.885959 1.675186 -9.878994 28.050261 -5.491878 -0.711959 -0.710435 5.945323 -1.522836 7.775546 27.176956 -0.947729 25.845294 -32.205460 -13.006895 31.685251 3.290074 4.435810 3.595200 -27.193453 -30.419512 17.491514 2.944078 -1.867459 -4.829497 -14.199638 2.187419 18.567059 3.558990 7.395666 -3.266048 -5.887259 1.506496 -7.968795 -20.366530 -3.412643 -2.040294 -7.626271 -46.284748 2.267440 6.228726 4.328743 -7.999509 16.356707 -38.828304 -14.014987 10.336895 -17.465402 11.381838 -13.069784 -16.431450 10.532836 -0.826152 2.057027 -1.654633 
-21.709551 101.731842 -1.292853 12.367203 31.450289 17.811076 3.527745 13.062689 -0.144358 -7.462836 2.805858 -14.739927 2.477753 20.561705 4.928477 -2.086484 2.988506 0.914481 2.608604 14.344178 2.539713 2.970143 -0.007752 3.754851 3.574177 16.515114 2.829794 -0.619423 -0.284931 -6.945925 0.584040 9.850367 3.245506 -2.274779 -0.120091 1.082709 3.164266 11.721593 7.154576 -1.163990 14.557986 3.863234 9.598148 -4.592501 13.835275 11.685123 17.588425 -8.025890 -25.936968 -12.329954 17.413771 -33.991164 -11.073094 -25.107837 -22.972811 -13.478575 13.439359 -2.356589 2.573040 -0.744371 -1.918081 13.949241 0.950689 7.528696 -0.143752 -5.040821 -7.846186 5.057243 -14.722804 22.580718 -6.148514 -3.322453 -30.893856 2.985415 12.427213 -8.483355 6.937836 -14.077875 1.673928 -9.874339 28.046780 -3.810802 -1.409662 -0.091486 5.959042 -1.519788 7.772893 27.150531 0.869988 22.337659 -32.205177 -13.015048 31.674990 3.454232 3.871409 2.201628 -27.178055 -30.403141 17.494524 3.799279 -4.709277 -4.530548 -14.197340 2.185683 18.584301 2.475434 7.315508 -2.649745 -5.900447 1.509685 -7.948002 -19.053771 -1.651575 -3.499332 -7.647087 -46.259312 2.239778 10.559295 3.646135 -8.083723 16.337143 -38.839005 -14.033218 6.014196 -18.233378 11.207826 -13.086246 -16.442743 10.529854 0.116598 0.387470 -0.239768 
-16.659826 100.750046 -1.982713 10.000611 29.584944 16.839857 3.503200 13.063420 -0.130857 -7.209896 2.588773 -14.376775 2.470921 20.559958 4.920094 -2.031732 2.364108 1.455963 2.605168 14.352322 2.539475 3.472916 0.130624 3.863183 3.554260 16.537035 2.833905 -0.498652 0.199062 -7.487373 0.594253 9.836514 3.245422 -1.432529 -0.646436 0.076287 3.149388 11.726194 7.155335 -1.493355 15.287669 2.505638 9.597158 -4.587190 13.832047 12.691005 16.703899 -7.193852 -25.934191 -12.314520 17.418312 -33.929105 -11.561257 -24.882535 -22.956459 -13.472065 13.441718 -2.457977 2.435691 -2.225125 -1.932572 13.936706 0.952821 7.620110 0.177403 -5.234594 -7.843125 5.064022 -14.724990 23.326906 -5.997869 -3.739611 -30.893208 2.988693 12.408097 -5.957647 5.084274 -11.226787 1.677523 -9.868481 28.039139 -2.524843 -2.134915 0.241471 5.961387 -1.522168 7.772909 26.990141 3.006067 18.815291 -32.206165 -13.018712 31.656849 4.311316 3.610458 1.635813 -27.166662 -30.398308 17.488142 4.884878 -7.966879 -4.124499 -14.197735 2.183718 18.593458 1.312443 7.410325 -2.646195 -5.917856 1.517414 -7.921960 -18.469967 -0.713608 -4.683681 -7.658885 -46.222660 2.219952 14.909034 3.015913 -8.291089 16.323725 -38.828606 -14.054739 1.975156 -18.616495 10.680391 -13.098507 -16.450689 10.522122 0.066156 -0.321273 0.606411 
-12.662468 99.777596 -2.494869 9.381055 29.362679 16.091579 3.488668 13.060598 -0.136957 -6.713087 2.354284 -13.663679 2.474786 20.556597 4.909834 -1.645405 2.319218 1.927056 2.613313 14.380389 2.541193 3.896456 0.441799 4.422567 3.538932 16.551338 2.837386 -0.241767 0.907953 -7.639757 0.596387 9.823027 3.247231 -0.427753 -0.238321 -0.500205 3.134844 11.736912 7.151232 -1.908464 16.209091 1.318352 9.596828 -4.580832 13.824183 13.442850 16.834743 -7.216497 -25.933611 -12.311874 17.425720 -34.118461 -12.134790 -25.745896 -22.949570 -13.471137 13.450498 -2.226536 2.256074 -3.418696 -1.940820 13.917808 0.955212 7.907730 0.807364 -5.630317 -7.837867 5.064292 -14.738578 23.772391 -5.999017 -4.268744 -30.896458 2.999382 12.394590 -4.485296 3.545089 -9.232513 1.689065 -9.866952 28.043995 -1.913959 -2.395167 1.005886 5.962212 -1.532314 7.788319 26.711063 4.779348 15.998431 -32.201504 -13.017738 31.638292 5.997300 3.505489 1.045737 -27.163261 -30.392117 17.494829 4.872183 -9.805925 -3.981317 -14.191989 2.176979 18.605024 0.565614 6.901021 -2.967834 -5.926179 1.519581 -7.903549 -18.651073 -0.227196 -5.573453 -7.664199 -46.199535 2.206468 18.135665 2.896806 -8.284307 16.321636 -38.813793 -14.068921 -0.527001 -19.295037 10.613918 -13.113646 -16.449785 10.515624 -0.317228 -0.882261 0.757898 
-9.613730 98.836105 -2.845263 10.217259 30.121978 16.396789 3.476614 13.056726 -0.145843 -6.071021 2.253971 -12.766772 2.473669 20.550928 4.911999 -1.802634 3.004630 2.575986 2.622762 14.403114 2.550611 3.842024 1.192251 5.073336 3.529362 16.561710 2.845738 -0.783288 1.476950 -8.376672 0.589703 9.821281 3.242882 0.418616 -0.111443 -0.347624 3.133464 11.750171 7.135209 -2.007141 16.736742 0.408754 9.612175 -4.580583 13.818490 14.253055 17.349889 -7.337422 -25.920425 -12.317254 17.426853 -34.491178 -12.304055 -26.653049 -22.951664 -13.459451 13.457606 -1.822734 1.969062 -4.022283 -1.948503 13.904432 0.952906 8.350854 1.038595 -5.362335 -7.830739 5.062983 -14.745026 24.685224 -5.651510 -5.245588 -30.891155 3.010463 12.388389 -3.543312 2.722542 -7.407487 1.699124 -9.861567 28.049377 -0.957628 -2.646224 1.252861 5.958325 -1.537896 7.788324 26.364127 6.139051 14.193291 -32.195900 -13.016761 31.627150 7.422531 3.058734 0.836339 -27.161238 -30.392742 17.500273 4.653193 -11.902559 -4.503738 -14.186468 2.181626 18.617359 0.310147 6.291818 -3.048723 -5.924824 1.513905 -7.886303 -19.479124 0.076093 -6.355414 -7.661955 -46.184517 2.202270 20.587315 2.495182 -8.290064 16.319811 -38.794079 -14.075839 -2.530592 -20.271822 10.867692 -13.124241 -16.444155 10.515978 -1.013808 -1.021909 1.033801 
-7.389387 97.998123 -3.041103 11.522439 31.243799 17.331694 3.465960 13.047445 -0.156038 -5.320455 2.353689 -12.177519 2.476585 20.545115 4.910582 -2.004588 3.892294 3.029979 2.634212 14.425550 2.560503 3.893504 1.763051 5.319781 3.518924 16.565323 2.848563 -1.178915 1.428906 -8.645820 0.587066 9.820506 3.242122 0.876179 0.290602 -0.524946 3.131381 11.760976 7.115954 -1.966375 18.010849 0.243645 9.621005 -4.585827 13.811294 14.597374 18.438574 -8.020790 -25.909096 -12.314879 17.428234 -35.037327 -11.994557 -27.877760 -22.955395 -13.450826 13.459010 -1.551012 1.810670 -4.564986 -1.955038 13.893888 0.947058 8.766040 1.164229 -5.282234 -7.834961 5.065382 -14.750732 26.097810 -5.961185 -6.267040 -30.886774 3.018830 12.380035 -3.335946 2.092402 -5.981227 1.712115 -9.853610 28.055655 -0.481131 -2.138664 1.749941 5.957748 -1.543185 7.796230 25.720828 6.327286 12.583090 -32.185997 -13.016335 31.615610 9.794124 2.640989 1.592745 -27.164043 -30.383331 17.510464 4.505122 -13.324749 -4.960132 -14.178996 2.188153 18.622219 0.434863 5.325729 -3.050304 -5.927692 1.515626 -7.870040 -20.648031 0.095168 -6.474624 -7.654695 -46.180416 2.199429 22.666620 2.365175 -7.902666 16.313004 -38.777199 -14.072691 -3.644140 -21.471869 11.313488 -13.130622 -16.433941 10.513369 -1.404469 -0.977808 1.026309 
-5.963695 97.341812 -3.136589 12.485600 32.008193 18.001954 3.461443 13.040442 -0.169751 -4.903844 1.930825 -12.075763 2.474336 20.544292 4.915382 -2.197334 4.009119 2.998612 2.639926 14.443190 2.565325 3.864914 1.872581 5.483552 3.515337 16.572035 2.850980 -1.238584 1.634876 -9.169689 0.585636 9.823871 3.246962 0.965685 0.461634 -0.468802 3.134050 11.767426 7.107681 -2.319538 18.950421 -0.081254 9.627023 -4.584953 13.808417 15.065389 19.130322 -8.239004 -25.900139 -12.315361 17.428020 -35.244278 -11.852617 -28.544815 -22.960276 -13.447633 13.463552 -1.222307 1.547575 -4.771587 -1.958663 13.889571 0.945557 9.359577 1.253959 -5.480357 -7.836185 5.062402 -14.749427 26.835829 -6.502346 -6.834373 -30.884325 3.020310 12.375389 -3.031054 1.058020 -5.251056 1.716500 -9.844499 28.062204 -0.345709 -2.127227 2.065322 5.960892 -1.550419 7.804362 25.468191 6.475579 11.717120 -32.183113 -13.010857 31.608150 11.377222 2.308100 2.107884 -27.166544 -30.376488 17.513052 3.576211 -13.426078 -5.730498 -14.171901 2.192644 18.629465 0.549254 4.739896 -3.170476 -5.935207 1.512505 -7.861174 -21.612950 -0.160386 -6.855002 -7.646082 -46.175957 2.199939 24.238227 2.178677 -7.832853 16.315952 -38.766685 -14.074855 -4.454257 -22.035780 11.954885 -13.134121 -16.426910 10.520336 -1.717744 -0.808258 0.955087 
-5.385402 96.968925 -3.149912 13.307640 32.781718 18.497397 3.454480 13.042471 -0.172995 -4.524205 1.929633 -11.798564 2.473190 20.543646 4.911990 -1.970770 4.233070 3.092928 2.645234 14.446456 2.564692 4.029581 2.015543 5.475766 3.512570 16.575207 2.848761 -1.213674 1.666032 -9.160044 0.585562 9.828115 3.245552 0.957751 0.577716 -0.255311 3.132235 11.766225 7.103870 -2.332455 19.156025 0.035584 9.626990 -4.583623 13.811504 14.839836 19.516075 -8.903473 -25.896635 -12.315919 17.423712 -35.501322 -11.737876 -28.840627 -22.956881 -13.444317 13.457813 -1.055702 1.153815 -4.795728 -1.964508 13.888595 0.941769 9.769273 1.366734 -5.775710 -7.835430 5.063741 -14.748891 27.214100 -6.630712 -7.174728 -30.879168 3.026593 12.374605 -2.696122 0.822637 -5.026930 1.718532 -9.843722 28.063951 0.122988 -2.149181 1.881478 5.956736 -1.552032 7.801105 25.072154 6.807901 11.101980 -32.182384 -13.014149 31.607935 11.975189 2.040061 2.699481 -27.164383 -30.372908 17.510431 3.196553 -13.419394 -5.849018 -14.167879 2.189271 18.630859 0.350601 4.321100 -2.979523 -5.931670 1.508672 -7.860644 -21.967374 0.052367 -6.739908 -7.639803 -46.168755 2.201434 25.285661 2.109271 -7.685550 16.316093 -38.763958 -14.073462 -4.822365 -22.407489 12.148606 -13.139232 -16.422132 10.517750 -1.993135 -0.464968 0.984573 
-5.663271 96.950790 -3.132971 13.284606 32.669812 18.719131 3.456734 13.039157 -0.172017 -4.591524 2.085905 -11.763867 2.470113 20.541636 4.912061 -2.043894 4.267707 3.090328 2.643419 14.449691 2.565710 3.761850 1.973597 5.622260 3.515809 16.574205 2.852844 -1.422245 1.470422 -9.344868 0.584045 9.824019 3.247214 1.207530 0.537583 -0.238673 3.135961 11.763659 7.102938 -2.357836 19.066895 -0.079996 9.624766 -4.585618 13.810699 14.756514 19.618137 -8.590302 -25.897829 -12.315348 17.429611 -35.388409 -11.728138 -28.890252 -22.957886 -13.440084 13.460159 -1.169354 1.225297 -4.837908 -1.961632 13.889669 0.943753 9.315833 1.477835 -5.477152 -7.839853 5.062725 -14.748486 27.346063 -6.496805 -7.130328 -30.886177 3.021636 12.373867 -2.789638 0.568863 -5.133955 1.719510 -9.844707 28.064436 -0.017180 -2.132034 1.974721 5.954510 -1.549944 7.799555 25.084293 6.802395 11.029342 -32.180370 -13.010087 31.607048 12.026233 2.093822 2.446986 -27.168339 -30.373333 17.514290 3.216333 -13.552641 -6.035222 -14.174069 2.190542 18.629950 0.446680 4.235300 -3.205868 -5.929816 1.513546 -7.859018 -21.909246 0.139317 -7.016423 -7.638655 -46.172661 2.201702 25.249019 2.062582 -7.564298 16.315025 -38.767502 -14.077601 -4.977058 -22.364172 12.364922 -13.135458 -16.424599 10.518423 -1.982302 -0.829042 1.185680 
-6.697429 97.228920 -3.069263 12.578470 32.347127 18.097087 3.460496 13.035923 -0.168029 -4.968705 1.908720 -11.919343 2.474643 20.545935 4.910506 -2.075689 4.113144 2.885248 2.640399 14.439122 2.563980 3.859987 1.714358 5.380658 3.518647 16.575676 2.853032 -1.302381 1.683483 -9.391754 0.584763 9.823625 3.245893 0.805152 0.410106 -0.733203 3.133719 11.757936 7.109311 -1.891452 18.295201 -0.057931 9.621393 -4.582945 13.811744 14.655083 18.898263 -8.248627 -25.902109 -12.319030 17.428692 -35.078393 -11.626953 -28.277945 -22.954437 -13.453077 13.461061 -1.430721 1.475872 -4.440266 -1.962771 13.891992 0.940881 9.095693 1.474191 -5.370909 -7.836884 5.062771 -14.748120 26.613257 -5.892840 -6.630035 -30.884165 3.019472 12.380315 -3.016563 1.015998 -5.852272 1.712771 -9.844378 28.062851 0.001248 -2.187491 1.803786 5.956995 -1.550536 7.799184 25.330607 7.037907 11.339474 -32.186283 -13.016277 31.613556 11.340266 2.473240 2.078605 -27.160496 -30.374855 17.509789 3.704912 -13.518228 -5.649803 -14.177975 2.191615 18.630934 0.394573 4.580334 -3.436510 -5.932999 1.512432 -7.867988 -21.475151 0.132992 -6.814980 -7.643617 -46.174335 2.199015 25.036829 1.882228 -7.377992 16.315397 -38.775387 -14.075193 -4.645903 -22.044890 11.805435 -13.130735 -16.430044 10.514420 -1.886604 -0.832654 1.368818 
-8.349858 97.737518 -2.958683 11.218734 31.392557 17.314296 3.465981 13.044629 -0.157761 -5.306717 2.192465 -12.220440 2.472652 20.547245 4.906788 -2.354495 3.629034 2.932042 2.633434 14.425813 2.562063 3.789559 1.596323 5.034652 3.522903 16.573320 2.851348 -1.238719 1.658605 -8.843820 0.588302 9.822714 3.241109 0.430657 0.340340 -0.485029 3.130658 11.756272 7.118661 -1.883932 17.625153 0.429888 9.619679 -4.586068 13.819334 14.465748 18.169823 -8.133958 -25.913551 -12.317278 17.428028 -34.867641 -11.453166 -28.006808 -22.957563 -13.457446 13.460478 -1.499046 1.707911 -4.287234 -1.954236 13.893426 0.945165 8.733745 1.445692 -5.336794 -7.839335 5.063969 -14.748561 25.836388 -5.641247 -6.134743 -30.883913 3.015210 12.378627 -3.953218 1.354649 -7.097402 1.706875 -9.853207 28.058485 -0.731736 -2.194653 1.718477 5.960653 -1.544199 7.797904 25.883569 6.723465 12.302918 -32.189323 -13.017493 31.618704 10.211295 2.753229 1.795525 -27.161934 -30.383543 17.513479 4.519670 -12.815878 -5.454486 -14.179705 2.193228 18.623009 0.013405 5.668317 -3.156509 -5.932941 1.516205 -7.876057 -20.927718 -0.094447 -7.210886 -7.654394 -46.178490 2.202501 23.824357 2.352928 -7.735407 16.314482 -38.780907 -14.071720 -4.280009 -21.403429 11.334867 -13.128649 -16.432875 10.515668 -1.387011 -1.226750 1.174175 
-10.499880 98.415619 -2.775247 9.910251 30.376945 16.537821 3.472897 13.048496 -0.151015 -6.039145 2.152277 -12.441052 2.470846 20.547417 4.910379 -2.001313 3.132519 2.337365 2.622083 14.406597 2.550758 3.634695 1.069439 4.598288 3.531414 16.569134 2.847623 -1.010984 1.334590 -8.425298 0.589333 9.816982 3.242643 0.231425 -0.090725 -0.728337 3.132906 11.747122 7.133864 -1.784807 16.605387 0.551013 9.612490 -4.585870 13.821982 14.038790 17.339323 -7.705685 -25.922678 -12.316394 17.426767 -34.257111 -11.578544 -27.015138 -22.953890 -13.465917 13.462224 -2.057512 2.118143 -3.768213 -1.949174 13.907793 0.945591 8.395681 1.626302 -5.253528 -7.836537 5.059621 -14.745008 24.962241 -5.543901 -5.194843 -30.885345 3.008380 12.384664 -4.199619 1.958784 -8.185145 1.700977 -9.857760 28.050148 -1.035803 -2.361475 1.489345 5.958475 -1.538421 7.793125 26.324205 6.262484 13.533899 -32.191704 -13.016870 31.628551 8.603153 3.189152 1.538597 -27.164080 -30.392464 17.506031 4.940186 -11.623887 -4.801332 -14.179451 2.189179 18.613628 0.022128 6.164866 -3.167802 -5.932340 1.517396 -7.888379 -20.180014 0.002207 -6.661547 -7.660174 -46.184757 2.199497 22.119443 2.689869 -7.951582 16.318363 -38.792408 -14.072710 -3.048348 -20.638194 10.722621 -13.119112 -16.443457 10.512496 -0.642736 -1.459338 1.251906 
-13.070606 99.237175 -2.467200 9.983479 29.867680 16.533861 3.477719 13.049621 -0.140247 -6.309148 2.368704 -13.150617 2.471419 20.548077 4.910066 -2.029291 2.825529 1.818912 2.615041 14.382471 2.546272 3.515480 0.721053 4.182068 3.536130 16.553867 2.844067 -0.915956 0.996219 -7.882853 0.589072 9.817783 3.245150 -0.398104 -0.582981 -0.398780 3.135650 11.740619 7.142661 -1.867869 15.594843 1.131407 9.601836 -4.582696 13.827926 13.391626 16.922405 -7.694357 -25.931038 -12.312218 17.427006 -34.022023 -11.584088 -26.132787 -22.952410 -13.472540 13.450648 -2.124718 2.163243 -3.086195 -1.945224 13.914437 0.947401 8.131170 1.163593 -5.457371 -7.840426 5.064333 -14.731242 24.180441 -5.767230 -4.696797 -30.885860 3.001747 12.392959 -4.927335 2.881950 -9.650850 1.688866 -9.862044 28.045769 -1.556137 -2.455230 0.923476 5.958169 -1.526958 7.787660 26.657815 4.834198 15.380287 -32.193935 -13.021235 31.640106 7.151232 3.565525 1.381234 -27.163960 -30.393152 17.499439 5.003375 -10.312710 -4.448964 -14.187301 2.182009 18.602879 0.114911 6.651086 -2.907945 -5.926787 1.520133 -7.902367 -19.440660 -0.027793 -6.287162 -7.660000 -46.193653 2.201622 19.663418 2.952944 -8.120594 16.316193 -38.810669 -14.069757 -1.525544 -19.790029 10.548770 -13.113779 -16.443218 10.512615 -0.230837 -1.186507 1.227761 
-16.065058 100.188675 -2.026694 9.756826 29.612172 16.540633 3.497955 13.057554 -0.136209 -6.825753 2.402307 -13.933354 2.465811 20.549854 4.916655 -2.493167 2.442313 1.233390 2.607264 14.366372 2.539896 3.792857 0.194109 4.013795 3.548078 16.538589 2.842600 -0.767796 0.730757 -7.503605 0.594325 9.825441 3.246201 -0.568368 -0.559039 -0.294654 3.140651 11.733155 7.153213 -1.417608 14.981052 2.312390 9.601644 -4.593262 13.831421 13.110743 16.993577 -7.301433 -25.935268 -12.306715 17.430164 -33.904608 -11.351230 -25.410590 -22.957066 -13.470832 13.443506 -2.331089 2.396670 -2.081029 -1.937343 13.926789 0.949510 8.176648 0.970779 -5.501378 -7.845807 5.064639 -14.720843 23.617988 -6.484678 -4.089008 -30.886541 2.988887 12.400282 -5.711808 4.198996 -11.300501 1.680634 -9.864238 28.035463 -2.376442 -2.336143 0.431376 5.960991 -1.520618 7.780741 26.859311 3.223755 17.787551 -32.192379 -13.018021 31.648571 6.025874 3.323661 1.521601 -27.165829 -30.398651 17.494930 4.661111 -7.962594 -4.520134 -14.187732 2.180393 18.591642 0.719087 6.992536 -2.791344 -5.923935 1.517041 -7.914177 -18.815643 -0.524014 -5.494635 -7.654665 -46.205250 2.213498 16.610071 3.373758 -8.538096 16.318760 -38.816483 -14.062615 0.942660 -18.869250 10.154627 -13.103689 -16.443043 10.516946 0.391313 -0.761729 0.705406 
-19.520193 101.209648 -1.372050 11.149150 29.773126 16.973903 3.514932 13.062428 -0.138826 -7.243887 2.726761 -14.498314 2.470741 20.545122 4.920939 -2.953357 2.501117 0.931506 2.605209 14.349002 2.542212 3.433804 -0.062346 3.822078 3.561995 16.526743 2.835081 -0.802530 0.526407 -6.561925 0.588707 9.833028 3.248987 -0.989581 -0.741242 0.330123 3.151978 11.723753 7.156823 -1.084155 14.724597 3.826629 9.600133 -4.597341 13.837259 12.520292 17.197986 -7.400828 -25.935186 -12.313871 17.423742 -33.906623 -11.285684 -25.444690 -22.964296 -13.478705 13.437491 -2.564242 2.047607 -1.055258 -1.925239 13.941379 0.947780 7.798921 0.361506 -5.714532 -7.845123 5.060281 -14.710835 22.769554 -7.182972 -3.494086 -30.881620 2.987944 12.414107 -7.067413 5.773474 -13.022347 1.686384 -9.869076 28.036673 -3.209463 -2.081319 -0.131822 5.959085 -1.520242 7.783470 27.617938 1.401379 20.635110 -32.190296 -13.020304 31.654961 4.622485 3.279585 1.524155 -27.170755 -30.404062 17.490343 3.973059 -5.680187 -4.515907 -14.194699 2.177633 18.579762 1.244163 7.042741 -2.511783 -5.909226 1.510939 -7.932075 -18.394724 -1.206247 -4.843633 -7.647634 -46.225559 2.222525 13.015597 3.834819 -8.525941 16.322889 -38.814590 -14.049318 4.264996 -18.161085 10.205620 -13.094819 -16.448685 10.517830 0.549727 0.100886 0.251082 
-23.433765 102.249298 -0.327968 13.758594 30.793529 17.811207 3.534807 13.054083 -0.151396 -8.032145 2.568727 -15.499229 2.474378 20.528437 4.932157 -3.344686 3.223396 0.505492 2.611930 14.342611 2.554568 3.026023 0.013705 3.887650 3.569162 16.506790 2.827018 -1.204537 0.498928 -5.854775 0.576354 9.840040 3.247838 -1.623832 -0.454477 1.473588 3.167405 11.717740 7.154125 -1.068761 14.765657 4.894499 9.595879 -4.595338 13.836138 12.276273 17.376961 -7.440630 -25.924807 -12.324129 17.414675 -33.393345 -11.332315 -25.683366 -22.972870 -13.482779 13.426500 -2.076516 2.189179 0.301619 -1.919797 13.948016 0.952026 7.354592 -0.326323 -6.403915 -7.847848 5.052227 -14.698969 21.798977 -7.732584 -3.450438 -30.878098 2.989487 12.418946 -9.772714 7.587598 -15.538366 1.686169 -9.872459 28.032953 -4.327601 -1.454009 -0.053146 5.960255 -1.518007 7.779646 27.503172 -1.043842 24.434515 -32.180832 -13.021637 31.659153 3.271177 3.346548 1.431909 -27.170509 -30.413109 17.492346 3.570650 -3.265957 -4.736032 -14.196797 2.177822 18.563061 2.092202 7.663399 -2.502340 -5.891368 1.512569 -7.950826 -18.755204 -2.016654 -4.267221 -7.642540 -46.236038 2.242195 8.637896 3.958365 -8.670278 16.324839 -38.801044 -14.029984 7.721759 -17.665355 10.708102 -13.078773 -16.437035 10.520283 0.530718 1.260523 -0.620440 
-27.717182 103.113495 1.471294 17.529112 32.216247 19.027435 3.562199 13.047432 -0.172105 -8.866305 2.376922 -16.330945 2.477116 20.517044 4.944598 -3.558287 4.613482 -0.146373 2.616900 14.325812 2.560000 2.216211 -0.066480 4.666848 3.582961 16.497778 2.814865 -2.048803 1.867048 -5.128414 0.572418 9.842345 3.243716 -3.056525 -0.554293 2.650736 3.186172 11.709140 7.153956 -0.808041 15.210640 5.892056 9.587038 -4.570467 13.835256 11.580773 17.088925 -7.039285 -25.902369 -12.348236 17.403477 -33.524822 -11.258136 -25.533650 -22.961563 -13.488169 13.420252 -1.243396 1.865567 1.226875 -1.901865 13.953828 0.945441 6.068949 -1.282193 -7.165046 -7.845411 5.037471 -14.679013 20.641421 -9.043400 -3.846848 -30.874359 2.991273 12.412550 -12.403576 8.464144 -18.483113 1.699185 -9.870641 28.028685 -4.766735 -0.622725 0.024686 5.951693 -1.521546 7.771324 27.890157 -3.240586 27.440251 -32.163376 -13.028303 31.642921 1.989679 3.716905 1.629867 -27.166582 -30.423143 17.474972 2.331754 -0.675532 -4.478319 -14.200670 2.170663 18.552679 3.219085 8.335285 -2.652445 -5.875245 1.502359 -7.958574 -18.781664 -2.994778 -3.424910 -7.633832 -46.232914 2.258746 5.047367 4.602622 -9.226634 16.328047 -38.782738 -14.019982 9.781894 -16.426740 11.840184 -13.060159 -16.429605 10.516944 0.254726 2.465653 -1.287666 
-32.003044 103.513474 4.799281 22.604263 32.823273 20.385217 3.586542 13.029027 -0.191344 -10.508439 2.672638 -18.401631 2.465062 20.512453 4.960732 -4.356702 6.194910 -1.153107 2.620057 14.305754 2.562916 1.115584 -1.161325 5.471437 3.589427 16.477037 2.806471 -4.039316 4.009487 -4.821293 0.570781 9.826382 3.234278 -4.605684 -1.225868 3.269789 3.185539 11.714795 7.163061 0.173013 14.511927 6.600971 9.575700 -4.518282 13.829929 9.884161 17.394542 -5.613820 -25.869152 -12.373309 17.369991 -33.627364 -10.908651 -23.680145 -22.951799 -13.493085 13.404939 0.308982 2.598365 1.217513 -1.897882 13.960705 0.945693 5.353288 -3.417121 -8.875909 -7.829971 5.027800 -14.635918 18.719938 -11.932720 -3.798868 -30.851385 2.987566 12.414160 -16.449600 7.350280 -23.458150 1.716045 -9.861441 28.013525 -4.566764 -0.209596 0.257928 5.936923 -1.529243 7.752061 28.644277 -6.369167 30.483609 -32.153023 -13.044247 31.605230 1.364633 3.985123 1.806470 -27.147697 -30.435125 17.464495 1.549211 1.623071 -4.250924 -14.191761 2.164062 18.518417 3.659314 9.077131 -3.368955 -5.868196 1.501030 -7.958673 -19.010387 -4.215670 -4.474739 -7.633495 -46.208611 2.257419 3.679052 4.623410 -10.236807 16.291718 -38.741718 -14.019877 10.807245 -14.771464 13.059937 -13.023517 -16.401125 10.498956 -0.363817 2.425430 -1.766893 
-35.628151 103.279884 9.486802 25.566721 34.783606 20.806937 3.587399 13.015047 -0.202322 -12.319165 3.432655 -20.782019 2.462373 20.525824 4.971627 -5.000751 7.333111 -0.356987 2.612115 14.295771 2.549495 -0.304047 -2.920438 6.299785 3.608153 16.461943 2.794088 -5.396982 4.943620 -5.167467 0.567148 9.828154 3.236948 -4.906976 -1.691825 4.966106 3.194572 11.736823 7.158082 -0.335523 14.383228 6.719855 9.573849 -4.487505 13.834558 9.386227 18.721793 -4.442244 -25.848783 -12.372734 17.338821 -32.784652 -10.669812 -21.682842 -22.956161 -13.464499 13.408473 1.387137 3.882354 1.586102 -1.894002 13.959927 0.953831 6.114086 -6.494940 -11.423840 -7.806741 5.041948 -14.594690 16.459793 -19.676083 -3.513818 -30.829882 2.997488 12.404702 -18.599095 2.060687 -29.254124 1.740309 -9.872524 28.011967 -3.704792 -0.507588 -0.125017 5.935761 -1.527883 7.741394 30.246851 -8.130542 32.974480 -32.145035 -13.030905 31.565031 1.870764 2.026919 3.095561 -27.144957 -30.443771 17.466185 -0.197875 2.181672 -4.209831 -14.175330 2.178443 18.494511 2.496213 8.907251 -2.641731 -5.869990 1.508886 -7.941565 -19.689649 -4.500752 -7.900014 -7.640342 -46.212296 2.243952 4.450945 5.206356 -11.149386 16.241430 -38.688595 -14.015559 11.389752 -13.859883 13.656152 -12.995415 -16.365438 10.483963 -1.651781 1.151263 -2.494371 
-38.168003 102.790878 13.853808 27.313074 42.377612 22.496818 3.564282 13.002111 -0.192700 -13.271849 2.994969 -22.126160 2.463545 20.529825 4.990953 -4.376616 8.289387 0.255230 2.610765 14.331104 2.536565 -1.110738 -3.862727 7.226838 3.598536 16.460619 2.792117 -4.869041 2.726768 -5.491394 0.568255 9.846977 3.267794 -4.143032 -1.673184 6.331137 3.188674 11.751125 7.119136 -1.446717 17.786257 6.088229 9.567618 -4.472291 13.830309 10.981471 21.761165 -2.458642 -25.842737 -12.369194 17.322159 -33.539569 -11.820606 -21.336362 -22.957735 -13.433941 13.443469 2.993759 4.555207 1.075356 -1.906895 13.945480 0.954783 8.716699 -7.541372 -15.593488 -7.791356 5.056364 -14.598237 16.722622 -28.723483 -5.798008 -30.800829 2.999884 12.386651 -19.407276 -2.497482 -31.416592 1.738381 -9.864726 27.992430 -2.875978 -0.019021 0.320190 5.970208 -1.517677 7.772882 30.658540 -10.521373 35.179412 -32.135250 -13.013555 31.545132 4.158764 -0.319421 5.295833 -27.157179 -30.435385 17.495350 -1.520063 -0.429854 -5.869245 -14.168831 2.181087 18.498135 2.434129 7.551067 -1.578584 -5.872008 1.514363 -7.929144 -19.192586 -3.953721 -9.943079 -7.628781 -46.230186 2.230760 4.352207 5.611446 -11.305973 16.220400 -38.641777 -13.999972 11.841522 -14.927522 13.452945 -13.003974 -16.331669 10.455315 -2.842741 0.520144 -3.733297 
-39.500038 102.430473 16.798981 27.371934 48.993715 23.327090 3.544844 12.997191 -0.182359 -13.617677 3.108675 -22.010899 2.463416 20.533585 5.009684 -3.684897 7.859605 0.209435 2.615675 14.363675 2.521658 -1.155781 -4.461484 7.502676 3.575890 16.476545 2.789262 -4.068686 0.316771 -6.503953 0.575335 9.861092 3.297315 -3.358006 -1.277086 6.995007 3.174521 11.754841 7.071818 -1.825376 20.632929 5.430441 9.565001 -4.476742 13.825355 13.751438 23.958191 0.257229 -25.853352 -12.375974 17.317104 -35.726756 -13.178409 -21.877347 -22.966742 -13.429986 13.460696 4.117775 4.618858 0.079759 -1.928657 13.924616 0.944391 11.242584 -7.189379 -18.749718 -7.791510 5.072201 -14.623175 19.258273 -35.988410 -10.245003 -30.786716 2.995973 12.373790 -19.667467 -5.630477 -31.025014 1.724948 -9.848181 27.988216 -2.423161 0.929700 0.799346 6.000093 -1.515795 7.797309 30.821854 -12.338360 36.124450 -32.144089 -13.006110 31.542356 6.167387 -2.074662 7.713832 -27.178200 -30.425629 17.526781 -1.501496 -2.921329 -6.786204 -14.163167 2.179268 18.524015 3.281780 5.756252 -0.675669 -5.885275 1.499360 -7.930845 -18.518127 -3.446302 -10.371151 -7.614875 -46.252735 2.233512 4.148453 5.410671 -10.801751 16.220989 -38.630116 -13.994835 11.851482 -16.800635 13.674647 -13.032098 -16.316824 10.442800 -3.360938 0.035743 -3.853165 
-40.033588 102.268166 18.395706 27.550929 51.746340 24.068641 3.535972 12.997783 -0.179947 -13.999522 2.904768 -20.979353 2.463391 20.533226 5.022703 -2.545514 7.761941 0.148220 2.624020 14.375017 2.508532 -1.293883 -4.761748 6.942750 3.572643 16.484972 2.787896 -3.808551 -0.867890 -6.620545 0.571503 9.869578 3.314808 -2.903076 -1.047348 7.304076 3.166650 11.755973 7.056509 -2.159754 22.221740 5.225981 9.563571 -4.484088 13.819764 15.425723 24.424616 2.047874 -25.859587 -12.382711 17.323513 -37.302050 -14.192938 -22.356584 -22.975000 -13.425202 13.464532 4.478634 4.998205 -0.825328 -1.935066 13.919420 0.940865 11.989592 -6.758330 -20.361844 -7.791419 5.077700 -14.646302 22.646860 -39.551986 -14.271915 -30.785980 2.993697 12.375421 -19.073827 -7.278544 -30.196089 1.716850 -9.832833 27.989202 -1.972596 1.672069 1.388528 6.014740 -1.521286 7.801223 30.217122 -12.852420 36.622614 -32.151821 -13.006886 31.540325 6.833968 -2.953974 8.735737 -27.189070 -30.420521 17.540712 -1.326108 -3.601768 -7.040245 -14.162863 2.180382 18.537237 3.850594 5.017916 -0.355792 -5.889158 1.488650 -7.942990 -18.417467 -2.934977 -10.625384 -7.600394 -46.261703 2.241597 3.837903 4.792263 -10.697908 16.228437 -38.638268 -14.001183 11.981627 -17.850027 13.930050 -13.056792 -16.318405 10.432491 -3.537503 -0.587088 -3.504854 
-40.266056 102.272949 19.008690 27.663571 52.747915 23.989043 3.531427 12.999314 -0.178548 -14.064973 2.923163 -20.902440 2.462613 20.535625 5.024016 -2.176774 7.684580 -0.000706 2.623039 14.379805 2.505690 -1.321240 -4.907604 6.794668 3.571109 16.487787 2.788213 -4.039662 -1.515148 -7.073663 0.573229 9.875357 3.323565 -2.960850 -1.315576 7.384128 3.166405 11.755583 7.044030 -1.918406 22.778162 5.344871 9.560986 -4.486068 13.821723 15.961732 24.691530 2.642632 -25.863276 -12.384440 17.328083 -38.024097 -14.317368 -22.234866 -22.977230 -13.423765 13.468996 4.490662 5.168029 -1.012141 -1.934677 13.918974 0.940549 12.354589 -6.661749 -20.806435 -7.794782 5.080996 -14.651727 23.888105 -41.635662 -16.139621 -30.782953 2.994340 12.371960 -18.681238 -7.945950 -30.231937 1.711215 -9.827045 27.991339 -1.845909 2.004013 1.079638 6.021065 -1.518818 7.796559 30.311416 -13.116440 36.418268 -32.156193 -13.009323 31.535995 6.982474 -3.560444 9.402590 -27.196981 -30.424097 17.546286 -0.948744 -4.103914 -7.291766 -14.165300 2.180136 18.542120 4.213101 4.583702 -0.019936 -5.894365 1.485076 -7.942207 -18.400791 -3.012406 -10.781629 -7.596154 -46.264015 2.246631 3.823437 4.353326 -10.662272 16.227449 -38.634418 -14.008169 12.163313 -18.658834 13.965832 -13.065327 -16.324442 10.436052 -3.451319 -0.617870 -3.468738 
-40.420509 102.467682 18.848917 27.289399 52.552281 23.521321 3.533183 12.999835 -0.182384 -14.172549 2.571519 -20.875360 2.467062 20.533497 5.024429 -2.327051 7.834750 0.058092 2.621770 14.378394 2.507207 -1.286055 -4.740795 6.755817 3.574680 16.490208 2.788373 -3.803422 -1.160915 -6.834639 0.571932 9.872515 3.316069 -2.988052 -0.863025 7.387778 3.164241 11.756436 7.047290 -1.888495 22.437711 5.267937 9.561673 -4.485750 13.821792 15.645868 24.793477 2.194471 -25.862453 -12.387218 17.322618 -37.940710 -14.345508 -22.320782 -22.984644 -13.429615 13.467257 4.442837 4.982217 -0.863305 -1.938776 13.917219 0.938100 12.248751 -6.750032 -20.601246 -7.787622 5.078645 -14.648118 22.531544 -41.104639 -15.006457 -30.784061 2.995435 12.370252 -19.002529 -7.892185 -30.647004 1.712857 -9.831439 27.993732 -1.968778 1.862028 1.175645 6.019411 -1.516684 7.800495 30.554274 -13.491794 36.624530 -32.155941 -13.010517 31.543800 6.758038 -3.440967 8.915994 -27.193884 -30.430872 17.546318 -0.993518 -3.979646 -6.973157 -14.161983 2.177998 18.541740 4.027967 4.621648 -0.194413 -5.892259 1.487364 -7.949359 -18.394920 -3.113682 -10.699298 -7.596251 -46.268246 2.246837 3.448095 4.673641 -10.860632 16.223951 -38.636795 -14.002717 12.779391 -18.342654 13.391737 -13.061121 -16.324732 10.433355 -3.630588 -0.596724 -3.372104 
-40.419422 102.854523 17.875717 27.718053 51.305458 23.498784 3.538527 12.994781 -0.180817 -14.441518 2.984975 -21.255941 2.468644 20.524124 5.014238 -3.221163 8.133183 0.135700 2.624615 14.370083 2.519659 -1.667346 -4.683030 7.079029 3.582765 16.482042 2.787832 -3.839241 -0.528953 -6.557639 0.572825 9.868843 3.308896 -3.422306 -0.974250 7.334172 3.165852 11.760259 7.059772 -2.145200 21.975382 5.073655 9.561745 -4.475251 13.828210 14.683886 24.480629 0.780128 -25.857986 -12.387402 17.319595 -37.158118 -13.863748 -21.868364 -22.980047 -13.425992 13.459299 4.490111 4.918820 -0.182470 -1.933882 13.918921 0.941932 11.101407 -7.487667 -19.783745 -7.784797 5.073934 -14.634465 19.472202 -38.767884 -12.017133 -30.783455 3.003743 12.367334 -20.159512 -6.442184 -31.829829 1.720280 -9.847652 27.993919 -2.568044 1.413577 0.965726 6.013300 -1.514038 7.803759 31.050317 -13.219052 36.871270 -32.142860 -13.007043 31.541300 5.958493 -2.513048 8.153695 -27.187708 -30.426926 17.538908 -1.016793 -3.932664 -6.741117 -14.173027 2.175185 18.530270 3.568037 5.275218 0.027428 -5.885499 1.496775 -7.945809 -18.157556 -3.500909 -10.788134 -7.604432 -46.265762 2.232788 2.818884 4.957706 -10.943403 16.221603 -38.623959 -13.996469 13.256954 -17.578014 13.338895 -13.043887 -16.327381 10.436850 -3.711792 -0.485790 -3.407364 
-39.892719 103.569374 15.879238 25.842079 47.176222 21.281003 3.550194 12.993202 -0.179373 -14.696793 2.756472 -22.288114 2.469406 20.525488 5.004780 -4.134709 8.609440 0.284899 2.624533 14.349938 2.537456 -1.831627 -4.571891 7.139280 3.593747 16.464134 2.793411 -4.123172 1.373452 -5.611833 0.573928 9.864493 3.280714 -4.062458 -0.895092 7.585556 3.178052 11.759980 7.088041 -1.863538 20.384964 4.956860 9.558714 -4.466794 13.831721 11.915722 23.712175 -2.112176 -25.855347 -12.385790 17.301176 -35.302075 -13.308188 -21.722228 -22.976786 -13.432734 13.443595 3.954861 4.390474 0.654677 -1.929050 13.926577 0.943616 8.833713 -8.476916 -17.774058 -7.766456 5.059623 -14.606350 14.481080 -34.002386 -6.677394 -30.795095 3.012342 12.373141 -20.954998 -4.168206 -33.519259 1.736163 -9.861954 27.996267 -2.800959 1.069433 0.962082 5.998675 -1.504996 7.800443 31.335190 -12.507372 37.045833 -32.133312 -13.004051 31.539532 4.178083 -1.096854 5.927788 -27.169140 -30.438723 17.522345 -1.188316 -2.867297 -6.014913 -14.175589 2.173282 18.510628 2.406212 6.662816 -0.621851 -5.877848 1.513857 -7.939083 -18.059285 -4.186214 -10.535878 -7.615886 -46.258953 2.223884 2.031356 5.303481 -11.434125 16.208399 -38.618843 -13.989017 13.179429 -15.752078 13.138817 -13.022154 -16.329521 10.452680 -3.827878 0.263623 -3.652470 
-38.256989 104.630501 12.597838 25.026681 37.871309 19.328254 3.575589 12.995191 -0.193368 -14.642752 2.922337 -22.697291 2.468019 20.521627 4.979730 -5.834488 8.982908 0.345878 2.632313 14.311719 2.569748 -1.731693 -4.105631 6.907105 3.619424 16.448429 2.796570 -5.161289 4.416841 -4.370315 0.576548 9.843921 3.240464 -5.109132 -0.760475 6.806929 3.189612 11.750281 7.133114 -1.392054 17.697893 5.162158 9.562238 -4.466701 13.851052 8.832971 21.351634 -5.077385 -25.847628 -12.385872 17.292492 -34.164538 -12.270933 -21.472330 -22.981274 -13.446853 13.412313 2.737501 4.026058 1.617022 -1.912356 13.946256 0.952837 5.099688 -8.930179 -13.880360 -7.767169 5.037147 -14.577031 11.295857 -26.164834 -2.030934 -30.813234 3.023593 12.388228 -20.895671 -0.621914 -33.980983 1.745380 -9.884542 28.008480 -4.154222 0.342723 0.369611 5.961376 -1.510096 7.773843 31.736143 -11.079809 36.609192 -32.129101 -13.018122 31.544842 1.257108 0.487465 2.939876 -27.149141 -30.459423 17.487419 0.211327 -1.097793 -4.231365 -14.179463 2.170117 18.486900 1.539977 8.681288 -1.321158 -5.867921 1.533852 -7.938475 -18.200699 -5.227048 -9.724049 -7.627886 -46.239460 2.216529 0.830788 5.440568 -12.410829 16.199196 -38.631416 -13.994781 13.418811 -13.722485 13.313219 -13.000338 -16.346870 10.472906 -3.341812 0.836556 -3.112022 
-35.257252 105.773254 8.460712 23.358646 30.481789 17.202622 3.593289 13.004799 -0.194229 -13.701707 3.398492 -21.837578 2.463860 20.519747 4.965363 -5.925587 8.132167 -0.226115 2.646813 14.296293 2.579906 -1.135719 -3.119481 6.254690 3.621364 16.451647 2.802798 -4.994671 5.781289 -4.084030 0.578751 9.823042 3.219733 -5.577253 -0.010292 4.906429 3.185502 11.724335 7.169692 0.052033 16.444678 5.228782 9.571492 -4.480644 13.848312 8.249850 19.195948 -6.012539 -25.846874 -12.388367 17.314064 -35.002503 -12.644067 -22.062160 -22.979681 -13.491859 13.388346 1.222252 2.972830 1.794033 -1.910346 13.957986 0.943178 2.674570 -6.998386 -10.295195 -7.782127 5.016654 -14.583653 11.876042 -18.004143 -0.933783 -30.839388 3.017479 12.394327 -19.779227 5.817321 -29.888618 1.745148 -9.879409 28.030073 -5.829865 0.510486 0.273041 5.943782 -1.523902 7.765086 31.212124 -9.963205 35.627257 -32.151913 -13.043427 31.577694 -1.802890 2.075378 -0.349693 -27.137348 -30.452547 17.469866 2.301421 0.708554 -2.454831 -14.194105 2.161100 18.484837 2.673600 9.470062 -2.704850 -5.858778 1.525066 -7.959460 -17.583951 -6.025737 -6.985363 -7.626042 -46.229374 2.227522 -2.245362 4.640480 -12.606296 16.218243 -38.682831 -14.014215 13.407161 -12.843028 13.564476 -12.996942 -16.377609 10.486964 -2.250893 1.707611 -2.188406 
-31.262741 106.575417 4.875219 20.626078 29.068339 17.298835 3.586764 13.029809 -0.193059 -12.169911 2.609882 -20.089740 2.482048 20.519451 4.952713 -4.684292 6.973460 -0.073364 2.664590 14.329389 2.584533 0.236141 -1.368119 6.410089 3.605400 16.466820 2.807978 -2.914179 4.661144 -3.638744 0.573880 9.826430 3.225691 -3.826668 0.830806 3.872584 3.185073 11.701444 7.173073 -0.299131 17.272727 5.581809 9.589688 -4.526007 13.840862 9.679616 18.933945 -6.173300 -25.872412 -12.372850 17.350628 -34.829334 -13.693963 -24.398971 -22.967340 -13.505806 13.405040 0.128523 2.695451 1.554812 -1.900463 13.954029 0.945841 3.243675 -3.884387 -8.621410 -7.799729 5.009534 -14.624528 13.973745 -13.752703 -1.225284 -30.863457 3.019174 12.396439 -16.255261 11.151633 -23.008402 1.722391 -9.874531 28.027853 -6.843289 0.943276 0.367250 5.952225 -1.532945 7.785090 31.059906 -8.986728 34.591295 -32.153706 -13.043492 31.603376 -2.935764 2.902291 -2.456136 -27.151901 -30.441820 17.471462 3.075133 -0.150731 -2.589024 -14.196165 2.156791 18.518652 3.850704 8.904275 -2.781629 -5.844073 1.510906 -7.972198 -16.497525 -5.604007 -4.724755 -7.619837 -46.245689 2.244817 -4.747664 3.834241 -12.028511 16.264137 -38.722458 -14.005617 13.503891 -14.464555 13.388170 -13.033720 -16.401943 10.490336 -1.285818 2.281768 -1.778351 
-26.992382 107.053055 2.762155 18.857606 27.359646 16.750721 3.573230 13.061834 -0.182789 -11.174602 2.048101 -19.126095 2.488905 20.528614 4.933369 -3.834841 5.652607 0.480319 2.672192 14.358310 2.580706 1.052197 -0.615882 6.140140 3.590452 16.475662 2.808398 -0.841796 3.347563 -3.498905 0.572375 9.837681 3.242466 -2.049763 1.070271 3.758106 3.185507 11.695337 7.167041 -1.615927 17.897910 5.495657 9.599013 -4.566140 13.842586 11.632403 19.296823 -5.477862 -25.894627 -12.338191 17.377296 -34.311483 -15.061768 -25.656253 -22.966486 -13.507481 13.414104 -1.008436 2.181741 1.810709 -1.900648 13.950101 0.947927 5.159413 -2.446020 -8.116512 -7.821711 5.014135 -14.656536 15.110904 -12.705848 -0.721511 -30.882666 3.026269 12.388216 -12.206942 13.065861 -17.469158 1.715436 -9.881818 28.031126 -6.748036 0.273327 -0.129038 5.968120 -1.532317 7.804065 31.521839 -8.049592 33.876273 -32.160332 -13.030141 31.616133 -4.019944 1.898468 -4.041113 -27.158503 -30.427668 17.490993 3.049348 -1.573114 -2.988485 -14.196700 2.151012 18.545366 3.783451 8.199114 -2.318182 -5.839968 1.513015 -7.978662 -15.310463 -4.528985 -4.644281 -7.626290 -46.266628 2.246176 -5.747657 3.210123 -11.387652 16.291149 -38.744774 -14.005624 13.992587 -15.821005 12.621489 -13.060521 -16.412264 10.500788 -1.209301 2.574261 -1.298648 
-23.153080 107.362556 1.836805 17.046872 25.455297 16.303199 3.566308 13.079436 -0.171288 -11.178931 1.441822 -19.088205 2.490833 20.542833 4.927354 -3.344859 4.517393 0.271547 2.675368 14.366214 2.569419 1.579992 -0.623703 5.708963 3.579847 16.478748 2.808924 0.421211 2.845316 -3.105551 0.572120 9.833833 3.248438 -0.693790 1.358772 3.518409 3.175694 11.693455 7.166911 -2.374743 18.415568 5.289480 9.602945 -4.583208 13.834502 12.631263 19.358394 -4.472140 -25.909517 -12.305514 17.392550 -34.506976 -16.510638 -26.112547 -22.957310 -13.504009 13.420836 -1.638512 1.849863 1.092806 -1.903354 13.948912 0.943700 6.902007 -2.093573 -8.512343 -7.821418 5.018785 -14.667654 15.781770 -13.353091 -0.711503 -30.896248 3.031208 12.380539 -8.514720 14.003453 -12.753136 1.713874 -9.874929 28.024158 -5.992823 -0.047543 0.102638 5.975081 -1.529715 7.815061 31.711585 -7.960704 33.271655 -32.167122 -13.027487 31.607828 -4.641687 1.079281 -5.377218 -27.151268 -30.417746 17.491108 2.701201 -2.584157 -2.946405 -14.190066 2.146971 18.546167 3.675482 7.810227 -2.291053 -5.848223 1.511737 -7.965106 -14.272233 -3.679236 -4.549048 -7.637423 -46.265766 2.240477 -6.062119 2.556590 -11.870839 16.295263 -38.746960 -14.017210 13.985276 -16.248117 11.965399 -13.074679 -16.414234 10.506968 -0.760275 2.473026 -1.064258 
-20.165968 107.650703 1.502278 15.775386 24.096323 15.868746 3.562501 13.096482 -0.163330 -11.058046 1.178314 -18.857555 2.483317 20.549797 4.916417 -3.298971 3.539536 0.452543 2.666834 14.369785 2.564707 2.461930 -0.551597 5.622414 3.573895 16.485577 2.812833 1.002873 3.263271 -2.732161 0.570747 9.833731 3.252180 0.149672 0.838858 3.378796 3.172080 11.698092 7.170373 -3.074261 19.401533 5.261135 9.612740 -4.597960 13.836806 13.430362 19.341807 -3.568478 -25.909472 -12.282141 17.403698 -35.446694 -17.230201 -26.155979 -22.952883 -13.497754 13.428891 -1.812250 1.853480 0.916677 -1.902791 13.945330 0.941507 7.690802 -2.093991 -8.830807 -7.826572 5.025333 -14.669559 16.372479 -14.742816 -0.856694 -30.904507 3.032702 12.373514 -6.003219 13.952839 -9.294286 1.716687 -9.873788 28.018711 -5.799674 -0.712573 0.211478 5.983036 -1.529530 7.825245 32.107179 -8.215874 33.112774 -32.172012 -13.031123 31.602180 -5.484192 0.255940 -6.074832 -27.149651 -30.415367 17.495712 2.815347 -3.248969 -3.184195 -14.194239 2.148259 18.546000 3.262309 7.750742 -2.257469 -5.859555 1.509667 -7.957697 -13.465970 -3.736130 -4.891130 -7.651685 -46.261555 2.234451 -6.261990 1.916983 -12.102227 16.294165 -38.746265 -14.034829 13.931469 -16.217526 10.947501 -13.079218 -16.419752 10.514726 -0.186231 2.419898 -1.170631 
-18.128666 107.936600 1.452747 15.774838 23.570477 15.899255 3.559672 13.106894 -0.161035 -10.796057 1.132623 -18.899219 2.477117 20.549105 4.912039 -3.110144 3.649595 0.434685 2.672553 14.367108 2.562654 2.057267 -0.284161 5.964341 3.559525 16.489538 2.810298 1.202333 3.215770 -2.407186 0.568173 9.825759 3.258526 0.440358 0.232501 3.339293 3.167281 11.697865 7.163075 -3.613747 20.031224 5.447236 9.614577 -4.598130 13.829167 14.010359 19.589906 -2.390356 -25.901833 -12.274584 17.405661 -36.536318 -18.534435 -26.764832 -22.944862 -13.501750 13.426303 -1.863557 1.501746 0.113408 -1.900466 13.937587 0.941879 8.198370 -2.102904 -9.205191 -7.828417 5.030259 -14.675375 16.885273 -15.726509 -1.057475 -30.908520 3.034429 12.362330 -4.316231 13.964078 -6.784568 1.725146 -9.874283 28.004486 -5.425686 -0.981208 0.451752 5.984091 -1.535015 7.828791 32.111328 -8.968959 33.206597 -32.173206 -13.035039 31.594048 -6.275710 -0.019766 -6.867064 -27.145229 -30.406404 17.499424 3.036849 -3.748556 -3.633842 -14.191553 2.139341 18.538454 3.296897 7.312453 -2.287570 -5.859525 1.513190 -7.945553 -13.087311 -3.639126 -4.915116 -7.660619 -46.253109 2.229473 -7.414736 1.583106 -12.176084 16.295305 -38.742027 -14.048974 13.894872 -16.282261 10.939148 -13.080696 -16.414091 10.514552 -0.215024 2.125039 -1.177240 
-16.960947 108.213493 1.521752 16.196510 23.344861 15.899611 3.559019 13.116013 -0.156332 -10.981051 0.816221 -19.185950 2.470725 20.550320 4.904992 -3.097345 3.511688 0.475848 2.672130 14.368548 2.564221 2.457707 -0.096754 6.024843 3.551704 16.492722 2.808304 1.614241 3.484788 -2.084841 0.576260 9.822904 3.263097 0.456119 0.439694 3.250098 3.167208 11.696518 7.162593 -4.066320 20.644076 5.562285 9.617222 -4.598842 13.827880 14.505029 20.137949 -2.005361 -25.899288 -12.257524 17.408115 -37.074120 -19.147015 -27.130722 -22.942488 -13.500969 13.430819 -1.881546 1.455838 -0.210745 -1.902938 13.932003 0.934508 8.503993 -2.484191 -9.655375 -7.836555 5.031734 -14.675470 17.155864 -16.667634 -1.245186 -30.907066 3.037387 12.351630 -3.400318 14.054806 -4.942990 1.731083 -9.870068 28.008307 -5.367089 -1.005616 0.713844 5.987720 -1.536424 7.834677 32.104201 -9.485580 33.448393 -32.171513 -13.034759 31.583765 -6.641838 -0.481574 -7.142226 -27.141022 -30.402626 17.502941 3.095111 -4.134493 -3.980148 -14.192920 2.138919 18.539438 3.332475 7.367825 -2.390675 -5.863715 1.514325 -7.940351 -12.761628 -3.840072 -5.171753 -7.662724 -46.249626 2.234871 -8.141672 1.391616 -12.431860 16.293756 -38.739296 -14.057856 14.020371 -16.249722 10.727969 -13.078711 -16.409243 10.515672 -0.216581 2.200912 -1.356701 
-16.545807 108.435623 1.634521 16.800379 22.792664 16.439601 3.555624 13.117072 -0.161824 -10.698128 0.715864 -19.050929 2.468436 20.549944 4.905598 -3.081199 3.631968 0.342269 2.674286 14.369213 2.561648 2.315149 -0.113199 6.167373 3.542865 16.492365 2.807317 1.502401 3.615463 -1.855838 0.572034 9.817001 3.263940 0.678688 0.305129 3.033009 3.168126 11.701035 7.163784 -4.093826 21.085429 5.631126 9.614135 -4.599247 13.828433 14.588463 20.101947 -1.768856 -25.895102 -12.257922 17.407568 -37.826178 -19.434069 -27.236759 -22.938915 -13.494260 13.428648 -1.500198 1.469986 -0.406287 -1.905621 13.934208 0.937279 8.412883 -2.485159 -9.700962 -7.836228 5.032005 -14.673980 17.113662 -17.352427 -1.219311 -30.910044 3.037812 12.346001 -2.807579 14.313782 -4.288073 1.727542 -9.870559 28.000458 -5.509680 -1.122149 0.760024 5.988072 -1.538134 7.835232 32.283968 -10.189401 34.031810 -32.177872 -13.041069 31.589052 -6.652816 -0.407195 -7.258879 -27.139393 -30.402138 17.502415 2.994705 -4.102550 -3.951270 -14.192521 2.133567 18.532410 3.476307 7.161719 -2.368723 -5.858926 1.515698 -7.939902 -12.416533 -3.945162 -5.158266 -7.665939 -46.253956 2.231725 -8.614083 0.846511 -12.605585 16.295458 -38.737484 -14.062653 14.108413 -16.285855 10.942437 -13.080957 -16.401810 10.516687 0.011105 2.297282 -1.094470 
-16.779984 108.569992 1.747247 16.722046 22.803497 16.224546 3.563471 13.119998 -0.161246 -10.942322 0.631100 -19.213945 2.469193 20.547920 4.902161 -3.320806 3.918833 0.395293 2.674271 14.370661 2.564863 2.191081 -0.193304 5.875852 3.547023 16.490744 2.808105 1.455044 3.620631 -1.800363 0.572576 9.817736 3.258559 0.710347 0.443776 3.340520 3.171904 11.696791 7.163316 -4.218161 21.067633 5.646447 9.618493 -4.600087 13.828094 14.540882 20.412871 -1.379885 -25.894123 -12.260380 17.406336 -38.271428 -19.632650 -27.180777 -22.943939 -13.501926 13.430573 -1.722048 1.485874 -0.468078 -1.902389 13.933067 0.929785 8.414182 -2.784560 -9.470582 -7.840556 5.030157 -14.667163 17.498229 -17.592554 -1.708337 -30.908375 3.035909 12.351764 -3.064171 14.520291 -4.446197 1.730814 -9.873488 28.001074 -5.620913 -0.911449 0.863869 5.989873 -1.540529 7.831048 32.421463 -10.386670 34.065350 -32.173946 -13.038309 31.589849 -6.942801 -0.856707 -7.319451 -27.141006 -30.405600 17.508163 3.113420 -4.333590 -3.986679 -14.195592 2.137688 18.535814 3.686159 7.352394 -2.309649 -5.859434 1.516852 -7.939945 -12.586333 -4.020405 -5.423629 -7.664438 -46.255604 2.233541 -9.064224 1.078312 -12.440378 16.292547 -38.735249 -14.060349 14.581716 -16.342927 10.598440 -13.080559 -16.403101 10.518195 -0.121413 2.280641 -1.103475 
-17.582970 108.614914 1.853179 17.294024 22.993536 16.167218 3.563715 13.118010 -0.165827 -11.049244 0.727054 -18.916880 2.470617 20.544043 4.905675 -3.222771 3.792409 0.350633 2.679784 14.367507 2.565364 2.331461 -0.094858 5.889810 3.552073 16.489107 2.806571 1.533029 3.624175 -1.483483 0.570729 9.818578 3.259170 0.496206 0.608561 3.448736 3.173320 11.694764 7.160026 -3.935884 20.845913 5.842648 9.615717 -4.601955 13.826796 14.469957 20.549268 -1.520776 -25.894701 -12.262869 17.404335 -37.869448 -19.286332 -27.255424 -22.944118 -13.500227 13.424750 -1.757499 1.028638 -0.080266 -1.897911 13.933677 0.934573 8.129100 -2.693396 -9.235187 -7.839308 5.026162 -14.668752 17.065557 -17.189129 -1.399576 -30.909229 3.040016 12.355659 -3.593504 14.500326 -5.377933 1.733065 -9.873676 28.006176 -5.621375 -0.875792 0.633233 5.985355 -1.538186 7.831923 32.549386 -10.491372 34.173803 -32.174919 -13.039436 31.585875 -6.631059 -0.673736 -7.388670 -27.143745 -30.407850 17.500761 3.031824 -3.959496 -3.673077 -14.189133 2.135702 18.538794 3.622092 7.211593 -2.316939 -5.851630 1.514487 -7.944239 -12.718072 -4.315508 -5.163482 -7.659900 -46.256050 2.238862 -9.089331 1.244816 -12.658889 16.290003 -38.734585 -14.055002 14.631944 -16.378572 10.762809 -13.080041 -16.406050 10.511107 -0.175018 2.254116 -1.105530 
-18.936571 108.584251 1.958015 17.108883 23.017167 16.234946 3.566787 13.114058 -0.163915 -11.249654 0.653885 -19.185824 2.473260 20.545765 4.911621 -3.353951 4.192460 0.093186 2.678084 14.368374 2.564531 1.825855 -0.288386 5.817036 3.558897 16.487970 2.804500 1.475968 3.459818 -1.933783 0.571069 9.819295 3.258327 0.379785 0.642027 3.866214 3.176694 11.690378 7.162710 -3.837459 20.439356 5.659696 9.610199 -4.594516 13.833371 14.014311 20.628780 -1.975154 -25.899635 -12.270363 17.400051 -36.944196 -18.803338 -26.697152 -22.948416 -13.501433 13.422629 -1.729024 1.394928 0.289918 -1.898588 13.936210 0.933783 8.179987 -2.548722 -9.452953 -7.834687 5.025853 -14.666049 16.286917 -16.707413 -0.925649 -30.910488 3.036460 12.357172 -4.807880 14.850226 -7.214663 1.727173 -9.874560 28.010603 -5.809827 -0.615248 0.306010 5.989991 -1.532087 7.828620 32.600138 -10.566408 34.615682 -32.173336 -13.037866 31.590309 -6.682411 -0.474301 -6.961905 -27.143152 -30.414196 17.506773 2.761451 -3.493101 -3.702862 -14.188332 2.131635 18.537167 3.693364 7.655731 -2.059300 -5.850219 1.513202 -7.950524 -13.143669 -4.240175 -5.457693 -7.655873 -46.268894 2.241387 -9.081321 1.338385 -12.311494 16.289522 -38.733994 -14.045588 15.034725 -16.372281 11.053451 -13.078319 -16.403851 10.512908 -0.469768 2.294731 -1.168074 
-20.859365 108.467766 2.056611 17.049733 23.538606 15.864439 3.568234 13.098391 -0.167873 -11.403431 0.764171 -19.034470 2.478402 20.540499 4.911496 -3.522322 4.457570 0.310376 2.683723 14.372116 2.568959 1.731754 -0.293549 5.588749 3.572598 16.480568 2.807117 1.108002 3.510085 -1.954232 0.570280 9.819877 3.252528 0.120170 1.409178 3.777959 3.171167 11.691240 7.164088 -3.225021 19.995625 5.641201 9.607261 -4.594607 13.835449 13.422503 20.662531 -2.857180 -25.900936 -12.282595 17.397301 -36.588210 -18.075939 -26.821017 -22.958471 -13.502663 13.420288 -1.734061 1.171593 0.954754 -1.902024 13.938847 0.934505 7.499402 -2.441429 -9.105978 -7.829084 5.019497 -14.665062 15.643754 -15.597355 -0.549100 -30.904022 3.035941 12.364873 -6.206153 14.929982 -9.253803 1.725821 -9.875418 28.017675 -6.196437 -0.194459 0.204916 5.985617 -1.526547 7.832554 32.517643 -10.046836 34.427784 -32.168854 -13.036707 31.601934 -6.085893 -0.262344 -6.787807 -27.151266 -30.413193 17.500038 2.672671 -3.247694 -3.447229 -14.187965 2.137460 18.533470 3.617850 7.555567 -2.037063 -5.845345 1.513097 -7.958603 -13.119940 -4.295408 -5.314496 -7.641004 -46.270603 2.239459 -8.977317 1.648798 -12.497118 16.282135 -38.734684 -14.032887 15.114220 -16.219893 11.158542 -13.080835 -16.409298 10.507850 -0.612986 2.547063 -0.932579 
-23.317995 108.273361 2.166857 17.671772 24.780794 16.049705 3.573560 13.088494 -0.178758 -11.465999 1.273081 -18.783205 2.483144 20.536989 4.925268 -3.628360 5.134051 0.281532 2.683737 14.368938 2.569720 1.299738 -0.296886 5.536081 3.583058 16.475004 2.807892 0.578820 3.481848 -2.533819 0.565386 9.830911 3.245678 -0.241624 1.503473 4.089832 3.176458 11.695261 7.159369 -2.754185 19.213809 5.578964 9.612843 -4.590723 13.832026 13.118094 20.535331 -3.523833 -25.895325 -12.301101 17.391314 -35.822915 -17.236443 -26.296056 -22.965939 -13.504478 13.418884 -1.540023 1.544104 1.533740 -1.899555 13.944490 0.941298 6.725807 -2.302749 -8.588650 -7.828884 5.019753 -14.660815 14.836194 -14.502155 -0.290175 -30.904003 3.028728 12.375062 -8.446447 14.943725 -12.452625 1.726054 -9.883574 28.022333 -6.351938 -0.122744 0.134593 5.979010 -1.523724 7.823532 32.259110 -9.694945 34.674599 -32.171730 -13.029672 31.606539 -5.501840 0.199877 -6.185812 -27.155811 -30.419458 17.499485 2.931705 -2.620019 -3.246096 -14.186454 2.143133 18.535666 3.824083 7.866371 -1.982074 -5.839015 1.514698 -7.968447 -14.235407 -4.504091 -4.750348 -7.640966 -46.282528 2.243373 -8.780178 1.997883 -11.986668 16.285772 -38.736027 -14.017203 15.190902 -16.175640 11.137769 -13.073712 -16.408930 10.506886 -0.752834 2.345259 -0.960705 
-26.265059 107.991585 2.332587 17.501760 26.793809 15.882773 3.577197 13.070580 -0.188173 -11.307568 1.684786 -18.400349 2.487609 20.531923 4.928103 -3.879302 5.664826 0.358438 2.683502 14.379080 2.574249 0.931826 -0.256749 6.011443 3.591849 16.473902 2.802502 0.073911 2.815962 -3.193002 0.568357 9.830398 3.246701 -0.575025 1.768871 4.218667 3.173942 11.693983 7.159066 -2.398559 18.664621 5.625022 9.602024 -4.583205 13.837790 11.549144 20.978079 -4.790618 -25.895916 -12.324385 17.386835 -35.377033 -15.965987 -26.269568 -22.973337 -13.509521 13.413307 -1.335669 2.051691 1.948989 -1.899701 13.946531 0.942074 6.105602 -1.638900 -8.428837 -7.821850 5.021587 -14.658195 14.681512 -13.419737 -0.044617 -30.895111 3.024052 12.385020 -11.001511 14.578125 -15.999167 1.721615 -9.892477 28.027512 -7.037326 0.413609 0.084628 5.973785 -1.523444 7.823219 32.032945 -9.031953 34.626429 -32.164356 -13.024750 31.613531 -4.581421 1.031228 -5.108968 -27.163504 -30.420563 17.499681 3.084514 -1.737499 -3.089515 -14.184388 2.145724 18.533970 4.000647 7.666532 -1.436642 -5.836843 1.515406 -7.982970 -14.884094 -4.808928 -4.448136 -7.623122 -46.285797 2.246394 -8.699396 2.833390 -11.952002 16.279232 -38.730053 -14.003617 15.485897 -16.110029 11.298396 -13.074508 -16.405970 10.498941 -1.464410 2.417164 -1.437517 
-29.587549 107.667679 2.570947 17.672544 29.987119 15.721967 3.581227 13.053434 -0.202379 -11.062945 1.801187 -18.305428 2.491289 20.528214 4.943589 -4.367997 6.515163 0.272059 2.681969 14.380378 2.574720 0.645448 -0.019342 6.760190 3.600296 16.475441 2.794814 -0.426501 2.866207 -3.807215 0.569070 9.832549 3.243905 -1.094026 2.049162 4.697098 3.176100 11.695556 7.156732 -1.910334 18.528662 5.702018 9.600058 -4.564247 13.835243 10.153135 21.566601 -6.274729 -25.887495 -12.361089 17.375589 -35.301013 -14.953359 -26.175419 -22.981655 -13.511236 13.414410 -0.794410 2.134963 2.172792 -1.899935 13.946944 0.951035 5.455436 -1.451097 -8.255578 -7.815210 5.025057 -14.658044 13.811970 -11.896538 0.313575 -30.886009 3.015763 12.394865 -13.810840 14.239283 -19.846086 1.721013 -9.900475 28.032721 -7.825668 0.496819 0.118582 5.966757 -1.526780 7.823238 31.866801 -8.116392 34.813724 -32.167030 -13.020355 31.629505 -3.876773 2.224572 -3.833363 -27.179346 -30.425325 17.492588 3.126656 -0.622440 -3.184149 -14.179338 2.145784 18.533421 4.253600 7.398369 -1.061341 -5.832103 1.507307 -7.992603 -16.007353 -5.391398 -3.833588 -7.610385 -46.287964 2.252542 -8.653553 3.398972 -11.721743 16.286278 -38.727306 -13.991499 15.500909 -15.315229 11.529395 -13.067170 -16.402779 10.495782 -1.861694 2.204858 -1.819045 
-33.080349 107.314774 2.896354 17.109783 33.752650 15.310446 3.586091 13.037406 -0.210365 -10.792372 2.051896 -18.809610 2.486231 20.533411 4.964139 -5.132236 7.870404 0.492878 2.676526 14.374858 2.574584 0.444001 0.178763 7.862015 3.610430 16.482977 2.787423 -1.186510 2.512554 -5.032414 0.574395 9.826131 3.238726 -1.694609 2.427094 5.208274 3.180378 11.693230 7.154781 -0.848163 18.151149 6.057190 9.591832 -4.548305 13.834270 8.030689 22.406371 -8.046965 -25.880703 -12.385652 17.359175 -34.908516 -14.041111 -25.671302 -22.987535 -13.507814 13.411968 -0.111928 2.605537 2.405388 -1.898843 13.945036 0.954439 4.794929 -1.029279 -7.966338 -7.798988 5.027027 -14.650864 13.482899 -10.730029 0.487077 -30.872482 3.011999 12.396239 -16.536325 13.488622 -23.502198 1.716758 -9.901338 28.034613 -8.432933 0.545522 0.038460 5.958584 -1.524571 7.820048 31.666075 -7.108662 35.146791 -32.166603 -13.011099 31.632370 -2.695520 3.078146 -2.401916 -27.184288 -30.432760 17.479813 3.233493 0.530903 -3.283198 -14.174605 2.143949 18.527754 4.322401 7.330951 -1.150209 -5.831987 1.503248 -7.998227 -17.448545 -6.432183 -2.737421 -7.598652 -46.282764 2.256557 -9.062070 4.148048 -11.761667 16.284338 -38.711018 -13.990698 15.994623 -14.677105 11.661383 -13.056331 -16.393309 10.499718 -2.332662 2.294898 -2.201632 
-36.511742 106.974884 3.311590 17.422776 38.642284 15.221471 3.594276 13.017358 -0.224370 -10.771786 2.915879 -18.916484 2.476761 20.531792 4.974336 -5.836144 8.528832 0.577531 2.663914 14.362924 2.573559 -0.136378 -0.100974 8.185348 3.624440 16.483427 2.775600 -1.686021 2.753443 -6.166439 0.575279 9.825024 3.239932 -2.266794 2.623506 6.015073 3.187031 11.695534 7.142237 -0.829964 17.728678 5.873459 9.584835 -4.531002 13.832865 5.766080 22.998087 -10.207209 -25.867132 -12.416382 17.343979 -35.491022 -13.127545 -25.454764 -22.992376 -13.500966 13.410295 0.503183 2.855626 2.733994 -1.893511 13.945756 0.958814 3.731701 -0.925358 -7.842130 -7.786728 5.024447 -14.640496 12.871794 -10.055656 0.308320 -30.862886 3.007872 12.410132 -18.983234 12.289189 -27.072319 1.721595 -9.914199 28.039495 -8.678873 0.182745 0.189129 5.944068 -1.525162 7.817561 31.669641 -5.846075 35.146046 -32.165833 -13.001899 31.636456 -1.944233 3.806975 -1.051384 -27.187275 -30.434401 17.465200 3.582526 1.601543 -3.363963 -14.174338 2.144803 18.520739 4.222145 6.916146 -0.949475 -5.837996 1.502017 -8.001479 -18.584586 -7.096855 -1.443249 -7.590759 -46.284237 2.260530 -9.536068 5.162547 -11.712643 16.279028 -38.687805 -13.991176 16.686398 -13.855785 11.498084 -13.043364 -16.391434 10.504418 -2.756736 1.971371 -2.823435 
-39.674500 106.674149 3.780396 18.566537 43.429150 16.035903 3.593363 13.004739 -0.236399 -10.754310 3.363267 -19.227826 2.470845 20.530689 4.977555 -6.716510 9.639377 0.682777 2.657588 14.354729 2.572870 -0.861118 0.100949 9.004850 3.626250 16.479521 2.770443 -2.620608 2.625051 -7.219111 0.574105 9.825945 3.244258 -2.624837 2.657386 6.605199 3.197176 11.704694 7.131035 -0.469974 17.123820 5.731746 9.569799 -4.517838 13.829528 3.310321 23.538442 -12.679741 -25.862034 -12.437022 17.331974 -35.524507 -12.441225 -25.545198 -22.998766 -13.492798 13.398700 1.368304 2.972449 2.691925 -1.892180 13.947422 0.965832 3.179686 -0.635869 -7.740340 -7.777718 5.025420 -14.629051 12.824570 -10.023628 0.348787 -30.850683 3.011775 12.414486 -21.199148 10.849973 -30.477660 1.726635 -9.921239 28.038378 -8.742977 0.027898 -0.180190 5.935750 -1.517436 7.815109 31.969575 -5.041648 35.023103 -32.159733 -12.994850 31.634787 -1.431090 4.431131 -0.075441 -27.180576 -30.431091 17.465008 3.870494 2.172880 -3.856922 -14.167737 2.139540 18.517416 4.157870 6.424717 -0.742759 -5.838714 1.510932 -8.001440 -19.620120 -7.098719 -0.697402 -7.583586 -46.287697 2.260251 -9.283094 5.891944 -11.203405 16.267141 -38.676983 -13.993718 17.216899 -13.749350 11.543010 -13.037433 -16.377890 10.506855 -3.619247 1.512063 -3.084646 
-42.370281 106.404778 4.250102 19.088746 47.212921 17.146555 3.590908 12.994523 -0.235734 -11.180218 3.760047 -20.201579 2.460467 20.528933 4.984275 -7.386105 10.336733 0.518661 2.650801 14.340223 2.568230 -1.349305 -0.072453 9.274903 3.632050 16.479303 2.770194 -2.864466 2.483822 -8.120671 0.581671 9.828534 3.245049 -3.447090 3.079008 6.682006 3.206185 11.709038 7.128945 -0.372397 17.048743 5.216486 9.561569 -4.509264 13.834279 1.659102 23.920453 -14.182099 -25.862173 -12.443606 17.315477 -34.888716 -11.756832 -25.292658 -23.006256 -13.486273 13.389407 1.706449 3.367337 3.155694 -1.894524 13.949076 0.963396 2.668394 -0.767834 -8.058651 -7.760934 5.021281 -14.618655 12.273830 -10.025138 0.694730 -30.839773 3.010780 12.412434 -22.931240 9.056194 -33.195358 1.732016 -9.926056 28.037550 -8.553428 0.106544 0.261284 5.940648 -1.514843 7.817509 32.093491 -5.149193 35.182878 -32.148632 -12.987112 31.622484 -0.823787 4.322551 0.636847 -27.172781 -30.431419 17.471336 3.940287 2.738245 -4.229648 -14.165752 2.146593 18.512831 3.821321 6.345869 -0.638038 -5.847319 1.522647 -7.993329 -20.627185 -7.380663 -0.258429 -7.580271 -46.295662 2.247240 -9.508441 6.568216 -10.897952 16.251183 -38.646763 -13.989414 18.209334 -13.298903 11.162804 -13.026049 -16.371618 10.511034 -3.725162 1.087521 -3.718349 
-44.409805 106.200089 4.628277 20.542788 51.296462 18.969189 3.592587 12.986230 -0.235450 -11.093799 4.211830 -20.564178 2.456184 20.529177 4.982130 -7.844530 10.970388 0.297194 2.648448 14.332890 2.566911 -2.045407 -0.385114 9.536763 3.629028 16.473518 2.774361 -3.415543 2.088575 -9.081796 0.583845 9.836593 3.244470 -3.482581 3.072073 6.836296 3.212908 11.715261 7.117771 -0.322655 17.147275 4.585967 9.548322 -4.502170 13.830513 0.629312 24.145342 -15.088521 -25.860458 -12.452959 17.300489 -35.096568 -11.057445 -24.890802 -23.008919 -13.486697 13.384564 1.877747 3.344824 3.433563 -1.889273 13.957871 0.973139 2.466796 -0.623619 -8.048143 -7.754665 5.022308 -14.607319 11.988612 -10.283411 0.599154 -30.827976 3.007210 12.412836 -24.480947 7.714349 -35.467851 1.732433 -9.929989 28.035467 -8.361114 -0.007210 0.094353 5.942714 -1.509200 7.817489 32.656453 -4.949697 35.302437 -32.153416 -12.987871 31.622812 -0.535587 4.673835 1.369102 -27.170418 -30.432779 17.477661 4.146233 2.917526 -4.883982 -14.164040 2.143132 18.509243 3.792887 5.978188 -0.212445 -5.847795 1.528943 -7.990194 -21.027361 -7.735684 -0.184656 -7.583430 -46.306335 2.232968 -9.107939 6.986136 -10.125584 16.238266 -38.633320 -13.988498 18.515654 -13.133648 10.883187 -13.022000 -16.369097 10.516115 -3.947409 1.100937 -4.109653 
-45.693886 106.024567 4.828524 22.030698 53.989702 20.661672 3.585562 12.984028 -0.234568 -11.242957 4.310841 -20.887427 2.454789 20.528824 4.981728 -7.919018 11.329582 0.341923 2.649744 14.327546 2.567182 -2.478467 -0.392404 9.469746 3.632760 16.468884 2.772635 -3.648614 2.033362 -9.303448 0.577228 9.837168 3.246274 -3.644679 3.422292 7.105681 3.211684 11.717389 7.116148 -0.483625 16.984884 4.404533 9.544858 -4.499034 13.832873 -0.422602 24.042307 -16.090338 -25.862511 -12.450370 17.300552 -34.807628 -10.651331 -24.519261 -23.005211 -13.485695 13.384572 2.040805 3.198303 3.503458 -1.892557 13.963288 0.973735 2.101416 -0.418795 -8.531125 -7.749653 5.018147 -14.601028 11.701528 -10.553371 0.834079 -30.823591 3.006305 12.414253 -24.621736 7.070090 -36.177955 1.734511 -9.932063 28.034788 -8.417570 -0.031072 0.245866 5.942915 -1.505931 7.823808 32.467011 -4.886940 35.363397 -32.150581 -12.982369 31.620266 -0.413977 4.699357 1.360430 -27.164141 -30.424913 17.479723 4.194880 3.201322 -4.849566 -14.171126 2.151073 18.511496 3.595761 5.829522 -0.332910 -5.845764 1.537400 -7.990123 -21.139027 -7.413371 -0.201553 -7.580897 -46.309631 2.230095 -8.965869 7.399199 -9.980519 16.234064 -38.624840 -13.990114 18.931432 -12.990407 10.563236 -13.017908 -16.367485 10.514306 -3.948636 0.792321 -3.782996 
-46.264069 105.858795 4.806440 23.570966 55.665919 22.162202 3.588944 12.985231 -0.233670 -10.956725 4.366075 -20.929475 2.460465 20.530220 4.978272 -7.829841 11.577614 0.239301 2.651625 14.328436 2.562473 -2.654799 -0.437870 9.659778 3.630117 16.465206 2.772733 -3.789239 1.980441 -9.688788 0.580728 9.844369 3.248854 -3.509155 3.326787 7.305938 3.209018 11.721294 7.116087 -0.756082 16.725030 4.344016 9.544016 -4.498042 13.826631 -0.776850 24.182298 -16.064284 -25.863600 -12.456045 17.302813 -34.741238 -10.316324 -24.481370 -23.001835 -13.491471 13.381891 2.107177 3.276614 3.652512 -1.891203 13.965261 0.977785 2.502355 -0.288596 -8.200668 -7.750479 5.022310 -14.603567 12.183697 -10.051307 0.681735 -30.822874 3.002810 12.417088 -24.973427 6.813538 -36.411209 1.736196 -9.930984 28.033531 -8.091840 0.064022 0.261704 5.942259 -1.508159 7.823769 32.556377 -4.660921 35.168846 -32.151657 -12.988099 31.622276 -0.123478 4.988276 1.582806 -27.160467 -30.422657 17.480122 4.202650 3.400798 -4.893300 -14.171743 2.150266 18.513199 3.643622 5.835903 -0.016894 -5.849106 1.535840 -7.988852 -21.469486 -7.425184 -0.172073 -7.578728 -46.309212 2.224075 -9.038241 7.747594 -9.580840 16.227674 -38.626221 -13.982726 18.846450 -12.699376 10.679434 -13.019055 -16.366520 10.508774 -4.380465 0.750461 -4.308217 
-46.245090 105.684746 4.576245 23.555931 56.251908 22.513985 3.585479 12.983468 -0.239856 -10.526231 4.387695 -20.580567 2.455768 20.526197 4.977625 -7.863742 11.370322 0.258991 2.653131 14.328193 2.563922 -2.618511 -0.250574 9.721498 3.629186 16.468946 2.773460 -3.979661 1.533475 -9.680101 0.576552 9.844651 3.250770 -3.401033 3.229727 7.179619 3.211167 11.719823 7.115333 -0.726822 16.861010 4.358042 9.546866 -4.501211 13.827454 -0.792252 24.206274 -16.377445 -25.861565 -12.452902 17.305130 -34.990475 -10.241616 -24.873799 -23.002165 -13.490697 13.383960 2.123405 3.210824 3.504557 -1.885772 13.964464 0.977630 2.557263 0.112588 -8.173174 -7.753282 5.024415 -14.602551 13.008988 -10.138328 0.324796 -30.823038 3.004986 12.420115 -24.664336 7.045228 -35.848654 1.734110 -9.934608 28.035067 -8.182108 0.085759 0.259731 5.936733 -1.509026 7.822546 32.079653 -4.416507 34.827797 -32.155014 -12.986538 31.621166 0.152359 5.125700 1.638461 -27.161734 -30.420404 17.482300 4.221962 3.436379 -5.222414 -14.179123 2.152147 18.512152 3.604910 5.709416 -0.451537 -5.847116 1.539536 -7.987596 -21.465971 -7.338624 -0.033375 -7.574258 -46.313110 2.229133 -8.570988 7.629477 -9.340289 16.233458 -38.631115 -13.986865 19.107166 -12.915807 10.392821 -13.020862 -16.365482 10.508791 -4.391928 0.999539 -4.156442 
-45.799847 105.475464 4.195601 22.309652 55.431408 21.746757 3.584773 12.983678 -0.240772 -10.036356 4.354933 -20.280203 2.452055 20.526096 4.980748 -7.503210 11.134859 0.108385 2.646467 14.332659 2.561447 -2.174446 -0.213779 9.630784 3.623012 16.473110 2.774874 -3.595107 1.509245 -9.676802 0.575571 9.839330 3.248863 -3.207801 3.247997 6.762282 3.209648 11.719675 7.115753 -0.602752 17.060610 4.530308 9.548563 -4.507759 13.824816 -0.182989 24.250225 -16.095547 -25.859365 -12.446302 17.313955 -34.752132 -10.154667 -25.496044 -23.002638 -13.489886 13.383688 1.753626 3.040086 3.705457 -1.888046 13.961175 0.977347 3.183933 0.416527 -7.829497 -7.754793 5.023959 -14.607744 13.707518 -9.670344 0.356119 -30.826609 2.997885 12.417184 -23.979729 7.625652 -34.610723 1.735469 -9.932870 28.034569 -7.940378 -0.225266 0.540706 5.939013 -1.507374 7.820912 31.604836 -4.197212 34.190732 -32.153347 -12.983170 31.624018 0.535235 5.518455 1.872150 -27.164841 -30.414881 17.479998 3.944444 3.780604 -5.380290 -14.171687 2.153991 18.510691 3.571362 5.711854 -0.630624 -5.851160 1.535318 -7.987282 -21.982974 -7.568310 0.446942 -7.573947 -46.309402 2.227706 -8.307802 7.662473 -9.238151 16.241377 -38.643196 -13.988879 18.715289 -12.779380 10.187939 -13.023075 -16.360607 10.511303 -4.002112 0.988681 -4.407200 
-45.098888 105.215210 3.737611 21.772845 54.948442 21.476341 3.577731 12.991085 -0.244809 -9.168416 4.124627 -19.606685 2.460866 20.525969 4.980786 -7.265541 11.035619 0.080960 2.645803 14.336050 2.556007 -2.106381 -0.025866 9.490648 3.620972 16.475531 2.770351 -3.738221 0.916141 -9.595437 0.572538 9.843721 3.249458 -2.657324 2.987592 6.833614 3.207963 11.723954 7.115324 -0.842025 16.782212 5.131429 9.556109 -4.510988 13.820869 0.253999 24.177225 -15.957634 -25.860598 -12.444316 17.326269 -35.313342 -10.277490 -25.883900 -22.996077 -13.489280 13.393144 1.726730 3.034248 3.286595 -1.882173 13.960452 0.977451 4.041779 0.943385 -7.448049 -7.766070 5.029129 -14.613935 14.563157 -9.411296 -0.002055 -30.827600 2.997412 12.416735 -22.863771 8.565245 -33.245601 1.733650 -9.934685 28.031546 -7.900369 -0.431311 0.235947 5.936193 -1.510294 7.816991 30.990088 -3.168443 33.452648 -32.159054 -12.981693 31.629400 0.984376 5.633567 2.269878 -27.166739 -30.407888 17.476299 3.939004 4.189423 -5.294392 -14.174982 2.151811 18.515223 3.633686 5.565461 -0.446649 -5.849149 1.531556 -7.983965 -22.000587 -7.396952 0.372162 -7.579392 -46.306736 2.242036 -7.872458 7.575662 -8.979624 16.257265 -38.652252 -13.992554 18.200048 -13.129299 10.078269 -13.025425 -16.358732 10.513048 -3.969443 1.057623 -4.234675 
-44.304787 104.894196 3.259614 21.388645 53.258359 20.985976 3.575914 12.990997 -0.246552 -8.741875 4.057705 -19.206193 2.459630 20.529829 4.981812 -7.060967 10.821655 -0.077878 2.643364 14.341228 2.553111 -1.500385 -0.001811 9.270950 3.619032 16.484102 2.768730 -3.526375 0.396389 -9.496702 0.572664 9.838570 3.252656 -2.439059 2.784166 6.460128 3.209802 11.716406 7.113677 -0.898113 16.498819 5.515353 9.560238 -4.515736 13.820309 1.040271 24.422310 -15.464177 -25.863581 -12.438798 17.337393 -35.296840 -10.600174 -26.074561 -22.994167 -13.490423 13.399855 1.467967 3.127243 3.297479 -1.877096 13.956664 0.974862 4.931128 1.318545 -7.485709 -7.778121 5.031561 -14.616093 15.744913 -9.074708 -0.429333 -30.830235 2.995852 12.415177 -22.181114 9.230911 -31.768446 1.730204 -9.935262 28.030212 -7.804219 -0.625439 0.426716 5.933833 -1.514762 7.811336 30.600047 -2.702786 32.677971 -32.160522 -12.978032 31.630873 1.590437 5.823275 2.726232 -27.173435 -30.409176 17.476311 3.463703 4.501287 -5.564496 -14.175201 2.155199 18.517202 3.844639 5.294754 -0.807433 -5.854115 1.531154 -7.979959 -22.365675 -7.377219 0.437398 -7.579515 -46.302532 2.245862 -7.006625 7.357468 -8.355403 16.272205 -38.662010 -13.998803 18.095890 -13.184368 10.073678 -13.024638 -16.361908 10.513318 -3.663613 1.040665 -4.063447 
-43.523609 104.526268 2.794810 20.331885 52.589967 20.087050 3.573891 12.994647 -0.249274 -8.027503 3.722068 -18.406436 2.460611 20.530283 4.981340 -6.871099 10.214601 -0.148493 2.637482 14.350976 2.550892 -0.688917 -0.034652 9.082090 3.614665 16.489023 2.768687 -3.150465 -0.000042 -9.548418 0.573545 9.838455 3.251941 -1.937348 2.633510 6.212139 3.206063 11.717499 7.117440 -0.940974 16.709465 5.686206 9.563123 -4.526966 13.819482 1.907272 24.629758 -14.984605 -25.861444 -12.432522 17.353550 -35.955287 -10.317250 -26.076376 -22.993109 -13.488213 13.401251 1.371464 2.877907 3.368921 -1.877631 13.953386 0.968161 5.901605 1.667028 -7.093680 -7.783686 5.033875 -14.622275 16.859238 -9.035311 -0.643315 -30.839355 2.990259 12.416879 -21.104456 9.470350 -30.458235 1.729538 -9.933063 28.031469 -7.809896 -0.625947 0.451332 5.936049 -1.516488 7.818245 29.919053 -2.555147 31.750944 -32.164337 -12.978410 31.628084 2.763761 5.767663 3.403239 -27.178904 -30.403042 17.473440 2.731957 4.829696 -5.757811 -14.179112 2.155499 18.519745 3.849181 4.860241 -0.765870 -5.859220 1.527835 -7.976295 -22.321922 -7.197425 0.633883 -7.576405 -46.299553 2.253871 -6.080532 7.423629 -8.129756 16.280626 -38.673367 -13.999918 17.711584 -13.048166 9.627365 -13.032403 -16.361780 10.517388 -3.561803 1.569732 -3.949113 
-42.786263 104.123543 2.386704 20.069589 51.398191 20.065614 3.564696 13.002877 -0.250361 -7.362386 3.332732 -17.813862 2.460465 20.527372 4.982699 -6.446317 9.979712 -0.550450 2.636381 14.350099 2.543811 -0.086770 0.186117 8.995729 3.612149 16.491449 2.771662 -3.380700 -0.296913 -9.223298 0.570003 9.836192 3.252771 -1.901129 2.214764 5.932672 3.201912 11.714283 7.115547 -0.985759 16.349410 6.191765 9.571106 -4.528334 13.821427 2.578742 24.644198 -14.385891 -25.864113 -12.423733 17.361450 -35.932730 -9.923678 -26.328591 -22.987823 -13.480664 13.403840 1.021129 2.828350 3.272274 -1.875874 13.949844 0.968670 6.620770 1.899499 -7.064959 -7.789578 5.038116 -14.631106 17.756783 -8.829486 -0.870949 -30.843838 2.985145 12.416039 -19.939332 9.734175 -29.166605 1.725588 -9.927625 28.026037 -7.400632 -0.732912 0.430682 5.933352 -1.513579 7.811596 29.001929 -2.302531 30.985884 -32.166771 -12.975559 31.625549 3.414730 6.299310 3.733731 -27.178438 -30.396959 17.474308 2.358558 5.087634 -5.878900 -14.174259 2.158564 18.517420 3.756403 5.122806 -1.336861 -5.863189 1.526267 -7.970060 -22.676887 -7.144085 0.700950 -7.577595 -46.289585 2.262250 -4.787053 7.106122 -7.987818 16.296585 -38.686707 -14.002097 17.277349 -13.164880 9.460684 -13.032183 -16.359764 10.513961 -3.343378 1.402685 -3.765545 
-42.096134 103.712601 2.009022 18.908409 50.162911 19.693073 3.561039 13.008554 -0.249073 -6.826111 3.087990 -17.008042 2.464016 20.532005 4.980526 -6.192950 9.797742 -0.691757 2.635159 14.360122 2.539227 0.317950 0.409468 8.723465 3.609798 16.504271 2.775276 -3.453326 -0.726367 -8.907315 0.571779 9.838869 3.249355 -1.457510 2.256773 5.717804 3.195374 11.714803 7.112662 -1.307786 16.356256 6.570624 9.577147 -4.536487 13.822042 3.202602 24.922664 -13.873110 -25.868732 -12.421347 17.371847 -36.452860 -9.887297 -26.833573 -22.989714 -13.486259 13.411323 0.799830 2.675392 3.000129 -1.875471 13.951074 0.961710 7.312835 2.110459 -7.082224 -7.797956 5.047892 -14.636770 18.806451 -8.898877 -1.088523 -30.853170 2.981322 12.418829 -19.357525 9.658092 -27.943216 1.726878 -9.923197 28.025570 -7.304600 -0.814729 0.461306 5.932607 -1.514167 7.815501 28.389693 -2.345885 30.243466 -32.167404 -12.977077 31.635424 4.535690 6.095268 4.553972 -27.187609 -30.397314 17.477091 1.816270 5.416296 -6.475606 -14.174551 2.159569 18.516745 3.762704 4.650697 -1.423319 -5.865521 1.526491 -7.964052 -23.037419 -6.697702 0.721461 -7.578318 -46.290077 2.266567 -3.454815 7.194009 -7.618359 16.310940 -38.700806 -14.004470 16.549133 -13.340360 9.081087 -13.038488 -16.359907 10.515532 -3.274846 1.594432 -3.422567 
-41.395275 103.286293 1.665450 18.184728 49.493733 19.244032 3.552732 13.008039 -0.247197 -6.228386 2.951388 -16.460435 2.461504 20.531757 4.977120 -5.811195 9.513364 -0.630801 2.636277 14.366109 2.532881 0.755790 0.346360 8.448046 3.605429 16.498077 2.773677 -3.114935 -1.228468 -8.586185 0.571563 9.837427 3.254032 -1.013278 2.063245 5.678941 3.195303 11.723442 7.116700 -1.149217 16.201284 6.714958 9.581157 -4.546964 13.821551 3.545606 24.925109 -13.707963 -25.871511 -12.414828 17.386242 -36.267915 -9.716633 -27.652740 -22.986567 -13.488224 13.416103 0.649633 2.723105 2.722596 -1.876367 13.946625 0.958992 8.049637 2.648091 -6.796403 -7.803405 5.047989 -14.647393 20.063513 -8.560178 -1.954218 -30.859982 2.979016 12.425935 -18.355123 9.787884 -26.507015 1.724391 -9.919430 28.029976 -7.121159 -0.738215 0.590642 5.930407 -1.514959 7.818482 27.721197 -1.801826 29.057756 -32.176903 -12.981003 31.638645 5.527036 5.964263 4.892409 -27.190157 -30.396431 17.477690 1.775705 5.596472 -6.222264 -14.185806 2.159489 18.513828 3.419519 4.585034 -1.611091 -5.868863 1.520619 -7.962780 -23.099729 -6.537604 0.841297 -7.576502 -46.288174 2.269341 -2.623259 7.165873 -7.308568 16.314255 -38.712288 -14.010457 16.065611 -13.387748 8.928615 -13.046666 -16.361788 10.513551 -3.102489 1.836584 -3.681840 
-40.588181 102.855469 1.315025 17.674723 48.985454 18.929603 3.553691 13.011831 -0.243744 -5.677811 2.216394 -15.759120 2.468359 20.532413 4.980366 -5.516730 9.326481 -0.989436 2.632549 14.369734 2.527121 1.329315 0.437543 8.280630 3.603561 16.506340 2.777294 -2.837126 -1.526791 -8.496398 0.568802 9.836412 3.251338 -0.839485 1.870142 5.122513 3.188382 11.720938 7.116962 -1.343935 15.908211 6.892090 9.586950 -4.549635 13.819018 4.519453 25.062821 -13.199283 -25.873442 -12.407272 17.397535 -36.566821 -9.590983 -27.188768 -22.983671 -13.485985 13.421322 0.303214 2.755599 2.726747 -1.873745 13.944919 0.956425 8.953477 2.868910 -6.680919 -7.811027 5.051604 -14.656720 20.818538 -8.157768 -2.176799 -30.857944 2.971438 12.425381 -17.599541 9.844672 -25.583718 1.720646 -9.913982 28.025131 -6.819973 -0.985235 0.450819 5.933540 -1.514553 7.818727 26.839095 -1.733562 28.305460 -32.174366 -12.978434 31.640955 6.523662 6.121242 5.799979 -27.190187 -30.390484 17.479321 0.914352 5.674470 -6.540210 -14.178752 2.157209 18.517481 3.650220 4.337394 -1.935120 -5.870251 1.516409 -7.959208 -23.310741 -6.429909 0.556619 -7.575621 -46.282810 2.274863 -0.982634 6.920179 -6.992444 16.328077 -38.724102 -14.013519 15.832980 -13.719307 8.507103 -13.045877 -16.362488 10.514103 -2.926704 1.729516 -3.417550 
-39.625244 102.426018 0.975134 17.185167 47.387197 18.855847 3.549919 13.017646 -0.243641 -5.545958 1.967678 -14.943491 2.472434 20.534687 4.978069 -5.378427 8.954974 -1.300313 2.630718 14.371111 2.527934 1.883515 0.513344 7.995463 3.602103 16.506100 2.783815 -3.026003 -1.723356 -8.242072 0.569812 9.838993 3.250961 -0.798235 1.440921 4.902525 3.185451 11.727496 7.112952 -1.364544 15.766158 7.114962 9.593446 -4.558128 13.821264 5.267550 24.975425 -12.505749 -25.874212 -12.402167 17.405884 -36.824774 -9.130477 -27.350224 -22.986536 -13.481563 13.424831 0.231581 2.672526 2.679377 -1.876144 13.945210 0.953257 9.654358 2.944423 -6.277127 -7.818256 5.055737 -14.661876 21.925962 -7.859441 -2.482509 -30.865107 2.968151 12.429884 -16.876591 9.273821 -24.590515 1.719095 -9.907713 28.019379 -6.399331 -0.775230 0.395862 5.935185 -1.511382 7.820883 26.457979 -1.860726 27.452035 -32.173981 -12.983065 31.638552 7.549570 5.964934 6.196285 -27.196053 -30.390139 17.481573 0.596728 5.452776 -6.695773 -14.175708 2.163851 18.517828 3.444423 4.515728 -1.819344 -5.878926 1.512663 -7.949552 -23.721143 -6.132933 0.607613 -7.581822 -46.282471 2.275048 0.571366 6.775274 -6.798816 16.334177 -38.734848 -14.013404 15.060746 -13.974961 8.100227 -13.051719 -16.366848 10.514546 -2.669737 1.813063 -3.182830 
-38.498444 102.049873 0.657983 17.118394 46.265430 19.243254 3.545856 13.019115 -0.239422 -5.117953 1.852363 -14.501113 2.472458 20.534021 4.979568 -5.083180 8.314085 -1.215242 2.635588 14.375010 2.528444 2.557005 0.556345 7.973104 3.595519 16.510872 2.785104 -2.604047 -2.064049 -7.859581 0.569661 9.840752 3.252373 -0.673248 1.266976 4.386957 3.173681 11.721107 7.114990 -1.313822 15.584916 7.348023 9.591027 -4.565166 13.825696 5.885279 24.792916 -11.852709 -25.878721 -12.389883 17.410372 -36.769603 -8.986881 -27.304941 -22.984898 -13.479709 13.422813 -0.082973 2.447124 2.480184 -1.882096 13.943200 0.952445 10.024624 3.247443 -6.424966 -7.823924 5.058695 -14.672525 22.363542 -7.804709 -2.376918 -30.868752 2.964975 12.432767 -15.867875 9.031617 -23.634814 1.716370 -9.900535 28.019377 -6.359229 -0.970662 0.232110 5.933454 -1.515270 7.822146 25.953001 -1.673790 26.701585 -32.181396 -12.983915 31.639420 8.563144 5.797544 6.692877 -27.196993 -30.385609 17.480875 0.399255 5.346803 -6.743715 -14.173323 2.160993 18.517239 3.319182 4.323091 -2.101151 -5.883031 1.514746 -7.946691 -23.751788 -5.486819 0.573532 -7.582294 -46.271240 2.278023 2.191784 6.730610 -6.629542 16.338881 -38.744038 -14.015265 14.235356 -14.540313 8.314225 -13.058739 -16.370588 10.511145 -2.333889 1.985247 -2.836393 
-37.263222 101.824265 0.396753 16.598130 45.157137 18.662213 3.539473 13.018858 -0.235235 -4.872825 1.371765 -13.891138 2.472491 20.530817 4.975619 -4.646449 7.984168 -1.348586 2.631640 14.380524 2.528868 2.849117 0.521355 7.269302 3.592120 16.512817 2.791845 -2.492647 -2.033459 -7.583129 0.568343 9.842935 3.249849 -0.594137 1.054043 4.265254 3.175264 11.721433 7.113960 -1.516380 15.531049 7.002104 9.595589 -4.570505 13.829419 6.396229 24.524296 -11.473593 -25.880960 -12.380013 17.414900 -36.930444 -9.104594 -27.374329 -22.982935 -13.482097 13.426271 -0.238377 2.165527 2.376230 -1.887100 13.939315 0.945448 10.039541 3.452717 -6.343754 -7.829676 5.058772 -14.672476 22.795248 -7.565380 -2.682845 -30.869722 2.962510 12.433056 -15.174326 8.621934 -22.830117 1.711889 -9.895839 28.017508 -6.066910 -0.900000 0.185709 5.937386 -1.515274 7.819988 25.786059 -1.534401 26.057163 -32.180222 -12.982615 31.641888 8.798182 5.768095 6.430148 -27.197086 -30.384447 17.486439 0.334009 4.520451 -6.541707 -14.176622 2.164046 18.523571 3.085898 4.140799 -2.486738 -5.885820 1.512883 -7.946985 -23.583122 -5.101234 0.051173 -7.582194 -46.264301 2.276077 3.626942 6.354601 -6.514429 16.340883 -38.753960 -14.017076 13.653067 -14.764333 8.063636 -13.061808 -16.373863 10.512418 -2.095951 1.993025 -2.339503 
-36.056438 101.836464 0.231948 15.743028 43.791847 17.868873 3.543434 13.024630 -0.229746 -5.260315 1.292755 -14.064910 2.473660 20.535873 4.973751 -4.633327 7.696945 -1.181474 2.638877 14.391669 2.528340 3.452186 0.537672 7.547041 3.593800 16.514120 2.799868 -2.347402 -1.905147 -7.494304 0.569774 9.842254 3.252760 -0.540392 1.140235 4.031987 3.168872 11.720247 7.115814 -1.136870 15.351986 7.126672 9.597665 -4.572936 13.835101 6.926342 24.153031 -10.784776 -25.886545 -12.372066 17.419674 -36.711457 -9.135845 -26.890861 -22.986780 -13.485688 13.434080 -0.525501 2.323353 2.465926 -1.886329 13.941393 0.949378 10.290205 3.744927 -6.420782 -7.835023 5.059084 -14.682910 22.276261 -7.700612 -2.798520 -30.870201 2.961870 12.432039 -14.812974 8.775345 -22.350672 1.706140 -9.885027 28.019690 -6.315796 -0.855629 -0.222932 5.941191 -1.513542 7.820267 25.675849 -1.315355 26.042284 -32.181908 -12.988840 31.644567 8.844908 5.525742 6.048354 -27.199947 -30.391693 17.484169 0.312881 3.869796 -6.208265 -14.176351 2.160224 18.521088 3.317805 4.129021 -2.584637 -5.886309 1.511220 -7.946442 -23.168623 -5.117559 0.226203 -7.587634 -46.253811 2.273717 4.061943 6.463261 -6.890074 16.341486 -38.757874 -14.020333 13.042146 -15.168264 8.426836 -13.065707 -16.379755 10.515957 -1.951728 2.311279 -2.694384 
-35.033360 102.127350 0.208658 15.492158 42.875495 17.339270 3.545623 13.021327 -0.226162 -5.393414 1.404870 -14.218964 2.479266 20.532385 4.972482 -4.443031 7.101108 -1.177282 2.636802 14.388412 2.536149 3.528781 0.653355 7.022502 3.591719 16.503456 2.804148 -2.215105 -1.568964 -7.466449 0.571148 9.843332 3.251979 -0.581308 1.277332 4.243463 3.163113 11.724222 7.118638 -1.401002 14.977201 6.664995 9.597361 -4.576297 13.832377 7.273356 23.631616 -10.816898 -25.886078 -12.373201 17.417284 -36.674967 -9.607656 -26.756906 -22.992722 -13.486461 13.432611 -0.528522 2.341239 2.513436 -1.895419 13.941758 0.947693 9.917276 3.371223 -6.489101 -7.834793 5.061107 -14.680171 21.717514 -7.697883 -2.732009 -30.868034 2.960985 12.432294 -14.733994 8.833634 -22.063562 1.701838 -9.883598 28.022240 -6.385369 -0.768142 0.079941 5.935395 -1.517059 7.817600 25.799322 -1.607967 26.510664 -32.179638 -12.990948 31.653910 7.962645 5.417300 5.300225 -27.199837 -30.396309 17.484880 0.957255 3.345876 -5.847235 -14.173645 2.168535 18.523830 3.233029 4.464102 -2.149810 -5.886614 1.511058 -7.954438 -22.389650 -4.518910 -0.346139 -7.583601 -46.253422 2.273343 3.656307 6.275150 -7.382946 16.331015 -38.758774 -14.014324 12.957361 -15.123765 8.463815 -13.074098 -16.384031 10.512524 -1.760503 2.325093 -2.350160 
-34.356010 102.687180 0.338468 15.515461 41.393214 17.175100 3.549115 13.025154 -0.222267 -5.977927 1.399819 -14.526480 2.481290 20.526222 4.968964 -4.809213 6.780248 -0.915287 2.634275 14.390982 2.541036 3.465683 0.848825 7.154269 3.591911 16.503931 2.802541 -2.113038 -1.275276 -7.202458 0.569389 9.838675 3.247969 -0.181785 1.253023 4.086182 3.163769 11.720990 7.126330 -1.373511 15.195463 6.605495 9.597530 -4.576171 13.837028 7.399632 23.022134 -10.348094 -25.890955 -12.369135 17.413765 -35.962442 -10.042693 -26.320971 -22.993233 -13.483838 13.428263 -0.536353 2.555322 2.799890 -1.898834 13.940115 0.949133 9.597289 2.925795 -6.814895 -7.834273 5.060689 -14.673364 20.511830 -8.277899 -2.123157 -30.865295 2.970275 12.424400 -14.515619 9.408196 -22.219319 1.698612 -9.886405 28.018969 -6.627875 -1.191220 -0.324542 5.941143 -1.513299 7.817070 26.621586 -1.757506 27.538773 -32.173805 -12.986587 31.652536 6.734540 5.128650 4.386806 -27.196493 -30.400255 17.486481 1.058510 2.850432 -5.411944 -14.169596 2.158155 18.527632 3.213850 4.722878 -2.182838 -5.878114 1.509755 -7.960238 -21.683885 -4.296081 -0.758772 -7.588074 -46.252083 2.270527 2.905417 6.062446 -8.039889 16.332901 -38.752972 -14.013554 13.192649 -15.383094 8.731607 -13.069868 -16.382975 10.512029 -1.580550 2.439244 -2.120352 
-34.043659 103.445854 0.623194 15.016309 40.692109 16.559305 3.556596 13.023664 -0.223298 -6.696700 1.722408 -15.002034 2.482116 20.522446 4.968700 -4.789336 6.811645 -0.552282 2.637021 14.390338 2.549112 3.092122 0.651303 7.229001 3.594271 16.501631 2.797390 -1.747306 -0.890356 -6.864473 0.571412 9.840878 3.250935 -0.665062 1.291688 4.451128 3.167252 11.717093 7.126855 -1.462652 15.643493 6.364145 9.594988 -4.572461 13.834473 7.342337 22.682816 -10.063642 -25.889891 -12.373680 17.403660 -35.602071 -10.719476 -26.842375 -22.994520 -13.490741 13.425577 -0.603474 2.530859 2.752083 -1.900213 13.942888 0.949414 8.740192 2.533626 -7.092774 -7.830983 5.053540 -14.668788 19.398019 -8.694189 -1.950258 -30.864477 2.975002 12.423470 -15.062145 9.907685 -22.491910 1.700612 -9.896030 28.019920 -6.936862 -0.779477 0.213632 5.939043 -1.516763 7.811924 27.443321 -2.258870 28.508552 -32.170540 -12.989744 31.653318 4.985229 4.950798 3.060164 -27.201471 -30.408228 17.485146 1.889050 2.309245 -4.876165 -14.168874 2.161877 18.532095 3.198568 5.175373 -1.727755 -5.872356 1.508601 -7.971884 -20.871834 -4.606470 -0.846628 -7.588048 -46.255493 2.267276 1.041004 5.968945 -8.472941 16.323145 -38.743023 -14.009512 13.822408 -14.944087 8.854428 -13.071740 -16.388363 10.510290 -1.701682 2.429339 -2.241966 
-34.028885 104.226028 0.996864 15.455608 39.724828 16.162048 3.562487 13.021157 -0.221044 -7.679837 1.812478 -15.748572 2.481133 20.521639 4.969571 -4.906647 6.730303 -0.522668 2.639643 14.385948 2.552867 2.728733 0.716998 7.501216 3.595540 16.495810 2.794553 -1.847120 -0.158556 -6.694317 0.569750 9.830799 3.254094 -0.601850 1.683148 4.824507 3.167985 11.708799 7.131865 -1.353999 15.820175 6.227726 9.591018 -4.566364 13.830132 7.410903 22.445139 -9.679397 -25.889994 -12.382460 17.400475 -35.176792 -11.596943 -26.485295 -22.987627 -13.492698 13.424581 -0.432787 2.638319 2.825564 -1.903044 13.940587 0.951763 7.988489 1.924998 -7.579250 -7.823064 5.049389 -14.661289 17.913945 -9.033426 -1.474626 -30.865751 2.980356 12.418103 -15.258450 10.841613 -22.820319 1.702969 -9.894569 28.020212 -7.479824 -0.694274 0.013686 5.939123 -1.516129 7.810345 28.283682 -2.968311 30.059567 -32.165821 -12.989184 31.651789 3.209473 4.833870 1.670133 -27.198467 -30.415464 17.476814 2.284683 2.197660 -4.478641 -14.167486 2.159536 18.528124 3.706898 5.396564 -1.461889 -5.863815 1.503326 -7.979202 -20.306304 -4.655819 -1.164963 -7.590638 -46.250095 2.268101 -1.548353 5.876877 -9.536459 16.318750 -38.732403 -14.006542 14.085182 -14.701569 9.502028 -13.069691 -16.390102 10.504520 -1.658933 2.344657 -2.433852 
-34.213413 104.917282 1.391813 15.298147 39.068313 15.444900 3.565968 13.019215 -0.227072 -8.149967 2.002728 -16.032679 2.482838 20.520149 4.963786 -5.130047 6.719569 -0.270558 2.648983 14.393693 2.562630 2.353015 0.876605 7.870122 3.598641 16.489212 2.788858 -1.484786 0.427572 -6.167723 0.567467 9.831254 3.250212 -0.703520 2.016981 4.696012 3.166547 11.705626 7.127426 -1.267395 16.435887 5.895463 9.591361 -4.563613 13.832966 7.154826 22.516789 -9.592539 -25.883448 -12.386431 17.389786 -35.229224 -12.016555 -26.962291 -22.993963 -13.497134 13.416544 -0.197966 2.571774 3.093431 -1.905207 13.942258 0.951986 7.374686 1.607905 -7.858452 -7.816637 5.045728 -14.657619 16.757678 -9.542962 -1.018169 -30.862280 2.991840 12.419379 -15.785049 11.390497 -23.340864 1.703881 -9.905755 28.022158 -7.784626 -0.491278 0.196389 5.938424 -1.517630 7.818080 28.942530 -3.567683 31.064892 -32.162437 -12.993618 31.648500 2.078254 4.418078 0.692631 -27.199039 -30.417458 17.477238 2.717670 1.823591 -4.284423 -14.164363 2.155107 18.527758 3.585331 5.718618 -1.441443 -5.854982 1.505165 -7.983602 -19.611329 -4.962909 -0.965870 -7.585943 -46.255806 2.263411 -3.204228 5.695023 -10.022713 16.307529 -38.723339 -13.999592 14.776472 -14.641166 9.558465 -13.073620 -16.388672 10.502235 -1.904159 2.388022 -2.583389 
-34.494312 105.433258 1.730747 16.141870 38.683514 15.404402 3.568942 13.016754 -0.225906 -8.695338 2.421832 -16.533885 2.484679 20.517078 4.963839 -5.333411 7.073980 -0.129015 2.655151 14.387213 2.562435 1.789722 1.013980 7.863135 3.604825 16.489073 2.785110 -1.851099 0.960730 -6.106871 0.564238 9.822867 3.250989 -0.876332 2.074605 5.295151 3.167359 11.701788 7.128808 -1.305308 16.230792 6.183798 9.589135 -4.556757 13.828697 6.971039 22.808809 -9.744913 -25.883650 -12.389662 17.384697 -35.453258 -12.617600 -26.556180 -22.990923 -13.498747 13.413910 -0.185775 2.466276 3.092053 -1.902671 13.937459 0.949426 6.901917 1.322239 -8.260499 -7.813880 5.042872 -14.648439 15.691275 -9.852891 -0.680708 -30.860140 2.995974 12.410568 -16.288579 11.796586 -23.944859 1.712430 -9.910271 28.024479 -8.143689 -0.356609 0.293430 5.938315 -1.517051 7.817891 29.632362 -4.231042 32.160810 -32.160191 -12.995344 31.644550 1.087806 4.383625 -0.125643 -27.195511 -30.417900 17.478256 2.893106 1.826312 -3.898524 -14.166369 2.155257 18.525738 3.777332 5.699090 -0.881526 -5.845873 1.508069 -7.988926 -19.186281 -5.163867 -1.459952 -7.588327 -46.258041 2.264850 -4.869213 5.505731 -10.389198 16.299480 -38.712185 -13.997265 15.344099 -14.375736 9.899503 -13.067974 -16.388880 10.495414 -2.068572 2.060518 -2.214675 
-34.736317 105.785576 1.985596 15.885753 38.298797 14.919633 3.572122 13.014977 -0.228668 -8.981008 2.357859 -16.994977 2.479501 20.520145 4.964812 -5.641114 7.213216 -0.121918 2.655281 14.388326 2.562961 1.598049 0.721072 7.979838 3.604728 16.485809 2.785603 -1.725015 1.386222 -5.993806 0.567501 9.823965 3.248680 -0.796735 2.121489 5.385095 3.172199 11.704752 7.134143 -1.225676 16.759162 5.951837 9.589580 -4.553409 13.828631 6.880443 22.842294 -9.770118 -25.879379 -12.395905 17.377794 -35.466857 -12.814200 -26.560364 -22.990562 -13.496953 13.414338 0.161164 2.711076 3.140147 -1.902655 13.939206 0.954502 6.555837 0.990704 -8.278754 -7.808018 5.041368 -14.648422 14.945089 -10.037772 -0.314082 -30.861786 2.999203 12.408536 -16.804014 11.863057 -24.619222 1.710882 -9.911134 28.021852 -8.325777 -0.223547 0.337677 5.942891 -1.520077 7.821666 30.097655 -4.664156 32.941046 -32.162254 -12.998204 31.641056 0.633411 4.280454 -0.559819 -27.195364 -30.426170 17.479006 2.940662 1.970137 -4.002761 -14.167818 2.148947 18.521620 3.720460 5.803411 -0.834051 -5.843805 1.505479 -7.992130 -18.869239 -5.612304 -1.623726 -7.589402 -46.262344 2.263087 -5.883116 5.194095 -10.859996 16.296059 -38.702999 -13.997092 15.450721 -14.090814 10.077849 -13.064567 -16.383780 10.499668 -2.035660 2.212811 -2.616843 
-34.832302 105.968811 2.112364 15.803145 37.874956 15.026256 3.578655 13.020570 -0.227586 -9.304232 2.094617 -17.255839 2.482179 20.520658 4.967722 -5.539640 7.383222 -0.133606 2.656259 14.386651 2.566654 1.376140 0.770755 8.002254 3.606648 16.486025 2.781836 -1.614657 1.699450 -5.910266 0.568285 9.821681 3.245917 -0.675107 2.169428 5.572657 3.169070 11.700679 7.134598 -1.317813 17.069401 6.241178 9.589608 -4.554916 13.825379 6.607966 22.917897 -9.769915 -25.877159 -12.392975 17.377771 -35.424711 -13.041402 -26.444937 -22.987019 -13.498833 13.413940 -0.070352 2.585848 3.004206 -1.897983 13.936853 0.953708 6.144962 0.865697 -8.282515 -7.810179 5.039226 -14.645495 14.784624 -10.002259 0.029984 -30.865585 2.996861 12.403508 -16.645786 12.192330 -24.401860 1.710691 -9.913790 28.020983 -8.478998 -0.355972 0.518434 5.942835 -1.520463 7.823730 30.314418 -4.611862 33.211160 -32.161102 -12.996910 31.639769 0.262954 4.023672 -0.672454 -27.194365 -30.425602 17.473167 3.084391 2.089027 -4.040386 -14.165748 2.145357 18.522202 4.010708 6.086149 -0.773644 -5.843425 1.507950 -7.996352 -18.958285 -5.769081 -1.829923 -7.589883 -46.262394 2.266135 -6.416699 5.388259 -10.778827 16.294483 -38.703773 -13.996378 15.389709 -13.874835 10.162722 -13.063149 -16.385326 10.496535 -2.298847 1.983111 -2.525150 
-34.666027 106.009132 2.113972 15.898264 37.993009 15.142067 3.577037 13.017146 -0.223618 -9.069357 2.290915 -17.126488 2.479532 20.518005 4.968069 -5.251437 7.273914 -0.109600 2.658001 14.389292 2.564817 1.366354 0.650941 8.168121 3.607211 16.481541 2.784529 -1.551868 1.521599 -6.070308 0.571039 9.823245 3.249847 -0.693227 2.215478 5.469637 3.167830 11.703491 7.134131 -1.314119 17.171393 6.086089 9.586215 -4.552920 13.822126 6.811935 22.978261 -9.609706 -25.876596 -12.390917 17.379757 -35.364892 -13.002244 -26.441889 -22.987127 -13.494740 13.409087 0.148950 2.591721 2.977794 -1.903352 13.941152 0.954145 6.122459 0.855609 -8.251298 -7.811351 5.038869 -14.647305 14.826956 -10.134312 -0.108618 -30.867249 2.997250 12.400005 -16.620640 12.271808 -24.305691 1.709833 -9.911581 28.021772 -8.467061 -0.461398 0.331874 5.942481 -1.518284 7.821616 30.183712 -4.690739 32.954816 -32.159382 -12.996780 31.639109 0.288575 4.106643 -0.623957 -27.194128 -30.420980 17.473717 3.089773 2.058385 -3.896402 -14.165560 2.146361 18.521200 4.028402 6.234892 -0.518949 -5.842927 1.503077 -7.994682 -18.759290 -5.703039 -1.569899 -7.587433 -46.260654 2.263307 -6.630929 5.170909 -10.964939 16.290642 -38.703438 -13.999207 15.488105 -14.155509 10.402291 -13.066394 -16.384092 10.500603 -2.255684 1.931607 -2.464625 
-34.164455 105.956413 2.001615 15.973251 37.376704 15.050477 3.572671 13.018477 -0.222717 -9.183897 2.302724 -16.990516 2.482305 20.519825 4.962998 -5.222380 6.975618 -0.012600 2.658053 14.388093 2.565831 1.336736 0.862136 7.679388 3.605341 16.480734 2.787701 -1.547942 1.586676 -5.772456 0.563994 9.826129 3.247666 -0.841608 2.193417 5.343096 3.173023 11.704736 7.129282 -1.337207 16.742974 5.952654 9.590656 -4.558815 13.824735 7.195441 22.691488 -9.224597 -25.876881 -12.386604 17.376827 -35.397858 -12.870438 -26.577043 -22.988880 -13.502547 13.412852 -0.157887 2.520851 3.013176 -1.901605 13.941369 0.955726 6.401101 0.841180 -8.232452 -7.814924 5.041710 -14.645112 14.914089 -9.907851 -0.467305 -30.862204 2.999243 12.408262 -16.492352 12.360121 -23.856249 1.709276 -9.909139 28.022692 -8.260205 -0.331994 0.261382 5.942263 -1.516553 7.819183 30.270729 -4.823684 32.860088 -32.159760 -13.002795 31.645855 0.112727 3.912019 -0.777937 -27.191660 -30.425249 17.473284 3.261076 1.380831 -3.935172 -14.164237 2.151536 18.523417 3.976271 6.091735 -0.747307 -5.841218 1.504902 -7.994708 -18.813640 -5.501942 -1.812740 -7.587942 -46.260239 2.263296 -5.922594 5.176530 -10.813436 16.290874 -38.709053 -13.993428 15.247004 -14.399541 10.117250 -13.065492 -16.387627 10.497453 -2.048611 2.058682 -2.436773 
-33.290451 105.825272 1.764161 15.911858 36.912009 15.158213 3.570152 13.021863 -0.221820 -9.000874 2.308334 -16.847321 2.482281 20.521963 4.961468 -4.985375 6.845319 -0.059430 2.661946 14.393962 2.563084 1.805422 0.840104 7.822329 3.599807 16.484596 2.788352 -1.474728 1.346794 -5.599250 0.568312 9.828411 3.249490 -0.507037 2.238381 5.085929 3.169162 11.705762 7.135264 -1.153662 16.557523 5.973987 9.592111 -4.561445 13.829453 7.767447 22.468741 -9.305039 -25.888128 -12.382168 17.385693 -34.854459 -13.139471 -27.029912 -22.990908 -13.499216 13.416080 -0.179427 2.506732 2.958787 -1.906268 13.942729 0.953689 6.551865 1.066111 -8.098154 -7.816244 5.041207 -14.656159 15.066098 -10.412359 -0.426066 -30.868374 2.999760 12.405952 -15.788404 12.298713 -23.118666 1.710970 -9.904193 28.026981 -7.966670 -0.113862 0.263590 5.941306 -1.521418 7.817868 29.826886 -4.685067 32.418472 -32.159832 -12.999066 31.644732 0.461613 3.810166 -0.920634 -27.201426 -30.423658 17.483654 3.019015 1.291276 -3.905967 -14.166821 2.150337 18.529663 3.749914 5.808918 -0.915845 -5.843029 1.504843 -7.989270 -18.486969 -5.147471 -1.743786 -7.593046 -46.262970 2.261107 -5.320096 4.894561 -10.878660 16.300631 -38.714481 -13.999314 14.667421 -14.811569 10.413122 -13.072315 -16.391682 10.501525 -1.622862 2.222217 -2.326286 
-32.063751 105.630661 1.457102 15.824901 36.132913 15.688108 3.567682 13.029708 -0.215003 -8.903275 2.067130 -16.567177 2.486139 20.521505 4.961891 -4.647921 5.976274 -0.030988 2.655745 14.388779 2.562337 1.882441 0.538819 7.087012 3.600320 16.488098 2.792379 -0.996309 1.108764 -5.596074 0.566249 9.834097 3.250529 -0.610890 2.042402 4.825350 3.167098 11.705786 7.141922 -1.722452 16.437532 5.955863 9.599129 -4.566259 13.826130 8.528807 21.846331 -8.440995 -25.889168 -12.373768 17.390141 -35.029438 -12.999663 -26.533038 -22.988214 -13.502978 13.416874 -0.413740 2.301748 2.629210 -1.908219 13.942708 0.953497 6.878237 0.833671 -7.993474 -7.820327 5.044394 -14.658710 15.714039 -10.038168 -0.299872 -30.873341 2.994842 12.411222 -14.648512 12.153127 -21.764258 1.708732 -9.901489 28.023504 -7.791852 -0.462747 0.342873 5.947608 -1.523947 7.817336 29.592126 -4.669829 31.847389 -32.162613 -13.001527 31.650469 0.283908 3.718967 -0.905525 -27.194908 -30.415882 17.482613 2.983967 0.960758 -3.829171 -14.168344 2.156946 18.533848 3.719833 6.065283 -1.014314 -5.848990 1.506466 -7.992778 -18.432360 -4.615547 -2.119047 -7.596138 -46.260529 2.263470 -4.477431 4.792900 -10.688945 16.304619 -38.726585 -14.000130 14.485773 -15.044004 10.169865 -13.069072 -16.396568 10.499250 -1.662951 2.271813 -1.989474 
-30.519453 105.408966 1.106223 15.506660 34.718654 16.088990 3.564612 13.037715 -0.206766 -8.914856 1.976852 -16.228383 2.485131 20.524010 4.952452 -4.318819 5.583876 -0.012812 2.653056 14.390812 2.564474 2.212807 0.475888 6.990003 3.591459 16.486698 2.803220 -0.932287 0.788810 -5.540187 0.567379 9.836866 3.251374 -0.104534 1.623234 4.203689 3.166855 11.707069 7.144799 -1.408936 16.501267 5.596745 9.592175 -4.576296 13.829363 9.219407 21.194647 -8.155979 -25.897491 -12.357508 17.397322 -34.570026 -13.209236 -26.351141 -22.985416 -13.494683 13.420221 -0.606251 2.415170 2.531929 -1.908292 13.947182 0.955675 7.011215 1.121105 -7.909256 -7.829741 5.042545 -14.663505 16.167392 -10.227213 -0.589328 -30.873753 2.993891 12.406693 -13.625156 12.186941 -20.524403 1.704152 -9.897022 28.023918 -7.443043 -0.562366 0.091753 5.950857 -1.519859 7.814461 29.425049 -4.274646 31.254147 -32.164673 -12.999727 31.647690 0.450144 3.485137 -1.058602 -27.187967 -30.419079 17.487440 2.921575 0.060107 -3.860623 -14.174031 2.153945 18.538504 3.578772 6.324135 -1.401952 -5.849380 1.509169 -7.987955 -17.877192 -4.129539 -2.393475 -7.606076 -46.264595 2.256857 -2.891657 4.673869 -10.432005 16.310347 -38.739071 -13.998610 13.729475 -15.562974 10.105837 -13.077772 -16.402905 10.503624 -1.136967 2.346742 -1.832794 
-28.755919 105.221687 0.771616 14.611574 33.037642 15.310308 3.558392 13.044478 -0.193221 -9.143435 2.097388 -16.325156 2.485132 20.527977 4.942052 -4.192836 4.777923 0.244398 2.650508 14.387336 2.558971 2.506308 0.385956 6.395828 3.588279 16.487843 2.807803 -0.756189 0.545975 -5.713174 0.571612 9.843303 3.250843 -0.249783 1.587366 3.696030 3.163050 11.709370 7.148123 -1.627341 16.101454 5.296293 9.600232 -4.590703 13.834062 10.305537 20.579587 -7.588077 -25.908962 -12.344213 17.405741 -34.492223 -13.163578 -26.276663 -22.985020 -13.498290 13.418591 -1.094636 2.682068 2.675085 -1.915424 13.946302 0.952295 7.398435 0.767007 -7.696816 -7.826749 5.041234 -14.668775 16.854655 -10.451684 -0.944021 -30.879141 2.997838 12.407166 -12.430307 11.722802 -19.009735 1.700318 -9.892553 28.026222 -7.010972 -0.625378 -0.114704 5.955828 -1.517959 7.813816 29.460966 -4.188137 30.155220 -32.164600 -13.002413 31.646933 0.419564 2.872458 -1.397177 -27.185873 -30.415718 17.492912 3.015695 -0.715414 -3.697820 -14.180483 2.160717 18.545195 3.334765 6.246391 -1.601276 -5.863820 1.513727 -7.977860 -17.546657 -3.655638 -2.816035 -7.610347 -46.263836 2.253461 -1.845512 4.497772 -10.130420 16.307989 -38.744705 -14.005574 13.132066 -15.914267 9.893685 -13.080536 -16.412334 10.507056 -0.916595 2.263962 -1.446801 
-26.944613 105.105698 0.500707 14.775233 31.452936 15.903727 3.556072 13.050912 -0.186842 -9.073793 2.123873 -16.517318 2.486030 20.528711 4.938863 -3.794083 4.260998 0.118797 2.646465 14.387525 2.559619 2.845530 0.142747 5.891478 3.585425 16.489468 2.815415 -0.618587 0.430992 -5.365751 0.573585 9.841085 3.249016 0.032174 1.392798 3.270788 3.160789 11.707121 7.150024 -1.661393 15.892694 5.362245 9.600869 -4.592380 13.835238 10.953954 19.977352 -7.151955 -25.911392 -12.332196 17.405687 -34.264416 -13.368851 -25.904049 -22.985092 -13.494767 13.423542 -1.443437 2.477982 2.313051 -1.918631 13.948948 0.952773 7.582977 0.545951 -7.721729 -7.829595 5.046025 -14.669578 17.172999 -10.546917 -0.830651 -30.879055 2.995179 12.407062 -11.373270 11.608275 -17.637712 1.695460 -9.890096 28.018801 -6.583093 -0.974977 -0.015866 5.958743 -1.520744 7.808959 29.497220 -4.290563 29.859760 -32.166153 -13.003757 31.649035 0.174342 2.631212 -1.896465 -27.178692 -30.419041 17.495350 3.077018 -1.516122 -3.689724 -14.180850 2.164621 18.543465 3.097685 6.366514 -1.867100 -5.865141 1.515868 -7.975074 -17.143771 -3.086151 -3.210409 -7.618599 -46.258884 2.246118 -0.907261 4.246831 -10.387475 16.307926 -38.746571 -14.006590 12.921942 -16.497967 9.633409 -13.081033 -16.418358 10.506837 -0.663559 2.242507 -1.250484 
-25.309263 105.111702 0.339461 13.960081 29.985797 15.867807 3.550702 13.053624 -0.177666 -9.323073 2.195944 -16.308130 2.486036 20.532444 4.933119 -3.524860 3.932379 0.248899 2.641291 14.379327 2.555860 2.588056 -0.022090 5.354772 3.581351 16.486042 2.817832 -0.683133 0.743682 -5.393497 0.573599 9.841119 3.249155 0.278256 0.965832 3.025855 3.163089 11.712112 7.153414 -1.737417 15.720637 4.937355 9.605141 -4.597823 13.831271 11.230038 19.366020 -6.714498 -25.919779 -12.323056 17.409916 -33.968634 -13.763297 -25.856009 -22.976328 -13.495533 13.423382 -1.806938 2.584417 2.022508 -1.918604 13.950425 0.949519 7.859094 0.189901 -7.489326 -7.830193 5.043716 -14.665751 17.561825 -10.611532 -0.984143 -30.882936 2.997306 12.407507 -10.076973 11.638504 -16.059134 1.699807 -9.885615 28.019121 -5.834492 -1.010973 -0.020998 5.963795 -1.517051 7.804374 29.727804 -4.304760 29.258304 -32.166874 -13.006580 31.643591 -0.193502 2.428781 -2.549787 -27.171495 -30.413326 17.495811 3.302605 -2.346056 -3.255722 -14.180346 2.167827 18.550806 2.853323 6.377247 -1.833125 -5.872980 1.514076 -7.967999 -16.910597 -2.693624 -3.509714 -7.624670 -46.262241 2.236831 -0.458587 3.849646 -10.447509 16.301676 -38.752773 -14.011292 12.127758 -16.535415 9.489283 -13.084140 -16.423441 10.506188 -0.325366 1.829206 -0.860420 
-24.098604 105.270508 0.308670 14.107884 28.600147 15.584700 3.544725 13.062953 -0.168917 -9.471980 2.276886 -16.635279 2.482124 20.532495 4.927911 -3.534672 3.083427 0.253522 2.643660 14.378792 2.558241 2.598056 -0.092332 5.265158 3.578188 16.483191 2.818298 -0.289922 1.024769 -5.038224 0.572833 9.839209 3.249967 0.298210 0.798000 2.677183 3.159409 11.715507 7.157678 -1.784271 16.176837 4.855361 9.607519 -4.603127 13.837512 11.936677 19.170743 -6.445923 -25.919897 -12.307971 17.415014 -33.863279 -14.017568 -25.825031 -22.975323 -13.494034 13.421593 -1.946891 2.325462 1.927801 -1.918960 13.946456 0.949163 7.711082 0.034975 -8.003879 -7.828690 5.045004 -14.670747 17.503062 -11.015937 -0.777000 -30.883749 3.005161 12.398667 -9.173863 11.605370 -14.818949 1.699015 -9.887692 28.022057 -5.878336 -1.208888 -0.100735 5.967536 -1.516920 7.812973 29.928366 -4.449881 29.337930 -32.164627 -13.010214 31.639736 -0.670920 1.979733 -3.114609 -27.169111 -30.412245 17.496765 3.122492 -2.728106 -3.381940 -14.186591 2.165236 18.547298 2.676133 6.454917 -1.977224 -5.871391 1.519563 -7.965572 -16.196390 -2.434506 -3.907823 -7.625982 -46.261047 2.234201 -0.493489 3.471826 -10.750632 16.298817 -38.753139 -14.017962 12.202153 -16.617661 9.737743 -13.084637 -16.426800 10.508640 -0.185722 2.078378 -0.739339 
-23.593321 105.555183 0.463180 14.292739 27.986424 15.706158 3.548963 13.064733 -0.166889 -9.907479 2.329671 -16.920764 2.486878 20.534124 4.925930 -3.384876 3.358724 0.302958 2.648742 14.376158 2.559342 2.589730 -0.268148 5.180020 3.578369 16.484007 2.816357 -0.102152 1.355879 -4.528564 0.571500 9.840511 3.252043 0.113103 0.736635 2.938739 3.160759 11.712420 7.158686 -2.192854 16.469956 4.934069 9.609056 -4.600116 13.835681 12.172489 18.928963 -6.170075 -25.922035 -12.305790 17.414753 -34.042141 -14.579488 -25.930379 -22.968319 -13.494870 13.421474 -2.015562 2.420285 1.765645 -1.920064 13.945390 0.946157 7.944247 -0.225549 -8.152329 -7.827817 5.039628 -14.666690 17.366381 -11.448263 -0.850718 -30.884508 3.007502 12.400460 -8.741337 11.925055 -14.350301 1.704418 -9.887792 28.018034 -5.836622 -1.018201 0.186556 5.970182 -1.517010 7.811390 30.218741 -4.910681 29.802086 -32.162685 -13.013092 31.631281 -1.508941 1.874737 -3.777739 -27.163834 -30.409845 17.497427 3.028442 -2.680942 -3.049661 -14.187079 2.165708 18.548496 2.653962 6.765776 -1.737225 -5.869321 1.514455 -7.967128 -15.885613 -2.622956 -4.322647 -7.631962 -46.259361 2.232844 -1.332931 3.300749 -10.681839 16.295691 -38.751110 -14.020153 12.461694 -16.473622 9.711804 -13.084804 -16.426804 10.508845 -0.198221 1.937525 -0.774938 
-24.023127 105.914902 0.837753 15.174008 27.873857 15.798907 3.552810 13.064253 -0.169369 -9.889211 2.409687 -17.341111 2.485612 20.528908 4.928004 -3.615525 3.615958 0.067763 2.652263 14.373629 2.564086 1.948680 -0.257365 5.416146 3.579378 16.479349 2.815407 -0.311811 1.799299 -4.380897 0.569182 9.836450 3.249244 0.195127 0.756235 3.093092 3.163898 11.710744 7.156139 -2.051992 16.727429 5.084214 9.609033 -4.592567 13.832520 12.406080 18.935409 -5.905843 -25.911018 -12.306924 17.411993 -33.959673 -14.734443 -25.875094 -22.967228 -13.496645 13.415317 -2.052407 1.935180 1.522488 -1.912689 13.947317 0.948397 7.654251 -0.623875 -8.276060 -7.829243 5.037310 -14.656432 16.808696 -11.876593 -0.786393 -30.878773 3.008885 12.394256 -9.162570 12.374577 -14.616654 1.710650 -9.888054 28.018114 -5.871591 -1.114468 0.012167 5.967153 -1.515925 7.809961 30.394714 -5.908608 30.445647 -32.159241 -13.014772 31.626392 -2.049777 1.646435 -3.970965 -27.159500 -30.408287 17.495424 3.098137 -2.670689 -3.147235 -14.184936 2.160686 18.542391 3.067469 6.927101 -1.618227 -5.858076 1.514742 -7.968697 -15.682145 -2.728892 -4.393222 -7.631088 -46.255623 2.235273 -2.261408 3.285161 -11.064630 16.292919 -38.745010 -14.015599 12.812506 -16.395618 9.857342 -13.078159 -16.425066 10.504036 -0.382930 2.071816 -0.658630 
-25.600647 106.314011 1.609759 16.623150 27.885033 16.195227 3.560767 13.055403 -0.177359 -10.231227 1.865577 -17.452464 2.486098 20.525614 4.934629 -3.741402 4.240701 -0.036593 2.659042 14.370169 2.568471 1.797929 -0.473319 5.643380 3.579787 16.477989 2.813952 -0.498295 2.365982 -3.680818 0.564086 9.837083 3.251108 -0.283710 0.798856 3.460121 3.168248 11.701948 7.161439 -1.986222 17.238226 5.053434 9.597824 -4.585410 13.832508 11.811254 19.060044 -5.621930 -25.905703 -12.323829 17.398233 -34.051181 -15.041977 -26.016732 -22.962597 -13.497748 13.415428 -1.197969 2.142470 2.031409 -1.909885 13.950130 0.950832 6.599876 -0.802447 -8.409982 -7.825665 5.025815 -14.654759 16.104152 -11.959427 -0.794850 -30.881069 3.012710 12.394191 -10.347926 12.905730 -16.136016 1.711073 -9.881969 28.014757 -6.235778 -0.583390 0.168895 5.964843 -1.519474 7.809877 30.485583 -6.505549 32.152207 -32.158295 -13.022034 31.623213 -2.595774 1.874771 -4.150072 -27.153435 -30.417263 17.490553 3.002051 -1.793638 -3.241066 -14.190882 2.152339 18.538881 3.288178 7.666095 -2.090928 -5.850035 1.512792 -7.975492 -15.398037 -3.457482 -4.473528 -7.629410 -46.253204 2.237659 -3.671932 3.070483 -11.412591 16.295429 -38.737671 -14.010288 13.237046 -16.182960 10.848168 -13.074176 -16.414671 10.500081 -0.402598 2.418533 -1.169890 
-28.274359 106.575432 3.176647 19.432503 27.821406 16.778254 3.577416 13.043994 -0.180177 -10.951573 2.304541 -18.874770 2.484684 20.515568 4.938495 -4.587618 5.553800 -0.345268 2.661064 14.349431 2.579072 0.984572 -0.642419 6.014265 3.587812 16.473585 2.810910 -1.765507 3.756878 -3.134346 0.570791 9.827256 3.237359 -2.056896 1.085386 3.691173 3.175547 11.691772 7.164133 -1.531437 17.380996 5.713619 9.594145 -4.553424 13.835744 11.120213 18.836588 -5.719822 -25.892048 -12.347879 17.372734 -34.291497 -14.654256 -25.553409 -22.963120 -13.497257 13.405512 -0.812146 1.907890 1.935151 -1.901186 13.947206 0.940985 5.012541 -2.674654 -9.016390 -7.815858 5.020180 -14.636970 15.081283 -12.675312 -0.962702 -30.875093 3.017550 12.388764 -13.275084 12.358270 -19.356073 1.719705 -9.878804 28.018169 -6.284573 0.186522 0.311714 5.962838 -1.525927 7.799431 30.790520 -8.139160 33.656358 -32.145882 -13.036044 31.607668 -2.923959 2.415807 -3.429831 -27.152000 -30.426615 17.488983 2.508654 -0.891390 -3.332745 -14.190700 2.146647 18.526461 3.678346 8.047308 -1.940836 -5.841784 1.509911 -7.971380 -15.663825 -4.170625 -4.720809 -7.627306 -46.245213 2.240935 -4.467085 3.569077 -11.905501 16.285761 -38.729240 -14.001290 13.327471 -15.096605 12.256207 -13.057836 -16.407251 10.493891 -0.778148 2.486397 -1.268373 
-31.660460 106.464981 6.184696 22.406864 27.341329 17.111555 3.590179 13.029138 -0.185137 -12.606433 3.065210 -20.259951 2.468213 20.514544 4.949287 -5.377989 7.150835 -0.314731 2.658446 14.313407 2.588831 -0.266201 -1.824717 6.048337 3.604967 16.453676 2.811445 -3.390470 5.764452 -2.658954 0.568470 9.817203 3.218933 -4.400804 0.561136 4.035248 3.179542 11.705098 7.172503 -0.398263 16.721247 5.693264 9.588792 -4.512251 13.841511 9.519992 19.143716 -5.622304 -25.854593 -12.373008 17.339642 -35.150735 -14.188377 -23.829915 -22.967861 -13.495019 13.394422 0.313135 2.301323 1.330460 -1.899639 13.949833 0.940825 2.923308 -5.348966 -9.380216 -7.800847 5.006562 -14.599615 13.224670 -15.380092 -1.027183 -30.848982 3.014754 12.396018 -16.708600 9.921747 -24.205941 1.736051 -9.876439 28.023010 -6.417692 0.210021 0.220102 5.943525 -1.529652 7.777555 31.221164 -10.048333 35.101251 -32.150158 -13.048410 31.590904 -3.115151 1.918280 -2.468484 -27.140026 -30.441288 17.473322 2.934112 0.027656 -2.878175 -14.196974 2.148834 18.500107 3.412094 9.184356 -2.573385 -5.835454 1.516137 -7.970979 -16.631208 -5.338653 -6.367254 -7.625255 -46.231434 2.234301 -4.154841 3.709742 -12.541919 16.242657 -38.699001 -14.011217 13.570210 -13.964817 13.271459 -13.023721 -16.394976 10.479039 -1.403905 1.822216 -1.441007 
-34.993561 105.767212 10.495457 23.945229 29.723699 17.678020 3.593049 13.006701 -0.185032 -14.233972 3.364546 -22.190048 2.459266 20.528023 4.963454 -6.335748 8.426094 -0.103305 2.640301 14.296063 2.585449 -1.299505 -3.722520 6.146481 3.622595 16.443068 2.801318 -4.810277 6.045035 -2.774510 0.576729 9.822611 3.214077 -6.077717 -0.346121 5.119611 3.184289 11.730730 7.166909 -0.791283 17.016901 5.417164 9.578631 -4.476433 13.853580 8.606853 20.342701 -5.016838 -25.834333 -12.375195 17.299070 -35.465549 -13.166388 -21.934429 -22.980309 -13.475718 13.391885 1.514466 3.229024 1.612295 -1.909056 13.945722 0.937933 3.241896 -9.204783 -11.509023 -7.776803 5.019638 -14.563420 11.436913 -22.414886 -1.378451 -30.827517 3.018244 12.394300 -19.219596 4.266839 -30.089446 1.751730 -9.881348 28.024548 -5.330783 0.325129 0.439795 5.943807 -1.523033 7.765224 31.354629 -11.625200 36.353019 -32.143959 -13.036069 31.562347 -1.509695 0.260801 0.384949 -27.131836 -30.456745 17.474840 1.240875 -0.349368 -3.430877 -14.195928 2.163112 18.477324 2.425184 9.600523 -2.372581 -5.857103 1.525976 -7.946118 -17.576974 -5.880161 -9.356815 -7.623865 -46.232742 2.220265 -1.620252 4.178438 -13.206639 16.203646 -38.655407 -14.007276 13.540225 -12.968926 13.398628 -12.994741 -16.363829 10.477294 -2.482743 1.486112 -2.258444 
-37.485882 104.682587 14.787956 25.950499 39.984378 20.260102 3.575883 12.993979 -0.181201 -14.919515 2.982294 -22.630286 2.466139 20.528822 4.985309 -5.383751 8.654808 0.285981 2.632473 14.331787 2.564461 -1.756369 -4.900792 7.156875 3.598750 16.452442 2.793848 -4.443411 3.139490 -3.686001 0.579543 9.851337 3.253090 -4.668789 -0.761402 6.733326 3.179281 11.745729 7.113777 -2.042194 19.473651 5.122057 9.565328 -4.469654 13.842600 11.186494 23.110246 -2.809104 -25.833435 -12.375538 17.288895 -36.360953 -13.714852 -21.443855 -22.976404 -13.440888 13.429255 3.435979 4.107491 0.897683 -1.919021 13.930307 0.939263 6.731116 -10.075889 -15.773374 -7.771767 5.044714 -14.578428 13.116344 -32.412188 -5.028678 -30.806150 3.020989 12.374665 -20.062397 -0.785750 -32.390092 1.744554 -9.874310 27.999338 -3.957139 0.603215 0.511839 5.974695 -1.513605 7.782864 31.477770 -13.132878 37.325645 -32.136593 -13.011374 31.547434 1.839462 -1.368142 4.745008 -27.149132 -30.452047 17.507845 -0.485029 -2.972789 -5.858260 -14.186131 2.167700 18.484291 2.624366 7.683141 -0.825832 -5.872850 1.524275 -7.926851 -17.429149 -4.833257 -10.847768 -7.628542 -46.247833 2.223181 0.390397 4.664597 -12.428932 16.201857 -38.622612 -13.992978 13.066009 -15.065512 13.381202 -13.000051 -16.341421 10.460041 -3.369216 0.806728 -3.253059 
-38.695415 103.742912 17.886717 27.008446 48.569141 22.312944 3.547768 12.997730 -0.178034 -14.488967 2.982588 -21.036371 2.470509 20.528898 5.009265 -3.376069 8.123879 0.187942 2.631656 14.364179 2.533056 -1.513355 -5.120612 7.140663 3.582338 16.477690 2.790580 -3.635016 0.198167 -4.725942 0.573969 9.871926 3.294575 -3.643267 -0.700374 7.048112 3.161386 11.754696 7.067158 -2.159447 22.143200 5.581108 9.571253 -4.474732 13.827055 14.869569 25.083800 0.863630 -25.842606 -12.383929 17.301731 -38.667507 -14.566092 -22.142307 -22.976654 -13.430371 13.453366 4.694231 4.265384 -0.422164 -1.936438 13.913255 0.938986 9.988390 -9.035016 -19.349885 -7.778316 5.069441 -14.620823 18.344519 -40.192986 -11.790488 -30.798336 3.012810 12.369080 -19.136080 -4.302605 -30.884295 1.732661 -9.848658 27.991898 -3.049734 1.377562 0.526761 5.999242 -1.517955 7.801662 30.902832 -14.447962 37.308085 -32.150711 -13.008121 31.548510 4.722075 -3.023778 7.548029 -27.175161 -30.436644 17.533386 -1.103720 -4.477443 -6.846810 -14.178886 2.172753 18.508757 3.765396 5.617920 -0.122305 -5.882506 1.498617 -7.934858 -17.413448 -3.912588 -10.950563 -7.609211 -46.263775 2.238214 0.983798 4.027074 -11.885684 16.221107 -38.622002 -13.997910 13.250893 -17.432236 13.266960 -13.034572 -16.332621 10.437342 -3.913605 0.269729 -3.412856 
-38.949795 103.107643 19.790655 25.794751 51.473214 22.186413 3.536140 13.001844 -0.173861 -14.099785 2.790169 -20.401586 2.467397 20.540466 5.025555 -2.306913 7.789838 -0.105735 2.628655 14.380410 2.511102 -1.457942 -5.172182 6.675526 3.576234 16.491529 2.786250 -3.597801 -1.784852 -5.622057 0.576090 9.876681 3.315664 -3.275175 -0.378185 7.011978 3.155949 11.758873 7.041975 -1.930626 23.821716 5.579681 9.570600 -4.491537 13.818440 16.773423 25.751761 3.525968 -25.853680 -12.382081 17.312532 -40.251247 -15.223144 -23.126522 -22.985504 -13.432631 13.463243 4.588045 4.623053 -1.612597 -1.943036 13.905297 0.930387 12.391200 -8.160136 -21.059474 -7.784438 5.078169 -14.649865 25.115396 -44.902715 -18.830814 -30.799255 3.003457 12.369808 -17.748453 -6.637197 -28.731208 1.716159 -9.822247 27.995628 -2.400117 2.237175 1.036441 6.016873 -1.518555 7.802523 30.161589 -14.994178 36.787607 -32.164539 -13.010991 31.549889 6.235251 -4.523411 9.531066 -27.192642 -30.431797 17.547180 -0.868791 -5.361228 -7.311113 -14.169038 2.173520 18.527328 4.600579 4.398309 0.158611 -5.900591 1.476093 -7.936762 -17.613268 -3.392023 -10.725379 -7.589422 -46.270016 2.251138 1.602028 3.770108 -11.732410 16.229729 -38.636440 -14.008475 12.705489 -19.084004 13.475448 -13.068387 -16.325399 10.433092 -3.839984 -0.175180 -3.216712 
-38.852539 102.735146 20.871603 25.743444 52.616779 22.262189 3.528448 13.005804 -0.174784 -13.767716 2.659391 -19.932403 2.463574 20.548405 5.031667 -1.180709 7.431135 -0.028176 2.629528 14.391381 2.505438 -1.013365 -5.171863 6.250841 3.561063 16.495338 2.782699 -3.373284 -2.454315 -5.546309 0.581154 9.883220 3.324984 -3.330620 -0.325111 7.033748 3.154138 11.752985 7.029274 -1.806965 24.545543 5.841728 9.564463 -4.501292 13.811476 17.873038 26.042328 4.664504 -25.855450 -12.379577 17.313395 -41.093239 -15.795490 -24.253245 -22.984859 -13.439220 13.467965 4.539830 4.662095 -2.467915 -1.948187 13.899548 0.928270 13.375567 -7.618581 -22.016474 -7.794429 5.085530 -14.671139 29.372272 -46.979752 -22.833988 -30.794888 2.999988 12.368829 -16.480205 -8.648286 -27.227827 1.702206 -9.814309 27.999601 -2.154970 2.613507 1.520711 6.024479 -1.527362 7.800337 30.075751 -14.667620 36.385039 -32.178288 -13.012832 31.553261 6.955577 -5.666194 10.232887 -27.203415 -30.435461 17.553158 -0.653924 -5.251102 -7.885648 -14.167145 2.170052 18.543514 4.922543 3.565482 0.339857 -5.902522 1.467216 -7.946841 -17.608649 -2.928023 -11.197747 -7.575007 -46.266796 2.260928 2.201142 3.475401 -11.594950 16.236879 -38.648731 -14.017183 12.356847 -19.912807 13.904360 -13.091665 -16.319807 10.433791 -3.999209 -0.097547 -3.154009 
-38.780807 102.543800 21.388002 25.662853 52.788545 22.390308 3.527601 13.003335 -0.175311 -13.763113 2.640240 -19.611129 2.464538 20.549448 5.036899 -1.068216 7.040326 -0.112745 2.624036 14.392397 2.501833 -0.746940 -5.509878 5.738467 3.561955 16.501352 2.784302 -3.252112 -3.015515 -5.703888 0.580275 9.886152 3.333190 -3.181468 -0.302540 6.938342 3.156026 11.751965 7.026336 -1.967565 25.199235 5.840659 9.561966 -4.509798 13.808422 18.108889 25.986660 5.133740 -25.858446 -12.376779 17.316467 -41.415982 -15.859129 -23.897560 -22.987350 -13.435343 13.468282 4.578348 4.823554 -2.577143 -1.946441 13.896149 0.929860 13.762564 -7.549417 -22.072887 -7.800431 5.082379 -14.674311 31.896977 -48.069447 -25.052702 -30.795219 2.998610 12.363431 -15.382450 -9.762176 -26.287282 1.698540 -9.803882 27.997581 -1.987439 2.635412 1.461973 6.033534 -1.527701 7.796762 30.143466 -14.508333 36.065202 -32.182678 -13.010139 31.551161 7.611981 -6.227651 11.199018 -27.206038 -30.437496 17.556795 -0.791183 -5.407222 -7.758852 -14.166224 2.170253 18.548292 5.023449 3.184075 0.638437 -5.908280 1.460831 -7.946575 -17.689947 -2.874239 -11.054607 -7.569802 -46.265888 2.262144 2.841544 3.245021 -11.621773 16.240324 -38.652027 -14.025214 11.945189 -20.429209 14.130165 -13.096032 -16.320545 10.434479 -3.706284 -0.155096 -3.229489 
-38.910568 102.487099 21.518709 25.530002 53.146515 22.799839 3.528405 13.004409 -0.177144 -13.555716 2.720589 -19.277056 2.465406 20.557108 5.036944 -1.211397 7.081799 -0.048577 2.627222 14.395769 2.503467 -0.950417 -5.413742 5.853478 3.568971 16.501028 2.780996 -3.371433 -2.994004 -5.846671 0.580691 9.889594 3.331831 -3.062370 -0.408016 7.122762 3.150968 11.755368 7.022824 -1.794871 25.036052 5.921673 9.564233 -4.509843 13.813120 18.030393 26.286268 5.062003 -25.862572 -12.378935 17.320408 -41.447026 -15.672974 -24.654399 -22.990379 -13.435155 13.469660 4.608084 4.923414 -2.795584 -1.948976 13.897830 0.928974 14.052554 -7.404517 -22.115724 -7.801570 5.083709 -14.675869 32.297454 -48.302989 -25.473723 -30.793467 2.996940 12.372232 -15.529212 -9.991059 -26.240000 1.696933 -9.802949 28.003080 -1.800353 2.747825 1.533293 6.026239 -1.526001 7.797511 30.062535 -14.479434 36.150354 -32.183361 -13.009430 31.552826 7.777470 -6.371805 11.174254 -27.207100 -30.433659 17.557232 -0.830244 -5.502978 -7.882937 -14.159701 2.172931 18.552961 4.741753 3.456426 0.644475 -5.911647 1.455505 -7.944816 -17.688213 -2.776872 -11.022552 -7.565861 -46.270195 2.264633 2.922075 3.170779 -11.739800 16.240517 -38.650616 -14.025560 11.943895 -20.597289 14.055436 -13.101591 -16.318157 10.437779 -3.876069 -0.205340 -3.247223 
-39.310043 102.524590 21.343672 26.421750 53.875275 23.010605 3.526504 13.001567 -0.176182 -13.607181 2.729889 -19.563636 2.463488 20.551044 5.039388 -1.119528 7.353964 -0.064721 2.623703 14.389731 2.501415 -0.919829 -5.202521 5.863263 3.565135 16.500957 2.783870 -3.385939 -2.691549 -6.041505 0.581523 9.888239 3.329295 -3.281400 -0.388658 6.948231 3.155095 11.757690 7.026767 -1.565693 24.883276 6.179110 9.564294 -4.504024 13.810977 17.942499 26.020591 4.812162 -25.860334 -12.385153 17.317505 -41.318697 -15.514882 -24.135870 -22.988308 -13.430878 13.466986 4.555601 5.040858 -2.612030 -1.952184 13.898349 0.932629 13.644251 -7.584858 -21.990315 -7.801155 5.089327 -14.678403 30.540849 -47.656846 -23.931740 -30.790499 2.995671 12.365060 -16.014555 -9.784815 -26.995170 1.698455 -9.805533 27.998690 -1.899705 2.543116 1.447054 6.033010 -1.529369 7.799057 30.035347 -14.474125 36.064294 -32.180206 -13.012373 31.552435 7.779936 -5.922539 11.062109 -27.206509 -30.434454 17.557684 -0.973388 -5.150083 -7.526804 -14.161492 2.171044 18.551704 4.988097 3.207748 0.706754 -5.906580 1.457986 -7.948771 -17.793258 -2.772342 -10.833813 -7.567308 -46.269234 2.264267 2.691604 3.178213 -11.712834 16.241383 -38.650162 -14.023519 12.165568 -20.456647 14.013086 -13.096828 -16.318380 10.436482 -3.760108 -0.157380 -3.128743 
-39.959587 102.666656 20.913593 26.175856 54.107037 22.784975 3.530051 13.000146 -0.175458 -14.040962 2.926182 -19.639050 2.464901 20.550058 5.035554 -1.254929 7.521600 -0.098906 2.624482 14.390694 2.500483 -1.070579 -5.384891 5.720051 3.566788 16.500381 2.787030 -3.570801 -2.717707 -6.299659 0.577547 9.889331 3.327007 -3.169937 -0.473368 7.374409 3.158274 11.756687 7.027575 -1.361268 24.425508 5.854274 9.560219 -4.501278 13.814443 17.408224 25.884518 4.149646 -25.863001 -12.392324 17.315855 -40.743304 -15.500915 -23.827795 -22.993422 -13.434533 13.468601 4.666420 5.222475 -2.189416 -1.949141 13.904839 0.933100 13.105600 -7.389016 -21.838406 -7.798285 5.086299 -14.671571 28.338861 -46.521846 -21.939729 -30.788565 2.993272 12.368304 -17.643792 -9.134053 -28.405797 1.704198 -9.807298 28.001421 -1.895716 2.766591 1.353369 6.028587 -1.525706 7.795939 30.177302 -14.445539 36.367923 -32.177120 -13.012050 31.555769 7.204449 -5.534649 10.791996 -27.206020 -30.441673 17.559649 -0.661402 -4.898186 -7.581512 -14.169529 2.172964 18.548048 4.785993 3.457028 0.534648 -5.904269 1.460189 -7.954714 -17.826507 -3.134669 -10.982438 -7.570770 -46.279530 2.259798 2.528119 3.241709 -11.571905 16.237762 -38.644371 -14.018724 12.691178 -20.232909 13.693957 -13.091640 -16.325630 10.439196 -3.656933 -0.407253 -3.325179 
-40.810516 102.920555 20.255560 26.065090 54.567805 22.322535 3.532101 12.999244 -0.175978 -14.279514 3.170877 -19.852612 2.467499 20.544733 5.031413 -1.766994 7.801665 0.030364 2.626001 14.387541 2.503535 -1.240495 -5.435108 5.857798 3.570878 16.497219 2.784298 -3.781339 -2.534328 -6.286226 0.573542 9.888827 3.325188 -3.279742 -0.577833 7.588283 3.160449 11.755561 7.030890 -1.726851 24.182833 5.354335 9.557931 -4.487867 13.820828 16.420584 25.668020 3.280361 -25.869074 -12.401207 17.315578 -39.458382 -15.270522 -23.631283 -22.993647 -13.432185 13.463263 4.835481 5.114505 -1.853425 -1.949018 13.906100 0.932466 12.358178 -7.686587 -21.635488 -7.789988 5.082216 -14.665342 25.381738 -45.424306 -19.112819 -30.794693 3.001281 12.368508 -18.361495 -8.580665 -30.389257 1.708973 -9.819921 28.000566 -1.828842 2.759150 1.295604 6.026709 -1.517332 7.799620 30.571869 -14.203234 36.711673 -32.172588 -13.007001 31.548773 6.687237 -4.279751 10.071540 -27.211075 -30.437347 17.558699 -0.586611 -4.769569 -7.220086 -14.172812 2.172266 18.543398 4.217871 3.963398 0.732620 -5.900970 1.465503 -7.957787 -17.770487 -3.330399 -10.823835 -7.577878 -46.282425 2.248581 2.040452 3.526080 -11.413358 16.231627 -38.640034 -14.014665 13.146503 -19.544936 13.707488 -13.088568 -16.329706 10.441144 -3.978268 -0.537065 -3.217634 
-41.788982 103.332878 19.357309 26.221084 55.304110 22.324856 3.534621 12.995234 -0.172251 -14.977160 3.485726 -20.589481 2.469714 20.539791 5.021600 -2.434616 8.693471 0.255633 2.625014 14.382606 2.515374 -1.577922 -5.438942 6.288077 3.576114 16.490286 2.788815 -3.873320 -1.769365 -6.616169 0.573957 9.886943 3.317729 -3.335731 -0.457992 7.779397 3.167253 11.762853 7.040370 -1.205113 23.412314 4.995583 9.554368 -4.474898 13.826489 15.089648 25.501449 1.103325 -25.876328 -12.413746 17.308187 -38.041705 -14.997697 -23.060916 -22.995682 -13.432165 13.459387 4.654768 5.278416 -1.236154 -1.949673 13.908093 0.936141 10.966600 -7.962804 -20.976341 -7.778641 5.080103 -14.656568 20.067178 -42.727618 -14.293234 -30.786888 3.004678 12.366670 -20.582194 -7.784087 -32.806935 1.723216 -9.835527 28.009607 -2.102636 2.661249 1.194210 6.027144 -1.514303 7.808445 31.220586 -14.070774 37.301722 -32.162846 -13.005520 31.550438 5.840832 -3.228301 9.054591 -27.205109 -30.443865 17.567019 -0.425465 -4.634458 -6.705833 -14.187853 2.171762 18.540533 3.577748 4.279358 0.709196 -5.890303 1.478061 -7.968547 -17.564678 -3.652685 -11.096505 -7.586413 -46.297966 2.234672 1.493469 3.760510 -11.251945 16.222549 -38.630661 -13.999252 14.216367 -18.637594 13.053713 -13.078714 -16.337740 10.442494 -4.271174 -0.576299 -3.463073 
-42.747688 103.877075 18.132463 25.740847 54.831119 21.741602 3.541491 12.995552 -0.176539 -15.462411 3.371550 -20.775545 2.472081 20.531019 5.010331 -3.527331 9.517871 0.279156 2.627458 14.371477 2.522198 -2.038252 -5.065502 6.370834 3.590612 16.482986 2.791709 -4.397795 -0.748751 -6.469225 0.572198 9.885681 3.303174 -3.799666 -0.286718 8.218336 3.170095 11.769510 7.053987 -1.644786 22.693485 4.304918 9.558878 -4.459172 13.841669 13.196877 25.297610 -0.678579 -25.877790 -12.421072 17.304022 -36.758374 -14.049107 -22.771718 -23.001860 -13.435308 13.449621 4.638492 5.345504 -0.222685 -1.946598 13.914324 0.939491 9.415050 -8.443156 -20.163026 -7.766214 5.073989 -14.635900 15.335296 -39.739232 -9.901884 -30.790001 3.007615 12.367744 -22.328565 -7.172627 -35.494854 1.731279 -9.849088 28.006136 -2.373975 2.581748 1.094738 6.020720 -1.498049 7.806126 31.774802 -14.202559 37.927351 -32.150749 -13.003053 31.545223 4.754767 -1.771812 7.616567 -27.197851 -30.444771 17.562725 -0.262181 -4.299053 -6.163321 -14.191197 2.172553 18.528032 2.575510 5.422544 0.656277 -5.882390 1.492682 -7.966377 -17.738706 -4.280590 -10.911789 -7.593634 -46.305687 2.215930 0.515325 4.168559 -11.367681 16.208044 -38.613827 -13.990921 15.335096 -17.110367 12.256119 -13.060395 -16.339800 10.451272 -4.416066 -0.572164 -3.614176 
-43.480007 104.546890 16.431244 26.060167 53.508767 21.011863 3.547699 12.984952 -0.180812 -15.923184 3.054889 -21.647395 2.470916 20.524847 4.996855 -5.221073 10.715134 0.499281 2.637033 14.356046 2.542196 -2.283203 -4.780160 7.079027 3.597086 16.467583 2.796763 -4.921640 0.775740 -6.481073 0.573894 9.885532 3.283835 -4.371293 0.077170 8.484912 3.178249 11.769905 7.066089 -1.573742 21.692104 3.397224 9.553761 -4.445415 13.851365 10.929489 24.758768 -3.488736 -25.876362 -12.431318 17.285097 -34.972215 -13.255032 -22.009851 -23.009457 -13.435319 13.436335 4.909579 5.216244 0.862122 -1.943795 13.918898 0.946419 7.378711 -8.826687 -18.507395 -7.747367 5.062403 -14.613689 10.152322 -34.534116 -4.822081 -30.785810 3.019453 12.369881 -24.450566 -6.232445 -38.551418 1.743298 -9.871597 28.010307 -2.892453 2.485858 0.795059 6.016206 -1.488336 7.807965 32.569204 -13.285738 38.562374 -32.139221 -12.999333 31.541096 3.356763 -0.100835 5.806671 -27.188622 -30.452717 17.556702 0.119245 -4.225224 -5.558134 -14.198876 2.168468 18.517008 1.340785 6.485163 0.472180 -5.873849 1.518270 -7.967706 -17.565621 -5.241023 -10.978907 -7.608976 -46.303410 2.197983 -0.689939 4.669323 -11.679568 16.189894 -38.593086 -13.975350 16.147257 -15.884698 11.887153 -13.043581 -16.345812 10.465805 -4.553286 -0.089227 -3.946238 
-43.644112 105.304443 14.102696 25.703651 48.936977 19.685483 3.565122 12.977863 -0.178494 -16.180990 3.355263 -22.278962 2.462837 20.514044 4.983670 -6.683695 11.303300 0.761195 2.643398 14.326507 2.564507 -2.884730 -4.237952 6.824441 3.607194 16.451494 2.797123 -5.613412 3.100867 -5.700195 0.578645 9.873652 3.256268 -5.830328 0.155673 8.687158 3.186434 11.759979 7.085997 -1.894495 20.620915 3.048594 9.550343 -4.441003 13.866364 7.556136 23.515300 -7.066607 -25.872105 -12.441020 17.266560 -33.898686 -12.029537 -21.548499 -23.018635 -13.441722 13.411724 4.259414 4.414268 1.779482 -1.934677 13.933628 0.949545 3.973612 -9.429434 -16.123105 -7.734330 5.048007 -14.591084 7.078937 -27.894042 -1.013891 -30.791573 3.026122 12.376514 -25.551362 -4.475820 -40.721441 1.752581 -9.893017 28.021877 -3.527750 2.396493 0.831982 6.000467 -1.476409 7.799230 33.222402 -12.109759 38.537348 -32.132587 -13.004632 31.544428 1.174184 1.539719 3.700150 -27.180271 -30.465820 17.536869 0.938632 -3.318499 -4.936572 -14.197461 2.164033 18.499886 0.244590 8.065423 0.552352 -5.859730 1.536439 -7.962855 -17.639170 -6.188627 -10.382144 -7.607496 -46.295872 2.179640 -1.858563 5.060495 -12.169247 16.168701 -38.580723 -13.973158 16.647203 -14.342024 11.971898 -13.025866 -16.357824 10.485745 -4.226453 0.515654 -3.832323 
-42.914402 106.024048 11.204455 23.264980 42.074730 17.171731 3.590359 12.976051 -0.185618 -16.167468 3.656237 -22.940754 2.449736 20.520264 4.973608 -8.089872 11.039891 0.450327 2.646004 14.304655 2.590429 -3.135184 -3.578809 7.116783 3.620842 16.442083 2.801681 -6.237289 4.911181 -5.536496 0.585387 9.851162 3.229967 -7.000824 0.721542 7.981779 3.198343 11.747247 7.120298 -1.323826 18.838874 2.890861 9.546033 -4.450635 13.882420 4.273570 22.095167 -9.553170 -25.864622 -12.444913 17.262594 -33.722884 -11.166473 -21.037312 -23.023867 -13.461356 13.386171 3.229409 4.058098 2.489804 -1.923274 13.955286 0.952418 1.094838 -8.846794 -12.702218 -7.735485 5.029126 -14.566052 6.557015 -21.452629 1.073724 -30.805763 3.026657 12.396602 -26.136634 -1.467625 -40.770953 1.754582 -9.897285 28.035631 -5.149488 2.065999 0.800353 5.975455 -1.477347 7.787742 33.127346 -11.259563 37.993286 -32.133862 -13.012177 31.552557 -1.018451 2.300898 1.886736 -27.166862 -30.473011 17.511992 2.212942 -1.349289 -3.964593 -14.189963 2.158968 18.485262 0.298381 9.314577 -0.189825 -5.856770 1.548448 -7.970016 -18.301202 -7.283387 -8.502582 -7.609821 -46.283669 2.179590 -3.216725 5.564688 -12.661403 16.161440 -38.591095 -13.985281 16.607364 -13.035407 12.200389 -13.005856 -16.370539 10.506342 -3.372482 1.135439 -3.166235 
-41.181828 106.464188 8.170567 22.635378 38.432692 16.123816 3.604480 12.982414 -0.200458 -14.485455 4.113423 -22.071411 2.446454 20.519979 4.977737 -8.008679 9.836662 0.206170 2.646043 14.297634 2.587706 -2.854517 -2.640746 7.245794 3.631008 16.451172 2.800454 -5.322522 5.127394 -5.938094 0.589741 9.831218 3.222319 -6.167430 1.171832 6.746098 3.206104 11.728539 7.137964 -0.123184 17.358320 3.983430 9.549802 -4.471797 13.863789 3.926082 21.750239 -10.193465 -25.848991 -12.444149 17.278402 -34.581145 -11.735051 -22.186939 -23.016048 -13.484238 13.380019 2.083231 3.328447 2.297639 -1.908759 13.966187 0.957247 0.321925 -6.326569 -10.089375 -7.754217 5.018637 -14.572767 8.483680 -15.385677 0.941520 -30.824249 3.016628 12.412113 -25.002638 3.598769 -37.118789 1.748635 -9.900902 28.039860 -6.582332 0.746187 0.389659 5.951311 -1.500340 7.780870 32.935118 -9.491359 36.748139 -32.143478 -13.013149 31.585817 -2.018375 2.649909 0.570924 -27.155010 -30.467337 17.483088 3.332259 0.377908 -3.624171 -14.174953 2.156180 18.489298 2.168925 8.847818 -0.952919 -5.846661 1.535276 -7.979163 -19.032493 -7.168735 -5.184023 -7.601416 -46.270523 2.206343 -5.349232 5.274411 -12.491869 16.194586 -38.623943 -13.997536 16.793267 -12.819553 12.337389 -13.002551 -16.384661 10.511342 -2.915857 1.484552 -2.673816 
-38.644753 106.572350 5.489234 21.217021 37.939426 16.363887 3.597099 12.996031 -0.215557 -12.340804 3.696016 -20.501866 2.458460 20.524164 4.978635 -6.908089 8.780244 0.002345 2.649642 14.320546 2.580444 -1.444105 -1.408097 7.767221 3.622644 16.469454 2.785570 -3.785354 4.101813 -5.983764 0.579399 9.818045 3.229479 -4.160685 1.720703 5.854795 3.196004 11.703775 7.149139 0.059303 16.831188 5.222233 9.563432 -4.497940 13.840499 4.881512 21.785669 -10.308600 -25.853559 -12.431154 17.316002 -35.045042 -12.671480 -23.986489 -22.988312 -13.490671 13.388594 1.473017 3.153093 2.171708 -1.896092 13.956218 0.956758 2.028350 -3.229818 -8.898381 -7.771405 5.014778 -14.597576 11.420832 -12.002289 0.423262 -30.840588 3.014345 12.407897 -21.888444 9.053535 -31.527105 1.734890 -9.903527 28.030895 -7.763524 0.201962 0.301599 5.939121 -1.517077 7.790078 32.116857 -7.463578 35.541374 -32.148144 -13.014940 31.608377 -1.969190 3.593904 -0.244948 -27.161213 -30.442608 17.464764 3.459047 2.032942 -3.450450 -14.169412 2.143956 18.496716 3.619186 7.734823 -1.398823 -5.841206 1.517607 -7.989730 -18.939846 -6.866565 -2.980689 -7.603290 -46.260361 2.241406 -7.031611 5.070688 -11.916448 16.243916 -38.657902 -13.999359 16.401159 -13.244172 12.342000 -13.014227 -16.387371 10.502827 -2.399138 1.573522 -2.489263 
-35.657887 106.417709 3.502686 18.747645 36.985652 15.992627 3.584812 13.016762 -0.216049 -10.704816 3.085282 -18.919072 2.469180 20.522936 4.971098 -5.911441 7.779124 0.281624 2.654233 14.353883 2.580619 -0.047068 -0.045115 7.868584 3.614515 16.476194 2.785287 -2.206229 2.962473 -5.458227 0.574248 9.818983 3.242362 -2.683880 2.184734 5.485952 3.186078 11.697053 7.145589 -0.367940 17.004055 5.884832 9.581883 -4.530805 13.829321 6.641744 21.943456 -9.764014 -25.867443 -12.404533 17.349712 -34.629127 -13.314358 -25.670317 -22.985439 -13.498061 13.404684 0.550812 2.505779 2.470075 -1.894554 13.944472 0.956517 3.915771 -1.362138 -8.167887 -7.798145 5.019961 -14.632554 13.481540 -10.464173 0.083466 -30.854773 3.010808 12.404368 -18.566507 11.428559 -26.313150 1.723240 -9.902492 28.035213 -8.067866 0.176769 0.510976 5.940314 -1.518157 7.803326 31.112943 -6.094242 34.215573 -32.152531 -13.007828 31.625643 -1.466828 3.683477 -0.869318 -27.180283 -30.433790 17.469309 3.433738 1.601796 -3.798233 -14.172948 2.146181 18.518343 4.036692 7.237753 -1.323598 -5.836953 1.507458 -7.998636 -18.573991 -6.130282 -2.051945 -7.598039 -46.262817 2.259117 -7.190794 5.066119 -11.588928 16.279600 -38.694408 -13.994003 15.378396 -14.021173 12.007082 -13.039285 -16.390699 10.498707 -2.136059 2.131316 -2.480405 
-32.474487 106.077850 2.172782 16.904177 34.963219 15.984355 3.577024 13.031998 -0.208667 -9.818992 2.245170 -17.461751 2.481447 20.529461 4.956965 -4.489369 6.576053 0.327183 2.653468 14.376353 2.572974 1.000567 0.386615 7.330903 3.600384 16.483522 2.792219 -1.342011 1.748924 -5.212172 0.569549 9.831614 3.246321 -1.479227 1.704596 5.036373 3.178280 11.698843 7.147279 -1.275433 16.980101 5.670159 9.588866 -4.554806 13.829145 8.640787 21.272891 -8.264988 -25.885975 -12.385382 17.375210 -34.668162 -13.354125 -26.399402 -22.981293 -13.500526 13.417200 -0.358192 2.794058 2.316188 -1.899742 13.945335 0.956056 5.572330 -0.413741 -7.961140 -7.813743 5.032036 -14.655380 15.421964 -10.179417 -0.598142 -30.869905 3.002995 12.408648 -15.867475 12.372569 -22.523981 1.706759 -9.901764 28.029863 -7.641227 0.077272 0.445555 5.945740 -1.523273 7.804911 30.280575 -5.187871 33.079269 -32.162521 -13.005667 31.644819 -1.345705 3.466253 -1.168296 -27.189280 -30.429581 17.479706 3.131443 0.625552 -3.971580 -14.178146 2.151069 18.536116 4.102802 7.205862 -1.265340 -5.839419 1.502512 -7.999674 -17.987904 -5.042601 -2.606991 -7.606260 -46.269382 2.264660 -5.472858 4.724358 -11.061086 16.304508 -38.729870 -13.994219 14.357672 -14.767316 11.232390 -13.064576 -16.396547 10.502888 -1.803284 2.352357 -2.360064 
-29.236040 105.618240 1.230363 16.263608 33.085696 16.701052 3.565897 13.044266 -0.193635 -9.524074 2.236061 -16.849704 2.484264 20.534658 4.946762 -4.062459 5.215267 0.159413 2.648552 14.378059 2.570580 1.896167 0.341100 6.404455 3.591522 16.488600 2.805402 -1.027492 0.833017 -5.165658 0.570005 9.839255 3.249167 -0.865785 1.454417 3.913536 3.169997 11.700560 7.150261 -1.356390 16.390132 5.484948 9.594274 -4.576312 13.836486 9.960982 20.456193 -7.370705 -25.906637 -12.359471 17.390356 -34.242289 -13.285733 -26.331026 -22.982792 -13.500222 13.419330 -0.887830 2.618757 2.457410 -1.913812 13.950315 0.954226 6.517234 -0.080470 -7.773153 -7.826374 5.041274 -14.663354 16.598992 -9.977581 -0.603063 -30.877634 2.999479 12.414423 -13.282741 12.292711 -19.502717 1.699285 -9.891486 28.024878 -6.968472 -0.363987 0.174474 5.952499 -1.523228 7.804249 29.724597 -5.132892 31.619804 -32.165771 -13.007616 31.651636 -0.859562 3.019541 -1.582003 -27.182890 -30.424379 17.492294 3.211342 -0.788167 -3.893995 -14.181593 2.163691 18.546722 3.677231 7.043344 -1.952671 -5.852993 1.508653 -7.987342 -17.575393 -3.890121 -2.868727 -7.613314 -46.273369 2.254299 -2.975353 4.276310 -10.441321 16.312391 -38.747761 -13.997099 13.745366 -15.745749 10.470537 -13.072719 -16.410480 10.501855 -1.085378 2.415718 -1.623788 
-26.038864 105.108978 0.502169 15.021008 30.735431 16.260722 3.553574 13.053389 -0.181618 -9.456896 2.164466 -16.487341 2.483261 20.536222 4.936154 -3.044593 3.708743 0.272250 2.640466 14.375216 2.558036 2.463301 -0.020811 5.420259 3.584188 16.487514 2.815543 -0.412264 0.711579 -5.306668 0.570807 9.844159 3.251761 -0.447768 0.996762 3.126047 3.169316 11.714157 7.154549 -1.581417 15.911863 4.995784 9.599985 -4.592518 13.833488 11.290178 19.162569 -6.942483 -25.916288 -12.334575 17.409153 -33.754846 -13.089956 -25.798208 -22.977253 -13.496515 13.423875 -1.600989 2.696405 1.816968 -1.917804 13.953182 0.957328 7.240296 -0.183649 -7.341637 -7.831496 5.041574 -14.675777 17.786036 -10.282506 -1.134126 -30.888132 2.999281 12.412344 -10.809636 11.568725 -16.503021 1.695854 -9.888461 28.024220 -6.198719 -0.993776 0.062588 5.959428 -1.519389 7.802093 29.421142 -4.258069 29.545899 -32.174591 -13.010309 31.653299 -0.528659 2.654160 -1.826194 -27.175158 -30.417936 17.491186 3.151566 -1.938165 -3.373475 -14.186775 2.170379 18.551037 3.180766 7.115503 -1.935008 -5.866252 1.515877 -7.977833 -17.059958 -3.096334 -3.170046 -7.628167 -46.269146 2.249899 -0.538019 3.846814 -10.411340 16.312311 -38.765602 -14.010258 12.381955 -16.811131 10.103508 -13.075836 -16.422943 10.510712 -0.467832 2.121286 -1.539738 
-23.026802 104.604370 -0.075407 13.785464 28.825881 16.111994 3.546475 13.065047 -0.164038 -9.349701 2.463306 -16.211608 2.489432 20.540905 4.931083 -2.938913 2.792563 0.445210 2.633680 14.369073 2.555941 2.797194 -0.251382 4.849342 3.576890 16.491039 2.819327 -0.253172 0.855185 -5.566093 0.572845 9.846025 3.249288 -0.166732 0.377574 2.410779 3.161261 11.719205 7.161403 -1.808375 15.871589 4.531501 9.606371 -4.600200 13.834330 12.235318 18.303285 -6.513291 -25.924503 -12.312846 17.420269 -33.854434 -13.497505 -25.509862 -22.973698 -13.491488 13.426200 -2.134578 2.653530 1.075144 -1.923050 13.951608 0.950689 7.759090 -0.183302 -7.236106 -7.829194 5.042176 -14.682128 18.631650 -10.191439 -1.599978 -30.887894 2.997890 12.415960 -8.667478 10.912335 -14.232501 1.699137 -9.884175 28.027433 -5.330399 -1.307433 0.126282 5.963860 -1.518526 7.798365 29.091975 -3.338972 28.029833 -32.175957 -13.011725 31.648176 -0.340307 2.141069 -2.337659 -27.164383 -30.407883 17.493101 3.487616 -3.246721 -3.159479 -14.188876 2.173262 18.558929 2.643637 7.028980 -2.172946 -5.875221 1.516458 -7.965323 -16.509892 -2.015497 -3.785245 -7.639874 -46.262417 2.236873 1.501814 3.469115 -10.287034 16.308939 -38.771267 -14.022311 11.084488 -17.091698 9.686606 -13.086130 -16.433434 10.515834 0.012578 1.790985 -0.768352 
-20.323786 104.213707 -0.490513 12.589098 27.693912 15.486175 3.536864 13.073931 -0.150714 -9.219575 2.392693 -16.455937 2.482867 20.546570 4.921656 -2.485302 2.409135 0.518372 2.632708 14.364319 2.547440 3.217658 -0.587673 4.562141 3.564795 16.493416 2.822183 0.132257 0.932078 -5.551290 0.581798 9.841576 3.250339 0.065707 0.018630 2.125632 3.154837 11.719110 7.167702 -2.090389 15.633338 4.002698 9.603917 -4.599847 13.830416 12.584530 17.769280 -6.505777 -25.928383 -12.297642 17.423851 -33.637135 -14.237115 -25.113277 -22.959986 -13.491105 13.427741 -2.326384 2.690270 0.301572 -1.923536 13.946465 0.950395 8.358062 -0.229174 -7.370742 -7.834039 5.043251 -14.685986 19.271879 -10.326175 -1.909106 -30.886639 3.001229 12.402963 -6.970291 10.209967 -12.333803 1.694887 -9.881077 28.019182 -4.588410 -1.824237 0.192795 5.966616 -1.521381 7.796289 29.090165 -2.387077 26.629099 -32.177299 -13.014025 31.638201 -0.327238 2.143437 -2.569110 -27.159134 -30.405947 17.493326 3.527777 -3.997775 -2.985630 -14.191369 2.165347 18.562613 2.053970 6.801964 -2.151119 -5.886141 1.517188 -7.952795 -16.049111 -1.487591 -4.334157 -7.645268 -46.243092 2.228047 3.328380 3.246418 -10.139541 16.306095 -38.774738 -14.038170 9.636181 -16.940992 9.733208 -13.087092 -16.438614 10.515774 0.208841 1.316437 -0.567110 
-18.068424 104.038269 -0.741167 11.293256 26.576158 15.184877 3.532701 13.078838 -0.138132 -8.971383 2.362977 -16.537739 2.481945 20.549038 4.917418 -2.211987 2.087075 0.640472 2.625484 14.365169 2.544829 3.484018 -0.779394 4.657085 3.561098 16.496531 2.826122 0.107626 1.314423 -5.810439 0.587634 9.838323 3.249377 0.459411 -0.521848 1.802474 3.148309 11.721720 7.166308 -2.474534 16.411124 3.843423 9.605335 -4.597198 13.828451 13.121091 17.458513 -5.867103 -25.925802 -12.281098 17.426596 -33.990119 -14.424835 -24.657934 -22.952921 -13.486161 13.434874 -2.481692 2.595148 -0.485176 -1.923492 13.944209 0.952338 8.313381 -0.166562 -7.641805 -7.833995 5.048690 -14.687902 19.601402 -10.670042 -2.149821 -30.886528 2.996554 12.391646 -5.601102 9.760675 -10.362181 1.694430 -9.880423 28.013346 -4.350302 -2.169437 0.243321 5.969080 -1.521320 7.794192 28.878696 -1.816337 25.763325 -32.176014 -13.015342 31.630661 -0.410817 2.209808 -2.631925 -27.154196 -30.401772 17.489986 3.922468 -5.029911 -2.842782 -14.195535 2.165853 18.560501 1.902704 7.006593 -2.189457 -5.891425 1.516066 -7.939634 -15.342697 -1.355343 -4.493064 -7.654718 -46.228195 2.221604 4.139130 3.016161 -10.417048 16.302164 -38.776676 -14.049111 8.352164 -16.794867 9.541129 -13.091001 -16.443748 10.520594 0.467440 1.263121 -0.406843 
-16.335012 104.124496 -0.820234 11.128107 25.607906 14.694317 3.527129 13.086829 -0.139534 -9.310744 2.043566 -16.785975 2.479015 20.548336 4.915043 -2.371349 1.703739 0.754095 2.627115 14.364680 2.545696 3.761264 -0.116191 4.892294 3.548382 16.504240 2.823353 0.529060 1.775317 -5.408312 0.585281 9.831040 3.247132 0.623932 -0.425761 1.576381 3.146494 11.726665 7.170962 -2.691030 16.570613 3.471703 9.612243 -4.602162 13.828690 13.564117 17.197798 -5.556951 -25.923483 -12.275861 17.427435 -33.661300 -14.935756 -25.179682 -22.952549 -13.491634 13.435525 -2.399208 2.542554 -0.796218 -1.927405 13.934701 0.951961 8.744141 -0.290102 -7.704377 -7.827076 5.049225 -14.689591 19.933233 -11.189611 -2.421191 -30.888088 3.002439 12.386763 -4.668222 9.392609 -8.827201 1.699514 -9.876222 28.012535 -3.981106 -2.362480 0.510756 5.967380 -1.522712 7.796514 29.386882 -1.998348 25.566192 -32.174458 -13.018988 31.624565 -1.028123 1.542156 -3.240065 -27.154020 -30.407234 17.493368 4.169438 -5.706075 -2.990493 -14.190808 2.160531 18.562426 1.740503 6.988414 -2.395092 -5.895079 1.516800 -7.932498 -15.255760 -0.939760 -4.617316 -7.661647 -46.219711 2.216573 4.286237 2.872521 -10.767798 16.303280 -38.773640 -14.060819 7.727634 -16.853464 9.349130 -13.091005 -16.442205 10.516907 0.846129 1.068649 -0.322365 
-15.153521 104.450333 -0.731399 10.781868 25.027509 14.359667 3.526204 13.092487 -0.135834 -9.270315 2.268955 -16.985402 2.478662 20.555929 4.908752 -2.096887 1.876478 1.023356 2.626973 14.368363 2.543387 3.593070 -0.354009 5.074189 3.547437 16.504921 2.820712 0.634696 1.973012 -5.206278 0.586919 9.831259 3.251187 0.774817 -0.825731 1.600087 3.148741 11.724230 7.170404 -3.036053 17.309759 3.427101 9.610587 -4.594749 13.827460 13.797845 17.248868 -5.223818 -25.921219 -12.267518 17.427317 -33.982841 -15.798327 -25.626959 -22.949095 -13.492815 13.439492 -2.628827 2.425137 -1.414752 -1.922778 13.931901 0.951420 8.856004 -0.453432 -8.229133 -7.825135 5.051165 -14.689215 19.748244 -12.018604 -2.300631 -30.885241 3.007469 12.383099 -3.799593 9.607067 -7.365191 1.708985 -9.878690 28.014366 -3.601776 -2.336593 0.744391 5.970132 -1.527294 7.796256 29.428994 -1.996451 25.821195 -32.177864 -13.018676 31.616350 -1.952117 1.482153 -3.810774 -27.148783 -30.402323 17.495991 4.299082 -6.083150 -3.009246 -14.195555 2.155019 18.563198 1.399159 6.754608 -2.604432 -5.891856 1.517918 -7.928904 -14.660736 -0.926218 -4.772358 -7.663851 -46.220074 2.211365 3.342422 2.543795 -10.960487 16.300900 -38.773254 -14.068919 8.028466 -16.354091 9.322203 -13.093236 -16.441101 10.516818 0.526543 1.168247 -0.819504 
-14.542624 104.961823 -0.521767 11.909371 25.030961 15.366220 3.532751 13.094023 -0.140656 -9.429148 1.943070 -16.843303 2.475717 20.551584 4.908554 -2.145187 1.724711 1.119871 2.630648 14.367839 2.545079 3.564347 -0.174946 5.393749 3.539793 16.501856 2.816232 1.065450 2.369995 -4.667992 0.584546 9.831806 3.255810 1.261947 -0.884284 1.691050 3.147840 11.726206 7.172516 -3.563348 18.139219 3.758899 9.613101 -4.597900 13.822892 13.849269 17.456295 -4.580723 -25.916296 -12.265509 17.430508 -34.721502 -16.224344 -26.017849 -22.942633 -13.486622 13.435618 -2.244122 2.393995 -1.656649 -1.923202 13.930367 0.954181 8.639556 -0.820269 -8.343564 -7.824183 5.051187 -14.689517 19.836316 -12.961098 -2.448970 -30.894241 3.010914 12.379009 -2.840168 10.115255 -6.182435 1.711825 -9.874160 28.007471 -3.784213 -2.521270 0.740257 5.969871 -1.530698 7.800827 29.602047 -3.019113 26.741352 -32.177677 -13.022262 31.611168 -2.567569 1.256720 -4.282837 -27.145266 -30.396563 17.491888 4.087449 -6.063028 -3.202654 -14.199946 2.145770 18.559269 1.748917 6.770565 -2.591024 -5.885559 1.515525 -7.926088 -13.991948 -1.153792 -4.349977 -7.663738 -46.217602 2.211286 1.748775 2.241783 -11.470498 16.303661 -38.769306 -14.073230 8.604484 -16.546043 9.739288 -13.093196 -16.434851 10.517786 0.742599 1.438596 -0.877076 
-14.465012 105.561203 -0.225363 12.397428 24.522286 15.080689 3.533184 13.099874 -0.143384 -9.708430 1.710607 -17.721810 2.472933 20.561310 4.905523 -2.360933 1.846323 0.756311 2.636369 14.370893 2.549114 3.551094 -0.420208 5.530432 3.542319 16.502474 2.814118 0.826410 2.405133 -4.424890 0.586032 9.826406 3.260669 1.147882 -0.740853 2.139179 3.149874 11.720734 7.172639 -3.886242 18.637793 3.848865 9.613467 -4.596980 13.824388 14.143245 17.942905 -3.998578 -25.916565 -12.262954 17.429813 -35.472140 -17.236986 -26.059926 -22.940084 -13.496530 13.437536 -1.848131 2.368867 -1.347944 -1.918031 13.931683 0.951102 8.935061 -1.006366 -8.869157 -7.828874 5.048361 -14.682341 19.756904 -13.808687 -2.265013 -30.898119 3.018466 12.372583 -3.040900 10.925752 -5.597929 1.713888 -9.873688 28.002934 -4.259039 -2.153974 1.062989 5.974477 -1.534296 7.810388 30.207994 -4.206013 28.195176 -32.175385 -13.025154 31.603680 -3.464402 0.917124 -4.894829 -27.147863 -30.400688 17.497866 3.872593 -5.531654 -3.426885 -14.198915 2.150573 18.555561 2.117654 6.760635 -2.810265 -5.891374 1.516281 -7.925344 -13.752292 -1.692357 -4.807659 -7.670211 -46.222759 2.213246 -0.148958 1.910950 -11.695764 16.305933 -38.762154 -14.078305 9.569341 -15.990035 9.905559 -13.087108 -16.431684 10.524027 0.633475 1.647805 -1.114895 
-14.854773 106.156166 0.123815 13.167834 24.217298 15.457003 3.534790 13.104712 -0.145550 -9.987175 1.636799 -17.942361 2.470947 20.560228 4.909617 -2.510958 2.046655 0.707849 2.639764 14.370397 2.553268 3.333331 -0.120813 5.791394 3.539159 16.500576 2.811300 1.173993 2.686253 -3.687834 0.578363 9.826922 3.260104 0.876481 -0.609874 2.332883 3.156228 11.716525 7.164068 -3.820180 19.363960 4.163533 9.615829 -4.599783 13.824111 14.142917 18.225923 -3.930553 -25.909433 -12.258904 17.421576 -35.351676 -17.742169 -26.748792 -22.939913 -13.492954 13.435176 -1.697654 1.890831 -1.126959 -1.918322 13.930189 0.946023 8.945449 -1.307832 -9.096373 -7.824181 5.046457 -14.680955 19.002326 -14.545112 -2.002071 -30.899849 3.023329 12.368738 -2.769630 11.528007 -4.929249 1.715646 -9.872977 28.006485 -4.324124 -1.939563 1.129440 5.977489 -1.528929 7.817781 30.646526 -5.421755 29.345631 -32.177856 -13.027703 31.599728 -4.449735 0.768681 -5.569492 -27.145479 -30.403585 17.495316 3.758607 -5.391924 -3.930496 -14.198900 2.147026 18.549065 2.209793 6.704813 -2.869470 -5.880023 1.513136 -7.926430 -13.338687 -2.112931 -4.446289 -7.670783 -46.230240 2.216438 -1.866088 1.704008 -11.809872 16.303316 -38.760559 -14.071449 10.427284 -16.044174 10.112427 -13.087948 -16.424740 10.522739 0.443996 1.895201 -1.266740 
-15.657901 106.684822 0.472007 13.783749 23.970510 15.399384 3.544034 13.105193 -0.146885 -10.280799 1.704225 -18.262022 2.472186 20.559435 4.908359 -2.597763 2.382796 0.858090 2.647188 14.366739 2.556833 2.833556 -0.083591 5.496903 3.542356 16.495775 2.811422 1.282782 2.611542 -3.335560 0.577729 9.826421 3.258286 0.796244 -0.441937 2.497131 3.162042 11.711389 7.162083 -3.952013 19.395120 4.597017 9.615904 -4.601331 13.826065 14.404872 18.825359 -3.526968 -25.909945 -12.261490 17.420748 -35.484639 -17.898559 -26.936079 -22.943396 -13.497054 13.435731 -1.903705 1.914607 -0.935248 -1.912924 13.933257 0.945343 8.607529 -1.824289 -9.081914 -7.828885 5.041991 -14.679017 18.718548 -15.074405 -2.010315 -30.899357 3.027150 12.369441 -3.361383 12.292295 -5.422189 1.718802 -9.876152 28.008202 -4.421728 -1.689138 0.980677 5.979292 -1.530730 7.817647 30.992584 -6.409872 30.411701 -32.174606 -13.025104 31.596893 -4.847697 0.306963 -5.861354 -27.148310 -30.405149 17.497267 3.510938 -5.107492 -3.872796 -14.196131 2.146773 18.549658 2.541844 7.144932 -2.490771 -5.872372 1.515765 -7.931808 -13.387328 -2.674636 -4.851401 -7.667469 -46.243664 2.221045 -3.530564 1.711260 -11.812512 16.301321 -38.751701 -14.067445 11.508161 -16.354314 10.230544 -13.085718 -16.422327 10.526545 0.488100 2.085566 -1.309315 
-16.796469 107.122536 0.811706 14.354887 23.832946 15.769910 3.549072 13.103148 -0.153549 -10.550638 1.446274 -18.268867 2.471996 20.553102 4.909404 -2.703522 2.674472 0.643821 2.655148 14.368594 2.559106 2.429568 -0.434323 5.752764 3.549279 16.494446 2.812022 1.346541 2.824255 -3.103706 0.572719 9.829935 3.259520 0.709499 -0.142908 2.563143 3.163596 11.704655 7.166633 -3.672663 19.737440 4.734865 9.614965 -4.600690 13.826698 14.233044 18.842938 -3.142747 -25.908220 -12.263080 17.415236 -35.552313 -18.055245 -26.775443 -22.942047 -13.499649 13.429641 -1.916560 1.992446 -0.470826 -1.909251 13.939951 0.944591 8.524799 -1.694983 -9.221379 -7.831369 5.035006 -14.674130 17.990831 -15.252454 -1.534231 -30.899736 3.026237 12.368210 -3.709984 12.932027 -6.302947 1.723623 -9.874245 28.006962 -5.064766 -1.429470 0.744023 5.984182 -1.534006 7.819895 31.217363 -7.251699 31.516579 -32.174366 -13.028524 31.592943 -5.408379 0.201148 -6.252085 -27.141041 -30.402235 17.502935 3.274955 -4.193696 -3.718117 -14.195992 2.145700 18.543869 2.754042 7.255122 -2.516973 -5.866294 1.515718 -7.942597 -13.268873 -2.863027 -4.855106 -7.665933 -46.245468 2.224033 -4.715510 1.628142 -11.966946 16.301611 -38.751553 -14.061600 12.626509 -16.347653 10.417902 -13.081646 -16.417147 10.522339 0.392633 2.088576 -1.232964 
-18.172949 107.448906 1.120593 14.871651 23.621622 15.805900 3.553257 13.099850 -0.156322 -10.973895 1.255291 -18.700527 2.467846 20.552271 4.910178 -3.135867 3.061367 0.507749 2.660309 14.369925 2.564903 2.413431 -0.328040 5.595015 3.554876 16.489073 2.807893 1.244764 2.970310 -2.824926 0.573458 9.824482 3.260488 0.534730 0.464542 3.176702 3.166016 11.697937 7.163710 -3.400190 19.450135 4.922310 9.612179 -4.601282 13.830644 14.072175 19.229390 -3.361537 -25.911444 -12.269570 17.407930 -35.435810 -17.967970 -26.905980 -22.948915 -13.499211 13.424826 -1.852236 1.759095 0.133891 -1.911659 13.936343 0.938700 8.430329 -1.878932 -9.341928 -7.828940 5.030599 -14.671325 17.226104 -15.339336 -1.031620 -30.901190 3.028914 12.368413 -4.732910 13.538048 -7.494703 1.723179 -9.873422 28.013510 -5.451477 -0.962982 0.581224 5.984204 -1.529536 7.824718 31.677533 -8.038219 32.507442 -32.171333 -13.027784 31.595173 -5.520815 0.071791 -6.335516 -27.147192 -30.407545 17.506031 3.155302 -3.888552 -3.744660 -14.191196 2.143518 18.541565 2.860239 7.410725 -2.415598 -5.866765 1.514051 -7.948158 -13.403648 -3.099751 -5.107368 -7.661859 -46.254196 2.230430 -5.831496 1.883980 -12.221019 16.295616 -38.743862 -14.048854 13.094356 -16.334099 10.689666 -13.084015 -16.413639 10.520686 0.240690 2.196245 -1.271308 
-19.723427 107.670006 1.390775 15.545340 23.675182 15.741339 3.557971 13.095037 -0.164348 -10.907233 1.087486 -18.527489 2.476826 20.545509 4.914727 -3.345026 3.481394 0.484180 2.670135 14.370049 2.565550 2.016925 -0.183357 5.665518 3.562452 16.485777 2.807822 1.043547 2.870329 -2.456785 0.569540 9.825257 3.254380 0.195483 0.697296 3.187064 3.170774 11.695993 7.163759 -3.310472 19.462472 4.893142 9.609957 -4.601145 13.835047 13.598966 19.585462 -3.137501 -25.904942 -12.279887 17.405796 -35.768171 -17.609032 -26.964340 -22.953476 -13.504042 13.421958 -1.834658 1.728581 0.692494 -1.907140 13.942057 0.938436 7.935402 -1.958981 -8.886596 -7.826254 5.027456 -14.668286 16.879607 -14.962026 -1.026091 -30.900240 3.033259 12.371069 -5.806297 13.902824 -9.045062 1.717251 -9.875170 28.011526 -5.638520 -0.487566 0.503476 5.984583 -1.526006 7.828294 31.812665 -8.649358 33.097867 -32.170704 -13.033788 31.599712 -5.529780 0.191940 -6.560837 -27.148636 -30.411196 17.496944 2.968431 -3.633715 -3.581775 -14.187622 2.145412 18.540813 2.988357 7.623292 -2.179087 -5.857773 1.514994 -7.952913 -13.586732 -3.669829 -5.022956 -7.651144 -46.258560 2.234092 -6.581111 2.021243 -12.148720 16.284855 -38.742737 -14.036964 13.555882 -16.389094 10.937691 -13.082168 -16.412245 10.516711 -0.018490 2.357766 -1.069519 
-21.367905 107.784462 1.607524 16.277454 24.575178 15.769708 3.560213 13.089267 -0.167268 -11.054077 1.450369 -18.384911 2.477345 20.540339 4.916234 -3.431347 4.118549 0.358909 2.672445 14.375534 2.567766 1.729688 -0.389908 5.390954 3.570252 16.477102 2.807376 1.027038 2.962096 -2.552387 0.568288 9.829109 3.252089 0.216035 1.126069 3.568123 3.170681 11.694942 7.156630 -3.137994 19.029489 5.133915 9.606489 -4.595399 13.832390 13.089566 20.046467 -3.824324 -25.900053 -12.288947 17.399633 -35.637704 -17.608996 -26.721648 -22.957605 -13.505580 13.419999 -1.584863 1.546486 1.040390 -1.909580 13.944959 0.938802 7.456236 -1.805777 -8.887065 -7.831734 5.024401 -14.663288 15.844272 -14.613682 -0.668009 -30.897188 3.030053 12.375282 -6.923502 14.353388 -10.621102 1.719039 -9.880516 28.017385 -5.936486 -0.612012 0.377667 5.980781 -1.523812 7.828120 32.148997 -8.556399 33.256850 -32.167233 -13.028563 31.606363 -5.237070 0.135642 -6.243049 -27.153070 -30.413986 17.501657 3.089354 -3.239587 -3.559152 -14.188396 2.143534 18.538385 3.371447 7.421757 -1.915306 -5.849514 1.515379 -7.961995 -13.802435 -3.546073 -4.733835 -7.642928 -46.262341 2.234213 -7.004564 2.090449 -11.766254 16.286768 -38.733692 -14.030147 14.226482 -16.421708 10.866202 -13.080456 -16.413923 10.510664 -0.441143 2.455762 -0.905974 
-23.063187 107.794708 1.780064 16.356394 24.699882 15.692903 3.562263 13.085732 -0.175680 -11.096890 1.327914 -18.472431 2.478458 20.536568 4.918857 -3.656151 4.413052 0.175968 2.672931 14.376480 2.566381 1.516969 -0.187425 5.613151 3.579053 16.476435 2.809040 0.674164 2.796375 -2.678782 0.569661 9.825615 3.249827 0.341589 1.576967 3.871660 3.174695 11.697605 7.162549 -2.715600 18.704461 5.466599 9.607400 -4.597318 13.834659 12.657781 20.520393 -3.846367 -25.902040 -12.300133 17.396988 -35.354418 -16.853111 -26.775791 -22.964230 -13.506748 13.417195 -1.626656 1.580459 1.399252 -1.903911 13.947268 0.942308 7.280333 -1.722214 -8.718842 -7.827081 5.024596 -14.658634 15.412766 -14.149849 -0.228846 -30.898411 3.026261 12.382000 -8.378271 14.335554 -12.340923 1.721357 -9.882310 28.016665 -6.428025 -0.449529 0.075119 5.978548 -1.525871 7.826306 32.160827 -9.003485 33.604254 -32.166763 -13.028536 31.608015 -4.784690 0.306967 -5.847729 -27.156424 -30.421577 17.497396 3.139630 -2.435549 -3.352270 -14.184496 2.143396 18.533485 3.409700 7.494439 -1.674181 -5.845679 1.514639 -7.968781 -14.405033 -3.943569 -4.843175 -7.638631 -46.272442 2.240788 -7.597137 2.547059 -12.072357 16.282557 -38.730736 -14.019662 14.390857 -16.132297 10.764032 -13.080112 -16.409689 10.503647 -0.612246 2.246854 -1.161418 
-24.792740 107.693932 1.892649 16.961346 26.154282 15.586562 3.565444 13.073435 -0.182186 -10.901227 1.358130 -18.239498 2.483172 20.530676 4.924944 -3.771574 4.918348 0.161671 2.674639 14.381224 2.567238 1.690586 -0.069354 6.007011 3.585934 16.476135 2.804785 0.383912 2.592267 -2.953925 0.567981 9.826114 3.251079 0.243910 1.682026 4.060506 3.170711 11.694603 7.159197 -2.570476 18.264599 5.375485 9.601245 -4.589526 13.835626 12.099743 20.879139 -4.535524 -25.901316 -12.315304 17.395271 -35.243588 -16.501763 -26.378332 -22.966549 -13.506873 13.417908 -1.508906 1.697253 2.007312 -1.904196 13.947427 0.942468 6.953109 -1.262456 -8.707115 -7.825785 5.023734 -14.658628 14.785111 -13.504268 -0.026287 -30.895950 3.023099 12.384151 -9.791213 14.300055 -14.599097 1.717278 -9.888782 28.020182 -6.789800 -0.184385 -0.011546 5.974736 -1.525234 7.829760 32.084551 -8.558861 33.899609 -32.162701 -13.024213 31.617571 -4.313203 0.712350 -5.609689 -27.165442 -30.422497 17.495594 2.896463 -1.913529 -3.356631 -14.184515 2.143958 18.537825 3.586972 7.274111 -1.364575 -5.840306 1.516111 -7.975976 -14.612121 -4.062461 -4.708389 -7.628626 -46.271992 2.244332 -7.650978 2.787923 -11.919804 16.283319 -38.726761 -14.009976 14.832430 -16.054682 10.753853 -13.083189 -16.409678 10.497580 -1.092201 2.361722 -1.210761 
-26.541218 107.471596 1.944035 16.316376 27.095381 15.580496 3.569038 13.059958 -0.187482 -10.948662 1.625534 -18.060706 2.483603 20.532310 4.935808 -4.260540 5.158123 0.018140 2.673657 14.386145 2.571748 1.305177 -0.174346 5.910295 3.587732 16.476362 2.805606 -0.293098 2.317222 -3.546576 0.567538 9.830529 3.249040 -0.143641 1.702542 4.069134 3.170881 11.695358 7.154581 -2.385624 18.452958 5.286809 9.602387 -4.589567 13.840683 11.230194 20.835951 -5.155254 -25.901018 -12.325003 17.392818 -34.821035 -15.772946 -26.354717 -22.975948 -13.505860 13.417085 -1.254483 2.107525 2.514815 -1.910326 13.948895 0.942894 6.523651 -0.919726 -8.725226 -7.823073 5.029479 -14.651705 14.800026 -12.872724 0.331652 -30.892864 3.013828 12.389561 -11.169141 14.137756 -16.685466 1.715184 -9.887909 28.019289 -7.014483 0.223395 0.427591 5.976674 -1.520058 7.826960 31.431721 -8.239412 34.178789 -32.163147 -13.019986 31.620159 -3.515921 1.378413 -5.011636 -27.167238 -30.423307 17.498188 3.018892 -1.657789 -3.377908 -14.181355 2.151764 18.531199 3.522436 7.330325 -1.623885 -5.845935 1.516529 -7.978312 -15.324653 -4.297359 -4.338590 -7.620403 -46.280079 2.239713 -7.370879 2.910962 -11.713308 16.279785 -38.722519 -14.004200 14.832686 -15.818916 10.667289 -13.077196 -16.405565 10.502873 -0.969837 2.550636 -1.147138 
-28.314247 107.133568 1.935699 16.795148 29.459654 15.461851 3.568096 13.057155 -0.194029 -10.268599 1.756598 -17.687072 2.481360 20.524979 4.936084 -4.435480 5.605215 0.185353 2.672462 14.383615 2.566947 1.593045 0.178888 6.415118 3.591673 16.476620 2.803406 -0.500151 2.297229 -3.940831 0.569567 9.830311 3.245774 0.036309 2.023217 4.422436 3.166168 11.700498 7.157074 -2.061997 17.730807 5.719049 9.603016 -4.581359 13.836567 10.867242 21.311870 -5.784069 -25.899199 -12.340747 17.389893 -34.874625 -14.861783 -26.440885 -22.979179 -13.505250 13.410322 -0.868015 2.046878 2.590084 -1.907472 13.944522 0.948016 6.341822 -0.675329 -8.701727 -7.818863 5.035311 -14.656361 14.714871 -12.278856 0.251722 -30.887957 3.014580 12.389832 -12.481618 13.646760 -18.591293 1.714343 -9.893968 28.022499 -7.345664 -0.024146 -0.145254 5.965201 -1.522310 7.823732 31.265707 -7.496787 33.756294 -32.161785 -13.017616 31.627142 -2.699739 2.086327 -3.892325 -27.176809 -30.423639 17.493216 3.093859 -0.805209 -3.386606 -14.179125 2.146641 18.531475 3.620810 7.174835 -1.104744 -5.841590 1.511804 -7.984167 -16.056007 -4.637587 -3.836393 -7.614743 -46.274860 2.248847 -7.033899 3.554506 -11.722799 16.284876 -38.725376 -13.998110 14.695058 -15.384038 10.840618 -13.080149 -16.400360 10.495673 -1.300287 2.477201 -1.500013 
-30.077599 106.677948 1.867278 16.065636 32.004132 15.532914 3.571960 13.041111 -0.203921 -10.167744 1.828181 -17.587925 2.485510 20.521320 4.951280 -4.448662 5.825613 -0.037968 2.665689 14.389431 2.568124 1.596979 0.304947 6.759686 3.600534 16.480778 2.801142 -0.794545 1.761338 -4.675909 0.566970 9.828361 3.249831 -0.355587 2.027320 4.542424 3.166704 11.699751 7.151416 -1.653720 17.609814 5.556043 9.598729 -4.573477 13.836066 9.504597 21.571573 -7.114558 -25.889137 -12.356534 17.389103 -34.842127 -14.164182 -26.074734 -22.985670 -13.504260 13.418459 -0.703257 2.542719 2.654669 -1.907891 13.944629 0.952746 6.322778 0.201895 -8.226944 -7.816671 5.033011 -14.652593 14.662767 -11.451996 0.181261 -30.880592 3.002344 12.395216 -13.686566 13.136394 -20.141932 1.708926 -9.894924 28.021324 -7.715401 -0.033500 0.389160 5.961011 -1.517125 7.821417 30.858948 -6.759210 33.443144 -32.160828 -13.009320 31.635593 -1.823805 2.720910 -2.892771 -27.184908 -30.424900 17.493061 3.230056 -0.249504 -3.515776 -14.175526 2.152938 18.529247 3.732028 7.137792 -1.172812 -5.842140 1.511438 -7.992309 -16.950311 -4.946603 -3.215021 -7.606707 -46.268196 2.248466 -6.459684 3.971046 -11.231018 16.288042 -38.722321 -13.999468 14.962619 -15.298596 10.508393 -13.068258 -16.403334 10.495187 -1.343009 2.119196 -2.011233 
-31.780590 106.111969 1.744258 15.815086 34.649690 15.492155 3.571020 13.032496 -0.213531 -9.474872 2.160196 -17.149524 2.484970 20.518705 4.958064 -4.925709 6.291163 -0.033091 2.662536 14.388919 2.569884 1.892495 0.687767 7.215869 3.599605 16.484600 2.802579 -1.218045 1.437183 -5.401726 0.569166 9.830921 3.244106 -0.673050 2.353914 4.463476 3.168652 11.703659 7.145450 -1.307465 17.209133 5.730466 9.600180 -4.572650 13.831707 8.723174 21.978919 -8.130259 -25.885679 -12.366214 17.383736 -34.996178 -13.352817 -26.484421 -22.996346 -13.499812 13.416385 -0.366663 2.422658 2.964795 -1.904880 13.943493 0.951804 6.273467 0.532967 -8.119638 -7.817244 5.040108 -14.654140 15.082417 -10.566701 -0.192714 -30.872553 2.998526 12.399900 -14.867278 12.548948 -21.619924 1.707444 -9.898755 28.022221 -7.916321 0.099503 0.239005 5.954265 -1.520143 7.817847 30.235608 -5.645812 32.773447 -32.160076 -13.007303 31.638638 -0.363696 3.354032 -1.723179 -27.193098 -30.426752 17.486790 3.188937 0.355844 -3.802282 -14.170188 2.154047 18.530117 3.742311 6.489001 -1.084037 -5.843590 1.507993 -7.988434 -17.908993 -5.033205 -2.358874 -7.594879 -46.272686 2.253472 -5.465283 4.598181 -10.891637 16.292368 -38.722279 -13.993282 14.798346 -14.917283 10.407803 -13.072849 -16.395174 10.498052 -1.392885 2.238785 -2.038985 
-33.352890 105.479446 1.575664 15.812409 37.833330 15.475605 3.568635 13.025917 -0.220650 -8.604764 2.004884 -16.725542 2.485719 20.520878 4.964549 -4.738050 6.943138 -0.034400 2.658486 14.395780 2.561845 2.130256 0.940582 7.680073 3.600309 16.487049 2.791814 -1.481962 1.253367 -5.936989 0.565583 9.832839 3.246327 -0.661088 2.198348 5.131456 3.166943 11.707109 7.135321 -1.186529 16.524751 6.215626 9.600240 -4.563593 13.829970 7.891980 22.377872 -9.511570 -25.886494 -12.379051 17.388578 -35.154137 -12.552893 -26.629907 -22.993353 -13.502929 13.421490 -0.205544 2.428347 3.188109 -1.906854 13.941907 0.954697 6.864044 1.325601 -8.013286 -7.817187 5.044084 -14.656898 15.483926 -9.956526 -0.705657 -30.864811 2.990907 12.406369 -15.729345 12.011295 -22.945126 1.705628 -9.902623 28.024776 -8.063361 -0.239586 0.133354 5.945202 -1.521839 7.814748 29.370131 -4.211232 32.015764 -32.164806 -12.999116 31.654375 0.739414 4.247928 -0.463868 -27.199831 -30.423508 17.483213 2.918608 1.473432 -4.047239 -14.171670 2.158036 18.532368 3.808822 5.782105 -1.329587 -5.846390 1.503988 -7.987851 -18.875725 -5.204401 -1.732508 -7.591269 -46.261543 2.263361 -4.458811 5.062006 -10.353775 16.304884 -38.724220 -13.997991 14.759299 -14.617942 10.148109 -13.069836 -16.391277 10.503413 -1.682266 2.227649 -2.325538 
-34.659657 104.812294 1.380587 15.357907 40.244096 15.697076 3.567555 13.024060 -0.224874 -8.144020 2.180172 -16.404369 2.481402 20.522173 4.968987 -5.135755 7.064565 -0.207754 2.645661 14.388035 2.559382 2.315435 0.961498 8.028986 3.599741 16.494961 2.787445 -1.682290 0.417117 -6.713428 0.569412 9.830935 3.250190 -0.804813 1.890465 4.984252 3.169796 11.707972 7.131446 -1.160192 16.217009 6.284727 9.593805 -4.561441 13.828156 6.918519 22.608724 -10.321992 -25.882071 -12.387153 17.387537 -35.237769 -11.835351 -26.417252 -22.990978 -13.498300 13.420168 -0.008890 2.632801 3.018118 -1.899879 13.938414 0.954028 7.396585 1.803207 -7.873774 -7.818570 5.043995 -14.655680 16.514375 -9.478616 -1.017035 -30.860952 2.989354 12.411376 -16.143478 11.327841 -23.552275 1.704081 -9.904591 28.023909 -7.996486 -0.773995 0.151161 5.940306 -1.515935 7.816373 29.106325 -3.254170 30.874340 -32.163784 -12.990265 31.650839 2.119479 4.702901 1.442367 -27.203268 -30.418808 17.476145 2.728942 2.283801 -4.534022 -14.165902 2.156005 18.530567 3.844142 5.635374 -1.325750 -5.857500 1.503692 -7.985497 -20.015302 -5.288744 -0.962331 -7.587603 -46.255753 2.267300 -3.013081 5.831003 -9.565136 16.314871 -38.724915 -14.001450 14.577051 -14.320508 9.868453 -13.066322 -16.391094 10.502013 -1.975923 2.043348 -2.511341 
-35.620323 104.180450 1.182203 15.103420 41.893928 15.957830 3.565797 13.016596 -0.231091 -7.350743 2.076028 -15.842610 2.484194 20.521315 4.973011 -5.205059 7.302144 -0.380560 2.637115 14.390134 2.552584 2.410994 0.830539 7.986230 3.602482 16.495941 2.784571 -1.791476 -0.209821 -7.010141 0.569858 9.832582 3.252227 -0.673790 1.736400 5.165760 3.168929 11.710572 7.124945 -1.310956 15.889506 6.526211 9.590958 -4.556989 13.827367 6.549896 23.039386 -11.096220 -25.883539 -12.390027 17.393150 -35.617350 -11.313798 -26.732484 -22.994007 -13.493011 13.424379 -0.058892 2.537676 2.923857 -1.898826 13.938632 0.954490 8.011995 2.190534 -7.628602 -7.820186 5.048427 -14.658895 17.573805 -9.065606 -1.403558 -30.860655 2.981305 12.416019 -16.198854 10.462868 -24.117688 1.703390 -9.906855 28.023788 -7.896885 -1.093334 0.136077 5.935304 -1.517529 7.816568 28.261550 -2.594261 29.995131 -32.167736 -12.983953 31.649872 3.751536 5.122612 2.523624 -27.201376 -30.412567 17.478775 2.154056 3.090789 -4.830635 -14.166982 2.155683 18.527077 3.585124 5.156576 -1.284680 -5.864213 1.505617 -7.979024 -20.745827 -5.162317 -0.504204 -7.585732 -46.254314 2.271167 -1.924501 6.211646 -9.184906 16.320286 -38.729206 -14.007173 14.662610 -14.197513 9.281143 -13.065982 -16.383404 10.509635 -2.108326 2.152654 -2.765949 
-36.101715 103.677048 0.996117 15.358741 42.727690 16.322947 3.559244 13.019721 -0.232379 -6.685824 2.023281 -15.277279 2.480413 20.522251 4.969720 -5.215821 7.606990 -0.453294 2.632166 14.385242 2.546203 2.372122 0.933402 7.844871 3.599161 16.500448 2.789075 -2.349070 -0.790136 -7.339755 0.570370 9.833600 3.250942 -0.605392 1.579383 4.963403 3.173172 11.715952 7.123858 -1.263158 15.606393 6.522663 9.592439 -4.560791 13.829104 6.424293 23.388815 -10.973221 -25.881628 -12.395537 17.398481 -36.011172 -10.532865 -26.960112 -22.994997 -13.487852 13.426488 -0.145624 2.826254 2.755634 -1.893441 13.945701 0.950084 8.329144 2.485899 -7.180695 -7.822675 5.053875 -14.661918 18.923551 -8.818251 -1.826817 -30.859161 2.977253 12.420718 -16.371470 9.939740 -24.142099 1.707256 -9.902564 28.023478 -7.350742 -0.743425 -0.049163 5.934071 -1.515657 7.813716 27.849413 -2.335162 29.210708 -32.169640 -12.988468 31.649155 4.713857 5.436780 3.569628 -27.204500 -30.408655 17.480801 1.922374 3.560885 -5.115598 -14.167515 2.157861 18.525219 3.439315 4.890229 -1.238046 -5.867293 1.507078 -7.972932 -21.306977 -5.070476 -0.356820 -7.587306 -46.261482 2.272565 -0.809996 6.657343 -8.695571 16.321213 -38.733047 -14.007521 14.288741 -14.354177 9.031528 -13.068157 -16.382311 10.510221 -2.041969 2.105559 -2.757050 
-36.014767 103.378105 0.831064 15.075537 42.606785 16.689130 3.553983 13.021057 -0.230536 -6.699245 1.869297 -15.367367 2.475794 20.525343 4.969887 -5.198405 7.426920 -0.489263 2.635421 14.389915 2.549931 2.712900 0.926446 7.686218 3.596513 16.504560 2.789186 -2.168046 -0.922784 -7.405403 0.571171 9.833600 3.250672 -0.516898 1.578541 4.676834 3.174198 11.712737 7.119833 -1.270988 15.879823 6.544236 9.591469 -4.567190 13.831510 6.349561 23.534486 -11.159890 -25.883308 -12.385252 17.397272 -35.592662 -10.475767 -27.087231 -22.995644 -13.487454 13.426211 -0.201774 2.618979 2.828837 -1.892651 13.941813 0.953771 8.727802 2.675094 -7.141432 -7.827170 5.054349 -14.663765 19.316009 -8.582327 -1.695438 -30.858578 2.975251 12.425513 -16.105806 10.028564 -23.564062 1.706197 -9.900768 28.026236 -7.287706 -0.856243 0.149658 5.937325 -1.514006 7.819739 27.540610 -1.944786 28.737826 -32.167404 -12.982334 31.649487 5.299152 5.170895 3.785237 -27.205839 -30.408329 17.480593 1.782509 3.110945 -5.638077 -14.165577 2.160437 18.526798 3.303957 4.848569 -1.963545 -5.870721 1.510739 -7.968970 -21.570665 -5.070498 -0.598196 -7.580605 -46.260120 2.270254 0.269714 6.375480 -8.341370 16.327238 -38.734596 -14.006018 14.263996 -14.662733 9.019705 -13.067805 -16.382227 10.511372 -2.029319 2.253279 -2.705609 
-35.336685 103.326256 0.706528 15.643549 42.181090 17.034975 3.555103 13.020681 -0.230467 -6.659356 1.747568 -15.000794 2.479066 20.523424 4.971298 -4.970649 7.235456 -0.636831 2.636723 14.390549 2.542738 2.914015 0.784767 7.782529 3.596568 16.504410 2.792610 -1.954385 -0.902129 -7.221641 0.574719 9.837837 3.256195 -0.490657 1.464855 4.552296 3.170512 11.717865 7.120273 -1.246862 15.659419 6.731986 9.595716 -4.565882 13.833632 6.921351 23.260628 -10.680112 -25.888268 -12.384776 17.407534 -35.707976 -10.403250 -26.992122 -22.992796 -13.486505 13.429660 -0.176927 2.618519 2.664822 -1.898092 13.943867 0.953459 8.562209 2.810019 -7.231475 -7.828620 5.054400 -14.671226 19.443850 -8.632563 -2.003432 -30.868742 2.971355 12.424779 -15.515529 9.968480 -23.148006 1.705926 -9.899190 28.021076 -7.267871 -1.054387 -0.076602 5.935480 -1.515836 7.814272 27.187886 -2.147646 28.369414 -32.169910 -12.984789 31.652512 5.621962 5.263975 3.708595 -27.203028 -30.407957 17.481873 1.697470 2.840101 -4.993073 -14.169046 2.162691 18.526274 3.611049 4.868125 -1.716958 -5.871850 1.510615 -7.964752 -21.286314 -4.821673 -0.027413 -7.587345 -46.257412 2.270674 0.362346 6.340430 -8.507719 16.331018 -38.743080 -14.010242 13.897155 -14.736837 8.946411 -13.069897 -16.387089 10.511300 -1.880532 2.356839 -2.772182 
-34.113026 103.519447 0.617984 15.269581 41.037102 16.568243 3.552699 13.026613 -0.224055 -6.886107 1.717379 -15.234582 2.480006 20.525547 4.970088 -4.792930 6.673401 -0.602199 2.641438 14.390573 2.552130 3.355440 0.835918 7.487402 3.595989 16.502192 2.797419 -1.670927 -0.692686 -7.060032 0.572859 9.840937 3.253473 -0.643919 1.624329 4.532438 3.164570 11.714204 7.129078 -1.219977 15.536701 6.505579 9.593843 -4.568935 13.836040 7.503035 22.762377 -10.431056 -25.889378 -12.374061 17.401052 -35.460754 -10.698914 -26.568609 -22.998024 -13.487949 13.421350 -0.170706 2.345350 2.809837 -1.908023 13.942039 0.953790 8.499816 2.494746 -7.448388 -7.828846 5.053322 -14.672989 18.715454 -8.754162 -1.537583 -30.868656 2.977216 12.419848 -15.045539 9.947508 -22.521695 1.702713 -9.893510 28.025915 -7.150468 -0.975852 -0.091409 5.938632 -1.516196 7.818222 27.316203 -2.166417 28.620007 -32.171917 -12.987059 31.654863 4.982261 5.009951 3.084741 -27.204489 -30.408054 17.485310 1.704783 2.476740 -4.989057 -14.168715 2.160971 18.532240 3.348350 5.119760 -1.893021 -5.873767 1.511159 -7.970273 -20.802905 -4.373330 -0.592283 -7.587069 -46.254318 2.272191 0.845507 5.996132 -8.641488 16.331497 -38.747925 -14.008609 13.493355 -14.810842 9.269018 -13.071999 -16.390553 10.509851 -1.814636 2.560716 -2.364614 
-32.419575 103.920502 0.580541 14.507552 38.548133 15.750587 3.556184 13.032617 -0.214665 -7.495723 1.654940 -15.636559 2.487322 20.526760 4.961518 -4.566523 6.139962 -0.193119 2.641885 14.393165 2.555117 3.133486 0.838524 7.102008 3.593884 16.495279 2.802301 -1.430522 -0.297642 -6.596582 0.569456 9.839616 3.248297 -0.619265 1.788940 4.287289 3.165794 11.716198 7.132372 -1.162803 15.648935 6.028979 9.600310 -4.577339 13.836004 8.103253 21.965849 -9.711951 -25.896120 -12.367613 17.403574 -35.131682 -11.251757 -26.409907 -22.996836 -13.493226 13.431000 -0.629451 2.524736 2.799523 -1.909015 13.944189 0.950608 8.413689 1.985561 -7.232264 -7.831280 5.050780 -14.673510 18.224142 -9.113111 -1.503970 -30.866257 2.980940 12.419295 -14.462555 10.353193 -21.619359 1.696994 -9.889878 28.027750 -7.323063 -0.605843 -0.125117 5.945592 -1.515398 7.816465 27.991647 -2.667595 29.062411 -32.170685 -12.992971 31.660904 3.715319 4.510020 1.763375 -27.204538 -30.413944 17.483866 2.241226 1.195010 -4.342985 -14.167251 2.164637 18.538357 3.420063 5.506713 -1.780943 -5.869058 1.506520 -7.973698 -20.018076 -4.219797 -1.191497 -7.593689 -46.258728 2.266802 0.453877 5.884780 -9.081989 16.322702 -38.749023 -14.004444 13.248800 -15.270879 9.398543 -13.074473 -16.395971 10.510039 -1.372833 2.507102 -2.075477 
-30.378212 104.496094 0.595258 14.587491 36.018060 15.836840 3.560199 13.041854 -0.203476 -8.190055 2.045327 -15.888092 2.491295 20.530308 4.954463 -4.274098 5.592968 -0.184318 2.648783 14.390546 2.558809 2.808451 0.667677 6.749467 3.595313 16.491119 2.805618 -1.269225 0.008441 -6.248989 0.573173 9.843140 3.249226 -0.659683 1.622707 4.104769 3.161434 11.714109 7.138310 -1.328120 15.509932 6.061190 9.606727 -4.580704 13.837328 9.176851 21.370069 -8.685760 -25.906754 -12.357651 17.402834 -34.987258 -11.896329 -26.313288 -22.994267 -13.504329 13.427889 -0.937683 2.506397 2.675079 -1.912298 13.945135 0.952950 7.826656 1.439676 -7.443630 -7.829385 5.048941 -14.675316 17.529783 -9.456738 -1.363577 -30.871912 2.988258 12.414182 -13.506771 10.984064 -20.075217 1.694842 -9.891485 28.025801 -7.271717 -0.672731 -0.189660 5.949682 -1.520220 7.812832 28.711714 -3.397958 29.388525 -32.170559 -12.998716 31.659361 2.227674 3.989739 0.299914 -27.198633 -30.420063 17.491362 2.723944 0.247500 -3.924663 -14.175229 2.169256 18.544899 3.519508 5.879668 -1.671384 -5.868541 1.508744 -7.974443 -18.961140 -4.114715 -2.047400 -7.599301 -46.264832 2.261463 -0.581829 5.204841 -9.544820 16.320198 -38.749821 -14.006166 13.212778 -15.629935 9.702406 -13.078167 -16.409355 10.506783 -1.282803 2.340525 -1.784661 
-28.064014 105.191551 0.675991 15.122339 32.937262 16.118027 3.559960 13.051938 -0.195825 -9.213734 1.834269 -16.480108 2.491083 20.531097 4.945726 -3.654395 4.698811 -0.092927 2.652876 14.387700 2.557545 2.876139 0.088088 6.164330 3.587986 16.486940 2.811560 -0.760433 0.822925 -5.877834 0.571392 9.844574 3.248986 -0.192650 1.570270 3.650748 3.160695 11.712172 7.152900 -1.577215 15.973929 5.454418 9.606151 -4.585191 13.836998 10.426840 20.362051 -7.325637 -25.907244 -12.340272 17.406712 -34.663743 -12.889329 -25.538351 -22.986513 -13.504051 13.422335 -1.026970 2.554089 2.552764 -1.918436 13.950200 0.957384 7.635124 0.829510 -7.672902 -7.828368 5.043319 -14.670984 16.670236 -10.198192 -0.716824 -30.881752 2.991070 12.406250 -11.990071 11.841349 -18.409464 1.699451 -9.886405 28.021486 -6.893751 -0.591978 -0.263952 5.959793 -1.521597 7.811042 29.415688 -4.449888 30.400878 -32.172256 -13.006671 31.651926 0.296992 3.283464 -1.707391 -27.183144 -30.417463 17.491564 2.922858 -0.743789 -3.209216 -14.180653 2.164868 18.546349 3.470450 6.449555 -1.923945 -5.863346 1.514221 -7.977254 -17.408429 -3.730144 -2.894716 -7.612688 -46.266014 2.251259 -1.619100 4.412108 -10.037844 16.308636 -38.753254 -14.006453 13.233986 -15.780261 10.015273 -13.075661 -16.415134 10.504441 -0.970587 2.366450 -1.420724 
-25.602123 105.913216 0.808635 15.012713 29.416361 15.970869 3.558393 13.061808 -0.182293 -10.002633 2.016223 -16.979411 2.490143 20.533909 4.933834 -3.638128 4.237558 0.369781 2.657869 14.385567 2.565429 2.387391 0.009352 5.507526 3.584089 16.482162 2.813121 -0.358938 1.312520 -4.836142 0.567498 9.843638 3.247755 0.021693 1.230747 3.319350 3.160044 11.706367 7.158509 -1.781681 16.734064 5.268781 9.609886 -4.594965 13.838566 11.299376 19.832096 -6.498586 -25.913891 -12.324464 17.408401 -34.396382 -14.297538 -25.846728 -22.980904 -13.505326 13.423535 -1.438911 2.400600 2.044770 -1.917821 13.952373 0.948970 7.334945 -0.148418 -7.952481 -7.828265 5.036481 -14.670741 16.646196 -11.279401 -0.618794 -30.881483 3.003632 12.401983 -10.422299 12.638554 -16.018626 1.704980 -9.886642 28.025583 -6.483845 -0.397245 0.010457 5.967610 -1.522200 7.814631 30.351315 -5.408528 30.985908 -32.172081 -13.012235 31.636362 -1.439557 2.397218 -3.477992 -27.173866 -30.415876 17.497862 3.109760 -1.909953 -3.191240 -14.188096 2.165173 18.548037 3.081299 6.940869 -1.819600 -5.857291 1.517672 -7.974160 -16.040380 -3.242450 -3.753211 -7.619170 -46.272530 2.240449 -2.702433 3.532854 -10.524866 16.297705 -38.749676 -14.009012 13.221948 -16.343765 10.235952 -13.083993 -16.418430 10.504674 -0.695757 2.418460 -1.109349 
-23.099972 106.592316 0.955455 15.413246 26.761919 15.982795 3.555342 13.075519 -0.170624 -10.325994 1.844448 -17.823483 2.486845 20.543461 4.922473 -3.334646 4.035582 0.308301 2.661607 14.378964 2.560280 2.187947 -0.134823 5.424218 3.576920 16.483618 2.815402 0.059442 1.956539 -4.192002 0.568917 9.839784 3.247962 0.186185 0.860034 3.147657 3.165353 11.706816 7.159550 -2.231710 17.368167 5.096845 9.614759 -4.598469 13.837006 12.556216 19.499200 -5.123499 -25.916597 -12.303842 17.410950 -34.731932 -15.396746 -25.857672 -22.967390 -13.505280 13.421466 -1.772473 2.328775 1.588790 -1.912295 13.948751 0.945512 7.797938 -0.709215 -8.154647 -7.827775 5.032907 -14.668283 16.614176 -12.491750 -0.763356 -30.890574 3.013532 12.388758 -8.512338 13.381271 -13.327022 1.708457 -9.883608 28.019009 -6.102838 -0.568542 -0.139454 5.973405 -1.521517 7.813385 31.077415 -6.691592 31.635698 -32.169586 -13.021667 31.625435 -3.200324 1.532583 -4.773977 -27.159719 -30.416109 17.503019 3.093383 -2.805114 -3.159116 -14.187523 2.157249 18.547974 3.363549 7.130118 -2.022925 -5.855950 1.514767 -7.963599 -14.880670 -3.249627 -4.432917 -7.635230 -46.271858 2.235299 -3.873937 2.779486 -10.944801 16.294312 -38.755360 -14.018782 13.344117 -16.399243 10.328763 -13.080780 -16.419003 10.510386 -0.305206 2.124978 -0.942663 
-20.633785 107.127678 1.073504 15.458366 24.992209 15.970775 3.555599 13.090217 -0.163397 -10.704689 1.624559 -18.236842 2.483471 20.548164 4.913335 -2.817920 3.690347 0.425228 2.665041 14.371291 2.561681 2.002477 -0.543869 5.592571 3.571464 16.478369 2.810146 0.770992 2.464207 -3.330563 0.569474 9.834183 3.256512 0.046816 0.784488 3.084889 3.164466 11.700738 7.162836 -2.832346 18.706218 4.927060 9.610497 -4.596689 13.831092 13.324728 19.181888 -4.147746 -25.911507 -12.286629 17.409985 -34.880164 -16.715785 -26.543251 -22.952147 -13.503996 13.423246 -1.742267 2.094529 0.729337 -1.912386 13.948854 0.943767 7.821738 -1.448572 -8.776187 -7.828466 5.025169 -14.674957 16.632639 -14.010411 -0.964136 -30.900551 3.024678 12.378383 -6.467993 13.542428 -10.299150 1.715906 -9.879194 28.018278 -5.801380 -0.544677 0.267349 5.977646 -1.525547 7.821815 31.483842 -7.378062 32.019353 -32.169617 -13.026803 31.606155 -4.730914 0.790545 -5.884084 -27.153982 -30.405527 17.501022 3.052857 -3.082179 -3.217095 -14.191690 2.153322 18.543970 3.136821 7.508680 -2.100394 -5.857125 1.512487 -7.957532 -13.939100 -3.123107 -4.577836 -7.649840 -46.261517 2.231926 -5.112465 2.397459 -11.342072 16.295546 -38.753071 -14.032620 13.469998 -16.202667 10.913485 -13.083446 -16.419170 10.514614 -0.259918 2.019960 -1.094531 
-18.214336 107.499100 1.111201 15.500723 24.138706 16.031192 3.553647 13.101193 -0.159096 -10.652803 1.297922 -18.674765 2.475136 20.551218 4.907366 -2.752546 3.371022 0.577148 2.665704 14.366241 2.562678 2.341718 -0.315831 5.361840 3.560124 16.481539 2.812153 1.139613 2.982685 -2.875537 0.572100 9.827353 3.257849 0.459363 0.552340 3.090933 3.165754 11.702314 7.163038 -3.418364 19.356543 5.084763 9.614443 -4.597497 13.828679 14.025411 19.258241 -3.197279 -25.904510 -12.274880 17.409328 -35.901670 -17.769377 -26.691531 -22.946503 -13.504284 13.428513 -1.746748 1.836459 0.033835 -1.910969 13.941963 0.945197 8.119041 -2.039678 -8.974583 -7.833904 5.032693 -14.676933 17.077766 -15.037249 -1.202928 -30.902414 3.030316 12.368331 -4.686273 13.703870 -7.416864 1.717329 -9.874804 28.013437 -5.377824 -1.218804 0.390550 5.980184 -1.530145 7.822129 31.856491 -7.775527 32.380503 -32.178894 -13.031540 31.604019 -5.646791 0.290322 -6.285425 -27.147398 -30.407085 17.499590 3.290418 -3.724217 -3.417950 -14.194264 2.146554 18.542292 3.133153 7.509536 -2.280006 -5.858512 1.511852 -7.951907 -13.305553 -3.288744 -4.922770 -7.658956 -46.254734 2.233193 -5.884197 1.814343 -11.834956 16.297834 -38.754185 -14.048459 13.273094 -16.333820 10.791350 -13.080056 -16.415489 10.517278 0.044876 2.200988 -1.210780 
-15.800474 107.665558 1.023958 15.024441 23.455720 15.893568 3.551781 13.117866 -0.153666 -10.631240 0.936790 -18.901720 2.468506 20.564047 4.905245 -2.755948 3.040876 1.055991 2.663432 14.364198 2.559561 2.655184 -0.072826 5.780595 3.544042 16.498663 2.804892 1.781894 2.861869 -2.554444 0.573804 9.831161 3.260222 0.111612 -0.060126 3.012757 3.169419 11.699776 7.164576 -4.025442 20.812744 5.174501 9.615510 -4.600569 13.828332 14.348400 19.605611 -2.359253 -25.901430 -12.262195 17.406969 -37.091499 -18.832633 -27.492842 -22.939978 -13.504071 13.430691 -1.453273 1.678802 -1.130165 -1.909131 13.931815 0.940591 8.515339 -2.347940 -9.196950 -7.833443 5.034519 -14.683306 18.499863 -16.265225 -1.912344 -30.908577 3.034052 12.359970 -2.822298 13.371535 -4.399822 1.719797 -9.871888 28.002838 -5.324257 -1.227505 0.828212 5.986122 -1.541986 7.824220 32.002462 -8.239717 32.293527 -32.184509 -13.033315 31.591520 -6.443612 0.069298 -6.429964 -27.145136 -30.403286 17.502365 3.451999 -4.547564 -4.044789 -14.195822 2.144890 18.547487 3.113565 7.368301 -2.707036 -5.868391 1.511063 -7.934433 -13.026707 -3.596562 -4.873492 -7.667050 -46.248482 2.231273 -6.457821 1.323530 -11.794567 16.301414 -38.752838 -14.069750 13.141621 -16.162832 10.942526 -13.082870 -16.411402 10.526595 0.038255 2.103822 -1.446922 
-13.355212 107.629547 0.805844 15.676415 23.776998 16.949910 3.542405 13.124781 -0.153513 -10.279897 0.954687 -18.870979 2.462478 20.562584 4.903636 -2.663220 2.957812 1.292299 2.654984 14.355512 2.561116 2.882607 0.405264 6.142935 3.533368 16.506979 2.805118 1.492174 3.049149 -2.770181 0.575998 9.824862 3.267048 0.330695 -0.535115 2.775826 3.163913 11.703715 7.163099 -4.425729 21.314177 5.124347 9.626134 -4.595721 13.825194 15.361773 19.486996 -1.938543 -25.894712 -12.258278 17.407833 -37.987832 -19.590195 -28.057625 -22.941133 -13.497334 13.437110 -1.335339 1.747148 -1.958386 -1.912920 13.923276 0.938988 8.690954 -2.873448 -9.459552 -7.827977 5.043117 -14.689272 19.798762 -16.764378 -2.645674 -30.906990 3.034708 12.351019 -1.134884 12.811386 -1.513887 1.725523 -9.866687 28.002399 -4.481800 -1.448300 1.205372 5.982161 -1.547993 7.820968 31.795490 -8.310582 32.224597 -32.189938 -13.035886 31.589273 -7.078891 0.208265 -6.643950 -27.142570 -30.393658 17.504704 3.670704 -5.612283 -4.602709 -14.201593 2.149114 18.547873 2.932332 7.211856 -3.028523 -5.873269 1.511240 -7.924145 -12.688953 -3.436902 -4.475742 -7.678339 -46.248070 2.227814 -6.832547 0.931111 -12.186378 16.313005 -38.763519 -14.080429 12.665273 -16.051925 11.162086 -13.083055 -16.407452 10.526585 0.049218 2.060649 -1.784240 
-10.815191 107.431702 0.456088 15.852946 24.451526 17.745602 3.526669 13.136419 -0.153562 -9.746192 0.710068 -19.028861 2.458100 20.577171 4.902289 -2.331499 3.240228 1.320778 2.652740 14.356834 2.560753 3.335575 0.796938 6.899426 3.523295 16.515821 2.804257 1.207788 2.526533 -3.089270 0.582023 9.822166 3.275662 0.284313 -0.788748 2.657326 3.157962 11.709899 7.161909 -4.488901 22.134063 4.987230 9.629857 -4.592140 13.817292 15.681961 20.113705 -1.876040 -25.887341 -12.262834 17.408157 -39.935611 -20.629338 -28.675258 -22.937944 -13.493015 13.442407 -0.931587 1.684999 -2.990302 -1.914953 13.921543 0.938604 9.245759 -2.991180 -9.521058 -7.819766 5.049590 -14.701468 20.987923 -17.426193 -3.122389 -30.910646 3.036199 12.348171 0.601983 12.299903 1.438899 1.726472 -9.855223 27.999500 -3.950269 -1.383569 1.730007 5.977911 -1.557260 7.826717 31.338042 -8.318925 31.707459 -32.198761 -13.043301 31.589184 -7.247317 0.410055 -6.329389 -27.146046 -30.392139 17.502197 4.030869 -6.132746 -5.446227 -14.207218 2.148090 18.555023 3.011069 6.336423 -3.443797 -5.882871 1.511550 -7.910981 -12.472360 -3.147294 -4.022523 -7.683284 -46.247303 2.226163 -6.989819 0.840450 -12.441456 16.324430 -38.769894 -14.093758 11.967291 -15.812462 11.518188 -13.091108 -16.405207 10.526704 -0.249366 2.010958 -2.152044 
-8.117984 107.131584 0.005804 16.446594 25.292274 18.921624 3.510490 13.142472 -0.160369 -9.462733 0.727076 -19.145217 2.447708 20.585577 4.903786 -2.307578 3.338212 1.634010 2.644891 14.357144 2.566419 3.365212 0.937266 7.253772 3.516278 16.525429 2.803513 0.855548 1.621800 -4.125009 0.583044 9.822755 3.289183 0.185976 -1.163925 2.846189 3.155981 11.718453 7.151686 -5.182046 23.267234 4.432566 9.631644 -4.588120 13.814622 16.561708 20.877585 -1.846054 -25.871988 -12.262755 17.406120 -42.586182 -21.604764 -28.505547 -22.947405 -13.480766 13.450590 -0.338945 1.548429 -4.329172 -1.919307 13.917456 0.936369 9.758051 -3.032981 -9.829202 -7.815507 5.053215 -14.704613 23.255558 -18.297571 -4.061797 -30.913376 3.029004 12.347507 2.292079 11.285615 4.218370 1.732676 -9.846393 28.001549 -3.452107 -1.358501 2.125947 5.976135 -1.564324 7.828439 30.836436 -8.376060 31.162806 -32.209667 -13.044601 31.583458 -7.366872 0.800087 -5.674229 -27.148401 -30.377794 17.505495 4.218727 -7.284337 -6.271247 -14.212151 2.150894 18.562748 3.359817 5.690912 -3.676072 -5.898796 1.519423 -7.890678 -12.777895 -2.779152 -3.180703 -7.695438 -46.256187 2.230525 -6.953232 0.931211 -12.178889 16.332329 -38.777542 -14.109236 11.277864 -15.676174 11.921885 -13.094124 -16.397905 10.535420 -0.630199 2.155206 -2.477726 
-5.198880 106.807343 -0.506131 17.690448 26.692641 20.460376 3.494453 13.151654 -0.162640 -8.482504 0.932120 -19.101732 2.438793 20.595509 4.905214 -2.165764 4.223337 1.771461 2.640368 14.360251 2.570822 3.253304 1.194929 7.502207 3.513109 16.524910 2.803006 0.412286 0.105408 -4.831475 0.585267 9.826867 3.301801 -0.003192 -1.258403 3.233253 3.155633 11.728474 7.131576 -5.613190 24.490354 3.840476 9.637726 -4.581067 13.814143 17.246707 22.622666 -2.132386 -25.856657 -12.280069 17.395908 -45.284380 -23.006242 -29.522987 -22.959162 -13.475509 13.463589 0.138413 1.198707 -5.579148 -1.924956 13.916899 0.931273 10.518913 -3.150103 -9.654698 -7.812646 5.058508 -14.716756 26.051754 -18.647893 -5.745908 -30.908817 3.024161 12.355994 3.903088 10.825838 7.162233 1.732110 -9.836491 28.008158 -2.596340 -1.135170 2.659513 5.970436 -1.578433 7.831900 30.477131 -8.556642 30.978986 -32.219070 -13.048999 31.593374 -7.555732 1.136963 -5.103762 -27.155378 -30.371153 17.518835 4.581404 -8.265000 -7.482254 -14.216878 2.157999 18.575342 3.608463 4.815720 -3.696384 -5.906981 1.514273 -7.873446 -13.322475 -2.706739 -2.537375 -7.695156 -46.270863 2.231949 -7.572452 1.044865 -11.689917 16.342583 -38.779774 -14.120925 11.431374 -16.010549 12.334295 -13.104664 -16.387829 10.541506 -1.465529 2.250024 -3.143582 
-1.983203 106.481689 -1.058747 19.766332 27.803842 22.525127 3.475959 13.158268 -0.177326 -7.691090 0.926922 -18.564056 2.430497 20.604134 4.902517 -1.800232 4.657523 1.529978 2.633234 14.365881 2.569575 3.459796 1.415358 7.260315 3.513336 16.523817 2.803694 -0.178120 -1.048480 -6.037791 0.585616 9.829739 3.313383 0.211981 -1.101025 3.663410 3.158416 11.738838 7.105443 -6.064469 25.618520 3.420374 9.640603 -4.576152 13.812676 18.145040 24.965356 -2.023238 -25.832041 -12.297379 17.385431 -48.936448 -24.237618 -29.525675 -22.974995 -13.459214 13.474581 0.927441 0.745840 -6.868257 -1.933327 13.913330 0.923881 11.512605 -3.131488 -9.853938 -7.808470 5.064099 -14.722626 28.748604 -19.127007 -7.441759 -30.911297 3.017684 12.364539 5.873341 9.749153 10.439298 1.735089 -9.827788 28.011990 -1.580116 -1.048978 2.625726 5.961161 -1.598223 7.831319 30.034705 -9.153456 30.902638 -32.229652 -13.050805 31.597233 -7.274239 1.406785 -4.210071 -27.156317 -30.364162 17.526030 4.926804 -9.353011 -8.433187 -14.214521 2.167091 18.584198 4.449363 3.647615 -3.389512 -5.919772 1.512668 -7.857231 -14.256403 -2.309258 -1.292806 -7.692419 -46.287659 2.243847 -8.357026 0.784154 -11.598717 16.352379 -38.782452 -14.127451 11.399635 -16.480538 12.694967 -13.124810 -16.375053 10.541569 -2.460895 2.414942 -3.510045 
1.615742 106.152412 -1.633178 22.248122 29.016409 24.179756 3.461625 13.167796 -0.191149 -6.618156 0.562029 -18.721888 2.426549 20.622261 4.899644 -1.873606 5.324434 1.424449 2.639392 14.368512 2.561692 3.595236 1.519392 7.443282 3.516637 16.521187 2.811221 -0.652025 -2.245759 -6.999306 0.580074 9.839979 3.327875 0.054919 -0.862040 4.261048 3.160337 11.748858 7.086524 -6.606439 26.486029 2.914914 9.649124 -4.573363 13.814191 18.834979 27.803774 -1.917340 -25.811661 -12.316978 17.372530 -52.465483 -25.252821 -29.380428 -22.981493 -13.443755 13.494033 1.490598 0.871517 -7.993010 -1.928767 13.912003 0.910713 12.703324 -2.727876 -9.732132 -7.801928 5.067715 -14.736997 31.711643 -19.388749 -9.175481 -30.904446 3.021962 12.373459 8.024630 8.829210 13.614118 1.735886 -9.811787 28.015480 -0.451281 -0.956298 2.835863 5.947058 -1.622844 7.836545 29.796946 -9.847235 31.460688 -32.236237 -13.061028 31.597979 -6.877902 1.965614 -3.114101 -27.145189 -30.348063 17.542046 4.730602 -9.744743 -9.310395 -14.214433 2.171506 18.599703 5.138932 2.223680 -3.597119 -5.932160 1.509214 -7.842203 -15.311857 -2.435897 -0.117396 -7.685865 -46.304550 2.253082 -8.845028 0.724092 -11.325463 16.357737 -38.784740 -14.136972 12.219017 -17.348522 13.151419 -13.134670 -16.359852 10.539570 -3.208507 2.142397 -3.581538 
5.655804 105.795021 -2.179421 25.036233 30.205033 25.953532 3.465717 13.167929 -0.206738 -5.405779 0.102879 -18.504572 2.428892 20.635403 4.899439 -1.927791 6.056504 1.310441 2.642151 14.362171 2.546206 3.532952 1.562107 6.955887 3.522250 16.530844 2.812710 -1.047892 -3.502455 -8.197558 0.578787 9.851963 3.332694 -0.605078 -0.534923 3.950961 3.171323 11.754293 7.073043 -7.313612 27.845974 2.575452 9.659664 -4.572736 13.816710 18.653680 31.117526 -1.560246 -25.790800 -12.325939 17.365969 -54.901696 -25.277359 -29.292113 -22.973343 -13.440224 13.511160 1.557508 1.172436 -9.253233 -1.922352 13.915474 0.899662 13.804981 -2.401805 -9.225836 -7.808107 5.067312 -14.738252 35.449853 -19.092826 -11.264541 -30.899361 3.018082 12.383714 10.489841 8.069068 16.672577 1.737514 -9.803677 28.007383 0.490452 -1.045689 3.056020 5.940246 -1.646097 7.832576 29.068903 -10.943172 32.187301 -32.238884 -13.085444 31.602863 -5.766035 2.304453 -1.808970 -27.117561 -30.324062 17.545967 3.790890 -9.942762 -9.068119 -14.206109 2.178405 18.612408 6.215024 0.795920 -3.340229 -5.939767 1.505380 -7.831674 -17.027559 -3.265276 1.355515 -7.665382 -46.319977 2.260351 -9.366676 0.435736 -10.995648 16.351772 -38.788387 -14.151619 13.486621 -18.348024 13.114549 -13.140956 -16.338415 10.536637 -3.891974 1.927946 -3.594830 
10.070195 105.400398 -2.688810 27.701162 30.446077 26.524654 3.481783 13.166655 -0.217603 -4.495123 -0.070858 -18.988826 2.435301 20.646843 4.888949 -2.536159 7.113824 1.488142 2.655705 14.353199 2.537904 3.623759 2.352755 6.520933 3.526360 16.537704 2.811688 -1.812478 -4.483902 -8.506128 0.576525 9.855098 3.329155 -1.173687 0.314243 3.323938 3.175369 11.764599 7.071549 -7.309125 28.963011 2.627666 9.672589 -4.593342 13.807580 18.494687 34.599846 -1.952966 -25.783491 -12.331991 17.372736 -55.766702 -24.537168 -29.421552 -22.965126 -13.437015 13.524620 1.254015 1.535277 -9.497051 -1.900714 13.912168 0.891049 14.159264 -2.801384 -7.822890 -7.818136 5.067320 -14.743549 39.337716 -18.648937 -13.262629 -30.894512 3.029967 12.383320 12.073865 7.852736 19.164915 1.739000 -9.806667 28.002619 0.572394 -1.108558 3.486071 5.943284 -1.665377 7.842920 28.531560 -11.850633 32.651805 -32.235924 -13.118751 31.614756 -4.243313 1.899174 -1.154940 -27.104395 -30.307571 17.549950 2.618698 -9.425261 -8.613644 -14.210321 2.177478 18.625162 7.314414 -0.655869 -3.004198 -5.944032 1.510858 -7.822609 -19.174621 -4.532566 2.000294 -7.647665 -46.343243 2.257350 -9.524029 0.570935 -10.215098 16.339247 -38.789726 -14.165950 15.239996 -19.604914 12.603040 -13.141657 -16.331772 10.521451 -4.146559 1.443531 -3.470684 
14.437608 104.956718 -3.111798 29.687537 30.202502 26.549357 3.491904 13.172826 -0.223500 -3.934642 -0.081025 -19.261687 2.437437 20.662558 4.879259 -3.264887 7.348802 1.178347 2.666431 14.345961 2.540153 4.248922 2.963339 6.379111 3.529902 16.535549 2.818040 -2.130917 -4.700236 -8.471595 0.568139 9.856767 3.327476 -0.539744 0.863021 2.485681 3.171762 11.775698 7.076018 -6.839707 29.430780 1.946310 9.671341 -4.611938 13.808086 18.118602 37.412870 -1.903104 -25.779886 -12.335599 17.383554 -54.727762 -22.976386 -28.794271 -22.949804 -13.433653 13.526829 1.488021 2.251275 -8.834479 -1.889333 13.916658 0.897415 14.119932 -2.761404 -7.315861 -7.831133 5.067371 -14.750161 41.109491 -19.229631 -14.272150 -30.891569 3.039028 12.391486 13.596245 7.069299 20.236529 1.738488 -9.806070 27.995237 0.258870 -2.246467 3.259726 5.947497 -1.675094 7.859172 27.709258 -12.528365 33.053690 -32.231533 -13.147326 31.631962 -2.917977 0.968869 -0.482851 -27.086756 -30.311113 17.550314 1.219988 -7.780913 -7.502179 -14.211580 2.170649 18.626049 8.052246 -1.622496 -2.933947 -5.947705 1.517861 -7.817743 -21.158504 -4.753597 3.021331 -7.641447 -46.362072 2.246558 -8.678197 1.073958 -9.319038 16.338577 -38.783958 -14.180057 17.142421 -20.340421 11.717518 -13.140349 -16.336960 10.501324 -3.762243 1.309178 -3.715481 
18.248598 104.457626 -3.448614 31.063717 29.763710 26.374041 3.492728 13.173479 -0.229570 -3.245939 0.101356 -19.059836 2.442123 20.660057 4.872051 -4.003964 7.381678 1.272886 2.678563 14.344269 2.545638 4.815930 3.913026 6.014230 3.537709 16.527718 2.816212 -2.632240 -4.845259 -8.247372 0.565666 9.854737 3.322800 0.749640 1.647586 1.834640 3.163743 11.794703 7.077222 -6.127428 30.475525 1.333016 9.670317 -4.627049 13.807608 17.667171 39.970677 -2.472104 -25.778275 -12.337849 17.393435 -53.531396 -21.627118 -28.711957 -22.948423 -13.426798 13.525949 1.784149 2.489130 -8.122221 -1.889079 13.914495 0.900792 13.823622 -2.877333 -7.095850 -7.842501 5.070351 -14.746833 42.211553 -20.350953 -15.657464 -30.885412 3.041488 12.397755 14.603132 5.975467 20.717024 1.736460 -9.806790 27.992971 -0.255252 -3.439238 2.778462 5.947850 -1.679069 7.871773 26.588157 -12.531072 32.980238 -32.227711 -13.162375 31.653700 -1.809722 -0.358794 0.144603 -27.087965 -30.306145 17.544430 0.095874 -6.049970 -6.368382 -14.207133 2.165562 18.624851 8.365839 -2.561449 -2.551503 -5.948619 1.518250 -7.813972 -22.583669 -4.461454 3.867027 -7.631978 -46.370564 2.233647 -8.167021 1.068398 -9.045898 16.334558 -38.772057 -14.191921 18.567977 -21.399573 11.101743 -13.143761 -16.342163 10.490715 -3.141605 1.500671 -3.498984 
21.182991 103.959496 -3.675843 31.937804 28.998432 26.373216 3.488722 13.178214 -0.229169 -2.747265 0.478350 -18.808543 2.438922 20.652205 4.873752 -4.676273 7.254575 1.368035 2.679650 14.342224 2.551262 5.175646 4.624331 5.973621 3.545267 16.521278 2.817000 -2.906872 -4.505806 -8.044473 0.556861 9.854656 3.320364 1.593969 1.757556 1.757558 3.160161 11.809737 7.083916 -6.219973 31.350244 0.573470 9.669960 -4.641967 13.811215 17.092038 41.580102 -3.000921 -25.775621 -12.323152 17.397924 -51.879617 -19.934162 -28.611876 -22.948332 -13.413822 13.522564 2.311815 2.507549 -7.136497 -1.891708 13.920784 0.902398 13.579204 -2.918194 -7.395895 -7.843764 5.064696 -14.736999 42.640857 -22.175579 -17.148057 -30.884523 3.038561 12.400347 14.969647 4.339629 20.817599 1.738737 -9.804637 27.992876 -0.767151 -4.275228 2.647965 5.954008 -1.671165 7.876969 25.036644 -12.801887 33.143237 -32.225235 -13.171409 31.664219 -1.408506 -1.255514 0.581413 -27.080637 -30.301771 17.540228 -0.844946 -4.087197 -5.974844 -14.205513 2.171129 18.613953 8.146404 -2.685699 -2.133537 -5.946049 1.517664 -7.808048 -23.603768 -4.251026 4.677278 -7.633361 -46.375317 2.228891 -7.397700 1.131572 -8.980935 16.331421 -38.760906 -14.194903 19.561607 -21.774780 10.712553 -13.141987 -16.338068 10.485167 -2.438730 1.506187 -3.389354 
23.060314 103.531387 -3.810067 32.696460 28.733349 26.195275 3.482716 13.177435 -0.229134 -2.577011 0.542221 -18.853774 2.440388 20.648237 4.865997 -4.749715 7.118881 1.107294 2.686723 14.349741 2.559892 5.257936 4.611752 5.934679 3.548071 16.512083 2.821793 -3.200298 -4.448835 -7.870988 0.557666 9.850976 3.321064 2.308879 1.862892 1.429892 3.151570 11.814148 7.090780 -5.971809 32.050215 -0.044465 9.663369 -4.640853 13.816663 16.571407 42.982036 -3.621898 -25.773945 -12.315456 17.404085 -50.726565 -18.594370 -28.218583 -22.945847 -13.417653 13.521443 2.264942 2.507870 -6.451949 -1.892511 13.925892 0.905523 13.272477 -3.125483 -7.806329 -7.850414 5.054870 -14.724305 42.399714 -24.030701 -17.830996 -30.880993 3.037757 12.404283 15.073749 3.458412 20.707595 1.741223 -9.804271 27.993118 -1.016264 -4.968465 2.369847 5.954326 -1.664651 7.879936 23.875838 -13.257445 32.806628 -32.219681 -13.174777 31.671606 -0.919446 -2.365270 1.221557 -27.077791 -30.300402 17.544172 -1.782222 -2.773629 -5.397292 -14.209598 2.172349 18.607742 7.953631 -2.986437 -2.145631 -5.945014 1.528861 -7.810367 -24.083838 -3.865840 4.693521 -7.629824 -46.379807 2.220536 -6.510901 1.212046 -8.709194 16.329493 -38.753517 -14.200040 20.706989 -22.034530 10.033338 -13.135492 -16.344175 10.478430 -2.186385 1.694429 -3.388568 
23.748077 103.262016 -3.857631 32.953672 28.708856 25.924948 3.482572 13.175794 -0.230780 -2.230748 0.513852 -18.714092 2.442112 20.648966 4.870333 -4.836325 7.225303 1.138136 2.678442 14.342351 2.554816 5.645832 4.622773 5.443703 3.551188 16.511213 2.817754 -3.058973 -4.321784 -8.091186 0.562913 9.855241 3.319595 2.206174 1.903483 1.017497 3.151863 11.814467 7.094718 -5.938670 32.146712 -0.296337 9.663671 -4.644097 13.809896 16.936451 43.275799 -3.574422 -25.770081 -12.315842 17.402233 -49.911078 -17.979349 -28.248747 -22.940882 -13.417570 13.523284 2.170128 2.631334 -6.272763 -1.899826 13.928354 0.902272 13.623097 -3.247478 -7.704524 -7.845409 5.051330 -14.724709 42.586591 -24.463456 -18.329147 -30.879522 3.033298 12.406677 15.239178 2.618855 20.470960 1.743041 -9.803192 27.995720 -0.673298 -5.042611 2.337035 5.952882 -1.665846 7.876452 23.517279 -13.048816 32.226636 -32.220665 -13.174502 31.670513 -0.887080 -2.637701 1.612977 -27.077480 -30.299976 17.538939 -2.043615 -1.786240 -5.274879 -14.204363 2.177509 18.607424 7.960774 -3.268285 -1.940752 -5.950254 1.521630 -7.812881 -24.089729 -3.688590 4.867466 -7.626654 -46.371632 2.220844 -6.056377 1.101217 -8.859137 16.329866 -38.749352 -14.198937 21.031117 -22.020595 9.815366 -13.138605 -16.342564 10.476910 -2.089636 2.019106 -3.646849 
23.043388 103.238609 -3.797990 32.921109 28.540881 26.338920 3.483880 13.180655 -0.229607 -2.436275 0.517055 -19.051529 2.441983 20.651367 4.867146 -4.785284 7.451342 1.219786 2.683712 14.347723 2.557440 5.617188 4.551938 5.914839 3.547239 16.514439 2.819149 -3.366054 -4.346549 -8.061356 0.560018 9.850520 3.316339 2.317045 2.138439 1.116787 3.153378 11.812560 7.099930 -5.662394 32.103713 -0.034281 9.661015 -4.643439 13.814499 16.634560 42.684202 -3.721150 -25.777927 -12.312865 17.401920 -50.044219 -18.136444 -28.275889 -22.945126 -13.418625 13.521059 2.214188 2.751814 -6.380826 -1.893852 13.928937 0.907126 13.664174 -3.161831 -7.774125 -7.844137 5.054156 -14.723565 42.476530 -23.985454 -17.801763 -30.883598 3.036236 12.403502 15.072440 3.189546 20.713829 1.740839 -9.803196 27.997282 -0.984000 -4.625075 2.281737 5.956779 -1.665633 7.878479 23.490716 -13.161459 32.592355 -32.220604 -13.177405 31.668640 -0.650856 -2.316541 1.484546 -27.080725 -30.302532 17.539671 -1.892143 -2.220413 -5.359039 -14.208826 2.171499 18.608904 7.847635 -3.045836 -2.251438 -5.946824 1.527759 -7.812545 -24.094630 -4.046423 4.726572 -7.634378 -46.376415 2.220196 -6.079896 1.538589 -8.707495 16.329815 -38.758297 -14.192581 20.384527 -21.934096 10.404427 -13.139807 -16.342909 10.478217 -2.112138 1.958122 -3.695439 
20.720581 103.520515 -3.635803 32.290839 29.224464 26.624781 3.489649 13.177125 -0.227450 -2.833082 0.360253 -18.953083 2.445975 20.656780 4.875374 -4.300399 7.658315 1.572514 2.681684 14.343431 2.553466 5.361319 4.431616 5.712568 3.541465 16.523428 2.814717 -2.881704 -4.511381 -8.013768 0.559823 9.857126 3.319758 1.192201 2.262574 1.487377 3.160805 11.804220 7.090794 -5.557076 31.120278 0.765724 9.664895 -4.639252 13.808961 16.602037 41.111148 -4.017786 -25.782814 -12.330391 17.394953 -51.319883 -19.809953 -28.516697 -22.952703 -13.419053 13.523774 2.185723 2.614876 -7.112460 -1.888570 13.918843 0.903874 13.507636 -2.998071 -7.427814 -7.842977 5.060186 -14.742432 42.371727 -21.597960 -16.696087 -30.891140 3.041015 12.401332 14.894397 4.413086 20.711931 1.738058 -9.806259 27.998581 -0.605709 -4.032319 2.473775 5.958055 -1.673962 7.873519 24.671024 -12.236411 32.420463 -32.228760 -13.170598 31.662756 -0.886507 -1.329233 1.208990 -27.085293 -30.308115 17.546600 -0.858428 -3.782014 -6.019406 -14.212552 2.168253 18.623978 8.069801 -2.567910 -2.534845 -5.944479 1.522588 -7.811690 -23.592394 -4.191162 4.505403 -7.632812 -46.380650 2.227486 -6.723164 1.248688 -8.489927 16.339334 -38.768848 -14.192533 19.437477 -22.011263 11.155349 -13.145645 -16.345726 10.484737 -2.547696 1.624884 -3.548219 
16.617308 104.082771 -3.319822 31.597999 30.483742 26.888506 3.494767 13.169999 -0.222926 -3.212910 0.610014 -19.244902 2.450600 20.666531 4.875948 -3.610702 7.730596 1.532570 2.678614 14.339579 2.548461 4.618206 3.804883 5.493957 3.533951 16.531361 2.813983 -2.624485 -4.574509 -8.292338 0.561570 9.862808 3.318056 -0.963634 2.007637 2.141166 3.164941 11.788516 7.083246 -6.172279 29.390823 1.559612 9.674999 -4.619049 13.805505 17.418668 38.106431 -4.017283 -25.792631 -12.349641 17.388666 -53.396838 -21.419260 -28.913236 -22.955313 -13.426144 13.520130 1.808376 2.674531 -8.012439 -1.889548 13.911312 0.901065 13.440126 -3.556708 -6.877170 -7.837306 5.073216 -14.756809 41.923114 -18.799402 -15.042844 -30.898598 3.050205 12.395430 13.858263 6.775001 19.886359 1.733093 -9.811808 28.005133 0.070471 -2.621920 2.957654 5.948622 -1.677679 7.861230 26.331383 -11.687163 32.254510 -32.237820 -13.162139 31.650810 -1.867174 0.782453 0.878464 -27.086956 -30.309280 17.559004 0.453155 -6.344209 -6.811558 -14.222836 2.172581 18.633837 8.117581 -1.676897 -3.025818 -5.953421 1.521050 -7.812992 -22.329072 -4.674016 3.339535 -7.636821 -46.381668 2.240853 -7.274343 0.941004 -8.435072 16.347315 -38.796478 -14.183092 17.830769 -21.635632 12.148836 -13.143099 -16.344065 10.497031 -3.408401 1.163051 -3.621755 
11.005382 104.807747 -2.820556 29.544895 31.501594 27.802024 3.485200 13.164163 -0.216955 -4.104410 0.333631 -19.148920 2.445387 20.662603 4.891840 -2.209552 7.756925 2.045111 2.659381 14.341733 2.542426 3.959399 2.646065 6.262881 3.531655 16.542431 2.804127 -1.884180 -4.710903 -8.635201 0.574015 9.868566 3.327801 -2.539104 0.840594 3.077567 3.175867 11.765796 7.077569 -6.424299 28.358595 2.632108 9.675041 -4.588413 13.803335 18.062756 34.222369 -3.576130 -25.799961 -12.359048 17.372850 -54.725740 -23.360830 -29.511905 -22.957865 -13.438728 13.520931 1.564550 1.979369 -9.471047 -1.903640 13.908175 0.893101 13.325911 -3.654317 -7.051495 -7.823736 5.070026 -14.767327 40.517068 -17.269075 -13.243772 -30.910702 3.041373 12.390230 12.356439 7.607344 18.602939 1.731637 -9.811221 28.011440 0.620500 -0.892701 3.329750 5.940792 -1.676409 7.837717 27.964932 -10.768128 31.548398 -32.248268 -13.130737 31.630692 -3.932429 2.544563 0.088953 -27.104855 -30.308277 17.559479 2.287248 -8.926452 -8.144598 -14.227917 2.185451 18.647654 7.960133 -0.595562 -3.258356 -5.952272 1.511409 -7.820950 -19.880475 -4.402141 2.951813 -7.649401 -46.364662 2.263561 -8.247187 0.555782 -9.199252 16.361403 -38.818924 -14.165424 15.042365 -20.479745 13.816160 -13.139828 -16.337360 10.518431 -4.495649 1.476571 -3.582143 
4.816548 105.591011 -2.087916 25.837894 30.515810 26.868236 3.459789 13.170150 -0.195897 -5.787617 0.926377 -19.307307 2.432509 20.649920 4.902158 -1.149005 6.465367 2.119959 2.644012 14.350382 2.561546 3.401901 1.662406 6.938046 3.523684 16.531914 2.807651 -1.156835 -3.765915 -8.224368 0.577267 9.856792 3.331421 -2.715711 -0.204934 4.258406 3.179821 11.747053 7.080388 -6.318452 27.332366 2.413060 9.652507 -4.560982 13.816254 18.687486 29.803715 -3.102832 -25.804501 -12.352685 17.355742 -53.802694 -24.509220 -29.651770 -22.981253 -13.443415 13.509398 1.764985 1.420348 -9.615183 -1.920022 13.912731 0.905300 12.159523 -4.185441 -8.265300 -7.805846 5.066422 -14.766827 35.896346 -17.687374 -10.890129 -30.913774 3.032864 12.386240 9.210258 8.617741 16.251436 1.728960 -9.809011 28.037270 0.344852 -0.210313 2.951072 5.939801 -1.648359 7.823818 29.374291 -9.891815 31.384009 -32.257774 -13.083309 31.619642 -6.940244 2.970016 -1.116155 -27.140835 -30.335854 17.557304 4.705846 -10.198103 -9.423568 -14.233497 2.189121 18.630365 6.493915 1.890547 -3.811596 -5.940201 1.506038 -7.838836 -17.068725 -3.321661 1.354700 -7.678169 -46.347103 2.268669 -8.966913 0.435855 -10.247272 16.379221 -38.823631 -14.145646 12.733087 -19.004535 15.014545 -13.133989 -16.351179 10.543440 -4.354636 1.823767 -3.863012 
-1.040453 106.357620 -1.187930 21.436095 29.071484 24.427436 3.471382 13.171111 -0.176817 -7.613838 1.104839 -19.052565 2.432611 20.636770 4.908455 -0.730605 5.239881 2.710513 2.635910 14.345072 2.564659 3.507859 1.602754 7.589012 3.524589 16.531353 2.797773 -0.018493 -1.839280 -6.291154 0.583036 9.848093 3.318507 -2.230153 -0.781388 4.152922 3.175897 11.734162 7.109978 -5.288602 25.949919 3.299429 9.641308 -4.563326 13.816280 18.210025 25.266154 -2.760552 -25.836552 -12.329782 17.368063 -49.686115 -23.811793 -29.898296 -22.973434 -13.458008 13.485122 1.523293 1.324422 -7.995213 -1.926879 13.916480 0.925816 10.454219 -4.473219 -8.687732 -7.801237 5.063927 -14.761952 30.368759 -18.172978 -8.259247 -30.927326 3.033822 12.373661 6.029531 9.658635 11.416795 1.723308 -9.818748 28.035151 -1.253673 -0.235989 2.297959 5.950314 -1.615176 7.819411 30.027728 -8.763881 31.076978 -32.261063 -13.057575 31.610725 -8.502455 2.640423 -2.795265 -27.163950 -30.364576 17.526670 5.009506 -9.131940 -8.674951 -14.234677 2.179907 18.611380 5.083927 4.154311 -4.176195 -5.919616 1.501238 -7.857166 -14.897208 -3.008759 0.316185 -7.701612 -46.322353 2.265615 -8.678017 0.602637 -10.914086 16.380466 -38.826984 -14.126192 11.271434 -17.201270 15.141691 -13.118819 -16.374376 10.553420 -3.130290 2.286552 -4.013272 
-6.584436 107.008087 -0.281594 18.144643 26.710015 21.430092 3.498734 13.157014 -0.158852 -9.432793 0.976422 -19.608824 2.448047 20.620590 4.906555 -0.931362 4.567596 2.617490 2.645388 14.342737 2.570577 3.030672 1.409338 7.290881 3.525875 16.529598 2.792726 0.525387 0.242168 -4.554434 0.581821 9.837768 3.298214 -2.361142 -1.040337 3.261512 3.171688 11.717813 7.144768 -4.590237 24.222269 4.122488 9.631441 -4.568584 13.818308 16.901634 21.563338 -2.500857 -25.878283 -12.301541 17.388624 -43.765011 -21.593744 -29.389952 -22.953709 -13.485543 13.465723 0.198754 1.909757 -5.940195 -1.924538 13.922746 0.941421 8.783275 -4.611050 -8.625897 -7.811821 5.053425 -14.749990 25.673228 -16.922352 -5.301609 -30.931128 3.039111 12.358344 2.780011 11.301263 6.326280 1.718629 -9.841892 28.029808 -3.023259 -0.075219 2.078503 5.969154 -1.581046 7.817626 30.803624 -7.935734 31.304304 -32.248142 -13.050084 31.611645 -8.896424 2.074487 -4.746634 -27.172371 -30.382530 17.514406 4.830206 -8.060298 -6.858792 -14.238318 2.170720 18.593079 4.253559 6.186667 -4.293406 -5.897438 1.511883 -7.889480 -13.432629 -3.206457 -1.894113 -7.704733 -46.304661 2.248361 -7.709297 0.523217 -11.104409 16.367281 -38.828960 -14.111135 11.014146 -16.288108 14.447534 -13.097805 -16.398581 10.550171 -1.784987 2.293832 -3.208580 
-12.096140 107.418022 0.473520 16.176772 25.123384 18.768380 3.537068 13.139415 -0.152075 -10.851188 1.067223 -19.580110 2.469465 20.599092 4.911915 -1.280198 3.560747 1.960276 2.659181 14.346529 2.563490 2.981864 0.701302 6.228400 3.539389 16.522867 2.797076 1.403241 2.024408 -3.494280 0.578751 9.839511 3.272942 -1.905793 -0.461356 2.734402 3.178925 11.699056 7.168586 -3.575924 21.922826 5.151722 9.625882 -4.579173 13.828233 15.776914 19.484798 -2.192731 -25.905214 -12.283468 17.400955 -38.588233 -18.866070 -28.311742 -22.947622 -13.507624 13.453350 -1.073852 1.985616 -3.678119 -1.909867 13.930364 0.950072 7.673800 -3.970465 -8.333942 -7.821362 5.045119 -14.733690 21.469250 -15.386009 -3.414497 -30.927189 3.041758 12.364578 -0.610287 12.927345 0.743547 1.720423 -9.857702 28.031752 -4.034670 -0.139252 1.238987 5.978874 -1.559613 7.808378 31.325177 -7.442658 31.635732 -32.226585 -13.041653 31.610464 -8.430853 1.109535 -5.466928 -27.164631 -30.399694 17.504766 4.329858 -6.435856 -4.821829 -14.227331 2.163107 18.575487 3.645851 7.679336 -4.060032 -5.879776 1.509802 -7.925598 -12.941858 -3.975589 -3.402477 -7.688014 -46.288773 2.242141 -6.927789 0.596271 -11.406518 16.346800 -38.818047 -14.090205 11.905591 -16.684117 13.254591 -13.079469 -16.421715 10.539452 -0.706925 1.949929 -2.467835 
-17.776278 107.520874 1.038778 16.295416 24.915007 17.340696 3.557951 13.119555 -0.155034 -11.424464 1.458064 -19.315299 2.486205 20.578432 4.918089 -1.665700 3.678314 1.419394 2.669989 14.349698 2.564189 2.438471 0.069772 5.419863 3.561281 16.499275 2.802440 1.321468 2.469736 -3.143991 0.570676 9.847186 3.253434 -1.688649 0.391614 3.332790 3.182546 11.693950 7.169088 -2.650220 20.021789 5.454731 9.613006 -4.590038 13.834804 14.364895 18.940234 -3.473306 -25.913218 -12.293275 17.397835 -36.057894 -17.092127 -26.461693 -22.952009 -13.505892 13.437675 -1.156065 2.057431 -1.054067 -1.903493 13.944446 0.949548 6.773371 -3.084014 -7.802472 -7.828933 5.030724 -14.713775 18.188350 -13.866103 -2.121400 -30.919907 3.040522 12.370603 -4.828498 14.028088 -6.246306 1.710222 -9.870502 28.033503 -5.273043 0.044054 0.238418 5.981756 -1.538959 7.806553 31.751979 -7.356880 32.439413 -32.201759 -13.035459 31.612560 -6.968861 0.950883 -5.337716 -27.166304 -30.413883 17.497187 3.638131 -4.436392 -3.582715 -14.213031 2.158205 18.567011 3.821763 8.586852 -2.899597 -5.855489 1.510087 -7.953399 -13.494616 -4.191329 -4.004936 -7.666949 -46.287651 2.246530 -6.133846 1.320915 -10.987947 16.324987 -38.797619 -14.049419 12.805075 -17.006888 12.876542 -13.078546 -16.428621 10.531358 -0.350094 2.191428 -1.535248 
-23.344248 107.410416 1.526100 16.633857 26.659774 17.065030 3.567221 13.090894 -0.175631 -11.373024 1.586688 -18.701217 2.494043 20.561245 4.928556 -2.638412 4.700650 0.976568 2.674495 14.364139 2.568725 1.665912 -0.131819 5.434578 3.585338 16.487324 2.804618 0.337188 2.144280 -3.600123 0.571109 9.846581 3.249862 -1.317443 1.260953 3.589567 3.182179 11.695586 7.167074 -1.780951 18.681384 5.673915 9.604125 -4.586622 13.841139 12.893949 19.680429 -4.821493 -25.915751 -12.323858 17.393648 -35.012475 -15.476824 -26.343010 -22.971006 -13.512393 13.428969 -1.029877 2.233600 0.792018 -1.906066 13.955833 0.956988 5.909101 -2.208458 -7.613626 -7.823974 5.025360 -14.691827 16.057232 -12.830428 -0.772765 -30.909126 3.029687 12.388113 -9.101639 14.316364 -12.865636 1.710022 -9.875780 28.037905 -6.299454 0.478608 -0.135563 5.976011 -1.527303 7.814295 31.620467 -7.558032 33.207178 -32.188770 -13.026091 31.626991 -5.039358 1.409766 -4.554537 -27.173082 -30.423019 17.494844 3.280452 -2.898188 -3.322161 -14.200142 2.156383 18.560026 3.687921 8.636187 -2.374500 -5.847988 1.514352 -7.973270 -14.533384 -4.666252 -4.072448 -7.640901 -46.300678 2.245824 -6.282844 2.301816 -10.973442 16.313438 -38.775307 -14.018984 13.855919 -16.762570 12.484895 -13.075445 -16.424940 10.521449 -0.738003 2.478848 -1.487638 
-28.189522 107.173332 1.983927 16.693242 30.177456 16.138277 3.573234 13.061803 -0.191761 -10.813055 1.841515 -18.324508 2.492062 20.539494 4.945361 -3.983304 5.974466 0.937000 2.671637 14.376624 2.572407 1.147832 0.324735 6.254353 3.596239 16.485239 2.797299 -0.323221 1.737667 -4.329453 0.568581 9.842181 3.243092 -1.240135 1.767947 4.506017 3.178949 11.695081 7.160222 -1.923440 18.204718 5.745778 9.603543 -4.573668 13.840558 10.891356 20.934818 -6.303680 -25.898211 -12.351465 17.378878 -34.879625 -14.573201 -26.465030 -22.986702 -13.513148 13.418834 -0.774076 2.310173 1.953328 -1.907168 13.949737 0.954354 5.600910 -1.386835 -7.940935 -7.816792 5.030805 -14.670706 15.010355 -11.620412 -0.212262 -30.890562 3.015108 12.395222 -12.936357 13.778294 -18.317536 1.706467 -9.890539 28.034004 -7.445570 0.452827 0.085522 5.968854 -1.529009 7.816962 31.244608 -7.344334 33.736002 -32.174797 -13.018649 31.639147 -3.590925 2.315127 -3.249581 -27.187176 -30.427706 17.493202 3.345680 -1.316028 -3.562966 -14.185851 2.154902 18.547119 3.960795 7.653814 -1.462574 -5.839756 1.508840 -7.989197 -16.094651 -5.064616 -3.610282 -7.613900 -46.294849 2.253994 -7.090872 3.517266 -11.066275 16.296766 -38.746269 -13.999529 14.600988 -15.571769 11.721532 -13.071070 -16.408976 10.508242 -1.507073 2.463039 -1.537975 
-31.790127 106.934158 2.358626 17.527671 33.589935 15.601865 3.580220 13.038158 -0.212699 -10.337465 2.028114 -17.665613 2.487156 20.525431 4.958941 -4.688223 6.763386 0.393624 2.669666 14.385831 2.571327 1.121923 0.453681 7.284248 3.601374 16.481705 2.791182 -1.029965 2.127211 -5.020513 0.569873 9.830019 3.245568 -0.749490 2.214548 5.055444 3.172247 11.697166 7.146817 -1.352624 17.757870 6.135359 9.597275 -4.559813 13.828993 8.879207 22.277774 -7.800627 -25.881439 -12.376279 17.378397 -34.947179 -13.898923 -26.406659 -22.990118 -13.507127 13.414108 -0.274854 2.384723 2.508011 -1.906538 13.947122 0.954776 5.292254 -0.308066 -8.032521 -7.813145 5.032331 -14.652968 13.950950 -11.162451 0.333904 -30.878288 3.004980 12.397541 -15.341172 13.177751 -22.047248 1.715110 -9.897039 28.030382 -8.017676 0.166812 0.130695 5.954334 -1.526967 7.820639 31.022214 -6.777223 33.906104 -32.165413 -13.011096 31.637493 -1.825809 3.086546 -2.455932 -27.192810 -30.427891 17.480789 3.461457 0.228133 -3.528874 -14.172544 2.148291 18.532885 4.126242 6.871623 -0.847703 -5.831520 1.507272 -7.998021 -17.091855 -5.646338 -2.559770 -7.598719 -46.277756 2.258930 -7.754008 4.334548 -11.546775 16.286520 -38.717815 -13.993764 15.123931 -14.964755 11.108398 -13.067626 -16.399820 10.495955 -1.964197 2.273417 -2.025627 
-33.907631 106.772980 2.613825 16.079853 35.494697 14.913424 3.579230 13.022781 -0.214692 -10.071990 2.159930 -18.208880 2.478035 20.525450 4.964293 -5.497400 7.510302 0.422646 2.663556 14.384043 2.572417 0.856169 0.293610 7.889414 3.605098 16.482819 2.785476 -1.328680 2.105368 -5.428394 0.570564 9.819730 3.245884 -0.811258 2.337816 5.361763 3.174588 11.694521 7.145569 -1.075596 17.568780 5.937696 9.586358 -4.551670 13.829825 7.396945 22.731064 -8.955426 -25.879156 -12.388622 17.368029 -35.037590 -13.659048 -26.244522 -22.988747 -13.500223 13.411536 0.120944 2.634152 2.697414 -1.903380 13.943839 0.953107 5.335970 0.051151 -8.532080 -7.804173 5.033210 -14.642514 13.723622 -10.735042 0.596373 -30.861647 3.002268 12.400066 -16.897779 12.782927 -24.491523 1.714860 -9.905273 28.026123 -8.537537 0.107103 0.272531 5.952148 -1.523220 7.824405 31.097950 -6.121732 34.296139 -32.158230 -13.005354 31.637140 -1.411244 3.366741 -1.778346 -27.189955 -30.427746 17.475018 3.335566 1.176661 -3.715576 -14.168451 2.141761 18.523993 3.838970 6.685298 -0.658908 -5.835537 1.505288 -8.000555 -17.704682 -6.003366 -2.667768 -7.593097 -46.272598 2.258915 -7.961730 4.868964 -11.567174 16.279104 -38.696045 -13.990659 15.655482 -14.247579 10.737622 -13.060983 -16.387529 10.498611 -2.108820 2.111975 -2.313954 
-34.751213 106.726532 2.761255 16.569967 36.038216 14.670002 3.577193 13.016516 -0.222512 -9.978100 2.391700 -17.898760 2.475307 20.515009 4.967525 -5.533380 7.523508 -0.003373 2.663682 14.380363 2.570604 0.593530 0.304607 7.680306 3.605788 16.482149 2.782942 -1.564528 2.399480 -5.232460 0.573885 9.816421 3.244334 -0.947072 2.353013 5.614138 3.176858 11.695862 7.139411 -1.248385 17.669044 5.832667 9.586538 -4.546509 13.827023 6.826594 22.817008 -9.428525 -25.871048 -12.397447 17.360794 -35.176267 -13.944491 -26.526778 -22.989380 -13.500267 13.408458 0.147980 2.299314 2.853462 -1.899966 13.940131 0.949166 4.971491 0.034779 -8.521368 -7.801336 5.035101 -14.637923 13.486943 -10.466070 0.586398 -30.864399 3.005073 12.399216 -17.294654 12.510291 -25.246037 1.718887 -9.912608 28.025030 -8.429867 -0.054771 0.564878 5.948618 -1.523550 7.825685 31.318958 -5.911181 34.296166 -32.154697 -13.002283 31.636141 -1.195526 3.394328 -1.800704 -27.190277 -30.432465 17.473406 3.398628 1.419571 -3.757967 -14.164841 2.141590 18.516224 3.928195 6.197416 -0.656367 -5.835872 1.504597 -8.000412 -18.175422 -5.881749 -2.351754 -7.588653 -46.267075 2.254903 -8.264841 4.837952 -11.824049 16.280102 -38.688454 -13.990703 15.947561 -14.157269 10.634360 -13.059395 -16.389479 10.495958 -2.194122 2.013771 -2.225136 
-34.911243 106.779678 2.954288 17.370103 36.371304 14.577721 3.583603 13.017361 -0.222098 -10.088825 2.227183 -18.138351 2.474813 20.514059 4.969133 -5.920711 7.864912 -0.013314 2.668257 14.379548 2.572681 0.578780 0.420434 8.010659 3.609130 16.482155 2.785916 -1.638930 2.638109 -5.258364 0.569866 9.815950 3.242290 -1.000068 2.426828 5.735286 3.175339 11.696078 7.141915 -1.179071 17.534096 5.815409 9.586763 -4.540524 13.827542 6.926088 22.852290 -9.066753 -25.871401 -12.393886 17.359699 -35.171520 -13.809158 -25.979681 -22.988907 -13.497427 13.405043 0.037392 2.340905 2.919781 -1.895816 13.940575 0.949610 5.174250 -0.191788 -8.729387 -7.800248 5.027686 -14.631063 13.133492 -10.783588 0.479881 -30.861935 3.006802 12.396767 -17.622296 12.456067 -25.599260 1.720472 -9.909256 28.024975 -8.487719 -0.198332 0.297545 5.947139 -1.519551 7.824699 31.317777 -6.392500 34.565006 -32.153904 -13.004638 31.625608 -1.234348 3.597462 -1.889775 -27.186922 -30.427124 17.473469 2.899191 1.493902 -3.635297 -14.162423 2.135132 18.516069 4.105243 6.399068 -0.638931 -5.834132 1.506350 -7.996430 -18.120885 -6.146366 -2.371422 -7.591718 -46.263489 2.256335 -8.227088 4.937632 -11.813959 16.276453 -38.683823 -13.989841 15.986169 -14.080338 10.711515 -13.058491 -16.386627 10.496332 -2.282663 2.061792 -2.272547 
-35.079067 106.882683 3.418185 17.969312 35.140661 14.631018 3.586022 13.016692 -0.217968 -10.488427 2.551696 -18.650376 2.472095 20.517149 4.966393 -6.155334 7.833584 -0.153351 2.670026 14.373099 2.574411 0.283302 -0.218767 7.729438 3.609294 16.472881 2.787651 -1.997630 3.110608 -5.118077 0.571363 9.816574 3.240927 -1.513045 2.266606 5.647426 3.178750 11.693983 7.144100 -1.129682 17.509583 5.810847 9.582469 -4.538393 13.834771 6.841260 22.599627 -8.571725 -25.865576 -12.394656 17.355238 -35.465276 -13.785921 -25.301522 -22.984806 -13.496595 13.404755 0.186352 2.386931 2.934891 -1.894889 13.942991 0.951849 4.642532 -0.826600 -8.670751 -7.797329 5.030609 -14.624596 13.053232 -11.011192 0.636375 -30.858782 3.008600 12.400883 -17.940370 12.317836 -26.064284 1.722071 -9.906821 28.024073 -8.388609 -0.045070 0.304229 5.950016 -1.522652 7.821759 31.482319 -6.661169 35.030367 -32.154747 -13.008933 31.620852 -1.612506 3.429624 -2.109654 -27.175764 -30.426510 17.469168 3.151922 1.377931 -3.519932 -14.172812 2.134647 18.510185 3.868268 6.668690 -0.871819 -5.838481 1.508853 -7.994707 -17.887588 -6.302408 -2.836639 -7.594143 -46.257809 2.250077 -8.456779 4.673999 -12.019577 16.266014 -38.675728 -13.990359 16.122954 -14.174110 10.998586 -13.049105 -16.388767 10.496186 -2.192090 2.154983 -2.108153 
-35.751026 106.929802 4.504665 18.859853 34.172324 14.449374 3.594298 13.007999 -0.210414 -11.375757 2.875171 -19.717588 2.469544 20.512125 4.968101 -6.754938 8.087658 -0.130347 2.667204 14.348539 2.578127 -0.293584 -0.687019 7.623631 3.616248 16.468033 2.794555 -2.878300 4.131333 -4.760775 0.576443 9.812860 3.233176 -2.494313 2.225365 5.508724 3.177698 11.696990 7.152063 -0.561053 17.506407 5.918249 9.580944 -4.524887 13.834814 6.558156 21.873360 -8.698854 -25.864252 -12.399573 17.342594 -35.717436 -13.785706 -24.361714 -22.984400 -13.488763 13.396300 0.554315 2.326324 2.563586 -1.890562 13.940123 0.946698 3.412780 -2.196872 -9.152283 -7.787226 5.021575 -14.607101 12.174541 -12.208297 0.587485 -30.855249 3.014759 12.395975 -19.036166 11.203893 -27.782575 1.728480 -9.900319 28.016771 -8.146716 0.058098 0.309982 5.950492 -1.518825 7.807972 31.642603 -7.636158 35.142563 -32.145363 -13.016108 31.600954 -1.918849 3.384750 -1.730308 -27.164351 -30.428896 17.469643 3.064559 1.309042 -3.255760 -14.171885 2.135939 18.500565 3.778699 7.254800 -1.079719 -5.841621 1.511728 -7.983896 -17.754064 -6.335803 -3.222264 -7.599622 -46.249390 2.243776 -7.868048 4.559173 -12.505525 16.250032 -38.667892 -13.995843 15.942012 -13.787679 11.571517 -13.038092 -16.389200 10.492558 -1.909478 1.732626 -1.732797 
-37.071636 106.795227 6.636703 21.407083 32.151640 14.912501 3.602183 13.000566 -0.204131 -13.063109 3.485206 -21.072778 2.461272 20.510189 4.968536 -7.316529 8.497007 -0.555777 2.660833 14.321496 2.582240 -1.372369 -2.155200 6.658660 3.624445 16.449615 2.804251 -4.443421 5.329005 -4.389362 0.577658 9.809494 3.220213 -4.181341 1.476181 5.562427 3.184621 11.706698 7.155749 -0.339508 17.138521 5.051235 9.568799 -4.495047 13.851210 6.047100 21.392147 -7.939105 -25.845987 -12.410131 17.315479 -35.620198 -13.218142 -22.745213 -22.997597 -13.485497 13.389148 0.807476 2.624251 2.276052 -1.897536 13.954523 0.948242 2.065366 -4.861214 -9.624589 -7.773197 5.018796 -14.578939 10.265085 -14.377570 0.930365 -30.839020 3.013029 12.402473 -21.026620 8.195230 -31.233704 1.738999 -9.891983 28.025522 -7.234047 0.269581 0.494919 5.948065 -1.511922 7.789346 32.089380 -9.417418 36.330056 -32.145401 -13.025115 31.586946 -2.392767 2.738762 -1.588274 -27.149652 -30.443226 17.472582 2.982342 1.076888 -3.125890 -14.175975 2.139242 18.480587 2.868805 8.246965 -1.641873 -5.840837 1.524254 -7.976796 -17.802726 -6.570820 -5.234606 -7.601766 -46.242828 2.216328 -6.225196 4.341635 -12.827281 16.216457 -38.646557 -14.001705 16.312377 -13.220842 12.116131 -13.010981 -16.388103 10.495176 -1.988341 1.484483 -1.698928 
-38.695164 106.333138 9.753903 23.282643 32.248977 15.779289 3.600077 12.990364 -0.192693 -15.040751 3.562911 -22.515879 2.452919 20.514719 4.969079 -7.854816 9.299999 -0.094783 2.652409 14.300428 2.592757 -2.136105 -3.416599 6.463956 3.623308 16.440287 2.806591 -5.616094 6.366448 -4.165198 0.578418 9.824256 3.213314 -5.627108 0.502197 6.504210 3.183078 11.732030 7.152900 -0.851043 17.665086 4.546351 9.561369 -4.472076 13.867958 6.015222 20.916000 -7.398212 -25.845785 -12.409506 17.281540 -34.982795 -12.473595 -21.185413 -23.009377 -13.470889 13.380506 1.832279 3.075346 2.305804 -1.911671 13.952222 0.948619 1.548213 -8.341830 -11.580396 -7.754338 5.026464 -14.558813 8.238427 -19.057751 1.182221 -30.822519 3.020663 12.399701 -22.781027 3.365943 -35.339252 1.756622 -9.894513 28.028227 -5.958318 0.570675 0.485813 5.954689 -1.507336 7.779815 32.376087 -10.914528 37.556331 -32.144833 -13.023802 31.560171 -1.826854 1.619311 0.103311 -27.142712 -30.462715 17.483511 2.454148 -0.254863 -3.372874 -14.186146 2.151623 18.468618 1.563520 9.276257 -1.563466 -5.853840 1.538743 -7.963654 -18.061132 -6.715462 -8.266658 -7.619451 -46.249119 2.196258 -3.893813 4.737753 -13.551021 16.183376 -38.618820 -13.998233 15.582435 -12.801081 12.456777 -13.000542 -16.372749 10.493177 -2.537045 1.143748 -2.208950 
-40.077412 105.543129 13.133465 23.667411 39.656068 17.827682 3.578476 12.984911 -0.183499 -15.680301 3.136036 -22.985311 2.460586 20.518446 4.981864 -7.076172 10.400536 0.234826 2.647830 14.317347 2.577978 -2.539670 -4.333662 7.017552 3.612986 16.445095 2.798844 -5.488679 4.587274 -4.204586 0.580839 9.849356 3.236714 -5.595641 -0.313972 7.684829 3.183889 11.751751 7.120499 -1.714950 19.285558 4.140012 9.560438 -4.459669 13.866387 8.172676 22.501479 -5.815373 -25.851940 -12.411180 17.273335 -34.939501 -12.708019 -21.281565 -23.003389 -13.451315 13.405091 2.971550 3.873353 1.912399 -1.923607 13.938679 0.945388 3.958138 -9.835244 -14.429825 -7.742726 5.041707 -14.565922 8.349767 -26.690764 -0.699450 -30.803057 3.023808 12.389922 -23.316415 -1.093472 -37.443766 1.756516 -9.889739 28.015299 -4.361538 1.224323 0.836552 5.975192 -1.496902 7.787564 32.373604 -12.416770 38.231533 -32.133011 -13.010270 31.542355 0.220420 0.400837 2.562650 -27.156454 -30.462837 17.507429 0.903748 -2.335341 -4.692509 -14.192650 2.161107 18.482157 0.976942 8.658779 -0.687516 -5.864361 1.537951 -7.946853 -17.685300 -6.036418 -10.613464 -7.619771 -46.260849 2.191509 -1.704179 4.841673 -12.897685 16.180418 -38.594448 -13.983487 15.268125 -13.655836 12.149938 -13.006257 -16.355337 10.478930 -3.476587 0.841050 -3.017176 
-40.859783 104.751831 15.837418 25.146494 47.046299 19.887656 3.554091 12.988234 -0.180288 -15.531903 2.926035 -21.953340 2.472997 20.518606 4.991395 -5.226932 9.958511 0.447243 2.638487 14.348581 2.555641 -2.358694 -4.927824 7.165661 3.598545 16.456661 2.795710 -4.465910 1.912317 -4.797858 0.580135 9.865104 3.269541 -4.456932 -0.612296 7.877089 3.176950 11.763668 7.083762 -2.152857 21.156849 4.094054 9.560116 -4.452945 13.849865 11.298887 24.490714 -3.016851 -25.858072 -12.408322 17.282799 -36.125557 -13.385373 -21.718139 -22.998159 -13.437051 13.432404 3.919259 4.504052 0.635504 -1.933381 13.919872 0.943908 7.171958 -9.991256 -17.375812 -7.748746 5.059175 -14.594539 10.986141 -33.855557 -4.482133 -30.793516 3.024661 12.375682 -22.617224 -4.165521 -36.342064 1.746255 -9.878345 28.007624 -3.519233 1.701084 0.589008 5.997862 -1.494980 7.804502 32.311245 -13.898513 38.286434 -32.135441 -13.003778 31.539064 2.818716 -0.693210 5.043508 -27.174236 -30.451925 17.530924 -0.290969 -4.184176 -5.533598 -14.189046 2.161239 18.501036 1.799959 6.855892 0.192831 -5.870627 1.521871 -7.946992 -17.462984 -5.135298 -11.246584 -7.613532 -46.278042 2.202804 -0.697216 4.789975 -12.327567 16.189444 -38.600948 -13.977169 15.304118 -15.352757 12.119100 -13.025084 -16.343069 10.459968 -4.408756 0.392047 -3.748793 
-41.018826 104.199921 17.488567 25.387996 50.627729 21.101857 3.538446 12.994302 -0.177694 -15.269503 3.123300 -21.103162 2.473073 20.523016 5.003174 -3.735018 9.284981 0.353909 2.633232 14.360534 2.533562 -2.108906 -4.843882 6.943685 3.592186 16.468246 2.788697 -4.063401 0.275326 -5.148023 0.575449 9.873130 3.292674 -3.897651 -0.301318 7.907242 3.164563 11.769349 7.061954 -1.937109 22.244473 4.555625 9.563054 -4.462845 13.837702 13.341071 24.984337 -1.170002 -25.863459 -12.408269 17.295168 -37.463594 -13.976643 -22.131155 -22.994434 -13.429352 13.443691 4.566060 4.793280 0.065402 -1.942625 13.911335 0.939545 9.044403 -9.407342 -19.334379 -7.754601 5.071711 -14.622266 13.906783 -38.948840 -8.561648 -30.793699 3.021664 12.366539 -21.424314 -5.510882 -34.667161 1.735369 -9.857114 28.003790 -2.842060 2.042425 0.650084 6.009540 -1.497798 7.812820 31.819925 -14.439556 38.066922 -32.147404 -13.001083 31.541464 4.279968 -1.890036 6.987247 -27.188692 -30.443117 17.539968 -0.604100 -4.528229 -6.206755 -14.190094 2.164346 18.512661 2.320413 6.012508 0.453905 -5.877332 1.503562 -7.948138 -17.434394 -4.232408 -10.910341 -7.604173 -46.283779 2.218843 0.151767 4.325748 -12.017465 16.207886 -38.608883 -13.983846 14.781040 -16.747511 12.509004 -13.045274 -16.339779 10.448362 -4.283728 0.013949 -3.559096 
-40.688507 103.982468 18.159067 24.849391 51.190707 20.989836 3.530961 12.993678 -0.175637 -15.143551 3.188506 -20.788388 2.474911 20.525740 5.010046 -3.099227 8.883768 0.401629 2.631070 14.370053 2.527433 -2.035909 -5.003136 6.711957 3.584766 16.475594 2.788450 -3.870556 -0.668312 -5.210281 0.574564 9.875273 3.300627 -3.643391 -0.471461 7.749155 3.167446 11.763887 7.050646 -1.873717 22.860068 4.492456 9.561592 -4.470487 13.835265 14.173287 25.338858 0.017572 -25.866476 -12.408541 17.298676 -37.773859 -14.698144 -22.661637 -22.994699 -13.431539 13.450047 4.454706 4.739055 -0.447599 -1.947741 13.910143 0.936310 9.679642 -9.039367 -19.915015 -7.759947 5.075620 -14.632563 16.158078 -40.569773 -10.673905 -30.795021 3.019962 12.373304 -20.564214 -5.978958 -33.609022 1.727855 -9.848871 28.004370 -2.684371 2.443466 0.699646 6.012424 -1.501903 7.808614 31.598152 -14.558494 37.797331 -32.150692 -13.005197 31.547701 4.703107 -2.595063 7.479857 -27.195225 -30.447248 17.543570 -0.419232 -5.014340 -6.390107 -14.184744 2.165624 18.520502 2.765857 5.165624 0.452251 -5.878071 1.497298 -7.948758 -17.490743 -3.771157 -10.803845 -7.595735 -46.287838 2.222535 0.323941 4.032407 -11.711193 16.209858 -38.614117 -13.987050 14.625361 -17.610253 12.752221 -13.057590 -16.340414 10.445958 -4.204582 0.035764 -3.471389 
-39.729809 104.156471 17.857885 25.530936 49.416907 21.253240 3.536203 12.996711 -0.180569 -14.987049 3.023969 -21.116505 2.475390 20.524815 5.007463 -3.236858 8.553181 0.397359 2.630870 14.364113 2.535662 -1.833379 -4.938463 7.080576 3.588463 16.473980 2.783894 -3.462464 0.003120 -4.791621 0.577775 9.867191 3.293523 -3.707248 -0.178895 7.572626 3.167752 11.763272 7.061159 -1.929909 22.318145 4.838385 9.563028 -4.469717 13.833410 14.054545 25.052128 -0.282917 -25.857857 -12.400491 17.295036 -38.253089 -14.446897 -22.406103 -22.990374 -13.432111 13.447682 4.422441 4.361643 -0.544009 -1.944372 13.907818 0.937912 9.357300 -9.458223 -19.235471 -7.762089 5.071534 -14.625216 15.789919 -40.509261 -10.369042 -30.802006 3.022095 12.369843 -19.920368 -5.195438 -32.745539 1.729502 -9.855218 28.003618 -3.202994 1.924765 0.619149 6.005598 -1.506738 7.809428 31.771267 -14.711737 37.777151 -32.155708 -13.006796 31.552887 4.225975 -2.749900 7.317544 -27.188965 -30.447245 17.534805 -0.571347 -4.983722 -6.181434 -14.183883 2.164079 18.515240 3.004185 5.453220 0.355811 -5.878012 1.502428 -7.945277 -17.270953 -3.854012 -10.649128 -7.608550 -46.278015 2.232281 0.118999 4.363273 -12.117892 16.213728 -38.620667 -13.989873 14.055630 -17.465950 13.055394 -13.043767 -16.339376 10.443949 -4.192471 0.174182 -3.408988 
-37.576939 104.814919 16.309362 25.392321 43.647549 21.010914 3.555088 13.004633 -0.178742 -15.147953 2.573763 -21.851978 2.483737 20.530487 4.999426 -3.817470 8.499423 0.880981 2.638617 14.337995 2.554095 -2.039511 -5.010733 7.370835 3.601578 16.463295 2.779289 -3.253569 1.453296 -3.481734 0.586718 9.863697 3.268456 -4.681868 -0.315084 6.975368 3.174281 11.757076 7.096536 -2.177859 21.253713 4.948551 9.566505 -4.469846 13.840462 13.496152 24.042800 -1.473989 -25.846920 -12.385854 17.284369 -37.979270 -13.804934 -22.172239 -22.986769 -13.438393 13.436560 3.994126 4.125737 -0.150292 -1.937042 13.917491 0.941524 7.250823 -10.968813 -16.627033 -7.748167 5.055349 -14.615663 13.800505 -37.360947 -7.713106 -30.820482 3.037047 12.374879 -19.365992 -2.682227 -32.041674 1.732981 -9.862897 28.015676 -3.844966 1.717023 0.146143 5.988410 -1.511398 7.798464 31.533327 -14.307432 37.786457 -32.153316 -13.010978 31.562031 2.415378 -2.274622 6.108782 -27.172291 -30.452850 17.504736 -0.788043 -4.841968 -5.661013 -14.189515 2.162539 18.504093 2.720116 7.116280 -0.515332 -5.875933 1.515032 -7.928864 -16.809902 -4.695376 -10.266017 -7.620600 -46.270317 2.239239 -0.569345 4.507168 -12.520620 16.215193 -38.638386 -13.985596 13.613422 -16.402298 14.118879 -13.014208 -16.346003 10.457079 -4.328276 1.164309 -3.422030 
-33.367554 106.040756 13.108817 25.137864 31.307261 19.969518 3.580170 13.026303 -0.181612 -15.000330 2.940995 -22.739496 2.490174 20.553230 4.967485 -4.285879 8.287480 1.249023 2.648843 14.289226 2.585073 -1.826908 -4.618379 6.811982 3.629080 16.450077 2.777714 -3.144524 4.261192 -1.688056 0.594653 9.848614 3.222994 -7.121716 -0.321310 5.198013 3.198522 11.742714 7.151003 -1.296144 18.460200 5.243772 9.569537 -4.475567 13.849525 11.436400 21.462985 -3.214425 -25.835310 -12.370724 17.272114 -37.400781 -13.295059 -22.488632 -22.978876 -13.466381 13.404829 2.282004 4.124275 0.052189 -1.915221 13.934114 0.939928 3.577191 -11.951386 -11.435465 -7.760356 5.027443 -14.607145 13.367768 -30.151382 -4.892647 -30.843658 3.056331 12.386845 -17.342202 1.964851 -28.420540 1.738382 -9.878454 28.042475 -5.032107 1.398242 -0.455052 5.949874 -1.534339 7.762331 32.088775 -13.454970 37.007833 -32.160900 -13.034741 31.583506 -1.710463 -1.841667 3.281245 -27.140043 -30.473652 17.472263 0.482671 -3.411202 -3.280191 -14.197800 2.166856 18.495440 3.077607 9.465619 -2.034491 -5.864137 1.522457 -7.923835 -16.469830 -5.615087 -9.289984 -7.631673 -46.264843 2.252340 -1.831511 3.988434 -12.983018 16.218391 -38.688465 -13.999366 13.065454 -14.873401 15.708662 -12.987424 -16.361742 10.476669 -4.204898 1.920801 -3.004370 
-26.818380 107.551086 8.535739 24.227465 22.399687 20.418109 3.583207 13.071188 -0.172542 -14.411933 2.518395 -22.090462 2.495418 20.570625 4.934847 -2.363224 7.546540 1.075853 2.672432 14.278368 2.600578 -0.314473 -2.872599 5.876758 3.605060 16.465527 2.788213 -1.963833 5.542363 -0.624902 0.582517 9.845387 3.205813 -8.325135 0.123853 2.541890 3.211635 11.706907 7.192866 -0.424872 18.215529 5.225113 9.586087 -4.507449 13.853714 12.878854 18.425912 -2.490306 -25.861416 -12.363138 17.305067 -36.951214 -14.353690 -24.706235 -22.964348 -13.513675 13.389291 0.619290 3.653204 -1.053451 -1.918432 13.943716 0.933364 1.618217 -9.970656 -7.657011 -7.781849 4.998485 -14.663032 16.443838 -21.980683 -4.409730 -30.884369 3.062821 12.383103 -13.419492 9.134825 -18.764394 1.736510 -9.858862 28.064701 -5.581689 3.223176 -0.338179 5.952271 -1.564112 7.754407 31.984048 -13.555771 36.311041 -32.183922 -13.083389 31.618052 -6.257493 -0.371045 -1.386540 -27.136864 -30.478613 17.479437 2.800476 -3.348308 -1.802907 -14.230763 2.164801 18.527767 4.162414 10.733803 -3.737068 -5.843763 1.521226 -7.940833 -14.955476 -5.930011 -7.359881 -7.638675 -46.286770 2.268178 -5.041332 2.442745 -12.315064 16.256535 -38.771706 -14.016897 12.319091 -15.383927 17.580750 -13.006869 -16.387743 10.487981 -3.081843 2.997694 -2.530527 
-18.662725 108.578690 4.326751 22.649298 22.301894 21.644991 3.577605 13.126902 -0.155843 -13.068427 1.183116 -22.141718 2.489265 20.581045 4.911549 -1.510406 5.961508 1.970202 2.677677 14.283744 2.594874 0.810946 -1.066723 5.869712 3.568419 16.502357 2.793133 0.384138 4.443984 -1.181295 0.580167 9.855731 3.239372 -6.492165 -0.242104 2.261709 3.236743 11.686207 7.191546 -1.695896 21.250030 5.905996 9.599498 -4.546507 13.849005 15.621940 17.840946 -1.741881 -25.894560 -12.320897 17.347805 -37.908708 -16.544600 -27.515685 -22.945559 -13.525495 13.416548 -0.449965 2.336236 -2.690045 -1.899178 13.946206 0.943102 2.980839 -8.127065 -6.584879 -7.814095 5.003181 -14.720031 20.256058 -18.406166 -5.086899 -30.920542 3.076450 12.354759 -5.908773 13.854117 -5.942129 1.725027 -9.846857 28.062979 -4.944378 2.519126 -0.483535 5.979818 -1.579723 7.765722 32.690279 -12.343867 35.141911 -32.209461 -13.078156 31.620825 -9.791260 0.524721 -3.907125 -27.139894 -30.447769 17.495953 3.955984 -5.436201 -3.352829 -14.248760 2.165510 18.579901 5.076170 10.740072 -4.301789 -5.843305 1.506806 -7.939877 -13.083420 -6.315886 -5.155373 -7.668445 -46.313007 2.283721 -8.143404 0.953430 -11.019316 16.324430 -38.837154 -14.054145 12.524562 -17.072241 17.695101 -13.035062 -16.416372 10.527386 -1.631756 3.374363 -2.253700 
-10.710548 108.799171 1.791371 20.545878 24.368199 22.162109 3.537613 13.168798 -0.157839 -11.572991 0.770881 -21.901632 2.460857 20.613726 4.905108 -1.301919 5.426499 2.936482 2.669947 14.299027 2.583886 1.778104 0.973013 6.612852 3.539052 16.542725 2.781580 0.873484 2.043163 -2.332027 0.578298 9.841655 3.276939 -5.595893 -0.395772 2.863502 3.221872 11.682048 7.166567 -2.991461 24.458021 6.073986 9.624552 -4.566128 13.831202 17.167501 19.971142 -0.750204 -25.888252 -12.306187 17.361185 -42.499015 -20.586738 -30.036170 -22.945087 -13.522247 13.446301 -0.577770 1.559579 -5.233821 -1.904338 13.927473 0.940201 5.754882 -7.268126 -7.442128 -7.823327 5.030031 -14.756344 24.032779 -18.556803 -5.588042 -30.941168 3.066262 12.336402 1.303096 13.308430 5.130649 1.724392 -9.842940 28.045700 -4.235336 1.756522 0.972501 5.983921 -1.592766 7.792546 32.906185 -11.119510 33.971264 -32.248436 -13.067541 31.618910 -11.790956 1.200569 -5.082331 -27.166515 -30.410900 17.504681 4.876689 -7.083807 -5.863189 -14.252030 2.178499 18.597570 5.299262 8.287162 -4.452389 -5.875622 1.506509 -7.913028 -12.945307 -5.980698 -2.932248 -7.691835 -46.324345 2.279297 -11.405251 0.023590 -10.947746 16.375038 -38.860397 -14.095547 12.591041 -17.257701 17.033286 -13.066376 -16.407200 10.547656 -1.769070 2.515064 -2.823074 
-3.602210 108.442070 0.136525 22.654534 27.698249 24.983859 3.493138 13.183890 -0.185423 -9.016999 0.743088 -21.009932 2.430958 20.647280 4.901307 -0.747686 5.794826 2.674783 2.650489 14.317577 2.577984 2.587069 1.849727 8.360416 3.538833 16.551449 2.798741 0.277662 -1.422862 -5.437853 0.581921 9.848465 3.312778 -4.747394 -0.034953 3.492587 3.204068 11.709565 7.120224 -4.199212 27.172685 4.685456 9.637803 -4.561393 13.825725 19.239147 24.373964 0.168536 -25.841923 -12.329141 17.348101 -50.459935 -23.786091 -30.570602 -22.975681 -13.489932 13.479797 0.695984 1.255281 -7.213166 -1.913167 13.930111 0.925763 8.712318 -6.541215 -7.588909 -7.813658 5.058239 -14.777833 29.513657 -19.902768 -8.034372 -30.942612 3.041906 12.349967 5.936385 11.058262 12.254758 1.721443 -9.815966 28.041267 -2.496609 1.513686 1.438341 5.961103 -1.627473 7.810824 32.012096 -12.154403 33.728854 -32.270836 -13.074534 31.626242 -11.672709 1.872264 -3.929068 -27.172588 -30.377125 17.518587 5.019531 -8.647866 -8.463922 -14.245105 2.197175 18.611752 6.371729 5.568564 -4.378934 -5.906417 1.502235 -7.870910 -14.112872 -5.183367 0.445884 -7.705934 -46.363312 2.292890 -13.602683 0.199186 -11.366809 16.396873 -38.863499 -14.114261 13.173337 -17.772598 16.498691 -13.100119 -16.366777 10.559741 -3.077588 2.643892 -4.310757 
3.437412 107.743057 -1.262947 26.509299 30.150275 27.482926 3.465080 13.183639 -0.213574 -6.586053 0.843262 -20.239867 2.422916 20.669067 4.898061 -0.742842 6.345757 2.409647 2.649947 14.321417 2.561786 2.898295 2.294679 8.130157 3.541458 16.544001 2.811893 -0.371001 -4.261720 -7.595940 0.572791 9.867881 3.334679 -4.765093 0.744463 4.410955 3.209999 11.740690 7.067493 -5.642725 28.812771 3.175611 9.651702 -4.560055 13.823776 20.352463 30.119638 0.027100 -25.800108 -12.362199 17.329628 -56.126349 -25.886675 -31.271714 -22.996464 -13.455379 13.506592 1.580760 1.268346 -10.072065 -1.919541 13.928267 0.909206 10.916554 -5.833456 -7.407081 -7.810600 5.071272 -14.790187 34.995673 -20.198060 -11.376266 -30.930653 3.035952 12.374715 9.624989 8.782076 17.777640 1.730123 -9.798474 28.041204 -0.387486 1.270876 1.713670 5.927921 -1.661375 7.815464 31.161782 -13.435517 33.770900 -32.277290 -13.090379 31.639164 -10.013469 2.678665 -2.147774 -27.152678 -30.345148 17.540125 4.986774 -10.313791 -9.573771 -14.228015 2.208843 18.628033 7.514961 2.668671 -3.693643 -5.922527 1.499588 -7.833058 -16.850985 -4.611862 3.070663 -7.683579 -46.392330 2.307515 -13.953042 0.023089 -10.860761 16.389454 -38.859718 -14.130422 14.202859 -19.566118 16.322185 -13.135703 -16.332117 10.563339 -4.496102 2.117866 -4.653370 
11.118001 106.862068 -2.483274 30.350345 31.537750 28.162135 3.489097 13.171332 -0.237475 -4.490417 0.501540 -20.397040 2.438591 20.696798 4.877488 -1.210077 7.412365 2.318625 2.665556 14.323770 2.546716 3.419619 2.771187 7.534661 3.546603 16.553148 2.815185 -1.374720 -6.263404 -8.805550 0.564222 9.882051 3.334835 -5.012823 1.688509 3.579403 3.209297 11.750119 7.054401 -7.029009 29.827019 2.320800 9.663351 -4.580202 13.813810 18.835838 35.506872 -0.936997 -25.790495 -12.381977 17.340765 -57.225903 -24.567844 -30.699959 -22.966290 -13.445188 13.531016 1.328015 2.243973 -10.803185 -1.893601 13.926922 0.903947 11.649274 -5.351963 -5.888653 -7.830431 5.077718 -14.798369 40.734493 -19.308648 -14.005875 -30.923656 3.050326 12.392303 12.544021 8.156479 20.354416 1.726498 -9.806518 28.020283 0.300480 0.380474 2.539516 5.923401 -1.697081 7.826255 30.038202 -13.751126 33.971950 -32.271366 -13.138885 31.662844 -6.985497 2.724044 -0.677040 -27.121094 -30.322880 17.545504 2.944167 -10.207073 -8.391903 -14.231400 2.203534 18.648024 9.330421 -0.406140 -3.376811 -5.938593 1.507197 -7.818079 -20.418767 -5.613543 4.618171 -7.644386 -46.413261 2.300381 -12.327944 0.314449 -9.875154 16.371017 -38.854851 -14.157187 16.562971 -21.654150 15.040013 -13.141071 -16.320227 10.538011 -5.219762 1.380656 -4.337672 
18.787264 105.830162 -3.446215 32.737903 30.666723 27.912842 3.498650 13.179389 -0.245105 -3.252258 0.656246 -20.118604 2.442279 20.698874 4.866090 -2.415468 7.443982 1.926957 2.676864 14.313277 2.556370 4.359822 4.210152 6.590061 3.554516 16.542084 2.815524 -2.194543 -6.690567 -8.633974 0.548355 9.876770 3.326341 -2.691441 2.300153 2.497621 3.199096 11.779510 7.067229 -6.659339 31.343847 0.952403 9.659582 -4.615106 13.817093 17.642602 39.611163 -1.619640 -25.782995 -12.374190 17.359745 -54.504493 -21.323065 -30.252083 -22.952574 -13.426133 13.524682 1.738262 3.035892 -9.431171 -1.881394 13.923017 0.913356 10.803342 -5.269948 -5.142903 -7.844112 5.083926 -14.787149 43.468932 -21.250966 -16.168540 -30.909744 3.052137 12.403337 14.442565 6.026090 21.171251 1.728896 -9.805446 28.001352 -0.150777 -2.077100 2.526111 5.934823 -1.703135 7.845049 27.924076 -13.595490 34.214398 -32.254097 -13.162286 31.685917 -5.024519 0.777518 0.166391 -27.099985 -30.307034 17.536770 0.834726 -7.608859 -6.251048 -14.221811 2.196244 18.639771 9.787927 -1.443015 -3.204118 -5.947815 1.512297 -7.812226 -24.038789 -5.426225 5.816771 -7.628307 -46.423550 2.266602 -9.971896 0.709616 -9.027446 16.364426 -38.828884 -14.174434 19.403872 -23.023055 13.094685 -13.137275 -16.325552 10.506538 -4.085328 1.009234 -4.308758 
25.369137 104.705643 -4.151664 33.806127 29.265090 26.947646 3.478074 13.179436 -0.240679 -2.302177 0.968495 -19.886101 2.441542 20.684029 4.862809 -3.542761 7.060122 1.710152 2.675321 14.314009 2.562711 5.305302 4.875675 6.657788 3.569541 16.515463 2.817626 -2.383694 -6.556256 -8.571773 0.537282 9.864596 3.331736 -0.095721 2.022378 1.516302 3.179564 11.798798 7.077802 -6.159699 32.929165 -1.369453 9.643912 -4.628622 13.819798 17.680906 44.094858 -1.806738 -25.766529 -12.356148 17.371515 -49.972256 -17.392925 -29.221834 -22.938074 -13.412744 13.525300 2.061840 3.848724 -7.749137 -1.889892 13.932275 0.922153 10.683662 -5.498003 -6.163795 -7.841105 5.068702 -14.767089 43.110761 -25.928044 -18.687456 -30.884340 3.041242 12.415643 14.861059 2.798851 20.069164 1.735690 -9.800218 27.989655 -0.258155 -4.104913 1.821424 5.940066 -1.690099 7.854367 25.216007 -14.031299 33.998117 -32.232445 -13.165562 31.697050 -4.160113 -1.378330 2.106138 -27.091990 -30.294920 17.531778 -1.588306 -3.644006 -5.254584 -14.215632 2.206966 18.614498 9.466135 -2.556176 -2.403453 -5.946852 1.511248 -7.808501 -26.045287 -4.101428 7.143553 -7.625382 -46.413578 2.243382 -7.638201 0.477870 -8.801673 16.360422 -38.791412 -14.179404 21.853673 -23.669896 11.841763 -13.128613 -16.331652 10.485624 -2.782455 1.050792 -4.583260 
30.626884 103.645439 -4.707415 33.696489 28.187503 25.259570 3.470061 13.174739 -0.236969 -1.509236 1.028209 -19.600140 2.449837 20.671280 4.859965 -3.692526 6.673767 1.453391 2.663705 14.315807 2.557365 5.555114 4.647353 6.680690 3.581288 16.484831 2.804790 -2.277670 -6.584035 -8.103390 0.545572 9.854106 3.337554 1.525127 1.355212 1.036410 3.159758 11.805042 7.095816 -6.738357 34.478740 -3.039279 9.618759 -4.625066 13.809735 16.858932 47.337852 -3.029460 -25.763020 -12.336293 17.379879 -44.797636 -13.407795 -28.486909 -22.913561 -13.411667 13.529511 2.483199 3.838840 -6.885134 -1.909112 13.943240 0.923083 10.264424 -6.290405 -6.982341 -7.825850 5.041649 -14.743191 41.768167 -33.171080 -21.985554 -30.862534 3.030436 12.410446 14.494792 -2.104414 16.699763 1.740072 -9.798619 27.983143 -0.486626 -5.045663 1.455909 5.937936 -1.672573 7.845565 22.962317 -14.026803 32.483656 -32.218407 -13.149592 31.696636 -3.404573 -3.234927 3.926128 -27.096226 -30.274803 17.508490 -4.124842 1.054363 -3.962007 -14.209319 2.209906 18.593281 8.885934 -3.313726 -1.089759 -5.944203 1.502038 -7.805022 -27.052783 -3.497240 8.153790 -7.617122 -46.379341 2.232275 -4.911055 0.840851 -9.228453 16.356087 -38.760632 -14.174612 23.057873 -23.893858 11.638070 -13.112895 -16.333338 10.466681 -2.140250 1.580650 -5.122332 
34.793552 102.898308 -5.197083 32.505236 27.326038 23.382514 3.463224 13.174777 -0.236214 -0.827358 1.199976 -20.205878 2.458694 20.660143 4.853023 -3.965879 6.373913 1.248396 2.648306 14.308262 2.563381 6.148745 4.178259 6.656988 3.586660 16.465542 2.797220 -2.187145 -6.131049 -7.568128 0.552990 9.841979 3.326370 2.429855 0.413499 1.194308 3.148858 11.806315 7.117680 -7.328205 35.662170 -4.082621 9.600172 -4.632704 13.804293 17.227224 49.983297 -3.446151 -25.754614 -12.310603 17.382324 -40.216772 -9.622473 -27.467829 -22.901276 -13.411018 13.527658 2.650689 3.601679 -6.411024 -1.914660 13.944306 0.919960 9.324340 -7.384065 -7.448577 -7.809898 5.029777 -14.717840 38.731780 -40.883573 -23.810053 -30.840565 3.022077 12.403889 11.772444 -5.667029 11.822040 1.748698 -9.798232 27.979033 -0.984554 -4.528095 1.322827 5.934916 -1.655725 7.833957 21.547906 -14.561173 32.021723 -32.198566 -13.132219 31.687840 -3.198831 -4.956778 5.499864 -27.109358 -30.264002 17.481396 -5.864844 4.774579 -3.687782 -14.192554 2.215859 18.572844 7.574864 -2.978125 0.012925 -5.943776 1.495080 -7.810710 -28.727677 -3.236457 8.049118 -7.608309 -46.346611 2.227530 -1.314329 1.287094 -9.693489 16.340630 -38.747662 -14.149642 23.865565 -23.555082 11.575508 -13.103758 -16.331772 10.451847 -1.467690 1.827664 -5.520765 
38.118259 102.640976 -5.656700 31.399715 26.893494 21.793436 3.460681 13.158061 -0.248866 -0.586992 0.985447 -20.213334 2.465001 20.647961 4.850214 -4.209516 5.392690 0.976593 2.634256 14.311114 2.569176 6.406562 3.103392 6.953084 3.596419 16.456617 2.789591 -1.625696 -5.432671 -7.230801 0.552888 9.838934 3.327121 2.611687 0.193670 1.119225 3.134999 11.809181 7.118393 -7.671718 35.626407 -5.628134 9.585281 -4.627019 13.793769 16.848936 51.390839 -4.557662 -25.750067 -12.304990 17.381344 -36.126643 -7.010494 -25.828142 -22.886976 -13.413148 13.516474 3.499343 3.327320 -5.901995 -1.934893 13.942671 0.917236 7.804930 -8.318733 -7.497497 -7.805707 5.021708 -14.699341 33.117979 -47.674393 -24.357696 -30.833410 3.027453 12.404456 8.184479 -6.469907 4.955330 1.744380 -9.801250 27.974493 -1.335854 -4.813181 0.767956 5.924345 -1.650476 7.820923 22.006938 -14.783490 30.936160 -32.187366 -13.114629 31.685390 -3.211125 -5.788067 5.882334 -27.109474 -30.263100 17.456852 -7.088218 6.564274 -3.083645 -14.176997 2.218679 18.561148 6.810379 -3.123940 0.610897 -5.947244 1.486043 -7.814623 -30.449021 -2.568584 8.714606 -7.611984 -46.309681 2.230009 2.872411 1.262657 -10.439714 16.334114 -38.734734 -14.130331 24.014448 -24.369917 11.592713 -13.092134 -16.329277 10.441784 -1.458782 2.231452 -5.362490 
40.698341 102.856339 -6.066542 29.523575 26.175959 20.020022 3.465139 13.138747 -0.252215 -0.496016 1.367563 -20.906065 2.455730 20.641241 4.847229 -4.167309 4.548877 0.148631 2.629191 14.312266 2.571423 6.126825 1.843667 7.646524 3.600187 16.460024 2.795976 -1.780988 -5.376395 -6.807936 0.562808 9.826637 3.324188 2.624956 0.253270 1.583237 3.135106 11.815014 7.112748 -7.250915 35.773775 -6.546319 9.575049 -4.628803 13.787474 16.902872 52.505850 -5.566536 -25.752478 -12.296482 17.379065 -32.701443 -5.440852 -23.988224 -22.886433 -13.411842 13.504755 3.795222 3.051747 -5.399597 -1.929971 13.938108 0.916390 5.462893 -9.380208 -6.652790 -7.815301 5.028977 -14.686756 25.044550 -52.012451 -21.891547 -30.838757 3.034285 12.397023 1.590073 -4.881150 -3.118427 1.742355 -9.793688 27.972265 -1.527213 -4.200609 0.233918 5.922092 -1.647155 7.812996 22.751895 -15.375654 31.234523 -32.173546 -13.105998 31.670486 -3.173914 -6.128829 5.681422 -27.119087 -30.272274 17.444601 -7.565621 7.120108 -3.477288 -14.159071 2.212814 18.551065 6.005309 -2.947487 1.271143 -5.949109 1.480865 -7.810619 -33.686141 -2.729878 8.632459 -7.628809 -46.294025 2.239125 6.450933 1.132597 -11.542011 16.322475 -38.736168 -14.107233 21.875253 -25.549590 12.436546 -13.082544 -16.326553 10.443352 -1.005416 2.136981 -5.462760 
42.556808 103.334465 -6.393921 27.467075 25.781302 18.916733 3.463297 13.121516 -0.259810 -0.222323 1.219982 -21.062376 2.450165 20.636078 4.855221 -4.241744 3.849340 -0.141818 2.612346 14.311870 2.569150 6.143413 1.339115 8.168040 3.607223 16.479124 2.797971 -1.430238 -5.622608 -6.289889 0.563359 9.816642 3.320316 2.320672 0.400616 1.254110 3.138098 11.816216 7.110521 -7.105524 35.542822 -7.524091 9.574726 -4.635209 13.785423 17.465426 53.045237 -5.785095 -25.754652 -12.296803 17.373428 -29.948850 -4.517199 -22.239895 -22.889664 -13.405597 13.492042 3.955025 3.261927 -5.157495 -1.932184 13.931859 0.919477 3.354581 -10.293518 -5.619480 -7.817162 5.041351 -14.686874 15.624418 -54.859851 -16.937327 -30.845798 3.045017 12.396681 -4.949027 -3.916202 -11.276148 1.732505 -9.789870 27.973284 -1.464094 -3.921652 -0.054862 5.922274 -1.642355 7.815717 24.254850 -15.859785 31.449736 -32.166389 -13.098114 31.662891 -3.600695 -6.156550 5.009735 -27.127502 -30.287460 17.430784 -7.836822 6.852926 -3.964231 -14.134790 2.210915 18.551516 5.658832 -2.677592 1.473926 -5.957215 1.473020 -7.809880 -37.164555 -2.324902 8.732727 -7.631863 -46.280430 2.249061 9.980891 0.676567 -12.982122 16.318937 -38.743938 -14.087198 20.076909 -26.824771 12.725685 -13.080672 -16.316809 10.441692 -0.910265 1.983666 -5.369775 
43.685791 103.803734 -6.604961 26.020316 25.970775 17.607803 3.457271 13.107632 -0.259259 0.066754 1.030009 -21.504589 2.442739 20.631310 4.856553 -4.149223 3.486176 -0.931984 2.611284 14.318163 2.568481 5.912655 0.352610 9.029864 3.607119 16.490879 2.804239 -1.001311 -5.958585 -6.074532 0.569575 9.813405 3.318676 2.158316 0.967011 1.402623 3.138006 11.821609 7.100663 -6.589622 35.252167 -8.386852 9.566113 -4.636618 13.781222 17.280413 54.208408 -6.685451 -25.756992 -12.292748 17.372997 -28.121644 -4.625049 -20.666284 -22.887632 -13.403478 13.482389 4.390541 3.306569 -4.768450 -1.926374 13.925735 0.919421 1.799351 -10.685734 -4.753101 -7.831134 5.046724 -14.681904 7.466479 -55.616383 -12.911936 -30.849535 3.050680 12.396175 -10.406413 -2.851082 -18.329591 1.723049 -9.786929 27.977600 -1.487600 -4.021011 -0.655862 5.923889 -1.635756 7.817210 25.205961 -16.106609 31.651080 -32.160328 -13.093749 31.650246 -3.682342 -6.198317 4.628380 -27.122660 -30.294924 17.431471 -7.553195 6.300110 -4.431443 -14.129821 2.198871 18.554577 5.192341 -2.756659 1.517657 -5.958096 1.472057 -7.809018 -39.969840 -2.222082 8.807449 -7.643547 -46.277294 2.262527 12.449868 0.055200 -13.696657 16.318426 -38.748093 -14.075507 18.539312 -27.923418 12.963044 -13.077035 -16.310745 10.443375 -0.916396 1.911535 -5.058945 
44.029926 104.055756 -6.676441 25.422514 25.662484 17.601794 3.457880 13.105979 -0.262741 0.384705 1.153737 -21.443739 2.437027 20.628851 4.856786 -4.013473 3.472705 -1.368777 2.604076 14.321758 2.564770 5.804400 0.087587 9.447726 3.611179 16.497356 2.808630 -1.385673 -6.143555 -5.910033 0.570231 9.804944 3.317451 2.170316 1.027188 1.380319 3.145047 11.822675 7.101728 -6.641938 35.399300 -8.805463 9.571309 -4.635512 13.787548 17.032253 54.440470 -6.526010 -25.759485 -12.294128 17.371479 -27.185063 -4.646978 -20.446381 -22.890753 -13.409523 13.481923 4.346828 3.211268 -4.623881 -1.926566 13.923280 0.915692 1.100458 -10.813492 -4.387029 -7.833137 5.053035 -14.676721 5.106166 -55.844856 -11.523601 -30.858967 3.053573 12.396102 -12.552581 -3.558746 -20.819112 1.717940 -9.785634 27.980301 -1.375701 -3.932300 -0.758613 5.927302 -1.633869 7.820467 26.091323 -16.627971 32.026518 -32.166023 -13.090448 31.652323 -3.797427 -6.073740 3.831061 -27.127653 -30.302345 17.432909 -7.613665 6.144146 -4.620472 -14.124070 2.204355 18.557302 5.005109 -2.438300 1.384102 -5.960757 1.469568 -7.807352 -41.733214 -2.148585 8.716623 -7.647360 -46.278217 2.260446 12.995646 0.017796 -14.160599 16.317734 -38.758095 -14.069491 17.766821 -28.142961 13.159941 -13.076561 -16.305561 10.437514 -1.139745 1.692544 -5.272130 
43.486843 103.936813 -6.593131 26.351829 26.077930 18.248478 3.458570 13.106372 -0.265384 0.290660 1.419936 -21.554004 2.439106 20.630114 4.854083 -4.050878 3.614405 -1.107057 2.613116 14.315718 2.568950 6.007495 0.152809 8.861295 3.606123 16.487532 2.808526 -1.389773 -6.115649 -5.806027 0.566571 9.810551 3.316758 2.282670 1.127450 1.283669 3.138330 11.825449 7.108305 -6.593295 35.303042 -8.367141 9.570898 -4.637920 13.784798 17.025790 53.856875 -6.827091 -25.756485 -12.294372 17.371197 -28.167751 -4.580018 -21.079364 -22.887350 -13.403897 13.478720 4.733077 3.487693 -4.852452 -1.933366 13.925089 0.920079 1.535276 -10.566425 -4.683306 -7.833016 5.049706 -14.679181 7.970153 -55.423249 -12.873061 -30.852543 3.053846 12.396166 -10.156277 -2.947387 -18.213801 1.721011 -9.787210 27.973063 -1.497641 -4.077026 -0.548372 5.920181 -1.638237 7.816626 25.486091 -16.546121 31.944207 -32.162743 -13.091699 31.653795 -3.604641 -6.016462 4.199624 -27.120722 -30.294655 17.434259 -7.334147 6.339563 -4.087592 -14.130489 2.204717 18.549845 5.045207 -2.381102 1.260998 -5.961062 1.473256 -7.810847 -40.542360 -2.237596 8.548265 -7.643739 -46.277752 2.256844 12.335146 -0.007695 -13.596606 16.317804 -38.752937 -14.072749 18.520277 -27.794920 12.959324 -13.076121 -16.302616 10.436790 -0.885497 1.660047 -5.156165 
41.929905 103.444786 -6.315321 27.715289 26.226910 18.747751 3.462940 13.124238 -0.260582 -0.099275 1.169035 -20.897572 2.449543 20.639446 4.846276 -3.862441 4.191753 -0.236408 2.621310 14.317348 2.565710 5.954733 1.155406 8.185171 3.607192 16.473837 2.801183 -1.373816 -5.590510 -6.131106 0.559250 9.821910 3.319539 2.463970 0.627089 1.392462 3.142333 11.821035 7.107402 -6.823377 35.458838 -7.540999 9.575145 -4.631740 13.785928 16.753085 53.032775 -6.192380 -25.753490 -12.300767 17.373493 -31.132412 -5.204039 -22.809277 -22.884914 -13.415683 13.495827 4.198068 3.153180 -5.165781 -1.933223 13.935081 0.915168 3.800631 -9.963560 -5.471804 -7.822536 5.035622 -14.685215 18.413965 -53.944756 -19.030961 -30.844318 3.049409 12.400151 -3.636425 -2.892774 -8.892845 1.733057 -9.793744 27.972937 -1.337032 -4.050155 -0.229996 5.920188 -1.643356 7.818322 24.534342 -15.673406 31.345972 -32.169449 -13.100700 31.669785 -3.526260 -6.096252 4.656839 -27.120111 -30.285446 17.438772 -7.686510 6.646695 -3.667800 -14.149414 2.209902 18.555546 5.827380 -2.956864 1.023533 -5.952467 1.473342 -7.807964 -36.498861 -2.556832 8.735709 -7.632550 -46.288509 2.250917 9.190858 0.401544 -12.151342 16.324633 -38.745045 -14.096224 20.491519 -26.851586 12.322884 -13.076960 -16.317755 10.442250 -1.147504 2.078950 -5.253085 
39.287941 102.717979 -5.834765 30.902532 26.678698 21.292102 3.456382 13.147829 -0.251349 -0.385931 1.213125 -20.802116 2.461641 20.645496 4.848558 -3.980802 5.259811 0.798449 2.631226 14.312440 2.569094 6.635042 2.545631 7.379770 3.597955 16.458231 2.793353 -1.703468 -5.550926 -7.107442 0.553482 9.836936 3.327592 2.607915 -0.011821 1.539223 3.141989 11.811452 7.116959 -7.162766 35.888983 -5.844526 9.584542 -4.626541 13.793610 16.802957 51.753334 -4.984599 -25.752316 -12.301045 17.380871 -34.724415 -6.285909 -24.871475 -22.880829 -13.414026 13.513582 3.784208 3.267030 -5.536218 -1.935145 13.939915 0.912255 6.852995 -8.684722 -7.109648 -7.813231 5.022474 -14.691770 30.675954 -49.803475 -24.045874 -30.835884 3.028000 12.395181 5.901390 -6.066083 2.215956 1.742023 -9.795268 27.967113 -1.719327 -4.120181 0.361172 5.925447 -1.653396 7.812804 22.432312 -15.181979 31.089945 -32.182705 -13.112112 31.679445 -3.268552 -5.739780 5.708280 -27.114496 -30.267853 17.453873 -7.376332 7.084787 -2.984467 -14.176881 2.225089 18.559628 6.742052 -3.250919 0.854178 -5.945972 1.480559 -7.807720 -31.733742 -2.850721 8.806307 -7.616954 -46.306297 2.237278 4.283283 0.870603 -10.502588 16.327797 -38.736507 -14.124907 22.948585 -24.913793 12.271249 -13.086978 -16.323881 10.442988 -1.404170 2.356453 -5.589788 
35.889389 102.103653 -5.241245 33.295239 27.166355 23.403710 3.455117 13.173214 -0.238393 -0.739368 1.259744 -20.247717 2.460804 20.658060 4.856875 -4.117821 6.644665 1.488964 2.645331 14.313050 2.565964 6.719712 3.818614 6.684482 3.588614 16.454287 2.796079 -2.181743 -5.385288 -8.062372 0.555974 9.852232 3.330170 2.310081 -0.233983 1.128732 3.145671 11.809218 7.123606 -7.030574 35.953183 -4.323304 9.603136 -4.625620 13.804235 16.597365 50.293555 -4.525648 -25.758110 -12.301243 17.384729 -38.893751 -8.369008 -26.704368 -22.893337 -13.415770 13.526492 2.997634 3.378925 -5.901595 -1.928095 13.945060 0.916041 9.560212 -7.502135 -8.143946 -7.802475 5.015202 -14.711087 38.613979 -43.340019 -25.468133 -30.834873 3.019703 12.396102 12.413916 -8.256760 11.176139 1.750962 -9.796743 27.980534 -1.293805 -4.449019 0.887543 5.936625 -1.656886 7.822691 20.592230 -14.336477 30.938066 -32.205128 -13.133537 31.683142 -2.432906 -5.461204 6.389656 -27.109119 -30.266115 17.476774 -7.077156 6.507211 -3.095084 -14.200409 2.220170 18.570662 7.262293 -3.506350 0.082757 -5.943711 1.491289 -7.806534 -28.118373 -3.455097 8.650669 -7.602895 -46.332924 2.224397 -0.269411 1.514409 -9.607773 16.337776 -38.741146 -14.160108 23.946628 -23.587408 12.289428 -13.101229 -16.329573 10.453373 -1.602489 2.470012 -5.972218 
32.323658 101.815453 -4.682331 35.288073 27.214226 25.432436 3.456086 13.177105 -0.231105 -1.433725 0.928996 -19.594390 2.451240 20.652594 4.868328 -4.228273 7.480596 1.958289 2.664051 14.320858 2.566982 6.780880 4.978041 5.939071 3.572058 16.472221 2.803157 -2.817389 -4.991785 -8.261249 0.549382 9.856352 3.325970 2.001951 0.184198 0.784157 3.147804 11.801511 7.121380 -6.360378 35.488529 -2.952129 9.622414 -4.630735 13.810751 16.493696 48.348952 -4.783094 -25.757132 -12.305379 17.390703 -42.655511 -11.056884 -27.601052 -22.919271 -13.407090 13.517211 2.610369 3.379510 -5.811220 -1.921531 13.940057 0.917192 11.084213 -6.195552 -8.462135 -7.813516 5.020269 -14.717727 41.827232 -36.419293 -23.837148 -30.851898 3.018201 12.400324 14.858245 -5.930912 16.471860 1.748065 -9.796753 27.992035 -1.012336 -4.979345 1.218878 5.948096 -1.662179 7.834574 19.580394 -13.879029 30.816693 -32.221275 -13.159525 31.682858 -1.562834 -4.726932 6.168575 -27.102636 -30.273012 17.501322 -6.106014 4.401600 -4.233220 -14.211391 2.201789 18.583996 7.645210 -3.650026 -0.973689 -5.933479 1.509768 -7.806823 -26.584213 -3.493669 7.843476 -7.607080 -46.355408 2.220670 -2.718409 1.371732 -8.789560 16.338245 -38.756973 -14.184832 23.351397 -23.359711 12.217626 -13.116459 -16.336351 10.466556 -1.479958 2.104406 -5.378920 
28.993580 101.784889 -4.246236 35.174641 27.903930 26.035554 3.462328 13.184383 -0.222824 -1.505332 0.961215 -19.088811 2.445252 20.653133 4.870388 -4.203313 8.217716 1.764162 2.676273 14.336315 2.566087 6.050275 5.306768 5.998191 3.559791 16.488846 2.808057 -3.156614 -4.380853 -8.166268 0.555322 9.858261 3.315884 1.779425 0.724303 0.938781 3.151642 11.806342 7.112954 -5.502533 34.670843 -1.872446 9.641438 -4.635970 13.815331 15.816592 46.680750 -5.454544 -25.766092 -12.306812 17.397541 -45.094207 -13.681276 -27.982187 -22.932816 -13.420114 13.518141 2.449827 2.776835 -5.614169 -1.908846 13.936687 0.906687 12.365601 -4.923067 -8.383723 -7.829165 5.025637 -14.720597 42.940942 -30.530607 -21.930168 -30.863182 3.024654 12.405748 15.105493 -2.506694 19.590106 1.748252 -9.799341 28.005783 -0.761124 -4.934640 1.437889 5.955101 -1.661860 7.851893 20.030614 -13.334740 30.655054 -32.226288 -13.175943 31.678495 -0.928521 -4.300242 5.135066 -27.099556 -30.289900 17.525389 -4.983178 2.584136 -5.102085 -14.215454 2.186489 18.601192 7.634980 -3.644584 -1.612371 -5.931709 1.518189 -7.809469 -25.851207 -3.555382 6.662534 -7.617986 -46.374279 2.219439 -4.081585 1.466678 -8.079203 16.339642 -38.760983 -14.196751 22.019495 -23.168104 11.654003 -13.130355 -16.345516 10.474234 -1.639120 2.223915 -5.162870 
26.288786 101.822411 -3.937033 34.792680 28.055967 26.651642 3.467977 13.179221 -0.222851 -1.931161 0.943900 -18.894434 2.439025 20.647903 4.868662 -4.750700 7.838979 1.583394 2.679863 14.343783 2.567043 6.171172 5.132273 5.460853 3.547611 16.500055 2.810896 -3.528398 -3.799093 -8.059852 0.555711 9.850863 3.314020 2.413009 1.134773 0.869151 3.144903 11.810390 7.110949 -5.282657 33.744638 -0.921296 9.650051 -4.637057 13.814662 15.501645 44.571595 -6.205069 -25.772436 -12.305492 17.404768 -46.893347 -15.491158 -27.908056 -22.948666 -13.417909 13.511000 2.875431 2.608569 -5.706422 -1.903112 13.925699 0.907256 13.233424 -3.907819 -9.002000 -7.840832 5.041179 -14.718142 42.645618 -27.208706 -20.003932 -30.873802 3.031302 12.401196 15.403796 -0.015372 20.325248 1.742253 -9.802501 28.010225 -0.871335 -5.046986 1.703415 5.960395 -1.661509 7.868164 20.693482 -12.728138 30.735848 -32.228104 -13.180612 31.669842 0.012356 -3.473387 4.469036 -27.092075 -30.300983 17.536785 -3.772678 0.947565 -5.797676 -14.217523 2.166472 18.602591 7.343238 -3.456473 -2.213871 -5.935838 1.522539 -7.812094 -24.953471 -3.526499 5.487355 -7.626157 -46.379715 2.217652 -4.104722 1.468646 -7.963563 16.338165 -38.762253 -14.206688 20.804988 -22.744714 11.276519 -13.134439 -16.349125 10.478452 -1.570371 2.150440 -4.517802 
24.604855 101.763580 -3.743683 34.085444 28.342630 26.507339 3.468716 13.176865 -0.221194 -1.932490 0.924146 -18.911173 2.435738 20.643097 4.870555 -5.155303 8.147867 1.610660 2.682035 14.344940 2.567816 5.997475 5.265072 5.121947 3.539309 16.503305 2.813884 -3.669540 -3.480752 -7.812778 0.557141 9.850410 3.309905 2.115938 1.425114 1.164074 3.143327 11.813787 7.107482 -5.481720 33.037850 -0.423924 9.664350 -4.645099 13.815220 15.919470 43.478256 -6.056481 -25.772131 -12.307842 17.406816 -47.757011 -16.391761 -28.136616 -22.959219 -13.422000 13.512719 2.802114 2.557868 -5.559737 -1.897848 13.922608 0.906992 13.866829 -3.348322 -8.840263 -7.843432 5.047163 -14.720942 42.861616 -25.134427 -19.043117 -30.875395 3.031119 12.401222 14.921083 1.295929 20.625290 1.740433 -9.802095 28.008457 -0.819581 -4.816485 2.033740 5.963351 -1.659021 7.872588 20.978007 -12.567902 30.829777 -32.223949 -13.185398 31.665012 0.443364 -3.003140 4.173571 -27.098555 -30.309563 17.548416 -2.678178 0.195414 -6.302891 -14.213129 2.165136 18.604174 6.958606 -3.189017 -2.195913 -5.939872 1.523497 -7.812542 -24.832346 -3.450490 4.780936 -7.629905 -46.374573 2.213328 -4.292993 1.708669 -7.973244 16.332424 -38.762245 -14.207627 20.061019 -22.251662 10.967764 -13.141866 -16.352482 10.479425 -1.256913 2.060730 -4.417005 
24.148981 101.551331 -3.689811 34.376349 28.504999 26.745643 3.469493 13.174250 -0.220776 -1.853075 0.917056 -18.893883 2.433552 20.644613 4.873523 -5.134830 7.959106 1.632455 2.678664 14.347575 2.568598 6.214576 5.073458 5.056566 3.537676 16.508781 2.811243 -3.527409 -3.390465 -7.779891 0.563417 9.850620 3.307651 2.192450 1.480576 1.106491 3.139655 11.810078 7.108950 -5.063800 33.006985 -0.009958 9.663928 -4.643675 13.814375 16.316289 43.243512 -6.184721 -25.776857 -12.307825 17.410067 -47.830855 -16.292060 -28.113610 -22.957642 -13.421500 13.511565 2.840110 2.364638 -5.411649 -1.897860 13.919863 0.905264 13.966264 -3.261781 -8.883411 -7.847471 5.047181 -14.714746 42.871759 -25.063714 -18.853865 -30.876225 3.029225 12.403435 14.806581 1.576831 20.253854 1.739994 -9.804018 28.010132 -1.043615 -4.941837 2.131778 5.961189 -1.661868 7.875635 20.833866 -12.435249 30.362482 -32.223801 -13.180805 31.658922 0.865194 -3.244293 4.390392 -27.094366 -30.309601 17.546244 -2.869888 0.223035 -6.426334 -14.213592 2.163596 18.609341 6.887847 -3.104659 -2.430829 -5.943991 1.527965 -7.816784 -24.713979 -3.579075 4.520162 -7.635075 -46.373489 2.218963 -3.995415 1.887391 -7.991906 16.336153 -38.762062 -14.205815 19.860242 -22.352967 10.712200 -13.140627 -16.354460 10.481087 -1.229425 2.243124 -4.387345 
24.693453 101.245125 -3.710757 34.493640 28.428282 26.672336 3.467834 13.175201 -0.217622 -1.889961 0.944724 -18.712442 2.434556 20.646797 4.873127 -5.146582 8.233414 1.719018 2.679868 14.347352 2.569753 5.978819 5.433371 5.120805 3.540522 16.507759 2.809656 -3.726999 -3.383141 -7.556140 0.562058 9.852543 3.310562 1.970888 1.173836 1.101998 3.143764 11.814957 7.109504 -5.113150 33.298805 -0.296891 9.665548 -4.646904 13.813032 15.853825 43.576938 -6.610380 -25.782513 -12.309227 17.409653 -47.070126 -15.843911 -28.129571 -22.954790 -13.425150 13.514206 2.617161 2.450785 -5.416773 -1.893947 13.922242 0.901444 13.958004 -3.374188 -9.083247 -7.847944 5.041006 -14.718826 43.226922 -25.523567 -19.421209 -30.878613 3.033649 12.406990 14.684563 0.915751 20.608245 1.743316 -9.804460 28.015682 -1.005013 -4.829166 2.072192 5.961775 -1.654270 7.875314 20.349671 -12.289456 29.837627 -32.223343 -13.181576 31.662828 0.867330 -3.630220 4.945815 -27.101799 -30.312639 17.546869 -3.384563 0.640895 -6.453333 -14.213468 2.166610 18.611044 6.939136 -3.051875 -2.141796 -5.941315 1.527379 -7.817950 -24.962062 -3.434747 4.737917 -7.632930 -46.378235 2.218903 -3.333277 1.798541 -7.757796 16.340031 -38.766533 -14.205261 20.007829 -22.756684 10.798112 -13.142307 -16.357691 10.480636 -1.264287 2.321197 -4.581039 
25.704559 100.921799 -3.777193 35.112858 28.036461 26.676296 3.462939 13.178483 -0.221584 -1.684336 0.883084 -18.730539 2.433629 20.642397 4.870059 -4.960672 8.481971 1.761087 2.680914 14.344593 2.568051 6.245253 5.668161 5.254187 3.544824 16.500406 2.807896 -3.787749 -3.117106 -7.528916 0.564623 9.848490 3.309346 2.021828 1.508013 1.187862 3.144279 11.810135 7.116392 -4.918434 33.735667 -0.461363 9.658571 -4.647033 13.811449 15.536539 44.494741 -7.077050 -25.780531 -12.307183 17.410854 -46.267575 -15.005142 -28.066526 -22.952246 -13.415000 13.509487 2.479126 2.320532 -5.003120 -1.897285 13.929175 0.903557 13.962534 -3.704766 -9.099599 -7.847176 5.034538 -14.712324 42.788010 -26.840234 -20.062038 -30.877964 3.029669 12.406211 14.614542 -0.279896 20.072398 1.745051 -9.807558 28.020987 -1.369848 -4.987882 1.687758 5.959640 -1.655584 7.871257 19.679677 -12.430633 29.625464 -32.229950 -13.181540 31.663595 1.089746 -4.182178 5.269892 -27.101952 -30.311993 17.536963 -4.289734 2.231542 -6.161315 -14.216455 2.164239 18.606075 6.819498 -3.432718 -1.916102 -5.934344 1.531590 -7.819959 -25.097445 -3.217711 4.927116 -7.631502 -46.377014 2.220545 -3.203122 2.275737 -7.702456 16.340797 -38.765224 -14.199329 20.520374 -22.805192 10.926958 -13.145623 -16.357105 10.478329 -1.249344 2.491359 -4.618718 
26.699379 100.705330 -3.856888 35.413291 27.629012 26.311632 3.461462 13.178372 -0.222131 -1.549439 0.744648 -19.104647 2.433934 20.644772 4.872795 -4.950961 8.339483 1.554284 2.682338 14.348680 2.568248 6.365511 5.614512 5.392924 3.542756 16.494946 2.810198 -3.966327 -3.149766 -7.760738 0.563055 9.852846 3.308669 2.523974 1.234119 1.193956 3.145992 11.814579 7.120702 -4.947248 34.223260 -1.012296 9.651943 -4.648487 13.814359 15.372922 44.964450 -7.032078 -25.782642 -12.303789 17.411306 -44.982922 -14.219598 -27.921697 -22.951761 -13.417129 13.512583 2.486621 2.281279 -4.755432 -1.899049 13.934774 0.908618 13.580539 -3.743331 -9.381918 -7.842496 5.028257 -14.709893 42.440709 -27.952590 -20.575854 -30.879744 3.023109 12.408652 14.958925 -1.442693 20.137261 1.744734 -9.806008 28.021435 -1.410955 -5.154164 1.501454 5.959630 -1.654588 7.868114 18.727544 -12.366153 29.715848 -32.238152 -13.178097 31.671867 1.061112 -4.736658 5.347512 -27.098074 -30.313313 17.530247 -4.734747 2.914841 -6.083358 -14.222195 2.163646 18.600412 6.852250 -3.298373 -2.091381 -5.932065 1.535846 -7.819768 -25.177506 -3.401892 5.266339 -7.634282 -46.379696 2.218313 -3.141604 2.098585 -7.822208 16.341408 -38.764217 -14.197768 20.579795 -23.056736 11.083853 -13.143388 -16.357656 10.483334 -1.116213 2.850598 -4.958880 
27.340683 100.680382 -3.915373 35.505021 27.361741 26.122584 3.459845 13.179361 -0.219118 -1.509424 0.887377 -19.225331 2.437102 20.643681 4.873230 -5.037193 8.363243 1.547033 2.683570 14.340698 2.566269 6.361703 5.599805 5.211153 3.547777 16.491730 2.812814 -4.141539 -3.110546 -7.630483 0.560388 9.852374 3.310028 2.545502 1.493254 1.133074 3.143802 11.815947 7.122617 -5.131766 34.257603 -1.260180 9.650065 -4.649537 13.809423 15.395532 45.332345 -7.116424 -25.781202 -12.297546 17.410521 -44.477420 -14.010606 -28.078464 -22.952135 -13.411538 13.509891 2.540019 2.220573 -4.627554 -1.901084 13.934562 0.907281 13.504530 -3.951583 -9.414897 -7.839968 5.028423 -14.706249 42.278103 -28.955440 -21.029394 -30.880365 3.026434 12.402611 15.010065 -2.142298 19.850345 1.749173 -9.804412 28.021420 -1.257849 -5.127356 1.507935 5.959960 -1.645208 7.867356 18.597883 -12.427947 29.576652 -32.234673 -13.180293 31.672651 0.943120 -4.707751 5.412192 -27.096960 -30.308277 17.529638 -5.391143 3.723595 -6.129071 -14.219852 2.167070 18.589169 6.624818 -3.331166 -2.075168 -5.931558 1.535987 -7.815402 -25.316475 -3.433097 5.198411 -7.634037 -46.381126 2.216870 -3.040783 2.068429 -7.633131 16.338110 -38.764378 -14.199959 21.183828 -23.155743 11.286144 -13.137849 -16.356152 10.481084 -1.119452 2.780416 -4.880833 
27.370045 100.869408 -3.948134 35.042969 27.606294 25.895505 3.459919 13.181160 -0.218460 -1.497386 0.833077 -19.248322 2.433060 20.646578 4.870864 -4.951619 8.251628 1.717016 2.679735 14.344391 2.567367 6.342132 5.483771 5.083754 3.548559 16.496918 2.809209 -4.072112 -3.326818 -7.493067 0.563197 9.852039 3.307804 2.249915 1.483382 1.138037 3.145763 11.810669 7.123128 -4.957472 34.369129 -1.059443 9.647428 -4.645503 13.817492 15.177094 45.586919 -7.058425 -25.777746 -12.302654 17.406479 -45.261819 -13.984372 -28.106819 -22.948753 -13.413540 13.513973 2.472005 2.323189 -4.962943 -1.903999 13.935350 0.905965 13.281989 -4.142797 -9.223096 -7.844136 5.029910 -14.702903 42.447194 -29.232086 -20.962272 -30.876699 3.021218 12.405962 14.750345 -1.707288 19.834069 1.744910 -9.807206 28.016800 -1.555355 -5.284452 1.560666 5.960004 -1.651781 7.864032 18.841593 -12.701860 29.848606 -32.231388 -13.176525 31.676516 0.623980 -4.904837 5.248339 -27.098757 -30.304779 17.533590 -4.936810 3.266522 -5.952293 -14.220006 2.168788 18.597328 6.799750 -3.363578 -2.066810 -5.933761 1.533044 -7.820418 -25.310646 -3.468856 5.024077 -7.630800 -46.377029 2.220081 -2.983321 1.899205 -7.863073 16.341642 -38.760544 -14.203032 21.272189 -22.881793 10.870052 -13.136873 -16.353573 10.485919 -1.006571 2.657260 -4.449141 
26.619034 101.261665 -3.924766 35.110058 27.980322 26.305275 3.464989 13.176806 -0.221797 -1.579593 0.906683 -19.110133 2.441348 20.649086 4.874197 -5.028080 7.869177 1.573271 2.679532 14.342989 2.568632 6.252311 5.275020 5.488299 3.552297 16.497766 2.811495 -3.720006 -3.867288 -7.575295 0.560006 9.853589 3.315997 2.223404 1.371357 0.947811 3.145344 11.812481 7.114124 -5.116783 33.959622 -1.007165 9.649325 -4.643168 13.810670 15.522037 45.062644 -6.344531 -25.779282 -12.310311 17.407372 -45.762862 -14.899160 -28.091252 -22.945255 -13.414769 13.514750 2.476660 2.322242 -5.100974 -1.902444 13.932329 0.909293 13.318097 -3.925993 -9.062322 -7.844039 5.033862 -14.713221 42.562355 -27.843473 -20.207769 -30.881802 3.031163 12.410696 14.966859 -1.082912 19.870683 1.740738 -9.807016 28.011387 -1.304185 -5.428732 1.589241 5.955930 -1.655528 7.872146 19.871481 -12.619380 30.013193 -32.231110 -13.174809 31.678122 0.458495 -4.234426 4.732770 -27.096766 -30.308575 17.529959 -4.624682 2.245554 -5.889969 -14.218795 2.172196 18.602060 7.259108 -3.505772 -2.191686 -5.937011 1.531275 -7.816298 -25.165535 -3.246079 5.356542 -7.629097 -46.377522 2.218153 -3.549211 1.799185 -7.808287 16.343426 -38.763668 -14.201866 21.416570 -22.980224 10.947064 -13.137935 -16.357370 10.477437 -1.686647 2.606428 -4.615821 
24.900478 101.834602 -3.833265 34.413355 28.222961 26.489405 3.472810 13.175522 -0.220282 -2.017075 0.871497 -19.145432 2.435213 20.651155 4.872077 -4.910005 8.066431 1.553944 2.684409 14.342737 2.567028 5.983650 5.258969 5.612535 3.544903 16.506685 2.815468 -3.771911 -4.107016 -7.754495 0.561983 9.849670 3.312697 1.713431 1.814510 1.280607 3.153111 11.811390 7.106740 -5.076205 33.142936 -0.640738 9.656339 -4.647181 13.812776 15.918987 43.839187 -5.810068 -25.781858 -12.316541 17.404526 -47.401499 -16.172454 -28.348125 -22.949993 -13.414687 13.513721 2.221501 2.672926 -5.487769 -1.894913 13.927640 0.903070 13.411182 -3.823557 -8.287579 -7.845756 5.043090 -14.719547 43.121604 -25.282314 -19.216589 -30.884943 3.033966 12.406333 14.675686 1.059975 20.321411 1.738214 -9.801596 28.010536 -0.990920 -4.683844 1.955814 5.958789 -1.657258 7.871549 21.063759 -12.688863 30.807992 -32.228935 -13.180163 31.672401 0.121226 -3.289169 3.943352 -27.095377 -30.311613 17.538858 -3.238503 0.197015 -6.083729 -14.218575 2.170536 18.608257 7.329166 -3.231141 -2.117580 -5.941844 1.529533 -7.814951 -25.127349 -3.720756 5.080309 -7.635659 -46.385475 2.220457 -4.472515 1.840235 -7.974840 16.336248 -38.767712 -14.197762 20.465212 -22.975870 11.019353 -13.139960 -16.354513 10.481300 -1.638902 2.200989 -4.326898 
22.023527 102.562271 -3.671972 33.416270 29.210837 26.784215 3.478586 13.177985 -0.223433 -2.293197 0.895668 -18.827659 2.439040 20.660490 4.872205 -4.612614 8.021773 1.614403 2.682227 14.342777 2.559542 5.464219 4.944320 5.200503 3.546063 16.518869 2.812835 -3.208456 -4.370075 -7.690453 0.557459 9.857679 3.312690 0.807212 2.140935 1.360354 3.158061 11.806459 7.098272 -5.191383 32.011915 0.256333 9.666367 -4.640593 13.811572 16.549588 41.769643 -5.013473 -25.783682 -12.331270 17.396776 -49.530145 -18.046770 -28.712473 -22.951866 -13.421741 13.513864 2.282166 2.700914 -6.199017 -1.893705 13.925065 0.904013 13.706880 -3.390300 -7.682015 -7.850446 5.058409 -14.736093 43.044662 -22.403067 -17.316358 -30.889229 3.044790 12.405665 14.451695 3.292419 20.393251 1.738015 -9.803573 28.006523 -0.649492 -4.168067 2.403113 5.958867 -1.669882 7.875848 23.290271 -12.006615 31.020837 -32.229088 -13.177638 31.664644 -0.485856 -1.655022 3.000847 -27.092264 -30.309757 17.550625 -1.836863 -1.986095 -6.148679 -14.214828 2.172535 18.621975 7.614920 -2.736830 -2.453097 -5.949603 1.523340 -7.815381 -24.566628 -3.996000 4.797446 -7.637722 -46.385998 2.221719 -5.032337 1.656270 -7.611107 16.345299 -38.777348 -14.193263 19.471584 -22.554147 11.202332 -13.142359 -16.351982 10.485678 -2.075976 1.754372 -3.963639 
17.830435 103.390038 -3.410599 32.228996 30.242042 27.287803 3.489520 13.174144 -0.221544 -2.851979 0.530449 -19.158477 2.449519 20.667028 4.874539 -3.782271 8.095089 1.610244 2.678653 14.341139 2.555939 4.681282 4.020806 5.623859 3.540101 16.531075 2.810765 -2.775954 -4.577246 -8.014995 0.565324 9.860291 3.316440 -0.782333 1.923289 1.943554 3.161084 11.788063 7.091484 -5.700419 30.298866 1.385786 9.667361 -4.617661 13.806135 17.230366 38.845253 -4.381315 -25.791981 -12.348789 17.392277 -52.198792 -20.374968 -28.847618 -22.953695 -13.429477 13.518092 1.917411 2.390163 -7.647115 -1.886442 13.912992 0.903669 13.711757 -3.611436 -7.299500 -7.840403 5.067816 -14.754085 42.472575 -19.143490 -15.133766 -30.898554 3.051792 12.402525 13.774612 5.693999 19.914859 1.733460 -9.809460 28.011618 -0.196067 -2.874874 2.940460 5.955665 -1.678119 7.871992 25.422410 -11.461115 31.437827 -32.238144 -13.168347 31.649757 -1.436970 0.159122 1.484059 -27.091175 -30.311991 17.556519 -0.377294 -4.863188 -6.964854 -14.222675 2.167417 18.638744 7.903832 -1.936427 -3.030946 -5.953716 1.522049 -7.819143 -22.941431 -4.250260 3.433121 -7.638025 -46.382732 2.239018 -6.343455 1.666699 -8.002607 16.353619 -38.795830 -14.188628 17.822868 -21.677518 12.142939 -13.142298 -16.351234 10.491149 -3.428455 1.580667 -3.730085 
12.429270 104.211258 -3.006845 30.310576 31.119134 27.824343 3.488303 13.166721 -0.209571 -3.756026 0.240531 -19.128145 2.448044 20.660686 4.888484 -2.480571 7.946702 2.055274 2.660399 14.336402 2.545476 4.210930 2.843209 5.680945 3.527502 16.535769 2.807063 -2.133738 -4.599136 -8.451728 0.570845 9.862744 3.322835 -2.174440 0.866905 2.774122 3.167459 11.766276 7.086857 -6.383246 28.670392 2.488154 9.672406 -4.598756 13.799384 18.038695 35.084653 -3.971686 -25.798382 -12.354138 17.380287 -53.896019 -22.579794 -29.087296 -22.951439 -13.432777 13.518584 1.601521 2.264178 -9.054768 -1.896795 13.905019 0.895889 13.456603 -3.725296 -7.223392 -7.825374 5.066105 -14.768198 40.974766 -17.012314 -13.411117 -30.904428 3.045414 12.390450 12.692065 7.483095 18.985342 1.729533 -9.810431 28.010504 0.475911 -1.474090 3.407415 5.950829 -1.674274 7.846109 27.090233 -10.604019 31.419727 -32.242783 -13.136719 31.627653 -2.833513 2.344446 0.911416 -27.098295 -30.307211 17.559982 1.732654 -7.864522 -8.007474 -14.226217 2.177104 18.645493 7.732667 -0.639397 -3.246460 -5.950530 1.512500 -7.825031 -20.770586 -4.558002 2.569444 -7.649364 -46.361214 2.254911 -7.395090 0.940368 -8.735754 16.359091 -38.813202 -14.168861 15.549559 -20.631954 13.422520 -13.141232 -16.343550 10.509668 -4.013980 1.293167 -3.657411 
6.514759 104.958580 -2.435054 26.385461 30.850650 26.983327 3.468514 13.168166 -0.197739 -5.424100 0.752582 -18.816679 2.434632 20.651066 4.902670 -1.493699 6.861105 2.031579 2.643090 14.355336 2.551195 3.531910 1.753392 6.454031 3.522277 16.531767 2.807540 -1.369697 -3.859613 -8.384371 0.577162 9.857900 3.333624 -2.102953 -0.394990 3.773392 3.173099 11.750987 7.080490 -6.562404 27.484140 2.788464 9.661498 -4.568347 13.802966 18.422268 30.871021 -3.555709 -25.804413 -12.347963 17.366079 -53.394601 -24.159525 -29.495865 -22.969810 -13.439611 13.513135 1.630557 1.603187 -9.810118 -1.918932 13.909210 0.902172 12.890286 -3.520191 -8.528592 -7.812428 5.065834 -14.768619 36.982015 -17.145004 -11.311137 -30.912428 3.033432 12.384041 10.366535 7.864088 16.672610 1.733894 -9.812220 28.027697 0.753723 -0.879188 3.165130 5.942212 -1.654584 7.828465 28.666902 -9.250935 30.439049 -32.252270 -13.087357 31.607986 -5.291252 3.180158 -0.300509 -27.128817 -30.329739 17.561932 3.883050 -9.614639 -9.166250 -14.229801 2.181449 18.631943 7.014602 0.852080 -3.703580 -5.946660 1.503532 -7.836384 -17.995057 -3.292735 1.451877 -7.669086 -46.337543 2.265281 -7.725908 0.702119 -9.881154 16.378096 -38.820053 -14.157616 12.644665 -19.132654 14.508160 -13.136497 -16.349312 10.533295 -4.477756 1.413149 -3.760669 
0.955303 105.580231 -1.727753 22.104958 29.666011 24.691289 3.465750 13.167168 -0.182512 -6.824416 0.918169 -18.576100 2.435643 20.630314 4.909161 -0.979920 5.433895 2.160122 2.639524 14.358444 2.564566 3.702225 1.689611 7.410194 3.519863 16.528065 2.800104 -0.152602 -2.250184 -7.191311 0.579181 9.851820 3.318168 -1.735364 -0.888238 4.038677 3.164879 11.742317 7.097845 -6.110024 26.010057 2.514768 9.643196 -4.560452 13.818408 18.219429 26.249759 -3.158702 -25.821987 -12.332926 17.369047 -50.469347 -23.703596 -29.598789 -22.981031 -13.448658 13.487590 1.574841 1.152816 -8.342336 -1.930709 13.913888 0.918395 11.745958 -3.813314 -8.697869 -7.798205 5.066250 -14.760496 32.123418 -17.470792 -9.144177 -30.913717 3.027297 12.381892 7.084411 8.977532 12.149533 1.726816 -9.819182 28.033815 -0.369932 -0.647676 2.555157 5.945091 -1.622340 7.819588 29.333514 -8.082582 30.179915 -32.251217 -13.060678 31.608875 -7.220321 2.746665 -2.022612 -27.155848 -30.353025 17.537714 4.857230 -9.876918 -8.768123 -14.224121 2.173812 18.613340 5.222979 3.215160 -3.831019 -5.929599 1.501069 -7.847741 -15.641383 -2.374438 0.328993 -7.690867 -46.311558 2.257326 -7.100517 0.864304 -10.664960 16.374283 -38.811928 -14.133317 11.147582 -17.741345 14.468103 -13.127321 -16.370440 10.548610 -3.381352 2.219689 -3.754761 
-4.080684 106.050667 -1.022937 17.977165 27.619313 21.415116 3.488560 13.155982 -0.162905 -8.525402 1.353766 -18.936739 2.441951 20.620008 4.908879 -1.147313 4.433118 2.507778 2.636650 14.354071 2.567404 3.680196 1.134459 7.111131 3.522640 16.526035 2.795345 0.415878 -0.274862 -6.042702 0.587699 9.840667 3.300953 -1.516014 -1.150225 3.221661 3.161628 11.728004 7.130507 -5.112810 24.416485 3.219815 9.635635 -4.571671 13.816810 17.361514 22.685100 -3.258804 -25.858191 -12.302257 17.386770 -45.184355 -22.011483 -29.181143 -22.969599 -13.474145 13.474510 0.446611 1.704874 -6.528769 -1.927117 13.914583 0.935416 10.045361 -3.833396 -8.785651 -7.805093 5.056757 -14.749768 27.410037 -16.850232 -6.523083 -30.919325 3.029764 12.368731 3.875665 10.224797 7.655861 1.723379 -9.837211 28.035545 -1.836745 -0.699216 2.349371 5.964789 -1.590372 7.820327 30.052624 -6.697196 29.707423 -32.242634 -13.043143 31.603470 -7.555975 2.176259 -3.640887 -27.172422 -30.377018 17.520180 5.158604 -8.951794 -7.424538 -14.228739 2.167585 18.597597 3.964299 5.001303 -4.211268 -5.920424 1.504143 -7.872134 -14.254345 -2.706194 -1.285763 -7.698498 -46.290554 2.241163 -6.128512 1.005349 -10.856540 16.364483 -38.810532 -14.124578 10.252859 -16.309536 13.799267 -13.108645 -16.400164 10.550624 -2.041266 2.133871 -3.467348 
-8.758327 106.303726 -0.431503 15.222714 25.812861 18.742130 3.514800 13.141068 -0.147982 -9.614004 1.289619 -19.099369 2.459146 20.599575 4.907297 -1.181617 3.329416 2.247416 2.643024 14.352992 2.561724 3.810367 0.781513 6.618416 3.525563 16.516983 2.800653 0.974341 1.543437 -4.662555 0.584848 9.832249 3.278496 -0.991856 -0.881976 2.611264 3.158669 11.717409 7.162896 -4.334459 22.234346 3.910605 9.628760 -4.579264 13.818728 15.772768 19.848685 -3.477079 -25.890417 -12.278711 17.402781 -40.010647 -19.718157 -28.075144 -22.950203 -13.488725 13.456699 -0.542567 2.175134 -4.510214 -1.922793 13.919758 0.947492 8.821883 -3.391148 -8.791612 -7.811493 5.051539 -14.732882 23.048953 -15.615423 -4.185705 -30.918434 3.028981 12.362062 1.012420 11.218248 2.324371 1.716328 -9.853231 28.024744 -3.272481 -0.885904 1.957462 5.975108 -1.563037 7.813525 30.231749 -5.957853 29.968599 -32.226513 -13.038713 31.604078 -6.949478 1.834511 -4.872037 -27.160551 -30.390396 17.507183 4.624497 -7.269798 -5.421079 -14.223914 2.160442 18.575783 3.110770 6.460238 -4.128697 -5.894508 1.507430 -7.900889 -13.259741 -2.784207 -2.898227 -7.691333 -46.268658 2.230818 -4.508187 1.093382 -11.334188 16.342751 -38.806767 -14.102878 10.064432 -15.688740 12.821739 -13.093599 -16.413403 10.541599 -0.676992 1.904946 -2.634048 
-13.273551 106.316139 -0.037367 13.720843 25.089510 16.710044 3.533029 13.121924 -0.147039 -10.189588 1.489089 -18.748810 2.471310 20.585796 4.907648 -1.637991 3.041815 1.652309 2.650824 14.356831 2.553952 3.439983 0.122072 6.020359 3.538868 16.514557 2.806138 1.194554 2.243894 -4.165377 0.581284 9.842171 3.261717 -0.821770 -0.676348 2.311640 3.163008 11.706482 7.167275 -3.460162 20.326004 4.337292 9.625274 -4.585787 13.829510 14.806491 18.478059 -3.587137 -25.907637 -12.276173 17.410006 -36.505261 -17.606199 -26.860808 -22.945028 -13.506898 13.445187 -1.172023 2.408986 -2.442853 -1.918072 13.933441 0.951990 8.327245 -2.386748 -8.386780 -7.823092 5.047834 -14.711964 20.415502 -14.252779 -2.888038 -30.908226 3.027035 12.369738 -2.002171 11.950268 -3.004211 1.713213 -9.867336 28.019007 -4.147339 -1.091462 0.746868 5.974547 -1.546206 7.803625 30.748945 -5.334886 29.553757 -32.208767 -13.033528 31.604486 -6.116446 1.562440 -4.986733 -27.155718 -30.403725 17.503901 4.252089 -5.945038 -4.001948 -14.217004 2.157815 18.566170 2.761229 7.338966 -3.787219 -5.882444 1.509447 -7.921389 -13.333411 -2.902643 -3.832618 -7.679615 -46.257519 2.225862 -2.722535 1.343398 -10.896087 16.327520 -38.797695 -14.082240 10.458438 -16.086503 11.702336 -13.083254 -16.429090 10.535226 -0.022789 1.857178 -1.949099 
-17.698154 106.066025 0.176815 13.717116 25.556850 15.922395 3.545278 13.103349 -0.150168 -10.305022 1.873341 -18.104970 2.486115 20.570202 4.914371 -1.910599 2.912679 1.129855 2.651978 14.364717 2.551613 3.163528 -0.172817 5.148481 3.559326 16.498508 2.809130 1.172624 2.110643 -4.253327 0.578283 9.846518 3.252504 -0.808934 0.185729 2.363868 3.165369 11.709541 7.167312 -2.773381 18.399001 4.792166 9.614742 -4.594171 13.835950 13.990519 18.309726 -4.715950 -25.921879 -12.284357 17.413666 -34.649072 -15.687083 -26.121012 -22.958542 -13.503746 13.436893 -1.688390 2.371266 -0.599535 -1.918486 13.939330 0.953661 7.919850 -1.618096 -7.854800 -7.824224 5.044880 -14.704476 18.494416 -12.729816 -1.792936 -30.905445 3.022219 12.383853 -5.088620 12.121603 -8.033427 1.705976 -9.876798 28.031384 -4.918684 -1.014955 0.228938 5.977475 -1.531964 7.810761 30.587404 -5.020943 29.567605 -32.189445 -13.024310 31.620998 -4.214113 1.502080 -4.661208 -27.161589 -30.405724 17.498161 3.615078 -4.647934 -3.174920 -14.203991 2.156352 18.565464 2.714593 7.670226 -3.073697 -5.875524 1.510651 -7.947129 -14.151232 -2.921330 -4.177266 -7.656458 -46.262718 2.230616 -1.856346 2.137765 -10.841610 16.316818 -38.790520 -14.052666 11.194326 -16.861072 11.109059 -13.085907 -16.434441 10.527772 -0.023767 1.884591 -1.196616 
-21.871426 105.637329 0.293221 14.119980 27.625754 16.202110 3.553732 13.082011 -0.163963 -10.239467 2.334528 -17.560597 2.492738 20.550964 4.923873 -2.507111 3.334708 0.764609 2.649700 14.371401 2.557741 2.836606 -0.157811 5.141643 3.574290 16.486809 2.815418 0.466336 1.686258 -4.919488 0.572554 9.850743 3.245873 -0.407723 0.765284 2.572043 3.164636 11.712721 7.164442 -1.912193 16.755752 4.999128 9.613530 -4.599867 13.836594 12.821243 18.467554 -5.976413 -25.920652 -12.303912 17.412327 -33.775627 -14.247422 -25.633160 -22.970530 -13.500916 13.428320 -1.952542 2.528140 0.846558 -1.923378 13.951321 0.953132 7.557443 -0.851991 -7.465968 -7.826332 5.039130 -14.690220 17.662697 -11.404273 -1.361909 -30.892458 3.008407 12.398266 -7.919868 11.969751 -12.592416 1.701695 -9.881859 28.030216 -5.614693 -0.810036 -0.092916 5.968768 -1.525729 7.804341 30.286234 -4.714053 29.613579 -32.177853 -13.017318 31.639236 -2.334286 1.829861 -3.538410 -27.169313 -30.411177 17.497070 3.412558 -3.283381 -3.033817 -14.195999 2.164998 18.560596 2.965706 7.366678 -2.223912 -5.864733 1.512204 -7.962914 -15.296000 -2.696784 -3.764280 -7.638681 -46.269135 2.235083 -0.853496 3.152336 -10.179289 16.310335 -38.779289 -14.024391 11.792025 -16.707857 10.626536 -13.082808 -16.433575 10.516946 -0.057487 1.865138 -0.822473 
-25.546997 105.165237 0.396673 14.904216 30.699481 16.603748 3.554752 13.061795 -0.177152 -9.607003 1.955236 -16.910310 2.494074 20.536137 4.938035 -3.315796 4.112414 0.472170 2.650553 14.379442 2.558835 2.865866 -0.052709 5.830448 3.582072 16.489540 2.815747 -0.222574 0.688251 -5.706251 0.570618 9.851417 3.250865 -0.277054 1.291169 3.257695 3.161690 11.710862 7.160140 -1.620939 16.063545 5.212794 9.602962 -4.594342 13.836520 11.426941 19.440609 -7.029582 -25.917810 -12.324245 17.409956 -33.943277 -13.424115 -25.200234 -22.983110 -13.495501 13.423641 -1.236526 2.750969 1.868673 -1.923424 13.953583 0.955392 7.481977 0.063040 -7.563538 -7.829751 5.039230 -14.682694 17.278729 -10.434320 -1.092145 -30.887880 2.999563 12.402033 -10.642599 11.893244 -16.187161 1.696941 -9.882442 28.026619 -6.416856 -0.852959 -0.430357 5.966073 -1.520913 7.807561 29.505765 -4.329732 29.909757 -32.174816 -13.009814 31.650787 -0.443704 2.814121 -2.143895 -27.175114 -30.413815 17.497051 3.144157 -2.000896 -3.198881 -14.191480 2.164020 18.554033 3.042573 7.081891 -1.933477 -5.865566 1.518640 -7.972910 -16.701947 -2.973777 -3.213727 -7.626417 -46.270992 2.247193 -0.649293 3.924023 -9.792234 16.311625 -38.765564 -14.011549 12.471349 -16.655324 10.407668 -13.079703 -16.423555 10.510073 -0.659467 2.229711 -1.043739 
-28.546164 104.803596 0.545758 14.873960 33.932557 16.174501 3.556267 13.046793 -0.194955 -8.689163 2.252776 -16.056579 2.490146 20.528742 4.944810 -3.825190 4.922768 0.227401 2.646383 14.388283 2.559932 2.689004 0.347461 6.137702 3.591407 16.489069 2.813967 -1.141739 0.198027 -6.244378 0.573555 9.841519 3.247355 -0.100369 1.518095 3.644615 3.160537 11.714464 7.148522 -1.114106 15.472419 5.627722 9.606554 -4.588734 13.836613 10.302613 20.658047 -8.028349 -25.906733 -12.348660 17.409496 -34.697539 -12.725477 -26.047229 -22.991526 -13.502203 13.428061 -0.987308 2.753015 2.320754 -1.916498 13.948248 0.954054 7.319425 1.078509 -7.318063 -7.830715 5.045931 -14.673258 17.269852 -9.882949 -1.139273 -30.876287 2.991243 12.409230 -12.546602 11.396198 -18.780109 1.695847 -9.887793 28.026756 -6.843671 -0.695001 -0.288091 5.950345 -1.521374 7.804775 29.093262 -3.813981 29.523906 -32.168865 -13.004405 31.658014 1.131742 3.229033 -0.723254 -27.186113 -30.420010 17.492744 3.371655 -0.913839 -3.640449 -14.182438 2.168104 18.546101 3.291362 6.222227 -1.724826 -5.863739 1.515261 -7.978557 -17.884782 -3.410625 -2.541514 -7.610116 -46.268715 2.254501 -0.807211 4.599668 -9.713348 16.311172 -38.753231 -14.004686 12.858035 -16.095242 9.851968 -13.079096 -16.415274 10.504372 -0.943808 2.265067 -1.414579 
-30.827665 104.690895 0.782599 14.978579 35.964515 15.970925 3.559176 13.033206 -0.203358 -8.207849 2.075772 -15.897221 2.488228 20.527157 4.956619 -4.156765 5.464996 0.026437 2.643969 14.391074 2.560075 2.778779 0.654672 7.044687 3.590930 16.492361 2.805155 -1.230885 -0.109668 -6.116097 0.572818 9.840405 3.252809 -0.451433 1.482741 3.945062 3.164579 11.707130 7.139473 -1.204134 15.861595 5.659269 9.595873 -4.578723 13.833258 8.867473 21.382974 -8.736878 -25.899630 -12.364404 17.397785 -34.449357 -12.344098 -26.554660 -22.992376 -13.496552 13.422034 -0.519263 2.633818 2.733874 -1.913870 13.943464 0.955557 7.417114 1.442482 -7.666943 -7.825202 5.047483 -14.669458 17.047560 -9.600109 -0.965837 -30.873556 2.991312 12.413132 -13.866239 11.099493 -20.609566 1.694893 -9.890293 28.023188 -7.196312 -0.779085 -0.138654 5.948606 -1.517337 7.813587 28.834289 -3.494905 29.787036 -32.167324 -12.996973 31.656189 1.799594 3.976153 0.175325 -27.193878 -30.420971 17.486052 2.711068 0.267349 -4.261953 -14.170952 2.161687 18.540184 3.277066 5.995161 -1.809140 -5.863561 1.509207 -7.978409 -18.837303 -3.993355 -1.865895 -7.598258 -46.259037 2.256407 -1.217895 5.068934 -9.679382 16.313805 -38.748932 -13.999628 13.197251 -15.539553 10.097428 -13.078611 -16.406143 10.504251 -1.376457 2.318528 -2.132393 
-32.545372 104.856979 1.123995 15.348975 37.753755 15.475619 3.559864 13.028625 -0.215153 -8.296121 1.930325 -16.081904 2.486882 20.526035 4.963088 -4.465079 5.956104 -0.236823 2.646588 14.392739 2.556126 2.544474 0.608048 7.328299 3.592632 16.492252 2.794462 -1.175523 0.408578 -6.065342 0.570401 9.838102 3.254390 -0.570012 1.789569 4.678242 3.164690 11.707932 7.136735 -1.326163 16.015236 5.952330 9.591311 -4.568411 13.828192 8.204447 21.856441 -9.334786 -25.896179 -12.375266 17.395737 -34.644280 -12.407139 -26.376703 -22.988592 -13.498100 13.419720 -0.214630 2.623216 2.833668 -1.910721 13.942237 0.953948 7.503080 1.438358 -7.938137 -7.824613 5.047430 -14.665216 16.471934 -9.788670 -0.720471 -30.871843 2.992207 12.410795 -14.844433 11.231914 -22.211888 1.704669 -9.894777 28.026001 -7.437651 -0.618257 0.138887 5.946762 -1.519560 7.818305 28.822726 -3.512642 30.337525 -32.163963 -12.992696 31.650387 1.959754 4.344178 0.545587 -27.197781 -30.416550 17.482418 2.432149 1.330814 -4.014518 -14.170663 2.155875 18.538412 3.520648 5.759153 -1.384388 -5.861936 1.508904 -7.985130 -19.199313 -4.279968 -1.369712 -7.593976 -46.256615 2.264503 -2.035346 5.263008 -9.981708 16.317774 -38.736752 -13.999506 13.941434 -15.073196 10.067726 -13.074208 -16.396288 10.503044 -1.677731 2.458638 -2.256349 
-33.979347 105.241257 1.594704 16.401303 38.760241 15.692016 3.566891 13.024092 -0.220577 -8.401442 2.257646 -16.649896 2.481557 20.520786 4.965546 -5.091753 6.657901 -0.137845 2.650307 14.387088 2.562106 2.205141 0.781687 7.828522 3.597072 16.490158 2.790222 -1.459232 0.891259 -6.203151 0.571633 9.830088 3.251827 -0.769654 2.025416 4.986777 3.170671 11.708064 7.137323 -1.180390 16.226062 6.188102 9.589643 -4.559875 13.828255 7.398330 22.533796 -9.558387 -25.885487 -12.386193 17.385250 -34.898387 -12.459749 -26.340102 -22.988152 -13.494629 13.414402 0.028511 2.635184 2.964939 -1.904054 13.937431 0.954655 6.906639 1.095247 -7.962876 -7.819242 5.044241 -14.656547 16.047661 -9.481832 -0.574065 -30.862812 2.994537 12.409136 -15.982808 11.614749 -23.424443 1.708577 -9.903089 28.023300 -7.989142 -0.682329 0.052502 5.941357 -1.521726 7.815361 29.430134 -3.949013 31.712473 -32.158901 -12.993440 31.649935 1.377528 4.139514 0.229822 -27.196255 -30.417992 17.476759 2.755911 1.808522 -4.096590 -14.168682 2.152347 18.530615 3.936166 5.825400 -1.093325 -5.848512 1.505547 -7.992140 -19.181043 -5.019833 -1.534466 -7.587694 -46.258739 2.266682 -4.066753 5.234055 -10.332725 16.309229 -38.716560 -13.996032 14.879483 -14.681271 10.157267 -13.066066 -16.388542 10.497600 -1.986844 2.372676 -2.342023 
-35.406864 105.720428 2.236850 15.968767 39.106152 15.167379 3.578906 13.016248 -0.228324 -9.029812 2.376268 -17.291271 2.479748 20.518564 4.973349 -5.669787 7.473648 -0.028545 2.653318 14.376642 2.566629 1.235621 0.630494 7.972690 3.609919 16.486483 2.784771 -1.909554 1.604879 -6.097350 0.565080 9.824258 3.246227 -1.211443 2.218986 5.587670 3.175129 11.700080 7.135798 -1.016964 16.769293 5.830658 9.588602 -4.547954 13.827170 6.537770 22.523421 -9.942756 -25.873899 -12.400604 17.371031 -35.134544 -12.703189 -26.424981 -22.992603 -13.497365 13.413336 0.103171 2.582019 2.908493 -1.894499 13.942790 0.954717 6.111073 0.730645 -7.980560 -7.803987 5.033302 -14.644158 15.146727 -9.925114 -0.559137 -30.858259 2.995142 12.412833 -17.321085 11.760718 -25.169923 1.715934 -9.905679 28.025497 -7.975526 -0.076287 0.512577 5.937611 -1.516273 7.810637 29.914005 -4.590674 32.836244 -32.160065 -12.998293 31.636974 0.183905 4.425256 -0.196267 -27.191168 -30.421173 17.471457 3.046173 2.111283 -4.070952 -14.161880 2.152044 18.522463 3.820573 6.506806 -0.945266 -5.844180 1.502983 -7.991762 -19.357330 -5.766531 -1.277004 -7.588857 -46.259914 2.262551 -5.840193 5.351665 -10.927573 16.292807 -38.701439 -13.993827 15.460003 -14.126312 10.447609 -13.060409 -16.384611 10.502078 -1.947905 2.129348 -2.880511 
-37.061913 106.158447 3.160193 18.034693 39.579833 15.605379 3.584431 13.005773 -0.229768 -10.082105 3.012843 -18.635193 2.467708 20.517410 4.976398 -6.557140 7.831818 -0.067729 2.651549 14.361877 2.573969 0.262995 0.089128 8.306418 3.610614 16.485016 2.781144 -2.502657 2.346320 -6.344106 0.572076 9.816851 3.247547 -2.086631 2.339251 5.707378 3.186386 11.698004 7.135621 -0.784486 16.908499 5.829388 9.578189 -4.531491 13.831583 5.628141 22.585805 -10.246535 -25.863234 -12.413849 17.349609 -35.176383 -12.599168 -25.658615 -22.989973 -13.493519 13.406734 0.557005 2.700092 2.874353 -1.892805 13.944720 0.958616 4.546309 -0.305993 -8.401709 -7.792239 5.030231 -14.626595 13.893962 -9.974433 0.052319 -30.850267 3.003935 12.408163 -19.019235 11.397427 -27.244416 1.719948 -9.907938 28.024271 -8.335149 -0.338696 0.236773 5.936772 -1.517530 7.808303 31.020404 -5.329233 34.135906 -32.153568 -13.000497 31.628145 -0.647383 4.453523 -0.223296 -27.183025 -30.428242 17.463486 3.447928 2.056747 -4.129047 -14.169532 2.144312 18.511391 3.931269 6.388610 -0.970068 -5.843052 1.509365 -7.992694 -19.129227 -6.355976 -1.306238 -7.591309 -46.257492 2.256636 -7.164237 5.484641 -11.444312 16.279095 -38.680820 -13.994253 15.970258 -13.842091 11.180817 -13.042174 -16.384680 10.500697 -2.220120 2.099646 -2.666610 
-38.987720 106.467644 4.567782 19.648670 40.423013 16.167205 3.591620 12.997047 -0.226197 -11.132675 3.767768 -19.806529 2.461069 20.519056 4.978520 -6.957461 8.986024 0.041974 2.651049 14.335132 2.574494 -1.025263 -0.612893 8.237516 3.622748 16.470100 2.781955 -3.424598 3.422029 -6.371353 0.577883 9.815083 3.237207 -3.299239 2.235680 6.149180 3.197279 11.702811 7.139476 -0.157000 16.600461 5.571197 9.567048 -4.506902 13.836149 4.115611 22.457793 -11.173869 -25.857767 -12.430771 17.322973 -35.179169 -12.633394 -24.916349 -22.991051 -13.491787 13.396930 1.117177 2.872077 2.617604 -1.891876 13.949573 0.957891 2.860002 -1.814798 -8.591447 -7.776152 5.022629 -14.606524 12.012328 -11.076524 0.363359 -30.839890 3.010040 12.409021 -21.266463 9.848465 -30.675858 1.729917 -9.909621 28.029417 -8.124492 -0.004382 0.321324 5.936342 -1.518339 7.797658 31.906382 -6.269552 35.115652 -32.153160 -13.003535 31.617718 -1.484418 4.061608 -0.511236 -27.168087 -30.435242 17.463675 3.641012 2.433578 -3.603736 -14.167294 2.143431 18.505068 3.635784 7.074914 -0.915684 -5.837872 1.512520 -7.990897 -19.260527 -6.737382 -1.809113 -7.591387 -46.265602 2.247057 -7.779385 5.284213 -11.769611 16.253708 -38.654800 -13.994323 16.809012 -13.446387 11.731216 -13.025117 -16.381147 10.502337 -2.483740 1.857712 -2.672279 
-41.036556 106.567383 6.636847 22.035732 39.945586 16.276476 3.602199 12.987429 -0.210955 -13.471388 4.251635 -21.521236 2.450496 20.519890 4.977994 -8.039586 9.619977 0.153218 2.647810 14.307443 2.582269 -2.386628 -1.804711 7.723096 3.631238 16.458136 2.795201 -5.026702 4.477589 -6.715330 0.582968 9.820100 3.227622 -5.041404 1.901215 6.585247 3.204491 11.713743 7.138619 -0.023168 16.995778 4.663600 9.552107 -4.485373 13.852366 3.385215 22.249030 -11.005459 -25.852365 -12.441561 17.290878 -34.750674 -11.986249 -22.792666 -23.008869 -13.483484 13.384930 1.794502 3.290710 2.678584 -1.895481 13.961624 0.961489 0.888170 -4.479727 -9.360452 -7.757253 5.018509 -14.580752 9.622052 -13.107720 0.975642 -30.828587 3.014835 12.411238 -24.287089 6.319811 -35.335871 1.745106 -9.901722 28.037079 -7.277189 0.490226 0.181533 5.945282 -1.505061 7.786494 32.769649 -8.261314 36.470789 -32.141815 -13.009055 31.591293 -1.892138 3.454900 0.196845 -27.158426 -30.450851 17.474941 3.646316 1.302210 -3.657659 -14.169628 2.148585 18.490063 2.805667 7.817553 -1.000778 -5.842074 1.529737 -7.982965 -19.357403 -7.278702 -3.350586 -7.599608 -46.271835 2.218162 -6.924573 5.374879 -12.166209 16.214016 -38.626953 -13.995024 17.267808 -13.020861 12.323465 -13.005911 -16.384604 10.509061 -2.573636 1.430125 -2.664322 
-42.847042 106.395706 9.283432 23.587114 40.887281 16.454230 3.602296 12.974942 -0.193807 -15.311078 4.134293 -22.602010 2.445309 20.521091 4.973241 -8.517823 10.658529 0.270151 2.645147 14.296688 2.587917 -3.134348 -3.314709 7.080310 3.628226 16.448801 2.805121 -6.043183 5.081097 -6.238918 0.587789 9.842291 3.225196 -6.746402 1.361092 7.285302 3.204774 11.736029 7.130818 -0.547948 18.006078 3.251860 9.543583 -4.461899 13.872469 3.435232 22.074531 -10.352373 -25.857439 -12.451954 17.264738 -34.154180 -11.413407 -21.499077 -23.023865 -13.474484 13.381581 2.748072 3.891812 2.681226 -1.914448 13.963024 0.956060 -0.111599 -7.306220 -11.023886 -7.741911 5.020607 -14.568026 7.180823 -17.164641 1.214764 -30.818275 3.019070 12.407449 -26.289764 1.194257 -39.881399 1.756148 -9.900120 28.040781 -6.289931 1.345959 0.443560 5.961190 -1.493255 7.785285 33.277272 -10.059263 37.628847 -32.138260 -13.009629 31.572847 -1.838007 2.676537 0.981419 -27.157442 -30.467340 17.500364 3.241548 -0.231977 -3.818950 -14.184726 2.156854 18.483294 1.356804 8.876309 -0.719485 -5.852986 1.543612 -7.978472 -18.840001 -7.606678 -6.394684 -7.608619 -46.282612 2.186306 -5.065664 5.374244 -12.390067 16.178503 -38.600727 -13.991225 17.307976 -12.838659 12.147876 -13.001294 -16.380413 10.515858 -3.019244 1.167634 -2.983184 
-43.979698 105.913269 12.138307 24.651867 45.148210 17.760648 3.585866 12.977198 -0.183358 -16.565647 3.467045 -22.951213 2.456784 20.520655 4.973999 -7.696753 11.690917 0.584885 2.643936 14.307141 2.580538 -3.472369 -3.799135 6.676223 3.615716 16.444208 2.802694 -6.589840 4.523362 -5.761860 0.577514 9.863149 3.236620 -6.786751 0.542281 8.585471 3.197116 11.755523 7.109421 -1.634925 19.304797 2.646384 9.545781 -4.446092 13.879517 4.634735 22.359714 -9.238742 -25.873312 -12.453091 17.260399 -33.243750 -11.278638 -20.986846 -23.025747 -13.460354 13.393513 3.596339 4.422331 2.568263 -1.930476 13.949454 0.954195 1.281543 -9.158014 -13.873917 -7.726123 5.035763 -14.571926 6.133859 -23.117610 0.904641 -30.799782 3.024235 12.391303 -26.445652 -3.206110 -41.881818 1.757838 -9.894948 28.030581 -4.314515 2.332888 1.048266 5.986399 -1.474153 7.790758 33.414559 -11.386970 38.464958 -32.136719 -13.008482 31.549952 -0.761615 2.395111 2.007079 -27.168135 -30.474739 17.524296 1.950367 -1.993738 -4.357660 -14.199533 2.162374 18.487614 0.053923 8.972287 -0.119790 -5.857400 1.552085 -7.969958 -18.382377 -7.024479 -9.267271 -7.610388 -46.298004 2.166529 -2.912050 5.312471 -12.240282 16.158617 -38.580807 -13.980663 16.928737 -13.198675 11.927725 -13.011038 -16.366976 10.502592 -3.862471 1.026435 -3.632561 
-44.243748 105.231087 14.777965 25.926333 51.805298 20.355446 3.555757 12.982856 -0.179205 -16.177793 3.348997 -22.175814 2.463032 20.518084 4.980948 -6.144842 11.491985 0.729153 2.644387 14.337325 2.560090 -2.837108 -4.208544 7.065588 3.606591 16.452440 2.801939 -5.647177 2.485001 -5.736861 0.575462 9.878693 3.265176 -5.461051 0.513841 8.898758 3.183550 11.769647 7.081425 -1.610310 21.093523 2.704311 9.551867 -4.439507 13.869082 7.638721 23.951387 -6.723332 -25.879604 -12.448764 17.268837 -34.018461 -12.232154 -21.870513 -23.017981 -13.444195 13.420610 4.553649 4.730686 1.655060 -1.939108 13.933459 0.951506 4.311629 -9.317332 -16.758385 -7.734122 5.053106 -14.599612 6.815874 -30.071270 -1.374642 -30.793026 3.027914 12.376926 -25.864391 -5.637704 -40.756688 1.750236 -9.885321 28.024971 -3.528900 2.778184 1.077485 6.004644 -1.475798 7.808765 33.157932 -12.829283 38.940514 -32.137581 -13.003562 31.550636 1.616931 1.285681 3.979604 -27.187416 -30.467779 17.548820 0.903288 -3.606576 -5.004814 -14.206774 2.166294 18.503819 0.199173 7.731798 0.503459 -5.860183 1.537463 -7.973205 -17.522073 -5.960310 -10.349532 -7.609545 -46.308826 2.176393 -1.882717 5.246664 -12.147222 16.172375 -38.582989 -13.970349 16.690298 -14.827895 11.748960 -13.033932 -16.354534 10.478742 -4.415710 0.468896 -3.942921 
-43.776875 104.531792 16.846811 26.386699 54.997537 21.440609 3.543677 12.983780 -0.175779 -15.802981 3.299287 -21.478631 2.468069 20.522575 4.996699 -4.624292 10.734451 0.593212 2.634653 14.353877 2.537091 -2.487789 -4.987458 6.813912 3.594057 16.471176 2.794974 -4.956644 0.382377 -6.492313 0.579990 9.886659 3.291887 -4.497870 0.150990 8.789341 3.178652 11.770032 7.060980 -1.351513 22.072579 3.556050 9.554626 -4.444267 13.851503 11.215439 24.977005 -3.401453 -25.885212 -12.441351 17.287834 -35.438191 -13.312717 -22.513687 -23.006512 -13.439383 13.437533 4.701285 5.037465 0.547496 -1.948158 13.919442 0.943390 7.271029 -8.995842 -18.933255 -7.746342 5.066041 -14.619321 10.945522 -35.524265 -5.614017 -30.788559 3.017919 12.367908 -24.642826 -6.955604 -38.645282 1.744486 -9.867286 28.013861 -2.574111 2.991565 0.810217 6.017719 -1.486327 7.806456 32.729167 -13.719895 38.438870 -32.145462 -13.005531 31.548380 3.302907 -0.201605 5.999228 -27.195412 -30.455128 17.561138 0.093024 -4.410884 -5.361522 -14.203722 2.172794 18.521362 1.251603 6.301502 0.982423 -5.875325 1.512695 -7.971210 -17.239739 -5.176504 -11.076928 -7.603314 -46.310665 2.198346 -0.936467 4.601227 -11.600004 16.185377 -38.598331 -13.977325 16.296189 -15.877886 11.872223 -13.052082 -16.351067 10.462905 -4.714685 -0.183454 -3.997876 
-42.906948 103.926872 18.346443 25.780295 55.204495 21.247580 3.536680 12.992917 -0.174055 -15.583451 3.266760 -20.927056 2.470638 20.532379 5.010062 -3.597400 9.563324 0.234768 2.630003 14.373495 2.524333 -1.830439 -5.209574 6.232227 3.586301 16.485628 2.790704 -4.208795 -1.016587 -6.605445 0.578997 9.888141 3.306237 -3.907130 0.012963 8.143620 3.173292 11.766126 7.047943 -1.397194 23.067615 4.227856 9.554486 -4.459177 13.840160 13.516242 25.452953 -0.771063 -25.881977 -12.424773 17.298923 -36.810119 -14.375955 -22.707563 -23.007620 -13.433671 13.447960 4.801295 5.182319 -0.328567 -1.949088 13.911994 0.935125 9.621448 -8.558491 -20.501296 -7.764613 5.073809 -14.639353 15.250767 -40.263207 -10.040714 -30.789545 3.010542 12.366670 -22.507633 -7.540866 -35.745173 1.731060 -9.850354 28.013468 -2.378088 2.977339 1.087806 6.029050 -1.499412 7.810905 31.884942 -14.111033 37.913922 -32.153809 -13.002740 31.544537 4.808962 -1.991647 7.882393 -27.203651 -30.450886 17.569773 -0.343167 -4.628201 -6.361347 -14.192303 2.173916 18.533707 2.820295 5.075749 0.947272 -5.886496 1.492953 -7.968942 -17.442864 -4.262035 -11.188988 -7.590038 -46.309895 2.218703 0.406027 3.903956 -11.379527 16.208059 -38.617081 -13.987700 15.315970 -17.395923 12.461540 -13.071106 -16.346355 10.454524 -4.547070 -0.389051 -3.494273 
-41.926369 103.429504 19.423155 26.385499 55.126867 22.490741 3.532424 12.996870 -0.172020 -15.049422 3.392682 -20.415960 2.467069 20.544191 5.024845 -2.482907 8.811206 0.140596 2.623936 14.382167 2.514771 -1.795594 -5.386069 6.069505 3.575563 16.490873 2.787859 -4.126570 -2.030466 -6.451975 0.574008 9.888536 3.321627 -3.693558 -0.576147 7.917263 3.168238 11.763282 7.036403 -1.380337 23.691013 5.008551 9.557527 -4.475455 13.829749 15.249161 25.525146 1.371343 -25.878544 -12.413910 17.310884 -37.870800 -14.917777 -23.324155 -22.994490 -13.429748 13.460324 4.723635 5.370935 -1.186267 -1.951456 13.912405 0.936720 10.817790 -8.060706 -21.077556 -7.779764 5.083766 -14.655009 20.076327 -43.305732 -14.457748 -30.790789 3.003960 12.364408 -20.584635 -7.995284 -33.087701 1.720808 -9.831800 28.009573 -2.062309 3.043571 1.295480 6.026532 -1.509188 7.807257 31.148811 -14.460731 37.553148 -32.162304 -13.004344 31.546957 5.936306 -3.234276 8.988362 -27.209890 -30.447067 17.567951 -0.502434 -4.751576 -6.817359 -14.187124 2.173876 18.541109 3.656067 4.428329 0.718583 -5.890078 1.478599 -7.966865 -17.578226 -3.681198 -11.194911 -7.587522 -46.299164 2.231820 1.364525 3.738527 -11.389664 16.222727 -38.630756 -13.998858 14.256719 -18.585015 13.046014 -13.081064 -16.338009 10.447453 -4.129089 -0.457998 -3.284293 
-41.016254 103.045410 20.197134 26.207683 55.093361 22.630220 3.532762 12.994918 -0.177064 -14.498234 3.253323 -19.794344 2.472221 20.544323 5.031785 -1.956781 8.272165 0.029959 2.627307 14.386208 2.508140 -1.475847 -5.467564 5.907459 3.576081 16.499704 2.780884 -3.636077 -2.317216 -6.260679 0.571490 9.890423 3.321611 -3.502144 -0.347624 7.673726 3.163108 11.759957 7.028945 -1.502723 23.890041 5.088355 9.562241 -4.486343 13.823523 16.108605 25.829013 2.453043 -25.870790 -12.406029 17.316589 -39.522514 -15.428520 -23.709533 -22.995819 -13.436588 13.463284 4.829381 5.046561 -1.705762 -1.952980 13.905890 0.929516 12.126168 -7.576773 -21.396225 -7.789049 5.078692 -14.661505 24.367554 -44.945141 -18.519551 -30.787695 2.997311 12.370869 -18.885697 -8.456991 -31.022405 1.716820 -9.825488 28.003933 -2.090656 3.019038 1.376964 6.025809 -1.519257 7.801126 30.748603 -14.385306 36.976428 -32.170158 -13.009735 31.554560 6.490464 -4.231412 9.699311 -27.208494 -30.441511 17.565964 -0.668188 -4.889213 -6.888476 -14.174022 2.178677 18.548254 4.196437 3.848506 0.798679 -5.897536 1.467722 -7.956774 -17.858026 -3.225084 -11.146840 -7.576350 -46.291683 2.246948 1.971516 3.308875 -11.142391 16.227505 -38.635883 -14.010406 13.663161 -19.311629 13.339809 -13.086108 -16.333475 10.441195 -4.049643 -0.644999 -3.194199 
-40.280701 102.768433 20.741608 25.774296 54.249836 22.523732 3.529947 13.001017 -0.175029 -14.216667 2.779057 -19.847386 2.464798 20.547911 5.036175 -1.497999 7.710642 -0.041266 2.623636 14.389368 2.506877 -1.160853 -5.360245 6.028310 3.568486 16.500204 2.787084 -3.579508 -2.713770 -6.309906 0.578787 9.885778 3.327209 -3.221117 -0.425484 7.408179 3.159492 11.756271 7.027666 -1.375106 24.541049 5.625380 9.557780 -4.497375 13.817958 17.045765 25.908912 3.788905 -25.866230 -12.391945 17.317671 -40.100208 -15.499405 -23.833318 -22.990444 -13.432594 13.469629 4.622250 5.218446 -2.286050 -1.947301 13.903301 0.929679 12.755838 -7.331792 -21.985371 -7.793115 5.081507 -14.670246 27.470785 -46.557926 -21.139097 -30.791399 2.996207 12.363130 -17.589602 -9.200234 -28.977539 1.704338 -9.810838 28.002613 -2.087289 2.856042 1.316044 6.028761 -1.519103 7.798607 30.355000 -14.437579 36.499281 -32.174732 -13.008582 31.549183 7.049028 -5.187457 10.752015 -27.207802 -30.442318 17.559319 -0.560908 -4.896877 -7.570090 -14.168619 2.173405 18.546093 4.725373 3.666544 0.711526 -5.904452 1.463183 -7.956063 -17.843661 -3.082720 -10.884135 -7.575892 -46.280087 2.258834 2.416313 3.530141 -11.623420 16.234318 -38.645317 -14.016350 12.883267 -19.943901 13.753129 -13.093083 -16.328371 10.439732 -3.717886 -0.513790 -3.248872 
-39.776585 102.597107 21.095873 26.608798 53.960772 23.300074 3.528351 12.997787 -0.174422 -13.995815 3.149619 -19.697347 2.463422 20.549589 5.034782 -1.118556 7.491632 -0.098559 2.621916 14.393267 2.500901 -1.281882 -5.392211 5.759117 3.567918 16.499790 2.786155 -3.887553 -2.916611 -6.324937 0.577359 9.883989 3.330732 -2.973895 -0.548138 7.465379 3.157019 11.757436 7.026948 -1.603626 24.735827 6.022582 9.561370 -4.502595 13.812648 17.321618 25.887315 4.321268 -25.865652 -12.388906 17.321579 -40.781174 -15.653684 -23.981616 -22.986977 -13.434456 13.471688 4.555279 5.153969 -2.316119 -1.945496 13.901008 0.930331 13.074632 -7.428415 -22.125365 -7.800655 5.090799 -14.673777 29.634873 -47.055591 -23.010168 -30.798105 2.995687 12.364593 -17.013805 -9.452119 -27.668217 1.702761 -9.806559 28.002090 -1.880654 2.780501 1.636106 6.029991 -1.527161 7.797637 30.156392 -14.438482 36.357524 -32.179062 -13.010505 31.552237 7.368078 -5.454806 10.927849 -27.206171 -30.438351 17.562534 -0.704013 -4.944125 -7.645399 -14.173904 2.174946 18.545465 4.787437 3.017662 0.530102 -5.906199 1.461689 -7.953729 -17.784570 -2.738572 -10.942217 -7.572914 -46.278904 2.258097 2.480008 3.277255 -11.595317 16.237257 -38.651314 -14.023213 12.341203 -20.088536 14.121147 -13.092160 -16.321968 10.435410 -3.873554 -0.518553 -3.183895 
-39.515011 102.504951 21.262722 26.013257 54.024959 22.908857 3.529701 12.997192 -0.177301 -13.747246 3.054174 -19.303697 2.464709 20.555201 5.033879 -1.137856 7.152992 0.202339 2.625618 14.394864 2.503648 -0.970991 -5.304994 5.714918 3.567651 16.499338 2.783085 -3.502450 -2.996502 -6.145788 0.575396 9.890216 3.330924 -3.154913 -0.510653 7.290996 3.154201 11.751966 7.020459 -1.812977 24.882763 5.792878 9.560870 -4.505664 13.812608 17.592216 25.836099 4.648377 -25.861958 -12.388062 17.318378 -41.205565 -15.639982 -24.307660 -22.991461 -13.436007 13.469253 4.512921 5.052904 -2.391104 -1.946092 13.900319 0.930934 13.529625 -7.277858 -22.145551 -7.801026 5.086741 -14.678623 30.603612 -47.278583 -23.901596 -30.791325 2.997863 12.371420 -16.376091 -9.607295 -27.369502 1.698063 -9.806524 28.000910 -1.847481 2.873870 1.479326 6.026433 -1.529255 7.800176 30.116599 -14.086031 36.222491 -32.183624 -13.012918 31.552679 7.469520 -5.766826 11.103010 -27.209032 -30.436069 17.557718 -0.600029 -5.264756 -7.786014 -14.166163 2.172790 18.551598 4.724324 3.085784 0.617843 -5.906265 1.458282 -7.952857 -17.592177 -2.667041 -11.010842 -7.565996 -46.276505 2.263109 2.845111 3.376928 -11.562105 16.236286 -38.650631 -14.023410 12.214607 -20.522611 14.147918 -13.102135 -16.322163 10.437928 -3.819110 -0.240510 -3.292257 
-39.516926 102.501938 21.236513 26.169159 53.967425 23.078989 3.527430 13.000091 -0.174614 -13.725941 2.934843 -19.341694 2.462858 20.553665 5.037271 -0.937367 7.242044 -0.007231 2.624685 14.394933 2.500187 -1.057464 -5.409050 5.773478 3.566063 16.501471 2.783290 -3.637317 -2.984028 -5.916026 0.574721 9.889278 3.335692 -3.257911 -0.697965 7.408834 3.155707 11.755715 7.021070 -1.771780 24.933022 5.904943 9.560355 -4.503557 13.813668 17.477739 25.994937 4.643413 -25.863960 -12.386016 17.324162 -41.172817 -15.527522 -24.096757 -22.988077 -13.436044 13.472362 4.728244 4.880020 -2.516512 -1.944619 13.903239 0.931536 13.416564 -7.136813 -22.243681 -7.803338 5.084438 -14.676061 30.821051 -47.376822 -24.135527 -30.793427 2.995620 12.371358 -16.511706 -9.468475 -27.155615 1.699514 -9.804608 27.998981 -1.792073 2.899065 1.598815 6.032403 -1.521926 7.798746 29.871078 -14.312188 36.296797 -32.181370 -13.013493 31.552816 7.530522 -5.543509 10.916403 -27.211439 -30.435265 17.559269 -0.673195 -5.119720 -7.873165 -14.169272 2.174330 18.553120 4.732749 3.329128 0.721452 -5.905040 1.459461 -7.950128 -17.723139 -3.000148 -10.868247 -7.570712 -46.275436 2.260911 2.793436 3.294005 -11.557571 16.238642 -38.650505 -14.028888 12.028475 -20.562867 14.102649 -13.097591 -16.323982 10.438830 -3.681787 -0.318992 -3.276089 
-39.751507 102.584007 20.999990 26.180813 54.216116 22.882853 3.527301 13.002993 -0.175675 -13.757143 2.985415 -19.590000 2.465372 20.550032 5.033053 -1.033346 7.612116 0.010123 2.622321 14.390063 2.503853 -1.196538 -5.302956 5.682605 3.571307 16.493959 2.785336 -3.665906 -2.939741 -6.180233 0.575529 9.886219 3.332231 -3.345497 -0.525914 7.403883 3.155973 11.755282 7.022744 -1.803283 24.541674 5.747441 9.560739 -4.498673 13.814865 17.258189 25.911236 4.339635 -25.859009 -12.389393 17.318903 -40.978331 -15.647760 -23.748552 -22.990046 -13.435303 13.471420 4.553262 5.179342 -2.321749 -1.947635 13.904435 0.933847 13.308047 -7.224930 -22.049048 -7.803282 5.084188 -14.675408 29.200800 -46.712528 -22.591303 -30.786982 2.995682 12.369134 -16.877763 -9.460287 -27.944242 1.701119 -9.810658 27.998800 -1.850971 2.691563 1.528958 6.028008 -1.524776 7.796670 30.110175 -14.207114 36.397986 -32.178902 -13.008538 31.552900 7.107198 -5.368526 10.623069 -27.205303 -30.436779 17.558987 -0.342769 -4.980627 -7.489165 -14.167754 2.177356 18.549137 4.819758 3.761488 0.658827 -5.902575 1.463375 -7.957582 -17.886297 -2.820999 -11.102054 -7.569318 -46.274483 2.262952 2.510410 3.472770 -11.369884 16.235468 -38.645924 -14.022409 12.671745 -20.138505 13.739118 -13.095115 -16.322596 10.433455 -4.024216 -0.464466 -3.112784 
-40.185135 102.755432 20.524870 26.115607 54.355267 22.416816 3.529757 12.996662 -0.173297 -13.938884 2.983770 -19.900881 2.464711 20.546692 5.034107 -1.491158 7.750422 0.140670 2.626489 14.386682 2.501897 -1.081162 -5.429412 5.879557 3.569315 16.498293 2.787146 -3.609278 -2.525884 -6.287465 0.573522 9.890131 3.324289 -3.560004 -0.353954 7.535030 3.156963 11.755534 7.029267 -1.913372 24.367274 5.545261 9.564741 -4.493543 13.816006 16.900412 25.777691 3.478933 -25.862762 -12.389321 17.316767 -40.189144 -15.391954 -23.595872 -22.990633 -13.431567 13.466932 4.856656 4.955650 -1.798202 -1.946677 13.902836 0.929570 12.771221 -7.492272 -21.650651 -7.792842 5.083945 -14.666610 27.220635 -45.840340 -20.811624 -30.792150 2.997623 12.365748 -17.735998 -8.637640 -29.190538 1.705841 -9.813616 28.001091 -2.029985 2.773728 1.253616 6.027044 -1.522117 7.797329 30.103335 -14.320791 36.543705 -32.174103 -13.011499 31.548605 6.908534 -4.592531 10.286914 -27.203606 -30.435104 17.558653 -0.653328 -4.833671 -7.269778 -14.171960 2.176476 18.541010 4.474261 3.701618 0.417498 -5.904257 1.464441 -7.953887 -17.756726 -3.334688 -11.040617 -7.575404 -46.277710 2.255756 2.117818 3.468508 -11.490010 16.228415 -38.643944 -14.018806 13.118238 -19.703366 13.648534 -13.087173 -16.323938 10.439107 -3.898801 -0.502728 -3.172012 
-40.726734 103.042564 19.746990 26.331674 54.073546 22.651844 3.533201 12.997003 -0.172703 -14.506482 3.256644 -20.300656 2.466640 20.542866 5.025030 -2.145450 8.137148 0.196981 2.626896 14.384525 2.511977 -1.554740 -5.330149 6.266056 3.575500 16.491415 2.787338 -3.888162 -2.070460 -6.331945 0.573689 9.885150 3.319602 -3.298493 -0.754280 7.688209 3.163734 11.761887 7.037076 -1.401976 23.656210 5.454206 9.563660 -4.484971 13.825286 15.965099 25.578007 2.511688 -25.868851 -12.400976 17.313194 -39.103379 -15.056606 -23.349196 -22.990961 -13.434855 13.464516 4.675946 5.168697 -1.477810 -1.944571 13.908583 0.933369 11.625844 -7.693599 -21.286008 -7.787745 5.082466 -14.656160 23.525880 -43.887104 -17.105543 -30.790176 3.003468 12.370763 -19.473964 -7.821722 -30.907873 1.713872 -9.827541 28.002857 -2.164389 2.585366 1.117038 6.021448 -1.519466 7.803041 30.782245 -14.277219 37.000914 -32.166229 -13.008473 31.551497 6.301564 -4.098153 9.497841 -27.201578 -30.441309 17.559650 -0.509312 -4.774384 -7.016826 -14.178617 2.177326 18.539972 4.200095 4.280211 0.345763 -5.897351 1.473030 -7.957533 -17.819057 -3.474388 -10.959150 -7.586347 -46.288109 2.245517 1.901013 3.728870 -11.270814 16.226547 -38.636044 -14.009173 13.377125 -18.937953 13.320131 -13.078070 -16.333048 10.439624 -4.031588 -0.574343 -3.315623 
-41.190296 103.453896 18.535418 26.449144 53.160879 22.169643 3.537615 12.995816 -0.177107 -15.007874 3.024105 -20.751382 2.471729 20.528170 5.017177 -3.009057 8.851969 0.107634 2.630959 14.374546 2.522188 -1.813981 -5.079997 6.700615 3.582584 16.477324 2.790283 -4.017387 -1.121497 -6.122218 0.572767 9.876326 3.309534 -3.415144 -0.431834 7.816016 3.167915 11.766582 7.047750 -1.636177 22.506477 4.888141 9.560799 -4.470538 13.828942 14.865809 25.402303 0.785594 -25.866562 -12.405600 17.313847 -37.846297 -14.728178 -22.857061 -22.990133 -13.429832 13.455953 4.612294 5.082564 -0.938922 -1.945365 13.911793 0.937733 10.419381 -8.094134 -20.258787 -7.777250 5.073106 -14.641216 18.623894 -40.918407 -12.645481 -30.789062 3.008173 12.365893 -20.729991 -6.921498 -32.987433 1.724750 -9.845615 28.000071 -2.583791 2.314868 1.078723 6.016980 -1.507420 7.805753 31.173991 -14.052432 37.306404 -32.149353 -13.002993 31.547337 5.615538 -2.679159 7.925483 -27.196928 -30.436762 17.551434 -0.659975 -4.464476 -6.486242 -14.180858 2.174613 18.529804 3.479238 5.123993 0.624702 -5.883180 1.494871 -7.956153 -17.732848 -3.793267 -11.078678 -7.595314 -46.284431 2.234317 1.130655 4.202274 -11.276922 16.215702 -38.622444 -13.995079 14.269965 -17.988819 12.929411 -13.062008 -16.334806 10.441056 -4.336174 -0.463538 -3.358512 
-41.301804 104.041122 16.620211 26.062832 49.765575 21.153622 3.546623 12.990823 -0.180417 -15.391433 2.979893 -21.724069 2.468094 20.523134 4.996398 -4.558526 9.220066 0.317944 2.625220 14.360988 2.539972 -2.020031 -4.783850 7.029522 3.593390 16.466980 2.795754 -4.554328 0.873999 -5.789997 0.572751 9.869050 3.288785 -3.910187 -0.600258 7.705734 3.175775 11.758274 7.073186 -1.960442 21.551024 4.307796 9.558424 -4.457632 13.842413 12.100659 24.457166 -1.774762 -25.862534 -12.404585 17.296148 -35.628538 -13.611770 -22.032167 -22.989771 -13.432508 13.445374 4.249073 4.898012 0.598873 -1.935599 13.918978 0.944063 8.586842 -8.697047 -18.716771 -7.759149 5.063151 -14.609493 13.103434 -35.945462 -6.552978 -30.792643 3.021010 12.372924 -22.005358 -5.103241 -35.155800 1.736953 -9.861389 28.004477 -2.600099 1.875176 0.860299 6.008485 -1.495505 7.806782 32.057653 -13.348703 37.778603 -32.134781 -13.002045 31.536715 3.784872 -1.141523 5.965109 -27.181692 -30.445078 17.542482 -0.645978 -3.953932 -6.303643 -14.187576 2.166846 18.514791 2.017246 6.307626 -0.048207 -5.874424 1.513562 -7.955947 -17.543384 -4.481874 -11.001182 -7.609284 -46.276039 2.212616 0.800931 4.841402 -11.730935 16.203136 -38.610619 -13.987288 14.539594 -16.152660 12.620850 -13.034527 -16.336597 10.452126 -4.171724 0.177704 -3.731729 
-40.589924 104.819023 13.666373 24.994304 43.266704 19.017297 3.570645 12.986643 -0.183836 -15.454500 3.005249 -22.705562 2.465724 20.524054 4.984748 -6.230607 10.087098 0.266300 2.630473 14.326900 2.563676 -2.143856 -4.311402 6.943655 3.608765 16.452971 2.795960 -5.103611 3.701217 -4.964539 0.578154 9.857121 3.248454 -5.447709 -0.436152 7.395368 3.188558 11.755732 7.112134 -1.888339 19.322667 4.280161 9.559064 -4.451470 13.853376 8.684827 22.863807 -5.664330 -25.854160 -12.409883 17.285072 -34.205324 -12.425801 -21.250976 -22.991837 -13.442200 13.421692 3.592068 4.398184 1.648583 -1.926074 13.937274 0.946050 5.285853 -9.464611 -15.215556 -7.754416 5.045193 -14.580974 9.636214 -28.045322 -1.886557 -30.798784 3.022285 12.377767 -22.946931 -2.052738 -36.667761 1.750822 -9.886707 28.013409 -3.653838 1.051304 0.848396 5.985738 -1.495969 7.792794 32.414859 -11.711760 37.313556 -32.127048 -13.007668 31.541498 1.573036 0.576357 3.610521 -27.166527 -30.458830 17.511927 -0.067737 -2.193969 -4.933926 -14.190787 2.163645 18.494852 1.307169 8.243374 -0.343636 -5.864833 1.529567 -7.948479 -17.822486 -5.805952 -10.527909 -7.616318 -46.264782 2.199306 0.113877 5.132086 -12.129142 16.193604 -38.603283 -13.986675 14.743455 -13.859555 12.418082 -13.006977 -16.346670 10.474652 -3.814790 0.721440 -3.480952 
-38.737041 105.616898 9.807483 23.745349 34.566768 17.400347 3.597159 12.986118 -0.194119 -14.824094 3.657183 -22.513497 2.453584 20.523619 4.974228 -7.267595 9.172549 0.046355 2.637127 14.298996 2.587959 -2.165343 -3.411391 6.706547 3.625906 16.450859 2.802130 -5.605091 5.550563 -4.761702 0.576081 9.829447 3.221555 -6.060865 -0.074490 6.099143 3.192173 11.730839 7.150642 -0.395846 16.918814 4.638944 9.559840 -4.468490 13.863423 6.209304 20.657245 -7.192712 -25.845596 -12.409783 17.292833 -34.266977 -12.058156 -21.547408 -22.997662 -13.479235 13.388334 1.991160 3.557112 2.102177 -1.912209 13.958230 0.953202 2.310222 -7.782819 -11.457209 -7.765791 5.020239 -14.560570 9.785650 -19.258599 0.098196 -30.817432 3.013327 12.407484 -22.544747 2.800012 -34.635814 1.751326 -9.888705 28.025850 -5.460313 0.503588 0.572831 5.950148 -1.509445 7.766378 32.206784 -10.247323 36.420515 -32.141537 -13.027046 31.563417 -1.208450 1.610101 0.814234 -27.144794 -30.464071 17.481695 2.092107 0.102980 -3.570139 -14.187099 2.162723 18.482847 1.624301 9.468944 -1.835903 -5.855507 1.535179 -7.963105 -18.550017 -6.458095 -8.048825 -7.619405 -46.244316 2.204831 -1.892677 5.141037 -12.357491 16.194668 -38.634972 -14.006968 14.895236 -12.605117 12.851132 -12.990796 -16.370502 10.491417 -2.639982 1.122519 -2.685997 
-35.913593 106.059700 6.036627 22.098416 33.308288 16.909016 3.597201 13.006042 -0.200479 -12.491811 3.553416 -20.527845 2.464668 20.512728 4.973699 -6.111443 7.797472 -0.206351 2.646590 14.309151 2.578000 -0.872853 -1.650674 6.768597 3.615859 16.462757 2.802514 -4.277136 5.021775 -4.807719 0.573772 9.821488 3.225493 -4.710416 0.646238 5.127159 3.187616 11.706135 7.157852 0.020583 16.348725 5.589493 9.572162 -4.497109 13.838152 7.213009 20.071015 -7.709156 -25.851015 -12.405768 17.324251 -35.236157 -13.052054 -23.181293 -22.980406 -13.493194 13.391545 1.009382 2.489268 1.645347 -1.898713 13.955144 0.951988 2.517814 -4.360458 -9.485821 -7.785378 5.014737 -14.596651 12.188695 -13.296283 -0.504818 -30.841017 3.008695 12.405030 -20.014029 8.634003 -28.888835 1.733561 -9.887113 28.024008 -6.808272 0.162391 0.373822 5.940602 -1.520614 7.772181 31.379993 -8.257247 35.002551 -32.150444 -13.034100 31.596880 -1.981451 3.426372 -0.778582 -27.150234 -30.444895 17.465181 2.859029 1.358219 -3.319836 -14.181345 2.150971 18.497732 3.456277 8.528478 -2.029030 -5.839883 1.518375 -7.976167 -18.025200 -6.016993 -4.544355 -7.612167 -46.232620 2.237752 -4.283706 4.577384 -11.812240 16.241610 -38.683765 -14.005877 14.498188 -13.208368 13.057528 -13.013113 -16.391050 10.493653 -1.806334 1.838514 -1.884737 
-32.693127 106.117455 3.329353 19.260596 33.160008 16.446838 3.582692 13.025013 -0.202697 -10.570036 2.610525 -18.582146 2.479419 20.509647 4.962549 -5.187636 6.416705 -0.112445 2.655160 14.351492 2.577873 0.737763 -0.292227 6.999516 3.598748 16.476189 2.797684 -2.114932 3.304829 -4.602082 0.571762 9.824371 3.240824 -2.552945 1.194769 4.627483 3.179958 11.697771 7.156864 -0.992213 16.893621 5.779382 9.586279 -4.539747 13.831684 8.817896 20.253140 -7.627767 -25.873905 -12.382878 17.363558 -34.386441 -13.203877 -25.163931 -22.976393 -13.495772 13.407001 -0.057934 2.468923 2.218186 -1.896376 13.947664 0.949526 4.519308 -1.839327 -8.381997 -7.809678 5.024957 -14.639134 14.795336 -11.025881 -0.777484 -30.860970 3.008272 12.399694 -16.517940 11.423581 -23.469964 1.714945 -9.892861 28.028669 -7.313279 0.089604 0.454337 5.948334 -1.524365 7.797225 30.619612 -6.707445 33.552071 -32.149628 -13.020974 31.621849 -1.454341 3.580289 -1.464340 -27.173534 -30.431391 17.473459 3.069925 0.766251 -3.525506 -14.182056 2.147257 18.525166 4.128232 7.719767 -1.412218 -5.840987 1.504483 -7.989150 -17.603450 -5.175868 -3.219724 -7.605532 -46.246616 2.253638 -4.944930 4.533638 -11.721483 16.285702 -38.714516 -13.997198 14.242444 -14.684719 12.048819 -13.046060 -16.400736 10.493355 -1.413212 2.396513 -1.808090 
-29.727894 105.939178 1.840759 17.011252 32.042661 16.273551 3.567342 13.043215 -0.197652 -9.783677 1.989353 -17.432745 2.485447 20.519781 4.945189 -4.406038 5.445204 0.020072 2.656571 14.376487 2.567675 1.598089 0.029291 6.530674 3.593333 16.484644 2.803351 -1.406887 1.931235 -4.840668 0.568007 9.833842 3.246985 -1.086912 1.469986 4.170460 3.173687 11.703845 7.155377 -1.654800 16.766636 5.573095 9.597881 -4.568490 13.837132 9.965136 20.090648 -6.846979 -25.895594 -12.355612 17.388983 -34.483788 -13.490710 -25.973848 -22.974535 -13.498752 13.418235 -0.767293 2.443632 2.449827 -1.905961 13.947612 0.950386 6.361569 -0.414452 -8.133143 -7.821122 5.034347 -14.653413 16.002985 -10.763147 -0.735594 -30.875322 3.003244 12.403458 -13.502837 12.407201 -19.946172 1.706913 -9.891881 28.021585 -7.188034 -0.143748 0.165496 5.957201 -1.522318 7.803261 30.125147 -5.808564 32.232656 -32.157349 -13.016063 31.638247 -1.392284 3.141480 -2.283700 -27.173418 -30.419853 17.483627 3.059824 -0.535503 -3.359704 -14.181980 2.159631 18.536058 3.798514 7.159695 -1.558825 -5.850397 1.507578 -7.984053 -17.152598 -4.366709 -3.438927 -7.613929 -46.257912 2.253998 -4.043473 3.978401 -11.218199 16.297083 -38.729893 -13.997208 13.912511 -15.479106 10.889295 -13.066049 -16.405079 10.499352 -1.150350 2.539005 -1.670953 
-27.508554 105.703972 1.068453 15.684823 30.858829 15.841519 3.557706 13.048878 -0.189162 -9.516981 2.080553 -16.805984 2.490114 20.521843 4.942600 -3.884885 4.593068 -0.029532 2.654277 14.380517 2.563531 2.237874 0.169345 5.967847 3.587404 16.482162 2.809943 -0.628595 1.402089 -4.685707 0.568300 9.835919 3.248723 -0.282421 1.506733 3.627614 3.166007 11.706152 7.153781 -1.760167 16.359078 5.164964 9.603476 -4.584728 13.832841 10.893084 19.857964 -6.700714 -25.908802 -12.339503 17.402214 -34.105832 -13.924964 -26.027542 -22.977493 -13.497317 13.416740 -1.525581 2.276769 2.308091 -1.915195 13.948726 0.948445 7.310952 -0.120142 -7.788337 -7.825649 5.034443 -14.661959 16.387613 -10.916399 -0.600844 -30.882500 3.004007 12.405869 -11.581474 12.236610 -17.840369 1.707139 -9.890556 28.024530 -6.591654 -0.513141 0.347345 5.961361 -1.517564 7.812593 29.994072 -5.393009 31.024184 -32.162045 -13.011743 31.641190 -0.819684 2.552222 -2.899334 -27.174841 -30.415421 17.491657 2.909909 -1.270708 -2.979761 -14.176425 2.161548 18.544765 3.203997 6.895928 -1.306703 -5.855784 1.514621 -7.980474 -16.831797 -3.401645 -3.352326 -7.618128 -46.260857 2.246253 -2.807831 4.031357 -10.804348 16.300251 -38.741920 -14.001007 13.346121 -16.023824 9.969250 -13.079496 -16.413446 10.499168 -0.741809 2.206511 -1.240888 
-26.307447 105.476913 0.687866 15.051111 29.920952 15.529507 3.555218 13.052755 -0.180332 -9.234465 2.268055 -16.532196 2.483294 20.526636 4.934076 -3.851121 3.874002 -0.086235 2.649503 14.384030 2.562893 2.489311 -0.052350 5.717979 3.583701 16.481379 2.818227 -0.886074 1.059421 -5.071849 0.571249 9.840077 3.249713 0.076887 1.143372 3.215994 3.161454 11.710228 7.153096 -1.684946 16.409857 5.078044 9.603455 -4.594065 13.838500 11.047048 19.595871 -6.505229 -25.911360 -12.322807 17.410349 -33.944630 -13.852343 -25.976697 -22.979420 -13.495661 13.416977 -1.652201 2.358547 2.498569 -1.914567 13.949160 0.943549 7.662851 0.215280 -7.998502 -7.831031 5.044080 -14.660146 17.133495 -11.090968 -0.734655 -30.883024 3.002852 12.401312 -10.718559 11.976190 -16.924934 1.703511 -9.886760 28.021889 -6.209520 -0.744758 0.068419 5.965847 -1.513854 7.810057 29.734587 -4.975689 30.237152 -32.162682 -13.010300 31.635517 -0.558590 2.404122 -2.853338 -27.165911 -30.411327 17.498688 2.946036 -1.554765 -3.364913 -14.179354 2.166950 18.538542 2.896980 6.617574 -1.750190 -5.865012 1.515698 -7.972722 -16.699222 -3.036443 -3.464131 -7.621213 -46.259815 2.240850 -1.720488 3.755937 -10.780126 16.294847 -38.745338 -14.008885 13.087132 -16.296804 9.636105 -13.081479 -16.416466 10.504842 -0.566809 2.389020 -1.131252 
-26.264832 105.282967 0.542631 14.979990 30.194497 15.901077 3.553447 13.051034 -0.183976 -9.394445 2.206456 -16.576516 2.484313 20.531128 4.934969 -3.812075 4.025693 0.026313 2.650817 14.383785 2.560723 2.665504 -0.177284 5.604635 3.584796 16.481279 2.818580 -0.929155 1.021768 -5.169693 0.569553 9.836211 3.251097 0.070570 1.321041 3.288422 3.160310 11.709933 7.152495 -1.517191 15.726082 5.170259 9.605318 -4.596602 13.833573 11.033250 19.820871 -6.851760 -25.911856 -12.325849 17.409588 -34.253061 -13.839727 -25.947018 -22.980110 -13.495244 13.422010 -1.640758 2.591583 2.307935 -1.914500 13.947489 0.949591 7.852108 0.494860 -7.737065 -7.831585 5.041505 -14.662549 17.203563 -10.608465 -0.668163 -30.878746 2.999326 12.405005 -10.669685 11.867406 -16.740324 1.701589 -9.887586 28.017780 -6.339015 -0.778528 0.020144 5.960096 -1.518177 7.806507 29.901007 -4.689457 30.040367 -32.164005 -13.008029 31.641434 -0.353200 2.531737 -2.800411 -27.169880 -30.415976 17.498371 3.110309 -1.646253 -3.276590 -14.177999 2.169708 18.541004 2.996494 6.301503 -1.965072 -5.867395 1.516012 -7.973921 -16.949912 -3.068294 -3.809243 -7.620921 -46.259159 2.241234 -1.309188 3.798269 -10.504039 16.296696 -38.746880 -14.010994 13.038356 -16.177960 9.678667 -13.078601 -16.418636 10.501873 -0.601282 1.819507 -1.093848 
-27.338835 105.110680 0.563690 14.558500 31.669395 15.652809 3.557183 13.046388 -0.185700 -8.992129 1.954384 -16.246261 2.488601 20.526255 4.936224 -3.923636 4.405110 0.028981 2.652730 14.381168 2.560472 2.301348 -0.071994 5.805138 3.589355 16.483582 2.809772 -0.680942 0.743893 -5.352542 0.570519 9.843806 3.248647 -0.174376 1.392343 3.520238 3.158907 11.711155 7.150942 -1.647647 15.767191 5.109411 9.599985 -4.590869 13.833035 10.467029 19.968910 -7.245481 -25.912222 -12.332483 17.405045 -34.402246 -13.485664 -26.016699 -22.979275 -13.500914 13.418940 -1.522225 2.302421 2.326213 -1.914980 13.947366 0.947856 7.749767 0.525905 -7.642557 -7.831273 5.038376 -14.666623 17.434893 -10.091419 -1.094256 -30.877132 2.995781 12.409052 -11.341412 11.645323 -17.764099 1.702004 -9.890540 28.020977 -6.589462 -0.710234 -0.060027 5.957318 -1.520852 7.810158 29.353336 -4.212589 30.005731 -32.164513 -13.006310 31.646002 0.200534 2.780052 -2.158903 -27.171139 -30.408682 17.496126 2.908053 -1.289604 -3.392240 -14.177712 2.168192 18.543467 3.195847 6.445412 -1.712829 -5.867504 1.514082 -7.973070 -17.354162 -3.032843 -3.355562 -7.615569 -46.257755 2.249425 -1.152674 4.106185 -10.220745 16.303047 -38.746365 -14.005462 12.743693 -16.045839 9.734176 -13.080748 -16.415329 10.503890 -0.857607 2.276829 -1.199102 
-29.454502 104.970947 0.748222 14.646183 34.021527 15.698309 3.562886 13.040659 -0.198693 -8.677805 1.995656 -16.129244 2.488173 20.532955 4.947964 -3.945624 5.160577 0.163180 2.649956 14.385357 2.560159 2.331292 0.202595 6.366442 3.594445 16.486893 2.807629 -1.009912 0.373312 -5.743753 0.570729 9.843534 3.247445 -0.707747 1.633889 3.788825 3.164540 11.710922 7.146713 -1.454719 15.960139 5.456493 9.598422 -4.580558 13.836066 9.580909 20.532910 -7.737116 -25.905716 -12.355881 17.398186 -34.690435 -12.658351 -26.278827 -22.987757 -13.501793 13.427318 -1.099672 2.734658 2.411456 -1.911292 13.950361 0.951987 7.428274 0.658413 -7.294103 -7.826566 5.042838 -14.673344 17.384648 -9.769372 -1.168958 -30.873180 2.994504 12.411963 -12.861269 11.594304 -19.346144 1.698860 -9.892469 28.024755 -6.891359 -0.413159 0.162445 5.952925 -1.521596 7.808068 29.219249 -3.734137 30.108495 -32.172668 -13.000939 31.655560 0.766120 3.616598 -0.905223 -27.185652 -30.416866 17.488855 2.812111 -0.326441 -3.442379 -14.181171 2.169229 18.541887 3.332650 6.482604 -1.779710 -5.862151 1.510708 -7.978405 -17.981890 -3.886556 -2.499769 -7.607640 -46.267418 2.255960 -1.503381 4.650248 -10.061233 16.310680 -38.745541 -14.004560 13.537799 -15.777049 10.002312 -13.076663 -16.409399 10.507186 -1.207162 2.619052 -1.699902 
-32.464325 104.832726 1.086752 15.478592 37.633270 16.116533 3.565828 13.034498 -0.217074 -8.523485 2.098606 -16.332097 2.490429 20.531857 4.959004 -4.420946 6.297380 -0.063621 2.655011 14.385109 2.558958 2.273357 0.595718 7.284100 3.601648 16.489660 2.794023 -1.472920 0.484270 -6.258262 0.570300 9.840987 3.246725 -1.337508 2.063107 4.419284 3.168031 11.710908 7.140794 -1.267298 15.928788 6.035373 9.597605 -4.567675 13.833740 8.560983 21.647894 -9.126954 -25.896147 -12.376318 17.392727 -35.015665 -12.130837 -26.512228 -22.993904 -13.500272 13.424286 -0.409848 2.775810 2.719921 -1.906357 13.945971 0.958983 7.148940 0.859903 -7.250111 -7.822531 5.045023 -14.673449 17.050795 -9.203874 -1.253678 -30.871094 2.995589 12.413221 -14.879161 11.404474 -21.773074 1.701520 -9.899330 28.033834 -7.525581 -0.247452 0.063726 5.941904 -1.522659 7.810303 28.824768 -3.252157 30.705518 -32.170578 -12.992256 31.656713 1.552466 4.551704 0.468537 -27.199755 -30.415731 17.482622 2.629174 1.138683 -3.735173 -14.175591 2.165332 18.539766 3.877971 6.246088 -1.926557 -5.863322 1.506373 -7.981898 -19.317783 -4.676237 -1.389355 -7.597147 -46.265835 2.267244 -2.193820 5.165135 -9.638943 16.324921 -38.751835 -14.001041 13.893199 -15.052144 10.690161 -13.069488 -16.400133 10.507502 -1.731590 2.372899 -1.940281 
-36.200294 104.673080 1.588066 16.539158 42.492304 16.859706 3.573498 13.021577 -0.233603 -8.293193 2.369293 -16.667676 2.489134 20.533415 4.971652 -4.670292 7.674710 0.244506 2.645091 14.374299 2.555792 1.671238 0.772224 8.079631 3.605856 16.494015 2.778613 -2.059535 0.493842 -7.316423 0.571124 9.837575 3.245388 -2.096818 2.023258 5.143978 3.184956 11.709760 7.132684 -0.859101 16.150117 6.233614 9.587610 -4.544385 13.830994 6.326469 22.577737 -11.068840 -25.881067 -12.411922 17.378401 -35.686547 -11.211174 -26.297847 -22.992884 -13.494302 13.423044 0.276940 2.904700 2.423576 -1.893717 13.942805 0.962281 6.733502 0.760930 -6.850273 -7.809206 5.042921 -14.669249 17.063582 -8.297092 -1.373963 -30.864937 2.993493 12.421501 -17.259036 11.255665 -24.544713 1.704529 -9.911862 28.039286 -7.832779 -0.113645 -0.020849 5.935718 -1.518470 7.801493 28.920138 -2.777734 31.139293 -32.176651 -12.991787 31.656054 1.989775 5.532893 2.189636 -27.202423 -30.417873 17.468439 2.510113 2.644876 -4.218280 -14.172724 2.160634 18.535051 4.226843 6.032043 -1.567047 -5.852578 1.502207 -7.983104 -20.451468 -5.904296 -0.304523 -7.584179 -46.273552 2.275878 -3.580102 5.673199 -9.324124 16.321157 -38.743275 -14.000263 14.934955 -14.277637 10.949066 -13.060595 -16.386189 10.513318 -2.651719 2.289718 -2.947445 
-40.518524 104.454460 2.273558 19.617854 48.976558 19.704005 3.574067 13.013461 -0.247805 -8.224286 3.289103 -17.929146 2.473353 20.538639 4.983090 -5.826302 9.390753 0.256168 2.639120 14.348132 2.550879 0.302748 0.259862 8.705675 3.615778 16.501867 2.763233 -2.718424 0.129159 -8.914130 0.573171 9.842153 3.247709 -2.926418 2.321327 5.613614 3.205178 11.712199 7.128287 -0.756047 16.313881 6.354316 9.578257 -4.527495 13.828716 4.206425 23.442244 -13.406495 -25.868319 -12.430749 17.359797 -35.257990 -10.048674 -26.149326 -22.990147 -13.490852 13.413969 1.070446 3.197667 2.434040 -1.883297 13.952777 0.971871 5.829061 0.743451 -6.368482 -7.795394 5.036379 -14.655801 17.639491 -8.133533 -1.369907 -30.854755 2.991791 12.418725 -19.523334 10.382005 -27.523144 1.720513 -9.923075 28.045902 -7.804274 -0.359771 -0.014460 5.927605 -1.520133 7.796827 29.347322 -2.248828 31.243273 -32.176147 -12.977545 31.645765 2.399587 6.422970 3.963334 -27.193472 -30.408628 17.467808 2.824588 4.085194 -4.888473 -14.181635 2.165417 18.529619 4.437547 5.887460 -1.674379 -5.859423 1.514676 -7.979118 -21.979533 -6.875746 0.937870 -7.581900 -46.290272 2.273951 -4.416851 6.516150 -8.396307 16.321138 -38.724842 -14.002620 16.425691 -13.692596 11.201952 -13.035108 -16.374315 10.516775 -3.401846 1.930332 -3.484446 
-45.229439 104.157516 3.198489 26.043259 56.447231 26.039958 3.575561 13.006681 -0.247926 -8.399915 3.974198 -19.555397 2.463666 20.549326 4.982757 -6.179377 11.120124 0.459465 2.641801 14.316441 2.545183 -1.748278 -0.372619 9.227616 3.624022 16.490135 2.766840 -3.892873 -0.010711 -10.700924 0.574715 9.858702 3.245677 -3.974709 2.770354 6.001850 3.223254 11.726375 7.128078 -0.359505 16.277900 5.731622 9.565700 -4.515092 13.824769 1.534067 23.829873 -15.892969 -25.864456 -12.445686 17.336391 -35.497425 -8.769836 -25.521012 -22.987001 -13.492739 13.402449 1.808584 3.436704 2.706673 -1.873560 13.965727 0.985309 4.639186 0.660221 -5.895123 -7.772404 5.023432 -14.642674 17.860673 -8.103914 -1.244317 -30.846529 2.993497 12.421657 -22.079273 8.831923 -30.858395 1.725693 -9.927285 28.042397 -7.216657 0.015418 0.045755 5.933072 -1.519438 7.795419 29.573660 -2.386027 31.757668 -32.175423 -12.989041 31.642687 2.354026 6.679522 4.720247 -27.168844 -30.401661 17.474043 3.034415 4.797693 -5.867022 -14.193338 2.171181 18.530312 4.495384 5.782529 -1.628282 -5.860370 1.534806 -7.970830 -23.098926 -7.611533 1.619072 -7.582163 -46.324581 2.259923 -5.444251 7.397367 -7.030018 16.296053 -38.708458 -13.998670 17.424241 -13.149256 11.354711 -13.012841 -16.359707 10.520803 -4.148700 1.610693 -4.267376 
-50.092876 103.731384 4.377709 38.289549 64.866013 38.030568 3.576954 13.007498 -0.243723 -9.164742 4.400699 -21.243922 2.454206 20.549101 4.983137 -6.721666 12.637922 0.591021 2.658136 14.295937 2.546937 -3.126754 -0.656164 9.882173 3.622177 16.486797 2.780113 -4.849457 -0.007708 -12.366621 0.569353 9.884408 3.245269 -4.988783 3.653787 6.410610 3.228922 11.735441 7.129215 -0.242282 16.521633 4.518072 9.559637 -4.505561 13.817133 -0.533808 23.842275 -17.759523 -25.862667 -12.447454 17.315546 -34.309925 -7.421278 -23.727630 -22.989529 -13.494000 13.395358 2.513389 3.374437 3.280922 -1.871496 13.984948 0.998130 3.425537 0.703069 -6.097524 -7.756511 5.019325 -14.632670 17.888868 -8.692629 -0.936346 -30.828037 2.988188 12.413776 -24.547951 5.985676 -34.422449 1.736018 -9.923594 28.040751 -6.521550 0.542890 -0.085220 5.946355 -1.516052 7.802339 29.856280 -2.828182 32.494922 -32.174915 -13.000752 31.635170 1.902314 7.147346 5.029903 -27.153097 -30.395092 17.497904 3.553341 4.554594 -6.409053 -14.209223 2.181778 18.536694 4.180411 5.585222 -1.638411 -5.861900 1.556766 -7.974073 -23.982053 -7.907389 1.439426 -7.583776 -46.354397 2.233864 -5.312394 8.456714 -5.608608 16.257149 -38.693691 -13.992014 18.278995 -13.073983 11.230702 -12.996330 -16.354280 10.512958 -4.543479 0.762629 -4.676724 
-54.794540 103.178848 5.718666 55.443070 70.558306 54.734728 3.573497 13.007510 -0.240523 -9.768198 5.049499 -22.473626 2.464240 20.549089 4.982739 -7.146594 13.537560 0.282393 2.667817 14.286296 2.546390 -3.582287 -0.781142 10.261186 3.618590 16.471155 2.784563 -5.726490 0.175844 -14.046672 0.554996 9.896430 3.243121 -4.824335 4.119200 7.445100 3.216607 11.748241 7.120662 -0.056141 16.282903 2.846996 9.559570 -4.493299 13.808051 -1.989096 22.922579 -18.871032 -25.864376 -12.454384 17.309151 -32.367484 -6.113342 -20.386639 -22.986721 -13.490446 13.391787 3.450591 3.498324 4.347874 -1.876940 13.993648 1.012563 3.624126 1.624415 -7.494307 -7.744531 5.023965 -14.631253 16.037894 -9.775708 -0.539572 -30.808729 2.976894 12.404078 -26.350255 1.916294 -37.803632 1.733981 -9.919480 28.037003 -6.466627 1.062577 -0.435772 5.963951 -1.506945 7.819991 30.312226 -3.610546 33.782949 -32.178707 -13.020178 31.642075 2.263453 7.258194 5.091616 -27.148426 -30.399889 17.521271 4.166547 4.561401 -5.796948 -14.217228 2.184497 18.539595 3.712703 4.908179 -0.898736 -5.852890 1.568564 -7.982481 -24.189282 -6.820614 1.179541 -7.582675 -46.374233 2.201499 -4.513982 9.130432 -4.720601 16.216270 -38.678493 -13.973486 18.812047 -12.528570 10.820895 -13.000839 -16.355042 10.494977 -4.441325 0.196742 -5.013067 
-58.967991 102.576523 6.960376 72.194177 73.115256 70.199400 3.567108 13.010333 -0.242364 -9.966002 5.933127 -23.339170 2.471396 20.539721 4.980937 -7.235447 13.024391 -0.432781 2.669612 14.280089 2.548453 -3.704609 -1.365565 10.408991 3.613719 16.460554 2.793883 -5.980201 -0.860297 -16.580180 0.554272 9.910456 3.250327 -4.813524 4.783458 8.330491 3.202341 11.765805 7.105571 -0.468844 16.937182 0.311770 9.545653 -4.474548 13.811058 -1.511487 21.722155 -17.618744 -25.858255 -12.454826 17.302916 -30.716337 -4.919068 -17.782650 -22.996382 -13.485027 13.383734 4.188179 3.487630 5.026991 -1.896618 13.995574 1.028510 4.247018 2.824517 -9.135354 -7.734791 5.034573 -14.632298 14.687523 -11.303933 -0.438710 -30.798218 2.966538 12.390916 -27.489440 -3.287091 -39.753415 1.728298 -9.912560 28.033672 -6.189022 1.704968 -0.813244 5.978463 -1.494119 7.832848 31.396604 -3.822853 34.767217 -32.171810 -13.033759 31.654562 2.026548 6.694971 5.039137 -27.151728 -30.398108 17.542747 4.396104 3.565901 -4.704314 -14.216273 2.187206 18.543224 3.137996 4.765872 -0.072020 -5.859304 1.584047 -7.987517 -23.761518 -5.271349 0.573880 -7.578998 -46.380318 2.172302 -3.543340 9.873441 -3.842463 16.175623 -38.669064 -13.962262 19.018703 -12.559914 10.558393 -13.016481 -16.350918 10.488581 -4.855093 0.431390 -5.498177 
-62.313946 102.009941 7.893015 81.632174 74.247872 78.535503 3.555852 13.020444 -0.242883 -9.846638 6.709518 -24.261433 2.475943 20.540936 4.978619 -7.085256 13.378428 -1.221492 2.668802 14.278448 2.537828 -3.765192 -1.691956 10.291775 3.612498 16.455875 2.794850 -6.566136 -2.279910 -17.973441 0.554445 9.915309 3.257006 -4.430957 5.149779 9.058825 3.192870 11.779300 7.086191 -0.813424 16.638452 -1.307361 9.551225 -4.460783 13.817719 -0.727963 20.812006 -15.833729 -25.856524 -12.454142 17.310066 -29.558351 -4.632715 -15.869598 -22.999655 -13.490054 13.388733 4.575000 3.601283 5.798219 -1.908790 13.988540 1.035153 5.610256 4.659777 -10.483185 -7.729022 5.045830 -14.634210 14.137404 -12.436280 -0.497184 -30.783920 2.955603 12.387606 -27.642059 -7.354277 -40.411316 1.716658 -9.905627 28.020073 -5.425524 1.953340 -0.669714 5.992701 -1.486824 7.835107 32.315220 -3.621887 35.105608 -32.169762 -13.042482 31.670523 1.480929 6.051544 4.850879 -27.154404 -30.398312 17.562965 4.768018 3.120806 -3.886698 -14.221863 2.193841 18.555666 2.759353 4.502046 -0.289139 -5.865219 1.594166 -7.989307 -23.914697 -3.865610 -0.646065 -7.578231 -46.389595 2.151490 -2.612555 9.981909 -2.602862 16.149965 -38.662155 -13.953567 19.151844 -12.090908 10.192266 -13.022276 -16.354385 10.477150 -5.094948 0.105384 -5.717704 
-64.748993 101.503105 8.432062 83.028756 74.318797 80.104131 3.547022 13.024751 -0.246583 -9.636343 7.361989 -24.518012 2.477354 20.539093 4.986033 -6.692823 12.769029 -2.162531 2.663342 14.283830 2.527448 -3.662865 -2.723726 10.170573 3.616031 16.448465 2.798443 -6.254933 -3.233852 -19.127514 0.564286 9.915586 3.266462 -3.586626 5.373152 9.365373 3.187825 11.782251 7.078338 -1.292872 16.619505 -2.381183 9.549245 -4.454133 13.817254 0.574978 20.595201 -13.390448 -25.854813 -12.448130 17.316542 -28.117847 -4.750009 -15.245826 -22.998735 -13.491222 13.394783 4.342002 3.912613 5.702606 -1.917177 13.986748 1.039252 6.730412 5.780220 -11.109140 -7.725842 5.051733 -14.640594 14.088633 -13.475561 -0.151880 -30.787573 2.949166 12.385294 -27.000272 -10.437741 -40.053428 1.716253 -9.901784 28.014515 -4.634172 1.904640 -0.032343 6.000391 -1.489679 7.840896 33.175619 -3.170598 34.603627 -32.163887 -13.040089 31.670952 1.794177 4.966981 5.064816 -27.159582 -30.393572 17.575460 4.937497 3.474905 -2.938978 -14.218787 2.198248 18.566921 2.575897 4.352692 -0.176597 -5.877614 1.597457 -7.998027 -23.989404 -2.748851 -1.475518 -7.579343 -46.388866 2.142973 -2.047349 10.628445 -1.797397 16.142279 -38.656956 -13.951965 19.079152 -11.923958 9.857724 -13.026895 -16.355045 10.463972 -5.241093 -0.570202 -5.797522 
-66.284622 101.083588 8.626652 81.898073 74.187937 79.081337 3.541344 13.030416 -0.252422 -9.185282 7.524708 -24.371725 2.475888 20.538309 4.984961 -6.602308 12.274158 -2.543781 2.657946 14.280691 2.530254 -3.508354 -2.791557 10.113631 3.618791 16.447248 2.794180 -5.574833 -3.927035 -19.614068 0.563558 9.914540 3.275794 -3.672147 5.129352 9.300617 3.189651 11.785827 7.067907 -1.918682 16.558105 -3.000022 9.544546 -4.455289 13.819322 1.153759 20.174490 -11.937344 -25.847115 -12.439109 17.319572 -27.692165 -4.396670 -14.950647 -23.002831 -13.490524 13.388195 4.229721 3.688851 5.861292 -1.918049 13.981447 1.041708 7.749148 6.595369 -11.286094 -7.728281 5.055665 -14.645216 15.057128 -14.019347 -0.474752 -30.781055 2.948087 12.387719 -26.306639 -12.656074 -39.203930 1.703509 -9.901226 28.009365 -4.014612 1.735295 0.127015 6.003586 -1.489390 7.846622 33.710477 -2.419704 33.812828 -32.161541 -13.040932 31.672836 1.677927 4.406306 5.431278 -27.164371 -30.387127 17.570549 4.830630 3.547734 -3.150067 -14.209010 2.198912 18.580379 2.543513 4.595038 -0.050147 -5.886815 1.591971 -8.000140 -24.367632 -2.094406 -1.649887 -7.569844 -46.387039 2.140178 -0.899973 10.811792 -0.977863 16.135878 -38.664402 -13.952882 18.873822 -12.002582 9.764794 -13.034956 -16.352659 10.458820 -5.603523 -0.695698 -5.916884 
-66.939461 100.724854 8.507782 80.130174 73.991118 77.480641 3.538174 13.033111 -0.250957 -8.499286 7.479110 -24.114097 2.467170 20.537256 4.986269 -6.739160 11.887984 -2.692643 2.654714 14.278210 2.528288 -3.382874 -2.785700 10.238486 3.617467 16.455873 2.796886 -5.545190 -4.048084 -19.518763 0.566019 9.913326 3.276945 -3.650436 5.109256 9.258515 3.186435 11.779043 7.068853 -1.946946 16.411416 -2.942003 9.548612 -4.454477 13.821939 1.287506 20.262306 -11.319941 -25.842793 -12.439023 17.320362 -27.785090 -4.247627 -15.146298 -22.999264 -13.490265 13.391544 4.196210 3.422964 5.821770 -1.918244 13.981812 1.033369 8.192511 6.720803 -11.297129 -7.735014 5.063329 -14.649564 16.024517 -13.813080 -0.531388 -30.780428 2.944738 12.389061 -25.843552 -13.394227 -38.779485 1.703053 -9.900470 28.006405 -3.960018 1.318980 -0.107864 6.000927 -1.497865 7.846105 33.553171 -2.129673 33.243432 -32.155914 -13.043653 31.672905 1.941956 4.249333 5.811775 -27.157684 -30.382038 17.573946 4.763917 3.872393 -3.191373 -14.207948 2.198014 18.584976 2.585421 4.403354 -0.199154 -5.892215 1.588491 -8.000813 -24.706835 -1.604032 -1.946390 -7.571201 -46.384823 2.147937 -0.241674 11.274526 -0.665592 16.140341 -38.666935 -13.950770 18.546392 -12.148903 9.273791 -13.034526 -16.346346 10.457242 -5.415173 -0.807052 -5.585625 
-66.658569 100.420715 8.083831 76.562937 73.372897 74.094985 3.530454 13.028804 -0.255847 -7.973488 7.325575 -23.686083 2.464443 20.524490 4.987067 -6.679253 11.308673 -2.780809 2.652397 14.279504 2.524496 -3.142029 -2.679094 10.176627 3.616287 16.456003 2.799914 -5.436129 -3.759276 -19.448204 0.560364 9.909354 3.276157 -3.220876 4.875147 8.710256 3.190403 11.776106 7.072581 -2.021401 16.399086 -2.682509 9.556617 -4.464250 13.817674 1.685357 20.289072 -11.649297 -25.832703 -12.426519 17.322306 -28.069465 -3.760785 -15.226447 -22.997093 -13.482553 13.389936 3.778826 3.390874 5.688864 -1.911790 13.986637 1.033442 8.474240 6.884622 -10.726116 -7.738870 5.058383 -14.641679 17.258700 -13.285003 -0.959880 -30.774221 2.939308 12.389123 -25.204008 -12.215749 -37.649195 1.703973 -9.900840 28.005968 -4.054390 1.057856 -0.247454 5.995535 -1.499624 7.841504 33.134778 -1.805526 32.422280 -32.153538 -13.044104 31.669353 2.895428 4.314581 6.419185 -27.155270 -30.373486 17.567051 4.788303 3.988860 -3.565200 -14.207310 2.202662 18.577951 2.920549 3.988932 0.058551 -5.889843 1.588628 -7.995088 -24.871531 -1.838453 -1.350485 -7.565498 -46.372604 2.150731 0.432778 11.285668 -0.414337 16.143784 -38.671837 -13.954146 18.204746 -12.327533 8.867641 -13.025739 -16.345501 10.450786 -5.098762 -1.035649 -5.487751 
-65.350861 100.214874 7.365262 71.442372 72.659081 69.335224 3.531766 13.024735 -0.253820 -7.235065 6.376199 -22.927763 2.458256 20.533714 4.988627 -6.587574 11.729136 -2.278906 2.655898 14.282112 2.522687 -3.061542 -2.081045 10.377965 3.609874 16.469978 2.795960 -5.192679 -3.403890 -18.331719 0.556790 9.900340 3.271923 -3.267027 4.801803 8.023464 3.189128 11.767082 7.083924 -1.691952 16.586211 -1.346622 9.558043 -4.479642 13.812809 0.652403 21.125275 -13.558902 -25.833988 -12.424623 17.330416 -29.535978 -3.852505 -16.051474 -22.982683 -13.483500 13.391587 3.756758 3.221387 5.895408 -1.902053 13.982408 1.029261 8.757935 6.638607 -9.755347 -7.741575 5.049900 -14.642787 18.735839 -12.336975 -1.197106 -30.781466 2.947636 12.383649 -24.943409 -9.457600 -36.681463 1.704007 -9.895551 28.004496 -4.343251 0.686364 -0.395459 5.995094 -1.498776 7.854863 31.992121 -1.656390 31.663121 -32.161995 -13.045290 31.664640 4.123313 4.985274 6.917590 -27.152950 -30.370090 17.551561 3.691827 4.861210 -4.876629 -14.214050 2.190665 18.565229 3.084811 3.466247 -0.356776 -5.888103 1.589458 -7.985951 -25.229349 -3.032207 -0.377041 -7.565147 -46.363808 2.159920 0.438303 11.239600 -0.262264 16.160784 -38.680897 -13.967381 17.815795 -12.716329 9.136443 -13.017049 -16.340570 10.453793 -5.087682 -0.541237 -5.597152 
-62.933838 100.135307 6.341853 65.093048 70.886333 63.587627 3.538566 13.025809 -0.255642 -6.765889 5.246700 -21.749832 2.458588 20.534296 4.984630 -6.319906 11.674018 -1.791349 2.659877 14.285303 2.524000 -3.080520 -1.468321 10.394190 3.612913 16.478033 2.800057 -5.287529 -2.454733 -17.310858 0.550451 9.898314 3.259655 -2.999352 4.785953 7.546149 3.192832 11.764381 7.098299 -1.646621 16.571316 0.290877 9.565408 -4.497338 13.804771 -0.008344 21.987904 -15.213365 -25.835083 -12.418006 17.340166 -30.979788 -3.701155 -17.501270 -22.973249 -13.482831 13.393426 3.516504 3.084384 5.385102 -1.881147 13.989071 1.022130 8.214213 5.787601 -8.538717 -7.752719 5.041793 -14.645091 20.155289 -10.992449 -1.742309 -30.794106 2.949953 12.385662 -24.441759 -5.574893 -35.088645 1.714065 -9.898222 28.011772 -4.845175 0.309515 -0.725526 5.982379 -1.502730 7.843312 30.166224 -1.331599 30.330312 -32.160892 -13.043671 31.655260 5.841812 5.506978 8.312875 -27.140587 -30.362637 17.532555 3.191730 5.567546 -5.714229 -14.218017 2.184985 18.550619 3.441452 3.113611 -0.491309 -5.877896 1.590875 -7.973122 -25.864374 -3.984910 0.994188 -7.572724 -46.360043 2.180078 0.636802 11.068798 -0.420669 16.184614 -38.692661 -13.972774 17.394277 -13.162654 9.161303 -13.009964 -16.336546 10.468163 -4.580498 -0.027334 -5.383012 
-59.430092 100.222008 5.072142 54.512587 68.648660 54.385678 3.537538 13.023229 -0.258365 -6.219809 3.834487 -20.400629 2.449221 20.545160 4.986299 -6.276312 12.001604 -1.173971 2.662314 14.286478 2.525853 -2.594367 -0.785707 9.931707 3.610589 16.492790 2.795447 -5.166835 -2.021989 -14.980591 0.542118 9.889631 3.252465 -3.331294 4.309278 6.491472 3.203840 11.750682 7.112178 -1.059851 16.674561 2.767137 9.574893 -4.524852 13.802294 -0.710168 23.492169 -16.890025 -25.838079 -12.414092 17.347427 -32.989202 -3.871585 -19.685686 -22.968081 -13.481210 13.393948 3.137312 2.939512 4.938740 -1.859524 13.987734 1.011724 8.415335 4.549035 -6.913418 -7.764216 5.038032 -14.645698 22.589792 -9.519650 -1.942492 -30.806978 2.964962 12.393740 -23.253710 -1.031874 -33.072947 1.720862 -9.897210 28.014620 -4.905015 0.487405 -0.752472 5.978394 -1.503544 7.841323 28.278346 -1.767526 29.187410 -32.172737 -13.040683 31.638880 7.571056 6.197201 9.388087 -27.145964 -30.362148 17.514071 2.062066 6.663519 -7.535759 -14.217021 2.179393 18.538033 3.638337 3.363250 -1.169812 -5.875612 1.579906 -7.960819 -27.121250 -5.980636 1.957924 -7.571873 -46.358250 2.206791 0.991854 10.313090 -0.656214 16.220448 -38.711189 -13.989728 17.052431 -13.412516 9.129268 -12.999230 -16.333851 10.478457 -3.997231 0.233551 -5.031128 
-55.095982 100.460472 3.712811 46.084447 65.428090 46.308082 3.542614 13.027473 -0.259671 -5.499936 2.894861 -18.988322 2.442860 20.554888 4.990175 -6.401283 12.039337 -0.922822 2.665351 14.287971 2.523137 -2.440119 -0.351266 9.885795 3.611116 16.506878 2.788535 -4.415553 -2.153597 -13.064286 0.547511 9.888776 3.253492 -3.816755 3.721686 5.431970 3.217921 11.749306 7.126119 -1.070372 16.748046 5.097040 9.578449 -4.539835 13.807578 0.203152 24.928753 -16.863380 -25.850891 -12.408273 17.362240 -34.748352 -4.316686 -22.960164 -22.964973 -13.479162 13.395555 2.582643 2.717776 3.909332 -1.844975 13.984438 0.999787 8.034483 3.274388 -5.347283 -7.774632 5.039285 -14.662069 25.148133 -7.961579 -2.548533 -30.832516 2.977101 12.403215 -21.309963 3.321266 -30.273529 1.723981 -9.902894 28.025476 -5.134945 -0.125969 -0.843259 5.965339 -1.515709 7.828654 26.556339 -1.679350 27.669023 -32.182911 -13.027910 31.629501 8.685154 6.743935 10.399966 -27.146719 -30.353622 17.496792 1.148749 7.393561 -8.775724 -14.220236 2.172312 18.533384 4.241240 3.784701 -1.802608 -5.879938 1.560534 -7.948379 -27.901430 -7.518116 2.969829 -7.580990 -46.359661 2.239052 0.736299 9.719213 -1.569563 16.273134 -38.735069 -14.009612 16.758390 -14.273757 9.491655 -12.994402 -16.330839 10.500644 -3.646249 0.702420 -4.606386 
-50.334785 100.742470 2.506262 34.949719 60.780959 36.387990 3.544056 13.025167 -0.257547 -4.955922 2.261584 -17.172325 2.446493 20.564411 4.989991 -5.378628 11.923847 -0.951931 2.654870 14.299706 2.514008 -1.856957 -0.392602 8.847079 3.608904 16.510614 2.782209 -3.947895 -2.624622 -11.220652 0.557854 9.879036 3.247969 -3.409317 2.763612 4.890600 3.225457 11.741341 7.125710 -1.268151 16.304208 6.574940 9.574620 -4.548236 13.812072 1.002618 26.132172 -16.654291 -25.859407 -12.412461 17.375420 -36.491215 -5.661243 -25.683984 -22.962639 -13.475963 13.405829 1.627319 2.763984 2.630067 -1.842487 13.974518 0.982465 8.328104 2.430765 -4.322198 -7.784799 5.036285 -14.667588 26.488134 -6.976123 -2.779543 -30.855232 2.976850 12.420511 -19.183792 6.681403 -27.191639 1.728582 -9.905301 28.029127 -4.712518 -0.333042 -0.195193 5.949003 -1.518768 7.816882 25.653333 -1.407841 26.426451 -32.190819 -13.005857 31.625809 9.076679 6.650400 10.512756 -27.154554 -30.353207 17.484991 -0.025523 7.739424 -9.312818 -14.214212 2.168007 18.530943 4.193550 4.231119 -2.245214 -5.882130 1.546189 -7.934213 -27.638586 -8.069518 2.723993 -7.575726 -46.354641 2.262071 1.087017 8.285290 -2.116142 16.314064 -38.745255 -14.020402 16.494116 -14.332201 9.389895 -13.000834 -16.336805 10.516265 -3.726085 0.944975 -3.973834 
-45.574429 101.011200 1.555987 25.185952 54.924420 27.518856 3.541747 13.028881 -0.252731 -4.880331 1.812595 -15.904990 2.452436 20.568964 4.987038 -5.151540 10.939173 -1.124024 2.642617 14.325531 2.513676 -0.125129 -0.123652 8.476621 3.604511 16.520386 2.782825 -3.480439 -2.616732 -9.986266 0.567504 9.868015 3.243711 -2.718293 1.876270 4.338418 3.217442 11.733484 7.119796 -0.870146 16.289673 7.401294 9.579597 -4.553205 13.820024 3.047108 26.326406 -14.767888 -25.873459 -12.408415 17.390240 -36.742610 -6.845668 -27.054110 -22.971195 -13.478304 13.414854 1.082910 2.521126 2.147886 -1.849311 13.959668 0.968768 9.247230 2.221445 -4.561011 -7.797576 5.045181 -14.674644 26.129625 -6.789604 -2.927957 -30.871410 2.970269 12.431008 -17.759708 8.114488 -25.270643 1.730792 -9.902073 28.035547 -4.881247 -0.239877 -0.064607 5.944000 -1.516302 7.811742 25.244126 -1.556298 25.694111 -32.193218 -12.990989 31.622463 9.612921 6.392135 9.869284 -27.169256 -30.367640 17.481892 -0.628471 7.045890 -8.709932 -14.202536 2.166626 18.527603 4.015373 4.420216 -3.057402 -5.889153 1.532395 -7.926676 -26.922135 -7.816968 2.434774 -7.578888 -46.336975 2.276545 2.174120 7.151278 -3.632937 16.343117 -38.757549 -14.020021 15.670399 -14.273605 9.140679 -13.021730 -16.344971 10.526405 -3.440362 1.771957 -3.734338 
-41.127392 101.255272 0.824650 20.067350 49.708785 22.933810 3.546805 13.028732 -0.243773 -4.859227 1.586567 -14.469716 2.470092 20.557081 4.981556 -4.428523 9.563009 -1.136552 2.635787 14.354471 2.510426 1.509992 0.122477 7.981787 3.603766 16.518606 2.785166 -3.235522 -2.328997 -8.774888 0.566734 9.857655 3.247543 -1.653325 1.303463 4.299831 3.199190 11.729846 7.119914 -1.331017 16.028980 7.489437 9.592446 -4.557819 13.825598 4.936964 25.226655 -12.890350 -25.880611 -12.400126 17.412516 -36.987865 -7.717888 -26.877935 -22.971741 -13.474816 13.432878 0.388181 2.676033 1.885467 -1.862176 13.953287 0.957773 9.880746 2.536141 -5.172104 -7.816887 5.054891 -14.684729 24.913105 -6.948628 -3.296739 -30.883894 2.965817 12.434834 -16.242916 8.736076 -23.523486 1.721968 -9.895619 28.035734 -5.363267 -0.191591 -0.174544 5.939660 -1.512492 7.811618 25.128375 -1.236154 25.835674 -32.196491 -12.985656 31.634827 9.791296 6.369714 8.799622 -27.189051 -30.373522 17.478649 -0.829740 6.242150 -7.529633 -14.197246 2.165477 18.524662 3.844032 4.650223 -2.826893 -5.884017 1.514057 -7.930396 -25.350905 -6.613850 1.554257 -7.584570 -46.304585 2.283203 3.227744 6.447652 -5.145095 16.355427 -38.768307 -14.021620 14.111925 -14.669867 9.252950 -13.041839 -16.360537 10.525949 -2.842418 2.119016 -3.130838 
-37.259422 101.482224 0.295721 17.127779 45.600105 19.773606 3.545527 13.024347 -0.233902 -4.880584 1.433300 -14.008355 2.475827 20.547804 4.974721 -4.487731 8.242171 -1.140772 2.637199 14.374702 2.527678 2.719094 0.407846 7.370455 3.598249 16.516050 2.793481 -2.651066 -2.366354 -8.000416 0.570966 9.850036 3.245838 -1.524765 0.981612 4.017504 3.176020 11.723364 7.117001 -1.365803 15.579105 7.225189 9.597530 -4.567521 13.836714 6.534990 24.510030 -11.229556 -25.887091 -12.381900 17.416723 -37.225931 -8.410447 -26.863908 -22.985487 -13.485860 13.434093 -0.160784 2.371017 2.119929 -1.878359 13.942491 0.951485 10.166806 2.902630 -5.609394 -7.831199 5.059534 -14.686333 23.979799 -6.851545 -3.316008 -30.877005 2.962525 12.438382 -15.306691 8.512411 -22.433358 1.707403 -9.889755 28.030169 -5.976683 -0.288675 -0.088021 5.938931 -1.515804 7.814086 25.302688 -1.369257 25.761628 -32.191650 -12.988400 31.642218 9.442978 5.915303 7.272897 -27.200550 -30.385204 17.486469 -0.140379 4.369416 -6.508711 -14.185370 2.168605 18.527733 3.581852 4.743781 -2.897526 -5.893140 1.511254 -7.939051 -24.108281 -5.714268 0.442691 -7.585028 -46.276062 2.281033 4.379667 6.312921 -6.127399 16.350002 -38.773743 -14.021614 13.218560 -15.041965 8.924405 -13.059081 -16.375134 10.520883 -2.235693 2.376761 -2.568889 
-34.216011 101.714874 -0.050938 15.403248 41.970433 18.034237 3.544363 13.024200 -0.218289 -5.422881 1.220047 -13.857423 2.475647 20.537613 4.970757 -4.432200 7.061637 -0.861589 2.636410 14.380945 2.535620 3.687197 0.714101 6.547552 3.592884 16.508745 2.809055 -2.134545 -2.013732 -7.271745 0.570884 9.848070 3.247839 -1.021971 1.087842 3.713197 3.168001 11.721363 7.117811 -1.063016 14.995412 6.597185 9.598726 -4.581313 13.836390 7.482737 23.267979 -10.425760 -25.893267 -12.364335 17.414454 -36.357968 -9.412235 -26.740163 -22.991882 -13.484503 13.432814 -0.648720 2.212899 2.262019 -1.894566 13.939172 0.945976 10.040227 2.982763 -5.941060 -7.841239 5.058241 -14.688245 22.751493 -7.229859 -3.210810 -30.871916 2.963348 12.432977 -14.088741 8.369634 -21.186465 1.696473 -9.879289 28.024563 -5.940558 -0.772439 -0.140845 5.942201 -1.510783 7.809952 25.856455 -1.046220 25.713002 -32.190002 -12.988416 31.650116 8.588887 5.313691 5.737546 -27.198648 -30.397799 17.493292 0.655627 2.701805 -5.925287 -14.175724 2.170893 18.530193 3.163525 4.801494 -2.686672 -5.888907 1.509658 -7.947187 -22.867122 -4.614363 -0.554068 -7.591102 -46.256863 2.270735 5.443226 5.893996 -6.809933 16.338802 -38.772331 -14.022482 12.241805 -15.758300 8.853136 -13.071391 -16.384628 10.519667 -1.574876 2.359921 -2.270924 
-32.184700 101.982460 -0.227448 14.571838 39.405168 17.276554 3.543317 13.025813 -0.208135 -5.780553 1.409962 -13.741972 2.475630 20.531000 4.960676 -4.504138 6.156354 -0.809344 2.636207 14.382207 2.540879 3.724610 0.644070 6.090003 3.592753 16.507135 2.817164 -2.160583 -1.782339 -6.798421 0.573355 9.844327 3.249411 -0.750565 1.020065 3.271047 3.158657 11.718855 7.118800 -0.991428 14.756310 6.305900 9.600604 -4.590796 13.842283 8.345765 22.458526 -9.524350 -25.899384 -12.353281 17.414846 -36.079132 -9.866785 -26.656203 -22.994349 -13.484010 13.430092 -1.021258 2.154877 2.403073 -1.903556 13.939634 0.944968 9.588055 3.213785 -6.471943 -7.842680 5.062285 -14.682054 21.929323 -7.613842 -2.788109 -30.870493 2.966835 12.430787 -13.285274 8.190876 -20.631362 1.691698 -9.878308 28.019648 -5.930763 -0.988142 -0.284154 5.942661 -1.509755 7.810268 26.262458 -1.222743 25.706368 -32.182144 -12.993805 31.652489 7.810825 5.038350 4.411724 -27.193560 -30.400936 17.494825 1.181927 1.418927 -5.371266 -14.170614 2.171950 18.530815 2.719287 4.945105 -2.656340 -5.891719 1.512484 -7.950182 -21.912517 -3.806373 -1.177434 -7.594390 -46.247017 2.259809 5.847919 5.783749 -7.407523 16.328426 -38.775257 -14.019298 11.760858 -15.927470 8.639706 -13.080514 -16.397779 10.513330 -1.107289 2.187886 -1.665723 
-31.271852 102.308174 -0.227274 14.233142 38.613846 17.013552 3.547401 13.030695 -0.204245 -6.216928 1.564303 -13.936909 2.474558 20.529282 4.959060 -4.470050 5.588622 -0.762221 2.637204 14.389869 2.545525 4.000835 0.512978 6.322774 3.590721 16.504457 2.817937 -1.436828 -1.531360 -6.603934 0.580187 9.845351 3.254121 -0.652195 1.199795 3.073896 3.155556 11.721234 7.126727 -1.324823 15.022950 6.078036 9.597740 -4.591388 13.841849 8.632370 21.991104 -9.298016 -25.902485 -12.345686 17.414694 -35.834161 -10.411831 -26.336240 -22.994421 -13.484582 13.427295 -0.853999 2.052630 2.582693 -1.911922 13.939898 0.946134 9.512566 3.030525 -6.691647 -7.845214 5.057790 -14.682700 21.077108 -8.191045 -2.328613 -30.871256 2.971784 12.426467 -12.938960 8.426225 -20.254409 1.688050 -9.877067 28.017443 -6.296038 -1.365981 -0.131629 5.948978 -1.512883 7.816550 26.573428 -1.270542 25.968130 -32.175713 -12.989762 31.654318 7.095659 4.493407 3.649969 -27.193974 -30.401260 17.491737 1.248729 1.023723 -5.259661 -14.168390 2.168340 18.536373 2.880243 5.179504 -2.393761 -5.892713 1.511386 -7.955152 -21.223104 -3.551041 -1.207762 -7.595944 -46.240990 2.257434 5.395230 5.731637 -7.877517 16.329950 -38.765324 -14.019259 11.611795 -16.222799 8.793234 -13.081829 -16.398441 10.513158 -1.123801 2.506069 -1.657988 
-31.468441 102.712112 -0.038730 14.580552 38.275062 16.604253 3.546252 13.028323 -0.203062 -6.434483 2.019858 -14.407195 2.476422 20.526381 4.956870 -4.545807 5.555312 -0.705551 2.636978 14.387486 2.547179 3.614965 0.355334 6.259023 3.585823 16.495955 2.811217 -1.657693 -1.116995 -6.651993 0.577909 9.842458 3.252204 -0.522606 0.987909 3.545701 3.158707 11.718408 7.125275 -1.394387 14.705003 5.961290 9.597565 -4.589221 13.838850 8.740077 21.767866 -9.526362 -25.901588 -12.353654 17.412638 -35.557179 -10.762687 -26.248777 -22.994810 -13.484527 13.423958 -0.841412 2.282275 2.587070 -1.909054 13.939037 0.948008 9.001961 2.551314 -6.696816 -7.843211 5.056798 -14.678661 20.479188 -8.254848 -2.217830 -30.869106 2.976156 12.426073 -13.380873 9.069882 -20.619255 1.690406 -9.888149 28.021580 -6.316230 -1.264079 -0.000464 5.945402 -1.513201 7.810400 27.046782 -1.428078 26.630078 -32.170815 -12.988468 31.657564 6.054978 4.514846 3.121877 -27.197363 -30.406267 17.496304 1.941547 0.903438 -4.906905 -14.171875 2.169562 18.535746 2.981980 5.061409 -2.219294 -5.889795 1.512153 -7.961141 -20.828638 -3.503261 -1.560534 -7.594211 -46.244064 2.259163 4.166012 5.520871 -8.087708 16.328936 -38.761112 -14.018516 11.962433 -15.979144 9.005485 -13.079139 -16.403761 10.509851 -1.233127 2.144020 -1.519894 
-32.678459 103.197098 0.339527 15.144696 39.349225 16.802322 3.553582 13.028795 -0.212802 -6.832373 1.765783 -14.699665 2.479023 20.523371 4.964141 -4.716513 6.049332 -0.603800 2.637170 14.384572 2.549855 3.337810 0.745921 6.804166 3.593818 16.500696 2.802206 -1.720256 -0.738384 -6.561921 0.574342 9.837746 3.250886 -0.580285 1.475321 3.921554 3.161849 11.715110 7.130846 -1.162359 14.905143 6.363265 9.600496 -4.578981 13.833810 8.379603 22.039557 -9.629213 -25.897087 -12.364940 17.408327 -35.116618 -10.864301 -26.546370 -22.990591 -13.490487 13.425104 -0.713585 2.397937 2.614054 -1.904549 13.942165 0.947407 8.747249 2.361032 -7.142253 -7.839439 5.051520 -14.672581 19.563236 -8.380056 -2.123746 -30.865482 2.977006 12.421172 -14.183942 9.561902 -21.424451 1.697640 -9.889007 28.022640 -6.797018 -1.200610 -0.085775 5.941014 -1.516078 7.807877 27.340639 -2.057377 27.694310 -32.170422 -12.987903 31.653852 5.360854 4.720240 3.102137 -27.197739 -30.408464 17.489580 1.867043 1.943519 -4.709692 -14.166640 2.169817 18.536102 3.339897 5.279824 -1.948379 -5.877268 1.506927 -7.967973 -20.999388 -4.002915 -1.134595 -7.596117 -46.245960 2.268340 2.415600 5.769910 -8.601293 16.332487 -38.751980 -14.010401 12.858386 -15.347870 9.138229 -13.072605 -16.398420 10.506530 -1.229432 2.252406 -1.913712 
-34.730007 103.724045 0.924739 15.419623 40.997804 16.514282 3.560368 13.019568 -0.223881 -7.397412 2.292805 -15.501297 2.477996 20.526455 4.967173 -4.762848 6.811805 -0.426161 2.635443 14.382673 2.554573 2.497389 0.818108 7.426831 3.597192 16.501631 2.789722 -2.060703 -0.693639 -6.911193 0.572409 9.834558 3.251392 -1.301460 1.555058 4.598301 3.173471 11.708521 7.126854 -1.232127 15.559031 6.197373 9.591326 -4.565772 13.832880 7.328767 22.433647 -10.288533 -25.887356 -12.388215 17.394279 -35.307597 -10.934458 -26.905737 -22.990236 -13.495650 13.423940 -0.676764 2.719292 2.931626 -1.897677 13.943780 0.946843 8.093375 1.848585 -7.325665 -7.824084 5.051243 -14.664133 19.180834 -8.529632 -1.958738 -30.862020 2.980573 12.425639 -15.817741 10.167151 -22.945691 1.705701 -9.899068 28.026060 -6.999607 -0.588309 0.299694 5.934474 -1.517340 7.804208 27.845978 -2.501759 29.068998 -32.166676 -12.987782 31.651957 3.848697 4.929684 3.096916 -27.203207 -30.412622 17.482031 2.088803 2.520584 -4.993390 -14.170815 2.168443 18.531151 3.673197 5.124785 -1.655285 -5.869757 1.505246 -7.973753 -21.061354 -4.554513 -0.615243 -7.587241 -46.257900 2.266882 -0.062195 6.000613 -8.867250 16.326656 -38.742397 -14.005246 14.011716 -14.635675 9.464416 -13.068833 -16.391132 10.508515 -1.850266 2.429833 -2.555496 
-37.387115 104.264267 1.757257 17.298291 43.634571 17.352169 3.563833 13.013322 -0.237691 -7.692357 2.689407 -16.664970 2.475160 20.528496 4.977056 -5.215897 7.856963 -0.108429 2.637917 14.367121 2.550376 1.270219 0.626707 8.144707 3.604164 16.496693 2.777577 -2.540441 0.146175 -7.337145 0.566397 9.831463 3.250908 -1.803873 1.723993 5.403828 3.188006 11.711228 7.128090 -1.001862 16.051597 6.383779 9.582806 -4.545940 13.826794 5.985818 22.661169 -11.471896 -25.872339 -12.412198 17.376486 -35.546634 -10.854923 -26.677278 -22.986202 -13.488770 13.419528 0.387001 2.918794 2.681155 -1.886371 13.947730 0.962554 6.944268 1.272853 -7.204900 -7.808128 5.046779 -14.654217 17.705220 -8.671452 -1.522976 -30.858131 2.988784 12.422198 -17.834367 10.490817 -25.445142 1.711829 -9.907405 28.029409 -7.539790 -0.430477 0.324089 5.929040 -1.518820 7.805123 28.530416 -2.814863 30.796859 -32.169762 -12.989933 31.646158 2.780874 5.663031 2.911390 -27.197746 -30.409899 17.463717 2.345424 3.522158 -5.035104 -14.174735 2.158518 18.522070 3.789155 5.657289 -1.546219 -5.856790 1.507380 -7.979567 -21.049881 -5.783642 0.015928 -7.588407 -46.261169 2.271632 -2.757737 6.050252 -9.260405 16.318439 -38.725731 -13.999631 15.008096 -14.079764 10.493682 -13.051524 -16.379984 10.511236 -2.369925 2.274733 -3.009099 
-40.382198 104.791260 2.951022 19.407371 47.119351 18.661921 3.579534 13.002050 -0.234251 -8.826562 3.776043 -18.363373 2.462792 20.530706 4.987260 -6.271309 8.897134 0.003943 2.634655 14.344774 2.559350 -0.574747 0.160560 8.901632 3.610449 16.494253 2.772934 -3.168799 0.666996 -8.402465 0.574484 9.833863 3.251016 -2.970333 1.911786 5.726045 3.202968 11.709648 7.126899 -0.462239 16.521024 5.832960 9.568288 -4.520879 13.825176 4.145387 23.036346 -12.622668 -25.863188 -12.431502 17.352310 -35.323536 -11.052405 -25.950914 -22.987577 -13.489388 13.406708 1.112266 3.015142 2.518341 -1.880790 13.953305 0.967248 4.917369 0.371470 -7.373883 -7.792168 5.032784 -14.632853 16.296594 -8.844791 -1.085798 -30.847092 2.994502 12.416321 -20.543916 9.962476 -28.675723 1.723644 -9.911746 28.034237 -7.660878 -0.335901 0.294020 5.931511 -1.516594 7.798129 29.704906 -3.258746 32.048405 -32.162369 -12.985948 31.634062 1.428701 5.785639 2.825886 -27.183025 -30.412617 17.464329 2.735921 3.748061 -5.411780 -14.176438 2.153781 18.520765 4.224729 6.114647 -1.525950 -5.854146 1.516558 -7.978199 -21.281312 -6.509304 0.227220 -7.588394 -46.278065 2.264334 -5.091460 6.469818 -9.163869 16.298752 -38.698551 -14.001252 15.847559 -13.694509 11.342899 -13.031100 -16.375937 10.516418 -2.898170 1.973087 -3.363688 
-43.419647 105.233543 4.688455 23.348474 50.334686 21.101152 3.587151 12.989608 -0.231041 -10.636409 4.413703 -20.376833 2.453665 20.527103 4.988566 -7.132326 9.997100 0.120016 2.636117 14.314589 2.562416 -2.081826 -0.504675 9.073768 3.619052 16.482193 2.777290 -4.172861 1.884131 -8.811088 0.575936 9.835024 3.243769 -4.094823 2.165945 6.512958 3.218512 11.716859 7.131978 -0.088342 16.084411 5.148428 9.550371 -4.498209 13.831176 1.715926 22.941074 -13.930500 -25.859213 -12.446938 17.311920 -34.447523 -10.790389 -25.104686 -22.993750 -13.490376 13.389629 1.829513 3.187004 2.575650 -1.885734 13.961398 0.971840 2.773872 -1.046796 -8.045485 -7.763119 5.019286 -14.603630 13.848687 -9.960105 -0.368648 -30.832111 2.999550 12.421178 -23.552118 7.424355 -33.280390 1.734685 -9.912387 28.032125 -7.431573 -0.099403 0.493779 5.931180 -1.513841 7.788339 31.272202 -4.736404 34.127730 -32.153229 -12.993663 31.620403 0.045488 5.384057 2.049755 -27.160719 -30.424473 17.468987 3.461224 3.520800 -5.204309 -14.173985 2.154907 18.512363 3.723200 6.635093 -1.321729 -5.845340 1.530144 -7.980622 -21.324081 -6.986084 -0.372155 -7.588681 -46.288357 2.239924 -6.096282 6.658983 -9.339066 16.257469 -38.658997 -13.995768 16.966077 -13.030817 11.927950 -13.009982 -16.367327 10.510816 -3.488654 1.503311 -3.611647 
-46.129051 105.509460 6.906912 26.598128 53.978739 22.885363 3.592503 12.974753 -0.216622 -13.176057 4.692485 -22.199933 2.445428 20.530905 4.990103 -8.073567 11.010325 0.298378 2.637715 14.300294 2.570801 -3.214573 -1.743962 8.706132 3.621421 16.462803 2.793550 -5.308591 3.038428 -9.415144 0.582767 9.851709 3.237419 -5.894691 2.336306 6.816344 3.224442 11.734986 7.128283 0.287348 16.945317 3.193202 9.536575 -4.475076 13.847679 0.729364 22.541166 -14.485231 -25.862150 -12.463527 17.275944 -33.092164 -9.911060 -22.683642 -23.011395 -13.483102 13.385721 2.818168 3.831480 3.012561 -1.905229 13.979226 0.978652 0.851791 -3.290744 -9.246154 -7.740780 5.015861 -14.582800 10.071916 -12.617533 0.633451 -30.813433 3.003772 12.419295 -26.813349 2.801049 -39.084921 1.743554 -9.907820 28.042910 -6.744289 0.780656 0.467702 5.952923 -1.497995 7.789614 32.664143 -7.030408 35.889919 -32.151104 -12.999322 31.604525 -0.523036 4.771182 2.256268 -27.159250 -30.448465 17.492260 3.808958 1.808440 -4.669575 -14.174195 2.165245 18.508144 2.698518 7.212322 -0.754633 -5.849872 1.541785 -7.982228 -21.075980 -7.506579 -1.737350 -7.595801 -46.305187 2.196796 -5.491041 6.618893 -10.160437 16.206938 -38.621662 -13.985868 17.829777 -12.730072 11.944993 -13.001143 -16.370787 10.517859 -3.299599 1.107837 -3.945927 
-48.146893 105.581383 9.255139 30.773404 56.812260 24.978362 3.585916 12.970380 -0.199033 -14.997617 4.740724 -22.883362 2.449043 20.529783 4.979297 -8.466286 12.174059 0.274552 2.641789 14.291976 2.570477 -3.941334 -2.531231 8.207253 3.618226 16.449141 2.809517 -7.053411 3.678526 -9.582973 0.575350 9.873201 3.238805 -6.913675 2.035544 8.101577 3.213502 11.759844 7.113315 -0.126288 17.840480 1.450165 9.531130 -4.452305 13.862529 1.128979 22.410120 -13.711631 -25.874445 -12.478768 17.260824 -31.946717 -9.159016 -20.848295 -23.030224 -13.470136 13.386296 3.809868 4.560839 3.314713 -1.917825 13.979205 0.976162 -0.118719 -5.423499 -11.415662 -7.722025 5.025292 -14.587510 7.180441 -15.949919 0.965326 -30.800631 3.007686 12.403633 -28.661137 -1.995039 -43.107660 1.758743 -9.900437 28.047653 -5.439094 2.529169 0.277523 5.969998 -1.475338 7.794877 33.305392 -9.112514 38.000912 -32.147263 -13.011471 31.589142 -0.843998 4.591527 2.148473 -27.165358 -30.462837 17.526360 3.733330 0.046244 -4.445368 -14.194113 2.165751 18.499050 0.990010 7.999457 0.087137 -5.844301 1.556070 -7.984385 -19.921966 -7.431136 -4.436190 -7.606474 -46.331142 2.164601 -4.786104 6.418751 -10.795383 16.165012 -38.595039 -13.974629 17.937417 -12.712496 11.906537 -13.008245 -16.369356 10.517426 -3.560840 0.937513 -4.329549 
-49.286469 105.481720 11.389221 32.969791 60.386693 26.637483 3.571056 12.969073 -0.186330 -16.155948 4.611672 -23.384413 2.454471 20.522507 4.976715 -8.117454 12.721864 0.564718 2.644989 14.296029 2.571152 -3.967717 -2.998222 7.602892 3.614742 16.445545 2.809795 -7.745673 3.171812 -9.737265 0.579970 9.886522 3.249639 -7.446454 1.892319 8.862726 3.202179 11.766449 7.090923 -0.238372 19.143159 0.398468 9.533023 -4.429976 13.876116 2.143498 22.386124 -12.555341 -25.889963 -12.486632 17.251654 -31.167905 -8.901330 -19.684317 -23.043146 -13.460023 13.386350 4.292589 5.011083 3.345362 -1.937068 13.964657 0.974930 0.272317 -7.024209 -13.425960 -7.714070 5.038256 -14.593298 4.978021 -19.964493 1.630121 -30.789001 3.008167 12.390865 -29.247707 -6.012036 -45.244915 1.759486 -9.896050 28.051544 -4.521196 3.528209 0.545759 5.997434 -1.457960 7.798142 33.793150 -10.374779 38.715479 -32.146938 -13.011297 31.576118 -0.635385 4.411805 2.445151 -27.175434 -30.469604 17.556692 3.348887 -2.077516 -3.477222 -14.203458 2.175328 18.506702 -0.237924 8.298086 0.333811 -5.852587 1.565133 -7.989040 -19.066089 -6.911130 -6.700250 -7.601887 -46.345100 2.149069 -3.747146 6.320862 -11.015834 16.140007 -38.583298 -13.961044 18.496361 -13.078194 11.700797 -13.019438 -16.370823 10.510797 -4.197156 0.677223 -4.557066 
-49.665894 105.257317 13.150869 32.951278 62.220804 26.690434 3.554266 12.974871 -0.183359 -16.597517 4.132825 -23.008343 2.462443 20.524572 4.974374 -7.650537 12.750132 0.395767 2.644084 14.311861 2.563234 -3.479663 -3.418070 7.165897 3.614081 16.450298 2.805511 -7.540513 2.304080 -9.656756 0.574330 9.894660 3.263256 -6.913468 1.678656 9.643420 3.194816 11.771528 7.068336 -0.635726 19.919280 -0.041059 9.533698 -4.418062 13.880625 3.913140 22.989681 -10.539178 -25.903032 -12.491806 17.256252 -31.112085 -9.367213 -19.844416 -23.045279 -13.458274 13.392198 4.831014 5.157609 2.991501 -1.950407 13.951025 0.970150 1.869485 -7.449769 -15.643003 -7.712245 5.047332 -14.605217 4.503082 -23.952473 1.040574 -30.778122 3.014086 12.381916 -28.812388 -8.617247 -45.193839 1.749502 -9.891931 28.047234 -3.861984 4.237390 0.630718 6.009949 -1.453755 7.802736 34.467740 -11.273210 39.158103 -32.143883 -13.008222 31.577438 0.048169 3.752094 2.985466 -27.191862 -30.478289 17.572805 2.803841 -3.454118 -3.551832 -14.209701 2.182163 18.520832 -0.326910 7.913155 0.823047 -5.856958 1.560554 -7.995504 -18.288935 -6.155839 -8.633627 -7.594328 -46.349178 2.147796 -2.526471 6.036282 -10.905358 16.140036 -38.575222 -13.958296 18.612597 -13.591769 11.504847 -13.036378 -16.369844 10.499344 -4.958325 0.606872 -4.305359 
-49.556381 104.991890 14.491457 32.353397 62.994200 26.871805 3.544089 12.979304 -0.180741 -16.647649 4.187552 -22.648083 2.464395 20.525126 4.979384 -6.257562 12.501644 0.445768 2.646391 14.326312 2.551328 -3.371318 -3.991512 6.891572 3.614135 16.451643 2.801283 -6.946948 1.332694 -9.436205 0.580207 9.908731 3.279639 -6.240835 1.900120 10.104446 3.190646 11.777835 7.050783 -0.805654 20.907805 0.245426 9.535598 -4.414600 13.875840 5.480614 23.637594 -9.216276 -25.905035 -12.481999 17.262503 -31.323497 -10.292557 -20.455225 -23.042400 -13.446678 13.403798 5.289876 5.478063 2.364665 -1.956727 13.943670 0.965441 3.496803 -7.529163 -17.231503 -7.721889 5.053224 -14.619965 4.514700 -27.664493 0.140191 -30.776291 3.015922 12.374398 -28.266354 -10.026160 -44.391657 1.746159 -9.884535 28.041355 -3.134026 4.438975 0.816809 6.023791 -1.457521 7.803011 34.171754 -11.406558 39.385586 -32.143879 -12.998775 31.569120 1.171073 2.869341 4.025610 -27.201616 -30.472378 17.584621 2.054728 -3.715871 -3.797836 -14.212254 2.185680 18.528568 -0.508320 7.583801 1.149758 -5.857395 1.551556 -7.994689 -17.922534 -5.405075 -9.239416 -7.594074 -46.353218 2.158831 -2.135507 5.616066 -10.625269 16.148458 -38.574043 -13.959507 18.325295 -14.418446 11.838593 -13.047153 -16.366753 10.499428 -5.260539 0.433965 -4.347509 
-49.205631 104.759621 15.420155 30.639484 63.517570 26.288117 3.540572 12.978229 -0.175719 -16.559449 4.398072 -22.614937 2.465576 20.531414 4.985668 -5.873435 12.190703 0.545523 2.640806 14.334839 2.544847 -3.403776 -4.293305 7.062904 3.607980 16.462055 2.795365 -6.467404 0.464727 -9.805065 0.584274 9.912712 3.291321 -6.149954 1.459531 9.777528 3.186506 11.776867 7.044652 -0.937419 21.351706 0.555886 9.537016 -4.414382 13.870166 6.983984 23.936251 -7.395662 -25.908308 -12.483407 17.268055 -31.723924 -10.975845 -21.217052 -23.040468 -13.450364 13.409931 5.278137 5.685327 1.747029 -1.961369 13.938810 0.963604 4.640169 -7.510422 -18.178311 -7.726728 5.059865 -14.629855 5.648412 -29.971235 -1.075013 -30.771063 3.013384 12.373219 -28.063152 -10.543624 -43.343346 1.743593 -9.879931 28.040783 -2.774289 4.589603 0.989113 6.026227 -1.467334 7.803468 34.187569 -11.751519 39.010868 -32.143322 -12.997135 31.572546 1.643554 2.072259 4.787840 -27.210011 -30.469406 17.590965 1.962575 -4.143949 -4.170463 -14.211453 2.188592 18.540167 0.194963 7.202124 1.221198 -5.867693 1.538923 -7.995218 -17.718122 -4.875812 -9.876540 -7.587187 -46.353718 2.167445 -1.708231 5.434224 -10.324171 16.159487 -38.582623 -13.964528 17.904282 -14.843212 12.006257 -13.057404 -16.368313 10.489303 -5.395530 0.231224 -4.028788 
-48.813103 104.564583 16.020727 31.039528 63.892158 26.487154 3.538372 12.984344 -0.178870 -16.447208 4.003364 -22.192499 2.470932 20.526070 4.989913 -5.372120 12.039247 0.312305 2.645746 14.339149 2.540514 -2.964846 -4.613857 6.879099 3.605422 16.466311 2.792604 -6.108203 -0.042116 -9.502979 0.582762 9.911516 3.291875 -5.679113 1.468229 10.081443 3.184884 11.774421 7.047217 -1.204520 21.477880 0.711571 9.535853 -4.416409 13.870519 8.042230 24.255989 -6.365014 -25.909296 -12.476876 17.275084 -32.529336 -11.580145 -21.458525 -23.034056 -13.448108 13.413132 5.363363 5.637373 1.386683 -1.958549 13.933530 0.957294 5.496121 -7.381426 -18.777841 -7.726903 5.060010 -14.632515 6.551652 -31.888630 -2.258836 -30.775351 3.014501 12.369123 -27.362783 -10.850714 -42.906179 1.737164 -9.878423 28.035328 -2.600153 4.691502 1.113441 6.030863 -1.470378 7.803481 33.822503 -12.127957 39.211218 -32.148308 -13.001914 31.563564 2.267495 1.694278 5.232443 -27.210032 -30.466257 17.591993 1.465238 -3.980127 -4.186162 -14.210517 2.186613 18.543028 0.124126 6.937745 1.431915 -5.869465 1.533046 -7.994864 -17.666296 -4.694143 -10.312082 -7.589038 -46.347660 2.175928 -1.387735 5.267843 -10.389235 16.162588 -38.587826 -13.965878 17.915610 -15.112956 12.153668 -13.067609 -16.365036 10.483876 -5.441714 0.005595 -3.964702 
-48.462723 104.411354 16.371054 30.130478 63.201742 25.486521 3.538743 12.981445 -0.175155 -16.384816 4.272658 -22.122412 2.472468 20.534058 4.993862 -4.930110 11.754499 0.311349 2.638610 14.347329 2.529544 -2.789143 -4.606569 6.830910 3.602961 16.472527 2.794427 -6.241200 -0.421037 -9.340708 0.579927 9.909028 3.297930 -5.246741 1.047029 9.973036 3.186908 11.779071 7.044077 -0.865545 21.628747 1.465314 9.539728 -4.421899 13.859237 8.463259 24.389730 -5.715831 -25.915323 -12.477832 17.282042 -32.532973 -11.953152 -21.781801 -23.027641 -13.446646 13.423976 5.345213 5.952553 1.232598 -1.954108 13.929443 0.955374 6.013306 -7.150667 -19.043493 -7.736024 5.066443 -14.638985 7.627366 -32.717600 -3.231236 -30.777128 3.013666 12.368117 -27.284955 -10.520348 -42.086779 1.736725 -9.872965 28.031563 -2.464493 4.398952 1.170214 6.031042 -1.475746 7.802605 33.853255 -12.094849 38.908917 -32.147869 -13.000028 31.568966 2.855190 1.451840 5.779364 -27.214806 -30.472019 17.590891 1.390906 -3.823186 -4.236366 -14.210979 2.188617 18.543501 0.724273 6.204428 1.282611 -5.870164 1.522861 -7.995489 -17.862833 -4.770262 -10.325987 -7.592402 -46.350075 2.179331 -1.168789 5.079743 -10.430933 16.171747 -38.592331 -13.970985 17.453054 -15.574264 12.168764 -13.068325 -16.364382 10.477176 -5.322460 -0.389312 -4.229740 
-48.200451 104.271393 16.520189 29.572267 63.080315 25.196554 3.535990 12.983197 -0.176288 -16.431077 3.968051 -22.292901 2.470716 20.534948 4.998278 -5.212918 11.655939 0.206477 2.638867 14.348511 2.535630 -2.795146 -4.580926 7.130236 3.600390 16.478085 2.792629 -5.840991 -0.776440 -9.369314 0.580136 9.906731 3.299641 -5.475290 1.197486 9.633791 3.183275 11.773564 7.045257 -0.754153 21.519641 1.458300 9.539468 -4.423542 13.860238 9.079066 24.681505 -5.033989 -25.910734 -12.473233 17.284975 -32.766910 -12.172738 -21.740589 -23.024836 -13.450541 13.421440 5.289251 5.845891 1.128710 -1.957313 13.928455 0.951775 6.821516 -7.187817 -19.297632 -7.738752 5.062379 -14.637313 7.993621 -33.407070 -3.539496 -30.769117 3.012326 12.366745 -27.035627 -10.499933 -41.704903 1.736839 -9.868366 28.027454 -2.584160 4.386932 1.065617 6.032224 -1.476897 7.802169 33.743498 -12.429207 38.608542 -32.145081 -13.000180 31.563147 3.084369 1.134068 6.228330 -27.213594 -30.465960 17.589849 1.143353 -3.747923 -4.500291 -14.205878 2.186341 18.546318 0.839011 6.080403 1.306436 -5.873634 1.522450 -7.991995 -18.093132 -4.495349 -10.460219 -7.590797 -46.345299 2.184527 -0.640169 5.241310 -10.221815 16.175201 -38.589973 -13.969314 17.350270 -15.730882 12.245857 -13.066693 -16.359354 10.473913 -5.275777 -0.236973 -3.963678 
-48.067390 104.169930 16.495047 30.260514 62.939155 25.218564 3.534794 12.979959 -0.177275 -16.236181 4.153506 -22.148027 2.471203 20.528597 4.994296 -4.741078 11.478500 0.357271 2.636759 14.349063 2.531330 -2.678655 -4.576992 6.963250 3.599227 16.473228 2.794366 -5.870153 -0.752122 -9.379302 0.583433 9.909093 3.300930 -5.232454 0.937899 9.634456 3.184405 11.774647 7.043735 -1.154521 21.615279 1.470472 9.540358 -4.421810 13.853469 9.565862 24.538397 -4.868357 -25.908783 -12.468555 17.280716 -32.632445 -12.107864 -21.857299 -23.023247 -13.447784 13.424248 5.067400 6.150205 1.124946 -1.953618 13.928746 0.955099 6.911423 -7.177702 -19.437583 -7.739686 5.060508 -14.640449 8.508915 -33.104803 -3.715884 -30.768970 3.015069 12.366216 -27.001116 -10.675328 -41.146043 1.736454 -9.869977 28.026356 -2.280122 4.375330 1.287484 6.031929 -1.480183 7.803139 33.593275 -12.058934 38.601145 -32.142307 -12.996942 31.553650 3.135754 1.302989 6.090596 -27.213873 -30.462122 17.594196 1.117618 -3.597259 -4.669623 -14.205400 2.187971 18.549650 0.859787 6.203553 1.350757 -5.871725 1.524183 -7.992980 -17.854497 -4.531425 -10.438424 -7.592143 -46.340542 2.185770 -0.647024 5.246764 -10.186832 16.177647 -38.592152 -13.970102 17.104558 -15.779223 12.383616 -13.067246 -16.356461 10.473500 -5.331547 -0.254903 -4.214044 
-48.051350 104.107086 16.265873 30.484470 62.481703 26.084609 3.534683 12.982511 -0.175925 -15.919631 3.922171 -22.001646 2.470061 20.534126 4.995987 -4.959577 11.529500 0.343406 2.637027 14.342870 2.529688 -2.897406 -4.652783 6.969696 3.603161 16.467810 2.793970 -6.005951 -0.322151 -9.431706 0.577869 9.908452 3.301004 -5.211878 0.725650 9.873417 3.184302 11.777920 7.047703 -1.167935 21.213751 1.666699 9.541219 -4.426719 13.855575 9.047143 24.282465 -5.030796 -25.907673 -12.471670 17.284725 -32.949956 -11.836930 -21.601961 -23.017147 -13.443817 13.424541 5.290586 5.937641 1.461593 -1.954821 13.935587 0.956877 6.524943 -7.057720 -18.990865 -7.738441 5.064266 -14.637037 8.417219 -32.204868 -3.473435 -30.772274 3.009766 12.368254 -26.739516 -10.442429 -41.542638 1.734901 -9.868887 28.022305 -2.354287 4.049294 1.026865 6.028853 -1.480185 7.806791 33.427772 -11.819993 38.819377 -32.142895 -13.000737 31.562519 3.305761 1.540190 5.631885 -27.207872 -30.458572 17.580391 1.005617 -3.432203 -4.438708 -14.209750 2.187636 18.547770 0.721326 6.287289 1.197897 -5.871851 1.523623 -7.987144 -17.835357 -4.480722 -10.259598 -7.591650 -46.337292 2.183795 -0.425408 5.388512 -10.174786 16.176802 -38.588833 -13.967449 16.961793 -15.309732 12.300265 -13.063058 -16.355705 10.475662 -5.245193 0.029093 -3.891065 
-48.096363 104.111031 15.755017 30.396087 62.449068 25.447685 3.535559 12.986195 -0.177522 -15.900892 4.121226 -22.440575 2.469214 20.532787 4.993021 -5.217079 11.693712 0.427755 2.634748 14.338443 2.535533 -2.524188 -4.199603 7.180795 3.602565 16.463917 2.796382 -5.838337 0.139301 -9.348862 0.580810 9.904316 3.294617 -5.629582 0.996861 9.689498 3.186719 11.778999 7.052718 -1.114338 21.214159 1.555354 9.540292 -4.421722 13.856305 8.664211 24.257089 -5.975715 -25.902004 -12.467680 17.282339 -32.098522 -11.434703 -21.496333 -23.021027 -13.443023 13.421334 5.278527 5.813484 1.594055 -1.953494 13.929399 0.963900 6.482763 -7.072978 -18.491639 -7.738289 5.060217 -14.636220 7.739018 -30.900459 -2.488363 -30.766232 3.014661 12.366860 -26.915933 -10.109004 -41.541453 1.739031 -9.875717 28.030499 -2.550890 3.666575 1.226317 6.026874 -1.474636 7.808409 33.780931 -11.399725 38.517339 -32.141598 -12.993444 31.561245 2.880491 1.799724 5.298220 -27.207575 -30.458828 17.577234 1.241974 -3.149746 -4.282985 -14.203773 2.186040 18.545359 0.397121 7.041974 0.986586 -5.866536 1.527823 -7.992259 -18.171049 -4.951381 -10.174393 -7.593154 -46.334221 2.179658 -0.543266 5.681089 -10.122942 16.176010 -38.587101 -13.968055 17.218635 -14.792731 12.080188 -13.056564 -16.352467 10.474804 -5.311760 -0.020102 -4.369890 
-48.120636 104.217705 14.840670 30.919921 61.048320 26.364750 3.539379 12.976367 -0.182658 -16.169891 3.877461 -22.696563 2.467616 20.526617 4.994693 -5.747658 12.083910 0.347479 2.642093 14.331404 2.543001 -2.977302 -3.985761 7.641303 3.603641 16.464998 2.802436 -6.366851 0.595890 -9.305697 0.578640 9.901940 3.287208 -5.754016 0.907029 9.406905 3.193809 11.771533 7.062943 -1.031282 20.707416 1.291683 9.535169 -4.421030 13.861303 7.412070 23.704149 -7.075354 -25.904583 -12.464926 17.273275 -31.327574 -10.926311 -21.051640 -23.021587 -13.448522 13.416732 4.837051 5.444934 1.950917 -1.949364 13.943303 0.967898 5.330825 -7.019190 -17.803556 -7.729916 5.055481 -14.621316 7.232266 -28.459310 -1.208069 -30.770119 3.012835 12.374151 -27.355328 -9.409500 -42.229858 1.747424 -9.877493 28.026882 -2.537925 3.823271 1.255314 6.023705 -1.475674 7.800914 33.556719 -11.154700 38.707748 -32.141666 -12.997834 31.556055 2.509346 2.715611 4.617272 -27.197348 -30.461563 17.573965 1.218805 -2.961561 -4.261412 -14.205194 2.187842 18.538002 0.028964 6.923474 0.624959 -5.863700 1.544910 -7.982669 -18.530897 -5.164584 -9.439041 -7.601551 -46.332119 2.168878 -0.548545 6.041848 -10.290086 16.170824 -38.583591 -13.965791 16.987293 -14.629956 12.183358 -13.040642 -16.351917 10.480370 -4.949245 0.240541 -4.408322 
-47.929123 104.450180 13.356139 31.035669 58.477341 25.625838 3.547293 12.974255 -0.182659 -15.807474 4.061134 -22.979531 2.459702 20.521551 4.987308 -6.588142 11.815692 0.314804 2.637551 14.317358 2.550749 -3.067475 -3.550608 7.480502 3.606880 16.453417 2.803701 -6.726646 2.031685 -9.077708 0.576505 9.890207 3.269751 -6.323901 0.868819 9.011541 3.196517 11.770265 7.079959 -1.092703 20.064857 1.261442 9.531117 -4.427106 13.866617 5.689728 23.108289 -8.821672 -25.896561 -12.461628 17.267946 -30.955756 -9.668552 -20.638585 -23.019861 -13.439953 13.400178 4.642367 5.190008 2.817206 -1.946183 13.948847 0.972267 3.779763 -7.194826 -16.084030 -7.725268 5.048191 -14.603992 6.753746 -24.911074 0.232579 -30.778608 3.011292 12.375873 -27.421862 -7.905068 -42.856015 1.747343 -9.887156 28.031336 -3.283293 3.297186 1.234711 6.013262 -1.468688 7.801747 33.537636 -10.521233 38.436668 -32.135303 -13.001560 31.559566 1.749929 3.419146 3.413404 -27.189142 -30.458311 17.555752 1.408519 -2.125597 -4.297267 -14.201546 2.181333 18.523888 -0.217034 7.854943 0.601626 -5.858341 1.553490 -7.977037 -18.618498 -5.981103 -8.823044 -7.601250 -46.322407 2.159378 -0.749205 6.171685 -10.667243 16.163544 -38.578327 -13.963482 16.867861 -13.627815 12.167861 -13.027469 -16.347376 10.491909 -4.514531 0.580825 -4.405457 
-47.248520 104.808754 11.255526 29.440936 55.024666 23.723916 3.563979 12.972300 -0.189832 -15.550536 4.088350 -23.414823 2.453147 20.524179 4.987626 -7.966164 12.053963 0.089958 2.641333 14.301082 2.568546 -3.523149 -3.028185 7.919013 3.610288 16.452274 2.805971 -7.067957 3.147558 -8.876610 0.579053 9.875949 3.249849 -7.198160 1.044282 8.288410 3.205184 11.770527 7.102273 -0.357759 18.624413 1.699679 9.534802 -4.438313 13.871991 3.724185 22.499751 -11.174594 -25.880875 -12.463216 17.264008 -31.502280 -9.173989 -20.277384 -23.025101 -13.452847 13.392000 4.213769 4.738758 3.235037 -1.934391 13.959531 0.971874 2.090971 -6.764261 -13.603201 -7.722065 5.038910 -14.587250 7.177133 -19.979924 0.886776 -30.788670 3.009834 12.385789 -27.767053 -5.123984 -43.003882 1.753425 -9.894719 28.037350 -4.385274 2.666061 0.800623 5.996098 -1.470165 7.799618 33.171958 -9.999133 38.047671 -32.139294 -13.007148 31.565012 0.751422 4.197668 2.513941 -27.171249 -30.462582 17.539242 2.166279 -0.956182 -4.259424 -14.198044 2.173965 18.505247 0.091607 8.449500 -0.131570 -5.861986 1.560004 -7.970677 -19.502992 -6.946278 -7.231277 -7.609172 -46.317322 2.160515 -1.830422 6.387521 -10.876678 16.165684 -38.586002 -13.970777 16.891572 -12.814891 11.971340 -13.007948 -16.354261 10.504046 -4.101325 1.014141 -4.202743 
-45.810101 105.193916 8.753482 26.703425 51.053557 21.232659 3.588115 12.976520 -0.201683 -14.673891 4.175086 -23.167115 2.449390 20.528841 4.989886 -8.365121 11.230953 0.109032 2.639924 14.296121 2.575059 -3.199790 -2.452192 8.291229 3.620269 16.458477 2.808925 -6.375987 3.786576 -8.584420 0.580352 9.857693 3.235744 -6.855960 1.635668 7.377920 3.215493 11.745576 7.125104 0.229157 17.264273 2.808141 9.533479 -4.459943 13.866142 1.861288 22.260457 -12.383824 -25.872465 -12.455811 17.269379 -32.372788 -9.675707 -21.070814 -23.019850 -13.474553 13.390672 3.024190 3.785557 3.149261 -1.911585 13.971200 0.974741 1.077288 -5.296028 -10.932645 -7.733335 5.020069 -14.579518 8.465254 -15.662303 1.171043 -30.804886 3.010556 12.411333 -26.938572 -0.420190 -40.710933 1.750173 -9.893994 28.040886 -5.655856 1.449179 0.522151 5.970531 -1.485316 7.788823 32.752786 -8.523704 36.891682 -32.146595 -13.008765 31.576910 -0.221601 4.378059 2.107244 -27.160540 -30.460299 17.508282 2.909741 0.678495 -4.276313 -14.182571 2.164106 18.505138 1.198474 8.176006 -1.012827 -5.857295 1.554343 -7.973978 -20.504708 -7.439241 -4.235681 -7.610862 -46.297909 2.181345 -3.284413 6.741167 -10.842122 16.185562 -38.610435 -13.988208 16.896609 -12.657543 12.322048 -12.997515 -16.365402 10.512804 -3.252183 1.138358 -3.839029 
-43.574249 105.518692 6.295140 23.372513 47.705361 19.424807 3.593673 12.986074 -0.218088 -12.530820 4.464535 -21.834347 2.455656 20.524448 4.989093 -7.910467 10.234273 0.028104 2.640369 14.304682 2.572597 -2.344798 -1.528990 8.509137 3.624755 16.464790 2.792529 -5.068519 3.306301 -8.390023 0.583939 9.840073 3.234857 -5.137436 1.921222 6.401579 3.213368 11.722091 7.132030 0.310821 16.187693 4.227421 9.545588 -4.484807 13.847960 2.319776 22.308982 -12.912176 -25.858767 -12.447314 17.287962 -33.855694 -10.711564 -23.018456 -23.005695 -13.485081 13.388427 2.229658 3.631398 2.913261 -1.898439 13.969069 0.974214 1.517804 -2.877804 -9.063519 -7.754977 5.016934 -14.590517 11.127614 -12.032802 0.458295 -30.818108 3.006750 12.417892 -25.049471 4.599374 -36.538292 1.736114 -9.906173 28.034588 -7.023034 0.194396 0.381962 5.945048 -1.507379 7.789507 32.308338 -6.326334 35.591136 -32.143635 -12.997358 31.601976 -0.403032 4.636185 1.465161 -27.156172 -30.446011 17.482269 3.612691 2.209119 -4.425636 -14.168573 2.159785 18.508453 2.903431 7.650242 -1.368922 -5.854540 1.539406 -7.975593 -20.630392 -6.998561 -2.013289 -7.595332 -46.277679 2.215704 -4.956427 6.536515 -10.190676 16.229210 -38.640186 -13.992158 16.987544 -12.603869 12.182275 -13.003208 -16.373617 10.509954 -3.224231 1.142557 -3.305843 
-40.838570 105.793037 4.393499 19.853871 44.527192 17.154925 3.590005 12.994515 -0.234338 -10.773887 4.011164 -20.247182 2.460378 20.522554 4.983708 -7.009126 9.592062 0.272465 2.646627 14.333033 2.570143 -1.341982 -0.544008 8.542976 3.624822 16.478207 2.780484 -3.808522 2.673173 -7.830589 0.579739 9.827975 3.237903 -3.699200 2.365774 6.220651 3.205284 11.708097 7.129274 0.080468 16.596935 5.421016 9.562948 -4.504945 13.835619 3.599413 22.569696 -12.481237 -25.853924 -12.434992 17.318211 -35.069265 -11.468817 -25.039019 -23.002869 -13.489253 13.398451 1.386183 2.988668 2.640047 -1.887309 13.953619 0.966857 2.989114 -1.029120 -7.956161 -7.772069 5.019145 -14.612964 13.046659 -10.437083 -0.067748 -30.834898 3.004095 12.412082 -22.257073 8.661494 -31.790371 1.728777 -9.913166 28.031338 -7.836408 0.086749 0.480011 5.936286 -1.515256 7.792690 31.505726 -4.910702 34.354636 -32.152409 -12.995139 31.619322 -0.519380 4.863167 0.783477 -27.172604 -30.429783 17.467947 3.726690 2.505813 -4.382949 -14.166482 2.152678 18.509705 3.640713 6.966702 -1.418348 -5.848284 1.524570 -7.981781 -20.186387 -6.981111 -0.753353 -7.589139 -46.269657 2.246045 -6.728134 6.156738 -10.504150 16.259937 -38.667023 -13.997232 16.593733 -13.105791 11.819379 -13.018597 -16.378029 10.511348 -3.011285 1.610186 -3.215467 
-37.992161 106.047775 3.234257 18.421905 41.367573 15.645144 3.583552 13.008837 -0.232871 -9.939214 3.339330 -18.871065 2.474408 20.520338 4.978232 -6.363840 8.617514 0.276874 2.655298 14.359746 2.572399 0.075865 0.168736 8.517505 3.614471 16.481277 2.778188 -2.592945 2.495643 -6.851593 0.572109 9.823104 3.240333 -2.448210 2.584937 5.690617 3.191078 11.700353 7.132106 -0.206313 16.652269 5.900365 9.579967 -4.527359 13.829612 5.226932 22.754830 -11.534712 -25.862770 -12.417977 17.347103 -35.091125 -12.521462 -25.674522 -22.993279 -13.489882 13.404909 0.822144 2.663195 2.804392 -1.894625 13.943249 0.959491 4.213545 -0.359104 -7.737692 -7.789842 5.026591 -14.633008 13.703028 -9.873309 0.019436 -30.847527 3.005932 12.404510 -19.591776 10.968106 -28.219780 1.723006 -9.916923 28.035767 -8.397526 -0.195750 0.186016 5.938324 -1.516737 7.807125 31.035458 -4.655800 33.810707 -32.156582 -12.994148 31.631773 -0.113008 4.736814 -0.001209 -27.185823 -30.425903 17.466612 3.312010 2.268249 -3.757366 -14.168584 2.147384 18.517647 4.015387 6.204118 -1.198405 -5.839811 1.512085 -7.989882 -19.522410 -6.552819 -0.843580 -7.587183 -46.265717 2.258490 -7.128299 5.689549 -10.868579 16.282631 -38.689896 -13.993113 16.302268 -13.705061 11.477673 -13.040342 -16.382467 10.504664 -2.686540 1.850568 -2.713064 
-35.212509 106.344025 2.606717 17.087667 38.499331 15.445416 3.581805 13.021789 -0.226555 -9.679493 2.525207 -18.069182 2.483757 20.524378 4.971759 -5.892847 7.669301 0.373612 2.664551 14.374078 2.571412 0.895391 0.426428 8.087430 3.613558 16.486271 2.776743 -1.649892 2.337016 -5.819552 0.567530 9.830360 3.246176 -1.718746 2.265791 5.677633 3.177468 11.700319 7.139822 -0.969792 17.083613 6.266447 9.591353 -4.543506 13.831486 6.554068 22.542664 -9.811614 -25.873510 -12.400432 17.360695 -35.212675 -12.770389 -26.143930 -22.990004 -13.502557 13.410494 0.279799 2.456309 2.834233 -1.902528 13.943326 0.956368 5.231761 0.101746 -8.020833 -7.801842 5.035384 -14.645890 14.091570 -9.852495 0.120595 -30.863840 3.006163 12.408017 -17.465603 12.029919 -25.569390 1.715904 -9.910459 28.032238 -8.410305 0.002876 0.141327 5.940928 -1.523851 7.818778 30.889568 -5.095485 33.979604 -32.162586 -13.002388 31.640505 -0.738722 4.162367 -0.982097 -27.189045 -30.422693 17.471245 3.339290 1.573231 -3.677730 -14.169233 2.151963 18.529385 4.082790 6.563916 -0.990518 -5.843278 1.504149 -7.996536 -18.718965 -6.073797 -1.611299 -7.589274 -46.264576 2.265992 -7.000915 5.103062 -11.022682 16.290195 -38.703831 -13.991379 15.698464 -13.992197 10.989382 -13.054239 -16.388090 10.498465 -2.517515 2.145295 -2.358550 
-32.473213 106.679306 2.258524 16.713222 34.552991 15.255892 3.576829 13.031377 -0.215704 -10.109344 2.058842 -17.665584 2.485523 20.526779 4.957068 -5.066671 6.978202 0.262571 2.671811 14.388076 2.575322 0.846156 0.387653 7.445613 3.604694 16.480728 2.789491 -1.294729 2.055841 -5.302237 0.568438 9.831824 3.245447 -1.082986 2.317162 5.107544 3.173539 11.699620 7.142451 -1.212361 17.757836 5.726882 9.597430 -4.556869 13.832407 8.394877 22.197860 -8.302940 -25.881399 -12.378232 17.375866 -34.894016 -13.712855 -26.284405 -22.990576 -13.508158 13.416353 -0.063411 2.517495 2.739686 -1.901918 13.944641 0.956407 5.714826 0.005676 -7.979499 -7.814527 5.029853 -14.649774 14.225706 -10.521400 -0.000717 -30.872480 3.008534 12.400181 -15.851054 13.074860 -22.724521 1.712805 -9.901188 28.032375 -8.060218 0.393069 0.011458 5.955259 -1.519370 7.817630 30.899038 -6.002907 33.829090 -32.162792 -13.007918 31.638544 -1.486729 3.326474 -2.103935 -27.192081 -30.426153 17.485952 3.388371 0.214154 -3.587764 -14.172234 2.150623 18.531710 4.032495 6.922495 -1.196991 -5.838376 1.506430 -7.995826 -17.701936 -5.743893 -2.613377 -7.598350 -46.275356 2.259005 -7.221542 4.269343 -11.186735 16.290545 -38.717422 -13.995276 15.079961 -14.790616 11.109689 -13.064087 -16.397034 10.499952 -1.979029 2.300970 -2.227825 
-29.605581 107.049385 2.041173 16.661046 31.411979 15.893801 3.573965 13.050451 -0.200151 -10.393633 1.822037 -17.634505 2.492063 20.523636 4.946126 -4.334726 6.184901 0.206886 2.674700 14.383588 2.572737 1.083531 0.342911 6.748163 3.599053 16.480375 2.797459 -0.576710 2.064061 -4.404557 0.570107 9.831900 3.247176 -0.565886 2.216752 4.646374 3.167886 11.696710 7.155105 -1.925603 17.780249 5.699903 9.600891 -4.569336 13.835467 9.772888 21.468137 -6.921834 -25.896690 -12.357475 17.384277 -34.798175 -14.575088 -26.651055 -22.983036 -13.511323 13.413569 -0.780182 2.250833 2.452795 -1.909322 13.948220 0.951288 5.873259 -0.663094 -8.368803 -7.815287 5.029827 -14.656918 14.360717 -11.475280 0.138148 -30.887114 3.011211 12.396270 -13.495048 13.681368 -19.653287 1.713390 -9.895978 28.032278 -7.727422 0.175131 0.221386 5.961416 -1.522502 7.823521 31.227427 -7.088035 33.779196 -32.165451 -13.013855 31.636824 -2.572934 2.489898 -3.459148 -27.181250 -30.424490 17.491570 3.130243 -0.431263 -3.331540 -14.178020 2.151335 18.535065 3.943779 7.349433 -1.114514 -5.838682 1.508904 -7.990560 -16.433234 -4.835670 -3.515199 -7.605413 -46.282703 2.252382 -7.299129 3.923772 -11.230706 16.294014 -38.726902 -13.996704 15.066224 -15.187798 11.024819 -13.075805 -16.404295 10.495809 -1.762807 2.310356 -1.644341 
-26.381649 107.442665 1.868999 16.911101 28.081469 15.840023 3.571265 13.067225 -0.185651 -10.903459 1.812155 -18.160269 2.490013 20.534887 4.931951 -3.998313 5.328027 0.565655 2.673445 14.381589 2.568792 1.257008 -0.098232 5.824886 3.590732 16.477711 2.804660 -0.088391 2.316678 -4.001594 0.570803 9.838109 3.247023 -0.354658 1.650201 4.129219 3.174865 11.697703 7.158222 -2.095512 18.115982 5.619859 9.609329 -4.585003 13.839129 11.761358 20.826806 -5.338250 -25.903442 -12.333423 17.394228 -34.884119 -15.411772 -26.332679 -22.979408 -13.511761 13.420991 -1.272803 2.185541 2.055800 -1.906052 13.948257 0.948024 6.189269 -1.288398 -8.022931 -7.823493 5.028213 -14.665570 15.113158 -12.394907 -0.153230 -30.895771 3.017910 12.390645 -11.333114 14.150108 -16.467531 1.714762 -9.887819 28.033215 -6.932061 0.170562 -0.146969 5.974177 -1.525399 7.819580 31.717414 -7.854812 33.553905 -32.166992 -13.019932 31.628176 -3.778662 1.449947 -4.514835 -27.173883 -30.422108 17.501429 3.272037 -2.006114 -3.236715 -14.188231 2.151349 18.546486 3.804793 7.490182 -1.489364 -5.842101 1.512502 -7.983511 -15.174003 -4.591835 -4.112207 -7.619584 -46.288639 2.244424 -7.285948 3.021008 -11.423479 16.291149 -38.741356 -14.005581 14.849489 -16.017868 11.165188 -13.075801 -16.412804 10.504432 -1.185913 2.402433 -1.317423 
-22.666143 107.837608 1.714774 16.824923 25.223612 16.489533 3.564437 13.087948 -0.174069 -11.404085 1.362006 -18.675571 2.487716 20.551680 4.921889 -3.237172 4.563334 0.907915 2.678618 14.370639 2.568419 1.604737 -0.370087 5.719283 3.579758 16.483721 2.802104 0.778001 2.742411 -3.151630 0.570221 9.838876 3.254221 -0.490433 1.295044 3.571379 3.173589 11.690755 7.167719 -2.614640 18.956779 5.440678 9.606997 -4.588319 13.837980 12.966796 19.940189 -4.290720 -25.909456 -12.305715 17.392702 -35.242420 -16.466722 -26.305212 -22.968407 -13.510310 13.424578 -1.221192 2.071515 1.192152 -1.904958 13.951939 0.946206 6.811975 -2.064662 -8.422048 -7.824999 5.021758 -14.677754 15.522672 -13.610003 -0.237879 -30.903261 3.031914 12.378743 -7.968863 14.658783 -11.891312 1.718309 -9.879436 28.032034 -6.275990 -0.001463 -0.248834 5.979378 -1.531036 7.823681 32.274935 -8.319053 33.655050 -32.181541 -13.029672 31.612007 -5.576176 0.899707 -5.575837 -27.160992 -30.416933 17.500019 3.157387 -2.593848 -3.157519 -14.193368 2.147700 18.547634 3.497581 7.811871 -2.255573 -5.849827 1.510782 -7.969692 -13.899250 -4.166800 -4.555167 -7.641835 -46.289585 2.242723 -7.561679 2.275927 -11.563181 16.296427 -38.754738 -14.024176 14.428116 -16.326773 11.852512 -13.076615 -16.418909 10.512640 -0.865111 2.309226 -1.323207 
-18.444759 108.208679 1.525421 16.578578 23.950074 16.662171 3.565215 13.120591 -0.161223 -11.470573 0.818932 -19.445120 2.481644 20.568155 4.911781 -2.550631 4.265512 1.193600 2.677308 14.363013 2.564262 2.514150 -0.022083 5.661558 3.560623 16.496029 2.804435 1.394569 3.006894 -2.602475 0.572900 9.840211 3.256582 -0.762731 0.724562 3.452134 3.179068 11.688582 7.167996 -3.244434 20.614442 5.760803 9.614194 -4.596114 13.838470 14.214535 20.004178 -2.762926 -25.910355 -12.279643 17.397982 -36.574587 -17.745890 -26.503359 -22.955029 -13.508958 13.434453 -1.441113 1.859408 -0.138225 -1.902974 13.942163 0.942297 7.435592 -2.855281 -8.608871 -7.832089 5.026150 -14.695104 17.094731 -15.549043 -1.223958 -30.916372 3.037615 12.362748 -4.713724 14.655260 -6.600776 1.719940 -9.866105 28.024736 -5.794456 -0.068216 -0.139560 5.989465 -1.538839 7.822740 32.372006 -8.995101 33.771064 -32.192612 -13.034824 31.600365 -7.092945 0.271817 -6.100776 -27.158800 -30.410818 17.501402 3.224318 -3.949410 -3.790551 -14.200784 2.145582 18.556969 3.725109 8.106339 -2.632912 -5.856124 1.510436 -7.951975 -13.096084 -4.623244 -4.661683 -7.657423 -46.282478 2.241457 -7.987052 1.405616 -11.622135 16.307135 -38.771797 -14.044781 14.079252 -16.733147 12.131167 -13.080425 -16.417065 10.527496 -0.432866 2.376080 -1.550678 
-13.848815 108.484528 1.240298 17.171787 23.709602 18.115789 3.548581 13.144064 -0.157292 -10.712958 0.499079 -19.754270 2.469460 20.575958 4.906991 -2.051703 4.200737 1.262654 2.670506 14.353564 2.561520 2.383478 0.489003 6.372141 3.538305 16.510733 2.802473 1.612040 2.899071 -2.539915 0.576797 9.829927 3.269836 -0.937602 -0.015135 2.988086 3.180620 11.695331 7.164860 -3.838018 22.325293 5.805271 9.625893 -4.589678 13.827024 15.525225 20.203211 -0.881016 -25.895954 -12.270061 17.398527 -38.933793 -19.466575 -27.834851 -22.944672 -13.508709 13.443430 -1.176429 1.738693 -2.212671 -1.906630 13.937082 0.940327 7.880462 -3.743842 -8.642896 -7.831779 5.038724 -14.713702 19.412373 -16.920204 -2.454301 -30.928112 3.041191 12.342800 -1.177621 13.966439 -0.459940 1.724693 -9.858252 28.018360 -4.862243 -0.313813 0.732225 5.991557 -1.554075 7.822998 32.423762 -9.899324 33.591342 -32.209538 -13.046170 31.600351 -8.444808 0.367070 -6.680401 -27.154572 -30.402739 17.509109 3.802532 -5.250890 -4.588767 -14.213621 2.149757 18.559202 3.970201 7.679737 -3.236702 -5.865788 1.510884 -7.932193 -12.467945 -4.550986 -4.009118 -7.678171 -46.282997 2.241688 -9.341148 0.630792 -11.912225 16.326981 -38.791466 -14.076155 13.561067 -16.624768 12.593585 -13.079346 -16.408175 10.530596 -0.550101 2.170179 -1.869988 
-9.016656 108.577965 0.732085 18.622962 25.225507 20.387316 3.522884 13.164783 -0.165321 -9.993796 0.193210 -20.099833 2.453098 20.597944 4.903695 -1.851842 4.554161 1.947967 2.662194 14.341047 2.567399 2.813492 1.068121 7.153543 3.530811 16.528910 2.799690 1.268739 1.572815 -3.381815 0.575753 9.829570 3.290328 -1.595803 -0.455894 2.936229 3.174689 11.701368 7.154420 -4.283099 24.676492 5.524564 9.636625 -4.581267 13.821184 17.189038 21.549348 -0.190632 -25.873255 -12.277240 17.386930 -43.767907 -21.707975 -29.194892 -22.954580 -13.497005 13.456248 -0.532787 1.588056 -4.457932 -1.914603 13.923944 0.935054 8.651116 -4.590580 -8.931324 -7.818523 5.046935 -14.738390 22.939843 -18.848769 -4.143124 -30.930393 3.040027 12.338173 2.961452 12.706304 5.798104 1.727983 -9.841215 28.018181 -3.728409 0.132275 1.574414 5.980682 -1.578795 7.826660 32.040335 -10.689348 33.832464 -32.233242 -13.058422 31.604275 -9.890944 0.763857 -6.272188 -27.158875 -30.383112 17.511364 4.405765 -6.933971 -6.369192 -14.224318 2.161494 18.571838 4.367227 6.451287 -3.983306 -5.881857 1.509949 -7.908283 -12.243766 -4.476507 -2.617070 -7.692627 -46.301540 2.254063 -11.228402 0.210959 -12.055815 16.350824 -38.812424 -14.099995 13.459747 -16.418824 13.477842 -13.086671 -16.390869 10.536258 -1.318105 2.151814 -2.912014 
-3.834286 108.457405 -0.034314 21.469675 27.315294 23.752925 3.491361 13.175702 -0.182615 -8.702158 0.488330 -20.440065 2.433089 20.624735 4.900958 -1.282840 5.734188 2.197119 2.650547 14.341895 2.570578 3.036179 1.823315 8.332573 3.531907 16.540047 2.805879 0.417134 -1.069947 -5.055556 0.578901 9.837299 3.319007 -2.335606 -0.387486 3.837418 3.184412 11.717267 7.114790 -4.990397 27.211218 4.924487 9.645151 -4.571803 13.817660 18.755588 24.922363 0.224402 -25.842754 -12.301778 17.363287 -49.729822 -24.400590 -30.294491 -22.975367 -13.480435 13.477544 0.497335 1.207876 -6.537904 -1.918245 13.922332 0.925376 9.936945 -4.894735 -9.015547 -7.815050 5.058107 -14.753924 27.707453 -20.626997 -7.154353 -30.929729 3.030675 12.345089 5.934106 11.133003 11.824133 1.725220 -9.816000 28.019232 -2.759501 0.642333 1.833267 5.967032 -1.609795 7.829092 32.031248 -12.330430 33.864044 -32.252644 -13.068117 31.611441 -10.563876 1.614374 -4.987154 -27.172159 -30.371214 17.522812 4.585694 -8.458553 -8.386797 -14.227323 2.183396 18.591505 5.569056 4.752651 -3.869964 -5.900511 1.503694 -7.870527 -13.748821 -4.792827 -0.246480 -7.698326 -46.337017 2.268935 -13.324796 0.260956 -11.585467 16.368158 -38.827671 -14.115554 13.554785 -17.042939 14.827345 -13.109690 -16.364647 10.548402 -2.743153 2.243684 -4.347340 
1.944925 108.177269 -1.013122 25.092356 29.291454 26.203066 3.462435 13.187521 -0.211216 -6.661387 0.537685 -20.175260 2.427209 20.650839 4.889411 -0.618461 6.135818 1.740506 2.652887 14.343551 2.561887 3.214088 2.032676 8.562619 3.532963 16.536207 2.816237 -0.199004 -3.553828 -7.196403 0.577107 9.854407 3.336825 -2.927172 0.244153 4.564194 3.193303 11.734377 7.074117 -6.103608 28.632360 3.406873 9.646746 -4.565299 13.826252 19.882759 29.569275 0.696216 -25.805534 -12.337738 17.344809 -55.783378 -26.343819 -30.420310 -22.993996 -13.457485 13.500487 1.390888 0.797657 -8.901406 -1.922274 13.926781 0.908532 11.694506 -4.715837 -8.433151 -7.813274 5.070136 -14.777301 32.801454 -20.917381 -10.004231 -30.927317 3.026940 12.364183 9.471136 9.001614 16.843091 1.727305 -9.803044 28.028858 -1.074661 1.094907 1.710029 5.940706 -1.649378 7.829799 31.583976 -13.677285 34.350189 -32.267387 -13.088713 31.630692 -10.029322 2.195733 -3.677388 -27.158543 -30.348969 17.538383 4.711239 -9.733858 -9.164953 -14.220106 2.194343 18.614536 6.844841 2.463045 -3.406400 -5.915870 1.501329 -7.842226 -15.565987 -4.056144 1.966532 -7.676711 -46.376324 2.294524 -14.603248 0.240141 -11.428513 16.373646 -38.844120 -14.126589 14.509887 -18.434161 15.319418 -13.144588 -16.331995 10.550182 -4.387896 2.085061 -4.649165 
8.648170 107.803917 -2.057737 28.515155 31.322121 27.165221 3.476189 13.176313 -0.240859 -4.821091 0.005009 -20.331042 2.431824 20.681274 4.883300 -1.170813 7.051082 2.028275 2.667729 14.334178 2.551069 3.151299 2.334135 8.494135 3.545029 16.550148 2.823306 -0.751831 -5.537050 -8.847690 0.568257 9.881935 3.337985 -4.281950 1.245699 4.129402 3.208188 11.747136 7.045197 -7.343572 30.255136 2.453647 9.666179 -4.572055 13.819715 19.560719 34.438709 0.762878 -25.779961 -12.363098 17.330069 -58.395638 -25.960933 -30.592380 -22.975525 -13.451068 13.531269 1.214396 1.395325 -10.664876 -1.903344 13.934713 0.899686 12.177618 -4.835175 -6.542172 -7.829264 5.072982 -14.790920 38.282032 -20.736376 -13.196188 -30.916527 3.036728 12.381205 12.452019 7.936630 20.419563 1.730147 -9.799221 28.018568 -0.030453 0.603332 2.008548 5.920360 -1.688947 7.832081 31.197797 -14.532305 34.803325 -32.268955 -13.123266 31.648911 -8.243297 2.409727 -2.336793 -27.126720 -30.320637 17.539206 3.424946 -10.852855 -8.405884 -14.210980 2.208029 18.636072 8.806341 -0.195469 -3.186273 -5.930357 1.504165 -7.820676 -18.674386 -5.201475 4.298344 -7.649262 -46.394787 2.308291 -14.183418 0.289679 -10.962770 16.363873 -38.843933 -14.148375 16.202607 -20.752089 14.682656 -13.148152 -16.306244 10.546907 -5.432799 1.803443 -4.432856 
15.859941 107.409500 -2.996284 30.868780 30.929463 27.362173 3.495411 13.178781 -0.260603 -3.643543 0.179241 -20.411501 2.441059 20.696270 4.859680 -2.188587 7.395593 2.016952 2.680179 14.322355 2.553894 3.863544 3.610316 7.971364 3.561480 16.547409 2.823811 -1.663548 -6.627722 -9.136470 0.544985 9.876271 3.332319 -3.109110 2.179142 2.895660 3.209653 11.770408 7.048223 -7.572662 31.245049 1.375874 9.675557 -4.607291 13.827266 18.673647 39.009693 0.936790 -25.774727 -12.369559 17.342970 -57.214944 -23.440533 -30.794427 -22.960503 -13.436233 13.539762 0.967996 2.722769 -9.966523 -1.882061 13.926555 0.908529 11.400572 -4.949909 -5.127922 -7.839948 5.082883 -14.790764 41.914641 -22.319270 -15.793144 -30.902493 3.048031 12.394660 14.436334 6.607915 21.914788 1.730484 -9.804009 28.000502 -0.399324 -1.040087 1.699279 5.919200 -1.706389 7.846299 30.561702 -15.348637 35.878004 -32.254543 -13.150072 31.682457 -6.470141 1.169292 -2.002367 -27.106825 -30.306295 17.526852 1.664982 -10.186165 -6.478357 -14.205119 2.204449 18.631836 9.834060 -1.587504 -3.106312 -5.942183 1.504651 -7.805643 -22.742163 -5.932097 5.795233 -7.621120 -46.422157 2.280802 -12.858242 0.568618 -10.112229 16.352785 -38.828251 -14.162472 19.254645 -22.436309 13.074426 -13.145072 -16.303865 10.515228 -4.869222 1.012274 -4.220887 
22.372614 107.013474 -3.777444 32.329840 30.128883 26.981457 3.483968 13.184348 -0.272005 -2.579740 0.196919 -19.952250 2.446343 20.685213 4.848134 -2.943037 7.050739 1.386728 2.682360 14.323109 2.554953 4.646438 4.329196 8.157472 3.575619 16.526669 2.818765 -2.147294 -7.405441 -8.859370 0.532889 9.863540 3.339740 0.019964 2.152063 1.891160 3.197231 11.793905 7.058655 -7.335166 32.391240 -0.068974 9.665370 -4.623489 13.828283 17.973259 43.052117 0.812923 -25.762543 -12.355659 17.364679 -53.806325 -20.479363 -30.263602 -22.939205 -13.422984 13.534894 1.238918 3.470786 -8.877654 -1.884228 13.935280 0.923263 10.795421 -5.233964 -5.175070 -7.851412 5.081309 -14.778058 42.352210 -26.469468 -17.975642 -30.887922 3.046329 12.401115 15.677372 4.411777 20.973879 1.738603 -9.800877 27.976599 -0.210086 -3.324873 1.209425 5.925201 -1.704618 7.858136 28.960634 -15.809637 35.905919 -32.233971 -13.155102 31.692587 -5.511898 -0.323185 -1.139510 -27.096586 -30.290766 17.517370 -0.461074 -7.538979 -4.468895 -14.198585 2.208453 18.616253 10.172301 -3.218158 -2.286023 -5.944685 1.506378 -7.803578 -25.341651 -4.863312 7.063328 -7.605854 -46.417366 2.263384 -10.871656 0.277659 -10.150450 16.353119 -38.800484 -14.170070 21.674663 -23.203041 11.571138 -13.134489 -16.305937 10.480583 -4.184827 0.625638 -4.171234 
27.476208 106.689827 -4.414297 31.572990 29.843480 25.043636 3.480226 13.183446 -0.268328 -1.320982 0.292846 -19.621368 2.446940 20.676500 4.856565 -2.970710 6.532553 0.889438 2.668816 14.324220 2.548925 4.636878 4.057018 8.488324 3.588259 16.513166 2.809961 -1.557630 -7.599592 -8.733212 0.528971 9.855676 3.338122 1.957203 1.954483 1.547796 3.175332 11.807141 7.069741 -7.158438 33.645512 -1.512439 9.647245 -4.634616 13.822639 18.409964 46.292181 0.881249 -25.741940 -12.338621 17.371580 -49.247505 -17.397947 -29.391933 -22.921692 -13.419036 13.546697 2.077152 3.723120 -7.715325 -1.892893 13.944427 0.925751 9.910466 -5.442841 -5.622514 -7.848749 5.070582 -14.765661 39.902751 -31.779070 -19.868984 -30.865173 3.029719 12.403753 14.902279 2.806730 18.536042 1.748508 -9.798148 27.965408 -0.123334 -5.289109 0.578674 5.925185 -1.689745 7.861322 27.241902 -16.027922 36.084193 -32.212471 -13.139179 31.697945 -5.542837 -2.526161 0.174337 -27.093266 -30.275389 17.502438 -1.835982 -4.120359 -3.240595 -14.190684 2.212490 18.592060 9.429660 -3.598282 -1.293892 -5.947988 1.494341 -7.812463 -27.836176 -4.132371 8.147907 -7.608752 -46.394909 2.254895 -9.134925 -0.214188 -10.589331 16.353769 -38.763500 -14.159309 23.540698 -23.459786 9.962326 -13.119914 -16.308918 10.461647 -3.185165 0.500530 -4.403362 
30.961767 106.512970 -4.882235 29.611104 29.170464 23.263298 3.477912 13.167184 -0.272410 -0.384726 0.267943 -19.247956 2.446124 20.662928 4.849872 -3.266731 5.779075 0.064398 2.655531 14.329793 2.545940 4.017750 3.036092 8.598083 3.599170 16.499216 2.801530 -1.389685 -8.383777 -7.848348 0.538518 9.833820 3.341553 3.302146 2.128543 0.872983 3.160054 11.817750 7.079736 -7.774875 34.512768 -3.048155 9.627100 -4.642403 13.811435 19.125648 48.642592 1.147465 -25.734940 -12.327974 17.377943 -45.574861 -14.717386 -28.611639 -22.908176 -13.426983 13.549297 2.467785 3.943718 -7.087730 -1.895137 13.954521 0.929452 9.333152 -6.102024 -5.595612 -7.846479 5.066230 -14.742815 37.124394 -37.140151 -20.973390 -30.860983 3.031120 12.406268 12.098798 2.348377 14.396736 1.743845 -9.794497 27.962437 -0.454313 -5.731878 0.266530 5.922578 -1.675094 7.870954 27.029482 -16.966146 35.431661 -32.195721 -13.121890 31.690275 -5.354412 -3.673554 0.893998 -27.102425 -30.265152 17.481636 -2.838845 -1.571853 -3.133674 -14.174357 2.211921 18.571476 8.657997 -3.820417 -0.151643 -5.960680 1.482435 -7.816200 -30.054939 -3.579902 8.465503 -7.610246 -46.370266 2.250490 -6.058962 -0.191493 -11.260121 16.352522 -38.750042 -14.140318 23.627042 -23.867398 9.107230 -13.105991 -16.308764 10.442322 -2.648118 0.460998 -4.280424 
32.600586 106.383148 -5.126780 28.570560 29.007578 22.301338 3.483290 13.160195 -0.269839 -0.371611 -0.079035 -19.022961 2.448717 20.659941 4.855437 -3.597088 5.140448 -0.135576 2.644809 14.330894 2.541689 4.279219 2.547169 8.944603 3.601522 16.504971 2.798267 -0.847870 -8.419199 -7.722047 0.541182 9.832564 3.339942 3.961958 1.734061 0.447083 3.150491 11.819721 7.087799 -7.898813 34.769327 -3.578991 9.622591 -4.651300 13.806274 19.581136 49.582112 1.231176 -25.737215 -12.315083 17.386019 -43.329556 -13.587532 -27.437990 -22.899618 -13.424256 13.546529 2.744649 4.011057 -6.650153 -1.898293 13.955096 0.925267 9.136138 -6.322175 -5.814888 -7.843042 5.061054 -14.734883 35.059481 -39.506422 -21.176056 -30.860073 3.033743 12.406712 10.966747 2.497568 11.921591 1.741485 -9.792709 27.960009 -0.155181 -5.945337 -0.237335 5.922505 -1.666437 7.872902 26.736758 -17.018248 35.264455 -32.190334 -13.114082 31.677525 -5.014952 -4.304756 1.486237 -27.101494 -30.261126 17.470007 -3.709529 -0.478289 -3.276296 -14.164540 2.205972 18.569254 8.399586 -3.879223 0.260436 -5.965105 1.475196 -7.816186 -31.386611 -3.290561 8.730918 -7.616532 -46.357796 2.254648 -4.030120 -0.645426 -11.601951 16.347090 -38.745243 -14.133750 23.436280 -24.164625 8.791906 -13.099640 -16.309223 10.435989 -2.381299 0.627353 -4.327057 
32.224274 106.201042 -5.064300 29.272114 28.835256 22.470269 3.475351 13.164591 -0.269711 -0.207056 0.029487 -19.121304 2.447398 20.659031 4.852098 -3.496036 5.550809 0.163856 2.651019 14.327809 2.543488 4.573983 2.776562 8.650108 3.594948 16.497662 2.799713 -1.354972 -8.051317 -7.682312 0.542799 9.836529 3.340749 3.703528 1.846351 0.829503 3.151033 11.820936 7.087392 -7.777531 34.647774 -3.392170 9.627914 -4.650427 13.808380 19.246602 49.034393 0.635613 -25.737602 -12.317461 17.383675 -43.840747 -13.880285 -27.880947 -22.901346 -13.425322 13.547493 2.926167 3.902614 -6.594898 -1.902414 13.953302 0.925015 9.304371 -6.158315 -5.858266 -7.842790 5.057645 -14.736587 35.860672 -38.720687 -21.295686 -30.857895 3.030791 12.406750 11.356655 2.007359 13.007639 1.744609 -9.790892 27.963154 -0.265900 -5.718488 0.083255 5.924251 -1.667986 7.869325 26.576102 -16.609478 35.217340 -32.196148 -13.118361 31.681932 -4.962679 -4.122137 1.166841 -27.102781 -30.261904 17.476460 -3.265737 -0.346798 -3.046499 -14.172710 2.213070 18.571814 8.022733 -3.681713 0.049749 -5.964000 1.477187 -7.814936 -30.590276 -3.416353 8.427486 -7.612894 -46.356518 2.249283 -4.583675 -0.653527 -11.592325 16.346357 -38.742550 -14.140064 23.428297 -23.852443 9.061539 -13.107740 -16.309177 10.438139 -2.416835 0.764939 -4.247366 
29.828814 106.051903 -4.732386 30.872247 29.059180 24.020182 3.475107 13.173124 -0.265463 -0.836975 0.362940 -19.537210 2.451060 20.667490 4.853926 -3.407354 5.976170 0.659045 2.660150 14.327173 2.549549 4.705507 3.466208 8.308685 3.593678 16.492695 2.807757 -1.790961 -7.614958 -8.293986 0.534875 9.846284 3.343881 2.905923 1.868996 0.988995 3.160642 11.818414 7.083690 -7.193916 34.111235 -2.618639 9.637950 -4.640913 13.818434 18.140067 47.475631 0.025115 -25.742765 -12.328768 17.382898 -46.885564 -15.383966 -28.517746 -22.908562 -13.417530 13.549312 2.329852 4.138423 -7.041657 -1.901205 13.953309 0.927728 9.645019 -5.863054 -5.797400 -7.843714 5.059559 -14.749204 38.790465 -34.672059 -20.661850 -30.861412 3.030399 12.403502 13.862925 1.426041 16.275113 1.745075 -9.794945 27.961142 -0.613506 -5.586264 0.623474 5.925995 -1.679621 7.867616 26.333142 -16.066610 35.424564 -32.205013 -13.134081 31.694212 -4.646082 -3.250779 0.999930 -27.094110 -30.265602 17.494658 -2.720016 -1.871615 -2.754698 -14.189508 2.219758 18.580626 8.955169 -3.599868 -0.661839 -5.957673 1.492028 -7.808520 -28.406825 -3.647770 8.359648 -7.609552 -46.376110 2.244623 -6.831854 -0.139852 -10.764905 16.348303 -38.752670 -14.156184 23.540208 -23.373056 9.836663 -13.110305 -16.311945 10.451245 -2.558043 0.575350 -4.290557 
25.585073 106.112778 -4.207559 32.702737 29.969053 26.247514 3.478748 13.181712 -0.257615 -1.958001 0.330930 -19.909238 2.447663 20.681837 4.857552 -3.104782 6.957680 1.341648 2.675705 14.323730 2.556541 5.541437 4.153758 7.688094 3.579343 16.513254 2.820871 -1.884901 -6.918051 -8.911284 0.537634 9.866477 3.336765 1.133636 2.369868 1.526173 3.177857 11.807023 7.075593 -6.509627 33.451248 -0.992081 9.652653 -4.629811 13.819678 17.536263 44.944007 -0.553440 -25.757620 -12.340495 17.369335 -50.906527 -18.227135 -29.197846 -22.926779 -13.419082 13.534367 1.989696 3.771804 -7.714908 -1.897827 13.938494 0.919786 10.504274 -5.517481 -5.640277 -7.847110 5.067925 -14.764222 41.322965 -28.687829 -18.837921 -30.877613 3.040113 12.397791 15.634156 3.024003 20.181560 1.742927 -9.792350 27.975729 -0.337528 -4.482556 1.140881 5.933949 -1.693485 7.864475 27.034474 -15.275209 35.463455 -32.222965 -13.152384 31.695007 -4.525544 -1.600519 0.376158 -27.088284 -30.281635 17.518085 -1.682956 -4.436130 -3.811090 -14.203275 2.214044 18.609261 9.772185 -3.246003 -1.973519 -5.948452 1.502726 -7.807129 -26.252447 -4.464195 7.635252 -7.607335 -46.405598 2.249423 -9.002326 0.050799 -9.838682 16.351994 -38.780510 -14.171609 22.593380 -23.120766 11.001152 -13.129643 -16.307903 10.473572 -3.418357 1.068590 -4.415533 
19.612658 106.413521 -3.538245 32.394570 30.644641 27.578508 3.487689 13.184690 -0.256292 -2.867030 0.228104 -20.303859 2.445369 20.690477 4.860712 -2.337084 7.682137 2.068771 2.683486 14.321361 2.555570 4.718282 4.174121 7.536865 3.563981 16.538073 2.819604 -1.845694 -6.532036 -8.989993 0.543373 9.877553 3.326988 -1.711522 2.453325 2.550443 3.199280 11.787226 7.061462 -6.876228 31.609299 0.636315 9.671133 -4.615487 13.823505 17.711300 40.756135 -0.617344 -25.772495 -12.363297 17.356890 -54.784548 -21.394009 -29.985767 -22.948431 -13.426719 13.531604 1.583521 3.067071 -9.085697 -1.886159 13.928448 0.911578 11.118443 -5.092667 -5.026336 -7.842623 5.079719 -14.783784 42.764767 -22.912418 -16.623810 -30.896612 3.049558 12.394736 15.080019 5.487877 21.548946 1.731377 -9.803497 27.992092 -0.289820 -2.386000 1.714546 5.929217 -1.706910 7.852718 28.838527 -14.491621 35.298223 -32.247318 -13.159766 31.691383 -5.138128 0.503417 -0.846452 -27.099731 -30.301352 17.527683 0.358065 -7.968869 -5.369723 -14.213387 2.202611 18.635405 9.793648 -2.256981 -2.925430 -5.940945 1.508847 -7.803148 -24.042075 -5.252246 6.558843 -7.618760 -46.419590 2.265154 -10.906949 0.703064 -9.493791 16.354269 -38.816086 -14.171857 20.121133 -22.839553 12.740480 -13.139825 -16.314138 10.500599 -4.327553 1.189211 -4.136726 
12.328778 106.837921 -2.705235 30.523870 31.495802 28.054983 3.488321 13.182076 -0.240412 -4.065694 0.218304 -20.384264 2.442420 20.692558 4.876420 -1.185499 7.603174 2.046502 2.676662 14.329284 2.546214 3.673585 2.859582 8.050529 3.546534 16.549896 2.813551 -1.223738 -6.051486 -9.027396 0.564525 9.883565 3.333639 -4.236750 1.683749 3.429005 3.204262 11.759536 7.055682 -7.066249 30.249159 2.126576 9.670615 -4.584303 13.818060 18.369848 36.220295 -0.695745 -25.784800 -12.372678 17.342142 -57.194245 -24.199060 -30.201146 -22.959076 -13.446708 13.532677 1.532944 2.287100 -10.581438 -1.893852 13.925768 0.898543 11.881021 -4.724951 -5.606069 -7.827818 5.078143 -14.797663 40.793547 -19.824733 -14.105011 -30.916443 3.048677 12.386739 13.288092 7.422187 20.822581 1.725301 -9.803913 28.014067 0.022794 0.058491 2.144033 5.926363 -1.701642 7.837171 30.304071 -13.680155 34.433661 -32.262619 -13.138469 31.662460 -6.382591 2.484373 -1.253361 -27.113787 -30.310202 17.540640 2.455552 -9.933036 -7.652888 -14.221156 2.199875 18.648371 9.502131 -0.934487 -3.561461 -5.937696 1.503979 -7.812104 -20.763934 -5.322734 4.983943 -7.637714 -46.406700 2.292174 -12.195086 0.655528 -9.771229 16.368441 -38.842705 -14.158100 16.802986 -21.784492 14.912559 -13.143224 -16.314594 10.528135 -5.336472 1.378132 -4.223945 
4.909389 107.290855 -1.704640 26.883840 30.774292 27.510436 3.463842 13.178564 -0.216419 -5.867255 0.643895 -19.991974 2.432042 20.661711 4.897233 -0.862784 6.632624 2.209103 2.655949 14.332622 2.558840 3.367690 2.029873 7.921127 3.537597 16.543940 2.813187 -0.721516 -4.501942 -8.252217 0.573545 9.869467 3.334912 -4.361713 0.679966 4.462485 3.195467 11.744056 7.065939 -6.241805 28.875905 3.142684 9.657743 -4.561812 13.819552 19.530255 31.215474 -0.608303 -25.794701 -12.361121 17.331371 -57.195878 -25.757622 -30.411800 -22.991379 -13.453347 13.513912 1.710472 1.201264 -10.109814 -1.920213 13.925485 0.901267 11.766473 -5.104468 -7.499491 -7.807729 5.072794 -14.784972 35.964819 -19.623002 -11.675753 -30.925386 3.033056 12.376706 10.354364 8.517032 18.308952 1.728114 -9.796189 28.030756 -0.257090 1.118049 1.975158 5.929523 -1.668872 7.825494 30.831515 -13.216016 33.606730 -32.270157 -13.102635 31.635963 -8.915448 3.082893 -2.155801 -27.150339 -30.332607 17.542656 4.657862 -10.396076 -9.324212 -14.226465 2.207397 18.629530 7.551062 1.418379 -3.334648 -5.931256 1.498103 -7.828134 -16.931149 -4.539629 3.129767 -7.666961 -46.376652 2.297371 -13.211363 0.050362 -10.735161 16.375746 -38.849216 -14.137975 14.403289 -19.476004 15.762089 -13.145766 -16.329584 10.551490 -4.847105 2.005360 -4.151747 
-1.602214 107.728142 -0.652766 22.290022 28.480075 25.099279 3.474770 13.181213 -0.189081 -8.118808 0.642330 -20.071732 2.431016 20.639339 4.904050 -0.799020 5.725710 2.411950 2.648220 14.337234 2.570146 3.183033 1.795800 7.961055 3.533968 16.536242 2.799726 0.030876 -1.900248 -6.022552 0.575575 9.847334 3.322879 -3.244744 -0.361404 3.962423 3.184091 11.723859 7.107125 -5.407618 27.196927 3.758485 9.647590 -4.562530 13.823572 19.050224 25.685746 -0.978537 -25.831429 -12.322875 17.355217 -51.508485 -24.480395 -30.178743 -22.986650 -13.469040 13.487997 1.272450 1.304686 -7.680465 -1.923815 13.923109 0.919936 10.335295 -5.220051 -8.481643 -7.800216 5.061838 -14.770686 30.183890 -19.925513 -8.384063 -30.932095 3.034320 12.360383 6.986312 10.167075 13.093327 1.722695 -9.810833 28.035433 -1.640754 1.044225 2.041521 5.956572 -1.621985 7.825264 31.018717 -11.511117 33.249282 -32.261627 -13.067778 31.616800 -10.435292 2.380412 -3.981229 -27.173540 -30.359356 17.528095 4.959916 -9.217812 -9.003490 -14.232192 2.190939 18.607231 5.692171 4.309481 -4.246112 -5.916940 1.502319 -7.855681 -14.455991 -4.070794 0.576760 -7.697151 -46.348923 2.274463 -12.204876 0.154335 -11.201351 16.383095 -38.837952 -14.122360 13.120702 -17.471629 15.516144 -13.114834 -16.363047 10.558128 -3.166219 2.333193 -4.297060 
-7.383333 108.029465 0.259814 18.810594 26.287130 21.583311 3.511744 13.164670 -0.165962 -9.838222 0.755557 -20.192737 2.446507 20.615057 4.904541 -1.052945 4.647174 2.318360 2.655270 14.341155 2.569219 2.988426 1.245997 7.550082 3.528627 16.532600 2.793510 0.890448 0.718678 -4.249562 0.581983 9.833791 3.302366 -2.603790 -0.743355 3.083348 3.176441 11.704522 7.146831 -4.570757 25.019032 4.951050 9.638459 -4.573625 13.823951 17.498566 21.766681 -0.913821 -25.871412 -12.292926 17.386057 -44.866519 -21.860852 -29.431698 -22.952639 -13.492280 13.466352 -0.152526 1.825524 -5.148281 -1.921068 13.922706 0.936709 8.664484 -4.807109 -8.775987 -7.813519 5.051842 -14.749769 24.977793 -18.566647 -5.153256 -30.934032 3.038788 12.347496 3.455370 12.139719 7.060019 1.720380 -9.836056 28.023615 -3.414190 0.394455 1.890775 5.977382 -1.587440 7.822411 31.533863 -9.869759 33.040832 -32.241402 -13.055627 31.610514 -10.100848 1.468282 -5.511007 -27.173594 -30.376568 17.510487 4.539245 -7.514630 -6.831851 -14.232471 2.174875 18.587383 4.615429 6.331175 -4.168153 -5.897786 1.503946 -7.895405 -12.931973 -4.508885 -1.885365 -7.696971 -46.306908 2.254201 -10.783895 0.274728 -11.608771 16.365755 -38.825943 -14.109748 12.493271 -16.425524 14.498489 -13.090912 -16.393967 10.546744 -1.508247 2.061436 -3.386688 
-12.743291 108.144783 0.950350 16.785470 24.176226 18.632660 3.542099 13.143407 -0.155933 -10.733121 0.832946 -20.171125 2.466886 20.592615 4.909814 -1.856665 3.890374 1.632233 2.666734 14.345942 2.567134 2.627698 0.463779 6.435616 3.532483 16.520006 2.799626 1.511201 2.514353 -2.975477 0.577843 9.832125 3.273239 -1.558914 -0.440250 2.686363 3.181806 11.694844 7.165290 -3.582329 22.463685 5.516009 9.623524 -4.582873 13.829992 15.630698 19.710097 -1.551828 -25.897535 -12.275990 17.394320 -38.997484 -19.516280 -28.425535 -22.948605 -13.511597 13.445596 -0.992778 1.806683 -2.919444 -1.909274 13.933009 0.944655 7.834734 -3.998041 -8.676151 -7.824126 5.044375 -14.720462 20.352456 -16.584345 -2.830330 -30.924780 3.042763 12.347842 -0.554159 13.530977 0.602657 1.720774 -9.855737 28.024395 -4.408460 -0.112312 1.064668 5.988434 -1.559324 7.818193 32.315237 -9.137552 32.966588 -32.222458 -13.045685 31.604105 -8.737678 0.782239 -6.360013 -27.158672 -30.401834 17.506741 3.898812 -5.588499 -5.079689 -14.217735 2.156284 18.565996 3.780099 7.686487 -3.869811 -5.873152 1.506977 -7.923954 -12.592284 -4.635014 -3.932379 -7.680089 -46.291592 2.239055 -8.498496 0.373020 -11.646121 16.337931 -38.803932 -14.088405 12.947101 -16.492402 13.158834 -13.078653 -16.412403 10.540229 -0.542960 2.277130 -2.338345 
-17.773996 108.070145 1.405284 16.496326 24.037235 16.951344 3.562581 13.122674 -0.160779 -11.596132 1.076449 -19.589908 2.481577 20.572468 4.911179 -2.519036 3.976359 1.084645 2.671861 14.357236 2.567633 2.270208 -0.019304 5.733424 3.560961 16.498163 2.803350 1.388057 2.963544 -2.695523 0.574113 9.833698 3.258314 -1.088344 0.606532 3.148301 3.182702 11.691267 7.169659 -2.908574 20.219452 5.756914 9.614538 -4.595232 13.836202 14.410663 19.851120 -2.804866 -25.908274 -12.285521 17.398027 -36.725896 -17.857371 -27.020785 -22.952955 -13.508484 13.438665 -1.575598 2.053005 -0.711324 -1.904198 13.940368 0.942710 7.187352 -3.102369 -8.303009 -7.831221 5.028979 -14.698868 17.481184 -15.423178 -1.536515 -30.916447 3.042309 12.365099 -4.573053 14.226925 -5.968188 1.720055 -9.869402 28.029081 -5.636103 -0.188097 0.361094 5.984377 -1.543345 7.820090 32.531334 -8.791731 33.267758 -32.192307 -13.035603 31.605982 -7.263716 0.229847 -6.091369 -27.160625 -30.414047 17.502781 3.392309 -4.245022 -3.791197 -14.203257 2.151035 18.557508 3.811627 8.080874 -2.932185 -5.861594 1.510865 -7.953328 -13.206248 -4.338001 -4.634274 -7.662762 -46.283867 2.243119 -7.441435 1.474023 -11.376867 16.316111 -38.778332 -14.050311 13.776715 -16.622442 12.214794 -13.076020 -16.422142 10.523490 -0.498253 2.002980 -1.453625 
-22.149311 107.868340 1.733177 16.463818 25.046118 16.335663 3.568334 13.093769 -0.173116 -11.576214 1.348847 -18.905456 2.486319 20.547832 4.924193 -3.294348 4.405811 0.859757 2.678295 14.370632 2.570258 1.729173 -0.050473 5.501047 3.576636 16.488119 2.804795 0.992897 2.711837 -2.982664 0.565127 9.837371 3.248379 -0.761635 1.304220 3.516097 3.177473 11.691607 7.165580 -2.668670 19.373707 5.467197 9.609872 -4.593588 13.840233 13.110425 19.866001 -3.990502 -25.902597 -12.299601 17.393679 -35.329881 -16.465947 -26.441354 -22.973047 -13.513814 13.424170 -1.446816 1.798164 1.048540 -1.905305 13.950351 0.944928 6.810663 -2.110057 -8.315001 -7.824300 5.024940 -14.676990 15.906614 -14.068910 -0.755692 -30.900640 3.028974 12.375901 -7.862935 14.577707 -11.338081 1.717196 -9.874554 28.029190 -6.100615 0.138390 -0.029567 5.983018 -1.528473 7.819849 32.119023 -8.667963 33.628990 -32.180672 -13.032524 31.614824 -5.764949 0.633970 -5.437689 -27.162666 -30.418535 17.497929 3.363026 -3.199334 -3.610055 -14.191733 2.148669 18.547375 3.591778 8.026373 -2.151732 -5.846225 1.512429 -7.966892 -14.189163 -4.321850 -4.370983 -7.640275 -46.285091 2.240387 -7.178836 2.162272 -11.579861 16.292320 -38.755833 -14.025704 14.370530 -16.689728 11.748376 -13.073701 -16.417542 10.516200 -0.437958 2.398849 -1.303030 
-25.545300 107.599678 1.939406 17.137418 26.817589 16.139090 3.571353 13.072408 -0.184745 -11.069479 1.543240 -18.417528 2.489550 20.535358 4.928660 -3.878896 5.040534 0.264974 2.670388 14.378827 2.574205 1.507599 -0.062153 6.055877 3.590179 16.478043 2.805298 0.132746 2.473290 -3.649627 0.565511 9.829130 3.250137 -0.243717 1.442782 3.873465 3.171158 11.692094 7.163288 -2.301015 18.233313 5.505512 9.599904 -4.584790 13.842900 11.771707 20.833523 -4.795819 -25.898790 -12.323397 17.394344 -35.211705 -15.583242 -25.813660 -22.974573 -13.505796 13.415525 -1.338154 2.274780 2.289997 -1.906568 13.946165 0.950024 6.478572 -1.309066 -8.502996 -7.822021 5.026526 -14.659667 14.676362 -12.989385 0.262976 -30.892523 3.017721 12.387376 -10.629534 14.157398 -15.728075 1.713219 -9.885844 28.023180 -7.015247 -0.218179 -0.168091 5.977097 -1.525795 7.825576 31.761804 -8.664721 34.233632 -32.166931 -13.025308 31.619835 -4.278970 1.188920 -5.024382 -27.164040 -30.420395 17.497229 3.087489 -1.751243 -3.459077 -14.185610 2.143820 18.537777 3.567249 7.702278 -1.629739 -5.840882 1.515824 -7.982160 -15.005478 -4.490489 -4.530166 -7.626179 -46.281605 2.243214 -7.495408 2.957015 -11.673545 16.285763 -38.735718 -14.007044 14.847371 -15.951915 11.033653 -13.073955 -16.410151 10.500289 -1.022470 2.274553 -1.449458 
-27.851727 107.328911 2.049753 16.711347 28.824515 15.233724 3.568877 13.055165 -0.195107 -10.630264 1.598251 -17.732737 2.484969 20.527300 4.940416 -4.364712 5.713520 0.175109 2.673437 14.385433 2.569289 1.329203 0.162211 6.341082 3.593648 16.477671 2.803676 -0.295636 2.339430 -3.585932 0.566823 9.827793 3.248159 -0.122362 1.833500 4.582396 3.171027 11.698159 7.153492 -2.071512 17.561890 5.548757 9.601811 -4.580231 13.833158 10.888329 21.408472 -5.737890 -25.895748 -12.342872 17.386122 -34.728203 -15.438992 -26.790801 -22.980453 -13.511142 13.414278 -1.122795 2.025771 2.534866 -1.908709 13.946585 0.944880 6.501280 -0.782425 -8.541689 -7.816875 5.028396 -14.655481 14.508392 -12.291891 0.247415 -30.885496 3.015097 12.393600 -12.229652 13.673760 -18.216350 1.717414 -9.888877 28.021704 -7.032622 0.032289 0.192370 5.963775 -1.522959 7.825133 31.515668 -8.058541 33.927401 -32.158627 -13.017956 31.626089 -3.243221 1.788943 -4.479658 -27.173626 -30.427782 17.494221 3.010684 -0.984327 -3.390844 -14.174220 2.146361 18.534388 3.595159 6.911070 -1.196133 -5.838294 1.508456 -7.988173 -15.714751 -4.412595 -3.909146 -7.612432 -46.277260 2.247263 -7.443573 3.496653 -11.881521 16.284260 -38.721138 -14.000215 14.848737 -15.478090 10.689302 -13.077074 -16.401840 10.494566 -1.424411 2.416970 -1.439121 
-29.199734 107.105080 2.067389 16.752579 30.279677 15.534070 3.566415 13.045222 -0.202985 -10.256503 1.587123 -17.573368 2.485927 20.521275 4.947124 -4.481781 5.840816 0.187257 2.674656 14.388976 2.568859 1.533569 0.449034 6.763603 3.594215 16.484259 2.798501 -0.570698 2.191429 -3.996915 0.565567 9.826355 3.245982 -0.026066 2.008793 4.562236 3.166901 11.697151 7.153047 -1.858095 17.933857 5.646586 9.600716 -4.575071 13.836294 10.249938 21.486068 -6.332683 -25.890793 -12.351048 17.387392 -35.067346 -14.787409 -26.632369 -22.983349 -13.503825 13.413011 -0.841467 2.105909 2.685616 -1.908023 13.946087 0.949532 6.388024 -0.261489 -8.636428 -7.816609 5.034742 -14.652184 14.122486 -11.945501 0.475883 -30.884178 3.010468 12.393423 -13.243903 13.705683 -19.628423 1.713179 -9.894228 28.021235 -7.789102 0.092670 0.107311 5.962198 -1.523072 7.827014 31.152657 -7.500991 34.115992 -32.161594 -13.020964 31.635338 -2.419632 2.160413 -3.784165 -27.183708 -30.426600 17.485620 3.118999 -0.563921 -3.515259 -14.171167 2.144490 18.527483 3.634111 6.751324 -0.982638 -5.834568 1.511303 -7.989241 -16.227864 -4.777782 -3.716747 -7.610628 -46.272621 2.251484 -7.383507 3.672555 -11.878669 16.283045 -38.716320 -13.995928 14.879641 -15.459976 10.586080 -13.075437 -16.401001 10.495686 -1.262994 2.441071 -1.611339 
-29.822817 106.927567 2.017834 16.055485 30.965250 15.019629 3.566957 13.044913 -0.200601 -10.241586 1.908796 -17.532162 2.483681 20.521978 4.947925 -4.713392 5.913854 0.004222 2.670804 14.390940 2.568904 1.206965 0.384342 6.806460 3.595294 16.475655 2.796391 -0.793456 1.952240 -4.192652 0.568628 9.825887 3.247092 -0.150021 1.837209 4.753280 3.168883 11.700971 7.149723 -1.953544 17.671364 5.634971 9.600183 -4.577039 13.833078 9.889952 21.832041 -6.867421 -25.891466 -12.350965 17.387157 -34.877374 -14.571625 -26.730022 -22.982845 -13.504220 13.411756 -0.779674 2.111242 2.738393 -1.906244 13.943437 0.948506 6.313808 -0.199977 -8.593831 -7.813774 5.034216 -14.647801 14.402171 -11.966956 0.215095 -30.879608 3.009688 12.396060 -13.643141 13.335364 -20.125460 1.711306 -9.893929 28.023182 -7.602132 0.164205 0.351259 5.962007 -1.517770 7.828893 31.001293 -7.155176 33.601573 -32.155598 -13.011291 31.628281 -2.109149 2.393594 -3.469692 -27.187939 -30.423285 17.487625 2.999951 -0.402344 -3.812571 -14.172360 2.146290 18.529083 3.669661 6.667064 -0.944617 -5.840621 1.506751 -7.987869 -16.589537 -4.737209 -3.457670 -7.601183 -46.269794 2.248981 -6.890300 3.810163 -11.651022 16.284771 -38.715858 -13.995127 14.741177 -15.167180 10.735632 -13.075434 -16.401016 10.495319 -1.500178 2.429741 -1.435724 
-29.974689 106.805267 1.929649 15.817987 31.322595 14.926716 3.572907 13.041724 -0.201421 -10.101749 1.868041 -17.669594 2.485796 20.521564 4.948022 -4.864864 5.830216 -0.053961 2.667499 14.391372 2.572822 1.415963 0.268503 6.910980 3.597451 16.477209 2.800792 -0.847728 1.880375 -4.544629 0.572220 9.825432 3.247838 -0.066366 2.153171 4.633672 3.165998 11.700639 7.149111 -1.654648 17.494746 5.627579 9.597163 -4.575967 13.831942 9.723703 21.648810 -6.990810 -25.892485 -12.352496 17.389170 -34.844207 -14.633192 -26.540869 -22.986179 -13.504479 13.414593 -0.765398 2.197363 2.734416 -1.908894 13.942880 0.947226 6.518804 0.045921 -8.480601 -7.817655 5.032995 -14.647879 14.512132 -11.724570 0.304583 -30.877792 3.006093 12.394934 -13.782150 13.195179 -20.340450 1.710902 -9.895205 28.021088 -7.788799 0.014012 0.394783 5.961845 -1.516935 7.824839 31.039098 -6.771791 33.403740 -32.154873 -13.009845 31.632038 -1.747938 2.257694 -3.251760 -27.184553 -30.424376 17.491770 3.052950 -0.321552 -3.645473 -14.167337 2.150815 18.530066 3.753797 6.976452 -0.864748 -5.842254 1.508571 -7.989205 -16.754626 -4.630139 -3.441512 -7.604767 -46.268353 2.251532 -6.652082 3.970092 -11.574586 16.284285 -38.714626 -13.995856 14.837879 -15.230774 10.459700 -13.074990 -16.399817 10.497192 -1.397424 2.520100 -1.696293 
-29.826633 106.684341 1.816752 16.457080 31.543856 15.388722 3.574456 13.042003 -0.201327 -10.136185 1.824586 -17.565259 2.484156 20.523033 4.949790 -4.712183 5.635389 -0.174248 2.669261 14.388288 2.569727 1.791257 0.258494 6.753513 3.593919 16.482491 2.802047 -0.739883 1.814619 -4.494438 0.570195 9.827034 3.248656 -0.146615 2.163749 4.651755 3.165035 11.699701 7.149417 -1.742886 17.357561 5.735982 9.597707 -4.575373 13.830291 9.766593 21.725628 -6.762501 -25.893469 -12.351125 17.387304 -34.762043 -14.407873 -26.291850 -22.984201 -13.505363 13.411098 -0.743826 2.320482 2.723116 -1.907941 13.942865 0.947272 6.566678 0.070416 -8.650396 -7.823163 5.036693 -14.647028 14.804592 -11.461832 0.169538 -30.880260 3.001133 12.395168 -13.781255 13.185221 -20.336306 1.713776 -9.891941 28.016579 -7.761451 -0.091864 0.288523 5.958522 -1.521128 7.822970 30.720541 -7.047124 33.483462 -32.153904 -13.009953 31.630497 -1.444482 2.563114 -3.076993 -27.178225 -30.422804 17.490330 2.905886 -0.292895 -3.560681 -14.167722 2.150854 18.527319 3.972249 6.790480 -1.066814 -5.842857 1.510311 -7.986358 -17.001174 -4.674706 -3.227420 -7.606551 -46.268417 2.251635 -6.216013 4.131245 -11.398822 16.287235 -38.717438 -13.993269 14.777632 -15.140182 10.333604 -13.072813 -16.398067 10.495533 -1.300366 2.367387 -1.687146 
-29.467085 106.545212 1.672588 15.969018 31.317100 15.161089 3.565451 13.041233 -0.200440 -9.912733 1.638651 -17.129689 2.486688 20.522753 4.942642 -4.181287 5.517572 -0.014685 2.665848 14.393718 2.565444 1.536249 0.156925 6.603657 3.594604 16.478514 2.798560 -0.716142 1.658352 -4.364658 0.569225 9.831013 3.250058 -0.311533 1.889878 4.560438 3.164914 11.698446 7.146921 -2.101102 17.310749 5.362327 9.597582 -4.574731 13.832225 9.646129 21.337663 -7.132179 -25.895882 -12.347822 17.392834 -34.739705 -14.490948 -26.623686 -22.979664 -13.508375 13.415417 -0.918028 2.163661 2.822582 -1.909259 13.946593 0.947292 6.852056 0.060359 -8.601283 -7.823097 5.032105 -14.651903 15.012025 -11.367181 0.089783 -30.879606 3.008438 12.398715 -13.229735 13.178655 -19.591255 1.706887 -9.897928 28.019531 -7.568537 -0.109304 0.390265 5.961501 -1.518162 7.824056 30.624451 -6.394538 32.857527 -32.156811 -13.012352 31.637604 -1.587689 2.534696 -3.162512 -27.181368 -30.421469 17.490143 2.937189 -0.396104 -3.511310 -14.172258 2.150622 18.533472 3.568664 6.515148 -1.168462 -5.843924 1.511728 -7.988388 -16.791622 -4.393050 -3.378930 -7.607164 -46.267559 2.251328 -5.855570 4.092002 -11.292283 16.289104 -38.720951 -13.997765 14.717198 -15.291407 10.280002 -13.073701 -16.403704 10.498964 -1.435107 2.471101 -1.619360 
-28.929678 106.364754 1.477773 15.944812 31.463622 15.316467 3.565647 13.045660 -0.195484 -9.674039 2.107940 -17.118747 2.483269 20.524813 4.944656 -4.243453 5.138343 -0.183627 2.662004 14.390067 2.564558 1.898738 0.245901 6.685338 3.593013 16.479786 2.804002 -0.748650 1.558536 -4.761756 0.566535 9.832216 3.250648 -0.040539 1.781520 4.473929 3.164386 11.702811 7.150165 -1.859416 16.924316 5.390151 9.601349 -4.582065 13.834996 10.186575 20.914801 -6.932170 -25.901047 -12.344473 17.398451 -34.397540 -14.257369 -26.393914 -22.978086 -13.501633 13.413491 -1.013485 2.253287 2.941364 -1.910733 13.944989 0.946663 6.940898 0.358426 -8.571820 -7.822271 5.037796 -14.654568 15.296958 -11.449902 -0.286841 -30.883804 3.002100 12.399946 -12.803508 13.055808 -19.238896 1.708100 -9.894107 28.024382 -7.232162 -0.253049 0.262027 5.959528 -1.519319 7.819808 30.301202 -6.112817 32.543382 -32.158230 -13.010615 31.637453 -1.480058 2.487679 -3.094027 -27.178089 -30.419708 17.493557 2.899638 -0.343394 -3.470153 -14.175028 2.154057 18.533264 3.515577 6.476847 -1.246936 -5.849905 1.506456 -7.986721 -16.802795 -4.059770 -3.232205 -7.611478 -46.268509 2.251189 -5.205824 4.047005 -11.367130 16.295004 -38.725773 -14.000391 14.166903 -15.458484 10.129372 -13.078143 -16.402868 10.498744 -1.150108 2.267938 -1.658943 
-28.194912 106.109985 1.233838 15.764382 31.291111 15.724731 3.558324 13.047594 -0.189097 -9.397045 1.940526 -16.880077 2.484132 20.522879 4.946379 -4.317255 4.781576 -0.035306 2.660347 14.384890 2.564029 2.109927 0.153143 6.264604 3.585114 16.484665 2.805062 -0.387228 1.263049 -4.609585 0.569128 9.834219 3.251626 0.005955 1.859719 4.043754 3.158876 11.702686 7.148960 -1.999023 16.774007 5.335326 9.599479 -4.585854 13.833788 10.686935 20.880180 -6.751785 -25.903334 -12.339667 17.397120 -34.460517 -14.159029 -26.510942 -22.981855 -13.503773 13.412087 -0.982440 2.079650 2.741526 -1.917169 13.945893 0.949064 7.025196 0.215843 -8.422106 -7.821447 5.039245 -14.659353 15.519489 -11.142746 -0.268131 -30.883434 3.003226 12.400073 -12.196913 12.905418 -18.600707 1.705551 -9.890247 28.022385 -7.058432 -0.556017 0.026307 5.960534 -1.514952 7.822319 30.271450 -5.956981 32.132748 -32.161392 -13.010810 31.644835 -1.033033 2.477531 -2.896884 -27.176825 -30.418400 17.493113 3.075535 -0.885349 -3.665810 -14.173596 2.154153 18.535961 3.275708 6.851804 -1.443371 -5.851274 1.510700 -7.983489 -16.718626 -3.909579 -3.461055 -7.611208 -46.265598 2.249645 -4.236937 4.059741 -11.005583 16.299011 -38.732716 -14.000448 13.930483 -15.743531 10.162696 -13.080644 -16.406542 10.498703 -0.980869 2.366440 -1.301339 
-27.271852 105.778992 0.927020 15.210143 30.612081 15.856469 3.557167 13.050300 -0.187365 -9.635743 2.068519 -16.629386 2.486432 20.528355 4.939467 -3.819182 4.506154 0.041193 2.653205 14.385844 2.560407 2.146207 0.366079 5.840431 3.587454 16.484531 2.813073 -0.828186 1.037592 -4.999776 0.566549 9.836257 3.248918 0.278435 1.585515 3.790447 3.161970 11.706248 7.149651 -1.752993 16.385120 5.283933 9.602760 -4.593479 13.833171 10.726773 20.326216 -6.875449 -25.909058 -12.335379 17.404831 -34.076046 -14.150576 -26.486552 -22.982595 -13.502859 13.421141 -1.254930 2.377246 2.472141 -1.918056 13.950084 0.949963 7.297289 0.412433 -8.188331 -7.826291 5.041851 -14.660925 16.248824 -10.919168 -0.562980 -30.883141 2.999027 12.404643 -11.500326 12.527690 -17.497355 1.705883 -9.887896 28.020800 -6.584129 -0.527308 0.165067 5.959076 -1.516621 7.813604 29.931624 -5.393203 31.221259 -32.164253 -13.012032 31.646576 -0.834827 2.340744 -2.892446 -27.174171 -30.422972 17.494083 3.282290 -1.467808 -3.533002 -14.180008 2.162200 18.537727 3.128439 6.605894 -1.654897 -5.854213 1.515823 -7.978827 -16.803857 -3.277815 -3.393223 -7.617077 -46.269650 2.245160 -3.124510 3.938466 -10.612845 16.296700 -38.740017 -14.002665 13.457654 -15.981080 9.826266 -13.080731 -16.414349 10.500051 -0.725729 2.201238 -1.308640 
-26.130497 105.335106 0.557861 14.639069 30.317034 15.859322 3.550214 13.051797 -0.179639 -9.294431 2.248326 -16.408942 2.481841 20.529957 4.937558 -3.630774 4.025752 0.259861 2.647608 14.380309 2.559877 2.330902 0.155917 5.628221 3.585851 16.483301 2.815846 -0.506948 0.709785 -5.067249 0.566798 9.840073 3.252607 0.146755 1.108638 3.181481 3.161848 11.711761 7.151960 -1.780128 16.305967 4.864304 9.601946 -4.597499 13.835690 11.225666 19.747175 -6.810713 -25.912636 -12.327598 17.412308 -33.660156 -13.852455 -26.445914 -22.980625 -13.495347 13.418859 -1.516907 2.607655 2.271443 -1.920862 13.953190 0.951145 7.408266 0.541238 -7.919364 -7.828079 5.042182 -14.667676 16.980322 -10.973138 -0.811961 -30.880695 2.999476 12.406806 -10.634984 11.871255 -16.899157 1.700846 -9.888025 28.021847 -6.242032 -0.910025 0.181426 5.960254 -1.515532 7.813043 29.573855 -4.608008 30.055708 -32.164444 -13.008206 31.644272 -0.570589 2.367778 -2.651226 -27.173452 -30.414005 17.495110 3.187333 -1.650924 -3.692647 -14.179517 2.167677 18.542515 2.775067 6.706647 -1.787669 -5.860334 1.515701 -7.973732 -16.816949 -2.897025 -3.422432 -7.622247 -46.263691 2.239403 -1.438933 3.903857 -10.432015 16.300255 -38.748199 -14.009068 12.829121 -16.501913 9.802997 -13.084006 -16.420309 10.507898 -0.296911 1.956507 -1.229819 
-24.807976 104.803635 0.150973 14.275018 29.941377 15.970427 3.549871 13.060887 -0.171994 -9.188192 2.470881 -15.889366 2.484326 20.529581 4.930871 -3.375698 3.450556 0.090690 2.639272 14.377229 2.556221 2.658364 0.163226 5.279889 3.580432 16.480383 2.819538 -0.517819 0.958381 -5.275624 0.568603 9.841534 3.251047 0.238003 0.735364 2.848869 3.155880 11.721347 7.152605 -1.865986 15.561734 4.858057 9.608089 -4.602030 13.832043 11.666282 19.092003 -6.824937 -25.917240 -12.321813 17.421150 -33.837051 -13.625931 -25.792060 -22.978678 -13.493722 13.423605 -1.743213 2.530595 2.019752 -1.920947 13.951898 0.950966 7.895508 0.380516 -7.683504 -7.833526 5.045620 -14.678286 17.766005 -10.219327 -1.462808 -30.880285 2.998693 12.408223 -9.738745 11.204281 -15.721086 1.698645 -9.888681 28.023031 -5.615222 -1.341870 -0.108011 5.962587 -1.514610 7.806624 29.252061 -3.753015 28.560124 -32.166412 -13.010794 31.650269 0.076628 2.407446 -2.297620 -27.175041 -30.415661 17.493717 3.284586 -2.222227 -3.610926 -14.185375 2.167076 18.549515 2.819172 6.622525 -1.562181 -5.865889 1.512823 -7.969709 -16.997237 -2.347423 -3.553268 -7.627194 -46.260315 2.238664 0.418135 3.885078 -10.311157 16.306185 -38.758392 -14.014959 11.688545 -16.720209 9.633712 -13.089067 -16.428955 10.507567 0.009396 1.897783 -0.944499 
-23.347855 104.221329 -0.262698 13.150271 29.497377 15.932693 3.543479 13.062290 -0.161362 -8.935277 2.521050 -16.145756 2.481849 20.534515 4.928494 -3.222342 2.802054 0.145343 2.628849 14.373258 2.553044 3.256238 -0.070908 4.968605 3.575607 16.487892 2.826876 -0.403920 0.438473 -5.822699 0.577292 9.841049 3.248782 0.487997 0.483837 2.416546 3.157642 11.719586 7.158597 -1.747442 15.307038 4.738781 9.599684 -4.604299 13.835426 11.637255 18.725375 -6.785158 -25.925745 -12.309435 17.423203 -33.771211 -13.364112 -25.260241 -22.975052 -13.484310 13.423928 -2.101479 2.394981 1.221220 -1.922298 13.948620 0.951706 8.145079 0.385819 -7.461663 -7.833959 5.051382 -14.678565 18.759839 -9.984269 -1.606933 -30.886772 2.993445 12.410991 -8.752508 10.407467 -14.755167 1.690359 -9.882553 28.019386 -5.293700 -1.679137 -0.036903 5.966712 -1.516199 7.801205 28.915575 -2.854562 27.257410 -32.171486 -13.011559 31.645987 0.813113 2.395936 -1.810297 -27.167997 -30.413708 17.492973 3.295685 -2.941211 -3.671211 -14.186729 2.165294 18.552608 2.437490 6.511973 -1.740454 -5.879520 1.516782 -7.959523 -16.908070 -1.898309 -3.709416 -7.631816 -46.250687 2.235659 2.615034 3.905466 -10.007669 16.304209 -38.764797 -14.024739 10.594489 -17.020937 9.351875 -13.089119 -16.432749 10.510835 0.060807 1.737520 -0.697419 
-21.859051 103.670624 -0.643470 12.261128 29.109050 15.943132 3.535968 13.061887 -0.153977 -8.513567 2.668539 -15.478882 2.481850 20.535410 4.926663 -2.825690 2.590135 0.367847 2.623127 14.370214 2.545136 3.332805 -0.236083 4.570854 3.573374 16.490622 2.825496 -0.272959 0.547315 -5.760707 0.578815 9.839925 3.250111 0.286938 -0.212010 1.800589 3.153481 11.722598 7.155044 -2.019409 14.973233 4.249062 9.607325 -4.604768 13.834385 12.182871 18.247969 -7.004647 -25.925529 -12.299510 17.427105 -33.777464 -13.162207 -25.082102 -22.969627 -13.485110 13.430528 -2.386283 2.615809 0.886600 -1.925972 13.949541 0.952850 8.456965 0.703834 -7.199070 -7.838757 5.052699 -14.680905 19.438042 -9.761275 -2.045696 -30.879459 2.992474 12.409936 -7.940916 9.466240 -13.980526 1.685968 -9.886353 28.021059 -4.780736 -2.058792 -0.031442 5.961406 -1.512209 7.795572 28.651810 -1.864300 25.726886 -32.173649 -13.009221 31.651300 1.337432 2.525119 -1.445075 -27.167620 -30.410927 17.491766 3.443572 -3.613001 -3.602783 -14.185256 2.171607 18.559006 2.141187 6.480376 -1.930669 -5.886025 1.515337 -7.950984 -17.049493 -1.511685 -4.027872 -7.635328 -46.239788 2.229082 4.823340 3.581393 -9.674023 16.305737 -38.776875 -14.033476 9.585897 -17.254733 9.123978 -13.087569 -16.439777 10.512777 0.378060 1.174160 -0.449602 
-20.482672 103.230438 -0.940717 11.679477 28.264702 15.790682 3.527350 13.064128 -0.149809 -8.336511 2.507748 -15.488699 2.482777 20.531546 4.920471 -2.837487 2.465979 0.396195 2.624294 14.366794 2.548009 3.434964 -0.246131 4.366345 3.568856 16.494778 2.829349 -0.399652 0.719803 -5.933608 0.580188 9.836145 3.247879 0.403312 -0.033581 1.582357 3.146806 11.726382 7.158186 -2.104181 14.952440 3.900567 9.608500 -4.603340 13.831237 12.386078 17.748161 -6.936888 -25.928028 -12.294175 17.427919 -33.952980 -13.003996 -24.860861 -22.966166 -13.482790 13.429103 -2.502004 2.555222 0.221534 -1.929150 13.944531 0.951877 8.350145 0.597562 -7.095797 -7.838802 5.050049 -14.683627 20.096682 -9.514349 -2.318444 -30.879427 2.989955 12.405536 -7.193763 8.781848 -13.020952 1.687971 -9.883825 28.016327 -4.610969 -2.179129 0.016040 5.962809 -1.513021 7.792319 28.522467 -1.136559 24.698326 -32.174435 -13.013532 31.648544 1.832697 2.666435 -1.452670 -27.164501 -30.403107 17.493456 4.038350 -4.556129 -3.276495 -14.186777 2.173172 18.558878 1.801739 6.721981 -1.759870 -5.892583 1.520369 -7.945123 -17.017206 -1.063675 -4.449461 -7.642430 -46.229778 2.225435 6.339519 3.662765 -9.668723 16.303310 -38.779240 -14.039548 7.995571 -17.378011 9.119644 -13.092188 -16.440443 10.510245 0.489410 0.759067 0.026672 
-19.394205 103.040306 -1.103305 10.941992 27.858629 15.399524 3.525520 13.066613 -0.141035 -8.476850 2.572184 -15.450305 2.476513 20.537434 4.918210 -2.605834 1.991918 0.570205 2.617718 14.371534 2.544660 3.589760 -0.441068 4.146209 3.560523 16.497322 2.831939 -0.175313 0.715109 -6.151022 0.583825 9.835186 3.249744 0.423129 -0.421103 1.163050 3.142697 11.723290 7.161439 -2.114455 15.350997 3.459965 9.604455 -4.603201 13.832910 12.286123 17.271573 -6.718260 -25.926083 -12.288011 17.427052 -33.568013 -13.209919 -24.501294 -22.962599 -13.481860 13.432867 -2.629525 2.906689 -0.077976 -1.932756 13.943589 0.950276 8.568962 0.726599 -7.249600 -7.838166 5.052571 -14.687361 20.143748 -9.452692 -2.154534 -30.877228 2.989502 12.402354 -6.367674 8.444470 -12.168004 1.685017 -9.877384 28.018524 -4.141798 -2.330505 0.220674 5.967295 -1.512470 7.793423 28.392596 -0.441019 24.050428 -32.174896 -13.011474 31.641571 1.793480 2.574278 -1.431727 -27.158186 -30.404760 17.493410 4.014610 -5.102535 -3.417787 -14.188091 2.166936 18.561117 1.564259 6.685302 -2.097426 -5.898216 1.519299 -7.942971 -16.683756 -0.736035 -4.484270 -7.641222 -46.219101 2.215876 7.295148 3.646203 -9.722757 16.300734 -38.778683 -14.044883 7.335407 -17.442283 9.087011 -13.092490 -16.442108 10.512630 0.591965 0.806905 -0.238689 
-18.734047 103.170700 -1.108707 10.665197 27.295784 15.209002 3.524199 13.072985 -0.141756 -8.673757 2.393460 -15.704669 2.477203 20.539534 4.920686 -2.759760 1.741885 0.613752 2.618814 14.372419 2.543864 4.003246 -0.539605 4.408989 3.559165 16.504551 2.829419 0.180981 0.878696 -6.132177 0.586410 9.835180 3.249409 0.564653 -0.396510 0.954879 3.143341 11.725165 7.166146 -2.127871 15.410999 3.477566 9.604201 -4.602377 13.837195 12.790834 17.588859 -6.340092 -25.929844 -12.279448 17.430294 -33.423049 -13.414429 -24.553577 -22.964552 -13.481620 13.429857 -2.541836 2.515705 -0.168718 -1.935060 13.940932 0.953578 8.715507 0.673570 -7.522060 -7.836442 5.051160 -14.685658 20.036975 -10.015906 -1.936145 -30.880098 2.989859 12.400830 -6.010253 8.321940 -11.717550 1.690822 -9.880566 28.017664 -4.201648 -2.562663 0.070732 5.969812 -1.514545 7.794058 28.443711 -0.811783 24.106125 -32.174210 -13.008747 31.638565 1.632021 2.224901 -1.762278 -27.159534 -30.401896 17.492586 3.828959 -5.217807 -3.188028 -14.184793 2.166420 18.565151 1.432147 6.767140 -2.166174 -5.901065 1.524072 -7.938463 -16.526404 -0.930944 -4.574268 -7.646793 -46.220375 2.216034 7.104303 3.349049 -9.930307 16.301315 -38.778149 -14.051023 7.438931 -17.337088 8.909164 -13.093091 -16.443005 10.515719 0.669905 0.921729 -0.007627 
-18.567881 103.605667 -0.925062 11.013469 27.385782 15.424734 3.530090 13.071147 -0.140946 -8.670980 2.601158 -15.936457 2.483222 20.541952 4.918222 -2.662811 1.864072 0.605199 2.622680 14.367713 2.545628 3.648469 -0.338194 4.759831 3.560279 16.501299 2.826288 0.225487 1.241216 -5.880504 0.584666 9.838099 3.250840 0.574280 -0.493016 1.319258 3.145475 11.726519 7.165631 -2.442072 15.688140 3.749514 9.605694 -4.602988 13.831026 12.678922 17.468994 -6.374438 -25.931648 -12.283615 17.429817 -33.725838 -13.992475 -24.992799 -22.957369 -13.486793 13.431030 -2.518649 2.407471 -0.033890 -1.928449 13.938278 0.953984 8.465788 0.432422 -7.617994 -7.830900 5.055958 -14.684624 19.731515 -9.944738 -2.241181 -30.883987 2.994890 12.399982 -5.833855 9.121151 -11.364611 1.692141 -9.880033 28.015331 -4.295705 -2.325280 0.127918 5.966030 -1.518877 7.798055 28.830618 -1.217879 24.969616 -32.171967 -13.015997 31.638718 0.607983 2.237865 -2.492638 -27.155821 -30.401953 17.488235 3.813897 -5.195429 -3.335136 -14.192256 2.163875 18.563852 1.624366 6.603526 -2.142695 -5.895078 1.516341 -7.938710 -15.892011 -0.995019 -4.549641 -7.641887 -46.223591 2.214857 5.644911 3.064575 -10.041037 16.301294 -38.778912 -14.046801 7.913126 -17.047088 9.287048 -13.096400 -16.444511 10.512827 0.568633 1.113063 -0.021281 
-18.848566 104.305511 -0.577401 11.604137 26.521175 15.047571 3.533100 13.076704 -0.142846 -9.195897 2.407393 -16.482179 2.482305 20.542328 4.919082 -2.447495 1.923124 0.538246 2.625722 14.370731 2.547315 3.503066 -0.340362 4.637757 3.556459 16.493675 2.827405 0.208237 1.333999 -5.417129 0.580646 9.834595 3.250904 0.725684 -0.226533 1.765784 3.150098 11.722473 7.167299 -2.483228 16.229942 3.966147 9.607320 -4.606412 13.831185 13.001135 17.812358 -6.031790 -25.928885 -12.282322 17.427164 -33.447546 -14.515101 -25.280632 -22.959341 -13.491817 13.434741 -2.638209 2.597433 0.159424 -1.927043 13.943689 0.950971 8.404425 0.131990 -7.915432 -7.828549 5.051794 -14.681527 19.331541 -11.061945 -1.979535 -30.881895 2.998810 12.396285 -6.074023 9.947085 -10.950337 1.696424 -9.875540 28.017189 -4.446448 -2.032955 0.238188 5.968453 -1.519427 7.797605 29.272493 -2.464666 26.452238 -32.170631 -13.014194 31.635931 -0.627574 1.733155 -3.072142 -27.156946 -30.408352 17.492430 3.891926 -4.635491 -3.204873 -14.190942 2.164223 18.557417 1.913544 6.798075 -2.167711 -5.885759 1.516571 -7.946732 -15.540909 -1.245834 -4.532092 -7.647927 -46.231556 2.215513 3.457317 3.046285 -10.557690 16.299189 -38.767792 -14.045484 9.241065 -17.075601 9.244372 -13.093369 -16.438784 10.515096 0.772682 1.429564 -0.417967 
-19.407236 105.160118 -0.112460 12.613280 26.080266 14.915255 3.540866 13.079996 -0.153596 -9.902420 2.247720 -16.787854 2.481313 20.543596 4.918344 -2.949043 2.058297 0.441400 2.635015 14.370070 2.555560 3.036530 -0.245054 4.812889 3.564404 16.497112 2.820868 0.331346 1.465999 -4.862669 0.575390 9.833007 3.250498 0.703258 -0.131068 2.165558 3.158337 11.715610 7.164018 -2.621055 16.864560 4.067943 9.607789 -4.604672 13.834526 12.964617 17.942984 -5.417174 -25.920160 -12.286435 17.424681 -33.751352 -14.998943 -25.580165 -22.962330 -13.497917 13.427642 -2.419491 2.315218 0.406908 -1.921562 13.946241 0.947000 8.424583 -0.355619 -8.024849 -7.827196 5.043477 -14.670801 18.712953 -12.024791 -1.638423 -30.887407 3.007753 12.397762 -6.242708 10.865724 -10.779700 1.704865 -9.880882 28.016840 -4.692358 -1.809098 0.337968 5.968972 -1.515792 7.807067 30.179959 -4.061317 27.899265 -32.170345 -13.018555 31.625238 -1.905944 1.148077 -4.007541 -27.158417 -30.411982 17.490757 3.610631 -4.410724 -3.252227 -14.187937 2.163058 18.554695 2.216228 6.841155 -2.085491 -5.876892 1.517102 -7.950457 -15.135513 -1.708874 -4.486722 -7.646156 -46.243671 2.222817 1.055010 2.998278 -11.034031 16.296791 -38.759773 -14.043991 10.578474 -16.947503 9.179879 -13.087880 -16.438873 10.513488 0.334894 1.863434 -0.738021 
-20.021688 106.030663 0.410976 13.806464 25.507538 15.153007 3.543167 13.079778 -0.157243 -10.137695 1.926456 -17.481688 2.479920 20.545424 4.919178 -3.028836 2.227804 0.309149 2.647031 14.372291 2.556635 2.741965 -0.430039 5.100828 3.564930 16.492022 2.816608 0.733273 1.944031 -3.982951 0.573088 9.834371 3.252467 0.545680 0.255873 2.645859 3.160904 11.711193 7.166298 -2.711740 17.681777 4.361449 9.607114 -4.600691 13.835214 13.237232 18.434105 -4.960243 -25.916866 -12.287807 17.414871 -34.298980 -15.689645 -25.930328 -22.960161 -13.497962 13.424198 -2.045346 2.230941 0.579865 -1.918794 13.948203 0.945767 8.166437 -0.714482 -8.598972 -7.826226 5.038826 -14.670944 17.550437 -12.662635 -1.160421 -30.889473 3.015484 12.387840 -6.617524 12.111431 -10.892542 1.707165 -9.878336 28.016138 -5.408471 -1.357435 0.353707 5.972952 -1.523211 7.819133 30.745516 -5.677157 30.081734 -32.168972 -13.023267 31.621414 -2.929279 1.087209 -4.697258 -27.153996 -30.410351 17.494394 3.167179 -3.596883 -3.242378 -14.187325 2.154794 18.547024 2.545790 6.967278 -2.150959 -5.869074 1.513579 -7.955706 -14.467008 -2.219726 -4.531059 -7.647865 -46.249481 2.226240 -1.599067 2.712528 -11.543012 16.298027 -38.751568 -14.036892 11.728983 -16.658304 9.771570 -13.084322 -16.429958 10.516795 0.368494 2.098483 -0.945693 
-20.491827 106.822296 0.918878 14.927838 24.971192 15.756475 3.552864 13.084705 -0.163417 -10.604426 1.763694 -17.799907 2.478594 20.542978 4.916427 -3.095147 3.058518 0.264179 2.654659 14.371699 2.559412 2.510382 -0.374659 5.037759 3.566319 16.485207 2.810197 0.530799 2.327469 -3.352779 0.571348 9.829109 3.254989 0.737239 0.677107 3.286145 3.167182 11.697383 7.159187 -3.129489 18.302160 4.843102 9.611670 -4.603746 13.829145 13.268850 19.065367 -4.431828 -25.915682 -12.285066 17.414747 -34.576812 -16.728752 -26.554425 -22.956903 -13.502141 13.424394 -1.868309 1.831335 0.911106 -1.911265 13.944854 0.944347 7.974543 -0.993009 -8.943231 -7.833296 5.032340 -14.662625 16.875550 -13.851718 -1.017232 -30.899349 3.018825 12.382935 -6.499324 13.105027 -10.607536 1.715575 -9.877505 28.013762 -5.501287 -0.847750 0.410159 5.977375 -1.522605 7.817743 31.257869 -6.819537 31.437684 -32.168434 -13.024072 31.609175 -4.119137 0.680079 -5.678744 -27.158632 -30.415791 17.496637 3.299061 -3.301589 -3.423233 -14.189460 2.150811 18.547544 2.656863 7.226005 -2.000954 -5.860456 1.514250 -7.957312 -14.254169 -2.840291 -4.931088 -7.646100 -46.255653 2.229930 -4.174281 2.425230 -11.684280 16.292448 -38.745731 -14.035722 12.813342 -16.392749 10.356265 -13.087719 -16.424543 10.514549 0.281498 2.034481 -1.020489 
-20.634562 107.464470 1.350327 15.314348 24.128323 15.489365 3.556688 13.090300 -0.165011 -10.975992 1.656268 -18.319870 2.477897 20.544527 4.914174 -3.522015 3.410377 0.465517 2.662777 14.372877 2.564011 2.277925 -0.172177 5.279019 3.566961 16.483126 2.808242 0.798509 2.462291 -2.591971 0.567517 9.827149 3.254291 0.446235 0.737524 3.398547 3.172431 11.694351 7.158887 -2.852049 18.889812 5.169408 9.608285 -4.604744 13.836133 13.237780 19.724155 -3.776332 -25.909079 -12.286716 17.404490 -35.200913 -17.397788 -27.066115 -22.959520 -13.505031 13.421274 -1.825987 1.538588 0.873494 -1.911266 13.940932 0.940244 7.770396 -1.330110 -9.154561 -7.830272 5.029350 -14.662772 16.427348 -14.683696 -0.895349 -30.897579 3.026782 12.378413 -6.673414 13.606445 -10.280055 1.718027 -9.879051 28.010550 -5.861613 -0.623111 0.387008 5.980444 -1.525869 7.825994 32.032781 -8.200171 32.506441 -32.169338 -13.027785 31.603844 -5.056460 0.317385 -6.226111 -27.156153 -30.419668 17.500671 3.253151 -3.280491 -3.611713 -14.186864 2.150050 18.541243 2.820787 7.265685 -1.956979 -5.855875 1.513367 -7.955812 -13.928658 -3.352045 -4.891068 -7.642619 -46.260197 2.229458 -5.907198 2.174126 -11.874655 16.284937 -38.739239 -14.033435 13.619008 -16.344677 10.495272 -13.088262 -16.418097 10.511125 -0.029518 2.171357 -1.170344 
-20.343809 107.959244 1.650324 16.389191 23.725762 15.890753 3.564977 13.095392 -0.170349 -11.373802 1.094055 -18.422801 2.482106 20.539114 4.911301 -3.445462 3.609142 0.091998 2.671325 14.376649 2.565296 2.107512 -0.185154 5.530760 3.567339 16.481791 2.807516 1.048286 3.242437 -2.446485 0.565254 9.823848 3.254410 0.652019 0.803245 3.385507 3.168362 11.697177 7.164828 -3.727601 19.510867 5.221275 9.610355 -4.600442 13.834856 13.491403 19.943575 -3.099280 -25.904455 -12.280047 17.409447 -36.073719 -17.709530 -26.450000 -22.956612 -13.503471 13.421861 -1.801302 1.783780 1.069532 -1.905685 13.942840 0.939625 7.949810 -1.733685 -9.395847 -7.831665 5.024313 -14.664663 15.947472 -15.222601 -0.633730 -30.901630 3.030330 12.371393 -6.189248 14.354578 -9.534487 1.724777 -9.877724 28.012096 -6.073832 -0.655193 0.515000 5.986446 -1.529624 7.833762 31.936144 -9.251008 33.695854 -32.167381 -13.032680 31.599176 -5.558963 0.085461 -6.570415 -27.146576 -30.412685 17.500523 2.967473 -2.947413 -3.447399 -14.185205 2.141194 18.536381 3.350145 7.387056 -1.987693 -5.852831 1.516699 -7.957271 -13.492397 -3.676945 -5.094298 -7.648971 -46.263229 2.236153 -7.355767 1.972000 -12.226654 16.285524 -38.732086 -14.035076 14.385972 -16.280574 10.515389 -13.077770 -16.412855 10.507657 -0.113034 2.170016 -1.166069 
-19.601748 108.286980 1.809944 16.911769 23.624774 16.222724 3.565186 13.104268 -0.169544 -11.184045 0.967430 -18.784202 2.476460 20.542759 4.912317 -3.346939 4.306313 0.119749 2.675155 14.374463 2.565257 1.938096 -0.230378 5.606415 3.561381 16.483885 2.804965 1.145925 3.395527 -1.921240 0.566892 9.818508 3.256045 0.477567 0.841205 3.729698 3.170335 11.694133 7.159316 -3.625461 19.840619 5.612163 9.611936 -4.595418 13.831520 13.897485 20.401377 -2.640603 -25.899046 -12.275575 17.408052 -36.416065 -18.426389 -27.086917 -22.949833 -13.507083 13.426137 -1.654044 1.215628 0.565714 -1.904549 13.938416 0.935630 8.025509 -1.961352 -9.371966 -7.837751 5.028075 -14.665771 16.141574 -16.055739 -0.893434 -30.905176 3.029284 12.362448 -5.460155 14.631872 -8.380978 1.729335 -9.875956 28.010002 -5.882802 -0.517694 0.378497 5.985444 -1.529893 7.829828 32.321589 -9.995794 33.972429 -32.167809 -13.035143 31.597868 -6.132998 -0.214914 -6.973044 -27.149845 -30.411554 17.504932 2.864238 -3.283050 -3.561198 -14.184862 2.137089 18.535625 3.541949 7.340907 -1.969065 -5.848692 1.512973 -7.955636 -13.446677 -3.893345 -5.341101 -7.653650 -46.263008 2.237010 -8.257097 1.675388 -12.442234 16.286770 -38.736599 -14.041471 14.550992 -16.274582 10.817342 -13.080109 -16.406166 10.511897 -0.162042 2.272163 -1.155629 
-18.467964 108.473518 1.836697 16.630150 23.150609 16.005237 3.562209 13.112362 -0.163641 -11.350352 0.797572 -19.120329 2.469053 20.548847 4.907815 -3.539494 4.145568 0.375207 2.680271 14.369944 2.569458 2.062658 -0.110986 5.974937 3.556146 16.483810 2.804175 1.555657 3.275292 -1.924920 0.574178 9.818852 3.260435 0.408257 0.964636 3.688963 3.171585 11.695490 7.158538 -3.718683 20.330126 5.593116 9.613313 -4.602820 13.831918 14.288700 20.583979 -2.105015 -25.899715 -12.270453 17.406605 -36.765580 -19.096692 -27.272532 -22.948647 -13.503074 13.423957 -1.508342 1.574969 0.333649 -1.905456 13.932569 0.934613 8.173499 -2.415440 -9.397180 -7.836768 5.024981 -14.671833 16.465711 -16.756127 -1.121937 -30.909285 3.039319 12.355114 -4.514078 14.598667 -6.837911 1.727042 -9.872171 28.010193 -5.926678 -0.768364 0.452585 5.988586 -1.533054 7.834930 32.550489 -9.958475 34.114951 -32.172993 -13.035600 31.590269 -6.391539 -0.580051 -6.969829 -27.149643 -30.414888 17.504139 3.046560 -3.525149 -3.721968 -14.190444 2.135065 18.536057 3.362765 7.467482 -1.965960 -5.854479 1.514671 -7.948237 -13.120662 -4.078155 -5.229705 -7.657921 -46.262844 2.240072 -9.048279 1.581342 -12.355657 16.289892 -38.730732 -14.049905 14.576853 -16.370647 11.088276 -13.082309 -16.407043 10.514796 -0.245830 2.359864 -1.295298 
-17.044832 108.523026 1.737538 16.815014 23.157287 16.310101 3.561337 13.118505 -0.161472 -10.851288 0.722531 -19.184950 2.471210 20.549080 4.905143 -3.272169 3.844234 0.399483 2.676039 14.365235 2.563114 2.007302 -0.091215 6.005544 3.552566 16.490227 2.804925 1.623097 3.709601 -1.674547 0.568849 9.815289 3.259116 0.566022 0.382920 3.468569 3.168652 11.694058 7.161502 -3.927687 20.532776 5.815054 9.619380 -4.597046 13.828563 14.368304 20.282411 -1.851604 -25.895126 -12.262527 17.406637 -37.572393 -19.312254 -27.488084 -22.940451 -13.504123 13.427186 -1.592276 1.317304 -0.434639 -1.900993 13.930327 0.933531 8.197689 -2.539678 -9.568781 -7.836520 5.031083 -14.674389 17.092342 -16.952512 -1.543471 -30.908735 3.037781 12.352547 -3.205862 14.425093 -4.975731 1.727145 -9.874649 28.005869 -5.669006 -1.118686 0.691348 5.981694 -1.539835 7.830759 32.421986 -10.225722 34.042380 -32.176327 -13.039092 31.588964 -6.904579 -0.514308 -7.215852 -27.133867 -30.406601 17.505394 3.214023 -3.949516 -3.770374 -14.193666 2.134131 18.535107 3.602778 7.347814 -2.627287 -5.854557 1.510973 -7.945073 -12.624149 -3.929980 -5.251888 -7.662428 -46.256546 2.239887 -8.838954 1.308401 -12.581122 16.297411 -38.742081 -14.059085 14.580285 -16.095366 10.834860 -13.074582 -16.403513 10.512125 -0.265120 1.941232 -1.178758 
-15.442989 108.426903 1.539352 16.716750 23.203541 16.786752 3.555099 13.127655 -0.159812 -10.702255 0.729827 -19.196981 2.466373 20.551331 4.902260 -2.971915 3.478131 0.650346 2.671620 14.357967 2.561045 2.398679 0.244542 6.090555 3.542717 16.496637 2.803705 1.764261 3.664759 -1.925840 0.577468 9.819109 3.262800 0.538880 0.156978 3.264985 3.168439 11.701258 7.164295 -4.090104 21.196765 6.035362 9.621318 -4.596870 13.824789 15.050520 20.080551 -1.315848 -25.893869 -12.257735 17.405693 -38.274649 -19.468846 -27.712639 -22.938986 -13.502643 13.427481 -1.653057 1.251249 -1.171088 -1.904288 13.928023 0.936142 8.514755 -3.054416 -9.587074 -7.836607 5.037538 -14.677979 17.849776 -17.473111 -1.771933 -30.909868 3.037069 12.344706 -2.109165 14.006407 -3.051108 1.733536 -9.870091 28.002472 -5.203099 -1.280740 0.857861 5.984197 -1.545504 7.828149 32.430209 -10.068000 33.547505 -32.182079 -13.040434 31.586273 -7.086934 -0.536776 -7.002955 -27.137291 -30.399027 17.500055 3.280794 -4.498168 -3.838466 -14.193767 2.137948 18.540586 3.525569 7.401921 -2.302338 -5.861866 1.513331 -7.936255 -12.547271 -3.987520 -4.976900 -7.669277 -46.251648 2.238796 -8.742162 1.098085 -12.527708 16.300961 -38.745968 -14.064647 13.779896 -16.034079 10.935501 -13.079943 -16.404217 10.516997 -0.085541 2.231139 -1.416988 
-13.770252 108.211647 1.245245 16.184495 23.239213 16.825689 3.544931 13.131576 -0.157364 -10.649540 0.541850 -19.384529 2.455698 20.558243 4.905928 -2.913207 3.085318 0.817137 2.665210 14.360555 2.562818 2.794196 0.130087 6.455759 3.530169 16.504009 2.802956 1.678838 3.256814 -2.211053 0.578383 9.815195 3.269114 0.614193 -0.230399 3.116762 3.169011 11.695868 7.165408 -4.286707 21.556429 5.411044 9.621694 -4.598629 13.826951 15.370545 20.273178 -1.245882 -25.889568 -12.251941 17.408169 -38.915078 -20.515696 -27.798754 -22.938044 -13.499355 13.432138 -1.262577 1.093180 -1.746919 -1.908825 13.923355 0.933544 8.826132 -2.953366 -9.763399 -7.828693 5.033873 -14.681133 18.988660 -18.068680 -2.277712 -30.911755 3.039554 12.344523 -0.846512 13.490235 -1.059048 1.729528 -9.862827 27.998539 -4.835734 -1.249474 1.249105 5.986725 -1.547835 7.826625 32.042122 -9.760620 33.156767 -32.187859 -13.039409 31.580246 -7.367040 -0.548438 -7.039606 -27.140560 -30.399405 17.501143 3.508342 -5.174839 -4.763708 -14.202091 2.137847 18.544102 3.148809 6.969070 -2.894707 -5.870370 1.515677 -7.924195 -12.300130 -3.837857 -4.735586 -7.674631 -46.245613 2.232857 -8.616542 0.710809 -12.675221 16.307653 -38.746075 -14.081920 13.394675 -16.023467 11.298189 -13.080561 -16.404524 10.524970 0.064775 2.289290 -1.496987 
-12.109183 107.900658 0.896593 16.073039 23.788024 17.436662 3.534704 13.133531 -0.157172 -10.146031 0.739680 -19.153300 2.457184 20.565813 4.905330 -3.091079 2.990902 0.998450 2.658181 14.358926 2.564704 3.005024 0.544632 6.643453 3.524139 16.513561 2.805483 1.375659 2.678749 -2.624367 0.577976 9.817317 3.274819 0.602195 -0.495951 2.712488 3.163157 11.702392 7.160167 -4.707789 22.423632 5.382181 9.626710 -4.599596 13.822088 15.638080 20.280336 -1.268298 -25.888905 -12.250072 17.408934 -39.798303 -20.585919 -28.288519 -22.939474 -13.492073 13.439472 -1.168530 1.192095 -2.317240 -1.908865 13.923176 0.937816 9.036219 -2.857164 -9.800914 -7.826518 5.044207 -14.687576 19.937951 -18.155439 -2.583276 -30.913824 3.038787 12.342066 0.212788 12.780660 0.639770 1.730745 -9.858004 27.996967 -4.356462 -1.191711 1.530595 5.986213 -1.550727 7.832656 31.752870 -9.411853 32.628490 -32.194038 -13.041835 31.579618 -7.058582 -0.057992 -6.820898 -27.145096 -30.393099 17.501434 3.824579 -5.926263 -5.255140 -14.203963 2.142883 18.547981 3.087649 6.597374 -3.138960 -5.878081 1.519060 -7.911695 -12.262619 -3.642558 -4.426149 -7.680927 -46.247681 2.227950 -7.965735 0.800419 -12.655261 16.314320 -38.752373 -14.090711 12.724174 -16.094468 11.226256 -13.085954 -16.402529 10.525198 0.059114 2.260877 -1.759913 
-10.506684 107.505379 0.509270 15.841452 24.213704 17.615574 3.523191 13.137956 -0.159469 -9.937708 0.981949 -19.205961 2.453004 20.569359 4.902903 -2.719865 3.022469 1.200886 2.649309 14.360859 2.562426 3.251589 0.800703 6.839950 3.520389 16.521067 2.804407 1.085003 2.380541 -3.252565 0.579782 9.815635 3.277215 0.777870 -0.812600 2.807937 3.162248 11.712434 7.158782 -4.755355 22.296553 5.064375 9.632829 -4.595986 13.820088 15.967475 20.451786 -1.576371 -25.884108 -12.255877 17.409779 -40.449012 -20.952550 -28.675945 -22.943449 -13.493496 13.443817 -1.323027 1.269473 -3.200947 -1.915531 13.918829 0.934266 9.540652 -2.777952 -9.826713 -7.820418 5.046101 -14.688738 21.309309 -18.438038 -3.253015 -30.906763 3.028161 12.348989 0.992605 11.979296 2.134299 1.737329 -9.855459 27.994911 -3.977492 -1.410091 1.937980 5.978777 -1.558205 7.824323 31.556591 -8.896736 31.800357 -32.196415 -13.040091 31.584923 -7.331559 0.061113 -6.528953 -27.148508 -30.388821 17.506655 4.171963 -6.437171 -5.528999 -14.203560 2.151298 18.552322 3.042629 5.909304 -3.072860 -5.884146 1.516774 -7.905013 -12.496529 -3.065355 -3.977173 -7.684844 -46.247864 2.223594 -7.303123 0.834029 -12.554208 16.319324 -38.757515 -14.100003 12.001105 -15.808864 11.156370 -13.090055 -16.402069 10.525884 -0.148427 1.998594 -2.074542 
-8.960135 107.088181 0.126033 15.952585 24.810894 18.375487 3.512318 13.138759 -0.154996 -9.416468 1.162207 -18.938820 2.448008 20.572353 4.903105 -2.405318 2.998709 1.487605 2.643113 14.362161 2.563400 3.221156 0.866141 7.017444 3.514279 16.514977 2.805127 1.082244 2.089058 -3.629355 0.582122 9.820081 3.286136 0.935439 -1.222030 2.796270 3.154730 11.721199 7.154433 -5.160730 22.821096 4.618781 9.633670 -4.591028 13.813007 16.153695 20.637420 -2.122796 -25.874979 -12.257242 17.408728 -40.948948 -21.361458 -28.665863 -22.943121 -13.481214 13.445614 -0.769867 1.408817 -3.954392 -1.920377 13.914406 0.939968 9.695131 -2.777732 -9.957255 -7.820705 5.053124 -14.696304 22.247524 -18.180893 -3.497981 -30.904999 3.026742 12.349623 1.718227 11.280708 3.354952 1.733435 -9.850786 27.997551 -3.637145 -1.964763 2.076012 5.978588 -1.561754 7.828251 31.037606 -8.137605 31.091930 -32.199871 -13.036011 31.585787 -6.992878 0.487759 -5.999390 -27.146688 -30.379448 17.508074 4.356620 -7.077123 -5.978502 -14.208909 2.146413 18.556456 2.904399 5.824488 -3.308051 -5.888834 1.516302 -7.899373 -12.853004 -2.548024 -3.577692 -7.686621 -46.241337 2.218917 -6.568102 0.882733 -12.305114 16.326981 -38.765476 -14.104683 11.290056 -15.705508 11.469612 -13.093674 -16.399397 10.526714 -0.432287 1.930901 -2.350744 
-7.471306 106.695938 -0.236497 16.149081 25.412829 18.871777 3.505464 13.139334 -0.156579 -9.030711 0.796820 -18.555756 2.447886 20.577517 4.906507 -2.418393 3.165826 1.485847 2.639022 14.361978 2.563437 3.499140 0.920595 7.000727 3.515144 16.521315 2.803771 0.780922 1.651065 -4.160118 0.583197 9.819455 3.291784 0.883270 -1.427283 2.696882 3.144116 11.725914 7.148180 -5.253840 23.045804 4.245926 9.634336 -4.588654 13.810442 16.815917 20.961401 -2.119823 -25.867430 -12.263660 17.407993 -42.410741 -21.590645 -28.715423 -22.944695 -13.473941 13.453311 -0.592039 1.442358 -4.348769 -1.924635 13.916395 0.934644 10.231045 -2.537368 -10.159201 -7.810156 5.056218 -14.703818 23.525355 -17.916630 -4.205210 -30.904179 3.023505 12.351859 2.614662 10.815293 4.423795 1.733981 -9.845150 27.998245 -2.928354 -1.734205 2.364185 5.970752 -1.564374 7.832586 30.458935 -7.790530 30.702902 -32.199493 -13.041812 31.584887 -6.714253 0.734406 -5.751462 -27.142570 -30.375025 17.505785 4.282141 -7.544169 -6.555537 -14.206658 2.150956 18.559248 3.113697 5.324936 -3.444751 -5.899965 1.514015 -7.887071 -12.683487 -2.065939 -3.340914 -7.690945 -46.241997 2.221209 -5.893884 0.932177 -12.342998 16.329929 -38.762569 -14.108294 11.015440 -15.449413 11.210219 -13.101003 -16.398035 10.530339 -0.638548 2.124455 -2.436998 
-6.045334 106.383064 -0.561513 16.421947 26.082517 19.169315 3.495651 13.144773 -0.163701 -8.617458 1.022121 -18.540286 2.438299 20.583086 4.900566 -2.288120 3.554921 1.656593 2.636856 14.369589 2.564433 3.688596 1.035123 7.211085 3.515989 16.521692 2.801725 0.704107 1.086411 -4.618297 0.587378 9.818441 3.295379 1.053780 -1.165309 3.095310 3.148271 11.730968 7.141357 -5.654084 23.592740 3.865590 9.636490 -4.585063 13.811765 16.622928 21.849816 -2.498712 -25.860636 -12.267036 17.408539 -43.536722 -22.229691 -28.852912 -22.951078 -13.469352 13.458158 -0.287444 1.278380 -4.955414 -1.926228 13.916941 0.931822 10.802761 -2.474690 -10.119985 -7.814298 5.056597 -14.705414 24.668302 -18.404025 -4.929820 -30.909899 3.023585 12.356771 3.261962 10.378889 5.517791 1.735921 -9.847785 28.003548 -2.719606 -1.820795 2.677397 5.970332 -1.571158 7.832882 30.283539 -7.415487 30.074723 -32.207584 -13.040257 31.583267 -6.355371 0.861135 -5.299222 -27.153585 -30.374060 17.511370 4.501525 -7.862700 -6.735550 -14.210508 2.150881 18.567514 3.047378 4.789152 -3.303657 -5.905535 1.516099 -7.880993 -13.242830 -1.946824 -2.905015 -7.692843 -46.246548 2.224744 -5.849362 1.296067 -12.133414 16.333523 -38.763008 -14.120480 10.702530 -15.487975 11.297258 -13.110085 -16.395905 10.533407 -1.028772 2.093477 -2.637845 
-4.689782 106.117447 -0.852151 16.983079 26.888018 19.601320 3.490742 13.145789 -0.163957 -8.129169 0.848305 -18.339285 2.441465 20.590319 4.904175 -2.072695 3.763317 1.572302 2.637054 14.372731 2.561848 3.805318 0.999835 7.491666 3.512416 16.519840 2.805755 0.427539 0.642210 -5.366315 0.586726 9.824251 3.298530 1.215418 -1.193103 3.263466 3.141826 11.741353 7.131752 -5.749190 23.640128 3.603524 9.633247 -4.583381 13.805698 16.975356 22.742693 -2.807587 -25.854633 -12.272463 17.407867 -44.948423 -22.824518 -28.710980 -22.953917 -13.462911 13.463832 0.268413 0.978045 -5.318036 -1.926655 13.910595 0.933375 11.129284 -2.309448 -10.172558 -7.808606 5.058285 -14.709619 25.423036 -18.202847 -5.603740 -30.910004 3.020186 12.359533 4.058472 10.173344 6.757957 1.736852 -9.841850 28.004419 -2.271646 -1.990381 2.546404 5.964947 -1.575491 7.832897 29.699087 -7.195556 29.878997 -32.210648 -13.040200 31.589041 -5.998830 0.931066 -4.903176 -27.146589 -30.369207 17.511446 4.258982 -8.241730 -7.028993 -14.209897 2.149925 18.571133 3.341046 4.196496 -3.683508 -5.913043 1.517193 -7.869850 -13.447498 -1.848431 -2.697536 -7.694904 -46.250996 2.229012 -5.844644 1.077582 -11.908819 16.336702 -38.761547 -14.123204 10.556008 -15.564493 11.445282 -13.114027 -16.391298 10.536325 -1.520328 2.204212 -2.838567 
-3.451168 105.855553 -1.114197 17.459425 27.107315 20.599927 3.481043 13.144845 -0.165171 -7.710232 1.050154 -18.075332 2.434434 20.585743 4.905005 -2.143369 3.639252 1.589404 2.629725 14.371182 2.561896 4.099798 1.050451 7.096133 3.511867 16.513926 2.804527 0.039687 0.130303 -5.595888 0.587800 9.823829 3.306907 1.382731 -1.493430 3.325567 3.142116 11.741255 7.125236 -6.251891 24.172845 3.356353 9.637073 -4.584774 13.812064 17.047194 23.366364 -2.812997 -25.848635 -12.276011 17.402992 -45.607953 -22.920933 -28.970544 -22.959127 -13.453469 13.463799 0.329422 0.875049 -5.796625 -1.934395 13.910939 0.928903 11.396931 -2.146741 -10.505508 -7.805648 5.062949 -14.710141 26.809672 -18.401348 -6.097800 -30.906519 3.017071 12.365765 4.776223 9.389032 7.554573 1.734419 -9.835260 28.004608 -1.859825 -1.918327 2.674546 5.962957 -1.579903 7.831353 29.488249 -7.186774 29.644257 -32.210625 -13.039791 31.585405 -5.784193 1.319175 -4.467928 -27.148439 -30.363525 17.514927 4.514054 -8.587407 -7.422762 -14.207273 2.155735 18.572834 3.289898 3.793632 -3.254847 -5.919812 1.513774 -7.863334 -13.854504 -1.596154 -2.213535 -7.686125 -46.247822 2.224807 -5.424835 1.093378 -11.878967 16.333488 -38.759983 -14.124567 10.480953 -15.653358 11.669432 -13.121664 -16.387255 10.533868 -1.550859 2.311297 -2.732077 
-2.387303 105.588806 -1.357014 18.283824 27.548262 20.961260 3.475578 13.145134 -0.174754 -7.348263 0.921537 -17.806120 2.434879 20.591135 4.903963 -2.420320 3.851515 1.259901 2.635267 14.376628 2.562510 3.995064 1.222060 7.375170 3.508804 16.518246 2.803174 -0.038816 -0.047674 -6.046642 0.586013 9.824384 3.305861 1.629417 -1.347282 3.357914 3.141431 11.744632 7.115661 -6.276098 24.245117 2.985345 9.639047 -4.583347 13.810808 17.200570 24.050384 -3.170287 -25.840828 -12.281975 17.402174 -46.883955 -23.334964 -28.900993 -22.963179 -13.448191 13.466296 0.890605 0.718687 -6.069429 -1.929353 13.906754 0.925418 11.831003 -1.809260 -10.187856 -7.804224 5.064951 -14.707518 27.645947 -18.484561 -6.875530 -30.904921 3.019412 12.369336 5.323103 9.264089 8.252071 1.732965 -9.835087 28.005423 -1.600077 -1.988607 2.554712 5.956397 -1.588105 7.832261 29.276004 -7.130770 29.273132 -32.212063 -13.041781 31.579987 -5.269428 1.317479 -4.054107 -27.144653 -30.361965 17.520237 4.490170 -9.031535 -7.804026 -14.204874 2.151403 18.579308 3.519594 3.147633 -3.549508 -5.924306 1.515533 -7.854277 -14.124547 -1.373429 -2.068009 -7.689364 -46.251808 2.230800 -4.993565 0.983379 -11.826989 16.338467 -38.758755 -14.130392 10.337683 -16.103484 11.759117 -13.124471 -16.383434 10.532948 -1.725028 2.090922 -2.736295 
-1.588449 105.325630 -1.552169 18.385356 27.689177 21.154076 3.476021 13.142118 -0.173153 -7.249702 1.189438 -17.732944 2.437218 20.592108 4.902676 -2.236436 4.331148 1.402381 2.633465 14.383035 2.563615 3.754520 1.088869 7.113311 3.506034 16.515024 2.805647 -0.469899 -0.329142 -6.328075 0.586972 9.827483 3.306359 1.585424 -1.430682 3.500123 3.140338 11.749771 7.105330 -6.549925 24.243142 2.750812 9.645164 -4.583002 13.809643 17.738162 24.286891 -3.359151 -25.835358 -12.287561 17.403337 -47.302017 -23.386436 -29.169819 -22.966299 -13.449477 13.474566 0.489144 0.800097 -6.362350 -1.934803 13.908208 0.922897 12.331817 -1.778219 -10.102308 -7.804467 5.064486 -14.708591 28.564795 -17.972060 -7.372956 -30.896988 3.012027 12.375303 5.466843 9.177229 8.733031 1.739699 -9.835588 28.007339 -1.148910 -1.943837 2.910961 5.956749 -1.588691 7.828991 29.103757 -6.919695 28.968243 -32.211674 -13.041202 31.588211 -5.212275 1.409714 -3.961905 -27.145123 -30.358610 17.528240 4.680258 -9.492758 -7.938628 -14.202722 2.159354 18.578384 3.540968 2.876226 -3.281994 -5.929096 1.511757 -7.851016 -14.527213 -1.355474 -2.270511 -7.689573 -46.250946 2.224532 -4.843305 1.249696 -11.567925 16.335451 -38.759609 -14.132682 10.084047 -16.093823 11.350228 -13.125511 -16.385023 10.535821 -1.982568 1.940487 -2.784528 
-1.152908 105.118217 -1.666862 18.687690 28.163583 21.565926 3.468397 13.146685 -0.171216 -6.781933 1.112713 -17.785135 2.433584 20.590755 4.909020 -2.190907 4.401950 1.434053 2.629948 14.381710 2.561140 4.062543 1.086480 7.185358 3.508654 16.513527 2.807878 -0.213419 -0.477324 -6.470352 0.588583 9.824236 3.308522 1.811458 -1.343462 3.619457 3.141675 11.750006 7.109242 -6.539244 24.439501 2.660427 9.644020 -4.581756 13.810350 17.398611 24.839197 -3.595978 -25.833807 -12.284614 17.399376 -47.341264 -23.364103 -28.634544 -22.962250 -13.441592 13.474399 0.755838 0.681743 -6.480344 -1.936575 13.907090 0.925036 12.426768 -1.627185 -10.103996 -7.805190 5.061829 -14.705758 28.397606 -18.092404 -7.211292 -30.896997 3.011393 12.374730 5.706662 8.913774 9.037639 1.735698 -9.831349 28.007931 -1.216056 -2.306206 2.906468 5.956628 -1.589038 7.833333 29.056967 -6.731693 28.862699 -32.213848 -13.036592 31.584805 -4.717488 1.611876 -3.611650 -27.143938 -30.357983 17.524042 4.330666 -9.314343 -7.741822 -14.199208 2.157196 18.584883 3.557754 3.059726 -3.376383 -5.929392 1.510721 -7.851032 -14.817551 -1.336579 -2.008435 -7.684254 -46.247280 2.226331 -4.506045 1.296142 -11.550766 16.338743 -38.755062 -14.131682 10.062015 -16.161631 11.532669 -13.129278 -16.380106 10.529566 -2.212021 1.984363 -2.867288 
-1.201868 105.065620 -1.681231 18.172198 27.826904 21.102259 3.471997 13.145218 -0.171662 -7.158766 1.235400 -17.606307 2.436754 20.591719 4.905444 -2.417096 4.207756 1.380209 2.629375 14.384045 2.561069 3.729465 1.343169 6.987688 3.509107 16.517691 2.806982 -0.405306 -0.571457 -6.703502 0.585324 9.825609 3.305523 1.551488 -1.347503 3.560792 3.143145 11.750858 7.105926 -6.587875 24.253715 2.578414 9.644023 -4.584324 13.810469 17.396393 24.552276 -3.589141 -25.834681 -12.286631 17.401720 -47.255203 -23.337846 -28.930899 -22.969059 -13.441963 13.475820 0.494780 0.750569 -6.330589 -1.930066 13.907096 0.918893 12.534429 -1.522267 -10.058831 -7.804275 5.065634 -14.706047 28.842192 -17.875039 -7.688401 -30.898075 3.012258 12.373314 5.509842 8.887218 8.756371 1.736656 -9.832748 28.009336 -0.909177 -1.976377 2.856320 5.957946 -1.588089 7.827087 29.055659 -6.686293 28.456412 -32.207401 -13.041645 31.584671 -4.772336 1.345388 -3.518500 -27.148228 -30.361084 17.527376 4.547914 -9.733522 -7.974528 -14.200419 2.157001 18.583410 3.737403 2.726766 -3.048483 -5.930467 1.510687 -7.846988 -14.855404 -1.182120 -1.981859 -7.684592 -46.251942 2.225276 -4.095422 1.323754 -11.470441 16.334049 -38.755577 -14.132980 9.894546 -16.242666 11.409176 -13.129733 -16.385477 10.533019 -1.984733 1.927226 -2.561099 
-1.821292 105.178764 -1.557986 18.437425 27.813285 20.919375 3.473993 13.146510 -0.172574 -7.068281 1.088396 -17.460766 2.439913 20.591017 4.904918 -2.376944 4.110520 1.609677 2.631263 14.379719 2.562935 4.083501 1.309941 6.988032 3.506676 16.514877 2.806788 -0.051930 -0.243630 -5.995745 0.584282 9.827324 3.302670 1.642424 -1.215407 3.250196 3.140848 11.752034 7.113378 -6.296716 24.054690 2.818485 9.641067 -4.581425 13.809224 17.405714 23.983656 -3.568812 -25.839182 -12.286755 17.400896 -46.472293 -23.109955 -29.323040 -22.965916 -13.445548 13.468419 0.694444 0.709556 -6.195771 -1.937161 13.905392 0.928510 11.968529 -1.971234 -9.930582 -7.804668 5.066521 -14.713240 27.906731 -17.852414 -6.950178 -30.900059 3.019651 12.371140 5.372831 8.804385 8.182310 1.736122 -9.836677 28.008457 -1.216198 -2.330551 2.789781 5.956599 -1.587164 7.831895 29.200073 -6.459954 28.514848 -32.213444 -13.040053 31.587852 -4.814281 1.481102 -3.904417 -27.143684 -30.361744 17.521988 4.517582 -9.384766 -7.586469 -14.203361 2.152164 18.580692 3.350799 2.999177 -3.416417 -5.924258 1.513281 -7.855264 -14.527367 -1.373069 -2.123997 -7.687603 -46.248993 2.222484 -4.136868 1.366106 -11.623215 16.337725 -38.759117 -14.131573 9.982355 -16.283654 11.460517 -13.128208 -16.382881 10.532672 -2.049708 2.074073 -2.709415 
-2.977613 105.462288 -1.308593 17.549500 27.204667 20.300062 3.479300 13.142596 -0.167284 -7.560892 0.925235 -18.056886 2.438890 20.594954 4.906356 -2.043633 4.020475 1.512430 2.633793 14.379077 2.564991 3.762248 1.071164 7.319475 3.508486 16.518810 2.805201 -0.046249 -0.094481 -5.918655 0.588745 9.824185 3.300750 1.463565 -1.171125 3.292861 3.143695 11.744517 7.120898 -5.871106 23.880561 2.860037 9.632624 -4.580756 13.808846 17.116259 23.458211 -3.281963 -25.846016 -12.280599 17.403339 -45.739277 -22.996451 -28.923850 -22.961056 -13.456173 13.469663 0.457377 0.899920 -6.045792 -1.931441 13.909502 0.930559 11.641995 -1.852951 -9.993065 -7.807282 5.059544 -14.707431 27.119182 -17.843666 -6.483237 -30.902275 3.016367 12.369312 4.478735 9.484256 7.548121 1.733621 -9.833600 28.008245 -1.791897 -1.915642 2.747750 5.961340 -1.580848 7.829957 29.275468 -6.576609 28.931288 -32.213718 -13.040261 31.589104 -5.239767 1.242559 -4.262412 -27.146799 -30.369364 17.516708 4.511044 -8.954411 -7.552470 -14.206792 2.153044 18.578142 3.435093 3.545126 -3.714995 -5.919678 1.516639 -7.857127 -14.198737 -1.382135 -2.397252 -7.690400 -46.247734 2.228345 -4.475736 1.277515 -11.690799 16.336491 -38.761494 -14.128662 9.701211 -15.863931 11.706133 -13.120919 -16.389706 10.535767 -1.817063 2.342905 -2.785234 
-4.628335 105.861191 -0.948152 16.889987 26.667114 19.986062 3.487165 13.145617 -0.160164 -8.106429 1.138454 -18.403327 2.442083 20.588444 4.904059 -2.115848 3.771851 1.545368 2.632312 14.371705 2.565607 3.602170 1.071165 7.358531 3.510646 16.517538 2.808336 0.210665 0.635108 -5.553960 0.588110 9.823459 3.296377 1.259865 -1.378308 3.018790 3.146688 11.740203 7.132473 -5.580215 23.758900 3.352546 9.634657 -4.580585 13.808457 17.006719 22.340342 -3.073763 -25.858906 -12.271475 17.405331 -43.977563 -22.264419 -28.840986 -22.959156 -13.462127 13.463632 0.050405 1.038146 -5.519072 -1.926010 13.911054 0.937521 10.862339 -2.486151 -10.008425 -7.806924 5.062370 -14.708266 25.622128 -17.722271 -5.515449 -30.904280 3.022284 12.358685 3.698252 9.819233 6.499634 1.733175 -9.840522 28.013140 -2.147526 -1.886382 2.331981 5.968692 -1.572270 7.828277 29.834065 -6.615245 29.400098 -32.214481 -13.037672 31.588892 -5.849367 1.238889 -4.651148 -27.148907 -30.374149 17.514942 4.482924 -8.751909 -7.125787 -14.212586 2.148558 18.573530 3.224046 4.484728 -3.810042 -5.912519 1.518869 -7.867673 -13.840305 -1.717545 -2.807255 -7.697024 -46.252888 2.221638 -4.790275 1.281312 -11.644368 16.337675 -38.769718 -14.119576 9.971055 -15.729313 11.832316 -13.111770 -16.395121 10.537086 -1.416751 2.312963 -3.021312 
-6.677864 106.312408 -0.517441 16.201745 26.133588 18.971989 3.500885 13.142308 -0.158478 -8.655880 1.133298 -18.510373 2.448668 20.582747 4.904538 -2.189851 3.202098 1.510087 2.636804 14.362683 2.560369 3.709533 0.953727 7.250195 3.513484 16.517639 2.799271 0.519585 1.338983 -4.616205 0.587115 9.823059 3.293565 0.778381 -1.333614 3.199406 3.148425 11.733019 7.144506 -5.555211 23.207501 3.796766 9.634403 -4.584505 13.810711 16.403961 21.203562 -2.799301 -25.870472 -12.270899 17.412466 -42.713667 -21.885835 -28.864926 -22.946875 -13.472713 13.455330 -0.287522 1.230771 -4.817285 -1.923569 13.913058 0.938636 10.410938 -2.533565 -9.965696 -7.815037 5.059628 -14.711090 24.334497 -17.368181 -4.840934 -30.912371 3.022032 12.358633 2.739264 10.533399 4.563779 1.731138 -9.847727 28.004793 -2.905001 -1.520404 2.418519 5.972809 -1.568254 7.826239 29.887470 -6.963929 30.254750 -32.208344 -13.042488 31.591869 -6.345659 1.177989 -5.218975 -27.153591 -30.375217 17.509228 4.457606 -7.658901 -6.406957 -14.209973 2.150843 18.571127 3.187096 4.983013 -3.260029 -5.903093 1.510576 -7.882599 -13.324358 -2.081541 -2.989846 -7.693164 -46.246105 2.226772 -5.542606 1.103902 -12.208239 16.333963 -38.773590 -14.114231 10.118382 -15.337034 11.902274 -13.106172 -16.398264 10.535162 -0.836858 2.079702 -2.688301 
-9.070883 106.762772 -0.061135 15.523765 25.320696 17.873746 3.515745 13.137333 -0.151044 -9.392451 1.161043 -18.972741 2.455085 20.583904 4.907988 -2.497805 2.836115 1.583507 2.641605 14.358348 2.558346 3.645471 0.812988 7.006814 3.518513 16.525816 2.800533 1.017196 1.702831 -4.089399 0.586251 9.824092 3.281339 0.293818 -1.085167 2.697548 3.153535 11.716451 7.154469 -4.942284 22.261359 4.495371 9.632361 -4.586761 13.817160 16.308535 20.392249 -2.246412 -25.888041 -12.263559 17.411034 -40.868734 -20.726380 -28.392159 -22.941753 -13.485399 13.445602 -0.825957 1.414649 -3.897122 -1.922936 13.913887 0.941467 9.752163 -2.802512 -9.756764 -7.814382 5.054029 -14.703312 22.482008 -17.391630 -3.805736 -30.915352 3.030704 12.353450 1.471899 11.205541 2.455379 1.727840 -9.856095 28.002960 -3.493808 -1.696052 1.828821 5.975000 -1.557316 7.822040 30.745711 -7.416027 30.435442 -32.206516 -13.039934 31.591640 -6.613600 0.823817 -5.526193 -27.151182 -30.387079 17.506586 4.092363 -7.180393 -5.504846 -14.208605 2.149229 18.564114 3.168758 5.748611 -3.547036 -5.897744 1.515225 -7.892195 -12.851588 -2.634764 -3.488714 -7.691022 -46.246010 2.226274 -5.632566 1.039502 -12.036713 16.330088 -38.774414 -14.109666 10.816036 -15.512285 11.557201 -13.095857 -16.405758 10.534622 -0.608743 2.100260 -2.211492 
-11.822999 107.109741 0.359217 14.945002 24.226514 16.998191 3.532754 13.130051 -0.153064 -10.030964 1.155777 -19.028086 2.463555 20.576265 4.908128 -2.437906 2.693870 1.424371 2.649475 14.359782 2.563153 3.447947 0.570169 6.683269 3.528171 16.517052 2.804649 1.138942 2.534832 -3.388314 0.579115 9.825966 3.269826 0.116167 -0.739950 2.509263 3.161587 11.706797 7.167039 -4.118790 21.372417 4.701206 9.626222 -4.594860 13.824368 15.133792 19.360528 -2.402863 -25.896799 -12.265103 17.409323 -38.374226 -19.755216 -28.216647 -22.943192 -13.495966 13.444333 -1.351084 1.718951 -2.805296 -1.915833 13.925103 0.941885 8.851679 -2.744842 -9.243317 -7.819663 5.046957 -14.701880 20.771152 -16.379087 -2.978090 -30.912924 3.033977 12.357797 -0.386432 12.064563 -0.226746 1.726435 -9.862079 28.008596 -3.946978 -1.235318 1.610424 5.976831 -1.552616 7.816561 31.251107 -7.305212 31.183475 -32.203487 -13.038805 31.592075 -6.876704 0.510983 -6.153874 -27.147331 -30.400108 17.505480 4.180795 -6.078361 -4.864476 -14.208517 2.153183 18.556801 2.773294 6.648214 -3.576487 -5.883987 1.513343 -7.915318 -12.825611 -2.797559 -4.075478 -7.682377 -46.247219 2.225722 -5.542357 0.937470 -12.250279 16.321030 -38.772915 -14.092539 11.469735 -15.830073 11.438383 -13.090030 -16.411547 10.528693 -0.108311 1.957223 -2.056230 
-15.053279 107.313446 0.729574 14.750864 24.101813 16.522487 3.548006 13.120679 -0.153962 -10.662986 1.047663 -18.733319 2.474876 20.572735 4.907737 -2.128147 2.812144 1.178293 2.658665 14.362367 2.556273 2.946528 0.157421 6.043692 3.546938 16.505947 2.806292 1.643984 2.926685 -2.955449 0.574924 9.835619 3.260268 -0.070224 -0.119228 2.607058 3.167479 11.706565 7.171408 -3.532689 20.564306 4.966408 9.619594 -4.595330 13.825123 14.592464 19.038529 -2.707661 -25.906635 -12.270011 17.408466 -36.929607 -18.234035 -27.092376 -22.941923 -13.501596 13.436781 -1.363013 2.051628 -1.481344 -1.908862 13.935464 0.946846 8.459737 -2.675312 -8.813554 -7.825063 5.039130 -14.694229 18.960691 -15.313195 -2.270744 -30.911310 3.033747 12.366748 -2.570012 13.031544 -3.686086 1.722233 -9.869566 28.011951 -4.807637 -1.100602 0.742794 5.979865 -1.542336 7.817842 31.452608 -7.524159 31.725853 -32.193573 -13.034972 31.597586 -6.462541 0.321421 -6.064214 -27.146475 -30.403900 17.498114 3.433652 -4.924917 -3.946713 -14.205055 2.150120 18.553991 3.182462 7.643006 -3.216375 -5.870737 1.508773 -7.933230 -12.956144 -3.468992 -4.403206 -7.671773 -46.257832 2.229384 -5.497460 1.088917 -11.863356 16.316401 -38.773319 -14.067533 12.311460 -16.240781 11.255147 -13.083239 -16.417156 10.528426 -0.019234 2.051483 -1.786915 
-18.823641 107.353889 1.046928 15.627169 24.666047 16.443008 3.562783 13.105497 -0.158316 -11.093768 1.400381 -18.611523 2.482395 20.562637 4.915339 -2.607685 3.568956 0.876397 2.667433 14.360235 2.563921 2.222247 -0.257971 5.435322 3.567825 16.490103 2.807328 1.073065 2.618642 -3.311244 0.570983 9.841941 3.255456 -0.554024 0.435597 3.193701 3.175122 11.696899 7.163483 -3.180955 19.282418 5.115556 9.614008 -4.596895 13.830122 13.833950 19.018016 -3.336824 -25.912258 -12.285410 17.402849 -35.640204 -17.168176 -26.368418 -22.952606 -13.507340 13.428720 -1.727279 1.898222 -0.128773 -1.904236 13.947153 0.946710 7.551893 -2.471409 -8.219942 -7.830964 5.028686 -14.687497 17.687128 -13.974348 -1.589180 -30.910133 3.033037 12.377975 -5.251684 13.744282 -7.810889 1.716035 -9.876472 28.023659 -5.228382 -0.655719 0.218709 5.978216 -1.532129 7.813736 31.665467 -7.308307 32.079725 -32.186558 -13.030540 31.603849 -5.925179 0.708986 -5.777513 -27.152914 -30.410913 17.496513 3.388294 -4.107266 -3.439372 -14.202118 2.153451 18.557993 3.421441 7.833541 -2.558734 -5.861417 1.513833 -7.951084 -13.657083 -3.621423 -4.440842 -7.659436 -46.271023 2.238584 -5.585569 1.930701 -11.174504 16.304888 -38.769184 -14.042549 13.188391 -16.689864 11.534689 -13.079963 -16.424242 10.521712 -0.458051 2.202884 -1.250080 
-23.084291 107.239723 1.366471 16.662737 26.437991 16.564740 3.568876 13.088495 -0.175694 -11.124983 1.689504 -18.441675 2.494434 20.551453 4.922047 -2.799806 4.175047 0.742224 2.667733 14.369010 2.567936 1.721274 -0.292740 5.465371 3.583538 16.481279 2.804064 0.438689 2.242885 -3.860260 0.571759 9.844613 3.248002 -0.942763 1.321493 3.386993 3.173221 11.697284 7.163869 -2.426118 18.287917 5.272620 9.606610 -4.587496 13.840678 12.768328 19.372139 -4.704516 -25.909107 -12.316044 17.400204 -34.984352 -15.565388 -25.879401 -22.967735 -13.505372 13.424797 -1.554170 2.359806 1.124109 -1.912246 13.951427 0.951071 6.645450 -2.133298 -7.751432 -7.826515 5.027301 -14.682656 16.330057 -12.709905 -0.548230 -30.904423 3.024099 12.386582 -8.573329 13.790646 -12.753052 1.708975 -9.885573 28.030317 -6.222864 -0.145742 -0.049558 5.974858 -1.528462 7.812890 31.677526 -7.225889 32.699920 -32.180389 -13.020119 31.626699 -4.831555 1.247818 -4.916100 -27.165768 -30.413120 17.494850 3.085858 -2.930351 -2.999081 -14.195294 2.160105 18.554407 3.706954 8.160271 -2.080071 -5.851610 1.517264 -7.971882 -14.624337 -3.789159 -4.145214 -7.638008 -46.284977 2.245195 -5.876106 2.543938 -11.128820 16.303513 -38.766365 -14.017003 14.058323 -16.570821 11.708326 -13.076860 -16.422956 10.515592 -1.021824 2.428711 -1.188180 
-27.593258 107.007713 1.759488 17.124710 29.914026 16.655672 3.574582 13.066503 -0.192858 -10.895049 1.990690 -18.037058 2.494644 20.541391 4.943276 -3.480798 5.429883 0.642340 2.671893 14.381775 2.569078 1.444447 0.111659 6.362993 3.593433 16.483843 2.801086 -0.210884 1.974270 -4.521403 0.567029 9.845906 3.243235 -1.089488 1.783563 3.989546 3.178417 11.699526 7.159321 -1.646353 17.930356 5.716581 9.606671 -4.575873 13.837235 11.075226 20.398268 -5.965944 -25.902840 -12.342807 17.386568 -34.530469 -14.417402 -25.886291 -22.981543 -13.512678 13.420114 -0.867334 2.301645 1.807752 -1.906120 13.951457 0.956782 5.921538 -1.302309 -7.639565 -7.821539 5.028204 -14.673092 15.184306 -11.462699 -0.328676 -30.895254 3.015948 12.396230 -12.103076 13.895907 -17.122825 1.708756 -9.889782 28.035521 -7.250123 0.366769 -0.248365 5.967492 -1.526720 7.810612 31.134318 -6.945192 33.305833 -32.177692 -13.017025 31.635809 -3.221876 2.218493 -3.396106 -27.177921 -30.424246 17.492365 3.166416 -1.501649 -3.129970 -14.190326 2.155662 18.549978 4.127893 7.758544 -1.898430 -5.838396 1.512340 -7.983807 -16.042280 -4.856066 -3.144050 -7.620274 -46.292477 2.254958 -6.354318 3.182715 -10.969502 16.303751 -38.754898 -13.999340 14.346450 -16.171467 11.903804 -13.069221 -16.408998 10.508995 -1.464782 2.625157 -1.695422 
-31.974607 106.729820 2.228450 17.175091 34.472730 16.068852 3.577067 13.042501 -0.214790 -10.348426 2.094740 -17.813516 2.492898 20.535364 4.957735 -4.225906 6.815706 0.729254 2.671477 14.382043 2.570303 1.144291 0.467635 7.446461 3.604070 16.486038 2.787784 -0.976925 2.060835 -5.251533 0.568650 9.837187 3.245855 -1.842499 2.167744 4.804802 3.179966 11.696920 7.153584 -1.095114 17.645613 5.861658 9.595674 -4.556705 13.836995 8.587602 21.795760 -8.234246 -25.887972 -12.382796 17.375990 -34.869407 -13.296092 -26.080881 -22.988205 -13.508356 13.418793 -0.046692 2.627731 2.421403 -1.905571 13.948271 0.958957 5.410416 -0.484037 -7.571519 -7.807862 5.029336 -14.667738 14.492191 -10.555274 -0.052038 -30.879612 3.011817 12.405807 -15.477694 13.085399 -22.046765 1.709991 -9.898299 28.040958 -7.993717 0.858558 -0.040975 5.957245 -1.524602 7.811920 30.825634 -6.133538 33.721337 -32.173111 -13.012722 31.646120 -2.168569 3.436319 -2.016536 -27.194361 -30.426975 17.480804 3.379480 0.190792 -3.352196 -14.179379 2.153613 18.544859 4.124862 7.155310 -1.285995 -5.833809 1.503767 -7.997948 -17.334011 -5.745396 -2.253470 -7.598842 -46.287304 2.263185 -7.063904 4.108516 -11.205255 16.299437 -38.734669 -13.992844 15.115226 -15.215467 11.865534 -13.063320 -16.399202 10.503308 -1.936394 2.397589 -2.125340 
-35.868340 106.468651 2.735735 17.398230 39.503946 15.947300 3.582592 13.017877 -0.229766 -10.038631 2.440423 -18.281321 2.481897 20.532158 4.974826 -5.275949 8.151798 0.685910 2.662441 14.374798 2.569277 0.588647 0.419397 8.532318 3.614335 16.487511 2.778219 -1.730086 2.091120 -6.583190 0.573225 9.830614 3.247196 -1.835532 2.455842 5.735832 3.183409 11.703732 7.141595 -0.557801 17.139682 6.188862 9.584098 -4.535860 13.828188 6.222760 22.843600 -10.443684 -25.875298 -12.410754 17.358706 -35.020770 -12.774207 -25.934447 -22.989935 -13.499712 13.413053 0.601333 2.884619 2.531663 -1.901805 13.947104 0.963603 4.834979 -0.167338 -7.880502 -7.799197 5.031194 -14.654112 13.773967 -9.730036 0.244727 -30.865143 3.005574 12.405876 -18.187990 12.346820 -25.875943 1.717451 -9.908659 28.036598 -8.646510 -0.021127 -0.256955 5.940029 -1.524633 7.815444 30.912968 -5.195690 34.096000 -32.168373 -13.002639 31.644478 -0.904908 4.238076 -0.497517 -27.194344 -30.427420 17.465288 3.382314 1.734814 -3.490454 -14.170640 2.145230 18.526472 4.403448 6.424349 -0.758376 -5.836552 1.506575 -8.002165 -18.672009 -6.460858 -1.084009 -7.591022 -46.280415 2.268573 -8.097648 5.128282 -11.241599 16.290136 -38.706039 -13.993127 15.776472 -14.364767 11.588321 -13.053924 -16.384697 10.505208 -2.855245 2.370719 -2.788360 
-38.958755 106.285988 3.239777 17.447850 43.214101 15.695775 3.583546 13.003700 -0.239133 -10.026807 3.193701 -18.904145 2.472466 20.530149 4.983664 -6.699063 9.053071 0.349506 2.650455 14.362424 2.570437 -0.323502 0.374058 8.819633 3.620359 16.487488 2.771165 -2.507224 1.833516 -7.469888 0.572941 9.821994 3.245949 -2.159687 2.771653 6.091744 3.196277 11.703232 7.126465 -0.279852 16.944934 5.939898 9.572658 -4.525976 13.829005 3.939308 23.657450 -12.114197 -25.864084 -12.431903 17.342421 -35.236393 -12.329402 -26.245308 -22.997911 -13.494613 13.407437 1.124582 2.887181 2.829442 -1.896271 13.946943 0.964073 4.023363 0.171778 -7.715137 -7.783389 5.031553 -14.633114 13.468779 -9.659646 0.244621 -30.853392 3.006191 12.412156 -20.220080 11.133175 -29.098491 1.723740 -9.918626 28.031960 -8.468270 -0.049112 0.200698 5.936899 -1.516856 7.817477 31.367101 -4.590619 34.119694 -32.159351 -12.992719 31.638903 -0.511727 4.502484 0.170188 -27.189272 -30.429636 17.464785 3.721068 2.248743 -4.029031 -14.165223 2.147476 18.518724 3.984404 6.205001 -0.878163 -5.843518 1.513609 -7.996467 -19.619718 -6.953669 -0.423012 -7.583576 -46.282955 2.261021 -8.464852 5.872309 -10.939224 16.278372 -38.678768 -13.995593 16.838382 -13.796230 11.123081 -13.041541 -16.379135 10.508313 -3.072255 1.758280 -2.997666 
-41.005512 106.213509 3.663066 18.235285 45.845080 16.257464 3.587823 12.996284 -0.238720 -10.378551 3.771189 -19.387885 2.464585 20.526087 4.980272 -6.972373 9.644733 0.224927 2.648053 14.360138 2.566771 -0.820579 0.092309 9.201214 3.626200 16.479734 2.769279 -2.857830 2.063678 -7.948425 0.577331 9.821393 3.249939 -2.524579 2.868417 6.634444 3.193421 11.705895 7.122962 -0.607981 17.012176 5.705840 9.566470 -4.514822 13.829173 2.528973 24.006913 -13.563297 -25.860872 -12.438179 17.335863 -35.647423 -11.897410 -25.604224 -23.002081 -13.492806 13.398277 1.303205 2.971738 3.225430 -1.894552 13.947433 0.965040 3.824480 0.055300 -8.081167 -7.776295 5.026034 -14.620255 12.938605 -9.963141 0.489640 -30.843189 3.003941 12.411312 -21.618821 10.054045 -31.257056 1.727428 -9.924047 28.033752 -8.983570 -0.364156 0.190874 5.936929 -1.515205 7.819784 31.720519 -4.707547 34.387274 -32.155701 -12.990826 31.633968 -0.303332 4.647425 0.674047 -27.183952 -30.426729 17.467213 3.826490 3.158829 -4.266805 -14.166429 2.144656 18.509424 3.999323 5.850244 -0.474134 -5.846020 1.518122 -7.995662 -20.315832 -7.260055 -0.239124 -7.580078 -46.282291 2.254610 -9.073621 6.629086 -10.816172 16.262577 -38.660442 -13.996424 17.518861 -13.176401 10.897820 -13.032319 -16.373755 10.506800 -3.554696 1.257924 -3.608438 
-41.909798 106.252197 3.929833 18.714073 46.913742 16.232619 3.581769 12.993561 -0.237761 -10.375462 3.712244 -19.429020 2.463639 20.525297 4.980655 -7.319349 9.976868 0.266565 2.648868 14.347884 2.565836 -1.323222 0.042571 8.974442 3.626083 16.477474 2.771529 -2.957248 2.016782 -8.014320 0.579983 9.826284 3.245713 -2.714385 2.946802 6.725037 3.199806 11.712586 7.121709 -0.764891 16.926344 5.220856 9.562458 -4.512131 13.830338 2.057634 24.223187 -13.942552 -25.862930 -12.445414 17.324146 -35.378829 -11.917405 -25.833191 -23.004923 -13.484011 13.392622 1.576827 3.260606 3.260504 -1.893533 13.949854 0.966174 3.454008 -0.383669 -8.117177 -7.767322 5.027909 -14.618264 12.527586 -9.953066 0.776541 -30.838003 3.010837 12.412339 -22.319402 9.349418 -32.564710 1.729697 -9.926823 28.034075 -8.499944 -0.177009 0.217040 5.939113 -1.513430 7.824206 32.020811 -4.742038 34.691176 -32.150444 -12.988366 31.628286 -0.300124 4.585109 0.594483 -27.181679 -30.429232 17.469919 3.692391 3.009901 -4.327618 -14.157258 2.142089 18.511683 3.650367 5.834934 -0.258685 -5.846874 1.520028 -7.991153 -20.500622 -7.108963 -0.488934 -7.578962 -46.292843 2.247328 -9.186628 6.594991 -10.901210 16.255245 -38.644238 -13.991614 18.012018 -13.297957 10.794340 -13.033322 -16.371920 10.510162 -3.622827 1.209532 -3.547992 
-41.797016 106.393005 4.022582 18.264506 46.478013 16.603280 3.590021 12.993049 -0.235124 -10.745747 3.591871 -19.702830 2.463219 20.524441 4.982143 -7.286863 9.952373 0.137801 2.647787 14.346183 2.565577 -1.234813 -0.219667 9.081121 3.627423 16.474031 2.773990 -2.916332 2.368753 -7.994683 0.580107 9.825941 3.245393 -2.528133 2.879693 6.859038 3.201021 11.709871 7.123227 -0.829271 17.139463 5.416962 9.561539 -4.510934 13.827186 2.100438 24.092389 -13.510405 -25.859701 -12.445307 17.319265 -35.628978 -11.909812 -25.246983 -23.000469 -13.485648 13.397268 1.530710 3.186520 3.152420 -1.889806 13.949917 0.968304 3.099583 -0.500519 -8.266609 -7.766768 5.027677 -14.615198 12.204325 -9.816770 0.626179 -30.839998 3.003344 12.413657 -22.401024 9.759717 -32.505021 1.727747 -9.926100 28.028450 -8.835776 -0.464134 0.219279 5.939794 -1.517237 7.820422 32.206275 -4.848844 35.142109 -32.151775 -12.988680 31.628229 -0.665998 4.533295 0.575199 -27.176722 -30.432686 17.465309 3.909216 2.985623 -4.316756 -14.166497 2.142695 18.507570 3.974967 6.059401 -0.297438 -5.845002 1.517437 -7.994172 -20.235641 -7.479422 -0.693227 -7.579869 -46.287849 2.247396 -9.452342 6.498331 -10.928049 16.255909 -38.642548 -13.989963 18.071439 -12.988312 10.764794 -13.029802 -16.374865 10.508695 -3.559591 1.175905 -3.513607 
-40.934586 106.595825 3.993989 17.875251 44.764216 15.805210 3.589725 12.995602 -0.234713 -10.642307 3.589527 -19.504416 2.460159 20.522467 4.977965 -7.315362 9.897952 0.535691 2.656515 14.354578 2.571072 -0.934482 -0.074916 8.960230 3.628588 16.471825 2.768807 -2.739247 2.484391 -7.433566 0.580218 9.822413 3.243211 -2.548858 3.027079 6.910840 3.194895 11.706416 7.126846 -0.784106 17.080129 5.495137 9.565009 -4.517118 13.832135 2.591425 24.076453 -13.112276 -25.858202 -12.433986 17.324255 -35.581515 -12.380049 -25.694516 -23.002947 -13.488617 13.392647 1.417682 3.059249 3.284452 -1.894365 13.944484 0.959679 3.316374 -0.582482 -8.189084 -7.772964 5.027571 -14.618230 12.305257 -10.164485 0.668950 -30.843224 3.011121 12.406937 -21.949144 10.125019 -31.984031 1.727802 -9.927719 28.033529 -8.776345 -0.154646 0.238990 5.937222 -1.515713 7.820166 32.084978 -5.036549 35.160844 -32.150574 -12.987877 31.624613 -0.809061 4.197042 0.097027 -27.176310 -30.428400 17.468264 4.028878 2.702975 -3.943589 -14.164193 2.139573 18.508230 3.680690 6.181792 -0.427514 -5.845665 1.515075 -7.996164 -20.051458 -7.155307 -0.861857 -7.578462 -46.283371 2.252879 -9.832722 6.193411 -11.237470 16.251064 -38.643776 -13.990923 18.038125 -13.258319 10.842210 -13.034616 -16.371441 10.509057 -3.532304 1.523041 -3.183591 
-39.665302 106.820129 3.879842 17.930430 41.663215 15.279522 3.592761 12.999784 -0.235876 -10.973466 3.269094 -19.554114 2.466353 20.522367 4.979452 -7.369064 9.408457 0.179939 2.659795 14.353274 2.574469 -0.624980 -0.150231 8.902015 3.626537 16.478249 2.772966 -2.555275 2.806537 -6.895464 0.576776 9.816441 3.242472 -2.503189 2.831277 6.331707 3.195259 11.696248 7.130438 -0.648753 17.252436 5.625760 9.570066 -4.519232 13.831491 3.723718 23.800730 -11.895103 -25.861082 -12.430632 17.326380 -35.535398 -12.829018 -25.388716 -23.001474 -13.489017 13.395802 0.984185 2.976117 3.152406 -1.890485 13.944656 0.959201 3.441736 -0.840854 -8.315591 -7.775437 5.028012 -14.618297 12.360659 -10.194267 0.761610 -30.845240 3.010172 12.410247 -21.257729 10.825629 -30.924583 1.727781 -9.925830 28.032385 -8.889787 -0.057452 0.298219 5.941679 -1.520972 7.820646 32.180180 -5.619613 35.432849 -32.153801 -12.994298 31.624380 -1.312882 4.041978 -0.532339 -27.179111 -30.433704 17.465979 3.689766 2.406557 -4.007881 -14.164408 2.140177 18.508661 3.922590 6.197879 -0.609272 -5.842446 1.514656 -7.996633 -19.577547 -7.321490 -1.307364 -7.583051 -46.281349 2.253695 -9.676545 5.663651 -11.630105 16.258821 -38.654373 -13.991262 17.930578 -13.498182 10.962227 -13.035307 -16.379122 10.504788 -3.227363 1.446313 -2.919525 
-38.253273 107.013405 3.735133 17.946920 39.600238 14.888130 3.596143 12.999218 -0.230727 -10.936341 3.046746 -19.113209 2.471328 20.520922 4.977485 -6.647294 9.178354 0.224177 2.667625 14.363413 2.575660 -0.370077 -0.238523 8.622979 3.626399 16.478245 2.775731 -2.270832 2.885978 -6.286257 0.578443 9.812442 3.243191 -2.212110 2.956920 6.149128 3.187045 11.691823 7.133859 -0.789622 17.567076 5.692914 9.571806 -4.524064 13.828794 4.256757 23.924606 -10.968341 -25.860285 -12.420772 17.339069 -35.541846 -13.402157 -25.503708 -22.995876 -13.493564 13.397322 0.650200 2.818101 3.126569 -1.893804 13.943972 0.954000 3.590916 -0.861769 -8.219451 -7.782540 5.023059 -14.621073 12.381559 -10.300053 0.887943 -30.855608 3.011073 12.407359 -20.195124 11.689996 -29.208348 1.729619 -9.921569 28.030849 -8.850814 0.114195 0.416725 5.941034 -1.519243 7.819847 31.988590 -6.158996 35.363175 -32.151966 -12.997950 31.622011 -1.362290 3.677326 -1.312712 -27.178305 -30.430548 17.464045 3.606860 2.108796 -3.329275 -14.163507 2.139075 18.508423 4.118292 6.267012 -0.683422 -5.835284 1.511362 -7.999789 -18.965924 -7.193415 -1.617261 -7.581751 -46.277458 2.254102 -10.298698 5.428231 -11.705471 16.255066 -38.658394 -13.992587 17.741724 -13.619222 10.994871 -13.039485 -16.383512 10.499221 -3.162069 1.549385 -2.593630 
-36.962650 107.176056 3.614413 17.306058 37.795186 14.622585 3.589672 13.006717 -0.225223 -10.691189 2.693417 -18.870447 2.468924 20.520899 4.972677 -6.607262 8.581511 0.178203 2.666680 14.367539 2.574133 -0.166213 -0.206642 8.118378 3.625220 16.474751 2.777253 -1.914626 2.925014 -5.697734 0.575951 9.815559 3.243437 -1.704080 2.743491 6.092255 3.182466 11.694389 7.137592 -0.930320 17.726776 5.774217 9.578778 -4.531301 13.831150 5.343598 23.495550 -10.068320 -25.862171 -12.411374 17.341560 -35.801567 -13.632241 -25.442414 -22.991516 -13.494981 13.400849 0.598463 2.577364 3.049556 -1.896016 13.942048 0.953353 4.074521 -0.778931 -8.457156 -7.788708 5.027869 -14.621717 12.374554 -10.670907 0.748007 -30.858438 3.009414 12.404382 -19.231895 12.256243 -28.138615 1.723801 -9.917079 28.027000 -8.866436 -0.076584 0.163264 5.944770 -1.518847 7.823115 31.970346 -6.605972 35.507316 -32.153755 -13.001953 31.625019 -1.726109 3.366269 -1.531005 -27.178158 -30.429380 17.468781 3.526886 1.751841 -3.391400 -14.165706 2.136702 18.507490 4.081577 6.570554 -0.539946 -5.836450 1.504102 -8.001512 -18.357646 -6.949455 -2.089223 -7.585340 -46.271450 2.256153 -10.089375 4.820501 -12.146506 16.261234 -38.663643 -13.990216 17.308232 -13.926798 10.745701 -13.044581 -16.383591 10.498994 -2.735010 1.921776 -2.522336 
-35.988811 107.296921 3.552346 17.559481 36.133121 14.552171 3.591385 13.013731 -0.222187 -10.824037 2.499776 -18.954588 2.471217 20.519466 4.974189 -6.503741 8.610141 0.005016 2.672022 14.372111 2.577978 0.070670 -0.083729 8.130751 3.619110 16.477516 2.779167 -1.829508 2.987676 -5.184743 0.573357 9.812363 3.236682 -1.764513 2.792699 5.891639 3.181639 11.687665 7.143124 -0.981658 17.849704 5.815490 9.581573 -4.535356 13.835074 6.136909 23.426557 -9.208918 -25.862871 -12.399518 17.346329 -35.796485 -14.031306 -25.429274 -22.989704 -13.495908 13.400325 0.180413 2.325209 3.081011 -1.897557 13.939278 0.944852 4.294216 -0.878199 -8.541187 -7.789599 5.028435 -14.621155 12.468679 -11.079017 0.910758 -30.860903 3.008339 12.399255 -18.773670 12.381672 -27.379423 1.724530 -9.914111 28.026495 -8.760185 0.319315 0.534761 5.951509 -1.522903 7.821057 31.748341 -7.137218 35.618989 -32.154350 -13.004587 31.619898 -2.039709 3.177144 -2.078203 -27.178431 -30.427105 17.472887 3.203928 1.597679 -3.491711 -14.165207 2.138914 18.510622 4.138177 6.497945 -0.777365 -5.835564 1.507007 -7.999276 -18.273145 -6.606768 -2.573640 -7.589646 -46.269638 2.256665 -9.792243 4.581912 -12.331560 16.261057 -38.667267 -13.987369 17.021170 -13.931189 10.902192 -13.046803 -16.380688 10.498229 -2.473058 1.871408 -1.975780 
-35.560738 107.358994 3.639134 17.199386 34.895515 14.476712 3.592826 13.013423 -0.221211 -10.983263 2.486954 -18.979376 2.471644 20.518450 4.967198 -6.216795 8.220682 -0.139132 2.672174 14.369870 2.578578 -0.105823 -0.452918 7.850305 3.621195 16.475416 2.785744 -1.857483 3.311062 -4.977546 0.575194 9.812292 3.238231 -1.556572 2.645501 5.708679 3.176031 11.690585 7.146630 -1.060413 18.041940 5.911014 9.579188 -4.532488 13.831480 6.311670 22.844580 -8.679813 -25.863594 -12.399547 17.345240 -35.710514 -13.905262 -25.273701 -22.986965 -13.496440 13.402915 0.039642 2.397752 2.826686 -1.894541 13.945019 0.950308 4.153009 -1.171737 -8.860571 -7.791792 5.027286 -14.623026 12.253825 -11.170642 1.215408 -30.861647 3.010130 12.397808 -18.341530 12.639637 -26.780465 1.726996 -9.912465 28.019732 -8.665903 0.097292 0.409139 5.948585 -1.521427 7.821719 31.880997 -7.209406 35.746697 -32.152821 -13.009864 31.619825 -2.265371 3.092112 -2.144081 -27.174585 -30.430479 17.468704 3.333255 1.498271 -3.210248 -14.165973 2.133690 18.501122 4.076594 6.792021 -0.575884 -5.835830 1.507543 -8.000750 -17.797798 -6.540882 -2.709335 -7.596008 -46.266270 2.254101 -9.770681 4.651822 -12.507705 16.261120 -38.668198 -13.989535 16.730799 -13.891631 10.835403 -13.044623 -16.386267 10.495177 -2.317319 2.059261 -2.166006 
-35.855324 107.367378 4.000202 18.772544 34.771622 14.562633 3.593246 13.010963 -0.218779 -11.145468 2.625630 -19.024864 2.472165 20.512468 4.969059 -6.526503 8.247167 -0.145383 2.671611 14.360588 2.577740 -0.127252 -0.560559 7.544291 3.621681 16.471138 2.786187 -2.071779 3.565052 -4.657149 0.573858 9.810384 3.238072 -2.078643 2.875317 5.707427 3.179400 11.692873 7.148775 -1.090574 18.048358 5.550635 9.580203 -4.530029 13.833485 6.120869 22.958259 -8.924323 -25.855749 -12.402532 17.341351 -35.986843 -14.054179 -24.830758 -22.990458 -13.494701 13.398826 0.589619 2.348661 2.968739 -1.896058 13.942983 0.945955 3.753612 -1.634035 -8.600263 -7.789104 5.021933 -14.615697 11.994384 -11.334882 0.940342 -30.862196 3.015361 12.399205 -18.731797 12.166958 -27.437756 1.728803 -9.909239 28.022339 -8.598018 0.205194 0.434375 5.952778 -1.518758 7.823089 32.042671 -7.768483 35.967247 -32.147964 -13.013804 31.616991 -2.228604 2.984525 -2.286406 -27.168564 -30.429300 17.471149 3.238218 1.419345 -3.266687 -14.168708 2.136086 18.501314 3.869409 6.985467 -0.723472 -5.832823 1.508071 -7.995552 -17.804527 -6.705110 -2.941899 -7.593318 -46.265163 2.248388 -9.823964 4.478391 -12.452943 16.252831 -38.661037 -13.989241 17.046810 -13.978246 10.985194 -13.039021 -16.385691 10.493402 -2.279201 1.743496 -1.987213 
-36.940056 107.296860 4.857275 19.088685 34.460251 14.385148 3.593076 13.005625 -0.215248 -11.796044 2.985154 -20.309651 2.464710 20.521345 4.971678 -6.928775 8.741477 -0.084285 2.669487 14.344400 2.579322 -0.646178 -1.186945 7.672883 3.625506 16.468370 2.791403 -2.950529 4.204961 -4.930911 0.578409 9.807658 3.229924 -2.853716 2.442926 5.675640 3.185511 11.692369 7.155644 -0.415817 17.839841 5.558310 9.571770 -4.515353 13.839742 5.766792 22.575621 -8.915236 -25.858694 -12.408676 17.325405 -35.374069 -13.734255 -24.347859 -22.990889 -13.492678 13.393500 0.758705 2.586446 2.692529 -1.892859 13.946755 0.949310 2.694156 -2.534572 -9.031750 -7.774015 5.023134 -14.604236 11.422808 -12.063149 1.357495 -30.851288 3.016718 12.401408 -20.130120 10.908692 -29.575706 1.732571 -9.902967 28.024832 -8.296325 0.387677 0.404285 5.948715 -1.521318 7.809314 32.133503 -8.004103 36.251355 -32.146870 -13.013941 31.604216 -2.518330 3.081303 -1.871999 -27.161612 -30.434294 17.466354 3.366311 1.691190 -3.076576 -14.168494 2.136028 18.494320 3.619038 7.171346 -1.474395 -5.838015 1.512494 -7.994895 -18.037418 -6.888580 -3.308059 -7.596776 -46.261894 2.240023 -9.126676 4.405539 -12.825932 16.240993 -38.656715 -13.994527 17.078225 -13.495369 11.659760 -13.027970 -16.383656 10.495604 -2.317736 1.743718 -2.009714 
-38.656242 107.096954 6.437515 21.034636 34.544337 14.898620 3.602382 12.998335 -0.211750 -13.320430 3.552006 -20.970434 2.457144 20.519463 4.974170 -7.416465 9.221300 -0.104999 2.660691 14.318801 2.589704 -1.815556 -2.024780 7.214897 3.631391 16.460094 2.795226 -4.244806 4.935847 -5.187156 0.582886 9.816531 3.222153 -4.493719 1.868998 6.126658 3.193188 11.707581 7.149570 -0.413445 17.716742 4.698623 9.563833 -4.492257 13.854600 5.035049 22.002882 -9.202872 -25.850161 -12.424039 17.307316 -35.445516 -13.088879 -22.885937 -23.003298 -13.486059 13.385036 1.363565 2.903097 2.433155 -1.896676 13.957289 0.952857 1.257162 -4.526385 -9.406467 -7.765611 5.015471 -14.585771 9.882000 -13.421424 1.295888 -30.840986 3.018006 12.403777 -22.362623 7.957544 -32.958508 1.743960 -9.902678 28.033106 -7.620475 0.656280 0.286145 5.949691 -1.510722 7.793477 32.450307 -9.025368 36.848369 -32.149445 -13.017640 31.591022 -2.466300 2.890562 -1.179137 -27.158201 -30.450014 17.471449 3.466437 1.325078 -3.009309 -14.170781 2.140425 18.486971 2.887944 8.117345 -1.355445 -5.839505 1.525835 -7.984529 -18.449123 -7.059540 -4.306084 -7.604034 -46.269466 2.225251 -7.918772 4.597580 -12.971012 16.215574 -38.637142 -14.001640 16.954702 -13.126544 12.115256 -13.013332 -16.388954 10.505540 -2.391651 1.663489 -2.151497 
-40.630566 106.683365 8.778547 22.169723 36.082626 15.484946 3.603989 12.982311 -0.198605 -14.857593 3.984496 -22.435505 2.452976 20.518188 4.971023 -8.128163 10.014657 0.235082 2.655011 14.301243 2.591509 -2.961562 -2.993368 7.218133 3.633110 16.448969 2.801251 -5.711778 5.659538 -5.250090 0.584617 9.828568 3.219499 -5.913953 1.324312 6.709244 3.195628 11.729887 7.141795 -0.548904 17.681931 3.906386 9.553523 -4.473959 13.868727 4.096524 21.400118 -9.373880 -25.852381 -12.436953 17.279305 -34.778452 -12.076253 -21.540678 -23.014496 -13.480192 13.379812 2.089386 3.363355 2.389273 -1.910664 13.960302 0.951963 0.272232 -7.134703 -10.398178 -7.748899 5.020904 -14.569420 7.733389 -16.856892 1.440251 -30.831678 3.025604 12.409125 -24.463052 3.623508 -37.137040 1.755831 -9.901074 28.037020 -6.648940 0.959813 0.439163 5.953459 -1.499211 7.788768 32.724208 -10.382269 37.445955 -32.140015 -13.018437 31.576981 -1.998139 2.166540 0.134003 -27.151121 -30.461981 17.486694 3.326268 -0.136625 -3.200889 -14.185412 2.148876 18.479679 1.667187 8.843466 -1.311329 -5.847724 1.541388 -7.972084 -18.430635 -7.001239 -6.090638 -7.608108 -46.269409 2.200687 -5.539518 5.122938 -12.973936 16.188627 -38.615524 -13.996011 16.852163 -13.080365 12.246099 -12.998751 -16.383158 10.503725 -2.815903 1.260627 -2.133318 
-42.357822 106.048332 11.507030 23.522369 40.475892 16.803300 3.585757 12.977812 -0.183674 -16.187021 3.324651 -22.915211 2.455066 20.516840 4.974190 -7.819733 10.918413 0.488656 2.645865 14.304737 2.585208 -3.064736 -3.862936 6.708748 3.622867 16.447775 2.802083 -6.177916 5.105408 -5.122150 0.583071 9.849478 3.226225 -6.880432 0.432548 8.020526 3.196878 11.748437 7.124832 -1.628453 18.853702 2.921828 9.549167 -4.451689 13.880752 4.914615 22.035346 -8.742658 -25.867651 -12.438202 17.262814 -33.936836 -11.345269 -20.663571 -23.020441 -13.460522 13.390106 2.966200 3.970915 2.518119 -1.923833 13.954055 0.945993 1.337495 -9.381816 -12.842961 -7.732529 5.029323 -14.562393 6.702794 -22.124617 0.963585 -30.806662 3.025832 12.394531 -25.451872 -1.397342 -40.213951 1.756722 -9.895477 28.034714 -4.902421 1.972290 0.767032 5.975178 -1.480959 7.786778 33.096716 -11.765338 38.278494 -32.135044 -13.014096 31.548134 -0.962319 2.180544 1.630034 -27.160004 -30.475039 17.509546 1.938053 -1.773044 -3.607949 -14.191734 2.159825 18.487101 0.346285 9.061846 -0.420286 -5.858743 1.546039 -7.961903 -18.092744 -6.895345 -8.895761 -7.612223 -46.283340 2.177300 -2.945668 5.340245 -13.022040 16.161726 -38.590229 -13.982983 16.451414 -13.045190 12.059292 -13.003735 -16.367357 10.502138 -3.439936 1.173396 -2.951167 
-43.493988 105.294563 14.034992 24.724223 48.243057 19.173755 3.564435 12.980944 -0.180296 -16.301602 3.156999 -22.521482 2.462743 20.513493 4.986419 -6.556585 10.940229 0.602698 2.641606 14.327612 2.564020 -2.808643 -4.352877 7.213506 3.605577 16.454193 2.797340 -5.331625 3.282989 -5.766634 0.583149 9.868684 3.257050 -5.833431 0.282904 8.593645 3.187484 11.760726 7.094220 -2.014784 20.612143 2.682374 9.549454 -4.443399 13.868902 7.634256 23.334085 -6.789948 -25.876297 -12.440574 17.269104 -33.722563 -11.813226 -21.177512 -23.013510 -13.441784 13.408326 4.116478 4.647073 1.862597 -1.935938 13.935179 0.949099 3.903543 -9.659449 -15.772483 -7.728788 5.044160 -14.589676 7.033956 -28.513839 -0.715629 -30.799358 3.028084 12.377137 -25.454102 -4.655388 -40.421343 1.751201 -9.889016 28.023718 -3.701837 2.357643 0.965885 6.000600 -1.474021 7.801579 33.432844 -12.475020 38.439263 -32.129856 -13.001727 31.540115 1.272867 1.476169 3.743263 -27.181746 -30.466085 17.532383 0.556062 -3.206717 -4.469552 -14.195997 2.161259 18.503155 0.262661 8.309862 0.448402 -5.864689 1.538430 -7.961276 -17.576046 -6.221759 -9.974328 -7.609550 -46.292904 2.178743 -1.550668 5.487992 -12.200298 16.173471 -38.586124 -13.973270 16.325472 -14.138083 12.179212 -13.022888 -16.354261 10.484860 -4.260146 0.556903 -3.723995 
-44.062428 104.640907 15.898187 25.645631 53.596358 20.590650 3.544574 12.983603 -0.180076 -15.926755 3.314693 -21.897137 2.466998 20.516586 4.994644 -5.403050 10.730335 0.597722 2.636318 14.347496 2.547317 -2.375240 -4.627533 7.220890 3.597149 16.464172 2.791658 -4.949125 1.170386 -6.554970 0.582219 9.881593 3.280783 -5.013576 0.157699 8.770844 3.186025 11.768244 7.071266 -1.654435 21.485890 2.951578 9.550279 -4.441359 13.857621 9.750530 24.349541 -4.667881 -25.879629 -12.439767 17.274824 -34.432196 -12.684775 -21.944049 -23.009054 -13.436424 13.429045 4.665400 4.975483 0.889820 -1.945959 13.920760 0.944415 6.430151 -8.990410 -17.850238 -7.736628 5.058576 -14.614132 9.143205 -33.103249 -3.656638 -30.788263 3.023114 12.369442 -24.972801 -6.760100 -39.353829 1.745145 -9.878553 28.016905 -3.090593 2.849774 1.012817 6.014953 -1.484930 7.808803 33.119355 -13.026504 38.533567 -32.137749 -13.000157 31.541189 2.888153 0.540628 5.223358 -27.192877 -30.458017 17.552197 0.379829 -4.089966 -5.009410 -14.198091 2.171874 18.517286 0.837169 6.724255 0.772635 -5.873085 1.521886 -7.967166 -17.479323 -5.222870 -10.600529 -7.604435 -46.297539 2.193504 -0.939692 5.062010 -11.915426 16.181183 -38.586254 -13.969855 16.124120 -15.372432 12.128612 -13.044186 -16.347015 10.467029 -4.811072 0.110318 -4.117719 
-44.298836 104.201088 17.024000 26.491053 56.099311 21.909654 3.536815 12.987685 -0.176179 -15.868531 3.471373 -21.569193 2.470480 20.528727 5.003612 -4.354942 10.478440 0.419157 2.629232 14.355805 2.531942 -2.328271 -4.874257 6.856809 3.595506 16.473808 2.792329 -4.896076 -0.096554 -7.131416 0.579947 9.889428 3.296909 -4.337661 0.034197 8.798735 3.176969 11.773019 7.058404 -1.359537 21.874881 3.282210 9.549256 -4.443366 13.846545 11.624672 24.691993 -2.840204 -25.892002 -12.440611 17.289080 -35.047111 -13.362580 -22.216039 -23.003958 -13.434836 13.437151 4.783030 5.515517 0.415597 -1.950255 13.919128 0.945898 7.920570 -8.467540 -19.377708 -7.750388 5.066888 -14.631385 11.039314 -35.763431 -5.697427 -30.782982 3.017790 12.364695 -24.578320 -7.787905 -38.276155 1.737622 -9.863085 28.010788 -2.383284 2.967754 1.118723 6.022290 -1.488903 7.809596 32.837658 -13.157869 38.495619 -32.140701 -13.000137 31.542759 3.905845 -0.142115 6.491090 -27.201208 -30.452404 17.563204 -0.011748 -4.023817 -5.293774 -14.196122 2.172883 18.532848 1.421253 6.206678 0.980413 -5.878360 1.512059 -7.971721 -17.612696 -4.489121 -10.688193 -7.602216 -46.308830 2.201739 -0.089573 4.780756 -11.274674 16.197069 -38.599918 -13.975889 15.710207 -16.090819 12.413642 -13.057637 -16.342094 10.460163 -4.871572 -0.221338 -4.005291 
-44.470322 103.977425 17.552717 26.413704 57.051747 22.099048 3.533456 12.990640 -0.178358 -15.876790 3.353424 -21.354008 2.472647 20.529068 5.007482 -4.198002 10.363139 0.414991 2.635146 14.363379 2.525024 -2.336809 -4.860898 6.866566 3.593395 16.486723 2.789441 -4.789864 -0.592447 -7.435568 0.573384 9.891137 3.302684 -4.348914 0.219925 8.623805 3.177704 11.771267 7.052666 -1.363405 22.163646 3.090873 9.551511 -4.447348 13.847982 12.168388 24.955493 -1.971038 -25.889675 -12.441536 17.297035 -35.441507 -13.670252 -22.465373 -23.007664 -13.441691 13.445070 4.951126 5.610401 0.425714 -1.949374 13.922235 0.941285 8.589369 -7.833288 -19.711952 -7.753479 5.070364 -14.636256 12.638896 -37.191517 -7.564102 -30.777025 3.011275 12.366788 -24.184003 -8.276870 -37.996404 1.736457 -9.857478 28.013380 -2.454986 3.383745 0.937719 6.024469 -1.494118 7.806945 32.711589 -13.548788 38.319000 -32.145306 -13.004766 31.552488 4.113418 -0.762597 6.834204 -27.205139 -30.452900 17.566408 0.191611 -4.229958 -5.560726 -14.196067 2.181160 18.536474 1.977189 5.527470 0.779863 -5.879803 1.503732 -7.969924 -17.824461 -4.322212 -10.924581 -7.596015 -46.313572 2.204139 0.153629 4.464470 -11.039099 16.196005 -38.599941 -13.979113 16.054940 -16.655327 12.399907 -13.061997 -16.348698 10.457194 -4.643671 -0.467995 -3.763113 
-44.732464 103.983292 17.626190 26.786356 57.931916 22.254916 3.532649 12.989519 -0.175568 -15.828209 3.684224 -21.438357 2.474375 20.529325 5.010197 -3.739920 10.155627 0.375980 2.635076 14.360936 2.526029 -2.265242 -5.081029 6.726459 3.588067 16.480278 2.789682 -4.777933 -0.678107 -7.475962 0.577564 9.894740 3.305625 -4.474113 0.137198 8.830433 3.175873 11.774887 7.050096 -1.175219 22.187627 3.292016 9.548146 -4.445023 13.842596 12.290715 24.929757 -2.430487 -25.892862 -12.441248 17.295723 -35.332084 -13.762151 -22.363233 -23.007738 -13.439310 13.436388 5.157879 5.374733 0.134348 -1.952941 13.913654 0.944353 8.539397 -8.053492 -19.988767 -7.754391 5.070961 -14.640099 12.049610 -37.595629 -7.205799 -30.781509 3.013573 12.361712 -24.053027 -8.605094 -38.270342 1.737726 -9.858289 28.013977 -2.370857 3.394151 0.990458 6.029471 -1.490173 7.808801 32.442251 -13.365832 38.281564 -32.148170 -13.002327 31.548527 4.455728 -0.812622 7.130403 -27.206707 -30.449633 17.569906 -0.061376 -4.019807 -5.361284 -14.193855 2.176399 18.537529 1.904555 5.686144 1.144070 -5.879254 1.503619 -7.974633 -17.921943 -4.305569 -10.859985 -7.594907 -46.315407 2.207159 0.027024 4.309167 -11.008693 16.197306 -38.609791 -13.979615 15.750218 -16.696826 12.775037 -13.068215 -16.345402 10.459455 -4.929678 -0.312289 -3.903605 
-45.120777 104.175133 17.322575 26.996796 58.213989 22.706544 3.540199 12.986030 -0.177557 -16.124408 3.638373 -21.372721 2.475139 20.525438 5.000947 -4.273698 10.651265 0.402694 2.630827 14.359713 2.529273 -2.462965 -5.029096 6.659035 3.596197 16.473307 2.791299 -4.938481 -0.595983 -7.748124 0.576961 9.894249 3.304327 -4.521799 0.297985 8.841688 3.179953 11.772358 7.050934 -1.355672 21.928160 2.963415 9.546392 -4.444308 13.846446 11.213752 25.059949 -2.879098 -25.896595 -12.447993 17.294174 -34.983788 -13.362874 -22.136039 -23.007532 -13.438177 13.437239 4.758960 5.809705 0.468155 -1.950322 13.920320 0.945050 7.923602 -8.132542 -19.462173 -7.752577 5.065119 -14.635708 11.326241 -36.654893 -6.493028 -30.779144 3.013377 12.368794 -24.789120 -8.616886 -38.934462 1.737280 -9.861029 28.015953 -2.367114 3.525710 1.025374 6.027331 -1.488640 7.803919 32.951660 -13.267677 38.169915 -32.140106 -12.998446 31.544575 3.958204 -0.386849 6.779351 -27.204641 -30.452106 17.574278 0.197430 -4.240647 -5.115178 -14.201346 2.176271 18.541046 1.679369 5.735094 1.319842 -5.877634 1.509824 -7.980499 -17.624164 -4.416619 -10.832636 -7.591199 -46.318176 2.199264 0.017921 4.569900 -10.770339 16.191273 -38.597507 -13.974982 16.518811 -16.640740 12.300066 -13.066104 -16.350348 10.461472 -4.821332 -0.382438 -3.650363 
-45.595734 104.512802 16.669029 26.412777 57.601567 22.073737 3.541655 12.986036 -0.175586 -16.330600 3.473968 -22.002123 2.471424 20.525982 4.999079 -4.875020 11.033737 0.519903 2.635549 14.352791 2.535876 -2.571134 -4.986437 6.917108 3.598006 16.473999 2.796212 -5.097985 -0.019396 -7.826210 0.579301 9.897277 3.290957 -4.965607 0.515773 8.863464 3.184834 11.770263 7.059837 -1.204310 22.092377 2.311906 9.543958 -4.436414 13.858166 9.979685 24.701459 -4.130160 -25.892046 -12.449750 17.280062 -34.118192 -12.788019 -21.804703 -23.017014 -13.437913 13.428073 4.830253 5.691207 0.779669 -1.951719 13.923761 0.948367 6.789873 -8.504416 -18.829631 -7.738188 5.062295 -14.625734 8.990778 -34.836516 -4.206247 -30.780970 3.013100 12.368165 -25.576960 -8.266551 -40.108432 1.740158 -9.866070 28.017599 -2.610556 3.628946 1.007542 6.027788 -1.482816 7.804531 33.125857 -13.245741 38.787924 -32.142094 -13.000934 31.545090 3.087689 0.193455 6.009498 -27.198639 -30.458248 17.571720 0.439518 -4.399484 -5.069999 -14.202983 2.174771 18.529221 1.103731 6.405082 1.006892 -5.873838 1.519456 -7.976236 -17.569528 -4.861262 -10.592284 -7.595094 -46.321442 2.186890 -0.779688 4.637354 -11.010538 16.178780 -38.589363 -13.970976 16.895170 -15.966559 12.116468 -13.055980 -16.352018 10.472307 -4.958666 -0.110015 -4.182576 
-46.060371 104.991188 15.651079 26.598413 57.154582 22.046046 3.545644 12.983689 -0.176983 -16.384010 3.664580 -21.905559 2.469528 20.521198 4.985686 -5.821570 11.913789 0.739508 2.640372 14.338398 2.550523 -2.916825 -4.330053 6.793186 3.607103 16.456964 2.796301 -5.799540 1.158773 -7.145278 0.579880 9.892900 3.279254 -5.498283 0.700306 9.411253 3.185320 11.776861 7.061298 -1.514206 21.411526 2.069522 9.547137 -4.432374 13.868497 8.169580 24.305092 -6.276248 -25.895384 -12.462986 17.268759 -33.948837 -12.315769 -21.744134 -23.024178 -13.443687 13.420832 4.987793 5.171730 1.656757 -1.947742 13.925847 0.956508 5.070226 -8.767580 -17.765708 -7.732458 5.059642 -14.615270 6.680356 -31.646718 -2.101055 -30.781202 3.025426 12.374328 -26.654292 -8.056832 -41.959785 1.741486 -9.880055 28.023821 -3.036713 3.484813 1.101963 6.021438 -1.471705 7.809000 33.702653 -12.649548 39.283454 -32.140137 -13.000829 31.556156 2.038267 1.217054 4.741643 -27.199776 -30.468697 17.567125 1.075052 -4.195047 -4.816747 -14.206183 2.173896 18.524593 0.098305 7.311537 1.087750 -5.866653 1.531312 -7.979906 -17.594916 -5.431208 -10.437614 -7.598976 -46.324696 2.172812 -1.622388 4.858621 -11.416292 16.170017 -38.578625 -13.966746 17.470879 -15.094124 11.820121 -13.050648 -16.358028 10.479183 -4.901784 0.325531 -3.924201 
-46.388313 105.532364 14.258593 25.896263 54.612383 20.722490 3.556918 12.977131 -0.175756 -16.857190 3.441210 -22.355534 2.462027 20.521198 4.981590 -6.877668 12.089085 0.744973 2.646587 14.329656 2.566281 -3.129547 -4.218411 6.754566 3.610416 16.454544 2.805542 -6.545227 2.499656 -7.112273 0.577896 9.884230 3.263191 -5.930447 0.913095 9.279435 3.189533 11.768037 7.075119 -1.263755 21.171505 1.467994 9.542328 -4.429767 13.878861 6.027525 23.720975 -8.081302 -25.893673 -12.468922 17.260180 -33.125793 -11.437027 -20.691471 -23.031668 -13.447540 13.408859 4.854475 4.938238 2.292440 -1.944500 13.939937 0.955429 2.769255 -8.985812 -16.509440 -7.727139 5.050023 -14.598063 4.814598 -27.913805 0.192023 -30.790888 3.026805 12.375051 -27.503855 -6.822535 -43.248874 1.750844 -9.885104 28.031494 -3.662051 3.560166 0.797564 6.016047 -1.461174 7.808228 33.986605 -12.258499 39.365078 -32.141106 -13.002692 31.555058 0.894537 2.267184 3.522111 -27.192780 -30.478941 17.557154 1.530978 -3.797340 -4.326704 -14.207846 2.169606 18.507797 -0.107306 7.997057 0.742339 -5.862049 1.547554 -7.978787 -17.585463 -6.216244 -9.937773 -7.605774 -46.329613 2.159431 -2.488340 5.163161 -11.785607 16.156656 -38.569870 -13.968817 17.641018 -14.469153 11.619911 -13.036626 -16.366186 10.495214 -4.649620 0.859863 -3.906836 
-46.461624 106.055702 12.581599 25.689364 51.818456 19.312934 3.574600 12.975336 -0.181575 -16.798232 4.000517 -22.994404 2.455469 20.516216 4.971759 -8.033551 12.226997 0.570937 2.646961 14.311026 2.578631 -3.924105 -3.770261 6.898416 3.618750 16.445864 2.805829 -7.070243 4.022488 -7.202004 0.581984 9.876099 3.242653 -6.990279 1.298060 9.175775 3.196962 11.765799 7.088848 -1.346469 20.157989 1.240298 9.542555 -4.433679 13.889232 3.955213 22.673112 -10.239296 -25.885725 -12.472733 17.249823 -32.712180 -10.265094 -20.428527 -23.044195 -13.458646 13.389866 3.850547 4.497125 2.899942 -1.935280 13.951051 0.954137 0.644511 -9.061192 -14.250811 -7.714471 5.042448 -14.579572 4.149868 -23.836856 1.561513 -30.797255 3.025356 12.381902 -27.960245 -5.805302 -44.472482 1.760266 -9.896815 28.042730 -4.168569 3.317477 0.730925 6.000329 -1.456611 7.796827 34.183946 -11.895372 39.070577 -32.137699 -13.006618 31.555527 -0.818492 2.976524 2.549739 -27.180714 -30.476261 17.550531 2.426986 -2.920216 -3.974983 -14.202814 2.167585 18.495293 -0.518709 8.441113 0.732560 -5.857543 1.557750 -7.979016 -18.011851 -6.950790 -8.687495 -7.607645 -46.324978 2.152916 -3.461148 5.603552 -12.292474 16.143713 -38.573055 -13.969241 17.990283 -13.503451 11.504870 -13.021097 -16.372471 10.510963 -4.192898 0.790278 -3.841862 
-46.217033 106.461472 10.796808 24.417954 48.868026 17.919469 3.589366 12.970079 -0.190669 -16.450277 4.074097 -22.708837 2.449848 20.521666 4.968602 -8.722973 12.196610 0.708512 2.652721 14.300345 2.587282 -4.123925 -3.244894 7.176882 3.622241 16.444265 2.805338 -7.053820 4.829538 -7.196559 0.580086 9.862580 3.230072 -7.340804 1.337001 8.648196 3.201508 11.755685 7.107443 -1.052504 19.364454 1.496346 9.538224 -4.446537 13.887460 2.091561 22.330330 -11.776650 -25.876965 -12.480439 17.251785 -33.024480 -10.097881 -20.392467 -23.043047 -13.465477 13.382124 3.598729 4.376312 3.241621 -1.922727 13.962342 0.959326 -0.693429 -8.276220 -12.200676 -7.717370 5.033886 -14.576570 4.835149 -19.468368 1.852764 -30.806925 3.027032 12.401675 -28.383228 -3.005724 -44.304831 1.759898 -9.905187 28.050503 -5.493098 2.761067 0.307710 5.982036 -1.464812 7.798172 33.911141 -11.067314 38.877246 -32.142883 -13.010697 31.566608 -1.668203 3.366120 1.669997 -27.173990 -30.477331 17.526217 3.347643 -1.769447 -3.622780 -14.196907 2.154495 18.486872 0.035048 8.508315 0.159382 -5.851370 1.554502 -7.985815 -18.700546 -7.620605 -7.229596 -7.605109 -46.324226 2.159132 -5.115601 5.676787 -12.554462 16.147995 -38.578125 -13.976199 18.596865 -13.260166 11.445036 -13.015588 -16.381676 10.519667 -3.614756 1.054508 -3.458989 
-45.643883 106.712769 9.090674 24.037696 47.221742 17.664946 3.598137 12.969916 -0.203435 -15.628458 4.361162 -22.611478 2.452126 20.523600 4.967169 -8.744352 11.461431 0.353140 2.650121 14.306404 2.584903 -3.864231 -2.857759 7.672690 3.630849 16.448502 2.803503 -6.277848 4.736314 -7.646221 0.585365 9.852284 3.226016 -6.596811 2.035867 7.790363 3.204940 11.743178 7.118357 -0.798214 18.662104 2.113620 9.534517 -4.456704 13.875837 1.411190 22.391964 -12.266534 -25.873537 -12.472428 17.260555 -33.478917 -10.258219 -21.119940 -23.034996 -13.475801 13.377347 2.925845 4.023150 3.316628 -1.912460 13.973154 0.965152 -0.732233 -6.759347 -11.159221 -7.724744 5.026647 -14.572093 5.797318 -16.402826 1.959094 -30.817913 3.022520 12.409404 -27.958117 0.007735 -42.726607 1.760970 -9.911488 28.047895 -6.479700 2.034038 0.086548 5.967745 -1.479041 7.800480 33.929935 -10.216706 38.149086 -32.142540 -13.009044 31.576532 -1.931579 3.368953 1.161249 -27.166039 -30.468378 17.510134 3.634787 -0.383776 -3.515224 -14.183495 2.149928 18.486427 1.256608 7.967163 0.035014 -5.848538 1.550417 -7.983519 -19.184751 -7.598331 -5.056993 -7.604006 -46.316078 2.170160 -6.505189 5.862044 -12.549050 16.163660 -38.591171 -13.980776 18.752402 -13.017110 11.551736 -13.013485 -16.384068 10.524266 -3.305188 1.164714 -3.507804 
-44.801109 106.833557 7.583149 21.588968 46.017573 16.780175 3.597288 12.975609 -0.209698 -14.421593 4.494367 -22.097113 2.451317 20.522907 4.973159 -8.524576 10.880289 0.371019 2.651917 14.308144 2.585109 -3.355311 -2.146808 8.243169 3.635354 16.448112 2.795769 -4.813016 4.398909 -7.524965 0.588695 9.837812 3.227699 -5.683283 2.720176 7.357957 3.208959 11.729985 7.125923 -0.383076 17.807953 2.972105 9.535378 -4.474819 13.864960 0.799939 22.823212 -13.463293 -25.865826 -12.463617 17.267145 -33.746933 -11.011273 -22.559761 -23.028776 -13.478456 13.375234 2.533099 3.798098 3.197637 -1.904871 13.965601 0.965985 -0.603420 -5.027115 -9.817308 -7.729135 5.016869 -14.580762 7.114060 -14.046752 1.815537 -30.822416 3.022401 12.413238 -26.789368 2.964894 -40.266793 1.751130 -9.913688 28.048201 -7.509500 1.130030 0.184030 5.954588 -1.488840 7.806917 33.710733 -8.868657 37.388374 -32.138676 -12.998001 31.591557 -1.724211 3.171433 0.858963 -27.160585 -30.459488 17.491932 4.117559 0.830651 -3.534697 -14.172602 2.142100 18.487844 1.880902 7.626129 -0.318550 -5.845049 1.541503 -7.988755 -19.624149 -7.551408 -3.109227 -7.590475 -46.307568 2.192112 -8.046942 6.062931 -12.304247 16.186335 -38.595604 -13.986904 19.095411 -13.148675 11.599185 -13.010777 -16.384592 10.518779 -3.274550 1.121251 -3.323772 
-43.763420 106.881027 6.363461 21.084678 45.832789 17.103000 3.600799 12.976815 -0.223309 -13.240964 4.146820 -21.493106 2.455989 20.523336 4.974347 -8.134482 10.813048 0.134293 2.654945 14.319578 2.585225 -2.842586 -1.476403 8.739228 3.639200 16.456448 2.786879 -4.389421 3.864979 -7.699474 0.585849 9.827818 3.233865 -4.576994 2.706574 7.124953 3.207463 11.714097 7.124212 -0.349314 17.294785 3.698200 9.541260 -4.483087 13.852277 0.932898 23.169182 -13.529615 -25.862843 -12.458282 17.283394 -34.395217 -11.567441 -23.384597 -23.017506 -13.488306 13.377874 1.983883 3.567616 3.135678 -1.895404 13.962521 0.967273 0.462404 -3.328170 -9.200104 -7.743647 5.015606 -14.583762 8.880298 -12.455717 1.506389 -30.823660 3.016565 12.419477 -25.738765 5.633847 -38.051223 1.742532 -9.919709 28.039003 -8.252395 0.638593 0.074655 5.944314 -1.500696 7.806949 33.347514 -7.833261 36.824835 -32.140480 -12.996266 31.602226 -1.806326 3.544234 0.476274 -27.158138 -30.448967 17.480865 4.275328 1.562286 -3.790541 -14.163093 2.141815 18.493977 2.870070 7.052260 -0.535982 -5.842906 1.535861 -7.991537 -20.045125 -7.478333 -2.267902 -7.589009 -46.299313 2.213759 -8.997356 6.138350 -11.889599 16.205585 -38.609089 -13.985332 19.055362 -13.493324 11.386981 -13.014084 -16.383114 10.513767 -3.440912 1.089752 -3.556604 
-42.572144 106.896538 5.427577 18.974802 44.367229 15.931222 3.598894 12.985078 -0.223939 -12.405904 3.942179 -20.987590 2.455158 20.527271 4.980299 -7.852628 10.460289 0.251885 2.651717 14.331509 2.574306 -2.352016 -1.098072 8.814182 3.633284 16.465050 2.779378 -3.652218 3.282258 -7.769568 0.589997 9.821988 3.236359 -3.625044 2.897217 6.950788 3.208712 11.707099 7.126911 -0.464444 17.318266 4.529202 9.546721 -4.497812 13.839941 1.497850 23.612249 -13.286591 -25.863005 -12.448526 17.293800 -34.695336 -12.120304 -24.069882 -23.007772 -13.485799 13.383529 1.500009 3.379147 3.068888 -1.891445 13.958370 0.961731 1.555254 -2.436234 -8.648907 -7.751878 5.020649 -14.594889 10.193569 -11.556342 1.401426 -30.836918 3.015320 12.413423 -24.330619 7.824814 -35.562743 1.738442 -9.920778 28.037571 -8.205747 0.209095 0.256203 5.945802 -1.508050 7.813363 32.984107 -6.807827 36.184416 -32.143150 -12.991659 31.607765 -1.528523 3.604138 0.420484 -27.163618 -30.442606 17.472691 3.978248 2.001414 -3.808274 -14.162851 2.136251 18.501472 3.310416 6.456160 -0.393335 -5.844258 1.528268 -7.992415 -19.742488 -7.450316 -1.436657 -7.585110 -46.293591 2.229341 -9.549491 6.205321 -11.852431 16.224598 -38.622761 -13.986541 18.555799 -13.333608 11.272185 -13.020626 -16.377373 10.513706 -3.553382 1.226918 -3.094032 
-41.234764 106.926353 4.758042 18.675684 43.063427 15.523485 3.594441 12.990849 -0.230506 -11.859915 3.629887 -20.317835 2.459985 20.527359 4.977112 -7.588010 9.986559 0.233902 2.655698 14.342280 2.576766 -1.667420 -0.724498 8.773341 3.633288 16.467863 2.775443 -2.983608 3.162795 -7.336630 0.584940 9.820762 3.238465 -3.343635 3.061814 6.647624 3.201708 11.704669 7.127994 -0.460869 17.250165 4.854063 9.558814 -4.506222 13.838114 2.243326 23.872508 -12.872436 -25.857878 -12.442634 17.309092 -35.103573 -12.468286 -24.635920 -23.006006 -13.491238 13.389606 1.479551 3.306541 3.328371 -1.892810 13.950632 0.962439 2.461871 -1.737626 -8.271074 -7.763198 5.020879 -14.605549 10.959786 -10.604632 1.172393 -30.835873 3.014822 12.411114 -23.005681 9.202805 -33.483227 1.734753 -9.922081 28.034973 -8.645951 0.145447 0.084629 5.944341 -1.514261 7.817459 32.827460 -6.441457 35.964925 -32.146935 -12.994904 31.618139 -1.471050 3.629709 -0.147322 -27.168591 -30.439594 17.469631 3.937888 2.124027 -3.625146 -14.162130 2.139094 18.502264 3.537117 6.450957 -0.615144 -5.842990 1.521703 -7.994033 -19.807444 -7.490150 -1.370563 -7.582685 -46.289303 2.239297 -9.971844 5.871640 -11.678868 16.235920 -38.631748 -13.986014 18.498529 -13.344744 11.201849 -13.021275 -16.379261 10.509415 -3.404755 1.393148 -3.383983 
-39.751663 106.993950 4.272555 18.154093 41.299589 14.929673 3.592259 12.994678 -0.227183 -11.282848 3.559002 -19.805144 2.462692 20.524004 4.978474 -7.126113 9.409014 0.261267 2.659039 14.351259 2.575501 -0.944179 -0.268222 8.615268 3.628026 16.472563 2.776953 -2.703654 3.165184 -6.759241 0.579739 9.816401 3.236964 -2.523837 2.769091 6.624396 3.195578 11.700650 7.134731 -0.617138 17.548376 5.418142 9.563894 -4.514580 13.833804 3.441708 23.576881 -12.002613 -25.858997 -12.431971 17.321426 -35.326879 -12.990360 -25.028146 -22.999180 -13.486353 13.393862 1.231861 2.932546 3.068359 -1.889885 13.945245 0.957081 2.813274 -1.283266 -8.488068 -7.772325 5.029123 -14.613998 11.498420 -10.538406 0.961131 -30.844896 3.014392 12.406782 -21.748398 10.575145 -31.403734 1.729931 -9.920778 28.035761 -8.742919 -0.004457 0.365936 5.942424 -1.517280 7.822065 32.330393 -6.048502 35.708967 -32.150311 -12.996555 31.618734 -1.544140 3.759284 -0.521309 -27.173849 -30.434940 17.463692 3.752389 2.258769 -3.576580 -14.166594 2.133345 18.502611 3.724305 6.495195 -0.607477 -5.836868 1.512480 -8.000139 -19.155390 -7.097674 -1.399548 -7.584096 -46.281460 2.247072 -10.016982 5.527972 -12.062739 16.248671 -38.646282 -13.987984 17.786388 -13.589233 11.194703 -13.034350 -16.379084 10.505465 -3.102084 1.758226 -2.786661 
-38.149544 107.133148 3.935691 17.542069 38.734027 14.685757 3.591939 13.004630 -0.228787 -10.932900 3.018261 -19.181722 2.472007 20.521862 4.973210 -6.791309 9.183479 0.312945 2.664387 14.358229 2.573520 -0.774697 -0.055200 8.503371 3.628871 16.476290 2.777217 -2.597740 3.055894 -6.026719 0.573115 9.814446 3.238449 -2.304917 2.521633 6.164772 3.186777 11.699895 7.136940 -0.771887 17.663971 5.693507 9.577456 -4.524379 13.829903 4.373249 23.527181 -10.773596 -25.859192 -12.423107 17.336142 -35.897784 -13.154556 -25.432237 -22.995590 -13.495059 13.398302 0.717702 2.848978 2.994003 -1.890213 13.946006 0.954944 3.521175 -1.093613 -8.147284 -7.779474 5.027879 -14.621490 12.337236 -10.595122 0.759126 -30.851103 3.013824 12.404902 -20.270540 11.482819 -29.447896 1.728646 -9.919650 28.029188 -8.754982 0.273055 0.234447 5.942634 -1.516725 7.821310 32.173370 -6.531048 35.604253 -32.152584 -13.005647 31.626484 -1.869377 3.653320 -1.311641 -27.178198 -30.432903 17.464394 3.681358 1.955619 -3.534494 -14.164821 2.137054 18.505173 4.051970 6.462284 -0.520827 -5.834640 1.509468 -7.999049 -18.862486 -7.185607 -1.927732 -7.585450 -46.278217 2.251882 -10.026304 5.234117 -12.068552 16.252707 -38.661617 -13.991813 17.378549 -13.702774 10.993992 -13.036128 -16.380472 10.499732 -3.024227 1.598065 -2.605559 
-36.400272 107.305542 3.678666 17.141212 36.608728 14.443519 3.593674 13.010563 -0.221902 -10.900987 2.532242 -19.100786 2.472919 20.521109 4.970491 -6.381685 8.714074 0.356862 2.667752 14.362343 2.576177 -0.048005 -0.164013 7.965809 3.622183 16.476576 2.783442 -2.041194 3.081246 -5.438504 0.576868 9.815295 3.235093 -1.825198 2.757670 5.979680 3.183239 11.692938 7.144604 -0.600729 17.876994 6.010122 9.580607 -4.533497 13.828803 5.693221 23.458536 -9.629707 -25.864305 -12.409917 17.339033 -35.926925 -13.678280 -25.572476 -22.993258 -13.497921 13.400002 0.288941 2.535117 2.803761 -1.894371 13.941875 0.949281 3.637531 -1.226368 -8.245165 -7.787829 5.027010 -14.623781 12.356861 -10.924113 0.880509 -30.861717 3.009262 12.403214 -19.078382 12.244578 -27.790703 1.726146 -9.912789 28.024471 -8.798456 0.185680 0.206066 5.946196 -1.523121 7.820035 31.897940 -7.099768 35.562739 -32.157051 -13.008720 31.624775 -2.017907 3.132025 -1.649919 -27.176077 -30.433834 17.468386 3.661943 1.424264 -3.336925 -14.168344 2.137764 18.508991 3.997659 6.763221 -0.607683 -5.833495 1.508705 -8.000277 -18.178666 -7.010303 -2.275964 -7.589000 -46.276413 2.255801 -9.964380 4.833761 -12.196008 16.256395 -38.673935 -13.986784 17.081781 -13.795635 10.787240 -13.047650 -16.383827 10.498577 -2.594064 1.842283 -2.285333 
-34.455261 107.517899 3.459397 17.313080 33.912292 14.437155 3.587585 13.023812 -0.214142 -10.942673 2.201526 -18.494566 2.481744 20.520315 4.962592 -5.708951 7.902735 0.434180 2.674984 14.370342 2.575237 0.348618 0.009395 7.518332 3.616951 16.476048 2.783041 -1.217465 3.032505 -4.430481 0.572896 9.816130 3.238068 -1.589900 2.482602 5.668212 3.177375 11.690511 7.150376 -1.267219 18.205155 5.924766 9.586090 -4.541682 13.833180 7.113631 23.108632 -8.370821 -25.870077 -12.396097 17.351664 -35.660640 -14.130374 -25.862778 -22.988440 -13.502028 13.403069 0.015956 2.506664 2.745247 -1.896120 13.940496 0.946943 4.203919 -1.348736 -8.535420 -7.793924 5.029002 -14.638370 12.764082 -11.205138 0.782927 -30.869678 3.015512 12.400521 -17.630609 12.911429 -25.554033 1.721983 -9.908780 28.030827 -8.722699 0.434479 0.249545 5.952997 -1.523168 7.826943 31.972341 -7.552243 35.601248 -32.155891 -13.014920 31.626514 -2.598952 2.843317 -2.366429 -27.180080 -30.431435 17.473587 3.388415 1.132331 -3.203526 -14.166642 2.135518 18.513926 4.055695 6.941307 -0.537389 -5.830003 1.501470 -8.002394 -17.500686 -6.576712 -2.915382 -7.590539 -46.278526 2.255964 -9.872998 4.330968 -12.308732 16.263439 -38.684414 -13.987966 16.886514 -14.272514 11.025053 -13.053253 -16.389013 10.495023 -2.399116 2.026046 -2.134491 
-32.213398 107.762016 3.237943 17.293055 30.784001 14.929431 3.584324 13.036963 -0.204699 -11.135780 1.947980 -18.636781 2.478985 20.527615 4.960547 -5.221497 7.550030 0.263929 2.680145 14.373889 2.574533 0.303396 -0.191106 7.197193 3.607991 16.475470 2.793725 -1.163499 3.067056 -4.023419 0.575489 9.822843 3.238033 -1.099262 2.266946 5.318279 3.179419 11.693152 7.153320 -1.450605 18.553422 5.775590 9.591674 -4.554207 13.834580 8.870360 22.617956 -6.949487 -25.878016 -12.376942 17.358074 -35.215817 -14.857128 -26.009912 -22.989101 -13.505898 13.409354 -0.174149 2.286895 2.278321 -1.897352 13.945929 0.949159 4.471854 -1.404901 -8.545111 -7.798822 5.025780 -14.641308 12.915646 -11.864873 0.788572 -30.876633 3.014293 12.393750 -15.978702 13.659901 -23.070873 1.723127 -9.898010 28.027664 -8.076247 0.582563 0.206103 5.960984 -1.522351 7.824707 31.913885 -8.384252 35.706726 -32.162289 -13.017156 31.623262 -3.207006 2.388999 -3.155838 -27.179695 -30.437138 17.481379 3.240293 0.258033 -3.430414 -14.171526 2.137327 18.518091 3.961550 7.363407 -0.904084 -5.828578 1.505626 -7.993930 -16.645646 -6.175077 -3.542616 -7.603131 -46.284973 2.252585 -9.898484 3.653599 -12.364516 16.267933 -38.697773 -13.991737 15.838869 -14.708474 11.493157 -13.059532 -16.394445 10.498150 -1.955496 2.271623 -1.896180 
-29.537241 108.030853 2.969804 18.442390 28.773610 15.779207 3.582113 13.051567 -0.194686 -11.385830 1.496514 -18.637906 2.484153 20.528879 4.947181 -4.418684 6.866238 0.213081 2.686151 14.374928 2.576171 0.793207 -0.368272 6.613636 3.598783 16.474514 2.798212 -0.373068 2.952176 -3.404457 0.573458 9.825982 3.243965 -1.021531 2.174446 4.944128 3.175673 11.687881 7.161747 -2.029904 19.067354 5.691057 9.590262 -4.562906 13.835781 10.409111 22.066325 -5.637285 -25.886639 -12.353690 17.372021 -35.163788 -15.447687 -26.095559 -22.979498 -13.502168 13.404039 -0.512984 2.206565 2.333797 -1.902208 13.943659 0.947959 4.956763 -1.848618 -8.716591 -7.810704 5.023551 -14.652973 13.164563 -12.613074 0.739377 -30.895140 3.020578 12.388522 -13.995492 14.369847 -20.130912 1.719936 -9.891641 28.029743 -7.755366 0.592444 0.136547 5.972288 -1.524576 7.827836 31.807248 -9.154249 35.622261 -32.163605 -13.023621 31.619091 -3.982897 1.862896 -4.157691 -27.174932 -30.429564 17.489340 2.844415 -0.542823 -3.323574 -14.177884 2.133939 18.524935 3.965945 7.674237 -1.375021 -5.828477 1.508565 -7.992577 -15.709732 -5.734385 -4.271708 -7.611367 -46.287212 2.250287 -9.761466 3.193060 -12.179875 16.275928 -38.717850 -13.994909 15.935496 -15.161137 11.752825 -13.067793 -16.398581 10.497553 -1.889499 2.332200 -1.729656 
-26.275728 108.279007 2.645800 17.774789 25.957239 16.139602 3.576181 13.077109 -0.187829 -11.880055 1.160825 -18.722561 2.483348 20.536880 4.930280 -3.971562 6.076982 0.405490 2.686406 14.377352 2.573801 0.934177 -0.196292 5.959363 3.595281 16.477077 2.798919 0.250310 3.019762 -2.670153 0.567612 9.828327 3.246784 -0.699161 1.796615 4.409457 3.180980 11.691037 7.164805 -2.378170 19.122998 5.653353 9.598660 -4.579971 13.842404 11.570511 21.476341 -4.457145 -25.892685 -12.330422 17.383429 -35.299060 -16.014142 -26.262731 -22.976294 -13.508469 13.414269 -1.077606 2.089461 1.815391 -1.901722 13.950562 0.946242 5.722408 -2.193316 -8.401455 -7.821769 5.020871 -14.662423 14.359100 -13.798399 0.145410 -30.898914 3.026100 12.385414 -11.131076 14.806991 -16.057764 1.722451 -9.885886 28.030411 -7.084662 0.463858 -0.144325 5.976474 -1.525959 7.826719 32.315199 -9.631509 35.332787 -32.168381 -13.028192 31.615870 -5.270109 0.839081 -5.132017 -27.169182 -30.429720 17.497816 3.109476 -1.756605 -3.296845 -14.189149 2.137003 18.534943 3.907939 7.970404 -1.608957 -5.831442 1.512155 -7.985849 -14.750070 -5.088637 -4.787842 -7.622115 -46.293228 2.248468 -9.263117 2.638876 -12.047311 16.282681 -38.731754 -14.007892 15.525975 -16.090134 11.748830 -13.068578 -16.405542 10.500320 -1.513246 2.285487 -1.350425 
-22.398727 108.485458 2.273802 18.154349 24.193553 16.751114 3.574695 13.098619 -0.175905 -11.581601 0.893973 -19.197968 2.484721 20.552637 4.913939 -3.215252 5.171736 0.616268 2.680313 14.365736 2.570494 1.303603 -0.202147 5.587262 3.580875 16.479229 2.805041 0.796199 3.210061 -2.561922 0.569221 9.829483 3.249827 -0.547413 1.447690 3.607433 3.179785 11.690476 7.169497 -2.749502 19.814456 5.808016 9.599087 -4.586843 13.839375 13.061736 20.484273 -3.068395 -25.900908 -12.306649 17.391764 -35.955154 -16.901281 -26.434854 -22.964407 -13.505038 13.421013 -1.309693 1.973236 1.051940 -1.901719 13.947248 0.947101 6.398262 -2.888001 -8.270065 -7.828372 5.023281 -14.679248 15.364224 -14.636834 -0.194813 -30.911697 3.035747 12.372316 -7.622022 15.248165 -11.189066 1.720425 -9.875820 28.026955 -6.250301 -0.096838 -0.213809 5.983934 -1.532653 7.825736 32.540520 -9.751578 34.652480 -32.179390 -13.035849 31.612406 -6.376003 0.352893 -5.766698 -27.155470 -30.418133 17.497149 3.131092 -2.925956 -3.354354 -14.194925 2.134361 18.541395 3.946188 8.281503 -2.363851 -5.840645 1.512604 -7.972421 -13.640951 -4.784292 -4.787184 -7.641503 -46.292965 2.246106 -9.110554 1.910576 -12.018080 16.294214 -38.754623 -14.023746 15.223126 -16.577503 11.991355 -13.073362 -16.411095 10.510412 -0.909783 2.424199 -1.217092 
-17.952532 108.578308 1.822061 17.566693 23.493672 17.216048 3.566474 13.124660 -0.165876 -11.567822 0.951469 -19.518826 2.476851 20.565228 4.904875 -2.518900 4.482109 0.993977 2.680374 14.359096 2.569364 1.616704 0.046310 5.669024 3.562185 16.489456 2.799997 1.492282 3.400390 -2.003652 0.570954 9.832863 3.254512 -0.924824 0.699298 3.608097 3.181494 11.692658 7.163237 -3.526168 20.840654 5.837945 9.615189 -4.590164 13.836714 14.623607 20.093867 -1.992751 -25.897188 -12.285521 17.397390 -37.498486 -18.351340 -27.350045 -22.956583 -13.510142 13.432038 -1.340279 1.646427 -0.717248 -1.901172 13.939672 0.944743 7.272522 -3.533712 -8.459160 -7.833946 5.026687 -14.697474 17.373783 -15.822656 -1.640019 -30.916563 3.043712 12.363161 -4.246808 14.781766 -5.684536 1.725101 -9.875035 28.021593 -5.614100 -0.201868 0.258887 5.986640 -1.543858 7.822970 32.660049 -9.811791 34.177310 -32.191116 -13.038285 31.604555 -7.883406 -0.153363 -6.507425 -27.154682 -30.413389 17.506327 3.239407 -4.221393 -3.992411 -14.205132 2.143685 18.549908 3.823832 8.286129 -2.779930 -5.850163 1.512985 -7.950585 -13.004162 -4.461150 -4.892487 -7.662638 -46.283562 2.248416 -9.310019 1.253543 -11.803258 16.310654 -38.772663 -14.051289 14.447015 -16.626987 12.333504 -13.074222 -16.415167 10.525834 -0.640046 2.233805 -1.503935 
-13.136580 108.490326 1.248291 17.203884 23.702939 18.693130 3.547954 13.144330 -0.157264 -11.045771 0.492770 -19.873431 2.464082 20.586311 4.909622 -2.147597 3.990313 1.545782 2.667339 14.343358 2.565020 2.399969 0.588974 6.450682 3.540194 16.517372 2.800223 1.633530 2.745199 -2.333179 0.574602 9.829104 3.273907 -1.542949 -0.364344 2.861150 3.182706 11.689413 7.162724 -3.915724 22.867752 5.802676 9.623535 -4.586385 13.828940 16.018921 20.134867 -0.581756 -25.894175 -12.273976 17.393402 -39.508543 -19.780882 -28.542391 -22.945295 -13.506782 13.444719 -1.063894 1.609743 -2.676135 -1.905355 13.933133 0.943171 7.716294 -4.140033 -8.812612 -7.827117 5.038078 -14.718652 20.039437 -17.295028 -2.821907 -30.923965 3.044269 12.345002 -0.541505 13.709207 0.562854 1.724897 -9.854601 28.016674 -4.680714 -0.116031 1.075951 5.988318 -1.558450 7.822234 32.314219 -10.062574 33.608362 -32.214069 -13.047485 31.596807 -9.015064 0.419006 -6.452867 -27.156738 -30.399944 17.501743 3.660165 -5.546819 -5.149468 -14.213037 2.152745 18.560144 4.055430 7.766234 -3.528725 -5.869680 1.507504 -7.925839 -12.501075 -5.034608 -3.832764 -7.685883 -46.284306 2.243471 -9.640784 0.503448 -12.019509 16.333704 -38.794510 -14.081677 13.307375 -16.597925 13.144841 -13.073277 -16.410313 10.539168 -0.311464 2.250135 -2.234033 
-8.053391 108.160080 0.469179 18.528599 25.647410 21.084138 3.515004 13.159156 -0.162804 -10.040692 0.703103 -20.304004 2.444141 20.608006 4.905119 -1.534744 4.279330 2.139977 2.653842 14.338741 2.569722 2.891940 1.213236 7.367965 3.521223 16.530630 2.797744 1.031947 0.827121 -3.627862 0.581863 9.830206 3.300195 -1.958056 -0.850969 2.760682 3.178520 11.702735 7.152185 -4.254533 24.775558 5.124816 9.629234 -4.577910 13.817458 17.313672 21.395691 -0.726647 -25.875557 -12.289377 17.385904 -43.709089 -21.908305 -29.729747 -22.951534 -13.493429 13.456755 -0.199006 1.632639 -5.130096 -1.917352 13.924457 0.939699 8.467729 -4.834088 -8.904883 -7.818535 5.052435 -14.745049 24.297192 -18.623824 -4.689824 -30.933750 3.040265 12.345453 3.072034 12.409367 6.353135 1.725094 -9.839132 28.018925 -3.315068 0.181360 2.085804 5.979999 -1.583078 7.821971 31.619736 -10.088706 32.932911 -32.237434 -13.056219 31.602974 -9.855055 1.094889 -5.581946 -27.165527 -30.384054 17.512966 4.610504 -7.238440 -6.879699 -14.230871 2.165414 18.578342 4.459164 6.523787 -4.009665 -5.890290 1.508485 -7.901796 -12.614057 -4.367707 -2.255746 -7.697995 -46.303169 2.250412 -10.508468 0.242097 -11.915762 16.361961 -38.821362 -14.105705 12.417747 -16.535348 14.118099 -13.090103 -16.392090 10.543835 -1.208482 2.154989 -3.341422 
-2.583072 107.602440 -0.509569 21.381810 27.793826 24.476355 3.480340 13.172300 -0.180201 -8.516358 0.653788 -19.856297 2.429194 20.636080 4.905926 -0.755035 5.310137 2.355344 2.638658 14.337952 2.568929 2.916602 1.693384 7.890060 3.526247 16.538649 2.799955 0.169700 -1.517654 -5.656818 0.579403 9.842324 3.325235 -2.765363 -0.663092 3.383014 3.182890 11.720360 7.114639 -5.214394 26.865192 3.941349 9.635884 -4.563500 13.817168 18.711843 24.759250 -0.872745 -25.839539 -12.318466 17.364599 -49.644776 -24.094416 -30.297466 -22.975739 -13.470044 13.480052 0.914001 1.342999 -7.420083 -1.926069 13.924407 0.926988 9.947719 -5.102375 -8.916305 -7.801681 5.063653 -14.762372 29.193885 -19.563547 -7.499225 -30.933475 3.032754 12.358589 6.363677 10.330104 11.946983 1.726907 -9.814130 28.029362 -1.726038 0.570107 2.124376 5.964133 -1.613212 7.822959 30.850397 -10.954316 32.688346 -32.258167 -13.065668 31.613537 -10.181381 2.058725 -4.073836 -27.171900 -30.364346 17.521004 4.856763 -8.830958 -8.941220 -14.234043 2.182370 18.596930 5.594079 4.608328 -4.178528 -5.911022 1.503507 -7.867024 -14.066326 -3.961531 -0.039186 -7.700861 -46.336292 2.266778 -11.542989 0.240326 -11.455540 16.380064 -38.835064 -14.122745 12.422051 -17.163628 15.268838 -13.111917 -16.372368 10.556223 -2.768988 2.358770 -4.189031 
3.546942 106.900543 -1.596294 25.419309 30.227173 26.986001 3.461748 13.180584 -0.202448 -6.424404 0.760038 -19.593730 2.421948 20.657825 4.898221 -0.478641 6.489579 2.212297 2.641044 14.341327 2.557234 3.284335 2.057673 7.830784 3.528347 16.538067 2.809421 -0.575880 -4.116629 -7.924088 0.582544 9.859600 3.336417 -3.466040 0.084987 4.229744 3.197968 11.740846 7.073816 -6.074985 28.536443 2.913704 9.649974 -4.559034 13.817714 19.393728 29.744343 -1.242093 -25.803099 -12.349768 17.344818 -54.941587 -25.425545 -30.419385 -22.988979 -13.452012 13.506095 1.694614 1.234665 -9.761050 -1.923117 13.920697 0.904573 11.789864 -4.880636 -8.011613 -7.805450 5.071385 -14.776779 35.253656 -19.171793 -10.861269 -30.923967 3.028645 12.374516 9.450794 8.713318 16.957813 1.728460 -9.799921 28.034821 -0.143468 0.800593 2.214124 5.941453 -1.652159 7.819745 30.275790 -11.900957 32.695402 -32.266853 -13.084594 31.621195 -8.932734 2.938823 -1.819943 -27.153753 -30.341116 17.543709 5.024967 -10.169113 -9.678069 -14.230277 2.195931 18.626469 7.038994 2.139157 -3.600397 -5.928270 1.497165 -7.838000 -16.539972 -4.092386 2.281817 -7.680071 -46.368011 2.287802 -12.233651 0.393041 -10.904894 16.379023 -38.844193 -14.134673 13.189836 -18.916332 15.645353 -13.137733 -16.340395 10.555710 -4.415424 1.990932 -4.628851 
10.653547 106.149117 -2.611870 29.779703 31.340910 28.312977 3.484781 13.175936 -0.230920 -4.424730 0.356017 -19.988759 2.439964 20.684053 4.883819 -1.260360 7.422461 2.295350 2.657965 14.323434 2.543565 3.638440 2.539616 6.887641 3.540184 16.546547 2.810361 -1.447545 -5.434414 -8.966710 0.569147 9.880516 3.331578 -4.396384 0.806274 3.481181 3.200984 11.756430 7.068254 -6.746075 29.427754 2.544564 9.668464 -4.578736 13.809854 18.699320 34.273346 -1.648100 -25.787430 -12.372628 17.345436 -56.642165 -23.862675 -30.091235 -22.964169 -13.443342 13.527740 1.515552 2.108088 -10.675044 -1.897783 13.921122 0.901201 12.156179 -4.904161 -6.027551 -7.823330 5.078871 -14.788904 40.523506 -18.420667 -13.292517 -30.917625 3.042565 12.390258 12.282372 7.666340 19.655073 1.726725 -9.805615 28.017672 0.581973 0.114431 2.787658 5.931921 -1.693726 7.827388 29.727049 -12.424447 33.160142 -32.269829 -13.132191 31.645859 -6.358513 2.986913 -0.409666 -27.118828 -30.312023 17.546080 3.121225 -9.807110 -8.386637 -14.228596 2.198131 18.649925 8.696119 -0.011845 -3.417691 -5.945848 1.504164 -7.822738 -20.009903 -5.221821 3.925626 -7.652114 -46.390869 2.284220 -10.799112 0.404523 -9.643615 16.369015 -38.846508 -14.158352 15.573980 -20.961974 14.761024 -13.138153 -16.327251 10.534039 -4.963567 1.466065 -4.191739 
17.985886 105.394196 -3.428464 32.617411 30.763923 27.959325 3.496590 13.179708 -0.238880 -3.317627 0.875966 -20.183909 2.449247 20.694317 4.866158 -2.559825 7.883468 2.073126 2.678246 14.320361 2.556079 4.501709 3.935147 6.748726 3.549253 16.542356 2.815928 -2.398499 -6.080133 -9.091706 0.552000 9.876189 3.324070 -2.964209 2.152097 2.268729 3.189428 11.778752 7.070745 -6.460246 30.665791 1.120121 9.667100 -4.608799 13.814157 17.586139 38.862834 -2.243185 -25.785845 -12.371701 17.362162 -54.769091 -21.285680 -29.488648 -22.950407 -13.427520 13.525941 1.699881 3.228493 -9.183922 -1.884797 13.921046 0.909048 11.790206 -4.942803 -5.519703 -7.836410 5.082430 -14.782283 43.129059 -20.133036 -15.605655 -30.904196 3.054803 12.399925 14.190176 6.600672 20.780572 1.727400 -9.806162 28.003515 -0.217561 -1.698765 2.389738 5.939089 -1.701425 7.848077 28.060666 -13.067789 33.845923 -32.252209 -13.169353 31.674559 -4.541657 1.397048 0.287696 -27.098019 -30.305655 17.543282 0.760667 -7.507660 -6.398292 -14.224942 2.193695 18.642361 9.425061 -1.721890 -3.230781 -5.950776 1.513847 -7.807818 -23.316459 -5.400751 5.183253 -7.632792 -46.412125 2.259185 -9.264999 0.946462 -8.481924 16.358049 -38.825676 -14.175464 18.864842 -22.489579 13.433101 -13.138895 -16.329060 10.505010 -4.207471 1.009006 -4.104167 
24.284697 104.696167 -4.059780 33.279240 29.292981 26.798691 3.481096 13.183286 -0.241407 -2.722894 0.610975 -19.513758 2.442506 20.683630 4.861611 -3.058007 7.325917 1.838499 2.681143 14.325529 2.555579 5.484524 4.650158 6.706122 3.563203 16.515268 2.820136 -2.303379 -6.115687 -8.745335 0.547251 9.868664 3.330053 0.182669 2.154431 1.507039 3.177542 11.798406 7.077436 -6.014627 32.603949 -0.899940 9.648737 -4.629384 13.816442 17.028551 43.267377 -2.182336 -25.771503 -12.349141 17.373737 -50.555851 -18.093940 -28.907615 -22.936518 -13.415665 13.526710 2.130283 3.829825 -7.764240 -1.892259 13.935372 0.916970 11.273549 -4.910180 -6.129276 -7.840865 5.064604 -14.768394 42.917101 -25.007887 -18.198530 -30.886028 3.041752 12.406817 15.289602 3.174165 20.648137 1.735862 -9.796424 27.992012 -0.091578 -3.842474 1.774186 5.944385 -1.688447 7.858869 25.670849 -13.588425 33.625148 -32.235405 -13.164818 31.682854 -3.465490 -0.918505 1.509671 -27.087669 -30.296427 17.529011 -1.459971 -3.714098 -4.770592 -14.213522 2.198828 18.619377 9.261215 -2.785556 -2.596618 -5.947328 1.511472 -7.804302 -25.282118 -4.329032 7.131403 -7.622338 -46.407555 2.240542 -7.941658 0.839842 -8.831675 16.351614 -38.787048 -14.182454 21.239716 -23.406309 11.948204 -13.135141 -16.330404 10.484852 -3.149911 1.228284 -4.702279 
29.003782 104.171661 -4.569528 32.917666 28.385954 25.294117 3.473998 13.181199 -0.240623 -2.025585 0.754268 -19.328464 2.447555 20.666733 4.860682 -3.790948 6.444116 1.523989 2.665186 14.322504 2.556028 5.707451 4.444757 6.635145 3.575361 16.494495 2.807109 -2.090555 -6.229019 -8.295358 0.547760 9.856869 3.333842 1.936698 1.456104 0.826785 3.161597 11.804923 7.091893 -6.466772 34.036178 -2.254561 9.631369 -4.637568 13.815397 17.182162 46.724621 -2.127726 -25.756107 -12.329941 17.381376 -46.782448 -14.812324 -28.327047 -22.917084 -13.413857 13.534494 2.141547 3.779521 -7.002555 -1.906148 13.943730 0.916700 10.940680 -5.601646 -6.657157 -7.833569 5.044140 -14.745193 41.943878 -31.216734 -20.703439 -30.863487 3.029038 12.411878 14.902534 -0.442940 18.188821 1.746650 -9.798735 27.982153 -0.452252 -5.161345 1.507328 5.941463 -1.674683 7.857836 24.119346 -14.276875 33.280387 -32.215500 -13.148944 31.689323 -3.258139 -3.291612 2.779656 -27.090254 -30.275845 17.512794 -3.145215 -0.468586 -3.851615 -14.201311 2.208493 18.599134 8.844463 -3.315661 -1.175701 -5.947061 1.505886 -7.808472 -26.506701 -3.450020 7.729531 -7.614875 -46.377876 2.232373 -5.794517 0.719162 -9.281985 16.349163 -38.754807 -14.176889 23.057236 -23.247223 10.692669 -13.118409 -16.331501 10.465221 -2.285968 1.512175 -4.617537 
32.123245 103.871353 -4.927433 31.898746 27.794707 23.705428 3.471464 13.175012 -0.240571 -1.046972 0.756345 -19.618656 2.444340 20.652147 4.856503 -4.298657 6.057692 1.110627 2.654948 14.317072 2.552898 5.492547 3.992923 6.865917 3.588247 16.477097 2.801555 -2.140022 -6.343771 -7.747981 0.549565 9.841293 3.333984 3.092944 1.022189 1.096761 3.152133 11.816303 7.104852 -7.231467 34.794650 -3.605544 9.619963 -4.637544 13.812515 17.177832 48.858269 -2.161564 -25.748049 -12.311593 17.383358 -43.355271 -12.615757 -27.988459 -22.906763 -13.414110 13.539969 2.608531 3.534495 -6.499154 -1.908659 13.945520 0.912846 10.545569 -5.986594 -7.201255 -7.824512 5.031715 -14.719928 40.238209 -36.541338 -22.725354 -30.843479 3.022270 12.406761 13.453317 -2.734945 15.395084 1.746739 -9.800070 27.971449 -0.835445 -5.713483 1.297213 5.934107 -1.658116 7.847723 23.293030 -14.604713 33.222464 -32.199265 -13.133023 31.691692 -3.475155 -4.441438 3.386320 -27.092209 -30.264154 17.494707 -4.362937 1.864464 -3.431302 -14.192305 2.212687 18.575258 7.993652 -3.119223 -0.347086 -5.945659 1.493811 -7.808804 -27.750680 -3.264389 7.846388 -7.613600 -46.355152 2.225537 -3.938701 0.656326 -10.015909 16.339184 -38.733025 -14.165855 23.904289 -23.108089 10.340867 -13.106094 -16.326387 10.456822 -1.601524 1.670864 -4.743730 
33.637112 103.707718 -5.117801 31.151516 27.478129 22.756425 3.472186 13.170024 -0.246080 -0.864156 0.818335 -19.361921 2.449170 20.648495 4.848857 -4.547185 5.581689 0.870724 2.648263 14.321226 2.555232 5.545732 3.541162 6.836890 3.585648 16.470493 2.798703 -2.036972 -6.391440 -7.652085 0.553597 9.833475 3.332320 4.072784 0.816659 0.709108 3.145837 11.813367 7.104892 -7.554054 34.994092 -3.900958 9.602345 -4.639393 13.805581 17.371389 49.663402 -2.270053 -25.745775 -12.303205 17.390106 -41.710876 -11.476265 -27.425554 -22.900589 -13.417776 13.540453 2.831157 3.317692 -6.560773 -1.907649 13.950105 0.924286 10.130980 -6.192583 -7.402954 -7.829435 5.030005 -14.709514 38.500547 -39.457388 -23.346980 -30.837976 3.022631 12.408286 12.427038 -2.941477 12.899596 1.749374 -9.806172 27.971947 -0.977831 -5.930885 1.078057 5.933286 -1.649555 7.848127 23.067664 -14.462717 32.682745 -32.196510 -13.123774 31.687479 -2.994440 -5.077074 3.970030 -27.095783 -30.264633 17.480825 -4.880151 3.239288 -3.346165 -14.186585 2.206538 18.565540 7.536968 -3.309337 0.054974 -5.947635 1.499527 -7.812761 -28.362654 -3.181277 7.686761 -7.616276 -46.339241 2.230714 -2.378505 0.855839 -10.255291 16.340014 -38.726292 -14.163606 23.970522 -23.362411 9.884327 -13.102402 -16.329073 10.448097 -1.478375 1.881930 -4.895792 
33.571815 103.552078 -5.093018 31.371086 27.481702 23.032580 3.469584 13.171734 -0.243451 -0.920501 0.725369 -19.370210 2.449624 20.647114 4.852993 -4.642002 5.698107 0.851983 2.647892 14.314786 2.554223 5.972911 3.690419 6.717423 3.586204 16.472242 2.798624 -2.118855 -6.364342 -7.611473 0.556025 9.839136 3.330615 3.597692 0.997819 0.711443 3.145910 11.811514 7.107901 -7.393287 35.228815 -3.715257 9.606109 -4.638877 13.806911 17.476922 49.707289 -2.353680 -25.745758 -12.303079 17.384727 -41.942279 -11.171079 -27.492206 -22.902910 -13.410705 13.534951 2.849210 3.298308 -6.358629 -1.914469 13.948218 0.917183 10.186263 -6.201078 -7.522512 -7.824275 5.033470 -14.707942 38.893672 -39.318985 -23.244186 -30.837837 3.019972 12.404159 12.670885 -3.689421 13.051662 1.748788 -9.801485 27.967741 -0.919428 -5.516384 0.997165 5.935390 -1.653119 7.844088 22.847589 -14.633494 32.486948 -32.193657 -13.127905 31.684877 -3.071573 -4.988422 4.167951 -27.097912 -30.262514 17.482697 -4.963747 3.283011 -3.288365 -14.186875 2.210106 18.567507 7.525409 -3.308575 0.226549 -5.950336 1.497459 -7.809017 -28.187325 -3.104781 7.670681 -7.612440 -46.339493 2.225562 -2.211139 0.918307 -10.028578 16.334747 -38.723618 -14.162313 24.112624 -23.152314 10.029384 -13.106563 -16.329836 10.449843 -1.414922 1.989847 -4.646510 
32.046703 103.442619 -4.869145 32.599837 27.896359 23.977268 3.470171 13.175847 -0.236316 -0.977629 0.735627 -19.422408 2.448335 20.653378 4.860170 -4.212013 6.322456 1.454167 2.655607 14.320490 2.557420 5.995515 4.049820 6.469837 3.577205 16.474138 2.803982 -2.189589 -5.872690 -7.796983 0.555648 9.850220 3.328510 3.108180 0.867062 0.954098 3.145678 11.811287 7.109395 -6.738841 34.933662 -2.795017 9.618135 -4.635007 13.807310 16.863443 48.680958 -3.102455 -25.748461 -12.307088 17.386114 -43.714829 -12.500648 -27.794797 -22.906290 -13.413059 13.535480 3.002366 3.190399 -6.639169 -1.915372 13.943453 0.914911 10.621989 -5.939109 -7.591859 -7.826833 5.029491 -14.719060 40.448753 -36.378223 -22.693587 -30.841869 3.020613 12.400813 13.767494 -3.015186 15.418454 1.749708 -9.802255 27.974449 -0.975748 -5.642789 1.430937 5.942298 -1.659627 7.849615 22.639381 -14.234008 32.294968 -32.206917 -13.138548 31.687239 -2.548572 -4.642934 4.025689 -27.092194 -30.265924 17.498972 -4.800539 2.804072 -3.585420 -14.197768 2.211713 18.578846 7.945032 -3.245791 -0.361966 -5.944686 1.502070 -7.809628 -27.181914 -3.393836 7.468940 -7.611274 -46.350277 2.229040 -3.607365 0.847446 -9.882249 16.338652 -38.732277 -14.172974 23.799337 -22.906568 10.452618 -13.110583 -16.327242 10.455739 -1.731396 1.972626 -4.862866 
29.303808 103.506042 -4.508968 33.254787 28.147903 25.353589 3.472219 13.182240 -0.233751 -1.659139 0.978881 -19.414099 2.445069 20.659233 4.858435 -4.052564 6.982928 1.440037 2.669430 14.329314 2.560335 5.838606 4.771378 6.284924 3.574031 16.484903 2.817894 -2.837912 -5.843935 -8.274107 0.550932 9.851377 3.327423 2.169730 1.524352 0.981163 3.156461 11.813263 7.100485 -6.363303 34.300459 -2.231956 9.636014 -4.638319 13.815167 16.435829 47.087437 -3.126976 -25.757954 -12.319321 17.389956 -46.299622 -14.343314 -28.384203 -22.925613 -13.416576 13.531357 2.183487 3.435557 -6.296741 -1.905240 13.943512 0.917082 11.276427 -5.449876 -7.213902 -7.835612 5.042641 -14.731492 42.060243 -31.276167 -21.274509 -30.864805 3.024405 12.404922 14.752794 -0.940236 18.607947 1.745128 -9.796035 27.986658 -0.786937 -5.059401 1.604163 5.946215 -1.665016 7.855454 22.677866 -14.268309 32.776681 -32.218403 -13.161285 31.692039 -2.500314 -3.515657 3.116421 -27.090405 -30.282701 17.517719 -3.650284 0.841642 -4.223847 -14.208179 2.206482 18.589306 8.390611 -3.240278 -1.273633 -5.940816 1.510616 -7.806068 -26.402805 -3.854244 7.041864 -7.610049 -46.380020 2.222200 -5.516438 0.938958 -9.099380 16.335758 -38.753399 -14.183273 23.091855 -22.979436 10.765170 -13.123150 -16.331591 10.469478 -1.933657 1.761486 -4.778816 
25.509281 103.759995 -4.110645 33.383711 28.664091 26.452988 3.475492 13.183268 -0.235033 -2.004638 0.979711 -19.106326 2.443748 20.668568 4.861887 -3.902331 7.428270 1.594089 2.679822 14.333980 2.561615 5.390843 4.658626 6.233713 3.564093 16.507221 2.820584 -2.756777 -5.443578 -8.375696 0.549625 9.861235 3.322425 1.059564 1.785771 1.089788 3.165323 11.807230 7.089046 -5.740190 33.140522 -1.085670 9.647919 -4.632575 13.821669 16.701066 44.229764 -2.970328 -25.764723 -12.334496 17.380518 -49.507499 -16.807402 -28.876510 -22.942644 -13.419986 13.527987 2.151049 3.401183 -6.955256 -1.894280 13.937551 0.914400 11.845877 -4.514521 -6.801145 -7.841219 5.058801 -14.748515 42.890296 -25.964471 -19.051838 -30.874081 3.035482 12.408627 14.953272 1.947441 20.434874 1.738852 -9.799700 27.996109 -0.505574 -4.517839 1.834847 5.949202 -1.682340 7.865755 24.141780 -13.458138 32.881282 -32.227837 -13.173539 31.689344 -2.407187 -2.155813 2.180536 -27.088291 -30.294806 17.533791 -2.047493 -2.114278 -4.838001 -14.212858 2.191536 18.610758 8.493593 -2.918298 -2.200882 -5.945182 1.513236 -7.809311 -25.269280 -4.049846 6.498758 -7.622777 -46.394573 2.224075 -6.482135 1.231889 -8.668001 16.345043 -38.770721 -14.189465 21.555572 -23.025338 11.165870 -13.133400 -16.337183 10.480745 -2.418154 1.554472 -4.400527 
20.763769 104.197136 -3.681787 32.764616 29.721449 27.236134 3.486842 13.177077 -0.230896 -2.801518 0.673913 -19.519192 2.447213 20.674036 4.869828 -3.749539 7.807704 1.519008 2.683821 14.337728 2.560451 5.037867 4.430635 6.158053 3.547539 16.526197 2.820871 -2.705230 -5.248278 -8.748715 0.553552 9.865918 3.320511 -0.277954 1.970758 1.610986 3.169930 11.796546 7.080833 -5.871631 31.533409 0.428436 9.663983 -4.625985 13.813359 17.136487 40.908499 -2.998338 -25.784218 -12.341856 17.386864 -51.929167 -19.672068 -28.865602 -22.951450 -13.425800 13.521366 2.030733 2.863985 -7.681363 -1.888524 13.920815 0.907205 12.554527 -3.892565 -6.688539 -7.842103 5.069433 -14.760336 43.003619 -21.293692 -16.408590 -30.894690 3.046463 12.399569 14.952532 4.715922 21.132028 1.734948 -9.801047 28.003029 -0.427672 -3.064661 2.362333 5.952638 -1.686166 7.868656 25.649071 -12.849951 32.918472 -32.235432 -13.176479 31.668961 -2.250348 -0.275615 1.091917 -27.091797 -30.304836 17.550131 -0.524943 -5.024222 -5.916247 -14.215746 2.183020 18.628633 8.896512 -2.610731 -2.849465 -5.952868 1.521475 -7.805971 -23.913664 -4.478275 5.231467 -7.629530 -46.398861 2.233784 -7.693716 1.224072 -8.424158 16.343975 -38.793491 -14.190522 19.156599 -22.421484 12.221165 -13.142411 -16.340424 10.491106 -3.097977 1.422956 -4.180518 
15.251992 104.696716 -3.203454 31.143672 30.607328 27.606923 3.491639 13.175633 -0.225451 -3.760287 0.253994 -19.519371 2.445704 20.668398 4.876954 -2.815748 8.246942 1.605548 2.674165 14.339715 2.546666 4.248725 3.359087 6.290917 3.534384 16.532745 2.812905 -2.481673 -4.986887 -8.849529 0.561610 9.862268 3.322876 -1.788541 1.290219 2.476864 3.174777 11.776450 7.077287 -6.484354 29.503955 1.783434 9.675777 -4.607539 13.810392 17.699365 37.407044 -2.844749 -25.785315 -12.347043 17.382618 -54.179735 -22.182118 -29.106568 -22.953196 -13.436484 13.525492 1.579969 2.683610 -8.788658 -1.892301 13.913933 0.897968 13.545322 -3.546588 -6.636659 -7.829554 5.069605 -14.764755 42.112583 -18.520546 -14.674578 -30.893492 3.047046 12.388777 13.810144 6.786800 20.293578 1.731499 -9.804988 28.002619 0.410616 -1.551576 2.942077 5.949190 -1.684448 7.847422 27.384255 -12.092292 32.708366 -32.239815 -13.158041 31.642822 -3.214342 1.653589 0.113614 -27.094961 -30.307236 17.554499 1.299611 -7.622887 -7.109803 -14.223447 2.179867 18.638002 8.288559 -1.646474 -3.109234 -5.948647 1.515405 -7.813628 -21.967331 -5.008348 3.642658 -7.639142 -46.378796 2.248832 -8.552287 1.173306 -8.562836 16.343029 -38.802418 -14.180780 17.170279 -21.093006 13.084836 -13.137513 -16.336212 10.501564 -3.897050 1.039430 -3.826034 
9.569077 105.179077 -2.682152 27.807066 30.895309 27.060697 3.476485 13.172572 -0.213370 -4.718902 0.029811 -18.753796 2.437521 20.656132 4.890481 -1.951055 7.299399 1.792546 2.652762 14.350271 2.538762 3.825457 2.252731 6.396211 3.524683 16.531940 2.808023 -1.614779 -4.099954 -8.525872 0.574409 9.859525 3.332850 -1.630059 -0.057510 3.424638 3.171147 11.759046 7.073958 -6.880747 28.183353 2.742078 9.667367 -4.581995 13.805170 18.325696 33.923261 -2.862669 -25.790037 -12.346315 17.369701 -55.341376 -23.929271 -29.110837 -22.960722 -13.438677 13.522430 1.687378 1.867451 -9.679139 -1.909724 13.912330 0.895746 13.744434 -3.314056 -7.890037 -7.815417 5.069820 -14.760980 38.830080 -18.262362 -12.884269 -30.898060 3.034908 12.383087 12.137589 7.733970 18.471425 1.733203 -9.807730 28.013132 0.938750 -1.150342 3.082781 5.941627 -1.667758 7.839757 28.692009 -10.949683 31.860975 -32.246384 -13.112157 31.615416 -4.358877 2.695114 -0.403528 -27.110416 -30.312449 17.551474 2.811022 -9.362140 -8.545569 -14.224208 2.173169 18.635323 7.375302 -0.371260 -3.229035 -5.946395 1.503370 -7.826988 -18.793383 -4.289730 2.270354 -7.651489 -46.347885 2.261955 -8.679941 0.751148 -9.724958 16.359537 -38.804371 -14.165673 14.429540 -19.587871 13.387815 -13.142087 -16.337873 10.522798 -4.403008 1.403735 -3.449909 
4.560378 105.591835 -2.115761 24.204187 30.036689 25.663123 3.455512 13.169310 -0.196555 -5.596610 0.226120 -18.400075 2.428135 20.628052 4.903615 -1.721168 6.303370 1.668061 2.640402 14.362145 2.551577 3.625044 1.735036 7.103565 3.515802 16.522293 2.809823 -0.927554 -3.040851 -7.857686 0.579471 9.846313 3.330153 -0.597255 -0.964538 4.290710 3.166286 11.752027 7.075415 -6.741251 27.082730 2.741752 9.655574 -4.572662 13.813902 18.800126 30.178822 -2.665631 -25.797651 -12.323300 17.368940 -53.936173 -25.202000 -29.388928 -22.978561 -13.438421 13.507095 1.898900 0.801621 -8.985699 -1.926301 13.911953 0.901230 13.300333 -2.547656 -9.168114 -7.802926 5.064977 -14.746161 34.629643 -18.599215 -10.891375 -30.899487 3.021019 12.377612 9.625792 8.180310 15.714464 1.732935 -9.807791 28.018200 0.472364 -0.863506 3.003276 5.941862 -1.636440 7.831025 29.056550 -10.147287 31.117369 -32.237808 -13.079455 31.599546 -5.793092 2.437046 -1.774249 -27.134264 -30.335104 17.548187 4.464296 -10.057650 -9.404415 -14.213397 2.174283 18.615604 5.791526 1.074694 -3.271410 -5.936909 1.504320 -7.832561 -16.461861 -2.855018 0.965452 -7.672067 -46.317017 2.260116 -8.692864 0.549468 -10.867385 16.355915 -38.790230 -14.150211 12.603409 -18.057762 13.290795 -13.142661 -16.349129 10.537250 -3.632848 1.918828 -3.407394 
0.829888 105.935608 -1.602991 20.995723 28.690845 23.491111 3.460744 13.160798 -0.184196 -6.674374 0.644178 -17.892200 2.428026 20.607504 4.902934 -2.173245 5.311014 1.657048 2.631253 14.366448 2.562613 3.778291 1.784632 7.279225 3.513931 16.518122 2.809641 -0.790291 -1.922434 -6.815560 0.580239 9.829695 3.323011 0.520911 -1.428986 4.057248 3.152295 11.748025 7.090516 -6.686987 26.154671 2.959369 9.648191 -4.577697 13.812781 18.489273 27.223404 -2.421857 -25.811481 -12.303896 17.382126 -51.493640 -24.735426 -29.349890 -22.983097 -13.440977 13.485693 1.282664 0.904426 -7.489190 -1.931454 13.906396 0.911534 12.707529 -2.463570 -9.873266 -7.801292 5.066512 -14.725398 30.928568 -19.417687 -8.935774 -30.897469 3.015892 12.368067 7.434667 8.566954 12.376976 1.732807 -9.811936 28.009390 -0.427506 -1.225329 2.816238 5.952821 -1.607216 7.835660 29.297550 -9.506501 30.766229 -32.226135 -13.055915 31.588474 -6.420272 2.019012 -3.209691 -27.149620 -30.348383 17.534361 4.890828 -9.718318 -9.173771 -14.206296 2.165412 18.592642 4.384783 2.233655 -3.164603 -5.927612 1.504997 -7.846010 -15.013326 -2.159086 -0.511606 -7.681422 -46.289253 2.246286 -8.076816 0.991230 -11.614112 16.345980 -38.774315 -14.138842 11.563736 -16.788016 12.381945 -13.135064 -16.362455 10.535588 -2.772292 2.071907 -3.253765 
-1.211561 106.220001 -1.257137 19.164939 27.556120 21.798146 3.466888 13.158204 -0.176925 -7.347101 0.740149 -18.176143 2.426767 20.600977 4.899665 -2.165312 4.290757 1.427180 2.627226 14.379493 2.563248 3.786294 1.310208 7.486209 3.507269 16.515099 2.805877 -0.158277 -0.934032 -6.019667 0.584230 9.823932 3.319016 1.422319 -1.498252 3.801246 3.144199 11.741235 7.104431 -6.932618 25.712133 3.094625 9.640702 -4.582351 13.811977 18.047955 25.760181 -2.331922 -25.823982 -12.283326 17.397814 -49.088153 -24.526407 -29.148949 -22.973240 -13.449216 13.473200 1.107053 0.830201 -6.565506 -1.937600 13.909578 0.919871 12.391014 -2.145262 -10.607981 -7.802249 5.064069 -14.711643 28.399247 -20.078115 -7.241957 -30.899355 3.013730 12.361547 6.384475 8.947463 10.215962 1.734239 -9.821565 28.003796 -1.382086 -1.670214 2.980603 5.962364 -1.592664 7.841886 29.585644 -9.071341 30.640041 -32.217613 -13.045819 31.583273 -6.500120 1.452602 -4.186167 -27.152937 -30.354826 17.526548 4.602204 -8.833708 -8.781153 -14.206844 2.154609 18.579138 3.720302 2.739090 -3.339231 -5.920060 1.510094 -7.857761 -14.031165 -1.737556 -1.588734 -7.682701 -46.268585 2.235313 -7.551214 1.155371 -11.929176 16.338276 -38.766270 -14.135132 11.119983 -15.798830 12.027987 -13.128384 -16.370562 10.536010 -2.251347 2.174596 -3.120636 
-0.888490 106.438492 -1.238470 19.547824 27.849415 22.092911 3.466391 13.160752 -0.178836 -7.096528 0.584039 -18.315945 2.427884 20.599712 4.900363 -2.358494 4.685516 1.535022 2.633101 14.377822 2.561509 3.817973 1.523284 7.704287 3.510454 16.515060 2.808563 -0.224141 -1.103301 -6.297676 0.584446 9.825573 3.318302 1.308691 -1.377530 3.812837 3.143584 11.741327 7.100079 -6.710866 25.970228 3.317191 9.642686 -4.579126 13.813393 18.248491 26.322134 -2.069330 -25.817421 -12.285382 17.391428 -49.986507 -24.579981 -29.253202 -22.980913 -13.452216 13.476509 1.341767 0.789985 -6.750305 -1.937926 13.911195 0.919036 12.466771 -2.113082 -10.361363 -7.804376 5.065303 -14.715924 28.508089 -20.327597 -7.518329 -30.894739 3.012528 12.353066 6.663530 9.033962 10.850593 1.732304 -9.816579 28.002563 -1.260649 -1.599301 2.616225 5.961119 -1.596064 7.840112 29.826753 -9.555818 30.910926 -32.218842 -13.049669 31.588800 -6.644128 1.518677 -4.005616 -27.152399 -30.353065 17.528851 4.783241 -9.069089 -8.854648 -14.203410 2.157457 18.580896 3.943396 2.631270 -3.165448 -5.917528 1.508972 -7.852033 -13.948570 -2.078541 -1.133906 -7.682190 -46.270424 2.240075 -8.322304 1.103887 -11.885992 16.337135 -38.767731 -14.135395 11.408962 -15.928414 12.212303 -13.126418 -16.366358 10.537802 -2.273639 2.117556 -3.292737 
2.043200 106.563385 -1.602947 22.945216 29.140340 25.010464 3.453968 13.173084 -0.195103 -6.395939 0.490011 -18.321583 2.425653 20.619131 4.900160 -1.670448 5.581898 1.592689 2.640293 14.363913 2.560008 3.938008 1.727769 7.835079 3.517741 16.521467 2.814294 -0.561207 -2.353073 -7.090101 0.577863 9.839566 3.334047 -0.204483 -1.127460 3.984504 3.160082 11.746305 7.086836 -6.607545 27.315752 3.147741 9.648179 -4.571822 13.819329 18.880692 28.705540 -1.602181 -25.798628 -12.306684 17.367723 -53.272388 -25.172348 -29.664413 -22.990520 -13.445136 13.491884 1.835777 0.854953 -8.121080 -1.936727 13.914205 0.909407 12.615480 -2.756490 -9.907032 -7.796264 5.067893 -14.742512 31.515145 -20.298340 -9.267307 -30.901827 3.023849 12.361065 8.837831 8.364309 14.628725 1.737494 -9.799147 28.016991 -0.154542 -0.651707 2.281011 5.946871 -1.621980 7.840176 30.025870 -11.025513 32.032815 -32.237556 -13.067640 31.597315 -7.409799 2.239676 -3.221147 -27.144470 -30.339876 17.535000 4.800756 -9.761671 -9.427090 -14.210942 2.171305 18.595730 5.020927 1.993434 -3.543233 -5.925184 1.499969 -7.844434 -15.122536 -2.778655 0.510712 -7.672019 -46.311920 2.257883 -9.932600 0.621676 -11.417378 16.352730 -38.792118 -14.139338 12.767244 -17.137298 13.445104 -13.135898 -16.350655 10.534273 -3.419143 2.015622 -3.756948 
7.257979 106.586121 -2.245707 26.880881 30.828301 27.006971 3.461709 13.173999 -0.217068 -5.195923 0.325057 -19.361973 2.433929 20.657852 4.890822 -1.149915 7.029144 1.792883 2.656597 14.355455 2.549240 3.666030 1.835653 7.536831 3.528027 16.535116 2.817390 -1.059925 -4.561792 -8.889033 0.576496 9.867861 3.338934 -2.668206 -0.420108 3.861930 3.184279 11.746947 7.061135 -7.056546 29.007537 2.455509 9.662299 -4.564615 13.819450 19.181891 32.903951 -1.061322 -25.782412 -12.341481 17.348864 -56.897928 -25.215820 -29.411887 -22.984259 -13.448425 13.519900 1.628012 1.519860 -10.057051 -1.918639 13.922482 0.895233 13.114464 -3.546187 -7.848328 -7.811577 5.071575 -14.768224 36.891467 -19.528802 -12.163158 -30.901848 3.030374 12.373735 11.420065 8.063840 18.606673 1.727410 -9.796969 28.022251 0.603431 0.279154 2.325551 5.938055 -1.669322 7.832875 30.138637 -12.425525 32.912038 -32.257851 -13.107338 31.621038 -7.015007 2.994006 -1.801876 -27.133083 -30.320827 17.549238 4.053657 -10.715814 -9.009869 -14.221657 2.186843 18.631559 7.455262 0.042962 -3.336775 -5.936196 1.498774 -7.827690 -17.266606 -4.385235 2.672011 -7.650595 -46.360764 2.275719 -11.298353 0.392877 -10.225282 16.356571 -38.827675 -14.154747 14.461759 -19.215433 14.282981 -13.144794 -16.332550 10.540298 -4.835655 1.652102 -3.947970 
14.408976 106.528610 -3.037030 31.039945 31.552127 28.336151 3.484508 13.183908 -0.241160 -3.729332 0.528915 -20.250080 2.443904 20.690239 4.869466 -1.305623 8.199061 2.391813 2.682315 14.327863 2.553151 3.934217 2.859785 7.383831 3.546355 16.542036 2.816018 -1.384744 -6.040535 -9.504051 0.559554 9.881904 3.330518 -3.787438 1.352491 2.853703 3.196476 11.762124 7.058297 -6.982881 30.335623 1.793888 9.673129 -4.588042 13.820164 18.098316 37.340012 -1.217961 -25.776955 -12.362966 17.344772 -56.724144 -23.090616 -29.689801 -22.960907 -13.449868 13.532536 1.610829 2.467106 -10.445082 -1.891865 13.920690 0.904453 11.811064 -4.582721 -5.438556 -7.826864 5.078459 -14.796056 41.398716 -20.324018 -14.488882 -30.897770 3.050912 12.383382 13.899763 7.050116 21.323456 1.728299 -9.804275 28.015907 0.304123 -0.448879 2.029143 5.933262 -1.705851 7.839920 30.433298 -13.409799 34.158852 -32.264549 -13.148437 31.663254 -5.861872 2.590557 -0.969868 -27.118114 -30.303905 17.540756 2.134843 -9.909845 -6.827712 -14.222028 2.193222 18.649708 9.274084 -1.386944 -3.561686 -5.940956 1.500500 -7.810402 -21.509285 -5.788562 5.087521 -7.623987 -46.407207 2.272136 -11.340361 0.856171 -8.954965 16.357788 -38.837517 -14.172617 17.471269 -21.820026 14.530468 -13.139677 -16.323318 10.517351 -5.169106 1.095662 -4.226386 
22.446810 106.482063 -3.897861 34.043671 30.866643 28.449365 3.471897 13.192746 -0.256714 -2.470364 1.300916 -20.567945 2.453868 20.700949 4.865089 -1.369613 8.156900 2.442224 2.689397 14.312590 2.567195 4.982966 4.159282 7.830429 3.564718 16.531559 2.813428 -1.846772 -7.321669 -9.509767 0.531786 9.889835 3.335920 -2.572794 1.803069 2.504383 3.200535 11.790438 7.061665 -6.545359 32.631171 0.206181 9.668008 -4.610410 13.826241 17.679924 41.939977 -1.400196 -25.772606 -12.362240 17.347336 -53.493966 -19.389044 -29.746365 -22.943014 -13.431501 13.527244 1.883388 3.397197 -9.002696 -1.891178 13.927125 0.917950 9.690564 -5.949661 -4.802262 -7.832583 5.080857 -14.804220 43.080288 -25.017829 -17.532711 -30.892895 3.056818 12.390430 15.275030 4.434153 21.953136 1.738809 -9.793195 27.997057 0.222943 -1.689257 1.109330 5.940946 -1.719222 7.844961 28.717694 -14.867087 35.423123 -32.251163 -13.168791 31.700180 -6.019042 0.979384 -0.054194 -27.122160 -30.292894 17.529902 -0.135361 -7.314415 -4.451428 -14.221781 2.219387 18.645645 10.153275 -2.978865 -2.650577 -5.944862 1.495757 -7.795585 -25.565521 -5.570838 7.806747 -7.605403 -46.437691 2.262806 -10.395505 0.356756 -8.748714 16.363369 -38.830475 -14.176365 20.367848 -23.622132 14.159733 -13.133885 -16.315880 10.493082 -4.579658 0.679015 -4.740076 
30.381268 106.684608 -4.865301 32.745880 30.652414 26.298431 3.457692 13.186919 -0.276410 -0.782286 1.729750 -20.470748 2.459953 20.702009 4.851659 -0.771271 7.353519 1.741626 2.674363 14.315786 2.559587 4.699699 3.209378 9.170576 3.601358 16.507568 2.800180 -0.361903 -8.420152 -9.221026 0.518123 9.874250 3.341748 -0.213738 1.795506 1.587335 3.178363 11.810407 7.084064 -6.290719 34.616215 -2.458662 9.645291 -4.619205 13.817893 18.663152 46.649079 -0.308677 -25.756954 -12.351159 17.345526 -46.450716 -14.098485 -28.676399 -22.910803 -13.444940 13.533831 2.342394 4.483901 -7.497260 -1.900231 13.947735 0.930633 7.932748 -7.601942 -4.573916 -7.824136 5.067836 -14.799055 38.628336 -35.609403 -20.314140 -30.869135 3.048693 12.390166 13.261513 1.332431 16.759724 1.753418 -9.777235 27.981564 0.622437 -2.508600 -0.462668 5.928350 -1.725160 7.845819 28.732082 -16.508062 35.144766 -32.223145 -13.143190 31.699930 -7.123846 -1.120512 1.581308 -27.133120 -30.268732 17.498934 -2.909501 -2.717635 -2.127724 -14.200986 2.240737 18.621349 10.075311 -4.116002 -1.279282 -5.960477 1.457627 -7.795554 -30.561603 -4.236355 10.537694 -7.589959 -46.420940 2.257395 -6.593536 -0.388489 -9.452073 16.373880 -38.810497 -14.137323 22.036560 -24.943550 13.883469 -13.110344 -16.304461 10.452023 -4.048172 0.093885 -5.961727 
37.746384 107.525551 -5.942877 27.414458 30.504137 21.286746 3.449241 13.134975 -0.302806 1.319779 1.400352 -21.307503 2.455240 20.689104 4.852646 0.360543 5.879146 -0.535336 2.650209 14.333529 2.559975 3.338130 -0.273655 11.936947 3.626758 16.531507 2.808292 1.488990 -9.693241 -7.247595 0.532449 9.854586 3.338775 0.042078 3.214603 1.237133 3.163949 11.832377 7.088737 -6.056244 35.244937 -5.411044 9.619483 -4.630261 13.780882 21.621544 50.748394 -0.040473 -25.758894 -12.334220 17.345654 -36.468310 -8.655344 -24.747280 -22.879173 -13.456951 13.500479 4.056779 4.628945 -5.706212 -1.905613 13.944266 0.936122 3.125455 -9.859664 -2.964185 -7.831134 5.069541 -14.767651 19.068196 -49.660540 -16.392492 -30.895363 3.087312 12.377046 -1.026525 5.018601 -0.079452 1.730145 -9.764359 27.979300 -0.221811 -2.484712 -2.742076 5.919586 -1.703130 7.847052 31.678312 -18.599245 33.765542 -32.200691 -13.121833 31.669155 -7.747910 -2.972954 1.181984 -27.147413 -30.285143 17.450684 -5.608339 1.585029 -2.643893 -14.155547 2.221094 18.604383 8.333001 -4.209013 0.281490 -5.973530 1.426973 -7.800319 -41.304654 -3.618832 12.046963 -7.614130 -46.374466 2.300227 3.421160 -1.790580 -11.461608 16.370283 -38.836803 -14.082397 18.081823 -27.929499 14.909089 -13.074458 -16.278351 10.429773 -4.391367 -0.132748 -6.187397 
43.182877 108.536118 -6.766644 22.221057 29.537536 17.630299 3.433662 13.082794 -0.324829 2.628755 0.674430 -22.740632 2.428301 20.667557 4.869889 -0.063676 5.013743 -3.556624 2.623030 14.363839 2.564542 2.905634 -2.759322 14.472754 3.646786 16.584408 2.830885 1.700090 -10.173489 -6.340067 0.541857 9.812612 3.324960 -0.102532 4.600684 0.126999 3.162942 11.842710 7.086245 -5.211836 34.293629 -8.750162 9.609130 -4.649165 13.776931 22.007923 55.653840 -2.049923 -25.775393 -12.316895 17.358616 -26.047686 -6.275646 -18.704943 -22.897671 -13.447021 13.462143 4.523622 4.487101 -3.412871 -1.901507 13.931325 0.935502 -3.263689 -10.975765 -0.110606 -7.856050 5.089756 -14.736498 -15.527851 -52.566529 1.139189 -30.919403 3.111804 12.385452 -21.633852 0.784681 -30.582073 1.699983 -9.759351 28.001556 0.138487 -2.535238 -4.034130 5.918459 -1.673217 7.855072 34.475308 -20.531769 33.018705 -32.174953 -13.108643 31.630438 -7.268057 -4.417853 -0.205570 -27.159237 -30.332230 17.432812 -6.137080 1.418401 -5.175776 -14.095165 2.206141 18.607502 5.929322 -4.252465 0.873947 -5.984138 1.438693 -7.798649 -55.270625 -2.131837 12.219123 -7.637111 -46.349983 2.320682 14.664269 -2.922216 -16.896235 16.354055 -38.862808 -14.027308 12.859693 -31.904606 15.691567 -13.070421 -16.254004 10.419945 -3.786022 -1.038918 -5.643265 
46.226269 109.192352 -7.228147 18.530956 29.067940 15.087459 3.427013 13.066307 -0.330761 3.666176 0.436119 -23.610299 2.407953 20.650557 4.884700 -0.618990 4.126992 -5.217406 2.595120 14.382605 2.562054 2.672793 -4.400065 15.626428 3.654224 16.617519 2.839923 1.643968 -9.864044 -5.600672 0.549654 9.783554 3.304356 -0.468203 4.773760 -0.134420 3.162361 11.837643 7.090714 -5.549860 33.497201 -10.838773 9.605532 -4.654552 13.799966 19.619988 58.951663 -5.293134 -25.794521 -12.309003 17.371857 -19.380508 -5.574168 -13.851262 -22.915817 -13.437650 13.445890 4.240149 4.048594 -2.378880 -1.895435 13.927305 0.942477 -8.591447 -11.745712 1.950838 -7.871017 5.109561 -14.721154 -37.656284 -47.410218 12.239571 -30.928370 3.120267 12.403697 -28.357453 -15.132870 -55.999881 1.674258 -9.768559 28.033096 0.340368 -3.609419 -4.311473 5.918392 -1.651453 7.865122 35.892962 -21.587952 33.148298 -32.179581 -13.094913 31.599094 -7.253284 -5.079236 -0.575913 -27.172153 -30.362961 17.428213 -6.100653 1.671642 -6.502513 -14.059317 2.187696 18.620855 3.784526 -3.582005 1.006129 -5.990805 1.448619 -7.814074 -64.797520 -1.681481 11.980661 -7.646246 -46.324703 2.328497 21.896948 -1.715059 -21.593483 16.353474 -38.883663 -14.008542 9.486845 -34.365919 16.433536 -13.069670 -16.245111 10.426476 -2.759634 -1.962932 -4.854443 
47.545170 109.505829 -7.432279 16.414420 28.742864 13.779552 3.420917 13.055184 -0.329191 3.712488 0.192463 -24.384870 2.391556 20.644815 4.897004 -0.957721 4.088246 -6.119271 2.585023 14.384501 2.556359 2.341781 -5.257305 15.955701 3.657550 16.637737 2.849068 0.820320 -10.291615 -5.450107 0.551982 9.767565 3.296209 -1.310138 4.963396 -0.194297 3.166848 11.836170 7.094357 -5.366686 33.175468 -11.744797 9.610217 -4.667020 13.811041 17.997227 60.445391 -7.501976 -25.807884 -12.313860 17.378176 -16.620050 -5.685783 -11.648069 -22.922060 -13.429720 13.444011 3.965035 4.229799 -1.767655 -1.896915 13.929126 0.940940 -11.656272 -11.711322 3.002231 -7.872024 5.113997 -14.716652 -44.803647 -44.189463 14.849466 -30.938051 3.120719 12.411875 -28.694864 -22.799313 -66.008328 1.662083 -9.763247 28.038446 0.537965 -3.266005 -4.471850 5.915723 -1.640346 7.853895 36.168502 -22.172119 33.298275 -32.178890 -13.095244 31.585402 -7.740592 -5.437460 -0.746443 -27.182232 -30.384872 17.426830 -5.389716 1.236110 -7.069706 -14.046366 2.193346 18.622786 2.909050 -3.368384 1.267865 -5.998401 1.452161 -7.818342 -69.727769 -1.870927 11.992561 -7.648337 -46.312183 2.332282 25.346702 -1.600535 -24.049040 16.348227 -38.890728 -14.003112 7.901483 -35.452568 16.899911 -13.068534 -16.245049 10.433013 -1.944214 -2.586033 -4.050977 
47.685566 109.605225 -7.453616 16.269729 29.033567 13.793223 3.416692 13.045197 -0.334020 3.962779 0.039273 -24.124696 2.390388 20.643593 4.892537 -0.759675 4.137850 -6.082411 2.582525 14.386768 2.559508 2.332530 -5.229562 15.827464 3.658350 16.637827 2.845344 1.057876 -10.183652 -5.158282 0.548408 9.767204 3.296096 -1.226332 5.208990 -0.616801 3.159942 11.833565 7.094685 -5.438314 33.043048 -11.975430 9.605896 -4.661011 13.808430 17.409150 60.662605 -8.280764 -25.806314 -12.315651 17.379095 -16.683260 -5.606771 -11.342950 -22.920002 -13.428507 13.438950 4.159486 4.147409 -1.927017 -1.902273 13.923899 0.941510 -11.967026 -11.677664 3.107500 -7.874042 5.118003 -14.716908 -46.231590 -43.477071 15.599758 -30.937990 3.123659 12.412919 -28.594141 -22.846923 -66.812992 1.658271 -9.771291 28.041430 0.585486 -3.629843 -4.552152 5.912608 -1.643571 7.857940 36.444144 -22.032087 32.903979 -32.179600 -13.092000 31.582251 -7.708267 -5.342445 -0.840938 -27.179699 -30.380146 17.429853 -5.338686 1.213103 -7.018864 -14.046356 2.187506 18.621637 2.996247 -3.649094 1.063558 -5.997475 1.451016 -7.822346 -70.136344 -1.413730 11.551963 -7.643112 -46.307762 2.333423 26.005942 -1.495795 -24.484143 16.352179 -38.896214 -14.006267 7.637860 -35.746837 16.716973 -13.072163 -16.240450 10.430289 -2.080703 -2.550231 -3.891726 
46.743702 109.539742 -7.313964 17.450095 29.323204 14.698099 3.424902 13.056659 -0.335253 3.815422 0.305337 -24.077575 2.398447 20.649786 4.889896 -0.885264 3.974786 -5.880064 2.589656 14.389120 2.557306 2.590679 -4.748896 15.833511 3.658067 16.633501 2.844479 1.359360 -10.297555 -5.414359 0.544061 9.773479 3.304000 -0.803332 5.024851 -0.490151 3.161284 11.836109 7.096049 -5.665082 33.250413 -11.287998 9.612891 -4.662535 13.805326 19.216035 59.882639 -5.898388 -25.804506 -12.315460 17.381002 -18.160682 -5.389866 -12.695535 -22.918560 -13.434620 13.443760 4.186392 4.295141 -2.033853 -1.901805 13.929354 0.938855 -9.905896 -11.500182 2.296135 -7.871772 5.120661 -14.720324 -41.738688 -45.773667 14.432926 -30.938463 3.122366 12.411188 -28.683916 -18.381463 -61.377992 1.665202 -9.768360 28.035612 0.223864 -3.568377 -4.444664 5.912712 -1.649419 7.862453 36.284642 -22.234062 33.091321 -32.179512 -13.091845 31.594990 -7.633731 -4.944116 -0.656244 -27.174744 -30.373072 17.433388 -5.784792 1.444213 -6.996935 -14.050699 2.193287 18.619253 3.878730 -3.773808 0.890328 -5.996638 1.445788 -7.817719 -67.744644 -1.495922 11.653217 -7.644329 -46.324219 2.332946 23.899554 -1.827317 -23.036048 16.355673 -38.896030 -14.006898 8.945781 -35.321579 16.245453 -13.069465 -16.240120 10.428211 -2.279394 -2.413606 -4.189706 
44.339550 109.230202 -6.942371 19.950446 29.653075 16.427102 3.434200 13.074428 -0.333942 3.373625 0.464820 -23.194002 2.415331 20.664461 4.872691 -0.159095 4.733541 -4.632875 2.607960 14.375615 2.559696 2.337801 -3.791210 15.197567 3.658405 16.605328 2.839140 1.589765 -10.356663 -5.983487 0.542802 9.795656 3.312345 -0.318279 4.764083 -0.064913 3.165798 11.842673 7.088008 -5.651684 34.121433 -9.726490 9.613237 -4.652227 13.788261 21.346479 57.416551 -2.985396 -25.782906 -12.316507 17.366709 -23.067041 -5.491056 -16.546982 -22.911062 -13.446548 13.453646 4.352618 4.654390 -2.879834 -1.894479 13.933908 0.942392 -6.356488 -11.460238 1.322045 -7.867482 5.108229 -14.724999 -27.587797 -50.844802 7.740340 -30.934502 3.118068 12.397951 -26.587316 -6.005895 -43.635999 1.679867 -9.763754 28.020018 0.364260 -3.090090 -4.404761 5.913429 -1.661482 7.864977 35.472198 -21.694163 33.111883 -32.178356 -13.098794 31.617731 -7.521147 -4.649039 -0.543989 -27.166140 -30.349031 17.428766 -6.279063 1.030085 -6.263636 -14.078032 2.196255 18.615103 4.892924 -3.514206 0.488497 -5.990050 1.442562 -7.807542 -61.087661 -2.163834 12.384963 -7.641886 -46.350555 2.330627 18.203762 -2.684841 -19.285879 16.359646 -38.889843 -14.015129 11.473709 -33.371348 15.677670 -13.066215 -16.246334 10.428833 -3.413154 -1.784527 -5.134616 
39.723576 108.609657 -6.233757 25.023199 30.558526 19.832521 3.444405 13.105368 -0.328804 2.524531 0.902357 -22.028443 2.439634 20.686260 4.855663 0.312617 5.692109 -2.302713 2.639425 14.353432 2.567535 2.395502 -1.528176 13.690780 3.643689 16.560734 2.821574 1.846075 -10.540730 -6.961697 0.527134 9.832348 3.336892 -0.398266 4.120013 0.444090 3.170410 11.842440 7.084078 -5.957016 34.912693 -7.103422 9.622776 -4.644617 13.775523 22.927162 52.775659 0.313901 -25.763357 -12.338029 17.350201 -32.346615 -7.526823 -23.108369 -22.889662 -13.456075 13.481622 4.367759 5.060716 -4.483588 -1.901137 13.943156 0.940026 -0.260409 -10.360109 -1.124267 -7.849680 5.085063 -14.763196 4.812251 -52.297761 -9.636762 -30.916914 3.106353 12.380874 -10.659256 6.571570 -11.701081 1.709869 -9.764755 27.992477 -0.227865 -2.584393 -3.601275 5.911227 -1.695371 7.858011 33.883622 -20.136158 33.477988 -32.190563 -13.115776 31.662867 -7.988773 -3.452049 0.065385 -27.153793 -30.311127 17.442795 -5.619443 0.573534 -4.125821 -14.126094 2.217211 18.608393 7.563678 -4.189894 0.127832 -5.983405 1.427817 -7.803809 -48.834872 -3.103631 12.503400 -7.622095 -46.384201 2.320885 8.251893 -2.949724 -13.903932 16.372946 -38.871357 -14.045907 16.062448 -30.199681 14.922811 -13.072316 -16.255594 10.421622 -4.406840 -1.348886 -5.836324 
32.597790 107.901184 -5.156866 31.047499 31.430984 24.957824 3.463385 13.166931 -0.304373 0.456599 1.595424 -20.743899 2.463801 20.713303 4.850554 0.034428 6.971745 0.687091 2.664703 14.323033 2.563380 3.436294 1.855365 11.424942 3.617435 16.528898 2.795170 0.972302 -9.751907 -8.772485 0.511765 9.873434 3.345537 -0.880396 2.656584 1.002477 3.179355 11.821112 7.077005 -6.377836 35.037047 -3.180624 9.637633 -4.624408 13.804168 20.467271 48.029986 1.163688 -25.758995 -12.360762 17.341539 -43.321277 -12.345097 -28.142131 -22.896931 -13.453118 13.529712 2.733736 5.055461 -6.808253 -1.897260 13.952284 0.942843 5.604383 -8.721307 -3.496929 -7.835573 5.076499 -14.808499 32.460201 -41.509600 -19.870287 -30.897619 3.068324 12.386234 9.014835 3.596411 11.734898 1.745366 -9.776787 27.987410 0.423127 -2.407155 -2.126620 5.915175 -1.729901 7.850812 30.833731 -18.243895 35.278948 -32.225491 -13.130813 31.698179 -8.394600 -1.798877 0.953077 -27.150026 -30.276346 17.478386 -3.731359 -1.944112 -2.415779 -14.187584 2.232919 18.620943 10.211412 -4.298827 -0.777266 -5.971315 1.443015 -7.802183 -35.455591 -4.236629 11.963443 -7.598488 -46.431171 2.290601 -4.249055 -1.606398 -10.153682 16.393152 -38.838913 -14.112467 20.681996 -26.752830 14.505865 -13.097820 -16.287636 10.442895 -4.763692 -0.303047 -5.982999 
24.073242 107.669678 -3.988777 33.548359 31.606830 27.967702 3.472608 13.192068 -0.276623 -1.940680 1.274136 -21.421345 2.459458 20.720800 4.855234 -0.822295 8.227560 2.290667 2.684696 14.309322 2.572052 4.559652 3.869850 9.418618 3.584318 16.534346 2.807859 -0.839835 -8.831857 -10.062990 0.516308 9.886680 3.343767 -2.793584 2.238002 2.268250 3.215280 11.785433 7.051322 -6.673855 33.383871 -0.583088 9.662059 -4.608038 13.823957 18.598501 43.311913 0.320837 -25.770685 -12.380289 17.336720 -52.692041 -19.159015 -30.453372 -22.932327 -13.439571 13.536231 1.195694 3.958643 -9.245850 -1.887216 13.932539 0.928385 8.520591 -7.094941 -4.049927 -7.834414 5.081002 -14.825767 42.548872 -28.399353 -18.643440 -30.895279 3.055355 12.391873 15.556943 4.041861 21.203692 1.739604 -9.797944 27.991154 0.048864 -1.448814 0.254972 5.930733 -1.737472 7.845642 30.276412 -16.195897 36.418634 -32.250336 -13.154075 31.716877 -7.766988 0.724886 -0.446657 -27.135145 -30.293459 17.519165 -0.828706 -7.606563 -3.878623 -14.214523 2.236954 18.646105 11.359672 -3.657582 -2.473708 -5.950629 1.482388 -7.793795 -27.482583 -5.668515 8.949564 -7.595809 -46.459885 2.284284 -11.624908 0.055739 -9.148041 16.383852 -38.843220 -14.158235 21.345598 -24.685528 14.320424 -13.131916 -16.302710 10.490906 -5.200613 0.191410 -5.590051 
14.965562 107.818779 -2.858815 31.881274 31.877674 28.755653 3.485139 13.192337 -0.263553 -3.630431 0.808586 -21.092087 2.446899 20.715256 4.863632 -0.781337 7.990824 2.588113 2.684700 14.313563 2.558297 3.737246 3.045555 8.521505 3.568095 16.552061 2.815351 -0.973411 -7.005048 -9.495722 0.544513 9.895167 3.334272 -5.398834 2.002339 3.424328 3.221594 11.756085 7.044989 -7.396402 31.765912 1.791080 9.673724 -4.583898 13.829254 18.701652 37.938214 0.313773 -25.777592 -12.385006 17.323498 -57.802914 -23.210817 -31.091486 -22.961369 -13.452515 13.538497 1.306201 2.405193 -10.755403 -1.885087 13.933205 0.913193 10.281590 -5.832860 -4.407067 -7.833815 5.083731 -14.821380 41.753858 -22.546926 -15.382609 -30.912640 3.054954 12.385810 14.325647 6.267879 21.951070 1.725941 -9.806387 28.016888 -0.397038 0.403228 1.310624 5.919120 -1.728982 7.836477 31.863611 -15.246348 35.477765 -32.275990 -13.148981 31.690329 -8.017962 2.543135 -1.629232 -27.133162 -30.308180 17.528423 1.904893 -10.309443 -6.377544 -14.220407 2.218619 18.656624 10.502520 -1.455228 -3.431727 -5.938869 1.492673 -7.806583 -22.484455 -6.519105 6.612052 -7.621342 -46.442619 2.302744 -13.584292 0.825295 -9.540972 16.377575 -38.866043 -14.159834 18.244699 -22.776502 15.532453 -13.141212 -16.306768 10.528846 -5.774760 1.033523 -4.725417 
6.246982 108.029518 -1.698128 28.012392 31.398704 27.677637 3.463122 13.185889 -0.231375 -5.297220 0.656532 -20.470166 2.432179 20.681337 4.891410 -0.480533 7.068782 2.336371 2.666373 14.329760 2.553536 3.534429 1.979480 8.275646 3.543050 16.548210 2.815969 -0.232561 -4.957838 -8.644807 0.569723 9.886121 3.335040 -5.142715 0.966304 4.526051 3.208705 11.740200 7.056476 -6.468603 29.993399 3.056019 9.663050 -4.561281 13.827568 20.192845 32.747554 0.413663 -25.785517 -12.359572 17.320679 -58.347267 -25.692175 -30.809873 -22.994823 -13.460513 13.518843 1.696925 1.135313 -10.518200 -1.918012 13.932734 0.899194 11.632783 -5.296442 -6.706721 -7.816897 5.075830 -14.801992 36.390083 -20.840430 -12.222532 -30.923088 3.036676 12.368834 11.435807 8.024221 19.618158 1.729236 -9.794759 28.034761 0.103946 1.745252 1.313096 5.924159 -1.688683 7.823128 31.674954 -14.366772 34.312722 -32.284153 -13.111581 31.645864 -9.470458 3.328819 -2.034799 -27.151337 -30.325489 17.542084 4.397835 -10.587718 -8.773708 -14.221157 2.212594 18.642790 8.213102 1.065036 -3.437024 -5.929155 1.490419 -7.825150 -17.667992 -5.316276 4.103870 -7.655134 -46.404305 2.313600 -14.504774 -0.008081 -10.644067 16.375444 -38.869907 -14.139159 15.172995 -20.009502 16.180884 -13.150681 -16.313892 10.555040 -5.340382 1.702917 -4.602850 
-0.919215 108.195305 -0.597546 23.561236 28.870117 25.498505 3.472100 13.185556 -0.194106 -7.690843 0.735895 -20.512177 2.432368 20.646379 4.899329 -0.527123 6.427479 2.392417 2.660701 14.337992 2.572649 3.195571 1.719685 8.593263 3.535008 16.536995 2.804898 0.041329 -2.388671 -6.237934 0.579322 9.853557 3.331805 -3.614307 0.096842 4.259545 3.185660 11.722116 7.096188 -5.120240 27.818918 4.154904 9.645453 -4.559309 13.824928 19.414664 26.854104 -0.229762 -25.824821 -12.324015 17.349760 -52.817904 -25.241312 -30.660473 -22.988310 -13.477316 13.488119 1.281256 1.111376 -7.946637 -1.927707 13.925391 0.915773 10.475697 -5.138768 -8.568959 -7.807597 5.063413 -14.778858 30.296622 -20.701876 -8.756104 -30.931442 3.033667 12.352397 7.735888 9.943445 14.381689 1.726989 -9.804686 28.035603 -1.804990 1.505658 1.563299 5.954100 -1.633084 7.831823 31.551284 -12.742911 33.818780 -32.267643 -13.079156 31.619890 -10.740857 2.440179 -4.417413 -27.174164 -30.353926 17.532475 4.721252 -8.958868 -8.778227 -14.232697 2.195847 18.607304 6.026024 3.701447 -4.017622 -5.913517 1.498917 -7.853738 -14.441829 -4.583215 1.058399 -7.688873 -46.359814 2.285409 -14.044947 0.508606 -11.086586 16.378582 -38.848133 -14.123089 13.624472 -17.638562 16.066915 -13.125802 -16.353815 10.554440 -3.929677 2.319542 -4.683964 
-6.960681 108.219070 0.255156 19.267445 26.351198 21.903797 3.511119 13.171998 -0.167279 -9.659609 0.304232 -20.677472 2.450517 20.618826 4.906153 -1.204037 5.108186 2.141001 2.660183 14.347213 2.567829 3.056939 1.145377 7.844907 3.527861 16.536518 2.800707 0.970173 0.518778 -4.564046 0.577626 9.839484 3.303867 -2.212091 -0.572429 3.054790 3.178293 11.706498 7.147759 -4.428857 25.316576 4.975110 9.636285 -4.570482 13.819476 17.526274 22.193445 -0.389787 -25.868248 -12.286731 17.378527 -45.247708 -22.449549 -29.019817 -22.960108 -13.497452 13.470836 0.009043 1.782308 -5.328040 -1.916056 13.928443 0.932436 9.175431 -4.714546 -9.002988 -7.814882 5.053797 -14.756645 24.610097 -18.797288 -5.216367 -30.933348 3.036685 12.337402 4.077463 12.272907 8.116707 1.722750 -9.829095 28.025589 -3.240665 0.583912 1.605684 5.983525 -1.592648 7.826151 31.716250 -10.341267 33.487752 -32.248013 -13.061049 31.611013 -10.254697 1.686978 -5.656843 -27.170734 -30.379639 17.517559 4.238230 -7.362094 -7.182438 -14.237125 2.169514 18.583645 4.961361 5.827201 -4.362067 -5.892774 1.504207 -7.890884 -12.751127 -4.570002 -1.548311 -7.696981 -46.319366 2.253362 -11.148278 0.111682 -11.349333 16.367189 -38.829338 -14.108274 12.909562 -16.629404 14.785392 -13.093714 -16.386873 10.549573 -1.952876 2.557671 -3.613912 
-12.550334 108.005074 0.787083 16.604014 24.625402 18.365638 3.540952 13.145105 -0.157826 -10.657723 0.838669 -19.951001 2.473802 20.595522 4.904544 -1.485312 3.956388 1.940465 2.670699 14.351575 2.566041 2.902279 0.535101 6.366226 3.538916 16.515619 2.799314 1.574703 2.615545 -3.222398 0.578542 9.841792 3.271502 -1.792260 -0.042576 2.925022 3.174684 11.698166 7.169893 -3.739699 22.595695 5.478690 9.629533 -4.583203 13.828278 15.491023 19.726952 -1.913967 -25.898993 -12.275113 17.396290 -39.346350 -19.357069 -28.006089 -22.949701 -13.512456 13.450172 -0.872305 1.808452 -2.905515 -1.908852 13.930203 0.942559 7.905745 -3.941658 -8.537170 -7.825168 5.041228 -14.732337 20.335611 -16.300899 -2.758548 -30.930838 3.045551 12.346454 -0.276315 13.290824 0.867829 1.723917 -9.855860 28.028955 -4.585707 0.075314 0.918995 5.989026 -1.564321 7.822861 32.028980 -8.409148 32.686837 -32.226185 -13.046501 31.604568 -8.639536 1.038947 -6.120737 -27.161694 -30.393810 17.507627 4.023352 -5.676978 -4.618626 -14.223512 2.159009 18.569838 3.710629 7.493563 -3.758849 -5.878630 1.508013 -7.925067 -12.554789 -4.446447 -3.437687 -7.681218 -46.290462 2.240367 -8.543729 0.690868 -11.595418 16.338110 -38.814671 -14.084164 12.674686 -16.329580 13.396937 -13.082820 -16.413349 10.538553 -0.769796 2.062894 -2.429210 
-18.154705 107.578346 1.068991 16.223238 24.834590 17.113100 3.560697 13.120916 -0.157690 -11.207015 1.026771 -19.397514 2.492941 20.578814 4.917259 -1.989236 4.072047 1.326782 2.674590 14.357952 2.559810 2.643724 -0.197526 5.624896 3.565097 16.497227 2.807909 1.327759 2.749639 -3.371640 0.568906 9.850925 3.255111 -1.438650 0.734270 2.820796 3.177087 11.697832 7.176200 -2.700354 19.986143 5.489318 9.619786 -4.590806 13.835960 14.333128 18.867332 -3.181948 -25.918764 -12.289620 17.399336 -35.774772 -16.857629 -26.385892 -22.956121 -13.512092 13.441596 -1.311694 2.302903 -0.492356 -1.907055 13.946796 0.950590 7.186239 -2.952751 -7.819851 -7.821217 5.032349 -14.716801 17.801035 -14.001779 -1.715456 -30.920073 3.041705 12.368797 -4.638381 14.110133 -6.484829 1.710811 -9.863540 28.036949 -5.356426 0.122720 -0.166570 5.986221 -1.542096 7.818099 32.001912 -7.297789 32.682616 -32.201157 -13.035863 31.615442 -6.850278 1.248842 -5.879512 -27.162176 -30.408728 17.497360 3.153940 -4.210228 -3.437020 -14.213144 2.155386 18.565472 3.684385 8.365902 -3.317297 -5.863349 1.505696 -7.950202 -13.279089 -4.373543 -3.985402 -7.661130 -46.285927 2.237857 -6.146575 1.448211 -11.058446 16.323938 -38.799892 -14.045678 13.361863 -16.940765 12.886296 -13.078817 -16.423023 10.529737 -0.629740 2.440464 -1.637638 
-23.751446 107.028465 1.305517 16.848962 27.607777 16.997124 3.569930 13.088163 -0.178456 -11.218613 1.570964 -18.354627 2.497928 20.555277 4.927621 -2.509296 4.625877 1.132080 2.668567 14.371528 2.565418 1.949169 -0.165005 5.391332 3.585284 16.486557 2.806309 0.594758 2.152889 -4.279253 0.566280 9.856669 3.247534 -1.198118 1.492270 3.619456 3.182095 11.699240 7.167548 -1.979371 18.030451 5.417407 9.608383 -4.586319 13.841413 12.401813 19.197905 -5.182854 -25.916752 -12.319972 17.394995 -34.598719 -14.993375 -25.864308 -22.974564 -13.513365 13.429050 -1.300864 2.324170 0.959381 -1.911366 13.954595 0.952485 6.336483 -1.838904 -7.318943 -7.823146 5.024169 -14.692584 16.551910 -12.076592 -1.051027 -30.905436 3.022146 12.391182 -9.182084 13.737162 -13.323144 1.707839 -9.876142 28.041281 -6.299591 0.342009 -0.414404 5.976830 -1.532382 7.807284 31.437404 -6.602216 32.676687 -32.187603 -13.021500 31.632318 -4.688358 1.877877 -4.436474 -27.168970 -30.413265 17.498713 3.129874 -2.787946 -3.014680 -14.202863 2.160330 18.566341 3.773239 8.222928 -2.413001 -5.850092 1.512001 -7.976151 -14.782718 -4.199072 -3.505646 -7.636358 -46.293438 2.249328 -5.247102 2.781009 -10.760962 16.311522 -38.783768 -14.015454 13.587767 -16.953921 12.376426 -13.074488 -16.419775 10.520459 -1.028057 2.463564 -1.395507 
-28.997709 106.456238 1.613834 17.084559 32.178729 17.018357 3.571227 13.055189 -0.197967 -10.431235 2.017956 -17.818213 2.498656 20.540747 4.950337 -3.415336 5.905069 0.778762 2.671304 14.380467 2.570118 1.610644 0.138251 6.655221 3.597407 16.484831 2.800822 -0.716727 1.614536 -5.482104 0.567736 9.848556 3.245054 -1.387221 1.970528 4.403907 3.175986 11.699183 7.159631 -1.406115 17.399444 5.622038 9.605434 -4.573303 13.839626 10.415393 20.506243 -7.221400 -25.904200 -12.362274 17.386452 -34.048015 -13.568741 -25.949666 -22.990337 -13.509237 13.424315 -0.589776 2.745308 2.350188 -1.909802 13.953945 0.961253 5.701278 -0.790746 -7.242030 -7.815588 5.029485 -14.681866 15.481988 -10.273860 -0.493437 -30.890387 3.006813 12.405499 -13.287757 13.359205 -18.869806 1.703376 -9.886911 28.043659 -7.461772 0.585712 -0.156451 5.962909 -1.530991 7.806374 30.458167 -5.658917 33.127924 -32.179916 -13.015573 31.652733 -2.427937 3.252228 -2.513880 -27.190971 -30.423138 17.491409 3.367149 -0.784198 -3.169698 -14.188253 2.164041 18.553661 3.881177 7.476153 -1.895266 -5.841466 1.506882 -7.992029 -16.726828 -4.970083 -2.746590 -7.612641 -46.294483 2.255723 -5.726737 3.796834 -10.634878 16.312292 -38.762669 -13.996171 14.101118 -15.772534 12.284328 -13.069178 -16.412352 10.508464 -1.408382 2.302638 -1.854134 
-33.520470 105.942657 1.985284 16.289158 37.392147 15.960166 3.577159 13.034457 -0.220108 -9.842910 2.154664 -17.481184 2.489284 20.533304 4.970600 -4.600687 7.131804 0.584728 2.659740 14.378881 2.567215 1.539862 0.591799 7.635160 3.603248 16.494696 2.787459 -1.378100 1.320405 -6.119245 0.568465 9.840237 3.245996 -1.915081 2.009896 5.023500 3.179252 11.700203 7.142881 -0.806036 17.195664 6.151755 9.593086 -4.555707 13.832170 7.938836 21.958753 -9.274457 -25.883688 -12.392432 17.372398 -35.228774 -12.687875 -26.148092 -22.995840 -13.504935 13.421772 0.206831 2.514092 2.556905 -1.903860 13.945468 0.963210 5.434771 0.093009 -7.433795 -7.806034 5.033916 -14.669375 15.121260 -9.725794 -0.478043 -30.872383 3.002527 12.405714 -16.140171 12.252158 -23.041626 1.705851 -9.897901 28.035887 -8.032995 0.333655 -0.073607 5.949543 -1.523818 7.811317 30.230649 -4.558327 32.786995 -32.174988 -13.002100 31.650465 -0.584533 4.319628 -0.501205 -27.204548 -30.429977 17.472986 3.264726 0.848608 -3.950631 -14.179180 2.153680 18.541817 4.098734 6.765076 -1.506006 -5.845747 1.503652 -7.991578 -18.497382 -5.974631 -1.399928 -7.593426 -46.278427 2.265320 -5.598102 4.867937 -10.423834 16.309738 -38.735428 -13.999619 14.677762 -14.711929 11.632661 -13.060860 -16.399267 10.509416 -2.030564 2.422528 -2.374188 
-37.059822 105.523956 2.340650 16.526324 41.987570 15.808859 3.578191 13.016264 -0.234217 -9.060859 2.649229 -17.795983 2.479988 20.524723 4.977395 -5.427634 8.279893 0.247871 2.649149 14.376236 2.561553 0.970862 0.601387 8.405676 3.610063 16.487730 2.779339 -2.055223 1.291939 -7.154904 0.574782 9.827697 3.248871 -1.746902 2.457153 5.783657 3.183184 11.707732 7.129692 -0.513559 16.725771 6.344112 9.579970 -4.540111 13.826297 5.581219 23.117030 -11.543377 -25.871773 -12.415246 17.365728 -35.269516 -11.802363 -26.443390 -22.996805 -13.494927 13.418564 0.615620 2.811317 2.654174 -1.899285 13.943632 0.962188 5.508788 0.630381 -7.470525 -7.799453 5.036958 -14.655928 15.174785 -9.353530 -0.557666 -30.860891 2.996119 12.409188 -18.366403 11.178504 -26.341238 1.712641 -9.910367 28.036255 -8.417800 -0.256952 0.212942 5.938214 -1.518254 7.812890 30.087823 -3.666819 32.584456 -32.164810 -12.993538 31.651159 1.015948 4.874492 1.077798 -27.202143 -30.426908 17.467449 3.139298 2.616058 -4.207146 -14.172242 2.149478 18.525103 4.031755 6.008770 -0.881015 -5.846883 1.507794 -7.994014 -19.753643 -6.414334 -0.477416 -7.584161 -46.270649 2.269765 -6.030285 6.173995 -10.248521 16.301672 -38.710064 -13.997688 15.736129 -13.840567 10.904786 -13.052823 -16.383009 10.509261 -2.624665 1.983331 -3.069254 
-39.478626 105.207054 2.587486 17.355685 45.128747 16.658404 3.575220 13.008253 -0.240512 -8.740081 3.143026 -18.134746 2.471178 20.527033 4.980374 -6.160545 8.899942 0.174874 2.643188 14.366995 2.553931 0.448679 0.689402 8.985939 3.614647 16.492849 2.769972 -2.660698 0.932516 -7.777113 0.577713 9.827630 3.250551 -1.780815 2.608454 5.918909 3.188793 11.706372 7.121859 -0.600514 16.489376 6.439237 9.575778 -4.533130 13.826048 3.928957 23.862728 -12.732747 -25.870041 -12.422658 17.359428 -35.442097 -11.391514 -26.759076 -22.992462 -13.486565 13.408916 0.895670 3.019551 2.844910 -1.892240 13.944135 0.959249 5.671483 1.171421 -7.885558 -7.791977 5.039992 -14.640723 15.461463 -9.495223 -0.324549 -30.851755 2.999326 12.410132 -19.501136 10.312115 -28.204247 1.716658 -9.920155 28.029095 -8.186619 -0.553297 0.343869 5.933001 -1.518824 7.816219 30.302971 -3.240227 32.323853 -32.159576 -12.986178 31.633972 1.678945 5.293537 1.728088 -27.195101 -30.418941 17.465385 2.853583 3.776532 -4.701238 -14.165327 2.148794 18.521111 3.826453 5.550064 -0.971514 -5.851657 1.514251 -7.984624 -20.620705 -6.550678 0.073734 -7.579680 -46.272533 2.267272 -6.034149 6.881921 -9.656737 16.292507 -38.691422 -13.999327 16.323208 -13.271794 10.602083 -13.046037 -16.372087 10.507716 -3.224338 1.500657 -3.170722 
-40.750973 104.970993 2.649171 16.839447 46.972860 16.875425 3.575232 12.999640 -0.240420 -8.780292 3.225289 -18.472757 2.465991 20.526760 4.984687 -6.533316 9.180176 -0.193084 2.640778 14.367210 2.556360 0.039251 0.477241 8.786544 3.614221 16.487883 2.772053 -2.797962 0.733662 -8.447388 0.573953 9.826976 3.253407 -1.767902 2.528326 6.151764 3.191582 11.712134 7.117029 -0.674727 16.688227 6.093833 9.571098 -4.530463 13.822043 3.236452 24.356634 -13.479715 -25.865196 -12.424367 17.357716 -35.565632 -11.274598 -26.367530 -22.997055 -13.489476 13.408488 1.043301 2.929709 3.078619 -1.888630 13.943151 0.962552 5.975641 1.375348 -7.978555 -7.790997 5.038889 -14.635000 15.878057 -9.010195 -0.514722 -30.842554 2.989869 12.411491 -20.246482 10.299327 -28.904001 1.721761 -9.921060 28.029024 -8.293842 -0.460789 0.586179 5.938478 -1.514543 7.821293 29.903668 -3.131346 32.433539 -32.155773 -12.980418 31.637577 2.129929 5.362666 2.133836 -27.188234 -30.414570 17.469725 2.798319 3.901788 -5.223276 -14.166462 2.151439 18.514196 4.059718 5.581405 -0.990518 -5.857139 1.516978 -7.980073 -21.331608 -6.764452 0.150849 -7.573164 -46.280609 2.259600 -6.253708 6.831097 -9.299062 16.287399 -38.679031 -13.996548 16.820394 -13.203880 10.140207 -13.039472 -16.366268 10.513398 -3.210126 1.648325 -3.646247 
-41.020035 104.801186 2.555220 17.298706 47.450332 17.277329 3.572473 13.000082 -0.247869 -8.396449 3.350614 -17.902530 2.466002 20.525797 4.978687 -6.306376 9.318121 -0.201950 2.637096 14.365097 2.553122 -0.168609 0.403908 8.530279 3.613733 16.489180 2.769844 -3.150166 0.664757 -8.582969 0.572380 9.831234 3.250948 -1.623568 2.397651 6.158940 3.196804 11.715543 7.114102 -1.124141 16.453951 5.919433 9.570095 -4.530841 13.825678 2.960933 23.878403 -13.617142 -25.865442 -12.425670 17.357347 -35.643776 -10.774521 -26.553993 -22.996756 -13.489843 13.410802 0.927186 2.994360 2.958957 -1.886212 13.947729 0.964203 5.977519 1.614377 -7.757627 -7.792737 5.037898 -14.630739 16.378652 -9.170781 -0.591371 -30.844189 2.988660 12.418626 -20.088829 10.029307 -28.884009 1.724976 -9.925116 28.027946 -7.823247 -0.604592 0.754445 5.934988 -1.513030 7.816174 29.799190 -2.555861 32.041247 -32.160580 -12.979478 31.637226 2.166662 5.474305 2.423340 -27.186838 -30.410473 17.470638 2.970209 4.084806 -5.226653 -14.168090 2.155970 18.516150 3.606812 5.444834 -0.916475 -5.859330 1.524494 -7.980828 -21.465295 -6.568978 0.184406 -7.577198 -46.280979 2.261575 -5.611259 6.887814 -9.121046 16.289579 -38.680309 -14.002371 16.522919 -13.217838 9.835802 -13.038448 -16.365965 10.514313 -3.233654 1.590099 -3.507665 
-40.585800 104.705193 2.370569 16.831309 47.514908 17.253432 3.569941 13.005049 -0.243943 -7.979920 3.374855 -17.915255 2.466956 20.529228 4.981674 -6.241067 9.207359 -0.268794 2.639654 14.367774 2.549012 0.237834 0.498073 8.842280 3.614593 16.492945 2.772183 -2.796875 0.318161 -8.401549 0.573685 9.830620 3.249086 -1.445466 2.377262 6.026576 3.194513 11.711559 7.119698 -0.929592 16.377667 6.161128 9.575992 -4.532338 13.824176 3.311590 24.280025 -13.419099 -25.866798 -12.422713 17.361959 -35.816310 -11.050754 -26.565003 -22.994528 -13.489981 13.409403 0.935861 2.815000 2.997500 -1.883774 13.947484 0.962389 6.405918 1.784084 -7.615477 -7.795013 5.041400 -14.634126 16.377993 -9.103787 -0.672964 -30.844118 2.989080 12.415955 -19.613629 10.259104 -28.302011 1.719444 -9.923753 28.025358 -8.093961 -0.831192 0.377938 5.932749 -1.517881 7.815394 29.600998 -2.655136 31.682529 -32.162907 -12.978211 31.636507 2.425045 5.607514 2.732306 -27.189831 -30.411861 17.470015 2.679310 4.487509 -5.247044 -14.167438 2.152488 18.518251 3.820114 5.275674 -1.167530 -5.857103 1.515071 -7.978472 -21.596650 -6.620861 0.302846 -7.573843 -46.279762 2.262362 -5.411152 6.817435 -8.940996 16.297066 -38.689419 -14.001849 16.613819 -13.292157 9.983403 -13.040414 -16.366903 10.513322 -3.153632 1.494990 -3.452989 
-39.763172 104.696014 2.180817 17.263976 46.118943 16.911193 3.570033 13.004049 -0.246077 -7.804418 2.845806 -17.409857 2.474038 20.524738 4.978029 -6.165512 9.004618 -0.288526 2.638877 14.370179 2.551030 0.498052 0.549024 8.754511 3.615088 16.495413 2.771464 -2.884196 0.293064 -8.063234 0.571291 9.828984 3.250203 -1.476178 2.174485 5.774633 3.188043 11.710367 7.121689 -1.205791 16.412405 6.211959 9.578529 -4.535666 13.823717 3.946127 23.948465 -12.583947 -25.868704 -12.418712 17.372227 -36.074450 -10.922900 -26.399738 -22.989676 -13.492282 13.412414 0.545219 2.906200 2.993764 -1.884587 13.948519 0.959863 6.708485 1.520206 -7.299223 -7.799322 5.039543 -14.636264 16.743382 -9.047245 -0.688193 -30.851749 2.990093 12.416393 -19.000787 10.349581 -27.670485 1.720386 -9.921766 28.027349 -8.067665 -0.512950 0.486428 5.930940 -1.516128 7.817542 29.300562 -2.804967 31.586773 -32.164162 -12.983333 31.636539 2.739705 5.628814 2.438489 -27.188553 -30.405634 17.466938 2.503695 4.241391 -5.065713 -14.169415 2.153216 18.520699 3.832680 5.192090 -1.096850 -5.857833 1.519539 -7.979852 -21.228814 -6.347239 0.093590 -7.579388 -46.271343 2.270672 -4.952642 6.827187 -9.185930 16.300196 -38.700611 -13.999934 16.140633 -13.279776 9.804472 -13.041579 -16.368048 10.509638 -3.082998 1.702739 -3.144370 
-38.815922 104.756638 2.033554 16.492607 44.934039 16.423542 3.570998 13.006545 -0.244170 -8.076460 2.838955 -17.277308 2.475357 20.528547 4.979120 -6.112776 8.670779 -0.199633 2.638215 14.374347 2.553951 0.965490 0.754123 8.782536 3.611720 16.494377 2.773249 -2.669839 0.526128 -7.868464 0.567127 9.827133 3.251205 -1.405140 2.209235 5.798349 3.184974 11.710690 7.121000 -0.947513 16.370804 6.360790 9.584150 -4.540842 13.825029 4.399139 23.593826 -12.273172 -25.870005 -12.417693 17.372772 -35.999301 -11.276860 -26.432844 -22.989067 -13.491407 13.417896 0.554312 2.994519 3.141270 -1.889485 13.942926 0.956891 6.924757 1.758436 -7.586507 -7.799330 5.040268 -14.640201 16.532884 -9.104033 -0.951880 -30.850166 2.990362 12.417267 -18.534488 10.829624 -26.846803 1.716343 -9.915398 28.023575 -8.194795 -0.489500 0.386858 5.932473 -1.516628 7.815577 29.431405 -2.830420 31.701934 -32.162785 -12.984501 31.642321 2.421727 5.457722 2.191919 -27.195395 -30.412577 17.464970 2.583651 3.748440 -4.919434 -14.169103 2.156839 18.518139 4.014866 5.155433 -1.105736 -5.857309 1.512264 -7.979637 -21.051355 -6.229011 0.129026 -7.583197 -46.265892 2.267931 -4.910664 6.555911 -9.297408 16.303360 -38.696514 -14.001525 15.929362 -13.385362 9.850659 -13.049251 -16.373030 10.508653 -2.756351 1.956730 -3.170596 
-37.886688 104.909920 1.972826 16.541417 43.739128 16.103365 3.567815 13.007925 -0.239807 -7.942004 2.756573 -16.916869 2.475863 20.520807 4.979034 -5.889771 8.411669 -0.165214 2.643357 14.376816 2.555201 1.162039 0.872552 8.616606 3.607427 16.492144 2.776886 -2.299512 0.566902 -7.393827 0.571635 9.825576 3.253398 -1.278957 2.421400 5.590860 3.179779 11.711116 7.122674 -0.869395 16.214376 6.379003 9.585979 -4.544022 13.821830 5.279048 23.567783 -11.720321 -25.873465 -12.412364 17.372610 -35.448774 -11.660807 -26.947523 -22.992271 -13.493351 13.412579 0.352414 2.838554 3.088093 -1.896644 13.942537 0.955574 6.776827 1.446838 -7.638230 -7.803136 5.041185 -14.646411 16.128773 -9.148396 -0.847829 -30.856024 2.993248 12.409893 -18.117425 10.882442 -26.294678 1.718876 -9.913326 28.027763 -7.986139 -0.665966 0.231569 5.931497 -1.516078 7.816264 29.487911 -3.138345 31.495174 -32.160339 -12.983760 31.642601 2.364520 5.317199 1.734185 -27.197338 -30.413786 17.470858 2.700879 3.428414 -4.511257 -14.165230 2.154958 18.520302 3.861512 5.262309 -0.908977 -5.855657 1.509408 -7.983540 -20.713872 -5.969475 -0.025944 -7.580948 -46.262959 2.267011 -4.893895 6.425690 -9.628154 16.306759 -38.704830 -13.997842 15.795388 -13.703889 9.945508 -13.058820 -16.373631 10.504056 -2.728203 1.877290 -2.921975 
-37.032143 105.162064 1.982645 16.443235 42.395134 16.161756 3.571796 13.010962 -0.238223 -8.338679 2.751112 -16.855514 2.478913 20.521965 4.973659 -5.851039 8.146142 -0.044993 2.648846 14.380558 2.561143 1.166736 0.811839 8.464825 3.607926 16.490179 2.776679 -2.235678 0.687281 -7.095090 0.569753 9.828969 3.252937 -1.232864 2.066155 5.516954 3.177074 11.710203 7.124177 -1.039626 16.176273 6.321613 9.586402 -4.544073 13.829105 5.466232 23.174111 -11.271748 -25.875513 -12.406365 17.372253 -35.465477 -11.938668 -26.848102 -22.992086 -13.495148 13.416265 0.335722 2.858809 2.940319 -1.896811 13.942493 0.955498 6.640270 1.605074 -7.951030 -7.807310 5.043323 -14.647260 15.868877 -9.382346 -0.707766 -30.853527 2.992795 12.411839 -17.708418 11.181133 -25.941938 1.714305 -9.915242 28.025322 -8.072182 -0.492906 0.225977 5.931536 -1.520676 7.816096 29.617609 -3.467379 32.129476 -32.161900 -12.988645 31.642025 1.813488 5.022533 1.023662 -27.195353 -30.414221 17.474094 2.877859 2.862538 -4.426265 -14.163274 2.152960 18.521912 3.854692 5.485988 -0.845493 -5.851862 1.505995 -7.984918 -20.148486 -5.677357 -0.337162 -7.583346 -46.264931 2.264286 -5.141397 5.909803 -10.085253 16.301085 -38.701527 -13.997845 15.679058 -14.039179 10.005959 -13.060025 -16.377810 10.505500 -2.539305 2.167346 -2.817914 
-36.247250 105.480934 2.047723 15.822353 40.655106 15.022562 3.574391 13.012785 -0.232548 -8.749739 2.640628 -17.315356 2.476886 20.524603 4.973136 -5.700431 7.816849 -0.119186 2.650291 14.385832 2.565251 1.185277 0.668150 8.407473 3.604524 16.486774 2.783210 -2.063959 1.080957 -6.802982 0.569694 9.827051 3.250734 -1.186073 2.240575 5.408871 3.177501 11.706259 7.126070 -0.842164 16.676706 6.023812 9.585922 -4.547703 13.825696 5.948229 23.109754 -10.588368 -25.872997 -12.403696 17.374479 -35.211538 -12.418504 -26.625908 -22.994076 -13.497509 13.416745 0.247687 2.738184 3.014809 -1.898547 13.943394 0.956504 6.414069 1.202816 -7.868444 -7.806913 5.040620 -14.647092 15.467930 -9.409656 -0.472292 -30.856302 2.996233 12.409668 -17.533862 11.624962 -25.431403 1.714329 -9.912061 28.025879 -8.040516 -0.257374 0.236390 5.937684 -1.517246 7.818108 29.895779 -3.835335 32.379205 -32.161572 -12.992064 31.642487 1.018441 4.554052 0.272110 -27.200041 -30.422764 17.472805 3.131950 2.246283 -4.384128 -14.167063 2.152353 18.521275 3.930200 5.849170 -0.968991 -5.850064 1.506541 -7.989873 -19.710539 -5.855229 -0.851214 -7.583973 -46.262772 2.262906 -5.736731 5.710983 -10.372039 16.295731 -38.705811 -13.998650 15.519909 -13.975893 10.232418 -13.061665 -16.384106 10.503600 -2.461132 2.092913 -2.874659 
-35.525112 105.799889 2.138421 16.155873 39.235407 15.145429 3.573570 13.012783 -0.229653 -9.018528 2.488885 -17.281815 2.476976 20.515574 4.970486 -5.646858 7.426952 -0.015684 2.656831 14.385816 2.566386 1.243006 0.654795 8.139845 3.604964 16.488447 2.783265 -1.808546 1.513152 -6.313559 0.570675 9.821816 3.250377 -1.020597 2.371617 5.432711 3.173451 11.698489 7.131703 -1.123514 16.882074 5.882177 9.584120 -4.544125 13.828426 6.468088 22.913765 -10.111997 -25.875967 -12.398007 17.372601 -35.200159 -12.837936 -26.273533 -22.993889 -13.495730 13.408560 0.121203 2.461819 3.060729 -1.900680 13.941638 0.953949 6.109355 0.858392 -8.271671 -7.808178 5.039509 -14.642136 14.788304 -9.891091 0.046020 -30.858551 2.996973 12.403300 -17.293322 11.836089 -25.419357 1.714628 -9.911265 28.026905 -8.319478 -0.282618 0.260754 5.943429 -1.517055 7.818169 30.206785 -4.524462 32.976468 -32.159740 -12.995317 31.638445 0.657836 4.465204 -0.301105 -27.194475 -30.419365 17.476521 2.853542 2.061349 -3.957573 -14.161119 2.148645 18.521418 3.880291 5.860333 -0.772640 -5.843473 1.507700 -7.990653 -19.184270 -5.681104 -1.257075 -7.584852 -46.262505 2.261342 -6.116824 5.426653 -10.818670 16.292345 -38.701679 -13.996123 15.608755 -14.048535 10.440228 -13.061123 -16.383535 10.501428 -2.244293 2.101128 -2.576158 
-34.887226 106.078545 2.218764 15.943210 37.393110 14.986927 3.572939 13.018922 -0.226638 -9.435530 2.309515 -17.298646 2.479135 20.518333 4.966552 -5.804387 7.375846 0.090155 2.658866 14.383765 2.568513 1.195127 0.864351 7.959137 3.610005 16.481382 2.786500 -1.695020 1.812194 -5.584226 0.565506 9.823345 3.249142 -1.083481 2.422450 5.405338 3.172836 11.702906 7.133437 -1.045859 16.749622 5.886731 9.591548 -4.555114 13.830343 6.566826 22.707661 -9.785058 -25.877165 -12.393264 17.369331 -35.015689 -13.147842 -26.761682 -22.992895 -13.497678 13.413682 0.007138 2.496276 3.110427 -1.903224 13.940877 0.952976 5.971504 0.763939 -8.214547 -7.804795 5.038747 -14.644089 14.676398 -10.164536 -0.017934 -30.858105 2.999966 12.407894 -16.825208 11.885911 -24.767133 1.712496 -9.906943 28.027185 -8.285778 -0.108921 0.429693 5.940403 -1.515131 7.819077 30.507224 -5.012377 33.469744 -32.156567 -12.999062 31.639204 -0.115641 4.058741 -1.091291 -27.191936 -30.424931 17.477556 3.169437 1.655513 -3.919267 -14.163795 2.150913 18.520983 3.737870 6.030074 -0.810983 -5.841554 1.506203 -7.996965 -18.846258 -5.533978 -1.496576 -7.587081 -46.260227 2.258198 -6.458808 5.248740 -11.206677 16.286823 -38.703308 -13.993880 15.442050 -14.263068 10.413573 -13.062196 -16.382772 10.495880 -2.058400 2.156382 -2.351846 
-34.365536 106.277847 2.258396 16.316822 36.978228 15.029514 3.576683 13.014350 -0.220906 -9.284556 2.240258 -17.323294 2.480169 20.515671 4.966576 -5.412338 7.124759 0.157707 2.661251 14.386080 2.569335 1.266674 0.501077 7.764861 3.608204 16.481609 2.784883 -1.545298 1.906376 -5.481780 0.569161 9.822751 3.247865 -0.791360 2.417204 5.545037 3.168589 11.698224 7.133887 -1.188939 17.126745 6.011464 9.588672 -4.551447 13.825377 6.977288 22.718683 -9.360079 -25.879951 -12.389033 17.371241 -35.333620 -13.290180 -26.514627 -22.989174 -13.499397 13.410168 -0.050530 2.159128 3.036847 -1.903138 13.939784 0.952105 5.856801 0.453980 -8.255027 -7.809166 5.034525 -14.641291 14.368983 -10.301923 0.097573 -30.866245 3.001397 12.401428 -16.598724 12.396573 -24.264734 1.715066 -9.908992 28.024141 -8.252315 -0.179232 0.415266 5.945085 -1.516945 7.820323 30.652632 -5.196208 33.411240 -32.159431 -13.001040 31.638027 -0.174030 4.030927 -1.259350 -27.191370 -30.422697 17.479063 3.003800 1.530953 -3.588737 -14.163280 2.149198 18.523182 3.699572 6.196474 -0.685839 -5.841282 1.505638 -7.993731 -18.390003 -5.767428 -1.886720 -7.592159 -46.261768 2.259963 -7.053533 5.000671 -11.391609 16.284821 -38.698475 -13.996357 15.487374 -14.372767 10.429442 -13.062822 -16.386820 10.499937 -1.993898 2.235432 -2.393565 
-34.045429 106.380440 2.266592 16.467154 36.550897 15.011999 3.575575 13.018943 -0.224188 -9.332032 2.171043 -17.276292 2.480212 20.515224 4.963408 -5.676879 6.990547 -0.133452 2.666165 14.388428 2.570099 1.316443 0.505793 8.086015 3.606324 16.482328 2.787529 -1.363745 1.901902 -5.491210 0.568714 9.821974 3.247681 -0.543128 2.365348 5.088170 3.168902 11.700618 7.138703 -1.160809 17.148144 5.730077 9.588180 -4.555120 13.831344 7.320957 22.565837 -8.952979 -25.879213 -12.385677 17.372210 -35.145708 -13.284670 -26.559317 -22.990614 -13.500482 13.406474 -0.017136 2.289438 3.063011 -1.905356 13.940887 0.952578 5.933002 0.612825 -8.254871 -7.806952 5.036091 -14.642553 14.289245 -10.671763 0.148352 -30.865274 3.003321 12.403435 -16.366776 12.539640 -24.223884 1.714126 -9.908240 28.025394 -8.394130 -0.309396 0.194845 5.941906 -1.516340 7.823940 30.659066 -5.577851 33.642131 -32.157169 -13.002009 31.638237 -0.374094 3.617349 -1.536626 -27.185898 -30.421072 17.477863 3.088065 1.222989 -3.562633 -14.164389 2.142646 18.518799 3.758215 6.275507 -0.931212 -5.838874 1.506563 -7.996233 -18.000125 -5.576809 -1.792413 -7.589630 -46.261929 2.257168 -6.906336 4.867301 -11.481364 16.287369 -38.700920 -13.993840 15.785947 -14.684061 10.278826 -13.064170 -16.383932 10.494576 -2.175656 2.441255 -2.243860 
-34.025288 106.375336 2.251451 16.401328 36.618458 15.060736 3.577334 13.019983 -0.221680 -9.490474 2.313692 -17.113435 2.482785 20.517311 4.962805 -5.447145 6.973362 0.045173 2.660182 14.386041 2.569242 1.151312 0.554013 7.899025 3.603990 16.479950 2.785247 -1.500937 1.904008 -5.540108 0.568246 9.823400 3.247466 -0.664459 2.253762 5.202358 3.169959 11.698086 7.134983 -1.491059 17.262565 5.685963 9.590061 -4.554403 13.830947 7.229990 22.506264 -8.861937 -25.879742 -12.386845 17.376827 -35.096302 -13.311085 -26.299806 -22.982412 -13.496699 13.411681 -0.117203 2.492964 3.123775 -1.902281 13.941378 0.952837 5.750261 0.627780 -8.326077 -7.808616 5.036480 -14.641603 14.340590 -10.561892 0.202366 -30.865448 3.002270 12.404797 -16.244642 12.613646 -24.098977 1.712580 -9.908628 28.023748 -8.225523 -0.196309 0.228379 5.945090 -1.516572 7.820565 30.723892 -5.361704 33.648111 -32.156631 -12.999167 31.634771 -0.539870 3.752605 -1.480632 -27.188997 -30.419704 17.474873 3.155014 1.206993 -3.530131 -14.163496 2.147442 18.524588 3.880163 6.264635 -0.670328 -5.838762 1.505128 -7.995009 -18.114090 -5.500423 -1.861283 -7.591973 -46.261341 2.255700 -7.019420 4.935611 -11.534251 16.285831 -38.700027 -13.994289 15.474601 -14.479631 10.437949 -13.066572 -16.388943 10.496019 -1.944139 2.217048 -2.208855 
-34.406464 106.274673 2.248664 16.335036 37.148251 15.064211 3.572789 13.020418 -0.220150 -9.387068 2.508866 -17.422882 2.478457 20.519110 4.963758 -5.377539 7.273573 -0.024683 2.663940 14.388146 2.565486 0.974387 0.600765 7.892057 3.604090 16.482401 2.785783 -1.683536 1.834307 -5.568557 0.569372 9.821023 3.247426 -0.790213 2.552588 5.415307 3.172278 11.696754 7.133476 -1.245459 17.109562 5.863666 9.591102 -4.550019 13.827909 6.884174 22.876853 -9.333531 -25.877337 -12.390187 17.373390 -35.197850 -13.473163 -26.226494 -22.985815 -13.500176 13.412867 -0.059100 2.365526 3.076263 -1.900494 13.940664 0.950388 6.053627 0.438026 -8.393446 -7.807088 5.039763 -14.640081 14.115605 -10.373187 0.285481 -30.865963 3.005033 12.401145 -16.589575 12.635443 -24.229169 1.714469 -9.907687 28.026333 -8.189288 -0.044878 0.220502 5.948020 -1.514130 7.821598 30.657704 -5.324641 33.593602 -32.159187 -12.999008 31.638746 -0.357271 3.887578 -1.326367 -27.192133 -30.422333 17.477673 2.955345 1.525247 -3.892166 -14.167730 2.145842 18.521122 3.876764 6.067844 -0.820820 -5.836325 1.506544 -7.993003 -18.454382 -5.573283 -1.979647 -7.587776 -46.264999 2.258439 -7.078006 4.864593 -11.117273 16.289202 -38.699562 -13.992991 15.520737 -14.349877 10.641731 -13.063055 -16.387907 10.496562 -2.175631 2.275904 -2.190569 
-35.273346 106.093811 2.269480 16.109771 38.269294 14.736975 3.577332 13.020225 -0.225556 -9.239006 2.605522 -17.607125 2.479790 20.517233 4.967414 -5.799494 7.431912 -0.027711 2.661987 14.382642 2.566137 1.045174 0.564390 8.096216 3.608628 16.482048 2.784575 -1.856456 1.805113 -5.858879 0.569812 9.822562 3.243661 -1.043469 2.606185 5.580893 3.174194 11.703264 7.137835 -0.979313 16.793623 6.029140 9.591639 -4.551917 13.827830 6.610719 22.955207 -10.035395 -25.875484 -12.392774 17.369719 -35.287298 -13.165079 -26.608879 -22.992632 -13.496983 13.413405 0.107009 2.332474 2.951852 -1.895722 13.939252 0.951961 5.911427 0.582246 -8.190970 -7.805243 5.036333 -14.641359 14.422680 -10.062047 -0.161962 -30.857853 3.001054 12.405598 -17.281594 12.140325 -25.062519 1.716173 -9.912143 28.029245 -8.544775 -0.106087 0.421245 5.940742 -1.519782 7.818748 30.352367 -4.906927 33.425617 -32.155285 -12.997955 31.637733 0.036377 4.007086 -0.930514 -27.192036 -30.422220 17.473352 3.083930 1.870058 -3.849204 -14.165016 2.148177 18.519915 3.882547 5.998018 -0.764892 -5.840394 1.505495 -7.992784 -18.904109 -5.870368 -1.683007 -7.587355 -46.262852 2.261647 -6.850416 5.283644 -11.082947 16.289251 -38.696728 -13.989254 15.625548 -13.981662 10.438162 -13.061423 -16.384354 10.498416 -2.153688 2.099007 -2.407990 
-36.661835 105.896210 2.372762 16.549178 40.666721 15.502352 3.578077 13.013531 -0.232592 -9.151611 2.558392 -17.828897 2.475962 20.521322 4.974598 -5.913763 8.083109 0.086842 2.654661 14.380187 2.565054 0.991010 0.533528 8.500351 3.611642 16.486696 2.779635 -1.928127 1.451119 -6.758327 0.573020 9.824194 3.248258 -1.361757 2.581405 5.676788 3.179830 11.700777 7.134192 -1.074092 16.908494 6.036953 9.586967 -4.541800 13.825761 5.712586 23.348433 -10.546982 -25.872492 -12.405240 17.367502 -35.576249 -12.627345 -26.177142 -22.988880 -13.496245 13.412004 0.384145 2.741046 2.982986 -1.895185 13.942373 0.958332 5.774126 0.686014 -7.944363 -7.804303 5.034292 -14.641594 14.707289 -9.652755 -0.124414 -30.860222 2.997103 12.405204 -17.958277 11.925983 -26.136708 1.714342 -9.914956 28.024670 -8.679553 -0.364841 0.232565 5.939608 -1.520692 7.815245 30.394823 -4.405942 33.229970 -32.162632 -12.992927 31.638878 0.302222 4.515440 -0.053837 -27.192812 -30.423046 17.470219 3.294923 2.485725 -4.036947 -14.168322 2.149379 18.520996 4.191171 5.888416 -0.705909 -5.844830 1.508727 -7.992913 -19.464103 -6.248734 -1.017382 -7.585481 -46.264004 2.267167 -7.108748 5.613956 -10.712578 16.290394 -38.696724 -13.997230 16.085674 -13.741715 10.557018 -13.053795 -16.379845 10.502472 -2.566863 1.908042 -2.669433 
-38.471771 105.690842 2.564397 16.563750 42.968577 15.569041 3.577777 13.005665 -0.235898 -8.973900 2.933441 -17.942632 2.474548 20.525938 4.977759 -6.141749 8.442571 0.115016 2.645950 14.372813 2.559900 0.423830 0.576624 8.585208 3.615682 16.488474 2.775138 -2.495172 1.173007 -7.297889 0.570914 9.823504 3.246101 -1.694296 2.356138 5.972569 3.186255 11.703654 7.129939 -0.858582 16.766122 6.048260 9.580572 -4.536091 13.827111 4.239306 23.477037 -11.835192 -25.868773 -12.421155 17.355154 -35.613737 -12.028297 -26.164286 -22.992405 -13.493608 13.411041 0.646063 3.069033 3.060540 -1.889886 13.944783 0.957676 5.582031 0.666533 -7.649783 -7.795723 5.036784 -14.636906 14.927377 -9.064448 -0.205162 -30.852589 2.997053 12.414061 -19.246486 11.307539 -27.477072 1.715543 -9.916924 28.030197 -8.688181 -0.384667 0.348378 5.934636 -1.519409 7.817852 30.338256 -3.900174 33.306321 -32.160530 -12.987264 31.640684 0.698969 4.975696 0.801491 -27.185785 -30.420860 17.465490 3.204942 3.125628 -4.220947 -14.166133 2.151442 18.516594 4.042172 5.846305 -1.066359 -5.848644 1.509233 -7.993922 -20.097552 -6.494281 -0.448613 -7.577266 -46.271076 2.265047 -7.051458 6.035139 -10.554091 16.290310 -38.693073 -13.991606 16.546084 -13.551293 10.384677 -13.047132 -16.372057 10.503839 -3.079928 1.767583 -3.055335 
-40.540802 105.510704 2.838234 18.307477 46.964920 17.033911 3.578022 13.000341 -0.244900 -8.897026 3.521570 -18.350439 2.468532 20.525284 4.978133 -6.613942 9.456714 0.250875 2.643803 14.359406 2.561142 0.018873 0.614613 8.925797 3.622090 16.487703 2.770269 -2.867000 1.183052 -7.936396 0.572325 9.827421 3.249425 -2.114613 2.605905 6.427573 3.197085 11.710146 7.120834 -0.749734 16.433177 5.965149 9.574056 -4.523431 13.826619 2.929125 23.875951 -13.592367 -25.863413 -12.434201 17.345118 -35.707293 -11.412125 -26.236295 -22.997620 -13.488566 13.405020 1.056094 2.913145 3.071746 -1.885558 13.943500 0.964876 5.063477 0.782045 -7.491743 -7.788546 5.032681 -14.633165 14.774812 -9.093655 -0.217985 -30.845913 3.000513 12.415893 -20.377040 10.550025 -29.186003 1.721095 -9.927827 28.032692 -8.364650 -0.630384 0.183866 5.929182 -1.514965 7.813680 30.840787 -3.373503 33.245529 -32.160954 -12.982841 31.638374 0.812931 5.360180 1.398597 -27.186852 -30.421434 17.468552 3.395784 3.458723 -4.490199 -14.166713 2.149994 18.518316 3.917681 5.569006 -0.798199 -5.845947 1.514928 -7.992300 -20.767643 -6.794459 0.059233 -7.577182 -46.282520 2.262887 -7.363423 6.658862 -9.930871 16.286589 -38.680927 -13.997087 16.966726 -13.386867 10.356272 -13.041457 -16.369074 10.507018 -3.608952 1.583630 -3.597300 
-42.673370 105.347336 3.187672 19.113760 50.363527 18.363640 3.576420 12.996634 -0.242553 -9.026527 3.838631 -19.270967 2.462142 20.533041 4.982509 -6.914613 10.214388 0.196349 2.642277 14.349453 2.555444 -1.135512 0.049422 9.048318 3.622638 16.484331 2.768405 -3.177951 0.860624 -8.917381 0.573418 9.832905 3.250687 -2.443876 2.789641 6.656949 3.203706 11.716820 7.122405 -0.780399 16.433510 5.617327 9.565044 -4.519047 13.824251 1.758003 24.216057 -15.023554 -25.864599 -12.438657 17.337709 -35.457793 -11.135175 -25.981097 -22.995932 -13.490425 13.406247 1.502509 3.177080 3.074206 -1.880500 13.953292 0.971296 4.641793 0.866918 -7.497329 -7.779872 5.031521 -14.627695 14.832070 -9.138063 -0.245290 -30.836596 2.999453 12.410549 -21.626677 9.863244 -30.891487 1.726040 -9.930888 28.037907 -8.255477 -0.469392 0.371814 5.932460 -1.515801 7.818903 30.962487 -3.087389 33.306601 -32.161766 -12.979964 31.636070 1.006875 5.508072 2.028586 -27.180351 -30.419046 17.472576 3.391802 3.970435 -4.980699 -14.175703 2.151628 18.515381 3.899364 5.634843 -0.763840 -5.853820 1.522848 -7.986675 -21.345390 -7.177322 0.189310 -7.577281 -46.295509 2.251826 -7.545680 6.994603 -9.474020 16.278896 -38.668034 -13.996003 17.730751 -13.164456 10.540053 -13.030464 -16.363972 10.513096 -3.806998 1.410533 -3.970509 
-44.672192 105.201660 3.577374 21.477093 54.019843 21.020327 3.580623 12.991342 -0.245881 -9.306600 4.150150 -19.652292 2.459205 20.526449 4.981636 -7.170718 10.685364 0.142226 2.647319 14.338548 2.558869 -1.664129 -0.185704 9.431234 3.622306 16.479763 2.767142 -3.499291 0.827655 -9.679958 0.575120 9.837329 3.253062 -2.859143 3.032656 6.613653 3.209518 11.715868 7.116207 -0.812354 16.615922 5.079362 9.558511 -4.513481 13.823975 0.761155 24.259551 -15.681558 -25.862181 -12.441760 17.329325 -35.104905 -10.236279 -25.884329 -22.997927 -13.492028 13.391727 1.434909 3.046213 3.310900 -1.884592 13.958522 0.974515 4.069786 0.833689 -7.483908 -7.768317 5.025241 -14.616858 15.088009 -9.413692 -0.054306 -30.831074 2.995914 12.417658 -22.671319 8.695019 -32.748414 1.733410 -9.933766 28.037764 -8.136815 -0.328187 0.373967 5.933097 -1.511209 7.816413 30.925659 -3.254369 33.398010 -32.157753 -12.976738 31.631235 1.032672 5.740763 2.320620 -27.169189 -30.405956 17.473978 3.740325 4.047465 -5.089722 -14.170731 2.158481 18.517288 3.765695 5.608121 -0.700483 -5.855527 1.532863 -7.984378 -22.028895 -7.439985 0.542724 -7.574496 -46.302959 2.242795 -7.724063 7.655648 -8.939936 16.262203 -38.659618 -13.991405 18.291557 -13.119298 10.323067 -13.024555 -16.361008 10.513662 -4.054180 1.112967 -4.197059 
-46.364609 105.081406 3.950218 24.585298 57.447048 23.850471 3.575459 12.989102 -0.243472 -9.177197 4.378951 -19.818371 2.454343 20.525717 4.979606 -7.386508 11.260530 0.150272 2.643725 14.321668 2.555099 -2.466459 -0.181792 9.353973 3.625873 16.471556 2.772842 -3.686584 0.985605 -10.204115 0.575055 9.847614 3.249125 -3.069599 3.204752 6.690584 3.212435 11.729464 7.117516 -0.940979 16.703038 4.709654 9.557735 -4.509387 13.818576 0.244898 24.253452 -16.383908 -25.858917 -12.446635 17.316517 -35.417044 -9.493884 -25.554811 -22.998182 -13.488427 13.386707 1.723837 3.157205 3.524278 -1.881713 13.965445 0.982590 3.477949 0.577299 -7.358729 -7.759106 5.025592 -14.614397 14.710638 -9.121132 -0.047522 -30.829048 2.996781 12.415178 -23.512131 7.756563 -34.043551 1.734675 -9.936903 28.034092 -7.813287 -0.530994 0.277640 5.935945 -1.511539 7.823849 31.260178 -3.418044 33.349737 -32.157795 -12.986559 31.629839 1.019885 5.850674 2.719164 -27.163717 -30.406452 17.479765 3.984730 4.191869 -5.585723 -14.176503 2.159350 18.515274 3.831471 5.350876 -0.340734 -5.857217 1.537824 -7.982675 -22.311926 -7.439019 0.655551 -7.577095 -46.316883 2.236932 -7.808976 8.014432 -8.597916 16.253103 -38.654137 -13.988087 18.519242 -12.701977 9.986594 -13.020519 -16.360165 10.510468 -4.093451 0.750970 -4.328338 
-47.631577 104.985786 4.256960 27.638135 59.920266 27.069505 3.579473 12.988091 -0.246194 -9.570281 4.163443 -20.504199 2.454165 20.530499 4.980785 -7.435598 11.992103 0.185905 2.655309 14.323795 2.554054 -2.767370 -0.270262 9.564554 3.626562 16.473778 2.776247 -4.121214 1.105249 -10.655257 0.570789 9.852852 3.248426 -3.024504 3.580497 6.910078 3.211866 11.729262 7.117052 -0.833778 16.679909 4.543136 9.551757 -4.504161 13.818415 -0.880981 24.252289 -16.874870 -25.861116 -12.448443 17.314957 -34.753645 -9.230854 -24.826696 -22.997458 -13.492105 13.386950 2.101692 3.137442 3.673543 -1.881910 13.970039 0.988068 3.316986 0.936252 -7.566858 -7.757309 5.024676 -14.607076 14.582722 -9.521326 0.253082 -30.824545 2.993443 12.419987 -24.408688 7.160918 -35.364274 1.735758 -9.931980 28.027872 -7.632197 -0.544365 0.338193 5.939352 -1.512869 7.822615 31.067156 -3.501288 33.935829 -32.158215 -12.986296 31.629650 1.019830 5.793892 2.658840 -27.154533 -30.403002 17.481760 4.071439 4.113187 -5.619746 -14.178571 2.160660 18.516026 3.719300 5.304996 -0.796994 -5.853988 1.547546 -7.986101 -22.680324 -7.556484 0.634070 -7.579283 -46.320854 2.228271 -7.806222 8.179336 -8.292740 16.244461 -38.643097 -13.988612 18.932719 -12.822531 9.898380 -13.011378 -16.355896 10.509796 -4.241720 0.561966 -4.434308 
-48.419376 104.930832 4.458575 29.396028 61.539629 29.371514 3.580910 12.989291 -0.243584 -9.635938 4.731265 -20.496776 2.455433 20.529942 4.980640 -7.638502 12.107976 0.068800 2.653726 14.323647 2.557270 -3.104365 -0.444339 9.771455 3.625262 16.467871 2.778735 -4.319285 0.998621 -10.959394 0.569187 9.859418 3.249191 -3.141792 3.238611 6.899993 3.213398 11.733506 7.115952 -1.004260 16.877604 4.091746 9.552008 -4.503924 13.819168 -1.348380 24.257118 -17.218229 -25.861349 -12.448753 17.311289 -34.724753 -9.051572 -24.542097 -23.001438 -13.491323 13.387206 2.217175 3.036575 3.839354 -1.881255 13.979710 0.991752 3.028738 0.927184 -7.723031 -7.755019 5.025008 -14.607678 14.188036 -9.560131 0.332280 -30.820986 2.992730 12.422392 -24.687989 6.523607 -35.941275 1.738405 -9.936876 28.031666 -7.495701 -0.370155 0.208246 5.941498 -1.511467 7.827485 31.163069 -3.739505 34.060183 -32.162971 -12.989735 31.626783 1.192578 5.834182 2.739372 -27.159491 -30.407141 17.488245 4.302082 4.102630 -5.915011 -14.184204 2.158029 18.519884 3.594308 5.219964 -0.465088 -5.851643 1.546780 -7.983231 -22.736470 -7.473700 0.668346 -7.578461 -46.334457 2.216469 -7.839154 8.257952 -8.096715 16.237200 -38.639427 -13.987270 18.975657 -12.865614 9.833294 -13.016033 -16.358145 10.510086 -4.178496 0.521531 -4.490823 
-48.714668 104.904411 4.534357 29.550834 61.488436 29.109802 3.580172 12.988970 -0.239972 -9.840582 4.506762 -20.677278 2.452578 20.525249 4.979772 -7.587948 11.941178 -0.114478 2.656147 14.319085 2.551185 -2.909992 -0.313016 9.885005 3.626050 16.467953 2.778828 -4.328261 1.282821 -10.865095 0.575332 9.859700 3.250145 -3.401822 3.461471 7.099874 3.210082 11.736904 7.116298 -0.717411 16.733340 4.413268 9.551729 -4.500631 13.817244 -1.492304 24.160660 -17.577905 -25.862141 -12.447168 17.311058 -34.865674 -8.796902 -24.270638 -22.998528 -13.487479 13.382179 2.245063 2.895107 3.963111 -1.881540 13.971240 0.987816 3.095729 0.657431 -7.877725 -7.753077 5.027188 -14.606042 14.195498 -9.592184 0.150892 -30.823322 2.992834 12.414226 -24.846060 6.433033 -36.031393 1.737742 -9.934222 28.030312 -7.658539 -0.526972 0.215696 5.945016 -1.507307 7.828826 31.219541 -3.825816 33.995771 -32.156834 -12.989908 31.625559 1.206033 5.804488 2.747876 -27.152235 -30.403700 17.490065 3.830127 4.203088 -5.806161 -14.186221 2.158913 18.515934 3.727292 5.221575 -0.377299 -5.855358 1.548104 -7.981174 -22.690338 -7.596623 0.654029 -7.576152 -46.327232 2.219220 -7.845448 8.282117 -8.268062 16.237368 -38.640251 -13.986476 19.026035 -12.776528 9.770735 -13.011320 -16.357824 10.508368 -4.310819 0.458267 -4.563352 
