HIERARCHY
ROOT Hips
{
	OFFSET -6.501393 103.544830 -3.308209
	CHANNELS 6 Xposition Yposition Zposition Zrotation Yrotation Xrotation 
	JOINT Chest
	{
		OFFSET 3.490766 13.188873 -0.149589
		CHANNELS 6 Xposition Yposition Zposition Zrotation Yrotation Xrotation 
		JOINT Chest2
		{
			OFFSET 2.498665 20.695694 4.950911
			CHANNELS 6 Xposition Yposition Zposition Zrotation Yrotation Xrotation 
			JOINT Chest3
			{
				OFFSET 2.586676 14.483231 2.522879
				CHANNELS 6 Xposition Yposition Zposition Zrotation Yrotation Xrotation 
				JOINT Neck
				{
					OFFSET 3.658716 16.642105 2.875753
					CHANNELS 6 Xposition Yposition Zposition Zrotation Yrotation Xrotation 
					JOINT Head
					{
						OFFSET 0.562498 9.917938 3.338517
						CHANNELS 6 Xposition Yposition Zposition Zrotation Yrotation Xrotation 
						End Site #name: Head_end_site
						{
							OFFSET 0.623727 9.927261 3.299727
						}
					}
				}
				JOINT LeftCollar
				{
					OFFSET 3.158933 11.826752 7.207877
					CHANNELS 6 Xposition Yposition Zposition Zrotation Yrotation Xrotation 
					JOINT LeftUpArm
					{
						OFFSET 9.662516 -4.699112 13.894368
						CHANNELS 6 Xposition Yposition Zposition Zrotation Yrotation Xrotation 
						JOINT LeftLowArm
						{
							OFFSET -26.061760 -12.379883 17.528591
							CHANNELS 6 Xposition Yposition Zposition Zrotation Yrotation Xrotation 
							JOINT LeftHand
							{
								OFFSET -23.105013 -13.493835 13.602276
								CHANNELS 6 Xposition Yposition Zposition Zrotation Yrotation Xrotation 
								End Site #name: LeftHand_end_site
								{
									OFFSET -5.049747 -2.949127 2.972858
								}
							}
						}
					}
				}
				JOINT RightCollar
				{
					OFFSET -1.958067 14.041336 0.903037
					CHANNELS 6 Xposition Yposition Zposition Zrotation Yrotation Xrotation 
					JOINT RightUpArm
					{
						OFFSET -7.902977 5.073425 -14.842493
						CHANNELS 6 Xposition Yposition Zposition Zrotation Yrotation Xrotation 
						JOINT RightLowArm
						{
							OFFSET -31.237156 3.028915 12.441875
							CHANNELS 6 Xposition Yposition Zposition Zrotation Yrotation Xrotation 
							JOINT RightHand
							{
								OFFSET 1.770481 -9.929611 28.270538
								CHANNELS 6 Xposition Yposition Zposition Zrotation Yrotation Xrotation 
								End Site #name: RightHand_end_site
								{
									OFFSET 0.386944 -2.170212 6.178812
								}
							}
						}
					}
				}
			}
		}
	}
	JOINT LeftUpLeg
	{
		OFFSET 6.008414 -1.501137 7.878114
		CHANNELS 6 Xposition Yposition Zposition Zrotation Yrotation Xrotation 
		JOINT LeftLowLeg
		{
			OFFSET -32.490929 -13.194344 31.847103
			CHANNELS 6 Xposition Yposition Zposition Zrotation Yrotation Xrotation 
			JOINT LeftFoot
			{
				OFFSET -27.394722 -30.609779 17.695694
				CHANNELS 6 Xposition Yposition Zposition Zrotation Yrotation Xrotation 
				JOINT LeftToe
				{
					OFFSET -14.301807 2.204399 18.712517
					CHANNELS 6 Xposition Yposition Zposition Zrotation Yrotation Xrotation 
					End Site #name: LeftToe_end_site
					{
						OFFSET -6.634720 15.950195 16.159538
					}
				}
			}
		}
	}
	JOINT RightUpLeg
	{
		OFFSET -6.008467 1.500946 -7.878115
		CHANNELS 6 Xposition Yposition Zposition Zrotation Yrotation Xrotation 
		JOINT RightLowLeg
		{
			OFFSET -7.669543 -46.691193 2.263450
			CHANNELS 6 Xposition Yposition Zposition Zrotation Yrotation Xrotation 
			JOINT RightFoot
			{
				OFFSET 16.419405 -39.122486 -14.156796
				CHANNELS 6 Xposition Yposition Zposition Zrotation Yrotation Xrotation 
				JOINT RightToe
				{
					OFFSET -13.268997 -16.468420 10.596312
					CHANNELS 6 Xposition Yposition Zposition Zrotation Yrotation Xrotation 
					End Site #name: RightToe_end_site
					{
						OFFSET -19.207935 -1.991539 13.661808
					}
				}
			}
		}
	}
}
MOTION
Frames: 725
Frame Time: 0.033333
-37.360905 104.680626 1.698396 15.757306 43.383371 15.810626 3.569861 13.007160 -0.241515 -7.796280 2.320663 -16.502922 2.481203 20.521355 4.974286 -5.728383 8.217191 -0.234944 2.643967 14.384108 2.553350 1.411929 0.812656 8.475408 3.609367 16.492401 2.777128 -2.309674 0.219144 -7.429875 0.565545 9.828112 3.253668 -1.117501 2.123865 5.416664 3.174855 11.709140 7.120221 -1.308366 16.181697 6.185731 9.584977 -4.547354 13.823008 5.287120 23.467227 -11.406944 -25.875610 -12.407511 17.382605 -35.901083 -11.607797 -26.684313 -22.990374 -13.494303 13.418636 0.203414 2.918757 3.127895 -1.891377 13.940996 0.957250 7.330236 1.949456 -7.563170 -7.808894 5.042178 -14.650352 16.810045 -9.129844 -1.149075 -30.856573 2.990713 12.415510 -17.468561 11.031923 -25.694757 1.712207 -9.915568 28.023218 -7.955196 -0.587087 0.354063 5.932566 -1.514676 7.816322 29.066481 -2.705289 31.015759 -32.163677 -12.985563 31.643372 2.718779 5.532539 1.944215 -27.198925 -30.408733 17.471375 2.401270 3.255805 -4.635836 -14.165603 2.153552 18.521404 3.875756 5.165564 -1.140596 -5.858785 1.510278 -7.979156 -20.729780 -5.826242 -0.089624 -7.580918 -46.259789 2.267345 -4.038156 6.199243 -9.248332 16.306784 -38.710487 -14.003489 15.682862 -13.917925 9.787683 -13.059063 -16.377619 10.507021 -2.598002 1.947826 -2.885523 
-37.519775 104.698219 1.736085 16.144646 43.402324 16.022862 3.566783 13.013589 -0.240376 -7.806240 2.580498 -16.889743 2.475293 20.522484 4.974889 -5.772548 7.966470 -0.318411 2.641179 14.379839 2.554281 1.526605 0.843953 8.565346 3.605599 16.495287 2.775172 -2.311089 0.232805 -7.354990 0.570195 9.825324 3.253477 -1.124199 2.135688 5.634063 3.178993 11.708303 7.127069 -1.190435 16.241976 6.330446 9.581710 -4.545220 13.831119 5.117942 23.464203 -11.602973 -25.876036 -12.407086 17.380781 -35.635211 -11.271293 -26.559469 -22.990902 -13.491988 13.415133 0.299886 2.714980 2.930336 -1.894213 13.941324 0.956119 7.190152 1.868440 -7.720603 -7.806445 5.044802 -14.646585 16.878137 -9.390382 -0.823208 -30.856354 2.990350 12.413416 -17.571225 10.781200 -25.798574 1.712606 -9.912652 28.025457 -7.997889 -0.515274 0.356562 5.934435 -1.516469 7.817108 29.176020 -2.903026 31.392308 -32.164200 -12.983683 31.642263 2.529997 5.478009 2.017035 -27.200048 -30.409212 17.470737 2.391927 3.542635 -4.785290 -14.165955 2.153216 18.522980 3.674185 5.387468 -0.932368 -5.859612 1.510071 -7.981828 -20.776906 -5.757194 -0.050612 -7.581409 -46.258453 2.269291 -4.158565 6.457330 -9.655307 16.307814 -38.710854 -14.004222 15.277328 -13.795857 9.986089 -13.057452 -16.376076 10.505957 -2.563253 1.999712 -2.963470 
-37.874531 104.718819 1.825328 16.769011 43.848687 16.415738 3.565601 13.008557 -0.241780 -7.867706 2.436425 -16.743138 2.473816 20.518974 4.972069 -5.784721 8.204986 -0.145381 2.640811 14.380202 2.554043 1.617517 0.867332 8.405126 3.607131 16.490887 2.777822 -2.385001 0.517073 -7.309732 0.567343 9.824484 3.253249 -1.073477 2.135322 5.556064 3.176451 11.706267 7.124149 -1.224598 16.319006 6.331316 9.582377 -4.541326 13.826197 5.039226 23.598925 -11.719677 -25.876453 -12.406733 17.379192 -35.574637 -11.224870 -26.558368 -22.988737 -13.488069 13.411773 0.394244 2.745675 3.081513 -1.895672 13.940187 0.960747 7.060062 1.721182 -7.951567 -7.807912 5.042006 -14.648509 16.485095 -9.258860 -0.580619 -30.855040 2.991520 12.414001 -17.678893 10.804357 -26.239370 1.714395 -9.915831 28.025433 -8.152849 -0.758225 0.194516 5.933121 -1.514204 7.817185 29.091056 -2.884767 31.513158 -32.164036 -12.984537 31.638922 2.744614 5.567132 1.956643 -27.194490 -30.410437 17.472288 2.474564 3.630407 -4.599161 -14.164604 2.150346 18.518995 3.730926 5.274810 -1.158402 -5.854607 1.513887 -7.984789 -20.792911 -5.866170 -0.189782 -7.581244 -46.257587 2.268934 -4.308308 6.480857 -9.696075 16.306057 -38.708996 -14.003512 15.649884 -13.686112 9.847780 -13.057031 -16.369526 10.506466 -2.585435 1.951506 -3.073409 
-38.281010 104.695885 1.893462 16.120853 44.456622 16.277113 3.567451 13.005752 -0.241267 -7.949116 2.686111 -16.953561 2.470902 20.522131 4.978173 -5.977211 8.664914 -0.301575 2.643310 14.378072 2.556717 1.094081 0.751508 8.492871 3.608074 16.489979 2.773260 -2.447198 0.163395 -7.503902 0.570016 9.824009 3.252490 -1.247925 2.181496 5.585029 3.182218 11.710182 7.119781 -0.862071 16.236982 6.123805 9.583694 -4.543473 13.824236 4.715046 23.700850 -12.299468 -25.869513 -12.411773 17.375103 -35.478386 -11.689170 -27.006059 -22.991428 -13.494141 13.413714 0.559403 2.890001 2.909500 -1.893170 13.941066 0.954566 7.078353 1.857107 -7.714642 -7.807039 5.040961 -14.644376 16.729280 -9.160024 -1.014815 -30.848629 2.988567 12.414671 -18.194857 10.812259 -26.380827 1.717176 -9.919515 28.027531 -8.011876 -0.612736 0.564766 5.930916 -1.514952 7.816714 29.088611 -2.890050 31.315680 -32.163147 -12.979881 31.638779 2.794709 5.200147 2.142159 -27.196438 -30.413488 17.473454 2.662769 3.638954 -4.790485 -14.165390 2.153917 18.518490 3.844330 5.380055 -1.145645 -5.856539 1.511813 -7.983102 -21.170084 -5.926619 -0.205896 -7.578045 -46.265079 2.265065 -4.569796 6.367116 -9.368306 16.303308 -38.700386 -14.001583 15.913482 -13.611321 9.756363 -13.055725 -16.371111 10.506635 -2.808317 1.847892 -3.236220 
-38.608551 104.600372 1.900884 16.496370 44.566141 16.812690 3.569306 13.009395 -0.240256 -7.875971 2.855950 -17.086038 2.471884 20.526997 4.974837 -5.792003 8.648555 -0.323568 2.642665 14.376844 2.552039 1.232484 0.752723 8.421587 3.609422 16.491814 2.773919 -2.670538 0.145054 -7.591491 0.571197 9.827473 3.250355 -1.221435 2.166569 5.851850 3.184002 11.706292 7.118195 -1.123815 16.308620 6.497636 9.578479 -4.540050 13.825437 4.571049 23.876811 -12.247775 -25.872597 -12.410270 17.374411 -35.818072 -11.302980 -26.720803 -22.992702 -13.486571 13.411495 0.525197 2.768053 2.835606 -1.888505 13.942132 0.958801 7.135669 1.690101 -7.750033 -7.808026 5.046537 -14.641236 16.789621 -9.215156 -0.797386 -30.851681 2.988184 12.414789 -18.395528 10.728386 -26.604429 1.714893 -9.919658 28.024887 -8.063235 -0.569578 0.490187 5.932706 -1.516094 7.816259 29.059559 -2.699565 31.452912 -32.164528 -12.979977 31.638557 2.956032 5.555894 2.415121 -27.196850 -30.410978 17.471186 2.335684 3.993983 -5.073710 -14.166190 2.151711 18.518322 3.604740 5.380341 -1.166661 -5.856041 1.513819 -7.978431 -21.177710 -6.072603 -0.219297 -7.577852 -46.267887 2.268554 -4.352526 6.515557 -9.055124 16.303724 -38.703941 -14.000482 15.892062 -13.528035 9.883074 -13.053580 -16.372807 10.510558 -2.837814 1.823705 -3.066660 
-38.706375 104.394920 1.809993 15.989662 45.250949 16.811058 3.566926 13.006666 -0.242234 -7.674111 2.838297 -16.716301 2.473718 20.523434 4.980648 -5.925039 8.602905 -0.377747 2.636699 14.373720 2.549617 1.123719 0.654073 8.389798 3.611015 16.495188 2.772748 -2.575060 0.064320 -7.825925 0.570525 9.827669 3.252894 -1.351232 1.899759 5.718141 3.183174 11.711442 7.117844 -1.312904 16.208201 6.469916 9.585305 -4.543132 13.824446 4.732433 23.977972 -12.328816 -25.869844 -12.413663 17.377909 -35.970949 -11.068292 -26.862137 -22.989880 -13.490635 13.417150 0.464185 2.778383 2.999888 -1.888636 13.939622 0.960231 7.284307 2.033326 -7.648331 -7.804966 5.045053 -14.646826 17.167677 -8.701781 -1.071040 -30.854204 2.983144 12.419741 -18.214796 10.623679 -26.303979 1.718909 -9.921313 28.024244 -7.821831 -0.799473 0.626964 5.932255 -1.515103 7.817304 28.778493 -2.704257 30.861390 -32.164597 -12.980812 31.640965 3.206946 5.699043 2.792775 -27.195377 -30.411242 17.471355 2.526531 4.013380 -4.997240 -14.166878 2.158301 18.517591 3.674346 5.211275 -1.260784 -5.863101 1.510940 -7.976590 -21.503418 -6.123487 0.056949 -7.578618 -46.267555 2.268660 -4.212528 6.530387 -8.964710 16.308304 -38.704983 -14.003362 15.919166 -13.221257 9.458142 -13.050875 -16.374197 10.507147 -2.816531 1.640075 -3.240402 
-38.478348 104.053047 1.588746 16.602370 45.210631 17.246947 3.564497 13.010986 -0.241935 -7.328455 2.455703 -16.510765 2.472625 20.526558 4.979317 -5.628621 8.497263 -0.500299 2.634558 14.377396 2.543751 1.610836 0.549139 8.163492 3.605596 16.494593 2.774624 -2.579280 -0.177216 -7.685138 0.570383 9.827348 3.251684 -1.039674 1.906508 5.646883 3.180524 11.709697 7.120994 -1.250370 15.914274 6.772051 9.587347 -4.546312 13.822411 4.992266 23.981404 -12.328083 -25.876558 -12.407919 17.387970 -35.866939 -11.037857 -26.922130 -22.985811 -13.489915 13.419977 0.402561 2.829417 2.818772 -1.888846 13.938574 0.956636 7.781459 2.224415 -7.542345 -7.812507 5.046084 -14.647833 17.942495 -8.977623 -1.219703 -30.856300 2.982141 12.416857 -17.620952 10.423392 -25.934023 1.713673 -9.918327 28.020996 -7.785855 -0.816019 0.762984 5.933836 -1.516102 7.814008 28.444357 -2.362156 30.285633 -32.167671 -12.978502 31.640654 4.031300 5.741688 3.257575 -27.197670 -30.409220 17.476694 1.914288 4.475147 -5.128860 -14.168284 2.157972 18.520819 3.652203 5.018679 -1.418643 -5.863820 1.514525 -7.977121 -21.717078 -6.111939 -0.151339 -7.582557 -46.263615 2.271474 -3.084626 6.597693 -8.584964 16.315424 -38.712719 -14.008963 15.707051 -13.465196 9.429309 -13.050319 -16.371618 10.509795 -2.586261 1.699683 -3.096912 
-37.891724 103.593758 1.260591 16.119325 44.785325 17.203407 3.559389 13.011230 -0.237786 -6.829365 2.308659 -15.943197 2.471539 20.525999 4.980006 -5.610822 8.175214 -0.698565 2.632576 14.380221 2.547911 2.001316 0.729947 8.114920 3.602847 16.502228 2.781735 -2.503119 -0.832228 -7.808262 0.568841 9.829110 3.253713 -0.970951 1.799128 5.094559 3.177939 11.709794 7.116029 -1.157034 16.190106 6.745923 9.590393 -4.556051 13.826945 5.684053 24.049159 -11.640825 -25.877146 -12.400829 17.393736 -35.805494 -10.476044 -27.234766 -22.989552 -13.490815 13.422102 -0.027044 2.688302 2.959780 -1.889096 13.940875 0.953267 8.100180 2.656166 -7.506649 -7.815606 5.051019 -14.657145 19.055167 -8.578724 -1.659132 -30.859894 2.977687 12.422991 -17.109467 10.160362 -24.861856 1.712802 -9.910972 28.022697 -7.509799 -0.843996 0.442971 5.934112 -1.514303 7.817218 27.785230 -2.151206 29.444249 -32.170185 -12.982233 31.643845 4.915051 5.641741 4.060885 -27.202290 -30.408377 17.478748 1.847326 4.230200 -5.654467 -14.170257 2.163169 18.517069 3.639819 4.911128 -1.753034 -5.868964 1.514725 -7.971227 -22.112990 -5.793273 0.098749 -7.584985 -46.263168 2.271037 -1.667419 6.735383 -8.157708 16.321404 -38.726009 -14.010071 15.256723 -13.923356 9.128428 -13.058433 -16.375847 10.511322 -2.380264 1.992750 -3.104700 
-37.002861 103.038742 0.865664 16.014999 44.098727 17.574512 3.556766 13.016070 -0.235180 -6.268678 1.804591 -15.010271 2.478575 20.525936 4.976367 -4.844624 7.666522 -0.823557 2.632314 14.381678 2.542145 2.414065 0.743921 7.976694 3.598185 16.501839 2.785033 -2.266981 -1.132181 -7.672185 0.568747 9.834350 3.250302 -0.703141 1.389709 4.881481 3.172965 11.717820 7.121322 -1.524223 15.742739 6.677568 9.589734 -4.562503 13.826134 5.956760 23.784032 -11.565459 -25.878345 -12.390915 17.406572 -36.294949 -10.086191 -26.722816 -22.988512 -13.484581 13.423760 -0.086012 2.668869 2.646930 -1.885867 13.940764 0.951189 9.126208 2.608012 -6.794963 -7.822053 5.051545 -14.664719 20.181857 -8.283499 -2.082393 -30.864643 2.973615 12.428645 -16.197855 9.865892 -23.709728 1.709808 -9.902078 28.023905 -7.090571 -0.917922 0.264033 5.935147 -1.514669 7.817933 26.793174 -2.013858 28.337147 -32.173622 -12.984843 31.644730 6.113994 5.492738 4.822357 -27.198612 -30.398849 17.475065 1.287918 4.336525 -5.789227 -14.170537 2.156638 18.521158 3.438340 4.756764 -1.750159 -5.871822 1.511287 -7.964293 -22.323150 -5.203834 -0.032696 -7.585962 -46.262440 2.280239 0.180453 6.636237 -7.923381 16.327261 -38.736298 -14.011785 14.515860 -14.483143 8.881540 -13.058685 -16.378775 10.512167 -2.168432 2.064679 -2.774950 
-35.915775 102.492966 0.473552 16.084880 43.179551 17.925867 3.545081 13.020596 -0.230885 -5.806258 1.473155 -14.451447 2.474738 20.530285 4.975966 -4.856527 7.507312 -1.009568 2.637823 14.380902 2.539395 3.002411 0.862428 7.517215 3.591025 16.506659 2.790287 -2.254517 -1.569864 -7.251054 0.572750 9.837177 3.253103 -0.752904 1.106568 4.419057 3.170758 11.722205 7.120533 -1.344832 15.230511 6.746059 9.593157 -4.570584 13.832258 6.924671 23.615219 -11.122254 -25.887917 -12.382608 17.411692 -36.294324 -9.936721 -27.061937 -22.989492 -13.483568 13.424157 -0.149430 2.442006 2.441460 -1.893618 13.940271 0.949765 9.557171 3.106973 -6.806032 -7.830891 5.059646 -14.677592 21.312181 -7.755352 -2.363905 -30.866613 2.969980 12.428154 -15.499438 9.187801 -23.016493 1.706244 -9.895667 28.022560 -6.510327 -0.691014 0.344744 5.938310 -1.514675 7.821910 26.374670 -1.737039 27.363138 -32.179039 -12.987179 31.648788 7.377178 5.490772 5.005922 -27.203482 -30.400005 17.483643 0.828270 3.801282 -5.915870 -14.169814 2.160891 18.527084 3.262133 4.669460 -2.035075 -5.880308 1.513220 -7.956886 -22.504949 -4.694297 -0.380340 -7.586552 -46.260754 2.275781 2.350566 6.339699 -7.790563 16.336090 -38.748608 -14.015227 13.443043 -14.973279 8.796209 -13.068337 -16.380327 10.511044 -1.982884 2.356780 -2.494777 
-34.803440 102.031609 0.132704 15.257767 42.112235 17.680957 3.544430 13.022151 -0.219760 -5.686981 1.363583 -14.096799 2.474260 20.530579 4.974413 -4.709766 6.925312 -1.123727 2.633257 14.389611 2.537185 3.641009 0.689834 6.986491 3.587373 16.513573 2.801196 -1.935265 -1.844139 -7.282652 0.572675 9.838155 3.251294 -0.483131 1.076354 3.889750 3.165595 11.716256 7.119334 -1.363617 15.439194 6.704162 9.595571 -4.580029 13.834481 7.555630 23.527978 -10.635070 -25.892408 -12.368040 17.416624 -36.077486 -9.778391 -26.754957 -22.990675 -13.483234 13.428696 -0.609641 2.188887 2.686595 -1.895174 13.940872 0.945902 9.992962 3.427032 -6.702550 -7.836602 5.059654 -14.679102 21.862575 -7.697951 -2.496858 -30.865297 2.963055 12.426109 -14.633692 8.834096 -22.002667 1.701421 -9.883823 28.021141 -6.337257 -0.985639 0.048052 5.945907 -1.513426 7.819946 26.188494 -1.380456 26.373836 -32.177959 -12.986078 31.650261 8.319000 5.325728 5.665011 -27.204834 -30.399956 17.487505 0.592106 3.257779 -6.145846 -14.168194 2.162967 18.527008 3.157790 4.330832 -2.149562 -5.885051 1.507751 -7.952324 -22.689716 -4.656963 -0.462714 -7.587067 -46.253784 2.266961 4.349558 6.189616 -7.321355 16.336771 -38.757500 -14.019219 12.752464 -15.348203 8.654126 -13.072159 -16.386650 10.515194 -1.431266 2.313759 -2.247361 
-33.828808 101.738335 -0.112007 14.985761 41.526485 17.502187 3.544193 13.024194 -0.218474 -5.341219 1.077954 -13.539112 2.476313 20.533552 4.970710 -4.661050 6.601412 -1.075348 2.635403 14.388881 2.535444 4.056558 0.598612 6.588766 3.590806 16.513187 2.809741 -1.997760 -1.929365 -6.960615 0.572223 9.844398 3.255383 -0.521488 0.876394 3.605511 3.159318 11.720299 7.119658 -1.307678 15.102901 6.906779 9.596985 -4.585701 13.832604 7.920392 23.458594 -10.071114 -25.893248 -12.360873 17.422300 -36.540774 -9.456482 -26.542767 -22.992603 -13.481402 13.431970 -0.543427 2.135236 2.510336 -1.897976 13.940710 0.949364 10.111552 3.502461 -6.324952 -7.847988 5.063541 -14.687404 22.256402 -7.364433 -2.532201 -30.874462 2.961907 12.431315 -13.926131 8.162864 -21.560933 1.700580 -9.878891 28.018867 -6.184381 -1.016091 -0.233518 5.943551 -1.512786 7.822307 25.595951 -1.116053 25.598943 -32.180504 -12.988686 31.649929 8.944075 5.049619 5.478065 -27.199392 -30.395058 17.490183 0.677240 2.925787 -5.996796 -14.171310 2.163884 18.530220 2.977901 4.574391 -2.566005 -5.893044 1.511670 -7.953699 -22.586756 -4.405104 -0.990891 -7.590012 -46.249458 2.273295 5.637045 6.119455 -7.144115 16.339148 -38.767735 -14.022642 12.155537 -15.725645 8.270385 -13.074606 -16.388680 10.514240 -1.423449 2.119648 -2.030371 
-33.132523 101.597092 -0.250642 14.675174 40.550925 17.737178 3.541778 13.024948 -0.210708 -5.396106 1.045807 -13.674735 2.472141 20.531870 4.971138 -4.681378 6.456278 -1.225253 2.634197 14.387231 2.539223 3.967730 0.629792 6.301501 3.587860 16.509632 2.817798 -1.949577 -1.970115 -7.078753 0.573479 9.843760 3.250418 -0.476776 1.126517 3.485295 3.157531 11.721699 7.119381 -1.234194 14.988367 6.492396 9.599592 -4.589382 13.835930 8.146857 23.009789 -9.857555 -25.893995 -12.351689 17.418554 -35.983994 -9.539061 -26.852769 -22.997309 -13.483182 13.429495 -0.709963 2.049085 2.347359 -1.902516 13.939915 0.944280 10.201356 3.339912 -6.354636 -7.845361 5.063575 -14.685430 22.641372 -7.277830 -2.859126 -30.871374 2.958435 12.430033 -13.578061 8.038071 -20.746397 1.694382 -9.872036 28.018192 -5.859681 -1.055082 0.038894 5.945080 -1.510727 7.816321 25.679474 -1.222510 25.371339 -32.179703 -12.991179 31.650969 8.956649 4.786725 5.438216 -27.195885 -30.397211 17.496532 0.800940 2.272119 -6.275299 -14.170117 2.168928 18.526543 2.849687 4.842624 -2.633159 -5.894411 1.510071 -7.950756 -22.747057 -4.051969 -1.135852 -7.590977 -46.248104 2.266379 6.306128 6.075561 -7.160463 16.335602 -38.769119 -14.023509 11.603126 -15.882099 8.403685 -13.076590 -16.385044 10.516604 -1.132920 2.158427 -1.805609 
-32.812027 101.638283 -0.272823 14.769710 40.413236 17.370161 3.541223 13.026718 -0.214629 -5.290600 1.170932 -13.461903 2.473098 20.530115 4.964446 -4.619214 6.421913 -1.018175 2.634073 14.388645 2.537483 4.274161 0.864651 6.364589 3.585891 16.513630 2.815230 -2.137981 -1.618667 -6.952632 0.572070 9.839094 3.247957 -0.344772 1.048013 3.459588 3.158810 11.722702 7.119672 -1.171144 14.529786 6.504227 9.602907 -4.591942 13.839553 8.179391 23.010067 -10.003562 -25.895704 -12.356065 17.422247 -36.564994 -9.665677 -26.670574 -22.995449 -13.482240 13.431983 -0.834552 1.964419 2.588396 -1.902303 13.934656 0.941432 10.188621 3.493598 -6.240918 -7.847108 5.063806 -14.687010 22.270049 -7.405180 -2.868039 -30.873735 2.960591 12.431163 -13.565133 8.018668 -20.909793 1.695856 -9.879703 28.020094 -6.045392 -1.152370 -0.141125 5.944642 -1.513074 7.818505 25.909708 -1.114068 25.477430 -32.183483 -12.993313 31.658442 8.737181 4.888104 4.920918 -27.199429 -30.401054 17.495167 1.027968 2.107426 -5.857175 -14.171342 2.167246 18.530306 2.764386 4.447650 -2.659627 -5.892684 1.511643 -7.951533 -22.386696 -4.049359 -1.349606 -7.593967 -46.248432 2.267521 6.288893 6.065716 -7.238980 16.334938 -38.769882 -14.021775 11.505645 -15.878771 8.172118 -13.080457 -16.390350 10.512402 -1.215767 2.018517 -1.592186 
-32.882477 101.818565 -0.189909 14.430416 40.380922 16.825886 3.542325 13.025530 -0.210157 -5.556401 1.204654 -13.615494 2.477178 20.531523 4.963277 -4.582776 6.228845 -1.097007 2.633459 14.387103 2.535616 4.016673 0.725101 6.321594 3.591070 16.508650 2.811636 -2.042218 -1.844259 -7.092302 0.575391 9.841015 3.252399 -0.596582 0.921735 3.635974 3.156466 11.719940 7.119553 -1.358271 14.825407 6.530724 9.599929 -4.586439 13.836361 8.271397 22.944658 -9.896145 -25.895901 -12.361474 17.422606 -36.437195 -9.667309 -26.563437 -22.990822 -13.486687 13.429943 -0.797931 2.148791 2.523278 -1.902557 13.937364 0.943566 10.112389 3.419793 -6.570487 -7.846045 5.062865 -14.685366 22.106459 -7.348127 -2.849316 -30.869200 2.963194 12.428290 -13.690312 8.199574 -21.008550 1.692468 -9.878779 28.017323 -6.258968 -1.126659 -0.228146 5.943765 -1.513404 7.819132 26.167165 -1.078567 25.412240 -32.178684 -12.993679 31.655117 8.241317 5.021558 5.014613 -27.197788 -30.399786 17.490662 1.039264 2.282178 -5.651413 -14.168576 2.170692 18.529131 2.999840 4.633482 -2.178360 -5.894243 1.507539 -7.951523 -22.170401 -4.048222 -1.290394 -7.590065 -46.242165 2.268310 5.732238 6.076656 -7.176186 16.332361 -38.765804 -14.020465 11.894795 -15.563097 8.256702 -13.078576 -16.394928 10.510536 -1.465197 2.059911 -1.909718 
-33.372978 102.148773 0.008791 14.774095 40.593611 17.100922 3.545240 13.024913 -0.217787 -5.810329 1.348543 -14.141087 2.476802 20.528370 4.965928 -4.469018 6.459035 -0.970717 2.636930 14.386496 2.540254 3.541100 0.507185 6.758935 3.590901 16.502876 2.806822 -1.876767 -1.555913 -7.162942 0.577145 9.839280 3.251914 -0.506827 1.265800 3.731766 3.160293 11.717877 7.120633 -1.174210 14.644045 6.604708 9.593711 -4.581695 13.834564 7.886024 22.882927 -10.156268 -25.893921 -12.359305 17.414557 -35.924725 -9.921041 -26.730509 -22.993130 -13.487535 13.429339 -0.846434 1.974470 2.537135 -1.901396 13.939989 0.945776 9.765130 3.098948 -6.502767 -7.838241 5.058256 -14.682143 21.287236 -7.922885 -2.446053 -30.869286 2.969122 12.424328 -13.739518 8.417499 -21.329803 1.697260 -9.882443 28.020733 -6.097775 -1.163728 -0.320039 5.940056 -1.513007 7.813442 26.393116 -1.232156 25.961513 -32.177998 -12.988307 31.650251 7.771842 4.863391 4.660539 -27.198709 -30.399366 17.486057 1.034959 2.456828 -5.427043 -14.169302 2.162331 18.525429 2.871847 4.534732 -2.299773 -5.889029 1.512681 -7.952694 -21.956039 -3.952119 -0.709805 -7.590741 -46.244663 2.266607 4.572013 6.222671 -7.572043 16.332092 -38.759335 -14.020337 12.288272 -15.625163 8.844174 -13.076243 -16.391895 10.514123 -1.572532 2.567699 -1.976373 
-34.242310 102.623062 0.319226 15.299892 41.580689 17.237381 3.548272 13.023571 -0.218787 -5.937503 1.651003 -14.403721 2.481078 20.525496 4.972358 -4.851017 6.764886 -0.768577 2.633712 14.381371 2.543186 3.268442 0.852962 7.021647 3.590659 16.506376 2.794470 -1.733231 -1.508258 -6.834965 0.571158 9.840123 3.249175 -0.579279 1.147725 4.260761 3.163682 11.717829 7.122268 -1.362034 15.174624 6.603030 9.598728 -4.577837 13.833804 7.653012 22.881733 -10.506556 -25.892832 -12.370435 17.409468 -35.829892 -10.229538 -26.803954 -22.990383 -13.486919 13.423053 -0.599095 2.298292 2.659429 -1.899213 13.936787 0.945658 9.565696 2.873169 -6.967346 -7.834184 5.057445 -14.674944 20.709275 -7.820906 -2.509624 -30.864420 2.970112 12.427526 -14.620022 9.118985 -22.237810 1.699428 -9.891991 28.019823 -6.596663 -1.072270 -0.036851 5.939551 -1.514996 7.814784 26.614100 -1.707966 27.323171 -32.176029 -12.989912 31.649832 6.871055 5.059060 4.581488 -27.199587 -30.402990 17.487627 1.224833 2.963354 -5.472791 -14.167492 2.161501 18.530697 3.128434 4.908124 -1.863281 -5.878259 1.505774 -7.960047 -22.008982 -4.284809 -0.760847 -7.588192 -46.252903 2.271838 3.021232 6.130955 -7.881119 16.334349 -38.752666 -14.012038 13.019645 -15.076507 8.764508 -13.074208 -16.385670 10.511289 -1.546767 2.353723 -2.262798 
-35.407471 103.186295 0.739733 15.702354 42.516544 16.690167 3.554204 13.021301 -0.230336 -6.344149 1.881865 -15.009009 2.480318 20.527264 4.968101 -4.695390 7.301165 -0.844852 2.634611 14.388071 2.546434 2.789714 0.890054 7.426244 3.598658 16.501644 2.792413 -2.234491 -0.807003 -7.184224 0.569525 9.834395 3.248585 -0.921804 1.359944 4.648893 3.168685 11.719565 7.122507 -1.440335 15.304862 6.668272 9.590564 -4.563023 13.833486 6.775029 23.370228 -10.715382 -25.884336 -12.386614 17.406988 -36.141758 -10.162918 -26.822798 -22.990021 -13.491062 13.427366 -0.430522 2.442355 2.672040 -1.894863 13.941329 0.950847 8.733537 2.513948 -7.065950 -7.829057 5.057740 -14.667099 19.850775 -8.502591 -2.087938 -30.862982 2.972715 12.426553 -15.719520 9.623251 -23.170341 1.707045 -9.901628 28.023525 -7.041525 -0.987272 0.126879 5.932209 -1.516702 7.813225 26.997337 -2.234988 28.306467 -32.168930 -12.987319 31.652971 5.494361 5.226433 3.872956 -27.202032 -30.403418 17.480297 1.584185 3.224883 -5.062293 -14.168336 2.163272 18.526426 3.592810 4.890293 -1.663753 -5.873256 1.511589 -7.967931 -21.701311 -4.769445 -0.523074 -7.587412 -46.253464 2.272507 0.888264 6.331822 -8.473060 16.327982 -38.743092 -14.009185 13.805579 -14.592161 8.817730 -13.069870 -16.382162 10.510374 -1.989402 2.266617 -2.619731 
-36.763851 103.782272 1.227928 16.141108 43.482200 16.885035 3.561923 13.012015 -0.234370 -7.066419 2.136495 -15.857707 2.476669 20.524799 4.975251 -5.097380 7.686411 -0.716053 2.635608 14.381972 2.544415 2.120284 0.717517 7.963017 3.599131 16.504389 2.781565 -2.284800 -0.456322 -7.428481 0.572594 9.834071 3.251960 -1.233505 1.868472 4.904932 3.174454 11.712157 7.121362 -1.228056 15.881250 6.604428 9.588080 -4.552631 13.825373 6.189939 23.464886 -11.142911 -25.878286 -12.400047 17.395329 -35.905891 -10.573758 -26.767826 -22.987295 -13.493320 13.421530 -0.023786 2.660955 2.862681 -1.893970 13.941853 0.951243 8.206146 1.898475 -7.399482 -7.816531 5.053486 -14.659798 18.766368 -8.615548 -1.853312 -30.865168 2.977945 12.422261 -16.820437 10.504080 -24.321105 1.712033 -9.904299 28.023178 -7.260004 -0.703378 0.252495 5.936049 -1.517817 7.811806 27.609011 -2.718761 29.561813 -32.167824 -12.990252 31.648354 4.420219 5.446580 3.573566 -27.200418 -30.405470 17.476606 1.785417 3.619687 -5.371742 -14.171440 2.160784 18.520517 3.773466 4.923590 -1.466548 -5.868227 1.507805 -7.969693 -21.511626 -5.455883 -0.024747 -7.584663 -46.258148 2.274310 -1.487632 6.201318 -8.808298 16.323246 -38.729671 -14.005951 14.638070 -14.123880 9.391295 -13.059587 -16.379049 10.511111 -2.255972 2.148655 -3.008590 
-38.206562 104.326126 1.744619 16.439130 44.442340 16.513835 3.564369 13.011295 -0.237202 -7.607781 2.731760 -16.647212 2.472504 20.526745 4.977352 -5.895987 8.216988 -0.248655 2.642000 14.374657 2.550889 1.383978 0.810464 8.451247 3.606267 16.495884 2.776427 -2.482478 -0.092188 -7.452013 0.567801 9.830092 3.254104 -1.331127 2.117282 5.595604 3.181674 11.709917 7.121601 -1.031764 16.222903 6.344346 9.582558 -4.547181 13.827349 4.972397 23.685018 -11.973113 -25.875763 -12.409949 17.380648 -35.360859 -11.101331 -26.767033 -22.991467 -13.486906 13.413566 0.559822 2.842888 2.964195 -1.888319 13.944499 0.956491 7.506930 1.782496 -7.639087 -7.808173 5.043352 -14.649414 17.462263 -9.023411 -1.352796 -30.855595 2.988660 12.421640 -17.893140 10.548889 -26.132903 1.717699 -9.910954 28.029930 -7.684174 -0.587873 0.281729 5.932216 -1.513048 7.814665 28.593689 -2.730235 30.867848 -32.166775 -12.984670 31.636627 3.450426 5.497232 2.816458 -27.198418 -30.410612 17.472740 2.183511 3.991276 -5.039432 -14.166676 2.155021 18.519566 3.746818 5.425331 -1.273561 -5.857346 1.506863 -7.975694 -21.360334 -5.808877 0.033655 -7.579847 -46.266289 2.270298 -3.449446 6.521962 -9.097337 16.311817 -38.709396 -14.003668 15.507600 -13.704034 9.865424 -13.057872 -16.374128 10.507760 -2.588903 1.941444 -3.111066 
-39.645641 104.778534 2.247087 16.721915 45.879726 16.876253 3.572106 13.003394 -0.242607 -8.020444 3.182838 -17.532512 2.467447 20.528259 4.983021 -6.567480 8.792100 -0.167335 2.635113 14.366581 2.554531 0.612251 0.619419 8.689089 3.611563 16.495081 2.771219 -2.855243 0.334872 -8.134339 0.574141 9.827716 3.251403 -1.729338 2.003988 5.626320 3.191832 11.708858 7.119835 -0.883250 16.523071 6.334851 9.582683 -4.536854 13.828762 4.319837 23.995339 -12.297042 -25.870716 -12.422171 17.366697 -35.673310 -11.046083 -26.787015 -22.995123 -13.492435 13.412509 0.568222 2.941302 2.947611 -1.888468 13.941987 0.960189 6.415793 1.308625 -7.624042 -7.796885 5.042966 -14.639457 16.512734 -9.142349 -0.806244 -30.851101 2.991467 12.419536 -19.075723 10.531026 -27.708776 1.718973 -9.920575 28.030853 -7.990877 -0.551848 0.411526 5.931677 -1.515616 7.813558 29.506318 -2.981216 31.735917 -32.167393 -12.981772 31.637056 2.551969 5.487742 2.564889 -27.194601 -30.415091 17.469154 2.725914 3.838749 -5.178230 -14.168604 2.153992 18.519226 3.833589 5.483425 -1.248160 -5.858844 1.512290 -7.978847 -21.335184 -6.569265 0.216650 -7.577274 -46.275448 2.266273 -5.291221 6.539574 -9.356896 16.302551 -38.696411 -14.002497 16.229651 -13.431194 10.040407 -13.047660 -16.369896 10.513503 -2.818850 2.024835 -3.316512 
-40.951015 105.108528 2.706405 18.321361 47.763291 17.513498 3.576557 12.998729 -0.246722 -8.494775 3.506332 -18.219436 2.465058 20.524374 4.979517 -6.676707 9.498934 -0.038056 2.638460 14.359653 2.557764 -0.239561 0.435300 8.893457 3.619600 16.487263 2.770847 -3.076204 0.648396 -8.344344 0.573158 9.827097 3.250291 -1.803866 2.669326 6.120488 3.193811 11.708368 7.118645 -0.927776 16.409511 5.900361 9.573796 -4.526987 13.823870 2.974110 24.071217 -13.442033 -25.859644 -12.430576 17.353191 -36.037721 -11.295492 -26.276861 -22.994507 -13.491581 13.407181 1.025985 2.875181 3.064670 -1.886325 13.950007 0.963069 5.599702 1.299434 -7.600798 -7.790593 5.032193 -14.626346 15.608661 -9.158834 -0.444964 -30.842554 2.996632 12.417491 -20.211708 10.258934 -29.133106 1.721576 -9.926761 28.024752 -8.144332 -0.721386 0.422814 5.928747 -1.517991 7.813152 30.320251 -3.081615 32.447435 -32.159756 -12.982896 31.633589 1.669872 5.350928 2.144133 -27.186285 -30.415440 17.468781 3.181379 4.092900 -5.134987 -14.168116 2.153625 18.518066 3.992598 5.453055 -0.892264 -5.851091 1.519908 -7.983501 -21.252654 -6.571518 0.214965 -7.577239 -46.277328 2.264329 -6.504609 6.991941 -9.372339 16.287401 -38.678242 -14.000736 16.886745 -13.049158 10.070807 -13.038537 -16.368429 10.507595 -3.245988 1.481953 -3.366903 
-41.958096 105.347137 3.085161 18.329004 48.711133 17.260528 3.578224 12.996325 -0.244940 -9.018157 3.663414 -18.777367 2.466187 20.525909 4.981204 -6.855816 9.727086 0.014508 2.641598 14.353106 2.557272 -0.718906 0.418270 9.000956 3.621110 16.479078 2.769796 -3.052693 1.115611 -8.424154 0.574133 9.829398 3.249650 -2.381076 2.764919 6.406193 3.200318 11.713555 7.116803 -0.828763 16.386642 5.553148 9.566406 -4.521621 13.824453 2.209963 24.174736 -14.348822 -25.861561 -12.434816 17.342552 -35.615287 -11.173133 -26.157881 -22.995228 -13.486204 13.402576 1.256972 3.125473 3.091692 -1.885069 13.946683 0.966738 4.926695 0.846978 -7.632446 -7.779061 5.031356 -14.625902 14.810116 -9.534725 -0.125281 -30.837017 3.001234 12.415668 -21.082516 9.670813 -30.572572 1.722152 -9.929492 28.031279 -8.124006 -0.424351 0.665115 5.934440 -1.513204 7.817019 30.757786 -3.257516 33.054830 -32.155544 -12.978626 31.630482 1.268450 5.275761 1.834719 -27.182375 -30.415785 17.470736 3.167992 3.871886 -5.090709 -14.165712 2.150812 18.519642 3.761288 5.524000 -0.566933 -5.849466 1.522492 -7.986219 -21.207698 -6.885565 0.037728 -7.574901 -46.284508 2.256698 -7.122989 6.940761 -9.619375 16.276777 -38.665382 -13.998302 17.416841 -13.150494 10.331547 -13.033419 -16.365313 10.512548 -3.414160 1.283770 -3.585302 
-42.465755 105.531380 3.348756 18.866106 49.737342 17.868683 3.577224 12.992619 -0.245144 -9.314523 3.624419 -18.819198 2.464404 20.521078 4.979182 -7.247136 10.145946 0.174897 2.646510 14.349073 2.558665 -1.188374 0.200260 8.978578 3.624382 16.479280 2.766719 -3.139960 1.156860 -8.546599 0.574313 9.831148 3.250406 -2.302666 2.739666 6.678704 3.200464 11.714898 7.116063 -1.138332 16.710256 5.372994 9.566072 -4.516496 13.826750 1.839952 24.368435 -14.468723 -25.862089 -12.436893 17.335619 -35.760716 -11.245338 -26.200915 -22.997549 -13.492454 13.397017 1.507269 2.968279 3.298149 -1.888765 13.947234 0.969059 4.342490 0.757501 -7.937937 -7.776986 5.027094 -14.617060 14.216645 -9.627530 -0.032150 -30.838461 3.004330 12.416204 -21.670361 9.466266 -31.549644 1.724920 -9.931536 28.028475 -8.454414 -0.551709 0.323484 5.933209 -1.511694 7.819093 31.166293 -3.584561 33.412999 -32.155869 -12.981432 31.631144 0.896502 5.347542 1.637272 -27.178524 -30.413624 17.470530 3.601811 3.534806 -4.816037 -14.166932 2.150799 18.516109 3.717720 5.673365 -0.640893 -5.851498 1.526836 -7.983761 -21.280353 -7.123598 0.134464 -7.575146 -46.290119 2.253035 -7.701816 6.886457 -9.341005 16.267992 -38.657848 -13.995182 17.760720 -13.009980 10.364175 -13.031709 -16.366240 10.510509 -3.694079 1.370167 -3.463175 
-42.247295 105.708321 3.451060 18.154134 48.717591 17.293564 3.580550 12.992489 -0.240162 -9.486064 3.908881 -19.068744 2.464558 20.525770 4.977895 -6.997092 9.886753 0.134231 2.644141 14.352451 2.560158 -1.237447 0.066053 9.081009 3.623909 16.474770 2.769026 -3.199936 1.513945 -8.471929 0.574144 9.827868 3.251295 -2.160783 2.709709 6.774118 3.198359 11.713075 7.115431 -0.950144 16.820572 5.382222 9.565866 -4.516812 13.824744 1.761130 24.113669 -14.334603 -25.862204 -12.440763 17.335796 -35.325684 -11.417948 -26.241469 -22.996044 -13.491077 13.402447 1.358333 3.189562 3.223304 -1.883307 13.951465 0.967377 4.265337 0.591706 -8.017771 -7.775610 5.031000 -14.621866 13.990425 -9.551437 -0.040986 -30.837391 3.002066 12.416547 -21.720977 9.844334 -31.474598 1.728868 -9.929409 28.034407 -8.368551 -0.346634 0.341264 5.931272 -1.513465 7.822176 31.295111 -3.641305 33.765955 -32.152679 -12.983118 31.631830 0.443188 5.161565 1.313741 -27.180082 -30.419113 17.469439 3.811703 3.628117 -4.739146 -14.166838 2.148086 18.511322 3.751910 5.665238 -0.489906 -5.848642 1.517149 -7.988546 -20.860532 -7.040813 -0.029908 -7.576901 -46.290672 2.249236 -8.220129 7.034034 -10.006686 16.266371 -38.657219 -13.992965 17.774746 -13.001641 10.475910 -13.034128 -16.370039 10.510241 -3.514058 1.213420 -3.737853 
-41.112415 105.915657 3.372798 18.046318 46.576050 16.866008 3.580637 12.996567 -0.242314 -9.657409 3.494999 -18.889720 2.467057 20.526796 4.979285 -7.067586 9.843564 0.363523 2.643489 14.356592 2.562713 -0.797733 0.374741 9.089402 3.624196 16.484049 2.767914 -2.885754 1.443761 -8.067870 0.573339 9.827007 3.246842 -2.199864 2.722603 6.395572 3.200031 11.710998 7.121215 -0.636217 16.775510 5.568634 9.569809 -4.522498 13.829771 2.424351 24.014890 -13.708351 -25.863228 -12.437195 17.337135 -35.598423 -11.544500 -25.946331 -22.999842 -13.490048 13.400853 1.440569 3.360795 3.156232 -1.891079 13.949350 0.964855 4.333636 0.511173 -7.786428 -7.780078 5.030865 -14.622791 13.959619 -9.587444 -0.009817 -30.838638 3.003830 12.412042 -21.291703 10.052026 -30.829865 1.722226 -9.926806 28.029911 -8.653930 -0.348266 0.062028 5.935897 -1.515511 7.817579 31.549241 -4.049864 33.829982 -32.157223 -12.989151 31.634628 0.260678 4.947995 1.228434 -27.182447 -30.426905 17.468639 3.728009 3.245835 -4.541591 -14.167787 2.147273 18.515924 3.865439 5.749121 -0.587628 -5.848042 1.518212 -7.989146 -20.706726 -7.086197 -0.188379 -7.576384 -46.288521 2.255378 -8.025827 6.586004 -10.211082 16.268936 -38.663651 -13.995496 17.460043 -13.371555 10.599058 -13.034564 -16.368271 10.509580 -3.481494 1.250989 -3.502548 
-38.917377 106.186981 3.127778 17.685554 43.174719 16.263930 3.583999 13.007085 -0.234702 -9.944385 3.130559 -18.837792 2.472280 20.529083 4.982685 -6.534530 8.973980 0.464622 2.651459 14.365987 2.567075 0.099939 0.464243 9.052884 3.618568 16.486027 2.773925 -2.536318 1.809663 -7.511022 0.574259 9.824834 3.248937 -2.115874 2.495768 6.069663 3.190588 11.703754 7.132324 -0.606648 17.241252 6.011611 9.577081 -4.526188 13.830455 4.113441 23.653509 -11.904856 -25.868862 -12.428658 17.346684 -35.339665 -12.064158 -26.041942 -23.002460 -13.493688 13.403051 1.103782 3.033548 2.957088 -1.897131 13.948923 0.967523 4.290775 -0.008346 -7.815964 -7.781916 5.031783 -14.639383 13.725337 -9.305089 0.215996 -30.854361 3.006125 12.411580 -20.145961 11.260490 -28.865394 1.718251 -9.915651 28.036144 -8.666865 -0.036660 0.048074 5.939210 -1.518041 7.817224 31.315854 -4.471776 34.125483 -32.164722 -12.995331 31.641001 -0.295363 4.976881 0.240920 -27.190357 -30.430176 17.464758 3.639618 2.626218 -4.153066 -14.169023 2.144941 18.520269 4.064366 6.194547 -0.984919 -5.842454 1.511116 -7.994932 -19.684231 -7.128290 -0.460197 -7.580769 -46.285278 2.261086 -8.376278 6.124781 -10.683314 16.278416 -38.685894 -13.994696 16.851231 -13.488355 11.321559 -13.042274 -16.377562 10.506336 -3.202448 1.742260 -3.168755 
-35.633316 106.530067 2.744059 16.787167 38.765200 15.414958 3.582812 13.022504 -0.227373 -10.078084 2.634037 -18.321542 2.486497 20.533930 4.972297 -5.541685 8.032185 0.619836 2.661117 14.372609 2.570209 0.604717 0.496730 8.197602 3.615252 16.488907 2.778317 -1.795954 1.883427 -6.511094 0.572641 9.829918 3.242603 -1.921829 2.560191 5.601497 3.183506 11.702026 7.140490 -0.577593 17.348025 6.146096 9.586713 -4.541348 13.829709 6.184354 22.783805 -10.152477 -25.877468 -12.411154 17.356941 -35.144882 -12.842069 -26.639321 -22.996868 -13.505351 13.413165 0.613437 2.856236 2.442500 -1.900091 13.943446 0.958512 4.577922 -0.245578 -7.695356 -7.796700 5.033673 -14.657606 14.016012 -9.714159 -0.117453 -30.871481 3.009203 12.407564 -18.080055 12.310372 -25.431796 1.715175 -9.910804 28.039856 -8.585039 0.506835 0.180226 5.941000 -1.525427 7.815265 31.134912 -5.076507 33.898789 -32.168064 -13.003829 31.646118 -1.175944 4.087187 -0.708682 -27.195520 -30.433348 17.470478 3.825457 1.457985 -3.561201 -14.172417 2.150851 18.529133 4.247767 6.714763 -1.089542 -5.841505 1.506130 -7.998293 -18.530068 -6.529867 -1.318226 -7.588463 -46.287086 2.267336 -8.038001 5.158497 -10.982816 16.290340 -38.709255 -13.993433 15.982957 -14.160685 11.528559 -13.055766 -16.386087 10.503663 -2.917955 2.099567 -2.766946 
-31.391054 106.963463 2.297193 16.802646 33.529033 16.236610 3.577560 13.044704 -0.207702 -10.520202 1.839517 -18.276423 2.494744 20.543280 4.960694 -4.323527 6.976316 0.947381 2.676542 14.378394 2.573925 0.974650 0.455991 7.469415 3.605267 16.488537 2.788838 -0.652980 1.902991 -5.378232 0.570892 9.842106 3.243490 -1.739128 2.194518 4.810315 3.181205 11.695541 7.156310 -0.976673 18.212959 5.842835 9.594725 -4.559385 13.840376 9.128138 21.526251 -7.814513 -25.892668 -12.379119 17.369946 -34.693188 -13.540825 -26.142530 -22.993626 -13.507377 13.420542 -0.092556 2.698542 2.240139 -1.903643 13.949435 0.960761 5.062295 -0.786475 -7.412194 -7.807463 5.032169 -14.676901 14.450582 -10.326852 -0.017784 -30.887571 3.014064 12.399711 -15.267314 13.622548 -21.292654 1.706361 -9.893419 28.046980 -8.069159 0.899290 -0.343907 5.960704 -1.528955 7.817478 31.095645 -6.078695 34.145062 -32.180912 -13.013979 31.649454 -2.676351 3.310121 -1.960006 -27.196081 -30.430418 17.480595 3.393219 -0.291962 -3.412649 -14.180688 2.149152 18.544525 4.226977 7.651158 -1.518899 -5.840191 1.502728 -7.995173 -17.078099 -5.827660 -2.402225 -7.605212 -46.297825 2.262648 -7.671856 3.968993 -11.151625 16.302555 -38.745556 -13.994273 14.919672 -15.484741 12.317190 -13.064830 -16.403185 10.509491 -2.032262 2.501850 -2.354645 
-26.349073 107.412697 1.863355 17.372639 28.480478 16.895120 3.571945 13.077484 -0.183567 -11.148038 1.498472 -18.603330 2.496353 20.550989 4.940587 -3.085371 5.619863 1.096587 2.678605 14.371461 2.570100 1.491072 -0.018952 5.834094 3.596853 16.485098 2.804784 0.103194 2.017860 -4.197570 0.567444 9.849989 3.244231 -1.627726 1.899653 4.075082 3.181342 11.696738 7.170332 -1.654122 18.707939 5.517446 9.601385 -4.578751 13.845828 11.788550 20.400646 -5.337853 -25.905258 -12.338740 17.382648 -34.715055 -14.819716 -26.017763 -22.984074 -13.510887 13.423220 -0.815420 2.434479 1.779614 -1.906036 13.956214 0.957600 5.535944 -1.807400 -7.534494 -7.816818 5.023826 -14.687724 15.076562 -11.724272 -0.357853 -30.901991 3.022677 12.391002 -11.523617 14.405224 -15.880118 1.705111 -9.878332 28.044374 -6.974671 0.797638 -0.344163 5.975778 -1.528511 7.814354 31.503179 -7.538254 34.092657 -32.184444 -13.026088 31.638479 -4.502681 1.955569 -3.975255 -27.181068 -30.424459 17.490925 3.110767 -1.918052 -3.261584 -14.195711 2.155607 18.554939 3.943235 8.456298 -2.112902 -5.837405 1.510181 -7.985529 -15.299571 -5.153615 -3.607147 -7.624138 -46.303421 2.248169 -7.234603 2.755189 -11.002861 16.303179 -38.765076 -14.001570 14.677846 -16.304309 12.643805 -13.075305 -16.414444 10.515996 -1.293322 2.810656 -1.676689 
-20.872253 107.821579 1.493442 16.496912 25.261839 16.986785 3.569395 13.107657 -0.166441 -11.643755 1.354886 -19.492749 2.493589 20.569952 4.918653 -2.569902 4.599254 1.384672 2.674930 14.357948 2.569728 1.841144 -0.100764 5.258704 3.577991 16.493811 2.804842 0.983370 2.432922 -3.433456 0.570989 9.850853 3.248152 -1.602841 1.248335 3.405547 3.184017 11.692864 7.170511 -2.370494 19.391513 5.761538 9.612120 -4.592283 13.840335 13.491948 19.512151 -3.834058 -25.914452 -12.305460 17.388327 -35.820357 -16.502068 -26.280037 -22.968744 -13.516970 13.435743 -1.399448 2.059030 0.029391 -1.902359 13.950062 0.947974 6.586943 -2.932369 -7.641930 -7.826667 5.024645 -14.699204 16.994142 -13.427034 -1.321906 -30.911324 3.032977 12.377912 -6.804706 14.667425 -9.339771 1.715934 -9.875823 28.035620 -5.913947 0.411515 -0.222589 5.982981 -1.538466 7.812583 32.301935 -8.026196 33.280793 -32.195580 -13.032633 31.619106 -6.582328 0.802470 -5.232263 -27.163792 -30.418877 17.502413 3.451585 -3.850076 -3.279447 -14.208264 2.157943 18.564293 3.904820 8.602615 -2.513411 -5.853572 1.511374 -7.961961 -13.788504 -4.567898 -4.299950 -7.651186 -46.301483 2.246725 -7.120548 1.916140 -10.828033 16.310577 -38.784885 -14.026726 14.130329 -16.807304 12.413941 -13.075570 -16.424370 10.524873 -0.773593 2.427642 -1.406054 
-15.392614 108.085815 1.135693 16.302268 23.834270 17.647821 3.554261 13.136536 -0.159096 -11.379764 1.227577 -19.683868 2.473189 20.585648 4.906435 -1.776026 3.724961 1.409412 2.672986 14.351909 2.566822 2.316531 0.266355 5.847431 3.552887 16.506187 2.802547 1.557196 2.860622 -2.851117 0.574119 9.841512 3.261036 -1.571744 0.215102 2.931475 3.180626 11.693254 7.169741 -3.145361 21.198430 5.632615 9.621500 -4.591338 13.835643 14.899522 19.453887 -2.153723 -25.904764 -12.277248 17.394979 -37.696162 -18.574455 -27.366005 -22.951210 -13.512997 13.441057 -1.268862 1.906079 -1.922548 -1.902040 13.936635 0.944063 7.437979 -3.590530 -8.357406 -7.829429 5.035085 -14.713933 19.084959 -15.668690 -2.218480 -30.923113 3.044134 12.359179 -2.497746 13.963611 -2.513226 1.723678 -9.868350 28.028994 -4.966893 0.038485 0.700447 5.986002 -1.553093 7.814304 32.385769 -8.454079 32.932403 -32.210892 -13.037136 31.600252 -8.161151 0.404887 -6.236367 -27.155203 -30.407005 17.508400 3.723440 -5.021862 -4.096093 -14.216443 2.158183 18.561436 3.727136 8.237983 -3.499078 -5.868984 1.512393 -7.939983 -13.005595 -4.276862 -4.036048 -7.673383 -46.290787 2.243921 -7.898559 0.836512 -11.249293 16.327671 -38.796810 -14.067079 13.392578 -16.707329 12.723240 -13.076493 -16.418806 10.530879 -0.631465 2.110765 -1.867518 
-10.208068 108.100174 0.632455 17.823032 24.969934 19.753991 3.528150 13.153204 -0.161003 -10.388652 0.806902 -20.045780 2.455101 20.595619 4.900974 -1.529917 4.279519 1.842314 2.662135 14.346815 2.563806 3.004809 1.005651 6.822458 3.528673 16.524139 2.795657 1.030109 1.768143 -3.172291 0.579963 9.827278 3.287938 -1.726055 -0.365543 2.998464 3.175025 11.702760 7.161385 -4.266797 23.512890 5.492635 9.634354 -4.581665 13.818712 16.228120 20.673101 -1.300026 -25.887421 -12.278029 17.397406 -41.519142 -20.937996 -28.886110 -22.944775 -13.501707 13.450285 -0.591701 1.685042 -4.013624 -1.914854 13.924784 0.937631 8.654219 -4.374814 -8.886733 -7.828684 5.044076 -14.733511 22.441567 -17.674588 -3.798231 -30.933168 3.042740 12.340508 1.490719 12.819205 3.906183 1.728484 -9.852701 28.015711 -4.030931 -0.039279 1.650334 5.984313 -1.569088 7.819965 31.901003 -9.402994 32.647379 -32.226368 -13.049794 31.600567 -9.213536 1.045564 -6.151333 -27.166309 -30.389442 17.513672 4.199151 -6.329074 -5.515333 -14.225973 2.163448 18.569904 4.231907 6.822696 -3.615174 -5.882231 1.509941 -7.913041 -12.721486 -4.294194 -3.224635 -7.690093 -46.290382 2.244834 -9.644524 0.318108 -11.731937 16.347559 -38.810154 -14.099360 12.644651 -16.365890 13.483457 -13.086560 -16.398394 10.535534 -1.169322 1.967459 -2.697174 
-5.157511 107.791588 -0.097213 19.513985 26.806303 22.192053 3.496366 13.169340 -0.174590 -9.206286 0.747163 -19.952864 2.432869 20.620676 4.901998 -1.374804 4.884854 2.201714 2.648917 14.343699 2.569855 3.125345 1.612028 7.423973 3.523155 16.533846 2.799720 0.470612 -0.278477 -4.724347 0.578410 9.838253 3.303887 -2.202617 -0.493687 3.558834 3.175846 11.717586 7.129674 -5.087865 25.708006 4.480029 9.641089 -4.576202 13.820588 18.220170 23.259210 -0.775112 -25.852873 -12.297045 17.379562 -47.138701 -23.226610 -30.187196 -22.969765 -13.483669 13.467525 0.410607 1.240804 -6.010496 -1.920917 13.921314 0.933538 9.731503 -4.721033 -8.914483 -7.811378 5.057562 -14.742834 26.819392 -19.517750 -6.394737 -30.929399 3.031609 12.353956 4.548702 11.435378 9.101197 1.726766 -9.829595 28.019627 -2.632427 0.355954 2.275783 5.971654 -1.594339 7.820899 31.088757 -10.324567 32.754572 -32.246723 -13.058718 31.607311 -9.944950 1.380518 -4.998097 -27.170895 -30.374622 17.520708 4.762862 -7.995455 -7.998143 -14.228955 2.179065 18.586563 4.567499 5.489544 -4.067668 -5.903984 1.511322 -7.879891 -13.581635 -4.235065 -1.605600 -7.705211 -46.314869 2.258704 -10.980787 0.362384 -11.543434 16.363035 -38.818741 -14.117043 12.459300 -16.672613 14.177131 -13.102358 -16.379917 10.553832 -1.808902 2.210796 -3.772181 
0.098758 107.186981 -1.026992 22.980569 28.614340 25.283923 3.464342 13.172441 -0.189183 -7.358336 0.908984 -19.624011 2.426208 20.637226 4.900519 -0.840996 5.526733 1.948723 2.641833 14.339640 2.563217 3.035449 1.677424 7.884693 3.525448 16.530333 2.804812 -0.322006 -2.547668 -6.379823 0.577680 9.842961 3.330637 -2.383463 -0.326304 4.233198 3.180186 11.731558 7.093729 -5.879350 27.413926 3.264021 9.637172 -4.561973 13.815812 19.081409 26.912675 -1.268013 -25.818785 -12.328459 17.357313 -52.300852 -25.233721 -30.243466 -22.982843 -13.452728 13.485228 1.520519 0.979376 -8.325418 -1.926736 13.922300 0.917717 11.284487 -4.686750 -8.997586 -7.801208 5.066441 -14.756360 31.214340 -19.860407 -8.874106 -30.924450 3.030489 12.364980 7.635580 9.534817 13.973275 1.733008 -9.809418 28.029432 -0.936753 0.453399 2.460360 5.950076 -1.621288 7.828058 30.556019 -11.317428 32.686895 -32.257164 -13.071230 31.611132 -9.368368 2.352092 -3.445693 -27.160652 -30.350225 17.531900 4.621512 -9.120573 -9.211866 -14.225489 2.184915 18.599173 5.568172 3.510535 -3.641978 -5.918158 1.505376 -7.848488 -14.953468 -3.490820 0.495216 -7.696686 -46.337479 2.271115 -11.558541 0.372910 -11.110488 16.372049 -38.825672 -14.127018 12.752641 -17.476962 15.076732 -13.124902 -16.359068 10.552307 -3.351135 2.144682 -4.286936 
5.917638 106.366547 -2.000184 26.891855 30.396224 27.273973 3.463482 13.172597 -0.212010 -5.809015 0.619253 -19.385467 2.427192 20.658085 4.895993 -1.267169 6.429327 1.708703 2.645903 14.344273 2.553356 3.187329 2.023060 6.936932 3.527363 16.536686 2.812549 -1.351147 -4.330267 -8.011471 0.571891 9.860195 3.336113 -2.894479 0.115992 4.255427 3.190571 11.743858 7.065193 -6.678896 28.517179 2.773124 9.656032 -4.564949 13.814105 19.187535 31.339643 -1.672791 -25.791718 -12.354752 17.349766 -55.515364 -25.346726 -30.228710 -22.980333 -13.442107 13.514062 1.817196 1.317821 -9.970974 -1.914796 13.919127 0.906980 12.403672 -4.278280 -8.136056 -7.814560 5.071964 -14.763798 36.481765 -18.925565 -11.561701 -30.913097 3.031431 12.385848 10.428136 8.485061 17.807621 1.731810 -9.803343 28.024698 0.454896 -0.157181 2.985457 5.934759 -1.658755 7.824019 29.703465 -11.770202 32.658942 -32.261559 -13.095856 31.621567 -7.534544 2.693864 -1.444516 -27.132612 -30.332161 17.551296 4.654274 -10.250298 -9.663664 -14.229389 2.192003 18.626724 7.012843 1.233853 -3.606227 -5.933046 1.507238 -7.838171 -17.508857 -4.152643 1.951925 -7.672832 -46.360687 2.280033 -11.071628 0.097945 -10.619397 16.373152 -38.826694 -14.148947 13.842433 -19.369933 14.736753 -13.136030 -16.337706 10.544925 -4.369066 1.503185 -3.988006 
12.352203 105.403114 -2.831363 30.007067 31.108889 27.509193 3.491492 13.171933 -0.225664 -4.364383 0.323078 -19.615444 2.441280 20.678307 4.877893 -2.084116 7.465668 1.796526 2.659408 14.331748 2.543260 3.773811 2.882641 6.272448 3.536900 16.540941 2.810941 -2.030685 -5.271478 -8.541970 0.567681 9.863262 3.326825 -2.892285 1.183943 2.991870 3.185600 11.762743 7.073754 -6.797768 28.995960 2.199947 9.667394 -4.591227 13.809656 18.145318 35.665370 -2.320317 -25.788153 -12.371941 17.366903 -55.622612 -23.299322 -29.819622 -22.959318 -13.440786 13.528827 1.268916 2.483538 -10.021746 -1.892990 13.914738 0.901937 12.756925 -4.324183 -6.430271 -7.824096 5.074794 -14.774032 41.172763 -18.225562 -13.673501 -30.908499 3.045580 12.400765 12.685231 7.722819 19.588392 1.728608 -9.810000 28.010469 0.608710 -1.107955 3.285644 5.934065 -1.684255 7.838555 28.523176 -12.133195 32.876576 -32.251587 -13.139808 31.646877 -4.853538 2.000015 -0.085476 -27.105288 -30.315742 17.551096 2.594328 -9.075754 -8.026366 -14.227921 2.181237 18.642157 8.375017 -0.591563 -3.386705 -5.945852 1.512593 -7.828262 -20.677510 -4.930260 3.267924 -7.649261 -46.381439 2.267938 -9.548736 1.004448 -9.299202 16.362101 -38.822498 -14.170067 16.288106 -20.799067 13.416384 -13.135348 -16.336639 10.516685 -4.418519 1.150101 -3.886716 
18.536386 104.344276 -3.444185 32.540015 30.053348 27.305645 3.494850 13.173400 -0.228128 -3.210097 0.596291 -19.511153 2.442239 20.679287 4.872304 -3.417278 7.701533 1.850959 2.674465 14.329007 2.554263 4.693780 4.221173 5.803468 3.541404 16.532064 2.814278 -2.645518 -5.240709 -8.371911 0.557748 9.866319 3.320661 -1.407844 1.947511 2.163792 3.178467 11.789905 7.081009 -6.199079 30.733580 0.991562 9.666711 -4.622049 13.811779 17.322256 39.267775 -3.178295 -25.787092 -12.359024 17.382944 -52.957858 -20.577429 -29.204690 -22.954571 -13.421406 13.519580 1.786236 3.000392 -8.232359 -1.886419 13.915565 0.904973 12.519337 -4.378487 -6.171085 -7.839011 5.073109 -14.763541 43.371131 -19.626579 -15.589707 -30.904148 3.052349 12.403888 14.193885 5.690819 20.497152 1.728081 -9.804896 28.005032 0.047744 -2.721430 2.819102 5.949496 -1.685332 7.856549 26.205529 -12.273613 32.842603 -32.244301 -13.169340 31.664873 -2.843603 0.362996 1.079340 -27.092367 -30.309320 17.551159 0.399055 -6.092250 -6.634705 -14.224528 2.177632 18.639046 8.604824 -1.734749 -2.923273 -5.950790 1.519527 -7.816871 -23.441341 -4.846861 4.600592 -7.640252 -46.399906 2.244678 -7.976804 1.126809 -8.530305 16.348373 -38.806488 -14.187838 18.410560 -22.172792 12.544499 -13.138809 -16.341206 10.500770 -3.327338 1.285487 -3.918091 
23.617491 103.274277 -3.862144 33.770504 28.850996 26.682240 3.479096 13.177923 -0.228125 -2.451314 0.721458 -19.170097 2.439481 20.668884 4.865780 -4.198061 7.492989 1.603509 2.680763 14.338008 2.561100 5.296738 4.889034 5.793055 3.553282 16.512106 2.815291 -2.809783 -4.999884 -8.034588 0.556177 9.857213 3.323251 0.971006 2.087029 1.541357 3.165970 11.806605 7.090866 -5.777880 32.433064 -0.809576 9.652919 -4.633409 13.815996 16.379019 42.985328 -4.005176 -25.779001 -12.340102 17.393293 -49.342967 -17.715337 -28.793322 -22.948587 -13.419303 13.520969 2.244213 3.253147 -6.849563 -1.890864 13.931799 0.908082 12.672327 -4.243385 -7.176511 -7.846212 5.055433 -14.746392 43.411347 -23.296539 -17.903294 -30.889004 3.043362 12.412109 14.741466 2.914215 20.621494 1.734132 -9.802297 28.006721 -0.452996 -4.303600 2.154100 5.951014 -1.674120 7.868403 23.812394 -12.740780 32.216991 -32.232838 -13.172836 31.679111 -1.691231 -1.807273 2.624525 -27.088865 -30.307154 17.544741 -1.860756 -2.259220 -5.761817 -14.216367 2.181206 18.619940 8.521382 -2.713942 -2.492987 -5.944722 1.518274 -7.813606 -24.797891 -3.839714 5.649040 -7.633613 -46.401524 2.229832 -6.364650 1.434610 -8.354127 16.347784 -38.778675 -14.194403 20.391451 -22.932801 11.547394 -13.135626 -16.346767 10.487254 -2.485909 1.633258 -4.512331 
27.368261 102.319206 -4.154906 34.455145 27.936182 25.854250 3.470381 13.177999 -0.224905 -1.952797 0.986391 -19.296123 2.439382 20.659470 4.865561 -4.515231 7.516044 1.576892 2.680211 14.337080 2.565080 5.892229 5.068751 6.066523 3.560432 16.497744 2.814493 -3.202371 -4.588858 -8.012825 0.554929 9.850907 3.322235 1.976961 1.691783 1.229137 3.155377 11.809113 7.106852 -5.330094 33.699163 -1.579079 9.639561 -4.639697 13.815546 16.088581 45.520489 -4.810159 -25.775578 -12.323144 17.397745 -46.450272 -14.993198 -28.240174 -22.937387 -13.412609 13.522474 2.212475 3.156703 -5.968406 -1.900227 13.937215 0.909116 12.484395 -4.413191 -8.078073 -7.838138 5.035630 -14.726282 42.710450 -28.092455 -20.410569 -30.875546 3.030429 12.415790 14.839366 -0.241950 19.620893 1.742337 -9.803957 28.007608 -1.113319 -5.083253 1.680816 5.950256 -1.664477 7.859335 21.378437 -12.881954 31.556164 -32.231495 -13.171824 31.688164 -1.209153 -3.753641 3.959674 -27.089128 -30.299417 17.531765 -3.800586 1.222731 -5.130202 -14.217389 2.185336 18.602438 7.951178 -3.070996 -1.838272 -5.936196 1.519683 -7.816826 -25.519036 -3.547391 6.120305 -7.632988 -46.386646 2.226786 -4.809671 1.368044 -8.361721 16.346191 -38.763054 -14.195609 21.961013 -23.222411 11.040851 -13.130609 -16.348684 10.478448 -1.689450 1.987184 -4.618306 
29.915291 101.561752 -4.352186 34.787246 27.101501 25.241524 3.459796 13.179610 -0.225198 -1.530585 1.037649 -19.738338 2.440520 20.651995 4.866212 -4.983121 7.457423 1.511900 2.668421 14.331217 2.566183 6.447954 5.254952 5.843540 3.562581 16.480659 2.809061 -3.606415 -4.426148 -7.958114 0.559117 9.846988 3.320488 2.528072 1.024377 0.891687 3.151636 11.808018 7.118913 -5.698399 34.845829 -2.390361 9.630167 -4.639118 13.813272 15.876235 47.231407 -5.474756 -25.771210 -12.308186 17.396011 -43.823358 -12.925213 -28.034119 -22.931660 -13.407417 13.521122 2.423635 2.976772 -5.545475 -1.909383 13.938097 0.914464 12.329817 -5.048889 -8.820421 -7.829350 5.024878 -14.705546 42.364241 -32.384437 -22.286608 -30.862001 3.020823 12.408478 14.683196 -3.474329 18.121969 1.744263 -9.806849 28.001963 -1.449903 -5.373508 1.506918 5.950335 -1.654137 7.849655 19.790960 -13.250534 30.654521 -32.226749 -13.164665 31.685757 -0.932421 -4.994865 5.213130 -27.094437 -30.296406 17.518625 -5.283621 3.509983 -4.913977 -14.214480 2.189774 18.586029 7.389962 -3.262357 -1.490824 -5.936938 1.524841 -7.814338 -25.903351 -3.455435 6.174871 -7.627432 -46.369007 2.220886 -3.182271 1.533637 -8.371540 16.340601 -38.752605 -14.189083 22.904906 -22.958730 11.105311 -13.124701 -16.345232 10.472181 -1.279231 2.273686 -4.999325 
31.426640 101.034164 -4.467420 35.212928 26.803853 24.840329 3.457867 13.181034 -0.223405 -1.216417 0.876469 -19.659854 2.441264 20.645853 4.866091 -5.040591 7.614557 1.489232 2.665439 14.332682 2.566988 6.707508 5.375299 5.887345 3.566353 16.471375 2.807319 -3.794608 -4.354277 -7.994541 0.557912 9.845286 3.321176 2.962896 0.707521 0.849403 3.145627 11.807926 7.126298 -5.992055 35.128626 -2.894018 9.622112 -4.637975 13.814601 15.596621 48.454383 -5.670237 -25.768621 -12.299129 17.402397 -42.204446 -11.374650 -27.678030 -22.928013 -13.406002 13.522316 2.431974 2.839206 -5.096288 -1.913963 13.939079 0.911944 12.202947 -5.132927 -9.291633 -7.822564 5.014365 -14.697421 42.373066 -35.178264 -23.908437 -30.858877 3.015153 12.407966 14.735611 -5.836038 17.325635 1.747039 -9.808805 28.003374 -1.500107 -5.675707 1.163053 5.948852 -1.645206 7.839809 18.358558 -13.463724 30.254193 -32.225189 -13.157197 31.689758 -0.735708 -5.811156 5.937835 -27.096214 -30.290016 17.513311 -6.297578 5.284763 -4.955359 -14.217098 2.188368 18.576666 7.215285 -3.449244 -1.367386 -5.930246 1.525623 -7.814180 -25.950013 -3.256831 6.487679 -7.625002 -46.361542 2.219602 -2.668502 1.927352 -8.606347 16.340588 -38.744770 -14.193312 23.523808 -23.174063 11.004633 -13.120497 -16.345285 10.469179 -1.112479 2.523635 -5.109198 
32.031822 100.678505 -4.499684 35.188803 26.594663 24.604802 3.462337 13.179911 -0.218262 -1.145107 0.965345 -19.503866 2.446287 20.639814 4.868362 -4.954303 7.829097 1.774618 2.662236 14.327010 2.565819 6.892917 5.706328 5.733027 3.563313 16.465008 2.803167 -3.936456 -3.991449 -7.961915 0.555990 9.843493 3.318660 2.937393 0.386159 0.890107 3.145655 11.803784 7.126636 -6.253163 35.650203 -2.957956 9.622203 -4.641406 13.811690 15.337504 48.719244 -6.047821 -25.770962 -12.293144 17.408936 -41.253649 -10.944411 -27.650139 -22.926872 -13.404311 13.520401 2.338660 2.578939 -5.016755 -1.917375 13.935819 0.910397 11.830102 -5.333181 -9.596905 -7.819098 5.012406 -14.692986 42.495955 -35.864879 -24.742304 -30.858072 3.005369 12.406636 14.764892 -6.987269 17.169511 1.748328 -9.811873 28.007225 -1.697424 -5.518689 1.123079 5.952464 -1.640054 7.836628 17.367269 -13.248889 29.923130 -32.226360 -13.151623 31.685905 -0.227356 -5.962836 6.268057 -27.098572 -30.283562 17.504623 -6.925698 6.194821 -4.944202 -14.218007 2.190555 18.573929 7.025585 -3.284027 -1.311026 -5.926435 1.523890 -7.810278 -26.225131 -3.370028 6.555127 -7.619036 -46.355679 2.216800 -2.618604 2.036689 -8.523489 16.335361 -38.747997 -14.191432 23.600274 -23.134179 11.229406 -13.127732 -16.347694 10.472116 -0.907378 2.568689 -5.369993 
31.826433 100.453506 -4.441803 35.712812 26.754744 24.868157 3.458863 13.179806 -0.222807 -1.178395 0.874485 -19.619524 2.448951 20.645460 4.872060 -5.106894 7.748309 1.667464 2.663323 14.330080 2.567118 7.106339 5.490214 5.761583 3.562978 16.472286 2.800101 -3.739821 -3.828601 -7.803046 0.555427 9.849361 3.318667 2.917114 0.337189 0.964086 3.144926 11.800696 7.129835 -6.050960 35.581689 -2.631404 9.624082 -4.639760 13.809928 15.654802 48.485122 -6.106969 -25.773226 -12.295231 17.406750 -41.322160 -10.869893 -27.669754 -22.925674 -13.406333 13.518540 2.389423 2.434221 -5.079028 -1.916881 13.938669 0.913804 12.082681 -5.225592 -9.887769 -7.816400 5.011476 -14.694890 42.198244 -35.819599 -24.460347 -30.859125 3.011504 12.412640 14.776377 -7.016029 17.208001 1.752025 -9.810443 28.006338 -1.739995 -5.496320 0.991514 5.946191 -1.645083 7.838699 17.366432 -13.119016 29.682892 -32.229374 -13.155084 31.683962 -0.108676 -6.003832 6.719538 -27.100803 -30.288797 17.503452 -7.169267 6.503900 -5.076940 -14.218651 2.185357 18.576660 6.834266 -3.644200 -1.618474 -5.925703 1.525437 -7.815782 -25.866818 -3.200167 6.406002 -7.618820 -46.353134 2.218815 -2.015348 2.110196 -8.437737 16.342850 -38.751789 -14.195243 23.564182 -23.177721 11.488590 -13.127502 -16.350786 10.470194 -1.067895 2.619313 -5.355585 
30.928806 100.347397 -4.301941 36.266122 26.832152 25.513825 3.458624 13.180321 -0.219864 -1.029924 0.914390 -19.560892 2.447292 20.644405 4.874647 -5.109620 8.307673 1.543855 2.668592 14.329860 2.570057 7.403851 5.711883 5.825398 3.559175 16.477684 2.805210 -4.327960 -3.826482 -8.046958 0.559554 9.848116 3.315142 2.840236 0.751578 0.894616 3.142608 11.803083 7.132477 -5.401575 35.402387 -2.289604 9.627238 -4.640543 13.813074 15.022224 47.813298 -6.809553 -25.779083 -12.297517 17.405102 -41.785339 -11.426082 -27.787545 -22.934982 -13.406604 13.515122 2.438782 2.569900 -4.755242 -1.916895 13.936902 0.908464 12.326138 -4.795931 -9.915626 -7.821510 5.015092 -14.698336 42.147035 -34.182638 -23.628771 -30.866787 3.012648 12.407036 15.055964 -6.131425 17.995843 1.746788 -9.804988 28.009686 -1.526203 -5.341628 0.891447 5.948732 -1.645253 7.839669 17.030018 -13.005681 29.752089 -32.232807 -13.167849 31.687136 0.242784 -5.866602 6.811550 -27.101254 -30.297815 17.510895 -6.499391 6.011477 -5.263109 -14.218854 2.181438 18.580252 6.688384 -3.594943 -1.635204 -5.926359 1.529265 -7.815794 -25.858591 -3.080364 6.475717 -7.625163 -46.362896 2.217926 -2.271118 2.173558 -8.285521 16.338877 -38.756134 -14.193689 22.929611 -23.249303 11.654292 -13.135118 -16.348307 10.469133 -1.026658 2.754358 -5.369087 
29.456291 100.368935 -4.113380 36.212150 27.200057 26.046981 3.455245 13.178662 -0.220753 -1.216710 1.090504 -19.418749 2.440286 20.644958 4.867660 -4.929454 8.706759 1.765947 2.673689 14.335466 2.568924 6.759918 5.903549 5.391340 3.556960 16.482975 2.804321 -4.295537 -3.275951 -7.808724 0.561016 9.848528 3.311978 2.160109 0.923602 0.918471 3.145271 11.809951 7.125710 -5.256216 35.217029 -1.942444 9.640584 -4.639571 13.811784 14.932938 46.854951 -7.545552 -25.775877 -12.303699 17.405439 -43.130510 -12.251822 -28.174981 -22.942856 -13.409892 13.514133 2.518267 2.687814 -4.843088 -1.910164 13.932195 0.907049 12.839489 -4.749652 -9.614556 -7.827391 5.023081 -14.702456 42.761523 -31.905712 -22.756766 -30.868397 3.019061 12.404966 14.782715 -4.602582 18.983932 1.745188 -9.809914 28.018864 -1.492883 -5.069514 1.282534 5.952170 -1.649419 7.853306 17.801671 -12.873313 29.400966 -32.231621 -13.174187 31.680853 0.343489 -5.359069 6.332717 -27.103268 -30.299286 17.521965 -6.075353 4.815502 -5.990722 -14.221873 2.178447 18.588209 6.880900 -3.541728 -1.909193 -5.926908 1.527164 -7.816836 -25.650965 -3.334840 5.869948 -7.626251 -46.372932 2.217656 -2.482788 2.085290 -7.894429 16.342260 -38.764629 -14.193290 22.139143 -23.197875 11.666551 -13.134471 -16.350838 10.477299 -1.065837 2.489513 -5.390079 
27.562002 100.532677 -3.916510 36.023811 27.634910 26.488097 3.459116 13.180455 -0.217769 -1.366680 0.895964 -19.197439 2.441330 20.645844 4.873500 -4.858331 8.641550 1.891290 2.681478 14.336183 2.572031 6.494751 5.795937 5.388203 3.550480 16.488707 2.805776 -4.128970 -3.208485 -7.718887 0.560308 9.855450 3.307912 1.984448 1.157100 1.272893 3.143828 11.811673 7.125729 -5.000667 34.539792 -1.060772 9.648152 -4.645963 13.808057 15.045592 45.413422 -7.656201 -25.777172 -12.302340 17.408054 -44.597532 -13.660872 -28.081355 -22.949820 -13.413343 13.508214 2.613250 2.416513 -4.886951 -1.899763 13.931679 0.908581 13.184759 -4.481849 -9.296162 -7.840158 5.028980 -14.710829 42.706379 -28.940768 -21.241974 -30.877256 3.026685 12.401958 15.038109 -2.510497 19.668734 1.743735 -9.806782 28.022911 -1.425627 -4.948573 1.365970 5.957718 -1.654219 7.862606 18.249191 -12.343404 29.194144 -32.236530 -13.182231 31.674141 0.807391 -4.835540 6.096445 -27.101376 -30.307436 17.523602 -5.205862 3.775284 -6.223557 -14.226084 2.168995 18.600138 6.892840 -3.395357 -1.977712 -5.929639 1.530314 -7.817446 -25.606338 -3.314620 5.353739 -7.628509 -46.376846 2.225988 -2.839506 2.221080 -7.469328 16.340767 -38.771572 -14.196970 21.092382 -22.981205 11.801245 -13.138568 -16.356647 10.478521 -1.285646 2.586953 -4.948866 
25.375792 100.865379 -3.724647 35.289139 28.339947 26.607644 3.462669 13.173437 -0.219749 -1.629091 1.223777 -19.365722 2.433893 20.650291 4.873045 -4.984807 8.708752 1.656019 2.685585 14.345891 2.571033 6.042539 5.442705 5.025265 3.541456 16.501192 2.810243 -4.004833 -3.392594 -7.756814 0.558730 9.848613 3.307968 1.726453 1.689298 1.128217 3.145240 11.814870 7.118957 -4.677473 33.562173 -0.616410 9.656466 -4.646293 13.812257 15.514814 43.976573 -7.289891 -25.782177 -12.311748 17.408474 -46.093030 -15.091744 -28.284904 -22.956512 -13.419401 13.510505 2.532016 2.581763 -4.987069 -1.897777 13.930512 0.906085 13.764527 -3.666445 -9.149343 -7.847824 5.038949 -14.718718 42.752934 -26.371869 -19.833934 -30.878754 3.031484 12.401384 14.798052 -0.068644 20.307944 1.744318 -9.805888 28.019089 -1.181789 -4.841180 1.794980 5.959312 -1.658346 7.870338 19.460688 -12.193004 29.527092 -32.231140 -13.184428 31.668945 1.002716 -3.826993 5.608538 -27.105165 -30.312927 17.542187 -3.973697 1.915057 -6.245075 -14.221617 2.163796 18.601994 6.947029 -3.278329 -2.214501 -5.938657 1.530685 -7.818871 -25.267455 -3.507334 4.969321 -7.634804 -46.383339 2.214055 -3.110530 2.116014 -7.456648 16.342827 -38.772003 -14.200913 20.067123 -23.001618 11.487201 -13.143665 -16.356445 10.485023 -1.014292 2.400585 -4.663236 
23.075224 101.362885 -3.576307 34.607879 28.997834 26.990051 3.467752 13.174595 -0.218364 -2.015607 0.912720 -18.702180 2.437103 20.649012 4.873600 -4.902791 8.467975 1.575134 2.685590 14.350262 2.569923 5.698260 5.024161 5.118725 3.538583 16.511475 2.808535 -3.522260 -3.489269 -7.550674 0.562481 9.849217 3.311226 1.610616 1.575279 1.209511 3.144221 11.811869 7.111166 -5.059017 32.537638 -0.033134 9.661719 -4.640659 13.809829 15.811888 42.555159 -6.833850 -25.782179 -12.319848 17.412296 -47.776825 -16.794016 -28.394821 -22.957918 -13.423160 13.509930 2.674414 2.367413 -5.496501 -1.893134 13.924839 0.903464 13.966139 -3.234761 -8.758933 -7.848297 5.043820 -14.728350 42.784599 -23.669128 -18.146071 -30.884529 3.043748 12.405397 14.906855 1.802724 20.550422 1.744139 -9.809561 28.020214 -0.720973 -4.768716 2.176343 5.958446 -1.661140 7.882970 21.130717 -11.768723 29.488266 -32.226131 -13.180365 31.659245 0.952567 -2.883774 4.491736 -27.098993 -30.314638 17.546679 -2.730810 -0.168558 -6.408257 -14.218854 2.157605 18.616028 7.076369 -3.054790 -2.527010 -5.942460 1.529378 -7.821415 -24.465931 -3.361671 4.259223 -7.636012 -46.382374 2.218619 -3.785837 2.273908 -7.414613 16.346050 -38.770172 -14.202072 19.329987 -22.617447 11.099216 -13.145589 -16.364223 10.478111 -1.814396 2.147223 -4.369137 
20.799786 102.032333 -3.466415 32.942200 29.298660 26.585094 3.477504 13.173082 -0.216509 -2.511600 0.822522 -18.832401 2.440921 20.655293 4.874673 -4.562194 8.184336 1.588923 2.677200 14.351830 2.560191 5.259836 4.316630 5.014206 3.533274 16.519726 2.810640 -3.389151 -3.740728 -7.772222 0.565351 9.846853 3.312134 1.232381 1.354373 1.351980 3.147312 11.801536 7.106492 -5.430452 31.744957 0.782427 9.664104 -4.634170 13.808690 16.643221 40.776281 -5.821699 -25.784739 -12.324451 17.410114 -49.529284 -18.300327 -28.289675 -22.955820 -13.426749 13.518672 2.258637 2.669113 -6.252814 -1.887515 13.917702 0.906729 14.267206 -2.979257 -8.418646 -7.844268 5.055831 -14.731394 42.581711 -21.824478 -16.810335 -30.886086 3.043707 12.399123 14.447523 3.481715 20.199586 1.737694 -9.807782 28.011799 -0.365757 -4.207448 2.668753 5.965255 -1.664990 7.883406 22.789409 -11.448087 30.056801 -32.222111 -13.173686 31.646162 0.506501 -1.638382 3.437373 -27.100576 -30.315725 17.551023 -1.939521 -1.991848 -6.680575 -14.217298 2.154513 18.624004 7.056452 -2.805834 -2.665252 -5.951098 1.526027 -7.822610 -23.810543 -3.891998 3.360742 -7.639351 -46.371597 2.218612 -4.428525 2.174839 -7.811295 16.344931 -38.775146 -14.204302 18.293685 -21.748968 11.334296 -13.143023 -16.362753 10.485881 -2.027889 1.817388 -4.178315 
18.682974 102.849762 -3.368395 31.447530 29.570126 26.468793 3.484056 13.168585 -0.215319 -2.906726 0.554681 -18.566519 2.438988 20.653315 4.878747 -4.505430 7.900381 1.412437 2.672509 14.357541 2.551214 4.885687 4.009363 5.551494 3.527790 16.527452 2.814893 -2.930235 -4.000800 -7.882767 0.569214 9.850929 3.315338 1.294202 1.101258 1.621613 3.153418 11.797629 7.091889 -5.695717 30.873599 1.358517 9.672390 -4.631765 13.806522 17.385722 39.778219 -4.321929 -25.787725 -12.322304 17.408939 -51.413313 -20.042079 -28.369324 -22.953545 -13.428054 13.519809 1.968879 2.182552 -6.768948 -1.885232 13.914511 0.900531 14.578062 -2.486627 -8.106838 -7.843807 5.059264 -14.731010 42.251004 -20.236631 -15.929118 -30.887550 3.042506 12.400009 14.262311 5.379874 20.455462 1.739169 -9.805350 28.000692 -0.264503 -3.745166 2.883335 5.964058 -1.664358 7.877377 24.283660 -11.563707 30.891166 -32.223454 -13.170439 31.637133 0.029931 -0.921914 2.113747 -27.091074 -30.313826 17.554308 -0.834140 -4.208194 -7.006535 -14.216040 2.151616 18.627922 7.266759 -2.556863 -2.674851 -5.949589 1.524944 -7.814672 -22.820784 -4.249441 3.197076 -7.638764 -46.368446 2.222201 -5.622864 1.582377 -8.196651 16.336353 -38.770638 -14.202104 17.613950 -21.309060 10.980118 -13.143058 -16.355774 10.490570 -2.429068 1.811835 -3.750452 
16.759132 103.745819 -3.277122 30.399584 29.897432 26.317183 3.491834 13.169732 -0.217745 -3.326374 0.194715 -18.622868 2.440344 20.645933 4.883456 -4.349994 7.270310 1.233113 2.668270 14.356191 2.546916 4.661602 3.623064 5.671641 3.530921 16.534531 2.813770 -2.571109 -4.305009 -7.994289 0.569531 9.846164 3.320055 1.161270 0.800955 2.099696 3.154503 11.788620 7.087244 -6.483198 30.045616 1.771966 9.675381 -4.627774 13.806095 17.817240 38.820391 -3.242852 -25.781693 -12.324183 17.403696 -52.946902 -21.636214 -28.325472 -22.953648 -13.427199 13.523870 1.700732 2.163565 -7.595543 -1.884912 13.908927 0.896238 14.594441 -2.166073 -8.043081 -7.837374 5.063992 -14.731648 41.777019 -19.754104 -15.097819 -30.885967 3.040952 12.394790 13.649381 6.225443 19.920295 1.737536 -9.807661 27.995281 -0.161285 -3.680950 3.438998 5.957759 -1.665532 7.876686 25.799877 -11.956336 32.111964 -32.218239 -13.154634 31.632795 -0.972062 -0.135581 0.910205 -27.088604 -30.310257 17.554680 -0.008737 -5.730671 -7.366668 -14.203718 2.158206 18.625961 7.401110 -2.206461 -2.722784 -5.952277 1.520077 -7.820661 -22.205425 -4.129221 2.779481 -7.636050 -46.353409 2.229419 -6.757361 1.352270 -9.048779 16.334642 -38.767078 -14.193263 17.608190 -20.690644 10.841077 -13.140969 -16.350594 10.487888 -2.912881 1.259763 -3.438525 
14.977482 104.616547 -3.128204 29.336393 30.116111 26.053314 3.494620 13.168991 -0.222771 -3.632613 0.092712 -18.392965 2.436579 20.638695 4.881721 -3.932149 7.184971 1.044400 2.662563 14.349775 2.538969 4.483746 3.468831 5.921072 3.526721 16.532103 2.814683 -2.542701 -4.181276 -7.984218 0.567599 9.844263 3.324109 0.922987 0.732982 2.553399 3.156892 11.788706 7.078876 -7.175062 29.395543 2.305147 9.678058 -4.624261 13.801351 17.710921 37.980729 -2.575963 -25.776077 -12.323021 17.395245 -54.597551 -23.111374 -28.895863 -22.951982 -13.425837 13.520462 1.588310 1.808065 -8.248016 -1.896817 13.907964 0.891433 14.431157 -1.973807 -8.103332 -7.831631 5.069404 -14.731405 41.120433 -19.460061 -14.808883 -30.887056 3.034706 12.389565 13.613770 6.602419 19.958952 1.742520 -9.809077 27.985195 0.085018 -3.173502 3.566874 5.944179 -1.663254 7.865651 26.753296 -12.380660 33.000404 -32.218166 -13.149684 31.628241 -1.999922 0.366940 -0.637577 -27.082531 -30.304804 17.547031 1.221408 -6.988638 -7.504389 -14.203328 2.159853 18.614071 7.449727 -1.908838 -2.298582 -5.944553 1.518378 -7.819396 -21.212341 -4.212463 2.609586 -7.635502 -46.342888 2.236822 -8.147021 1.007056 -9.598852 16.324423 -38.761845 -14.185494 17.357507 -19.907274 10.515905 -13.147178 -16.332949 10.489434 -3.353352 1.325298 -3.172215 
13.144119 105.412971 -2.929375 28.634719 30.170148 25.844710 3.493126 13.165185 -0.228660 -3.939121 -0.119445 -18.683508 2.434356 20.639971 4.872196 -3.540301 6.629277 0.785635 2.663010 14.358206 2.536895 4.016294 2.676901 6.264910 3.522431 16.535723 2.818822 -2.348345 -4.524864 -8.082486 0.574831 9.846913 3.330545 1.073108 0.590479 2.668264 3.164849 11.776615 7.069490 -7.714846 29.359578 2.376850 9.671513 -4.612527 13.802649 18.011665 37.243382 -1.520189 -25.775589 -12.324269 17.389631 -55.897729 -24.342272 -28.952291 -22.950684 -13.431613 13.523390 1.326863 1.470953 -8.806607 -1.895890 13.911941 0.894571 14.444450 -2.044395 -8.013398 -7.837369 5.070146 -14.726217 39.910605 -19.939831 -13.815497 -30.890921 3.032152 12.389025 13.582665 7.297786 19.778167 1.743469 -9.813233 27.980553 0.093099 -2.908006 3.523508 5.941202 -1.665352 7.858684 27.983850 -12.799061 33.412958 -32.223747 -13.138042 31.627815 -2.890608 0.611846 -1.606744 -27.081690 -30.304621 17.547371 1.875349 -8.495146 -7.827101 -14.202400 2.159703 18.613108 7.486959 -2.001860 -2.620808 -5.940456 1.521645 -7.822409 -20.084711 -4.337521 2.050649 -7.633953 -46.343124 2.245016 -9.339829 0.527489 -10.108515 16.323879 -38.766296 -14.181290 17.070432 -19.716205 10.492141 -13.143123 -16.329063 10.499349 -3.795950 1.417144 -3.081998 
11.023890 106.104210 -2.647737 27.410789 30.187073 25.475451 3.490713 13.163235 -0.227757 -4.281422 -0.528427 -18.767162 2.428295 20.641531 4.877860 -3.445126 6.309263 0.830818 2.656068 14.358567 2.533963 3.725910 2.408570 6.847869 3.530106 16.539902 2.821512 -2.131652 -4.710459 -8.456110 0.578214 9.847419 3.335889 0.640312 0.496713 3.356479 3.169901 11.769451 7.059940 -8.059239 29.152402 2.581756 9.671472 -4.601597 13.807692 18.601921 36.343723 -0.318807 -25.774588 -12.328175 17.376320 -57.126343 -25.521608 -29.018257 -22.961086 -13.431713 13.526684 1.126443 1.401125 -9.157803 -1.898844 13.916250 0.892480 14.585586 -2.040161 -8.282783 -7.833462 5.073880 -14.723141 38.987232 -20.109115 -13.418726 -30.894405 3.023443 12.384659 12.873229 7.655732 19.212636 1.738767 -9.808740 27.982798 0.067939 -2.429521 3.276505 5.933834 -1.663846 7.851098 28.793304 -13.239368 34.098852 -32.226704 -13.125884 31.623781 -4.064918 0.877087 -2.170403 -27.087868 -30.307835 17.545856 2.446925 -9.497930 -8.355506 -14.194286 2.170617 18.608320 7.604610 -1.434951 -2.376020 -5.941474 1.517782 -7.822588 -19.270699 -4.424778 2.040632 -7.644637 -46.338356 2.258725 -10.741582 0.358480 -10.900519 16.322987 -38.767132 -14.170979 16.655608 -19.215510 10.824593 -13.146268 -16.321606 10.514997 -4.061822 1.532420 -3.067666 
8.411025 106.703926 -2.261164 26.704501 30.170076 25.453555 3.480261 13.166924 -0.227666 -4.684852 -0.379029 -19.015656 2.426612 20.635946 4.883668 -2.945848 6.076035 0.674394 2.655229 14.361311 2.538887 3.482682 2.117992 7.571079 3.527233 16.536823 2.827119 -1.709954 -4.368636 -8.145295 0.577339 9.848635 3.340674 0.348733 0.435739 4.044880 3.174055 11.766920 7.059751 -8.029939 28.869874 2.894847 9.671636 -4.593080 13.810668 18.943974 34.841130 0.088887 -25.776669 -12.326947 17.370630 -57.429945 -26.290336 -29.219375 -22.966581 -13.434640 13.526410 1.137031 1.143216 -9.322970 -1.905101 13.922088 0.890707 14.412464 -2.217620 -8.731119 -7.826365 5.068805 -14.729343 37.332229 -20.349415 -12.731575 -30.898539 3.020015 12.382993 11.926231 7.991508 19.024331 1.742698 -9.804133 27.988735 0.160397 -1.676423 3.176826 5.929340 -1.657607 7.844922 29.422095 -13.904994 34.458492 -32.230488 -13.111057 31.618574 -5.220513 1.056944 -2.835952 -27.100670 -30.316843 17.548576 3.219342 -9.755587 -9.022436 -14.200709 2.180958 18.605152 7.256413 -0.666381 -2.368154 -5.929902 1.515539 -7.825500 -17.997963 -4.003407 1.787225 -7.649856 -46.339264 2.268901 -11.867686 -0.014319 -11.566950 16.332258 -38.768764 -14.159678 16.188120 -18.900634 11.218977 -13.148363 -16.317287 10.520326 -4.236911 1.764026 -3.338930 
5.268918 107.226242 -1.744769 25.273735 29.380124 24.971704 3.465315 13.167044 -0.222006 -5.483638 -0.211317 -19.118895 2.421657 20.633331 4.886432 -2.411685 5.669407 0.739004 2.650920 14.364270 2.544324 3.333407 1.678797 7.868456 3.524876 16.537884 2.824758 -1.175218 -3.795700 -7.574925 0.581385 9.839037 3.342726 0.139432 0.369339 4.239997 3.176471 11.752523 7.060779 -7.737288 29.014507 2.997044 9.657819 -4.580345 13.813972 19.605042 32.563248 0.547431 -25.784870 -12.324510 17.365860 -57.143405 -27.172325 -29.499812 -22.975779 -13.432501 13.514661 1.508919 0.926021 -8.941432 -1.915564 13.924699 0.896715 13.840846 -2.595032 -9.365538 -7.821740 5.067119 -14.728607 34.757726 -21.400885 -11.342466 -30.908855 3.020480 12.371201 10.892667 8.323988 17.919730 1.744883 -9.803286 27.994423 -0.350947 -0.990863 2.748198 5.935078 -1.645612 7.847521 30.174628 -13.819661 34.109657 -32.229427 -13.089122 31.609995 -6.530358 1.151870 -3.543294 -27.121984 -30.325953 17.540680 3.618155 -9.910292 -9.169324 -14.196694 2.181492 18.596355 6.716143 0.305535 -2.685635 -5.928882 1.515003 -7.827205 -16.583387 -3.765483 1.257306 -7.667240 -46.333149 2.272369 -12.918967 0.002748 -12.066247 16.344048 -38.776695 -14.150046 15.202621 -18.300052 12.322873 -13.148973 -16.322611 10.537621 -3.963155 1.885931 -3.577935 
1.762991 107.734535 -1.091641 23.662477 28.703890 24.529694 3.463490 13.170494 -0.209339 -6.378116 0.261596 -19.243107 2.418180 20.623264 4.890235 -2.145961 5.127349 0.946576 2.642721 14.358315 2.557733 3.196358 1.666401 8.270112 3.522574 16.530510 2.818958 -0.613153 -2.813075 -6.743575 0.581404 9.836566 3.337756 -0.066401 0.120812 4.336056 3.175758 11.747494 7.074357 -6.919564 28.204815 3.574220 9.650336 -4.578686 13.815024 19.609849 29.571400 0.532907 -25.797684 -12.315993 17.361401 -55.731963 -26.882470 -29.726489 -22.980061 -13.442210 13.495011 1.321905 0.560471 -8.256077 -1.922231 13.921688 0.904368 12.919246 -3.332544 -9.651282 -7.818471 5.069145 -14.728350 32.176325 -21.750295 -9.786358 -30.913786 3.019890 12.364239 9.307932 8.879131 15.900453 1.740379 -9.806156 28.000465 -1.173885 -0.706086 2.344890 5.943089 -1.632509 7.844052 30.826980 -13.482557 33.913727 -32.233463 -13.075810 31.607876 -8.116033 1.137019 -4.084551 -27.138277 -30.339296 17.535069 4.296071 -9.492423 -9.230327 -14.203362 2.181463 18.589746 6.105346 1.603907 -2.699031 -5.922549 1.512531 -7.839024 -15.120487 -3.306918 0.689392 -7.682915 -46.325432 2.277228 -13.248108 0.348444 -12.253856 16.353609 -38.787361 -14.134870 14.211781 -17.588343 12.889687 -13.140709 -16.329617 10.537841 -3.652681 2.177137 -3.829911 
-1.987821 108.225212 -0.332829 21.662548 27.532971 22.790183 3.481097 13.174748 -0.193397 -7.831064 0.259793 -19.707252 2.426169 20.616474 4.893753 -1.977003 5.086539 1.443368 2.646722 14.356233 2.567435 3.171239 1.883312 8.246141 3.526577 16.533098 2.812921 0.054134 -1.488160 -5.282247 0.579733 9.829070 3.324432 -0.735146 -0.145678 4.070832 3.173728 11.732586 7.099146 -5.834426 27.334991 4.478441 9.644345 -4.577187 13.816603 19.225224 26.838335 0.758685 -25.822178 -12.305486 17.371729 -52.301262 -26.072283 -29.868257 -22.977221 -13.466463 13.483038 0.791837 0.457236 -6.809716 -1.919794 13.920607 0.912817 11.653576 -4.109487 -9.708976 -7.818960 5.060720 -14.733381 28.993374 -21.682367 -8.061902 -30.920845 3.025445 12.353708 7.053508 10.219700 13.070597 1.737975 -9.815799 28.008650 -2.247658 -0.364847 2.205559 5.959160 -1.613590 7.844251 31.589082 -12.950222 33.554845 -32.233440 -13.065280 31.605129 -9.120783 0.595371 -5.150324 -27.157742 -30.360441 17.523897 4.123477 -8.645072 -8.699356 -14.211012 2.178552 18.585030 5.633947 3.302001 -3.134609 -5.909999 1.512275 -7.855198 -14.109965 -3.705100 -0.374153 -7.692630 -46.319378 2.266754 -13.405792 0.441192 -12.257978 16.358831 -38.786819 -14.124422 14.092178 -16.992005 13.059883 -13.126223 -16.351912 10.542346 -2.942479 2.571019 -3.875580 
-5.991992 108.652664 0.465622 20.104648 25.907893 21.596807 3.505972 13.169043 -0.178340 -9.338442 0.159626 -20.280440 2.434710 20.605650 4.897379 -1.982531 4.770043 1.765412 2.653186 14.343771 2.569007 2.913211 1.462556 7.901731 3.522158 16.537413 2.806792 0.467297 0.270851 -4.022907 0.579160 9.821698 3.308077 -1.055941 -0.410874 3.471974 3.179886 11.709419 7.134617 -4.976604 26.087670 5.434466 9.639348 -4.584247 13.817183 18.294380 23.591709 0.704679 -25.854931 -12.286517 17.382601 -47.773027 -24.266083 -29.625502 -22.957300 -13.482366 13.466042 -0.174179 0.897061 -5.193730 -1.914876 13.921064 0.925263 9.833232 -4.800768 -9.533371 -7.821545 5.053467 -14.729448 25.602440 -20.770989 -5.715105 -30.933453 3.032193 12.341716 5.124638 11.806420 9.623954 1.734689 -9.826783 28.006563 -3.258261 0.018833 2.027141 5.975698 -1.594638 7.832290 31.727677 -12.264435 34.118608 -32.234299 -13.065895 31.600679 -9.765531 0.418360 -6.100777 -27.159109 -30.374903 17.509481 4.147799 -7.581314 -7.589903 -14.223391 2.168818 18.574966 4.933929 4.877921 -3.591980 -5.894072 1.514172 -7.880900 -12.970831 -4.527735 -1.710255 -7.696731 -46.310665 2.260549 -13.059501 0.032526 -12.443368 16.354603 -38.800049 -14.110767 13.673615 -16.461325 13.444166 -13.103151 -16.370373 10.539830 -1.864070 2.539178 -3.382086 
-10.352776 108.940681 1.231767 18.648711 24.303297 19.652816 3.533267 13.161857 -0.170195 -10.474042 0.136367 -20.439823 2.452873 20.587898 4.901023 -2.134002 4.583727 1.509858 2.671633 14.342706 2.569818 2.373920 1.165109 7.154035 3.530644 16.526960 2.798784 1.200935 2.351964 -2.671559 0.571489 9.818094 3.282438 -1.386452 -0.038239 3.233078 3.181237 11.698172 7.156098 -4.237805 24.013094 5.932275 9.633724 -4.588562 13.822748 16.954170 21.294397 0.224202 -25.879644 -12.273852 17.390747 -43.160952 -21.944027 -29.111482 -22.946451 -13.503832 13.449589 -0.914614 1.257569 -3.778025 -1.907137 13.924219 0.934838 8.430135 -4.670237 -8.895139 -7.827635 5.039599 -14.722544 22.187991 -19.284180 -4.161279 -30.929558 3.042687 12.334320 2.156410 13.151697 4.813305 1.729865 -9.848577 28.012344 -4.441415 0.130732 1.532238 5.982215 -1.574989 7.823535 32.597150 -11.402529 34.328924 -32.224789 -13.057125 31.601904 -9.844971 0.164603 -6.964889 -27.156309 -30.391661 17.507263 4.025653 -6.346826 -5.830496 -14.219028 2.161700 18.563475 4.641831 6.752782 -3.638338 -5.877172 1.514588 -7.909226 -12.510214 -4.885203 -3.265664 -7.691104 -46.292339 2.254961 -11.888354 0.039306 -12.257689 16.344234 -38.797356 -14.097095 13.779540 -16.697789 13.447293 -13.084768 -16.388453 10.533429 -1.117810 2.147861 -2.489058 
-15.322886 109.019196 1.963922 18.452431 23.403525 18.463560 3.566652 13.145308 -0.163839 -11.651668 0.262355 -20.582912 2.476446 20.580830 4.905001 -2.346171 4.849371 1.124530 2.688199 14.347018 2.574152 1.989631 0.288495 6.359737 3.548962 16.509817 2.801661 1.628238 3.447757 -1.908064 0.573194 9.831806 3.260793 -1.917029 0.584323 3.154472 3.190078 11.688059 7.170792 -3.277330 22.321541 6.199992 9.618782 -4.587404 13.831369 15.401619 20.158561 -0.624297 -25.898540 -12.279078 17.386391 -39.285138 -19.519152 -27.785223 -22.946741 -13.516242 13.437563 -1.268466 1.416985 -1.779097 -1.900398 13.936380 0.935861 7.121327 -4.785071 -8.475528 -7.832946 5.032915 -14.711185 19.110091 -17.191405 -2.623628 -30.928539 3.050449 12.346645 -1.866720 14.811682 -1.283438 1.727898 -9.860585 28.023504 -5.413566 0.432107 0.484036 5.987364 -1.561701 7.819716 32.919172 -11.004985 34.708477 -32.212765 -13.053972 31.602009 -9.226215 -0.251071 -6.803498 -27.146034 -30.410740 17.504013 3.390852 -5.152615 -4.300875 -14.218740 2.152721 18.557865 4.650605 8.250974 -3.602939 -5.860486 1.511041 -7.935671 -12.602955 -5.205976 -4.389328 -7.671480 -46.297989 2.252051 -10.393220 0.396117 -11.753595 16.324440 -38.794441 -14.059766 14.764265 -16.884072 13.230993 -13.073254 -16.404163 10.527675 -1.085561 2.568928 -1.712296 
-21.048933 108.844238 2.766835 19.335173 23.941304 18.018877 3.582749 13.119955 -0.172135 -12.386109 0.838205 -20.258860 2.493631 20.568193 4.917394 -2.521610 6.010039 1.005468 2.694222 14.345114 2.578654 1.121406 -0.362407 5.895803 3.582749 16.485098 2.797928 1.137722 3.722362 -2.178631 0.572405 9.840148 3.244524 -2.488452 1.419476 3.833405 3.195682 11.688561 7.172260 -2.595751 20.622826 6.041758 9.604588 -4.575722 13.844171 14.238857 20.252322 -2.303326 -25.902803 -12.309013 17.380236 -36.893823 -17.320238 -26.505563 -22.963427 -13.516932 13.426558 -1.234957 1.770092 -0.183404 -1.892828 13.945040 0.950498 5.647486 -4.468313 -7.595263 -7.822250 5.014578 -14.698373 16.423219 -15.411738 -1.706653 -30.918808 3.048666 12.371407 -6.801852 15.396826 -8.783808 1.724670 -9.869576 28.044085 -6.137314 0.993087 -0.443646 5.981929 -1.546978 7.811754 32.804965 -10.702703 35.427430 -32.195633 -13.045915 31.609716 -8.083483 0.097924 -5.795151 -27.157177 -30.425760 17.498203 3.119254 -3.653776 -3.138841 -14.210717 2.142613 18.559191 4.515465 9.226195 -3.045859 -5.838865 1.511061 -7.959963 -13.445637 -5.584489 -4.761365 -7.651838 -46.307617 2.256955 -10.134777 1.381007 -11.503931 16.308336 -38.782116 -14.032432 15.274803 -16.820871 13.886086 -13.067780 -16.414528 10.520351 -1.426390 2.737484 -1.540029 
-27.122076 108.441040 3.847264 20.551356 25.493264 17.921686 3.590637 13.080290 -0.186154 -12.854044 1.255839 -20.249206 2.495400 20.549154 4.935721 -3.156284 7.156224 0.751416 2.692003 14.345063 2.586152 0.101016 -0.950779 6.193411 3.603562 16.472654 2.799289 -0.501751 4.081721 -2.959926 0.576407 9.835563 3.236684 -3.335012 1.499324 4.091384 3.192621 11.691611 7.181236 -1.662609 19.591387 5.664155 9.593303 -4.552306 13.848361 11.976722 20.170262 -4.036957 -25.890255 -12.354350 17.364643 -35.614724 -15.081770 -24.955623 -22.971748 -13.511207 13.414975 -0.600743 2.611797 0.979003 -1.894615 13.954510 0.955319 3.719211 -4.520010 -7.476648 -7.805298 5.008278 -14.677192 14.383260 -13.959114 -0.554492 -30.904676 3.039968 12.389926 -12.533957 14.527858 -16.968203 1.719889 -9.876886 28.048389 -7.039455 1.448888 -0.444031 5.974412 -1.536891 7.802212 32.365890 -10.746228 36.248330 -32.182022 -13.047845 31.621325 -6.382434 1.175436 -4.007579 -27.166140 -30.441656 17.489212 3.245448 -2.078898 -2.591168 -14.203253 2.140279 18.542244 4.556602 9.426188 -2.580242 -5.828596 1.510530 -7.980968 -14.786526 -5.963013 -4.688270 -7.631269 -46.305729 2.252996 -9.570830 2.271036 -12.150892 16.287634 -38.759064 -14.007437 15.490613 -15.921885 14.159364 -13.049649 -16.410418 10.505074 -1.860939 2.727257 -1.761561 
-32.803528 107.910927 5.184102 20.318349 29.100257 16.182822 3.591469 13.043207 -0.202655 -13.138899 2.408943 -20.656811 2.484033 20.543480 4.962957 -4.679786 8.422978 0.741275 2.686761 14.331203 2.588891 -0.508638 -1.463924 6.445911 3.621162 16.466351 2.792623 -1.938252 4.661427 -3.801358 0.585039 9.827780 3.220487 -4.357261 2.060314 4.874552 3.192841 11.701225 7.175563 -0.467594 18.956883 5.312289 9.581764 -4.523523 13.850371 9.123456 21.340969 -6.747385 -25.869795 -12.397956 17.336962 -35.578561 -13.819033 -24.285603 -22.989769 -13.504147 13.399854 0.671330 2.747150 1.282435 -1.903200 13.952167 0.956829 2.003498 -4.773543 -7.794445 -7.781293 5.010490 -14.645319 12.086153 -13.610904 0.273678 -30.880079 3.032282 12.401231 -17.682074 11.887020 -25.175324 1.728489 -9.891493 28.050018 -7.893526 1.648659 0.097926 5.963575 -1.528945 7.804725 32.370981 -9.933052 36.499291 -32.178646 -13.038428 31.618174 -4.596290 1.920739 -2.502620 -27.177961 -30.453630 17.471485 3.314818 -0.272206 -1.974216 -14.189661 2.144039 18.520868 3.823154 9.262387 -1.978873 -5.831324 1.512401 -7.988862 -16.212687 -7.160461 -4.684374 -7.612179 -46.297127 2.246509 -9.271189 3.276682 -12.602918 16.254869 -38.711365 -14.000915 16.083695 -14.346894 13.859985 -13.034255 -16.401737 10.508053 -2.252506 2.255887 -1.830762 
-37.565617 107.390900 6.396106 20.557505 33.323144 15.213403 3.594080 13.017368 -0.210196 -13.787722 3.369371 -21.334678 2.474801 20.534662 4.978457 -6.182255 9.478550 0.572777 2.675686 14.316656 2.584194 -1.735340 -1.735079 7.064895 3.635956 16.457035 2.782942 -3.313426 5.027549 -4.763363 0.589074 9.823836 3.220008 -5.158621 2.084059 6.214857 3.193485 11.716046 7.154591 -0.033516 17.992137 5.059295 9.566971 -4.495795 13.855881 6.057868 22.115721 -9.300320 -25.862877 -12.427141 17.308214 -35.408373 -12.578906 -23.373281 -23.007236 -13.490434 13.390635 1.343958 2.984422 1.655622 -1.907178 13.949142 0.959426 1.316157 -5.199077 -8.774701 -7.752927 5.019567 -14.622969 9.775457 -13.778390 1.159871 -30.859350 3.032214 12.413943 -21.608979 8.260601 -31.973973 1.737031 -9.905155 28.052942 -7.870286 1.422909 0.322496 5.958350 -1.515795 7.802345 32.507828 -9.334675 37.062799 -32.169197 -13.027385 31.611679 -3.266409 2.381381 -1.129711 -27.179152 -30.459282 17.471415 3.603643 0.792278 -2.304635 -14.175269 2.141987 18.503183 2.860620 8.651509 -1.238271 -5.838360 1.521302 -7.987837 -18.031366 -7.342260 -4.128618 -7.608055 -46.289444 2.237199 -8.810114 4.356390 -13.083491 16.228029 -38.663380 -14.000156 17.130272 -13.533875 13.209934 -13.017386 -16.393196 10.510907 -2.751541 1.572803 -2.240332 
-41.138458 106.946785 7.029121 20.725268 38.878765 15.148161 3.594568 12.997771 -0.213384 -14.165575 3.532462 -21.776265 2.462727 20.532850 4.984831 -7.379403 10.420107 0.464484 2.662131 14.316042 2.581469 -2.208306 -1.897554 7.501735 3.639192 16.454268 2.792951 -4.366143 4.561523 -6.362983 0.585317 9.826131 3.222208 -5.062164 2.081470 6.976473 3.203296 11.722602 7.139069 -0.165905 17.707136 4.025595 9.548332 -4.487325 13.864564 3.298771 22.790407 -11.151631 -25.864946 -12.445111 17.286526 -34.517488 -11.610008 -22.500836 -23.023073 -13.480327 13.385973 1.740931 3.467082 2.751805 -1.909029 13.962007 0.965658 0.659760 -5.011329 -9.382086 -7.736559 5.021529 -14.598345 8.491582 -13.880760 1.752502 -30.841066 3.025785 12.423323 -24.207271 5.349115 -36.674103 1.738800 -9.905973 28.046474 -7.400824 1.036062 0.147082 5.954921 -1.501315 7.805829 32.947275 -8.847667 37.527767 -32.158413 -13.011096 31.598774 -2.313157 2.839969 -0.204575 -27.171663 -30.464825 17.475338 3.701229 0.604696 -2.783082 -14.168263 2.140426 18.499153 2.110296 8.146232 -1.271570 -5.842835 1.535514 -7.986565 -18.976381 -7.554546 -3.581204 -7.600978 -46.295563 2.211750 -7.741491 5.471780 -12.589454 16.205528 -38.627880 -13.991528 18.298639 -13.136642 12.170566 -13.013971 -16.384516 10.516914 -3.128925 1.278723 -2.622135 
-43.393070 106.585503 6.910608 21.199697 44.293025 16.470342 3.594952 12.984304 -0.215452 -13.882759 3.972491 -21.878959 2.457524 20.523947 4.982974 -7.747467 10.830181 0.289359 2.660230 14.319409 2.579205 -2.782917 -1.953460 8.117533 3.634654 16.454624 2.794965 -4.528030 3.899190 -7.496116 0.586105 9.833415 3.229172 -4.882877 2.461999 7.272869 3.202974 11.725567 7.129130 -0.288193 17.751211 3.527310 9.537326 -4.480600 13.860178 1.850002 22.917125 -12.807930 -25.865963 -12.454437 17.282732 -34.105624 -11.188624 -22.723549 -23.026564 -13.479090 13.381483 2.085678 3.420084 3.140779 -1.905121 13.968169 0.973552 0.489524 -3.975846 -9.742128 -7.736397 5.019646 -14.591846 8.343100 -13.175410 1.722216 -30.830276 3.015699 12.420217 -25.568552 4.353727 -38.462346 1.740504 -9.913175 28.041204 -7.493704 0.800033 0.264088 5.957070 -1.498604 7.809301 33.123798 -7.864812 37.208692 -32.152397 -13.007738 31.598274 -1.612757 3.486736 0.361228 -27.169945 -30.460253 17.484409 3.831258 1.112016 -3.351948 -14.167703 2.139911 18.494698 1.940219 7.541252 -0.577190 -5.845787 1.542684 -7.984826 -19.681791 -7.626937 -2.918844 -7.598405 -46.298126 2.197741 -7.743753 6.261936 -11.913569 16.197607 -38.612938 -13.991030 18.633835 -12.958300 11.744074 -13.014874 -16.382389 10.518703 -3.396558 0.977835 -3.562388 
-44.304783 106.297127 6.199471 21.629654 48.389199 18.113896 3.591374 12.981547 -0.221207 -12.837512 4.197278 -21.465545 2.454122 20.524109 4.982959 -7.885385 10.913729 0.275361 2.654084 14.319661 2.573254 -2.922254 -1.263946 8.522514 3.630881 16.454800 2.789303 -4.378772 3.548075 -8.128550 0.580694 9.835657 3.238029 -4.337341 2.620613 7.397919 3.203346 11.728547 7.122197 -0.153503 16.941451 4.093268 9.541048 -4.487890 13.844984 0.749524 23.242507 -14.366656 -25.863794 -12.453811 17.288511 -34.252931 -10.871170 -23.586089 -23.018532 -13.479842 13.379704 2.344746 3.383505 3.091667 -1.902265 13.963659 0.974227 0.995359 -2.630450 -9.288777 -7.740928 5.019163 -14.589929 9.609140 -12.343007 1.237893 -30.822569 3.011085 12.417965 -25.393441 5.047876 -37.722831 1.738429 -9.914931 28.035637 -7.654787 0.280019 0.248540 5.946618 -1.498330 7.808213 32.875463 -6.837314 36.321030 -32.145794 -12.996491 31.605639 -0.928277 4.095161 0.685507 -27.166395 -30.444857 17.484011 4.100569 1.800860 -4.061536 -14.167814 2.142710 18.499264 2.637816 7.142906 -0.454397 -5.843930 1.538558 -7.987138 -20.230460 -7.384240 -1.886259 -7.587129 -46.296764 2.208835 -7.650416 6.550323 -11.056612 16.208857 -38.615696 -13.990803 18.522788 -12.920368 11.366738 -13.015267 -16.375425 10.512947 -3.597167 0.935798 -3.417054 
-43.988670 106.090446 5.216425 21.175038 49.569299 18.660674 3.589936 12.984392 -0.226491 -11.822444 4.408001 -21.230238 2.453308 20.526615 4.983854 -7.978207 10.612098 0.291283 2.650913 14.325842 2.568606 -2.244415 -0.857415 9.033474 3.627618 16.470512 2.780684 -4.195071 2.594174 -8.705718 0.583366 9.831766 3.243557 -3.612454 2.814366 7.109391 3.210499 11.715570 7.124537 -0.152286 16.941813 4.756259 9.548369 -4.497193 13.840913 1.187366 23.460658 -14.344330 -25.865732 -12.449498 17.301159 -34.357426 -11.120479 -24.562994 -23.009893 -13.484968 13.387569 1.938811 3.212081 3.197260 -1.891909 13.961267 0.972739 1.774934 -1.204490 -8.964675 -7.751135 5.023981 -14.596470 11.344432 -10.821011 0.837246 -30.823261 3.006718 12.418894 -24.675990 6.804004 -36.015608 1.736945 -9.918563 28.033863 -8.032417 0.145939 0.203696 5.942096 -1.511290 7.809535 32.478888 -5.286312 35.664601 -32.146709 -12.990268 31.613354 -0.708858 4.512670 0.971440 -27.166651 -30.433558 17.475073 4.125331 2.502922 -4.477739 -14.167243 2.149447 18.508997 3.132441 6.520916 -0.733318 -5.846193 1.532760 -7.986142 -20.541005 -7.483756 -1.188352 -7.587111 -46.295551 2.225192 -8.126130 6.828539 -10.631043 16.230030 -38.627735 -13.987523 18.061354 -12.867374 11.356431 -13.017088 -16.375027 10.512594 -3.418657 0.980969 -3.680245 
-42.655720 105.971230 4.249223 19.674124 48.493271 17.617845 3.588490 12.990254 -0.237010 -10.683125 3.985874 -20.090885 2.460085 20.527843 4.983976 -7.399397 10.063132 0.219017 2.645632 14.338245 2.566699 -1.490031 -0.217472 9.338406 3.626518 16.477774 2.777016 -3.401601 2.127531 -8.664144 0.579279 9.829000 3.246292 -3.011427 2.868392 6.673896 3.201131 11.712029 7.125166 -0.472200 16.800252 5.140184 9.554452 -4.504659 13.828089 1.850112 23.762752 -13.897598 -25.859631 -12.445447 17.317610 -35.117315 -11.427949 -24.894492 -23.001997 -13.486144 13.391269 1.805109 3.194627 3.306816 -1.888818 13.955203 0.973057 3.151884 -0.490880 -8.311419 -7.766290 5.023099 -14.611740 12.447858 -10.084890 0.528202 -30.837580 3.007299 12.413109 -22.950431 8.818897 -33.169758 1.732440 -9.921913 28.031788 -8.272174 -0.469494 0.017952 5.935749 -1.513111 7.811375 31.789343 -4.480725 34.515026 -32.151733 -12.988389 31.622053 -0.269319 4.832041 1.372635 -27.171291 -30.429695 17.466177 3.817971 3.223034 -4.446834 -14.165904 2.142567 18.508450 3.849437 6.158140 -0.629749 -5.849059 1.525755 -7.987885 -20.726149 -7.204336 -0.177606 -7.587628 -46.288891 2.245887 -8.351504 6.950565 -10.429414 16.255930 -38.649239 -13.993384 17.650112 -12.966989 11.119930 -13.025261 -16.371759 10.511524 -3.483126 1.284678 -3.705190 
-40.632446 105.936600 3.451772 18.448636 45.830545 16.708033 3.583875 12.997018 -0.233669 -9.945504 3.823790 -19.415301 2.467663 20.526930 4.984221 -6.814890 9.236467 0.235116 2.643413 14.353298 2.565288 -0.699489 0.252445 9.172756 3.621288 16.485277 2.769459 -3.019736 1.771629 -8.015403 0.578215 9.823944 3.249806 -2.513891 2.741302 6.468434 3.198768 11.704634 7.124764 -0.526441 16.688824 5.756686 9.569585 -4.519351 13.828400 2.810623 23.625314 -13.281643 -25.867992 -12.435534 17.337111 -35.102914 -12.075448 -25.846691 -22.995647 -13.492297 13.400489 1.183789 2.912227 2.900577 -1.892979 13.943892 0.959707 4.022130 0.073815 -8.230335 -7.778475 5.029214 -14.626451 13.548678 -9.275761 0.206074 -30.847013 3.004317 12.414310 -21.185228 10.356246 -30.257031 1.728359 -9.922250 28.035912 -8.475904 -0.287456 0.373932 5.935540 -1.515882 7.815892 31.225651 -4.268946 34.022511 -32.154343 -12.986999 31.632385 0.002961 4.940014 0.860779 -27.178976 -30.425249 17.466341 3.623962 2.974468 -4.197918 -14.168410 2.146495 18.516487 4.022100 5.817776 -1.004133 -5.847914 1.516235 -7.990943 -20.353673 -6.667796 -0.117160 -7.579869 -46.283119 2.257126 -8.327727 6.641644 -10.397623 16.273960 -38.670120 -13.992175 17.041798 -13.277283 11.120039 -13.033793 -16.374355 10.506365 -3.524098 1.532323 -3.219424 
-38.186310 105.977272 2.843051 16.529001 42.346428 15.412315 3.582512 13.007503 -0.235758 -9.759964 3.248090 -18.391034 2.474197 20.530302 4.979457 -6.252799 8.489362 0.270770 2.651280 14.370715 2.569812 0.055089 0.512034 8.698443 3.616080 16.488287 2.771640 -2.217878 1.641578 -7.281068 0.569512 9.823363 3.248410 -2.154815 2.578744 5.976687 3.188123 11.702637 7.127090 -0.623288 17.005291 6.004892 9.576944 -4.534185 13.827088 4.516351 23.420685 -11.743537 -25.867054 -12.424647 17.352627 -35.534694 -12.459239 -26.157584 -22.996067 -13.497694 13.411126 0.775723 2.875562 2.918353 -1.892692 13.945502 0.959288 4.890305 0.369989 -7.802943 -7.791253 5.032101 -14.640244 14.302657 -9.458314 -0.206584 -30.850574 3.002959 12.410227 -19.541347 11.346755 -27.791422 1.722119 -9.918482 28.035501 -8.766256 -0.002027 0.359163 5.937814 -1.520804 7.818092 30.964714 -4.094316 33.674796 -32.160198 -12.990422 31.640467 -0.036659 4.667123 0.334780 -27.195021 -30.425097 17.464636 3.466573 2.606411 -4.184965 -14.169007 2.151310 18.519485 4.327762 6.141361 -0.764775 -5.846093 1.510057 -7.994361 -19.835996 -6.696040 -0.544656 -7.582748 -46.276119 2.262711 -7.562644 5.983466 -10.529672 16.287945 -38.686340 -13.992891 16.401501 -13.795169 11.090798 -13.048729 -16.380255 10.506989 -2.912887 1.865093 -2.957947 
-35.513508 106.111183 2.375635 17.214496 39.646755 15.932166 3.577534 13.018992 -0.228580 -9.328355 2.672006 -17.644699 2.480057 20.527100 4.970257 -5.436319 7.862023 0.382312 2.659466 14.379758 2.566761 0.876197 0.471379 8.438700 3.612060 16.485992 2.780510 -1.814093 1.697804 -6.375121 0.571249 9.825247 3.248641 -1.465623 2.339032 5.562513 3.179200 11.702301 7.139949 -0.874431 16.883686 6.079305 9.586123 -4.542006 13.829735 6.347427 22.769202 -10.333146 -25.876343 -12.403335 17.368538 -35.298469 -12.949239 -26.159322 -22.988792 -13.496634 13.414644 0.531473 2.754766 2.726247 -1.896913 13.944750 0.958234 5.300595 0.469761 -7.970698 -7.807271 5.035223 -14.650384 14.435007 -9.772289 -0.092770 -30.863661 3.004628 12.403744 -17.722507 12.130267 -25.364649 1.712885 -9.911835 28.034750 -8.598484 -0.183331 0.090513 5.937926 -1.523039 7.814399 30.534979 -4.633339 33.401466 -32.163059 -12.996939 31.642046 -0.256121 4.364946 -0.407422 -27.195637 -30.421537 17.469948 3.232635 1.999746 -3.669202 -14.170424 2.148040 18.527845 4.314201 6.184697 -0.902589 -5.838987 1.505165 -8.000595 -18.879802 -6.021212 -1.204649 -7.589336 -46.271347 2.265795 -6.913235 5.206724 -10.981485 16.297781 -38.708775 -13.994299 15.700655 -14.176787 11.209290 -13.057203 -16.385025 10.501689 -2.555888 2.065074 -2.522193 
-32.735531 106.302322 2.010566 16.378063 35.477061 15.527190 3.576178 13.030101 -0.218750 -9.669377 1.998215 -17.438571 2.483790 20.527788 4.962129 -4.927623 6.942086 0.195964 2.665017 14.384712 2.570947 1.447879 0.603058 7.450958 3.601997 16.489933 2.794201 -1.432575 1.664056 -5.627278 0.566541 9.832313 3.240311 -0.931032 2.502037 4.912719 3.174492 11.697188 7.143473 -1.027231 17.093993 5.856732 9.594521 -4.561170 13.834141 8.138511 21.914850 -8.538414 -25.885983 -12.382224 17.372322 -35.128431 -13.316914 -26.212108 -22.992184 -13.503272 13.415304 -0.164704 2.386647 2.854248 -1.905157 13.947932 0.954354 5.714451 0.268163 -7.963988 -7.812785 5.035033 -14.651862 14.670481 -10.452277 -0.170559 -30.875502 3.001407 12.404418 -15.786218 12.757657 -22.728646 1.708120 -9.900846 28.025297 -8.076032 0.130834 0.076897 5.950368 -1.524254 7.812765 30.478210 -5.384671 33.357852 -32.168716 -13.007033 31.646152 -0.841022 3.556025 -1.437782 -27.193090 -30.429621 17.481125 3.082821 0.597619 -3.706505 -14.172517 2.154301 18.532131 3.947149 6.615220 -1.173071 -5.840436 1.512547 -7.991252 -17.935899 -5.494493 -2.092478 -7.599792 -46.274502 2.259686 -6.086248 4.616213 -10.984512 16.298811 -38.720684 -13.993535 14.895517 -14.888533 10.801452 -13.069506 -16.392889 10.503564 -1.777761 2.458712 -2.056617 
-29.926813 106.532501 1.721525 16.277994 32.469244 16.037366 3.574684 13.042497 -0.203140 -9.906237 1.916938 -17.293846 2.491135 20.527033 4.951263 -4.242575 6.007597 0.265397 2.669181 14.390732 2.571312 1.415385 0.268812 7.095938 3.596856 16.482138 2.800118 -0.804148 1.521281 -4.949530 0.570340 9.836936 3.246789 -0.528004 2.090238 4.350320 3.167370 11.699829 7.152687 -1.342516 17.516782 5.585076 9.598397 -4.573980 13.833181 9.536199 21.324788 -7.261224 -25.893816 -12.356949 17.389391 -34.562093 -13.952103 -26.461700 -22.984039 -13.506711 13.416430 -0.736706 2.500073 2.520692 -1.910360 13.950662 0.952533 6.321500 -0.071467 -7.710972 -7.819185 5.032360 -14.658770 15.135882 -10.942923 -0.130924 -30.883955 3.003554 12.400937 -13.693702 13.183366 -19.896956 1.709431 -9.892954 28.029634 -7.517402 0.279493 0.199289 5.958355 -1.521158 7.817382 30.516035 -6.275354 32.974958 -32.168018 -13.010656 31.640104 -1.488914 2.660971 -2.797207 -27.182039 -30.420582 17.491291 3.121664 -0.367326 -3.486214 -14.178030 2.154740 18.537865 3.739297 7.082283 -1.359364 -5.840862 1.510585 -7.991458 -16.895557 -4.680626 -2.952655 -7.607041 -46.276466 2.253156 -6.049795 4.024957 -11.024234 16.293184 -38.733185 -13.994893 14.638156 -15.490451 10.753463 -13.072997 -16.402079 10.498865 -1.639609 2.457992 -1.861577 
-27.200157 106.767517 1.509429 16.251177 29.380878 15.743897 3.565112 13.058723 -0.189760 -10.200373 2.153536 -17.582369 2.488091 20.528399 4.935564 -4.026667 4.921731 0.282202 2.667571 14.380395 2.568620 1.426859 0.034873 6.023213 3.591333 16.480047 2.804865 -0.320628 1.785003 -4.402489 0.570448 9.837352 3.247197 -0.491158 1.686220 4.187446 3.169251 11.701834 7.153845 -2.262365 17.464643 5.337809 9.605484 -4.585019 13.836407 11.218710 20.605880 -6.068736 -25.901381 -12.335755 17.393385 -35.058473 -14.848273 -26.332396 -22.981001 -13.505190 13.417638 -1.342808 2.271643 2.239355 -1.905021 13.947641 0.950141 6.670323 -0.651624 -8.052152 -7.824630 5.031580 -14.663774 15.342285 -11.663169 -0.188847 -30.885450 3.011358 12.392709 -11.798476 13.403418 -17.390437 1.710931 -9.895651 28.026777 -7.087077 -0.075385 0.277956 5.967167 -1.523834 7.819838 31.049978 -6.668446 32.907513 -32.165684 -13.013863 31.632050 -2.692481 2.114541 -3.890322 -27.174265 -30.418398 17.496658 3.176576 -1.434033 -3.312787 -14.181303 2.155768 18.541565 3.498011 7.320376 -1.291656 -5.846048 1.515695 -7.981857 -15.879910 -4.089180 -3.898824 -7.620310 -46.278172 2.249955 -5.844434 3.573753 -11.165493 16.294312 -38.735050 -14.000489 14.289128 -15.859938 10.777600 -13.075795 -16.409445 10.502986 -1.102544 2.335844 -1.388439 
-24.660719 106.993958 1.361334 16.177972 27.062381 16.159903 3.565915 13.071197 -0.177278 -10.674169 1.792323 -17.854454 2.486840 20.537262 4.927789 -3.504491 4.280442 0.389159 2.664847 14.379918 2.566059 1.724633 -0.300202 5.743546 3.585509 16.481039 2.808271 0.165705 2.048040 -3.935049 0.568532 9.837472 3.250271 0.025036 1.179927 3.638469 3.167430 11.698115 7.162066 -2.392159 17.814878 5.260099 9.605976 -4.592022 13.838968 11.799639 19.866423 -5.114566 -25.910015 -12.315043 17.401466 -34.633806 -15.701567 -25.778450 -22.969616 -13.503881 13.417650 -1.638085 2.170090 1.885337 -1.911620 13.950724 0.946135 7.039921 -1.002196 -8.469204 -7.826922 5.026967 -14.661564 15.769800 -12.577162 -0.119889 -30.893715 3.014298 12.390949 -9.522280 13.676662 -14.549345 1.709986 -9.887668 28.021017 -6.600232 -0.638239 -0.029312 5.973528 -1.526114 7.819047 31.277260 -7.245992 32.737240 -32.171223 -13.018310 31.624182 -3.611876 1.473136 -4.869606 -27.161423 -30.414707 17.494619 2.964496 -2.217323 -3.053669 -14.186030 2.153199 18.543629 3.539464 7.408046 -1.658684 -5.851011 1.513821 -7.975299 -15.179732 -3.588796 -3.899525 -7.630948 -46.274246 2.238522 -5.617347 2.999758 -11.303548 16.290636 -38.745350 -14.010499 13.929402 -16.171014 10.796330 -13.080899 -16.416641 10.505977 -0.833192 2.358449 -1.090098 
-22.401199 107.204842 1.277439 15.750840 25.606864 15.690843 3.558870 13.078385 -0.170380 -10.801084 1.537910 -18.132165 2.482447 20.539825 4.920826 -3.466907 3.936453 0.360757 2.666842 14.374579 2.569488 1.796064 -0.456386 5.240517 3.577443 16.481415 2.809830 0.527717 2.451348 -3.377780 0.566547 9.832644 3.251630 0.037804 1.231287 3.316036 3.166729 11.697916 7.160717 -2.857202 18.371185 4.811870 9.608931 -4.596143 13.836287 12.804353 19.556527 -4.597144 -25.909130 -12.297566 17.402435 -34.967574 -16.486192 -26.309812 -22.965509 -13.505152 13.421390 -1.786975 2.106680 1.576931 -1.912250 13.948269 0.943077 7.370804 -1.446022 -8.695911 -7.825975 5.028917 -14.664762 16.097274 -13.385738 -0.428358 -30.897373 3.024790 12.382108 -8.055616 13.891076 -12.331314 1.716477 -9.883992 28.022312 -5.905795 -0.521037 0.237153 5.979644 -1.522296 7.824862 31.532938 -7.591182 32.660766 -32.167118 -13.024461 31.614601 -4.343334 0.936027 -5.646056 -27.157511 -30.414169 17.502127 3.055049 -3.067035 -3.250924 -14.188895 2.154813 18.541040 3.010888 7.344235 -2.127831 -5.858739 1.518462 -7.963878 -14.561982 -3.447207 -4.743385 -7.640674 -46.268593 2.233494 -5.521071 2.556695 -11.617096 16.289160 -38.742397 -14.023398 14.131352 -16.314902 10.591986 -13.079827 -16.417336 10.511905 -0.366356 2.214777 -1.140769 
-20.539473 107.387245 1.227244 15.499581 24.663499 15.933696 3.555187 13.091850 -0.161984 -10.808924 1.567968 -18.245271 2.476355 20.542955 4.915115 -3.056750 3.537664 0.438435 2.669567 14.376658 2.561957 2.144400 -0.310505 5.600067 3.572736 16.484129 2.812322 0.895384 2.628893 -2.825966 0.570080 9.828156 3.254333 0.449256 0.819600 3.421094 3.166556 11.700651 7.164564 -3.160679 18.721383 5.046763 9.613866 -4.600109 13.836581 13.257166 19.576058 -4.000633 -25.909218 -12.280031 17.409513 -35.176635 -17.163126 -26.401135 -22.955345 -13.503066 13.424114 -1.754816 1.807459 1.076108 -1.906749 13.946487 0.939013 8.049249 -1.425902 -8.873719 -7.831125 5.027665 -14.667094 16.459861 -14.281475 -0.801568 -30.899004 3.027058 12.376008 -6.425285 13.788881 -10.016865 1.716177 -9.878797 28.015945 -5.905919 -0.841834 0.333977 5.980710 -1.523430 7.825210 31.547503 -8.108416 32.624972 -32.165588 -13.026418 31.605192 -4.874803 0.442764 -6.162405 -27.148754 -30.411804 17.500576 2.940020 -3.109003 -3.340913 -14.187803 2.150217 18.540695 3.048092 7.306212 -2.062153 -5.854461 1.512207 -7.958887 -13.950536 -3.365408 -4.796014 -7.648551 -46.262573 2.234367 -6.035871 2.235714 -11.959239 16.290205 -38.740757 -14.034281 13.772821 -16.513316 10.464220 -13.077360 -16.415709 10.512000 -0.139031 2.175205 -1.030167 
-19.129259 107.528580 1.202319 15.257128 24.082689 15.557689 3.555877 13.098475 -0.163849 -10.765818 1.434859 -18.496166 2.479790 20.546782 4.915945 -3.261450 3.108864 0.452226 2.667575 14.373720 2.561257 2.400442 -0.232718 5.729070 3.562768 16.490297 2.808805 1.353177 2.733067 -2.661474 0.568844 9.829752 3.256567 0.512691 0.610638 2.985238 3.166547 11.698086 7.166232 -3.278741 19.251108 5.005658 9.612961 -4.600413 13.834414 13.725473 19.548512 -3.353174 -25.905149 -12.273963 17.410442 -35.408121 -17.661589 -26.879491 -22.954626 -13.507168 13.423957 -1.743894 1.595665 0.305854 -1.909270 13.940502 0.940254 8.141539 -1.548013 -9.037128 -7.828506 5.029687 -14.668984 17.046515 -15.148644 -1.175991 -30.898777 3.029211 12.372475 -5.231287 13.693061 -8.294711 1.723814 -9.876642 28.012306 -5.458545 -0.908341 0.535295 5.980029 -1.528426 7.826135 31.779839 -8.249975 32.360600 -32.170883 -13.028307 31.599703 -5.335451 0.042187 -6.306244 -27.147303 -30.407211 17.500837 3.097719 -3.815192 -3.405968 -14.190276 2.148021 18.542303 3.017320 7.479230 -2.216219 -5.860565 1.515222 -7.951910 -13.578217 -3.373806 -4.705633 -7.650392 -46.254257 2.229989 -6.033226 1.893787 -11.982575 16.290371 -38.745487 -14.044000 13.559380 -16.465569 10.507833 -13.081128 -16.417110 10.511156 -0.096208 2.114320 -1.258043 
-18.258060 107.644150 1.206936 15.211820 23.727766 15.700359 3.558546 13.101102 -0.159669 -10.769666 1.172542 -18.416994 2.476569 20.548216 4.911175 -3.077971 3.412236 0.528098 2.665400 14.372222 2.563433 2.196337 -0.273945 5.808006 3.556668 16.489319 2.809187 1.267371 3.159047 -2.626039 0.568831 9.829275 3.256190 0.728251 0.143764 3.214182 3.162007 11.701512 7.160722 -3.636203 19.724931 5.228786 9.615051 -4.600982 13.828056 14.050503 19.269880 -3.126841 -25.904438 -12.268378 17.411196 -36.134402 -18.072633 -26.827482 -22.947895 -13.500608 13.425420 -1.836219 1.629359 0.194304 -1.907337 13.940208 0.940833 8.305012 -1.731476 -9.156837 -7.831411 5.028895 -14.669263 16.930919 -15.379737 -1.097040 -30.899897 3.028361 12.364412 -4.666288 13.779995 -7.372099 1.722775 -9.878476 28.005320 -5.456681 -1.139915 0.578142 5.981988 -1.528867 7.826029 31.800828 -8.321202 32.551350 -32.172176 -13.032033 31.595665 -5.649460 0.066656 -6.598305 -27.144056 -30.405998 17.500229 3.168768 -3.815753 -3.620090 -14.188751 2.143553 18.538521 3.087034 7.475050 -2.194774 -5.860017 1.515569 -7.947560 -13.233444 -3.400650 -5.013847 -7.662954 -46.252468 2.231971 -6.347207 1.781122 -12.034004 16.291754 -38.741371 -14.048198 13.445948 -16.293666 10.269872 -13.082550 -16.415052 10.516065 -0.059438 2.182015 -1.283853 
-17.930386 107.713600 1.230911 15.375540 23.585999 15.796937 3.552798 13.104685 -0.160783 -10.890568 1.121048 -18.631641 2.475003 20.550856 4.910235 -3.217519 2.944360 0.379196 2.664314 14.369723 2.563919 2.384400 -0.220754 5.711214 3.556888 16.487518 2.808212 1.454586 3.221646 -2.567452 0.570236 9.824107 3.260347 0.755353 0.537615 3.147184 3.165220 11.699446 7.164842 -3.560464 19.904153 5.135351 9.611540 -4.601754 13.831673 13.831129 19.606061 -3.004291 -25.904543 -12.269184 17.410570 -35.748869 -18.338617 -26.852423 -22.945131 -13.497511 13.426990 -1.836905 1.650115 0.225554 -1.908393 13.936391 0.939424 8.481089 -1.885212 -9.384946 -7.828535 5.032315 -14.670604 16.887822 -15.474864 -0.831906 -30.903687 3.032795 12.365890 -4.102495 13.680284 -6.845979 1.725738 -9.873407 28.010525 -5.340710 -1.097532 0.623148 5.984720 -1.532230 7.833356 32.078277 -8.416594 32.865074 -32.169743 -13.028801 31.592180 -5.771915 -0.154332 -6.856136 -27.142506 -30.404686 17.498537 2.918682 -3.813779 -3.537912 -14.188926 2.145080 18.538797 2.954472 7.265097 -2.300876 -5.862508 1.514550 -7.949280 -13.081323 -3.166809 -5.014127 -7.655759 -46.251408 2.228457 -6.629946 1.656061 -12.336837 16.294029 -38.737907 -14.048097 13.553471 -16.123930 10.558956 -13.086107 -16.414076 10.513152 -0.030938 2.242861 -1.213467 
-18.200197 107.748787 1.273569 15.500957 23.407289 15.756408 3.555591 13.102520 -0.158771 -10.919283 1.114212 -18.592460 2.473416 20.547379 4.906972 -3.057504 3.157200 0.388846 2.666344 14.368346 2.565127 2.276254 -0.094391 5.511339 3.559700 16.488184 2.811128 1.046672 3.188448 -2.294400 0.571778 9.820962 3.258475 0.660293 0.309220 3.110551 3.164953 11.696235 7.161849 -3.689105 19.731221 5.102670 9.614519 -4.599869 13.831862 13.886913 19.540878 -2.989741 -25.905386 -12.268596 17.410484 -35.908558 -18.214231 -26.767342 -22.948906 -13.498815 13.427072 -1.734717 1.617488 0.311265 -1.904836 13.937483 0.935757 8.198261 -1.961355 -9.313794 -7.831362 5.029737 -14.666430 17.138473 -15.737097 -1.013019 -30.900955 3.033758 12.363703 -4.426827 13.642225 -7.150420 1.721599 -9.873408 28.008148 -5.261248 -1.011295 0.591200 5.983591 -1.525727 7.827102 31.916036 -8.635352 32.802369 -32.165844 -13.029640 31.590862 -5.811786 -0.120539 -6.805618 -27.145729 -30.408197 17.500820 3.064143 -3.971350 -3.727335 -14.186485 2.145945 18.538858 3.123409 7.565828 -2.265918 -5.860045 1.513465 -7.946374 -13.320422 -3.275199 -5.079064 -7.656924 -46.253685 2.229159 -6.496297 1.643404 -12.326517 16.291943 -38.741322 -14.049092 13.565199 -16.333711 10.516482 -13.081413 -16.416937 10.514156 0.114346 2.191383 -1.127630 
-19.020775 107.724442 1.329587 15.660360 23.683669 15.451380 3.559846 13.101233 -0.163425 -10.839095 1.373935 -18.462985 2.478092 20.547503 4.909108 -3.290966 3.466588 0.294032 2.664996 14.371273 2.560557 2.109067 -0.246020 5.525678 3.562378 16.483404 2.811657 1.011214 3.146384 -2.699992 0.572126 9.828626 3.254137 0.744454 0.560323 3.248299 3.170615 11.704075 7.160873 -3.731414 19.536730 5.251766 9.616480 -4.601294 13.827816 14.053302 19.607718 -2.887729 -25.907425 -12.274364 17.410149 -35.892333 -17.813709 -26.666409 -22.949238 -13.501677 13.424946 -2.013819 1.690143 0.398493 -1.904197 13.941971 0.941238 8.181949 -1.957814 -8.984280 -7.833472 5.031384 -14.666194 16.927516 -15.433540 -0.951590 -30.903479 3.029917 12.369175 -5.107329 13.738880 -8.171655 1.724406 -9.877774 28.009220 -5.557766 -1.043620 0.388398 5.983523 -1.530209 7.827788 32.004108 -8.477015 32.687605 -32.167912 -13.030293 31.594545 -5.483232 0.005281 -6.409050 -27.149485 -30.407568 17.501499 2.911562 -3.466023 -3.477713 -14.186067 2.145211 18.541208 3.429357 7.151574 -1.835070 -5.860219 1.514875 -7.949435 -13.455841 -3.426629 -4.924572 -7.657684 -46.256596 2.231734 -6.576308 1.918427 -12.186654 16.292685 -38.741947 -14.045145 13.416649 -16.400058 10.527063 -13.083595 -16.412355 10.515801 -0.078731 2.203818 -1.128554 
-20.398140 107.642700 1.401208 15.337115 24.212904 15.544365 3.562582 13.095043 -0.165091 -10.960362 1.264685 -18.496171 2.476288 20.547035 4.912245 -3.524528 3.629180 0.451076 2.667395 14.372672 2.568314 2.082591 -0.385431 5.520260 3.569962 16.487459 2.808039 1.234324 2.763892 -2.923962 0.575480 9.831379 3.250029 0.320269 1.087683 3.255431 3.168961 11.697865 7.164376 -3.153212 19.255835 5.114677 9.608573 -4.599957 13.835686 13.433509 19.727323 -3.598594 -25.907721 -12.276978 17.400923 -35.761050 -17.269269 -26.537802 -22.957907 -13.504567 13.421116 -1.715735 1.805827 0.792184 -1.906548 13.942355 0.938420 7.929155 -1.836918 -8.818771 -7.831701 5.024459 -14.660962 16.508827 -14.889165 -0.884184 -30.898417 3.028166 12.370179 -6.459510 13.918670 -9.770458 1.720427 -9.879988 28.014978 -5.994948 -0.814980 0.255170 5.982818 -1.526428 7.827649 32.131505 -8.441572 32.847155 -32.168289 -13.025631 31.598129 -5.046996 0.015478 -5.988040 -27.148767 -30.412533 17.502861 2.978816 -3.426292 -3.412550 -14.187585 2.145769 18.541592 3.120324 7.666736 -2.120519 -5.862883 1.515311 -7.953228 -13.722717 -3.753342 -4.979169 -7.650441 -46.263275 2.235677 -6.345069 2.245545 -11.945854 16.290323 -38.737038 -14.036484 13.940186 -16.348642 10.391288 -13.080484 -16.413433 10.516524 -0.199907 2.330326 -1.119209 
-22.272209 107.511841 1.474314 15.740806 24.919675 15.547966 3.562865 13.082982 -0.170309 -11.156537 1.497389 -18.570502 2.482621 20.541639 4.919266 -3.377528 4.200342 0.392232 2.672580 14.374210 2.568261 1.863285 -0.364750 5.279595 3.575780 16.476652 2.812219 0.615142 2.731817 -2.937854 0.567906 9.832148 3.250406 0.039954 1.282821 3.585639 3.172404 11.697777 7.161891 -2.735682 18.757465 5.166415 9.607090 -4.599592 13.836064 12.805776 19.881340 -4.425157 -25.906553 -12.296340 17.400488 -35.134565 -16.798222 -26.442763 -22.965166 -13.502369 13.420185 -1.683079 1.831271 1.441679 -1.909141 13.946892 0.942631 7.396069 -1.502660 -8.679683 -7.826945 5.023613 -14.662996 15.725476 -13.952592 -0.303331 -30.897778 3.023371 12.382842 -7.776718 13.983345 -12.028066 1.716946 -9.881457 28.015846 -6.256878 -0.412561 0.407471 5.984165 -1.522855 7.826129 31.823586 -8.170934 33.107341 -32.167583 -13.025742 31.608330 -4.785335 0.496053 -5.873752 -27.155750 -30.416067 17.501991 2.913265 -2.598104 -3.462067 -14.186847 2.153481 18.538769 3.168414 7.473058 -1.909554 -5.851517 1.516990 -7.963801 -14.251082 -3.752457 -4.991953 -7.639735 -46.269863 2.232834 -6.457987 2.355366 -11.543003 16.287039 -38.739182 -14.023387 14.282924 -16.251235 10.677200 -13.080952 -16.416962 10.513327 -0.305027 2.081053 -0.994848 
-24.533714 107.293465 1.560118 16.456096 26.726392 15.531208 3.566366 13.077053 -0.180653 -10.753216 1.713907 -17.945863 2.489114 20.535082 4.927713 -3.805181 4.456238 0.348845 2.669513 14.379698 2.567535 1.552271 -0.147347 5.633676 3.581946 16.478611 2.807068 0.183235 2.227210 -3.581053 0.566716 9.836994 3.247674 0.010284 1.515768 3.928493 3.173609 11.698669 7.158816 -2.686469 18.101316 5.334930 9.607065 -4.592564 13.836533 12.175804 20.256239 -4.611973 -25.905058 -12.313976 17.398842 -34.821056 -15.880494 -26.520960 -22.971329 -13.508001 13.420647 -1.662239 1.870345 1.708186 -1.907499 13.950816 0.943233 7.067810 -1.353434 -8.369099 -7.825373 5.030151 -14.662722 15.629609 -13.099365 -0.362198 -30.894661 3.020621 12.391736 -9.619531 13.886535 -14.546380 1.717118 -9.885886 28.024858 -6.503743 -0.107245 0.079212 5.975201 -1.525273 7.821640 31.504248 -7.723124 33.186216 -32.168808 -13.024443 31.620102 -3.930684 1.058281 -5.147890 -27.165869 -30.415867 17.495417 3.069092 -2.200726 -3.377944 -14.185607 2.152742 18.543669 3.421949 7.278499 -1.395422 -5.843018 1.514470 -7.974508 -14.923151 -3.824645 -4.376747 -7.630390 -46.276913 2.245533 -6.382936 2.968609 -11.712286 16.286074 -38.737095 -14.009367 14.358111 -16.276080 10.895402 -13.082579 -16.411182 10.506360 -0.839651 2.463142 -1.047444 
-27.050570 106.996246 1.660455 16.338378 28.946557 15.722127 3.568661 13.057731 -0.184002 -10.368982 1.862778 -17.882127 2.487755 20.534203 4.937206 -3.889619 5.200641 0.372961 2.673085 14.383422 2.567651 1.666662 -0.342616 6.027628 3.589331 16.478228 2.809066 -0.249817 1.991853 -4.015241 0.567558 9.839723 3.246489 -0.313810 1.655784 4.179772 3.165041 11.698046 7.158691 -1.967873 17.920804 5.264802 9.602834 -4.582965 13.834676 11.205381 20.820162 -5.830333 -25.900295 -12.333055 17.389616 -35.042648 -15.152030 -26.289839 -22.978178 -13.509956 13.415998 -1.059060 2.132889 2.314804 -1.907970 13.949325 0.947945 6.572741 -0.774746 -8.330783 -7.819349 5.028429 -14.659386 14.995962 -12.056410 -0.165965 -30.885735 3.011256 12.394749 -11.705578 13.923203 -17.190360 1.711210 -9.887265 28.024483 -7.082918 0.130924 -0.069391 5.966942 -1.521828 7.822637 31.259488 -7.384836 33.361414 -32.167984 -13.019105 31.629009 -3.035170 1.970551 -4.156273 -27.171028 -30.420506 17.495783 2.961474 -1.387592 -3.465415 -14.184591 2.152771 18.535900 3.531412 7.281440 -1.685409 -5.843812 1.509978 -7.980078 -15.596384 -4.484256 -4.162058 -7.620079 -46.277996 2.241570 -6.346444 3.349575 -11.164974 16.286362 -38.736031 -13.999133 14.569840 -15.673713 10.954321 -13.078596 -16.408915 10.503687 -1.143813 2.455633 -1.605889 
-29.591835 106.630028 1.749097 16.360132 31.713893 15.647526 3.568968 13.047734 -0.200864 -10.251876 1.639531 -17.315817 2.485253 20.528236 4.951799 -4.284560 5.814060 0.219342 2.668583 14.387784 2.566850 1.725693 0.364124 6.674570 3.596859 16.484091 2.802640 -0.606011 2.015444 -4.511099 0.565342 9.835225 3.245235 -0.651149 1.980599 4.622629 3.169012 11.701941 7.156582 -1.541731 17.374915 5.805909 9.601634 -4.575060 13.837305 9.856564 21.440971 -6.964914 -25.895191 -12.353391 17.385151 -34.809267 -14.136005 -26.289731 -22.984072 -13.504905 13.415568 -0.648792 2.261283 2.775355 -1.911668 13.946634 0.950717 6.346256 -0.373487 -8.177797 -7.815240 5.034738 -14.656854 14.927372 -11.154326 -0.001196 -30.883366 3.007684 12.399356 -13.436125 13.232451 -19.587181 1.708732 -9.889158 28.027830 -7.546790 -0.004981 0.061388 5.960363 -1.522249 7.819997 30.733713 -6.687778 33.359491 -32.165413 -13.013764 31.637274 -1.845342 2.636702 -3.109799 -27.182734 -30.425097 17.487694 2.780847 -0.446303 -3.459122 -14.177979 2.153092 18.534355 3.771098 6.895612 -1.413928 -5.843254 1.507532 -7.990775 -16.871896 -4.916047 -3.118703 -7.608161 -46.273232 2.251802 -6.012402 3.824204 -11.185578 16.294514 -38.730679 -13.998849 14.552647 -15.075679 10.741749 -13.072690 -16.400312 10.498822 -1.489047 2.505689 -1.633394 
-31.943472 106.233719 1.823852 16.285092 34.965139 15.682036 3.571053 13.031774 -0.213474 -9.564035 1.981198 -17.247623 2.486801 20.523623 4.960510 -4.888948 6.407973 0.164138 2.664850 14.385652 2.572137 1.744724 0.563326 7.235242 3.601779 16.487017 2.797969 -1.081732 1.540982 -5.312650 0.566202 9.831260 3.245549 -0.830052 2.317169 4.676019 3.170552 11.700319 7.146274 -1.274003 17.183791 5.763706 9.595840 -4.565341 13.833612 8.394413 21.870522 -8.350433 -25.887403 -12.371318 17.378962 -35.091757 -13.418031 -26.283913 -22.993420 -13.499665 13.415571 -0.251533 2.300084 2.809222 -1.907472 13.944180 0.952366 6.014630 0.446415 -8.074516 -7.813765 5.036057 -14.654964 14.791251 -10.409717 -0.011105 -30.873608 3.001899 12.401239 -14.827190 12.694853 -21.868850 1.707083 -9.897177 28.024895 -7.903132 0.069606 0.099401 5.952685 -1.520527 7.818177 30.339779 -5.519633 32.979661 -32.162807 -13.004824 31.643602 -0.820903 3.613355 -1.785783 -27.189451 -30.424026 17.481380 3.086248 0.195558 -3.562823 -14.169149 2.154840 18.533552 3.828324 6.655542 -1.275732 -5.843074 1.506683 -7.990992 -17.687625 -5.040844 -2.217703 -7.594674 -46.272255 2.256877 -5.680993 4.540967 -11.059943 16.295347 -38.725731 -13.993443 14.781566 -14.965057 10.708724 -13.071970 -16.395597 10.499571 -1.610075 2.317331 -1.841686 
-33.972637 105.844208 1.880276 15.672182 37.746672 15.280989 3.574513 13.018310 -0.222017 -9.029672 2.055081 -17.023367 2.486634 20.522461 4.966918 -5.042763 6.844528 0.109199 2.656764 14.390851 2.563766 1.617196 0.623729 7.996335 3.605846 16.488804 2.789431 -1.603081 1.275711 -6.059438 0.568664 9.830039 3.251230 -0.865081 2.059735 5.265094 3.167040 11.704399 7.136107 -1.275036 17.061307 6.053531 9.594869 -4.555838 13.827897 7.177626 22.560542 -9.499083 -25.882908 -12.389998 17.380653 -35.402346 -12.562987 -26.196733 -22.989784 -13.504052 13.418570 0.082604 2.725372 3.071507 -1.906029 13.945400 0.954549 6.394686 0.836755 -8.109172 -7.812987 5.039429 -14.653014 15.110183 -10.065759 -0.295462 -30.868233 2.994439 12.405755 -16.310487 12.167772 -23.589093 1.708180 -9.901972 28.024342 -8.517751 -0.206248 0.039860 5.944853 -1.519703 7.820778 29.883758 -4.954393 32.792370 -32.163994 -13.001603 31.647467 0.470756 4.320246 -0.507353 -27.194500 -30.422251 17.476887 3.037376 1.660588 -3.725152 -14.169828 2.154437 18.526749 4.036735 6.161345 -0.813651 -5.845889 1.503288 -7.991568 -18.667402 -5.686614 -1.417922 -7.590942 -46.265804 2.263927 -5.812441 5.245245 -10.824709 16.296480 -38.715118 -13.995841 15.153113 -14.535116 10.273602 -13.062652 -16.388199 10.502708 -2.072791 2.414056 -2.547494 
-35.608780 105.503471 1.928577 15.661842 40.368884 15.470390 3.571725 13.014972 -0.231834 -8.649416 2.465761 -16.899604 2.479921 20.521442 4.970224 -5.381196 7.624707 -0.070553 2.651941 14.389265 2.563594 1.445032 0.762714 8.115953 3.607415 16.489782 2.783664 -1.931297 1.075478 -6.672786 0.566590 9.827774 3.248219 -0.986434 2.090012 5.305185 3.172643 11.707022 7.131718 -0.988850 16.647997 6.097852 9.591314 -4.551085 13.828697 6.368225 22.788337 -10.365077 -25.877573 -12.401175 17.376339 -35.419093 -12.444419 -26.705976 -22.993212 -13.501901 13.415549 0.244341 2.711724 3.090994 -1.902956 13.944931 0.956770 6.325616 1.456492 -8.069396 -7.810866 5.041736 -14.648759 15.398983 -9.564914 -0.538802 -30.858469 2.991260 12.411031 -17.260269 11.763359 -25.059308 1.711260 -9.910326 28.024616 -8.367376 -0.331142 0.337209 5.937888 -1.522375 7.817454 29.729542 -3.893335 32.325339 -32.161499 -12.995424 31.648703 0.926124 4.665261 0.201971 -27.198641 -30.419617 17.474367 3.143583 2.211586 -4.133320 -14.166436 2.154955 18.524700 3.964377 5.818977 -0.986534 -5.848640 1.506076 -7.991845 -19.501747 -5.636966 -0.891275 -7.583873 -46.262234 2.259688 -5.291560 5.480921 -10.304694 16.301029 -38.710045 -13.996625 15.442368 -14.098832 10.166391 -13.065180 -16.382751 10.502057 -2.262075 2.174735 -2.672643 
-36.861530 105.248978 1.981986 15.627526 41.803732 15.585445 3.569525 13.010107 -0.234079 -8.578415 2.758038 -17.095677 2.473755 20.521839 4.974571 -5.891161 7.977695 0.005859 2.643770 14.383681 2.561125 1.422762 0.781203 8.232772 3.605509 16.492199 2.779122 -2.109884 0.876864 -6.970253 0.569314 9.824890 3.252081 -1.041717 2.189938 5.493896 3.179217 11.704822 7.128631 -0.833997 16.573580 6.288973 9.584400 -4.548532 13.824597 5.563089 23.052126 -11.376297 -25.874805 -12.404924 17.371643 -35.194001 -12.112407 -26.584027 -22.995407 -13.491112 13.414573 0.343822 2.795283 3.063556 -1.899018 13.942292 0.955812 6.525852 1.463201 -8.011269 -7.805800 5.044052 -14.646922 15.710519 -9.254532 -0.422373 -30.857561 2.993499 12.407270 -17.689548 11.305205 -25.828676 1.714995 -9.912943 28.029585 -8.081755 -0.352649 0.396016 5.940080 -1.516829 7.819739 29.769239 -3.346472 32.061144 -32.162094 -12.990019 31.640781 1.594281 5.095899 1.008558 -27.200245 -30.420177 17.474712 2.927294 2.885875 -4.534873 -14.168252 2.150215 18.521145 3.820256 5.487319 -0.823256 -5.854514 1.506360 -7.992646 -20.054158 -5.810614 -0.586344 -7.581266 -46.264057 2.264275 -5.153664 5.968726 -10.118014 16.301600 -38.709023 -13.998057 15.308438 -13.784838 10.139609 -13.062665 -16.379904 10.502913 -2.458021 1.984643 -2.903100 
-37.846958 105.119240 2.072905 16.429130 43.318856 16.057705 3.573524 13.005704 -0.240171 -8.427595 2.767086 -17.436775 2.477694 20.524134 4.973728 -5.869086 8.168006 -0.111478 2.641271 14.382271 2.560428 1.065890 0.671603 8.598422 3.609943 16.491371 2.779881 -2.478767 0.686523 -7.481060 0.568811 9.823706 3.253786 -1.230234 2.134634 5.548769 3.180382 11.704208 7.125504 -0.969770 16.529010 6.199021 9.579723 -4.541093 13.825016 4.727085 23.542011 -11.604710 -25.873137 -12.410709 17.373184 -35.760702 -11.779803 -26.370309 -22.989147 -13.491874 13.415642 0.288146 2.940777 3.017096 -1.889707 13.942174 0.956729 6.659145 1.591908 -7.974267 -7.803936 5.040234 -14.640747 15.924663 -9.320052 -0.396342 -30.851921 2.993917 12.415127 -18.208084 11.132183 -26.478803 1.715187 -9.914215 28.023354 -8.232631 -0.319391 0.419647 5.934176 -1.518388 7.817186 29.674775 -3.521557 32.027119 -32.158459 -12.988748 31.636894 1.761046 5.108399 1.413326 -27.194672 -30.413904 17.469122 2.661320 3.210883 -4.784677 -14.165832 2.151741 18.519821 4.037555 5.268911 -0.974114 -5.852427 1.512590 -7.987959 -20.297980 -5.975506 -0.357803 -7.578693 -46.263908 2.264245 -5.224053 6.248782 -9.881183 16.295784 -38.700634 -13.998715 16.038029 -13.663987 10.062271 -13.054517 -16.374346 10.504448 -2.709579 1.949691 -2.987931 
-38.668053 105.119728 2.242475 16.491265 44.411789 16.134176 3.569267 13.005157 -0.243240 -8.263145 2.961466 -17.365076 2.470802 20.521984 4.978747 -6.040056 8.303797 -0.206217 2.641479 14.377742 2.556929 0.924209 0.754337 8.866786 3.608444 16.492714 2.774061 -2.467257 0.846313 -7.468734 0.570704 9.825691 3.251203 -1.253028 2.419346 5.832320 3.184351 11.708158 7.121958 -0.803778 16.580042 6.229278 9.582405 -4.539742 13.825355 4.287837 23.546797 -12.570390 -25.872564 -12.414035 17.368486 -35.523660 -11.579042 -26.803066 -22.988796 -13.488400 13.410788 0.689575 2.627577 3.241623 -1.894150 13.940872 0.957849 6.243176 1.461570 -8.031344 -7.797636 5.040953 -14.637859 15.577276 -9.548925 -0.462224 -30.855606 2.995470 12.410312 -18.568291 10.889821 -27.065828 1.717984 -9.918403 28.028330 -8.347911 -0.711964 0.308293 5.933204 -1.515587 7.818124 29.822324 -3.199112 32.088717 -32.163174 -12.981544 31.637325 1.990701 5.311889 1.428906 -27.192068 -30.416428 17.468689 2.765814 3.670804 -4.602037 -14.168082 2.150180 18.518059 3.726096 5.310045 -1.149380 -5.852862 1.511931 -7.984642 -20.578496 -6.192416 -0.043394 -7.578163 -46.268269 2.265838 -5.555599 6.344761 -10.055754 16.300749 -38.692806 -14.000521 16.092559 -13.628667 9.945931 -13.052523 -16.368996 10.507379 -2.859193 1.935701 -3.108611 
-39.461231 105.251297 2.522562 16.863039 45.398796 16.336242 3.573299 13.002568 -0.242821 -8.615645 3.142297 -17.803267 2.470738 20.523659 4.982234 -6.443699 8.828859 -0.194144 2.642228 14.371529 2.557367 0.457782 0.776147 8.933957 3.615404 16.493896 2.772647 -2.491997 1.002179 -7.754602 0.568645 9.825047 3.252327 -1.782021 2.470419 5.906184 3.190499 11.709360 7.120472 -0.791851 16.594240 6.080850 9.577600 -4.531453 13.823209 3.903873 23.837548 -12.484390 -25.865580 -12.421149 17.360044 -35.973404 -11.577632 -26.275576 -22.993423 -13.491568 13.409818 0.770734 2.827994 3.067045 -1.885109 13.943913 0.961260 6.072303 1.337060 -7.786567 -7.795745 5.038447 -14.632611 15.355606 -9.157528 -0.597446 -30.846094 2.994216 12.411183 -19.528908 10.859595 -27.986989 1.723248 -9.918953 28.028111 -8.367973 -0.433528 0.321256 5.934249 -1.515448 7.819127 30.205641 -3.389761 32.519729 -32.157497 -12.982805 31.636307 1.360399 5.320737 1.427229 -27.188469 -30.413568 17.467060 2.846049 3.516056 -4.852127 -14.165383 2.151266 18.519579 4.112353 5.540393 -0.980707 -5.852951 1.512945 -7.983622 -20.747769 -6.520873 -0.090867 -7.576902 -46.269325 2.264706 -6.117819 6.356236 -9.843088 16.293825 -38.687634 -13.997937 16.446518 -13.531260 10.129045 -13.044562 -16.369965 10.507168 -2.997736 1.528843 -3.273162 
-40.297588 105.483368 2.970585 17.787303 45.987500 16.534221 3.576438 12.994402 -0.243245 -9.024460 3.162784 -18.286554 2.466394 20.518154 4.981877 -6.789215 8.949159 0.054763 2.642279 14.357382 2.559567 -0.177486 0.256874 8.734188 3.611913 16.487770 2.768240 -2.664530 1.786571 -7.829981 0.568825 9.824540 3.249179 -1.856747 2.392707 6.239091 3.190694 11.708352 7.124064 -0.858498 16.551527 5.817270 9.572237 -4.524672 13.820857 3.511550 23.585598 -13.176848 -25.862892 -12.425694 17.348787 -35.780028 -11.619769 -25.851694 -22.991209 -13.487619 13.400270 1.155450 2.753893 3.165339 -1.889918 13.942671 0.961718 5.312865 0.607474 -7.954887 -7.785654 5.031485 -14.621895 14.557360 -9.495310 -0.141807 -30.840090 2.998567 12.409111 -20.121611 10.568763 -29.468674 1.725904 -9.923916 28.029900 -8.410115 -0.716686 0.131977 5.934440 -1.514398 7.815205 30.637213 -3.651359 33.182927 -32.160248 -12.985792 31.633575 1.105749 5.361087 1.399458 -27.180603 -30.413431 17.463343 3.160508 3.495021 -4.495236 -14.167674 2.144189 18.514315 3.857833 5.704297 -0.788356 -5.851044 1.513201 -7.986182 -20.606133 -6.752312 -0.247251 -7.579582 -46.271935 2.261094 -6.743915 6.320772 -10.215446 16.281107 -38.674652 -13.996219 16.897396 -13.222434 10.381926 -13.037967 -16.368658 10.507755 -3.018106 1.642001 -3.129735 
-41.191315 105.788620 3.671463 18.477026 45.547878 16.860298 3.581756 12.996661 -0.239411 -9.943050 3.706466 -19.244975 2.461401 20.520079 4.981576 -7.066208 9.492749 -0.040682 2.641806 14.349255 2.565087 -0.963996 0.141382 8.974559 3.620896 16.481113 2.773722 -3.288660 2.030284 -7.922690 0.574297 9.819963 3.247329 -2.423169 2.548757 6.234379 3.199646 11.706836 7.125071 -0.468544 16.390294 5.494672 9.564622 -4.516488 13.829349 2.691813 23.374504 -13.095961 -25.859453 -12.433893 17.333075 -35.153672 -11.914877 -25.838498 -22.997044 -13.488685 13.400586 1.092610 3.039286 3.031044 -1.886692 13.951306 0.962550 4.014681 0.195936 -8.279124 -7.777822 5.027904 -14.614741 13.454532 -9.753943 0.313729 -30.836710 3.002723 12.409118 -21.320036 9.670976 -30.845295 1.725459 -9.923788 28.028355 -8.284416 -0.553304 0.440820 5.933369 -1.513579 7.809518 31.543989 -4.290099 33.960609 -32.152752 -12.989155 31.626417 0.002332 4.901861 0.743968 -27.175995 -30.426537 17.465277 3.843161 3.381354 -4.726047 -14.165566 2.145087 18.509167 3.712086 6.006183 -0.742667 -5.846672 1.522436 -7.987612 -20.590944 -6.697902 -0.411468 -7.581796 -46.275723 2.248134 -7.559651 6.475074 -10.309422 16.265671 -38.658436 -13.995348 17.244711 -13.169457 10.738394 -13.032782 -16.372295 10.503980 -3.298387 1.336917 -3.259790 
-42.112164 106.098183 4.700433 19.840895 45.844933 16.722567 3.589406 12.989243 -0.233773 -11.364096 3.826464 -20.421642 2.454658 20.523617 4.987384 -7.683682 9.767307 -0.059954 2.647936 14.333879 2.567083 -1.487803 -0.766676 8.588579 3.624016 16.471333 2.775511 -3.516909 2.882931 -7.848269 0.580471 9.823914 3.242184 -3.438736 2.701885 6.811931 3.207240 11.709162 7.127763 -0.492616 16.825010 5.141206 9.556210 -4.501937 13.834842 2.243092 23.424778 -13.298965 -25.856125 -12.440336 17.312695 -34.965251 -11.649886 -24.694295 -23.001520 -13.482800 13.388949 1.761957 2.942705 3.144714 -1.892485 13.954197 0.966875 2.825653 -1.193451 -8.685131 -7.763947 5.021738 -14.600870 11.784733 -10.819950 0.721259 -30.833307 3.005842 12.412347 -22.989764 8.225467 -33.564530 1.732852 -9.918591 28.027967 -8.106600 -0.270963 0.424861 5.941386 -1.514602 7.808097 31.978491 -5.354735 35.048194 -32.149498 -12.990297 31.608500 -0.577741 4.625889 0.602048 -27.171186 -30.430719 17.464941 3.718850 3.016686 -4.175929 -14.164433 2.143118 18.505131 3.470393 6.352284 -0.726891 -5.849286 1.524373 -7.985705 -20.288717 -7.371543 -0.941441 -7.587245 -46.274807 2.236891 -8.045308 6.403579 -11.047234 16.245459 -38.635975 -13.994305 17.415683 -12.976629 11.335392 -13.019745 -16.373350 10.512906 -3.183602 1.264707 -3.234961 
-42.973934 106.361771 6.094720 20.948393 44.924463 16.517757 3.594837 12.981301 -0.221745 -12.577482 3.939027 -21.204927 2.454168 20.524733 4.978441 -7.844278 10.358047 0.186728 2.647865 14.324697 2.571580 -2.458695 -1.454790 8.453904 3.629079 16.460028 2.788095 -4.436089 3.805310 -7.659845 0.584138 9.830236 3.234502 -4.293396 2.303654 6.952115 3.204571 11.718697 7.126901 -0.439122 17.108668 4.196354 9.547420 -4.485154 13.845506 1.895620 22.948467 -12.761677 -25.861401 -12.448812 17.293753 -34.513192 -11.201212 -23.446697 -23.008673 -13.485458 13.385937 1.751268 3.475864 3.185322 -1.894959 13.964371 0.968324 1.761412 -3.072551 -9.165218 -7.749310 5.018569 -14.586791 10.137053 -12.271069 1.092265 -30.825287 3.013081 12.419563 -24.746436 6.140334 -36.371854 1.738341 -9.912676 28.035439 -7.594258 0.295376 0.218189 5.946483 -1.503689 7.801998 32.786974 -6.915487 36.218106 -32.146210 -13.001715 31.603659 -1.286849 3.982942 0.488501 -27.164349 -30.445150 17.477983 3.717616 2.017455 -3.917645 -14.166254 2.141683 18.499096 2.788445 6.996236 -0.642164 -5.845731 1.531643 -7.987366 -19.782528 -7.546499 -2.313301 -7.592774 -46.283512 2.217877 -7.527030 6.217219 -11.586843 16.215040 -38.621990 -13.994423 18.012445 -12.881818 11.349703 -13.012932 -16.376299 10.514729 -3.341829 1.396314 -3.316568 
-43.621220 106.509972 7.644722 22.641218 43.886038 16.758482 3.593863 12.974910 -0.209336 -14.187402 4.291317 -22.224426 2.450184 20.521999 4.980122 -8.185812 10.749951 0.205376 2.652731 14.309979 2.584743 -3.113323 -2.255650 7.877188 3.631555 16.446497 2.802000 -5.479188 4.623960 -7.351457 0.585980 9.835902 3.227648 -5.341412 2.225372 7.373912 3.203517 11.734542 7.127595 -0.241056 17.720074 3.297015 9.536246 -4.475221 13.862728 2.043665 22.415930 -12.264884 -25.864901 -12.452810 17.275381 -33.868514 -11.230543 -22.330846 -23.022572 -13.472239 13.378907 2.326311 3.284932 3.154006 -1.908073 13.965642 0.969357 0.301619 -5.047957 -10.214982 -7.735594 5.021704 -14.575565 7.574955 -14.233419 1.899308 -30.824196 3.020100 12.418062 -26.007431 3.282016 -39.389052 1.749869 -9.909340 28.040293 -6.943915 0.881591 0.335267 5.955430 -1.490394 7.799871 33.134808 -8.618050 37.495990 -32.143505 -13.006776 31.586882 -1.469928 3.150949 0.559333 -27.162258 -30.457781 17.489471 3.599817 0.700013 -3.437263 -14.168733 2.144604 18.489231 1.528046 7.786720 -0.659547 -5.844540 1.543570 -7.982156 -19.396489 -7.402018 -3.828566 -7.604482 -46.290264 2.189214 -7.045675 5.870731 -12.444073 16.187645 -38.602943 -13.988142 18.176216 -12.860419 11.799755 -13.011972 -16.377306 10.519456 -2.901649 1.248527 -3.169235 
-43.983921 106.571877 9.009131 22.252027 42.976421 16.102198 3.592041 12.974431 -0.199585 -15.419992 4.106508 -22.659385 2.457889 20.520739 4.977095 -8.051215 11.310430 0.339241 2.659404 14.305273 2.587642 -3.640999 -2.824380 7.553577 3.630931 16.440104 2.799361 -5.730537 4.997290 -6.464417 0.584453 9.840326 3.228423 -6.481244 1.710244 7.963277 3.194434 11.741964 7.123613 -0.726679 18.136271 2.804269 9.532099 -4.460811 13.870707 2.198814 22.243353 -11.892983 -25.868689 -12.462758 17.266544 -33.788901 -11.110366 -21.132438 -23.027420 -13.470230 13.379019 2.579441 3.732535 2.777915 -1.914737 13.960999 0.964427 0.029420 -6.895107 -11.162889 -7.725020 5.026488 -14.580763 6.270835 -16.380190 1.975762 -30.818867 3.024991 12.413791 -26.707773 0.886760 -41.136331 1.754622 -9.911205 28.045277 -6.524367 1.628052 0.609887 5.964359 -1.484547 7.801105 33.421990 -9.926363 38.267716 -32.144485 -13.008520 31.573912 -1.860727 3.000172 0.632264 -27.168118 -30.466734 17.500303 3.545603 -0.246308 -3.080205 -14.179397 2.145218 18.482977 1.017420 8.499723 -0.089876 -5.847680 1.547127 -7.985168 -19.071819 -7.236114 -5.675938 -7.605960 -46.292099 2.176274 -6.287238 5.741031 -12.783669 16.170578 -38.591431 -13.983702 18.393747 -12.857419 11.942347 -13.013273 -16.380781 10.513350 -3.506771 0.916926 -3.113036 
-44.069870 106.602493 9.862964 21.607380 41.861345 15.677519 3.591665 12.971551 -0.193825 -16.140049 3.790785 -22.743869 2.459556 20.514715 4.977282 -8.073509 11.371541 0.315926 2.659114 14.305598 2.586508 -3.771706 -3.227951 7.129254 3.630481 16.439360 2.806871 -6.244649 5.287613 -6.218933 0.583297 9.843225 3.226861 -6.393378 1.419289 8.068922 3.194865 11.751938 7.120736 -0.995999 18.985156 2.162850 9.538020 -4.459355 13.877102 2.854527 22.118381 -11.211649 -25.875956 -12.460592 17.266064 -33.616371 -10.701269 -20.392660 -23.036676 -13.461132 13.377836 2.732152 3.928435 3.016739 -1.920727 13.960761 0.961133 -0.015389 -7.902064 -11.641720 -7.716449 5.030382 -14.573101 5.577537 -18.063110 2.261061 -30.819992 3.029269 12.409528 -26.908724 -0.622162 -42.258483 1.758584 -9.906958 28.044712 -5.993496 2.164655 0.528786 5.977187 -1.469012 7.798626 33.445114 -11.090409 38.733972 -32.145103 -13.014899 31.564011 -1.463346 2.836330 0.970252 -27.168552 -30.473583 17.508638 3.123488 -1.044372 -2.902994 -14.181540 2.146777 18.479536 0.383145 8.908483 -0.026355 -5.847768 1.551561 -7.977170 -18.805485 -7.651969 -6.763440 -7.611021 -46.304165 2.166681 -5.682757 5.525778 -13.040788 16.152969 -38.587017 -13.980869 18.371558 -12.985747 11.593865 -13.009272 -16.379692 10.515008 -3.256273 0.697925 -3.327381 
-43.951065 106.653206 10.006253 21.345687 41.682725 15.293437 3.588002 12.978217 -0.196255 -16.277446 3.664132 -22.678468 2.456329 20.518257 4.974876 -8.050701 11.274306 0.260737 2.662007 14.309611 2.588519 -3.771956 -3.306808 7.051500 3.630949 16.435696 2.799779 -5.806515 5.508292 -6.137448 0.586653 9.842858 3.226488 -6.524052 1.499974 8.090794 3.193382 11.754824 7.119143 -1.104366 18.753862 2.148998 9.537095 -4.457647 13.882415 2.946544 22.148966 -10.995462 -25.871967 -12.462058 17.264482 -33.965991 -10.862303 -20.239088 -23.034931 -13.465769 13.378810 2.707941 3.922419 3.102105 -1.923558 13.962662 0.960277 0.055983 -8.189004 -11.736146 -7.719110 5.030184 -14.579116 4.945397 -18.530302 2.329813 -30.821114 3.031085 12.409094 -26.658631 -0.562208 -42.352330 1.757159 -9.912430 28.047232 -6.027168 1.846452 0.587979 5.975736 -1.473903 7.804372 33.562593 -10.806396 38.857745 -32.146423 -13.010799 31.568232 -1.545070 2.301352 1.043980 -27.170168 -30.475002 17.505762 3.131266 -1.265532 -2.745818 -14.185766 2.144590 18.481243 0.521390 8.837613 0.037589 -5.851220 1.554474 -7.979595 -18.533496 -7.252932 -6.746888 -7.609458 -46.301666 2.168259 -5.571623 5.487966 -13.196730 16.161213 -38.580338 -13.979877 18.478059 -13.014368 11.625596 -13.011874 -16.381327 10.519238 -3.447582 1.128965 -2.879629 
-43.704067 106.744713 9.476905 21.159429 41.382856 15.383662 3.591602 12.977118 -0.198841 -15.852437 3.953430 -22.775020 2.455130 20.523773 4.975923 -8.143611 11.472942 0.392161 2.660128 14.305735 2.593723 -3.748188 -3.190378 7.096046 3.634202 16.439123 2.803968 -5.890899 5.275055 -6.047475 0.587471 9.841894 3.221569 -6.577289 1.662588 7.924886 3.197462 11.747304 7.122495 -0.799118 18.621234 2.401662 9.536344 -4.460005 13.877683 2.728852 22.355494 -11.272566 -25.869267 -12.458313 17.261877 -33.958714 -11.154047 -20.981945 -23.035133 -13.471862 13.377622 2.581067 3.585587 2.941293 -1.917757 13.962166 0.963576 -0.259976 -7.613053 -11.188492 -7.722640 5.026031 -14.570893 5.430648 -17.439290 2.426819 -30.817812 3.028794 12.413486 -26.585922 0.278488 -41.658717 1.757524 -9.909784 28.046225 -6.181265 1.773351 0.651005 5.969294 -1.476931 7.799030 33.539675 -10.646732 38.602303 -32.148327 -13.011620 31.567532 -1.913536 2.446474 0.627993 -27.168121 -30.474779 17.503448 3.437659 -0.790349 -2.967383 -14.179570 2.144784 18.483448 0.515159 8.795113 -0.367064 -5.847205 1.552095 -7.981459 -18.898421 -7.606351 -6.425139 -7.609264 -46.301853 2.169579 -6.038438 5.458320 -12.951542 16.162746 -38.589184 -13.984522 18.397405 -12.739511 11.644103 -13.010256 -16.381149 10.519400 -3.312679 1.111372 -3.096461 
-43.402576 106.828110 8.518692 21.170776 40.972307 15.277204 3.597932 12.975316 -0.204362 -14.976394 4.042888 -22.376432 2.453940 20.522745 4.978096 -8.719996 10.798522 0.149171 2.655475 14.308408 2.587711 -3.447933 -2.961050 7.528319 3.632189 16.447405 2.800473 -5.506986 4.851589 -6.750390 0.589241 9.836852 3.223961 -5.879020 1.884515 7.418584 3.199593 11.735199 7.126064 -0.617386 18.230943 3.054790 9.540963 -4.469821 13.872519 2.540550 22.447488 -11.070316 -25.867891 -12.460988 17.269293 -34.004701 -11.225253 -21.427103 -23.027538 -13.473124 13.376848 2.398057 3.728585 2.975614 -1.908569 13.962925 0.963689 0.086999 -6.402580 -10.429923 -7.731385 5.024323 -14.572496 6.583170 -15.882155 2.111692 -30.823708 3.023074 12.416861 -26.434920 2.175587 -40.486059 1.752938 -9.908361 28.040215 -6.909845 1.234988 0.225401 5.962923 -1.487941 7.795867 33.568986 -9.907360 37.941967 -32.143253 -13.007190 31.578234 -1.762852 2.683022 0.821770 -27.164629 -30.465162 17.494751 3.625462 -0.057437 -3.094582 -14.171142 2.141106 18.483854 1.361203 8.290217 -0.259524 -5.849781 1.543610 -7.983041 -18.942348 -7.665082 -5.167864 -7.604080 -46.292843 2.181926 -6.874361 5.363951 -13.044059 16.178492 -38.591240 -13.987956 18.487638 -13.161027 11.653814 -13.010400 -16.381773 10.518504 -3.023408 1.146916 -2.886056 
-43.217674 106.883186 7.585506 20.490023 41.727869 15.112236 3.596087 12.976557 -0.210086 -14.316809 4.303925 -22.110559 2.450671 20.517702 4.973923 -8.562021 10.446607 0.086860 2.659601 14.310208 2.588536 -3.078378 -2.291909 7.818347 3.634972 16.448929 2.798393 -5.326070 4.871959 -6.829205 0.588214 9.826441 3.227349 -5.141024 2.406388 7.427209 3.200180 11.725380 7.127594 -0.474496 17.969975 3.267261 9.542802 -4.478930 13.866327 2.185064 22.542531 -11.824272 -25.864004 -12.455281 17.276724 -34.215939 -11.520799 -22.319446 -23.023668 -13.480748 13.375816 2.134363 3.262087 3.232961 -1.905499 13.964642 0.960519 0.035169 -5.013022 -10.252782 -7.736024 5.018381 -14.572312 7.474201 -14.241542 1.925437 -30.827265 3.021870 12.416349 -25.998000 3.714541 -39.196618 1.753013 -9.908627 28.042091 -7.416241 1.109301 0.233370 5.953346 -1.488153 7.803518 33.444598 -9.128730 37.582949 -32.139069 -13.003707 31.584015 -1.965465 3.082496 0.078878 -27.163120 -30.454586 17.486416 4.022807 0.824194 -3.299141 -14.167136 2.145004 18.485107 1.908011 7.927854 -0.505681 -5.847382 1.539301 -7.981822 -19.232920 -7.325941 -3.955703 -7.597488 -46.289227 2.192211 -7.739402 5.668903 -12.706944 16.188576 -38.598530 -13.988830 18.305768 -12.960850 11.592049 -13.013921 -16.386591 10.514650 -2.850304 1.282929 -2.760268 
-43.349068 106.888428 7.089816 21.027989 43.381444 15.818249 3.602304 12.976924 -0.211956 -13.683878 4.287686 -21.946386 2.455258 20.519308 4.976310 -8.397969 10.640642 0.164288 2.656675 14.315034 2.585344 -2.852065 -2.058235 8.246162 3.632665 16.448948 2.797062 -4.932766 4.622723 -7.257909 0.585749 9.824423 3.225687 -4.664040 2.351746 7.212286 3.201607 11.720952 7.129906 -0.419079 17.696757 3.818090 9.539931 -4.482702 13.855123 1.918082 22.828577 -12.467230 -25.862078 -12.451145 17.279438 -34.610877 -11.743808 -22.213794 -23.017633 -13.479866 13.377757 2.043621 3.070326 3.396201 -1.894359 13.959484 0.967320 0.073883 -4.404694 -9.694314 -7.737652 5.019527 -14.572941 7.629085 -13.515503 1.858068 -30.824562 3.018908 12.410597 -25.759447 4.779783 -38.679402 1.743604 -9.911930 28.040571 -7.901557 0.562562 0.029511 5.952644 -1.495574 7.806013 33.492454 -8.278811 37.452092 -32.144730 -13.000653 31.589447 -1.723963 3.373065 0.158021 -27.160299 -30.450590 17.477812 3.757638 1.425263 -3.668176 -14.169193 2.135196 18.487803 2.412730 7.302090 -0.587711 -5.840266 1.533973 -7.985433 -19.283854 -7.724929 -3.407905 -7.594173 -46.286880 2.197912 -8.108491 5.617347 -12.330356 16.195959 -38.605228 -13.987515 18.600157 -13.023174 11.763110 -13.014340 -16.383919 10.516110 -3.013814 1.363003 -2.767403 
-43.962860 106.854240 7.254970 21.054509 44.398747 16.093529 3.601652 12.975083 -0.212829 -14.029863 4.304237 -22.009846 2.453127 20.521288 4.974669 -8.513938 11.010720 0.200977 2.656575 14.312905 2.581177 -3.138232 -2.195518 8.203564 3.632816 16.452822 2.797264 -5.276782 4.498180 -7.535345 0.588747 9.831223 3.227350 -5.046844 2.641073 7.336481 3.206138 11.723279 7.129093 -0.356381 17.634736 3.437866 9.544731 -4.480192 13.855634 1.812411 22.823241 -12.685023 -25.865536 -12.460645 17.276875 -34.324914 -11.615602 -22.309046 -23.021425 -13.482100 13.380438 2.186060 3.590281 3.383350 -1.896290 13.965565 0.964269 0.013491 -4.692882 -9.591795 -7.736979 5.019070 -14.574851 7.823828 -13.625054 1.684223 -30.826399 3.019473 12.411016 -26.483507 4.107721 -39.468562 1.753148 -9.911549 28.041321 -7.547712 1.081839 0.033584 5.954516 -1.496729 7.801859 33.504909 -8.491787 37.415520 -32.140678 -12.999246 31.590481 -1.907056 3.503796 0.428227 -27.160162 -30.452326 17.489161 4.014214 1.101656 -3.580799 -14.170437 2.143912 18.490419 2.253207 7.360156 -0.478707 -5.848392 1.537124 -7.981767 -19.607275 -7.651846 -3.345896 -7.598859 -46.297058 2.196547 -8.123022 5.758741 -12.164985 16.194744 -38.604477 -13.982583 18.685309 -13.041893 11.592737 -13.010756 -16.385036 10.516760 -3.027792 0.861690 -3.099917 
-45.024609 106.751160 8.083159 21.753630 46.106376 16.950479 3.605030 12.973460 -0.208275 -14.872023 4.546068 -22.415928 2.454475 20.523655 4.974146 -8.587882 11.144586 0.413379 2.654101 14.306054 2.587231 -3.567013 -2.376793 8.173159 3.632870 16.450022 2.797820 -5.437228 4.519453 -7.610123 0.587869 9.841670 3.227473 -6.058623 2.345374 7.627861 3.206678 11.730011 7.126329 -0.539111 17.924199 2.942769 9.531401 -4.469990 13.866546 1.002435 22.566042 -12.860705 -25.865795 -12.468528 17.264305 -33.948287 -11.118136 -21.914684 -23.027767 -13.479013 13.376890 2.522484 3.689665 2.977366 -1.904688 13.966236 0.965772 -0.773964 -5.510986 -10.104290 -7.727686 5.019790 -14.575030 6.936340 -14.756135 1.801883 -30.820221 3.019933 12.413097 -27.161613 1.989749 -41.061564 1.752934 -9.911128 28.043505 -7.273605 1.379164 0.220475 5.954771 -1.490746 7.798385 33.854143 -8.982950 37.822053 -32.142864 -12.998670 31.584730 -1.921996 3.301896 0.902017 -27.160158 -30.457294 17.492491 3.972854 0.592240 -3.710238 -14.175271 2.143571 18.488836 1.848193 7.862163 -0.243797 -5.844277 1.542779 -7.984214 -19.499155 -7.407806 -3.846201 -7.594976 -46.300812 2.184813 -7.412711 5.904164 -12.087614 16.180250 -38.595913 -13.985131 18.737611 -12.963366 11.875508 -13.012115 -16.383307 10.517733 -3.414932 1.059819 -3.223781 
-46.336201 106.601158 9.367073 24.865200 49.452701 18.519846 3.593589 12.970057 -0.199202 -15.829827 4.454559 -22.808671 2.451797 20.522379 4.965158 -8.555813 11.802390 0.610859 2.653114 14.300498 2.588154 -4.204894 -2.829620 7.694799 3.628963 16.440559 2.801810 -6.365504 4.835105 -7.995845 0.589131 9.855363 3.229970 -6.748151 2.174276 8.196624 3.211809 11.752745 7.114556 -0.587618 18.365933 1.479415 9.531406 -4.456930 13.876288 0.980815 22.190865 -13.395872 -25.878040 -12.477972 17.257391 -32.783651 -10.217428 -20.845148 -23.035852 -13.472603 13.375378 3.223241 4.138286 3.335755 -1.915693 13.970345 0.965343 -0.868125 -6.975746 -10.912944 -7.720773 5.023001 -14.574131 5.474103 -16.689699 1.895530 -30.810888 3.027203 12.409117 -28.387974 -1.147665 -43.665696 1.761146 -9.913012 28.058962 -6.328809 2.137680 0.046531 5.970961 -1.468886 7.801491 34.148064 -10.087220 38.293278 -32.141346 -13.004512 31.578894 -1.712479 3.236793 1.410919 -27.165106 -30.470415 17.514223 3.614331 -0.684160 -3.197993 -14.183050 2.150971 18.492746 0.868240 8.109718 0.138442 -5.845293 1.550723 -7.987477 -19.197821 -7.460002 -5.361378 -7.599128 -46.325272 2.166398 -6.337885 5.970834 -12.408881 16.157835 -38.585972 -13.974464 18.884530 -13.248785 11.749879 -13.014406 -16.383879 10.524596 -3.628115 1.184957 -3.658902 
-47.633438 106.399002 10.744504 26.307512 53.508248 20.549956 3.579580 12.969784 -0.191047 -16.605597 4.393380 -23.149371 2.455280 20.519800 4.967790 -8.430637 12.414692 0.813337 2.654876 14.301158 2.585213 -4.399066 -3.101404 7.386721 3.624897 16.446222 2.805028 -7.048746 4.375792 -8.223340 0.580042 9.871870 3.232276 -7.508101 2.053748 8.631668 3.202456 11.759092 7.101737 -0.608129 19.357262 0.646987 9.531245 -4.439948 13.884242 1.618169 22.206668 -12.748342 -25.883558 -12.485594 17.246052 -32.362638 -9.619480 -20.068600 -23.045206 -13.464119 13.375181 3.818080 4.512337 3.283413 -1.927831 13.966880 0.966841 -0.886076 -7.904534 -12.169388 -7.710903 5.031163 -14.580527 4.104647 -19.093942 2.083513 -30.801302 3.024346 12.399240 -29.011386 -3.966058 -45.313288 1.761908 -9.908548 28.054026 -5.600520 3.294234 0.308366 5.986097 -1.458550 7.798067 34.198081 -11.104858 38.996023 -32.142067 -13.010650 31.576277 -1.686440 3.392474 1.911583 -27.174814 -30.474422 17.539133 3.487886 -1.993399 -3.372921 -14.193586 2.163799 18.492165 0.047736 8.407350 0.304888 -5.844917 1.562261 -7.987204 -18.772891 -7.225793 -6.822877 -7.602532 -46.336834 2.152357 -5.191251 5.644353 -12.083823 16.141560 -38.576435 -13.966206 19.164080 -13.234495 11.638235 -13.017473 -16.380444 10.521232 -3.919043 0.838335 -3.890740 
-48.756397 106.185730 11.880506 29.219676 58.054436 23.035119 3.569417 12.974013 -0.185550 -16.924804 4.406618 -23.016249 2.458880 20.520071 4.970881 -7.970983 12.844738 0.826531 2.654802 14.302387 2.583660 -4.318246 -3.247399 7.188894 3.620629 16.442759 2.804343 -7.379686 3.666395 -8.339127 0.580655 9.884106 3.244145 -7.407740 2.107375 9.298478 3.198207 11.770055 7.084175 -0.478163 19.707188 -0.020808 9.534194 -4.425741 13.885071 2.442960 22.266502 -12.434629 -25.892735 -12.497909 17.246521 -31.701343 -9.574829 -19.843322 -23.052692 -13.463716 13.380864 4.341101 4.636708 2.855810 -1.940077 13.962256 0.966518 -0.618067 -8.357499 -13.624498 -7.705719 5.039207 -14.594303 3.238036 -21.515087 2.062805 -30.794395 3.024786 12.391547 -29.209328 -6.397688 -46.094717 1.761912 -9.901915 28.059649 -4.755830 3.968927 0.414246 5.995553 -1.448607 7.804914 34.351644 -11.472891 39.341326 -32.148708 -13.010416 31.575989 -1.362696 3.543714 2.152417 -27.186909 -30.481688 17.554256 3.319203 -2.880801 -3.263700 -14.203386 2.168311 18.501043 -0.397036 8.681222 0.827843 -5.844455 1.565298 -7.994260 -18.379517 -6.564355 -7.583652 -7.601085 -46.352303 2.149282 -4.484298 5.819938 -11.863963 16.134951 -38.577438 -13.959455 18.854317 -13.510341 11.648783 -13.033051 -16.382765 10.515155 -4.590140 1.103851 -4.091484 
-49.689545 105.998199 12.583650 30.634358 61.069131 24.995543 3.561893 12.976526 -0.184674 -17.078229 4.393098 -23.097791 2.464245 20.521276 4.968436 -7.741191 12.987671 0.563054 2.650082 14.307774 2.571047 -3.981012 -3.265963 7.141071 3.621720 16.445820 2.800230 -7.481337 2.974025 -9.218169 0.580859 9.892415 3.253587 -7.351884 2.187187 9.616897 3.197155 11.772457 7.072468 -0.813743 20.308905 -0.633193 9.530828 -4.415614 13.890011 2.660762 22.365967 -11.717608 -25.902674 -12.500059 17.246523 -31.396870 -9.120975 -19.389638 -23.057882 -13.460544 13.382676 4.679512 5.093995 3.284360 -1.947246 13.956288 0.969552 0.382459 -8.073350 -14.515142 -7.703467 5.049310 -14.602551 2.985183 -22.860269 1.742069 -30.790440 3.019215 12.387497 -29.357003 -8.098046 -46.543522 1.753602 -9.900194 28.058374 -4.480838 4.605294 0.572591 6.009902 -1.447383 7.805282 34.584700 -11.529300 39.720951 -32.148037 -13.010757 31.578459 -1.251029 3.671846 2.333588 -27.193090 -30.482424 17.569113 3.222084 -3.366501 -3.016318 -14.209662 2.173344 18.509750 -0.657682 8.550955 0.935859 -5.851296 1.562278 -7.997661 -18.003895 -6.509073 -8.029967 -7.595442 -46.360298 2.144167 -4.268784 5.818144 -11.661106 16.131788 -38.573494 -13.956850 19.284821 -13.593968 11.469644 -13.036656 -16.379606 10.515110 -4.842024 0.867546 -4.379857 
-50.424931 105.904228 12.753796 32.823140 63.370932 26.993136 3.558812 12.978922 -0.180965 -16.854696 4.634302 -23.226115 2.463686 20.522095 4.970813 -7.913515 13.228891 0.725244 2.653564 14.310463 2.571171 -4.038728 -3.420313 7.441454 3.619710 16.446257 2.804776 -7.647440 2.378530 -9.795129 0.583099 9.897388 3.260722 -7.039693 2.412611 9.831828 3.194448 11.775104 7.066474 -0.410279 20.344379 -0.790210 9.529448 -4.417579 13.889345 2.631219 22.746936 -11.818949 -25.905518 -12.504271 17.247915 -31.081623 -9.219403 -19.569730 -23.058674 -13.455775 13.382072 4.817394 5.061597 3.101931 -1.950888 13.957162 0.972185 0.261181 -7.574610 -14.733131 -7.700906 5.047119 -14.611353 2.740528 -23.082196 1.816108 -30.793427 3.018359 12.388304 -29.456427 -8.700580 -46.740709 1.751985 -9.896740 28.060019 -4.310486 4.564816 0.330153 6.012469 -1.443308 7.810142 34.915381 -11.561129 39.729308 -32.151855 -13.012392 31.581636 -0.912062 3.769625 2.395535 -27.196621 -30.484205 17.577168 3.299312 -3.722894 -3.052595 -14.212028 2.170923 18.511480 -0.812339 8.068012 1.111965 -5.850987 1.562576 -8.001242 -17.788994 -6.311509 -7.842638 -7.596860 -46.366405 2.137987 -4.465604 6.081121 -11.248592 16.127480 -38.573486 -13.957203 19.431046 -13.728010 11.540971 -13.045316 -16.382742 10.513304 -5.284070 0.761258 -4.430535 
-50.880539 105.912971 12.397049 34.688622 64.322132 28.868300 3.564654 12.974438 -0.182878 -16.887513 5.099880 -23.186310 2.465629 20.524618 4.963404 -7.571045 13.221842 0.662101 2.650277 14.310154 2.567212 -4.249418 -3.077740 7.446183 3.621785 16.442360 2.807832 -7.890463 2.485115 -10.425526 0.581240 9.897232 3.256734 -6.885017 2.325939 9.821782 3.194817 11.776475 7.066608 -0.512929 20.082390 -0.918848 9.527321 -4.418657 13.883245 2.033123 22.581468 -12.477932 -25.908470 -12.501551 17.249746 -30.687026 -8.835125 -19.176140 -23.060423 -13.462014 13.383014 4.628994 5.319088 3.487785 -1.942629 13.960811 0.975893 0.044740 -7.030913 -14.687166 -7.705974 5.049045 -14.609435 2.932723 -21.909227 1.653382 -30.790228 3.013900 12.388011 -30.117832 -8.535052 -46.793988 1.754594 -9.903092 28.063765 -4.623762 4.606172 0.389132 6.006296 -1.445473 7.805359 34.736447 -11.233675 39.673366 -32.151741 -13.012222 31.587778 -1.164621 3.919643 2.522857 -27.191391 -30.485909 17.579794 3.785733 -3.285162 -2.866206 -14.214297 2.173261 18.510139 -0.463979 7.895391 0.931881 -5.844127 1.567071 -8.006367 -18.053296 -6.277409 -7.410587 -7.595923 -46.376949 2.135821 -4.732472 6.170194 -11.163802 16.123371 -38.578133 -13.952698 19.869239 -13.550385 11.364334 -13.042847 -16.385162 10.514107 -4.988287 0.637720 -4.650781 
-50.915005 105.962570 11.558783 34.413126 63.991462 28.637518 3.572756 12.975511 -0.186317 -16.599265 4.920018 -23.365637 2.460568 20.526279 4.964632 -8.383245 13.064450 0.567242 2.647286 14.301952 2.575793 -4.209621 -2.744243 7.507022 3.626928 16.440369 2.812096 -7.866309 2.902326 -10.390613 0.579851 9.892109 3.247439 -7.119764 2.649531 9.474037 3.194058 11.775088 7.080637 -0.268905 19.671017 -0.673568 9.528915 -4.423968 13.881952 1.226146 22.363906 -13.405764 -25.898277 -12.501184 17.249086 -30.926205 -8.416862 -18.927081 -23.063311 -13.463244 13.378174 4.714198 4.837766 3.861148 -1.940705 13.967675 0.978265 -0.426945 -7.012130 -13.730853 -7.706203 5.044516 -14.599504 3.055674 -20.208870 2.196766 -30.792833 3.011760 12.391846 -29.874315 -7.555021 -46.833245 1.753568 -9.900858 28.060762 -5.173316 3.937325 0.056391 6.000652 -1.445035 7.811315 34.512427 -10.966799 39.440627 -32.149963 -13.012582 31.586298 -1.286926 4.100802 2.364980 -27.185226 -30.480448 17.568821 3.637647 -2.398273 -3.167829 -14.205659 2.169886 18.504004 -0.268070 8.228121 0.750910 -5.846287 1.565523 -8.003595 -18.637643 -6.558397 -6.636242 -7.595462 -46.371193 2.140307 -4.962879 6.508273 -11.153735 16.127325 -38.582184 -13.957176 19.622937 -12.984221 11.166377 -13.035658 -16.381727 10.519567 -4.650540 0.852057 -4.547292 
-50.332935 106.037506 10.306820 35.814175 62.946497 29.589127 3.581905 12.974069 -0.190571 -16.106319 4.670849 -23.278847 2.458362 20.526764 4.971811 -8.560083 13.301353 0.774162 2.653175 14.297673 2.577976 -4.238209 -2.526755 8.041060 3.624527 16.444054 2.807756 -7.287677 3.388425 -10.104176 0.580283 9.886217 3.241508 -7.048626 2.675883 9.330566 3.204086 11.763551 7.095963 -0.183610 18.637911 0.201585 9.528952 -4.433833 13.871979 0.282432 22.454875 -14.561483 -25.892597 -12.491447 17.250586 -31.274299 -8.582093 -19.148311 -23.043631 -13.466287 13.374677 4.353426 4.664112 3.729890 -1.931899 13.973789 0.976969 -0.838356 -6.411889 -12.382894 -7.710433 5.031513 -14.589956 4.500867 -17.597424 1.946752 -30.797617 3.010754 12.398299 -29.882327 -4.876423 -46.114627 1.755973 -9.904230 28.056904 -5.700998 3.183129 -0.075902 5.988490 -1.454790 7.807955 34.192771 -10.270304 39.094206 -32.151062 -13.009645 31.586557 -1.166080 4.384592 2.191491 -27.169502 -30.472198 17.551344 3.622584 -1.432695 -3.401953 -14.203342 2.164087 18.507082 0.374723 7.920520 0.513898 -5.840575 1.563080 -7.997504 -19.322759 -6.907611 -5.354373 -7.598633 -46.359413 2.152427 -5.650728 6.622463 -11.142802 16.139711 -38.582623 -13.960808 19.611802 -12.949487 11.330225 -13.022770 -16.378027 10.520776 -4.514364 0.896443 -4.362805 
-48.938145 106.120033 8.725397 29.978687 58.854196 25.933735 3.594701 12.973237 -0.201949 -15.295374 4.999038 -23.068322 2.450489 20.532032 4.970428 -8.676084 12.541434 0.660137 2.647507 14.297234 2.579833 -4.471507 -2.371024 8.399200 3.630383 16.447876 2.803746 -6.705067 3.551628 -10.098091 0.586808 9.867432 3.236117 -6.645248 2.688087 8.304872 3.211013 11.751522 7.111267 -0.317523 18.030304 1.328514 9.532378 -4.454337 13.860897 -0.347147 22.606647 -15.093661 -25.879452 -12.487534 17.256968 -32.172524 -9.037299 -20.603655 -23.036137 -13.480971 13.382969 3.523566 4.519260 3.574205 -1.913125 13.983567 0.978622 -1.084848 -5.352722 -10.625967 -7.720858 5.022653 -14.585749 6.559971 -14.984619 1.652298 -30.808191 3.011498 12.410507 -29.299053 -1.544664 -43.860876 1.757477 -9.912225 28.057167 -6.474295 2.206153 0.172784 5.968226 -1.474045 7.807669 33.847378 -9.167768 38.109187 -32.146526 -13.002303 31.597517 -1.236823 4.377199 2.177666 -27.167686 -30.467743 17.525801 4.321184 -0.145558 -3.771021 -14.193793 2.162978 18.503576 1.463415 7.670091 0.049479 -5.845898 1.558478 -7.995190 -20.086994 -7.509780 -3.478416 -7.597888 -46.347641 2.168362 -6.650024 7.137383 -10.967259 16.164957 -38.597363 -13.969687 19.193291 -12.609561 11.485564 -13.009026 -16.383406 10.521641 -3.945236 0.891632 -4.076924 
-46.675453 106.188423 6.942642 25.498770 53.716818 21.929234 3.594079 12.976760 -0.214380 -13.562357 4.602251 -22.233674 2.454241 20.530729 4.978130 -8.304894 11.421984 0.463927 2.646245 14.299973 2.570494 -3.537626 -1.622144 9.050949 3.632918 16.462034 2.790559 -5.121316 3.276707 -9.412380 0.583414 9.852949 3.235935 -5.694608 2.818149 7.230483 3.222842 11.734866 7.120992 -0.124711 17.246815 2.683881 9.535437 -4.474958 13.847950 0.321981 22.762606 -14.817972 -25.869862 -12.472220 17.269480 -33.148547 -9.924244 -22.640228 -23.019266 -13.482146 13.380399 2.881552 4.176765 3.240085 -1.899759 13.979870 0.978745 0.024192 -3.535545 -9.130944 -7.731996 5.015704 -14.591176 9.070140 -12.359017 0.745461 -30.816956 3.011078 12.415900 -27.548605 2.901983 -40.364417 1.747025 -9.915723 28.047386 -7.406934 1.171528 -0.109415 5.950150 -1.491169 7.802455 33.322850 -7.384614 36.858583 -32.141438 -13.000388 31.610300 -1.371594 4.442033 1.737602 -27.159157 -30.451921 17.492846 4.218307 1.299703 -4.203902 -14.174426 2.157173 18.505205 2.782147 7.297539 -0.322290 -5.842563 1.543334 -7.984569 -20.510848 -7.659604 -1.846940 -7.594063 -46.320831 2.201048 -7.269666 6.698154 -10.561852 16.200546 -38.616341 -13.975969 18.786207 -13.008423 11.801515 -13.006541 -16.377316 10.519951 -3.746941 0.959033 -4.160805 
-43.718544 106.232613 5.229329 21.091143 48.736945 19.001737 3.594749 12.985685 -0.224783 -12.135932 4.397600 -21.161132 2.455041 20.533905 4.981691 -7.547931 10.607588 0.595948 2.643143 14.317554 2.571698 -2.708745 -0.846505 8.961492 3.632647 16.469749 2.780070 -4.163062 2.497380 -8.786761 0.582673 9.834332 3.239510 -4.562673 2.736716 6.657867 3.219317 11.714376 7.128735 0.123965 16.970961 4.150345 9.546803 -4.496238 13.839259 1.112204 23.104949 -14.364945 -25.859749 -12.456110 17.295897 -34.401122 -11.414172 -24.475921 -23.008789 -13.491105 13.390490 2.136310 3.685119 2.877505 -1.889727 13.966772 0.971466 1.296795 -1.785648 -8.072589 -7.750528 5.012411 -14.600378 11.365658 -10.697342 0.308949 -30.828548 3.011267 12.419185 -24.692085 7.207959 -35.480900 1.733192 -9.916705 28.044432 -7.851699 0.595443 0.172955 5.940114 -1.505127 7.795953 32.570150 -5.608774 35.475405 -32.151134 -12.992550 31.621325 -1.362675 4.344058 1.331657 -27.163300 -30.442070 17.471949 4.254946 2.137070 -4.600966 -14.171600 2.154297 18.510435 3.641363 7.169382 -0.991190 -5.843219 1.530649 -7.987120 -20.722743 -7.424037 -0.754909 -7.587853 -46.302002 2.229608 -8.224390 6.400329 -10.262007 16.233454 -38.646107 -13.987024 17.904304 -13.141600 12.117544 -13.015042 -16.378616 10.518215 -3.480309 1.289865 -3.839553 
-40.330917 106.242859 3.835743 18.585226 44.192383 16.898938 3.588682 13.002576 -0.233440 -10.687129 3.980261 -19.776270 2.463444 20.527599 4.978129 -6.745365 9.184555 0.581792 2.644858 14.345321 2.569916 -1.239023 0.019403 8.949316 3.628275 16.483454 2.770265 -3.000981 2.235395 -7.778861 0.580394 9.824221 3.242545 -3.206913 2.722823 6.291300 3.206907 11.703668 7.133892 -0.320449 17.027909 5.478811 9.567724 -4.514853 13.835141 3.323892 23.159039 -12.778627 -25.859999 -12.437581 17.329002 -34.815783 -11.910263 -25.557733 -23.001509 -13.494977 13.400615 1.159934 3.127124 2.594610 -1.887085 13.953853 0.965421 3.180971 -0.922340 -7.600939 -7.776463 5.023444 -14.623488 13.369473 -9.697317 0.033489 -30.845892 3.007090 12.413903 -21.694052 10.062569 -30.560824 1.727555 -9.920171 28.046396 -8.464327 0.236665 0.320826 5.936241 -1.517636 7.801814 31.789695 -4.867424 34.497004 -32.156624 -12.992959 31.632275 -1.041540 4.477753 0.805039 -27.182026 -30.431131 17.467680 3.929502 2.706048 -4.304390 -14.172168 2.151396 18.516939 4.090742 6.647477 -0.819951 -5.840666 1.515212 -7.997756 -20.133665 -6.905011 -0.571034 -7.582136 -46.287388 2.257985 -8.396323 6.113022 -10.862079 16.270971 -38.675583 -13.994070 16.928267 -13.444366 11.931365 -13.027727 -16.380444 10.510350 -3.287300 1.673692 -3.269656 
-36.739426 106.281960 2.856668 17.833537 40.494084 16.169920 3.584090 13.015906 -0.233979 -9.948162 2.774827 -18.355222 2.479794 20.530977 4.972312 -5.700734 8.302582 0.642771 2.656111 14.367615 2.571303 0.391338 0.554117 8.783431 3.613935 16.492462 2.772728 -1.929791 2.095169 -6.622344 0.573121 9.824035 3.242296 -2.202988 2.665023 5.533665 3.189197 11.697830 7.143327 -0.326014 16.905763 6.107869 9.579880 -4.533353 13.830260 5.566591 22.747629 -10.892381 -25.869141 -12.419075 17.354122 -35.266548 -12.693831 -25.951570 -22.988237 -13.499361 13.410568 0.772805 2.771173 2.737468 -1.895057 13.944410 0.956206 4.674692 -0.257757 -7.495485 -7.792558 5.030681 -14.645079 14.158731 -9.505151 -0.017720 -30.862509 3.009290 12.407935 -18.747377 11.910484 -26.756219 1.718439 -9.912535 28.039047 -8.662534 0.203785 0.030476 5.939259 -1.524553 7.811562 31.055654 -4.952263 33.909864 -32.163647 -13.001215 31.642300 -0.865989 4.239908 -0.155777 -27.188475 -30.424398 17.462561 3.288099 2.128385 -3.831501 -14.172961 2.146242 18.525604 4.384209 6.398397 -1.006676 -5.838753 1.504380 -8.001421 -19.087315 -6.504751 -0.838405 -7.588580 -46.278141 2.268249 -7.706438 5.338018 -11.049450 16.292385 -38.704853 -13.989989 16.004489 -14.116681 11.576191 -13.047871 -16.385283 10.504459 -2.817422 2.294528 -2.511226 
-33.095016 106.424400 2.196094 16.968195 36.192612 15.910231 3.581191 13.030417 -0.213580 -9.936476 2.265426 -17.884020 2.488742 20.530048 4.963491 -4.918888 6.951023 0.575793 2.665260 14.380960 2.572845 1.125880 0.494577 7.885574 3.605422 16.488140 2.789879 -1.229118 1.719758 -5.825050 0.569894 9.833068 3.244913 -1.382728 2.389109 4.909012 3.173213 11.698590 7.150281 -0.949910 17.126158 6.079345 9.591191 -4.554090 13.830779 7.974230 21.949701 -8.670919 -25.885010 -12.388287 17.370491 -35.013001 -13.255797 -25.617355 -22.990622 -13.500978 13.415998 0.029964 2.738031 2.383786 -1.902032 13.945588 0.959738 5.431105 -0.224706 -7.658533 -7.810834 5.034090 -14.660609 14.640975 -9.756543 -0.041000 -30.872890 3.005715 12.403868 -16.307232 12.943204 -22.964001 1.710398 -9.901071 28.035238 -8.238237 0.097806 -0.123623 5.949600 -1.525880 7.813115 30.616709 -5.416019 33.542243 -32.165485 -13.006395 31.645790 -1.073300 3.754037 -1.101331 -27.190939 -30.425026 17.478201 3.321415 0.458090 -3.370585 -14.175018 2.148961 18.534456 4.373826 6.965014 -1.089303 -5.839737 1.506095 -7.998473 -17.956769 -5.615871 -1.798267 -7.598772 -46.274670 2.264610 -6.764754 4.789313 -11.131333 16.301109 -38.727032 -13.990070 15.100292 -14.972053 11.377292 -13.061777 -16.394793 10.496942 -2.197328 2.262832 -2.252762 
-29.436317 106.657074 1.748876 16.835172 31.958455 16.268281 3.572820 13.051545 -0.198766 -10.300953 1.955207 -17.522032 2.493507 20.533123 4.949027 -3.956794 5.642685 0.321511 2.668369 14.383517 2.565757 1.484042 0.537907 6.696057 3.597596 16.482155 2.800176 -0.647349 1.893348 -4.821891 0.565915 9.842842 3.247170 -0.818035 1.910042 4.276518 3.172234 11.702898 7.151976 -1.559026 17.423973 5.724282 9.602325 -4.574110 13.836233 10.244851 20.820404 -6.824593 -25.900002 -12.358399 17.387690 -34.595782 -13.755833 -26.083340 -22.984491 -13.503062 13.419233 -0.609977 2.410820 2.430151 -1.908525 13.950724 0.954395 5.910735 -0.406185 -7.920801 -7.816934 5.037514 -14.669147 15.070679 -11.014390 -0.300787 -30.886404 3.007350 12.399574 -13.384125 13.346885 -19.452427 1.706013 -9.891170 28.032036 -7.508013 0.214244 -0.078271 5.960664 -1.522853 7.815490 30.652834 -6.245255 33.232412 -32.165375 -13.013669 31.642786 -2.189148 2.811696 -2.760569 -27.185812 -30.419922 17.487558 2.984182 -0.810169 -3.512625 -14.181286 2.156795 18.543396 4.219695 7.375348 -1.303516 -5.839528 1.507793 -7.986191 -16.540754 -4.741262 -2.688827 -7.609424 -46.280617 2.253159 -5.770717 3.728818 -11.013457 16.303814 -38.745354 -13.989832 14.294947 -15.826918 11.354054 -13.073685 -16.406820 10.503276 -1.378996 2.495358 -1.728450 
-25.790432 106.941910 1.449048 16.699707 28.138221 16.404588 3.569954 13.069540 -0.183796 -10.903793 1.786051 -17.813277 2.490529 20.538950 4.934027 -3.610164 4.575078 0.478258 2.666254 14.376010 2.569228 1.692745 -0.111178 5.736439 3.587627 16.483135 2.807833 -0.175743 2.065009 -4.299181 0.565441 9.842804 3.250430 -0.457195 1.654301 3.777856 3.171668 11.697995 7.159382 -2.013156 17.687992 5.276400 9.605879 -4.589585 13.837891 11.898622 20.082839 -5.418562 -25.908764 -12.328125 17.398941 -34.629578 -15.069849 -25.758546 -22.976379 -13.506189 13.422153 -1.405692 2.321946 2.042509 -1.906120 13.952942 0.952576 6.499730 -1.014647 -8.071111 -7.826221 5.028821 -14.668398 15.784844 -11.849746 -0.315901 -30.894901 3.011458 12.395733 -10.660044 13.826852 -15.834803 1.712587 -9.884451 28.029413 -6.697358 0.031312 -0.199080 5.973812 -1.524955 7.813224 31.123150 -7.033658 33.036095 -32.172592 -13.020452 31.632822 -3.458124 1.804285 -4.140943 -27.171722 -30.418846 17.497622 3.143976 -2.009023 -3.358025 -14.187978 2.159578 18.549562 3.761315 7.467203 -1.691470 -5.847517 1.515814 -7.980315 -15.556989 -4.070050 -3.897845 -7.630168 -46.286469 2.246052 -5.697681 3.108493 -11.217547 16.297266 -38.751747 -14.005842 14.104517 -16.200563 11.231537 -13.077157 -16.419540 10.507460 -0.723159 2.260674 -1.363314 
-22.194300 107.210602 1.237242 15.460171 25.733207 16.113929 3.561701 13.086000 -0.169164 -11.177084 1.466345 -18.497802 2.485831 20.553425 4.924168 -3.010514 3.893060 0.716674 2.664824 14.372765 2.562507 2.071919 -0.244743 5.179560 3.579438 16.486467 2.807725 0.649221 2.489743 -3.579482 0.569031 9.841247 3.250614 -0.437468 1.165694 3.183568 3.169637 11.697615 7.167702 -2.447481 18.536567 5.295798 9.612028 -4.596776 13.837993 13.142483 19.376801 -4.539089 -25.913343 -12.300414 17.405081 -34.850053 -16.101454 -25.967568 -22.966280 -13.505806 13.428096 -1.725135 2.344519 1.204166 -1.912167 13.950465 0.947414 7.350244 -1.702282 -8.231896 -7.827709 5.030508 -14.678224 16.379495 -13.067378 -0.524193 -30.902510 3.022352 12.382288 -7.845764 13.998647 -11.953909 1.714455 -9.877971 28.027988 -5.988946 -0.145421 0.201315 5.981743 -1.527168 7.820767 31.377462 -7.292188 32.620611 -32.173882 -13.024335 31.620218 -4.630132 0.987782 -5.270098 -27.161840 -30.412724 17.498583 2.962372 -2.966309 -3.285694 -14.192755 2.157930 18.549500 3.416941 7.721967 -2.278463 -5.859657 1.515130 -7.966551 -14.429676 -3.729003 -4.370547 -7.641179 -46.275330 2.240497 -5.469876 2.343006 -11.335618 16.300791 -38.762589 -14.022205 13.695980 -16.383908 11.043119 -13.074718 -16.421404 10.517356 -0.292088 2.237586 -1.199203 
-18.689886 107.415871 1.055334 15.624167 24.391155 16.222678 3.554660 13.105867 -0.161564 -10.926629 1.645968 -18.777525 2.479245 20.560747 4.909396 -2.572430 3.297288 0.966026 2.667149 14.367282 2.562298 2.343162 -0.236139 5.481206 3.560498 16.487495 2.803196 1.223933 2.932534 -3.001255 0.570882 9.838072 3.254428 -0.147432 0.588916 3.173589 3.173483 11.699734 7.166339 -3.142377 19.245282 5.298707 9.613647 -4.598047 13.836919 13.803972 19.042463 -3.792614 -25.910982 -12.281020 17.407475 -35.500649 -17.229944 -26.748105 -22.952599 -13.503854 13.429137 -1.539497 1.720499 -0.044315 -1.911710 13.941583 0.945543 7.636053 -2.120981 -8.545363 -7.831128 5.032728 -14.687796 17.240577 -14.553815 -1.246515 -30.911997 3.032713 12.373583 -5.009483 13.611934 -7.941405 1.719132 -9.880220 28.022896 -5.470930 -0.776011 0.285629 5.982121 -1.535747 7.819891 31.664323 -7.382040 32.084639 -32.182911 -13.028062 31.609587 -5.779474 0.352352 -6.061175 -27.153627 -30.408024 17.500042 3.392929 -3.966994 -3.299035 -14.202538 2.151495 18.550795 3.088328 7.446561 -2.502790 -5.861803 1.514346 -7.952435 -13.475925 -3.395160 -4.460739 -7.658632 -46.266754 2.236923 -5.814759 1.830379 -11.674413 16.305376 -38.764763 -14.046135 13.038882 -16.522060 11.341939 -13.080129 -16.421984 10.524813 -0.116747 2.146132 -1.089144 
-15.299446 107.541634 0.856399 15.394063 23.872356 16.769807 3.549799 13.120140 -0.153738 -10.604964 1.210859 -18.769051 2.472341 20.568975 4.908461 -2.706833 3.166009 1.205098 2.663098 14.358541 2.560515 2.560064 0.330883 5.989094 3.546426 16.501205 2.805340 1.408336 2.966759 -2.816184 0.574158 9.832185 3.261012 -0.026812 -0.098893 2.934436 3.168076 11.701497 7.162153 -3.787146 20.461966 5.346867 9.625577 -4.598177 13.826413 14.810528 19.148509 -2.377011 -25.906252 -12.265434 17.409634 -36.874327 -18.546481 -27.661530 -22.944157 -13.502021 13.434017 -1.510412 1.700697 -1.275497 -1.906060 13.933092 0.942659 8.248040 -2.516850 -8.836395 -7.831173 5.040982 -14.693326 18.560855 -15.693838 -1.999049 -30.912106 3.035509 12.356343 -2.594921 13.070365 -3.766246 1.722656 -9.869253 28.013227 -4.884124 -1.106054 0.693304 5.980691 -1.541457 7.821928 31.838695 -7.856023 31.956884 -32.191162 -13.032777 31.591488 -6.554642 0.392814 -6.469650 -27.147594 -30.402645 17.502106 3.516884 -4.813989 -4.011144 -14.201360 2.148554 18.552170 3.141378 7.279108 -2.948763 -5.869194 1.512364 -7.933217 -12.906523 -3.446880 -4.511240 -7.673172 -46.258598 2.230654 -6.364944 1.462880 -12.072902 16.310989 -38.770493 -14.068474 12.523643 -16.396796 11.476397 -13.082762 -16.416580 10.527826 -0.050309 2.013223 -1.477354 
-12.075366 107.558792 0.595535 15.444067 24.205886 17.356076 3.533686 13.135172 -0.149993 -10.293027 1.072762 -19.243571 2.461210 20.574966 4.904211 -2.163049 2.746125 1.307745 2.655272 14.362874 2.558305 3.142592 0.385154 6.529447 3.526180 16.509174 2.801724 1.423911 2.588917 -3.162617 0.581595 9.824609 3.275396 0.086878 -0.585321 2.670906 3.165196 11.704813 7.164002 -4.402930 21.895742 5.033034 9.629869 -4.595310 13.824430 15.461778 19.737179 -1.902187 -25.898891 -12.259459 17.411718 -39.043223 -19.969424 -28.099817 -22.936710 -13.496436 13.445037 -1.247409 1.687444 -2.703490 -1.913633 13.924221 0.938134 8.935096 -2.918593 -9.526769 -7.823339 5.044134 -14.703777 20.289873 -17.208747 -2.847626 -30.916887 3.036479 12.350640 -0.083400 12.747979 0.359317 1.725420 -9.860368 28.010227 -4.409981 -1.031120 1.555000 5.985212 -1.551744 7.824629 31.576702 -8.069168 31.866859 -32.200043 -13.038457 31.588390 -7.215038 0.434895 -6.460305 -27.150471 -30.392256 17.504946 3.814562 -5.781882 -4.731903 -14.210711 2.147889 18.556767 3.176035 6.670527 -3.300073 -5.880877 1.510666 -7.916493 -12.307979 -3.349123 -4.077732 -7.678651 -46.254681 2.227850 -7.007870 0.842914 -12.158813 16.323807 -38.771046 -14.089576 12.188816 -15.992176 11.823995 -13.087717 -16.408018 10.531555 -0.112497 2.130675 -1.901582 
-9.046230 107.478477 0.257215 16.386281 24.857628 18.580763 3.516096 13.145424 -0.158573 -9.602018 0.813446 -19.241283 2.451163 20.580521 4.898969 -2.097418 3.368257 1.567665 2.653833 14.360230 2.566185 3.359613 1.006754 7.243575 3.516908 16.519407 2.802010 1.038014 1.977708 -3.498323 0.582767 9.820683 3.289197 0.066436 -0.746731 2.875721 3.157096 11.712812 7.151390 -4.895858 23.327854 4.654528 9.632711 -4.588092 13.818345 16.201682 20.806629 -1.853252 -25.878666 -12.265990 17.404476 -41.918083 -21.468147 -28.708767 -22.944696 -13.484725 13.451333 -0.683052 1.613806 -3.828679 -1.917611 13.920369 0.935313 9.587909 -3.276878 -9.701507 -7.821125 5.051416 -14.712598 22.482024 -18.279893 -3.860718 -30.914825 3.032916 12.346513 1.805521 12.092596 3.708316 1.732467 -9.850283 28.008348 -3.790819 -0.906157 2.009538 5.980770 -1.562353 7.832561 31.098671 -8.647350 32.100267 -32.207478 -13.045121 31.590239 -7.597200 0.581680 -6.286534 -27.152063 -30.381163 17.510315 4.255559 -6.892472 -5.899057 -14.213149 2.151543 18.560122 3.283988 6.110578 -3.443315 -5.890181 1.516234 -7.899116 -12.521113 -3.149978 -3.499675 -7.690101 -46.260731 2.231092 -7.924993 0.829434 -12.359258 16.332668 -38.772728 -14.102583 11.913137 -16.106061 11.987078 -13.095792 -16.397007 10.533715 -0.565138 2.145671 -2.591660 
-6.227951 107.357124 -0.134012 17.852074 25.989333 20.143177 3.498725 13.153695 -0.164582 -8.871780 0.781135 -19.323896 2.441067 20.592600 4.901034 -1.998894 3.910836 1.566684 2.643944 14.363484 2.567364 3.395217 1.082737 7.702318 3.516605 16.523497 2.807548 0.549738 0.672966 -4.402232 0.587698 9.820187 3.306057 0.310568 -0.881230 2.953923 3.153294 11.725300 7.137573 -5.125998 24.470765 4.690455 9.636903 -4.584417 13.811779 17.350743 22.555706 -1.420625 -25.861853 -12.271093 17.403225 -44.618409 -23.130863 -29.199264 -22.951744 -13.475487 13.463758 -0.118975 1.288784 -4.997640 -1.923137 13.915704 0.931256 10.377831 -3.196700 -10.205051 -7.816872 5.056355 -14.716168 24.636967 -19.498167 -4.778715 -30.918175 3.029814 12.343283 3.784700 10.929808 7.121653 1.735599 -9.837881 28.006443 -3.057191 -1.198786 2.286252 5.974239 -1.575253 7.839808 31.047024 -9.273446 31.760701 -32.214123 -13.044067 31.589487 -7.610232 0.650108 -5.731649 -27.155987 -30.372990 17.515345 3.982030 -7.501342 -7.004696 -14.215581 2.160116 18.567339 3.852593 5.013113 -3.526725 -5.903574 1.518812 -7.882519 -12.937278 -2.882047 -2.593544 -7.695538 -46.269318 2.234968 -8.866929 0.739308 -12.190845 16.344257 -38.780342 -14.116355 12.087230 -15.906068 12.376737 -13.104843 -16.387533 10.534753 -1.465403 2.313964 -3.150478 
-3.709226 107.234680 -0.517729 19.413930 26.945071 21.388637 3.485299 13.157362 -0.180837 -8.075035 0.575322 -19.105612 2.433795 20.594353 4.902159 -2.303698 4.284179 1.331882 2.643849 14.368057 2.567647 3.739128 1.332845 8.197298 3.514426 16.527744 2.807838 0.322560 -0.241061 -5.129884 0.584297 9.824912 3.315146 0.717199 -0.982113 3.483720 3.157066 11.736021 7.120472 -5.842595 25.486822 4.100013 9.641573 -4.581229 13.816002 17.774282 24.420250 -1.109206 -25.841646 -12.280782 17.396770 -47.995241 -24.629377 -29.179777 -22.965397 -13.464172 13.468765 0.564673 0.519857 -5.902862 -1.922864 13.912745 0.924932 11.526988 -2.890148 -10.190914 -7.811666 5.057917 -14.713961 26.825915 -20.259878 -6.362696 -30.916101 3.024442 12.357315 5.452824 10.331620 9.721190 1.737920 -9.828887 28.004986 -2.490767 -1.195422 2.407024 5.968650 -1.592467 7.841104 30.663240 -10.181818 32.102033 -32.223656 -13.053129 31.590590 -7.404722 0.728914 -5.470502 -27.154005 -30.363998 17.518087 4.088753 -8.390596 -7.896815 -14.210564 2.158239 18.577429 4.270452 3.775312 -3.375433 -5.909692 1.516714 -7.862351 -13.501122 -2.823763 -1.539039 -7.693867 -46.278522 2.240191 -9.802871 0.541733 -12.272850 16.343695 -38.771465 -14.127501 12.326111 -16.198106 12.357517 -13.116724 -16.374117 10.535413 -2.056291 2.546952 -3.459152 
-1.664455 107.165779 -0.833450 20.649873 27.149724 22.395065 3.473625 13.164260 -0.191606 -7.430456 0.378216 -18.934708 2.428889 20.601984 4.897096 -2.075916 4.430511 0.801870 2.639738 14.376332 2.562376 3.697765 1.345805 8.207019 3.509922 16.520296 2.812217 -0.087835 -0.763876 -5.647893 0.583799 9.822076 3.324694 1.426653 -0.746157 3.663555 3.154361 11.744625 7.103998 -6.437400 26.223726 3.772451 9.643443 -4.582258 13.812116 18.530155 25.805105 -0.785799 -25.827091 -12.288941 17.392712 -50.388877 -25.449742 -29.315384 -22.967474 -13.448638 13.478490 0.911254 0.674566 -6.517562 -1.928951 13.916000 0.917382 12.559663 -2.635030 -10.487327 -7.808197 5.065170 -14.714908 28.349800 -21.022146 -7.227879 -30.912943 3.018462 12.356860 7.038800 9.726382 11.669956 1.743403 -9.825156 27.999525 -1.934080 -1.300750 2.821961 5.961508 -1.601586 7.846200 30.582145 -10.876902 32.445816 -32.220348 -13.052891 31.590178 -7.144125 0.858005 -5.236972 -27.144787 -30.354916 17.524618 3.930394 -8.596235 -8.255054 -14.203990 2.164244 18.572626 4.721392 2.873851 -3.241863 -5.917285 1.518513 -7.852624 -13.855085 -2.507400 -1.340471 -7.694124 -46.284580 2.244622 -10.352533 0.624838 -12.445805 16.347601 -38.764561 -14.126580 12.877362 -16.379919 12.046388 -13.127553 -16.357733 10.534763 -2.455802 2.385186 -3.719280 
-0.307326 107.182335 -1.022212 21.395219 27.791194 22.701039 3.467280 13.161518 -0.198296 -6.990685 0.171053 -18.582520 2.423922 20.600090 4.893423 -2.593654 4.554539 0.825273 2.640497 14.374796 2.562100 3.678647 1.516296 8.038337 3.512044 16.524691 2.816125 -0.259225 -1.436626 -6.016918 0.582756 9.826620 3.330905 1.540276 -0.399276 3.931007 3.155158 11.746588 7.090232 -7.290447 26.924679 3.544072 9.647831 -4.584622 13.813348 18.859764 27.310657 -0.359562 -25.815367 -12.288570 17.386597 -52.216253 -26.176545 -29.357861 -22.974911 -13.443388 13.481366 0.999682 0.288874 -6.778630 -1.926495 13.913811 0.908285 13.224181 -2.442879 -10.529989 -7.809226 5.065218 -14.706428 29.688910 -21.707151 -8.212871 -30.908194 3.021174 12.359970 7.993076 9.079283 13.098333 1.747025 -9.815515 27.998625 -1.448513 -1.422148 2.699520 5.956380 -1.605020 7.849350 30.466189 -11.550765 32.680061 -32.217285 -13.057494 31.587364 -6.957866 0.723859 -4.936880 -27.142876 -30.343208 17.529593 3.855673 -9.015427 -8.785296 -14.200322 2.162225 18.576361 4.735145 1.977119 -2.917059 -5.918914 1.518648 -7.845596 -14.043984 -2.479344 -0.822790 -7.686627 -46.288357 2.248267 -10.807495 0.711858 -12.492432 16.342281 -38.760185 -14.136628 13.383704 -16.680731 11.795406 -13.134821 -16.349510 10.534683 -2.683233 2.598191 -3.228382 
0.166827 107.291435 -1.036531 21.910202 27.595761 23.134206 3.466871 13.164271 -0.202093 -6.677758 0.329039 -18.669129 2.419145 20.597523 4.889618 -2.525823 4.790676 0.761554 2.641372 14.372313 2.560102 3.344144 1.584926 7.913804 3.510010 16.523487 2.820557 -0.722091 -1.718739 -5.912989 0.582757 9.822151 3.329532 1.499243 -0.378628 4.030530 3.158801 11.750407 7.086774 -7.014189 26.994354 3.794512 9.648773 -4.588916 13.814014 19.084814 28.070109 0.097711 -25.803795 -12.293012 17.382240 -53.439151 -26.579920 -29.481750 -22.977306 -13.442856 13.484442 0.915024 0.150301 -7.016587 -1.924321 13.916875 0.907099 13.215671 -2.430694 -10.382442 -7.813502 5.068654 -14.701098 30.294392 -21.765755 -8.518478 -30.905416 3.013880 12.360993 7.917055 9.159097 13.796325 1.749163 -9.814107 27.990713 -1.327333 -1.419365 2.828923 5.952518 -1.611490 7.843739 30.501712 -12.537368 33.112183 -32.217449 -13.063263 31.593401 -7.042934 0.561676 -4.977260 -27.139265 -30.342918 17.531137 4.239214 -9.134992 -9.046879 -14.196822 2.169110 18.571651 4.825374 1.849762 -2.646424 -5.918789 1.521130 -7.843858 -14.606180 -2.646913 -0.845823 -7.685472 -46.289669 2.245479 -11.406418 0.505464 -12.471700 16.335266 -38.757687 -14.131681 13.726711 -16.653948 11.506581 -13.136808 -16.346724 10.530278 -2.678316 2.270103 -3.258840 
-0.325347 107.496910 -0.885853 21.597444 27.600776 22.901600 3.470060 13.161950 -0.196402 -6.845953 0.275831 -18.941038 2.419537 20.599201 4.892471 -2.662985 4.488899 0.766425 2.638390 14.374015 2.561301 3.407939 1.744434 8.132461 3.514520 16.526533 2.819535 -0.534655 -1.658678 -6.254975 0.583375 9.821600 3.329390 1.407217 -0.509489 3.911597 3.161737 11.742523 7.088706 -6.878967 27.133785 3.799449 9.648275 -4.586690 13.818720 18.854206 27.801624 0.248187 -25.808229 -12.289002 17.382732 -53.093082 -26.382007 -29.286649 -22.979397 -13.442595 13.482809 0.818861 0.256761 -6.757099 -1.924191 13.913816 0.905311 13.112066 -2.521703 -10.513592 -7.812960 5.068512 -14.702582 29.845324 -21.894626 -8.344066 -30.909193 3.014886 12.357765 7.971702 9.505938 13.725135 1.743536 -9.814045 27.993547 -1.572540 -1.295677 2.631133 5.957655 -1.608101 7.843838 30.572217 -12.452787 33.200006 -32.216579 -13.062331 31.592800 -7.421811 0.390794 -4.989355 -27.137453 -30.345739 17.532480 4.073810 -9.295439 -9.128871 -14.197791 2.169266 18.573355 5.102243 2.108630 -2.889318 -5.918420 1.519258 -7.842816 -14.137853 -2.646623 -0.884753 -7.681524 -46.294327 2.250879 -11.811228 0.259289 -12.557299 16.336708 -38.757389 -14.132287 13.909593 -16.726073 11.732828 -13.133389 -16.346035 10.535284 -2.661420 2.355838 -3.405398 
-1.672090 107.761948 -0.580533 20.939666 27.276337 22.188424 3.479130 13.165333 -0.192472 -7.272022 0.169892 -18.989567 2.427078 20.597591 4.891594 -2.753496 4.591877 0.995686 2.641181 14.364933 2.564760 3.398685 1.550730 8.161038 3.518458 16.528450 2.817527 -0.057519 -1.199519 -5.528638 0.580428 9.822588 3.322726 1.209635 -0.384106 3.746345 3.159689 11.737147 7.098463 -6.472665 26.745643 4.294951 9.645194 -4.584669 13.817932 19.135620 26.690779 0.481797 -25.821838 -12.288557 17.382496 -51.989798 -26.149471 -29.628281 -22.977890 -13.453541 13.479059 0.424646 0.224414 -6.465140 -1.921981 13.914357 0.910763 12.382186 -3.004918 -10.504680 -7.812053 5.065463 -14.710219 28.542244 -21.980633 -7.753925 -30.909819 3.018538 12.356256 7.294734 9.769089 12.467541 1.743353 -9.817208 27.997162 -2.035903 -1.198796 2.336076 5.959019 -1.606402 7.846429 31.084222 -12.202459 33.295130 -32.219288 -13.058806 31.593777 -7.870415 0.486835 -5.347152 -27.143612 -30.348354 17.526255 3.923258 -8.831926 -8.749976 -14.201331 2.164517 18.571739 4.733743 2.719337 -3.053413 -5.913775 1.516422 -7.850584 -13.754632 -2.951990 -0.998305 -7.687156 -46.295261 2.249827 -11.854807 0.479876 -12.532991 16.345287 -38.763248 -14.129861 14.087748 -16.677411 11.875939 -13.129990 -16.352919 10.536402 -2.509021 2.599322 -3.249677 
-3.707801 108.050835 -0.147471 20.112044 26.542079 21.473949 3.485996 13.166172 -0.184098 -7.961810 0.369822 -19.501595 2.426310 20.595013 4.892733 -2.474309 4.506348 1.209125 2.645255 14.361054 2.567116 3.202298 1.527997 8.121116 3.514717 16.526979 2.810631 0.118709 -0.304546 -4.618713 0.585496 9.815719 3.318510 0.572678 -0.304321 3.862051 3.164176 11.728350 7.112154 -6.424213 26.317583 4.557929 9.645105 -4.585758 13.815376 18.591835 25.239357 0.386843 -25.835638 -12.280697 17.389568 -49.834074 -25.313060 -29.648058 -22.963537 -13.461048 13.470120 0.107566 0.570976 -5.751817 -1.923059 13.914935 0.917571 11.600708 -3.561601 -10.262680 -7.817708 5.061758 -14.711212 27.023316 -21.561522 -6.506450 -30.918896 3.025239 12.346189 6.085589 10.548928 10.774966 1.738453 -9.824682 27.999628 -2.719811 -0.859667 2.472364 5.968073 -1.592744 7.845423 31.269682 -11.947653 33.586875 -32.219303 -13.058871 31.595385 -8.312939 0.345983 -6.008410 -27.154249 -30.360329 17.517639 4.036972 -8.074196 -8.097106 -14.209571 2.162589 18.571365 4.549425 3.646965 -3.040861 -5.902682 1.516955 -7.864950 -13.197786 -3.178242 -1.873366 -7.689505 -46.289299 2.255107 -12.098748 0.658605 -12.832274 16.345011 -38.771004 -14.122719 13.430371 -16.159362 12.359261 -13.118772 -16.358084 10.534915 -2.176680 2.550243 -3.198413 
-6.247915 108.321449 0.345016 18.833844 25.751080 20.981431 3.502606 13.159398 -0.176227 -8.984531 0.278316 -19.748449 2.435602 20.585867 4.896856 -2.424874 4.245713 1.464533 2.651427 14.354188 2.567043 3.097169 1.443425 7.762658 3.517502 16.531597 2.805453 0.632048 0.647429 -3.703443 0.576687 9.816264 3.308254 0.158284 -0.556789 3.329851 3.164463 11.719935 7.134055 -5.624181 25.829467 5.147450 9.639729 -4.587535 13.814590 17.439332 23.199552 0.016094 -25.852732 -12.268950 17.391273 -46.821804 -23.961215 -29.629279 -22.954317 -13.476634 13.458152 -0.058418 0.726579 -4.919238 -1.917533 13.917652 0.924849 10.387713 -3.763160 -10.404197 -7.819565 5.057866 -14.710938 24.857545 -21.001783 -5.333214 -30.926079 3.025983 12.341249 4.800937 11.557261 8.740503 1.737307 -9.832830 27.996199 -3.400392 -0.574911 2.295715 5.976247 -1.583270 7.842505 31.319781 -11.853752 33.783000 -32.218834 -13.059601 31.591461 -8.730251 0.395121 -6.391202 -27.149837 -30.366100 17.509924 4.123446 -7.472502 -7.473894 -14.213647 2.161762 18.561766 4.320568 4.932693 -3.357828 -5.894317 1.515330 -7.876733 -12.774559 -3.739946 -2.229187 -7.691367 -46.287834 2.245242 -11.595553 0.291502 -12.774507 16.340036 -38.777107 -14.109599 13.334465 -16.060739 12.440840 -13.105879 -16.368214 10.533754 -1.392982 2.374733 -3.193766 
-9.202325 108.508972 0.816625 17.885969 24.603468 19.398318 3.524519 13.153712 -0.167410 -9.938800 0.241459 -20.110771 2.446347 20.581419 4.900480 -2.529651 3.812577 1.327070 2.662965 14.355962 2.565161 3.101058 0.977684 7.654093 3.520397 16.524954 2.806700 1.037590 1.963911 -2.965293 0.578333 9.816481 3.292444 -0.118647 -0.436900 2.872730 3.168232 11.705619 7.151520 -4.495538 24.410251 5.566788 9.636638 -4.590853 13.818458 16.991730 21.690989 -0.027342 -25.873032 -12.262060 17.396992 -43.487152 -22.347059 -29.037094 -22.945650 -13.491793 13.453120 -0.626747 1.169408 -3.642681 -1.911143 13.920628 0.931511 9.617305 -3.841840 -9.834581 -7.823969 5.047233 -14.707935 22.393086 -19.912619 -4.025731 -30.920984 3.034507 12.336861 2.629473 12.795880 5.349383 1.733792 -9.842612 28.000078 -4.198230 -0.488961 1.865365 5.983676 -1.570189 7.834183 31.905296 -11.301826 33.721600 -32.214134 -13.053984 31.587961 -8.739308 0.172876 -6.849752 -27.149992 -30.381678 17.508234 3.668688 -6.442109 -6.340076 -14.213261 2.157724 18.556398 4.083161 5.944965 -3.641884 -5.883786 1.513267 -7.895535 -12.212475 -4.509037 -3.255582 -7.691772 -46.276245 2.240968 -10.903739 0.146001 -12.621299 16.334169 -38.777370 -14.099401 13.465609 -16.173268 12.426547 -13.087568 -16.386055 10.534035 -0.631643 2.337477 -2.815118 
-12.612207 108.566460 1.230178 17.068732 23.678879 18.073200 3.544132 13.147571 -0.160846 -10.723178 0.321625 -20.017058 2.457838 20.574665 4.902644 -2.281554 4.015702 1.176718 2.673948 14.356465 2.564562 2.856697 0.514613 6.717794 3.531514 16.511854 2.802816 1.577119 3.159080 -2.390026 0.575143 9.822571 3.274340 -0.421454 0.084468 3.161775 3.178025 11.697490 7.165131 -4.000893 22.810363 5.582116 9.631649 -4.597843 13.824818 15.871060 20.292770 -0.825551 -25.888351 -12.260025 17.400497 -39.908512 -20.778725 -28.335706 -22.938486 -13.501066 13.445251 -1.262607 1.576356 -2.244651 -1.908029 13.929203 0.931581 8.704741 -3.602469 -9.273201 -7.831485 5.037625 -14.704020 20.004335 -18.189622 -2.950348 -30.923031 3.038168 12.339162 0.164632 13.774169 1.175248 1.732887 -9.858679 28.011097 -4.849161 -0.312395 1.444334 5.988534 -1.559015 7.827620 32.272671 -10.239750 33.960329 -32.208618 -13.046861 31.594398 -8.678371 -0.276888 -7.336911 -27.147238 -30.397739 17.507168 3.782066 -5.359951 -4.976852 -14.213990 2.155156 18.551598 3.897091 7.088584 -3.428567 -5.872488 1.511261 -7.921335 -12.357227 -4.375109 -4.243413 -7.683012 -46.272305 2.238711 -9.966046 0.341980 -12.228507 16.323334 -38.771652 -14.078645 13.940657 -16.338383 11.986752 -13.081959 -16.401264 10.529039 -0.399859 2.254520 -2.064822 
-16.627321 108.471252 1.567405 16.816621 23.425877 16.892617 3.562008 13.128424 -0.162667 -11.384858 0.791178 -19.561981 2.478864 20.567261 4.907539 -2.489420 3.856291 0.978009 2.680306 14.358995 2.567415 2.068289 0.146117 5.835068 3.554100 16.495022 2.800169 1.581341 3.562395 -2.230943 0.571150 9.831594 3.257644 -0.892068 0.656385 3.258211 3.179268 11.694811 7.166463 -3.583942 20.957742 5.834936 9.621171 -4.593055 13.834750 14.693229 19.580750 -1.950749 -25.902292 -12.274697 17.397375 -37.884867 -18.769327 -27.348605 -22.947685 -13.508615 13.434607 -1.696703 1.442536 -1.056968 -1.903849 13.937155 0.938508 7.623738 -3.509666 -8.655296 -7.830280 5.030878 -14.700732 17.763372 -16.070240 -1.790990 -30.918802 3.044249 12.353926 -2.830484 14.368997 -3.961093 1.727439 -9.870916 28.023176 -5.486829 -0.281725 0.442543 5.987360 -1.545094 7.824594 32.444621 -9.375491 33.788031 -32.195930 -13.040759 31.598955 -7.761238 -0.027120 -6.911263 -27.147032 -30.402361 17.501379 3.286865 -4.456717 -3.511713 -14.202882 2.147683 18.549923 3.956174 7.725490 -2.831694 -5.860695 1.511531 -7.942400 -12.677447 -4.424518 -4.498718 -7.665488 -46.274342 2.244257 -8.910618 1.064729 -12.160432 16.311621 -38.772671 -14.058608 13.976846 -16.705096 12.210182 -13.077745 -16.409597 10.527151 -0.547131 2.332515 -1.286009 
-21.375410 108.246544 1.892584 17.925111 24.807817 16.948549 3.574653 13.103888 -0.171806 -11.839104 1.156287 -19.521937 2.489297 20.564972 4.917753 -2.842265 4.894270 0.996685 2.688090 14.361570 2.572368 1.760129 -0.174161 5.786990 3.577503 16.489368 2.802064 1.112810 3.145501 -2.818989 0.566915 9.843283 3.250896 -1.383429 1.287039 3.697526 3.179277 11.692427 7.167231 -2.437676 19.763303 6.039387 9.608090 -4.586787 13.834752 13.674973 19.983327 -3.217779 -25.910511 -12.302008 17.389698 -35.909521 -16.795930 -26.065388 -22.961195 -13.510995 13.423572 -1.461241 1.829701 0.591668 -1.896997 13.945255 0.950049 6.696606 -3.065983 -8.113186 -7.830460 5.021454 -14.694120 16.180272 -13.908788 -0.827997 -30.913406 3.039343 12.372499 -6.938554 15.167980 -9.694508 1.722112 -9.876621 28.033287 -6.195075 0.309176 -0.431885 5.981486 -1.537400 7.819318 32.443426 -8.999742 34.254765 -32.190861 -13.037442 31.611687 -6.644422 0.675347 -5.804058 -27.160683 -30.415939 17.498926 3.019149 -3.294972 -3.198799 -14.202271 2.147466 18.553173 4.199062 8.244306 -2.484814 -5.845603 1.513370 -7.964001 -13.686484 -4.873410 -4.414300 -7.649600 -46.295361 2.248703 -8.384618 1.654095 -11.470569 16.304697 -38.773232 -14.027566 14.727751 -16.708564 12.569724 -13.076566 -16.416452 10.515920 -1.122532 2.504265 -1.463351 
-26.766329 107.888847 2.346613 18.545446 28.155980 16.652546 3.578841 13.077028 -0.190509 -11.552284 1.237489 -19.313273 2.499231 20.554295 4.934821 -3.114497 6.351350 0.945818 2.690687 14.367817 2.577940 0.734454 -0.209669 6.228575 3.596972 16.481920 2.799245 0.107974 2.797355 -3.611753 0.569590 9.846036 3.239613 -2.365906 2.343817 4.166961 3.186242 11.694089 7.171351 -1.536209 18.993866 5.663253 9.599857 -4.567321 13.841539 11.629193 20.413904 -5.507396 -25.901138 -12.346968 17.373745 -35.240395 -15.130688 -26.129579 -22.976381 -13.514901 13.421926 -0.827102 2.287875 1.499686 -1.900957 13.955211 0.954929 5.041546 -2.633033 -7.308404 -7.814869 5.018596 -14.682051 14.767854 -11.992175 -0.194300 -30.900814 3.031271 12.386887 -11.969578 14.786779 -16.351968 1.713726 -9.884229 28.044868 -7.219003 1.174809 -0.208421 5.974606 -1.532683 7.814318 31.914728 -8.394122 34.789698 -32.183285 -13.030799 31.633656 -5.433330 1.882586 -4.421871 -27.173254 -30.422546 17.493834 3.007379 -1.780264 -2.930537 -14.196891 2.154691 18.551270 4.316885 8.390226 -2.417520 -5.833353 1.511496 -7.985027 -15.009011 -5.526175 -3.959202 -7.626522 -46.304482 2.254305 -8.324640 2.636297 -11.395058 16.302496 -38.767025 -13.999516 15.234836 -16.131630 12.946423 -13.067349 -16.410168 10.512256 -1.807478 2.584563 -1.620871 
-32.530548 107.452324 3.026195 19.200917 34.127744 16.814268 3.590546 13.046481 -0.214919 -11.324422 2.020488 -19.006818 2.497002 20.549541 4.960438 -4.193450 7.800828 1.243668 2.681555 14.358284 2.576339 0.316333 -0.219941 7.463193 3.614507 16.487995 2.782653 -1.166371 2.979200 -5.120795 0.572644 9.844574 3.234470 -3.180813 2.592558 5.137831 3.190011 11.695911 7.167564 -0.709155 18.250016 6.022515 9.593860 -4.541405 13.838019 8.674159 21.612648 -8.039948 -25.884720 -12.398270 17.352722 -35.324598 -13.568852 -25.419411 -22.985903 -13.513340 13.416669 0.430045 2.720373 1.878864 -1.899665 13.950371 0.961910 3.645306 -2.429829 -7.037074 -7.795524 5.021271 -14.669312 13.788783 -10.329196 -0.073090 -30.890211 3.022507 12.405073 -16.421306 13.709739 -22.758173 1.716220 -9.897878 28.053738 -8.200648 1.369194 -0.466980 5.954673 -1.533068 7.803017 31.538074 -7.099133 35.381060 -32.187595 -13.020894 31.645538 -3.807843 3.484382 -2.089564 -27.186693 -30.431587 17.471603 3.403851 0.003812 -2.757409 -14.192095 2.154535 18.543806 4.598207 8.116628 -1.740630 -5.830918 1.501244 -8.002102 -17.062743 -6.855773 -2.419725 -7.606312 -46.304989 2.269636 -9.109062 3.478498 -11.461911 16.297754 -38.750221 -13.988959 15.541984 -14.793739 13.373675 -13.053447 -16.399412 10.507316 -2.714701 2.650093 -2.155674 
-38.438061 106.963417 3.988734 19.974002 41.721674 17.448338 3.602639 13.020411 -0.228998 -11.751702 3.297886 -20.339740 2.475362 20.550417 4.979260 -5.468760 9.392148 1.299286 2.664088 14.335071 2.579780 -0.796837 -0.378828 8.654966 3.631193 16.489002 2.770612 -2.376455 3.033163 -7.219107 0.580708 9.835677 3.231330 -4.618175 2.937954 5.942242 3.213161 11.696194 7.151010 0.345924 17.743805 5.779149 9.574021 -4.511572 13.838820 4.640261 22.252347 -11.750038 -25.862909 -12.444324 17.318932 -34.919311 -12.254076 -24.760532 -22.998869 -13.499861 13.406272 1.525047 3.286675 1.899632 -1.890072 13.953957 0.968302 1.645569 -2.430887 -6.471856 -7.775641 5.018182 -14.654344 13.057880 -9.275593 -0.026530 -30.869249 3.019493 12.411140 -21.026007 11.495844 -28.953906 1.720608 -9.914906 28.060429 -8.767205 0.975329 -0.298272 5.940165 -1.527086 7.792909 32.123083 -5.470097 35.351850 -32.177261 -13.004466 31.647442 -2.870622 4.434296 0.268160 -27.187044 -30.445810 17.458858 4.078231 1.467063 -3.241092 -14.186131 2.155549 18.527761 4.853790 7.838063 -1.774335 -5.834713 1.507341 -8.002341 -19.319817 -7.743134 -0.659887 -7.589980 -46.307343 2.269200 -9.347973 4.981993 -11.001286 16.286701 -38.716389 -13.992652 17.038602 -14.107532 13.589900 -13.027344 -16.392662 10.515266 -3.644148 1.986402 -3.143237 
-44.472748 106.359032 5.260970 24.659425 52.811675 22.729666 3.601705 13.000815 -0.233725 -12.629158 4.352325 -21.778521 2.464522 20.551687 4.979971 -6.726334 11.382921 1.576031 2.653141 14.298783 2.569191 -2.801724 -1.152064 9.257012 3.645225 16.475571 2.767121 -3.624843 2.819457 -9.821035 0.590501 9.860561 3.234681 -6.378534 3.237072 6.505232 3.236866 11.722568 7.138960 0.609564 17.005602 4.288482 9.553454 -4.487032 13.846570 1.511934 22.619835 -15.411731 -25.865025 -12.469184 17.284777 -34.151134 -10.057841 -23.952025 -23.014353 -13.496146 13.389904 2.677421 4.212749 2.029483 -1.892367 13.971262 0.987713 0.103032 -2.671732 -6.241528 -7.744886 5.002594 -14.633742 11.963761 -10.030826 -0.311617 -30.838350 3.018892 12.419467 -25.327236 7.035176 -35.675693 1.733657 -9.923360 28.067598 -8.018393 1.343269 -0.758412 5.938801 -1.511075 7.780429 32.816375 -4.944221 35.412823 -32.167656 -12.992468 31.639040 -2.168413 5.112970 2.394030 -27.170000 -30.442490 17.475048 4.458185 1.766381 -3.635127 -14.185404 2.165195 18.531574 4.139965 7.838084 -1.366945 -5.845397 1.527830 -7.989292 -20.933789 -8.246026 0.355511 -7.585952 -46.331760 2.246005 -8.561488 6.150005 -9.609574 16.255043 -38.689552 -13.992793 18.329246 -13.578208 13.845181 -13.002625 -16.383202 10.531955 -4.360718 1.348718 -4.391169 
-50.553051 105.524345 6.688922 41.844416 66.705649 39.934873 3.596191 12.993750 -0.224648 -13.381637 4.908424 -23.304431 2.462617 20.554863 4.972840 -7.192799 12.957224 1.531550 2.662787 14.278646 2.572292 -3.871967 -1.365601 9.735577 3.638404 16.466398 2.788864 -5.723543 2.396641 -12.616337 0.579837 9.891750 3.229051 -7.488498 4.004521 7.388262 3.232534 11.740072 7.128569 0.898376 17.470603 2.047815 9.536537 -4.467782 13.845040 -1.032899 22.088999 -17.816665 -25.874313 -12.481947 17.259806 -32.277036 -7.285307 -21.198718 -23.019924 -13.494199 13.382128 3.739525 4.301083 3.259472 -1.897902 13.991193 1.003122 -0.961439 -2.788506 -7.387708 -7.720316 5.007820 -14.622541 10.910233 -11.266817 0.044550 -30.822149 3.009904 12.413089 -28.778022 1.845992 -40.722254 1.739607 -9.918404 28.071709 -7.229344 2.435773 -0.814048 5.954458 -1.489898 7.795379 32.823775 -6.087428 36.485088 -32.169987 -13.006768 31.634939 -1.501465 5.961413 3.426137 -27.155535 -30.445951 17.510317 4.721857 1.346592 -4.155055 -14.205025 2.185917 18.532516 3.349542 7.532667 -1.398329 -5.847719 1.560029 -7.990998 -21.879372 -8.020081 0.000985 -7.590493 -46.371475 2.209301 -7.193127 7.530377 -8.458140 16.208853 -38.670387 -13.972705 19.333404 -13.143802 12.880814 -13.002039 -16.376158 10.525935 -4.798881 1.140050 -5.232372 
-56.462170 104.480598 7.969276 74.007299 74.360857 70.919931 3.583293 13.000975 -0.226204 -13.244741 5.947574 -24.389803 2.480509 20.550344 4.968243 -7.119551 14.090095 0.745763 2.672972 14.269594 2.559561 -4.276159 -1.599273 9.741033 3.628045 16.449015 2.794363 -7.074483 0.544736 -15.766667 0.564993 9.915968 3.233979 -6.918052 5.182348 8.987200 3.215134 11.767419 7.109295 0.760575 17.264727 -0.288986 9.539116 -4.454530 13.827967 -1.666499 21.129841 -18.398470 -25.878384 -12.487545 17.270304 -30.329499 -5.637171 -17.564330 -23.019705 -13.494211 13.380066 4.706494 4.464771 4.447359 -1.911763 13.993661 1.023442 0.617498 -0.799664 -8.804091 -7.713234 5.022533 -14.631269 10.222183 -12.097691 -0.097596 -30.803997 2.988720 12.396035 -29.898180 -3.321006 -42.965807 1.737422 -9.911739 28.061914 -6.673762 3.569099 -0.986677 5.975781 -1.474901 7.809005 32.940203 -6.025952 37.233728 -32.177837 -13.027719 31.656666 -1.000036 6.535037 3.544923 -27.154203 -30.436903 17.548531 5.262855 0.983434 -2.742400 -14.227686 2.192778 18.542446 2.566483 6.657976 -0.731660 -5.844398 1.580709 -7.999875 -22.062052 -6.190013 -0.443221 -7.582924 -46.402534 2.175423 -5.966247 8.414071 -6.136227 16.163540 -38.667221 -13.951138 20.206630 -12.350560 11.996530 -13.012925 -16.371998 10.503625 -5.289526 0.722903 -5.497545 
-61.844849 103.350792 8.868546 93.063124 75.164654 90.462010 3.573359 13.025002 -0.233038 -12.302580 7.137505 -25.098041 2.490499 20.556036 4.976536 -6.990080 14.165180 -0.399047 2.673675 14.265563 2.548220 -4.252193 -2.317795 9.868739 3.629275 16.448046 2.788562 -6.879510 -1.754068 -18.483680 0.569549 9.934158 3.249863 -5.945637 5.623933 10.101522 3.203660 11.784108 7.086609 -0.103447 17.232559 -2.049198 9.541962 -4.440709 13.828067 -0.358497 20.300531 -15.883571 -25.874344 -12.481670 17.284637 -28.139123 -4.727443 -14.999089 -23.021496 -13.497847 13.387008 5.256672 4.335359 5.068918 -1.921509 13.987905 1.042852 2.895720 2.347761 -10.472164 -7.711210 5.045944 -14.646832 10.472829 -13.202112 -0.208950 -30.800335 2.968570 12.391907 -29.721940 -8.881061 -43.177666 1.723044 -9.907326 28.051628 -5.826425 3.558447 -1.042489 5.994813 -1.472065 7.824396 33.712192 -5.207759 37.069161 -32.176422 -13.034383 31.682888 -0.956295 5.667397 4.232704 -27.167643 -30.430082 17.572596 5.728410 1.054926 -2.201536 -14.233187 2.199520 18.567404 2.437944 6.189063 -0.502240 -5.863924 1.585509 -8.008750 -22.828823 -4.004927 -1.151467 -7.578096 -46.419987 2.152816 -4.665276 9.325011 -4.178379 16.148849 -38.671394 -13.940207 20.506349 -12.106895 11.405596 -13.031724 -16.382294 10.488590 -5.780138 0.429402 -5.796658 
-66.430504 102.256172 9.348051 94.745188 75.405398 91.987909 3.556677 13.040835 -0.242545 -10.723324 7.682085 -25.169005 2.493373 20.554611 4.983397 -6.317864 13.141196 -1.638092 2.659934 14.262834 2.534945 -3.627613 -3.329711 9.860247 3.629017 16.447603 2.783542 -5.904948 -3.913310 -20.068081 0.573428 9.936161 3.270444 -4.937619 5.656744 10.117702 3.192713 11.791111 7.074934 -0.857102 16.595340 -3.507671 9.541893 -4.432701 13.824815 1.224001 19.409436 -12.347029 -25.867670 -12.466235 17.301136 -26.744989 -4.447006 -14.018658 -23.015015 -13.497913 13.388531 5.281993 4.157593 5.380983 -1.932029 13.979686 1.047701 5.444148 5.076965 -11.416158 -7.713634 5.057182 -14.663681 11.778255 -14.539250 -0.074776 -30.796515 2.954962 12.386445 -27.960430 -13.791097 -41.690915 1.706270 -9.900320 28.030235 -4.596673 3.195038 -0.863606 6.002232 -1.477295 7.833831 34.617854 -3.567907 35.701050 -32.169590 -13.039998 31.693766 -0.926750 4.582483 4.798191 -27.169996 -30.407543 17.581509 5.562692 2.211991 -1.368272 -14.219391 2.200602 18.595015 2.460315 6.182934 -0.533846 -5.885164 1.584366 -8.017502 -23.235269 -1.922981 -2.186118 -7.575805 -46.422112 2.149404 -2.761298 10.057148 -2.124325 16.135860 -38.685650 -13.934687 19.885181 -12.036194 11.047285 -13.046544 -16.371748 10.471609 -6.184851 -0.110972 -5.926131 
-70.058701 101.318451 9.510557 91.357216 75.363843 89.129153 3.546948 13.052934 -0.255289 -9.681470 8.432448 -24.390665 2.488576 20.549955 4.983232 -6.053411 12.156975 -2.994568 2.646071 14.274533 2.531085 -3.679981 -4.025684 10.002700 3.636677 16.447195 2.778920 -4.923994 -4.898586 -21.346744 0.578090 9.935658 3.287139 -3.782399 4.996801 9.953598 3.189146 11.798466 7.061549 -1.964740 16.153365 -4.371310 9.547015 -4.422894 13.824701 2.782589 18.801047 -8.813320 -25.855953 -12.448138 17.316051 -25.543678 -4.483664 -13.115024 -23.011051 -13.497211 13.387449 4.917116 4.302321 5.681264 -1.937967 13.981388 1.049616 7.764806 6.773545 -12.165252 -7.730677 5.068944 -14.666550 13.124906 -15.446579 -0.390942 -30.791981 2.946308 12.388868 -26.303579 -18.064845 -40.046338 1.701544 -9.905619 28.018490 -3.393069 2.181680 -0.637797 6.008860 -1.488751 7.842558 35.435749 -1.964372 34.115115 -32.161240 -13.038223 31.690823 -0.351760 3.116086 5.581794 -27.169149 -30.390635 17.594791 5.137074 3.402135 -0.750147 -14.212705 2.201373 18.615717 2.963539 6.001472 -0.428507 -5.904099 1.579407 -8.025266 -23.825387 -0.237620 -3.079299 -7.574965 -46.424412 2.151033 -0.856769 10.639725 -0.019238 16.138651 -38.690262 -13.938140 19.178712 -11.873717 10.059486 -13.052088 -16.368189 10.455455 -6.651997 -0.737561 -5.571519 
-72.484734 100.633865 9.507506 84.526979 75.577566 82.383645 3.538821 13.067977 -0.258078 -8.633701 8.807053 -23.789824 2.485589 20.548622 4.975358 -5.314838 11.573343 -3.536189 2.631629 14.285971 2.522090 -3.373331 -4.338244 10.001456 3.638764 16.444172 2.779066 -4.748558 -5.624204 -21.461624 0.584568 9.922991 3.289227 -3.371656 4.758825 9.997303 3.192129 11.796899 7.056526 -2.613923 15.098884 -4.179902 9.557853 -4.428590 13.823063 3.234458 18.528760 -6.854900 -25.855967 -12.435666 17.326591 -24.811548 -4.449892 -13.812523 -23.002783 -13.497503 13.396617 4.066044 4.447541 5.794304 -1.940521 13.977698 1.037266 8.970930 7.217109 -12.040490 -7.741805 5.076649 -14.672051 14.443140 -16.996658 -0.614021 -30.788298 2.942412 12.388589 -24.707680 -21.106808 -38.468667 1.691812 -9.907464 28.005674 -2.791722 1.722109 0.035956 6.009048 -1.502827 7.844929 35.797042 -0.587288 32.309650 -32.153706 -13.041974 31.690042 0.093817 2.125977 5.875269 -27.171511 -30.383892 17.593111 5.069772 4.488059 0.032753 -14.206608 2.202089 18.633472 2.753562 5.361991 -0.179496 -5.914483 1.570253 -8.028960 -24.256804 0.542734 -3.479792 -7.576860 -46.420311 2.157453 0.356040 11.604065 0.832788 16.133919 -38.691513 -13.934589 18.384830 -12.263782 9.515893 -13.057815 -16.356026 10.443544 -6.786698 -1.364313 -5.135816 
-73.389702 100.338455 9.463165 81.255243 75.380993 78.975305 3.537775 13.071377 -0.256422 -8.390064 8.561825 -23.589288 2.477112 20.544661 4.976276 -5.314848 10.925402 -3.709473 2.620548 14.284677 2.516477 -3.307834 -4.428426 9.744637 3.638012 16.450024 2.780238 -4.495746 -5.688722 -21.558802 0.583889 9.919506 3.289973 -2.999341 4.609660 9.552608 3.195120 11.791123 7.059335 -2.673227 15.076676 -4.432456 9.559032 -4.429359 13.823431 3.777872 18.111985 -5.611681 -25.853973 -12.426450 17.326910 -24.079723 -4.541392 -13.775355 -23.002441 -13.496490 13.396353 3.650297 4.496216 5.863277 -1.941299 13.977971 1.030131 9.257894 7.266775 -12.220281 -7.743830 5.078176 -14.669861 14.887879 -17.454577 -0.498637 -30.791309 2.942808 12.386566 -24.003853 -22.067829 -37.960002 1.686340 -9.901756 28.002634 -2.116245 1.151529 0.097099 6.011396 -1.505137 7.842391 35.978004 -0.158244 31.633526 -32.148315 -13.044520 31.683458 0.187488 1.614431 6.356090 -27.167645 -30.376467 17.595284 4.799711 4.815306 -0.338026 -14.201640 2.199492 18.637875 2.648719 5.270349 -0.443290 -5.918789 1.568455 -8.030936 -24.490531 1.018888 -3.472366 -7.578438 -46.416435 2.158440 1.363467 11.525787 1.531614 16.134272 -38.698895 -13.937950 17.919869 -12.298337 9.283112 -13.056794 -16.353712 10.443010 -6.502643 -1.605662 -4.868768 
-72.508629 100.538445 9.443192 83.897392 75.489436 81.859223 3.539520 13.065009 -0.256801 -8.865642 8.756355 -23.838593 2.482759 20.546360 4.983675 -5.723293 11.283967 -3.702890 2.630162 14.280352 2.520200 -3.140782 -4.144724 9.832383 3.634635 16.457012 2.773097 -4.287782 -5.700630 -21.370755 0.581565 9.922181 3.293466 -3.429718 4.540915 9.758710 3.193119 11.789129 7.060776 -2.495861 15.039928 -3.951130 9.557758 -4.431879 13.826136 3.342812 18.645074 -6.677628 -25.855568 -12.435381 17.326199 -24.782739 -4.436312 -13.520021 -23.002459 -13.498689 13.394103 4.010537 4.347237 5.863208 -1.943788 13.978779 1.030587 9.098154 7.726780 -12.390993 -7.741637 5.078256 -14.672310 14.834370 -16.500743 -0.809928 -30.789726 2.939081 12.389163 -24.665206 -21.026235 -38.429834 1.690220 -9.903728 28.003969 -2.719641 1.674074 -0.125610 6.009719 -1.506016 7.841183 35.784280 -0.669145 32.467379 -32.154701 -13.045624 31.688543 0.185977 2.194187 6.379071 -27.171619 -30.382463 17.594645 5.047645 4.773246 -0.506708 -14.207048 2.201155 18.633554 3.085556 5.215104 -0.042127 -5.914822 1.567813 -8.029392 -24.366114 0.737830 -3.379232 -7.572657 -46.416771 2.159484 0.894229 11.364204 1.389072 16.139807 -38.698212 -13.938356 18.209112 -12.099837 9.481023 -13.056189 -16.358181 10.439002 -6.487707 -1.598643 -4.897876 
-69.841629 101.218544 9.365997 89.858515 75.217404 87.456495 3.545266 13.060232 -0.251511 -9.534386 8.358372 -24.570040 2.491364 20.553616 4.981918 -5.661871 12.212827 -2.568361 2.647766 14.275951 2.526712 -3.492930 -3.784972 9.879650 3.633572 16.450583 2.781861 -5.004261 -5.040671 -21.067063 0.577877 9.929590 3.281970 -3.810673 5.170030 10.151475 3.192674 11.791717 7.065249 -1.943212 15.908412 -3.798789 9.551722 -4.431250 13.824481 2.472293 18.979381 -9.173893 -25.860588 -12.447526 17.318752 -25.542500 -4.416859 -13.693248 -23.011393 -13.498137 13.394549 4.520791 4.227544 5.531387 -1.931806 13.979481 1.045679 7.533132 6.707908 -11.540615 -7.729729 5.067390 -14.673553 13.765055 -15.445418 -0.216156 -30.795750 2.949007 12.388834 -25.950042 -17.640109 -39.606874 1.695823 -9.901485 28.019699 -3.372837 2.262524 -0.428756 6.007773 -1.490527 7.840178 35.276230 -1.565141 33.817984 -32.163975 -13.040868 31.698086 -0.232231 3.108881 5.668153 -27.175810 -30.393003 17.588264 5.304310 3.496004 -0.832673 -14.213155 2.200708 18.621368 2.730270 5.846509 -0.547765 -5.896167 1.581764 -8.027245 -23.974249 -0.442066 -2.816869 -7.574955 -46.426407 2.153676 -0.806231 11.014718 0.006511 16.140533 -38.698956 -13.941041 19.058659 -12.164995 10.410758 -13.052087 -16.364889 10.453978 -6.675148 -0.859066 -5.584738 
-65.545807 102.278992 9.059931 95.929085 75.097438 93.508616 3.555758 13.045773 -0.240502 -10.973958 7.851106 -25.231383 2.493706 20.560019 4.985683 -6.279076 13.152557 -1.063522 2.660301 14.260697 2.533160 -3.635593 -2.956720 9.579503 3.631362 16.455517 2.787788 -5.894881 -3.638890 -20.298950 0.570745 9.940951 3.264821 -5.202765 5.556452 9.882211 3.203680 11.790519 7.080896 -0.668936 16.881941 -3.128346 9.544584 -4.440268 13.829274 1.073605 19.604839 -13.298798 -25.864767 -12.468132 17.296671 -27.047481 -4.300039 -13.715154 -23.020000 -13.500930 13.395277 5.195549 4.205653 5.422705 -1.925217 13.988533 1.054704 4.776260 4.851776 -10.850550 -7.718179 5.057566 -14.668585 12.136541 -13.617223 -0.303439 -30.796568 2.954924 12.389599 -28.337756 -12.301018 -41.417007 1.709408 -9.901133 28.043703 -4.627169 3.046113 -1.046052 6.004573 -1.478989 7.831657 34.439689 -3.278649 35.748759 -32.180504 -13.040430 31.703812 -0.956235 4.859785 5.348727 -27.171917 -30.417419 17.578434 5.954386 1.821871 -1.512149 -14.228869 2.208218 18.595947 2.610453 6.072041 -0.650072 -5.879754 1.588262 -8.019639 -23.315838 -2.408666 -1.482701 -7.574788 -46.433887 2.148860 -2.768691 9.902413 -2.015827 16.144697 -38.693710 -13.939446 19.977977 -12.228930 11.276702 -13.038820 -16.378710 10.474577 -6.072861 0.031969 -6.058721 
-59.768555 103.570488 8.296739 89.857948 74.795646 87.267087 3.578386 13.027083 -0.231447 -12.437387 6.601427 -25.003707 2.494755 20.564867 4.977503 -6.696493 14.207370 0.607289 2.670519 14.262295 2.553006 -4.232796 -1.849834 10.131607 3.631243 16.453053 2.788213 -7.056216 -1.234280 -18.042020 0.565899 9.933851 3.241040 -6.744650 5.368420 9.480859 3.212454 11.780612 7.102531 0.597158 17.294575 -1.151991 9.545478 -4.454433 13.830831 -0.955911 20.500867 -17.838340 -25.877394 -12.481560 17.284868 -29.217107 -4.630044 -15.827538 -23.021067 -13.496377 13.397719 5.281464 4.492766 4.628045 -1.912302 13.994190 1.043112 1.579828 1.576808 -9.104760 -7.712335 5.029583 -14.658188 11.305139 -12.370580 -0.669736 -30.806799 2.976917 12.394157 -29.661794 -6.274357 -42.392064 1.721295 -9.908264 28.065281 -6.322999 3.948185 -1.408281 5.986768 -1.475357 7.813936 32.932809 -4.786766 37.041239 -32.187794 -13.038778 31.684742 -0.971078 6.248065 4.413747 -27.168684 -30.439358 17.559221 5.915886 0.736768 -2.412535 -14.237666 2.204674 18.568789 2.821641 6.528956 -0.816767 -5.857067 1.588177 -8.005394 -22.708303 -5.134943 -0.164851 -7.587118 -46.425781 2.172525 -4.984051 9.192637 -4.557406 16.161209 -38.693573 -13.948009 19.812883 -12.319839 12.466676 -13.022471 -16.378197 10.498232 -5.629165 0.579337 -6.090753 
-52.803680 104.861923 6.965851 58.621048 71.416267 57.007566 3.590127 13.006981 -0.224893 -13.393580 5.384680 -23.911936 2.473261 20.566456 4.976139 -6.385614 13.968206 1.928674 2.664962 14.260879 2.557917 -4.107349 -1.420438 9.697560 3.634298 16.462135 2.781639 -5.975418 1.369600 -14.355560 0.571664 9.918221 3.230824 -8.074050 4.312013 7.684427 3.246702 11.757888 7.129031 1.295518 17.312853 1.330851 9.542037 -4.468439 13.835576 -1.233347 21.304596 -19.168318 -25.877981 -12.489673 17.264675 -31.158210 -6.175321 -19.666640 -23.019444 -13.494395 13.388865 4.428508 4.736632 2.899795 -1.901317 14.000293 1.020629 -0.825688 -2.030876 -6.610525 -7.718820 5.006336 -14.648719 11.983347 -10.789049 -0.965345 -30.823750 3.001622 12.412610 -29.258037 0.499273 -40.990325 1.735154 -9.914135 28.079336 -6.774683 3.242949 -1.308178 5.963835 -1.486803 7.784534 32.336725 -5.263140 36.238593 -32.188587 -13.019490 31.657925 -1.468993 6.946950 4.613917 -27.163261 -30.445431 17.522747 5.508177 0.992835 -3.567074 -14.229596 2.194915 18.549860 3.348243 7.647817 -1.369706 -5.843256 1.565662 -7.993461 -22.356474 -7.685579 1.044375 -7.589371 -46.400295 2.204695 -6.158926 7.696284 -6.307490 16.209459 -38.705017 -13.966390 19.162767 -13.147909 13.763399 -13.000569 -16.379980 10.521141 -5.061851 0.832915 -5.640051 
-45.176792 105.863503 5.215178 27.583777 56.211084 26.168681 3.600057 13.011753 -0.231945 -12.864225 4.524789 -22.567138 2.470781 20.573610 4.985548 -5.955691 11.360010 2.202548 2.651617 14.277547 2.570532 -2.841816 -1.223858 9.268160 3.643352 16.486023 2.763855 -3.688403 1.947315 -10.729984 0.584787 9.873512 3.231780 -8.133522 3.449003 6.298501 3.252300 11.717644 7.143418 1.350945 16.770160 4.169100 9.540423 -4.482235 13.849915 1.429769 22.019548 -15.966751 -25.865557 -12.482849 17.274336 -33.524638 -9.100851 -23.563021 -23.011997 -13.502827 13.394754 3.183069 4.395171 1.282874 -1.890895 13.980689 1.002203 -0.615386 -2.805763 -5.237230 -7.741832 4.996557 -14.656036 13.211617 -9.103279 -0.906306 -30.846231 3.022601 12.428206 -25.671324 6.418722 -35.416051 1.725399 -9.918395 28.080177 -7.789482 1.954233 -0.873803 5.934965 -1.509301 7.761685 32.473871 -4.150721 34.948528 -32.183895 -12.998358 31.654119 -2.452239 5.776077 3.795399 -27.172575 -30.450272 17.471859 4.953658 1.825372 -3.703027 -14.196132 2.180853 18.543036 4.457233 8.798461 -2.111062 -5.845248 1.537220 -7.992414 -21.629689 -8.477531 1.017487 -7.593935 -46.344872 2.257682 -7.227727 6.419289 -8.183201 16.272001 -38.723522 -13.997942 17.876770 -13.652892 15.138563 -12.994820 -16.386911 10.536018 -4.658011 1.551333 -4.624973 
-37.405113 106.504463 3.516025 21.031629 42.450070 19.438331 3.599667 13.035569 -0.230903 -11.441889 3.221115 -19.923139 2.486787 20.565756 4.979809 -4.157395 9.028041 2.266401 2.660936 14.319724 2.578730 -0.661895 -0.013502 8.353028 3.631662 16.500650 2.763852 -1.891671 2.448230 -7.554957 0.578247 9.854124 3.232081 -6.263618 2.849410 5.549901 3.225900 11.696767 7.157557 0.674439 17.508252 5.848452 9.573941 -4.513766 13.842900 5.930496 21.337000 -11.604672 -25.871101 -12.451535 17.322008 -34.644427 -11.219154 -25.423451 -23.000837 -13.507466 13.413285 1.548562 3.669035 0.895148 -1.892009 13.961508 0.984365 1.211376 -3.033180 -5.017850 -7.781734 5.013000 -14.688506 14.743892 -8.274363 -1.213258 -30.881813 3.021479 12.419253 -20.474045 11.544670 -26.877664 1.713854 -9.908673 28.084520 -8.507065 1.723585 -0.629975 5.933084 -1.529882 7.769759 31.279715 -4.437331 34.429850 -32.199936 -13.008006 31.669527 -3.200433 5.334230 1.468474 -27.198805 -30.446941 17.455555 4.301248 1.097432 -3.052461 -14.198505 2.168522 18.553577 4.999926 9.013984 -2.317722 -5.835168 1.504836 -8.005486 -19.514074 -7.959380 -0.008793 -7.594985 -46.321651 2.290683 -7.851478 4.909602 -10.079555 16.318855 -38.773857 -13.996200 15.790214 -14.664237 15.373764 -13.027248 -16.399570 10.529602 -3.551611 2.231155 -3.453076 
-29.630642 106.860352 2.155373 19.659566 32.819233 18.935520 3.584449 13.068145 -0.202534 -11.561825 2.052451 -19.003710 2.504064 20.571688 4.950699 -2.590839 6.479952 1.885168 2.675124 14.350641 2.582489 0.674034 0.088005 6.485657 3.606536 16.497021 2.789069 -0.553433 1.957133 -5.467950 0.568641 9.866495 3.237287 -4.456743 2.142284 4.181703 3.203671 11.696193 7.176167 -0.697796 18.161837 5.647210 9.593864 -4.552047 13.847841 10.669873 19.610855 -6.995005 -25.904188 -12.390663 17.364260 -34.413194 -12.682037 -25.534235 -22.987797 -13.517428 13.423141 0.100456 3.131986 0.857143 -1.900798 13.962018 0.976557 3.467782 -3.013101 -5.783202 -7.812568 5.020144 -14.710349 16.163993 -9.240321 -1.007321 -30.906427 3.025133 12.412003 -14.463948 13.656755 -18.973519 1.702507 -9.888209 28.069244 -7.639505 1.810507 -0.600237 5.959202 -1.540030 7.781221 30.869009 -6.041839 33.774961 -32.204453 -13.026094 31.662804 -4.557222 3.605269 -1.216329 -27.194670 -30.434521 17.483456 3.753504 -1.533430 -2.839727 -14.211012 2.170797 18.574066 5.011192 9.342770 -2.558660 -5.836644 1.508682 -7.999743 -16.964984 -6.070369 -2.257956 -7.624662 -46.325871 2.273757 -6.321183 3.157629 -10.158183 16.332935 -38.809929 -13.994867 14.049364 -16.222271 14.931576 -13.054317 -16.416935 10.526887 -2.009803 2.870387 -2.161278 
-22.040184 106.983650 1.182232 16.988166 26.837977 18.151279 3.571662 13.103459 -0.167486 -11.807837 1.732381 -19.243247 2.502503 20.585325 4.927336 -1.419592 4.312718 1.769330 2.669012 14.344690 2.570339 1.902837 -0.266871 5.133540 3.584353 16.497585 2.800822 0.642769 1.930121 -4.088393 0.568940 9.867281 3.245905 -3.455045 1.003200 3.252411 3.193864 11.694895 7.175738 -1.740125 18.728114 5.174017 9.605773 -4.581336 13.845228 13.360933 18.069407 -4.800297 -25.924152 -12.332973 17.387764 -34.593501 -14.922242 -25.689976 -22.970171 -13.514059 13.432260 -1.199588 2.706559 -0.031057 -1.905434 13.958596 0.961918 5.632058 -3.596702 -6.334226 -7.818274 5.024789 -14.718920 18.100206 -11.092611 -1.618890 -30.920547 3.036361 12.400926 -8.348083 13.859271 -11.124292 1.700069 -9.875914 28.055265 -5.692786 1.030758 -0.183967 5.975742 -1.535607 7.789168 31.190431 -6.346651 32.465805 -32.212826 -13.031315 31.639923 -6.419523 2.136905 -3.879689 -27.169554 -30.420460 17.489370 3.479050 -3.673791 -3.087065 -14.219675 2.175115 18.580877 3.934794 9.647628 -3.348887 -5.855167 1.510987 -7.970627 -15.025909 -4.735829 -3.468023 -7.654397 -46.316116 2.254953 -4.934221 1.758552 -9.964935 16.328350 -38.825153 -14.018027 13.293264 -17.214862 13.868930 -13.070275 -16.434528 10.535832 -1.187982 2.628743 -1.824119 
-15.263829 106.884834 0.475074 15.217296 25.087920 17.667684 3.551198 13.124639 -0.152570 -10.996844 1.778457 -19.237393 2.479774 20.593019 4.911775 -1.050899 3.122595 2.024035 2.657729 14.345013 2.563070 2.796462 0.206506 5.503655 3.556526 16.511475 2.802631 1.461512 2.366389 -3.768540 0.576311 9.854118 3.256442 -2.313208 0.103840 2.594675 3.183883 11.703933 7.175595 -2.792558 20.366465 4.852630 9.619319 -4.585396 13.832988 14.843239 18.049297 -3.456888 -25.912762 -12.294034 17.397366 -36.061138 -17.082180 -27.147524 -22.952839 -13.508718 13.444245 -1.517984 2.361093 -2.299980 -1.905114 13.938335 0.956874 7.086576 -3.655634 -7.288193 -7.821943 5.039798 -14.728512 20.240304 -13.314245 -2.751532 -30.925339 3.038454 12.379295 -3.389442 12.844217 -3.837486 1.715309 -9.870070 28.038692 -4.442329 -0.219630 0.718594 5.976130 -1.550686 7.793877 31.095963 -5.998318 30.982008 -32.218063 -13.033954 31.618168 -7.505506 1.126344 -4.833063 -27.158720 -30.407156 17.501673 4.282911 -5.565974 -3.956024 -14.224423 2.171152 18.573236 3.336289 8.543506 -3.667118 -5.871461 1.510234 -7.942462 -13.698550 -3.775094 -3.558114 -7.680537 -46.286060 2.242251 -4.612768 0.835832 -10.895853 16.335630 -38.820595 -14.062875 11.738239 -16.975312 12.971680 -13.075528 -16.430080 10.540593 -0.427515 2.032741 -2.203494 
-9.682051 106.557938 -0.171227 15.359972 25.631723 18.460990 3.521436 13.140362 -0.150862 -10.036974 1.233242 -19.159261 2.458741 20.607571 4.908492 -1.320755 3.301235 2.192930 2.646713 14.352345 2.564813 3.273239 0.782339 6.554044 3.531302 16.529449 2.801175 1.061496 1.651560 -4.475139 0.584234 9.841640 3.273494 -1.486697 -0.854456 2.809973 3.169233 11.714695 7.164284 -4.164475 22.280343 4.016159 9.627949 -4.576785 13.824578 15.694200 19.393694 -2.860998 -25.894213 -12.289558 17.400171 -39.823066 -19.431612 -27.949003 -22.950483 -13.495661 13.458304 -0.706298 2.169359 -4.496581 -1.911463 13.927107 0.951799 8.355304 -3.785099 -8.301588 -7.818954 5.050586 -14.733488 23.046563 -15.055434 -4.055736 -30.925798 3.034218 12.367728 0.243255 11.793999 2.048346 1.720214 -9.855897 28.027811 -3.394724 -0.795341 1.650617 5.974793 -1.561999 7.807962 30.702930 -6.054690 30.080355 -32.230873 -13.042643 31.609230 -7.509981 1.405743 -4.618854 -27.164454 -30.399988 17.507492 4.652603 -7.487656 -5.302994 -14.231175 2.161091 18.580154 3.359077 7.012386 -4.191014 -5.894213 1.513526 -7.907024 -13.381293 -3.072960 -3.035647 -7.694875 -46.277580 2.234254 -4.868682 0.762369 -11.499920 16.350298 -38.812195 -14.102520 10.370582 -16.268146 12.911632 -13.088534 -16.420250 10.545027 -0.860502 2.129053 -2.767825 
-4.995781 106.043167 -0.857137 17.424296 27.050881 20.837307 3.492999 13.152017 -0.159654 -8.517385 1.239223 -18.874109 2.444611 20.613403 4.911208 -1.133607 4.053594 2.217708 2.637389 14.353761 2.563530 3.528185 1.160383 7.293302 3.519938 16.523502 2.798949 0.448182 0.304821 -5.354222 0.586455 9.837509 3.296428 -0.913768 -1.181696 3.337674 3.159950 11.730378 7.138101 -4.952264 23.763531 3.410097 9.629577 -4.573219 13.812226 16.705224 21.841635 -3.434171 -25.866791 -12.296481 17.390215 -44.050359 -21.856558 -28.880584 -22.958403 -13.468255 13.467702 0.401907 1.594154 -5.955625 -1.922677 13.917645 0.941384 9.887508 -3.664456 -8.985132 -7.806538 5.059399 -14.740753 26.159302 -16.754761 -5.784311 -30.921108 3.031163 12.365391 3.373453 10.502025 6.387203 1.722537 -9.839241 28.023169 -2.197071 -0.942200 2.347124 5.966790 -1.580647 7.817225 29.762249 -6.462356 29.970279 -32.235558 -13.045368 31.602797 -7.178606 1.869041 -3.981352 -27.159258 -30.383078 17.512859 4.679388 -8.446485 -7.046087 -14.226805 2.161574 18.588118 3.675862 5.318341 -4.046714 -5.910388 1.510823 -7.874320 -13.995701 -2.505654 -1.776670 -7.701191 -46.278812 2.241361 -5.487440 0.895766 -11.307189 16.358284 -38.802082 -14.114998 10.048352 -16.195663 13.611331 -13.105131 -16.396828 10.547836 -1.662744 2.229761 -3.333167 
-0.752976 105.447632 -1.547425 20.109089 28.712985 22.927444 3.469700 13.151560 -0.174092 -7.198258 1.013297 -18.222212 2.435747 20.617258 4.907927 -1.353084 5.019135 1.891276 2.634155 14.368013 2.562770 3.407768 1.285312 7.147827 3.517384 16.521767 2.802938 -0.260860 -1.328037 -6.771422 0.587316 9.840124 3.311493 -0.230814 -1.106498 3.610851 3.157081 11.745927 7.102623 -6.001727 25.317793 2.597858 9.638560 -4.568496 13.810334 17.884263 24.956758 -3.369904 -25.834658 -12.314413 17.387964 -48.097533 -23.487443 -29.484817 -22.972666 -13.452737 13.482484 1.233411 0.992161 -7.340019 -1.927902 13.912401 0.929011 11.333668 -3.030759 -9.154226 -7.803212 5.062428 -14.739381 29.846031 -17.203206 -7.943081 -30.915075 3.022664 12.378749 5.987725 9.358430 10.358669 1.728804 -9.825968 28.025431 -0.713797 -1.293861 2.706185 5.953611 -1.602827 7.824715 29.202481 -6.945887 29.056373 -32.235966 -13.047509 31.599064 -6.290712 2.186745 -2.772251 -27.154074 -30.361145 17.527786 4.858323 -9.854961 -8.452771 -14.220895 2.164750 18.600603 4.503846 3.317323 -4.083322 -5.929705 1.509971 -7.849305 -14.981593 -2.032827 -0.685928 -7.695597 -46.286739 2.240965 -5.957416 0.831946 -10.925331 16.363794 -38.794914 -14.132216 10.303632 -16.927169 13.496114 -13.122055 -16.386652 10.547062 -2.699009 2.176249 -3.406024 
3.307767 104.836769 -2.149806 23.012581 29.836848 24.945297 3.464065 13.157353 -0.189937 -5.852925 0.679712 -17.848312 2.437167 20.617332 4.907813 -1.999289 5.715911 1.860243 2.635731 14.367222 2.559521 3.771758 1.617862 6.683693 3.516951 16.519493 2.806720 -0.738232 -2.140494 -7.517515 0.582298 9.847358 3.322950 -0.141567 -0.813310 3.494404 3.157847 11.754809 7.088879 -6.491384 26.247471 2.564035 9.655356 -4.573847 13.807004 18.240468 28.050455 -3.955320 -25.811987 -12.323892 17.377501 -51.253852 -24.119107 -29.546879 -22.973883 -13.433494 13.496143 1.416719 0.891962 -8.413879 -1.931189 13.904793 0.909378 12.955814 -2.764527 -9.151779 -7.803738 5.062113 -14.744101 33.616091 -17.531905 -10.065143 -30.900366 3.024154 12.383148 8.713876 7.922133 13.573788 1.735908 -9.819519 28.024809 0.348106 -1.598885 3.131275 5.945587 -1.627083 7.829125 28.692638 -7.800315 29.244544 -32.237503 -13.063066 31.593843 -4.905071 2.351319 -1.660187 -27.134405 -30.340816 17.545822 4.290822 -9.921460 -8.862224 -14.212309 2.170621 18.613811 5.326555 1.748535 -3.226850 -5.940377 1.502750 -7.839107 -16.312601 -2.265718 0.084388 -7.675446 -46.294598 2.248742 -5.997341 0.744310 -10.774608 16.360853 -38.787048 -14.144404 11.242939 -17.945791 13.154655 -13.137641 -16.361591 10.532757 -3.477485 2.012884 -3.418730 
7.257006 104.270340 -2.601210 25.926203 30.317673 26.222274 3.469063 13.156682 -0.198751 -4.773603 0.379484 -18.012211 2.437690 20.624901 4.904306 -2.467770 6.735281 1.639401 2.640576 14.363406 2.547873 3.624845 1.729589 5.959745 3.513709 16.519192 2.805384 -1.770373 -3.409251 -8.143921 0.582650 9.847496 3.330486 -0.093968 -0.690499 3.315493 3.160628 11.764578 7.079500 -6.906873 26.905152 2.691295 9.667375 -4.585013 13.802494 18.103946 31.436605 -3.824307 -25.798628 -12.330308 17.384771 -52.646569 -24.044827 -29.392408 -22.960123 -13.432406 13.512843 1.407382 1.334693 -8.982101 -1.918930 13.906427 0.899698 13.870209 -2.291807 -8.788687 -7.817149 5.059575 -14.744346 37.289090 -17.102649 -11.753825 -30.896759 3.025925 12.385574 10.587264 7.509726 16.063418 1.737669 -9.815187 28.009792 0.907397 -1.744293 3.629539 5.945805 -1.644478 7.833361 27.801368 -8.778569 29.711190 -32.229424 -13.087206 31.595083 -3.081264 2.292688 -0.575145 -27.114180 -30.321547 17.556293 3.425177 -9.376018 -8.641311 -14.209670 2.174732 18.623461 6.238416 0.401597 -2.799505 -5.948221 1.508939 -7.831316 -18.114278 -3.212197 0.631021 -7.662209 -46.305187 2.249472 -6.329765 0.754781 -10.101952 16.351757 -38.779808 -14.159785 12.452528 -18.760501 12.906048 -13.139667 -16.350620 10.519960 -3.746156 1.543526 -3.196004 
10.943499 103.770760 -2.920798 28.149797 30.506149 26.575906 3.479350 13.155234 -0.205712 -3.937668 0.234656 -18.151035 2.441170 20.630789 4.896017 -3.235465 7.448925 1.671412 2.649772 14.353017 2.541032 4.086851 2.402666 5.388952 3.521083 16.526276 2.805109 -2.221678 -3.646666 -8.251260 0.580070 9.844887 3.326054 0.042770 0.023183 2.547888 3.158217 11.770602 7.086664 -6.718970 27.570101 2.524210 9.677897 -4.606246 13.798504 17.971630 34.354007 -4.330028 -25.793755 -12.329679 17.394062 -52.847055 -23.081395 -28.985789 -22.954399 -13.427960 13.517035 1.202277 1.773497 -8.216034 -1.901912 13.901664 0.891244 14.512561 -2.197427 -8.037015 -7.822402 5.056715 -14.740251 39.536499 -17.424127 -13.049365 -30.890114 3.036714 12.387219 12.208782 6.970105 17.723432 1.738348 -9.814404 28.005131 1.175795 -2.334860 3.757792 5.951441 -1.655361 7.845726 27.010876 -9.465961 30.129064 -32.222225 -13.115978 31.601177 -1.687288 1.611525 0.371786 -27.097664 -30.311438 17.559692 1.965613 -7.973424 -8.073465 -14.208516 2.167578 18.632364 6.462017 -0.801682 -2.738105 -5.952079 1.512670 -7.828817 -19.663761 -3.762837 1.167361 -7.647192 -46.324699 2.239929 -6.139713 0.890027 -9.331116 16.343613 -38.776115 -14.175073 14.446412 -19.596243 12.171830 -13.141520 -16.349495 10.501184 -3.589379 1.233443 -3.182915 
14.169247 103.327637 -3.130053 29.628018 30.608967 26.509860 3.489548 13.161126 -0.209920 -3.473596 0.522349 -18.345733 2.445703 20.639526 4.884583 -3.831829 7.976355 1.427158 2.663277 14.354677 2.544218 4.402687 2.961218 4.985615 3.522956 16.527672 2.810424 -2.786305 -3.932890 -7.860438 0.574162 9.849196 3.315239 0.269346 0.719121 2.125914 3.153104 11.782694 7.087566 -6.594205 28.859148 2.152240 9.683633 -4.615716 13.801591 17.583830 36.636677 -4.473908 -25.789944 -12.331799 17.402967 -52.407738 -22.001136 -28.937712 -22.955490 -13.438923 13.518987 1.604234 1.995089 -7.773896 -1.896570 13.905163 0.894610 14.707289 -2.377497 -8.089090 -7.835436 5.063115 -14.736511 40.994198 -18.077052 -14.214915 -30.888964 3.040717 12.392744 13.043739 6.658224 18.692037 1.739941 -9.817269 27.997816 0.634841 -2.802739 3.648314 5.958148 -1.660530 7.859834 25.850570 -10.577391 30.313148 -32.221832 -13.143563 31.617130 -0.690050 1.040052 1.114874 -27.090330 -30.312164 17.565687 0.974769 -6.544096 -7.329467 -14.214194 2.164755 18.630709 6.687028 -1.405553 -2.848547 -5.952999 1.518598 -7.820900 -21.520516 -4.263828 1.812521 -7.640321 -46.344330 2.230275 -5.712920 1.378908 -8.232885 16.336346 -38.780094 -14.183825 16.087945 -20.051210 11.370547 -13.140624 -16.352406 10.491881 -3.228610 1.203409 -3.354193 
16.893270 102.910248 -3.297048 30.855199 30.010410 26.432434 3.488283 13.162912 -0.211788 -3.123059 0.441634 -18.535605 2.445252 20.647299 4.881467 -4.227647 8.004916 1.587627 2.668843 14.350027 2.548071 4.796552 3.676997 5.020800 3.531078 16.526943 2.809292 -2.990387 -3.926660 -7.977544 0.572454 9.849007 3.311565 0.584642 1.149587 1.833068 3.150235 11.790355 7.089999 -5.818778 29.870412 1.795611 9.678844 -4.628121 13.804000 17.554186 38.428926 -4.667744 -25.786655 -12.329814 17.405216 -51.887766 -20.765539 -28.518408 -22.955853 -13.431674 13.522951 1.609844 2.297221 -7.141378 -1.885543 13.905931 0.895130 14.719558 -2.493254 -7.933332 -7.836390 5.059482 -14.737144 41.781387 -18.997531 -15.249133 -30.886982 3.044176 12.394277 13.768441 5.740754 19.861965 1.735647 -9.809428 28.003384 0.201622 -3.254405 3.216162 5.961109 -1.664316 7.872837 24.967048 -10.858743 30.585198 -32.221607 -13.161424 31.627314 -0.048595 -0.108273 2.032050 -27.091988 -30.313536 17.557150 -0.091061 -5.006911 -7.180189 -14.209822 2.157733 18.629824 6.874177 -2.214766 -2.632074 -5.954957 1.519713 -7.818797 -22.468857 -4.288052 2.715924 -7.641717 -46.353855 2.226370 -5.703809 1.742403 -8.262914 16.336636 -38.775501 -14.194377 16.823531 -20.809942 11.356761 -13.144093 -16.359852 10.491356 -2.592828 1.405736 -3.737393 
19.178192 102.525070 -3.412905 32.110311 29.593874 27.019122 3.485105 13.168948 -0.217153 -2.789254 0.714444 -18.581316 2.436641 20.645197 4.875781 -4.557910 8.255565 1.574828 2.679609 14.348721 2.557441 5.117754 4.101888 5.092355 3.533405 16.524088 2.813485 -3.288745 -3.908746 -7.737900 0.566367 9.848803 3.308172 1.262892 1.559179 1.482281 3.149059 11.800178 7.100120 -5.643206 30.927158 1.107723 9.672437 -4.636853 13.810083 16.888348 39.917582 -5.113188 -25.780577 -12.319991 17.407423 -50.863073 -19.380682 -28.474476 -22.958588 -13.426847 13.515677 2.247740 2.393427 -6.758597 -1.886983 13.913276 0.900171 14.346891 -2.586213 -8.009264 -7.842558 5.056251 -14.728166 42.507259 -20.635625 -16.262178 -30.886646 3.041367 12.400332 14.275194 4.879430 20.488001 1.739995 -9.809761 28.003574 -0.209658 -3.801999 2.974916 5.962874 -1.661813 7.874177 23.679060 -11.571036 30.752623 -32.219360 -13.168276 31.638912 0.297965 -0.997340 2.439826 -27.089834 -30.310328 17.555225 -0.850531 -3.529525 -6.777204 -14.213264 2.157302 18.622082 6.980507 -2.159604 -2.928656 -5.948548 1.524601 -7.816681 -23.495764 -4.055513 3.136439 -7.637794 -46.366096 2.222042 -5.129023 1.877558 -7.784373 16.336145 -38.769814 -14.199924 17.947224 -21.382568 10.924755 -13.142240 -16.356689 10.484789 -2.279736 1.679750 -3.815958 
21.085524 102.141991 -3.517921 33.405892 29.353786 26.848645 3.480217 13.168110 -0.220421 -2.365474 0.786127 -18.747358 2.441169 20.644897 4.875226 -5.008089 8.084646 1.697263 2.679292 14.349924 2.561676 5.569720 4.507610 5.275009 3.533506 16.521078 2.809224 -3.398423 -3.812001 -7.848728 0.565425 9.852481 3.314005 1.190652 1.318367 1.317586 3.148075 11.804591 7.102930 -5.554429 31.665836 0.748375 9.671370 -4.636900 13.806941 16.679013 40.917683 -5.461399 -25.782068 -12.321069 17.409092 -49.631167 -18.268987 -28.153910 -22.953138 -13.426008 13.514551 2.245605 2.412244 -6.176848 -1.889943 13.914692 0.902454 14.378622 -2.999279 -8.404269 -7.850326 5.054306 -14.729032 42.856237 -21.748039 -17.013294 -30.885185 3.043793 12.398431 14.459357 3.499273 20.133038 1.740219 -9.808260 28.007599 -0.599990 -4.307382 2.536358 5.964371 -1.664237 7.879762 22.928706 -11.588969 30.118064 -32.225552 -13.178787 31.647898 0.471492 -1.615769 3.269846 -27.094839 -30.311522 17.552008 -1.837976 -2.090678 -6.476601 -14.216108 2.159235 18.623009 7.154767 -3.042660 -2.405766 -5.951461 1.526807 -7.818222 -23.933838 -3.809039 3.699995 -7.636679 -46.366611 2.220697 -4.496308 1.869922 -7.850328 16.337807 -38.770618 -14.203225 18.673674 -21.934246 11.122155 -13.140816 -16.358673 10.480930 -2.135262 1.964017 -4.005888 
22.653955 101.761353 -3.601582 33.579379 28.998459 26.586262 3.472630 13.169934 -0.222939 -1.967224 0.843383 -18.733682 2.435679 20.648041 4.872826 -4.933386 8.198058 1.528814 2.683821 14.349179 2.565953 5.502811 4.867049 4.990015 3.537711 16.508146 2.812668 -3.494051 -3.349637 -7.413574 0.561377 9.849667 3.307168 1.621862 2.058909 1.036660 3.145346 11.811324 7.104923 -5.104390 32.390905 0.064634 9.666874 -4.643127 13.808998 16.039801 41.996811 -6.443522 -25.777636 -12.317966 17.406212 -48.782003 -17.403197 -28.587134 -22.953888 -13.421453 13.514292 2.599425 2.411606 -5.619426 -1.895475 13.922231 0.905038 14.133670 -3.122553 -8.285885 -7.848850 5.049850 -14.720035 42.805468 -23.693646 -18.042979 -30.879463 3.039567 12.401746 14.776284 2.461162 20.314000 1.738878 -9.807274 28.008945 -1.000609 -4.778727 2.520557 5.960345 -1.662137 7.881956 21.914090 -11.915564 30.098823 -32.222260 -13.179547 31.660891 0.751030 -2.662000 3.708433 -27.095070 -30.311508 17.547857 -2.511199 -0.678651 -6.287821 -14.213333 2.163448 18.611349 6.956283 -3.089579 -2.505103 -5.947654 1.527843 -7.817285 -24.325413 -3.669949 4.039910 -7.635313 -46.370579 2.216586 -3.964634 2.050972 -7.724076 16.339312 -38.766613 -14.203127 19.388095 -22.245866 10.814533 -13.141294 -16.355560 10.481671 -1.506189 1.939904 -4.049547 
23.864515 101.433563 -3.662630 34.532969 28.586614 26.773809 3.469309 13.174438 -0.219621 -1.850930 0.733528 -18.633361 2.435925 20.643417 4.874117 -4.873542 8.319561 1.647575 2.680946 14.343486 2.566472 6.104769 5.199891 4.890926 3.540735 16.506224 2.811244 -3.750807 -3.264539 -7.460171 0.563698 9.853293 3.307138 1.933406 1.893623 1.162050 3.144387 11.815472 7.113051 -5.025883 32.844788 0.084948 9.666474 -4.647357 13.810490 15.945085 43.093808 -6.478187 -25.780157 -12.309958 17.409933 -47.510400 -16.187608 -28.393532 -22.956520 -13.421488 13.510214 2.581007 2.320919 -5.256765 -1.898630 13.924527 0.902629 13.897121 -3.438672 -8.718392 -7.849012 5.044131 -14.717403 42.657786 -24.869033 -18.713193 -30.884218 3.034992 12.403759 14.720501 1.265114 20.521669 1.745707 -9.804510 28.014391 -0.786199 -4.835256 2.053031 5.961513 -1.657350 7.876399 20.728687 -12.161253 29.992460 -32.228287 -13.182075 31.661873 1.010604 -3.374505 4.271670 -27.096437 -30.311184 17.543690 -2.978985 0.488710 -6.131712 -14.216348 2.164676 18.611362 6.695083 -2.859034 -2.160806 -5.940448 1.529880 -7.819872 -24.804088 -3.573740 4.512887 -7.636079 -46.378716 2.218348 -3.827711 2.031995 -7.778017 16.336828 -38.766426 -14.201998 19.752180 -22.422889 10.775541 -13.143956 -16.355692 10.479852 -1.393306 2.374962 -4.182195 
24.657167 101.176483 -3.697236 34.779644 28.378615 26.643318 3.464444 13.178679 -0.217205 -1.602237 0.859644 -19.056810 2.433187 20.647083 4.872417 -5.115577 8.443440 1.546058 2.685009 14.347374 2.566622 5.733519 5.122929 5.105409 3.547106 16.505308 2.811109 -3.869130 -3.222569 -7.455566 0.561680 9.851593 3.309318 2.311738 1.420890 1.313980 3.143795 11.815907 7.113462 -4.997170 33.244631 -0.251221 9.663261 -4.643100 13.811687 15.671876 43.733701 -6.779202 -25.781040 -12.306417 17.409750 -46.766134 -15.923712 -28.207281 -22.951092 -13.424623 13.515812 2.818800 2.135072 -5.204503 -1.889698 13.926961 0.906498 13.857076 -3.217455 -9.165143 -7.850067 5.038992 -14.713287 42.707831 -25.937686 -19.404019 -30.879917 3.036790 12.403909 14.707317 0.754819 20.671048 1.742958 -9.809624 28.017719 -1.201825 -5.299415 1.896825 5.959255 -1.655601 7.880885 20.469643 -12.118164 29.678360 -32.226658 -13.178289 31.665615 0.918820 -3.752865 4.586947 -27.098610 -30.312895 17.544266 -3.830832 1.292362 -6.457373 -14.221051 2.162216 18.607681 6.996927 -3.059353 -2.570558 -5.938535 1.532324 -7.816617 -24.925208 -3.517128 4.498630 -7.638206 -46.377506 2.216545 -3.417858 1.919538 -7.484450 16.346577 -38.761391 -14.206702 20.240791 -22.744511 10.961299 -13.135619 -16.360868 10.481310 -1.470798 2.598165 -4.442984 
24.975151 101.037125 -3.706540 34.661352 28.193127 26.412439 3.463599 13.174298 -0.221322 -1.753218 0.867616 -19.007467 2.431855 20.641397 4.870879 -5.177702 8.259506 1.596906 2.686624 14.345558 2.568580 6.084328 5.333601 4.870985 3.538556 16.504963 2.812297 -3.847386 -3.082845 -7.565307 0.562269 9.851590 3.304831 2.304665 1.698876 1.059147 3.144201 11.816467 7.115639 -4.973249 33.287941 -0.509331 9.658986 -4.650057 13.810168 16.004626 43.664791 -6.970340 -25.780298 -12.305770 17.410355 -46.746808 -15.398031 -28.084153 -22.958778 -13.416179 13.505850 2.643299 2.167831 -4.985682 -1.896782 13.925480 0.907271 13.916520 -3.683335 -9.012129 -7.846105 5.039269 -14.710526 42.764036 -26.104652 -19.618830 -30.883917 3.032521 12.402707 15.097259 0.402699 20.201809 1.744207 -9.810628 28.017452 -1.021570 -4.997036 1.948515 5.964012 -1.650152 7.876000 19.874443 -12.132425 29.707378 -32.228992 -13.180827 31.666206 1.251057 -3.941134 4.800847 -27.096954 -30.311783 17.541462 -3.913178 1.336587 -6.468719 -14.220207 2.160551 18.603367 6.678466 -3.083567 -2.276754 -5.940497 1.538124 -7.816509 -24.909010 -3.539759 4.323639 -7.633633 -46.380108 2.220473 -3.181611 1.848792 -7.554135 16.341581 -38.765839 -14.203990 20.099254 -22.833273 10.640143 -13.142428 -16.357590 10.482639 -1.276504 2.594696 -4.348691 
24.702227 101.055618 -3.689851 34.817303 28.186693 26.432895 3.466140 13.176621 -0.218178 -1.603631 0.815858 -19.046862 2.433706 20.644873 4.872807 -4.967841 8.209716 1.589534 2.681367 14.349304 2.567074 6.127244 5.193965 5.240717 3.543391 16.502899 2.812506 -3.849541 -3.221433 -7.441281 0.564162 9.847349 3.306942 2.265948 1.783874 1.093175 3.142134 11.816342 7.120696 -4.780144 33.425484 -0.351138 9.656178 -4.646390 13.811948 15.562777 43.475056 -6.711737 -25.779476 -12.306980 17.409090 -46.687294 -15.647472 -28.113948 -22.952499 -13.411716 13.513769 2.703551 2.564051 -5.090036 -1.895944 13.929425 0.903766 13.760155 -3.395120 -9.040205 -7.848207 5.037742 -14.716500 42.440883 -25.882500 -19.259530 -30.884462 3.033319 12.400524 14.813451 0.217102 20.394439 1.740634 -9.806452 28.013485 -1.430569 -5.168642 1.829885 5.961406 -1.656059 7.877231 20.051752 -12.056172 29.769762 -32.223454 -13.176429 31.665281 1.267774 -3.864795 4.825713 -27.094378 -30.311419 17.537579 -3.958019 1.555693 -6.034856 -14.216516 2.160373 18.600960 7.007389 -3.073390 -2.465529 -5.938328 1.531122 -7.820759 -24.918572 -3.335650 4.608306 -7.638142 -46.373020 2.218345 -3.358603 2.257753 -7.810272 16.343651 -38.764420 -14.198503 20.018800 -22.613537 11.068078 -13.143503 -16.355494 10.482698 -1.289195 2.467672 -4.516283 
23.731699 101.345123 -3.647034 34.342799 28.603043 26.765505 3.469352 13.172230 -0.220912 -1.693303 0.710997 -19.025202 2.438925 20.648977 4.876655 -5.012219 8.515512 1.769258 2.677850 14.345903 2.566010 5.907554 5.057483 5.160290 3.543559 16.510132 2.812886 -3.722254 -3.629795 -7.808026 0.564248 9.853104 3.309013 1.981183 1.517709 1.120578 3.148114 11.814429 7.112335 -4.949935 32.848005 0.021687 9.663671 -4.648055 13.809818 16.069680 42.854051 -6.399741 -25.784922 -12.311742 17.411148 -47.487761 -16.430869 -28.080320 -22.955763 -13.417551 13.514908 2.354980 2.429385 -5.212252 -1.890781 13.926472 0.907415 13.986630 -3.315779 -8.609151 -7.848501 5.043038 -14.716902 42.746394 -24.636195 -18.602416 -30.887974 3.034028 12.404193 14.718393 1.070251 20.145645 1.738816 -9.808114 28.012346 -0.928307 -4.822946 2.131306 5.962762 -1.657452 7.878973 20.680341 -12.066427 29.811126 -32.228485 -13.179216 31.659250 1.183327 -3.277701 4.367947 -27.098577 -30.315897 17.542538 -3.498322 0.392497 -6.395323 -14.217842 2.163595 18.615755 6.899381 -3.068137 -2.424869 -5.944503 1.536078 -7.815116 -24.637244 -3.651752 4.547210 -7.637801 -46.381203 2.217702 -3.704167 2.021438 -7.628878 16.340261 -38.769653 -14.201181 19.754538 -22.470764 10.849958 -13.145110 -16.358006 10.483836 -1.555682 2.527772 -4.379385 
21.900040 101.895607 -3.566375 33.542482 29.034075 26.669988 3.477288 13.174988 -0.221387 -2.314019 0.775217 -18.875057 2.437247 20.649643 4.878357 -4.891169 8.014389 1.681222 2.683326 14.347155 2.561409 5.697953 5.017107 4.877946 3.539585 16.516516 2.812075 -3.481169 -3.584206 -7.696033 0.561157 9.851723 3.307874 1.278427 1.922641 1.406408 3.149746 11.809121 7.106335 -5.210914 31.872333 0.308260 9.668340 -4.647225 13.812584 16.323080 41.574788 -5.959148 -25.783661 -12.321943 17.409885 -48.860868 -17.717526 -28.384335 -22.960493 -13.419644 13.516747 2.525700 2.461336 -5.703521 -1.888862 13.919473 0.904541 13.976673 -3.029977 -8.209565 -7.849478 5.052362 -14.728168 42.846869 -22.617519 -17.642484 -30.888550 3.038908 12.403050 14.420466 2.904701 20.287861 1.736737 -9.807249 28.013105 -0.782833 -4.603324 2.588403 5.962619 -1.660870 7.877784 22.163518 -11.675741 30.292944 -32.227875 -13.174100 31.657019 0.564165 -2.295793 3.456246 -27.096376 -30.316057 17.547857 -2.113594 -1.286514 -6.464446 -14.215578 2.164194 18.620026 7.116635 -2.529883 -2.701284 -5.949572 1.529578 -7.817021 -24.481317 -3.841942 4.115505 -7.637300 -46.377556 2.218993 -4.406381 1.758252 -7.717402 16.342175 -38.769039 -14.200498 19.283002 -22.421711 11.000217 -13.142828 -16.359663 10.484891 -1.680722 1.907044 -3.994178 
19.047808 102.679611 -3.418414 32.461570 29.831138 26.769202 3.485303 13.166710 -0.219369 -2.774146 0.532217 -18.841195 2.444808 20.655298 4.877928 -4.377201 8.003114 1.694465 2.675978 14.342491 2.554374 5.300683 4.357921 5.071242 3.533338 16.520670 2.809624 -3.009925 -3.985948 -7.694082 0.564387 9.857850 3.314457 0.445860 1.868112 1.686339 3.155790 11.804039 7.096465 -5.925858 30.540221 1.034415 9.673678 -4.634918 13.802724 17.020319 39.561467 -5.154414 -25.791122 -12.332903 17.405178 -50.618580 -19.522924 -28.707268 -22.952429 -13.421509 13.514986 2.088957 2.557922 -6.710028 -1.890538 13.908884 0.902734 14.373353 -3.129540 -7.716831 -7.842777 5.060019 -14.742873 42.702592 -20.137184 -16.022288 -30.896687 3.050709 12.403269 14.305199 4.532660 19.906031 1.734145 -9.807858 28.004658 -0.122617 -3.644585 2.925539 5.962250 -1.666718 7.873134 24.021979 -11.176602 30.660272 -32.227791 -13.170307 31.647100 -0.150765 -0.662699 2.533159 -27.092844 -30.312857 17.552866 -0.933533 -3.564735 -6.767966 -14.216112 2.162896 18.629814 7.307462 -2.420606 -2.575761 -5.952498 1.523243 -7.815952 -23.455034 -4.026856 3.546113 -7.640214 -46.372269 2.229546 -5.375069 1.628260 -7.931058 16.342228 -38.780636 -14.197710 17.897307 -21.770057 11.550351 -13.143176 -16.352386 10.487759 -2.584554 1.726771 -3.822960 
15.129709 103.584511 -3.185486 30.725667 30.534176 26.892120 3.493000 13.166366 -0.215170 -3.428579 0.241529 -18.465845 2.447877 20.654922 4.883253 -3.654542 7.785667 1.666668 2.666916 14.348986 2.545729 4.232022 3.438800 5.313269 3.533490 16.533951 2.803733 -2.608503 -4.429105 -7.836863 0.565675 9.856539 3.321288 -0.636430 0.988488 2.313141 3.159955 11.783422 7.085587 -6.475348 29.243865 2.025560 9.677804 -4.614299 13.803435 17.583072 37.044480 -4.131086 -25.794750 -12.346421 17.399057 -52.646135 -21.747203 -29.293339 -22.954044 -13.433297 13.521973 1.640157 2.249600 -8.120903 -1.890814 13.906691 0.896239 14.034539 -2.978734 -7.675902 -7.832408 5.062831 -14.753774 41.940900 -17.986205 -14.690154 -30.899490 3.049851 12.399671 13.312051 6.316547 19.242352 1.734229 -9.816044 28.004560 0.316734 -2.656511 3.467350 5.952687 -1.670605 7.863342 25.966738 -10.828733 31.016948 -32.231472 -13.152166 31.633944 -1.417535 0.963381 1.079673 -27.094973 -30.311449 17.561523 0.587140 -6.434179 -7.554833 -14.220536 2.167520 18.638771 7.557743 -1.644095 -2.999597 -5.952152 1.515941 -7.819655 -21.826013 -4.331159 2.743229 -7.642175 -46.361298 2.240206 -6.511134 1.284012 -8.611191 16.350542 -38.788967 -14.186137 16.605397 -20.950613 12.169505 -13.140492 -16.353951 10.497521 -3.452811 1.311209 -3.602964 
10.398326 104.458687 -2.794874 28.388828 31.014038 26.999277 3.484013 13.156481 -0.210502 -4.405656 0.178400 -18.672523 2.442427 20.647078 4.893733 -2.495644 7.394388 1.672620 2.652804 14.344001 2.542655 3.838007 2.307882 5.568498 3.520035 16.531828 2.803863 -2.224567 -4.199007 -8.203695 0.573049 9.853961 3.328419 -1.499386 0.278101 3.091072 3.165574 11.762878 7.079419 -6.767573 28.075633 2.556854 9.671215 -4.591358 13.798831 17.937388 33.848707 -3.981231 -25.794558 -12.347487 17.378944 -54.235851 -23.755260 -29.376654 -22.955770 -13.435987 13.517704 1.549853 1.734953 -9.301876 -1.906601 13.904500 0.893604 13.781452 -2.957990 -8.037939 -7.820317 5.064301 -14.750952 39.654118 -17.402699 -13.134765 -30.899704 3.035510 12.392217 12.124007 7.693011 18.093461 1.734240 -9.811652 28.004288 0.850364 -1.408015 3.687193 5.944484 -1.664915 7.837835 27.383140 -10.360329 31.119151 -32.237839 -13.121718 31.614643 -3.291132 2.364280 0.187028 -27.101782 -30.310492 17.558039 2.621604 -8.816216 -8.331480 -14.216717 2.176611 18.632784 7.212368 -0.443178 -3.047726 -5.951567 1.509399 -7.826442 -19.606975 -4.092718 1.813243 -7.653664 -46.339275 2.251955 -7.343135 0.709072 -9.463556 16.352333 -38.799095 -14.167692 14.549456 -19.688604 12.946726 -13.141772 -16.343328 10.514174 -3.853489 1.163644 -3.386460 
5.471869 105.223343 -2.259455 25.330964 30.223577 26.645229 3.462150 13.163648 -0.199434 -5.414218 0.527731 -18.426423 2.429831 20.633423 4.897674 -1.810831 6.357489 1.551856 2.639849 14.357927 2.554112 3.379760 1.652877 6.589323 3.517611 16.520184 2.809626 -1.407756 -3.272141 -7.942588 0.576395 9.847675 3.333535 -0.755211 -0.610210 3.906880 3.168809 11.758259 7.078748 -6.807712 27.375350 2.612238 9.656913 -4.573420 13.807050 18.200038 30.106094 -3.260422 -25.800289 -12.335161 17.368654 -53.527079 -24.536042 -29.689128 -22.968060 -13.435740 13.507915 1.761663 1.239377 -9.236693 -1.923485 13.913043 0.904657 13.115280 -3.014346 -8.956203 -7.812064 5.064895 -14.747458 35.775834 -17.888008 -11.130654 -30.904226 3.026030 12.383497 10.110621 8.098497 16.137819 1.735483 -9.810661 28.017738 0.550872 -1.134432 3.273778 5.940300 -1.640561 7.831518 28.837243 -9.517630 31.035731 -32.242630 -13.082922 31.607365 -5.392901 2.676047 -1.217481 -27.124069 -30.328138 17.552681 4.297829 -9.784211 -9.181109 -14.221148 2.178140 18.617340 6.143714 1.294844 -3.292225 -5.941263 1.504691 -7.837704 -17.134474 -3.066005 0.827482 -7.672531 -46.323288 2.257571 -7.826323 0.613772 -10.527812 16.365307 -38.799702 -14.150689 12.434454 -18.553621 13.656424 -13.138374 -16.344791 10.531699 -3.804592 1.662366 -3.501757 
0.908811 105.810379 -1.633663 21.851642 28.913738 24.484739 3.461113 13.165976 -0.183572 -6.933150 0.907352 -18.575405 2.428592 20.622097 4.904511 -1.135372 5.519128 1.970293 2.635783 14.361989 2.563216 3.716421 1.605879 7.156238 3.511421 16.518337 2.803702 -0.595003 -1.989085 -6.684983 0.582470 9.837800 3.322103 -0.638133 -0.740684 4.103655 3.162204 11.745295 7.095279 -6.361252 26.137315 2.947416 9.646565 -4.569462 13.813148 18.565207 26.694876 -2.907005 -25.820330 -12.318251 17.375275 -50.511749 -24.417163 -29.891647 -22.976265 -13.446212 13.488360 1.471694 0.854428 -8.111316 -1.938739 13.910844 0.918632 11.994245 -3.328076 -9.522353 -7.799826 5.065196 -14.744020 31.456371 -18.529105 -8.726418 -30.909815 3.021297 12.375760 7.194017 8.731340 12.587181 1.733413 -9.817037 28.023563 -0.552806 -0.826569 2.975718 5.949137 -1.615340 7.826024 29.369325 -8.879592 30.825183 -32.242908 -13.055598 31.604574 -6.928344 2.320147 -3.000494 -27.156412 -30.352867 17.535912 4.931345 -9.384834 -8.832796 -14.217806 2.176415 18.600683 4.808221 2.871325 -3.588386 -5.924963 1.506741 -7.850440 -15.441475 -2.274724 -0.389993 -7.687876 -46.301098 2.250816 -7.990555 0.843839 -11.107800 16.362072 -38.799484 -14.136171 11.322528 -16.897868 13.732605 -13.133284 -16.364567 10.540530 -3.188323 2.180831 -3.520824 
-3.177127 106.179062 -1.047065 18.544279 27.758333 21.973342 3.482188 13.156514 -0.169829 -7.838200 1.125611 -18.492662 2.435235 20.608541 4.904013 -1.436042 4.731927 2.086444 2.636757 14.358270 2.564844 3.680287 1.457397 7.359246 3.517417 16.523836 2.800862 0.141433 -0.425720 -5.678249 0.584012 9.834741 3.301986 -0.514224 -1.155332 3.359536 3.154103 11.735147 7.122647 -5.486839 24.886175 3.470135 9.638824 -4.575696 13.813904 17.471183 23.533263 -2.931352 -25.844006 -12.296092 17.385902 -47.034762 -22.787406 -29.490643 -22.967201 -13.462120 13.469411 0.851574 1.059362 -6.513693 -1.933429 13.913591 0.930156 10.721096 -3.268228 -9.300986 -7.800601 5.062597 -14.733562 27.793711 -18.180712 -6.838669 -30.915253 3.024362 12.364533 4.894381 9.877147 8.672546 1.727028 -9.830757 28.017015 -1.764636 -0.917385 2.521450 5.960212 -1.589852 7.825609 29.884011 -7.845302 30.348614 -32.235291 -13.050078 31.601305 -7.295935 1.904122 -4.075637 -27.159483 -30.366606 17.520771 4.991899 -8.842400 -8.017562 -14.220175 2.163150 18.585234 3.825352 4.348171 -3.896345 -5.915775 1.506737 -7.863905 -14.029875 -2.417596 -1.283198 -7.694674 -46.279755 2.238337 -6.743518 0.946571 -11.228326 16.353802 -38.796558 -14.125792 10.710885 -16.161510 12.986068 -13.115436 -16.384928 10.542128 -1.989506 2.134636 -3.184034 
-6.853637 106.279152 -0.614462 16.136455 26.116524 19.476163 3.504237 13.144783 -0.157203 -9.158702 1.145864 -18.711708 2.446602 20.596472 4.906768 -1.748181 3.683845 1.708413 2.642961 14.359857 2.564049 3.835803 0.920720 7.065831 3.517846 16.519722 2.802905 0.504741 0.981356 -5.096628 0.588272 9.830859 3.289425 -0.185584 -1.132587 2.788149 3.150448 11.727098 7.142997 -4.949303 23.102239 3.697394 9.631899 -4.580592 13.816145 16.583592 20.987454 -2.770162 -25.871904 -12.277452 17.404593 -42.312011 -21.162971 -28.485229 -22.955679 -13.476775 13.457960 0.033050 1.652346 -5.019005 -1.929617 13.919339 0.940905 9.842785 -2.994524 -9.298548 -7.811563 5.057732 -14.724580 24.395566 -16.963364 -4.912030 -30.916143 3.023000 12.354716 2.548021 10.654804 4.432656 1.726371 -9.847678 28.013868 -2.673376 -1.178808 2.069234 5.970910 -1.568067 7.822712 30.151593 -6.768987 29.980145 -32.220791 -13.039669 31.593611 -6.536008 1.608614 -5.015281 -27.161726 -30.383026 17.511461 4.563894 -7.967493 -6.238219 -14.217622 2.156774 18.570757 3.278649 5.459932 -3.799622 -5.906399 1.513059 -7.880423 -13.311968 -2.370012 -2.638499 -7.697586 -46.260086 2.226129 -5.358712 1.205113 -11.535595 16.340147 -38.787571 -14.114669 10.014548 -15.765612 12.354923 -13.104185 -16.405710 10.541737 -1.012240 2.169268 -2.816825 
-10.237176 106.046791 -0.411987 13.852316 25.085099 16.958576 3.518174 13.128635 -0.148668 -9.542187 1.304647 -18.540193 2.463520 20.588118 4.903629 -1.699860 2.906017 1.706720 2.644695 14.366111 2.555695 3.699243 0.382851 6.225021 3.525501 16.516565 2.803352 0.949231 2.030220 -4.701471 0.584203 9.833269 3.267498 0.046110 -1.033710 2.166598 3.150349 11.716522 7.161200 -4.271695 20.851755 3.862719 9.628551 -4.584713 13.827565 15.388493 19.169995 -3.255486 -25.895815 -12.269225 17.412561 -38.352123 -19.033297 -27.542147 -22.947075 -13.500080 13.455871 -1.069878 2.159293 -3.510737 -1.926508 13.927027 0.946589 9.266595 -2.143900 -9.226836 -7.817314 5.053512 -14.713896 21.821531 -15.258475 -3.489453 -30.903349 3.023081 12.363815 -0.029924 11.203413 -0.048149 1.718943 -9.863117 28.012905 -3.361125 -1.446466 1.508514 5.973656 -1.557192 7.812198 30.503997 -5.077523 29.178329 -32.211365 -13.034513 31.604305 -5.899777 1.454755 -5.228788 -27.155149 -30.395632 17.508781 4.517330 -6.998485 -4.688028 -14.213106 2.156318 18.565519 2.504351 6.235515 -3.818938 -5.895736 1.511996 -7.903315 -13.113992 -2.015816 -3.722808 -7.683742 -46.248348 2.217081 -2.638906 1.186562 -11.222833 16.327499 -38.782181 -14.103221 10.079270 -15.633087 11.353590 -13.093059 -16.422821 10.535114 -0.210232 1.936083 -1.842277 
-13.467633 105.455429 -0.454777 12.509097 25.235095 15.621184 3.535316 13.110731 -0.142528 -9.749931 1.769166 -17.866382 2.478490 20.570251 4.907868 -1.600800 2.633417 1.445188 2.641490 14.370046 2.551554 3.809766 -0.134079 5.564218 3.542120 16.506203 2.816829 1.102495 2.363495 -4.877091 0.584958 9.837019 3.253904 0.234744 -0.614639 1.960037 3.151740 11.719585 7.171668 -3.400952 18.905832 4.249786 9.622920 -4.591249 13.826662 14.664150 18.062077 -4.165323 -25.911167 -12.266880 17.424639 -35.891169 -16.744006 -25.827307 -22.948179 -13.498290 13.446272 -1.973918 2.341118 -2.234180 -1.922277 13.931276 0.950941 8.688358 -1.524009 -8.105502 -7.822261 5.048886 -14.704774 20.244659 -13.352976 -2.601402 -30.898022 3.015462 12.369851 -2.496147 10.676387 -4.382148 1.715872 -9.871072 28.018522 -3.888421 -1.800731 0.764535 5.975434 -1.539361 7.803648 30.187431 -3.849533 27.633528 -32.195343 -13.026350 31.608919 -3.892586 1.606277 -4.608197 -27.154659 -30.399651 17.501141 4.012011 -6.014440 -3.200286 -14.207812 2.154770 18.563549 2.226663 6.763200 -3.081024 -5.887207 1.511967 -7.924392 -13.679966 -2.012797 -4.198099 -7.671367 -46.237232 2.216489 -0.059530 2.083596 -11.055040 16.312449 -38.787182 -14.082465 9.508859 -16.164870 10.365584 -13.089984 -16.436401 10.525184 0.110492 1.537192 -1.366702 
-16.657358 104.562225 -0.647082 11.998157 26.029719 15.389851 3.535170 13.087371 -0.142258 -9.639192 2.113749 -16.928660 2.490729 20.560009 4.915809 -1.837466 2.300544 0.965421 2.638511 14.364607 2.546122 3.789278 -0.651548 4.778995 3.553035 16.496538 2.821084 0.803377 2.014222 -5.519405 0.582482 9.846217 3.250642 -0.017272 -0.265580 1.590112 3.148422 11.722840 7.169017 -2.501357 17.019337 3.939330 9.614335 -4.593623 13.826927 13.803176 17.289785 -5.704662 -25.924877 -12.276210 17.422562 -34.128297 -14.947879 -24.949479 -22.954847 -13.496946 13.437910 -2.006001 2.755541 -0.963034 -1.929704 13.938699 0.951483 8.364723 -0.639111 -7.745267 -7.827386 5.046590 -14.698806 19.320657 -11.389550 -2.387274 -30.889568 3.009178 12.380640 -4.461680 10.135033 -8.488757 1.701425 -9.876244 28.021910 -4.116027 -1.740426 0.073741 5.972434 -1.529135 7.798646 29.713867 -2.104308 26.343602 -32.185226 -13.020534 31.625204 -1.505252 2.211686 -3.461456 -27.155878 -30.401003 17.494802 3.689693 -5.394307 -2.551042 -14.200889 2.163232 18.567318 2.096533 7.034314 -2.588697 -5.890101 1.512851 -7.931160 -14.711336 -1.657107 -4.197442 -7.658772 -46.234501 2.216093 3.057826 2.518874 -10.080470 16.308670 -38.789818 -14.059651 8.784001 -16.674414 10.239255 -13.090735 -16.443502 10.522829 0.396264 1.332424 -0.789160 
-19.833229 103.530479 -0.872007 11.911337 28.119914 15.753944 3.529587 13.072892 -0.144668 -8.719972 2.382366 -16.208980 2.486123 20.548288 4.924805 -2.363472 2.445001 0.727297 2.626740 14.370497 2.543520 3.971940 -0.546629 4.253280 3.564236 16.499012 2.834150 -0.065281 0.826711 -6.418641 0.585041 9.849501 3.248425 -0.024088 -0.055209 1.467561 3.150656 11.725189 7.166249 -1.643757 15.480270 4.226936 9.610634 -4.599470 13.838062 12.623002 17.747420 -6.743744 -25.931719 -12.290986 17.425152 -33.605685 -13.176640 -24.074445 -22.969341 -13.490817 13.435224 -2.131144 2.636547 0.035724 -1.933500 13.946482 0.951258 8.366294 0.198634 -7.178048 -7.835734 5.052251 -14.696594 19.788897 -9.891369 -2.012758 -30.887590 2.992793 12.396387 -6.697538 9.084324 -12.121480 1.687964 -9.871403 28.028191 -4.488596 -1.821517 -0.472303 5.973457 -1.517364 7.794034 28.862033 -1.352655 25.194686 -32.187592 -13.016616 31.647425 1.359036 2.817219 -1.413734 -27.166969 -30.408529 17.498066 3.505813 -4.479803 -2.958737 -14.195778 2.171067 18.565710 2.117453 6.610135 -2.128348 -5.894950 1.516454 -7.944818 -16.339843 -1.497911 -3.957836 -7.641351 -46.242641 2.222654 5.724327 3.289432 -9.548614 16.307245 -38.794308 -14.047088 8.142802 -17.386293 9.966790 -13.089762 -16.441252 10.518722 0.242917 1.417949 -0.277986 
-22.935078 102.455017 -1.046186 11.952107 31.246702 16.258061 3.528742 13.059187 -0.153300 -7.564833 2.273369 -15.101437 2.482328 20.540680 4.931190 -2.828444 3.105138 0.330389 2.621064 14.372537 2.543593 3.963739 -0.289644 4.339939 3.576387 16.504524 2.839268 -0.442666 -0.208465 -7.114302 0.586364 9.850830 3.246687 -0.647768 0.447345 1.136324 3.149178 11.724536 7.153207 -1.062729 14.703992 4.481835 9.606134 -4.600632 13.843016 11.673686 18.741192 -7.699290 -25.927834 -12.306162 17.420250 -34.383623 -11.470337 -24.642209 -22.983168 -13.486857 13.437567 -2.112153 2.529363 0.682741 -1.932201 13.948854 0.947947 8.399124 1.161733 -6.374930 -7.841618 5.056398 -14.700057 20.741223 -8.250490 -2.380622 -30.878698 2.978729 12.406564 -8.743840 8.038277 -14.810288 1.680872 -9.871571 28.031252 -4.877360 -1.626961 -0.647994 5.966230 -1.516180 7.797893 28.102308 -0.344981 23.861565 -32.182407 -13.008135 31.663288 4.068106 3.551190 0.681709 -27.176769 -30.403421 17.499601 3.089242 -3.690486 -3.769952 -14.185790 2.180769 18.563631 2.172645 6.331448 -2.361760 -5.904240 1.516385 -7.945775 -18.160836 -1.797821 -3.610015 -7.626165 -46.243145 2.230785 8.177141 4.206147 -8.318324 16.315008 -38.799644 -14.035257 8.235530 -17.608791 9.570204 -13.089874 -16.436218 10.518570 0.010952 1.212368 -0.299504 
-25.898664 101.484947 -1.116408 12.734201 34.615713 16.952507 3.526757 13.048635 -0.171631 -6.282370 1.765258 -14.031141 2.476342 20.542559 4.941479 -3.368797 4.247465 0.048307 2.624395 14.372222 2.535443 4.229778 0.258451 4.609228 3.579081 16.511627 2.833875 -1.084871 -0.987631 -7.090940 0.584200 9.849459 3.249017 -0.821821 0.448390 1.808366 3.150919 11.725729 7.137648 -0.581838 14.022425 5.453947 9.606187 -4.604891 13.842990 10.406358 20.105374 -9.035627 -25.923811 -12.318299 17.417738 -35.030558 -10.192276 -25.326072 -22.988731 -13.483756 13.438304 -1.473239 2.063848 1.215373 -1.923514 13.937778 0.943704 9.067473 2.486785 -5.897141 -7.851830 5.062675 -14.704679 21.819374 -7.316546 -2.810628 -30.880451 2.971647 12.417315 -10.199388 6.805148 -16.913013 1.676230 -9.865536 28.033255 -5.063390 -1.466018 -0.937178 5.958742 -1.514996 7.804375 26.989641 0.426262 22.995258 -32.190418 -13.002151 31.668772 7.198778 4.129160 2.950516 -27.187401 -30.403212 17.497318 2.333105 -2.212320 -4.715807 -14.180023 2.174182 18.560516 2.104612 5.560120 -2.861629 -5.908839 1.512859 -7.943568 -20.364626 -2.368070 -2.717976 -7.616758 -46.244408 2.244092 10.096226 4.864457 -7.286111 16.328554 -38.807304 -14.029848 8.028134 -17.451478 9.432510 -13.091061 -16.423136 10.518950 -0.368644 1.389197 -0.597065 
-28.651588 100.685692 -1.077990 13.563429 37.468458 17.964256 3.528415 13.036433 -0.186595 -5.255590 1.574714 -13.005545 2.470926 20.540567 4.955759 -4.170351 4.906847 -0.497069 2.628079 14.381136 2.538699 4.505656 0.574925 4.985032 3.583130 16.517670 2.834787 -1.611431 -1.776341 -7.264821 0.575766 9.848429 3.250715 -0.781865 0.439376 1.958108 3.146490 11.728864 7.123101 -0.683399 14.089990 5.823567 9.609086 -4.605328 13.845459 9.706931 21.446417 -9.560625 -25.912027 -12.330802 17.423737 -35.996709 -9.246531 -26.023671 -23.001675 -13.479071 13.434545 -0.933188 1.886206 1.544587 -1.920897 13.933364 0.944065 9.803076 3.291107 -5.635335 -7.857420 5.066220 -14.712192 23.197573 -6.431530 -3.023847 -30.878159 2.961557 12.423280 -11.318744 6.196245 -18.267449 1.680542 -9.863756 28.032536 -5.403641 -1.401822 -0.589326 5.955495 -1.510391 7.816412 25.962712 0.426699 22.609765 -32.193630 -12.999410 31.671297 10.170491 4.555414 5.195160 -27.198282 -30.398615 17.505745 1.626512 -0.688035 -5.909696 -14.174264 2.174404 18.546799 2.220157 5.174044 -2.934914 -5.911220 1.511818 -7.940624 -22.323809 -3.084191 -2.182300 -7.604208 -46.248905 2.251941 11.096307 5.264767 -6.506410 16.337564 -38.803940 -14.033265 8.424677 -17.402979 9.101994 -13.087210 -16.408499 10.520739 -0.518730 1.471685 -0.930095 
-31.149372 100.074120 -0.970503 14.603887 40.324901 19.050596 3.533081 13.031652 -0.204177 -4.329083 1.040177 -12.523287 2.470205 20.550896 4.963124 -4.395706 5.916893 -1.021740 2.635028 14.383854 2.532988 4.449143 0.679298 5.685759 3.586475 16.524767 2.829926 -2.112233 -2.479154 -7.323517 0.573425 9.851150 3.253437 -0.924621 0.360210 2.602737 3.152789 11.729529 7.113987 -0.946772 14.541674 6.595388 9.606085 -4.604861 13.845721 8.576943 22.929526 -9.782550 -25.905846 -12.336975 17.428513 -37.086882 -8.429922 -26.808858 -22.996389 -13.483131 13.439756 -0.558390 1.567728 1.681452 -1.901621 13.933421 0.942482 10.675890 4.248760 -5.357696 -7.859845 5.072407 -14.710904 24.691153 -6.112646 -3.579541 -30.886171 2.956025 12.433562 -12.286285 5.500781 -19.440093 1.685597 -9.857280 28.027578 -5.322563 -0.707212 -0.467572 5.951233 -1.514076 7.825210 25.041270 -0.231924 22.343231 -32.197372 -13.002454 31.656891 12.282435 4.573353 6.908814 -27.201761 -30.390881 17.501291 0.494176 1.036863 -7.068334 -14.175380 2.172885 18.542299 2.410312 4.622921 -3.305371 -5.915180 1.508743 -7.930741 -24.015748 -3.998432 -1.414144 -7.599066 -46.253334 2.261758 11.449042 5.816426 -5.830145 16.340725 -38.801987 -14.030911 8.789958 -17.071587 8.824238 -13.087357 -16.395796 10.521923 -0.682277 1.591706 -1.329798 
-33.328499 99.627106 -0.824304 16.003376 42.267099 20.091170 3.528431 13.026897 -0.219206 -3.759480 0.176676 -11.904968 2.465518 20.553925 4.973039 -4.361478 6.706471 -1.517227 2.639894 14.386869 2.525910 4.561457 0.903801 5.890977 3.588409 16.533735 2.827873 -2.381366 -2.822584 -7.172610 0.565707 9.850234 3.255051 -0.839588 0.528510 2.764162 3.156007 11.727387 7.106822 -0.915983 14.850300 7.142639 9.606217 -4.601127 13.839832 7.794725 24.029818 -10.427322 -25.897505 -12.342732 17.431168 -37.590356 -8.088190 -27.475232 -22.994564 -13.482938 13.441408 -0.169684 1.377064 1.793061 -1.897978 13.935424 0.939548 11.355350 4.821328 -5.333518 -7.860037 5.072322 -14.707542 25.807629 -5.974744 -3.847002 -30.888943 2.949004 12.434680 -12.656469 5.317038 -19.945783 1.690978 -9.850922 28.023050 -5.171495 -0.576651 -0.354181 5.948111 -1.512640 7.831127 24.264701 -0.421152 22.140996 -32.202103 -13.004301 31.651281 13.732306 4.693813 7.980770 -27.200005 -30.386425 17.499378 -0.570292 2.510736 -8.029634 -14.175036 2.170932 18.532616 2.589596 4.199347 -3.613325 -5.911201 1.508052 -7.927927 -25.274345 -4.560417 -0.786306 -7.592325 -46.256615 2.270061 11.744817 5.738771 -5.431725 16.348356 -38.798489 -14.033636 9.486066 -17.136533 8.354505 -13.083057 -16.380224 10.524294 -0.881863 1.860116 -1.637126 
-35.139908 99.318275 -0.684295 16.616008 44.079210 20.899986 3.524004 13.023214 -0.222034 -3.230493 0.036235 -11.456937 2.462430 20.555214 4.979361 -4.367248 7.327193 -1.804701 2.637511 14.386438 2.524967 4.140754 0.930518 6.354630 3.584395 16.533760 2.825145 -2.454977 -3.068853 -7.249632 0.562129 9.852482 3.254522 -0.721514 0.403491 2.849675 3.157266 11.730465 7.097892 -1.077224 15.426375 7.546001 9.605651 -4.602797 13.830819 7.337822 25.273163 -10.915193 -25.890989 -12.344913 17.435932 -37.933399 -7.772997 -27.908867 -22.983166 -13.476953 13.436793 -0.108479 1.211765 1.914750 -1.887451 13.933885 0.939289 11.588838 4.753574 -5.000127 -7.855392 5.071249 -14.702971 26.732537 -6.079874 -3.871455 -30.888721 2.948563 12.435582 -12.899734 5.421157 -20.035002 1.699734 -9.852483 28.024181 -4.814100 -0.670823 -0.182304 5.947038 -1.507172 7.840082 23.808202 -0.713722 21.697682 -32.197323 -12.999742 31.639112 15.039621 4.343563 9.035208 -27.199142 -30.376850 17.495945 -1.301437 3.484175 -8.803901 -14.180007 2.166079 18.528374 2.619601 3.914575 -3.590271 -5.907278 1.510640 -7.925965 -26.072435 -5.215256 -0.462979 -7.586407 -46.263744 2.274902 11.756474 5.904672 -4.793808 16.352570 -38.791794 -14.033084 9.853710 -16.932898 7.817362 -13.081168 -16.369629 10.520988 -1.170522 1.918288 -1.596928 
-36.604137 99.141083 -0.539036 17.843328 45.283546 21.751350 3.525152 13.019641 -0.229994 -3.062633 -0.386988 -11.598797 2.463333 20.555706 4.981921 -4.358890 7.784565 -2.235347 2.638736 14.383210 2.514950 3.718723 0.721070 6.660253 3.585916 16.535362 2.819393 -2.827878 -3.310436 -7.566640 0.559217 9.851006 3.255513 -0.807281 0.448856 2.928332 3.162291 11.727909 7.095600 -1.250334 15.384432 7.742141 9.600458 -4.592736 13.827208 6.718506 25.745720 -10.878468 -25.887730 -12.349495 17.437405 -38.355703 -7.270402 -27.914643 -22.975040 -13.473996 13.439695 0.030023 1.333382 1.698776 -1.882953 13.937581 0.938857 11.970489 4.940836 -5.038883 -7.853955 5.072011 -14.697267 27.576814 -5.974962 -4.125106 -30.889477 2.944462 12.433616 -13.175636 5.487303 -20.371345 1.700777 -9.853588 28.015886 -4.650265 -0.344306 -0.133535 5.945264 -1.509861 7.835827 23.433862 -0.953179 21.663571 -32.196407 -13.005098 31.633770 15.379557 4.639575 9.426932 -27.194717 -30.368013 17.491804 -1.982897 4.162839 -8.971680 -14.180735 2.164386 18.524178 3.011531 3.743345 -3.490875 -5.907978 1.511258 -7.916347 -26.563504 -5.508328 0.007312 -7.585478 -46.262959 2.279326 11.539395 5.957964 -4.466021 16.352230 -38.784966 -14.035380 10.424847 -16.691579 7.654801 -13.069856 -16.361042 10.522162 -1.349175 1.933801 -1.705141 
-37.747925 99.134338 -0.376317 17.772087 45.941341 21.703964 3.520616 13.019544 -0.233049 -3.010621 -0.244301 -11.716332 2.459479 20.558577 4.987255 -4.667927 8.100153 -2.108860 2.637307 14.378481 2.512425 3.556835 0.885428 6.670342 3.584524 16.543629 2.818523 -2.862851 -3.509647 -7.588923 0.556955 9.849664 3.253659 -0.598485 0.564787 3.173120 3.170750 11.728596 7.096902 -1.279731 15.731847 7.902937 9.601744 -4.598893 13.827434 6.314485 26.370104 -11.307004 -25.884268 -12.357503 17.434929 -38.222893 -7.533666 -28.588949 -22.980476 -13.474527 13.438351 -0.104849 1.364206 1.820419 -1.876244 13.935820 0.933985 12.165475 4.978546 -4.932381 -7.845305 5.073478 -14.694353 28.079526 -6.031688 -4.024834 -30.889811 2.943469 12.436597 -13.333660 5.589992 -20.486135 1.711084 -9.853082 28.019075 -4.608388 -0.331434 0.062191 5.946853 -1.511960 7.844141 23.695782 -1.257110 21.854797 -32.196785 -13.001498 31.632030 15.249594 4.485054 9.815480 -27.196718 -30.368917 17.491272 -2.132457 4.822833 -9.564568 -14.180323 2.165069 18.519936 2.935115 3.309308 -3.473725 -5.908595 1.509392 -7.915532 -27.184330 -5.971499 0.252980 -7.579719 -46.277527 2.275644 10.650469 6.204300 -4.287152 16.350744 -38.779415 -14.035141 11.052671 -16.627558 7.371001 -13.067985 -16.359133 10.521613 -1.481322 1.744724 -1.895567 
-38.616566 99.351448 -0.191911 17.962520 46.791884 21.735265 3.526323 13.021832 -0.240345 -3.112848 -0.055192 -11.972427 2.460840 20.557671 4.986229 -4.764571 8.116561 -2.443153 2.634434 14.381638 2.511912 3.511962 0.740302 7.235216 3.589283 16.538416 2.811083 -2.765314 -3.205289 -7.859846 0.559137 9.845903 3.253533 -0.407475 0.546421 3.048920 3.169134 11.730465 7.099735 -1.163010 15.826610 8.037349 9.598012 -4.591376 13.826964 5.829621 26.671122 -11.573956 -25.882402 -12.359743 17.437183 -38.392753 -7.257948 -28.356336 -22.976387 -13.471810 13.437092 -0.247817 1.540969 2.023895 -1.872899 13.934763 0.938144 12.337391 4.903622 -5.160040 -7.841540 5.072256 -14.692207 27.682999 -6.354424 -3.824481 -30.884663 2.946299 12.437217 -13.666300 6.015751 -20.874988 1.712175 -9.863997 28.018471 -4.784688 -0.576600 0.155102 5.944846 -1.514234 7.843462 23.671183 -1.131884 22.352569 -32.193726 -12.996644 31.627371 15.053209 4.600976 9.921324 -27.194355 -30.365353 17.487555 -2.356133 5.450219 -9.422671 -14.181087 2.158622 18.520077 3.118376 3.331982 -3.498337 -5.904684 1.512702 -7.918396 -26.936714 -6.159852 0.527305 -7.580808 -46.276642 2.280008 9.885915 6.361214 -4.353065 16.355438 -38.772045 -14.031697 11.740758 -16.163725 7.139490 -13.063192 -16.353838 10.519439 -1.672328 1.920882 -2.280855 
-39.237053 99.840652 0.044203 17.874453 47.167258 21.118923 3.526241 13.023291 -0.239969 -3.218031 0.415341 -12.297694 2.464812 20.554499 4.987009 -4.522191 8.601591 -2.284137 2.637715 14.377250 2.507633 3.050011 0.777549 7.292715 3.590273 16.528734 2.807703 -3.068158 -3.147050 -7.656965 0.557573 9.851320 3.249578 -0.494923 0.689951 3.671565 3.180466 11.734818 7.098983 -1.337149 15.721393 7.918131 9.601752 -4.588461 13.824428 5.964150 26.311004 -11.700505 -25.879192 -12.368884 17.431641 -38.231577 -7.535125 -28.421034 -22.977570 -13.471705 13.435979 -0.073520 1.895448 1.926306 -1.869490 13.939513 0.937697 11.870732 4.520486 -5.161436 -7.834491 5.071086 -14.686102 26.988089 -6.723426 -4.052074 -30.885532 2.949147 12.437388 -14.345060 6.570715 -21.614625 1.715165 -9.872353 28.015221 -4.844615 -0.355707 0.308724 5.943900 -1.511712 7.838611 23.701513 -1.470190 23.100366 -32.193203 -12.996510 31.626530 13.736819 5.111008 9.230456 -27.193697 -30.368900 17.486204 -1.907346 5.957768 -9.030026 -14.183964 2.163871 18.516230 3.092931 3.618661 -3.064687 -5.896567 1.510017 -7.915812 -26.556802 -6.141807 0.800632 -7.582002 -46.282043 2.282228 7.884132 6.371958 -4.582724 16.351610 -38.765976 -14.025208 12.389416 -15.903785 7.108228 -13.061448 -16.355080 10.520597 -1.905832 1.816939 -2.495547 
-39.629543 100.583008 0.345187 18.115299 47.511588 21.012981 3.531453 13.020489 -0.237469 -3.905734 0.953393 -13.360717 2.464561 20.549250 4.983257 -4.675104 8.996408 -1.992791 2.638204 14.373997 2.512897 2.390759 0.618782 7.520421 3.590376 16.524511 2.798249 -3.091601 -3.008989 -8.102328 0.562546 9.847219 3.251092 -0.675604 0.876709 4.179625 3.178935 11.727520 7.104490 -1.525089 15.898394 7.769682 9.594923 -4.575370 13.823516 5.403588 26.063025 -12.120963 -25.878883 -12.379162 17.423151 -37.670894 -8.071737 -27.741186 -22.977098 -13.474567 13.428514 -0.183209 2.124707 2.371030 -1.867237 13.943892 0.942442 11.420199 3.983181 -5.671863 -7.828965 5.066572 -14.676292 25.870439 -6.792839 -3.414466 -30.877554 2.950638 12.435097 -15.306635 7.811530 -22.463654 1.717701 -9.878266 28.015551 -5.174203 -0.330449 0.275044 5.944826 -1.514195 7.831084 24.402478 -1.583697 24.560418 -32.183838 -12.992338 31.630482 11.714797 5.656789 8.548980 -27.193884 -30.369904 17.486715 -1.521401 6.080483 -8.539035 -14.182393 2.162135 18.513868 3.362680 3.447053 -2.759252 -5.891845 1.513741 -7.925523 -25.698425 -5.984515 0.585913 -7.577709 -46.285053 2.277669 5.532739 6.581274 -4.871052 16.346361 -38.754089 -14.022211 13.369756 -15.098558 7.586587 -13.056692 -16.359152 10.517733 -2.314125 1.984980 -2.520182 
-39.782753 101.531204 0.706263 18.120116 47.864777 20.137215 3.540432 13.021501 -0.245675 -4.612982 1.452937 -13.957836 2.469963 20.539524 4.980972 -4.725496 8.975806 -1.542859 2.634768 14.374217 2.518621 2.231664 0.399782 7.752420 3.597543 16.513588 2.787194 -2.768411 -2.220081 -7.963978 0.566740 9.845654 3.251345 -0.482655 1.363911 4.718132 3.181213 11.727234 7.110550 -1.684945 15.727171 7.395886 9.595109 -4.566114 13.821389 5.432590 25.616869 -12.463374 -25.879410 -12.389590 17.419130 -37.254294 -8.583069 -27.751684 -22.977438 -13.480172 13.423967 -0.018302 2.263317 2.430942 -1.873183 13.942481 0.950630 10.449024 3.513369 -5.924042 -7.819425 5.055451 -14.665466 23.928306 -7.844792 -2.923392 -30.872265 2.961744 12.434863 -15.806099 8.394316 -23.522466 1.720460 -9.896603 28.017988 -5.807391 -0.686434 0.478524 5.936665 -1.514513 7.825806 25.652280 -1.612248 25.967452 -32.182560 -12.984150 31.633284 9.648855 5.794242 7.120408 -27.197174 -30.378189 17.481806 -0.664647 6.192622 -7.385211 -14.180297 2.162657 18.520943 3.208777 4.019725 -2.298103 -5.883287 1.514870 -7.940242 -24.593337 -6.148173 0.572752 -7.577103 -46.279545 2.278480 2.871098 6.896308 -5.826355 16.341070 -38.744205 -14.022915 14.337916 -14.352548 7.872713 -13.054164 -16.362280 10.513513 -2.703600 1.833058 -3.017234 
-39.694603 102.573029 1.116675 17.893776 47.445550 18.915507 3.544547 13.017169 -0.244947 -5.506201 2.080846 -15.231812 2.472701 20.534044 4.980715 -5.482131 8.949897 -1.219564 2.637053 14.371113 2.529399 1.847356 0.596524 8.266978 3.599194 16.508003 2.782452 -2.768356 -1.426389 -8.109895 0.566127 9.838061 3.253952 -0.815568 1.464811 4.884619 3.183240 11.722373 7.116153 -1.258199 15.668946 7.130891 9.588433 -4.556174 13.825100 5.177627 24.906777 -12.454934 -25.875509 -12.401243 17.401937 -36.663339 -9.489808 -27.252277 -22.983978 -13.482735 13.419312 0.263985 2.503516 2.608356 -1.877779 13.941817 0.953712 9.400493 3.194170 -6.583925 -7.809642 5.055504 -14.664618 21.273386 -8.003368 -2.060106 -30.862078 2.971852 12.428118 -16.712039 9.285470 -24.841197 1.720712 -9.905830 28.024023 -6.456349 -0.700701 0.360248 5.935102 -1.515395 7.824318 26.802605 -1.790724 27.796134 -32.175976 -12.984552 31.636503 7.293344 6.162464 5.611529 -27.192171 -30.388494 17.479366 0.536342 5.525057 -6.524785 -14.176132 2.157591 18.517485 3.418546 4.184475 -2.098952 -5.875323 1.513922 -7.953338 -23.322842 -5.839404 0.640001 -7.577330 -46.275280 2.272670 0.325341 6.756528 -7.000951 16.332354 -38.732861 -14.013221 15.140094 -14.035781 8.585348 -13.052491 -16.364542 10.508557 -2.846957 1.885526 -3.088059 
-39.352039 103.602348 1.535999 17.323655 46.858407 17.997627 3.556161 13.010233 -0.245946 -6.750317 2.567394 -16.116434 2.469684 20.529572 4.978158 -5.697978 8.859321 -0.643351 2.640826 14.374335 2.542863 1.655359 0.517777 8.385355 3.607206 16.498777 2.779565 -2.764478 -0.568485 -7.968544 0.568343 9.833444 3.254837 -1.025568 1.821837 5.565067 3.182531 11.717865 7.116640 -1.189696 16.021524 6.831718 9.584327 -4.547036 13.824918 4.753128 24.376108 -12.737172 -25.875269 -12.406957 17.390213 -36.167699 -10.240778 -26.718911 -22.988476 -13.485138 13.414362 0.721528 2.592893 3.074790 -1.883947 13.943114 0.962346 8.068399 2.435140 -7.322268 -7.811158 5.048117 -14.649758 18.704811 -8.840935 -1.475677 -30.858908 2.983692 12.420710 -17.750152 9.987810 -26.075973 1.717841 -9.913326 28.024012 -7.493908 -0.942051 0.077132 5.931384 -1.513369 7.819812 27.913298 -2.223866 29.624873 -32.171265 -12.980967 31.637119 5.325857 6.037526 4.108774 -27.197760 -30.403313 17.469715 1.536443 4.802035 -5.468739 -14.173459 2.154812 18.517076 3.617787 4.769607 -1.690424 -5.866380 1.514201 -7.965416 -22.407959 -6.162172 0.534317 -7.578407 -46.270748 2.270304 -2.161960 6.841922 -8.072397 16.320312 -38.715672 -14.009382 15.612364 -13.633591 9.262053 -13.053504 -16.369526 10.510653 -2.835765 2.068396 -3.300841 
-38.774532 104.534782 1.925129 16.646318 45.141772 16.860658 3.566536 13.007961 -0.240657 -7.776212 2.795969 -16.833312 2.472564 20.526764 4.979908 -5.794706 8.528805 -0.338464 2.636728 14.378217 2.552835 1.214452 0.621182 8.461918 3.609852 16.489702 2.775370 -2.557353 0.469778 -7.627586 0.569180 9.829935 3.254892 -1.300143 2.075394 5.804715 3.182163 11.712299 7.118215 -1.127731 16.376523 6.372015 9.586747 -4.541190 13.824323 4.565491 23.755263 -12.421527 -25.871977 -12.412943 17.379889 -35.785461 -11.136744 -26.658829 -22.989695 -13.487339 13.415380 0.633278 2.932461 3.025884 -1.893765 13.945057 0.958522 7.180760 1.686078 -7.556098 -7.805387 5.042181 -14.645123 16.848239 -9.106361 -0.831426 -30.850750 2.988339 12.415037 -18.141000 10.550652 -26.547909 1.717250 -9.917178 28.027756 -7.891880 -0.685539 0.480001 5.933046 -1.512079 7.817683 29.101821 -2.683684 31.192395 -32.164883 -12.978244 31.639879 3.166740 5.648820 2.377545 -27.197163 -30.411951 17.472811 2.385666 4.119457 -4.773314 -14.169364 2.155461 18.521448 3.779726 5.321923 -1.283199 -5.856369 1.508421 -7.981717 -21.174744 -6.003913 -0.089539 -7.579916 -46.268391 2.268079 -4.294693 6.656580 -9.149139 16.308012 -38.702152 -14.006034 15.903114 -13.413634 9.657324 -13.050185 -16.371130 10.511061 -2.731508 1.900105 -3.052453 
-37.954884 105.314651 2.250772 16.251315 42.937796 15.870346 3.573064 13.008867 -0.238784 -8.485778 2.655845 -17.290506 2.473381 20.524096 4.977756 -6.303973 8.343328 -0.074335 2.646998 14.375899 2.558369 1.126620 0.811826 8.648351 3.611933 16.491697 2.779255 -2.494134 1.187722 -7.406330 0.567144 9.828342 3.247943 -1.240083 2.309298 5.728961 3.179736 11.710276 7.122824 -0.812742 16.773018 6.116927 9.587037 -4.543036 13.827155 5.068525 23.504723 -11.605431 -25.870115 -12.410724 17.368416 -35.895520 -11.982231 -26.459215 -22.995598 -13.491627 13.411963 0.904259 2.782012 3.256708 -1.892981 13.939853 0.957175 6.362343 1.468766 -7.981109 -7.801492 5.041972 -14.640851 15.339358 -9.460388 -0.606856 -30.851809 2.993244 12.408525 -18.445544 11.273880 -26.940986 1.716859 -9.916030 28.026230 -8.476795 -0.468184 0.092780 5.936020 -1.513805 7.820721 29.871600 -3.552086 32.667005 -32.162834 -12.989223 31.639973 1.624083 4.993564 1.043965 -27.191851 -30.418995 17.468645 2.873621 3.094829 -4.590494 -14.164772 2.150108 18.516447 3.993389 5.757459 -1.126069 -5.850793 1.508680 -7.982847 -20.309354 -6.452579 -0.434392 -7.583922 -46.269100 2.264625 -6.001356 5.968130 -10.099031 16.294518 -38.693531 -13.998774 16.003657 -13.717328 10.074100 -13.053182 -16.371876 10.510253 -2.584534 2.043288 -3.080816 
-36.915844 105.933685 2.482514 16.081042 40.593450 14.955377 3.575097 13.006926 -0.231993 -9.202322 2.861697 -17.738688 2.474046 20.521442 4.970492 -5.854675 8.032518 0.191559 2.652501 14.379624 2.567487 0.812140 0.592819 8.281938 3.610452 16.481916 2.777468 -2.104241 1.820610 -6.505887 0.570948 9.819571 3.248696 -1.291611 2.537801 5.729394 3.177749 11.702257 7.127280 -0.742066 16.904310 5.991287 9.583814 -4.540422 13.823540 5.439934 23.193651 -11.311692 -25.871292 -12.409003 17.363701 -35.259168 -12.665294 -26.601306 -22.990463 -13.494815 13.411150 0.541663 2.689327 3.039228 -1.900576 13.939089 0.952955 5.577185 0.624085 -8.316642 -7.801888 5.037186 -14.640153 14.266957 -9.886239 0.059784 -30.854603 3.001960 12.404200 -18.174852 11.691861 -26.462431 1.718649 -9.918981 28.032133 -8.560625 -0.290316 0.425194 5.938572 -1.514931 7.823075 30.629877 -4.220338 33.143954 -32.159420 -12.990051 31.640123 0.447900 4.542416 -0.123043 -27.195030 -30.423820 17.471592 3.232733 2.506544 -3.945583 -14.165547 2.148027 18.517586 3.861611 5.832653 -0.827112 -5.844025 1.505798 -7.994834 -19.377441 -6.114079 -1.147779 -7.583213 -46.267509 2.261570 -6.946667 5.767731 -10.753856 16.288532 -38.692741 -13.995445 16.070996 -13.621807 10.387954 -13.055969 -16.380901 10.503468 -2.536655 1.999596 -2.743917 
-35.684536 106.430710 2.616860 16.307724 38.208843 14.680966 3.581132 13.015980 -0.229996 -9.794456 2.554833 -17.703108 2.476348 20.520380 4.971714 -5.844687 7.987914 0.082223 2.661894 14.380338 2.568922 0.718412 0.471465 8.223409 3.614668 16.481640 2.780811 -1.715120 2.001087 -5.987941 0.569157 9.820630 3.246414 -1.374386 2.494519 5.904909 3.176169 11.699353 7.133911 -1.126945 17.328986 5.991461 9.587803 -4.544091 13.828303 6.139050 23.195486 -10.014535 -25.866877 -12.401650 17.364222 -35.757263 -13.067188 -26.268971 -22.995258 -13.500850 13.409995 0.300224 2.532547 2.998236 -1.899162 13.942101 0.955472 5.396603 0.385313 -8.031666 -7.797753 5.031045 -14.639673 13.893467 -10.258748 0.021087 -30.859367 3.000710 12.404741 -17.718148 12.265567 -25.588148 1.717948 -9.911604 28.026016 -8.537829 -0.003099 0.366815 5.942298 -1.519905 7.817794 30.850117 -5.298007 33.961483 -32.161911 -12.999487 31.636673 -0.726436 4.170550 -1.012222 -27.192833 -30.427935 17.469633 3.603688 1.853422 -3.752208 -14.167972 2.146574 18.516783 3.917811 6.122768 -0.611630 -5.840331 1.502643 -7.996841 -18.810450 -6.366058 -1.275655 -7.587327 -46.265469 2.262259 -8.190372 5.370725 -11.457414 16.281389 -38.691319 -13.997648 16.051028 -13.901120 10.552615 -13.054670 -16.385637 10.498168 -2.455469 1.821345 -2.700563 
-34.292259 106.814163 2.658673 16.356058 36.176978 14.946293 3.582930 13.023066 -0.221669 -10.072816 2.029343 -17.750470 2.479179 20.519222 4.967772 -5.764704 7.701867 0.125272 2.668339 14.382206 2.571135 0.911953 0.463242 7.960317 3.606833 16.483023 2.782117 -1.227700 2.247809 -5.267460 0.569932 9.821365 3.242874 -0.965745 2.358736 5.333730 3.174742 11.694458 7.144999 -1.351673 17.644370 5.954696 9.590272 -4.548398 13.831183 7.256209 22.976862 -8.545878 -25.877426 -12.388923 17.367506 -35.442962 -13.703609 -26.229369 -22.985655 -13.501188 13.406117 0.043710 2.410180 2.726540 -1.900549 13.939038 0.951620 5.260309 -0.082341 -8.484686 -7.801773 5.032780 -14.642838 13.826645 -10.749694 0.395712 -30.866375 3.006747 12.399525 -16.873991 12.957956 -24.574805 1.716685 -9.909103 28.023355 -8.429538 0.124185 0.266647 5.951926 -1.523033 7.824611 30.982524 -6.105983 34.343875 -32.160442 -13.002357 31.629663 -1.217877 3.651717 -1.760166 -27.189362 -30.422794 17.473000 3.174397 1.170194 -3.532787 -14.167098 2.138492 18.524477 4.005423 6.645132 -0.653334 -5.838260 1.504806 -7.996881 -18.065760 -6.252964 -2.185589 -7.590385 -46.268326 2.259977 -8.245333 4.693445 -11.657900 16.281187 -38.695717 -13.993255 15.870730 -14.275390 10.795913 -13.061777 -16.384722 10.495651 -2.237583 2.114605 -2.198513 
-32.792599 107.103699 2.620266 17.143292 33.829572 15.433548 3.584612 13.025934 -0.212935 -10.202394 2.203207 -17.804152 2.481130 20.517519 4.961481 -5.301448 7.037313 0.177792 2.673121 14.383460 2.574503 0.740766 -0.097484 7.493123 3.604989 16.475979 2.789809 -1.063925 2.426596 -4.802398 0.568530 9.824623 3.245573 -0.553538 2.135034 5.131817 3.169816 11.695447 7.149693 -1.408025 17.983632 5.948874 9.589797 -4.556293 13.829609 8.258227 22.418086 -7.674856 -25.875181 -12.377259 17.368879 -35.252700 -14.145087 -26.366204 -22.983213 -13.504774 13.408061 -0.091914 2.335134 2.639488 -1.903400 13.943807 0.951352 5.105976 -0.263831 -8.565655 -7.807024 5.030770 -14.644448 13.656610 -11.129623 0.450435 -30.875347 3.007763 12.398904 -15.876710 13.437993 -23.052845 1.719211 -9.906608 28.023785 -8.290735 0.026994 0.367578 5.952271 -1.525682 7.826462 31.340654 -6.858774 34.504053 -32.160030 -13.009901 31.632147 -1.866484 2.886197 -2.646551 -27.181070 -30.423800 17.479879 3.257432 0.727894 -3.576896 -14.173571 2.143211 18.516878 4.006876 6.831746 -0.736292 -5.833339 1.505988 -7.997414 -17.138983 -5.818671 -2.728102 -7.598122 -46.270439 2.255032 -8.527652 4.152928 -11.612271 16.278822 -38.698120 -13.992632 15.954506 -14.591063 10.742434 -13.060413 -16.391870 10.493842 -2.075452 2.408226 -2.049628 
-31.248226 107.310753 2.534581 17.234779 31.880536 15.359765 3.577659 13.035195 -0.210526 -10.487208 1.836007 -17.869877 2.483865 20.517191 4.953450 -4.949354 6.959469 -0.085242 2.681530 14.386844 2.572701 0.906988 0.246902 7.297255 3.601927 16.474722 2.791767 -0.728757 2.562135 -4.081222 0.569630 9.822124 3.247216 -0.513819 2.378503 5.025812 3.170594 11.695413 7.151054 -1.716406 17.915550 5.634191 9.593060 -4.560382 13.833346 9.085741 22.393279 -7.150171 -25.881287 -12.367886 17.378010 -35.081863 -14.793638 -26.387630 -22.982557 -13.506120 13.405176 -0.452783 2.269924 2.808172 -1.904244 13.942567 0.949918 5.720328 -0.438430 -8.506826 -7.810214 5.030124 -14.642702 13.627383 -11.621731 0.403638 -30.880331 3.009572 12.396184 -15.036690 13.720565 -22.021898 1.717539 -9.901610 28.023491 -8.045665 0.293036 0.375910 5.960324 -1.522377 7.826121 31.427155 -7.797308 34.718104 -32.157032 -13.015068 31.626703 -2.426151 2.442604 -3.527851 -27.180338 -30.424213 17.489754 3.007100 0.308745 -3.478773 -14.172529 2.142703 18.522074 3.950356 6.871240 -0.791805 -5.830208 1.507774 -7.994747 -16.710961 -5.427629 -3.545674 -7.598940 -46.272102 2.251170 -8.555977 3.739255 -11.763280 16.278324 -38.703381 -13.992723 15.798499 -14.868514 10.864673 -13.069052 -16.395426 10.491025 -1.901735 2.113277 -1.794014 
-29.798170 107.450653 2.410917 16.942182 29.783791 15.423803 3.575110 13.043082 -0.200927 -10.686532 1.754839 -18.068736 2.481533 20.520718 4.947244 -4.691262 6.262909 0.051417 2.678000 14.384999 2.573797 1.054831 0.149307 6.887993 3.594347 16.474144 2.797694 -0.618406 2.504514 -3.745721 0.567877 9.825603 3.245690 -0.343734 1.996967 4.864339 3.172327 11.696723 7.154682 -2.120482 18.202268 5.542661 9.595239 -4.573788 13.836473 9.779665 21.762704 -6.162417 -25.888016 -12.353971 17.378580 -34.973137 -14.959518 -26.588545 -22.980797 -13.505246 13.410459 -0.848362 2.023174 2.582885 -1.904590 13.945857 0.946670 5.819553 -0.753209 -8.793150 -7.809561 5.030096 -14.647993 14.245815 -11.955650 0.289915 -30.884775 3.010126 12.401240 -13.832857 13.983061 -20.007111 1.716586 -9.896020 28.022078 -7.654856 0.555138 0.505936 5.963747 -1.524889 7.825215 31.208856 -8.099665 34.860657 -32.159813 -13.020604 31.628265 -3.100928 1.942662 -4.019332 -27.178162 -30.427912 17.488096 3.209832 -0.523828 -3.772633 -14.175849 2.145454 18.525650 3.846899 7.131974 -0.833412 -5.833724 1.508537 -7.989521 -16.146437 -5.045184 -3.791607 -7.607162 -46.276211 2.251001 -8.434755 3.446380 -12.143789 16.274164 -38.708843 -13.992333 15.125454 -15.091484 10.889511 -13.073722 -16.397602 10.494213 -1.395192 2.432872 -1.621368 
-28.549135 107.495544 2.247448 16.925390 28.621397 15.502410 3.569678 13.052280 -0.190976 -10.884496 1.581277 -18.247332 2.478724 20.519526 4.940842 -4.620071 5.803602 -0.001908 2.679443 14.384091 2.571172 1.048864 -0.024721 6.518352 3.593201 16.475750 2.800614 -0.308853 2.705132 -3.577902 0.571441 9.822798 3.247607 -0.407330 2.052182 4.540898 3.169140 11.693560 7.156047 -2.221679 18.209235 5.455901 9.598152 -4.575438 13.833697 10.816821 21.666313 -5.581100 -25.891123 -12.339174 17.383940 -34.895057 -15.337022 -26.298330 -22.976856 -13.504299 13.407108 -1.113499 1.919027 2.654297 -1.908090 13.944284 0.943173 6.247037 -1.118789 -8.690741 -7.818445 5.026891 -14.646347 14.145277 -12.306219 0.583022 -30.884966 3.013593 12.386724 -12.825456 14.125623 -18.817011 1.718589 -9.894959 28.023153 -7.514442 0.082589 0.335472 5.970286 -1.518703 7.825293 31.721062 -8.403061 34.383002 -32.153549 -13.018051 31.625261 -3.352574 1.656163 -4.444196 -27.174307 -30.421942 17.495127 2.914152 -0.983527 -3.369639 -14.174025 2.146250 18.527588 3.897822 7.200472 -1.081163 -5.836655 1.511245 -7.986896 -15.843032 -4.713568 -4.420069 -7.610996 -46.272655 2.247411 -7.939837 3.290408 -11.784464 16.278574 -38.713741 -13.995728 15.277776 -15.143055 10.815606 -13.069572 -16.401590 10.494033 -1.398187 2.340787 -1.196588 
-27.589834 107.440742 2.052561 16.880813 28.273553 15.416189 3.571077 13.057939 -0.192147 -10.713521 1.546731 -17.662512 2.487513 20.518034 4.937097 -4.408899 5.484603 -0.054341 2.673406 14.382907 2.567275 1.190343 0.065570 6.111440 3.595168 16.472214 2.804272 -0.163698 2.582276 -3.368103 0.567061 9.825501 3.247234 0.164780 1.885426 4.333701 3.168806 11.697790 7.155839 -2.395206 17.877218 5.345508 9.604639 -4.582845 13.833062 11.277629 21.241024 -5.342623 -25.897141 -12.335443 17.393305 -34.793646 -15.650984 -26.851448 -22.978344 -13.507648 13.413185 -1.397828 1.942223 2.325324 -1.905834 13.943749 0.945722 6.383714 -0.873945 -8.625499 -7.816769 5.025949 -14.651504 14.360244 -12.595632 0.124432 -30.886854 3.014430 12.394427 -11.809247 13.928810 -17.771444 1.717908 -9.893911 28.021666 -7.074062 0.009287 0.370331 5.966061 -1.518570 7.822916 31.500365 -8.240299 34.057488 -32.155212 -13.019782 31.622503 -3.373427 1.498393 -4.719453 -27.169329 -30.423119 17.496181 3.088905 -1.304927 -3.446191 -14.174939 2.146910 18.532228 3.575125 7.185933 -1.128416 -5.835098 1.511745 -7.983845 -15.650380 -4.343817 -4.223126 -7.614385 -46.270981 2.244575 -7.639565 3.184043 -11.929504 16.279888 -38.721207 -13.997156 15.157342 -15.582814 10.645855 -13.077424 -16.404911 10.493282 -1.140943 2.138919 -1.518044 
-27.022007 107.250618 1.829553 16.533501 28.100360 15.786314 3.570753 13.056380 -0.187555 -10.604455 1.595808 -17.597677 2.481692 20.522491 4.939368 -4.320767 5.042741 0.127775 2.671132 14.382710 2.570056 1.401336 0.130876 6.215583 3.588655 16.478022 2.806295 -0.056098 2.283015 -3.564032 0.566201 9.828304 3.248729 0.186870 1.724414 4.083279 3.167830 11.696736 7.156559 -2.240473 17.978786 5.396870 9.598866 -4.590146 13.836172 11.053765 20.983953 -5.454969 -25.898146 -12.327873 17.392237 -34.721164 -15.512241 -26.520515 -22.976522 -13.503011 13.412556 -1.387863 1.908732 2.436935 -1.905966 13.946550 0.943484 6.478930 -0.713500 -8.579523 -7.817768 5.029197 -14.652079 14.953675 -12.599402 0.060101 -30.888609 3.014292 12.391191 -11.438813 13.899402 -17.042082 1.714717 -9.886997 28.020071 -6.825618 -0.069104 0.354564 5.970481 -1.519522 7.826984 31.387158 -7.981505 33.873480 -32.159000 -13.018578 31.620949 -3.006413 1.457253 -4.614379 -27.168421 -30.419394 17.493660 2.779734 -1.494174 -3.806026 -14.178351 2.147187 18.533600 3.485503 7.283181 -1.243115 -5.838122 1.514130 -7.983461 -15.548705 -4.257023 -4.077836 -7.615790 -46.271984 2.243569 -6.847336 3.182485 -11.818702 16.281086 -38.722935 -14.000990 14.661640 -15.952771 10.681637 -13.080595 -16.405416 10.496037 -0.976946 2.412159 -1.219782 
-26.849667 106.907600 1.569059 15.849965 28.302996 15.624660 3.562777 13.051724 -0.186928 -10.321256 1.858340 -17.578959 2.479982 20.525814 4.936764 -3.903976 4.861185 0.066659 2.666749 14.389071 2.569198 1.484235 0.005138 6.112087 3.587666 16.476835 2.808233 -0.227825 1.930405 -3.890055 0.565915 9.827303 3.246835 0.156845 1.594286 4.190777 3.170602 11.698746 7.154441 -2.179676 17.690007 5.150278 9.598002 -4.588141 13.836772 10.911027 20.672539 -5.781069 -25.901484 -12.328230 17.395247 -34.630968 -15.239737 -26.465615 -22.977076 -13.503325 13.415388 -1.500770 1.974330 2.287062 -1.907637 13.947796 0.945934 6.879404 -0.472072 -8.494158 -7.821872 5.031326 -14.650871 15.387002 -12.093471 -0.091822 -30.888620 3.005908 12.396501 -11.487991 13.667763 -16.947858 1.711630 -9.892217 28.021339 -7.082788 -0.073055 0.541188 5.971086 -1.520518 7.823362 30.951053 -7.388450 33.242234 -32.163757 -13.018019 31.629293 -2.757928 1.647713 -4.486684 -27.170431 -30.421806 17.496321 2.959021 -1.470120 -3.422550 -14.179200 2.153164 18.531834 3.431778 7.034409 -1.321147 -5.845493 1.514131 -7.982972 -15.865372 -3.994852 -4.149764 -7.620797 -46.271553 2.243461 -6.198970 3.377664 -11.707515 16.282795 -38.728004 -14.002856 14.256432 -15.766595 10.398394 -13.079523 -16.407185 10.501802 -0.884127 2.254465 -1.427122 
-27.030743 106.379532 1.244711 15.773555 29.696577 15.595554 3.563022 13.054062 -0.188060 -10.103895 1.802713 -16.918075 2.489383 20.526501 4.937879 -3.911426 4.719209 -0.094385 2.658254 14.386003 2.563463 1.954367 0.185515 6.062877 3.584960 16.478558 2.809092 -0.403577 1.553689 -4.278365 0.563409 9.832285 3.253347 0.206128 1.398959 3.738383 3.162925 11.706217 7.153392 -2.059972 16.907223 5.269077 9.601357 -4.588281 13.829933 10.959529 20.426932 -6.241908 -25.908117 -12.335011 17.406839 -34.334828 -14.810743 -26.182535 -22.970764 -13.500376 13.416666 -1.294198 2.607603 2.457645 -1.915229 13.946398 0.951529 7.270350 -0.014820 -8.387007 -7.824972 5.037101 -14.660244 15.649360 -11.564350 -0.137961 -30.884132 3.006499 12.395887 -11.322639 13.044827 -17.536719 1.707204 -9.891274 28.016176 -6.834539 -0.503963 0.149157 5.966081 -1.515484 7.818947 30.703299 -6.479926 32.178473 -32.159004 -13.012527 31.632647 -1.666597 2.302378 -3.789835 -27.172300 -30.420763 17.495352 2.908825 -1.128050 -3.355176 -14.177219 2.153639 18.537476 3.503944 6.748965 -1.274049 -5.846249 1.512156 -7.981413 -16.370128 -3.673200 -3.951790 -7.618583 -46.266663 2.243562 -4.470056 3.524925 -11.092882 16.293457 -38.730648 -14.005442 14.076438 -15.917238 10.023922 -13.081273 -16.408487 10.496228 -0.884618 2.162203 -1.462835 
-27.494406 105.682274 0.893221 15.044163 30.978350 15.365166 3.557271 13.051124 -0.191391 -9.496303 2.146182 -16.614881 2.485348 20.525003 4.940816 -4.064141 4.394205 -0.077420 2.653251 14.387985 2.562829 2.424211 0.054725 5.977756 3.589275 16.484007 2.811518 -0.486082 1.151363 -5.192853 0.571025 9.838318 3.248413 -0.057344 1.658044 3.665916 3.162827 11.709154 7.151302 -1.816061 16.433575 5.259333 9.607029 -4.592672 13.835853 11.014985 20.479595 -6.785774 -25.908932 -12.330071 17.405560 -34.231392 -13.821082 -26.322950 -22.986536 -13.502400 13.419890 -1.505847 2.407820 2.517714 -1.914142 13.947427 0.947829 7.521434 0.406314 -8.018203 -7.825452 5.036438 -14.661448 16.468365 -10.958295 -0.584890 -30.877613 2.998765 12.403012 -11.564127 12.227409 -17.685130 1.707784 -9.891171 28.024441 -6.745852 -0.436452 0.182949 5.960477 -1.520223 7.811243 30.070051 -5.216449 30.778011 -32.162907 -13.008766 31.639132 -0.560256 2.503536 -2.662315 -27.179577 -30.418570 17.495638 3.141216 -1.109914 -3.324209 -14.174695 2.166710 18.542030 3.140168 6.489564 -1.482902 -5.859503 1.512292 -7.977711 -16.999897 -3.579357 -3.356970 -7.613371 -46.268246 2.248130 -2.849004 3.978297 -10.711686 16.296574 -38.735947 -14.006387 13.738551 -15.820776 9.753578 -13.081156 -16.413074 10.500508 -0.744408 2.151094 -1.539157 
-28.098974 104.887169 0.539683 14.891283 32.606008 16.111660 3.555900 13.044080 -0.187256 -9.008644 2.280841 -16.506288 2.485569 20.521481 4.942780 -4.010267 4.237542 -0.067333 2.648709 14.390329 2.559176 2.967641 0.238715 6.184523 3.582654 16.485298 2.815440 -1.021422 0.374879 -5.720479 0.572562 9.839934 3.251744 0.050371 1.475985 3.595475 3.158643 11.708210 7.149687 -1.678893 15.974697 5.282919 9.601058 -4.592897 13.837820 10.250459 20.206753 -7.618065 -25.912346 -12.335583 17.407110 -34.020517 -13.089344 -25.992731 -22.992653 -13.495206 13.419751 -1.232883 2.548590 2.561164 -1.916806 13.943954 0.949938 7.754748 1.068522 -7.951710 -7.829313 5.046501 -14.665812 17.359838 -10.138324 -0.946775 -30.874889 2.991636 12.407136 -12.155077 11.521417 -18.421362 1.696214 -9.885569 28.022024 -6.842300 -0.675986 0.205376 5.961712 -1.516851 7.808690 29.171034 -4.124405 29.736338 -32.161972 -13.006104 31.651230 0.804717 3.198628 -1.333958 -27.185251 -30.414938 17.497881 3.009968 -1.033014 -3.783361 -14.176460 2.166627 18.540382 2.937567 6.225419 -1.665723 -5.865696 1.515613 -7.973380 -17.819752 -3.350938 -2.888461 -7.609987 -46.257259 2.244036 -0.707767 4.460495 -9.925114 16.300581 -38.748314 -14.000998 12.970573 -16.090165 9.871313 -13.078587 -16.416512 10.501756 -0.581238 2.118282 -1.589949 
-28.674417 104.080711 0.203215 14.231847 34.410363 15.688103 3.546977 13.041964 -0.191976 -8.037423 1.892054 -15.581499 2.485222 20.523884 4.947597 -3.894033 4.585626 -0.033515 2.641004 14.386013 2.555233 3.293839 0.428259 5.914444 3.583954 16.494926 2.814283 -0.986783 -0.063593 -5.946743 0.570931 9.842072 3.250864 -0.100474 1.364523 3.418750 3.159007 11.712727 7.141782 -1.323738 15.276044 5.585185 9.599497 -4.593130 13.837146 9.923455 20.562317 -8.492769 -25.911957 -12.342223 17.410685 -34.418659 -12.238569 -26.124770 -22.989655 -13.490997 13.424776 -1.333705 2.217321 2.340958 -1.920093 13.943435 0.951043 7.990323 1.513385 -7.486118 -7.832691 5.050610 -14.674116 18.202420 -9.593569 -1.173609 -30.873215 2.987694 12.414876 -12.118294 10.516705 -18.919788 1.696502 -9.888025 28.023041 -6.585369 -1.054689 -0.224252 5.953109 -1.514480 7.813289 28.517758 -2.882184 28.327539 -32.167660 -12.999177 31.661884 2.579216 3.552292 -0.181394 -27.191666 -30.413296 17.490423 2.714158 -0.819364 -3.782351 -14.174474 2.166289 18.544081 2.783004 5.731158 -1.949504 -5.871476 1.517047 -7.972276 -18.511553 -3.035044 -2.623744 -7.605615 -46.253483 2.252434 1.502695 4.986190 -9.383355 16.314644 -38.754368 -14.008263 12.504373 -16.300590 9.205653 -13.083800 -16.416878 10.503063 -0.851018 2.321158 -1.293532 
-29.086918 103.363777 -0.082100 14.130459 35.423796 16.314358 3.547632 13.040925 -0.195985 -7.205076 1.772780 -14.679152 2.483593 20.526356 4.950337 -4.095983 4.766441 -0.265988 2.634310 14.388972 2.546435 3.488670 0.595059 6.033547 3.588350 16.498072 2.817513 -1.125631 -0.703135 -6.254703 0.576362 9.842401 3.250695 -0.030040 1.097505 3.126016 3.152782 11.719871 7.135892 -1.268143 14.714082 5.873557 9.602624 -4.594277 13.836972 9.872910 21.017793 -8.537384 -25.908300 -12.343357 17.415457 -35.085937 -11.471567 -26.059788 -22.995735 -13.491872 13.428824 -1.063213 2.348432 2.484966 -1.917337 13.944850 0.953619 8.727676 2.176973 -6.853406 -7.842294 5.057046 -14.679464 19.255671 -8.865896 -1.772871 -30.871311 2.977383 12.417196 -12.190075 9.440150 -19.385194 1.686757 -9.883959 28.016632 -6.487833 -1.505020 -0.466760 5.948574 -1.516882 7.808393 27.742654 -2.206505 27.153122 -32.169746 -12.997606 31.666813 4.402339 3.640703 1.392618 -27.192123 -30.414286 17.491791 2.431759 -0.349246 -4.406167 -14.170177 2.166538 18.543987 2.990339 5.523315 -1.887366 -5.879903 1.514226 -7.965812 -19.562799 -3.069892 -2.086632 -7.605897 -46.247154 2.255277 3.229291 5.225978 -8.963697 16.321552 -38.763874 -14.013818 11.791934 -16.384954 8.960552 -13.079681 -16.411884 10.508969 -0.687056 2.182958 -1.396582 
-29.190239 102.810379 -0.303527 13.781754 35.958487 16.392987 3.541774 13.037386 -0.193961 -6.789295 1.706979 -14.349019 2.477439 20.524918 4.952533 -4.207336 4.749489 -0.410076 2.630046 14.387704 2.543182 3.894759 0.590496 5.713534 3.587547 16.503212 2.820285 -1.352250 -0.963509 -6.475792 0.578644 9.839989 3.254630 -0.067120 1.080053 2.992559 3.156108 11.721279 7.133668 -1.071756 14.473181 6.039898 9.604408 -4.598819 13.838536 9.714885 21.296665 -8.811123 -25.911610 -12.340820 17.418423 -35.019719 -11.036351 -26.448553 -22.995279 -13.486643 13.432576 -1.281568 2.236322 2.400308 -1.916239 13.941138 0.946757 8.961938 2.565180 -6.888650 -7.844482 5.059781 -14.685539 20.028439 -8.390904 -2.079426 -30.874996 2.973511 12.421071 -12.148090 8.871079 -19.208334 1.688585 -9.879103 28.019602 -6.093829 -1.372293 -0.340885 5.951554 -1.513312 7.810069 27.371858 -1.575624 26.088674 -32.169739 -12.995098 31.665497 5.438479 3.900840 1.946365 -27.193512 -30.411556 17.495209 2.290498 -0.240323 -4.746886 -14.169707 2.172989 18.540886 2.657309 5.230162 -2.177983 -5.888946 1.512663 -7.961328 -19.966470 -2.992113 -2.158822 -7.601877 -46.246674 2.255070 4.663852 5.217121 -8.589474 16.324986 -38.763958 -14.017231 11.412852 -16.532668 8.695440 -13.085218 -16.411583 10.508085 -0.784325 2.064579 -1.307137 
-28.934477 102.480087 -0.468283 13.880527 36.116722 16.955301 3.541873 13.036331 -0.190079 -6.454579 1.689849 -14.199657 2.471780 20.526171 4.953472 -4.020958 4.927752 -0.504890 2.630219 14.384096 2.545152 3.837608 0.401300 5.789541 3.584527 16.500496 2.827133 -1.379429 -1.265997 -6.614652 0.576777 9.842649 3.251207 -0.105138 0.848348 2.924782 3.152519 11.721667 7.135603 -1.224942 14.446408 5.702461 9.600804 -4.598932 13.838770 9.416638 21.164321 -8.721232 -25.907400 -12.338899 17.416658 -34.903424 -10.635527 -26.065720 -22.996264 -13.483359 13.430942 -1.081584 2.294191 2.252510 -1.917494 13.946947 0.949299 8.962844 2.577517 -6.534140 -7.845658 5.057763 -14.687223 20.555360 -8.062534 -2.181589 -30.874018 2.966937 12.425435 -11.973334 8.499499 -18.951709 1.684937 -9.873207 28.016338 -5.964776 -1.606320 -0.412037 5.949288 -1.515549 7.807106 26.791443 -1.461977 25.721471 -32.176994 -12.997198 31.665447 6.012479 4.073139 2.518183 -27.191547 -30.409864 17.494455 2.379343 -0.208584 -5.068665 -14.171571 2.168927 18.538906 2.492228 5.534952 -2.303093 -5.889735 1.510975 -7.958574 -20.464749 -2.917532 -2.001324 -7.606919 -46.245522 2.253702 5.587771 5.487700 -8.351451 16.325676 -38.769192 -14.018981 10.768381 -16.636399 8.818374 -13.082411 -16.411095 10.510705 -0.400162 1.870436 -1.298272 
-28.276964 102.343857 -0.595999 13.614278 35.754565 16.943497 3.539133 13.039909 -0.185419 -6.514205 1.928600 -14.140896 2.476133 20.526922 4.940177 -3.853872 4.750920 -0.360554 2.628584 14.383755 2.545669 3.780508 0.286068 5.478618 3.585195 16.496868 2.826315 -1.396666 -1.221462 -6.687197 0.583469 9.840466 3.253862 -0.077866 1.134103 2.576334 3.148623 11.723002 7.132684 -1.285434 14.268546 5.421440 9.598746 -4.596055 13.837643 9.530167 20.963328 -8.966741 -25.914282 -12.335322 17.420565 -35.012854 -10.958512 -26.109211 -22.992567 -13.484898 13.429929 -1.304742 2.411405 2.021765 -1.920981 13.942386 0.948324 8.983629 2.466520 -6.620066 -7.850636 5.058102 -14.687713 20.690055 -8.128604 -2.093849 -30.874233 2.974462 12.420801 -11.607761 8.236056 -18.610609 1.683206 -9.877328 28.020416 -5.821021 -1.642219 -0.399993 5.951639 -1.510994 7.808809 27.414866 -0.891753 25.108076 -32.173416 -12.994195 31.666775 6.139218 4.144880 2.487609 -27.192219 -30.405489 17.501263 2.386343 -0.629001 -4.783136 -14.171514 2.172064 18.543884 2.326966 5.421781 -2.267339 -5.893712 1.516007 -7.956940 -20.260578 -2.534916 -2.516006 -7.605479 -46.247444 2.248371 6.367779 5.453013 -7.808301 16.324039 -38.774673 -14.023443 10.527202 -16.633775 9.063239 -13.087451 -16.416359 10.508115 -0.747683 1.636239 -1.055562 
-27.278845 102.397141 -0.687080 12.997824 34.451310 16.586039 3.538415 13.042556 -0.175511 -6.823771 2.115552 -14.548035 2.474360 20.531008 4.943392 -3.783107 4.170310 -0.288899 2.621559 14.377759 2.542105 3.801926 0.216090 5.115540 3.581521 16.501822 2.829958 -1.205435 -1.122500 -6.868380 0.581693 9.842316 3.251947 -0.145993 0.702400 2.300114 3.151534 11.721403 7.140832 -1.202168 14.324088 5.285197 9.600090 -4.604751 13.839711 10.042062 20.330297 -8.677686 -25.916491 -12.326387 17.419970 -34.857054 -11.169320 -25.515806 -22.991796 -13.483405 13.429420 -1.486562 2.339979 2.032518 -1.923237 13.942667 0.947003 8.866980 2.234085 -6.629340 -7.846835 5.061331 -14.685496 20.584703 -8.092786 -2.091788 -30.878574 2.971464 12.419607 -10.953100 8.303663 -17.881203 1.682014 -9.878506 28.020161 -5.567458 -1.779712 -0.405194 5.957736 -1.511648 7.805269 27.203255 -0.978070 25.008941 -32.175907 -12.999035 31.666723 5.587555 3.716437 2.102214 -27.184710 -30.408960 17.499182 2.556766 -1.291025 -4.800245 -14.178512 2.171773 18.545786 2.358485 5.615002 -2.391375 -5.897712 1.517327 -7.953355 -19.989459 -2.416384 -2.793168 -7.611853 -46.246220 2.245868 6.624405 5.036433 -7.872947 16.320536 -38.783035 -14.023380 9.936545 -16.725153 8.843630 -13.086230 -16.419355 10.511291 -0.363950 1.551454 -0.931054 
-26.035105 102.611267 -0.731822 12.732413 33.419439 16.519171 3.535217 13.047563 -0.171322 -7.243100 2.259723 -14.583253 2.474123 20.531233 4.936975 -3.540082 3.804952 -0.231982 2.625633 14.380333 2.544085 3.900655 0.073032 5.041324 3.580904 16.497950 2.834897 -1.066387 -0.566033 -6.772364 0.582792 9.844509 3.249552 -0.332200 0.769384 1.983500 3.147301 11.720282 7.142261 -1.095406 14.361624 5.045310 9.604888 -4.601991 13.839392 10.552179 19.830469 -8.207374 -25.917772 -12.319629 17.420727 -34.745490 -11.276646 -25.257273 -22.987988 -13.484892 13.426542 -1.638302 2.341415 1.951880 -1.927639 13.944195 0.945854 8.839939 1.844413 -6.745876 -7.846107 5.057316 -14.685959 20.079429 -8.503288 -2.062625 -30.876215 2.975278 12.414232 -10.287823 8.539840 -17.090356 1.681957 -9.876524 28.020800 -5.378120 -1.718104 -0.466821 5.960078 -1.509891 7.798888 27.460560 -1.225989 24.872504 -32.175098 -13.003135 31.662336 4.878110 3.619219 1.305285 -27.179600 -30.407022 17.498646 2.783222 -1.869949 -4.274714 -14.179057 2.173829 18.547573 2.311999 5.709369 -2.277657 -5.894711 1.515662 -7.954205 -19.241485 -2.229649 -2.814820 -7.616846 -46.242596 2.241556 6.516406 4.845052 -8.351283 16.316858 -38.779274 -14.022168 9.631362 -16.971166 8.873340 -13.086065 -16.422543 10.512823 -0.165793 1.641569 -0.710395 
-24.723827 103.014320 -0.705392 12.471399 31.708808 15.822102 3.535567 13.053405 -0.166606 -7.746918 2.281346 -14.938428 2.477983 20.532459 4.931525 -3.245100 3.358963 0.156219 2.624753 14.378962 2.543355 3.827905 -0.074864 4.690226 3.578135 16.500620 2.834403 -0.769185 -0.329306 -6.327924 0.582696 9.844428 3.249234 0.238537 0.749190 2.001716 3.153541 11.724359 7.150985 -1.365001 14.607968 4.879773 9.605483 -4.607066 13.835972 11.214952 19.383577 -7.716083 -25.924753 -12.314517 17.421816 -34.482357 -11.889072 -25.179484 -22.985910 -13.487427 13.431273 -1.975912 2.485551 1.374966 -1.926763 13.949435 0.947989 8.542893 1.388129 -6.775282 -7.844366 5.053103 -14.684306 20.018082 -8.938895 -1.995877 -30.879034 2.980019 12.416622 -9.654950 8.932071 -15.965965 1.688184 -9.878174 28.021029 -5.480675 -1.826445 -0.447700 5.959681 -1.513608 7.799676 28.083139 -1.388987 25.292595 -32.174419 -13.004539 31.661636 3.739083 3.161666 0.299085 -27.178501 -30.411694 17.495989 3.173264 -2.508651 -3.820778 -14.182964 2.173303 18.553120 2.265744 5.851174 -2.077725 -5.890926 1.517278 -7.956135 -18.355445 -2.037279 -3.366946 -7.621105 -46.247406 2.238867 5.881912 4.560837 -8.795098 16.313246 -38.779068 -14.026935 9.622856 -17.170899 8.728563 -13.088794 -16.429861 10.511229 -0.107247 1.570373 -0.602387 
-23.545729 103.595428 -0.555278 12.800075 30.071834 15.935499 3.536741 13.059976 -0.161866 -8.366641 2.290796 -15.500517 2.483337 20.532183 4.929377 -3.177055 3.053334 0.083903 2.628864 14.372276 2.544287 3.453867 -0.320248 4.840455 3.576310 16.493122 2.828730 -0.732932 0.245940 -6.164714 0.578795 9.844791 3.248515 0.130405 0.396635 2.248906 3.152671 11.724289 7.155460 -1.592736 14.738624 4.717255 9.608517 -4.605532 13.839762 11.620750 18.741711 -7.233791 -25.923588 -12.309491 17.425253 -34.111129 -12.665245 -24.967219 -22.979200 -13.488347 13.432224 -1.910697 2.735229 1.451545 -1.923703 13.947941 0.946635 8.489024 1.040189 -7.058887 -7.835950 5.054098 -14.680522 19.553950 -9.447600 -1.910914 -30.881353 2.985547 12.410266 -8.943171 9.486408 -15.143448 1.688347 -9.879645 28.017601 -5.309590 -1.470447 -0.292007 5.965006 -1.516612 7.798130 28.519971 -2.191355 26.191079 -32.168724 -13.010567 31.654654 1.871340 2.774778 -1.160132 -27.169695 -30.408394 17.496906 3.308468 -2.866625 -3.650191 -14.187903 2.176480 18.551771 2.243482 6.190965 -1.933180 -5.891909 1.519028 -7.953923 -17.568346 -1.806287 -3.738916 -7.631573 -46.247688 2.235330 4.190052 3.906292 -9.411807 16.304996 -38.768467 -14.027678 10.168383 -17.205680 9.068407 -13.084434 -16.436646 10.511539 0.097906 1.543415 -0.396875 
-22.708998 104.347549 -0.275285 13.461252 29.000853 15.998282 3.539750 13.065477 -0.157636 -8.755608 2.444604 -15.972170 2.481232 20.533291 4.928794 -2.994176 2.877471 0.102120 2.630024 14.374146 2.549855 3.262150 -0.363527 5.097945 3.572817 16.489645 2.827347 -0.294423 0.772949 -5.653625 0.578145 9.842725 3.251880 0.622184 0.285075 2.199259 3.152743 11.719654 7.160161 -1.902131 15.601105 4.626714 9.609078 -4.606272 13.835217 12.005415 18.507168 -6.768920 -25.925446 -12.299917 17.426096 -33.720210 -13.528118 -24.819087 -22.966694 -13.486747 13.426350 -2.241387 2.453950 1.342800 -1.924887 13.951156 0.946455 8.129515 0.514898 -7.514787 -7.834285 5.048422 -14.676407 18.821203 -10.406134 -1.384479 -30.882484 2.993170 12.403026 -8.080162 10.489052 -13.946991 1.694939 -9.881570 28.018745 -5.248372 -1.757660 -0.259525 5.966115 -1.516923 7.804849 29.158771 -2.996674 27.402502 -32.167091 -13.009268 31.643961 0.610100 2.327807 -2.260081 -27.164051 -30.406860 17.495564 3.183432 -3.109712 -3.235515 -14.189494 2.167393 18.555769 2.506545 6.387676 -1.911912 -5.879173 1.516588 -7.960208 -16.435790 -1.670320 -3.802795 -7.633403 -46.246700 2.231580 2.551837 3.827342 -10.213023 16.305569 -38.765697 -14.026167 10.618094 -17.075398 9.196384 -13.087002 -16.432280 10.505889 0.059922 1.663687 -0.481876 
-22.372459 105.175385 0.136058 13.530103 27.579336 15.525121 3.547118 13.066863 -0.161782 -9.355889 2.623050 -16.572182 2.480955 20.535627 4.924433 -3.324040 2.717317 0.271922 2.639690 14.375542 2.556335 2.838661 -0.478605 5.183940 3.572320 16.486944 2.825639 -0.381876 1.107902 -5.121785 0.575361 9.840309 3.249776 0.544964 0.326453 2.490171 3.156714 11.713848 7.159570 -2.143554 16.167206 4.493276 9.608294 -4.605270 13.835675 12.469044 18.465860 -5.803430 -25.922462 -12.300421 17.418575 -33.748894 -14.457873 -25.798941 -22.971205 -13.494460 13.421445 -2.171483 2.371268 1.356342 -1.918863 13.950927 0.950238 8.056904 -0.095597 -7.893949 -7.829874 5.042892 -14.665826 17.960471 -11.547262 -1.299542 -30.885689 3.003415 12.400693 -8.229242 11.292244 -13.693027 1.701981 -9.883216 28.017910 -5.260342 -1.388120 0.129046 5.965757 -1.514105 7.802353 29.929011 -4.442061 28.725983 -32.167503 -13.015274 31.633160 -1.007174 1.825539 -3.498104 -27.162607 -30.412966 17.496662 3.241545 -3.224388 -3.225364 -14.185254 2.165647 18.547905 2.285899 6.788358 -1.915908 -5.873532 1.516618 -7.958371 -15.752257 -2.298882 -4.190886 -7.635271 -46.249031 2.225691 0.242487 3.313983 -10.702561 16.294134 -38.756664 -14.026369 11.498187 -16.618651 9.536920 -13.088839 -16.430294 10.511527 0.065363 1.927252 -0.775914 
-22.641676 105.972977 0.624304 14.558862 26.907190 15.529968 3.553352 13.069838 -0.164778 -10.098161 2.111861 -17.068298 2.478329 20.533564 4.924989 -3.390171 2.888956 0.191352 2.646682 14.375791 2.558426 2.556812 -0.533594 5.028681 3.571775 16.482437 2.815412 0.453098 1.681913 -4.145984 0.574471 9.838023 3.252292 0.576450 0.777175 2.985039 3.163583 11.702808 7.159178 -2.599731 17.087880 4.564987 9.606008 -4.599859 13.831864 12.628691 19.037933 -5.443300 -25.915051 -12.297932 17.410421 -33.922906 -15.390815 -26.036002 -22.965649 -13.500784 13.419179 -2.004051 2.086918 1.424139 -1.915566 13.948377 0.946328 7.808346 -0.579047 -8.548173 -7.831406 5.036733 -14.662397 17.065624 -12.199333 -1.004291 -30.886242 3.007123 12.392904 -8.203401 12.361165 -13.460839 1.706710 -9.885097 28.017328 -5.788939 -1.331725 0.239443 5.972778 -1.520494 7.810997 30.654039 -5.665610 30.279407 -32.165913 -13.013879 31.621267 -2.217443 1.471234 -4.102799 -27.157902 -30.414661 17.499151 3.087037 -2.724877 -3.369555 -14.188197 2.156068 18.546412 2.819549 6.690332 -1.901503 -5.862715 1.511955 -7.963207 -15.317229 -2.724995 -4.293200 -7.634985 -46.253044 2.230359 -2.118245 3.187182 -11.173057 16.295769 -38.744343 -14.022932 12.718971 -16.464542 9.864928 -13.081498 -16.426321 10.512125 0.111555 2.115223 -1.007006 
-23.603708 106.675064 1.210097 15.694320 26.387543 15.694646 3.555106 13.071622 -0.172669 -10.364243 1.863079 -17.655568 2.478264 20.534092 4.926499 -3.446953 3.671038 0.072733 2.658830 14.376732 2.562800 1.902423 -0.443335 5.245220 3.577801 16.479975 2.811158 0.112721 2.125483 -3.504298 0.570084 9.833935 3.250655 0.002828 1.006569 3.594298 3.169231 11.700674 7.160608 -2.814480 17.981501 4.857671 9.605746 -4.593995 13.834876 12.310742 19.456564 -5.001690 -25.905611 -12.303220 17.404127 -34.521586 -15.724993 -26.153090 -22.964535 -13.499145 13.416781 -1.708865 1.957710 1.707282 -1.908281 13.950171 0.944484 7.539569 -1.054038 -8.439544 -7.827926 5.030254 -14.656121 16.321213 -12.835653 -0.518912 -30.891474 3.017184 12.387989 -8.973130 13.187170 -13.851532 1.712152 -9.882112 28.016850 -5.961492 -0.488127 0.442287 5.976896 -1.520675 7.817683 30.895753 -7.111596 31.974574 -32.162037 -13.021224 31.615641 -3.356052 1.258608 -4.937029 -27.158718 -30.413610 17.495100 2.954218 -2.359316 -3.417686 -14.185594 2.154239 18.540379 3.019493 7.225150 -1.804547 -5.855385 1.514821 -7.969896 -15.104620 -3.282376 -4.633704 -7.635323 -46.259834 2.238492 -4.428734 2.921307 -11.771850 16.288563 -38.735489 -14.015108 13.414613 -16.312814 10.428002 -13.077174 -16.416357 10.508410 -0.254229 2.271680 -1.042280 
-25.314554 107.220100 1.953568 16.900504 26.476047 15.959516 3.566694 13.067485 -0.178666 -10.999675 1.781888 -18.211634 2.484780 20.529699 4.926568 -3.911645 4.689109 0.018781 2.669209 14.367919 2.569533 1.209650 -0.426292 5.817404 3.585390 16.471666 2.806294 -0.315577 2.618729 -3.070559 0.566866 9.824573 3.251420 -0.282435 1.471046 3.930034 3.171642 11.697738 7.161150 -2.433715 17.574229 5.289837 9.602676 -4.584518 13.832132 12.075118 19.939965 -4.989281 -25.904613 -12.321491 17.396067 -34.629438 -15.982356 -26.484555 -22.962229 -13.504929 13.415892 -1.670240 2.256760 1.808615 -1.904748 13.949494 0.946383 6.757247 -1.628716 -8.707216 -7.824861 5.021822 -14.653470 15.297097 -12.995058 -0.402293 -30.886719 3.021856 12.387678 -10.238485 13.703958 -15.499050 1.717470 -9.884189 28.018393 -6.544213 -0.067405 0.245640 5.967095 -1.521300 7.814403 31.448735 -8.168180 33.586113 -32.157742 -13.025177 31.617970 -3.898913 1.230758 -5.045255 -27.159769 -30.420675 17.493662 3.137835 -1.653694 -3.178502 -14.185260 2.149432 18.535234 3.541387 7.541562 -1.444735 -5.842063 1.512430 -7.976095 -15.168337 -3.853121 -4.875540 -7.630502 -46.266460 2.243929 -6.324677 2.992423 -11.835628 16.286058 -38.726871 -14.009750 14.281631 -15.850601 11.130707 -13.071702 -16.412058 10.497676 -0.731758 2.212295 -1.079182 
-27.782202 107.529411 3.094181 18.753095 26.587299 15.999419 3.577721 13.052342 -0.186034 -11.321629 1.748622 -18.846855 2.481983 20.521849 4.933301 -4.448734 5.981413 0.130377 2.672600 14.358436 2.577712 0.813910 -0.565158 5.948101 3.590870 16.471781 2.805349 -0.925573 3.515163 -2.818823 0.570616 9.824256 3.237576 -1.431115 1.544624 4.063359 3.179839 11.689392 7.164591 -2.125789 18.322664 5.520396 9.594595 -4.564814 13.835317 11.280666 20.213713 -4.976209 -25.885706 -12.342614 17.371174 -34.963670 -15.424673 -26.033705 -22.967112 -13.501732 13.407302 -1.090502 2.015805 1.947862 -1.898379 13.947376 0.942191 5.212847 -2.681174 -8.666484 -7.816646 5.015824 -14.637857 14.473671 -13.434804 -0.384428 -30.881508 3.020909 12.388965 -12.622384 13.761656 -18.156991 1.720532 -9.885546 28.018606 -6.825970 0.243415 0.265401 5.965837 -1.527877 7.809261 31.703146 -9.106020 34.627546 -32.155071 -13.034581 31.610458 -4.298698 1.571609 -4.316205 -27.158693 -30.427938 17.485090 3.005588 -1.228656 -3.262250 -14.187449 2.141737 18.525227 3.777363 7.743182 -1.455290 -5.833277 1.509426 -7.979673 -15.083769 -4.825342 -4.837898 -7.622170 -46.263741 2.243917 -7.339997 3.119123 -12.264145 16.275759 -38.722034 -13.999498 14.620816 -15.318236 11.803112 -13.063214 -16.404604 10.494176 -1.118840 2.451133 -1.218616 
-30.857166 107.524925 5.087510 21.016960 26.447857 16.133088 3.593879 13.034776 -0.188285 -12.134096 2.355975 -19.908577 2.475467 20.517845 4.948571 -5.184851 7.218235 -0.214348 2.673654 14.332332 2.583470 -0.249518 -1.571703 6.199142 3.602425 16.458151 2.805412 -2.233263 5.135722 -2.523869 0.573042 9.815466 3.222816 -3.276377 1.296994 4.264206 3.181587 11.692613 7.173693 -1.061230 17.925615 5.418762 9.588466 -4.532006 13.841430 9.833873 20.221499 -5.312381 -25.862301 -12.373197 17.343267 -35.741615 -15.066238 -24.679290 -22.972818 -13.499853 13.398842 -0.148653 2.382470 1.564862 -1.896217 13.947894 0.938489 3.313819 -4.384293 -8.829456 -7.794404 5.008528 -14.617330 12.879324 -14.453387 -0.409630 -30.864771 3.023214 12.394541 -16.163774 12.268533 -22.953681 1.731945 -9.883278 28.024225 -6.926395 0.806793 0.506097 5.956935 -1.530970 7.796402 31.644410 -10.353798 36.060568 -32.152809 -13.045736 31.603565 -4.089013 1.686664 -3.526463 -27.146521 -30.439501 17.478100 2.844197 -0.381458 -2.883867 -14.187985 2.137054 18.505362 3.632120 8.778386 -2.083866 -5.829077 1.512902 -7.978827 -15.737121 -5.707551 -5.693788 -7.618165 -46.253654 2.240195 -7.394969 3.110046 -12.784358 16.248869 -38.697414 -13.997996 15.029681 -14.435437 12.836457 -13.037508 -16.396137 10.486426 -1.363917 2.161893 -1.531960 
-34.123737 107.105522 8.229406 22.861446 26.605259 16.323368 3.600823 13.012369 -0.186814 -14.129867 3.271367 -21.635341 2.459652 20.522991 4.961782 -6.868630 8.173474 -0.264069 2.661596 14.298834 2.593682 -1.282278 -3.273962 5.829621 3.620737 16.448236 2.805688 -4.322155 6.420452 -2.608135 0.578020 9.816529 3.209450 -5.554394 0.682578 4.715695 3.181774 11.711982 7.172615 -0.430999 17.730983 5.092283 9.582150 -4.491566 13.859400 8.296344 20.280281 -5.394708 -25.842880 -12.390268 17.306648 -36.078237 -13.896792 -22.560668 -22.988892 -13.487135 13.386050 0.971865 2.707164 1.428440 -1.908616 13.949941 0.936213 1.558363 -7.529657 -10.155820 -7.775231 5.016896 -14.580141 10.537062 -17.935378 0.080815 -30.848646 3.021224 12.398785 -19.348285 8.101190 -28.953851 1.751307 -9.883793 28.032400 -6.472281 0.935855 0.444382 5.950021 -1.525566 7.776830 31.731566 -11.941446 37.012915 -32.156418 -13.050488 31.582907 -3.471285 1.121844 -1.805168 -27.136572 -30.458986 17.476418 2.888486 -0.518223 -2.619043 -14.199206 2.150826 18.474348 2.679290 9.400608 -2.410848 -5.844487 1.526351 -7.964472 -16.627472 -6.442083 -7.651081 -7.620707 -46.249668 2.219018 -5.576899 3.324971 -13.752131 16.204176 -38.660847 -14.008362 15.294728 -13.334211 13.061847 -13.006681 -16.386984 10.485214 -1.919754 1.758298 -1.642480 
-36.983948 106.233963 12.040201 23.847991 32.048487 17.576573 3.590648 12.995166 -0.183401 -15.412284 3.131434 -22.374009 2.458540 20.518829 4.964270 -6.850867 9.316569 0.282279 2.648905 14.300579 2.591958 -2.242996 -4.374833 6.430506 3.622913 16.438648 2.797860 -5.042668 5.787232 -2.652954 0.581575 9.830872 3.223251 -5.815951 -0.265211 6.348033 3.183418 11.734982 7.144849 -1.667280 18.618268 4.701619 9.569848 -4.467941 13.862440 8.283469 21.691822 -5.199436 -25.837503 -12.391117 17.278894 -36.054257 -13.136643 -21.288889 -22.989893 -13.458895 13.389993 2.065183 3.549677 1.475129 -1.915240 13.941268 0.936313 2.658252 -10.508453 -12.734198 -7.758331 5.028878 -14.559025 9.434121 -25.412098 -0.710250 -30.823448 3.028329 12.391087 -20.890822 2.324275 -33.731323 1.759244 -9.890330 28.022964 -5.153844 0.920601 0.255741 5.956341 -1.509676 7.774204 32.110331 -12.867978 37.753358 -32.137753 -13.022844 31.546581 -1.377501 0.061416 1.387748 -27.137655 -30.459328 17.489128 1.252561 -1.964169 -3.787559 -14.196314 2.157944 18.469530 1.883195 9.094823 -1.238530 -5.856263 1.533453 -7.945937 -17.054890 -6.003632 -10.258089 -7.623049 -46.250610 2.209234 -2.766442 4.321096 -13.657614 16.185009 -38.623245 -13.994990 14.580939 -13.647678 12.888180 -12.997538 -16.362680 10.477416 -3.181631 1.126721 -2.327620 
-38.886654 105.187141 15.503551 25.329941 42.738618 19.515000 3.564906 12.993995 -0.178937 -15.477861 2.895947 -22.163197 2.472672 20.520142 4.984469 -5.359236 9.570009 0.388496 2.640409 14.338752 2.561568 -2.086173 -4.891410 6.927516 3.605440 16.456703 2.789394 -4.139332 2.751974 -3.274682 0.578519 9.855270 3.259256 -4.806508 -0.251092 7.623886 3.175921 11.754808 7.095598 -2.425309 20.548163 4.784146 9.568995 -4.462095 13.848289 11.429629 24.260265 -2.929818 -25.846792 -12.393415 17.284224 -37.031616 -13.955775 -21.802157 -22.989603 -13.443105 13.426174 3.542915 4.077999 0.825736 -1.925881 13.914223 0.936590 6.662507 -10.631726 -16.510941 -7.754346 5.049581 -14.584940 11.155768 -34.025708 -4.704921 -30.803621 3.030075 12.374416 -21.292531 -1.890710 -34.501604 1.751120 -9.878930 28.007187 -4.011108 1.319877 0.621770 5.985357 -1.501540 7.797736 32.166503 -14.176866 38.288545 -32.134247 -13.006139 31.544828 1.719573 -1.309922 4.619914 -27.161266 -30.454853 17.520935 -0.359496 -3.852735 -5.601927 -14.191318 2.161506 18.488998 2.033962 7.281660 -0.269413 -5.869213 1.522662 -7.937872 -17.281982 -5.253698 -11.538140 -7.618702 -46.266174 2.216608 -1.261098 4.380982 -12.677071 16.195652 -38.603714 -13.986423 14.845665 -15.389138 12.528965 -13.010127 -16.346127 10.457996 -4.124702 0.495890 -3.444145 
-39.734352 104.293434 17.943453 26.166672 49.445963 21.870614 3.544657 12.992680 -0.177051 -15.009423 3.167758 -20.800617 2.467439 20.523821 5.001856 -3.529502 8.897841 0.465988 2.632177 14.364768 2.537522 -2.108531 -5.296098 7.035922 3.586022 16.472530 2.790617 -3.981264 -0.046801 -4.610111 0.577927 9.872495 3.292509 -3.701742 -0.523449 7.427117 3.163532 11.761100 7.062259 -2.178552 22.777692 4.869217 9.567667 -4.468897 13.838157 14.199447 25.248558 0.004443 -25.854736 -12.399867 17.293867 -38.481375 -14.438106 -22.549714 -22.989231 -13.430740 13.447178 4.472222 4.660268 -0.312295 -1.941507 13.911130 0.937805 9.139710 -9.845667 -19.371185 -7.763040 5.068669 -14.618726 16.282973 -40.737728 -10.547665 -30.804783 3.020416 12.369186 -20.579976 -4.710858 -32.893026 1.735209 -9.854267 28.001690 -3.048564 1.953753 0.738261 6.004954 -1.506712 7.806122 31.275279 -15.311740 37.934731 -32.151897 -13.007662 31.547825 4.156994 -2.440646 7.259203 -27.185209 -30.445551 17.545280 -0.674592 -5.076930 -6.598158 -14.192617 2.167604 18.507484 2.866140 5.607870 0.274163 -5.880973 1.503578 -7.943625 -17.000682 -4.274556 -11.073881 -7.604891 -46.284767 2.227581 -0.092573 3.992509 -12.209061 16.211170 -38.618317 -13.990220 14.511850 -17.178692 12.675001 -13.042476 -16.340382 10.442988 -4.154270 0.228127 -3.419589 
-39.949860 103.660713 19.416378 25.594344 52.266025 21.600152 3.534970 12.997069 -0.175318 -14.483377 3.131622 -20.250333 2.471018 20.538528 5.016884 -2.471544 8.389415 0.243134 2.628508 14.380727 2.520556 -1.686978 -5.274230 6.260754 3.581588 16.487387 2.785750 -3.505080 -1.276240 -5.171973 0.577498 9.883412 3.308204 -3.613008 -0.402686 7.322783 3.161195 11.762246 7.041604 -1.772912 23.710522 5.352411 9.571207 -4.480682 13.828394 16.012431 25.944235 2.079799 -25.861904 -12.397879 17.305538 -39.548472 -14.879330 -23.315664 -22.993052 -13.437349 13.457136 4.439459 4.879441 -1.286958 -1.949877 13.901906 0.931916 11.244716 -8.914258 -20.741340 -7.776426 5.078658 -14.645002 21.314020 -44.118043 -15.613322 -30.795803 3.012825 12.372631 -19.176297 -6.612735 -31.134970 1.721899 -9.836751 28.004686 -2.533235 2.443476 1.000590 6.017286 -1.513781 7.805754 30.936785 -15.190641 37.323558 -32.166569 -13.008732 31.552429 5.567901 -3.927984 8.947905 -27.194801 -30.443148 17.557421 -0.648521 -5.215123 -7.030316 -14.180630 2.171916 18.529572 3.751649 4.611696 0.382330 -5.890926 1.480251 -7.950979 -17.493120 -3.844334 -11.147325 -7.587483 -46.287010 2.243239 0.805048 3.467857 -11.793987 16.224255 -38.631493 -14.002413 14.043043 -18.607595 12.760273 -13.063883 -16.334173 10.441492 -4.117866 -0.189829 -3.499956 
-40.008877 103.266747 20.180740 25.838199 53.181366 22.258067 3.533363 12.995154 -0.173739 -14.301601 3.097526 -19.792705 2.473829 20.541704 5.029405 -1.678249 7.921787 0.245431 2.627989 14.381257 2.508877 -1.541845 -5.330768 6.324825 3.576887 16.493753 2.784244 -3.661515 -2.339983 -5.624125 0.575933 9.887022 3.319820 -3.313055 -0.528364 7.404111 3.156966 11.758848 7.032992 -1.775774 24.159539 5.415481 9.559962 -4.489241 13.819180 16.638501 25.808503 3.005106 -25.868086 -12.395032 17.310333 -40.155632 -15.558876 -23.377494 -22.991329 -13.427181 13.461324 4.672412 4.923684 -1.867990 -1.943546 13.900643 0.932789 11.929220 -8.328218 -21.392363 -7.781540 5.081454 -14.662519 24.771759 -45.727871 -18.966669 -30.798283 3.010170 12.365870 -18.099812 -7.847785 -30.017408 1.712372 -9.823650 28.000374 -2.142476 2.752247 1.105302 6.022024 -1.516078 7.801784 30.432458 -14.879632 37.130278 -32.169392 -13.007007 31.545971 6.494614 -4.477493 9.931176 -27.202911 -30.438021 17.556036 -0.961156 -5.249002 -7.119655 -14.173431 2.166310 18.537230 4.136607 4.019144 0.655987 -5.894125 1.472574 -7.949010 -17.417252 -3.289874 -10.772449 -7.581492 -46.285263 2.249143 1.223309 3.202671 -11.838816 16.229204 -38.638420 -14.010711 13.390684 -19.552965 13.689071 -13.082161 -16.331141 10.440835 -4.044756 -0.154046 -3.143165 
-40.252659 103.109451 20.422585 25.892542 53.944465 22.225149 3.530016 13.000816 -0.174273 -14.223476 3.029040 -19.874283 2.471812 20.543333 5.029994 -1.855333 7.938518 0.124043 2.628096 14.382057 2.507351 -1.347299 -5.413221 6.028161 3.577947 16.494562 2.782181 -3.542385 -2.328490 -5.785607 0.574021 9.883623 3.323225 -3.563176 -0.368651 7.454555 3.157395 11.756351 7.032184 -1.723542 24.160623 5.373787 9.565359 -4.490851 13.820183 16.731843 26.017640 3.250579 -25.864269 -12.400378 17.312366 -40.466460 -15.423001 -23.573908 -22.992229 -13.433176 13.463532 4.584168 4.925234 -1.855598 -1.947565 13.902758 0.932244 12.280914 -8.087715 -21.548104 -7.784576 5.082332 -14.664820 25.459718 -46.060111 -19.634784 -30.793041 3.003693 12.371324 -17.804734 -8.153256 -29.952760 1.708487 -9.823151 28.004587 -2.330533 2.822881 1.172858 6.021792 -1.519955 7.804241 30.724517 -14.915858 36.983026 -32.175117 -13.011987 31.555450 6.469094 -4.622742 9.976511 -27.206053 -30.441668 17.556984 -0.712317 -5.131169 -7.120728 -14.173362 2.172960 18.542696 4.438715 3.758746 0.544645 -5.898374 1.464021 -7.952724 -17.611390 -3.256467 -11.150337 -7.574163 -46.283684 2.251053 1.624333 3.402927 -11.578637 16.229399 -38.640480 -14.011791 13.646926 -19.392838 13.520996 -13.086471 -16.333364 10.436339 -4.038857 -0.648637 -3.040209 
-40.855713 103.143860 20.214535 25.652422 54.543367 21.759156 3.529483 13.002932 -0.175172 -14.493229 3.170801 -20.054467 2.472524 20.541700 5.024769 -1.833893 8.107166 0.085113 2.629475 14.387108 2.511189 -1.451443 -5.376123 5.967022 3.577260 16.488512 2.783526 -3.722072 -2.342881 -6.086835 0.576894 9.886051 3.322305 -3.462456 -0.191659 7.527260 3.162235 11.762921 7.031361 -1.416058 24.163655 5.169862 9.558105 -4.487732 13.824581 16.244847 25.938617 2.649874 -25.870264 -12.401472 17.316406 -39.601447 -15.379090 -23.660971 -22.994907 -13.433973 13.461657 4.596377 5.070493 -1.832693 -1.948559 13.902159 0.933709 12.046472 -8.022032 -21.254958 -7.786310 5.079679 -14.665006 24.256978 -45.698781 -18.587067 -30.790382 3.006667 12.367659 -18.551914 -8.397067 -30.898980 1.711910 -9.827164 28.007093 -2.248090 3.005118 1.148995 6.027937 -1.514055 7.804808 30.882513 -14.572726 36.748887 -32.167492 -13.006665 31.551006 6.473643 -4.628587 9.819266 -27.211206 -30.441883 17.561182 -0.532704 -5.179282 -6.809831 -14.176103 2.172999 18.544653 4.087268 3.925381 0.871041 -5.896371 1.470232 -7.957997 -17.665313 -3.354287 -11.123578 -7.574244 -46.286854 2.246633 1.593822 3.501484 -11.533338 16.225855 -38.635818 -14.008057 13.926883 -19.511240 13.477427 -13.089958 -16.334587 10.439879 -4.185605 -0.440161 -3.292089 
-41.879475 103.359100 19.630314 26.904699 55.851615 22.795294 3.533213 12.998574 -0.178086 -14.883546 3.281316 -20.121285 2.469824 20.542610 5.025697 -2.465810 8.695398 0.048734 2.628192 14.383907 2.512193 -1.559851 -5.442059 6.222331 3.580137 16.496561 2.783862 -3.618459 -2.045560 -6.747365 0.577889 9.889675 3.321226 -3.629283 -0.249369 7.745008 3.166290 11.763464 7.036340 -1.485456 23.708471 4.887711 9.558586 -4.473112 13.831428 15.725469 25.860440 1.979480 -25.877069 -12.414054 17.313320 -38.773724 -14.887323 -23.143413 -22.998358 -13.435101 13.456305 4.795876 5.383801 -1.331392 -1.950333 13.905457 0.939016 11.286246 -8.082735 -21.083909 -7.779482 5.079822 -14.659259 21.002687 -43.867262 -15.573642 -30.791607 3.005397 12.367553 -20.336386 -8.014258 -32.748175 1.717974 -9.832840 28.009861 -2.284361 2.891877 0.919989 6.026607 -1.512883 7.804522 31.262838 -14.403658 37.362914 -32.166634 -13.004762 31.548847 6.028115 -3.553141 9.329752 -27.209785 -30.445045 17.564180 -0.572979 -4.978806 -6.607156 -14.184271 2.169696 18.545067 4.008662 4.287725 0.738605 -5.895271 1.475003 -7.965550 -17.704588 -3.816334 -10.947567 -7.581778 -46.298615 2.240867 1.113055 3.530395 -11.275525 16.227478 -38.631367 -14.006303 14.360802 -18.900414 13.271704 -13.082110 -16.336704 10.446044 -4.479624 -0.442482 -3.370781 
-43.313992 103.671501 18.741310 25.947663 56.864873 22.073607 3.533123 12.994226 -0.171962 -15.709765 3.230257 -20.756880 2.472486 20.540739 5.015555 -3.100153 9.496443 0.378297 2.629817 14.374248 2.517324 -2.005913 -5.306609 6.424842 3.583888 16.489883 2.787682 -4.402609 -1.708069 -7.080889 0.575039 9.895288 3.315765 -4.114222 -0.113200 8.233654 3.170132 11.768750 7.045091 -1.134579 23.108437 4.108657 9.552307 -4.461590 13.839056 13.872153 25.331428 -0.263490 -25.888145 -12.430181 17.304510 -36.961644 -14.598320 -22.750756 -23.000994 -13.436284 13.452911 5.115551 5.669303 -0.608692 -1.951306 13.912170 0.938810 10.092550 -8.055107 -20.710322 -7.766236 5.074666 -14.651567 16.944202 -41.042433 -11.511402 -30.784794 3.010248 12.365776 -22.501828 -8.056326 -35.546879 1.727166 -9.840543 28.011173 -2.218810 3.227337 0.915126 6.028560 -1.500797 7.807864 31.719252 -14.064137 37.853769 -32.154736 -13.004695 31.545319 4.976003 -2.214670 8.483812 -27.205160 -30.446144 17.573666 -0.253903 -4.664454 -6.101747 -14.194589 2.175455 18.541080 3.017763 4.981660 0.750463 -5.891746 1.486635 -7.972625 -17.620729 -3.988871 -11.102725 -7.590643 -46.312332 2.220903 0.852836 3.703888 -11.042251 16.212788 -38.620888 -13.991176 15.331676 -17.783927 12.838540 -13.074504 -16.344250 10.451495 -4.572450 -0.492556 -3.427560 
-45.083134 104.035744 17.624466 27.421200 58.471125 22.861203 3.536633 12.986358 -0.177008 -16.024715 3.388804 -21.443118 2.470967 20.532555 5.005703 -4.241130 10.550463 0.274945 2.633466 14.359293 2.523777 -2.462011 -5.188861 6.483053 3.592519 16.486382 2.789295 -4.889163 -0.881139 -7.904553 0.578372 9.896995 3.303684 -4.726618 0.186621 8.465448 3.179749 11.767979 7.049979 -1.125265 22.540748 3.028591 9.552803 -4.440228 13.851304 11.849206 24.818621 -2.391575 -25.895359 -12.448036 17.295086 -34.949398 -13.178544 -22.362026 -23.011774 -13.437067 13.437660 4.802292 5.886946 0.160047 -1.953173 13.919157 0.943867 8.373761 -8.272417 -19.702722 -7.753067 5.069281 -14.638348 12.207308 -37.076422 -6.999723 -30.780546 3.011150 12.365579 -24.647122 -8.512792 -38.443443 1.734371 -9.860418 28.017738 -2.065170 3.425433 1.005968 6.031102 -1.491014 7.805872 32.728733 -13.413394 38.083062 -32.151962 -13.001092 31.547915 4.070236 -0.332808 7.191603 -27.204943 -30.451445 17.578650 0.108373 -4.575206 -5.307324 -14.200119 2.180105 18.539728 1.886624 5.715016 0.713771 -5.886755 1.506619 -7.977927 -17.798430 -4.604894 -11.158003 -7.591552 -46.324474 2.201493 0.239708 4.246102 -10.844133 16.197495 -38.609600 -13.982323 16.444946 -16.756442 12.218418 -13.062447 -16.354279 10.460711 -4.949387 -0.759419 -3.919940 
-47.035275 104.372528 16.341221 29.717275 60.833394 24.954240 3.544116 12.981441 -0.173882 -16.365237 3.810184 -22.210416 2.469797 20.534590 4.995135 -5.097271 11.622008 0.652199 2.638973 14.346992 2.541506 -2.669172 -4.441522 6.986989 3.598629 16.471855 2.797971 -5.878013 -0.098172 -8.440259 0.575584 9.901323 3.296288 -5.189645 0.826107 9.644279 3.180775 11.768891 7.053163 -0.912781 21.657125 2.189706 9.540266 -4.425514 13.862141 9.000691 24.387590 -5.170257 -25.907114 -12.466085 17.280825 -33.044069 -12.212401 -21.943687 -23.020943 -13.443452 13.428150 5.171844 5.569093 1.009260 -1.950639 13.926772 0.955827 6.117802 -7.784438 -19.051426 -7.740694 5.063640 -14.631013 8.479355 -32.779861 -3.387724 -30.777483 3.014485 12.372922 -26.818318 -9.297018 -40.933723 1.738480 -9.867113 28.026350 -2.381409 3.884989 1.204085 6.025041 -1.478878 7.805024 33.440271 -12.263352 38.888761 -32.147964 -12.998351 31.556139 2.760641 1.269857 5.722867 -27.205168 -30.461277 17.584536 0.794873 -4.034640 -5.041926 -14.211649 2.183416 18.540356 0.696935 6.731048 0.694677 -5.871662 1.527179 -7.988767 -17.777671 -4.799769 -10.715175 -7.598656 -46.335903 2.179725 -0.596507 5.112221 -10.537505 16.179556 -38.597218 -13.974491 17.075084 -15.591888 12.256796 -13.060260 -16.358469 10.474432 -5.050472 -0.191343 -4.041661 
-48.910000 104.608009 14.941042 32.564955 63.096017 27.535136 3.545005 12.978352 -0.178620 -16.372098 3.916484 -22.485285 2.464340 20.530727 4.987925 -6.014773 12.307189 0.480994 2.644332 14.335630 2.541905 -2.813324 -4.018333 7.185734 3.599829 16.459679 2.801696 -6.668765 0.787156 -9.539009 0.577036 9.910141 3.286460 -5.793459 1.082807 9.891301 3.188763 11.774101 7.055225 -1.088795 21.100497 1.062681 9.539234 -4.416829 13.870554 6.621287 23.762284 -7.346233 -25.909124 -12.478144 17.270067 -31.535158 -10.706619 -20.928420 -23.031065 -13.447517 13.412229 5.346099 5.640031 1.978245 -1.955336 13.942269 0.966154 4.597619 -7.210158 -17.888255 -7.728090 5.060976 -14.625254 6.415695 -28.228704 -0.923657 -30.775404 3.012839 12.375026 -28.213205 -9.506144 -43.210485 1.740258 -9.877859 28.031487 -2.759447 4.086904 0.970665 6.023755 -1.469284 7.804046 33.776873 -11.360754 39.140785 -32.147289 -12.999181 31.564516 1.934260 2.957622 4.452906 -27.200350 -30.463936 17.581469 1.851332 -3.671020 -4.261358 -14.216231 2.183022 18.537264 0.052992 7.363574 0.724882 -5.863613 1.542695 -7.990703 -17.878203 -5.442471 -9.446508 -7.595250 -46.344589 2.160980 -1.374846 5.509711 -10.341735 16.161480 -38.581932 -13.963794 17.835087 -14.770141 11.828796 -13.050674 -16.359499 10.488662 -5.165197 0.357521 -4.180617 
-50.377121 104.730232 13.424318 37.562605 65.384759 31.553357 3.553101 12.978046 -0.179769 -16.008657 4.500177 -23.185516 2.463028 20.527889 4.980994 -7.011322 12.758670 0.404417 2.644952 14.315747 2.553750 -3.048297 -3.389945 7.749399 3.606730 16.447893 2.805649 -7.425644 1.264884 -10.373388 0.574479 9.904125 3.275832 -6.617573 1.643485 9.851656 3.192629 11.772370 7.067219 -0.807441 20.202180 -0.033800 9.534883 -4.416387 13.876113 4.078995 23.066257 -10.513204 -25.901812 -12.485056 17.264851 -30.556907 -9.450455 -19.467600 -23.040369 -13.451234 13.398439 5.316654 5.588340 2.957446 -1.948551 13.951965 0.975816 2.934425 -6.279262 -16.307534 -7.719995 5.048575 -14.614796 5.590841 -24.226112 0.477943 -30.768009 3.006103 12.379299 -28.873351 -9.235282 -44.627029 1.741647 -9.884254 28.044376 -3.708101 4.209881 0.747697 6.017289 -1.461500 7.806957 33.907859 -10.579828 39.205508 -32.149364 -13.002725 31.574528 0.689047 4.278104 3.436992 -27.191601 -30.465719 17.579313 2.660492 -2.578500 -3.863161 -14.214665 2.183486 18.531744 -0.286232 7.704524 0.699931 -5.854488 1.554181 -7.997981 -18.514838 -5.917675 -8.391838 -7.595381 -46.351425 2.149321 -2.151400 6.492861 -10.166799 16.143805 -38.578232 -13.958516 18.352213 -13.874270 11.840354 -13.036791 -16.364944 10.495038 -4.902831 0.302464 -4.670963 
-51.015858 104.735756 11.744120 40.230019 65.250040 33.904994 3.561072 12.974268 -0.187786 -15.572655 4.681273 -23.668798 2.458514 20.525658 4.982133 -7.924234 12.802615 -0.095061 2.644047 14.304334 2.557873 -3.718080 -2.856155 8.161763 3.605780 16.448362 2.811791 -8.073665 1.843597 -11.333264 0.574558 9.896885 3.262108 -6.875304 1.982732 9.169556 3.198864 11.773248 7.080197 -0.127841 19.409355 -0.038470 9.529224 -4.425201 13.868342 2.430996 22.526855 -12.110882 -25.893057 -12.483038 17.264509 -30.131455 -8.230999 -19.100446 -23.039915 -13.458590 13.387776 4.794797 5.022602 3.651414 -1.946045 13.969371 0.981877 1.733024 -5.495358 -14.557935 -7.713166 5.045984 -14.598856 5.824746 -20.326491 1.211298 -30.782803 2.995814 12.383791 -29.116157 -7.718873 -45.086226 1.747681 -9.886793 28.045876 -4.145773 3.905679 0.528630 6.005561 -1.457957 7.805088 33.511234 -10.273647 38.786920 -32.153244 -13.016033 31.583679 0.391826 4.837090 2.618314 -27.177519 -30.462856 17.566713 3.231562 -1.757002 -4.104235 -14.212001 2.180992 18.516245 -0.027640 7.640563 0.401747 -5.850967 1.566655 -7.989809 -19.250495 -6.314245 -6.414635 -7.600103 -46.351810 2.142131 -2.705773 6.801408 -9.887793 16.137915 -38.585026 -13.956763 18.132375 -12.987479 11.591667 -13.024810 -16.362511 10.503907 -4.559529 0.787342 -4.730744 
-50.342659 104.721313 9.765704 38.381941 63.210587 32.750658 3.569232 12.974296 -0.199891 -14.559641 4.791391 -23.411821 2.451464 20.530945 4.985955 -8.251758 12.535005 -0.023442 2.643171 14.293483 2.565155 -4.133940 -2.286431 8.612380 3.611665 16.449978 2.810669 -7.581107 2.332780 -11.262725 0.576278 9.882945 3.247946 -6.950076 2.134614 8.217842 3.210610 11.769754 7.103071 0.272798 18.017264 0.793453 9.531626 -4.443382 13.859007 0.921816 22.441521 -14.232548 -25.880743 -12.478274 17.263048 -30.586960 -7.780749 -20.119386 -23.033859 -13.468879 13.385009 4.218272 4.678908 3.543253 -1.932195 13.982805 0.986638 0.865614 -4.728677 -12.121185 -7.717816 5.032033 -14.593525 7.743590 -16.632482 1.200977 -30.791548 2.997017 12.398002 -28.758781 -4.545955 -43.623773 1.750166 -9.892572 28.050230 -5.118636 2.701062 0.401575 5.984364 -1.470471 7.806836 32.884598 -9.029028 37.611448 -32.154720 -13.012396 31.597338 0.248504 5.376748 2.729973 -27.165543 -30.456079 17.542873 3.499278 -0.148677 -4.478813 -14.198332 2.178108 18.512165 0.740463 7.548441 -0.161827 -5.853287 1.567020 -7.986680 -20.551245 -7.036609 -4.091230 -7.600687 -46.346912 2.156967 -3.330831 7.356305 -9.860112 16.161707 -38.604603 -13.964226 17.881488 -12.865378 11.776962 -13.005506 -16.359217 10.509785 -4.142813 0.792747 -4.570030 
-47.888905 104.768089 7.416004 31.487510 58.402980 28.125568 3.579970 12.978980 -0.215335 -13.195423 4.737149 -22.800244 2.448628 20.538465 4.995944 -7.776783 11.681607 0.210401 2.637843 14.286993 2.562751 -3.692663 -1.965654 8.653224 3.616469 16.467064 2.798390 -6.158961 2.344933 -10.790952 0.581785 9.870924 3.240662 -6.496573 2.369823 7.062985 3.230353 11.750383 7.121787 0.569703 16.778773 2.629457 9.537617 -4.471484 13.841352 0.995068 22.450437 -15.062206 -25.867105 -12.467871 17.272821 -32.029568 -8.842935 -22.296994 -23.017754 -13.481630 13.387954 3.443226 4.165938 3.021138 -1.911061 13.985947 0.986652 1.137323 -3.119461 -9.418730 -7.735224 5.016930 -14.598494 11.013311 -12.650997 0.260828 -30.812464 2.998523 12.415260 -27.432727 0.564923 -40.007488 1.747376 -9.899588 28.045179 -5.775000 1.511892 0.546181 5.963362 -1.495326 7.790921 32.063903 -6.924199 35.841838 -32.155067 -13.008428 31.611908 0.022922 5.313363 2.895174 -27.161125 -30.450033 17.508074 3.809553 1.772885 -5.148692 -14.183248 2.179004 18.516439 2.302204 7.438799 -0.891052 -5.856074 1.555560 -7.979735 -21.542999 -7.528095 -1.807679 -7.601046 -46.329014 2.193413 -4.175603 7.068216 -8.955283 16.206421 -38.634819 -13.981034 17.389079 -12.642538 12.276123 -12.993986 -16.364075 10.517332 -3.791427 0.854296 -4.358661 
-43.697842 104.928253 4.983182 25.298514 51.415362 22.878053 3.584965 12.998934 -0.229700 -11.221255 4.566768 -21.323822 2.457747 20.542761 4.990489 -6.508721 10.337319 0.512926 2.631883 14.299977 2.564033 -2.532463 -0.883047 8.792355 3.623797 16.484581 2.776860 -4.458076 1.582097 -9.858606 0.582187 9.849727 3.241722 -5.466725 1.781233 6.123179 3.233165 11.724654 7.132980 0.582454 15.987279 4.849294 9.547939 -4.492458 13.836635 2.538509 22.448445 -14.178359 -25.862417 -12.452102 17.305922 -33.590191 -9.774971 -24.536512 -22.998787 -13.493944 13.397423 2.087234 3.820985 2.072244 -1.887447 13.969869 0.983783 2.161068 -1.513106 -7.236394 -7.760736 5.014037 -14.622029 14.557278 -9.889242 -0.883268 -30.832769 3.003970 12.423512 -24.143593 6.214507 -33.744895 1.729231 -9.909386 28.049805 -6.805061 0.523140 0.205418 5.935534 -1.516677 7.774719 31.296217 -4.292939 33.750359 -32.159351 -12.996269 31.630955 -0.164151 5.629976 3.004307 -27.168573 -30.436138 17.472948 3.745016 2.772187 -4.999215 -14.179499 2.168786 18.528288 3.851772 7.417677 -1.869143 -5.854057 1.537498 -7.980776 -21.611671 -7.156910 -0.111443 -7.596614 -46.303696 2.245362 -4.706210 6.814251 -8.504923 16.267078 -38.691360 -13.997097 16.458323 -13.040345 13.111115 -13.001412 -16.374121 10.519331 -3.701025 1.496750 -4.083934 
-38.336349 105.230614 3.059840 19.758714 44.730192 18.945154 3.583381 13.023786 -0.236484 -9.853383 3.235146 -19.023784 2.482159 20.544914 4.984764 -5.063449 8.779333 0.947254 2.645284 14.338137 2.566589 -0.073774 0.165039 8.476563 3.622215 16.502657 2.771930 -2.653192 1.555251 -8.154237 0.576842 9.848216 3.240291 -4.206533 2.006947 5.555377 3.208325 11.710341 7.141019 0.211776 16.398651 6.345745 9.578810 -4.517850 13.834098 5.631368 21.822386 -12.102538 -25.873899 -12.434942 17.344540 -34.843647 -10.731777 -25.610995 -22.993982 -13.497822 13.416174 1.434512 3.244885 1.708276 -1.888600 13.957550 0.974994 3.973130 -0.837879 -6.513603 -7.791683 5.023609 -14.664965 15.734186 -8.722620 -1.355647 -30.858374 3.006094 12.418483 -19.938357 10.250082 -27.496229 1.715797 -9.906745 28.054090 -8.051949 0.354721 -0.274958 5.929502 -1.525443 7.784201 30.131185 -3.425943 32.516796 -32.174393 -12.997982 31.650801 0.048152 5.761618 2.464680 -27.195259 -30.431446 17.457935 3.264161 2.520137 -4.058437 -14.181035 2.164081 18.540813 4.606633 7.471523 -2.005046 -5.851063 1.509440 -7.985014 -20.305410 -6.902365 0.297205 -7.590399 -46.288353 2.280288 -4.775215 5.821786 -9.457123 16.318562 -38.739773 -14.000274 15.421013 -14.103605 13.098618 -13.030435 -16.389103 10.522103 -3.105673 2.308615 -3.194291 
-32.463413 105.694855 1.886274 18.190532 37.793202 18.087639 3.577900 13.048024 -0.218390 -9.821219 2.037552 -17.954098 2.504017 20.546633 4.964721 -3.564363 7.338524 1.086730 2.664968 14.368281 2.568530 1.401579 0.465454 7.617196 3.610016 16.503138 2.790926 -1.275499 1.498332 -6.629121 0.568894 9.856370 3.239001 -3.055611 2.015711 4.496782 3.184947 11.705912 7.158690 -0.342123 16.937273 6.340326 9.596684 -4.548126 13.839229 8.706585 20.777862 -8.971721 -25.894932 -12.391536 17.373505 -34.480530 -11.743225 -25.557970 -22.988939 -13.510104 13.429421 0.181168 3.058338 1.847940 -1.901029 13.956202 0.968046 5.055630 -0.618992 -6.498336 -7.812983 5.030780 -14.690034 16.086180 -9.000749 -1.070806 -30.880859 3.004884 12.410332 -15.895040 12.193432 -21.736059 1.703965 -9.891839 28.052458 -7.953426 0.939007 -0.561029 5.944710 -1.534541 7.791553 29.817881 -4.480248 32.473615 -32.183247 -13.010990 31.662758 -0.949385 4.543669 0.144556 -27.198889 -30.424770 17.476740 3.197728 0.423790 -3.197645 -14.189169 2.168222 18.559284 4.744778 7.714075 -2.234772 -5.844685 1.505722 -7.991208 -18.483612 -5.709163 -1.117929 -7.606431 -46.291912 2.273730 -4.165112 4.492646 -9.828061 16.329376 -38.772743 -13.994131 14.341249 -15.387636 12.805821 -13.055202 -16.404228 10.512765 -2.184367 2.686521 -2.462292 
-26.563705 106.281456 1.261812 17.065948 30.614144 17.803964 3.565181 13.072889 -0.187022 -10.683457 1.994515 -18.137248 2.503788 20.553030 4.941590 -2.639386 5.124860 0.974107 2.671574 14.369220 2.566892 1.972234 -0.008545 5.968831 3.595846 16.487844 2.810822 -0.443586 1.823715 -5.058657 0.565516 9.860331 3.244920 -1.903438 1.639008 3.591684 3.174427 11.705633 7.167998 -1.194755 17.226893 5.735758 9.611782 -4.576454 13.843516 11.578602 19.112937 -6.460836 -25.916723 -12.345915 17.392307 -34.292741 -13.460501 -25.135658 -22.978413 -13.505743 13.428918 -0.730221 2.550513 1.489450 -1.910066 13.959212 0.962764 5.923418 -1.396755 -7.202413 -7.816577 5.030053 -14.696520 16.317612 -10.451174 -0.855267 -30.902624 3.016387 12.402685 -11.153505 13.205881 -16.172075 1.698189 -9.879761 28.043743 -6.867536 0.637890 -0.612547 5.965526 -1.528151 7.800648 30.492229 -5.765203 32.270800 -32.188309 -13.023798 31.649092 -2.887864 2.992317 -2.871160 -27.181221 -30.420979 17.490377 3.083471 -1.830201 -2.879059 -14.201162 2.172117 18.560852 4.188811 8.197028 -2.323298 -5.848960 1.509706 -7.977578 -16.021394 -4.314301 -2.746780 -7.626540 -46.293846 2.253337 -3.928720 3.107525 -10.316182 16.321716 -38.788654 -14.002028 13.490100 -16.339144 12.567049 -13.071946 -16.422924 10.513715 -1.193405 2.582817 -1.366862 
-21.145172 106.898926 0.991030 15.754813 26.233023 16.826490 3.564623 13.097915 -0.168617 -11.298014 1.631203 -18.514990 2.494507 20.566149 4.922594 -2.468784 4.020138 1.163327 2.669437 14.366973 2.563528 2.537487 -0.423779 5.331864 3.577655 16.489159 2.809994 0.714646 2.531269 -4.059400 0.571080 9.856031 3.247610 -0.924227 1.089911 3.064811 3.173930 11.703100 7.169314 -2.193909 18.222745 5.449970 9.619464 -4.593331 13.838137 13.293828 18.733754 -4.620440 -25.922483 -12.302925 17.402607 -34.664665 -15.679585 -25.605259 -22.964342 -13.510109 13.430874 -1.417121 2.209213 0.560982 -1.912012 13.951042 0.955150 7.238540 -2.255234 -7.367793 -7.823685 5.026412 -14.693078 17.155063 -12.715770 -1.142649 -30.909594 3.027693 12.389829 -6.777765 13.619561 -10.560950 1.712610 -9.875304 28.033285 -5.639918 -0.280210 -0.415347 5.976891 -1.531860 7.809235 31.402256 -6.602438 31.758597 -32.189781 -13.024753 31.618298 -4.656303 1.391089 -5.058589 -27.160051 -30.414444 17.494644 3.195630 -3.697131 -2.596556 -14.206075 2.162312 18.563868 3.417678 7.959198 -2.829843 -5.862346 1.512211 -7.958689 -14.330235 -3.998406 -3.751168 -7.649274 -46.283318 2.239760 -4.711039 2.305089 -10.856263 16.311144 -38.781559 -14.029104 13.252281 -16.915682 11.752877 -13.077889 -16.426926 10.520492 -0.758240 2.440423 -1.179556 
-16.626207 107.430771 0.901125 15.459892 24.375381 16.550213 3.556351 13.118976 -0.157049 -10.969377 1.230284 -19.067532 2.477593 20.569447 4.908772 -2.260762 3.691984 1.142179 2.669915 14.361853 2.564894 2.754778 -0.037803 5.658406 3.557386 16.498281 2.808634 1.441708 2.946350 -3.028558 0.574513 9.837430 3.254855 -0.760989 0.460792 2.880233 3.171425 11.700411 7.167302 -3.187318 19.842263 5.425093 9.621089 -4.597113 13.833814 14.364624 19.165472 -3.251806 -25.909395 -12.269948 17.406050 -36.515004 -17.757314 -26.553112 -22.949574 -13.507812 13.435945 -1.693149 1.758697 -0.833283 -1.906374 13.938173 0.942855 8.022779 -2.745535 -8.297024 -7.830663 5.033925 -14.693583 18.454953 -15.009276 -1.895874 -30.911703 3.033561 12.362789 -3.633225 13.338841 -5.247054 1.720635 -9.874875 28.022028 -5.145928 -0.694549 0.467160 5.981996 -1.537080 7.815004 31.782697 -7.760908 32.007298 -32.191204 -13.032615 31.597094 -6.254321 0.496637 -6.212682 -27.151283 -30.407150 17.504377 3.325026 -4.702371 -3.421841 -14.206106 2.157487 18.555199 3.325958 7.640358 -2.927335 -5.867749 1.515094 -7.941319 -13.369668 -3.755844 -4.499861 -7.664532 -46.265392 2.233449 -5.742310 1.495271 -11.459453 16.308069 -38.777626 -14.058581 13.215672 -16.524099 11.367780 -13.081098 -16.419985 10.525758 -0.390590 2.171657 -1.348225 
-13.075683 107.776993 0.817264 16.047943 23.952012 17.186419 3.541941 13.132460 -0.158545 -10.427320 0.986545 -19.225132 2.466993 20.568205 4.902921 -2.431006 3.295520 1.011891 2.668128 14.362135 2.565407 2.949000 0.331125 6.478657 3.534834 16.506302 2.807858 1.485151 2.991609 -2.745991 0.575012 9.828077 3.270985 -0.117366 -0.207203 2.677240 3.164737 11.706541 7.164037 -3.992947 21.694448 5.239561 9.625518 -4.593578 13.824159 15.284942 19.630771 -1.748328 -25.894934 -12.257812 17.408249 -38.615195 -19.922547 -28.121103 -22.942898 -13.500708 13.437939 -1.250318 1.346256 -2.279717 -1.912368 13.927349 0.940150 8.677229 -2.857213 -9.308134 -7.828878 5.040159 -14.700350 19.663604 -16.932247 -2.459750 -30.916752 3.038283 12.347726 -0.657099 12.848348 -0.526511 1.733004 -9.866426 28.008968 -4.622465 -0.865716 1.257973 5.982725 -1.549200 7.824277 31.895597 -8.516647 32.212484 -32.196999 -13.039150 31.589298 -7.304690 0.165889 -7.062831 -27.145231 -30.391247 17.509333 3.696536 -5.519659 -4.433152 -14.205802 2.152976 18.549109 3.353731 7.013093 -3.281057 -5.875196 1.516661 -7.921459 -12.537524 -3.430912 -4.260474 -7.677692 -46.254597 2.227482 -7.318677 0.760743 -12.012522 16.316561 -38.773720 -14.083931 12.842061 -16.145432 11.610131 -13.087191 -16.406317 10.525366 -0.395090 2.020395 -1.877349 
-10.313284 107.921745 0.641194 16.712319 24.228720 18.339174 3.522197 13.141102 -0.160191 -9.906642 0.450505 -19.462313 2.446793 20.573523 4.901002 -2.535629 3.293092 1.274771 2.656710 14.359200 2.566024 3.241991 0.704686 6.800003 3.522221 16.518036 2.808171 1.094843 2.428336 -3.046804 0.579681 9.817839 3.286204 0.410601 -0.708454 2.845531 3.163331 11.709358 7.156559 -4.612493 23.201603 5.088644 9.629814 -4.596191 13.821048 16.112051 20.680131 -1.040181 -25.880108 -12.252847 17.404530 -41.232209 -21.414236 -28.401557 -22.940008 -13.492103 13.446948 -0.701284 1.393407 -3.199129 -1.913652 13.922432 0.934750 9.443583 -3.026774 -10.042921 -7.828188 5.046903 -14.696285 21.451804 -18.779513 -3.234030 -30.916969 3.034894 12.340804 1.360348 12.480904 2.963913 1.731151 -9.849837 28.000223 -4.185495 -1.030900 1.858314 5.983943 -1.555619 7.833097 31.914476 -9.560632 32.780168 -32.204475 -13.045445 31.582510 -7.702228 0.127990 -6.646037 -27.143570 -30.389936 17.508793 3.853890 -6.398739 -5.822044 -14.208731 2.155285 18.551287 3.409635 6.379199 -3.567200 -5.886682 1.518779 -7.905741 -12.361198 -3.381818 -3.967937 -7.686924 -46.255100 2.229624 -8.328985 0.423668 -12.429728 16.324186 -38.766937 -14.098559 12.775544 -15.942877 11.688579 -13.089723 -16.394667 10.528275 -0.441011 2.287147 -2.337505 
-8.099227 107.904549 0.399566 17.505030 25.109396 19.046696 3.511667 13.151267 -0.167564 -9.490948 0.381284 -19.441729 2.442171 20.582050 4.899257 -2.759484 3.721508 1.278326 2.650879 14.361443 2.566954 3.350751 0.975385 7.374670 3.516792 16.525934 2.806916 0.907282 1.372630 -3.567961 0.579706 9.817264 3.296931 0.442117 -0.641924 2.687091 3.160914 11.714404 7.147295 -5.147795 24.092580 4.946122 9.636734 -4.591845 13.814987 16.983627 22.071838 -0.372328 -25.863382 -12.260859 17.402838 -43.917225 -22.905963 -28.754994 -22.945091 -13.485062 13.455210 -0.594395 1.292767 -3.913692 -1.916000 13.920217 0.929860 10.304800 -3.137314 -10.223644 -7.825320 5.052177 -14.700782 23.084168 -19.769825 -4.117870 -30.911108 3.033351 12.340631 3.149462 11.891869 5.604250 1.734978 -9.842621 27.991737 -3.554546 -1.123582 1.973143 5.980638 -1.572736 7.835902 31.621932 -10.070958 32.661090 -32.207233 -13.048784 31.582563 -8.078595 0.222802 -6.397705 -27.148680 -30.379169 17.509743 4.056369 -6.985561 -6.697494 -14.211601 2.154179 18.560738 3.827238 5.179927 -3.471098 -5.892178 1.519101 -7.891389 -12.482381 -3.232823 -3.325201 -7.690438 -46.262409 2.232487 -9.346400 0.496092 -12.366780 16.331095 -38.763515 -14.109068 12.919972 -15.901092 11.763682 -13.097218 -16.386606 10.528113 -0.844010 2.288024 -2.474281 
-6.344369 107.809593 0.139909 18.110486 25.550056 20.047094 3.498913 13.150528 -0.172199 -8.963391 0.673084 -19.487698 2.433800 20.583200 4.894279 -2.616829 4.017075 1.312417 2.644459 14.365177 2.569423 3.303194 1.303324 7.683852 3.512625 16.524641 2.808688 0.390208 0.934546 -4.191671 0.583323 9.812517 3.304673 0.726232 -0.614652 2.841898 3.156272 11.721011 7.133407 -5.569049 24.877514 4.725564 9.640605 -4.589903 13.812666 17.382142 22.891847 -0.688279 -25.856754 -12.264040 17.400734 -45.795168 -23.934492 -29.160653 -22.951431 -13.473920 13.457365 -0.348748 0.963072 -4.522769 -1.923721 13.913264 0.922734 10.950034 -3.286496 -10.474093 -7.818953 5.054498 -14.700402 24.445322 -20.680174 -4.918577 -30.915117 3.026723 12.339134 4.464672 11.187542 7.575663 1.741395 -9.838796 27.996819 -3.296015 -1.165395 2.415861 5.978539 -1.576452 7.839772 31.377367 -10.571270 32.503586 -32.209625 -13.049681 31.582226 -7.834764 0.263204 -6.405691 -27.149923 -30.370028 17.516682 3.982501 -7.517550 -7.167330 -14.209694 2.157399 18.557592 4.001230 4.329272 -3.278295 -5.900737 1.520793 -7.875906 -12.621624 -2.993683 -2.814623 -7.691434 -46.268032 2.232533 -10.076271 0.564041 -12.522475 16.333885 -38.763283 -14.116169 12.728521 -15.689964 11.773237 -13.106070 -16.374868 10.531871 -1.184226 2.369227 -2.864491 
-5.062728 107.709373 -0.080263 18.696842 26.085524 20.383359 3.496969 13.154990 -0.173371 -8.484431 0.470731 -19.386160 2.432388 20.588051 4.898447 -2.692449 3.983857 1.226880 2.641775 14.367897 2.567158 3.610988 1.144639 8.004415 3.512225 16.532610 2.808329 0.385950 0.215099 -4.617554 0.585211 9.815521 3.311378 0.837351 -0.764428 3.245251 3.154095 11.725125 7.128595 -6.075119 25.536334 4.743329 9.639874 -4.590548 13.814639 17.971631 23.822134 -0.168174 -25.847088 -12.264230 17.399120 -47.426597 -24.482846 -29.148877 -22.953886 -13.465295 13.462652 -0.123960 0.777560 -4.795223 -1.922731 13.912778 0.918152 11.401649 -2.899802 -10.803262 -7.814816 5.058311 -14.700335 25.542998 -20.920014 -5.460283 -30.913963 3.024687 12.341630 5.072878 10.843596 8.870555 1.740449 -9.832132 27.991154 -3.036415 -1.287179 2.484150 5.973368 -1.586044 7.843005 31.041837 -10.974509 32.881688 -32.209549 -13.050908 31.580791 -7.805608 0.359259 -5.955013 -27.146091 -30.360966 17.513548 3.946321 -7.586727 -7.623713 -14.206914 2.159091 18.561445 4.110633 3.904221 -3.339518 -5.908740 1.516877 -7.870281 -12.938276 -3.051352 -2.507358 -7.695085 -46.268116 2.236465 -10.544572 0.561298 -12.633569 16.332293 -38.756973 -14.120504 12.999284 -15.717971 11.744439 -13.112174 -16.371166 10.534658 -1.495602 2.420508 -2.899116 
-4.369993 107.666855 -0.194214 18.964237 26.420396 20.527548 3.491619 13.161253 -0.181672 -8.110028 0.438854 -19.116292 2.434341 20.584175 4.897027 -2.672541 4.206117 1.145288 2.644339 14.366484 2.564744 3.457582 1.407111 8.062846 3.513259 16.523895 2.807309 0.307836 0.262574 -4.517267 0.583314 9.815493 3.312019 1.301552 -0.790073 3.568828 3.156026 11.732978 7.122729 -6.267840 25.413235 4.573128 9.643211 -4.590314 13.810970 18.049787 24.367912 -0.342629 -25.841442 -12.269335 17.396461 -48.029788 -25.053506 -29.568989 -22.959732 -13.465454 13.461856 -0.043356 0.531946 -5.372833 -1.920913 13.912333 0.919238 11.658107 -2.877677 -10.529730 -7.813530 5.059891 -14.699841 26.055766 -21.330075 -6.025928 -30.909962 3.025061 12.346290 5.448510 10.418796 9.372211 1.744743 -9.830712 27.993589 -2.623588 -1.380804 2.814284 5.967738 -1.586361 7.843253 31.001481 -10.885837 32.543929 -32.208252 -13.050199 31.580891 -7.707991 0.380389 -5.981059 -27.146982 -30.355833 17.513741 3.948114 -7.938349 -7.672180 -14.201023 2.155896 18.566648 3.960072 3.775309 -3.073122 -5.907142 1.520740 -7.867312 -13.208827 -2.921405 -2.124160 -7.691591 -46.266739 2.235369 -10.378052 0.705598 -12.405691 16.334267 -38.758301 -14.119467 13.068409 -15.832245 11.771409 -13.117898 -16.367729 10.529634 -1.778934 2.305000 -2.945440 
-4.366603 107.719452 -0.165569 19.135636 26.201820 21.078768 3.487699 13.158960 -0.178954 -8.291476 0.332002 -19.281329 2.429335 20.583551 4.893565 -2.618825 4.343801 0.910509 2.648959 14.371521 2.569221 3.109478 1.380871 7.964616 3.512259 16.524158 2.811486 0.085291 0.194386 -4.539737 0.582994 9.810457 3.313897 1.227977 -0.632964 3.299065 3.152096 11.732592 7.121390 -5.972666 25.839412 4.595864 9.643597 -4.590110 13.812445 17.891472 24.431556 -0.517249 -25.840458 -12.266627 17.399517 -48.145563 -25.039767 -29.445127 -22.959429 -13.462917 13.465975 -0.046430 0.634776 -5.215819 -1.922392 13.916267 0.918373 11.737949 -2.872299 -10.630302 -7.819036 5.060556 -14.699495 25.959143 -21.141736 -5.795975 -30.910881 3.022249 12.341393 5.631398 10.786644 9.847897 1.743107 -9.828651 27.996273 -2.926631 -1.223526 2.601024 5.972616 -1.585733 7.847699 30.944947 -11.285134 33.026994 -32.207062 -13.052065 31.585506 -7.646804 0.267670 -6.257885 -27.146835 -30.358219 17.520382 4.057894 -7.937511 -7.899825 -14.202932 2.159024 18.559113 4.306937 3.729494 -3.293028 -5.906516 1.518777 -7.866758 -13.196836 -2.785516 -2.497409 -7.689398 -46.271385 2.234438 -10.692438 0.492636 -12.704802 16.337845 -38.757420 -14.119334 13.288353 -16.101508 11.620284 -13.114185 -16.367781 10.529997 -1.672306 2.277767 -2.970203 
-5.105724 107.876068 0.011572 18.899079 25.991195 20.534045 3.495253 13.158747 -0.178116 -8.312311 0.347365 -19.325127 2.434778 20.583447 4.895679 -2.732995 4.011368 1.155931 2.644484 14.366977 2.565359 3.464066 1.309197 8.066633 3.514161 16.527996 2.808079 0.406053 0.530239 -4.215636 0.582053 9.814027 3.310285 1.213009 -0.729984 3.446507 3.155777 11.726589 7.129948 -5.913086 25.474816 4.962850 9.643115 -4.591109 13.813659 17.838912 24.087400 -0.050310 -25.847822 -12.267603 17.398663 -47.628391 -24.659213 -29.413352 -22.954786 -13.467844 13.463583 -0.090119 0.545779 -5.040223 -1.917552 13.912383 0.920847 11.399800 -3.035549 -10.620570 -7.815816 5.058008 -14.702802 25.404913 -21.149903 -5.558369 -30.914612 3.026305 12.346092 5.150867 10.962008 9.081168 1.742299 -9.832766 27.992657 -3.156811 -1.179756 2.521895 5.972988 -1.587184 7.845701 31.303184 -11.117405 33.105480 -32.210644 -13.052921 31.583567 -7.911005 0.236669 -6.267619 -27.146555 -30.361588 17.516153 3.834656 -7.492433 -7.643800 -14.206638 2.157335 18.563967 4.011553 4.148832 -3.297844 -5.902030 1.516356 -7.872364 -12.804405 -3.081967 -2.618426 -7.691284 -46.270935 2.240149 -10.808598 0.392170 -12.730231 16.338266 -38.759056 -14.117692 13.281478 -15.812783 11.841747 -13.114483 -16.368040 10.528666 -1.575798 2.302572 -2.923371 
-6.581367 108.101776 0.324760 18.705223 25.516509 20.251386 3.501773 13.157691 -0.175907 -9.027268 0.464419 -19.490628 2.436976 20.580559 4.895622 -2.436367 4.359518 1.264714 2.654198 14.367450 2.566677 3.247391 1.364670 8.184994 3.514409 16.527359 2.806204 0.534753 0.888385 -3.593418 0.581927 9.813857 3.306938 0.623209 -0.788881 3.167345 3.161036 11.720912 7.135339 -5.593093 25.182525 5.168046 9.641889 -4.589257 13.816954 17.675666 23.100210 0.025227 -25.855310 -12.264931 17.403568 -46.176269 -23.961504 -29.433508 -22.952477 -13.478135 13.456529 -0.517037 0.747002 -4.465716 -1.921862 13.917530 0.925969 10.834359 -3.309373 -10.231935 -7.819371 5.052961 -14.703387 24.383685 -20.715685 -4.674165 -30.918222 3.029201 12.342554 4.278053 11.425735 7.883631 1.741577 -9.837672 27.992489 -3.413981 -0.895686 2.397676 5.977011 -1.578858 7.841868 31.304963 -11.264083 33.263028 -32.212421 -13.055014 31.586273 -8.343931 0.142727 -6.782869 -27.152018 -30.365812 17.513195 4.032469 -7.194581 -7.288434 -14.211408 2.156970 18.562620 3.981661 4.566802 -3.319396 -5.893565 1.521881 -7.880619 -12.636302 -3.395335 -2.705094 -7.691213 -46.271011 2.237671 -11.140170 0.361448 -12.613465 16.334244 -38.768391 -14.114490 13.151046 -15.910203 11.996761 -13.103058 -16.374727 10.527612 -1.531561 2.310367 -2.924621 
-8.743006 108.325874 0.700530 17.932001 24.831402 19.399525 3.520843 13.153211 -0.167955 -9.672204 0.340339 -19.917539 2.444113 20.578424 4.898251 -2.480168 4.098167 1.133149 2.660542 14.358199 2.565645 3.033431 0.992904 7.686877 3.520756 16.524576 2.806170 0.877963 1.813262 -3.194382 0.581062 9.813745 3.292480 0.179242 -0.415682 2.944560 3.164507 11.711181 7.152996 -5.080494 24.512029 5.336321 9.636330 -4.589182 13.817389 17.120883 21.763083 0.062571 -25.868097 -12.257972 17.402590 -43.725935 -22.584140 -29.073373 -22.945040 -13.487583 13.450795 -0.884251 1.253224 -3.716222 -1.912311 13.922228 0.930715 9.901059 -3.735627 -9.923008 -7.822404 5.049446 -14.701467 22.726599 -19.969371 -4.060961 -30.920261 3.031422 12.334962 3.023505 12.432256 5.714263 1.738755 -9.841939 27.997362 -3.819857 -0.607690 2.098666 5.982718 -1.571487 7.834113 31.527487 -10.983227 33.420857 -32.208313 -13.052914 31.584223 -8.675632 0.156403 -6.872523 -27.145996 -30.374407 17.507626 3.745570 -6.620644 -6.370386 -14.213776 2.155851 18.553644 3.891817 5.621424 -3.481273 -5.889655 1.517499 -7.893300 -12.444356 -4.061396 -3.365053 -7.692605 -46.268970 2.236724 -10.683786 0.354011 -12.691116 16.330660 -38.772293 -14.100614 13.270747 -15.902917 12.162885 -13.091295 -16.383913 10.531590 -0.794245 2.244500 -2.778059 
-11.663234 108.470497 1.088793 17.434990 23.917763 18.043287 3.536167 13.148227 -0.162805 -10.464118 0.303944 -20.063356 2.457575 20.579290 4.900219 -2.479071 3.827494 1.244238 2.665368 14.357000 2.567000 2.824748 0.764785 6.797047 3.529107 16.513227 2.806094 1.498840 2.853529 -2.442453 0.575923 9.822133 3.277236 -0.202085 0.084578 3.211629 3.170905 11.703567 7.162045 -4.186425 22.809261 5.711148 9.629825 -4.595020 13.819362 15.988677 20.833875 -0.856969 -25.886238 -12.262327 17.399197 -40.761613 -21.479854 -28.570423 -22.939713 -13.497946 13.447451 -1.179342 1.336319 -2.911814 -1.909533 13.923306 0.935659 8.985661 -3.800722 -9.504798 -7.831310 5.041441 -14.704876 20.436532 -18.492667 -2.773589 -30.920519 3.040807 12.341438 0.707702 13.205698 2.243946 1.734187 -9.855953 28.006462 -4.587484 -0.740723 1.575718 5.983615 -1.563071 7.831070 32.370251 -10.089057 33.650682 -32.207573 -13.046056 31.592688 -8.555632 -0.309984 -7.089407 -27.147041 -30.394821 17.511831 3.562537 -5.671498 -5.329060 -14.211394 2.151524 18.554127 3.830465 6.606915 -3.398678 -5.875406 1.517854 -7.920082 -12.316329 -3.782515 -4.086470 -7.685605 -46.268913 2.241063 -9.744384 0.397105 -12.448880 16.328083 -38.775139 -14.087821 13.576856 -16.183916 12.087238 -13.085720 -16.392183 10.526715 -0.774773 2.250206 -2.150126 
-15.586222 108.448341 1.454898 16.721346 23.467483 16.955326 3.562000 13.132167 -0.160081 -11.179055 0.623085 -19.800964 2.475019 20.575325 4.903205 -2.465511 4.008822 1.124496 2.679724 14.354706 2.564252 2.347697 0.188865 5.838991 3.553734 16.501875 2.806423 1.564641 3.394748 -2.459771 0.573186 9.831967 3.258216 -1.127112 0.876408 3.130004 3.179798 11.693291 7.167392 -3.487508 21.513791 5.646301 9.621301 -4.593215 13.829014 14.852672 19.881477 -1.656569 -25.899570 -12.269129 17.395199 -38.319694 -19.194076 -27.319051 -22.947910 -13.507206 13.440175 -1.508391 1.547200 -1.241206 -1.900342 13.934852 0.937231 7.836215 -3.757805 -8.538348 -7.832867 5.032321 -14.698649 18.530342 -16.490317 -2.221200 -30.922729 3.043784 12.347428 -2.135509 14.340792 -2.494714 1.725484 -9.863585 28.019896 -5.192841 -0.056749 0.476722 5.987590 -1.547071 7.820077 32.512810 -9.322971 33.773701 -32.201939 -13.043793 31.598509 -8.139804 0.046324 -6.809486 -27.144382 -30.403263 17.504475 3.215297 -4.910245 -3.966186 -14.208230 2.153264 18.550682 3.957305 7.821128 -3.264506 -5.866684 1.510257 -7.931781 -12.640281 -4.532266 -4.398479 -7.670728 -46.278999 2.242062 -8.843777 0.697778 -11.763926 16.312918 -38.779472 -14.063263 14.164238 -16.611852 12.363006 -13.076938 -16.408527 10.530802 -0.504677 2.283104 -1.596221 
-20.714087 108.246315 1.832011 18.166710 24.802671 17.458063 3.579026 13.113604 -0.170810 -11.893173 0.973528 -19.547096 2.494744 20.572002 4.920331 -2.530405 4.936891 1.004957 2.683978 14.358542 2.571533 1.355493 -0.406704 5.677235 3.579583 16.490480 2.800689 1.256636 3.183094 -3.060652 0.568876 9.850408 3.250791 -1.844157 1.188454 3.600460 3.187752 11.693454 7.170794 -2.781253 19.892909 5.704674 9.613691 -4.581540 13.840829 14.020556 19.505915 -2.938581 -25.912800 -12.304102 17.391783 -36.356533 -16.951044 -25.803121 -22.958759 -13.510807 13.433111 -1.304654 2.114075 -0.059669 -1.898909 13.949100 0.950022 6.571022 -3.515979 -7.678112 -7.827767 5.017369 -14.699541 16.653304 -13.970157 -1.188513 -30.917652 3.040847 12.373729 -6.439079 15.016547 -8.882136 1.719294 -9.877634 28.038042 -6.190534 0.321663 -0.342060 5.985330 -1.539467 7.812881 32.553877 -8.871590 34.129796 -32.197834 -13.033449 31.614483 -7.220817 0.743159 -5.804866 -27.157850 -30.414074 17.501585 2.707662 -3.627474 -3.013113 -14.208785 2.154244 18.562521 4.470584 8.751432 -2.853683 -5.849836 1.512717 -7.959790 -13.597319 -4.876394 -4.468760 -7.655029 -46.301716 2.252213 -8.408212 1.370972 -11.150509 16.314919 -38.782860 -14.032478 14.864768 -16.998025 13.051762 -13.069258 -16.419600 10.526756 -1.276095 2.611347 -1.359415 
-26.887205 107.881584 2.422720 18.811910 28.267723 17.641899 3.585113 13.084211 -0.191792 -12.063648 1.553230 -19.278018 2.499835 20.559290 4.936742 -3.030077 6.372695 1.270330 2.687390 14.356073 2.579160 0.653727 -0.104254 5.989094 3.604811 16.486414 2.800140 -0.019448 2.983047 -4.039105 0.569840 9.854224 3.237436 -3.080391 2.331628 4.103942 3.194069 11.697016 7.174565 -1.462075 18.945693 5.850830 9.604857 -4.566948 13.842901 11.807616 20.045642 -5.266544 -25.899988 -12.355197 17.367702 -35.506646 -14.579220 -25.609190 -22.984533 -13.513567 13.424139 -0.696758 2.420727 1.185216 -1.895603 13.959919 0.957556 4.480437 -3.448688 -6.675970 -7.813443 5.017642 -14.691313 15.059848 -11.750301 -0.675752 -30.910851 3.031743 12.392784 -11.980212 14.757056 -15.955061 1.714537 -9.881163 28.055624 -7.134814 1.437245 -0.600259 5.972165 -1.532562 7.804487 32.054522 -8.417924 34.734978 -32.190048 -13.033271 31.635685 -5.801648 1.906914 -3.894496 -27.178833 -30.428026 17.490089 3.143217 -2.069796 -3.006850 -14.203779 2.160810 18.557343 4.706405 9.026798 -2.298908 -5.834867 1.509102 -7.983335 -15.182674 -5.732868 -3.510938 -7.624516 -46.319946 2.261207 -8.307167 2.438043 -11.085899 16.310955 -38.781845 -13.999416 14.988300 -16.355728 13.648298 -13.066206 -16.414406 10.515738 -1.959026 2.797531 -1.562338 
-33.555832 107.420242 3.362776 19.435047 35.024097 17.254523 3.596451 13.047569 -0.212835 -11.761949 2.321195 -19.669753 2.495245 20.554783 4.968964 -3.978821 8.111509 1.686664 2.684077 14.347246 2.581077 0.095305 -0.131376 7.649329 3.616147 16.489826 2.775582 -1.086467 2.915151 -5.191781 0.574655 9.845792 3.233662 -4.440242 2.612947 5.317152 3.203835 11.691580 7.169469 -0.093356 18.503201 5.921448 9.585354 -4.534875 13.842816 8.024666 21.386784 -8.712868 -25.878839 -12.414489 17.340765 -34.747344 -13.216661 -25.672159 -22.992842 -13.513642 13.416114 0.869029 2.950457 1.272442 -1.893768 13.952931 0.966730 2.561869 -2.835067 -6.497132 -7.789457 5.018799 -14.685750 14.066530 -9.602016 -0.577009 -30.892031 3.026474 12.407911 -17.868999 13.364219 -23.740903 1.712924 -9.899586 28.068153 -8.444145 2.076265 -0.297346 5.953382 -1.532024 7.797654 31.645329 -6.784415 35.570123 -32.190624 -13.022193 31.652842 -4.200677 3.652675 -1.392925 -27.195122 -30.442471 17.468458 3.714157 0.218415 -3.025615 -14.195863 2.156069 18.546280 4.855474 8.874277 -2.022814 -5.828169 1.500088 -8.003883 -17.530073 -7.221825 -2.158085 -7.602177 -46.312019 2.274631 -9.334660 3.648172 -11.164000 16.300985 -38.758160 -13.987625 15.691578 -15.049772 14.554824 -13.047663 -16.404766 10.513614 -2.890590 2.593843 -2.724282 
-40.179459 106.873795 4.675941 21.587634 44.265705 18.914278 3.605954 13.017793 -0.230565 -12.578572 3.642209 -21.114570 2.475396 20.560369 4.981943 -5.702033 10.196123 1.750141 2.657981 14.312835 2.580455 -1.761959 -0.798377 8.945946 3.639181 16.489391 2.766460 -2.868734 3.133717 -8.106797 0.584409 9.846678 3.227324 -5.802326 2.843764 5.992665 3.225359 11.703759 7.153629 0.747326 17.561094 5.246693 9.562803 -4.494815 13.841476 3.892179 22.186001 -12.514690 -25.862259 -12.458851 17.298937 -34.601919 -11.490712 -24.335317 -23.003460 -13.501333 13.400039 2.051057 4.048655 1.351278 -1.890391 13.963166 0.980274 0.668054 -3.215106 -6.368710 -7.760530 5.006983 -14.652307 12.511838 -9.444281 -0.127698 -30.857239 3.025728 12.418421 -22.985945 10.036844 -31.406634 1.728517 -9.914619 28.065241 -8.433255 1.469186 -0.508591 5.936598 -1.526611 7.779997 32.394105 -5.566148 35.801154 -32.177067 -13.005712 31.644024 -3.236460 4.697995 1.269504 -27.180214 -30.449919 17.460567 4.388166 1.545215 -3.191351 -14.184251 2.157697 18.531036 4.691808 8.228467 -2.020227 -5.835950 1.516917 -8.001358 -19.795826 -7.980976 -0.398528 -7.599228 -46.319618 2.271499 -9.079949 5.418022 -10.529489 16.279114 -38.712555 -13.994163 16.968659 -13.714909 14.475261 -13.011885 -16.390480 10.523520 -3.863461 1.869228 -3.545564 
-46.458424 106.233788 6.231168 27.461341 57.040303 25.614560 3.600034 12.997592 -0.217138 -13.550752 4.709722 -22.464402 2.463285 20.555206 4.982308 -6.885988 11.940398 1.811730 2.652127 14.285704 2.573275 -3.459809 -1.490311 8.945782 3.641815 16.470629 2.775240 -4.197018 2.459750 -10.076323 0.587481 9.871462 3.231056 -7.089404 3.241509 7.408749 3.239705 11.726880 7.129070 0.426556 17.213919 3.208498 9.539784 -4.478981 13.849303 0.141194 22.685722 -16.432395 -25.873713 -12.479441 17.264847 -33.215394 -9.464733 -23.381974 -23.020067 -13.498923 13.385221 3.126957 4.093972 2.171896 -1.897645 13.980561 0.990820 -1.025516 -3.394777 -6.948942 -7.731369 5.002462 -14.625552 10.859721 -11.023761 -0.112144 -30.830664 3.019621 12.428846 -27.131586 4.310069 -38.478328 1.735607 -9.919503 28.072632 -7.671330 1.752438 -0.578236 5.942025 -1.499029 7.790243 33.260839 -5.988825 36.238040 -32.167328 -12.996625 31.636389 -2.368914 4.929309 2.765200 -27.169468 -30.456465 17.487253 4.799832 1.288900 -3.883748 -14.186432 2.168789 18.534206 3.298934 8.094481 -1.281293 -5.843732 1.538434 -7.994367 -21.076576 -8.261473 -0.413643 -7.590069 -46.349422 2.226825 -8.084382 6.973003 -9.439736 16.228895 -38.671623 -13.986148 18.733329 -13.588379 13.554417 -13.002633 -16.385105 10.532602 -4.551269 1.044568 -4.567290 
-51.905827 105.495354 7.643307 44.381295 69.054538 42.881987 3.587258 12.988328 -0.218526 -14.092563 5.200600 -23.270111 2.465462 20.546465 4.973356 -7.518598 13.468407 1.219199 2.660080 14.288283 2.565851 -4.157716 -1.651547 9.275066 3.631815 16.456257 2.792833 -6.018442 2.104894 -12.608571 0.578555 9.894752 3.235151 -6.661070 3.758376 8.228863 3.222396 11.753599 7.113528 0.718501 17.745139 1.048453 9.536901 -4.462591 13.837543 -1.277084 22.284568 -18.209891 -25.883490 -12.489436 17.262823 -31.470957 -7.556985 -20.416706 -23.028366 -13.492122 13.383014 4.138457 4.498369 3.628782 -1.910066 13.993207 1.002886 -0.536619 -2.784301 -9.049664 -7.716595 5.014908 -14.620047 8.842456 -12.595283 0.523283 -30.809803 3.004676 12.409692 -29.626051 -0.918469 -43.005238 1.746346 -9.919679 28.066862 -6.869824 2.845303 -0.436511 5.968057 -1.479206 7.812651 33.218799 -7.185717 37.064189 -32.168640 -13.009226 31.629248 -1.015688 5.741187 3.111177 -27.167402 -30.458227 17.528097 4.924893 0.796475 -3.813397 -14.209306 2.176800 18.531975 2.360358 7.092327 -0.400174 -5.841477 1.563617 -7.999346 -21.278148 -7.574221 -0.893791 -7.587791 -46.385979 2.183600 -6.964520 7.730722 -8.606782 16.182583 -38.640419 -13.959997 19.816559 -12.943031 11.900937 -13.013604 -16.379112 10.520518 -4.718432 0.792306 -5.303921 
-55.988972 104.811279 8.623855 66.941140 74.295642 63.767063 3.576109 12.992958 -0.217569 -13.591948 6.095714 -24.090140 2.476045 20.538149 4.967361 -7.678542 13.896064 0.220209 2.661957 14.293332 2.558869 -4.384355 -1.505117 9.465837 3.623494 16.443264 2.798906 -6.958642 0.744265 -14.975337 0.570552 9.908082 3.243852 -5.684757 4.329651 9.376036 3.205732 11.775452 7.095010 0.165665 17.788119 -0.829531 9.530272 -4.445564 13.834639 -1.844407 21.811313 -17.756125 -25.889519 -12.488183 17.271605 -29.684101 -6.291064 -17.819081 -23.032726 -13.486314 13.379259 4.474931 4.807444 4.490222 -1.920220 13.990486 1.019278 0.812291 -0.979258 -10.845468 -7.717637 5.037009 -14.619800 8.068196 -13.572147 0.848909 -30.795256 2.981776 12.396927 -30.245536 -4.974832 -44.756874 1.740986 -9.914063 28.059099 -6.721511 3.054448 -0.501172 5.985942 -1.469999 7.825821 33.492454 -7.360586 37.962133 -32.168530 -13.019893 31.646378 -0.648410 5.734424 3.034459 -27.166439 -30.450052 17.564510 5.323930 0.495095 -3.134000 -14.212856 2.177614 18.532183 1.922139 6.140579 0.359434 -5.842894 1.576121 -8.009313 -21.555802 -5.836864 -1.623126 -7.583239 -46.399944 2.153800 -6.340176 8.378784 -7.779406 16.147396 -38.625034 -13.949391 20.452487 -12.608234 10.818043 -13.025291 -16.373695 10.506365 -4.919259 0.292786 -5.819638 
-58.335831 104.353386 9.106068 80.760054 75.270030 76.944506 3.573571 12.999564 -0.223156 -12.960908 6.694277 -24.328657 2.484045 20.540163 4.969710 -8.029509 14.375895 -0.158639 2.666636 14.287842 2.558301 -4.299302 -1.580672 9.762023 3.628017 16.437965 2.797684 -7.553113 -0.358082 -15.933182 0.566656 9.915310 3.254615 -5.370512 4.794201 10.483744 3.190112 11.779332 7.078546 -0.281364 17.407391 -1.602915 9.532130 -4.441406 13.828595 -1.702055 21.484394 -17.221014 -25.888445 -12.484473 17.281601 -29.361774 -6.208221 -16.905589 -23.033020 -13.485045 13.376526 5.004841 4.165607 5.591534 -1.923451 13.983954 1.023936 1.842944 0.622145 -11.988148 -7.714294 5.043137 -14.618622 7.564195 -14.081255 1.003511 -30.791807 2.976604 12.393292 -29.755835 -7.340442 -45.327925 1.733712 -9.910861 28.044668 -6.260353 3.283626 -0.562797 5.988716 -1.464079 7.835083 33.731043 -7.094840 38.190774 -32.168571 -13.026619 31.649870 -0.737949 5.528030 2.405041 -27.167608 -30.442146 17.570642 5.334651 0.687152 -3.119647 -14.217108 2.179383 18.544691 1.385188 5.665507 0.370970 -5.846012 1.578404 -8.009076 -21.568902 -4.703506 -2.101814 -7.578106 -46.406975 2.144287 -6.045885 8.900070 -6.846537 16.130779 -38.618587 -13.940615 20.946001 -11.900565 10.476120 -13.037925 -16.376451 10.496367 -5.293024 0.228093 -5.400889 
-58.938297 104.218559 9.153205 81.396409 75.521757 77.781580 3.570797 12.997429 -0.226156 -12.682198 6.798487 -24.240939 2.484398 20.531551 4.970296 -8.080005 13.903493 -0.451205 2.666978 14.287558 2.552659 -4.219010 -1.442792 9.828189 3.623683 16.441648 2.797063 -7.234586 -0.428549 -16.164517 0.564377 9.914532 3.249293 -5.060049 4.968040 10.306925 3.189444 11.783545 7.077895 -0.248607 17.515084 -1.748642 9.529655 -4.439992 13.827863 -1.676574 21.361762 -16.783979 -25.883574 -12.486775 17.280947 -29.423338 -5.815812 -16.559679 -23.032196 -13.483405 13.372895 4.998244 3.965855 5.506740 -1.924986 13.980115 1.022243 2.268346 0.883418 -12.082313 -7.712141 5.053543 -14.619736 7.619623 -14.148148 0.847183 -30.792707 2.973948 12.392142 -29.961216 -7.750428 -45.232456 1.733550 -9.914016 28.041813 -6.392653 3.145840 -0.554034 5.992090 -1.467164 7.838994 33.732187 -7.129561 38.051937 -32.164471 -13.029662 31.652431 -0.416096 5.358436 2.758828 -27.164419 -30.438457 17.569714 5.248415 0.540252 -2.805896 -14.216932 2.176725 18.539858 1.505296 5.385813 0.667024 -5.847618 1.583624 -8.008689 -21.652444 -4.364889 -2.069535 -7.578695 -46.401550 2.143546 -5.853968 9.041216 -6.791768 16.126743 -38.612316 -13.934382 20.992866 -12.193871 10.051100 -13.040871 -16.373474 10.493402 -5.210669 0.381511 -5.448757 
-58.075027 104.380020 8.842872 76.512954 75.276785 72.794230 3.571115 12.995037 -0.223706 -12.871810 6.640581 -24.396288 2.478328 20.539505 4.968407 -7.943770 14.264628 -0.321957 2.666588 14.292702 2.561004 -4.363449 -1.487024 9.800394 3.622089 16.441540 2.800772 -7.463327 -0.210847 -15.866116 0.568915 9.911013 3.247857 -5.529834 4.811242 9.778860 3.196309 11.778278 7.082019 0.021357 17.635436 -1.446300 9.532136 -4.443291 13.831165 -1.802782 21.533466 -17.253384 -25.884909 -12.483822 17.280163 -29.450468 -6.042148 -17.123404 -23.028343 -13.486703 13.373930 4.643067 4.199578 5.407052 -1.923767 13.985415 1.018190 1.919346 0.393302 -11.510426 -7.713471 5.045002 -14.615089 8.158789 -13.894323 1.102164 -30.790617 2.978527 12.392329 -29.841872 -6.507769 -44.948123 1.737681 -9.912301 28.046602 -6.430663 3.234348 -0.528786 5.989036 -1.466545 7.835281 33.662516 -7.221890 37.802918 -32.165897 -13.024579 31.646271 -0.513615 5.416363 2.657077 -27.164679 -30.441399 17.569897 5.154755 0.775862 -3.239977 -14.214494 2.179917 18.536518 1.681056 5.301287 0.370280 -5.847301 1.580341 -8.007076 -21.691410 -4.875446 -1.969437 -7.577564 -46.402359 2.142045 -6.083719 8.837686 -7.156472 16.133497 -38.618397 -13.945004 20.887174 -12.283582 10.237678 -13.034337 -16.372107 10.499939 -5.174503 0.417373 -5.383106 
-56.108448 104.717171 8.227467 67.424342 74.151607 64.170515 3.578939 12.989946 -0.226260 -13.018670 6.087328 -23.402740 2.473538 20.532955 4.963662 -8.037173 13.928830 0.066503 2.664384 14.291763 2.562764 -4.321748 -1.294172 9.603143 3.625751 16.441881 2.796148 -7.059449 0.884150 -14.488587 0.562870 9.904623 3.243839 -5.497167 4.285180 9.364392 3.199525 11.767466 7.091945 -0.405326 17.624263 -0.661515 9.534575 -4.449288 13.830782 -2.389653 21.782902 -17.808026 -25.882210 -12.487860 17.278074 -30.370310 -6.259349 -17.999107 -23.023050 -13.486260 13.376657 4.365728 4.165667 5.293616 -1.908930 13.989468 1.015353 1.060048 -0.670914 -10.562219 -7.716402 5.033708 -14.609794 8.746701 -13.269769 0.818177 -30.796534 2.985828 12.401425 -29.638417 -3.819732 -44.276753 1.742436 -9.917840 28.049261 -6.551020 2.705969 -0.574226 5.980274 -1.469562 7.833679 33.348078 -6.965227 37.597384 -32.165894 -13.019507 31.633163 -0.570644 6.097212 2.571311 -27.163826 -30.438086 17.554581 4.994992 1.105366 -3.561832 -14.213491 2.174975 18.530777 1.857590 5.818006 0.333458 -5.844678 1.573696 -8.001555 -21.768578 -5.948143 -1.215833 -7.580678 -46.391232 2.153707 -6.465214 8.670283 -7.715212 16.150501 -38.619942 -13.951372 20.534089 -12.400599 10.471087 -13.026184 -16.376101 10.500550 -4.789764 0.394526 -5.557773 
-53.422436 105.105965 7.346159 50.975624 70.997815 48.571125 3.586075 12.984745 -0.223606 -12.876542 5.546923 -23.125912 2.464617 20.534994 4.967791 -8.239950 13.514273 0.511730 2.668456 14.292969 2.563648 -4.415275 -1.226118 9.720679 3.626944 16.449564 2.794473 -6.584947 1.801021 -13.220670 0.570492 9.891841 3.235692 -5.633427 4.243244 8.523254 3.210512 11.756817 7.105095 -0.107783 17.206157 1.005862 9.541091 -4.462190 13.829038 -2.310910 22.530301 -18.086788 -25.876772 -12.481613 17.275591 -31.868433 -6.935999 -20.136315 -23.014690 -13.484932 13.375578 3.732752 4.050194 4.217535 -1.901313 13.989219 1.002381 0.562324 -1.642845 -9.476368 -7.720756 5.028020 -14.604569 9.600533 -12.270364 0.698863 -30.804543 2.993641 12.408618 -29.163258 -0.511972 -42.863043 1.746585 -9.925903 28.050592 -7.105474 1.913403 -0.467288 5.964340 -1.482131 7.820662 32.725581 -6.728734 36.948270 -32.162434 -13.012630 31.626028 -0.163213 5.759781 2.749887 -27.153418 -30.435966 17.530310 4.927682 1.484320 -4.079354 -14.205903 2.173211 18.519140 2.631000 5.710179 0.141544 -5.840022 1.569345 -7.992042 -21.727626 -6.906721 -1.054587 -7.583352 -46.373238 2.178207 -7.333935 8.327771 -8.530715 16.170919 -38.617657 -13.959941 20.052606 -12.661019 10.574713 -13.015394 -16.368570 10.510056 -4.735643 0.500957 -5.023100 
-50.348099 105.453560 6.275455 35.998519 65.123695 34.243119 3.588454 12.984083 -0.227377 -12.246031 5.110354 -22.275006 2.454956 20.534012 4.972748 -8.085989 12.777150 0.620329 2.658751 14.296361 2.563814 -3.867824 -1.086503 9.748448 3.627853 16.459410 2.785266 -5.323344 2.102309 -11.567409 0.577080 9.871380 3.238736 -5.309654 3.627299 7.565666 3.220953 11.739466 7.117027 -0.292409 16.991246 2.385765 9.538729 -4.476031 13.830987 -1.587719 23.129700 -17.492039 -25.870770 -12.473254 17.276041 -32.764752 -8.421937 -22.361802 -23.012047 -13.485865 13.376335 3.096394 3.860828 3.845181 -1.893477 13.985220 0.993839 0.626819 -1.809555 -8.385025 -7.729490 5.020210 -14.603649 11.122883 -10.970787 0.536627 -30.814034 3.003808 12.414665 -27.880941 2.694265 -40.489956 1.744842 -9.930444 28.050203 -7.154496 1.038292 -0.161880 5.949844 -1.493865 7.814519 32.648028 -5.854632 36.102611 -32.155914 -12.995937 31.619663 -0.435872 5.798466 2.499383 -27.155094 -30.430077 17.505447 4.614260 2.260932 -4.690463 -14.191678 2.163759 18.518566 2.998359 6.173167 -0.420357 -5.845124 1.554674 -7.990215 -21.858260 -7.636284 -0.389582 -7.582694 -46.352924 2.196143 -7.815070 7.889887 -8.827430 16.203461 -38.628170 -13.972385 19.649664 -12.782183 11.017749 -13.009859 -16.368414 10.513242 -4.585103 0.656007 -4.668422 
-47.165302 105.682373 5.157139 26.774750 58.216851 25.550175 3.592157 12.984447 -0.231930 -11.380997 4.831240 -21.473107 2.453862 20.534239 4.978718 -7.807464 11.683336 0.539726 2.648903 14.307420 2.564322 -3.097021 -0.794600 9.475564 3.630085 16.468140 2.777099 -4.280366 1.958225 -10.412020 0.580774 9.855131 3.239540 -4.726103 3.243393 6.925850 3.223930 11.724437 7.124711 -0.352036 16.885081 3.780296 9.543050 -4.492664 13.832646 -0.590691 23.421301 -16.501016 -25.861116 -12.459046 17.286839 -34.292577 -9.541398 -23.945489 -23.006102 -13.489423 13.381557 2.252248 3.453610 3.469433 -1.884621 13.970775 0.983038 1.282882 -1.001608 -7.666353 -7.743081 5.018813 -14.605843 12.459266 -10.033155 0.326834 -30.821405 3.003588 12.416735 -25.803504 5.994279 -37.072935 1.736788 -9.929699 28.040720 -7.687991 0.378762 0.062552 5.942638 -1.508546 7.806852 32.329877 -4.630961 35.245958 -32.154671 -12.988647 31.623310 -0.640583 5.411272 2.592024 -27.154921 -30.423719 17.486036 4.370700 2.874594 -5.134659 -14.181606 2.159123 18.516943 3.661199 6.033708 -0.684617 -5.849913 1.542098 -7.987049 -21.795439 -7.607177 0.113224 -7.582831 -46.325119 2.219570 -8.162961 7.392629 -9.259102 16.230780 -38.644093 -13.980521 18.772065 -13.048205 11.381611 -13.008224 -16.367720 10.518638 -4.090870 0.938220 -4.404640 
-44.106201 105.783653 4.150129 22.194693 52.287202 20.740810 3.588719 12.990207 -0.241483 -10.524936 4.360991 -20.144142 2.456718 20.533272 4.978107 -7.298732 10.796179 0.274209 2.645348 14.327177 2.563207 -2.110596 -0.433455 9.371306 3.631258 16.476503 2.773253 -3.806873 1.852244 -9.457789 0.578509 9.837242 3.246840 -3.603287 3.055015 6.848367 3.216216 11.716742 7.125001 -0.600272 16.474333 4.920578 9.552891 -4.503513 13.826917 1.111465 23.591294 -15.047253 -25.859276 -12.450958 17.314064 -35.290167 -10.845228 -25.022205 -22.995129 -13.489861 13.391074 1.832051 3.418510 3.207263 -1.881765 13.961639 0.976813 2.716432 -0.356443 -7.425265 -7.765443 5.022098 -14.608111 13.501599 -9.601542 -0.026926 -30.833437 3.004959 12.415074 -23.622836 8.634159 -33.637794 1.732855 -9.928214 28.037161 -8.157491 -0.180761 0.148378 5.931313 -1.514761 7.804004 31.850238 -4.060744 34.473235 -32.153526 -12.984112 31.627909 -0.444320 5.254427 1.785887 -27.163429 -30.419865 17.469837 4.083431 3.393440 -4.755013 -14.176140 2.154928 18.515255 4.145643 6.035142 -0.705245 -5.851155 1.527620 -7.990438 -21.399481 -7.382500 0.200656 -7.585281 -46.300686 2.244335 -8.327799 6.955039 -9.734923 16.258537 -38.656284 -13.992485 17.973856 -13.054115 11.185978 -13.017157 -16.368210 10.513612 -3.919708 1.147687 -3.777057 
-41.366585 105.824623 3.381160 18.106944 47.466297 17.057069 3.584091 12.994780 -0.239920 -9.718184 3.888323 -19.261876 2.461358 20.527479 4.979791 -7.236661 9.432360 0.244295 2.642790 14.350082 2.566598 -0.708010 0.113361 9.132527 3.624033 16.485563 2.772317 -2.994229 1.770775 -8.333562 0.576201 9.827681 3.246503 -2.532254 2.721306 6.366564 3.200030 11.708650 7.125786 -0.674595 16.829011 5.652814 9.570586 -4.517625 13.826685 2.706034 23.683199 -13.373840 -25.861807 -12.437574 17.331324 -35.500438 -11.330008 -25.582458 -22.996761 -13.492537 13.399572 1.207650 3.030596 3.248855 -1.885945 13.949870 0.965045 4.124329 -0.107214 -7.898052 -7.778968 5.032218 -14.623017 14.088740 -9.073431 -0.033093 -30.843710 3.005471 12.414354 -21.452835 10.334395 -30.617918 1.727625 -9.929019 28.035746 -8.448597 -0.453940 0.146939 5.932169 -1.516742 7.813439 31.318822 -3.794020 33.965069 -32.159374 -12.986226 31.631807 0.202276 5.242957 1.502578 -27.175917 -30.424381 17.467245 3.698069 3.356782 -4.533791 -14.173044 2.151091 18.513607 4.193673 5.894359 -0.860119 -5.851426 1.515231 -7.990019 -20.756870 -7.063517 0.102937 -7.580584 -46.287994 2.259487 -8.008061 6.709770 -10.369276 16.277634 -38.672245 -13.992701 17.269244 -13.029373 10.686603 -13.031720 -16.369095 10.509504 -3.483139 1.650577 -3.574035 
-39.113449 105.881172 2.868710 17.373518 43.808932 15.770763 3.582260 13.003484 -0.242525 -9.342403 3.383300 -18.377749 2.473517 20.525143 4.973877 -6.440362 8.916610 0.209715 2.649174 14.369366 2.565256 -0.003981 0.448573 8.714701 3.619400 16.485996 2.772582 -2.883245 1.690641 -7.320421 0.570349 9.822739 3.246717 -1.962350 2.382470 5.970648 3.190150 11.707202 7.127309 -0.804132 16.731038 6.029937 9.578229 -4.528650 13.826938 3.886228 23.384732 -12.290145 -25.863245 -12.427241 17.352386 -35.853995 -12.066020 -25.872193 -22.994547 -13.493677 13.411445 0.734735 2.999704 3.073904 -1.886913 13.947176 0.960652 4.974254 0.456178 -7.618004 -7.794271 5.035817 -14.628777 14.678403 -9.336274 -0.029152 -30.846201 3.003355 12.410172 -19.838979 11.145428 -28.463550 1.720918 -9.924994 28.029812 -8.592778 -0.372877 0.301615 5.932093 -1.519731 7.814286 31.094426 -3.895050 33.524805 -32.157944 -12.986949 31.637188 0.126512 5.045532 0.546330 -27.189709 -30.421104 17.465107 3.448835 2.934032 -4.215617 -14.168507 2.152833 18.518038 4.276301 5.736068 -0.769340 -5.847077 1.511036 -7.993363 -20.175756 -6.676552 -0.549024 -7.579639 -46.274082 2.259879 -7.306701 5.992985 -10.481853 16.283867 -38.684658 -13.994305 16.866946 -13.496672 10.525036 -13.041107 -16.377783 10.504077 -3.133735 1.671509 -2.978276 
-37.494328 105.990471 2.623067 16.451361 41.192768 15.345290 3.578995 13.003884 -0.236320 -9.443291 3.047828 -18.070638 2.472438 20.520910 4.974311 -6.339622 8.205765 -0.073364 2.656201 14.374621 2.570702 0.528341 0.364235 8.556801 3.616126 16.482376 2.778147 -2.242371 1.655789 -6.797666 0.573263 9.820354 3.250044 -1.603565 2.636222 5.868475 3.182188 11.702150 7.128495 -0.764691 16.813462 5.946744 9.579425 -4.539705 13.826812 4.979151 23.248922 -11.298334 -25.867521 -12.412208 17.356369 -35.798473 -12.621381 -25.962577 -22.993034 -13.495216 13.407066 0.474918 2.751843 3.156911 -1.891685 13.941967 0.956980 5.344752 0.589257 -7.924035 -7.798487 5.033666 -14.630877 14.384214 -9.741015 0.057510 -30.853065 3.003175 12.405268 -18.836953 11.576355 -27.070944 1.719068 -9.917635 28.026901 -8.747746 -0.242228 0.475921 5.937411 -1.518631 7.820742 30.908365 -4.528566 33.578566 -32.156773 -12.990780 31.633888 0.320679 4.422372 0.023016 -27.189760 -30.421434 17.468914 3.343626 2.526867 -4.021851 -14.169469 2.151007 18.515812 4.065649 5.935666 -0.601158 -5.849452 1.512770 -7.993926 -19.544849 -6.405498 -0.818212 -7.581875 -46.264362 2.260662 -7.292747 5.816612 -10.782288 16.285286 -38.685555 -13.992152 16.384382 -13.809551 10.460790 -13.049134 -16.381510 10.499266 -2.725716 1.834215 -2.648526 
-36.611553 106.170197 2.600318 16.728603 39.752606 15.208921 3.581184 13.007621 -0.231304 -9.450751 2.754408 -17.916182 2.471523 20.520672 4.971566 -6.080387 8.086209 -0.079446 2.658976 14.379061 2.569636 0.753684 0.382959 8.385437 3.612138 16.483076 2.779971 -2.125109 2.000665 -6.284832 0.573938 9.818757 3.248406 -1.239268 2.697648 5.771838 3.175887 11.700891 7.132518 -0.927476 17.052414 6.036581 9.583915 -4.541447 13.827264 5.619773 23.157114 -10.624064 -25.870443 -12.406399 17.361485 -35.448453 -12.810608 -26.058898 -22.988968 -13.495572 13.407202 0.371595 2.666342 3.191733 -1.898616 13.939980 0.952396 5.454296 0.445172 -8.217857 -7.798722 5.034209 -14.631614 14.123288 -9.981334 0.335419 -30.859501 2.999585 12.404392 -18.172584 11.892123 -26.517105 1.720757 -9.912656 28.025152 -8.717067 -0.297963 0.381037 5.938932 -1.517836 7.822630 30.783239 -5.062548 33.850213 -32.155365 -12.992952 31.633669 0.151812 4.313965 -0.534113 -27.186539 -30.419403 17.470488 3.004655 2.410375 -3.984175 -14.166026 2.148140 18.512144 4.018745 5.956613 -0.798261 -5.845004 1.507582 -7.992160 -19.171513 -6.183965 -1.211526 -7.583542 -46.263451 2.258287 -7.547103 5.427657 -11.190382 16.284479 -38.685829 -13.990655 16.116021 -13.705896 10.475076 -13.055076 -16.380709 10.501051 -2.519170 2.051703 -2.637901 
-36.446323 106.375519 2.760375 17.094068 39.073750 14.836662 3.581665 13.005974 -0.230019 -9.710757 2.766127 -18.026773 2.475863 20.516163 4.973167 -6.174542 7.887714 -0.111919 2.658949 14.378741 2.569656 0.395062 0.195118 8.276406 3.612960 16.480919 2.781385 -2.117033 2.173290 -6.285318 0.570490 9.814820 3.246988 -1.180025 2.504303 5.801580 3.178373 11.698229 7.134955 -0.968478 16.887682 5.954603 9.581881 -4.540011 13.825341 5.671855 23.283995 -10.322374 -25.868492 -12.404747 17.363125 -35.710869 -13.289753 -25.805127 -22.987030 -13.495490 13.407122 0.183674 2.535318 2.987107 -1.896119 13.941794 0.948560 5.220585 0.199221 -8.403463 -7.797050 5.031083 -14.629491 13.678431 -10.176315 0.354377 -30.860262 3.005666 12.401313 -18.068705 12.030672 -26.470408 1.722916 -9.917279 28.027239 -8.651696 -0.254871 0.304914 5.940274 -1.516957 7.819671 31.009609 -5.544216 33.927025 -32.156628 -12.998295 31.630545 -0.131131 4.091540 -0.834436 -27.184435 -30.422791 17.469217 3.135867 2.223107 -3.606394 -14.167576 2.142702 18.511414 4.270534 5.665529 -0.429881 -5.839984 1.509400 -7.994785 -18.806415 -6.151238 -1.331611 -7.586299 -46.264671 2.260014 -8.037533 5.382041 -11.378390 16.277254 -38.682739 -13.992933 16.291343 -13.814052 10.528943 -13.053348 -16.382425 10.496823 -2.603959 1.955623 -2.293604 
-36.981750 106.570564 3.081154 17.546845 39.018835 14.883817 3.589929 13.010346 -0.229653 -10.015215 2.911078 -18.528056 2.476204 20.518953 4.970503 -6.373231 8.199520 -0.147141 2.658744 14.373943 2.569337 0.250962 0.168458 8.504214 3.618088 16.479177 2.780064 -2.245656 2.514854 -6.405757 0.573347 9.817535 3.241350 -1.380424 2.589702 5.924588 3.180762 11.697834 7.136378 -0.897850 17.246014 5.955914 9.579634 -4.532100 13.828505 5.370683 23.234145 -10.024097 -25.867645 -12.408275 17.352676 -35.483820 -12.989784 -25.658441 -22.992794 -13.497667 13.405311 0.254990 2.663168 3.085341 -1.892039 13.943049 0.952948 5.001547 -0.197489 -8.384734 -7.791445 5.031533 -14.627603 13.416373 -10.062428 0.301216 -30.856209 3.004658 12.406425 -18.873694 12.005490 -27.306282 1.723545 -9.918305 28.027243 -8.661936 -0.118442 0.263447 5.940914 -1.521952 7.816042 31.334456 -5.586001 34.579585 -32.155628 -13.000858 31.627689 -0.807537 3.917957 -0.887809 -27.180908 -30.426758 17.470476 3.370096 2.218521 -3.675986 -14.163870 2.143847 18.511950 4.285069 6.195333 -0.561407 -5.840053 1.506088 -7.995470 -19.011488 -6.573033 -1.461113 -7.588964 -46.268250 2.259911 -8.707783 5.349630 -11.710540 16.272436 -38.676231 -13.988987 16.613725 -13.675480 10.692540 -13.048706 -16.381565 10.499734 -2.584491 1.880222 -2.857677 
-38.136135 106.700623 3.583370 17.580900 40.170935 14.596437 3.587955 13.003067 -0.228091 -10.391668 3.143805 -18.885838 2.468252 20.520334 4.973805 -6.711870 8.720671 0.285575 2.656219 14.364551 2.570285 -0.210333 -0.128763 8.478937 3.619070 16.477196 2.776687 -2.481947 2.603031 -6.256792 0.575513 9.814888 3.243092 -1.833641 2.640024 6.100960 3.189874 11.696727 7.135710 -0.669212 17.367945 5.599653 9.571868 -4.525742 13.830588 4.410604 23.483626 -11.053063 -25.863562 -12.420702 17.342928 -35.154792 -13.187150 -25.469620 -22.989471 -13.491164 13.403342 0.770882 2.860347 3.060092 -1.893273 13.942644 0.955553 3.956958 -0.696446 -8.320373 -7.785872 5.027438 -14.623277 12.754466 -10.307898 0.626142 -30.852909 3.013575 12.405588 -19.931375 11.535632 -29.023810 1.724871 -9.919800 28.030331 -8.612077 -0.275203 0.112474 5.941591 -1.513680 7.816868 31.761551 -5.484150 34.989495 -32.153694 -12.995224 31.625397 -1.102727 4.077450 -0.731396 -27.178656 -30.430130 17.465481 3.586045 2.192634 -3.507887 -14.166569 2.137213 18.508093 3.883522 6.256651 -0.756199 -5.836729 1.507681 -7.999745 -19.077207 -6.840001 -1.416181 -7.586036 -46.270123 2.254354 -9.143746 5.398932 -11.739920 16.265081 -38.665024 -13.991048 16.983434 -13.692251 11.053265 -13.042155 -16.379805 10.501911 -2.872212 1.852533 -2.836640 
-39.816814 106.765854 4.362141 18.779776 41.586307 15.302882 3.590665 12.997214 -0.232691 -11.116242 3.621158 -19.829894 2.463451 20.519455 4.973088 -7.270155 9.371807 0.210566 2.659505 14.343324 2.576374 -1.451779 -0.643896 8.471752 3.627672 16.472481 2.775506 -3.012839 3.311466 -6.666156 0.578602 9.817735 3.234967 -2.973105 2.802559 6.481932 3.195428 11.705853 7.133865 -0.580277 17.191871 5.488026 9.568377 -4.509677 13.834134 3.575545 23.320919 -11.975272 -25.854765 -12.433002 17.322662 -35.904272 -12.565410 -25.054696 -22.996410 -13.491330 13.391202 1.218783 2.748559 2.795707 -1.889665 13.947045 0.959758 2.807273 -1.752642 -8.361997 -7.771643 5.022638 -14.606462 11.886710 -10.701339 0.744506 -30.844988 3.013514 12.409003 -21.585184 10.101454 -31.437097 1.734325 -9.924870 28.030922 -8.759266 0.030409 0.184711 5.938598 -1.516713 7.813015 32.183732 -6.305179 35.406440 -32.151806 -13.001132 31.620270 -1.320765 3.864681 -0.551571 -27.170855 -30.432158 17.464809 3.720110 2.297108 -3.649365 -14.168749 2.141258 18.499693 3.789987 6.424176 -0.519692 -5.839263 1.518235 -7.991017 -19.336470 -7.187960 -1.636367 -7.586719 -46.279198 2.251564 -9.278122 5.595316 -11.766772 16.249485 -38.648487 -13.992064 17.494367 -13.119696 11.206335 -13.027437 -16.380123 10.505881 -3.170847 1.700281 -2.690117 
-41.850647 106.743736 5.554260 19.743111 43.379419 15.967630 3.598293 12.985420 -0.222106 -12.507915 4.123419 -21.043741 2.451747 20.522264 4.975929 -7.535142 10.041166 0.408315 2.653240 14.325142 2.579070 -2.167386 -1.129874 8.286384 3.631015 16.467430 2.782159 -3.898995 3.633206 -7.199737 0.585865 9.825797 3.233778 -4.375709 2.911624 6.764610 3.205208 11.707304 7.132289 -0.397498 17.108878 4.599240 9.552963 -4.496079 13.844264 2.295481 22.819932 -12.751805 -25.857994 -12.445063 17.297195 -34.781485 -11.982822 -24.233084 -23.008335 -13.489008 13.384521 1.605344 3.151747 2.956171 -1.896602 13.960895 0.961163 1.251032 -2.813525 -8.699717 -7.756491 5.017512 -14.594660 10.542981 -11.766247 0.925437 -30.835348 3.013349 12.412375 -23.956253 7.678259 -34.897240 1.740604 -9.914780 28.038954 -8.033399 0.551154 0.291081 5.941764 -1.507901 7.799821 32.654264 -6.834032 36.019706 -32.143757 -13.000303 31.610540 -1.838270 3.700682 0.125732 -27.165594 -30.442642 17.474865 4.069850 1.941732 -3.678308 -14.166224 2.147209 18.498459 3.205598 7.168615 -0.727312 -5.844800 1.525313 -7.989034 -19.688273 -7.169668 -1.895023 -7.585698 -46.282757 2.231626 -8.621849 5.968108 -11.869949 16.225033 -38.632835 -13.992601 17.869459 -13.209962 11.738934 -13.018312 -16.381657 10.513057 -3.042871 1.401760 -2.999599 
-43.986561 106.619514 7.230032 23.005800 45.846289 17.784692 3.600486 12.974873 -0.209956 -13.884045 4.563579 -21.976917 2.449158 20.522882 4.981482 -8.208326 10.677245 0.543332 2.649553 14.304893 2.581658 -3.243054 -2.122894 8.237058 3.630566 16.458065 2.791867 -4.864708 4.069999 -7.569584 0.589521 9.837453 3.229471 -5.619565 2.320855 7.070665 3.214771 11.726788 7.130199 -0.139160 17.463047 3.534484 9.539757 -4.478838 13.858910 1.595299 22.712128 -13.074114 -25.865343 -12.458320 17.274130 -33.734940 -11.307921 -22.979178 -23.019604 -13.481428 13.376717 2.403054 3.594288 2.803534 -1.901972 13.965428 0.965529 -0.362208 -4.785158 -9.291261 -7.737644 5.013928 -14.580390 8.405624 -13.737005 1.318362 -30.824640 3.020026 12.415397 -26.317052 3.943449 -38.823670 1.749379 -9.909817 28.048101 -7.349657 0.954181 0.172010 5.950294 -1.497120 7.796401 33.228184 -8.300937 36.977937 -32.142750 -12.997945 31.595116 -1.489051 3.383950 1.059021 -27.161259 -30.453058 17.486406 3.788826 0.983232 -3.791025 -14.170421 2.147002 18.498693 2.180985 7.747897 -0.564178 -5.843054 1.538126 -7.985332 -19.785147 -7.694279 -2.907662 -7.595152 -46.301052 2.202431 -7.506964 5.836400 -11.942714 16.199263 -38.612461 -13.987663 18.290487 -13.413300 12.259898 -13.007984 -16.380190 10.518469 -3.185759 1.184765 -3.348725 
-45.840458 106.382019 9.260507 23.938334 48.408508 18.563775 3.597674 12.972563 -0.194522 -15.709741 4.693238 -22.954929 2.448377 20.529255 4.973967 -8.727831 11.724908 0.507480 2.645639 14.300085 2.586116 -4.055450 -2.802671 7.915804 3.631874 16.446074 2.804399 -6.705067 4.490541 -7.883165 0.585907 9.851637 3.228678 -6.856773 1.744953 8.006251 3.209767 11.744058 7.117607 -0.291484 17.955174 2.155315 9.539963 -4.455431 13.874182 1.464627 22.319615 -12.667244 -25.874193 -12.471405 17.260658 -32.928598 -10.443702 -20.920231 -23.028843 -13.475913 13.383758 2.993361 4.262792 3.132478 -1.911971 13.969162 0.963800 -0.740949 -6.623335 -10.983912 -7.726816 5.018125 -14.573206 6.100629 -16.597804 1.586989 -30.810591 3.020152 12.408934 -27.967910 -0.402398 -42.421782 1.755880 -9.903976 28.050842 -6.263644 1.993712 0.384212 5.966439 -1.474342 7.790553 33.764402 -9.843351 38.030527 -32.141426 -13.003543 31.579054 -1.607834 3.612698 1.608271 -27.165688 -30.472324 17.515347 3.710931 -0.272015 -3.763369 -14.185925 2.159044 18.492195 1.159111 8.141350 -0.298881 -5.847193 1.550050 -7.984308 -19.459525 -7.485471 -5.144915 -7.604369 -46.315712 2.174202 -5.748712 6.000365 -12.025291 16.170086 -38.593945 -13.983717 18.121445 -12.709471 12.034956 -13.004935 -16.382662 10.517590 -3.452227 1.014606 -3.546110 
-47.081642 106.018738 11.371030 26.809838 52.386506 20.159088 3.577415 12.970566 -0.185348 -16.450842 4.167415 -22.933547 2.452845 20.520809 4.974793 -8.270429 12.157892 0.619659 2.643137 14.302421 2.577240 -3.819497 -3.349422 7.340887 3.617636 16.446819 2.807634 -7.147266 4.149808 -7.948734 0.582425 9.872665 3.238708 -7.141206 1.349310 8.648737 3.206384 11.759946 7.095054 -1.041402 19.394245 0.778687 9.537918 -4.438113 13.882195 3.019872 22.382393 -11.387703 -25.884996 -12.481831 17.249338 -32.011130 -9.945039 -20.301769 -23.041422 -13.458568 13.383359 3.929030 4.732540 3.121284 -1.931592 13.960241 0.963302 -0.244955 -8.218262 -12.937002 -7.710340 5.032516 -14.583027 4.779022 -20.560615 1.680575 -30.799065 3.022485 12.394807 -28.415313 -4.410992 -44.404689 1.757300 -9.900573 28.048956 -4.681962 3.022808 0.656181 5.988760 -1.459055 7.797542 33.929965 -10.991051 38.840547 -32.139011 -13.007806 31.564968 -0.985959 3.757549 2.147359 -27.176317 -30.477737 17.537640 3.045510 -2.199392 -3.755784 -14.198221 2.162901 18.498373 -0.284009 8.461244 0.174028 -5.850180 1.558429 -7.982973 -18.401303 -7.326166 -7.207385 -7.605224 -46.329792 2.153807 -4.128677 5.814149 -12.044087 16.147463 -38.578442 -13.968655 18.004775 -13.345999 11.824646 -13.018627 -16.374887 10.515972 -4.018810 0.949650 -3.955897 
-47.649597 105.580444 13.304853 28.358469 56.990569 22.562140 3.564080 12.971599 -0.182933 -16.707111 4.131056 -22.793694 2.457048 20.519989 4.976236 -7.301599 12.642928 0.754265 2.647785 14.319674 2.569892 -3.562992 -3.674132 7.045061 3.614233 16.451414 2.802458 -6.966759 3.059737 -7.957727 0.579121 9.887547 3.258641 -6.971560 1.060582 9.169829 3.192950 11.767949 7.077268 -1.098713 20.457738 0.956221 9.539420 -4.424159 13.882174 4.571996 23.134587 -10.049390 -25.890825 -12.479057 17.256023 -32.235006 -10.300301 -20.455438 -23.041504 -13.454280 13.396994 4.539473 4.929996 2.802785 -1.944647 13.946863 0.961151 1.843431 -8.378445 -15.372695 -7.719509 5.047234 -14.599002 4.731725 -25.066400 0.799549 -30.784494 3.021901 12.379788 -28.334888 -7.203404 -44.567292 1.755465 -9.897676 28.043621 -3.669410 3.771994 0.938471 6.008724 -1.460786 7.801810 34.237887 -11.511492 39.107235 -32.143864 -13.003872 31.563583 0.077124 3.271381 2.996535 -27.192619 -30.476419 17.562351 2.072292 -3.161034 -4.005699 -14.208159 2.173098 18.508181 -0.455852 8.159557 0.695601 -5.856751 1.551889 -7.988523 -18.020310 -6.496008 -9.114583 -7.599767 -46.336140 2.153363 -2.852832 5.539570 -11.598397 16.148285 -38.576031 -13.968139 18.159409 -13.843390 11.671781 -13.031950 -16.368483 10.503140 -4.669420 0.760335 -4.188470 
-47.706203 105.125725 14.841516 29.540302 59.691837 23.573406 3.544773 12.979512 -0.177793 -16.596380 3.988610 -22.414973 2.467182 20.519762 4.982751 -6.311724 12.164507 0.711544 2.648874 14.330032 2.554998 -3.209937 -4.053512 6.905715 3.605211 16.455837 2.796558 -6.556520 1.661081 -8.180857 0.575251 9.897302 3.276956 -6.232735 1.087735 9.863895 3.188184 11.775511 7.061573 -1.107653 21.149360 1.055904 9.537410 -4.420567 13.874905 6.427707 23.682305 -8.085806 -25.897816 -12.475476 17.265070 -32.413797 -11.179994 -21.277499 -23.035999 -13.447593 13.406974 5.161641 5.100063 1.910388 -1.949795 13.933620 0.959389 3.757372 -8.258565 -17.351517 -7.721746 5.056127 -14.615456 5.500125 -28.843640 -0.828920 -30.779177 3.022738 12.375428 -27.675677 -8.584777 -43.436482 1.748021 -9.884291 28.039989 -3.049013 4.390163 1.073291 6.020709 -1.461843 7.805028 34.058824 -11.943583 39.329937 -32.142651 -13.003766 31.563381 1.171074 2.287551 3.887180 -27.201792 -30.468950 17.571724 1.728511 -4.127126 -4.393207 -14.210310 2.179312 18.522999 -0.176004 7.585439 1.086248 -5.859622 1.542310 -7.988330 -17.732156 -5.650929 -10.115234 -7.596227 -46.335636 2.163873 -2.211179 5.139842 -11.240135 16.153694 -38.575336 -13.965686 17.750019 -14.632002 12.117853 -13.049263 -16.365599 10.489512 -5.092310 0.430883 -4.142766 
-47.536785 104.788689 15.895118 27.993486 60.249911 23.487586 3.542358 12.981712 -0.172291 -16.401914 4.047498 -21.931345 2.468402 20.528015 4.988534 -5.350758 11.873463 0.652069 2.634910 14.341106 2.540323 -3.086271 -4.664999 6.787538 3.605861 16.464972 2.795296 -5.952437 0.383336 -8.561071 0.582032 9.903417 3.289440 -5.437723 0.839211 9.629520 3.187176 11.774099 7.053539 -1.441966 21.517268 1.376475 9.542217 -4.426743 13.865822 8.275146 24.419315 -5.968110 -25.905479 -12.473957 17.270052 -32.907746 -11.820935 -21.623016 -23.028194 -13.443526 13.421442 4.976506 5.950202 1.353308 -1.953821 13.933162 0.953925 5.198375 -8.140472 -18.307335 -7.729194 5.058993 -14.630266 6.812195 -31.695322 -2.241121 -30.778221 3.016203 12.370941 -27.204239 -9.651304 -42.265112 1.743399 -9.878206 28.030273 -2.711222 4.060013 1.062311 6.025289 -1.473444 7.806904 33.836894 -12.442590 39.162331 -32.141434 -12.999414 31.560009 2.191392 1.577508 5.200701 -27.207294 -30.469193 17.580847 1.478530 -4.162862 -4.433905 -14.209522 2.179556 18.533583 0.251532 6.938414 1.484375 -5.868677 1.528704 -7.990420 -17.460812 -5.203337 -10.297956 -7.595216 -46.340504 2.173374 -1.760609 5.277671 -10.960174 16.167198 -38.582485 -13.962144 17.486778 -15.192378 11.903059 -13.058117 -16.361895 10.481102 -5.208460 -0.136181 -4.135514 
-47.340130 104.583755 16.508205 28.100706 61.089007 23.244081 3.539166 12.988498 -0.173201 -16.634929 3.922317 -21.990093 2.473640 20.528622 4.990396 -4.752035 11.583439 0.620530 2.640556 14.347958 2.536215 -2.858627 -4.644456 6.668627 3.603864 16.470564 2.793066 -5.798786 -0.220746 -8.478832 0.583457 9.903821 3.296237 -5.533100 0.973396 9.588240 3.185019 11.775551 7.050694 -1.030324 21.855680 1.692327 9.540836 -4.426476 13.865549 8.988010 24.702311 -5.445661 -25.903715 -12.468543 17.282593 -33.608065 -12.265777 -21.523707 -23.023928 -13.446458 13.427046 5.097833 5.884868 1.137364 -1.952949 13.926548 0.948626 6.017054 -7.955727 -18.888794 -7.737544 5.061552 -14.633346 7.851800 -34.065319 -3.532379 -30.774498 3.018040 12.366768 -26.795073 -9.840084 -41.570939 1.737990 -9.871476 28.029327 -2.666468 4.267244 1.122890 6.033567 -1.472265 7.805614 33.713889 -12.685593 38.768946 -32.142693 -12.998577 31.557529 2.624541 0.689838 6.018034 -27.209482 -30.465143 17.584503 1.070120 -4.293334 -4.457095 -14.211993 2.185224 18.540499 0.691644 6.506882 1.402247 -5.871856 1.525595 -7.991682 -17.634886 -4.898088 -10.586002 -7.591134 -46.341446 2.182021 -1.145858 4.938939 -10.666486 16.171944 -38.587418 -13.970068 17.707240 -15.841656 12.009423 -13.060982 -16.365805 10.476547 -5.275144 -0.150026 -3.902671 
-47.231766 104.505188 16.805845 27.412268 61.058763 22.746753 3.537551 12.982559 -0.174758 -16.501414 4.010056 -21.833384 2.472020 20.530817 4.991646 -4.826885 11.252170 0.504732 2.638149 14.355698 2.533750 -2.579463 -4.972677 6.476639 3.602154 16.471087 2.791650 -5.738801 -0.404520 -8.647668 0.579030 9.901640 3.299305 -4.962871 0.914406 9.688689 3.182419 11.775386 7.044365 -1.251963 21.871886 1.750145 9.544305 -4.429973 13.859222 9.636754 24.712044 -4.719749 -25.907272 -12.469373 17.283318 -33.658288 -12.581658 -21.931276 -23.028605 -13.446594 13.429571 5.154732 5.930358 1.077648 -1.956039 13.927659 0.948498 6.759865 -7.822116 -19.386555 -7.741302 5.064989 -14.637311 8.403265 -34.323644 -4.051511 -30.774639 3.016708 12.368990 -26.607164 -9.929053 -41.296014 1.737745 -9.870689 28.031429 -2.681484 4.307231 1.032370 6.028636 -1.477584 7.807475 33.674615 -12.696179 38.959440 -32.147091 -13.000296 31.563347 2.970724 0.754621 6.067456 -27.214430 -30.465849 17.584459 1.254186 -4.207823 -4.432850 -14.207301 2.184161 18.539461 0.830597 6.197491 1.522306 -5.874312 1.515954 -7.993641 -17.404722 -4.739686 -10.689679 -7.589593 -46.342651 2.186026 -1.132166 4.855202 -10.788255 16.171640 -38.591873 -13.969007 17.453543 -15.934013 12.078839 -13.067963 -16.362478 10.474463 -5.230855 -0.232680 -3.913386 
-47.194378 104.541779 16.827324 28.259877 61.241252 23.523014 3.535100 12.989034 -0.174176 -16.493686 4.095010 -21.737349 2.471022 20.528374 4.993336 -4.770366 11.494054 0.456056 2.636894 14.349201 2.533195 -2.762146 -4.917730 6.677929 3.603786 16.473352 2.789867 -5.545758 -0.476337 -8.486217 0.584136 9.904572 3.299812 -5.031996 0.878226 9.516892 3.186091 11.775034 7.048168 -1.162831 21.877543 1.667781 9.544243 -4.424195 13.860431 9.698768 24.837477 -4.667914 -25.906092 -12.468231 17.280140 -33.489667 -12.740147 -21.978755 -23.026573 -13.445977 13.426658 5.017397 6.004157 0.745718 -1.952576 13.927485 0.948766 6.626240 -8.232706 -19.351529 -7.741002 5.064928 -14.639201 8.296168 -34.439538 -4.108442 -30.775206 3.020261 12.366879 -26.609107 -9.772151 -41.180218 1.743471 -9.872560 28.032873 -2.200919 4.187834 0.951747 6.028989 -1.480069 7.808495 33.751718 -12.750811 38.841438 -32.144169 -12.997355 31.552832 2.802392 0.736348 6.050743 -27.213055 -30.465057 17.587807 1.105695 -4.419306 -4.409928 -14.209428 2.177784 18.544626 0.691871 6.252967 1.490387 -5.873468 1.518631 -7.992686 -17.546766 -4.517093 -10.650180 -7.591198 -46.346081 2.187593 -1.107994 4.959172 -10.572268 16.179306 -38.593239 -13.968201 17.318474 -15.876379 12.154895 -13.067341 -16.363804 10.470385 -5.437906 -0.308499 -3.959873 
-47.189503 104.697266 16.631832 27.620033 60.560282 23.021463 3.534831 12.985026 -0.174521 -16.726974 3.951468 -21.776658 2.468655 20.528761 4.991235 -5.134903 11.205501 0.437564 2.637494 14.352287 2.536499 -2.642458 -4.914477 6.479600 3.602833 16.473892 2.794277 -5.586914 -0.113184 -8.505961 0.579666 9.903935 3.298049 -4.948478 0.889117 9.601310 3.185944 11.774545 7.047914 -1.234023 21.935663 1.591081 9.543812 -4.426580 13.864955 9.351400 24.556468 -4.799064 -25.910341 -12.469067 17.276840 -33.226534 -12.463020 -21.783449 -23.028204 -13.445076 13.421961 5.145129 5.935565 1.088018 -1.958738 13.927035 0.949892 6.272556 -8.171628 -19.402334 -7.736742 5.067490 -14.634786 7.495040 -33.988684 -3.226411 -30.777891 3.019788 12.368156 -26.704003 -9.641870 -41.651194 1.742081 -9.871597 28.032213 -2.589993 4.115332 0.868842 6.030240 -1.476377 7.806980 33.926226 -12.691451 39.119085 -32.145279 -12.995627 31.558378 2.689313 0.946721 6.046427 -27.208479 -30.469500 17.587984 1.094961 -4.439357 -4.491295 -14.209304 2.180469 18.537649 0.687944 6.353273 1.321152 -5.873635 1.520920 -7.994424 -17.436974 -4.634965 -10.717391 -7.592586 -46.344227 2.182674 -1.137120 4.795441 -11.050625 16.177723 -38.588673 -13.968941 17.486958 -16.052488 12.072713 -13.065375 -16.361441 10.477195 -5.211068 -0.095068 -3.939190 
-47.119762 104.922676 16.183359 27.861168 59.894052 23.085414 3.541480 12.984698 -0.173486 -16.671542 3.808153 -21.832129 2.465618 20.522396 4.990352 -5.096642 11.537238 0.704931 2.642576 14.344543 2.539321 -2.797600 -4.623829 6.728263 3.604622 16.470932 2.793205 -5.748920 0.649788 -8.151360 0.585204 9.903179 3.289811 -5.390375 1.004035 9.849531 3.183441 11.771673 7.053365 -1.302809 22.004597 1.581955 9.544858 -4.426661 13.872115 8.304587 24.407915 -5.838791 -25.904690 -12.472590 17.273340 -33.424043 -12.264851 -21.648524 -23.029169 -13.444599 13.416476 5.178371 5.471090 1.359606 -1.956191 13.927592 0.950524 5.203641 -8.488825 -18.610515 -7.730534 5.061029 -14.628308 6.739188 -32.935732 -2.568104 -30.784712 3.017133 12.373720 -26.917417 -9.219353 -42.154196 1.741405 -9.873978 28.031553 -2.807720 4.038813 0.963564 6.027517 -1.473582 7.803508 33.775777 -12.766925 39.251588 -32.143528 -12.999291 31.559772 2.261987 0.973855 5.331815 -27.206528 -30.471189 17.577047 1.069525 -4.508705 -4.385312 -14.210979 2.179890 18.533592 0.386186 6.711577 1.222748 -5.867828 1.527408 -7.989091 -17.358205 -4.938894 -10.309821 -7.589725 -46.337376 2.178860 -1.986650 4.902551 -11.223756 16.169764 -38.582157 -13.968140 17.631942 -15.396308 12.073083 -13.060964 -16.365376 10.479306 -5.283583 0.050751 -4.032548 
-46.887314 105.228065 15.383156 27.230304 57.784070 22.142389 3.547631 12.982728 -0.175026 -16.904317 3.630813 -22.161688 2.466903 20.518991 4.980598 -5.943470 11.920920 0.817625 2.641818 14.335059 2.551239 -3.137615 -4.417214 6.827747 3.605474 16.460928 2.794623 -5.929773 1.390685 -7.631482 0.581207 9.892049 3.276955 -5.853149 1.062495 9.588404 3.188571 11.770891 7.060658 -1.350734 21.497404 1.464310 9.543541 -4.425247 13.871802 7.596246 24.061489 -6.884248 -25.899246 -12.470098 17.264769 -33.341101 -11.710692 -21.326697 -23.031900 -13.448102 13.412526 4.946028 5.263333 1.527456 -1.950777 13.927891 0.950619 4.225115 -9.177249 -17.603266 -7.724405 5.058472 -14.614748 6.170875 -30.900988 -1.583803 -30.782621 3.024015 12.371412 -27.349993 -8.300983 -42.652660 1.743673 -9.884194 28.033035 -3.315113 4.070632 0.815394 6.020972 -1.467406 7.802205 34.006576 -12.813958 39.238959 -32.140205 -13.001318 31.563549 1.364874 1.585071 4.774704 -27.203194 -30.473499 17.568708 1.467315 -4.751668 -4.376739 -14.213725 2.175585 18.523048 0.231021 7.321572 1.217746 -5.863608 1.535403 -7.987366 -17.462692 -5.574867 -10.247010 -7.595464 -46.335018 2.172539 -2.173606 5.069340 -11.478351 16.159716 -38.584061 -13.963447 18.042655 -14.873048 11.909192 -13.047989 -16.367085 10.484864 -5.142112 0.363192 -3.909307 
-46.343315 105.605309 14.091267 25.718000 54.658353 20.884044 3.555065 12.977685 -0.180925 -16.777692 3.917349 -22.275422 2.463887 20.514647 4.974098 -6.914022 11.877459 0.752123 2.645225 14.323025 2.565661 -3.436638 -4.164876 6.775218 3.614882 16.450975 2.796372 -6.164155 2.815271 -7.124193 0.582087 9.883919 3.263058 -6.226059 0.973389 9.290288 3.190702 11.773595 7.076605 -1.508817 20.795061 1.382121 9.541422 -4.428109 13.878491 5.949954 23.642188 -8.580026 -25.891945 -12.472175 17.257656 -32.993850 -10.866357 -21.112941 -23.035477 -13.449791 13.400623 4.565863 4.984046 2.076834 -1.947041 13.940564 0.955687 2.706214 -9.411169 -15.995774 -7.719318 5.053576 -14.601865 4.839150 -27.597355 0.228015 -30.793802 3.027906 12.379106 -27.355444 -7.234390 -43.512205 1.758891 -9.894418 28.044214 -3.697101 3.759363 0.700796 6.008471 -1.461955 7.807554 34.179076 -12.418151 39.101846 -32.136314 -13.002151 31.556753 0.745745 2.085425 3.599359 -27.192871 -30.471481 17.557055 1.710296 -3.773092 -3.977145 -14.206423 2.169516 18.507999 -0.240389 8.228509 1.251047 -5.862442 1.546218 -7.981317 -17.644433 -6.122955 -9.860883 -7.600106 -46.330917 2.164048 -2.642661 5.353048 -11.914719 16.155130 -38.573166 -13.962470 17.788145 -14.252142 11.692766 -13.036947 -16.365561 10.495185 -4.838409 0.650390 -4.044847 
-45.326820 106.021439 12.185897 24.792673 48.350701 18.763173 3.575840 12.974046 -0.182709 -16.935027 3.646586 -22.878238 2.455580 20.517517 4.976400 -8.086923 11.940709 0.750050 2.646948 14.303423 2.583835 -3.748092 -3.751891 7.225605 3.617496 16.446682 2.800713 -6.518033 4.202446 -6.553978 0.583783 9.867032 3.239674 -7.249187 1.016677 8.668839 3.202147 11.760247 7.100366 -1.071702 19.798514 1.425151 9.539897 -4.438412 13.883029 4.297992 22.492684 -10.040954 -25.877428 -12.469796 17.247305 -32.996292 -10.766383 -20.729064 -23.037327 -13.459255 13.389813 3.969036 4.436461 2.482219 -1.933442 13.953116 0.955535 0.656807 -9.246424 -13.439873 -7.716708 5.035910 -14.581246 5.019612 -22.659040 1.059950 -30.798422 3.028539 12.390701 -27.561432 -4.498162 -43.399712 1.758669 -9.899883 28.043259 -4.560154 3.097842 0.670010 5.991775 -1.465026 7.796247 34.052328 -11.814544 38.820125 -32.138718 -13.011518 31.557018 -0.771047 2.633768 2.464417 -27.176298 -30.481276 17.532022 2.423908 -2.958128 -3.802340 -14.200117 2.163182 18.495171 -0.211170 8.955222 0.259999 -5.853018 1.553798 -7.975443 -18.134427 -7.069900 -8.574033 -7.612428 -46.316586 2.162647 -3.520964 5.616850 -12.387660 16.150530 -38.580536 -13.966452 17.531340 -13.455730 12.024649 -13.016307 -16.371929 10.507820 -4.101900 1.028611 -3.791455 
-43.649590 106.379555 9.759878 23.458887 42.505193 17.297483 3.598007 12.968699 -0.194058 -16.038384 4.064574 -22.748638 2.447650 20.523281 4.974741 -8.379267 11.162238 0.629267 2.643845 14.292972 2.590529 -3.837938 -3.293040 7.166466 3.631696 16.447208 2.802372 -6.232213 5.041927 -6.655599 0.585258 9.847534 3.225768 -7.200647 1.199822 7.594451 3.207322 11.744554 7.124288 -0.716228 18.245197 2.533299 9.541891 -4.458308 13.874138 3.238710 21.962779 -10.660365 -25.862803 -12.459584 17.259453 -33.665511 -10.676258 -21.137636 -23.028849 -13.475596 13.380425 2.748555 4.096736 2.815480 -1.918869 13.967819 0.959955 -0.277205 -8.004125 -11.051364 -7.729507 5.018181 -14.566422 6.570689 -17.852786 1.206679 -30.814819 3.020848 12.412797 -26.800018 0.016624 -40.963558 1.759202 -9.901274 28.043749 -5.787524 1.960553 0.436826 5.963267 -1.482046 7.781696 33.353702 -10.718570 37.896024 -32.141312 -13.015065 31.571829 -1.893760 2.707131 1.510244 -27.161118 -30.472599 17.502895 3.288977 -1.029380 -3.666107 -14.186652 2.162012 18.487785 1.011459 9.074926 -0.461182 -5.850624 1.546000 -7.976396 -18.893956 -7.546590 -6.269849 -7.609041 -46.298206 2.182437 -4.879160 5.528001 -12.458233 16.167393 -38.603199 -13.982196 17.307191 -12.796643 12.237584 -13.001709 -16.380589 10.516351 -3.082908 1.141959 -3.144453 
-41.328091 106.587128 7.154108 22.068816 39.271436 16.191693 3.604165 12.982763 -0.209093 -13.859728 4.163460 -21.971742 2.449647 20.522831 4.980417 -8.019511 9.700331 0.354027 2.644886 14.301670 2.587072 -2.583644 -2.115264 7.716960 3.630738 16.463675 2.796613 -5.143576 4.552574 -6.631283 0.584292 9.826724 3.220548 -5.488915 1.844996 6.489925 3.210730 11.712939 7.142609 0.024664 17.340979 4.038204 9.547268 -4.483793 13.859091 3.309735 21.810027 -10.799970 -25.854420 -12.443667 17.281231 -34.142688 -12.010212 -23.013790 -23.013248 -13.481457 13.383544 1.892455 3.364559 2.500050 -1.898161 13.964581 0.959280 0.179524 -4.983351 -9.340892 -7.749846 5.013847 -14.575674 9.174738 -13.848508 0.955956 -30.831341 3.014838 12.414807 -24.542763 5.257480 -36.348716 1.744195 -9.901360 28.039936 -7.156108 0.927566 0.358492 5.945899 -1.505112 7.779519 32.883912 -8.509395 36.714111 -32.145523 -13.012663 31.592442 -2.193269 2.926428 0.289808 -27.158566 -30.459763 17.475863 3.689339 0.908240 -3.701967 -14.170359 2.151765 18.491653 2.370444 8.238129 -1.353064 -5.842391 1.532622 -7.981702 -19.197543 -7.386827 -3.904010 -7.602479 -46.275734 2.213457 -6.534536 5.345639 -12.301224 16.204441 -38.628895 -13.994497 17.182473 -12.927379 12.622788 -13.005816 -16.385145 10.513252 -2.544207 1.301933 -2.748723 
-38.641548 106.653694 4.912307 19.764705 38.715254 15.566749 3.599514 13.002114 -0.222234 -11.906430 3.489958 -20.286719 2.462774 20.519951 4.981231 -7.100746 8.723892 0.234565 2.652034 14.332098 2.577487 -1.297731 -0.780368 8.114498 3.625790 16.475864 2.781196 -3.283661 3.744508 -6.133648 0.577854 9.817465 3.234339 -3.618680 2.061757 6.117705 3.198367 11.701402 7.146372 -0.288417 16.979900 5.433215 9.567921 -4.504949 13.837592 4.527730 22.101551 -10.537913 -25.853382 -12.430535 17.320354 -35.109443 -12.780571 -24.454531 -22.993591 -13.491531 13.397557 0.941665 3.026927 2.203466 -1.888799 13.953161 0.956614 2.525894 -2.440021 -8.477558 -7.774421 5.018563 -14.607784 11.891211 -11.223661 0.398487 -30.841276 3.012433 12.408040 -21.486103 9.638686 -30.838676 1.732433 -9.907761 28.030802 -7.938982 0.129888 0.481685 5.940072 -1.518859 7.796690 32.224197 -6.669023 35.439960 -32.148079 -13.004951 31.613234 -2.050671 3.820749 -0.472608 -27.167412 -30.439547 17.462029 3.511961 1.886126 -3.703074 -14.168004 2.143764 18.504908 3.840609 7.241857 -1.146598 -5.839463 1.516109 -7.992572 -18.993984 -6.749987 -2.399683 -7.595557 -46.260643 2.249782 -7.811944 5.407166 -12.069372 16.250534 -38.657200 -13.997437 16.455362 -13.540127 12.054176 -13.018338 -16.386175 10.501677 -2.713880 1.627940 -2.557660 
-36.016148 106.636307 3.443113 18.467069 37.530616 15.520954 3.586820 13.011199 -0.222977 -10.531324 2.990897 -18.596358 2.470957 20.519648 4.969746 -6.094490 7.940686 0.267332 2.658440 14.360534 2.573015 -0.156777 -0.135385 7.872733 3.615501 16.478495 2.781285 -2.284293 2.966987 -5.714201 0.573849 9.818244 3.241787 -2.027296 2.132922 5.565565 3.183114 11.697741 7.145111 -0.837131 17.167657 5.831135 9.584832 -4.529895 13.831150 6.336232 22.400075 -9.604235 -25.865999 -12.410095 17.348680 -35.268594 -13.164631 -25.351036 -22.986282 -13.499079 13.406229 0.489960 2.748997 2.702882 -1.896569 13.946001 0.954430 4.139878 -1.045479 -8.216192 -7.792537 5.025999 -14.627156 13.285404 -10.468636 0.330478 -30.852526 3.011017 12.405092 -18.594539 11.796203 -26.766079 1.724324 -9.908708 28.031467 -8.272754 -0.097336 0.180106 5.940350 -1.522880 7.809874 31.474027 -6.050385 34.550765 -32.155155 -13.004108 31.626453 -1.485821 3.965239 -1.165862 -27.177700 -30.426668 17.464518 3.366620 1.565213 -3.369552 -14.172652 2.142608 18.516239 4.119472 6.816542 -1.032864 -5.838109 1.506012 -7.996415 -18.367256 -6.444364 -1.904404 -7.590858 -46.264469 2.255069 -8.004445 4.960783 -11.787046 16.274950 -38.685089 -13.990737 15.953194 -14.025821 11.475906 -13.039974 -16.387207 10.496246 -2.400303 2.108390 -2.421139 
-33.731880 106.652649 2.636618 16.996383 35.505331 14.976848 3.582049 13.022604 -0.215226 -10.163925 2.323046 -18.159755 2.482486 20.520416 4.963708 -5.301615 7.352758 0.123647 2.666929 14.381129 2.574455 0.784261 0.163805 7.735548 3.604866 16.483358 2.787267 -1.563802 2.159820 -5.237125 0.573002 9.824812 3.244128 -1.223572 2.368444 5.471253 3.177502 11.695278 7.144944 -1.266021 17.469377 5.942008 9.589257 -4.545409 13.827793 7.745955 22.344865 -8.493774 -25.879129 -12.385299 17.368374 -35.030042 -13.766474 -26.089004 -22.981947 -13.503697 13.409184 -0.320675 2.396029 2.652108 -1.897904 13.943034 0.949041 5.433649 -0.351850 -8.419396 -7.809631 5.030688 -14.635713 14.182690 -10.475857 0.158679 -30.866045 3.004415 12.400082 -16.777805 12.777029 -24.137573 1.719031 -9.906158 28.024338 -8.306345 0.136598 0.318758 5.949736 -1.523039 7.813868 31.016108 -6.184032 33.999169 -32.155109 -13.004608 31.630533 -1.424343 3.520572 -1.755239 -27.185030 -30.422480 17.478302 3.074299 1.224596 -3.389387 -14.169734 2.148528 18.524340 4.171048 6.430463 -0.772402 -5.837118 1.504720 -7.996360 -17.941141 -5.804659 -2.642491 -7.596480 -46.266151 2.260881 -7.607910 4.727252 -11.488371 16.282375 -38.702526 -13.992054 15.533139 -14.236064 10.809140 -13.059108 -16.392544 10.498355 -2.197081 2.206926 -2.008182 
-31.977381 106.724953 2.249593 17.272309 33.438625 15.559833 3.578303 13.033553 -0.211817 -10.025811 2.107481 -17.613579 2.480787 20.517878 4.955728 -5.050210 6.665877 0.061285 2.672058 14.384572 2.573395 1.314648 0.354583 7.593287 3.601132 16.478891 2.793103 -1.315022 2.243948 -4.695936 0.566940 9.823316 3.247290 -0.708482 2.078009 5.074255 3.167447 11.696959 7.148958 -1.463352 17.275015 5.855021 9.594532 -4.563039 13.833179 8.623271 21.900305 -7.703436 -25.881792 -12.369920 17.379059 -35.155462 -14.144373 -26.100975 -22.984022 -13.498370 13.407709 -0.481559 2.214110 2.993060 -1.903451 13.942857 0.950155 5.850003 -0.036052 -8.370562 -7.810982 5.031481 -14.643755 14.495859 -10.954185 0.194392 -30.870974 3.006098 12.396427 -15.137388 12.980881 -22.298500 1.711350 -9.901605 28.020664 -8.042572 0.083736 0.244850 5.951947 -1.521472 7.819067 31.034737 -6.541135 34.088713 -32.156704 -13.009065 31.632828 -1.583811 3.140624 -2.899851 -27.185661 -30.423008 17.479769 2.886486 0.428651 -3.562116 -14.170786 2.148910 18.525414 4.054028 6.668826 -0.861960 -5.835199 1.506222 -7.992881 -17.369355 -5.245888 -2.883271 -7.598006 -46.262760 2.253856 -7.193192 4.295228 -11.590633 16.282755 -38.708366 -13.991887 15.168918 -14.605600 10.865258 -13.069094 -16.395773 10.491590 -1.913911 2.398095 -1.821318 
-30.775311 106.845108 2.101549 16.377545 32.131730 15.066632 3.569628 13.037535 -0.204960 -9.942058 1.858556 -17.594540 2.482697 20.518520 4.952084 -4.859525 6.127884 -0.142820 2.671827 14.388206 2.573853 1.199932 0.048200 7.143180 3.599313 16.476240 2.801248 -0.803654 1.973474 -4.505840 0.570499 9.825343 3.243664 -0.191560 2.406742 4.708877 3.166785 11.699205 7.151798 -1.572592 17.509830 5.494871 9.596451 -4.571127 13.834903 9.331011 21.725167 -7.163050 -25.889353 -12.358437 17.382265 -34.873901 -14.629531 -26.569793 -22.981937 -13.501043 13.413268 -0.712597 2.123586 2.883089 -1.906793 13.947206 0.948728 5.987844 -0.140347 -8.485823 -7.813080 5.029163 -14.647303 14.082452 -11.285005 0.364098 -30.878300 3.008545 12.398231 -14.065767 13.391732 -20.934916 1.711647 -9.899405 28.022730 -7.852075 -0.111923 0.364387 5.956514 -1.522126 7.822845 30.870082 -6.530739 33.771215 -32.157764 -13.010241 31.633915 -1.605825 2.421272 -3.138327 -27.180277 -30.425964 17.485355 3.106592 -0.017528 -3.298118 -14.172310 2.147512 18.526892 3.639206 6.786683 -1.085497 -5.838265 1.509775 -7.992384 -16.836440 -4.778671 -3.182655 -7.604426 -46.269325 2.252409 -7.135587 4.073638 -11.878541 16.288332 -38.707085 -13.994344 15.207305 -15.047141 10.444697 -13.073648 -16.396379 10.494699 -1.436024 2.521141 -1.579539 
-30.061710 106.973518 2.081102 16.673342 30.985618 15.575336 3.574497 13.040254 -0.203437 -10.282852 1.781782 -17.671929 2.482188 20.518257 4.949641 -4.929312 6.161388 -0.008361 2.673209 14.383804 2.573890 1.113529 0.288904 6.928768 3.597564 16.479990 2.799528 -0.868540 2.106967 -4.245661 0.568301 9.825293 3.244456 -0.233038 2.168475 4.688326 3.171320 11.696828 7.150325 -1.792826 17.841284 5.597969 9.597211 -4.573747 13.833838 9.578942 21.668053 -6.397359 -25.889542 -12.352751 17.380484 -34.671147 -14.538350 -26.581747 -22.981981 -13.501728 13.411132 -1.021755 2.199830 2.720497 -1.901646 13.942110 0.946849 6.158174 -0.281466 -8.352623 -7.814210 5.031466 -14.642270 14.514929 -11.479315 0.275011 -30.880438 3.005468 12.400006 -13.915786 13.416878 -20.370008 1.715529 -9.893201 28.019239 -7.601172 0.128391 0.468473 5.963254 -1.521349 7.821661 31.090987 -7.366087 34.132176 -32.156384 -13.012965 31.626532 -2.120688 2.344862 -3.636860 -27.178291 -30.421143 17.488232 3.042103 -0.464598 -3.694264 -14.169728 2.150213 18.527166 3.571798 6.943225 -1.171466 -5.836060 1.510704 -7.988140 -16.822281 -4.964420 -3.539300 -7.606101 -46.268738 2.247861 -7.212681 3.851074 -11.838620 16.281418 -38.710171 -13.991401 15.062883 -15.112574 10.547515 -13.072574 -16.398529 10.492763 -1.398144 2.255103 -1.627934 
-29.765955 107.083000 2.110349 16.763994 30.595190 15.483641 3.574926 13.044138 -0.201205 -10.360734 1.801387 -17.496628 2.484731 20.518299 4.947861 -4.863573 6.066553 -0.105949 2.674252 14.387801 2.571560 1.291237 0.261456 6.927332 3.593722 16.479765 2.799703 -0.613520 2.216435 -4.057143 0.568135 9.828793 3.244546 -0.282558 1.893941 4.497364 3.165525 11.697262 7.150576 -2.121824 17.661913 5.573165 9.597889 -4.574273 13.833547 9.987379 21.726241 -6.253133 -25.888634 -12.353459 17.381674 -35.133964 -14.692615 -26.274015 -22.982817 -13.501679 13.409485 -0.882494 2.236337 2.748799 -1.904956 13.946630 0.946799 6.211377 -0.411740 -8.510207 -7.817058 5.032499 -14.648507 14.457572 -11.648521 0.254222 -30.878141 3.007997 12.394645 -13.648970 13.579305 -20.124749 1.714303 -9.899352 28.016987 -7.636433 -0.008672 0.239347 5.960077 -1.524351 7.821859 31.250308 -7.536645 34.052386 -32.155048 -13.015834 31.630274 -2.264655 2.153372 -3.483966 -27.181187 -30.425920 17.491108 3.160974 -0.584617 -3.641120 -14.171185 2.145368 18.529043 4.042020 6.898372 -0.675774 -5.836252 1.510814 -7.988244 -16.492294 -4.729821 -3.672059 -7.606421 -46.270103 2.248192 -7.151808 3.761443 -11.678848 16.283236 -38.710705 -13.992039 15.145191 -15.194695 10.439829 -13.074997 -16.400326 10.490109 -1.443679 2.165559 -1.396461 
-29.828838 107.150047 2.168171 16.163525 30.485487 15.077231 3.575076 13.040801 -0.199641 -10.648559 1.794066 -17.856326 2.484323 20.519560 4.945502 -4.730293 6.034003 -0.016467 2.676594 14.390723 2.573267 1.264262 0.142107 6.718763 3.598019 16.475548 2.800083 -0.716720 2.222714 -4.088400 0.567239 9.821187 3.246669 -0.171019 2.102238 4.607522 3.168676 11.693813 7.154113 -1.923261 17.966661 5.550558 9.598185 -4.575749 13.832795 9.720834 21.685760 -6.575160 -25.890484 -12.352798 17.385220 -34.886793 -15.066916 -26.379703 -22.981756 -13.507283 13.411210 -1.193110 2.260646 2.836080 -1.903790 13.944199 0.945215 6.177879 -0.399422 -8.737795 -7.815370 5.030711 -14.643674 14.230832 -11.706770 0.386078 -30.878710 3.007806 12.397938 -13.739258 13.832106 -20.163692 1.715284 -9.897119 28.022581 -7.871148 0.289111 0.589797 5.962882 -1.522545 7.827056 31.183341 -7.491766 34.148589 -32.155727 -13.014213 31.627604 -2.448841 2.137491 -3.802005 -27.176233 -30.424263 17.487986 3.037680 -0.342827 -3.510105 -14.171204 2.150277 18.523746 3.990745 6.725982 -1.135046 -5.837566 1.509387 -7.990117 -16.559806 -4.807414 -3.822994 -7.601612 -46.271412 2.247908 -7.545691 3.675791 -11.641608 16.277935 -38.708328 -13.989683 15.367683 -15.091028 10.410398 -13.073562 -16.402212 10.491124 -1.504248 2.308204 -1.662120 
-30.264839 107.162476 2.242484 16.529437 31.051659 14.929141 3.575335 13.041146 -0.201329 -10.302866 1.919687 -17.744784 2.481877 20.520388 4.946311 -4.972633 6.365955 -0.012257 2.672681 14.387304 2.572611 0.930176 -0.049459 6.805393 3.598597 16.475882 2.799740 -0.815663 2.270928 -4.261448 0.572928 9.825836 3.241984 -0.263362 2.254073 4.630693 3.170906 11.695995 7.149450 -1.705406 17.648355 5.491884 9.601880 -4.570207 13.833494 9.933128 21.992903 -6.533934 -25.890522 -12.352393 17.380774 -35.106899 -14.884150 -26.468795 -22.979259 -13.506392 13.410195 -1.060641 2.211741 2.730439 -1.904541 13.942210 0.943487 6.081513 -0.591250 -8.624814 -7.813313 5.027035 -14.637903 13.936405 -11.990891 0.388747 -30.876690 3.009793 12.393754 -13.950696 13.577958 -20.745482 1.717284 -9.900762 28.021219 -7.599224 0.011149 0.137175 5.961205 -1.518191 7.819671 31.334644 -7.551715 34.021466 -32.159615 -13.011052 31.621849 -2.236146 2.211317 -3.517788 -27.174620 -30.424873 17.492538 2.893905 -0.370970 -3.359743 -14.170561 2.146249 18.527510 3.773436 6.792286 -0.975253 -5.837026 1.507493 -7.986626 -16.562124 -5.104278 -3.708689 -7.606895 -46.274750 2.250077 -7.619629 3.746273 -11.779924 16.278912 -38.708176 -13.992688 15.233076 -14.895946 10.467463 -13.072168 -16.395943 10.497888 -1.512588 2.337196 -1.640482 
-31.078800 107.126701 2.344837 16.887609 31.764580 15.055999 3.577181 13.034367 -0.208370 -10.253156 1.859487 -17.806315 2.486537 20.520199 4.953662 -4.850185 6.383307 0.004274 2.676678 14.386719 2.572557 1.028708 0.118297 7.178398 3.596852 16.475653 2.791233 -0.846465 2.492024 -4.017600 0.569344 9.824704 3.245292 -0.574813 2.242905 4.990018 3.170075 11.696407 7.150155 -1.817293 17.675923 5.607390 9.594030 -4.563455 13.831153 9.000250 21.932460 -7.118695 -25.886171 -12.365032 17.377947 -34.862457 -14.682250 -26.639327 -22.980864 -13.505530 13.410168 -0.621217 2.089430 2.673285 -1.905413 13.942342 0.945365 6.035591 -0.510579 -8.572938 -7.811941 5.032768 -14.644364 14.161409 -11.499458 0.488416 -30.877661 3.011272 12.399731 -14.612937 13.406843 -21.541800 1.716867 -9.901109 28.023939 -7.773883 0.375065 0.665881 5.958975 -1.523033 7.825517 31.108780 -7.203312 34.409868 -32.159000 -13.014028 31.631083 -2.130164 2.471576 -3.465443 -27.182198 -30.422024 17.484919 2.884813 0.240389 -3.439149 -14.168332 2.146539 18.528059 3.775271 6.806670 -0.754952 -5.833971 1.506731 -7.993455 -16.883690 -5.093129 -3.419830 -7.602636 -46.270119 2.254017 -7.870594 3.841644 -11.991638 16.279186 -38.707298 -13.992064 15.299059 -14.812563 10.816006 -13.069047 -16.393429 10.493306 -1.742406 2.386259 -1.726372 
-32.323624 107.042961 2.484561 16.925694 33.019115 14.888544 3.583665 13.033287 -0.212868 -10.255303 1.955488 -17.871475 2.484133 20.517862 4.955512 -5.235784 7.048649 -0.097604 2.676258 14.385769 2.574073 0.957188 0.157263 7.437275 3.603867 16.479748 2.791292 -1.050808 2.406345 -4.597966 0.568853 9.822559 3.243669 -0.743544 2.370698 5.142403 3.173905 11.692123 7.146972 -1.621924 17.709022 5.646513 9.592685 -4.558262 13.831647 8.438239 22.456199 -7.494936 -25.880714 -12.373061 17.372620 -35.212183 -14.251563 -26.216762 -22.988743 -13.505435 13.410344 -0.662765 2.299156 2.866940 -1.898676 13.941831 0.946245 5.704528 -0.331363 -8.292833 -7.809125 5.029320 -14.640711 14.070016 -11.058635 0.286236 -30.872608 3.007250 12.398849 -15.733252 13.290391 -22.810819 1.718314 -9.907175 28.025742 -8.146329 0.400901 0.369221 5.957108 -1.522595 7.821251 31.251650 -6.823988 34.630169 -32.158649 -13.009103 31.633846 -2.042860 2.900094 -2.990590 -27.184618 -30.425446 17.484499 3.075662 0.481630 -3.575832 -14.169530 2.145150 18.525150 4.003915 6.846857 -0.820047 -5.834416 1.508396 -7.994873 -17.357184 -5.753781 -3.294414 -7.598883 -46.272888 2.256918 -8.171910 4.286927 -11.602656 16.279808 -38.703815 -13.989127 15.821857 -14.683747 10.646503 -13.063840 -16.395271 10.492961 -2.015534 2.156264 -2.136116 
-33.995049 106.911316 2.687307 16.615077 35.364462 14.783193 3.581631 13.024315 -0.218414 -10.186089 2.085925 -18.176127 2.478554 20.521229 4.966366 -5.525755 7.506526 0.190566 2.672197 14.382046 2.573983 0.799064 0.341771 7.781517 3.607136 16.482399 2.782706 -1.144044 2.617309 -4.812922 0.569709 9.821246 3.242293 -1.151015 2.503420 5.378811 3.176282 11.694786 7.147297 -0.940240 17.650744 5.970382 9.588461 -4.549943 13.830038 7.427682 22.677796 -8.927418 -25.873892 -12.390197 17.363024 -35.127345 -13.990960 -26.126845 -22.986937 -13.501180 13.411764 -0.037105 2.297687 2.815590 -1.900656 13.942238 0.949343 5.376639 -0.276150 -8.438079 -7.804157 5.033445 -14.643756 13.486472 -10.628394 0.550284 -30.866802 3.008857 12.400652 -17.011689 13.058713 -24.664549 1.718372 -9.909520 28.030680 -8.419403 0.140414 0.331840 5.952706 -1.521083 7.825994 31.142500 -6.356730 34.679637 -32.158554 -13.006041 31.635586 -1.648587 3.159755 -2.022333 -27.188063 -30.428267 17.476999 3.147808 1.190067 -3.721273 -14.168639 2.140237 18.520933 4.018850 6.591955 -0.735520 -5.834277 1.503253 -8.001279 -17.941643 -5.876793 -2.466818 -7.594883 -46.269451 2.259582 -8.203625 4.438391 -11.752186 16.284967 -38.696831 -13.989518 16.041375 -14.479938 10.759794 -13.059727 -16.389248 10.497164 -2.067336 2.286073 -2.108015 
-36.060272 106.747757 2.960978 16.771738 37.951478 14.638730 3.583482 13.013722 -0.224842 -10.179454 2.434141 -18.237211 2.475026 20.520617 4.972997 -5.974188 8.197736 0.303544 2.665813 14.367907 2.570835 0.218077 0.332514 8.082933 3.616098 16.481693 2.778070 -1.591856 2.406795 -5.760977 0.571385 9.821733 3.243505 -1.890175 2.764874 5.790454 3.184180 11.695883 7.138270 -0.897595 17.644382 5.695529 9.582386 -4.537636 13.827948 6.093540 22.986814 -10.096139 -25.863495 -12.406685 17.350206 -35.598984 -13.643601 -25.958445 -22.992430 -13.495862 13.404252 0.503672 2.416076 2.881885 -1.896197 13.940857 0.950774 4.489134 -0.329932 -8.155963 -7.793509 5.028764 -14.637612 13.321998 -10.205037 0.248971 -30.862465 3.007674 12.400080 -18.190334 12.370582 -26.484127 1.719339 -9.913482 28.030037 -8.586275 0.009866 0.217568 5.946586 -1.519006 7.820655 31.297648 -5.609940 34.546697 -32.159760 -12.999985 31.631832 -1.505439 3.899015 -1.187419 -27.183619 -30.424728 17.469007 3.257849 1.633478 -3.713361 -14.166596 2.143275 18.514610 4.120192 6.492217 -0.745136 -5.837273 1.503805 -7.995191 -18.537296 -6.387841 -1.460519 -7.588482 -46.271515 2.258532 -8.717963 4.936502 -11.475354 16.277910 -38.689133 -13.990632 16.296444 -13.982867 11.149516 -13.053463 -16.385927 10.503935 -2.592896 1.968693 -2.446459 
-38.447006 106.566933 3.314204 17.754455 41.651313 15.254498 3.586155 13.006769 -0.235677 -10.075845 3.075933 -18.827743 2.473658 20.525715 4.977160 -6.461238 9.033128 0.284024 2.659370 14.360419 2.570087 -0.099425 0.037809 8.716027 3.619606 16.479374 2.773260 -2.389084 2.356682 -6.887250 0.574814 9.822963 3.239886 -2.103045 2.829100 6.201806 3.191786 11.699745 7.135319 -0.696348 17.240945 5.616880 9.575144 -4.525887 13.831659 4.370514 23.454902 -11.585225 -25.867205 -12.427052 17.340599 -35.414589 -12.755742 -25.815356 -22.995247 -13.489617 13.399927 0.929146 3.074864 2.875322 -1.894685 13.945532 0.959877 4.117608 -0.497058 -7.839640 -7.781604 5.026711 -14.631032 13.185319 -9.902038 0.317282 -30.855139 3.010893 12.410299 -20.071091 11.553314 -29.123623 1.721514 -9.921329 28.034744 -8.668523 0.096071 0.154381 5.938329 -1.518952 7.814141 31.561747 -4.969903 34.810069 -32.161041 -12.996076 31.629505 -0.929760 4.573160 -0.327263 -27.186073 -30.428091 17.465105 3.489959 2.526005 -3.552367 -14.163521 2.141531 18.514881 3.910031 6.339408 -0.611746 -5.841625 1.508467 -7.997633 -19.335477 -7.035849 -1.012843 -7.583677 -46.279575 2.260719 -8.987484 5.553138 -11.222469 16.273331 -38.676292 -13.992241 17.005822 -13.584384 11.319678 -13.046116 -16.377506 10.505997 -3.071147 1.675081 -2.892218 
-41.062428 106.340691 3.732433 18.688552 45.949367 17.037413 3.592348 12.997918 -0.236891 -10.457340 3.850307 -19.560132 2.463254 20.529497 4.983175 -7.243189 9.835107 0.402113 2.649512 14.347903 2.567251 -1.057494 -0.020898 8.915193 3.629930 16.482250 2.772093 -3.072377 2.196914 -8.057544 0.573168 9.829244 3.240634 -2.785786 2.675943 6.592645 3.202278 11.705679 7.129709 -0.486578 17.134491 5.714643 9.570127 -4.517179 13.831434 2.834937 23.689943 -13.130625 -25.858036 -12.438092 17.323675 -35.664584 -11.870800 -25.254850 -23.001890 -13.490504 13.397921 1.375455 3.062220 3.124237 -1.884023 13.950291 0.968267 3.312567 -0.341474 -7.733384 -7.773884 5.029798 -14.618986 12.978200 -9.495767 0.270192 -30.840366 3.003615 12.411845 -21.962533 10.360602 -31.365383 1.727788 -9.925555 28.033405 -8.661927 -0.177832 0.072335 5.937251 -1.519642 7.810241 31.802566 -4.742357 34.926790 -32.157310 -12.991179 31.629023 -0.739698 4.781269 0.796256 -27.176716 -30.427317 17.468206 3.919014 2.777641 -4.374628 -14.171368 2.146347 18.511923 4.067922 6.117514 -0.794971 -5.842948 1.515392 -7.993270 -20.400778 -7.482830 -0.318177 -7.583003 -46.288357 2.250896 -8.990706 6.045654 -10.636053 16.265417 -38.663700 -13.989264 17.646489 -13.237977 11.117690 -13.028638 -16.373739 10.511070 -3.280266 1.376030 -3.359973 
-43.739902 106.063133 4.192378 20.215936 50.384147 18.961543 3.588750 12.990054 -0.239017 -10.746893 4.123563 -20.278676 2.459356 20.531975 4.981725 -7.399103 10.545716 0.376430 2.647039 14.333408 2.565865 -1.843561 -0.394760 9.256741 3.630704 16.475609 2.771682 -3.363204 1.918192 -8.944952 0.579796 9.836948 3.244334 -3.510141 2.860453 6.516119 3.213706 11.709626 7.123399 -0.356291 16.954497 4.965592 9.555474 -4.507480 13.830988 0.987848 23.928162 -14.880580 -25.859255 -12.447771 17.309639 -35.195360 -11.003614 -24.947761 -22.999838 -13.484069 13.388279 1.640641 3.424176 3.111702 -1.887016 13.956947 0.971927 2.539612 -0.479647 -7.733831 -7.760818 5.023108 -14.612968 12.803558 -9.896685 0.599028 -30.833988 3.006095 12.414346 -23.250218 8.712632 -33.831358 1.730609 -9.932492 28.034826 -8.393105 -0.046210 0.137567 5.938220 -1.513090 7.812604 32.051021 -4.557627 34.662363 -32.154064 -12.982949 31.622217 -0.389308 4.991491 1.522117 -27.168018 -30.425972 17.473175 3.952741 3.145926 -4.637146 -14.171069 2.150563 18.512377 3.983889 5.825851 -0.722302 -5.849197 1.529009 -7.988062 -21.001838 -7.444694 0.088449 -7.576733 -46.300518 2.241239 -8.670730 6.789937 -9.993592 16.253464 -38.652557 -13.989537 18.392948 -13.219367 11.006995 -13.021558 -16.370533 10.513082 -3.914143 1.045076 -3.778321 
-46.292622 105.751305 4.658490 23.899344 56.206282 22.985320 3.587627 12.986768 -0.240059 -10.958749 4.184583 -20.704165 2.457044 20.533264 4.978593 -7.568628 11.365396 0.458641 2.650040 14.323137 2.562506 -2.304568 -0.631852 9.592892 3.629795 16.472034 2.773448 -3.773254 1.765752 -9.942782 0.577625 9.847939 3.244744 -3.699638 3.234292 6.832149 3.219204 11.720433 7.122718 -0.323047 17.220816 4.173311 9.545147 -4.498879 13.830959 -0.443712 23.666454 -16.209070 -25.863058 -12.452351 17.301420 -34.592552 -9.971450 -24.519875 -23.004423 -13.486980 13.383536 2.307376 3.373995 3.445658 -1.887282 13.969376 0.981688 2.274750 -0.253841 -7.794538 -7.751119 5.021084 -14.606050 12.758508 -10.007257 0.565453 -30.826033 3.005295 12.416693 -24.767781 7.058638 -36.118993 1.736582 -9.932137 28.038317 -8.068988 0.196599 -0.123124 5.941908 -1.507226 7.820344 32.288049 -4.391939 34.819519 -32.155979 -12.986204 31.619324 -0.099105 5.219002 1.891702 -27.160679 -30.420511 17.476280 4.042757 3.181075 -4.674075 -14.175856 2.150834 18.516426 3.615860 6.007024 -0.729627 -5.849838 1.537462 -7.986875 -21.638869 -7.723376 0.199321 -7.579360 -46.320049 2.225791 -8.403078 7.465566 -9.387753 16.235674 -38.642014 -13.986930 19.071020 -13.040221 10.728463 -13.017853 -16.366388 10.517555 -4.187467 1.079703 -4.424593 
-48.486530 105.406754 5.056006 30.105059 61.824318 29.377559 3.587228 12.982972 -0.235540 -10.714512 4.888082 -21.158138 2.456673 20.527164 4.976989 -7.685092 12.243715 0.453964 2.655572 14.313443 2.559174 -3.282520 -0.681016 9.920034 3.628589 16.462587 2.778129 -4.377595 1.508154 -10.996528 0.576720 9.860754 3.247511 -3.800005 3.571797 7.148289 3.213919 11.729676 7.115682 -0.514140 16.901085 3.869354 9.548478 -4.491831 13.820404 -1.263399 23.813560 -17.352145 -25.865183 -12.458088 17.296274 -34.354926 -9.073251 -23.887893 -23.002712 -13.485223 13.379815 2.415879 3.372152 3.563960 -1.887981 13.975505 0.988962 1.974099 -0.131713 -7.975848 -7.746207 5.020958 -14.606339 12.746428 -10.112414 0.347068 -30.818707 2.997608 12.415504 -25.733296 5.731012 -37.459356 1.739709 -9.934877 28.035860 -7.841445 0.084987 -0.229703 5.943593 -1.509348 7.818220 32.098156 -4.420101 34.771475 -32.156574 -12.991128 31.624025 0.288598 5.765718 2.534651 -27.159801 -30.413683 17.492592 4.416177 3.350905 -4.987822 -14.185155 2.157823 18.517637 3.629980 5.542856 -0.051112 -5.846920 1.543265 -7.984503 -21.972398 -7.553435 0.405787 -7.577157 -46.331612 2.214476 -8.348063 8.062818 -8.651356 16.225185 -38.635212 -13.981606 19.399896 -12.868698 10.533244 -13.015561 -16.364424 10.510777 -4.436783 0.426601 -4.484601 
-50.047688 105.088425 5.312716 34.423245 64.850331 33.487598 3.581111 12.988881 -0.237101 -10.798006 4.884001 -21.426334 2.452377 20.532661 4.976914 -7.791124 12.574946 0.240318 2.657289 14.310869 2.554850 -3.237706 -0.682131 9.834605 3.625824 16.463543 2.780774 -4.443158 1.475376 -11.601922 0.573224 9.867374 3.247745 -4.042677 3.693524 7.454892 3.211932 11.734091 7.116855 -0.657134 16.694014 3.463098 9.543278 -4.490504 13.822988 -1.866037 23.932189 -17.817663 -25.866005 -12.458711 17.294147 -33.668721 -8.252371 -23.263672 -23.003487 -13.485926 13.377384 2.630563 3.541270 4.177946 -1.893500 13.980078 0.993557 2.035692 0.165678 -8.456021 -7.740153 5.025726 -14.607202 12.676630 -10.273328 0.667879 -30.814503 2.992659 12.415092 -26.218275 4.324677 -38.490790 1.740888 -9.932959 28.035851 -7.575613 0.040587 -0.105907 5.945996 -1.508035 7.827485 31.946799 -4.533388 35.077400 -32.157616 -12.993031 31.623295 0.398460 5.888520 2.649190 -27.153549 -30.412037 17.499449 4.430906 3.754713 -5.249865 -14.188074 2.158883 18.518597 3.340374 5.255703 -0.197440 -5.853151 1.553012 -7.989775 -22.444338 -7.437737 0.438193 -7.579115 -46.340569 2.206387 -7.901675 8.627458 -8.237132 16.219330 -38.628098 -13.976289 19.553027 -12.663359 10.008625 -13.012141 -16.360012 10.507825 -4.413751 0.179023 -4.830922 
-50.716217 104.855545 5.344721 36.397976 65.886122 35.595172 3.578865 12.983232 -0.238190 -10.603035 4.972882 -21.348139 2.452961 20.524696 4.976370 -7.876455 12.507965 0.204121 2.662034 14.310848 2.558571 -3.284539 -0.460947 9.767836 3.624918 16.460476 2.784130 -4.702995 1.496144 -11.721237 0.565545 9.869225 3.247914 -3.827280 3.730910 7.594884 3.206537 11.740135 7.111549 -0.632449 17.002448 3.173918 9.546474 -4.492122 13.816871 -2.394720 23.610945 -18.410710 -25.865194 -12.454895 17.295755 -33.563645 -8.080487 -23.170556 -23.005320 -13.482772 13.372510 2.754599 3.129872 4.590622 -1.892026 13.980166 0.994682 2.429690 0.464328 -8.497637 -7.741015 5.026074 -14.602134 12.929844 -10.429522 0.507856 -30.809731 2.991460 12.413027 -26.178636 4.014973 -38.569358 1.740333 -9.930912 28.034246 -7.414871 0.114222 -0.012211 5.950718 -1.502031 7.833639 31.774825 -4.458978 34.937220 -32.159496 -12.996479 31.622875 0.852434 6.069420 2.469556 -27.151461 -30.408625 17.502394 4.182638 3.589686 -5.305905 -14.186037 2.162822 18.515856 3.196949 5.224337 -0.109294 -5.850204 1.552652 -7.986341 -22.665476 -7.282717 0.563718 -7.576420 -46.343094 2.196032 -7.556056 8.663403 -8.096061 16.209461 -38.625652 -13.974233 19.635824 -12.758493 9.781362 -13.016195 -16.355558 10.506888 -4.321715 0.373506 -4.948749 
-50.327770 104.774178 5.132398 34.597476 65.272163 34.376670 3.578681 12.990756 -0.239058 -10.185999 4.872907 -21.521817 2.453434 20.531279 4.975581 -7.968640 12.677424 0.269737 2.661636 14.313440 2.554256 -3.403694 -0.329104 10.019572 3.626957 16.465954 2.782033 -4.849365 1.200003 -11.792299 0.572211 9.869386 3.247383 -3.856896 3.737545 7.338683 3.211473 11.740762 7.115672 -0.599612 16.718522 3.631886 9.553447 -4.496895 13.821581 -2.157114 24.077308 -17.996526 -25.864914 -12.456955 17.301849 -33.976141 -7.885469 -23.479574 -23.005629 -13.490451 13.383807 2.470580 3.455472 4.104913 -1.885251 13.982337 0.991601 2.731209 0.665251 -8.043384 -7.744594 5.026706 -14.608679 13.810014 -10.050618 0.253178 -30.812647 2.991644 12.418870 -26.042710 4.443630 -38.041613 1.739417 -9.932184 28.033545 -7.560049 0.193324 -0.050143 5.947649 -1.507730 7.829536 31.595260 -4.349399 34.541004 -32.158237 -12.998057 31.627659 0.903952 5.818648 2.917738 -27.155891 -30.409128 17.502594 4.494121 3.769806 -5.659346 -14.188440 2.167211 18.520611 3.541683 5.170918 -0.163624 -5.854538 1.554304 -7.984624 -22.809707 -7.504269 0.369702 -7.576147 -46.344711 2.208689 -7.590813 8.844984 -7.828153 16.219135 -38.629139 -13.977839 19.389901 -12.775059 9.719937 -13.011366 -16.358751 10.506610 -4.306795 0.151516 -4.780484 
-48.863071 104.882904 4.724890 30.988742 62.067978 30.268465 3.577972 12.993363 -0.242564 -10.002818 4.655071 -20.924366 2.456601 20.531181 4.976383 -7.623724 12.208548 0.130136 2.657275 14.314898 2.554144 -3.209643 -0.311340 9.927436 3.625981 16.473055 2.779541 -4.331868 1.384724 -11.237789 0.572540 9.861136 3.248242 -3.464366 3.694647 7.104140 3.214197 11.736883 7.116754 -0.513389 16.439082 4.193991 9.550639 -4.498496 13.817063 -1.166209 24.058862 -17.375064 -25.862892 -12.455864 17.306683 -34.437267 -8.635288 -24.308467 -23.002781 -13.492539 13.384689 2.399907 3.064148 3.678328 -1.882545 13.977711 0.990101 2.984952 0.629958 -7.766415 -7.750051 5.024387 -14.610207 13.973776 -9.561782 0.142455 -30.821175 2.994535 12.417403 -25.224218 5.843987 -36.489476 1.741826 -9.932169 28.035364 -7.612559 -0.172504 -0.151266 5.941124 -1.510232 7.827120 31.595144 -3.969338 34.114681 -32.157764 -12.997820 31.633736 0.835507 5.798216 2.797501 -27.157431 -30.408787 17.488140 4.184991 3.977221 -5.687707 -14.184888 2.158349 18.520460 3.691198 5.293603 -0.208781 -5.851267 1.547031 -7.983897 -22.521203 -7.437092 0.706544 -7.579654 -46.336891 2.221135 -7.563751 8.611905 -8.001030 16.237791 -38.646244 -13.980116 18.811599 -12.811932 10.172852 -13.012978 -16.361046 10.507161 -4.393946 0.454298 -4.555752 
-46.492348 105.186470 4.227815 24.771539 57.689513 24.022462 3.578512 12.995138 -0.241737 -9.974337 4.446914 -20.810543 2.459066 20.543261 4.980361 -7.456500 11.537207 0.439423 2.650241 14.324050 2.556964 -2.509060 -0.320142 9.602382 3.627564 16.478394 2.774364 -3.918509 0.995828 -10.587673 0.575116 9.854833 3.246322 -3.745097 3.431070 6.754861 3.219670 11.724836 7.117773 -0.482449 16.771005 4.507245 9.553174 -4.503568 13.826097 -0.247962 24.081551 -16.529005 -25.861633 -12.451607 17.310301 -34.858407 -9.607908 -24.805056 -23.002615 -13.491666 13.391197 2.046985 3.482255 3.415526 -1.883500 13.968631 0.982789 3.137702 0.446882 -7.216823 -7.754736 5.025046 -14.613931 14.165759 -9.489196 0.213318 -30.824306 3.003065 12.415904 -24.109072 7.250236 -34.749810 1.731914 -9.929770 28.040476 -7.811877 -0.046039 0.067645 5.938997 -1.513055 7.819770 31.814721 -3.523432 33.871823 -32.163696 -12.985070 31.630783 0.557940 5.791738 2.614735 -27.166079 -30.414333 17.478735 4.041186 3.744497 -5.461335 -14.183130 2.159933 18.521738 3.892643 5.560018 -0.997988 -5.854493 1.541955 -7.981239 -22.165548 -7.581340 0.570969 -7.579251 -46.325447 2.230945 -7.520128 7.936822 -8.258951 16.251263 -38.652828 -13.988973 18.599841 -13.050588 10.719713 -13.015030 -16.365156 10.516034 -4.395033 0.962666 -4.280822 
-43.526333 105.616623 3.758490 20.344697 51.907163 19.491278 3.581836 12.999785 -0.242495 -9.993438 4.069478 -19.727815 2.463779 20.533413 4.981181 -6.850495 10.682961 0.531577 2.643882 14.336949 2.557706 -1.473253 -0.069729 9.080065 3.626976 16.481199 2.767375 -3.302322 1.571028 -9.447600 0.575312 9.841210 3.245577 -3.074491 2.986511 6.714681 3.212766 11.716319 7.121647 -0.627134 16.783069 5.205891 9.564522 -4.511505 13.828914 1.415516 23.798805 -15.107117 -25.862217 -12.448664 17.322374 -34.827968 -10.640654 -25.441364 -23.001661 -13.492741 13.398087 1.600350 3.354356 3.280310 -1.887650 13.958893 0.975442 3.601730 0.162227 -7.285674 -7.765134 5.026813 -14.625864 13.992536 -9.231836 0.011680 -30.837070 3.002459 12.418531 -22.626707 9.052320 -32.539646 1.732355 -9.927744 28.044847 -7.964808 -0.059199 -0.023702 5.936533 -1.514781 7.812298 31.557680 -3.363745 33.989729 -32.162468 -12.983661 31.635351 -0.030715 5.439107 1.858986 -27.177374 -30.420891 17.471914 4.069561 3.535248 -4.692778 -14.174808 2.154989 18.522161 3.820389 5.943129 -0.832665 -5.850457 1.523738 -7.987684 -21.477193 -7.362594 0.506677 -7.578100 -46.305809 2.245995 -8.049497 7.049550 -9.386662 16.266850 -38.665119 -13.992374 18.105310 -13.142379 11.014715 -13.025689 -16.369665 10.514232 -3.973011 1.285744 -4.036348 
-40.281811 106.105507 3.365478 17.612485 45.142308 16.663807 3.589901 13.002537 -0.240504 -10.165236 3.473078 -19.193598 2.470346 20.532021 4.981756 -6.846120 9.362098 0.593591 2.651336 14.353768 2.566791 -0.524346 0.002039 8.969646 3.628340 16.489042 2.772845 -2.639102 1.913601 -8.082436 0.578310 9.832164 3.247011 -2.813872 2.961212 5.981061 3.198125 11.705827 7.129321 -0.340068 17.221021 5.805587 9.573165 -4.523242 13.830374 3.362745 23.599844 -12.714113 -25.866367 -12.434384 17.335070 -35.278347 -11.533284 -25.786896 -23.003603 -13.493722 13.403610 1.281711 3.145399 2.985443 -1.891958 13.951900 0.968830 3.731499 -0.300503 -7.440291 -7.777439 5.026635 -14.632975 13.654671 -9.626188 0.129663 -30.854137 3.006079 12.413224 -21.005581 10.553169 -29.945452 1.725955 -9.920436 28.042788 -8.638208 -0.081087 0.010538 5.935743 -1.516020 7.810898 31.469796 -4.316278 33.972172 -32.164410 -12.989541 31.636288 -0.110837 4.957445 0.876603 -27.186377 -30.428253 17.462996 3.798049 2.692817 -4.047684 -14.171134 2.152999 18.518011 4.107126 6.505590 -1.045311 -5.850341 1.513244 -7.989828 -20.235194 -7.487942 0.191937 -7.576938 -46.290981 2.256842 -8.256344 6.227247 -10.458122 16.277811 -38.682724 -13.994845 17.394170 -13.416901 11.287184 -13.036128 -16.377478 10.510914 -3.446082 1.667525 -3.402071 
-36.977570 106.600555 3.055490 17.002620 40.062543 15.398950 3.588766 13.017048 -0.229832 -10.163288 2.688352 -18.621988 2.477862 20.530415 4.975913 -6.028582 8.595784 0.533525 2.662679 14.366010 2.569628 0.085459 0.107177 8.608511 3.621094 16.484940 2.774412 -1.909936 2.452110 -6.496327 0.572147 9.827624 3.240791 -2.220664 2.608232 5.787145 3.186242 11.698200 7.139783 -0.604327 17.552551 5.813948 9.586493 -4.529578 13.833119 5.550687 22.915112 -10.552529 -25.866798 -12.417481 17.347534 -35.403613 -12.728180 -25.652599 -22.993563 -13.501434 13.410955 0.730953 2.931691 2.755153 -1.892683 13.946842 0.959607 4.323479 -0.422462 -7.688767 -7.787972 5.029194 -14.644989 13.420495 -9.651447 0.202416 -30.859631 3.006441 12.407030 -18.908933 12.065184 -27.376290 1.719823 -9.915357 28.037226 -8.732703 0.206840 -0.022966 5.943562 -1.522596 7.816501 31.344059 -5.240419 34.550532 -32.163910 -12.999303 31.637493 -1.232329 4.394606 -0.518271 -27.187796 -30.427397 17.467369 3.520511 1.917748 -3.572657 -14.171580 2.146867 18.522272 4.240571 6.581680 -1.154938 -5.840709 1.503961 -7.994896 -19.061497 -7.014806 -1.112430 -7.588398 -46.278538 2.260102 -8.629866 5.350506 -11.231035 16.284170 -38.692951 -13.991927 16.721517 -13.752774 11.411289 -13.043439 -16.387236 10.507365 -2.787807 1.853212 -2.897914 
-33.678120 107.081200 2.805338 17.386605 34.936131 15.456380 3.583586 13.029660 -0.220832 -10.481875 2.161812 -18.297122 2.482852 20.525509 4.965513 -5.170646 7.727612 0.373968 2.673284 14.374805 2.574505 0.572740 0.317323 7.575645 3.610755 16.481087 2.784289 -1.348908 2.426301 -5.172043 0.573567 9.826028 3.240103 -1.549289 2.526942 5.393263 3.182943 11.695544 7.148649 -0.977254 18.030017 5.887407 9.586160 -4.548953 13.836081 7.458890 22.593467 -8.665886 -25.875202 -12.389989 17.359661 -35.104553 -13.760199 -26.015444 -22.991781 -13.501731 13.410369 -0.003547 2.467638 2.618994 -1.899592 13.944165 0.954025 4.800530 -0.762991 -7.876629 -7.800015 5.029543 -14.646929 13.631575 -10.649137 0.426784 -30.876263 3.011692 12.398249 -16.871783 12.984776 -24.177840 1.716684 -9.904831 28.034988 -8.161951 0.528527 0.264435 5.956550 -1.520513 7.818068 31.421732 -6.635582 34.867368 -32.166679 -13.008001 31.632568 -2.083363 3.317104 -2.146380 -27.190195 -30.430023 17.478109 3.164651 0.890352 -3.423989 -14.170406 2.144640 18.526363 3.925330 7.004814 -0.913844 -5.832928 1.507562 -7.998891 -17.727005 -6.383894 -2.392395 -7.593516 -46.281601 2.258042 -8.651155 4.247476 -11.615695 16.281439 -38.705444 -13.992519 15.986196 -14.519918 11.471096 -13.057440 -16.391205 10.501433 -2.251161 2.315921 -2.277681 
-30.392891 107.519020 2.579141 17.553625 30.199613 15.558814 3.579540 13.047118 -0.205266 -10.866365 1.709892 -18.490816 2.487923 20.529455 4.948869 -4.362658 6.668839 0.302363 2.683507 14.379839 2.577052 0.837765 -0.173212 6.905235 3.602517 16.474466 2.795041 -0.752482 2.586691 -4.125945 0.569449 9.829119 3.238549 -1.184346 2.378986 4.992713 3.179426 11.692977 7.160276 -1.686135 18.400186 5.402133 9.592444 -4.561979 13.844213 9.266642 21.591862 -6.756047 -25.885080 -12.361359 17.367535 -35.054710 -14.677621 -26.165065 -22.988146 -13.509269 13.412710 -0.626299 2.148841 2.435591 -1.900255 13.949463 0.947989 5.309174 -1.258480 -8.171545 -7.805667 5.022894 -14.651575 13.909393 -11.747399 0.362524 -30.885006 3.015214 12.398763 -14.405441 13.873579 -20.700111 1.715307 -9.896060 28.033413 -7.837658 0.914203 0.327391 5.965496 -1.526600 7.820208 31.617902 -7.866555 35.112910 -32.170151 -13.018971 31.631195 -3.491994 2.326957 -3.716064 -27.177919 -30.425716 17.485779 3.045687 -0.375972 -3.108997 -14.175192 2.147891 18.529099 3.818965 7.546286 -1.362087 -5.832970 1.508957 -7.992462 -16.345037 -5.595804 -3.482979 -7.608785 -46.288410 2.250592 -8.719345 3.581774 -11.890608 16.277832 -38.718529 -13.991345 15.542031 -15.138588 11.647117 -13.066315 -16.398388 10.501719 -1.811063 2.555764 -1.793466 
-27.078321 107.903160 2.365316 17.970853 27.372415 16.025453 3.573099 13.070205 -0.192233 -11.344832 1.384691 -18.634359 2.488104 20.533712 4.933763 -4.192629 6.084988 0.231799 2.687566 14.379224 2.574155 0.984699 -0.233103 6.364872 3.593078 16.475489 2.801364 0.136513 2.829444 -3.253522 0.572484 9.831796 3.246835 -0.713939 1.999797 4.076172 3.174434 11.697018 7.163775 -2.087027 18.620175 5.603360 9.604115 -4.574972 13.842987 11.780883 21.391975 -4.729144 -25.896576 -12.336604 17.385557 -34.956328 -15.671649 -26.480739 -22.978893 -13.512102 13.416253 -1.058152 2.189505 1.980428 -1.903518 13.949885 0.948843 5.860020 -1.650843 -8.474100 -7.815076 5.023033 -14.665333 14.177837 -12.815782 0.268955 -30.893021 3.027109 12.387187 -11.847735 14.490887 -17.125586 1.720406 -9.890059 28.031111 -7.074575 0.513707 -0.181141 5.971900 -1.528471 7.827339 32.124890 -8.965153 34.814195 -32.167900 -13.023665 31.620300 -4.297838 1.286910 -4.848710 -27.172310 -30.426855 17.497160 3.022011 -1.676574 -3.322802 -14.185616 2.142761 18.536295 3.917758 7.839218 -1.607306 -5.834944 1.513926 -7.982877 -15.098473 -4.956018 -4.314657 -7.622056 -46.288498 2.244424 -8.638088 2.844219 -11.899551 16.287348 -38.733936 -14.000772 15.459329 -15.752353 11.632071 -13.073601 -16.409519 10.498980 -1.431736 2.491337 -1.428019 
-23.756582 108.212074 2.160273 17.472659 24.909034 16.125771 3.574590 13.087273 -0.173660 -11.616524 1.056945 -19.064380 2.486620 20.547937 4.923712 -3.481689 5.225025 0.304244 2.677993 14.373339 2.568676 1.601365 -0.271724 5.706819 3.584474 16.481388 2.807676 0.514291 2.847088 -2.781977 0.574548 9.825480 3.248610 -0.323888 1.633831 3.707024 3.176381 11.690333 7.169816 -2.552528 19.262248 5.651863 9.601398 -4.586108 13.837160 12.712659 20.798341 -3.570205 -25.905087 -12.311294 17.393339 -35.670762 -17.017799 -25.798384 -22.964352 -13.508800 13.421716 -1.447321 1.899675 1.623090 -1.900166 13.946474 0.939184 6.686800 -2.286962 -8.626170 -7.824579 5.022023 -14.666968 15.054676 -14.082242 0.135354 -30.905956 3.031573 12.373128 -8.942626 14.985838 -12.933764 1.719409 -9.877270 28.025928 -6.524935 0.090504 -0.065521 5.985216 -1.528158 7.830369 32.509026 -9.422656 34.569520 -32.170685 -13.029097 31.609510 -5.453436 0.531355 -5.602184 -27.160904 -30.423338 17.496092 2.563948 -2.135160 -3.237227 -14.186117 2.140693 18.541327 4.162688 7.793787 -1.848528 -5.845430 1.511979 -7.972728 -14.253283 -4.598147 -4.812043 -7.637861 -46.287498 2.241624 -8.661107 2.327964 -11.990529 16.287949 -38.743645 -14.015413 14.913651 -16.052582 11.654584 -13.076275 -16.409941 10.505715 -1.037435 2.511026 -1.271721 
-20.494188 108.431564 1.966697 17.330020 23.990406 16.349352 3.572871 13.104616 -0.168660 -11.306525 0.752832 -19.050376 2.478323 20.552563 4.914037 -3.122327 4.922544 0.476235 2.680785 14.365737 2.566139 1.579221 -0.421010 5.621145 3.570408 16.482534 2.805050 1.205532 3.287823 -2.314638 0.572264 9.830463 3.252910 -0.320568 1.146825 3.546171 3.176086 11.690815 7.164169 -3.159779 20.207547 5.719847 9.606676 -4.590298 13.832143 13.746218 20.548100 -2.600689 -25.899864 -12.287936 17.396515 -36.547229 -17.798525 -26.506386 -22.953089 -13.504032 13.422341 -1.488088 1.772010 0.581844 -1.901983 13.943097 0.944679 7.302049 -2.690211 -8.611378 -7.832574 5.023109 -14.673764 15.756555 -15.463586 -0.608456 -30.909695 3.034863 12.363405 -6.287422 15.042744 -9.249402 1.725204 -9.874961 28.017702 -6.061684 -0.421208 -0.110247 5.987238 -1.532661 7.827909 32.461338 -9.941018 34.174698 -32.177837 -13.032086 31.597492 -6.357893 0.151714 -6.420831 -27.149458 -30.411430 17.501356 2.837958 -3.227652 -3.413418 -14.191839 2.135831 18.541090 3.797504 7.917612 -2.493901 -5.849326 1.514486 -7.957459 -13.457477 -4.633348 -5.135049 -7.650218 -46.273964 2.240614 -8.785802 1.700166 -12.048178 16.293884 -38.745049 -14.032704 15.089544 -16.489164 11.461798 -13.075922 -16.410788 10.515035 -0.605463 2.334845 -1.270046 
-17.408554 108.576279 1.762906 17.288341 23.063804 16.472135 3.561917 13.121180 -0.166442 -11.290596 0.501891 -19.327572 2.475555 20.558174 4.904272 -3.048388 4.098819 0.658456 2.680160 14.365786 2.566611 2.152124 -0.112951 5.866896 3.560271 16.491940 2.806399 1.568367 3.529277 -1.869442 0.566804 9.824232 3.258667 -0.220264 0.787519 3.410571 3.174557 11.691771 7.166937 -3.747564 20.666578 5.554503 9.616593 -4.596751 13.833858 14.451895 20.325661 -1.703844 -25.895182 -12.271031 17.400942 -37.834709 -19.208428 -26.965597 -22.950550 -13.506407 13.433143 -1.449688 1.641445 -0.187710 -1.901575 13.936962 0.935893 8.051366 -2.868757 -9.054810 -7.835974 5.023707 -14.680954 17.002146 -16.615128 -1.489596 -30.911606 3.042305 12.356999 -3.560967 14.457825 -5.148989 1.725054 -9.870777 28.012112 -5.806763 -0.605605 0.353568 5.985589 -1.544058 7.829126 32.789535 -10.076109 34.036619 -32.184273 -13.043086 31.595613 -7.409157 -0.527297 -7.114724 -27.145922 -30.412182 17.503826 3.019984 -4.102096 -3.812961 -14.198936 2.141407 18.542439 3.708687 7.538732 -2.738942 -5.856343 1.513705 -7.944948 -12.790704 -4.144357 -5.105921 -7.663545 -46.268227 2.239375 -8.946814 1.112477 -12.014565 16.300276 -38.749802 -14.054333 14.958312 -16.404581 11.402328 -13.075810 -16.410517 10.517943 -0.373069 2.194093 -1.302099 
-14.590137 108.626511 1.529350 16.726133 23.071100 17.033167 3.552078 13.130821 -0.159273 -10.900304 0.366866 -19.585086 2.469282 20.563766 4.903617 -2.908060 3.600559 0.717983 2.670411 14.362843 2.561212 2.459693 0.254456 6.445318 3.540732 16.501982 2.803537 1.569494 3.356115 -2.131200 0.572827 9.816577 3.268585 0.074525 0.103445 2.994047 3.172188 11.694271 7.163839 -4.215432 21.895846 5.671754 9.619407 -4.595905 13.825178 14.987045 20.440133 -0.880653 -25.894619 -12.261021 17.405001 -39.049267 -20.255187 -27.517738 -22.939199 -13.501107 13.435921 -1.439568 1.448984 -1.288807 -1.905604 13.926796 0.934138 8.653237 -3.172628 -9.479129 -7.830797 5.035288 -14.687005 18.370405 -17.678022 -1.882756 -30.917608 3.040065 12.344352 -0.963918 13.977446 -1.549969 1.727711 -9.861806 28.002045 -5.250841 -0.759414 0.850793 5.990361 -1.547062 7.831963 32.448115 -10.330966 34.051853 -32.187820 -13.043193 31.587311 -7.973752 -0.453003 -7.420047 -27.137884 -30.397360 17.502850 3.199984 -4.879768 -4.362471 -14.199784 2.139664 18.543274 3.838298 7.007594 -2.985208 -5.866158 1.514056 -7.929413 -12.112266 -4.077450 -4.701465 -7.670372 -46.258152 2.235477 -9.638655 0.585178 -12.384764 16.307255 -38.757187 -14.072750 14.056467 -16.248318 11.669614 -13.078643 -16.399721 10.522736 -0.380860 2.253483 -1.404958 
-12.125570 108.602791 1.261183 17.291879 23.519464 17.871279 3.540308 13.143351 -0.162028 -10.490018 0.537872 -19.789701 2.454198 20.566845 4.898056 -2.777800 3.942997 1.142429 2.668668 14.361984 2.569461 2.722247 0.625756 6.775894 3.528953 16.511276 2.806961 1.174374 2.916002 -2.164703 0.576848 9.813475 3.278367 0.399690 -0.316190 3.251609 3.171108 11.700994 7.156646 -4.317309 22.878173 5.964299 9.628461 -4.596661 13.821770 15.930843 21.050571 -0.650357 -25.883116 -12.254897 17.404743 -40.606834 -21.444376 -28.717254 -22.942513 -13.497978 13.444944 -1.404435 1.091193 -2.396311 -1.905806 13.923608 0.933391 8.824638 -3.365227 -9.797488 -7.833266 5.040561 -14.691461 19.903238 -18.978855 -2.651426 -30.914808 3.037070 12.338254 0.451050 13.313163 1.708671 1.736825 -9.857954 28.000719 -4.620319 -0.771862 1.575134 5.985100 -1.558061 7.832233 32.432358 -10.718979 33.849813 -32.199711 -13.045458 31.586233 -8.218744 -0.542407 -7.601852 -27.148420 -30.395638 17.508419 3.844859 -5.821430 -5.418768 -14.208884 2.148369 18.547600 3.597914 6.426657 -3.155700 -5.868168 1.517897 -7.919156 -12.141769 -4.116327 -4.561744 -7.680497 -46.263988 2.232336 -10.183362 0.462909 -12.620205 16.313654 -38.757263 -14.087094 13.736122 -16.109836 11.554389 -13.087309 -16.398764 10.524125 -0.517058 2.305045 -1.977281 
-10.036175 108.497665 0.969406 17.557271 24.085175 18.391234 3.524769 13.153369 -0.164706 -9.950179 0.333145 -19.706414 2.446758 20.569872 4.897593 -2.748545 3.909167 1.094848 2.664987 14.358819 2.565471 2.750419 0.937928 7.342756 3.523126 16.518608 2.806789 1.134037 2.358211 -2.722833 0.577676 9.812350 3.289544 0.409671 -0.462698 3.144755 3.165701 11.710229 7.153583 -5.110348 23.701590 5.630957 9.635585 -4.596057 13.818032 16.761465 21.606515 0.050106 -25.873970 -12.255570 17.406336 -42.730586 -22.323633 -28.741904 -22.939837 -13.489341 13.444942 -1.260030 1.141975 -3.204948 -1.912336 13.921692 0.931863 9.701783 -3.554427 -9.973278 -7.829098 5.042798 -14.697350 21.460944 -19.779374 -3.363322 -30.916986 3.033777 12.337237 2.422637 12.570811 4.211663 1.739234 -9.851336 27.994833 -4.288587 -1.183439 1.715634 5.982213 -1.565884 7.835216 32.194875 -10.866995 33.541372 -32.201748 -13.048326 31.585402 -8.497488 -0.314733 -7.351397 -27.146006 -30.382704 17.505404 3.766625 -6.337207 -5.727878 -14.207656 2.149939 18.550741 3.849019 5.750888 -3.028812 -5.879538 1.517401 -7.904573 -12.206095 -3.777730 -4.042860 -7.683916 -46.260456 2.236470 -10.661882 0.491643 -12.646435 16.325186 -38.758270 -14.099584 13.544981 -15.919947 11.613730 -13.091908 -16.387897 10.524237 -0.870157 2.130804 -2.082763 
-8.391224 108.337799 0.683232 17.961246 24.789378 19.269560 3.515168 13.153836 -0.169846 -9.448218 0.469510 -19.784633 2.440431 20.572315 4.898740 -2.788355 3.978634 1.129562 2.655905 14.363117 2.565411 3.198852 1.056853 7.772562 3.517790 16.521376 2.807441 0.902171 1.865416 -3.026278 0.578699 9.806591 3.297982 0.744818 -0.623179 3.135736 3.162790 11.715936 7.148010 -5.237001 24.335085 5.626900 9.637217 -4.592590 13.815298 17.131006 22.312041 -0.081772 -25.864746 -12.254207 17.405405 -44.371002 -23.405211 -29.203901 -22.943527 -13.485219 13.451955 -0.892569 0.695868 -3.810666 -1.917895 13.916873 0.929475 10.365629 -3.203975 -10.365026 -7.827104 5.049687 -14.695750 22.471877 -20.620298 -3.810917 -30.914648 3.030444 12.334063 3.228613 11.947345 6.022152 1.739746 -9.844334 27.992599 -4.141555 -1.234419 2.214605 5.980456 -1.571269 7.841076 31.906518 -11.169320 33.497765 -32.205929 -13.049608 31.585293 -8.357449 -0.081808 -7.150318 -27.148232 -30.375153 17.507597 3.651547 -6.233071 -6.483225 -14.206680 2.152418 18.553226 3.880494 5.103262 -3.102730 -5.885725 1.519558 -7.894886 -12.419955 -3.630322 -3.597883 -7.690773 -46.258301 2.236251 -10.866090 0.408765 -12.788593 16.327126 -38.761005 -14.110517 13.288518 -15.759854 11.799813 -13.096918 -16.376642 10.525549 -1.054595 2.307357 -2.603100 
-7.246138 108.132164 0.427311 18.179071 25.084850 19.794201 3.507786 13.160080 -0.169463 -9.212477 0.390760 -19.593895 2.439935 20.577217 4.897462 -2.822811 3.843518 1.136953 2.648396 14.362266 2.565706 3.213710 1.257526 7.853418 3.511021 16.527559 2.805743 0.583158 1.323385 -3.467674 0.582726 9.810035 3.299525 0.946684 -0.813073 3.353817 3.160723 11.716165 7.139870 -5.651172 24.711420 5.381704 9.640963 -4.592494 13.817341 17.346993 22.735874 -0.082735 -25.861383 -12.257790 17.404152 -45.524601 -23.813175 -28.906477 -22.947096 -13.476723 13.453159 -0.514598 0.590171 -4.314957 -1.918274 13.913435 0.924521 10.732031 -3.287303 -10.644642 -7.823245 5.056296 -14.691524 23.542653 -20.784209 -4.390499 -30.916527 3.027100 12.337594 3.867911 11.549794 6.938528 1.737882 -9.841910 27.988949 -3.748595 -1.248468 2.237418 5.981647 -1.574111 7.838579 31.583771 -11.175793 33.160285 -32.208206 -13.051627 31.582253 -8.097372 0.041040 -6.716217 -27.147001 -30.373032 17.507971 3.767764 -7.170294 -6.940401 -14.208222 2.151855 18.561483 3.917325 4.851673 -3.053581 -5.890054 1.521017 -7.882947 -12.605210 -3.299037 -3.277955 -7.691092 -46.265003 2.237503 -10.527595 0.494773 -12.785563 16.330675 -38.762798 -14.107879 13.061946 -15.592490 11.702034 -13.103784 -16.377300 10.527889 -1.149492 2.344894 -2.452982 
-6.623268 107.915062 0.243476 18.131456 25.563346 19.742517 3.503520 13.154870 -0.173099 -8.686273 0.440274 -19.280897 2.438244 20.575962 4.896184 -2.772601 3.878640 1.040910 2.646569 14.364107 2.565698 3.423090 1.308816 7.971700 3.513072 16.522715 2.809459 0.586099 1.273941 -3.941809 0.582840 9.811321 3.301277 1.118223 -0.750669 3.105043 3.153491 11.724804 7.134820 -5.726717 24.849251 5.138100 9.641135 -4.591697 13.812782 17.399297 22.807392 -0.469718 -25.854990 -12.257388 17.403545 -45.851142 -23.715884 -29.187014 -22.948492 -13.467340 13.456250 -0.437536 0.829066 -4.227273 -1.918251 13.912789 0.925802 10.917300 -3.093024 -10.534959 -7.819548 5.059109 -14.699003 23.805984 -20.735157 -4.731862 -30.913157 3.026747 12.335488 4.266169 11.292792 7.246715 1.737686 -9.839129 27.992308 -3.395062 -1.421524 2.383239 5.977961 -1.575257 7.842853 31.231262 -10.569251 33.008528 -32.205830 -13.048849 31.579605 -7.790299 0.277193 -6.595683 -27.144707 -30.366617 17.509104 3.858836 -7.121796 -7.019302 -14.205151 2.151428 18.555315 3.752844 4.681782 -3.134186 -5.896844 1.516994 -7.882402 -12.463914 -3.312856 -3.075823 -7.691776 -46.261055 2.236648 -10.277950 0.550248 -12.984599 16.332325 -38.756451 -14.114184 13.019406 -15.798735 11.515827 -13.106659 -16.372759 10.529216 -1.177786 2.265381 -2.721834 
-6.496771 107.722343 0.128810 18.220327 25.214612 19.759462 3.500040 13.151432 -0.170058 -8.700239 0.245686 -19.343770 2.438693 20.577400 4.897365 -2.569607 3.746812 1.028502 2.646621 14.368485 2.563240 3.276312 1.155993 7.777378 3.513156 16.519659 2.812252 0.424873 1.157679 -4.072791 0.581577 9.811544 3.303746 1.426517 -0.897607 3.043182 3.150807 11.727786 7.138857 -5.604082 24.470923 4.755672 9.635674 -4.589986 13.813075 17.175603 22.778344 -0.749199 -25.856136 -12.262442 17.404591 -45.361001 -23.831833 -29.004648 -22.953415 -13.471286 13.456570 -0.215726 0.979593 -4.429972 -1.921542 13.915258 0.928061 10.929771 -2.954880 -10.510924 -7.817599 5.054888 -14.699462 23.856616 -20.341133 -4.524466 -30.912489 3.028267 12.339257 4.148355 11.262856 7.308175 1.736716 -9.837725 27.992628 -3.197399 -1.680719 2.444195 5.977157 -1.574278 7.843256 31.214186 -10.250495 32.631782 -32.205105 -13.049136 31.587416 -7.531742 0.121490 -6.512512 -27.142694 -30.369570 17.513542 3.759117 -7.328095 -7.171230 -14.206136 2.148723 18.555584 3.710114 4.663953 -3.427513 -5.896985 1.522959 -7.880011 -12.477661 -2.885895 -3.092819 -7.692091 -46.259399 2.230027 -9.666850 0.420003 -12.605722 16.331923 -38.756767 -14.117072 12.713058 -15.865920 11.630328 -13.101904 -16.375837 10.529373 -1.273361 2.318423 -2.786312 
-6.707628 107.509392 0.049096 17.779146 25.547513 19.623487 3.501242 13.147655 -0.169566 -8.826503 0.670153 -19.171902 2.439955 20.578506 4.901776 -2.690895 3.792369 1.260799 2.643358 14.363453 2.568703 3.699381 1.199429 7.462323 3.511111 16.523695 2.807851 0.480698 1.204963 -4.118005 0.583154 9.812492 3.297827 1.131665 -0.954702 3.135670 3.154340 11.723839 7.137289 -5.366920 24.179428 4.994187 9.638795 -4.593601 13.809150 17.386151 22.572566 -1.065248 -25.856165 -12.258879 17.404442 -45.051918 -23.475811 -29.046947 -22.951637 -13.471559 13.455464 -0.411486 0.763709 -4.570797 -1.920769 13.909045 0.927413 10.609991 -2.767550 -10.356904 -7.817869 5.057310 -14.695857 24.093366 -19.909638 -4.583777 -30.910669 3.024138 12.340316 3.940899 11.026777 6.773108 1.739506 -9.841114 27.992533 -3.133067 -1.570115 2.430576 5.974018 -1.573501 7.835225 31.140338 -9.616793 32.145554 -32.205772 -13.045764 31.582644 -7.354681 0.266098 -6.173105 -27.149809 -30.373085 17.510239 4.274434 -7.592232 -6.907688 -14.205774 2.152480 18.560629 3.520813 4.628666 -3.167623 -5.897778 1.520395 -7.884988 -12.682959 -2.742270 -3.158069 -7.692064 -46.253098 2.228439 -8.960082 0.593330 -12.597214 16.328604 -38.763935 -14.116546 12.185933 -15.500747 11.423929 -13.110276 -16.382299 10.527752 -1.052023 2.114858 -2.642470 
-7.004039 107.271805 -0.030260 16.890146 25.399696 19.185947 3.502291 13.148346 -0.164098 -8.822219 0.843477 -18.939076 2.439401 20.575970 4.902482 -2.820649 3.342120 1.538080 2.641821 14.364668 2.561960 3.767602 1.278741 7.521966 3.511327 16.523779 2.804331 0.829077 1.534976 -3.977518 0.581454 9.818492 3.297200 0.919156 -1.122645 3.065843 3.152340 11.725267 7.139551 -5.593037 24.025602 4.641077 9.641459 -4.593402 13.814869 16.934805 22.142189 -1.493725 -25.859812 -12.257163 17.405594 -44.163225 -22.850710 -29.152047 -22.952898 -13.471210 13.454252 -0.202916 0.916751 -4.310403 -1.922222 13.909681 0.929313 10.755362 -2.538320 -10.505137 -7.816064 5.059334 -14.699918 23.662777 -19.584756 -4.756381 -30.909372 3.022776 12.345727 3.365956 11.105171 5.847999 1.736485 -9.845397 27.995445 -3.352305 -1.534981 2.307151 5.977449 -1.568667 7.835677 30.847668 -9.295421 31.809219 -32.204590 -13.045676 31.584337 -7.178911 0.404026 -6.100160 -27.149609 -30.373575 17.511208 4.262062 -7.455081 -6.962263 -14.207377 2.150593 18.559067 3.206370 4.933874 -3.258133 -5.896020 1.514535 -7.881137 -12.613466 -2.745314 -3.149833 -7.689302 -46.250816 2.227313 -8.231823 0.634417 -12.564033 16.326532 -38.759064 -14.113785 11.964806 -15.594649 11.369538 -13.107107 -16.385977 10.532509 -0.695721 2.189161 -2.640605 
-7.087513 106.988945 -0.167839 16.146820 25.460746 18.683714 3.506886 13.149473 -0.157794 -9.019198 1.010220 -18.859689 2.440924 20.575468 4.905602 -2.522162 3.279441 1.401759 2.638455 14.368010 2.562860 3.675668 0.957639 7.286239 3.510822 16.517076 2.806760 0.699779 1.263141 -4.290193 0.585053 9.817793 3.293221 1.125671 -1.395569 3.038746 3.150668 11.723075 7.140791 -5.739511 23.639152 4.228326 9.638736 -4.593894 13.815634 17.138751 22.037952 -1.397899 -25.861576 -12.258124 17.410366 -43.049180 -22.440120 -28.890679 -22.952372 -13.478069 13.458032 -0.552999 1.298360 -4.316846 -1.923393 13.915779 0.933036 10.528040 -2.449335 -10.386166 -7.815708 5.056207 -14.700353 23.735669 -19.068573 -4.641608 -30.900173 3.017698 12.349099 2.835794 10.983023 5.098790 1.734657 -9.843588 27.996944 -3.048204 -1.730204 2.533397 5.976355 -1.566469 7.830375 30.546040 -8.554082 31.210467 -32.201977 -13.037790 31.580807 -6.938649 0.573992 -5.697180 -27.152431 -30.377375 17.510176 4.522579 -7.465897 -6.869323 -14.206433 2.151997 18.562574 2.909983 5.174253 -3.181806 -5.896633 1.515167 -7.883599 -12.986661 -2.671131 -3.239321 -7.689456 -46.246162 2.220275 -7.257442 1.024555 -12.302651 16.325495 -38.755127 -14.110944 11.536193 -15.472754 11.348253 -13.102710 -16.393534 10.533829 -0.419680 2.087991 -2.812441 
-6.604135 106.671234 -0.383353 16.364107 25.837639 18.982264 3.501735 13.142506 -0.161222 -8.667407 0.853847 -18.632346 2.442135 20.581774 4.902572 -2.679865 3.270100 1.572391 2.635819 14.369532 2.562552 3.804746 0.823187 7.375527 3.507655 16.523146 2.803988 0.825735 1.188900 -4.672768 0.588042 9.821659 3.292551 1.243141 -1.302432 2.811987 3.145713 11.722878 7.143050 -5.568705 23.499421 4.011903 9.634889 -4.587327 13.813504 16.718449 21.962362 -1.936364 -25.862320 -12.264968 17.406197 -43.442175 -22.178415 -28.616838 -22.951883 -13.477255 13.455218 -0.237732 1.398408 -4.724994 -1.926708 13.915714 0.933574 10.724774 -2.348628 -10.272447 -7.814499 5.056908 -14.700667 23.831326 -18.680598 -4.503739 -30.902651 3.020047 12.355201 2.920798 10.875330 4.928874 1.733258 -9.842443 27.997248 -2.937916 -1.899970 2.263098 5.973847 -1.572094 7.831111 30.566842 -8.034374 30.495657 -32.207821 -13.041468 31.585014 -6.435248 0.815898 -5.141937 -27.149368 -30.377012 17.512259 4.490762 -7.745911 -6.767544 -14.205791 2.145853 18.566467 2.977871 4.845927 -3.451459 -5.902395 1.515086 -7.883774 -12.878226 -2.193560 -3.018274 -7.689662 -46.244675 2.221704 -6.198702 1.156007 -12.244369 16.329288 -38.760006 -14.114728 11.132905 -15.470575 11.282415 -13.106559 -16.395847 10.531907 -0.685230 2.134365 -2.656544 
-5.356869 106.344833 -0.689053 16.954336 26.552973 19.695054 3.489305 13.144375 -0.161029 -8.487739 0.792732 -18.282415 2.440002 20.588055 4.906605 -2.071246 3.442867 1.569457 2.635541 14.373775 2.562924 3.926131 1.132103 7.311407 3.513375 16.520620 2.805190 0.434411 0.725078 -4.842809 0.581719 9.822525 3.298882 1.111437 -1.458049 3.280136 3.141951 11.733025 7.135575 -5.866603 23.573882 3.620424 9.636323 -4.584726 13.812069 16.875053 22.373044 -2.767123 -25.857658 -12.271806 17.407759 -44.279054 -22.475441 -28.662694 -22.954878 -13.466587 13.463237 0.429145 1.332890 -4.908874 -1.930676 13.914059 0.934937 10.722322 -2.362852 -10.278525 -7.807946 5.058616 -14.710131 24.797533 -18.330554 -5.310674 -30.907661 3.022532 12.359736 3.645328 10.537722 6.200590 1.726179 -9.837637 28.004082 -2.547836 -2.000678 2.521555 5.966696 -1.569172 7.835163 29.933157 -7.599951 30.207577 -32.208786 -13.041275 31.589020 -6.495919 1.196006 -5.040137 -27.152458 -30.375757 17.510275 4.495986 -8.118238 -7.226718 -14.215057 2.150944 18.569059 3.082967 4.447216 -3.813072 -5.906664 1.513005 -7.879138 -13.165100 -2.002301 -2.724596 -7.689755 -46.250465 2.226826 -5.960164 0.872012 -12.103952 16.337814 -38.764809 -14.121852 10.768577 -15.755626 11.650332 -13.109341 -16.394726 10.535027 -1.176430 2.193190 -2.718574 
-3.361449 106.040863 -1.065251 18.029719 27.185237 20.893173 3.481233 13.149611 -0.166605 -7.813007 0.948505 -18.267674 2.437196 20.595581 4.904875 -2.005451 3.922920 1.726631 2.633137 14.370055 2.565933 3.738249 1.162115 7.481049 3.509911 16.519245 2.804392 0.115051 -0.040051 -5.575087 0.586495 9.824862 3.305817 0.934864 -1.359365 3.437223 3.144699 11.738751 7.123583 -5.949403 24.290501 3.220264 9.636485 -4.580365 13.811563 17.329288 23.678953 -2.870194 -25.847841 -12.282183 17.398203 -45.998770 -23.258558 -29.097473 -22.965143 -13.462263 13.469958 0.525844 0.901230 -5.893545 -1.928668 13.910081 0.927885 11.331475 -2.509293 -10.135000 -7.805962 5.060418 -14.717141 26.839478 -18.237959 -6.109932 -30.906523 3.019065 12.365796 4.678343 9.756347 8.052492 1.735675 -9.831002 28.013033 -2.007870 -1.615427 2.484274 5.961625 -1.585220 7.834053 29.784604 -7.696338 30.193555 -32.216801 -13.043570 31.592854 -6.238260 1.193023 -4.418542 -27.152773 -30.367355 17.519264 4.456603 -8.688679 -7.769328 -14.208635 2.154818 18.579176 3.544015 3.706085 -3.737389 -5.915089 1.512170 -7.863871 -13.958752 -1.711139 -2.120306 -7.689734 -46.265091 2.230426 -6.167128 1.181297 -11.898482 16.342402 -38.772133 -14.123511 10.622612 -15.766500 12.198261 -13.117630 -16.386850 10.537800 -1.717907 2.307143 -3.077483 
-0.833361 105.783005 -1.473192 19.690841 28.251549 22.522313 3.464484 13.156260 -0.176329 -7.032119 0.912570 -18.127208 2.429096 20.604342 4.903334 -1.680783 4.763590 1.727755 2.633093 14.370552 2.561266 3.688891 1.384811 7.440578 3.510223 16.516630 2.808267 -0.285975 -0.900259 -6.433610 0.584788 9.829582 3.315578 0.821160 -1.163016 3.819717 3.148449 11.749822 7.105226 -6.298699 25.291970 3.081143 9.643480 -4.574637 13.809625 17.977466 25.485270 -2.926036 -25.826958 -12.299509 17.389151 -49.068052 -23.872409 -29.154318 -22.969397 -13.445932 13.474490 1.252627 0.780980 -7.030258 -1.936582 13.909590 0.926827 11.918521 -2.538415 -10.002512 -7.802396 5.066245 -14.721770 28.906563 -18.671654 -7.417490 -30.905777 3.016153 12.367738 6.273739 9.119877 10.447057 1.734930 -9.824731 28.010263 -1.341455 -1.692596 2.521188 5.953154 -1.598003 7.833668 29.590364 -8.247511 30.035671 -32.226246 -13.049239 31.592672 -6.133300 1.776376 -3.672116 -27.149908 -30.355412 17.524551 4.714172 -9.266679 -8.286948 -14.212499 2.161422 18.584116 4.192038 3.047828 -3.450123 -5.922712 1.511715 -7.851734 -14.586347 -1.927741 -1.357135 -7.686965 -46.273735 2.238799 -6.832718 1.017499 -11.388432 16.347424 -38.776569 -14.132724 10.786371 -16.195929 12.477458 -13.128532 -16.374281 10.535271 -2.598216 2.079001 -3.075272 
1.954860 105.567711 -1.868375 21.977336 29.172226 23.946969 3.460110 13.158642 -0.188159 -6.301392 0.796153 -17.809414 2.430235 20.609085 4.904588 -2.165415 5.046976 1.547513 2.630774 14.378261 2.562040 3.673727 1.514129 7.389434 3.511097 16.518957 2.807424 -0.572082 -1.992728 -7.340119 0.583714 9.838378 3.324598 0.829091 -1.266902 3.999053 3.154426 11.753100 7.083120 -6.958229 26.125706 2.731922 9.652180 -4.575638 13.811307 18.304011 27.880750 -2.761944 -25.811201 -12.308630 17.382668 -51.427500 -25.037032 -29.203976 -22.975586 -13.435064 13.490091 1.341133 0.479731 -7.861744 -1.931951 13.906023 0.909007 13.195795 -2.236601 -9.990338 -7.804084 5.062911 -14.725299 31.966163 -18.674215 -9.212966 -30.900545 3.019036 12.377852 8.153182 8.352109 13.030587 1.740304 -9.821972 28.015406 -0.281113 -1.670128 2.907385 5.948771 -1.615211 7.834719 29.370339 -8.733730 30.330954 -32.227299 -13.055804 31.592474 -5.696900 1.662491 -2.932537 -27.139875 -30.345604 17.542366 4.381476 -10.014870 -8.852531 -14.205403 2.168189 18.600193 4.976604 1.546233 -3.044473 -5.933570 1.510083 -7.841399 -15.445826 -1.855393 -0.324449 -7.678336 -46.286015 2.246420 -7.541626 0.804687 -11.383608 16.348970 -38.772045 -14.142345 11.705740 -17.101025 12.506116 -13.138661 -16.361341 10.533264 -3.423813 2.141809 -3.179911 
4.689635 105.408546 -2.198954 24.018476 29.722391 24.926763 3.459486 13.161824 -0.200418 -5.395213 0.394507 -18.166623 2.431431 20.614029 4.900050 -2.572447 5.753385 0.958899 2.638606 14.373912 2.550838 3.872030 1.560569 6.810575 3.512033 16.520115 2.815040 -1.329140 -2.628198 -7.899799 0.583714 9.841313 3.329771 0.661902 -0.498073 3.774818 3.154386 11.763206 7.074523 -7.251069 26.902423 2.716860 9.667143 -4.579904 13.806522 18.962501 30.108225 -2.429363 -25.797037 -12.316298 17.377771 -53.644531 -25.300756 -29.236051 -22.973661 -13.429901 13.501702 1.404218 0.850726 -8.298364 -1.930234 13.903917 0.897621 14.207710 -1.968550 -9.763389 -7.806613 5.065835 -14.726231 34.140038 -18.979339 -10.569834 -30.897194 3.018138 12.373656 9.875956 7.967957 15.341440 1.742800 -9.814538 28.005949 0.363750 -1.758872 3.325723 5.944694 -1.629851 7.837424 29.018376 -9.938222 30.920260 -32.223743 -13.073644 31.596128 -4.923131 1.916498 -2.331931 -27.121481 -30.329418 17.553345 4.121586 -9.957192 -8.883229 -14.201423 2.176062 18.600422 5.587667 0.611599 -2.815291 -5.946072 1.511124 -7.833017 -16.489521 -2.537541 0.120750 -7.671126 -46.296524 2.247308 -8.052691 0.492087 -11.132548 16.345074 -38.769711 -14.146562 12.838027 -17.694479 12.034455 -13.145217 -16.344917 10.526229 -3.632470 1.714545 -3.066350 
6.963143 105.335747 -2.427761 25.358296 29.836534 25.331558 3.467671 13.160931 -0.207275 -4.928535 -0.041182 -18.303076 2.428962 20.614855 4.896452 -2.981928 6.085006 1.019407 2.643717 14.370018 2.545088 3.778996 1.780604 6.791558 3.516492 16.524372 2.817418 -1.628949 -3.344897 -8.242000 0.580319 9.840206 3.332601 0.911214 -0.174033 3.600594 3.159035 11.766014 7.073307 -7.432856 27.428546 2.676969 9.666771 -4.586501 13.808283 18.463135 32.320544 -2.013282 -25.785212 -12.311336 17.379992 -54.777274 -25.116183 -28.856600 -22.966288 -13.423342 13.510636 1.259354 1.040573 -8.763654 -1.919923 13.910166 0.892472 14.783376 -1.747126 -9.422044 -7.814425 5.064511 -14.717785 36.124331 -19.252459 -11.800773 -30.889015 3.018233 12.376201 10.902359 7.696884 16.838317 1.742758 -9.811468 27.999117 0.556037 -2.048012 3.312887 5.942898 -1.638195 7.836724 28.635626 -10.909307 31.908718 -32.221275 -13.088205 31.594872 -3.974583 1.603384 -2.040651 -27.105249 -30.315750 17.552849 3.310331 -9.745191 -8.671926 -14.199398 2.170780 18.604429 6.021044 -0.096025 -2.506786 -5.940527 1.513241 -7.828999 -17.394977 -3.042645 0.644301 -7.661257 -46.299595 2.249183 -8.480549 0.547138 -11.184775 16.331980 -38.759674 -14.159550 13.857230 -18.282157 11.603007 -13.144678 -16.333885 10.522030 -3.653152 1.778147 -2.806573 
8.241249 105.414467 -2.522348 26.303427 30.057180 25.611416 3.474430 13.158298 -0.213445 -4.512639 -0.159355 -18.427782 2.437542 20.620991 4.890799 -3.193898 6.392742 0.669121 2.650236 14.370116 2.541518 3.792372 1.713905 6.696711 3.520376 16.531923 2.817701 -1.890534 -3.940462 -8.196150 0.582138 9.841999 3.338394 1.215516 -0.135545 3.081168 3.156185 11.765466 7.071804 -7.505283 27.797661 2.754029 9.666434 -4.591500 13.804585 18.272219 33.681350 -1.819740 -25.787514 -12.314710 17.382988 -55.439911 -25.427459 -28.623632 -22.958048 -13.430320 13.516210 1.288244 1.046799 -8.895499 -1.913609 13.908052 0.889431 14.727679 -1.197158 -9.354364 -7.818000 5.063907 -14.717132 37.224370 -19.255104 -12.103400 -30.891539 3.020748 12.381545 11.808182 7.610191 17.891913 1.744695 -9.813587 27.988483 0.431867 -2.093726 3.543494 5.942449 -1.647577 7.847944 28.651851 -11.588687 32.184770 -32.217571 -13.101318 31.600750 -3.482536 1.427659 -2.175357 -27.092878 -30.309736 17.556507 2.904750 -9.739354 -8.540841 -14.199116 2.171758 18.607203 6.707905 -0.719943 -2.648947 -5.947378 1.520867 -7.823554 -17.831054 -3.201526 0.849512 -7.650794 -46.309967 2.243917 -8.716173 0.269525 -10.758193 16.329912 -38.758339 -14.160352 14.969321 -18.548202 11.039492 -13.148281 -16.334379 10.506776 -4.124502 1.576076 -3.069290 
8.090314 105.667976 -2.445169 25.999410 29.791612 25.442226 3.473042 13.166364 -0.213660 -4.669767 -0.192631 -18.428342 2.427989 20.618616 4.890378 -3.125887 6.027703 0.573592 2.650117 14.372191 2.537582 3.714807 1.832924 7.019087 3.521061 16.527151 2.818704 -1.795469 -3.930305 -8.015222 0.586643 9.840343 3.341117 1.436097 0.278392 3.563081 3.162096 11.769492 7.070697 -7.562414 28.130573 2.814351 9.666652 -4.594996 13.807554 18.450516 33.751769 -1.288182 -25.783844 -12.313067 17.384167 -55.360295 -25.754289 -29.243571 -22.961714 -13.424472 13.515765 1.184719 0.952303 -8.919637 -1.916272 13.917410 0.887100 14.903717 -1.300526 -9.306921 -7.820474 5.066029 -14.719913 37.054647 -19.716750 -12.104164 -30.897623 3.020313 12.379717 11.750412 7.393978 17.895108 1.746795 -9.810340 27.992804 0.401049 -2.168088 3.642870 5.939806 -1.645852 7.847464 28.675969 -11.890535 32.647396 -32.217052 -13.098507 31.602005 -3.880849 1.090911 -2.494132 -27.095135 -30.312063 17.553305 2.996378 -9.264371 -8.578185 -14.195540 2.172438 18.602760 6.553948 -0.666487 -2.235448 -5.940245 1.516120 -7.828355 -17.658819 -3.143864 1.115512 -7.656119 -46.311886 2.251995 -9.715297 0.651872 -11.237072 16.328964 -38.756252 -14.159459 14.862970 -18.456725 11.140127 -13.149430 -16.329880 10.513436 -3.986712 1.696306 -3.050973 
6.363329 106.108086 -2.136347 25.572590 29.553849 25.574706 3.467907 13.165212 -0.216600 -5.074512 -0.085282 -18.796549 2.425729 20.622854 4.893324 -2.733835 5.727984 0.566866 2.645772 14.370078 2.543186 3.376974 1.700691 7.581110 3.516989 16.531794 2.823608 -1.508404 -3.470760 -8.071523 0.580813 9.840859 3.338220 0.964555 -0.023829 3.766210 3.172313 11.764431 7.069766 -7.305746 28.197908 2.794274 9.658110 -4.588289 13.810645 18.725361 32.616400 -0.804278 -25.786242 -12.316042 17.373499 -55.574278 -26.061804 -29.262682 -22.968601 -13.428205 13.514860 1.246147 0.674337 -8.757376 -1.909568 13.916624 0.897095 14.275963 -1.874797 -9.260475 -7.815080 5.066551 -14.717516 35.802021 -19.972966 -11.393057 -30.900007 3.015960 12.379667 11.056599 7.940629 17.732190 1.748039 -9.805948 27.994703 0.115530 -1.698701 3.284049 5.939713 -1.644533 7.841800 29.085633 -12.468070 33.231777 -32.222824 -13.091238 31.603403 -5.246398 1.092752 -2.978600 -27.102903 -30.320061 17.547569 3.528988 -9.829850 -9.186511 -14.200871 2.176399 18.600292 6.508952 -0.058648 -2.811093 -5.935557 1.520808 -7.830045 -17.034714 -3.493019 0.909777 -7.664254 -46.320618 2.256596 -10.513478 0.134045 -11.504231 16.335602 -38.765820 -14.148585 14.605772 -18.344691 11.816260 -13.143976 -16.329271 10.522438 -3.868305 1.762318 -3.291658 
3.313379 106.714348 -1.558096 24.229954 29.233934 24.989336 3.465657 13.165457 -0.207329 -6.065911 0.382346 -18.970786 2.423970 20.624508 4.898700 -2.323991 5.288190 1.052460 2.639570 14.357669 2.555041 3.384751 1.781448 7.444972 3.519304 16.527723 2.817673 -1.136889 -2.828259 -7.249642 0.582109 9.840281 3.333287 -0.043957 0.011768 4.314678 3.170879 11.755405 7.075891 -6.963570 27.528869 3.437203 9.657200 -4.577230 13.807685 19.518396 29.815763 -0.638009 -25.795198 -12.322218 17.365524 -55.151080 -26.242702 -29.623572 -22.977057 -13.434260 13.498883 1.440903 0.626000 -8.470648 -1.923085 13.913260 0.903146 13.274995 -3.108044 -9.602779 -7.813413 5.073248 -14.724680 33.485822 -20.497314 -10.270152 -30.909119 3.018515 12.370775 9.463698 8.374909 15.868140 1.743084 -9.805934 28.001083 -0.439806 -1.198353 3.027098 5.941001 -1.635810 7.834876 29.889898 -12.163920 32.740382 -32.232304 -13.075849 31.605839 -6.864017 1.406298 -3.207239 -27.126520 -30.336130 17.538927 4.159517 -9.679286 -9.101229 -14.206127 2.183061 18.595259 6.111741 1.202953 -2.852417 -5.933957 1.513651 -7.834002 -15.979837 -2.951247 0.642767 -7.678405 -46.315575 2.265700 -11.207013 0.320309 -11.848095 16.349876 -38.781574 -14.139312 13.782465 -17.537240 12.644884 -13.140501 -16.336956 10.535108 -3.705759 2.164466 -3.301186 
-0.641280 107.438095 -0.673696 22.654250 28.018727 24.236986 3.473133 13.169807 -0.188162 -7.309459 0.603770 -19.570198 2.423708 20.622778 4.897477 -1.884219 5.005219 1.499225 2.637622 14.347357 2.564069 2.958372 1.638384 7.913176 3.521129 16.535788 2.807141 -0.201228 -1.918455 -6.043569 0.583299 9.836465 3.327014 -0.988803 -0.231896 4.003587 3.177964 11.733668 7.093658 -6.122692 27.083683 3.758855 9.641388 -4.573575 13.815588 19.153669 26.795216 -0.442074 -25.821754 -12.312058 17.369743 -52.038364 -25.668542 -30.127797 -22.971792 -13.454815 13.481973 1.003810 0.521708 -7.427349 -1.919662 13.919291 0.912901 11.705786 -4.187737 -9.584788 -7.812256 5.065682 -14.733058 30.629362 -20.861488 -8.736852 -30.921267 3.024913 12.360648 7.638509 9.664840 13.582837 1.736561 -9.813710 28.016485 -1.576493 -0.504068 2.264721 5.954845 -1.617404 7.830246 30.703101 -11.847901 32.958023 -32.238743 -13.066785 31.607410 -8.876656 1.316066 -3.915847 -27.143770 -30.354332 17.530293 4.461722 -9.028910 -9.167985 -14.218436 2.178396 18.592340 5.702863 2.985214 -3.422412 -5.918607 1.511566 -7.847505 -14.526081 -3.172883 -0.131785 -7.696157 -46.320232 2.267203 -11.797706 0.455583 -11.957873 16.364449 -38.798939 -14.125659 13.314773 -17.434862 13.980903 -13.123588 -16.353785 10.547228 -3.048130 2.534328 -3.934819 
-5.359015 108.122444 0.545438 20.650575 26.385106 22.433915 3.507939 13.164506 -0.173537 -9.246996 0.734702 -20.755944 2.436856 20.613607 4.904070 -2.098217 4.620010 2.273229 2.643907 14.327009 2.574858 2.548382 1.436755 7.854892 3.526865 16.547037 2.799156 0.344223 -0.024226 -4.259984 0.583891 9.833047 3.308259 -2.582870 -0.674866 3.132409 3.192165 11.713096 7.134715 -4.365888 26.004958 5.131164 9.634678 -4.574902 13.816179 18.298401 23.036491 -0.493558 -25.854628 -12.303831 17.371899 -47.884940 -23.875285 -30.092167 -22.955311 -13.484510 13.468009 -0.002521 0.942976 -6.235579 -1.910261 13.918697 0.924776 9.106795 -5.499660 -8.944446 -7.819940 5.049888 -14.737247 27.466953 -20.389906 -7.075173 -30.927395 3.036808 12.344666 4.844565 11.232659 9.736634 1.733892 -9.827619 28.018133 -3.081589 0.146051 2.103821 5.969504 -1.604684 7.817986 31.653334 -11.419890 33.139381 -32.238178 -13.066236 31.607100 -9.922054 0.806724 -4.738099 -27.151951 -30.379848 17.512829 4.301246 -8.095789 -7.780993 -14.234055 2.177903 18.592934 5.525082 5.405053 -3.853809 -5.900727 1.512882 -7.870732 -13.180660 -4.297440 -1.359015 -7.698305 -46.312824 2.269054 -11.556593 0.262450 -11.911887 16.369923 -38.813789 -14.113755 12.804895 -16.894200 14.716247 -13.094073 -16.373493 10.545210 -2.144544 2.771489 -3.747616 
-11.091546 108.557053 2.392613 20.766663 23.453869 21.670544 3.543835 13.149938 -0.158611 -11.379315 0.695394 -21.670708 2.457776 20.598162 4.903155 -1.853948 4.965907 2.423820 2.663811 14.298152 2.580429 1.698314 0.507611 6.828575 3.532607 16.534899 2.789311 0.512945 3.050339 -1.787531 0.577416 9.831304 3.274435 -4.233251 -0.753670 2.263909 3.216230 11.692342 7.171154 -2.651069 23.675831 6.160350 9.621354 -4.568855 13.824547 17.169694 19.374103 -0.924934 -25.880201 -12.297607 17.370729 -42.154616 -20.867299 -29.634910 -22.933544 -13.512280 13.442662 -0.605032 1.573527 -4.721045 -1.902239 13.927616 0.938551 6.201955 -6.808904 -8.063349 -7.826564 5.027589 -14.728184 24.093629 -19.324688 -5.936133 -30.927629 3.062542 12.331886 1.060893 12.992881 3.961275 1.731331 -9.838800 28.029917 -3.921971 1.089545 0.999987 5.978856 -1.592854 7.790685 32.361819 -11.447522 34.199587 -32.229107 -13.075707 31.609510 -10.538136 0.564357 -5.288651 -27.138170 -30.413349 17.498909 4.493051 -6.744377 -5.650812 -14.249175 2.168429 18.582455 5.084389 8.132180 -4.231279 -5.870606 1.511756 -7.907084 -12.543054 -5.442162 -3.555386 -7.695064 -46.296738 2.273839 -10.196366 0.050379 -11.547811 16.355696 -38.835674 -14.097574 12.214319 -16.804287 16.139407 -13.058259 -16.400152 10.533630 -1.272218 2.787318 -2.729465 
-18.271833 108.328072 5.668576 23.635016 21.673483 22.211528 3.578710 13.112557 -0.157860 -13.196641 1.497732 -22.117237 2.479257 20.584106 4.904823 -1.616258 5.917205 1.873853 2.670190 14.280429 2.591637 0.673390 -1.445015 6.370922 3.559122 16.501877 2.791128 -0.176395 5.167550 -0.427587 0.579348 9.847952 3.237463 -6.604304 -0.478031 1.450735 3.234915 11.692390 7.190510 -1.481745 20.816146 5.904092 9.603394 -4.540437 13.846828 15.633528 17.640546 -1.431782 -25.886417 -12.324397 17.344545 -38.769182 -17.224713 -27.379899 -22.935993 -13.517716 13.414093 -0.163009 2.812357 -3.043547 -1.907214 13.934911 0.936305 3.159854 -9.020880 -7.309428 -7.816347 5.005948 -14.703067 21.417260 -21.385788 -6.347595 -30.915670 3.074718 12.353977 -5.564807 12.775275 -6.247435 1.734751 -9.845808 28.054522 -4.898283 2.166259 -0.408969 5.974547 -1.590866 7.762915 32.377614 -13.281447 35.318553 -32.203369 -13.084898 31.622435 -9.036974 -0.172788 -3.566762 -27.125395 -30.453815 17.500797 3.490878 -5.931926 -3.189066 -14.257898 2.165622 18.567188 5.187169 9.829912 -4.546775 -5.847252 1.519151 -7.922533 -13.069245 -5.797604 -5.883467 -7.672312 -46.298817 2.282195 -7.271278 1.008002 -11.406116 16.313698 -38.820869 -14.062353 11.751825 -17.117036 17.910023 -13.023314 -16.402477 10.512653 -1.864198 3.415773 -2.380450 
-26.064915 107.172150 10.553481 25.407551 23.509381 21.521784 3.579543 13.067834 -0.171124 -14.039055 2.542967 -22.143552 2.488167 20.587603 4.935056 -1.864761 7.362601 1.697917 2.662316 14.279251 2.589126 -0.357365 -3.488230 6.564149 3.595833 16.460394 2.780871 -1.635798 5.479721 0.233412 0.588470 9.853509 3.208224 -8.385794 0.132295 2.540605 3.215621 11.721810 7.181896 -0.714836 18.375591 5.712686 9.589938 -4.502915 13.842662 13.955641 19.249809 -1.175958 -25.847607 -12.356742 17.292288 -38.168815 -14.637691 -24.861428 -22.946224 -13.494586 13.399546 1.162306 4.279323 -1.711264 -1.918121 13.927722 0.933917 2.879960 -11.824622 -8.557703 -7.788232 5.010273 -14.657207 18.880035 -27.419099 -6.997469 -30.880854 3.065743 12.380552 -12.363143 7.654707 -17.867109 1.741469 -9.855300 28.051628 -5.268335 2.492425 -0.665405 5.950190 -1.574603 7.751170 31.829761 -14.566703 36.409297 -32.185890 -13.070997 31.619072 -5.379854 -1.662745 0.578424 -27.127253 -30.474064 17.482170 1.476248 -4.006265 -2.273085 -14.234146 2.170070 18.520424 4.547029 9.636953 -3.436512 -5.853692 1.522162 -7.917365 -14.942314 -5.617546 -8.072644 -7.652157 -46.279358 2.281952 -4.402420 2.238449 -12.916318 16.256783 -38.754665 -14.020664 11.524746 -16.365410 18.079413 -12.990985 -16.368362 10.484281 -3.510574 3.373876 -2.853661 
-32.587456 105.708473 14.971091 26.204545 34.536988 21.378398 3.569642 13.032280 -0.184498 -14.612283 3.108526 -22.595070 2.490199 20.566231 4.969578 -3.074719 7.896171 1.664928 2.656493 14.302263 2.578575 -2.010101 -5.118241 7.269155 3.611351 16.449842 2.768548 -2.531929 3.309326 -1.069447 0.594942 9.861725 3.231155 -6.858115 0.080090 5.415682 3.190593 11.749625 7.131498 -1.784383 19.406140 5.447782 9.574881 -4.479847 13.846050 13.672185 22.166220 -1.596424 -25.821505 -12.370098 17.268095 -39.621610 -14.103828 -22.747440 -22.974174 -13.456739 13.421532 3.216919 3.821551 -0.803637 -1.919179 13.923741 0.945376 5.361055 -12.973279 -12.863844 -7.759500 5.038233 -14.622809 16.314580 -35.735905 -8.607070 -30.844959 3.060661 12.389444 -16.094417 1.173237 -26.680409 1.736856 -9.872888 28.038755 -4.728232 1.560859 -0.534313 5.950972 -1.541408 7.770648 31.677014 -14.342356 37.415612 -32.182594 -13.030278 31.594431 -1.219243 -3.111325 5.021164 -27.145103 -30.461563 17.477701 -0.268928 -4.622402 -4.389786 -14.199325 2.171532 18.491026 3.581097 8.565132 -2.029842 -5.874709 1.522563 -7.906989 -16.177880 -4.857616 -9.743565 -7.636447 -46.270058 2.267270 -1.707655 3.400815 -12.818855 16.231915 -38.688671 -13.999250 12.315296 -16.090650 16.544617 -12.988168 -16.356239 10.467839 -4.642052 2.421678 -3.193582 
-37.226643 104.715759 17.472227 26.441501 45.591393 22.358411 3.547287 13.010325 -0.179199 -14.895934 3.037229 -21.423664 2.485447 20.539696 5.000942 -2.781706 8.332584 1.137205 2.640157 14.340498 2.544525 -2.157715 -4.997960 7.308873 3.602705 16.472309 2.774741 -3.043271 0.666551 -3.331213 0.586174 9.869928 3.276605 -5.007843 -0.199608 6.818632 3.173016 11.760452 7.081745 -2.013131 22.198388 5.230614 9.576376 -4.468705 13.838075 14.671175 24.487594 -0.045877 -25.845093 -12.392121 17.280996 -39.527626 -13.952955 -22.314696 -22.987831 -13.438129 13.446278 4.198577 4.296067 -0.991212 -1.934088 13.909920 0.944821 8.129133 -11.565765 -17.184276 -7.752766 5.062022 -14.630589 16.908234 -40.379245 -11.178598 -30.823332 3.038166 12.380331 -18.432604 -3.179863 -30.392477 1.726767 -9.858120 28.019133 -3.800409 1.935223 -0.023466 5.988748 -1.515808 7.795034 31.596025 -15.056867 37.956577 -32.170757 -13.011034 31.572599 2.560665 -2.822209 7.353299 -27.176939 -30.448849 17.514881 -0.808985 -5.769884 -5.892578 -14.190244 2.170849 18.512142 3.657670 6.643730 -0.631328 -5.878109 1.503868 -7.927070 -16.835593 -4.410091 -10.015558 -7.616810 -46.286263 2.249775 -0.827079 3.763319 -12.384858 16.231783 -38.656841 -13.989537 13.390474 -17.352000 14.694242 -13.018206 -16.348928 10.450576 -4.471183 0.882312 -3.472242 
-40.560787 104.312981 18.301723 26.096218 51.707759 21.774252 3.540128 13.002699 -0.172113 -15.413813 3.206329 -21.005004 2.481780 20.534197 5.011114 -2.866358 8.974719 0.780471 2.637755 14.359782 2.528821 -2.321734 -5.265734 6.532106 3.589039 16.480230 2.781996 -3.752338 -0.835672 -5.320279 0.580117 9.884015 3.296053 -4.494688 -0.115949 7.790871 3.168509 11.765570 7.059514 -1.724215 23.075227 4.781450 9.561700 -4.465316 13.837281 14.691098 25.213561 0.056044 -25.866653 -12.416391 17.291861 -38.551405 -14.224489 -22.681829 -23.000792 -13.435715 13.449195 4.662853 4.768240 -1.188776 -1.946206 13.909792 0.941452 8.924012 -10.237525 -19.262184 -7.754778 5.076024 -14.643548 16.753151 -41.281749 -11.589892 -30.808201 3.022695 12.373770 -20.771903 -5.625229 -33.525990 1.724417 -9.851571 28.017866 -3.038771 2.641281 0.365660 6.011470 -1.506951 7.801496 31.716086 -14.856525 37.996018 -32.168724 -13.011728 31.560997 3.810311 -2.481636 8.193584 -27.198452 -30.449677 17.545670 -0.311540 -5.493126 -6.242985 -14.196943 2.167617 18.524012 3.358073 5.531920 0.518490 -5.880939 1.493195 -7.950937 -17.106395 -4.208978 -10.717770 -7.602235 -46.301388 2.232598 -0.454525 3.716023 -11.735887 16.219007 -38.638523 -13.987978 14.839957 -17.774743 13.559967 -13.052090 -16.350241 10.452653 -4.589691 0.103324 -3.388527 
-43.405991 104.320412 18.082321 25.603376 55.877614 21.617591 3.536030 12.999837 -0.171890 -16.131896 3.429768 -21.182133 2.476969 20.539671 5.010000 -3.376872 10.048248 0.683838 2.631460 14.363782 2.524618 -2.076839 -5.112248 6.336523 3.594229 16.484051 2.789966 -4.382156 -1.288910 -6.691009 0.579613 9.895189 3.299816 -4.454596 0.488242 8.381760 3.183686 11.772357 7.055130 -1.081673 23.153976 3.709636 9.553444 -4.456038 13.852568 12.614544 25.283064 -1.497292 -25.892946 -12.439414 17.292652 -36.377560 -13.918803 -22.444907 -23.013041 -13.430253 13.447893 4.759570 5.791751 -0.604931 -1.949641 13.911911 0.942253 8.270138 -9.327607 -19.263352 -7.751340 5.074380 -14.645462 13.888452 -39.615306 -8.972920 -30.798672 3.016953 12.370706 -23.357589 -7.468337 -36.821785 1.728270 -9.849262 28.020899 -2.584880 3.347545 0.752559 6.029947 -1.492606 7.803740 32.305224 -14.232956 38.418465 -32.162903 -13.002807 31.550226 3.877222 -1.429818 7.980690 -27.207842 -30.458342 17.568825 0.165060 -5.069206 -5.471306 -14.205153 2.172474 18.534843 2.117960 5.765831 0.789368 -5.881989 1.498209 -7.973092 -17.460824 -4.683817 -10.573746 -7.598031 -46.327808 2.212495 -0.506394 3.856885 -11.468697 16.206171 -38.621071 -13.983425 16.072262 -17.605374 12.750873 -13.065148 -16.352039 10.460688 -4.674232 -0.557250 -3.808141 
-46.229576 104.510887 17.270947 27.567449 60.496283 23.122644 3.539251 12.994832 -0.173215 -16.520233 3.774868 -21.629445 2.474599 20.543854 4.999884 -4.108469 11.363742 0.631579 2.637893 14.357108 2.528487 -2.644814 -4.946824 6.413749 3.605555 16.477880 2.789570 -5.500722 -0.565645 -8.213691 0.578296 9.908216 3.301858 -5.362548 0.404684 9.485969 3.184237 11.774559 7.044250 -1.092530 22.785205 2.559404 9.552116 -4.431389 13.862838 10.877788 24.813667 -3.693209 -25.906080 -12.466004 17.290680 -34.432835 -12.735702 -21.960962 -23.024687 -13.442260 13.438560 4.985689 5.967444 0.466867 -1.949226 13.924036 0.952710 7.036931 -8.440206 -19.358245 -7.744315 5.071898 -14.649123 10.075328 -35.857284 -5.512526 -30.784040 3.016814 12.374031 -25.934995 -9.237102 -40.259389 1.734034 -9.867233 28.033712 -2.231913 4.194881 0.913689 6.031785 -1.480558 7.805655 33.114693 -12.949485 38.864955 -32.158802 -12.999261 31.555105 2.692290 0.321641 6.808564 -27.217590 -30.463600 17.584436 0.786852 -4.733964 -4.908610 -14.216055 2.182893 18.548149 1.362400 6.365340 0.952281 -5.877539 1.510638 -7.993506 -17.373406 -5.163049 -10.902709 -7.595037 -46.347301 2.193587 -1.078064 4.261203 -10.890502 16.191683 -38.612720 -13.978840 17.351174 -16.431308 12.332245 -13.066406 -16.365923 10.476965 -5.348622 -0.518744 -3.984653 
-49.071903 104.699333 16.176073 31.812668 64.555929 26.296332 3.544353 12.987997 -0.173473 -16.870446 4.124273 -22.331893 2.472125 20.540276 4.988013 -5.175529 12.283709 0.591683 2.643299 14.344643 2.536746 -2.746730 -4.497574 6.641246 3.604818 16.466427 2.798069 -6.458952 -0.098246 -9.792609 0.581852 9.916449 3.298468 -6.102854 1.483258 9.930349 3.184577 11.775737 7.041131 -0.610650 21.809506 0.954518 9.540787 -4.417471 13.869749 8.032358 24.548788 -6.441867 -25.915237 -12.488681 17.279350 -32.231096 -11.408040 -21.285333 -23.041693 -13.446259 13.420113 5.379157 6.026379 1.469617 -1.963054 13.931655 0.961729 5.073079 -7.702925 -18.464494 -7.733065 5.059340 -14.651268 6.574688 -31.668596 -2.314207 -30.775326 3.014135 12.374892 -27.983739 -10.632357 -42.738761 1.738068 -9.871744 28.044529 -2.445692 4.832369 0.864144 6.032170 -1.467508 7.803877 33.963112 -11.918131 39.023036 -32.151840 -12.998504 31.575563 1.899283 1.737005 5.438054 -27.220903 -30.473896 17.599621 1.640944 -4.716594 -4.205232 -14.219922 2.187095 18.553263 0.594330 6.779680 1.044630 -5.866985 1.531602 -8.002821 -17.378761 -5.029321 -10.326417 -7.584137 -46.364574 2.171073 -1.568588 4.926288 -10.241854 16.168966 -38.598442 -13.968495 18.243002 -15.731444 12.252594 -13.068934 -16.373394 10.488081 -5.544809 -0.052252 -4.154378 
-51.752712 104.828712 15.005057 40.319116 69.469929 35.431845 3.546320 12.987325 -0.180524 -16.517182 4.713359 -22.816798 2.470478 20.546814 4.979113 -6.059914 13.018277 0.392878 2.649192 14.331310 2.539363 -3.302858 -4.105979 7.165257 3.613894 16.463135 2.795336 -7.042333 0.013312 -11.271851 0.577299 9.924006 3.290797 -6.314666 1.942568 10.474745 3.183578 11.779182 7.042433 -0.501149 20.862418 -0.302780 9.536764 -4.399354 13.876474 5.395688 23.817392 -8.679996 -25.919247 -12.503656 17.273375 -30.726774 -9.878305 -19.613448 -23.049564 -13.464193 13.405749 5.975522 5.951954 2.208740 -1.960332 13.947977 0.978387 3.852429 -6.286963 -17.994752 -7.725597 5.059023 -14.642189 4.420175 -27.836392 -0.235141 -30.773678 3.006595 12.380036 -29.164693 -11.461620 -44.767406 1.734410 -9.881785 28.050930 -3.223308 4.978990 0.460435 6.027013 -1.462774 7.805598 34.474089 -11.250869 39.393437 -32.163757 -13.004134 31.593046 0.854369 3.354244 4.641097 -27.215418 -30.478191 17.605589 2.801632 -3.639623 -3.541310 -14.228337 2.186139 18.553123 0.193597 7.171354 0.977866 -5.858490 1.541825 -8.014740 -17.887280 -5.174082 -9.199619 -7.585475 -46.388737 2.157833 -2.254114 5.573901 -9.546730 16.155752 -38.592064 -13.967490 19.149957 -14.679745 11.952770 -13.059620 -16.382372 10.498225 -5.664240 0.203157 -4.249087 
-53.902931 104.872032 13.834542 50.942382 72.505163 45.704392 3.552061 12.986139 -0.180147 -16.533687 5.286894 -23.644322 2.470166 20.538336 4.976892 -6.754573 13.449693 0.076562 2.653357 14.310761 2.547744 -3.696237 -3.534587 7.483803 3.614602 16.450365 2.805326 -8.111343 -0.012882 -12.781626 0.577744 9.926424 3.284692 -6.633216 2.865406 10.855480 3.185286 11.781974 7.045175 -0.275519 20.294895 -1.498490 9.530153 -4.401067 13.874504 3.468356 22.595278 -10.808015 -25.918076 -12.507425 17.265533 -29.616257 -8.923399 -18.382664 -23.058527 -13.467804 13.387628 5.684462 5.577003 3.034308 -1.965004 13.960372 0.987973 2.289548 -5.275860 -17.008928 -7.714220 5.059771 -14.633819 3.636122 -24.192119 0.908347 -30.779469 2.997469 12.381258 -30.049086 -12.041690 -46.036066 1.737370 -9.881500 28.057817 -3.501596 5.342414 0.399501 6.026121 -1.452793 7.808811 34.578287 -10.635492 39.543851 -32.161461 -13.011196 31.604797 -0.210994 4.220691 3.456568 -27.202393 -30.477875 17.607267 3.610373 -3.447107 -2.830127 -14.229091 2.190926 18.547562 -0.061948 7.528527 0.860202 -5.856557 1.561663 -8.018904 -18.503394 -4.807578 -8.016100 -7.584262 -46.393513 2.142027 -3.094935 6.600035 -8.999641 16.132385 -38.593670 -13.954171 19.399966 -13.946223 11.673208 -13.062434 -16.384546 10.500863 -5.819532 0.486118 -4.426548 
-55.237423 104.879662 12.705012 59.447371 74.111705 53.811109 3.553183 12.984168 -0.191683 -15.696953 5.783654 -23.830472 2.467850 20.537649 4.972134 -7.541431 13.583972 -0.067015 2.653699 14.302012 2.550946 -3.731409 -3.160243 7.842510 3.620829 16.447174 2.804938 -8.365452 0.279186 -13.695306 0.572812 9.920327 3.276411 -6.685229 3.458391 10.663720 3.188491 11.782789 7.053566 0.098804 19.384324 -2.206485 9.526278 -4.405413 13.869434 1.844594 22.375867 -12.765158 -25.906809 -12.505219 17.266645 -29.351826 -7.943078 -17.671847 -23.060440 -13.473400 13.381630 5.900101 5.039186 4.008831 -1.959108 13.967022 0.994784 1.581731 -3.746981 -15.766472 -7.711785 5.053627 -14.624950 3.408951 -21.660635 1.481174 -30.781481 2.993542 12.382215 -30.073337 -11.296699 -46.646070 1.738987 -9.889024 28.061413 -4.385720 5.166587 -0.029998 6.014877 -1.447613 7.814288 34.804404 -10.228859 39.273513 -32.166138 -13.018805 31.620344 -0.852693 4.706134 2.802042 -27.195007 -30.474636 17.603077 4.344023 -2.462099 -2.798823 -14.226902 2.187645 18.542261 -0.113443 7.017307 0.591866 -5.852140 1.566607 -8.020733 -18.854029 -4.861599 -6.815018 -7.583591 -46.403004 2.137445 -3.821045 6.864866 -8.706295 16.120270 -38.593060 -13.954461 20.221941 -13.325379 11.376341 -13.051954 -16.387749 10.502954 -5.470874 0.578074 -4.412315 
-55.555660 104.888741 11.546476 62.448365 74.128658 56.949690 3.562393 12.984272 -0.194129 -15.213825 6.055691 -24.041185 2.471862 20.537058 4.968281 -7.822740 13.998900 -0.008333 2.652699 14.292928 2.557785 -4.390035 -2.631521 8.173847 3.622004 16.440865 2.807185 -8.791361 0.318098 -13.966713 0.570425 9.917102 3.260957 -6.601480 3.419680 10.588502 3.194213 11.781995 7.064308 0.070810 18.815370 -2.101775 9.526529 -4.413445 13.861748 0.543120 21.935559 -14.016670 -25.903114 -12.502825 17.262894 -29.155738 -7.362291 -17.512958 -23.054247 -13.475387 13.379674 5.195503 5.112923 4.209353 -1.946941 13.973557 1.000064 0.877511 -3.448821 -14.316574 -7.710777 5.051611 -14.615146 4.657416 -19.013088 1.434497 -30.783949 2.987519 12.390673 -30.340660 -9.970583 -46.696689 1.743003 -9.896715 28.057922 -4.814310 4.694059 -0.010360 6.005869 -1.451122 7.813729 34.223643 -9.662179 39.299256 -32.163326 -13.019838 31.625193 -1.101915 5.072113 2.482631 -27.184017 -30.469185 17.596579 4.675001 -1.968018 -2.825120 -14.222910 2.186110 18.536249 0.136857 6.904887 0.442855 -5.847008 1.574252 -8.015538 -19.905248 -5.030176 -5.756433 -7.589304 -46.402363 2.135808 -4.584960 7.416547 -8.672422 16.120785 -38.599155 -13.947823 19.954650 -12.871151 10.991817 -13.043829 -16.383526 10.505846 -5.206042 0.571874 -4.805697 
-54.764610 104.925919 10.225170 58.875814 72.887326 53.533701 3.572188 12.982098 -0.201422 -14.641660 5.828735 -23.952399 2.465409 20.528646 4.969317 -8.216912 13.430437 -0.120315 2.655026 14.286849 2.562710 -4.226095 -2.254071 8.819152 3.616247 16.438568 2.806798 -8.057787 1.338348 -13.574145 0.575316 9.905776 3.249457 -6.683245 3.661475 9.604546 3.198950 11.779222 7.084791 0.282048 18.437761 -1.281898 9.530037 -4.428454 13.852328 -0.500806 21.927487 -15.645404 -25.894382 -12.491311 17.262232 -29.694647 -6.874612 -17.983733 -23.041859 -13.473264 13.370155 5.023606 4.758854 4.355264 -1.937855 13.975610 0.997928 0.697766 -3.454910 -12.699231 -7.710632 5.040311 -14.606042 6.052848 -16.706911 1.291046 -30.789062 2.990373 12.390824 -30.261457 -7.302189 -45.980731 1.746101 -9.904458 28.057316 -5.720009 3.924308 -0.127651 5.996552 -1.455394 7.816477 33.604698 -9.275679 38.627472 -32.159668 -13.019002 31.619133 -0.459237 5.387706 2.572913 -27.167604 -30.457174 17.574986 4.453890 -0.900987 -2.979554 -14.213228 2.178573 18.526247 0.695234 7.108661 0.432776 -5.845987 1.572146 -8.005493 -20.390051 -6.063463 -3.975873 -7.587873 -46.391010 2.145103 -5.138843 7.686679 -8.986697 16.129549 -38.602230 -13.945701 19.967510 -12.648891 10.976300 -13.027954 -16.370481 10.506184 -4.844604 0.626605 -5.086482 
-52.852837 104.972473 8.596233 49.486039 69.554685 44.952644 3.577235 12.973951 -0.210120 -13.798264 5.449042 -23.531535 2.459942 20.530239 4.976595 -8.231688 13.478856 0.251612 2.655372 14.283780 2.563519 -4.210372 -1.678295 9.291450 3.615479 16.450104 2.804614 -7.223255 1.767780 -12.756344 0.572715 9.892265 3.240672 -6.505295 3.545095 8.564142 3.217352 11.760936 7.100118 0.241928 17.838041 -0.124822 9.527348 -4.448649 13.837117 -0.945261 22.306749 -16.802650 -25.881859 -12.484358 17.262478 -30.754822 -7.584275 -19.624177 -23.026121 -13.474205 13.372421 4.234529 4.317013 4.049362 -1.914191 13.984700 0.998858 0.395333 -2.848738 -10.628650 -7.717538 5.025517 -14.596748 8.286559 -14.043353 0.730604 -30.796310 2.993962 12.401725 -29.750771 -3.113924 -44.166687 1.747237 -9.909609 28.053370 -5.974867 2.821892 -0.054810 5.978297 -1.468646 7.807118 33.183938 -7.987948 37.575627 -32.159584 -13.015058 31.614765 -0.444113 5.660953 2.687529 -27.161022 -30.450085 17.545546 4.423797 0.442596 -4.155709 -14.201425 2.172647 18.521833 1.516235 6.693047 0.035841 -5.836693 1.568954 -7.993990 -21.117951 -6.848532 -2.527391 -7.589841 -46.368980 2.158276 -5.613989 7.528745 -8.705715 16.156588 -38.613281 -13.960805 19.436253 -12.711365 11.343409 -13.018174 -16.365736 10.510714 -4.478175 0.530968 -5.048630 
-49.923466 104.987404 6.677339 36.414013 63.768279 34.099600 3.585485 12.982676 -0.222029 -12.505098 5.154287 -22.611519 2.450288 20.538628 4.980875 -7.943180 12.444174 0.623756 2.649672 14.288172 2.561924 -3.973927 -1.043108 9.570005 3.622766 16.464800 2.790573 -5.902760 1.867426 -11.478449 0.572806 9.875471 3.237478 -6.015033 3.189681 7.352616 3.227973 11.743688 7.121789 0.374450 16.599231 2.483720 9.536392 -4.476510 13.835911 -1.111103 22.628379 -16.943227 -25.870993 -12.471291 17.273651 -32.554574 -8.389210 -22.550720 -23.010744 -13.488507 13.381626 3.254938 3.934816 3.352086 -1.898463 13.986171 0.993221 0.864059 -1.867741 -8.692313 -7.733352 5.016807 -14.599061 11.499179 -11.598822 0.024849 -30.807226 2.995644 12.416234 -27.834406 1.742735 -40.332414 1.743107 -9.915600 28.043999 -6.721073 1.309381 0.181124 5.952365 -1.496387 7.795897 32.286683 -5.967194 35.776746 -32.160080 -13.005458 31.622053 -0.476665 5.752582 2.913254 -27.150070 -30.436468 17.509594 4.334375 2.175091 -5.155075 -14.190284 2.174432 18.519680 2.746855 6.654474 -0.660807 -5.845225 1.556204 -7.983745 -22.043862 -7.331962 -0.658807 -7.590678 -46.344044 2.195312 -5.884293 7.507568 -8.440080 16.203112 -38.633907 -13.973608 18.629903 -12.795909 11.703486 -13.000204 -16.360945 10.514896 -4.044574 0.739094 -4.692369 
-46.196285 104.888443 4.687916 27.866782 56.793023 26.463746 3.584558 12.991316 -0.233502 -10.448727 4.910004 -21.010651 2.450538 20.539946 4.983857 -7.097549 11.046279 0.457971 2.639366 14.301214 2.559471 -2.830001 -0.715113 9.461010 3.621298 16.481428 2.774437 -4.289389 1.218692 -10.195389 0.581039 9.855796 3.246752 -4.827217 2.561667 6.373408 3.232796 11.725522 7.128798 0.032582 16.292325 4.415974 9.547424 -4.494779 13.829988 0.676444 23.258140 -15.809641 -25.860659 -12.459128 17.303349 -34.107127 -9.314828 -24.657958 -22.997959 -13.491486 13.387664 2.400318 3.630546 2.618085 -1.882237 13.973061 0.987870 2.303225 -0.796056 -7.110754 -7.759330 5.017349 -14.614556 14.914242 -9.199760 -0.499858 -30.828939 2.998433 12.426391 -24.862146 6.632175 -34.817186 1.736925 -9.925495 28.042290 -7.194726 -0.017579 0.256126 5.934076 -1.513748 7.789638 31.271714 -4.199330 33.748607 -32.161736 -12.992899 31.630304 0.325510 5.733388 3.489723 -27.157196 -30.423473 17.484554 4.045819 3.528500 -5.609891 -14.188347 2.165284 18.523867 3.964102 6.635275 -1.376295 -5.849911 1.539175 -7.981783 -22.372384 -7.369244 0.290308 -7.587414 -46.325115 2.235656 -6.217480 7.256238 -8.112871 16.260296 -38.670258 -13.991794 17.839500 -13.005428 11.706971 -13.000532 -16.369034 10.515772 -3.883527 1.083066 -4.437361 
-42.039906 104.677170 3.050721 21.075035 50.119136 20.640529 3.574306 13.003428 -0.240696 -8.778867 4.141933 -18.956166 2.462978 20.538774 4.984377 -6.017396 9.600566 0.400637 2.628771 14.330623 2.555746 -1.071839 0.164091 8.936131 3.616749 16.495253 2.769170 -3.487607 0.245477 -9.220109 0.575118 9.839378 3.249245 -3.543139 2.178236 5.752346 3.214851 11.713164 7.126216 -0.190228 16.313267 5.893838 9.562342 -4.518261 13.824937 3.124292 23.273789 -14.141572 -25.861242 -12.441894 17.341080 -35.181253 -10.246978 -26.035327 -22.990803 -13.487767 13.404490 1.254687 3.286696 2.425282 -1.876881 13.958061 0.976274 4.579100 0.288703 -6.607717 -7.783584 5.029263 -14.638058 16.652346 -8.401887 -0.948252 -30.845617 2.997670 12.418846 -21.260564 9.589364 -29.382101 1.723813 -9.919156 28.041286 -7.459579 -0.206477 0.279498 5.928882 -1.515180 7.791753 30.016240 -2.896352 31.861682 -32.166550 -12.986996 31.641094 1.319011 6.084791 3.719939 -27.181461 -30.413774 17.465515 3.218049 4.045705 -5.635566 -14.179602 2.162851 18.523462 4.146947 6.216874 -1.502108 -5.852738 1.524330 -7.980439 -21.884432 -6.890093 0.900887 -7.582802 -46.297184 2.264931 -5.194633 6.668024 -8.445746 16.299662 -38.708157 -13.997418 16.627059 -13.554295 11.526783 -13.023962 -16.371929 10.516132 -3.485484 1.691495 -3.766831 
-37.865181 104.509041 1.895426 17.148904 44.583933 17.626768 3.567453 13.017609 -0.237643 -8.132156 2.799532 -17.409242 2.476129 20.539059 4.978047 -5.256304 8.160764 0.149352 2.636036 14.365240 2.553892 1.027399 0.392775 8.429866 3.610963 16.502312 2.773990 -2.380407 0.161238 -7.913978 0.572101 9.836450 3.249419 -2.381397 1.998273 5.204213 3.194215 11.709144 7.133299 -0.423125 16.233527 6.292901 9.582761 -4.539058 13.831404 5.387819 22.787753 -11.789083 -25.875162 -12.418719 17.369844 -35.078486 -10.761559 -26.259144 -22.988075 -13.494545 13.423535 0.660480 3.197078 2.492641 -1.886545 13.950488 0.966187 6.297431 1.052852 -6.815842 -7.807392 5.039343 -14.660501 17.312909 -8.197792 -1.321390 -30.858431 2.992206 12.419605 -18.352085 10.776730 -25.759536 1.711228 -9.909081 28.038277 -7.917438 -0.148014 0.029533 5.929614 -1.520669 7.798547 29.026265 -2.636223 31.008389 -32.170715 -12.986653 31.652578 2.213264 5.677114 3.154954 -27.198620 -30.416914 17.465391 2.783837 3.226314 -4.673199 -14.178162 2.163645 18.529772 4.307856 6.008444 -1.934706 -5.860469 1.508482 -7.983509 -21.136698 -6.182478 0.425132 -7.585930 -46.275017 2.274197 -3.449339 6.001907 -9.177855 16.323889 -38.730839 -13.998286 15.238003 -14.076337 11.117069 -13.043653 -16.383833 10.513765 -2.564612 2.305013 -3.248884 
-33.989159 104.509201 1.159204 15.900662 40.097100 16.364490 3.568123 13.027584 -0.226813 -8.080489 2.097906 -16.240356 2.490903 20.533257 4.965899 -4.381986 6.905858 0.057957 2.647182 14.381226 2.557604 2.275000 0.788263 7.486407 3.600305 16.497976 2.788617 -1.858903 0.196825 -6.847836 0.569292 9.841218 3.245571 -1.718273 1.761594 4.829827 3.174569 11.709283 7.135418 -1.031140 15.847594 6.378612 9.592810 -4.561149 13.831403 7.557690 21.953432 -9.949975 -25.887663 -12.394335 17.388681 -35.727692 -11.500223 -26.347586 -22.991821 -13.499559 13.426672 -0.118761 2.744365 2.575333 -1.897932 13.941984 0.957081 7.156293 1.134147 -6.809952 -7.820928 5.047098 -14.673355 17.677419 -8.762594 -1.543081 -30.869822 2.989495 12.420014 -15.847851 11.124998 -22.837629 1.701558 -9.900647 28.029774 -7.645961 -0.198740 0.034683 5.936702 -1.526019 7.804239 28.512845 -2.855504 30.329356 -32.173042 -12.994211 31.657421 2.063646 4.901407 1.748688 -27.203539 -30.414715 17.474228 2.699740 1.624007 -4.164756 -14.175132 2.165531 18.539091 4.081223 5.895780 -1.671320 -5.864257 1.506803 -7.981843 -20.030998 -4.996491 -0.724118 -7.594489 -46.262020 2.273061 -1.970701 5.474290 -9.354425 16.325638 -38.750256 -13.997671 14.039971 -14.904217 10.555823 -13.067592 -16.395082 10.509809 -2.023834 2.426450 -2.425681 
-30.647957 104.708466 0.755535 15.383749 35.672828 16.150647 3.564879 13.039825 -0.205236 -8.545725 1.840988 -16.091786 2.491949 20.530560 4.954278 -4.252853 5.481923 0.015299 2.648609 14.383658 2.557222 2.754612 0.441558 6.517659 3.596680 16.490492 2.806045 -1.158834 0.385376 -6.190078 0.569470 9.848591 3.247507 -0.719473 1.808938 4.020944 3.166269 11.709814 7.145462 -1.403546 15.712184 5.780201 9.600508 -4.579175 13.833657 9.203122 20.791837 -8.536101 -25.903275 -12.361115 17.394289 -34.724685 -12.219100 -25.732657 -22.990715 -13.493063 13.424500 -0.707336 2.755201 2.686633 -1.908786 13.946625 0.953289 7.508117 0.946182 -7.258971 -7.828999 5.044127 -14.672511 17.320713 -9.575139 -1.210253 -30.873562 2.991330 12.412280 -13.512295 11.284559 -20.449926 1.695093 -9.891194 28.023394 -7.182090 -0.641879 -0.064787 5.950414 -1.523235 7.806334 28.923577 -3.330913 30.112375 -32.169231 -12.997638 31.654272 1.535998 3.980204 0.152449 -27.189863 -30.413914 17.490089 2.563925 0.232475 -3.819456 -14.175238 2.168179 18.543821 3.721603 6.190877 -1.718206 -5.863811 1.509180 -7.977483 -18.575437 -3.954305 -1.816600 -7.603676 -46.262054 2.260286 -0.812515 4.771203 -9.611459 16.320993 -38.749367 -13.998004 13.495880 -15.738658 10.109501 -13.072237 -16.405926 10.506403 -1.235664 2.465260 -1.613823 
-28.018486 105.077621 0.614932 14.912232 32.866962 16.203133 3.558887 13.049353 -0.191298 -9.007945 2.205435 -16.373082 2.487117 20.528057 4.942271 -3.722125 4.970013 0.050906 2.651495 14.388669 2.565334 2.404765 0.421961 6.217553 3.590386 16.483778 2.816794 -0.940220 0.862822 -5.710880 0.569257 9.842466 3.246364 -0.149214 1.585272 3.591812 3.159732 11.716244 7.147662 -1.605246 16.094373 5.461865 9.606005 -4.587956 13.834762 10.488462 20.199699 -7.687259 -25.908285 -12.338245 17.407488 -34.439508 -12.961313 -25.810919 -22.988762 -13.498165 13.426087 -1.310938 2.425526 2.568793 -1.912511 13.949298 0.954007 7.433447 0.522443 -7.434759 -7.829402 5.045361 -14.668226 17.148320 -10.129068 -0.960303 -30.875664 2.993010 12.404326 -11.991974 11.914129 -18.075293 1.699580 -9.890182 28.026880 -6.750717 -0.783660 -0.075560 5.958273 -1.517261 7.810060 29.436053 -4.202800 30.121373 -32.166641 -13.001363 31.652157 0.319863 3.050974 -1.729339 -27.183722 -30.414221 17.494274 2.971333 -1.124825 -3.616619 -14.182788 2.169245 18.542500 3.471521 6.569138 -1.847402 -5.860524 1.513340 -7.977010 -17.680059 -3.488008 -2.993666 -7.613774 -46.268196 2.249488 -1.325498 4.424828 -10.058376 16.310913 -38.751465 -14.004093 13.087915 -16.092265 9.758214 -13.078856 -16.414196 10.504829 -0.924340 2.350879 -1.343496 
-26.114874 105.513710 0.634736 14.729761 29.830458 15.935566 3.556003 13.055548 -0.182002 -9.541647 2.117313 -16.722458 2.488136 20.529701 4.937959 -3.535148 4.003135 0.010875 2.651029 14.383629 2.559809 2.430948 -0.209866 5.749964 3.584789 16.481138 2.816964 -0.688347 1.196048 -5.129566 0.574883 9.844507 3.248003 0.182548 1.179596 3.328991 3.160826 11.713804 7.158304 -1.760622 16.420381 5.241838 9.606873 -4.594963 13.836145 11.169185 19.681699 -6.725678 -25.916172 -12.322719 17.410080 -33.895466 -13.852698 -25.814574 -22.979519 -13.497775 13.421249 -1.549751 2.383414 2.126124 -1.918861 13.953203 0.950664 7.498473 0.042668 -7.826305 -7.827926 5.037880 -14.663768 16.859760 -10.988885 -0.621156 -30.887745 2.996759 12.403217 -10.468219 11.996866 -16.638674 1.705253 -9.885934 28.021118 -6.342565 -0.763451 0.055100 5.965779 -1.518504 7.808924 29.691898 -5.155924 30.226995 -32.167084 -13.007757 31.639067 -0.383600 2.383382 -2.868260 -27.171751 -30.414564 17.496159 2.981540 -1.640356 -3.064166 -14.180670 2.168304 18.543423 3.083554 6.698892 -1.669334 -5.865871 1.514908 -7.971413 -16.760659 -3.140341 -3.328937 -7.623141 -46.264538 2.240807 -1.944696 3.739027 -10.695720 16.301016 -38.750267 -14.009689 12.769388 -16.038425 9.786895 -13.081270 -16.420233 10.505482 -0.456325 2.182360 -1.034233 
-24.873152 105.928940 0.750507 14.864749 28.471924 15.550410 3.548976 13.060967 -0.174300 -9.742389 2.085829 -17.034902 2.484991 20.530645 4.928174 -3.743697 3.658337 0.115038 2.655035 14.381323 2.563257 2.400145 -0.034967 5.576765 3.582872 16.478069 2.813904 -0.284656 1.280059 -4.406262 0.569355 9.838723 3.251639 0.140658 1.214636 3.480699 3.159644 11.710946 7.156119 -2.114009 16.739108 4.956647 9.607751 -4.596998 13.837487 11.721806 19.652872 -6.197329 -25.917391 -12.310644 17.408665 -34.220214 -14.661901 -26.201984 -22.972694 -13.499515 13.417024 -1.692871 2.143008 2.123137 -1.918946 13.945898 0.945888 7.826912 -0.143234 -8.477901 -7.827573 5.038176 -14.664078 16.743807 -11.636656 -0.722135 -30.885250 3.011127 12.398049 -9.721223 12.367585 -15.438613 1.702087 -9.886533 28.020275 -6.324926 -0.574100 -0.058877 5.967812 -1.516508 7.816902 30.288737 -5.665334 31.066480 -32.164375 -13.015599 31.632120 -1.569301 1.943910 -3.830012 -27.168016 -30.414351 17.500265 3.049223 -2.130245 -3.220210 -14.182174 2.163563 18.543743 2.921029 6.855552 -1.563847 -5.861628 1.514181 -7.971714 -16.007047 -2.859761 -4.111172 -7.626892 -46.261784 2.242194 -2.771936 3.461427 -11.103268 16.291508 -38.745216 -14.013623 12.927006 -16.226859 10.040517 -13.086888 -16.414898 10.504341 -0.525830 2.320616 -1.043187 
-24.189737 106.242722 0.864378 14.903022 27.547623 15.491873 3.555100 13.065989 -0.171424 -10.074789 2.212141 -17.009843 2.482970 20.531218 4.923882 -3.498640 3.729066 0.341241 2.653598 14.381411 2.560188 2.175643 -0.132736 5.022825 3.584167 16.476589 2.815925 -0.142686 1.822866 -4.020040 0.569906 9.838992 3.248153 0.376143 1.065652 3.377668 3.162989 11.709723 7.153390 -2.406663 17.060235 5.214276 9.613890 -4.601037 13.832400 12.286002 19.594998 -5.650966 -25.912731 -12.306542 17.413637 -34.387168 -15.009588 -26.382864 -22.970882 -13.501308 13.420615 -1.946281 2.180995 1.863769 -1.917481 13.948431 0.946232 7.618381 -0.693277 -8.273364 -7.833700 5.035287 -14.661973 16.615446 -12.123307 -0.715172 -30.888945 3.009126 12.393802 -9.094792 12.702185 -14.418348 1.710405 -9.890460 28.019012 -6.143820 -0.878477 0.159376 5.969599 -1.515937 7.814750 30.545603 -6.138645 30.951347 -32.163498 -13.016591 31.629784 -2.125618 1.360756 -4.358263 -27.164694 -30.416737 17.498552 3.247009 -2.367382 -3.169412 -14.186415 2.163374 18.542416 2.962752 6.920857 -1.357600 -5.856389 1.513975 -7.969127 -15.546706 -3.138210 -4.327427 -7.627921 -46.263649 2.240543 -3.485623 3.189752 -11.138990 16.288708 -38.742966 -14.016439 13.149968 -16.138159 9.634871 -13.081191 -16.419298 10.507999 -0.363858 2.086610 -1.085419 
-23.973650 106.407219 0.950115 14.922761 26.895207 15.660321 3.553084 13.065980 -0.175269 -10.202655 2.015719 -17.334055 2.481156 20.535791 4.925161 -3.787356 3.460370 0.112685 2.657649 14.382235 2.564871 2.246767 -0.332068 5.430853 3.579852 16.477303 2.814191 -0.027373 1.690510 -3.984969 0.569334 9.832510 3.254770 0.581857 1.174368 3.117178 3.160879 11.703327 7.158021 -2.313398 17.459569 4.715854 9.601537 -4.600228 13.838402 12.146307 19.464164 -5.394281 -25.915169 -12.306118 17.407866 -34.106802 -15.492003 -26.385656 -22.971392 -13.500386 13.420250 -1.608863 2.161218 1.933572 -1.916825 13.951488 0.948841 7.700074 -0.307787 -8.729409 -7.828618 5.035217 -14.660927 16.320131 -12.590753 -0.319040 -30.888336 3.015192 12.393476 -8.960009 12.871768 -14.462681 1.706337 -9.884756 28.019882 -6.358800 -0.760020 0.156599 5.971074 -1.517390 7.823699 31.054148 -6.248208 31.491649 -32.165836 -13.016101 31.623459 -2.546782 1.490010 -4.587792 -27.164154 -30.416708 17.496492 3.032376 -2.281599 -3.344806 -14.178902 2.157399 18.539181 2.955942 7.198222 -1.869022 -5.862205 1.514832 -7.968236 -15.320061 -3.002742 -4.350982 -7.631752 -46.262409 2.232725 -3.613827 3.141138 -11.305222 16.290783 -38.740093 -14.016485 13.312444 -16.288804 10.252828 -13.086837 -16.418364 10.506510 -0.220684 2.287540 -1.162412 
-24.192934 106.414795 0.979736 15.101883 27.229736 15.603057 3.549765 13.063754 -0.173945 -10.198189 2.016387 -17.491800 2.479173 20.532595 4.922010 -3.634196 3.813420 0.162276 2.657813 14.380287 2.562354 2.089237 -0.304422 5.491537 3.577699 16.477650 2.811641 -0.053256 1.548507 -4.112183 0.572318 9.833411 3.252853 0.164439 1.195803 3.169215 3.164190 11.700038 7.158216 -2.339704 17.458199 4.621621 9.603509 -4.596102 13.836639 11.900589 19.470994 -5.709561 -25.914341 -12.306139 17.407057 -34.258627 -15.300945 -26.304445 -22.966059 -13.499167 13.411159 -1.798820 2.258682 1.990368 -1.921210 13.948126 0.941746 7.787367 -0.533981 -8.543776 -7.826066 5.032077 -14.657206 16.298462 -12.747778 -0.285436 -30.887806 3.015037 12.391607 -9.161962 12.935013 -14.720442 1.706265 -9.887514 28.018097 -6.275054 -0.508169 0.332006 5.974652 -1.517182 7.819485 30.837546 -6.530116 31.472480 -32.165169 -13.016828 31.620600 -2.625007 1.622556 -4.571528 -27.161348 -30.411755 17.501986 2.989320 -2.320721 -3.238369 -14.181457 2.158796 18.539640 2.837485 6.832984 -1.711791 -5.860130 1.517658 -7.969210 -15.276596 -2.943465 -4.285586 -7.629657 -46.260891 2.235618 -3.753570 3.253060 -11.260812 16.286362 -38.741154 -14.014092 13.366820 -16.229619 10.117318 -13.082956 -16.414839 10.506214 -0.429471 2.220390 -1.038238 
-24.829496 106.293655 0.964224 15.130565 28.035766 15.397535 3.556935 13.064399 -0.179723 -10.170091 2.064305 -17.105056 2.483979 20.531815 4.927830 -3.811226 3.960837 0.129497 2.657969 14.386407 2.564092 2.164370 -0.048760 5.698443 3.582820 16.483500 2.811662 -0.143717 1.629382 -4.326224 0.570311 9.837912 3.250041 0.332203 1.250777 3.692247 3.166844 11.707918 7.153897 -2.279773 17.061572 4.893144 9.608557 -4.597688 13.836913 11.882708 19.836618 -5.683004 -25.915194 -12.312796 17.409214 -34.229196 -14.925473 -26.310071 -22.974436 -13.506395 13.418128 -1.857493 2.095213 2.152542 -1.913424 13.948471 0.941561 7.789093 -0.326276 -8.342710 -7.828412 5.033197 -14.656667 16.615260 -12.312008 -0.848378 -30.888279 3.011549 12.398923 -9.966863 12.812393 -15.164195 1.712266 -9.888561 28.022385 -6.238696 -0.482229 0.168665 5.969860 -1.517234 7.816409 30.757322 -6.316953 31.337721 -32.164326 -13.015097 31.627087 -2.270512 1.565384 -4.107681 -27.170050 -30.416979 17.501289 2.981905 -2.244424 -3.281237 -14.182535 2.162018 18.547407 2.982984 6.813412 -1.449323 -5.858117 1.514863 -7.971562 -15.731222 -3.288293 -4.037955 -7.630661 -46.269955 2.240064 -3.670750 3.433310 -11.243096 16.291172 -38.740845 -14.013398 13.234677 -16.359319 9.927475 -13.085893 -16.417736 10.507977 -0.516630 2.254014 -1.156132 
-25.917540 106.106064 0.957436 14.816975 29.010914 15.280253 3.559620 13.057941 -0.183042 -10.086680 2.097509 -16.925941 2.485352 20.530581 4.933040 -3.597981 4.255465 0.256704 2.657187 14.381829 2.564762 2.157444 0.046840 5.478295 3.586072 16.481052 2.812762 -0.355799 1.277304 -4.521122 0.572489 9.836148 3.249381 0.077686 1.599144 3.685376 3.162455 11.703837 7.152096 -1.941481 16.744303 5.288308 9.601977 -4.594648 13.830544 11.454183 20.148585 -6.231039 -25.910925 -12.324591 17.404989 -34.351671 -14.741172 -26.158581 -22.977184 -13.502244 13.418103 -1.717766 2.262106 2.084370 -1.911754 13.947893 0.948075 7.508016 -0.303360 -8.114692 -7.829364 5.032880 -14.661607 16.341323 -11.756486 -0.526699 -30.887335 3.007353 12.394977 -10.543868 12.627736 -16.346154 1.710670 -9.886910 28.019672 -6.389666 -0.508255 0.120729 5.967373 -1.514480 7.814101 30.548328 -5.894344 31.124325 -32.162415 -13.010201 31.628267 -1.540536 1.875187 -3.556347 -27.175562 -30.418383 17.495731 3.039359 -1.620720 -3.221452 -14.176573 2.160388 18.540787 3.130904 6.834332 -1.121383 -5.856315 1.516582 -7.976809 -16.245410 -3.418909 -3.836087 -7.620677 -46.265049 2.244176 -3.669751 3.734061 -11.056604 16.292229 -38.738632 -14.011192 13.389960 -16.129931 10.035805 -13.086441 -16.418314 10.504559 -0.656031 2.217452 -1.152890 
-27.418612 105.953148 1.028822 14.992820 30.759771 15.539063 3.561107 13.051319 -0.186310 -9.747809 2.156182 -17.101218 2.488290 20.529564 4.941590 -3.857513 4.763207 0.196007 2.656880 14.386548 2.565562 1.857224 -0.029656 6.126823 3.586951 16.484074 2.810132 -0.560040 1.165307 -4.937911 0.567770 9.840882 3.248302 -0.151725 1.510576 3.758864 3.166723 11.706264 7.151995 -1.999173 16.811841 5.042593 9.604863 -4.587811 13.834698 10.704152 20.083528 -6.864094 -25.908756 -12.334266 17.402227 -34.121815 -14.142092 -26.132447 -22.982216 -13.502761 13.420955 -1.313410 2.371046 2.411250 -1.912488 13.951616 0.951163 7.006043 0.144260 -7.899053 -7.823763 5.034363 -14.659028 16.073967 -11.073454 -0.493063 -30.881069 3.002503 12.402277 -11.663608 12.593965 -17.690449 1.704789 -9.889398 28.023502 -6.810655 -0.382278 0.209887 5.964356 -1.515797 7.814143 30.208482 -5.428891 31.279309 -32.163658 -13.008685 31.641247 -1.407925 2.481933 -3.093059 -27.178551 -30.418673 17.494617 3.065207 -1.394571 -3.469870 -14.181559 2.163258 18.543051 3.144491 6.901922 -1.717228 -5.854802 1.514899 -7.976218 -16.649189 -3.808784 -3.520703 -7.616354 -46.269455 2.241996 -3.385470 3.896412 -10.601671 16.298311 -38.741009 -14.004883 13.660231 -15.915353 10.198626 -13.077175 -16.416925 10.505378 -0.810270 2.206915 -1.347938 
-29.183546 105.884666 1.196585 15.756405 32.662255 15.854720 3.562480 13.040870 -0.197120 -9.391307 2.023864 -16.754545 2.489366 20.524679 4.945978 -4.107825 5.135981 0.164198 2.659197 14.388749 2.565639 1.959291 0.265714 6.688247 3.591429 16.488054 2.801857 -0.756012 1.009505 -5.178710 0.571196 9.836949 3.250973 -0.302944 1.766789 4.075843 3.164007 11.703027 7.149242 -1.880049 16.766265 5.422970 9.598630 -4.580189 13.834464 10.036663 20.919935 -7.422093 -25.905449 -12.348735 17.397161 -34.714911 -13.607864 -26.056152 -22.983131 -13.501849 13.417961 -0.943968 2.427192 2.725427 -1.912434 13.945630 0.949691 6.876727 0.321852 -8.143793 -7.823913 5.038144 -14.660209 15.907022 -10.843180 -0.283643 -30.883274 3.002977 12.401248 -12.919698 12.504178 -19.296835 1.703440 -9.893753 28.024799 -7.489308 -0.396213 -0.048197 5.961064 -1.520580 7.820190 30.029056 -5.257814 31.691692 -32.163059 -13.008550 31.646130 -0.674466 3.013649 -2.137369 -27.187147 -30.415356 17.489319 2.806808 -0.556379 -3.592928 -14.176367 2.158883 18.540628 3.509863 6.427257 -1.139552 -5.855603 1.514234 -7.982041 -17.292289 -4.065388 -2.906579 -7.610503 -46.268162 2.253136 -3.927947 4.277556 -10.655484 16.302040 -38.738522 -13.997753 13.823149 -15.769804 10.472555 -13.076827 -16.409050 10.502752 -1.237079 2.410929 -1.597935 
-30.944584 105.921951 1.461483 15.595103 34.351938 15.434667 3.568923 13.037504 -0.207896 -9.507558 1.815439 -16.707478 2.491101 20.522732 4.955710 -4.661523 5.777634 -0.034566 2.658834 14.390302 2.564367 1.879116 0.555555 7.024339 3.598470 16.491186 2.798094 -1.053629 0.927966 -5.418119 0.565428 9.833064 3.250961 -0.300291 1.965881 4.705853 3.166986 11.704646 7.146612 -1.523297 16.858167 5.643549 9.595496 -4.573054 13.831088 8.920580 21.532055 -7.982187 -25.891542 -12.367164 17.391523 -34.780884 -13.411318 -26.067200 -22.986046 -13.499291 13.422857 -0.538059 2.731487 2.688862 -1.904056 13.948105 0.952191 6.892664 0.878875 -8.029286 -7.823233 5.039246 -14.657086 15.572842 -10.243677 -0.511537 -30.875605 2.996078 12.404353 -14.325359 12.620470 -20.933362 1.707479 -9.894683 28.023308 -7.696736 -0.241385 0.110564 5.953290 -1.519496 7.818250 30.116869 -5.274688 32.263737 -32.159031 -13.004087 31.645962 -0.405094 3.421954 -1.465240 -27.189247 -30.421600 17.486465 3.107341 0.194075 -3.602467 -14.169949 2.157215 18.533970 3.823390 6.402508 -1.054825 -5.848547 1.505947 -7.990595 -17.809455 -4.473641 -2.551792 -7.604683 -46.267284 2.256936 -4.617915 4.601373 -10.892198 16.301689 -38.722115 -13.994927 14.482704 -15.370787 10.002273 -13.072849 -16.405331 10.496810 -1.422604 2.137175 -1.989922 
-32.480946 106.032562 1.780308 15.909691 35.607217 15.343743 3.571398 13.028366 -0.215832 -9.318590 2.291002 -17.061112 2.482007 20.520298 4.959650 -4.805188 6.442536 0.019631 2.657259 14.393450 2.568645 1.758105 0.659413 7.470497 3.597342 16.486464 2.793252 -1.376596 1.365147 -5.414122 0.566200 9.825795 3.248688 -0.423475 1.935223 4.746035 3.170346 11.702400 7.142959 -1.132727 16.908903 5.871010 9.596303 -4.566185 13.829763 8.255651 22.009644 -8.490028 -25.883863 -12.378126 17.387608 -34.843896 -13.289251 -26.632921 -22.988306 -13.503948 13.416947 -0.488968 2.624001 2.785396 -1.906906 13.944300 0.950945 6.418082 0.847123 -8.081885 -7.817456 5.041117 -14.653119 15.300822 -10.400905 -0.182944 -30.867027 2.998701 12.404219 -15.314833 12.565647 -22.268879 1.711140 -9.904033 28.024063 -7.871297 -0.177782 0.366262 5.947728 -1.519836 7.816950 30.269390 -5.140311 32.482771 -32.161419 -13.002347 31.646141 -0.475986 3.539855 -1.339455 -27.194714 -30.426830 17.484310 3.402097 0.866288 -3.803458 -14.170700 2.153816 18.528278 3.760365 6.271265 -0.982259 -5.842493 1.505857 -7.996776 -18.178075 -4.998451 -2.296172 -7.596388 -46.265892 2.256333 -5.457506 4.731994 -10.932350 16.295233 -38.718307 -13.997987 14.872080 -14.940060 10.135137 -13.069093 -16.395391 10.495946 -1.677961 2.190123 -2.263522 
-33.612507 106.157547 2.066933 15.699675 36.825180 15.201600 3.576622 13.024067 -0.218359 -9.394231 2.271209 -17.324143 2.481131 20.520113 4.967847 -5.080910 7.066314 0.054672 2.660314 14.385550 2.566243 1.535670 0.618801 7.887747 3.605353 16.484177 2.789177 -1.144556 1.724328 -5.506746 0.566308 9.823436 3.247494 -0.777087 2.214285 5.327061 3.169634 11.698935 7.139534 -1.020866 17.027578 6.158175 9.589458 -4.557751 13.825046 7.339205 22.746234 -9.179361 -25.879162 -12.382927 17.376917 -35.117069 -13.415292 -26.357065 -22.986443 -13.501807 13.414052 -0.198470 2.397737 2.838149 -1.900964 13.939729 0.953083 6.162855 0.719110 -8.358098 -7.812395 5.037176 -14.648841 14.456874 -10.419588 -0.117246 -30.864836 2.994814 12.403150 -16.122252 12.576803 -23.499332 1.713727 -9.905022 28.024509 -8.372258 -0.250438 0.377498 5.946865 -1.520829 7.821323 30.342620 -5.322198 33.167614 -32.161358 -12.999685 31.638617 -0.276565 3.824740 -1.131811 -27.191053 -30.422758 17.476601 2.976327 1.685249 -3.832170 -14.167083 2.146026 18.524584 3.945714 6.220897 -0.814458 -5.838598 1.501781 -7.996397 -18.533715 -5.577204 -1.872480 -7.593845 -46.265121 2.261864 -6.446704 5.072161 -10.942579 16.293850 -38.706005 -13.994622 15.384542 -14.432733 10.367320 -13.065220 -16.389330 10.497084 -1.837396 1.992678 -2.451320 
-34.276043 106.259003 2.266809 16.193513 36.959841 15.156760 3.576123 13.017662 -0.220459 -9.459143 2.273610 -17.441503 2.477414 20.519096 4.965854 -5.333911 7.398977 -0.012102 2.657598 14.387955 2.565944 1.266915 0.597724 7.947743 3.608854 16.483477 2.785804 -1.448789 1.737271 -5.643237 0.570013 9.819023 3.248421 -0.799194 2.366528 5.185599 3.170005 11.698434 7.139898 -1.214078 17.216241 5.869331 9.588335 -4.551792 13.824692 6.933209 22.755428 -9.244092 -25.879580 -12.387439 17.376604 -35.293111 -13.487163 -26.157352 -22.985680 -13.499118 13.410031 0.011878 2.578527 3.093624 -1.902862 13.941195 0.951803 5.954501 0.746598 -8.410296 -7.811095 5.032810 -14.644512 14.219572 -10.300138 0.145756 -30.864367 2.998437 12.398808 -16.453980 12.428759 -24.210599 1.711597 -9.907973 28.020319 -8.463742 -0.187068 0.409969 5.949060 -1.520584 7.823428 30.459632 -5.289244 33.433909 -32.158043 -13.002069 31.635998 -0.342576 3.905794 -1.370552 -27.191029 -30.423725 17.477142 3.030081 1.805150 -3.712444 -14.165956 2.143864 18.523115 4.031937 6.149881 -0.758558 -5.839661 1.504253 -7.995854 -18.369821 -5.661883 -1.754518 -7.589637 -46.262020 2.258901 -7.046725 5.050697 -11.279070 16.287325 -38.702175 -13.996202 15.285477 -14.205989 10.598730 -13.063336 -16.383902 10.497640 -1.988588 2.013021 -2.419868 
-34.504108 106.307281 2.344557 15.783592 36.668086 14.954144 3.572260 13.017789 -0.221341 -9.605462 2.558210 -17.550461 2.477455 20.516510 4.964650 -5.703660 7.143855 -0.008565 2.661108 14.386550 2.570072 0.964897 0.788289 7.898076 3.606815 16.481174 2.787771 -1.813013 1.494237 -5.499646 0.566986 9.818250 3.248859 -0.904356 2.352579 5.353175 3.172517 11.701972 7.135031 -1.063032 17.231237 5.852413 9.588583 -4.556456 13.832243 6.917940 22.973483 -9.207292 -25.877947 -12.390893 17.370735 -35.387323 -13.417476 -26.689355 -22.991653 -13.498776 13.411400 0.025304 2.530051 2.982023 -1.901221 13.938553 0.953121 5.792146 0.819194 -8.660288 -7.806260 5.038696 -14.641159 14.278801 -10.470930 0.079783 -30.863470 3.002081 12.405228 -16.953334 12.298201 -24.579093 1.711705 -9.906462 28.021286 -8.618807 0.079127 0.437398 5.947901 -1.516241 7.822775 30.604739 -5.612165 33.782334 -32.155190 -13.003554 31.640152 -0.457694 3.779362 -1.226673 -27.193563 -30.427065 17.479305 3.298503 1.361788 -4.051915 -14.164742 2.146489 18.517286 3.835922 6.216082 -0.655387 -5.840573 1.507734 -7.993092 -18.555303 -5.603535 -1.836031 -7.589367 -46.265408 2.254919 -7.037614 4.979133 -11.150108 16.283033 -38.698376 -13.991845 15.558910 -14.346580 10.523112 -13.064731 -16.386269 10.496492 -1.903010 2.080985 -2.269877 
-34.424889 106.316978 2.318876 16.052399 36.736866 14.597736 3.578556 13.016460 -0.224108 -9.465988 2.390129 -17.447580 2.478247 20.516785 4.963096 -5.647725 7.232528 0.011235 2.662114 14.388551 2.570826 1.186550 0.514873 7.654380 3.604712 16.481627 2.788551 -1.646785 1.795760 -5.871136 0.568259 9.821491 3.244409 -0.715472 2.547327 5.363347 3.170870 11.699821 7.136989 -1.257084 17.126218 5.722503 9.589458 -4.555891 13.826005 7.151672 22.757816 -9.309563 -25.874741 -12.389337 17.369217 -35.392377 -13.393979 -26.423140 -22.993805 -13.500136 13.409599 0.026689 2.540664 3.095469 -1.905241 13.940867 0.950761 5.944583 0.531945 -8.353619 -7.810837 5.035545 -14.640171 14.380945 -10.348403 0.033637 -30.864584 2.998477 12.403356 -16.801147 12.432603 -24.560966 1.715519 -9.912726 28.022848 -8.592792 -0.179895 0.373506 5.945485 -1.522156 7.820632 30.602365 -5.331233 33.629017 -32.158306 -13.002462 31.642826 -0.329322 3.641548 -1.198693 -27.191750 -30.427139 17.480003 3.352018 1.393749 -3.847330 -14.164669 2.149759 18.518017 4.007062 6.085393 -0.557846 -5.841431 1.507128 -7.994622 -18.386576 -5.706442 -2.200372 -7.588951 -46.265816 2.260151 -7.155848 5.030699 -11.228084 16.283251 -38.697578 -13.992409 15.629221 -14.288343 10.175397 -13.066310 -16.384033 10.498713 -2.059438 2.007387 -2.369966 
-34.183598 106.301163 2.250359 15.980438 36.486758 14.994934 3.579840 13.022751 -0.221074 -9.611335 2.273507 -17.500903 2.475795 20.521580 4.967156 -5.753413 7.280631 0.035871 2.662733 14.387635 2.573350 1.159510 0.633605 8.001207 3.602655 16.484955 2.789136 -1.469331 1.829875 -5.603219 0.569190 9.825418 3.246500 -1.047577 2.316499 5.231170 3.171985 11.698387 7.137489 -1.423389 17.336227 5.779809 9.588757 -4.554418 13.829781 7.296115 22.626965 -8.886256 -25.876869 -12.385231 17.367626 -35.041285 -13.325247 -26.542431 -22.992798 -13.498083 13.410643 -0.059868 2.549230 3.010208 -1.904241 13.942200 0.953257 5.862614 0.354243 -8.382467 -7.808161 5.039220 -14.643863 14.560059 -10.289060 0.164318 -30.861217 2.998398 12.401496 -16.763820 12.311898 -24.375668 1.714129 -9.905888 28.023691 -8.288456 -0.072003 0.524474 5.947994 -1.520923 7.824217 30.572961 -5.402388 33.822940 -32.156223 -12.996385 31.637163 -0.535951 3.813859 -1.509031 -27.191780 -30.423077 17.478197 2.986243 1.123646 -4.186409 -14.163754 2.147863 18.522203 3.976629 6.399877 -0.950144 -5.844250 1.506953 -7.993094 -18.540781 -5.604274 -2.028699 -7.590955 -46.261906 2.255953 -6.774247 5.134821 -11.335800 16.289728 -38.699810 -13.989936 15.384981 -14.287340 10.452253 -13.064653 -16.383450 10.499470 -2.108388 2.248483 -2.299639 
-33.970093 106.297195 2.195440 16.675610 36.918351 15.097682 3.576318 13.021027 -0.223306 -9.358249 2.205213 -17.239058 2.485551 20.515015 4.963491 -5.501019 7.108766 0.092298 2.665082 14.386812 2.569559 1.302672 0.699772 7.850389 3.604548 16.483484 2.783091 -1.546047 1.880220 -5.574709 0.564705 9.822729 3.246741 -0.764179 2.459206 5.515573 3.167186 11.697382 7.137713 -1.322812 16.835219 6.146096 9.591243 -4.554459 13.828079 7.085608 22.603876 -9.252974 -25.877062 -12.389544 17.377560 -35.227879 -13.310733 -26.369427 -22.986839 -13.497860 13.411276 -0.013130 2.439139 3.010722 -1.903850 13.940660 0.951673 5.990747 0.540568 -8.287039 -7.812526 5.038561 -14.644932 14.447225 -10.227973 -0.026646 -30.866779 3.000431 12.401793 -16.382156 12.574774 -24.069769 1.712957 -9.909707 28.023489 -8.432918 -0.062271 0.247093 5.943788 -1.522083 7.818724 30.579392 -5.294267 33.504178 -32.158657 -13.004110 31.641787 -0.462879 3.861838 -1.553478 -27.190247 -30.420301 17.476614 3.303915 1.338149 -3.570725 -14.166958 2.150369 18.523069 3.946566 6.093087 -0.436598 -5.837475 1.504913 -7.997448 -18.196951 -5.440378 -2.127167 -7.588845 -46.261738 2.264758 -6.906024 4.902009 -11.253740 16.286554 -38.699574 -13.992146 15.586041 -14.328647 10.430342 -13.066345 -16.389153 10.492375 -2.176915 1.994437 -2.034245 
-33.978531 106.299164 2.196354 16.415721 36.723782 15.177679 3.578256 13.020345 -0.222005 -9.488483 2.280291 -17.482245 2.482987 20.518118 4.964591 -5.522704 7.223599 0.021740 2.664441 14.386185 2.571187 1.315492 0.575612 7.885330 3.606552 16.484512 2.787602 -1.691390 1.695782 -5.660005 0.565753 9.823721 3.246737 -0.926792 2.458916 5.427927 3.171670 11.697762 7.138110 -1.285579 17.060851 5.897193 9.591280 -4.556028 13.831184 7.139469 22.569202 -9.131454 -25.878826 -12.386082 17.376019 -35.234661 -13.266815 -26.301160 -22.990559 -13.497736 13.415184 -0.146883 2.603088 3.009173 -1.899492 13.943982 0.950728 5.992368 0.599802 -8.354558 -7.812531 5.036735 -14.641297 14.634568 -10.372603 -0.213335 -30.864847 2.998969 12.403027 -16.604193 12.610830 -24.065955 1.712939 -9.909300 28.023117 -8.438040 0.088805 0.353092 5.943447 -1.521145 7.815545 30.528145 -5.407904 33.575622 -32.158295 -13.003489 31.639759 -0.625670 3.827067 -1.388351 -27.191191 -30.423658 17.477621 3.274555 1.194388 -3.701619 -14.167379 2.154644 18.522789 3.991216 6.342703 -0.622462 -5.840458 1.506727 -7.994126 -18.363476 -5.565803 -2.180365 -7.591425 -46.266804 2.262837 -6.724769 4.895139 -11.137177 16.286213 -38.702015 -13.990087 15.711344 -14.321641 10.326128 -13.065912 -16.389988 10.497113 -1.933515 1.973591 -2.169419 
-34.386711 106.303841 2.291052 16.121149 37.146243 14.989041 3.577914 13.018703 -0.221915 -9.720247 2.445461 -17.652556 2.478037 20.519762 4.969531 -5.693863 7.337961 -0.217809 2.664600 14.386261 2.571824 1.073467 0.397674 7.836046 3.606169 16.485296 2.784181 -1.339397 1.759921 -5.566138 0.569426 9.822626 3.243055 -1.168636 2.399730 5.287620 3.171983 11.696546 7.139064 -1.277171 17.295989 5.792219 9.591208 -4.549686 13.829697 7.175101 22.690655 -9.158589 -25.874107 -12.387362 17.369186 -35.283828 -13.584436 -26.259892 -22.992172 -13.504533 13.408906 0.031900 2.324697 3.088517 -1.901605 13.940191 0.949526 5.982439 0.363615 -8.355883 -7.806306 5.034712 -14.635724 14.356342 -10.111041 0.002308 -30.858006 3.001422 12.404095 -16.839635 12.570958 -24.327749 1.713740 -9.912367 28.023993 -8.419918 -0.124721 0.689547 5.947047 -1.522617 7.821349 30.701144 -5.372627 33.534685 -32.156418 -12.995998 31.634953 -0.629199 3.749572 -1.349734 -27.190989 -30.423697 17.477337 2.965994 1.391951 -3.839245 -14.166946 2.151188 18.523157 4.087238 6.326737 -1.087235 -5.844906 1.504651 -7.994185 -18.642955 -5.821675 -2.103068 -7.588026 -46.264450 2.256022 -6.957411 4.927314 -11.039318 16.290365 -38.697563 -13.992427 15.809613 -14.075466 10.407742 -13.058970 -16.389713 10.498009 -2.088667 2.085861 -2.182080 
-35.302948 106.329865 2.522740 16.385726 37.731912 14.871075 3.582869 13.016193 -0.224886 -9.630388 2.645387 -17.827207 2.476307 20.518860 4.969897 -5.734016 7.571635 0.028655 2.659956 14.382985 2.568074 0.794232 0.329823 7.995635 3.605523 16.484272 2.781777 -1.840419 2.128689 -5.831219 0.569127 9.820353 3.244599 -1.103121 2.382329 5.523734 3.176616 11.696746 7.137637 -1.115664 17.322365 5.895991 9.587422 -4.549640 13.828580 6.473128 22.749955 -9.678423 -25.871815 -12.399039 17.367699 -35.149533 -13.313775 -26.265393 -22.988407 -13.495345 13.411055 0.107357 2.547929 3.092692 -1.899575 13.941381 0.951493 5.560830 0.338635 -8.084091 -7.802511 5.036566 -14.636368 14.283326 -10.258130 0.263809 -30.860430 2.997381 12.405980 -17.519083 12.439105 -25.510196 1.718931 -9.913223 28.026102 -8.438194 -0.119720 0.584272 5.944537 -1.519653 7.817787 30.694621 -5.317669 33.889804 -32.156239 -12.996663 31.638517 -0.628770 3.817136 -1.233074 -27.189734 -30.420753 17.471161 3.298833 1.675947 -3.730009 -14.165825 2.148184 18.517662 4.019857 6.292944 -0.855734 -5.840588 1.503600 -7.997874 -18.675948 -5.929725 -1.828176 -7.586397 -46.263451 2.256531 -7.480670 4.989900 -11.365771 16.283440 -38.693157 -13.988662 16.021180 -14.022952 10.467672 -13.058563 -16.385221 10.495693 -2.280032 1.953190 -2.363157 
-36.773788 106.369385 2.979054 17.062711 39.271361 15.329782 3.583556 13.009327 -0.227749 -9.979891 2.690452 -18.717872 2.474008 20.520077 4.977115 -6.394324 8.233781 -0.007456 2.658528 14.370415 2.570951 0.160140 0.271046 8.584677 3.613083 16.486128 2.783067 -2.352214 2.332037 -6.405438 0.571162 9.815133 3.245130 -1.595991 2.626890 5.528039 3.182446 11.697808 7.140065 -0.649357 17.222590 5.780446 9.580532 -4.534718 13.827507 5.519591 22.929239 -10.248161 -25.868908 -12.409699 17.354383 -35.179111 -13.056489 -25.724439 -22.989824 -13.493726 13.409315 0.471277 2.846242 2.852485 -1.892706 13.945425 0.953456 4.752067 0.029697 -8.146395 -7.790392 5.032928 -14.629977 13.713650 -10.022823 0.416033 -30.853777 3.005309 12.402273 -18.751029 11.937284 -26.978527 1.719551 -9.908588 28.028297 -8.468693 -0.029039 0.382761 5.941761 -1.516488 7.814974 31.047636 -5.527273 34.394695 -32.152267 -12.998944 31.629404 -0.683080 4.327746 -0.748257 -27.183640 -30.423840 17.467995 3.265896 2.112668 -3.882124 -14.166900 2.141800 18.512306 4.180293 6.305340 -1.111171 -5.840281 1.509447 -7.996313 -18.941182 -6.359788 -1.421941 -7.589181 -46.265877 2.255327 -7.845617 5.326373 -11.325925 16.278618 -38.684505 -13.992458 16.222970 -13.936351 11.016059 -13.046300 -16.381081 10.498981 -2.480421 2.017571 -2.402354 
-38.736523 106.415497 3.788552 18.662724 40.827855 15.514677 3.587595 12.997092 -0.230317 -10.499906 3.161083 -19.462245 2.466689 20.520786 4.976706 -6.681700 8.846494 0.269435 2.651889 14.352515 2.571983 -0.531979 -0.257092 8.288271 3.621201 16.479649 2.778199 -2.869998 2.802444 -6.837568 0.576047 9.818049 3.239295 -2.745339 2.738160 5.992582 3.191896 11.701520 7.137951 -0.359008 17.037654 5.600637 9.572319 -4.516455 13.829394 4.555854 22.903697 -11.298402 -25.856068 -12.425143 17.332802 -35.394805 -12.592956 -25.487751 -22.994139 -13.493656 13.402287 0.884223 3.095409 2.777766 -1.894048 13.946426 0.957122 3.719108 -1.003341 -8.097256 -7.782349 5.023259 -14.618617 12.995628 -9.887368 0.346132 -30.843603 3.006936 12.402234 -20.670101 10.855553 -29.375575 1.725034 -9.915311 28.028522 -8.583928 0.010532 0.445662 5.937211 -1.520767 7.805978 31.778486 -5.557045 34.754851 -32.152473 -13.001307 31.630606 -1.100893 4.414690 -0.332549 -27.173496 -30.428301 17.464777 3.801389 2.263193 -3.735931 -14.166747 2.147581 18.505625 4.099998 6.476280 -0.900295 -5.842148 1.513172 -7.995678 -19.316957 -6.921501 -1.453884 -7.590044 -46.269245 2.256068 -8.376323 5.561649 -11.222322 16.261152 -38.666733 -13.990761 16.833467 -13.330827 11.223835 -13.028648 -16.379480 10.504062 -2.798136 1.749638 -2.765286 
-41.036224 106.442467 5.132675 19.697536 42.733444 16.263454 3.593419 12.992476 -0.221391 -11.710491 4.284810 -20.714722 2.457321 20.522379 4.977531 -7.500582 9.566134 0.446767 2.647504 14.326798 2.575814 -1.881528 -0.829188 8.555948 3.628782 16.471216 2.782790 -3.884967 3.212231 -7.293449 0.585543 9.820847 3.235248 -3.895144 2.364841 6.273878 3.202898 11.708583 7.136467 -0.221088 16.923602 5.107984 9.557638 -4.500049 13.841731 3.042976 22.955921 -12.120860 -25.857639 -12.441447 17.307047 -34.958308 -12.018642 -24.719694 -23.002834 -13.490441 13.388905 1.300939 3.148405 2.723411 -1.891392 13.954062 0.963653 1.960142 -2.417424 -8.507615 -7.760915 5.021261 -14.603082 11.475199 -11.019997 0.819021 -30.834206 3.012553 12.414226 -22.947177 8.398809 -33.151385 1.735513 -9.913727 28.037361 -8.155642 0.062872 0.258386 5.938108 -1.513612 7.801026 32.511926 -6.278988 35.414063 -32.146183 -13.000378 31.614866 -1.432557 4.090298 0.334403 -27.165674 -30.436584 17.467125 3.983514 2.253915 -4.027033 -14.164852 2.145418 18.502317 3.419286 6.926010 -0.969345 -5.843242 1.521450 -7.987483 -19.705750 -7.182269 -1.744506 -7.585215 -46.278515 2.236672 -8.170080 6.003566 -11.454696 16.239756 -38.646107 -13.991794 17.327594 -13.136556 11.918953 -13.018508 -16.378677 10.505519 -3.246193 1.432705 -3.010845 
-43.409618 106.390594 7.062061 23.174818 44.812567 17.745957 3.600718 12.984272 -0.213921 -13.813733 4.370703 -21.984048 2.451750 20.525461 4.983964 -8.537424 10.029049 0.158042 2.644906 14.300587 2.581092 -2.846634 -2.003192 8.237681 3.631945 16.459061 2.790827 -5.098257 4.226336 -7.776136 0.588448 9.836167 3.230947 -5.575573 2.122698 6.847305 3.208839 11.726521 7.134532 -0.152160 16.907293 3.732272 9.543913 -4.476810 13.858479 2.239197 22.341772 -12.178775 -25.863161 -12.453990 17.278902 -33.919863 -10.986000 -22.861241 -23.018021 -13.484189 13.377073 2.392814 3.713172 2.759199 -1.906175 13.966609 0.967405 0.391187 -4.600298 -9.606869 -7.741700 5.015400 -14.584548 8.818906 -13.405638 1.222611 -30.825075 3.019096 12.415770 -25.507294 4.208334 -37.978990 1.745417 -9.907205 28.044445 -7.120003 0.640590 0.254240 5.947756 -1.497355 7.792554 33.258425 -7.916563 36.579105 -32.143089 -13.000433 31.595190 -1.467167 3.754514 0.966071 -27.158817 -30.452688 17.481926 3.716792 1.329219 -3.793419 -14.164753 2.151571 18.499348 2.426345 8.039834 -0.833881 -5.851347 1.537888 -7.980504 -19.940143 -7.384750 -2.850376 -7.597274 -46.289909 2.210554 -6.675721 5.990885 -11.712778 16.208694 -38.618549 -13.993699 17.596891 -12.925652 12.358168 -13.004775 -16.378384 10.516199 -3.225360 1.378340 -3.173921 
-45.482700 106.203865 9.321919 24.530027 47.664591 18.686243 3.597726 12.973915 -0.192994 -15.788090 4.535093 -22.833843 2.447710 20.523550 4.976337 -8.497528 11.476866 0.629429 2.641357 14.294086 2.585676 -3.879698 -2.844468 7.646695 3.627838 16.446205 2.803768 -6.270244 4.556475 -7.666618 0.587020 9.855341 3.233598 -7.109476 1.598828 7.849047 3.211261 11.745019 7.120130 -0.363917 18.066257 2.270702 9.535714 -4.459977 13.869027 1.784209 22.252528 -12.562564 -25.870117 -12.467393 17.256748 -32.634562 -10.562146 -21.147526 -23.032200 -13.473240 13.382670 3.142668 4.068046 2.897559 -1.916135 13.969099 0.963912 -0.471355 -6.887500 -11.155543 -7.726775 5.018510 -14.578654 6.616635 -16.540515 1.399229 -30.810352 3.020230 12.411118 -27.588212 -0.717983 -41.870398 1.759565 -9.905193 28.053049 -5.793147 1.965308 0.396163 5.965852 -1.476769 7.790332 33.609114 -9.783666 37.788804 -32.140419 -13.005363 31.573517 -1.592342 3.216391 1.622685 -27.164509 -30.472857 17.513807 3.592609 -0.486453 -3.971332 -14.185786 2.157781 18.496853 1.006895 8.656313 -0.232446 -5.846593 1.547047 -7.984163 -19.434496 -7.331231 -5.225679 -7.600642 -46.312019 2.173335 -5.267274 5.976214 -11.868737 16.168993 -38.598949 -13.979566 17.921914 -12.724544 12.169346 -13.008731 -16.378757 10.516319 -3.540327 1.062881 -3.686473 
-46.985432 105.906990 11.489901 26.592016 52.229254 20.526259 3.576233 12.972162 -0.183846 -16.534326 3.979522 -23.291597 2.453458 20.519217 4.981399 -8.288390 12.332070 0.539550 2.646661 14.298819 2.578681 -3.973848 -3.327678 7.378073 3.619698 16.445557 2.805617 -7.018757 4.057685 -7.585500 0.579905 9.868402 3.239486 -7.128270 1.415151 8.802980 3.204768 11.762161 7.102678 -0.603504 19.264704 1.219502 9.535987 -4.439050 13.881535 2.757608 22.355592 -11.539024 -25.887123 -12.475944 17.251076 -31.617495 -10.010841 -20.478128 -23.039728 -13.458873 13.386853 3.881448 4.481194 2.870579 -1.932186 13.959946 0.964736 -0.085876 -8.191287 -13.059473 -7.709112 5.030526 -14.584589 4.794730 -20.709764 1.620441 -30.799244 3.022652 12.390971 -28.127250 -4.651726 -44.271913 1.758236 -9.896998 28.048038 -4.642724 3.150489 0.851826 5.990355 -1.457331 7.799019 33.952771 -11.074706 38.884277 -32.142921 -13.007447 31.565189 -0.716254 3.469052 2.065397 -27.176868 -30.479717 17.538042 2.768910 -2.016541 -3.669773 -14.198055 2.166299 18.494864 -0.324791 8.872668 0.020845 -5.851118 1.559431 -7.981000 -18.716547 -7.242598 -7.482471 -7.608176 -46.324627 2.154334 -3.929576 5.908089 -12.064050 16.149101 -38.577641 -13.969718 17.977271 -13.124516 12.077120 -13.014277 -16.374262 10.509946 -3.909380 0.828938 -4.123812 
-47.930248 105.579300 13.244909 28.042489 57.208749 22.725025 3.559529 12.977046 -0.180476 -16.996289 4.085310 -23.002438 2.462044 20.521307 4.976968 -7.424215 12.488005 0.681059 2.644640 14.314910 2.568427 -3.882551 -3.434947 7.203334 3.613457 16.447054 2.803559 -7.269282 2.710702 -8.330062 0.577585 9.885927 3.259903 -6.847334 1.261440 9.204115 3.196975 11.771115 7.075068 -0.756330 20.469124 0.724249 9.535074 -4.426537 13.880595 4.204758 22.928265 -10.067557 -25.898861 -12.481803 17.251360 -31.635910 -10.088869 -20.413018 -23.042900 -13.452242 13.397833 4.602515 4.998273 2.652380 -1.944777 13.948615 0.967195 1.621766 -8.348895 -15.467412 -7.711491 5.050449 -14.599527 4.191819 -24.922314 1.064537 -30.786896 3.023690 12.383950 -28.365241 -7.479874 -44.701809 1.752955 -9.892334 28.045841 -3.725031 4.059744 0.837829 6.011416 -1.453518 7.800896 34.240718 -11.562328 39.227750 -32.142670 -13.004892 31.565235 -0.150739 3.164303 2.984818 -27.192335 -30.480452 17.561584 2.377328 -3.627683 -3.972380 -14.206601 2.174824 18.510363 -0.413647 8.285885 0.569952 -5.856068 1.557415 -7.986140 -18.157402 -6.426741 -8.768199 -7.601251 -46.339264 2.149712 -2.799450 5.637208 -11.590151 16.145838 -38.577320 -13.960279 18.118287 -13.879192 11.970783 -13.034118 -16.368977 10.501629 -4.642836 0.688214 -4.270458 
-48.524464 105.320068 14.360490 29.024288 59.905704 24.235565 3.547834 12.975043 -0.179211 -16.975312 4.028460 -22.540698 2.464301 20.520887 4.978016 -6.537433 12.338277 0.493757 2.647583 14.324359 2.559629 -3.559026 -4.145108 7.071662 3.614276 16.449804 2.797782 -6.588073 1.905542 -8.735145 0.583249 9.895834 3.277932 -6.362067 1.452354 9.774382 3.186418 11.775395 7.059283 -0.985928 21.094583 0.531991 9.533667 -4.418992 13.877011 5.492503 23.470454 -9.016739 -25.903696 -12.486364 17.258444 -32.043655 -10.393144 -20.608574 -23.038908 -13.447283 13.399636 5.016140 5.369706 2.417071 -1.955940 13.943532 0.965257 2.908188 -8.334736 -16.793133 -7.715484 5.051350 -14.617833 4.436868 -27.444161 0.194783 -30.784733 3.019500 12.379047 -28.229891 -8.911741 -44.278358 1.749189 -9.888870 28.043074 -3.602045 4.385407 0.887566 6.017529 -1.460291 7.809173 34.308109 -11.892257 39.491710 -32.140667 -13.004217 31.568266 0.835090 2.663721 3.673615 -27.202106 -30.475752 17.571983 2.030283 -3.932808 -3.681832 -14.213346 2.178849 18.518785 -0.162582 7.919922 1.333658 -5.862084 1.546574 -7.991809 -17.481027 -5.743349 -9.296560 -7.594034 -46.346367 2.159774 -2.669444 5.627928 -11.281467 16.152496 -38.574471 -13.958947 18.182247 -14.273147 11.901075 -13.047102 -16.370064 10.495617 -5.126649 0.521956 -4.144439 
-48.989029 105.220718 14.827110 29.000160 61.963148 24.442571 3.542593 12.980565 -0.174675 -16.923102 4.298722 -22.569573 2.467590 20.527464 4.980664 -6.066499 12.503879 0.565714 2.648578 14.332534 2.550514 -3.171010 -4.186947 6.867088 3.613020 16.455164 2.799252 -6.586745 1.245151 -8.863478 0.584320 9.903102 3.280363 -6.242831 1.580594 9.967854 3.187943 11.779140 7.052974 -0.894418 21.339867 0.338464 9.539534 -4.418430 13.876405 6.059097 24.032439 -8.562986 -25.910875 -12.483845 17.264935 -31.742109 -10.639156 -20.693470 -23.039265 -13.451782 13.406306 5.009199 5.639015 2.302235 -1.954038 13.939789 0.960490 3.642557 -7.888123 -17.332495 -7.718927 5.055055 -14.624078 4.547905 -28.702501 -0.201151 -30.778286 3.018989 12.375179 -28.299661 -9.632567 -44.246891 1.748395 -9.884770 28.046902 -3.249194 4.713952 1.007481 6.025490 -1.455961 7.808296 34.424276 -12.094772 39.549500 -32.144588 -13.001230 31.566364 1.321018 2.464649 4.200190 -27.210150 -30.478996 17.583370 2.001189 -3.879295 -3.458929 -14.214211 2.180585 18.527739 -0.236172 7.538230 1.422357 -5.858969 1.541773 -7.998262 -17.611327 -5.717139 -9.671690 -7.591328 -46.355900 2.155047 -2.593610 5.534260 -10.995167 16.150993 -38.575962 -13.961411 18.567821 -14.441692 11.665735 -13.054586 -16.371248 10.494379 -5.273703 0.429311 -4.358805 
-49.437370 105.268700 14.686497 31.847447 63.336426 26.854501 3.545506 12.977319 -0.180499 -16.910488 4.292024 -22.726853 2.464107 20.526852 4.980916 -6.498139 12.548776 0.641293 2.649654 14.327824 2.553741 -3.592239 -4.000662 7.226264 3.611697 16.460983 2.797719 -6.865881 1.364876 -9.668755 0.581549 9.908358 3.282073 -6.262715 1.640808 9.981929 3.188560 11.778423 7.054394 -0.865616 21.239725 0.025833 9.534357 -4.412907 13.878918 5.394921 23.571179 -8.705488 -25.907747 -12.491347 17.261023 -31.792174 -10.394091 -20.332442 -23.044245 -13.452946 13.401085 5.399469 5.491409 2.191577 -1.958820 13.943633 0.966305 3.142556 -7.796027 -17.157548 -7.717987 5.056742 -14.621223 3.928426 -28.142985 0.212987 -30.783541 3.017672 12.379136 -28.731245 -9.823595 -44.673908 1.748850 -9.885224 28.045927 -3.320688 4.642594 0.782880 6.024574 -1.459160 7.807595 34.589710 -11.961160 39.495432 -32.150661 -13.004024 31.574179 0.740347 2.706827 3.940524 -27.206507 -30.475071 17.584242 2.305300 -4.318699 -3.731627 -14.217113 2.180524 18.530207 -0.220607 7.504293 1.097333 -5.861841 1.548568 -7.997170 -17.543037 -5.408672 -9.381965 -7.596472 -46.359806 2.158112 -2.730536 5.505893 -10.738645 16.148464 -38.574177 -13.961382 18.403934 -14.641822 11.885270 -13.048586 -16.374781 10.496927 -5.308995 0.438905 -4.097569 
-49.808445 105.437477 14.038154 32.016334 62.727890 26.604123 3.548066 12.976940 -0.179468 -16.939036 4.330522 -22.739064 2.467336 20.524145 4.971476 -6.727428 12.810074 0.716457 2.646223 14.318067 2.554350 -3.612072 -3.760872 6.960283 3.618626 16.452448 2.797861 -7.120537 1.785903 -9.319535 0.578212 9.902548 3.272443 -6.485726 1.814446 10.173602 3.189429 11.776016 7.061295 -0.837496 20.705254 0.028448 9.531757 -4.413375 13.880906 4.221137 23.161356 -10.055744 -25.910685 -12.492585 17.258604 -31.346132 -10.009758 -19.922564 -23.044622 -13.451496 13.393604 5.198506 5.530262 2.503841 -1.951971 13.942350 0.965264 2.275524 -7.822488 -16.590905 -7.713252 5.051565 -14.616384 3.694436 -26.410362 0.696845 -30.783403 3.018630 12.374799 -28.789626 -9.511046 -45.258722 1.749647 -9.890431 28.046595 -3.652811 4.660472 0.839045 6.020458 -1.453610 7.804539 34.665901 -11.608159 39.465714 -32.145931 -13.003615 31.571365 0.202657 3.347026 3.484511 -27.198465 -30.474466 17.581949 2.472519 -3.709171 -3.155646 -14.218086 2.177414 18.521267 -0.585799 7.857546 1.250869 -5.855822 1.554547 -8.000178 -17.681987 -5.590970 -8.922916 -7.594922 -46.357822 2.149807 -2.996751 5.658044 -10.878030 16.140623 -38.572891 -13.958071 18.869385 -13.969810 11.782599 -13.044503 -16.375669 10.498728 -5.238210 0.476949 -4.179152 
-49.956478 105.692604 12.959208 31.719139 62.272406 26.167460 3.563255 12.975633 -0.181130 -16.905753 4.785146 -23.047138 2.462668 20.523808 4.969298 -7.613193 12.811720 0.672943 2.646138 14.316955 2.565821 -3.997093 -3.281364 7.276311 3.619628 16.449303 2.805624 -7.496700 2.383874 -9.704444 0.580270 9.898992 3.260414 -7.042585 1.917866 9.589198 3.195225 11.772869 7.066358 -0.982986 20.548629 -0.462690 9.534007 -4.416168 13.886230 3.142873 22.903851 -11.001380 -25.903793 -12.492873 17.252575 -30.961937 -9.241909 -19.801477 -23.057983 -13.457929 13.388616 4.604525 5.248307 3.028606 -1.945884 13.957048 0.968632 0.974454 -7.687133 -15.245981 -7.710454 5.050622 -14.606379 3.542229 -23.914208 1.442839 -30.784264 3.017371 12.385567 -29.260667 -8.590125 -45.798184 1.754362 -9.896265 28.060013 -4.013154 4.478719 0.615144 6.009799 -1.450435 7.802809 34.527959 -11.273632 39.271720 -32.146477 -13.005111 31.575260 -0.507614 3.650626 3.016599 -27.196329 -30.478510 17.576588 2.996600 -3.465506 -3.429294 -14.211963 2.173001 18.516945 -0.520239 8.063783 0.914997 -5.850724 1.559773 -7.998548 -18.020892 -6.180694 -8.011248 -7.594006 -46.364494 2.141906 -3.616227 6.116342 -11.231628 16.133017 -38.577690 -13.960768 18.965029 -13.790726 11.516028 -13.040597 -16.377274 10.512406 -4.850449 0.685168 -4.354768 
-49.699509 105.940620 11.560099 33.219253 61.059562 26.507585 3.573167 12.973749 -0.187020 -16.741789 4.675973 -23.163574 2.458167 20.523170 4.969244 -8.278737 13.190183 0.655148 2.650682 14.301137 2.573246 -4.228752 -2.999935 7.387678 3.618410 16.444153 2.808570 -7.961222 3.168382 -9.513305 0.580289 9.887022 3.246965 -7.223343 2.167875 9.584331 3.201769 11.772470 7.085516 -0.631161 19.315546 -0.013751 9.531731 -4.427118 13.880994 1.741021 22.507143 -12.878081 -25.895218 -12.497571 17.250992 -31.243177 -9.049733 -19.652691 -23.051622 -13.462029 13.381304 4.461224 5.068135 3.298506 -1.935873 13.966389 0.971729 -0.355912 -7.425949 -13.468835 -7.708467 5.038641 -14.594063 3.939181 -20.371726 1.734888 -30.797012 3.017862 12.389611 -29.743807 -6.537212 -46.176611 1.759301 -9.899397 28.053904 -4.568252 3.882925 0.515608 5.996063 -1.448165 7.800900 34.312295 -11.145216 39.247025 -32.145596 -13.012110 31.575562 -1.124565 4.366799 2.283923 -27.181955 -30.479555 17.562500 3.584748 -2.445503 -3.408931 -14.206703 2.169506 18.501923 -0.406624 8.061684 0.779371 -5.846465 1.566231 -7.996070 -18.633837 -6.833502 -6.923580 -7.600974 -46.357937 2.143207 -4.618628 6.180254 -11.275927 16.133272 -38.578506 -13.962120 19.011032 -13.078447 11.519818 -13.029166 -16.379452 10.515596 -4.582613 0.655927 -4.230188 
-48.941032 106.133972 9.975780 30.143500 58.387551 24.471072 3.583869 12.968040 -0.196905 -15.991474 4.645215 -22.858526 2.452977 20.520634 4.971002 -8.727896 12.365640 0.543998 2.649690 14.298491 2.578433 -4.012068 -2.697552 7.758519 3.627503 16.445744 2.809527 -6.993403 3.922167 -9.355903 0.579139 9.876026 3.234226 -6.899333 2.519242 8.730157 3.206897 11.759608 7.104379 -0.423872 18.744746 0.709943 9.533007 -4.443170 13.873535 0.705347 22.315568 -14.025390 -25.883865 -12.488763 17.251009 -31.864441 -9.055137 -19.919463 -23.044878 -13.466036 13.375522 3.879153 4.423359 3.744979 -1.923051 13.976367 0.973837 -0.878850 -6.668481 -11.877505 -7.712457 5.027324 -14.582519 4.781651 -17.288156 1.848044 -30.804777 3.016464 12.399657 -29.361798 -3.535385 -45.080659 1.761454 -9.905336 28.055227 -5.737614 2.818668 0.078905 5.981777 -1.461500 7.804507 33.901364 -10.140245 38.652023 -32.145798 -13.009493 31.580055 -1.135338 4.392606 2.092820 -27.170908 -30.470503 17.537251 3.706785 -0.955354 -3.346979 -14.196113 2.161683 18.498026 0.400917 7.889353 0.555954 -5.843878 1.560212 -7.992563 -19.252768 -7.378660 -4.923780 -7.597974 -46.344719 2.156178 -5.514154 6.370564 -11.634388 16.147371 -38.584343 -13.966087 19.070962 -12.909964 11.397503 -13.018253 -16.380129 10.520106 -3.897245 0.951893 -4.093909 
-47.740032 106.253235 8.336672 27.603209 55.902182 22.903955 3.595296 12.967704 -0.207060 -14.632958 4.620332 -22.514621 2.450114 20.525616 4.975292 -8.680709 12.186795 0.444102 2.648773 14.296890 2.580847 -4.104199 -2.385454 8.314382 3.631480 16.450165 2.803663 -6.164213 3.783911 -9.467995 0.582950 9.864170 3.234230 -6.408550 2.617522 8.143404 3.211689 11.747692 7.111905 -0.469411 18.001146 1.615459 9.530791 -4.457971 13.857753 0.180896 22.637907 -14.350977 -25.872877 -12.479757 17.255295 -32.746686 -9.641930 -21.226310 -23.029293 -13.478412 13.375952 3.339957 4.200177 3.506409 -1.907704 13.976346 0.976160 -0.583317 -5.183477 -10.442035 -7.721494 5.017626 -14.576858 6.953158 -14.647353 1.335754 -30.809000 3.013076 12.412689 -28.747716 -0.085478 -43.002536 1.756527 -9.911146 28.049023 -6.646104 1.778543 0.036038 5.961748 -1.475048 7.801953 33.746103 -8.869650 37.978263 -32.143593 -13.001515 31.589170 -1.405001 4.281212 1.741396 -27.161034 -30.457998 17.513596 3.947355 0.249679 -3.878354 -14.180593 2.157359 18.496264 1.583868 7.801576 0.123019 -5.844806 1.551392 -7.989686 -19.990883 -7.803173 -3.498815 -7.599721 -46.327103 2.174377 -6.876442 6.532570 -11.126037 16.169317 -38.591038 -13.973329 19.161826 -12.752792 11.435936 -13.012620 -16.376938 10.523615 -3.832881 1.167279 -4.218512 
-46.312046 106.315750 6.823056 24.246347 52.761272 20.144260 3.592389 12.974501 -0.218301 -13.463561 4.602094 -21.910559 2.450704 20.525902 4.973161 -8.596871 11.493333 0.261320 2.649058 14.309464 2.574095 -3.406649 -1.605878 8.614905 3.632317 16.459843 2.792128 -4.965938 3.633970 -8.972829 0.583344 9.846524 3.233989 -5.428114 2.934231 7.270413 3.215242 11.730589 7.121727 -0.194580 17.505889 2.943228 9.536836 -4.476634 13.849970 0.154372 23.086671 -14.963631 -25.869282 -12.466590 17.274649 -33.449492 -10.185999 -22.819373 -23.020323 -13.484160 13.377698 2.540860 3.681681 3.543112 -1.898684 13.970031 0.974702 0.349263 -3.494687 -9.273409 -7.733243 5.015147 -14.583424 8.717689 -12.647764 1.273733 -30.815712 3.016778 12.415622 -27.136053 3.483869 -39.974833 1.752834 -9.918402 28.051437 -7.305155 1.035064 0.097968 5.952424 -1.489677 7.809373 33.504175 -7.444289 36.640553 -32.143970 -12.997126 31.600424 -1.334165 4.347756 1.298733 -27.160372 -30.446964 17.497576 4.147549 1.390063 -4.142761 -14.172926 2.149111 18.502640 2.239033 6.957412 -0.350854 -5.846712 1.541552 -7.989041 -20.402280 -7.779593 -2.059024 -7.589780 -46.315887 2.195016 -7.571066 6.569037 -11.040065 16.198027 -38.609165 -13.982020 18.998806 -13.047922 11.261164 -13.009711 -16.377445 10.516987 -3.559986 0.851249 -4.079272 
-44.944839 106.307602 5.605917 21.898614 50.946893 18.988172 3.594938 12.975445 -0.226823 -11.793180 4.382152 -21.298169 2.452108 20.520306 4.979108 -7.984408 11.195873 0.257008 2.652096 14.318142 2.569861 -2.731826 -0.974354 9.364357 3.631152 16.463902 2.784986 -4.319269 2.826736 -8.670667 0.585394 9.833300 3.239511 -4.000628 3.034668 7.116710 3.212083 11.720635 7.124623 -0.292359 16.850908 4.019512 9.541449 -4.491336 13.837996 0.381717 23.481668 -14.728140 -25.864353 -12.455630 17.289099 -34.267305 -11.001726 -24.330099 -23.009022 -13.485050 13.380557 1.883872 3.511632 3.315849 -1.890256 13.962332 0.968877 1.222921 -1.793005 -8.609070 -7.743072 5.015636 -14.591819 10.841682 -11.214307 0.742868 -30.823692 3.010168 12.412961 -25.422772 6.155016 -37.117454 1.740921 -9.922733 28.036787 -8.003934 0.209476 0.253394 5.938324 -1.502357 7.806057 32.756105 -5.901139 35.923397 -32.143452 -12.990293 31.610256 -0.978855 4.555401 0.971760 -27.158081 -30.433329 17.480593 4.108453 2.699084 -4.296531 -14.166569 2.144863 18.500776 3.173985 6.527662 -0.403391 -5.844790 1.534757 -7.988153 -20.583817 -7.644837 -1.134415 -7.584454 -46.300068 2.219452 -8.753700 6.781359 -10.883262 16.218786 -38.620098 -13.987148 18.676558 -13.145773 11.143617 -13.014715 -16.370556 10.512528 -3.697799 0.979840 -3.898009 
-43.872520 106.261627 4.784694 20.418888 49.680129 17.824881 3.592726 12.988503 -0.231581 -11.275924 4.364249 -20.533765 2.456977 20.525414 4.982273 -7.931288 10.428415 0.151208 2.646426 14.331047 2.569523 -1.873514 -0.546719 9.189884 3.631232 16.470459 2.777427 -3.737108 2.628232 -8.593482 0.581344 9.830562 3.241061 -3.506690 3.000418 6.953114 3.207639 11.710218 7.123145 -0.521753 16.877124 4.701438 9.551658 -4.501289 13.836733 0.929048 23.758637 -14.451208 -25.860098 -12.447824 17.303160 -34.811736 -11.334395 -24.676514 -23.005997 -13.486627 13.387712 1.737719 3.179321 3.548786 -1.885761 13.956981 0.967355 2.151800 -0.999464 -8.393257 -7.754902 5.022237 -14.598320 11.483620 -10.523261 0.790276 -30.828850 3.011221 12.413145 -24.071716 7.743455 -35.041060 1.736487 -9.927690 28.036915 -8.100218 -0.066873 0.283767 5.939065 -1.507504 7.814324 32.641539 -5.197196 35.280379 -32.146603 -12.984152 31.613476 -0.825943 4.470694 0.880162 -27.164591 -30.431284 17.473593 4.101778 2.857187 -4.415565 -14.164104 2.149164 18.508640 3.427948 6.288345 -0.517586 -5.848985 1.528039 -7.988796 -20.706965 -7.469172 -0.559176 -7.584197 -46.294315 2.231380 -8.898989 6.800032 -10.778866 16.235533 -38.629070 -13.986476 18.579516 -12.871023 10.843333 -13.021184 -16.375164 10.510148 -3.635246 0.947115 -3.743362 
-43.176708 106.203423 4.310486 19.702579 48.467316 17.489029 3.589531 12.989429 -0.235944 -10.604991 4.100460 -20.045850 2.458600 20.524408 4.977252 -7.891267 10.391870 0.314375 2.647703 14.340837 2.569022 -1.896710 -0.201451 9.392072 3.630670 16.474184 2.773179 -3.581685 2.272992 -8.584131 0.579993 9.827671 3.244736 -3.002351 2.920483 6.733356 3.205910 11.706604 7.120292 -0.667213 16.997585 4.874050 9.556767 -4.505780 13.834883 1.134548 24.013009 -14.238536 -25.862024 -12.441539 17.312500 -35.055884 -11.473247 -25.065488 -23.002972 -13.486619 13.388511 1.463599 3.105965 3.397010 -1.884942 13.952707 0.965525 2.981285 -0.508555 -8.190927 -7.761306 5.021420 -14.600259 12.258993 -10.524989 0.791298 -30.830469 3.009885 12.413731 -23.161790 8.508689 -34.021411 1.734139 -9.929240 28.035868 -8.379196 -0.162037 0.064395 5.938629 -1.509069 7.816173 32.309817 -4.992174 35.023130 -32.147812 -12.984465 31.614164 -0.422929 4.627521 0.747794 -27.167692 -30.421864 17.474241 3.806079 2.809598 -4.496064 -14.162543 2.143356 18.510721 3.625883 5.932987 -0.481425 -5.845860 1.527082 -7.987312 -20.651541 -7.352695 -0.409973 -7.580834 -46.291096 2.237541 -8.953183 6.821121 -10.586069 16.243355 -38.637245 -13.988671 18.176143 -13.137939 10.853817 -13.026885 -16.369183 10.512934 -3.706607 1.247671 -3.445643 
-42.834248 106.165649 4.082512 19.241336 48.887987 17.045353 3.588243 12.986439 -0.239123 -10.559371 4.034635 -19.995804 2.457824 20.527840 4.981216 -7.659791 10.353823 0.224257 2.653497 14.347502 2.567697 -1.612077 -0.218513 9.410400 3.626883 16.476393 2.771235 -3.139791 2.242063 -8.441419 0.579264 9.828792 3.246428 -2.855125 3.162730 6.712375 3.202107 11.710249 7.122815 -0.525154 16.811464 5.391958 9.555552 -4.507201 13.827037 1.489355 24.056389 -14.370783 -25.859352 -12.438465 17.318806 -35.235102 -11.723872 -25.267535 -23.000496 -13.488255 13.389911 1.643739 3.028421 3.375302 -1.886853 13.950933 0.968002 3.117024 -0.259515 -8.199906 -7.767107 5.027243 -14.607994 12.417702 -10.128427 0.695474 -30.834499 3.011539 12.407363 -22.856325 9.151342 -33.258384 1.735588 -9.929056 28.034121 -8.522505 -0.392980 0.162523 5.936741 -1.514089 7.818735 32.018561 -4.410779 34.553261 -32.149513 -12.982163 31.616924 -0.116507 4.707813 0.898508 -27.169331 -30.420837 17.472223 3.742430 3.248728 -4.396726 -14.168574 2.140894 18.506168 3.935143 5.565607 -0.748343 -5.850447 1.525523 -7.989951 -20.772813 -7.258737 -0.162300 -7.580662 -46.288151 2.243374 -8.941566 6.729671 -10.547835 16.254723 -38.641823 -13.996037 18.138059 -13.178241 10.821461 -13.025393 -16.369329 10.510580 -3.742441 1.274844 -3.391670 
-42.718781 106.170303 4.012433 19.320903 48.917221 17.315605 3.591063 12.983891 -0.241027 -10.313636 3.950289 -19.834661 2.460572 20.522182 4.979802 -7.242843 10.397506 0.133498 2.649140 14.346948 2.565059 -1.315291 -0.221841 9.257381 3.626963 16.470144 2.770949 -3.216262 2.328250 -8.487956 0.576810 9.823183 3.245236 -2.587064 3.017426 6.801014 3.201561 11.707662 7.122847 -0.598557 16.550723 5.234301 9.558759 -4.510137 13.824265 1.296258 24.095094 -14.448302 -25.858622 -12.443424 17.321924 -35.541029 -11.710189 -25.090486 -22.996628 -13.489377 13.391028 1.261008 3.005589 3.580697 -1.887073 13.948568 0.966761 3.484118 -0.086843 -7.869647 -7.765937 5.022575 -14.608520 12.589320 -9.928097 0.477826 -30.835472 3.003903 12.414396 -22.693710 9.518029 -33.026751 1.730453 -9.930026 28.031523 -8.448191 -0.341432 0.201834 5.936059 -1.515792 7.815061 31.987412 -4.383804 34.686573 -32.153591 -12.986405 31.623672 -0.353936 4.821561 0.622705 -27.169533 -30.421856 17.467297 3.838289 3.373332 -4.190136 -14.167274 2.142073 18.508778 3.830599 5.655483 -0.356935 -5.845502 1.521026 -7.994001 -20.609992 -7.294388 -0.235783 -7.575929 -46.285725 2.243952 -9.203011 6.635541 -10.553834 16.249474 -38.644909 -13.989888 18.249883 -13.067174 10.675832 -13.031823 -16.366238 10.506275 -3.794741 1.202596 -3.646696 
-42.684479 106.186813 4.008622 18.024055 47.984767 16.734921 3.587683 12.989496 -0.237243 -10.454082 3.963725 -20.103605 2.459803 20.526350 4.981342 -7.735472 10.253657 0.120575 2.649232 14.341389 2.568340 -1.462922 -0.301437 9.154350 3.631781 16.471729 2.774066 -3.417586 2.041226 -8.449400 0.579980 9.824475 3.243481 -2.843643 3.111548 6.795532 3.201643 11.709963 7.119710 -0.563867 16.851076 5.035281 9.561044 -4.511690 13.829584 1.390411 24.278059 -14.203734 -25.859283 -12.441500 17.316637 -35.318013 -11.638196 -25.649319 -23.004930 -13.490926 13.391438 1.320764 3.125491 3.447552 -1.888817 13.948856 0.966536 3.309814 -0.300492 -7.982096 -7.762400 5.024693 -14.608470 12.603077 -9.943237 0.700832 -30.833218 3.006605 12.414315 -22.609572 9.201119 -32.894608 1.730424 -9.928423 28.032625 -8.475482 -0.112091 0.464584 5.934808 -1.511060 7.817033 32.032467 -4.794317 34.853649 -32.151028 -12.985863 31.624094 -0.260429 4.587773 0.718139 -27.171928 -30.428276 17.468958 4.146446 3.039532 -4.470197 -14.163228 2.148395 18.507055 3.649684 6.031270 -0.567479 -5.848862 1.524524 -7.989080 -20.790800 -7.534191 -0.438217 -7.576516 -46.292309 2.242040 -9.317265 6.785702 -10.591538 16.246145 -38.638802 -13.989684 18.273039 -12.826878 10.605869 -13.027499 -16.368965 10.509434 -3.705168 1.215145 -3.758793 
-42.637333 106.212326 4.012841 18.686808 48.047061 17.165877 3.589172 12.990274 -0.237804 -10.559099 3.971218 -19.884079 2.459269 20.526220 4.985229 -7.490150 10.444327 0.132417 2.650386 14.346023 2.569938 -1.513600 -0.129864 9.235486 3.627841 16.475203 2.771147 -3.196218 2.070517 -8.094058 0.579691 9.825170 3.243634 -2.713492 2.855443 6.944522 3.202597 11.710395 7.120384 -0.538545 16.888534 5.311655 9.558725 -4.511362 13.829844 1.511982 24.294894 -14.280168 -25.860138 -12.443434 17.320618 -35.389628 -11.800872 -25.600165 -23.004559 -13.489575 13.392175 1.479841 2.913742 3.129590 -1.885460 13.948787 0.967095 3.067169 -0.173774 -7.961757 -7.763577 5.024723 -14.609600 12.579425 -9.928430 0.663322 -30.835062 3.005314 12.412500 -22.853441 9.303594 -32.942474 1.732873 -9.930320 28.031994 -8.408033 -0.181696 0.561746 5.936697 -1.509787 7.818490 32.013175 -4.882370 34.815373 -32.153637 -12.984031 31.621628 -0.225725 4.632756 0.846040 -27.175972 -30.430216 17.471148 3.884186 3.187015 -4.592882 -14.164769 2.144407 18.507071 3.656013 5.982239 -0.553585 -5.846501 1.524509 -7.991037 -20.891675 -7.463672 -0.409383 -7.580548 -46.292080 2.243974 -9.364973 6.647592 -10.652823 16.250481 -38.643467 -13.992469 18.085458 -12.976487 10.700900 -13.028245 -16.373158 10.508771 -3.673862 1.100327 -3.839310 
-42.518406 106.204308 3.979754 18.759992 47.807294 16.632486 3.587954 12.988309 -0.235611 -10.602885 3.654497 -19.839220 2.460236 20.526678 4.981260 -7.407356 10.166994 0.138519 2.649188 14.346377 2.565454 -1.138816 -0.203041 9.104225 3.626023 16.472340 2.774729 -3.123834 1.933597 -8.295149 0.581610 9.825594 3.247896 -2.862704 3.125881 6.784108 3.205369 11.706761 7.120590 -0.469624 16.947214 5.105154 9.555269 -4.511896 13.828604 1.530442 24.253124 -14.105319 -25.859936 -12.441312 17.318830 -35.442258 -11.799471 -25.248599 -22.999023 -13.486573 13.392722 1.432870 3.183131 3.520056 -1.888800 13.952200 0.964873 3.541594 -0.174662 -8.151295 -7.769517 5.026150 -14.610248 12.596686 -9.824676 0.563671 -30.834116 3.006283 12.411906 -22.815595 9.372256 -32.967380 1.727369 -9.925292 28.030525 -8.597505 -0.053828 0.185749 5.941028 -1.512724 7.819912 31.886844 -4.710728 34.891192 -32.148834 -12.987448 31.619469 -0.265419 4.575180 0.681685 -27.168377 -30.428560 17.467472 3.708100 3.137054 -4.301376 -14.163160 2.143019 18.510052 3.913359 5.822862 -0.341797 -5.847820 1.521979 -7.992204 -20.535944 -7.457881 -0.379588 -7.578133 -46.287727 2.245857 -9.253510 6.771357 -10.700630 16.247416 -38.641026 -13.986670 18.154168 -13.215884 10.549430 -13.030902 -16.367777 10.512849 -3.638259 1.438606 -3.700000 
-42.354816 106.168098 3.895182 18.150350 47.827553 16.749318 3.584785 12.991057 -0.240946 -10.108243 4.111481 -19.655459 2.460981 20.523394 4.980021 -7.656008 10.113047 0.188350 2.650918 14.346600 2.567808 -1.342085 -0.035345 9.124114 3.627292 16.475883 2.766222 -2.881645 2.226753 -8.004268 0.577384 9.826762 3.244385 -2.725599 3.095408 6.817736 3.201346 11.710674 7.119651 -0.934555 17.248540 5.325963 9.561296 -4.511764 13.830060 1.701456 24.205914 -14.192828 -25.856161 -12.439742 17.319159 -35.614181 -11.709960 -26.000963 -23.005209 -13.491512 13.389907 1.532156 2.765453 3.255172 -1.888692 13.947082 0.967536 3.478794 -0.113830 -8.079214 -7.765347 5.029496 -14.610733 12.673400 -9.908447 0.474108 -30.835770 3.008297 12.411678 -22.369237 9.372755 -32.644616 1.733000 -9.934895 28.036007 -8.639428 -0.276508 0.399648 5.937287 -1.514172 7.825620 32.163030 -4.467526 34.669248 -32.155830 -12.984764 31.625938 -0.243357 4.763649 0.628306 -27.176544 -30.423206 17.469082 3.884814 3.364250 -4.582705 -14.166485 2.144708 18.506145 3.557785 5.968224 -0.458912 -5.847969 1.520205 -7.988409 -20.711478 -7.465912 -0.442882 -7.577161 -46.288467 2.245768 -9.174242 6.697832 -10.444315 16.253222 -38.645428 -13.992558 17.956905 -12.827102 10.698921 -13.032773 -16.369240 10.509802 -3.725820 1.223997 -3.658919 
-42.252758 106.080147 3.769533 18.869183 47.850564 17.060733 3.585135 12.992038 -0.238784 -10.165198 3.898578 -19.417383 2.459400 20.522833 4.978147 -7.384900 10.109669 0.187763 2.646240 14.347287 2.564402 -1.158119 -0.101435 8.990279 3.625764 16.473450 2.769758 -3.094086 1.689222 -8.045649 0.577165 9.823694 3.249537 -2.572926 2.771141 6.777436 3.202170 11.708213 7.121707 -0.932448 16.838798 5.332972 9.559274 -4.515244 13.827906 1.746817 24.036098 -14.133123 -25.861721 -12.441213 17.327753 -35.627814 -11.747925 -25.542092 -22.995760 -13.482829 13.393664 1.316663 3.147919 3.287667 -1.888217 13.949610 0.966859 3.583900 -0.061861 -7.970896 -7.772424 5.027082 -14.614024 13.252602 -9.916069 0.497103 -30.836885 3.005184 12.409894 -22.112049 9.632635 -32.336465 1.727156 -9.933184 28.030579 -8.734592 -0.504289 0.400632 5.934874 -1.512857 7.818585 31.807983 -4.250679 34.557834 -32.152832 -12.981617 31.622330 -0.182815 5.013291 0.797654 -27.174746 -30.421730 17.467770 3.928204 3.400860 -4.295184 -14.167953 2.143843 18.509266 3.822467 5.874278 -0.223201 -5.847898 1.521898 -7.994786 -20.622537 -7.314170 -0.439383 -7.578876 -46.283592 2.247869 -8.935547 6.791925 -10.555382 16.257120 -38.648392 -13.991296 18.006187 -13.199694 10.547153 -13.032377 -16.367273 10.507822 -3.657271 1.114735 -3.603950 
-42.340012 105.929588 3.648677 19.152359 48.185738 17.608125 3.588502 12.990416 -0.243824 -9.859375 3.768987 -19.563424 2.457419 20.526442 4.980319 -7.205297 10.115228 0.061533 2.644880 14.350749 2.562107 -1.097777 0.000922 9.464441 3.624318 16.480764 2.770657 -3.247779 1.951398 -8.561570 0.581239 9.824072 3.246227 -2.298278 2.964391 6.402950 3.200225 11.706422 7.125116 -0.531693 16.825976 5.390399 9.562355 -4.512392 13.825411 1.770207 23.883351 -13.846498 -25.859150 -12.436997 17.327982 -35.342302 -11.436800 -25.504029 -22.994013 -13.488206 13.394412 1.128004 3.192901 3.389713 -1.885391 13.951275 0.963571 4.026040 0.366267 -7.876260 -7.773827 5.029813 -14.612621 13.414474 -9.700084 0.638666 -30.836096 2.999980 12.409908 -22.036458 9.753152 -31.947745 1.729617 -9.929437 28.028379 -8.450294 -0.596064 0.299221 5.934044 -1.518289 7.813833 31.575780 -4.215292 34.296381 -32.155586 -12.984431 31.622517 0.191998 4.976507 1.153836 -27.169046 -30.420660 17.468145 3.766213 3.704696 -4.395437 -14.165950 2.143621 18.508074 3.913745 5.414849 -0.792963 -5.847147 1.522158 -7.993704 -20.811390 -7.142600 0.009888 -7.580967 -46.285175 2.248867 -8.724703 6.937406 -10.684704 16.259735 -38.655499 -13.991224 17.834911 -12.947936 10.449483 -13.028637 -16.364305 10.507814 -3.593436 1.288340 -3.735507 
-42.722336 105.699715 3.563217 19.034344 49.442636 18.193966 3.581232 12.989545 -0.244880 -9.657721 3.869073 -19.274958 2.460107 20.526323 4.981269 -7.218049 10.080957 0.062286 2.647378 14.350867 2.561433 -1.186118 -0.191974 9.363614 3.621493 16.478521 2.767122 -3.131995 1.595909 -8.617813 0.578027 9.827948 3.251764 -2.405172 2.989240 6.426457 3.196727 11.709520 7.117798 -0.888396 16.748940 5.241567 9.561079 -4.511532 13.823362 1.847495 24.129453 -14.208997 -25.858368 -12.439610 17.329920 -35.407318 -11.479420 -25.808251 -22.994156 -13.491880 13.394976 1.656013 3.093925 3.500043 -1.888651 13.950508 0.971821 4.289386 0.549759 -8.006026 -7.773875 5.028288 -14.617410 13.629748 -9.379679 0.570297 -30.833921 3.003396 12.411317 -22.034919 9.738665 -31.886530 1.730148 -9.933144 28.028513 -8.428259 -0.669555 0.348098 5.933504 -1.513264 7.818312 31.417671 -3.640532 33.967415 -32.153835 -12.978679 31.627337 0.497383 5.204284 1.338894 -27.171986 -30.416100 17.468840 3.865945 3.833208 -4.694273 -14.166979 2.147141 18.510099 3.810508 5.701592 -0.813969 -5.851794 1.525842 -7.988642 -21.135378 -7.221457 -0.070679 -7.579774 -46.286854 2.246278 -8.454274 6.830036 -9.945841 16.265505 -38.651089 -13.994352 17.994852 -12.968984 10.578689 -13.027036 -16.363480 10.508980 -3.770089 1.353452 -3.778881 
-43.469849 105.436920 3.557002 19.912844 50.909594 18.938708 3.582743 12.988932 -0.242433 -9.479689 3.925921 -19.549620 2.460957 20.525461 4.980664 -7.300861 10.413888 -0.039197 2.643672 14.344923 2.558520 -1.321002 0.051092 9.485614 3.624295 16.478149 2.773320 -3.445696 1.469811 -9.014515 0.575346 9.831697 3.252184 -2.512152 2.772445 6.539156 3.201574 11.713535 7.121035 -0.717539 16.454967 5.598296 9.560299 -4.516186 13.821085 1.349812 24.106403 -14.864141 -25.861654 -12.438087 17.333485 -35.573049 -10.962066 -25.231991 -22.992271 -13.483723 13.396805 1.346113 3.199614 3.578188 -1.881525 13.954485 0.970376 4.288138 0.642602 -7.811527 -7.776377 5.030438 -14.616087 14.311633 -9.353212 0.188001 -30.834724 2.998742 12.410069 -22.300844 9.253002 -32.120576 1.730823 -9.931323 28.030478 -8.350288 -0.671849 0.334451 5.935028 -1.517585 7.817200 31.137149 -3.407340 33.585205 -32.151600 -12.980738 31.624203 0.940567 5.524265 1.853575 -27.169703 -30.413990 17.473656 3.430840 4.187088 -5.027082 -14.173823 2.149200 18.513399 4.183458 5.305989 -0.602646 -5.855093 1.527387 -7.984107 -21.486619 -6.942120 0.163390 -7.578084 -46.289928 2.248297 -7.563850 7.252468 -9.425698 16.268204 -38.657803 -13.992610 17.947097 -12.891920 10.241671 -13.025094 -16.364309 10.507146 -3.697264 1.045989 -3.623534 
-44.563526 105.170929 3.740872 21.667771 53.686810 20.571449 3.581621 12.994328 -0.241852 -9.282586 4.148355 -19.854711 2.459416 20.528254 4.986968 -7.420327 10.782336 0.021079 2.646198 14.335060 2.552869 -1.551750 -0.166074 9.330163 3.621651 16.478825 2.772377 -3.575335 1.247995 -9.361291 0.575129 9.841724 3.248273 -2.887594 2.937480 6.636285 3.208998 11.719287 7.122646 -0.631992 16.573618 5.430388 9.561444 -4.511523 13.823315 0.878953 24.140375 -15.406900 -25.861221 -12.439487 17.326283 -35.043235 -10.451686 -25.456984 -22.997267 -13.488132 13.393743 1.665518 2.969847 3.240877 -1.879897 13.956532 0.971935 4.053891 0.744788 -7.581159 -7.765018 5.027832 -14.614885 14.615116 -9.446187 -0.063764 -30.828907 2.999333 12.413529 -22.628323 8.514795 -32.881641 1.732030 -9.928008 28.032907 -7.791949 -0.416839 0.350400 5.935170 -1.515249 7.813581 30.937970 -3.448951 33.370696 -32.156483 -12.979978 31.621946 1.255442 5.695579 2.263078 -27.166439 -30.408831 17.473450 3.584198 4.197346 -5.286130 -14.175578 2.151582 18.517408 3.877342 5.558863 -0.880895 -5.853010 1.529127 -7.979943 -21.884276 -7.272437 0.600356 -7.573953 -46.297169 2.239539 -7.313052 7.319570 -9.106549 16.261944 -38.654648 -13.992601 18.096262 -12.867089 10.428700 -13.023950 -16.361814 10.509654 -3.801859 1.193928 -3.868141 
-45.914597 104.971107 4.250196 23.750105 55.852806 22.910346 3.579808 12.988090 -0.235686 -9.711368 4.356471 -20.505363 2.455173 20.527098 4.985092 -7.416533 11.144621 -0.032103 2.646507 14.324330 2.555425 -2.334287 -0.541606 9.307833 3.619579 16.474092 2.775536 -4.142683 1.305446 -9.888242 0.576959 9.842220 3.251606 -3.438726 2.962535 6.661755 3.212752 11.720122 7.120448 -0.784610 16.623185 4.834092 9.552741 -4.503000 13.822952 0.266461 23.926009 -15.905251 -25.861641 -12.445692 17.317045 -34.954647 -10.047342 -24.842475 -22.993664 -13.485587 13.391034 1.896041 2.910437 3.513372 -1.881909 13.964261 0.977058 3.486419 0.260686 -7.980157 -7.758515 5.025869 -14.608513 14.408385 -9.440583 0.180656 -30.828072 2.998924 12.413952 -23.767201 7.427908 -34.324856 1.734197 -9.926873 28.032579 -7.557631 -0.400682 0.375480 5.941941 -1.511247 7.820082 31.048046 -3.756128 33.654924 -32.152897 -12.983878 31.620197 0.980930 5.992913 2.242538 -27.161999 -30.406643 17.474325 3.515512 3.963244 -5.573776 -14.177268 2.155955 18.514467 3.757614 5.682194 -0.777687 -5.858977 1.537715 -7.975612 -22.032047 -7.396738 0.239802 -7.578658 -46.302128 2.227724 -7.063001 7.731974 -8.602017 16.251724 -38.650970 -13.986584 18.072009 -12.583565 10.640067 -13.017939 -16.363041 10.510299 -3.983837 0.954605 -4.019452 
-47.314156 104.888168 5.265665 29.067810 58.720741 26.907013 3.583650 12.987443 -0.230712 -10.683737 4.815034 -21.263769 2.454367 20.529428 4.985072 -7.695645 11.779576 -0.141193 2.648626 14.310332 2.554993 -2.896988 -0.850990 9.457384 3.621882 16.467348 2.788166 -5.025370 1.720432 -10.363928 0.572353 9.852278 3.247025 -4.110133 2.872338 6.927517 3.215084 11.730897 7.123769 -0.084144 16.326133 4.348317 9.548041 -4.493785 13.826874 -0.395857 23.599837 -16.071850 -25.862057 -12.453274 17.306501 -34.382363 -9.574505 -23.617192 -22.998608 -13.485497 13.389703 2.296766 3.322092 3.734202 -1.882990 13.973221 0.983640 2.453727 -0.284928 -8.298828 -7.749885 5.021757 -14.595724 13.149064 -10.354598 0.259089 -30.817616 2.996382 12.414547 -25.226785 5.450138 -36.584628 1.739263 -9.916049 28.029074 -7.084793 -0.000708 0.266903 5.945969 -1.508035 7.809266 31.590407 -4.551419 34.496034 -32.153072 -12.993450 31.615318 0.651252 5.931334 2.337819 -27.153633 -30.414803 17.486805 3.695152 3.712719 -5.624017 -14.185606 2.158683 18.515600 3.391629 5.894375 -0.932732 -5.853971 1.546175 -7.975935 -22.226204 -7.401812 -0.143281 -7.585397 -46.313557 2.208889 -6.374867 7.648855 -8.280752 16.233452 -38.635910 -13.986468 18.341573 -12.675838 10.913454 -13.006825 -16.365976 10.505465 -3.780563 0.556962 -4.113971 
-48.473381 104.892624 6.913905 32.797448 60.515476 29.110826 3.587456 12.977609 -0.219951 -12.198235 4.778653 -22.472738 2.450294 20.529161 4.986498 -8.201074 12.135411 -0.207039 2.652219 14.303763 2.564471 -3.489423 -1.423980 9.506434 3.619462 16.459351 2.803923 -6.192809 2.259202 -10.899980 0.573873 9.861692 3.244603 -5.123130 2.665694 7.375706 3.211408 11.744023 7.123283 0.077554 16.773000 3.114152 9.536696 -4.473543 13.838698 -0.555837 23.129054 -15.510096 -25.864475 -12.460166 17.283421 -32.901537 -9.056628 -22.002454 -23.009546 -13.481684 13.385289 2.916574 3.646171 3.799676 -1.896517 13.981954 0.985807 1.620980 -1.940152 -9.725601 -7.738051 5.020783 -14.585365 10.943822 -12.251286 0.772550 -30.809458 2.995932 12.414460 -27.187455 2.079229 -39.630387 1.745324 -9.906347 28.034885 -6.495278 0.614502 0.298789 5.953577 -1.500033 7.806509 32.100615 -6.302371 35.943293 -32.151291 -12.999785 31.601351 0.261004 5.774163 2.168049 -27.149918 -30.426678 17.504942 3.656186 2.562611 -5.313453 -14.185998 2.163666 18.508362 2.627104 6.436366 -0.851832 -5.852505 1.555118 -7.979486 -21.540876 -7.383447 -1.544363 -7.592643 -46.320606 2.185391 -5.370482 7.535144 -8.755819 16.202282 -38.616028 -13.981368 18.324585 -12.567065 11.168120 -13.003750 -16.360405 10.505658 -4.086068 0.709283 -4.074992 
-49.057781 104.919662 9.059449 35.408944 60.564285 29.179784 3.582134 12.971527 -0.202103 -14.060149 4.795742 -23.368084 2.451489 20.533047 4.985460 -8.510405 12.567838 -0.060336 2.646834 14.301088 2.566033 -3.736531 -2.407668 8.631466 3.608692 16.448206 2.813774 -7.530615 3.105319 -10.461242 0.573169 9.876623 3.240273 -6.293284 1.989976 8.143510 3.208985 11.760395 7.110008 -0.026894 17.751923 1.784897 9.535535 -4.452036 13.856634 0.654957 22.553138 -14.172887 -25.877050 -12.468450 17.271282 -31.375328 -8.576307 -20.309482 -23.023508 -13.470346 13.390576 3.812732 4.191592 3.871519 -1.915137 13.976772 0.985844 0.917190 -4.140094 -11.529173 -7.728763 5.032164 -14.580213 8.194247 -15.250078 1.461569 -30.795458 2.998433 12.401476 -28.508011 -2.302346 -42.828937 1.751372 -9.898704 28.039686 -5.457823 1.818735 0.467510 5.976727 -1.479110 7.803988 32.750248 -8.578133 37.541086 -32.152626 -13.008505 31.585007 0.165585 5.524661 2.054340 -27.159729 -30.449562 17.532848 3.568523 0.610055 -4.525127 -14.196816 2.168465 18.505596 0.988474 7.298814 -0.692006 -5.852371 1.565349 -7.981403 -20.623165 -7.557061 -4.116549 -7.607199 -46.327251 2.153809 -3.963166 7.048547 -9.891583 16.167078 -38.598927 -13.973880 17.919961 -12.511453 11.449619 -13.002144 -16.361404 10.510297 -3.743856 0.732230 -4.355363 
-48.863064 104.880966 11.376611 33.812237 60.018040 27.101713 3.566585 12.974215 -0.187461 -15.644058 4.425140 -23.284120 2.457434 20.521400 4.984691 -7.896309 12.639957 0.110265 2.643386 14.303158 2.563068 -3.240768 -2.897910 7.731849 3.609804 16.443274 2.814192 -7.608430 3.115583 -9.427157 0.571869 9.885538 3.254392 -6.936242 1.472185 8.770306 3.198319 11.769941 7.095343 -0.282960 18.879621 1.208425 9.538347 -4.432971 13.869746 2.866380 22.680166 -12.253344 -25.887228 -12.475151 17.264351 -30.929911 -8.958013 -19.578066 -23.034323 -13.450199 13.392685 4.215954 4.751594 3.426160 -1.936246 13.962861 0.979752 1.552699 -6.389401 -14.001347 -7.718750 5.040280 -14.593023 6.297665 -19.676088 1.345626 -30.782349 3.003252 12.388154 -28.493985 -5.780809 -43.885676 1.755525 -9.893384 28.042959 -4.124250 3.109865 0.872847 5.999080 -1.463900 7.801654 33.329971 -9.949621 38.406806 -32.147610 -13.009274 31.568338 0.330134 5.033927 2.270657 -27.178013 -30.462240 17.554626 2.639987 -1.208466 -3.941551 -14.206958 2.176979 18.508732 -0.199530 8.056573 0.305915 -5.851727 1.563660 -7.985445 -19.298884 -7.045216 -6.984226 -7.603222 -46.330765 2.143822 -2.443674 6.453053 -10.454584 16.150522 -38.583427 -13.965160 17.905887 -12.776337 11.555334 -13.017820 -16.362404 10.497755 -4.254105 0.522164 -4.539103 
-48.021549 104.742409 13.521191 31.698642 59.360887 25.219922 3.552922 12.978968 -0.186288 -16.008568 3.946532 -22.921106 2.464235 20.516981 4.985682 -6.970054 12.379199 0.338143 2.645821 14.319820 2.556185 -3.123360 -3.565965 7.536823 3.607100 16.453697 2.805717 -6.952395 2.244188 -8.908560 0.575250 9.893690 3.267408 -6.179029 1.071689 9.256587 3.192195 11.769825 7.076183 -1.027764 20.033513 1.164201 9.539129 -4.422352 13.873417 5.484875 23.070378 -9.023918 -25.895393 -12.469521 17.263922 -31.211106 -10.098227 -20.563184 -23.033836 -13.445153 13.404122 4.360040 4.965511 2.479375 -1.945400 13.947689 0.968403 3.400149 -7.500061 -16.183322 -7.719063 5.047622 -14.605350 6.061437 -25.100660 0.363853 -30.778313 3.013551 12.379828 -27.548443 -7.756224 -43.418584 1.753259 -9.888026 28.035280 -2.973555 3.369020 0.975874 6.009237 -1.467081 7.800303 33.821768 -10.707798 38.792292 -32.145699 -13.001494 31.558294 1.022607 3.675145 3.197321 -27.188690 -30.461903 17.563463 1.776358 -2.935056 -4.099489 -14.203855 2.178509 18.520170 -0.558336 7.654794 0.523247 -5.858905 1.555745 -7.979621 -18.406317 -5.846620 -8.755556 -7.604331 -46.325729 2.154979 -1.397623 6.086200 -10.780369 16.157370 -38.578194 -13.964262 17.584822 -13.829589 11.824108 -13.030101 -16.358337 10.488930 -4.878277 0.418676 -4.425573 
-46.852123 104.614433 15.155170 28.874225 58.668620 23.822477 3.545392 12.981789 -0.183592 -16.284581 3.522602 -22.321248 2.467102 20.526283 4.990457 -5.899604 11.958764 0.439887 2.641083 14.339447 2.544368 -2.756427 -4.222993 7.239470 3.607325 16.459198 2.798772 -5.939803 1.267095 -8.371958 0.581243 9.897388 3.281924 -5.576731 0.809774 9.407337 3.188651 11.775482 7.061915 -1.250139 21.018063 1.832718 9.543550 -4.425559 13.865891 7.957211 23.980541 -6.480446 -25.896553 -12.460460 17.271313 -32.867229 -11.249083 -21.118689 -23.022827 -13.441264 13.420590 4.876885 5.416312 1.864466 -1.948903 13.933409 0.960694 5.478166 -7.957940 -17.665004 -7.730501 5.057843 -14.619286 6.809142 -29.653440 -1.569929 -30.779175 3.017053 12.373413 -26.916888 -8.382867 -42.072155 1.742722 -9.879957 28.023521 -2.806507 3.378167 0.930568 6.019228 -1.475346 7.805316 33.632709 -11.905262 38.956544 -32.141754 -12.998575 31.550804 2.307018 1.950666 4.727068 -27.197447 -30.461502 17.565695 1.069227 -3.885388 -4.451882 -14.206045 2.175382 18.529839 0.280213 7.027326 0.753009 -5.868042 1.535824 -7.979756 -17.832418 -5.444637 -9.713017 -7.603051 -46.324371 2.174214 -1.029773 5.429044 -11.026267 16.171143 -38.580311 -13.964235 17.255676 -14.664826 11.827068 -13.041716 -16.353579 10.483615 -5.018297 0.300304 -4.202735 
-45.568005 104.612183 16.105261 26.735421 56.918528 22.018556 3.542840 12.986531 -0.177354 -16.505984 3.293758 -21.977045 2.471747 20.523470 4.996966 -5.032237 11.214056 0.596281 2.640476 14.349050 2.543097 -2.785352 -4.334767 7.019624 3.601100 16.467430 2.794049 -5.233493 0.654828 -7.405674 0.578430 9.891438 3.285631 -5.056656 0.670411 9.184791 3.185430 11.771140 7.061016 -1.381002 21.808978 2.223345 9.545393 -4.432752 13.860667 9.445846 24.257977 -4.848205 -25.895245 -12.453453 17.277742 -33.790889 -12.388599 -21.696229 -23.020290 -13.443020 13.428916 4.731844 5.292650 0.964216 -1.947953 13.926915 0.951568 6.246631 -8.602594 -18.345506 -7.734770 5.063477 -14.621851 8.462444 -33.025085 -3.423150 -30.780359 3.018296 12.372479 -26.068009 -8.205628 -40.522700 1.741675 -9.872650 28.023708 -2.807506 3.467839 1.129734 6.025698 -1.478863 7.807650 33.295793 -12.860959 38.866546 -32.143570 -12.998465 31.550766 2.635754 0.759396 5.406172 -27.201727 -30.461788 17.565897 0.646007 -4.362613 -4.832479 -14.203450 2.176919 18.530703 0.826511 6.756907 0.740018 -5.868987 1.527753 -7.978313 -17.771732 -4.965482 -10.478969 -7.600901 -46.321304 2.184508 -1.009243 5.184104 -11.498261 16.178259 -38.589836 -13.968541 16.930541 -15.657826 12.085779 -13.049217 -16.354912 10.471777 -4.934097 -0.030118 -4.064540 
-44.168236 104.790497 16.290512 25.689825 54.453622 21.225392 3.537151 12.990290 -0.174511 -16.038623 3.475210 -21.767784 2.475743 20.519140 4.995532 -4.851783 10.860304 0.871206 2.642151 14.344235 2.543010 -2.725629 -4.735760 6.882460 3.600278 16.466234 2.789419 -4.911116 0.719058 -6.564640 0.583134 9.891232 3.285172 -4.937867 0.526236 8.773367 3.178708 11.773217 7.063793 -1.499872 21.914146 2.761043 9.549835 -4.437310 13.858536 10.351018 24.380775 -4.341174 -25.889563 -12.444130 17.276371 -34.773596 -12.881824 -21.996226 -23.014730 -13.435972 13.426860 4.772516 5.081661 0.440411 -1.951919 13.919769 0.945557 6.483608 -9.370642 -18.363490 -7.734460 5.065281 -14.626799 8.764161 -34.309550 -3.789150 -30.792126 3.024469 12.368389 -24.830816 -7.017856 -39.582657 1.744612 -9.874012 28.024467 -2.828865 3.345293 0.770001 6.021828 -1.479980 7.807434 33.040002 -13.174392 38.898409 -32.144852 -13.001801 31.549335 2.756920 0.323575 5.651463 -27.199846 -30.453947 17.559925 0.374939 -4.538638 -4.967591 -14.201061 2.171232 18.522299 0.881940 6.891308 1.131872 -5.869948 1.522391 -7.968929 -17.285957 -4.759962 -10.715520 -7.602782 -46.314957 2.195180 -1.279196 4.609595 -11.725530 16.185297 -38.596779 -13.969988 16.318130 -15.819015 12.590575 -13.052004 -16.350487 10.470522 -5.042660 0.242546 -3.885237 
-42.339432 105.225197 15.529178 24.654008 49.022146 20.356327 3.546637 12.990560 -0.176384 -16.362432 3.048110 -22.177252 2.468963 20.517817 4.992648 -5.240924 10.602716 0.978679 2.641944 14.334540 2.555846 -2.819493 -4.796015 7.002269 3.604229 16.459644 2.788393 -4.538020 1.848276 -5.248632 0.588030 9.874952 3.269002 -5.274829 0.074429 8.412328 3.187496 11.766787 7.086239 -1.761532 21.411685 3.246932 9.551759 -4.443985 13.860509 9.794941 24.046835 -4.899702 -25.874706 -12.431471 17.266512 -35.192580 -12.861782 -21.799261 -23.008957 -13.438922 13.421033 4.382869 4.810859 0.427945 -1.944831 13.925904 0.947852 5.323588 -10.592691 -16.797351 -7.733369 5.057347 -14.608961 8.563803 -32.765565 -3.120440 -30.803385 3.033881 12.374201 -24.304547 -4.828423 -38.648789 1.743394 -9.880777 28.023159 -3.391538 2.616016 0.618541 6.006374 -1.486097 7.802737 33.164356 -13.666903 38.643257 -32.144119 -13.003658 31.548300 1.901240 0.110697 5.204754 -27.185495 -30.467003 17.536203 0.524418 -4.701172 -4.860171 -14.200580 2.163368 18.509069 1.037581 7.530179 0.506719 -5.870195 1.525479 -7.958863 -17.265120 -5.335809 -10.389618 -7.611680 -46.301346 2.201399 -1.609254 4.772421 -12.355083 16.186960 -38.600677 -13.969995 15.879222 -15.295983 12.717773 -13.028734 -16.353407 10.470718 -4.723850 0.379331 -3.743108 
-39.450195 105.993042 13.534758 23.808564 39.266583 18.472223 3.572431 12.997386 -0.181264 -16.250511 3.045774 -22.656742 2.473935 20.527044 4.978019 -6.053013 10.225790 1.199675 2.643947 14.302516 2.580889 -2.885997 -4.538500 6.398026 3.620398 16.452721 2.780941 -4.496896 4.035204 -3.730698 0.588932 9.856822 3.234306 -6.690956 0.004242 7.490561 3.197628 11.753295 7.120368 -1.876742 19.632715 3.649788 9.556859 -4.456519 13.868120 8.782997 22.630722 -5.936503 -25.858908 -12.421494 17.262709 -35.779499 -12.323146 -21.701464 -23.007406 -13.454821 13.401236 3.151871 4.280654 0.965583 -1.931811 13.936363 0.942365 2.794894 -11.413728 -13.336664 -7.733487 5.039143 -14.591446 8.394648 -28.769139 -1.684938 -30.824049 3.040494 12.387427 -22.786377 -1.504860 -37.167844 1.751968 -9.893713 28.037193 -4.366444 2.206504 0.252141 5.980347 -1.493614 7.782614 33.009013 -13.156075 38.051131 -32.145325 -13.017731 31.563211 -0.661557 0.133404 3.560927 -27.169250 -30.477179 17.504520 1.010897 -3.759440 -4.010706 -14.197126 2.163616 18.494278 1.145147 8.831991 -0.150574 -5.864225 1.536580 -7.945587 -17.123337 -6.042031 -9.984938 -7.619851 -46.288837 2.207776 -2.283601 4.688971 -12.863746 16.185854 -38.627117 -13.980272 15.398247 -14.274681 13.513242 -13.008867 -16.364580 10.489470 -4.121734 1.063480 -3.186816 
-34.893436 107.013908 10.251842 23.850169 28.027744 17.884184 3.592077 13.018689 -0.184617 -15.389458 3.282501 -22.435921 2.473201 20.537653 4.964462 -5.501475 9.016330 0.931715 2.659673 14.274525 2.598823 -2.230606 -4.063697 5.776686 3.639359 16.444456 2.785320 -4.033195 6.009971 -2.388064 0.588573 9.831005 3.207558 -7.782896 0.083260 5.298563 3.198397 11.731403 7.175077 -0.527384 17.936388 4.535798 9.568036 -4.469234 13.865049 8.537331 20.335065 -5.986176 -25.841541 -12.401855 17.277496 -36.485890 -13.025104 -22.002162 -22.996941 -13.485415 13.377506 1.875674 3.600551 0.380766 -1.921106 13.948326 0.942635 0.333869 -10.560030 -9.430368 -7.757339 5.013991 -14.600573 10.160739 -21.847204 -1.005034 -30.852631 3.043619 12.395719 -19.923745 4.675249 -31.089901 1.747210 -9.890493 28.058290 -6.229529 1.730850 -0.033034 5.947326 -1.525948 7.762537 32.218679 -12.681434 37.423488 -32.166801 -13.045623 31.591406 -3.576644 0.096970 0.409590 -27.141256 -30.475992 17.470812 2.558394 -1.932767 -1.787856 -14.205957 2.159021 18.486126 2.597947 10.584166 -2.195124 -5.846018 1.528329 -7.961270 -16.798866 -6.573357 -8.234160 -7.622353 -46.274540 2.234662 -4.616948 3.592834 -13.472648 16.206087 -38.683281 -14.002106 15.091083 -13.499641 14.913242 -12.990366 -16.378628 10.492443 -3.529186 1.768082 -2.236713 
-28.670433 107.992195 6.517839 22.679440 23.686620 18.932332 3.595270 13.061378 -0.178191 -14.193142 2.358147 -21.259541 2.489663 20.555634 4.939531 -3.352554 7.829813 0.964139 2.678169 14.293762 2.600654 -0.999534 -2.300850 5.430472 3.609510 16.465439 2.794689 -2.087353 5.175704 -1.952376 0.583190 9.842378 3.209652 -6.742645 0.723100 3.415581 3.212026 11.698236 7.185238 -0.625149 18.890739 5.117275 9.586622 -4.518760 13.853266 11.744273 18.967616 -3.774532 -25.870346 -12.374829 17.321972 -36.093438 -14.426592 -24.743340 -22.973846 -13.516966 13.395643 0.343253 3.230373 -0.439634 -1.907074 13.956274 0.941500 1.054510 -7.825737 -7.255612 -7.790248 4.997429 -14.650476 14.485781 -17.243764 -2.330682 -30.884176 3.048574 12.391347 -15.303630 11.511690 -20.533963 1.734692 -9.868674 28.057350 -6.352139 2.744809 -0.147454 5.959561 -1.545924 7.764934 31.961283 -12.258775 36.398150 -32.180752 -13.065512 31.614250 -6.264107 0.789441 -2.319650 -27.148478 -30.464315 17.478815 3.399884 -2.646374 -2.026575 -14.218373 2.156815 18.529467 4.062717 10.852587 -3.384928 -5.830712 1.519303 -7.964439 -15.239154 -6.434205 -6.148226 -7.632448 -46.296223 2.256609 -7.097048 2.356799 -12.135588 16.259445 -38.759480 -14.009346 13.860756 -15.338433 16.081213 -13.021191 -16.403814 10.504806 -2.125243 2.931384 -1.888714 
-21.299494 108.597588 3.578575 20.787107 23.362394 19.487209 3.584479 13.114379 -0.162678 -12.836043 1.121052 -21.285779 2.490717 20.574442 4.917101 -2.044155 6.362226 1.634066 2.684087 14.311318 2.589162 0.417673 -0.867787 5.541193 3.579396 16.492001 2.796588 0.623412 3.960948 -1.898040 0.575341 9.853284 3.232387 -4.982994 0.737100 3.264597 3.219489 11.687974 7.181921 -2.057284 20.610393 6.163673 9.598803 -4.558790 13.844608 14.584033 18.804889 -2.381450 -25.895981 -12.325485 17.355494 -37.014455 -16.233111 -26.715925 -22.957937 -13.519940 13.419849 -0.744688 2.272298 -1.155671 -1.891536 13.949066 0.949450 3.649559 -6.330063 -6.696795 -7.819600 5.008595 -14.706067 17.888873 -15.704855 -3.127309 -30.915829 3.057505 12.369202 -7.874738 14.924880 -9.208105 1.720311 -9.861183 28.048975 -5.863400 1.655344 -0.546229 5.979733 -1.563365 7.780174 32.426053 -11.051603 35.145432 -32.196297 -13.061406 31.621271 -8.873770 0.444104 -4.160424 -27.149775 -30.440830 17.493168 3.780739 -4.143389 -3.290393 -14.229765 2.151850 18.563480 4.891580 10.266848 -3.614337 -5.839601 1.507855 -7.956901 -13.649710 -6.071533 -4.917968 -7.659300 -46.311420 2.271775 -8.930407 1.341089 -11.252865 16.316887 -38.806271 -14.036147 13.996822 -17.042471 15.651585 -13.045860 -16.418077 10.529378 -1.356147 3.119382 -1.730729 
-13.960077 108.725113 1.840040 19.206664 23.831910 20.069165 3.552182 13.153708 -0.157398 -11.603402 0.644999 -20.928016 2.472140 20.596752 4.906234 -1.516891 4.831238 2.185781 2.676388 14.319235 2.575251 1.946230 0.549023 6.258038 3.551113 16.521460 2.793284 1.564648 3.032869 -2.108698 0.575759 9.842095 3.263980 -3.995876 -0.040026 2.848460 3.208106 11.684539 7.174402 -2.925299 22.676354 5.925005 9.618130 -4.573254 13.836079 16.034166 19.531331 -1.069353 -25.897209 -12.297185 17.374046 -39.786972 -19.092691 -28.307432 -22.945101 -13.513618 13.440910 -0.849633 1.814712 -3.090799 -1.898022 13.939126 0.945102 6.056212 -5.858662 -7.609481 -7.827966 5.029565 -14.740716 20.577239 -16.677039 -3.635632 -30.932341 3.060112 12.345697 -1.358799 14.333321 0.237787 1.720254 -9.857950 28.040106 -4.841031 1.008739 0.468911 5.986815 -1.571897 7.800514 32.773713 -10.336696 34.195735 -32.228958 -13.061336 31.612606 -10.474466 0.669313 -5.767606 -27.157990 -30.415247 17.503576 4.023772 -5.712771 -4.595095 -14.235386 2.163442 18.580210 4.738369 8.809160 -3.856785 -5.859686 1.507113 -7.934253 -12.508785 -5.547410 -3.764107 -7.681719 -46.311577 2.264281 -9.983116 0.109521 -11.209117 16.348776 -38.829807 -14.071751 13.762149 -17.169952 15.167927 -13.066459 -16.414877 10.540016 -1.115521 2.602809 -2.209258 
-7.346483 108.426941 0.586629 20.286348 26.050628 22.740054 3.512041 13.169641 -0.171040 -10.126286 0.843953 -20.751112 2.440409 20.622221 4.900981 -1.016761 4.872435 2.604834 2.657510 14.325312 2.576089 2.434794 1.624782 7.484584 3.530057 16.539051 2.793832 0.733610 0.467893 -3.841842 0.581032 9.836737 3.298903 -3.535446 -0.371028 3.009283 3.195310 11.705065 7.146027 -3.857237 25.351159 5.361382 9.632906 -4.570787 13.820601 17.877928 21.703676 -0.400188 -25.868151 -12.306219 17.370750 -45.410701 -22.217303 -30.307738 -22.960295 -13.497392 13.458131 0.053091 1.525101 -5.862825 -1.912765 13.925555 0.941675 7.916596 -6.032915 -8.053148 -7.820161 5.052338 -14.757516 25.575237 -18.660844 -5.514231 -30.944609 3.047314 12.344771 3.457014 12.283074 8.096639 1.724503 -9.837583 28.031322 -3.418864 0.768960 1.775348 5.973693 -1.595510 7.814386 32.106496 -10.901806 33.195098 -32.253490 -13.063511 31.615969 -10.917860 1.239783 -5.254005 -27.171913 -30.387648 17.511032 4.814489 -7.683486 -7.143575 -14.240747 2.179733 18.589262 5.215982 6.645050 -4.296049 -5.891264 1.511633 -7.897182 -13.131053 -4.952309 -1.596807 -7.701510 -46.329758 2.268388 -12.022134 0.025696 -11.514007 16.375608 -38.847137 -14.104685 12.592973 -17.125496 15.459981 -13.089408 -16.390577 10.550179 -2.056539 2.387764 -3.593170 
-1.043802 107.806656 -0.623420 23.124977 28.717114 25.360738 3.475698 13.179034 -0.193239 -7.799886 0.712329 -20.043016 2.424751 20.649937 4.902438 -0.737134 5.735013 2.366218 2.643018 14.327131 2.570458 2.853547 1.912011 7.998922 3.534050 16.539330 2.800921 0.074840 -2.320342 -6.058604 0.582517 9.850742 3.326274 -3.565560 -0.247932 4.317740 3.194843 11.727367 7.097833 -5.025982 27.278836 3.813445 9.641772 -4.560307 13.816760 19.390897 26.223430 -0.439263 -25.825590 -12.340569 17.346075 -52.325099 -25.007553 -30.633023 -22.983467 -13.469494 13.488323 1.242786 1.384956 -8.349359 -1.915939 13.923060 0.921272 10.229739 -5.568888 -8.132229 -7.811514 5.063508 -14.772793 31.007785 -19.643177 -8.917862 -30.930656 3.031053 12.365198 6.987937 10.204842 13.632140 1.725008 -9.810023 28.033548 -1.488563 0.876329 2.073988 5.948614 -1.630609 7.818220 31.262394 -11.863172 33.148588 -32.267689 -13.071258 31.622469 -10.469964 2.205168 -3.364919 -27.170105 -30.366137 17.528006 5.092713 -9.161070 -9.065607 -14.231096 2.193069 18.613003 6.291857 4.327152 -3.919224 -5.916155 1.498052 -7.858092 -14.920852 -4.180689 1.024785 -7.697959 -46.357296 2.287269 -12.781706 0.150446 -11.446066 16.389296 -38.843605 -14.120128 13.023570 -17.722177 15.744030 -13.120876 -16.360519 10.557976 -3.449597 2.418220 -4.718184 
5.586415 107.015022 -1.801342 27.052013 30.779694 27.497628 3.470078 13.175626 -0.217701 -5.932058 0.647339 -19.767893 2.431270 20.664518 4.892587 -0.940738 6.423852 1.953039 2.647069 14.334135 2.555248 3.268781 2.301314 7.609240 3.536708 16.540955 2.815237 -1.019897 -4.738522 -8.235449 0.573677 9.868085 3.333487 -4.117320 0.756379 4.372960 3.198532 11.741954 7.062157 -6.565998 28.674896 2.723768 9.656192 -4.563668 13.818598 19.232274 31.412863 -0.785564 -25.793594 -12.366644 17.337881 -56.833949 -25.540746 -30.350885 -22.985291 -13.444313 13.513226 1.541152 1.457532 -10.187011 -1.917198 13.925701 0.901145 11.887304 -5.179219 -7.431915 -7.812879 5.074797 -14.781147 36.730541 -19.057778 -11.812594 -30.925863 3.033754 12.383398 10.407590 8.539319 18.083684 1.724284 -9.801307 28.023048 0.183198 0.777969 2.452631 5.927216 -1.666558 7.814582 30.384045 -12.947141 33.265521 -32.265995 -13.103141 31.632538 -8.494191 2.969858 -1.400886 -27.138021 -30.336424 17.546104 4.745039 -10.672132 -9.301439 -14.227149 2.205576 18.630743 7.688076 1.480726 -3.248952 -5.931816 1.503473 -7.830410 -17.395701 -4.225502 3.061425 -7.667467 -46.378143 2.295717 -12.514041 0.174404 -10.743795 16.373650 -38.844044 -14.137325 14.391941 -19.639464 15.273628 -13.143903 -16.328661 10.550386 -4.736277 1.703832 -4.185333 
12.757771 106.168556 -2.803728 30.255344 31.252637 27.727797 3.496003 13.175000 -0.233995 -4.270202 0.283719 -20.027271 2.440518 20.689190 4.879907 -1.684816 7.565614 2.211879 2.668793 14.326541 2.544505 3.749229 3.074141 7.431089 3.545895 16.548199 2.812420 -1.627703 -5.689309 -8.893315 0.562111 9.873675 3.332666 -3.745058 1.750709 3.471199 3.198317 11.764188 7.066998 -6.839682 29.731858 2.145964 9.668058 -4.593091 13.812225 18.113457 36.103355 -1.515105 -25.787703 -12.373345 17.355312 -56.460656 -23.945255 -30.096037 -22.959658 -13.436282 13.532093 1.342429 2.490007 -10.284925 -1.890524 13.923171 0.899661 12.031067 -4.502834 -5.840207 -7.829559 5.076199 -14.789560 41.341503 -18.854312 -14.270071 -30.914358 3.045966 12.392690 13.159901 7.648626 20.479185 1.729362 -9.805051 28.013077 0.093055 -0.508520 2.710653 5.926676 -1.695184 7.833581 29.252324 -12.790406 33.996341 -32.260540 -13.143772 31.660667 -5.735963 2.146525 -0.634074 -27.108801 -30.311184 17.539799 2.354103 -9.288543 -7.563232 -14.225630 2.194035 18.643143 9.135625 -0.622770 -3.219879 -5.940314 1.504708 -7.818073 -21.126188 -5.287214 4.556431 -7.644433 -46.398777 2.282983 -11.233027 0.660445 -9.648367 16.360319 -38.834438 -14.165130 16.729266 -21.404319 14.303624 -13.143531 -16.323620 10.524924 -4.784291 1.213140 -4.095353 
19.438927 105.303635 -3.543812 32.039198 30.177948 27.070575 3.494331 13.178184 -0.239389 -3.294930 0.700589 -20.015393 2.440339 20.684710 4.862023 -2.914159 7.325412 1.686676 2.678257 14.325778 2.555441 4.602511 4.031621 6.382221 3.550482 16.530916 2.817528 -2.364370 -5.758319 -8.622234 0.554192 9.866098 3.323801 -1.317665 2.459884 2.306018 3.186686 11.787335 7.066350 -6.458349 31.295128 0.557148 9.664147 -4.620026 13.811941 17.487426 40.254557 -2.125168 -25.779303 -12.362644 17.367432 -53.865437 -21.043389 -29.570659 -22.947533 -13.426769 13.525212 1.761010 3.127920 -8.770469 -1.885583 13.919797 0.910490 12.009545 -4.671636 -5.909020 -7.842905 5.074281 -14.767663 43.003059 -21.396660 -16.239384 -30.899006 3.048785 12.403700 14.548807 6.013165 21.043779 1.729825 -9.808979 27.996901 -0.630639 -2.843758 2.528684 5.940957 -1.689337 7.855852 27.585133 -13.316100 34.116327 -32.243237 -13.165489 31.680243 -4.023634 0.185826 0.237221 -27.091829 -30.309727 17.541723 0.409220 -6.620541 -6.014712 -14.217640 2.189972 18.628466 9.264387 -1.873230 -2.938102 -5.947827 1.516127 -7.810317 -23.894681 -5.203785 5.204823 -7.632510 -46.405437 2.253803 -9.291858 0.982117 -8.664960 16.351370 -38.805447 -14.179508 19.620000 -22.374320 12.394319 -13.137700 -16.329937 10.502390 -3.703926 1.094512 -4.289728 
24.676607 104.474686 -4.069033 33.373616 28.704522 26.590970 3.480410 13.179132 -0.239911 -2.451801 0.724832 -19.594775 2.440405 20.669918 4.858908 -3.965140 6.828987 1.163261 2.679133 14.327682 2.558949 5.336320 4.552571 6.346098 3.560222 16.507549 2.818745 -2.742562 -5.767716 -8.365715 0.551620 9.857430 3.331559 1.357613 2.076203 1.352011 3.169207 11.809588 7.082901 -6.156286 32.549249 -0.731594 9.650344 -4.635519 13.816454 17.161028 43.799739 -2.466144 -25.774593 -12.341186 17.385237 -50.053173 -17.743035 -28.890443 -22.934145 -13.412500 13.525560 2.055227 3.465068 -7.284059 -1.895059 13.933320 0.917599 11.783847 -4.672327 -6.597406 -7.848488 5.062304 -14.748719 42.809624 -25.553628 -18.223892 -30.882990 3.039198 12.406881 15.098012 2.809566 20.169929 1.735073 -9.803308 27.988667 -0.846222 -4.757403 1.812233 5.944252 -1.683121 7.865918 25.273211 -13.835853 33.776044 -32.227806 -13.163856 31.690536 -2.877606 -1.799497 1.341320 -27.087105 -30.294224 17.535536 -1.609645 -2.987436 -4.847890 -14.207609 2.195319 18.611101 9.234590 -2.877336 -1.896054 -5.949416 1.516108 -7.810194 -25.341323 -4.126733 6.174334 -7.627330 -46.397602 2.233204 -7.352783 0.647801 -9.146877 16.349630 -38.773239 -14.185765 21.435693 -23.074928 11.163853 -13.129360 -16.332518 10.480963 -2.557864 1.436576 -4.126835 
28.236898 103.741272 -4.399891 33.215002 27.906351 25.230579 3.476145 13.179637 -0.234329 -1.697364 0.649707 -19.364052 2.439312 20.658707 4.859940 -4.394841 6.622214 1.230761 2.670026 14.328897 2.554901 5.961308 4.437470 6.262451 3.568646 16.491928 2.820726 -2.926595 -5.615806 -8.098883 0.554289 9.851369 3.327412 3.092475 1.742364 1.175902 3.156485 11.812343 7.097557 -6.268536 33.866339 -1.869340 9.637404 -4.639525 13.815688 16.964737 46.458359 -2.531067 -25.762506 -12.316988 17.389256 -47.227848 -15.225962 -28.129878 -22.929644 -13.411877 13.531622 2.491719 3.354261 -6.602618 -1.901080 13.943392 0.917521 11.657389 -4.829856 -7.185293 -7.839838 5.042065 -14.724373 41.879370 -30.071663 -20.285790 -30.864115 3.025917 12.410279 14.707810 0.269625 19.023200 1.743146 -9.798054 27.981480 -0.704776 -5.525980 1.629778 5.945450 -1.663689 7.856117 23.199079 -14.058088 33.259586 -32.220295 -13.157012 31.690065 -2.150317 -3.389758 2.800643 -27.081991 -30.286882 17.523563 -3.172878 0.009898 -4.288984 -14.204230 2.197931 18.593296 8.254126 -2.838864 -1.552750 -5.940718 1.514959 -7.807288 -25.967046 -3.819601 6.762248 -7.626507 -46.382835 2.227416 -5.776766 0.735192 -9.414209 16.338484 -38.747299 -14.188521 22.743768 -22.797239 10.206916 -13.121118 -16.331472 10.472295 -1.759459 1.823486 -4.521635 
30.264421 103.127220 -4.585528 33.254880 27.434172 24.794536 3.473957 13.179538 -0.230854 -1.658098 0.698492 -19.509821 2.442623 20.652647 4.861073 -4.962160 6.582982 1.149775 2.663009 14.330268 2.557013 6.029072 4.572424 6.481125 3.573116 16.488026 2.812246 -2.785581 -5.695722 -8.058086 0.552952 9.843451 3.332488 3.377326 1.116093 0.649731 3.149915 11.808554 7.105697 -6.677440 34.399169 -2.594217 9.626964 -4.641541 13.814618 17.294879 47.818776 -2.410644 -25.761402 -12.306262 17.397266 -44.717208 -13.766140 -27.987301 -22.918457 -13.411713 13.536033 2.312100 3.197263 -6.088515 -1.906099 13.942077 0.913151 11.645282 -4.814216 -8.076267 -7.831805 5.032309 -14.717779 41.721012 -33.065970 -22.001950 -30.854946 3.018881 12.408051 14.753577 -2.350177 17.650730 1.748109 -9.802324 27.980309 -0.916624 -5.845948 1.510733 5.944765 -1.656658 7.854806 22.036461 -14.168000 32.386667 -32.207203 -13.148366 31.689699 -2.167338 -4.394029 3.594385 -27.088669 -30.279860 17.512512 -4.463607 1.619502 -4.330005 -14.203951 2.198938 18.582769 8.163311 -3.407009 -1.199586 -5.942168 1.513075 -7.807363 -26.235547 -3.339736 6.909801 -7.621530 -46.364357 2.217979 -4.495087 1.108895 -9.466307 16.339674 -38.738228 -14.184099 23.616072 -22.933349 10.160928 -13.117439 -16.337791 10.463250 -1.463432 1.903837 -4.482491 
30.933826 102.596397 -4.605799 33.418289 27.396625 24.533526 3.464849 13.178188 -0.231949 -1.398682 0.833842 -19.297373 2.442671 20.646519 4.861922 -4.754104 6.644243 1.224998 2.664524 14.329083 2.558977 5.938940 4.824311 6.182902 3.574312 16.478102 2.805221 -2.797956 -5.284560 -7.895661 0.555135 9.844500 3.328579 3.252646 1.024760 0.626651 3.147359 11.812735 7.111927 -6.395166 34.913577 -2.859972 9.622322 -4.640725 13.816591 16.504403 48.361513 -3.647573 -25.758528 -12.301136 17.398552 -43.864704 -12.924738 -28.016480 -22.917446 -13.409509 13.528400 2.434483 3.026998 -5.993255 -1.914452 13.941908 0.913506 11.737366 -4.859047 -8.321964 -7.827923 5.023215 -14.708400 41.664543 -34.267155 -22.647437 -30.850925 3.018246 12.408489 14.696523 -3.627753 17.418485 1.749266 -9.805575 27.985279 -1.248907 -5.726501 1.493733 5.943379 -1.652559 7.851823 20.965021 -13.977655 31.873839 -32.206379 -13.151131 31.689047 -1.687165 -5.131364 4.081048 -27.090084 -30.275106 17.509981 -4.913845 2.717137 -4.066154 -14.201979 2.197396 18.580725 7.813518 -3.411301 -0.876735 -5.938560 1.518131 -7.808565 -26.199509 -2.947750 6.986586 -7.614300 -46.356567 2.217939 -3.745133 1.116758 -9.183676 16.335306 -38.734558 -14.184771 23.494389 -22.822551 10.373854 -13.119718 -16.336735 10.461869 -1.259782 2.174268 -4.611871 
30.415611 102.144882 -4.479788 34.275443 27.280209 25.021508 3.464672 13.179610 -0.230287 -1.271578 0.717878 -19.131281 2.443424 20.643639 4.866271 -4.729420 7.116658 1.396734 2.671593 14.329329 2.562022 6.174494 5.134628 6.090018 3.565867 16.479650 2.806295 -3.041215 -4.646086 -7.803908 0.555766 9.845970 3.323547 3.160710 1.022103 0.795634 3.148239 11.812298 7.114732 -5.929341 34.584868 -2.639014 9.627462 -4.641124 13.815762 16.185093 47.568286 -4.437006 -25.759956 -12.303356 17.396141 -44.113132 -12.997277 -27.830769 -22.925442 -13.408030 13.525950 2.522729 2.925508 -5.557539 -1.910654 13.941399 0.909522 12.026444 -4.741953 -8.366109 -7.826763 5.023222 -14.710581 41.998167 -32.850809 -22.655049 -30.855665 3.018095 12.407207 14.959902 -3.408048 17.856860 1.749815 -9.803719 27.996122 -1.029725 -5.672183 1.452537 5.947128 -1.651904 7.850822 20.340261 -13.525620 31.717872 -32.218834 -13.158483 31.690632 -1.117214 -5.136880 4.302342 -27.086136 -30.283705 17.513470 -4.965356 3.172186 -4.204572 -14.207117 2.188914 18.583282 7.464628 -3.243281 -1.215500 -5.932742 1.518761 -7.812658 -25.808556 -3.092550 6.660366 -7.620185 -46.364613 2.217816 -3.765003 1.351419 -9.046594 16.338205 -38.737434 -14.187558 23.374388 -22.976340 10.359382 -13.123453 -16.341618 10.464230 -1.209285 2.379854 -4.699266 
28.913208 101.785362 -4.259120 34.742263 27.515301 25.317075 3.464237 13.180984 -0.227402 -1.649239 0.920164 -19.309891 2.441372 20.650780 4.866541 -4.687974 7.603091 1.474777 2.676172 14.342608 2.565397 6.292378 5.087324 5.941021 3.559415 16.485394 2.810939 -3.231188 -4.278739 -8.214014 0.556729 9.850373 3.322343 2.609897 1.301146 0.924957 3.152250 11.812553 7.112677 -5.321119 34.472115 -2.142634 9.633956 -4.639751 13.815043 15.504268 46.717780 -5.328717 -25.769987 -12.307782 17.401356 -44.566154 -14.068166 -27.984113 -22.935253 -13.416136 13.521038 2.425727 2.859437 -5.575195 -1.907816 13.938648 0.909798 12.712481 -4.333363 -8.745950 -7.836597 5.024945 -14.713896 42.295000 -30.576783 -21.699508 -30.865183 3.020697 12.407506 15.008192 -2.488754 19.186978 1.748971 -9.806271 28.007929 -1.232177 -5.407971 1.315089 5.952848 -1.659062 7.856127 20.339081 -13.141301 30.871308 -32.227016 -13.166503 31.684303 -0.443810 -4.666906 4.493209 -27.091938 -30.296410 17.526321 -4.850613 2.829807 -4.521670 -14.212887 2.183708 18.593479 7.713584 -3.590820 -1.700287 -5.932404 1.521030 -7.813283 -25.613848 -3.217310 6.450645 -7.622299 -46.374111 2.217692 -3.967023 1.567445 -8.300629 16.338715 -38.752922 -14.195258 22.365214 -22.956310 11.089703 -13.135328 -16.345076 10.471996 -1.637002 2.277885 -5.051416 
26.498657 101.511230 -3.974604 35.137621 28.088530 26.556715 3.465807 13.181120 -0.223328 -1.803240 1.045432 -19.487638 2.440452 20.655613 4.872530 -4.611952 8.177111 1.517167 2.688737 14.342999 2.567626 6.230021 5.199975 5.791843 3.547764 16.504066 2.815291 -3.319722 -3.971214 -8.164962 0.559987 9.860571 3.315871 1.577906 1.777668 0.961905 3.150434 11.811302 7.113988 -5.102097 33.894336 -1.203596 9.646144 -4.641706 13.814171 15.615445 44.639299 -6.089058 -25.780506 -12.311133 17.401039 -46.177198 -14.941438 -27.815788 -22.947777 -13.418609 13.514151 2.641102 2.782988 -5.362145 -1.900020 13.938724 0.905415 13.107206 -3.867314 -8.583976 -7.844768 5.037273 -14.724851 42.689823 -27.468164 -20.166274 -30.883932 3.028379 12.401277 15.118808 -0.534875 19.927768 1.744008 -9.800385 28.015768 -1.209550 -4.667216 1.518376 5.960711 -1.663577 7.865063 20.237700 -12.714820 30.417390 -32.233311 -13.181728 31.677071 0.207658 -3.728830 4.936628 -27.096891 -30.306801 17.538996 -4.156791 1.953462 -5.601036 -14.221284 2.174094 18.605492 7.641157 -3.371302 -2.146409 -5.937665 1.528903 -7.811070 -25.263377 -3.461557 5.915148 -7.631479 -46.389866 2.221327 -3.688954 1.866194 -7.435316 16.344891 -38.772488 -14.200843 20.975313 -23.232743 11.710114 -13.137954 -16.352112 10.482386 -1.489482 2.419985 -4.660297 
23.084980 101.321541 -3.678678 35.183114 28.925137 27.592159 3.465461 13.178511 -0.222464 -1.954407 0.936945 -19.340874 2.441704 20.661051 4.873622 -4.255776 8.888350 2.089558 2.693188 14.342370 2.569755 5.773523 4.797027 5.193323 3.542269 16.509632 2.809511 -3.452041 -3.423218 -7.900967 0.560281 9.863626 3.310491 0.460061 1.924557 1.293364 3.152544 11.810222 7.112650 -4.693535 32.628309 -0.193598 9.663733 -4.637878 13.812062 15.941504 42.006196 -7.007726 -25.786283 -12.323671 17.400238 -47.486235 -16.206808 -28.158739 -22.956152 -13.427103 13.514469 2.696454 2.908132 -5.710538 -1.890282 13.928892 0.908246 13.733315 -3.703649 -8.197316 -7.847808 5.044356 -14.740373 42.846422 -23.455505 -17.959591 -30.887897 3.046592 12.400647 14.496440 1.638034 20.423860 1.741330 -9.804783 28.029972 -0.844149 -3.785662 1.832398 5.962999 -1.665898 7.876142 21.524745 -11.360748 29.641549 -32.237564 -13.182150 31.664373 0.824765 -2.364896 4.756569 -27.103685 -30.315744 17.547522 -3.155300 0.187975 -6.246738 -14.226833 2.169195 18.625353 7.238568 -2.669521 -2.953010 -5.943402 1.531540 -7.816642 -24.923934 -3.858031 4.652120 -7.637405 -46.392277 2.224289 -3.370204 2.201703 -6.740799 16.353819 -38.790783 -14.197410 19.138929 -23.018088 12.552733 -13.139710 -16.361214 10.487151 -2.009412 2.340856 -4.803816 
18.465178 101.268623 -3.399970 34.093828 30.616077 28.281911 3.473834 13.161786 -0.213236 -2.292379 1.027947 -19.061395 2.450556 20.659740 4.882948 -3.436502 9.470290 2.333347 2.684982 14.343295 2.569234 5.416855 4.113027 4.579965 3.529628 16.514994 2.807386 -3.241749 -3.577747 -7.849952 0.569013 9.867184 3.303468 -1.243084 1.952368 1.347118 3.153852 11.801641 7.108098 -4.892645 30.535979 1.058501 9.679318 -4.625556 13.799778 16.439780 38.403459 -8.011190 -25.802702 -12.343718 17.398533 -48.481181 -17.859323 -28.817214 -22.960264 -13.438227 13.509469 2.217151 2.783133 -6.447503 -1.892724 13.913152 0.906052 13.959686 -3.994461 -7.709094 -7.846094 5.049165 -14.762940 42.295000 -19.137941 -15.659592 -30.900381 3.061455 12.391695 13.418863 4.080216 19.357342 1.734144 -9.813287 28.032318 0.067947 -2.755351 2.521290 5.966078 -1.666042 7.869904 22.964442 -9.772881 27.787621 -32.239182 -13.167848 31.642033 1.702798 -0.055678 5.021612 -27.114435 -30.326048 17.560600 -1.626230 -2.439775 -6.760266 -14.226929 2.170062 18.643908 7.005965 -1.890509 -3.164327 -5.951973 1.526411 -7.816754 -24.269549 -4.221491 3.501110 -7.636551 -46.380688 2.230629 -2.539433 2.291194 -6.329665 16.364309 -38.814720 -14.186877 16.289351 -22.455895 13.570585 -13.145316 -16.365353 10.492966 -2.787417 2.108706 -4.678910 
12.595534 101.395531 -3.170636 31.121545 32.156346 27.953251 3.472807 13.148654 -0.200676 -2.866716 1.258812 -18.729268 2.462068 20.653805 4.899795 -2.540615 9.299191 3.134491 2.664645 14.349386 2.563434 4.707143 2.811277 4.595813 3.525138 16.525841 2.805405 -2.349634 -3.272895 -8.648919 0.572041 9.870152 3.305576 -2.686102 0.796110 1.688876 3.159662 11.775661 7.105504 -4.843454 28.066337 2.053419 9.687421 -4.601756 13.792937 17.629475 33.808829 -7.933449 -25.815512 -12.360214 17.393412 -49.038870 -19.093406 -29.079841 -22.964905 -13.445589 13.512486 1.347825 2.579904 -7.759748 -1.900567 13.900622 0.908503 13.648738 -4.133194 -7.022679 -7.834979 5.051591 -14.784320 40.827965 -15.350784 -13.234420 -30.899263 3.056073 12.395982 11.322481 6.007544 16.768121 1.730501 -9.821313 28.044209 1.030243 -1.522849 2.707493 5.961440 -1.664877 7.848017 25.247400 -6.986094 25.635565 -32.244781 -13.129540 31.619955 1.122711 2.326070 4.813475 -27.131378 -30.327990 17.570084 0.359223 -6.281655 -7.371473 -14.229689 2.180819 18.664120 6.685077 -0.719053 -3.585090 -5.961897 1.510157 -7.826812 -22.473305 -3.993093 1.856663 -7.643282 -46.353916 2.241944 -1.054617 2.010669 -6.495464 16.379456 -38.837948 -14.170861 12.790502 -21.598096 14.822158 -13.141885 -16.372622 10.502590 -3.879739 1.264536 -4.482170 
6.058911 101.764420 -2.881625 25.769739 32.149198 26.367773 3.456603 13.137916 -0.181122 -4.330143 1.836697 -17.525263 2.462649 20.634354 4.912745 -1.267794 7.620296 3.831994 2.648366 14.377856 2.571281 4.132705 1.921508 5.391753 3.517179 16.527691 2.806538 -1.236266 -2.234395 -9.028398 0.573412 9.868865 3.298945 -2.463092 -0.439127 2.222809 3.160311 11.753918 7.095902 -4.380720 25.510687 2.072420 9.669483 -4.569260 13.806250 17.711903 27.936022 -7.968882 -25.828297 -12.361309 17.380102 -47.544745 -19.782291 -29.577383 -22.976259 -13.441800 13.496117 1.012290 1.641537 -8.431091 -1.931628 13.901043 0.917745 11.927797 -3.809741 -7.242344 -7.821320 5.056531 -14.792058 36.418179 -13.047955 -10.782849 -30.901567 3.046927 12.396129 7.709963 7.076368 12.030778 1.722465 -9.832882 28.063713 1.247509 -1.180014 2.213343 5.947560 -1.647985 7.821198 27.124197 -3.288460 23.385676 -32.254086 -13.076802 31.611111 -0.628562 3.579998 3.128330 -27.152685 -30.348885 17.568552 2.853972 -9.942014 -7.707322 -14.228437 2.186061 18.660635 5.944363 0.978969 -3.858409 -5.954599 1.498725 -7.837808 -19.379096 -2.141860 0.099000 -7.664455 -46.312962 2.248116 1.894128 1.676798 -7.623475 16.385439 -38.839317 -14.149034 8.180796 -20.470429 15.854776 -13.139120 -16.385784 10.528588 -4.370389 1.198455 -3.326551 
-0.308876 102.341515 -2.352759 19.450133 30.895958 22.942687 3.472054 13.132745 -0.157899 -6.548756 2.343748 -17.446251 2.466758 20.623676 4.920074 -0.313974 5.637530 3.960740 2.641423 14.378160 2.571734 3.948533 1.233457 6.332037 3.523205 16.527628 2.803781 -0.232998 -0.556178 -7.984588 0.582856 9.862492 3.280451 -2.444354 -0.747253 2.674685 3.162550 11.742964 7.113111 -3.856122 23.343799 1.571182 9.639150 -4.555235 13.811802 17.131218 22.404767 -7.414409 -25.861834 -12.346869 17.381483 -43.125531 -18.705163 -28.961761 -22.973249 -13.449432 13.482144 0.492379 1.472601 -7.610585 -1.938007 13.905625 0.949610 9.597660 -3.875192 -6.695975 -7.810607 5.053452 -14.789315 30.491928 -11.357010 -8.212129 -30.913574 3.039523 12.398067 3.370615 7.890509 6.158222 1.707509 -9.839959 28.071680 -0.151994 -1.135434 1.873334 5.946189 -1.610370 7.802922 27.709727 -0.764902 22.919890 -32.252842 -13.042629 31.620182 -2.612179 3.667958 0.607212 -27.175373 -30.384653 17.531549 4.472398 -11.165072 -6.820309 -14.233845 2.176146 18.649679 4.317803 3.902508 -4.490535 -5.936283 1.496707 -7.853654 -17.088882 -1.382337 -1.375510 -7.682239 -46.274773 2.244202 4.049998 1.762998 -8.654598 16.382925 -38.836243 -14.122361 5.352701 -18.609554 15.800835 -13.120185 -16.419281 10.545970 -3.518280 1.483201 -2.934478 
-6.502696 103.054573 -1.436809 14.451241 28.278332 19.521222 3.507611 13.124924 -0.138768 -8.738397 2.512789 -17.789124 2.477192 20.613195 4.919899 -0.260393 3.927669 3.941135 2.631608 14.348062 2.562783 3.824919 0.987030 5.912624 3.531147 16.546532 2.795449 0.285627 1.091963 -6.486629 0.586852 9.855557 3.258126 -3.024861 -1.260230 1.690052 3.165250 11.724052 7.158458 -2.935668 20.903345 2.502982 9.614657 -4.558569 13.820106 16.013396 18.051181 -6.355234 -25.898207 -12.325763 17.395317 -38.720025 -16.386474 -27.685364 -22.955624 -13.481927 13.465113 -0.900617 2.011617 -6.227720 -1.927758 13.922006 0.968046 7.075368 -3.874242 -6.236514 -7.812653 5.056295 -14.774546 26.494181 -10.632501 -6.272973 -30.922161 3.028211 12.387290 -0.034047 8.297026 0.440972 1.706079 -9.855169 28.062510 -1.652202 -1.156836 1.382244 5.953051 -1.579882 7.779725 27.978410 -0.127562 23.549162 -32.250660 -13.040894 31.629986 -3.729738 3.366107 -0.636508 -27.170704 -30.402702 17.498972 5.419483 -10.002921 -4.869360 -14.242100 2.169487 18.625336 3.083665 6.792095 -4.440012 -5.917309 1.502551 -7.884036 -15.549510 -1.664290 -2.496639 -7.694486 -46.255520 2.238909 5.310793 1.897896 -9.396963 16.366568 -38.856159 -14.107346 4.079276 -16.900659 14.614050 -13.097113 -16.446363 10.548800 -1.548642 1.200533 -2.202491 
-13.172297 103.742172 0.117696 14.205715 25.924294 19.236183 3.527509 13.107774 -0.125113 -10.342260 2.591913 -18.606373 2.484100 20.582752 4.908571 -0.874811 3.064051 3.287825 2.619932 14.305892 2.562530 2.524591 0.123834 4.475617 3.545896 16.533430 2.799207 0.003482 2.487649 -4.893976 0.585786 9.853646 3.249804 -4.151651 -1.981625 0.842511 3.199728 11.713408 7.183102 -1.697777 19.089493 4.011129 9.597653 -4.562545 13.826120 15.230314 15.065329 -5.655384 -25.922680 -12.318263 17.393639 -34.153657 -14.322528 -27.311211 -22.939407 -13.503116 13.444083 -1.893812 2.432372 -4.422916 -1.912000 13.940388 0.971679 5.125317 -4.699579 -5.961294 -7.830893 5.042045 -14.753677 23.891273 -10.369189 -5.348713 -30.909567 3.040428 12.384259 -3.651354 8.787151 -4.691560 1.706493 -9.862390 28.062674 -2.273802 -0.847651 0.546891 5.960289 -1.557435 7.757216 29.057752 -1.226845 25.247347 -32.222488 -13.043806 31.634039 -4.213594 2.953431 -0.534413 -27.157244 -30.419806 17.486053 5.331844 -7.841281 -3.639954 -14.248064 2.170612 18.609993 2.614065 9.402900 -4.216534 -5.886223 1.505693 -7.926642 -14.928705 -2.305770 -3.969927 -7.688387 -46.251339 2.244556 5.437560 1.747136 -9.522301 16.362394 -38.871761 -14.082870 4.859178 -17.045929 15.142412 -13.066706 -16.458107 10.540542 -0.106355 1.829045 -1.710846 
-20.734894 104.082115 3.202692 20.043871 25.909867 21.915582 3.561372 13.078050 -0.139953 -11.791957 2.568129 -19.748365 2.484919 20.549812 4.914691 -1.724522 3.868946 1.510952 2.617635 14.268443 2.579466 1.491091 -0.884496 4.015798 3.567853 16.513306 2.807558 -1.486792 3.705408 -4.141915 0.574125 9.853016 3.241259 -6.494583 -1.698062 0.717138 3.228323 11.699201 7.180204 0.045513 16.745568 5.337963 9.580926 -4.550716 13.826859 14.235519 13.867100 -4.711625 -25.915678 -12.336465 17.374720 -33.264227 -12.623958 -26.331723 -22.932272 -13.511559 13.406648 -1.266857 2.673981 -1.875239 -1.908517 13.958701 0.952001 3.500890 -5.969245 -6.487656 -7.842547 5.012346 -14.710911 22.910761 -12.258631 -6.378004 -30.901449 3.038485 12.393249 -8.677264 8.819894 -11.719711 1.702341 -9.844930 28.055483 -3.269626 0.870582 -0.445457 5.950255 -1.549429 7.728524 29.565505 -5.351765 28.592077 -32.184593 -13.074753 31.632980 -3.278475 2.024585 0.693249 -27.135008 -30.448612 17.473516 3.738719 -4.514309 -3.786620 -14.242817 2.183368 18.585974 4.023480 10.840402 -4.347984 -5.866683 1.508229 -7.943812 -15.763004 -3.195494 -5.075982 -7.670228 -46.249874 2.280389 4.709745 2.468595 -9.253299 16.334826 -38.854061 -14.053327 6.387853 -17.659698 17.093655 -13.038119 -16.440153 10.531770 0.048623 2.879877 -1.961143 
-28.158943 103.660637 8.670022 25.158029 28.680801 22.909908 3.573911 13.051566 -0.180245 -11.945096 3.626541 -20.413514 2.476341 20.555674 4.936493 -1.468521 5.267070 0.972506 2.614205 14.276357 2.560473 0.434621 -2.553680 5.434808 3.595695 16.471804 2.791878 -3.552330 4.710887 -3.206553 0.578869 9.845589 3.230369 -7.164439 -1.967401 2.359329 3.212008 11.728207 7.182334 0.173704 14.565501 6.441049 9.585059 -4.505381 13.812368 12.867014 16.161145 -2.536760 -25.860817 -12.361945 17.341648 -33.022404 -11.322957 -24.610363 -22.929426 -13.495175 13.403000 0.290172 4.717091 -0.938501 -1.900235 13.965828 0.949409 4.703831 -8.509728 -8.953230 -7.835544 5.022232 -14.659057 21.353214 -20.189510 -6.893347 -30.868448 3.025014 12.402569 -13.880501 3.990116 -20.474126 1.724896 -9.851499 28.040955 -3.600436 0.841836 -0.577660 5.915777 -1.557733 7.715868 29.887214 -8.976895 30.953915 -32.171829 -13.066317 31.616571 -0.723023 0.064137 3.667001 -27.143850 -30.463108 17.458591 1.012462 -0.002917 -3.450853 -14.201268 2.192582 18.530306 4.220896 10.279529 -3.452183 -5.861526 1.501356 -7.944053 -18.048331 -3.471271 -7.496275 -7.657328 -46.235561 2.287125 4.740543 3.797232 -10.997184 16.281338 -38.781090 -14.020111 7.955743 -16.201513 17.463834 -13.002778 -16.389467 10.494327 -1.377999 2.465600 -3.272479 
-33.733959 102.919342 14.181370 28.126000 37.469369 23.699764 3.569431 13.022420 -0.186417 -12.718913 3.414971 -21.941971 2.465521 20.556860 4.977468 -3.083057 6.407891 1.202354 2.609149 14.308689 2.543788 -0.871428 -4.172393 7.193022 3.594115 16.462931 2.776232 -3.876875 2.550681 -4.096963 0.584397 9.847813 3.261700 -5.119028 -1.559063 4.876255 3.197535 11.744395 7.133983 -1.213508 16.901745 6.590426 9.571297 -4.490601 13.813147 13.084431 20.855259 -0.716224 -25.820568 -12.351772 17.310257 -35.394798 -12.877945 -22.269639 -22.944828 -13.442213 13.438376 3.115437 4.853745 -0.279048 -1.902596 13.945215 0.954093 8.468262 -9.354247 -14.049152 -7.814010 5.048450 -14.621381 20.830738 -30.979546 -9.293785 -30.824522 3.015970 12.391093 -15.986005 -1.035108 -26.215530 1.727227 -9.853331 28.003357 -3.223687 -0.190175 -0.338875 5.945222 -1.540766 7.749471 30.192226 -10.751068 34.273278 -32.159561 -13.029597 31.580576 2.672996 -2.674631 6.923467 -27.143076 -30.443560 17.474092 -1.186111 -1.403887 -5.960979 -14.166090 2.184842 18.497498 3.821488 8.192613 -2.281877 -5.875237 1.503087 -7.920315 -18.541107 -3.204244 -9.479296 -7.642960 -46.230160 2.275007 4.508947 4.489557 -11.437489 16.241722 -38.689957 -14.007259 9.429690 -16.209661 16.378380 -12.990632 -16.341475 10.459046 -2.807865 1.615488 -3.451835 
-36.830059 102.527893 17.912586 28.059834 46.716704 24.205041 3.552728 13.009425 -0.181487 -13.171614 3.108101 -21.118626 2.464922 20.546745 5.006277 -2.339338 6.976883 0.558244 2.618514 14.360053 2.518000 -1.197992 -4.396968 7.497248 3.574588 16.478979 2.781158 -3.587156 -0.030230 -5.269167 0.577746 9.863283 3.295752 -3.421656 -1.039200 6.181929 3.173493 11.748098 7.068083 -2.342121 21.149428 6.054109 9.575006 -4.490771 13.815598 15.548156 24.286587 2.518669 -25.832348 -12.363066 17.313704 -38.395410 -14.034669 -22.441941 -22.964205 -13.430341 13.470963 4.268904 4.726916 -0.989903 -1.922939 13.922334 0.940155 11.537469 -8.055824 -18.789989 -7.802453 5.071503 -14.637014 24.261223 -39.834753 -15.564603 -30.798304 2.999229 12.379542 -17.053539 -4.966040 -27.255723 1.716329 -9.835359 27.985519 -2.508990 0.993542 0.639139 5.990994 -1.532449 7.783080 29.854023 -13.017245 35.928899 -32.157593 -13.011856 31.564501 5.420218 -3.957228 8.892971 -27.174728 -30.426174 17.516125 -1.351165 -3.977643 -7.628092 -14.156386 2.183689 18.519690 4.551213 5.508387 -0.805205 -5.884994 1.490659 -7.921436 -18.239793 -3.115396 -10.114719 -7.615000 -46.250134 2.263694 3.525532 4.593927 -11.248940 16.236719 -38.648087 -14.005707 10.476009 -18.280892 14.986454 -13.028646 -16.323660 10.437964 -3.005106 0.460738 -3.505124 
-38.038498 102.407364 19.951782 27.513959 50.607549 23.879728 3.532608 13.007466 -0.180746 -13.415549 2.714007 -20.191168 2.456007 20.549610 5.021066 -1.472787 7.101057 0.177280 2.623819 14.382556 2.505098 -0.704103 -4.790738 6.738818 3.566304 16.490074 2.785113 -3.518512 -1.593158 -5.435281 0.579021 9.872681 3.322116 -3.099036 -0.613673 6.851217 3.159311 11.749189 7.040091 -2.185957 23.496626 6.015131 9.571994 -4.499723 13.816009 17.211472 25.397258 4.242365 -25.845411 -12.373994 17.318487 -40.367063 -14.961227 -23.385562 -22.978802 -13.430404 13.474390 4.666897 4.768047 -1.785691 -1.935007 13.910834 0.933957 13.094799 -7.402917 -21.099805 -7.803145 5.081384 -14.661774 28.366626 -44.620127 -20.601288 -30.794033 2.999657 12.373457 -16.364116 -7.589917 -26.601536 1.702467 -9.815218 27.988516 -2.108829 1.881011 1.110503 6.011831 -1.531541 7.794715 30.042065 -14.032293 36.295226 -32.171173 -13.011446 31.551424 6.704115 -4.985397 10.095246 -27.195799 -30.430765 17.539825 -0.860605 -4.665679 -8.056464 -14.159731 2.177648 18.536884 4.758227 4.229552 -0.185849 -5.896643 1.473190 -7.938137 -17.976525 -2.959288 -10.640070 -7.590569 -46.258648 2.263900 3.105791 4.142853 -11.455795 16.240648 -38.648266 -14.019284 11.341409 -19.483301 14.409394 -13.067950 -16.318579 10.431520 -3.417412 -0.214900 -3.431013 
-38.453850 102.391098 20.951996 26.354690 52.078089 23.002332 3.528709 13.005888 -0.175316 -13.652498 2.894014 -19.680927 2.465530 20.555769 5.033756 -1.256447 6.896280 -0.036862 2.623168 14.391700 2.502647 -0.680132 -4.942754 6.034872 3.568569 16.496361 2.784908 -3.656064 -2.836257 -5.845968 0.577750 9.881684 3.329639 -3.178921 -0.605418 6.922174 3.153395 11.747870 7.024423 -1.988698 24.770982 6.016246 9.563957 -4.509827 13.813873 17.757983 26.040795 5.251490 -25.855005 -12.376825 17.322725 -41.147208 -15.484937 -23.849296 -22.982985 -13.428383 13.471446 4.407942 4.924312 -2.111131 -1.942694 13.901967 0.933127 13.703413 -7.300863 -21.838119 -7.803535 5.088646 -14.673375 30.922753 -46.678165 -23.484825 -30.794521 2.997035 12.371336 -15.710608 -9.103879 -25.938596 1.698195 -9.802895 27.993555 -1.668886 2.441297 1.536840 6.025795 -1.524570 7.798697 29.855887 -14.236054 36.223690 -32.177326 -13.009303 31.543234 7.592057 -5.698267 10.817931 -27.202438 -30.431280 17.548725 -1.056055 -5.108447 -7.885222 -14.157976 2.175812 18.545305 4.758872 3.411756 0.170510 -5.905277 1.465611 -7.940462 -17.834167 -2.690619 -10.696132 -7.570589 -46.261971 2.259835 2.898821 3.465414 -11.617872 16.237757 -38.648621 -14.025517 11.606944 -20.223191 14.338753 -13.090597 -16.316631 10.433887 -3.753613 -0.110263 -3.415232 
-38.730320 102.423897 21.341122 25.916442 52.643458 22.679684 3.523970 13.006252 -0.178157 -13.624550 2.648255 -19.304319 2.465306 20.553514 5.035460 -1.051727 7.107726 0.167872 2.628775 14.392782 2.501023 -0.722434 -5.094595 5.846671 3.561050 16.497992 2.779594 -3.405595 -2.840585 -5.341403 0.578460 9.885699 3.331110 -2.956146 -0.242176 7.176682 3.154309 11.753439 7.023335 -1.935500 24.896190 6.156201 9.564837 -4.515404 13.811679 17.817228 25.996906 4.901805 -25.859098 -12.380737 17.319614 -41.235071 -15.789499 -24.661692 -22.985973 -13.434525 13.470902 4.661074 4.753781 -2.584544 -1.950990 13.901469 0.932054 13.727541 -7.310621 -21.943204 -7.800839 5.085508 -14.678903 31.862252 -47.639231 -24.762690 -30.796955 2.999140 12.370681 -15.219632 -9.904050 -26.185921 1.698221 -9.803617 27.997528 -1.912351 2.584390 1.657061 6.026186 -1.526999 7.801809 30.045015 -14.320088 36.097304 -32.184437 -13.011826 31.554131 7.875866 -6.139819 10.818579 -27.207369 -30.437201 17.551134 -0.649184 -5.102517 -7.762173 -14.162148 2.174388 18.548416 4.636945 3.085955 0.484496 -5.905883 1.461388 -7.945860 -17.710718 -2.736159 -10.928769 -7.567010 -46.264664 2.263545 2.884454 3.479365 -11.700223 16.240429 -38.650013 -14.027421 11.753273 -20.410007 14.169862 -13.097901 -16.319210 10.431406 -3.795430 -0.275540 -3.019526 
-39.120380 102.484970 21.326454 26.159703 53.431265 22.985185 3.530161 13.004907 -0.176336 -13.664856 2.868834 -19.385971 2.467882 20.551058 5.036426 -0.850525 7.196557 -0.048914 2.625498 14.394623 2.502005 -1.013861 -5.404031 5.853188 3.564810 16.495846 2.783147 -3.491008 -2.883380 -5.814177 0.577659 9.887630 3.329709 -2.955200 -0.529946 7.199159 3.153092 11.756068 7.025053 -1.858659 24.928249 5.957759 9.564258 -4.507308 13.809525 17.852530 25.911994 4.930075 -25.859598 -12.382504 17.322636 -41.231499 -15.873571 -24.265154 -22.987099 -13.437148 13.469728 4.649086 4.931028 -2.611303 -1.946092 13.899527 0.934117 13.680375 -7.358726 -22.154688 -7.802510 5.085265 -14.676523 31.395354 -47.513402 -24.529446 -30.793013 2.996872 12.369466 -15.844813 -9.714546 -26.733647 1.700031 -9.808809 27.995726 -1.783730 2.602280 1.650781 6.028813 -1.526960 7.796130 30.023415 -14.252956 36.110326 -32.183331 -13.009148 31.550838 7.581782 -6.000608 10.993610 -27.205048 -30.436502 17.558447 -0.793083 -5.004453 -7.668025 -14.164464 2.174096 18.549376 4.878968 3.399967 0.471413 -5.904263 1.460196 -7.949049 -17.953451 -2.706528 -11.193924 -7.570044 -46.271637 2.263702 2.678609 3.162374 -11.443128 16.240702 -38.652710 -14.027255 12.205134 -20.228428 14.119858 -13.096741 -16.320372 10.433599 -3.863756 -0.325072 -3.271089 
-39.674248 102.568588 21.037842 26.164954 54.050449 23.076190 3.528744 13.000639 -0.175089 -13.977013 2.849617 -19.409519 2.464849 20.551144 5.036777 -1.210293 7.670740 -0.050119 2.622976 14.390732 2.499986 -1.038335 -5.252203 5.685625 3.571525 16.499409 2.785553 -3.649033 -3.022493 -6.156321 0.574848 9.885808 3.331328 -3.148180 -0.422936 7.301389 3.157160 11.755568 7.023742 -1.659538 24.612915 5.915672 9.565530 -4.505302 13.812629 17.444657 26.050864 4.561459 -25.862253 -12.390234 17.319983 -40.847192 -15.553405 -24.073710 -22.988333 -13.433018 13.472641 4.513086 5.252719 -2.069592 -1.947166 13.904320 0.933303 13.128079 -7.268918 -21.922566 -7.798415 5.085742 -14.673553 29.557166 -46.883446 -22.913126 -30.795538 2.992738 12.371287 -16.832766 -9.307589 -27.604319 1.700919 -9.802517 27.998545 -1.806921 2.686637 1.487201 6.025868 -1.522864 7.796913 29.981843 -14.432441 36.345448 -32.177227 -13.010382 31.550787 7.272861 -5.394773 10.771705 -27.206076 -30.437452 17.557056 -0.514111 -5.029096 -7.658801 -14.169332 2.177815 18.546001 4.805256 3.448019 0.339276 -5.906209 1.459442 -7.952668 -17.834399 -2.998884 -10.722826 -7.568702 -46.275845 2.257406 2.572146 3.239992 -11.443734 16.239227 -38.649353 -14.021207 12.643631 -20.168268 13.792634 -13.095479 -16.324064 10.434107 -3.805816 -0.609159 -3.187206 
-40.319313 102.692307 20.551704 26.137660 54.426356 22.710521 3.532080 12.998655 -0.172780 -14.244266 3.058453 -19.957673 2.468198 20.548250 5.031442 -1.653698 7.873424 0.228135 2.623328 14.389902 2.507131 -1.288397 -5.243223 5.823748 3.571791 16.492687 2.787772 -3.876082 -2.681452 -6.382641 0.572261 9.886242 3.325837 -3.369659 -0.677255 7.519386 3.161335 11.756173 7.025418 -1.661943 24.202729 5.657609 9.562672 -4.496888 13.815616 16.736540 25.962032 3.525506 -25.865391 -12.390688 17.318079 -40.280761 -15.627978 -23.569224 -22.990139 -13.432540 13.470109 4.633412 5.115760 -1.933387 -1.943157 13.902776 0.931704 12.776006 -7.351268 -21.600077 -7.797347 5.081600 -14.664109 27.408284 -45.782994 -20.948562 -30.782816 3.000278 12.368068 -18.023802 -8.949120 -29.221165 1.701942 -9.813945 28.000475 -1.874031 2.900343 1.489236 6.027898 -1.520671 7.798643 30.323516 -14.172937 36.563375 -32.170555 -13.007415 31.548838 7.057733 -5.007067 10.204454 -27.207664 -30.437225 17.558563 -0.607862 -5.041014 -7.676912 -14.172154 2.176464 18.551073 4.603390 3.652112 0.499411 -5.897055 1.465394 -7.956399 -17.752573 -3.149312 -11.081251 -7.571856 -46.279133 2.253324 2.586743 3.379655 -11.293046 16.229395 -38.642544 -14.017193 13.044084 -19.871500 13.750794 -13.088339 -16.325361 10.437563 -3.933467 -0.466575 -2.909641 
-40.918060 102.887474 19.920399 26.138560 54.424778 22.420326 3.534381 12.996138 -0.170842 -14.380072 3.339652 -20.264432 2.465647 20.544285 5.027661 -2.072924 8.121477 0.233961 2.621969 14.384268 2.508794 -1.604584 -5.352896 6.157740 3.571673 16.494419 2.788362 -3.886294 -2.433641 -6.642033 0.578245 9.884368 3.322684 -3.534258 -0.541390 7.321563 3.163867 11.758574 7.032238 -1.301016 23.924411 5.396005 9.559460 -4.486970 13.822378 16.291031 25.680019 2.743334 -25.868656 -12.400081 17.315668 -39.051996 -15.110738 -23.620852 -22.994171 -13.433059 13.464638 4.494423 5.352388 -1.692281 -1.950239 13.906683 0.931935 11.985363 -7.622306 -21.331007 -7.789652 5.082542 -14.659751 24.155054 -44.444570 -17.770921 -30.789473 2.999578 12.366277 -19.207820 -8.620671 -30.780080 1.714362 -9.822055 28.005798 -1.942304 2.692360 1.377828 6.028192 -1.516357 7.804102 30.640563 -14.299453 36.653626 -32.166466 -13.008587 31.549009 6.881743 -4.325377 9.697708 -27.207438 -30.438032 17.563639 -0.682792 -4.773927 -7.229457 -14.173326 2.175333 18.543892 4.132369 4.116342 0.489654 -5.897026 1.473394 -7.956691 -17.937948 -3.367121 -10.973963 -7.580774 -46.286205 2.245854 2.215974 3.844631 -10.993412 16.226513 -38.640270 -14.011664 13.354025 -19.061250 13.308233 -13.082497 -16.331081 10.440396 -3.992720 -0.506646 -3.294188 
-41.296474 103.147919 19.086344 26.663522 54.117334 22.649363 3.534788 12.996550 -0.174088 -14.682605 3.167945 -20.787667 2.468570 20.532944 5.022541 -2.691195 8.231151 0.027948 2.623743 14.377458 2.511090 -1.607847 -5.225035 6.723935 3.576096 16.491501 2.789317 -3.984445 -1.658780 -6.708816 0.574999 9.881634 3.316970 -3.297438 -0.526959 7.579710 3.165346 11.760426 7.044202 -1.728582 23.275417 4.931568 9.560894 -4.473919 13.825359 15.540135 25.290439 1.622178 -25.867615 -12.403725 17.314299 -38.200582 -14.749606 -22.631268 -22.991940 -13.429176 13.461343 4.815175 5.349840 -1.071150 -1.942170 13.912841 0.938420 11.269184 -7.639742 -20.947785 -7.783366 5.080688 -14.648590 20.516340 -42.124311 -14.361200 -30.787970 3.003840 12.360790 -20.477392 -7.531881 -32.334529 1.719326 -9.833446 28.000710 -2.228437 2.525310 0.868788 6.025155 -1.512491 7.804435 30.998728 -14.085066 37.083925 -32.153709 -13.007811 31.546658 5.994694 -3.028114 9.014635 -27.203905 -30.437620 17.557705 -0.692425 -4.312047 -6.904060 -14.178529 2.172117 18.536963 3.852970 4.712240 0.517688 -5.891012 1.481818 -7.956093 -17.791465 -3.635296 -11.090025 -7.591906 -46.285080 2.242767 1.893839 4.086674 -11.081036 16.224253 -38.632301 -14.001998 13.741822 -18.275496 13.316376 -13.067463 -16.335272 10.438896 -3.978738 -0.708373 -3.434193 
-41.198441 103.529060 17.854073 26.437381 52.136705 22.178087 3.538273 12.994216 -0.176071 -14.883049 2.914059 -21.251029 2.467200 20.525106 5.011033 -3.467961 8.785723 0.353809 2.627674 14.366880 2.523191 -1.813342 -5.023470 7.042976 3.582541 16.479706 2.788911 -3.778344 -0.276017 -6.191938 0.576376 9.877289 3.302488 -3.485682 -0.157563 7.616908 3.169911 11.759552 7.059863 -1.888734 22.140936 4.645607 9.563136 -4.465640 13.834559 14.130153 24.955891 -0.057386 -25.868650 -12.401223 17.304495 -36.796422 -14.131211 -22.593060 -22.987879 -13.426932 13.451327 4.613045 5.119487 -0.370720 -1.947019 13.914309 0.938553 9.999033 -8.337721 -19.841421 -7.768020 5.069765 -14.633314 16.465250 -39.507781 -10.304320 -30.790083 3.008823 12.366277 -21.166848 -6.344802 -33.799406 1.731712 -9.847068 28.002449 -2.706179 2.057901 0.798615 6.015852 -1.507876 7.806807 31.134977 -13.738453 37.540714 -32.142624 -13.003023 31.544638 5.237078 -2.080202 7.547077 -27.191208 -30.432436 17.547655 -0.898603 -4.083428 -6.432696 -14.180693 2.170455 18.524645 2.872839 5.472809 0.235570 -5.884122 1.500571 -7.949000 -17.681669 -3.894643 -10.798594 -7.602256 -46.278599 2.231301 1.176216 4.661877 -11.447728 16.215431 -38.617718 -13.990281 13.969076 -17.396072 13.211898 -13.049359 -16.330305 10.446093 -4.014728 -0.235606 -3.647675 
-40.183113 104.092705 15.867537 25.979646 47.198820 21.342733 3.550788 12.994833 -0.178843 -15.249852 3.242535 -22.143234 2.469955 20.522104 4.998851 -4.545047 9.118782 0.549755 2.627867 14.345833 2.545435 -2.074180 -4.423803 7.237420 3.597941 16.464672 2.789001 -4.152509 1.427679 -5.080941 0.577478 9.865045 3.272285 -4.578175 -0.492295 7.600058 3.182914 11.756816 7.083508 -1.773180 20.536063 4.543858 9.562744 -4.460851 13.844918 11.831958 23.964070 -2.640532 -25.854778 -12.396229 17.291319 -35.704022 -13.321700 -21.954294 -22.988171 -13.434508 13.439067 4.038637 4.460186 0.503801 -1.931864 13.920516 0.943944 7.887195 -9.276165 -17.308669 -7.759924 5.056889 -14.603020 13.078860 -34.409892 -6.278967 -30.791664 3.019787 12.373816 -21.702183 -3.985561 -34.399305 1.737551 -9.867987 28.003681 -3.049256 1.524713 0.751444 5.997416 -1.500421 7.793494 31.887032 -13.062980 37.435946 -32.131615 -13.001701 31.543962 3.239715 -1.112056 5.852490 -27.177223 -30.448666 17.525810 -0.730171 -3.769719 -5.950249 -14.182956 2.171584 18.511690 2.012838 6.920696 -0.303393 -5.870295 1.516075 -7.939188 -17.931219 -4.412468 -10.490162 -7.612485 -46.266487 2.219277 0.904991 5.025375 -11.724518 16.207478 -38.614437 -13.986114 13.796717 -15.847215 13.293344 -13.020959 -16.337063 10.456911 -3.883981 0.262274 -3.737277 
-37.765835 104.885109 12.720377 24.684889 37.591548 19.316858 3.573619 12.996454 -0.187145 -14.829912 2.898928 -22.612110 2.468998 20.520832 4.985615 -5.651828 8.797587 0.718337 2.631550 14.296655 2.570512 -1.876701 -3.972172 6.773421 3.619824 16.452414 2.788804 -4.462558 4.231693 -3.783460 0.576715 9.844090 3.237588 -5.943599 -0.527494 6.649004 3.192049 11.748164 7.138361 -1.415021 17.744183 4.800967 9.560581 -4.463461 13.848176 9.038940 21.265203 -5.266459 -25.841505 -12.390375 17.281408 -34.873764 -12.588951 -21.505402 -22.985754 -13.450594 13.406710 2.950082 3.943720 1.091227 -1.917368 13.943943 0.950108 4.535572 -9.833236 -13.388137 -7.761536 5.033651 -14.581321 11.342896 -26.643716 -2.681601 -30.815723 3.026945 12.386906 -20.660518 -0.193509 -33.471328 1.742087 -9.883347 28.016645 -4.252464 0.575734 0.288859 5.960830 -1.508491 7.769300 31.854988 -11.409450 36.737149 -32.137131 -13.021818 31.557018 0.472061 0.059995 3.311751 -27.153589 -30.462221 17.484135 0.326659 -1.524430 -4.222317 -14.182483 2.168948 18.491253 1.890285 9.285491 -1.091981 -5.862922 1.528273 -7.937464 -18.130542 -5.225519 -9.582762 -7.626789 -46.242283 2.225616 0.354144 5.106603 -12.405573 16.203590 -38.639065 -13.997898 13.387738 -14.001654 13.851111 -12.996828 -16.350601 10.473203 -3.359623 0.935200 -3.073122 
-33.819908 105.690262 8.546532 23.550241 28.510642 18.455798 3.585648 13.017461 -0.188445 -13.785298 3.499279 -21.528408 2.466111 20.530777 4.963575 -5.043716 7.475158 0.171146 2.642273 14.285632 2.582324 -1.252202 -3.058817 5.951255 3.616210 16.452261 2.797712 -4.287486 5.777690 -3.175727 0.577112 9.829769 3.216905 -6.360528 -0.178478 4.361362 3.194394 11.723217 7.173620 0.111961 16.131585 5.083286 9.574463 -4.481933 13.847610 8.958799 18.468816 -5.449298 -25.850178 -12.386491 17.307785 -34.376052 -12.823046 -22.613185 -22.972403 -13.486313 13.388775 1.367835 3.293484 0.712842 -1.912837 13.959457 0.946324 2.508382 -8.089909 -9.874268 -7.784046 5.013265 -14.594645 13.100459 -18.445827 -1.744398 -30.844698 3.022117 12.404183 -18.670573 5.878717 -27.945909 1.740129 -9.877143 28.037464 -5.391300 0.758608 0.289032 5.939333 -1.529719 7.751901 31.282396 -10.050792 35.359930 -32.160599 -13.046738 31.587929 -2.110521 1.370008 0.017221 -27.140213 -30.459953 17.466503 1.971515 0.007735 -2.516391 -14.196986 2.167769 18.497419 2.765261 10.303166 -2.869657 -5.851038 1.521963 -7.956144 -17.665926 -5.352524 -7.345533 -7.632380 -46.238220 2.236543 -1.297912 4.092859 -12.566744 16.232334 -38.698338 -14.010386 12.491038 -13.253015 14.732406 -13.000051 -16.378689 10.489963 -2.061409 1.824362 -2.235024 
-28.770580 106.075714 4.526226 21.024043 26.936019 18.728030 3.578307 13.045335 -0.176610 -12.167976 2.541827 -19.721094 2.480499 20.526098 4.944507 -3.643452 5.863004 0.165486 2.649550 14.309253 2.585414 0.248576 -1.170463 5.432271 3.593597 16.471329 2.810529 -2.497003 4.501017 -3.226457 0.571007 9.836003 3.224860 -4.845740 0.146034 3.134055 3.193560 11.697328 7.173598 -0.499977 16.821223 5.305694 9.586213 -4.532053 13.836137 11.305681 17.505368 -5.174830 -25.878166 -12.363000 17.349840 -34.229032 -13.597720 -24.804653 -22.960184 -13.504565 13.400405 -0.148019 2.637799 0.808924 -1.904901 13.958218 0.947201 3.362178 -4.858761 -8.193106 -7.812162 5.006806 -14.638843 16.026422 -13.282438 -2.350526 -30.866276 3.019693 12.396496 -14.430072 10.793392 -20.076731 1.714760 -9.867684 28.026257 -5.643894 0.936078 0.214472 5.952641 -1.533363 7.762630 30.703213 -8.625594 33.602407 -32.160305 -13.053512 31.612230 -3.604844 2.412158 -1.968291 -27.145138 -30.446766 17.476274 3.084878 -1.137117 -3.099061 -14.201015 2.164792 18.534510 3.909939 9.970285 -3.103076 -5.841185 1.510098 -7.966277 -16.436106 -4.518490 -5.118100 -7.635452 -46.247078 2.253079 -2.508342 3.334783 -11.350563 16.281744 -38.754032 -14.008885 11.986772 -15.079415 14.359245 -13.032869 -16.407330 10.498923 -0.793227 2.512739 -1.693445 
-23.433134 105.884476 1.864801 16.944974 26.289075 17.572984 3.564597 13.072903 -0.160364 -11.167763 2.439780 -18.708038 2.485927 20.544302 4.924078 -3.005413 4.101985 0.792784 2.645413 14.331944 2.578226 1.401773 -0.287907 4.985205 3.577595 16.486975 2.811954 -0.688539 2.848192 -3.798381 0.569978 9.848339 3.238513 -2.832395 0.166406 3.055370 3.196348 11.703323 7.163810 -1.631797 17.379148 4.976646 9.598384 -4.577416 13.835216 12.912574 16.998801 -5.444375 -25.912106 -12.326184 17.386358 -33.557980 -14.343426 -26.361262 -22.958008 -13.502560 13.412973 -1.689538 2.229448 0.434373 -1.905118 13.952996 0.949969 5.768437 -3.310123 -7.520276 -7.826427 5.022526 -14.668575 18.337373 -11.837560 -2.849639 -30.887651 3.023244 12.400789 -9.967193 12.029518 -14.040972 1.708207 -9.875336 28.033518 -5.137216 0.098470 0.226302 5.963730 -1.526718 7.778520 30.430105 -6.446738 31.360786 -32.172256 -13.039965 31.623280 -3.977126 1.674600 -3.046600 -27.150723 -30.430555 17.487070 3.496798 -3.246982 -3.420309 -14.207396 2.166931 18.559525 3.402451 9.084561 -2.526774 -5.853751 1.509410 -7.963257 -15.611828 -3.426866 -4.609299 -7.649975 -46.263268 2.249819 -1.597377 3.005500 -10.729626 16.304962 -38.779919 -14.017177 11.332444 -16.484844 12.587259 -13.067107 -16.426970 10.520880 -0.219446 2.666311 -1.355394 
-18.744993 105.269196 0.373258 13.990810 25.751067 16.323939 3.549433 13.087713 -0.143027 -10.300026 2.487229 -17.559781 2.485949 20.553860 4.918108 -2.251312 2.431082 1.044258 2.633964 14.345488 2.558477 2.337160 -0.280115 4.784975 3.563971 16.498529 2.810222 0.624726 2.244263 -4.071274 0.575846 9.839891 3.247739 -1.047608 -0.448994 2.170713 3.174074 11.711265 7.169218 -2.387572 17.170725 4.498311 9.604683 -4.590687 13.826675 13.842368 16.930051 -5.192732 -25.924438 -12.297497 17.413132 -33.827591 -15.278337 -25.973000 -22.946089 -13.493417 13.428435 -2.421656 2.229858 -0.725442 -1.911532 13.943961 0.950226 7.324358 -2.066095 -7.468708 -7.829206 5.037057 -14.692327 19.554295 -11.490568 -2.616008 -30.893698 3.021511 12.393628 -5.984241 10.993520 -9.912775 1.706578 -9.882362 28.028341 -4.437260 -1.465676 0.471311 5.964945 -1.528864 7.786748 30.072582 -4.007644 28.382561 -32.177555 -13.027588 31.624147 -3.422707 1.318026 -3.375147 -27.149441 -30.413567 17.490845 3.712432 -4.532176 -3.087387 -14.203190 2.161019 18.568386 2.945630 7.933585 -2.382116 -5.869193 1.507965 -7.950391 -14.872423 -1.914827 -4.440962 -7.663002 -46.247398 2.236489 0.813176 2.470763 -10.886684 16.316593 -38.785942 -14.044621 10.097012 -16.928011 11.151129 -13.076912 -16.439854 10.522296 0.337167 1.754502 -0.860236 
-15.152102 104.480354 -0.519974 11.953365 25.258326 15.517076 3.531345 13.093643 -0.135125 -9.664237 2.328678 -17.201210 2.478374 20.558084 4.912245 -1.769700 1.732949 1.197397 2.625614 14.359316 2.551443 3.263857 -0.228159 5.050168 3.546278 16.500921 2.815974 0.596592 2.041527 -4.919414 0.583334 9.832839 3.254174 0.016060 -0.890520 1.835739 3.155473 11.720407 7.172704 -3.214504 17.613630 3.449123 9.604545 -4.593483 13.825030 13.816078 16.850929 -5.320672 -25.923004 -12.275919 17.425146 -33.906657 -15.707101 -25.783373 -22.941881 -13.485361 13.435740 -2.428888 2.268449 -1.615536 -1.920099 13.933283 0.957448 8.122177 -1.213745 -7.851170 -7.826815 5.045836 -14.695210 20.383786 -11.757026 -2.710357 -30.895069 3.012993 12.388339 -3.776287 9.464576 -7.112833 1.702501 -9.878182 28.018332 -3.701137 -2.229001 0.973000 5.968265 -1.527694 7.788190 29.256306 -2.211127 26.131383 -32.184303 -13.023121 31.617258 -2.701371 1.528017 -3.619391 -27.149603 -30.405396 17.492165 4.256340 -6.087982 -3.097068 -14.203710 2.157689 18.568209 1.770783 7.324960 -2.743972 -5.886855 1.516009 -7.931817 -14.598729 -1.166611 -4.504387 -7.669988 -46.222263 2.215764 3.088785 2.374187 -10.968598 16.307505 -38.785770 -14.066643 7.959114 -16.571776 10.466868 -13.089768 -16.441278 10.522800 0.447360 1.258459 -0.856209 
-12.774521 103.711792 -1.130629 10.869776 25.251920 15.016881 3.518629 13.100351 -0.132075 -8.986786 2.206771 -16.564662 2.477432 20.560432 4.907487 -1.914669 1.930121 1.175510 2.624432 14.369138 2.545927 3.690427 0.143209 5.227861 3.532047 16.515577 2.814757 0.474705 1.970136 -5.523008 0.593171 9.826675 3.251627 0.677205 -1.088425 1.297092 3.145275 11.730042 7.166984 -3.457170 17.640734 2.980565 9.607889 -4.590131 13.824500 14.239354 17.162320 -5.032017 -25.919769 -12.272266 17.430410 -34.941339 -15.800929 -25.598181 -22.939875 -13.482208 13.442427 -2.577362 2.329294 -2.410453 -1.925285 13.927501 0.955827 8.797468 -0.721211 -7.948272 -7.824299 5.059093 -14.699551 21.365479 -11.401503 -3.288058 -30.891680 3.006286 12.380933 -2.869113 8.700865 -6.061341 1.707933 -9.875422 28.014908 -3.000917 -2.469184 1.027087 5.969859 -1.534319 7.791552 28.734783 -0.951339 24.467833 -32.185612 -13.022174 31.614529 -1.376868 1.619950 -3.330121 -27.150322 -30.400019 17.494062 4.644301 -7.485591 -3.323896 -14.199069 2.153543 18.573212 1.656481 6.693370 -2.643754 -5.900542 1.516612 -7.914202 -14.762288 -0.534545 -4.912280 -7.671479 -46.207333 2.208220 5.506483 2.453799 -11.082217 16.310862 -38.778107 -14.078956 5.937226 -16.438339 9.751085 -13.101427 -16.443884 10.521614 0.487180 0.926255 -0.322902 
-11.556140 103.159340 -1.492476 10.648973 25.857537 14.963134 3.514091 13.096820 -0.132633 -8.708075 2.199983 -16.174342 2.478220 20.555342 4.907196 -1.768671 1.855268 1.668374 2.625608 14.376413 2.544730 4.153628 0.025058 5.410431 3.529684 16.520716 2.817944 0.720061 2.083336 -5.988623 0.595276 9.829040 3.255518 1.138450 -1.147290 0.990468 3.134356 11.736409 7.163830 -3.531651 17.583516 2.492593 9.608208 -4.586478 13.821525 14.492855 17.150354 -5.372757 -25.914684 -12.271322 17.433296 -34.918181 -15.763544 -25.188425 -22.939301 -13.478877 13.448175 -2.343095 2.321410 -2.822161 -1.932346 13.922725 0.959480 8.861216 -0.255237 -7.920413 -7.826913 5.057520 -14.705786 21.588456 -11.120588 -3.248185 -30.888765 3.003264 12.378606 -2.288954 7.978428 -5.553923 1.711139 -9.877245 28.016911 -2.815037 -3.160522 0.947876 5.965987 -1.535721 7.796807 28.623600 0.352178 23.012036 -32.184944 -13.016539 31.615063 -0.469581 1.787608 -3.005285 -27.148520 -30.392736 17.492903 4.591359 -8.300686 -3.062596 -14.197379 2.152949 18.578892 1.399828 6.551911 -2.695064 -5.907717 1.520557 -7.906649 -14.952527 -0.272640 -4.839206 -7.673591 -46.195911 2.202768 7.196399 2.496757 -10.473678 16.309994 -38.775394 -14.085572 5.140912 -16.755760 9.444547 -13.101217 -16.449415 10.518824 0.186769 0.749501 -0.382101 
-11.366849 102.986557 -1.586097 9.998742 25.779094 14.790700 3.510581 13.096361 -0.134322 -8.539672 2.348418 -16.067146 2.476442 20.557758 4.907428 -1.650359 2.056366 1.443573 2.627143 14.379155 2.546376 3.945041 0.079495 5.530371 3.532740 16.517393 2.817411 0.331460 1.933995 -6.126114 0.595186 9.823948 3.254266 1.210722 -1.099025 1.193184 3.133950 11.737167 7.163443 -3.503796 17.557071 2.313967 9.608313 -4.586779 13.820629 13.962642 17.326322 -5.641790 -25.913906 -12.272438 17.433931 -35.152368 -15.873964 -25.405703 -22.940077 -13.480931 13.448309 -2.351604 2.253262 -2.803680 -1.931321 13.924411 0.958496 8.903602 -0.045309 -7.839814 -7.824193 5.057133 -14.701914 21.643259 -11.104243 -3.473777 -30.891762 3.005328 12.378881 -2.246523 7.633529 -5.608865 1.707278 -9.874300 28.016365 -2.640379 -2.812248 1.220870 5.963745 -1.534667 7.793156 28.341334 0.664846 22.766101 -32.189411 -13.019686 31.613611 -0.354579 1.950344 -3.333105 -27.152018 -30.396507 17.491037 4.906106 -8.073875 -3.192050 -14.198590 2.153583 18.576473 1.182903 6.489974 -2.720748 -5.907139 1.519684 -7.903726 -15.043599 -0.097926 -4.882418 -7.670706 -46.194748 2.203639 7.493489 2.522223 -10.220182 16.306391 -38.773205 -14.090075 4.377256 -16.316296 9.576179 -13.104392 -16.447628 10.515907 0.058799 0.632907 -0.080152 
-12.058198 103.234558 -1.436950 10.128874 25.859928 14.625330 3.516840 13.099360 -0.133554 -8.810551 2.232673 -16.166610 2.480792 20.557867 4.910155 -1.930554 1.961790 1.456969 2.627398 14.370590 2.543468 4.014161 0.140981 5.441432 3.533118 16.516476 2.817031 0.408792 2.013526 -5.894263 0.591443 9.826509 3.252995 0.961292 -0.956524 1.445421 3.134750 11.736679 7.164686 -3.691596 17.189887 2.491311 9.613825 -4.589563 13.819009 13.943539 17.195418 -5.539256 -25.918091 -12.272224 17.434553 -34.858222 -15.897848 -25.474285 -22.939842 -13.484268 13.445533 -2.118816 2.350848 -2.535412 -1.930597 13.922329 0.957014 9.039478 -0.211117 -7.927416 -7.821280 5.057160 -14.703442 21.373383 -11.121676 -3.558793 -30.889683 3.005156 12.384182 -2.406830 8.036848 -5.957223 1.709949 -9.874144 28.012699 -2.762605 -2.696002 1.036755 5.963261 -1.529956 7.791098 28.357376 0.023413 23.356788 -32.184017 -13.019722 31.613062 -0.590158 1.860220 -3.341675 -27.149422 -30.398125 17.489117 4.805640 -7.802330 -3.043320 -14.195680 2.155605 18.574316 1.243429 6.580752 -2.747174 -5.902155 1.516392 -7.905555 -15.092601 -0.256577 -4.808671 -7.671113 -46.199425 2.206784 6.520882 2.679391 -10.696378 16.305691 -38.770771 -14.084041 5.194937 -16.527103 9.553443 -13.103947 -16.444077 10.516425 0.258562 0.754290 -0.353246 
-13.380175 103.824348 -1.093436 10.819176 25.484069 14.610091 3.522999 13.091574 -0.131883 -8.862597 2.254527 -16.553886 2.477275 20.557232 4.908658 -1.834610 1.685455 1.284797 2.624855 14.368826 2.543229 3.647997 -0.173347 5.061928 3.536217 16.510532 2.817673 0.486447 2.029432 -5.552963 0.589653 9.830161 3.250772 0.892429 -1.145519 1.539329 3.140789 11.728385 7.167440 -3.329407 17.496383 3.054093 9.608104 -4.589712 13.819821 14.146701 17.125765 -5.342808 -25.916357 -12.273520 17.428976 -34.957560 -15.917549 -25.494347 -22.940252 -13.486676 13.440805 -2.277299 2.278572 -2.377020 -1.926493 13.926617 0.958229 8.718510 -0.553481 -7.943056 -7.826199 5.054572 -14.696226 20.678729 -11.545828 -3.093519 -30.888397 3.003859 12.383203 -3.174568 8.968787 -6.627956 1.706869 -9.877901 28.011415 -3.329321 -2.729821 1.021049 5.966346 -1.533671 7.794615 28.776605 -0.947241 24.377476 -32.184608 -13.022239 31.617153 -1.350795 1.697520 -3.398976 -27.146914 -30.398783 17.492983 4.510770 -7.137516 -3.280175 -14.199003 2.152853 18.567022 1.442384 6.674113 -2.679747 -5.895362 1.516573 -7.918437 -14.445797 -0.625606 -4.936892 -7.671124 -46.204403 2.211153 5.130375 2.431857 -10.864392 16.307283 -38.775379 -14.076259 6.335644 -16.515169 9.533861 -13.097010 -16.442738 10.520582 0.456639 0.897198 -0.493521 
-15.103638 104.584213 -0.635018 11.386272 25.092203 15.159630 3.532438 13.095817 -0.134023 -9.571247 2.234944 -17.035503 2.471494 20.558697 4.914115 -2.128488 1.762651 1.001745 2.627729 14.362083 2.549616 3.425997 -0.505342 5.083325 3.539481 16.504732 2.814950 0.677643 1.986289 -5.031983 0.587158 9.831895 3.254220 0.684425 -0.893678 1.922254 3.149134 11.720263 7.171117 -3.273803 17.535751 3.541509 9.607253 -4.597200 13.826084 13.929349 17.244267 -5.085258 -25.922108 -12.272243 17.427349 -33.888332 -16.086096 -25.921376 -22.945503 -13.492303 13.435508 -2.290970 2.340781 -1.576145 -1.923537 13.936497 0.955000 8.411935 -0.755098 -8.242017 -7.828281 5.049491 -14.689141 20.028445 -12.081549 -2.488576 -30.890759 3.006621 12.384634 -3.744749 9.956682 -7.387332 1.708884 -9.874782 28.014542 -3.654134 -2.419247 0.846732 5.969353 -1.528794 7.794549 29.437258 -2.263680 26.204545 -32.182163 -13.017664 31.616381 -2.413943 1.556451 -3.686601 -27.151930 -30.404264 17.493954 4.360193 -5.878348 -3.398457 -14.196070 2.155189 18.563719 1.595854 7.083643 -2.735976 -5.892545 1.514642 -7.928897 -14.765773 -1.184801 -4.759940 -7.670115 -46.220207 2.213698 2.960811 2.484090 -10.924066 16.307095 -38.775066 -14.071130 7.933964 -16.346588 9.997759 -13.092810 -16.444548 10.522177 0.775673 1.146451 -0.670519 
-17.016144 105.327431 -0.146548 12.564200 25.347022 15.466830 3.537635 13.091731 -0.141056 -9.830348 2.500018 -17.265298 2.478030 20.553619 4.910414 -2.105682 1.822804 0.932221 2.632792 14.363140 2.550616 3.122590 -0.348048 4.964798 3.555384 16.491545 2.815239 0.819897 2.020692 -4.279640 0.582512 9.833976 3.255597 0.402288 -0.429896 2.181787 3.154219 11.719130 7.168133 -3.166951 17.534789 4.179047 9.610766 -4.600138 13.826146 13.731505 17.866983 -5.102699 -25.920916 -12.276118 17.424845 -34.034706 -15.876529 -26.317212 -22.948740 -13.496855 13.432588 -2.260277 2.379514 -0.762545 -1.922034 13.937495 0.951564 8.319760 -1.045607 -8.464895 -7.828267 5.046338 -14.686651 19.040638 -12.577285 -2.084459 -30.889809 3.015402 12.389846 -4.771221 10.856973 -8.188268 1.708707 -9.881506 28.018507 -4.276233 -1.947830 0.844847 5.968847 -1.525723 7.804004 30.062292 -3.876817 27.841461 -32.174213 -13.019426 31.619261 -2.996880 1.064735 -4.327597 -27.152328 -30.406845 17.494211 3.976577 -4.836162 -3.245547 -14.197994 2.158378 18.559738 2.008416 7.226391 -2.326540 -5.877042 1.512490 -7.943734 -14.456536 -1.576959 -4.592414 -7.657859 -46.237484 2.222094 0.461604 2.571234 -11.055779 16.303106 -38.769180 -14.055604 9.935373 -16.428656 9.895206 -13.087841 -16.436417 10.515980 0.415444 1.544393 -1.057384 
-18.955999 105.925110 0.284121 13.678673 25.567647 15.616478 3.547642 13.088312 -0.151927 -10.315859 2.234690 -17.418676 2.476645 20.549810 4.912796 -2.856050 2.385167 0.625676 2.644067 14.367525 2.559860 2.939095 -0.382780 5.089209 3.561308 16.488924 2.811454 0.936257 2.056276 -3.753684 0.576799 9.835333 3.255841 0.160350 -0.037321 2.696217 3.161327 11.710941 7.161205 -2.967778 17.820010 4.481622 9.611311 -4.602163 13.832182 13.492054 18.216601 -5.086547 -25.920004 -12.279449 17.421459 -34.023938 -15.873320 -26.499879 -22.952208 -13.496906 13.425251 -2.055321 2.150026 0.063730 -1.920373 13.938804 0.946454 8.260609 -0.969559 -8.627439 -7.832736 5.039293 -14.677880 18.397955 -12.949698 -1.659717 -30.892323 3.017004 12.389390 -5.832547 11.839141 -9.837585 1.711947 -9.885958 28.018236 -5.159685 -1.525991 0.587703 5.970537 -1.520132 7.810610 30.539774 -5.210769 29.429055 -32.170830 -13.018606 31.614746 -3.392745 0.930183 -4.691368 -27.153006 -30.409500 17.500906 3.622415 -4.080875 -3.319732 -14.191627 2.158849 18.553427 2.376951 7.322840 -2.229537 -5.871570 1.511526 -7.952925 -14.576396 -2.156932 -4.711274 -7.653453 -46.246990 2.229140 -1.249989 2.626989 -11.430249 16.300070 -38.762363 -14.045879 11.617863 -16.593813 9.826358 -13.085318 -16.430586 10.517226 0.353860 1.671479 -1.170712 
-20.805361 106.309479 0.626612 14.267231 25.401991 15.612323 3.554632 13.080448 -0.159955 -10.517572 2.175277 -17.528501 2.480307 20.543852 4.916659 -3.108099 2.831057 0.488489 2.648242 14.371045 2.560985 2.437328 -0.452600 5.124027 3.570936 16.483702 2.812961 0.643322 1.990647 -3.672703 0.569148 9.836018 3.253852 0.157354 0.448803 3.053522 3.165946 11.706594 7.161649 -2.979968 17.755864 4.630406 9.612650 -4.602911 13.833684 13.071521 18.662527 -4.812705 -25.918066 -12.290498 17.414667 -34.207483 -15.884758 -26.378703 -22.959970 -13.500172 13.424333 -2.058161 2.228828 0.770579 -1.915083 13.945252 0.945395 8.036048 -1.030961 -8.585891 -7.830028 5.030382 -14.671453 17.553170 -12.858127 -1.402094 -30.891865 3.016975 12.393956 -7.042235 12.402986 -11.225335 1.711501 -9.885604 28.015863 -5.628786 -0.973647 0.562193 5.974899 -1.523045 7.813540 30.914259 -6.070596 30.684389 -32.171062 -13.021512 31.615887 -3.516106 1.078944 -5.045953 -27.157711 -30.414713 17.501217 3.259020 -3.232689 -3.238599 -14.191463 2.159874 18.548769 2.558797 7.444557 -1.851572 -5.862490 1.512880 -7.960132 -14.738782 -2.770555 -4.819606 -7.647786 -46.259125 2.231856 -2.951980 2.792647 -11.247995 16.293680 -38.751148 -14.036444 12.490915 -16.318632 10.095007 -13.083781 -16.425652 10.514446 0.157874 1.830344 -1.177725 
-22.498564 106.439156 0.839859 14.941068 26.585468 15.835618 3.556367 13.075027 -0.168618 -10.445893 2.096591 -17.468663 2.480139 20.538355 4.923152 -3.388740 3.459624 0.171994 2.653289 14.376307 2.564916 2.318903 -0.371320 5.301180 3.572330 16.479889 2.813757 0.244544 2.026516 -3.891410 0.570485 9.837514 3.250363 0.178912 0.680011 3.239393 3.168225 11.705507 7.154994 -2.519475 17.652139 4.858887 9.607472 -4.599761 13.834698 12.504431 19.243141 -5.112099 -25.913055 -12.295343 17.410280 -34.333319 -15.673940 -26.351973 -22.964039 -13.503423 13.417562 -1.773091 1.879912 1.239722 -1.915107 13.945526 0.947768 7.739258 -0.832658 -8.513540 -7.830672 5.033560 -14.660734 16.726916 -12.850317 -0.833664 -30.891352 3.014558 12.392430 -8.318206 12.869248 -12.932532 1.710430 -9.884068 28.017057 -5.844128 -0.746917 0.342093 5.975309 -1.515377 7.814880 30.705897 -6.652153 31.245937 -32.167538 -13.019243 31.613987 -3.065271 1.272996 -4.828182 -27.157307 -30.414328 17.499992 3.180828 -2.889620 -3.428894 -14.184573 2.157817 18.546341 2.752659 7.276670 -1.900513 -5.859849 1.517676 -7.964791 -15.130891 -3.093417 -4.396378 -7.641216 -46.259018 2.236981 -3.412291 2.841605 -11.242000 16.288052 -38.749264 -14.022806 12.759867 -16.344323 10.233561 -13.083313 -16.418627 10.511415 -0.150296 2.156245 -1.152852 
-24.070892 106.348022 0.919908 15.152478 27.409290 15.730298 3.556216 13.067764 -0.174979 -10.268232 2.231109 -17.146620 2.484981 20.528532 4.927299 -3.568141 3.770121 0.266311 2.657080 14.381359 2.559673 2.213825 -0.106221 5.487669 3.579043 16.479168 2.808784 0.019516 1.628794 -4.034090 0.567826 9.837686 3.253372 0.129318 1.005022 3.506812 3.165154 11.705470 7.154922 -2.492262 17.262787 5.025078 9.610481 -4.598379 13.836733 12.245340 19.639353 -5.551203 -25.911407 -12.313312 17.411222 -34.335037 -15.049815 -26.445272 -22.971586 -13.500490 13.419611 -1.789045 2.250628 1.730031 -1.917762 13.948287 0.944812 7.693832 -0.632351 -8.295739 -7.827394 5.035806 -14.669111 16.658451 -12.251478 -0.863359 -30.892076 3.010404 12.397565 -9.216647 12.909664 -14.427122 1.711677 -9.891572 28.021412 -6.219130 -0.597310 0.261207 5.970520 -1.520170 7.816470 30.670602 -6.493174 31.296401 -32.164795 -13.017286 31.627665 -2.540836 1.634260 -4.291968 -27.168901 -30.415457 17.502409 3.338365 -2.402540 -3.280942 -14.187593 2.160102 18.542871 2.890200 6.820167 -1.334534 -5.856959 1.514000 -7.968918 -15.461677 -3.093788 -4.140039 -7.631160 -46.265347 2.238587 -4.016511 3.291543 -11.168868 16.291998 -38.741112 -14.016626 13.377634 -16.379915 9.978771 -13.083564 -16.420929 10.506322 -0.345215 1.905398 -1.069771 
-25.557976 106.055435 0.897415 14.982452 28.882234 15.727793 3.559768 13.060739 -0.178956 -9.878498 2.098054 -17.147180 2.482521 20.532513 4.935779 -3.706281 4.155901 0.081725 2.653474 14.383878 2.562661 2.286256 -0.135611 5.815084 3.584257 16.484049 2.814321 -0.207673 1.361837 -4.579565 0.571683 9.839900 3.247884 0.172678 1.162303 3.473404 3.163221 11.706697 7.153440 -1.953746 17.101216 5.081710 9.607829 -4.594160 13.838424 11.686030 19.858152 -5.949737 -25.911514 -12.319086 17.406918 -34.120162 -14.409916 -26.105874 -22.976202 -13.502836 13.419897 -1.576935 2.414721 2.104339 -1.915495 13.948830 0.948516 7.456998 -0.089179 -8.108233 -7.826070 5.033315 -14.661902 16.498728 -11.767677 -0.669602 -30.885933 3.003273 12.395434 -10.370733 12.551833 -15.923239 1.703675 -9.887973 28.018845 -6.422314 -0.666823 0.258707 5.969253 -1.517580 7.814481 30.506521 -5.895576 31.330901 -32.167599 -13.010629 31.631643 -1.695571 2.126097 -3.544554 -27.171959 -30.418789 17.502190 2.975811 -1.694235 -3.463400 -14.182693 2.161538 18.544519 2.993464 7.143684 -1.733679 -5.858381 1.512959 -7.973373 -16.067632 -3.622879 -3.813474 -7.629727 -46.266571 2.240176 -3.252153 3.620402 -10.831293 16.296824 -38.744598 -14.014433 13.144699 -16.054894 10.084610 -13.077655 -16.417812 10.509712 -0.402747 2.081874 -1.365736 
-27.027811 105.607834 0.806391 14.978711 30.838297 16.039791 3.557350 13.050338 -0.187719 -9.389955 2.240769 -16.375952 2.487297 20.527201 4.936914 -3.711683 4.625015 0.063060 2.654354 14.384458 2.562913 2.373280 0.203835 5.854740 3.588586 16.479721 2.812199 -0.786798 1.096927 -5.109981 0.566951 9.842047 3.251210 -0.023385 1.256229 3.826926 3.160039 11.708809 7.147866 -1.938514 16.382035 5.267930 9.603629 -4.592548 13.834286 10.709297 20.108803 -7.011134 -25.911564 -12.332981 17.403927 -34.379682 -13.917352 -26.316774 -22.982025 -13.500477 13.419014 -1.324418 2.477751 2.529610 -1.917961 13.948463 0.949870 7.496922 0.422597 -8.034659 -7.831012 5.039736 -14.666122 16.645207 -10.821305 -0.919809 -30.883757 2.998255 12.405658 -11.210645 12.307648 -17.473746 1.702491 -9.890898 28.021208 -6.715421 -0.432471 0.175533 5.961231 -1.518239 7.811530 29.919487 -4.905153 30.900674 -32.165207 -13.010233 31.643179 -0.746184 2.715468 -2.790130 -27.177105 -30.416597 17.501793 3.142595 -1.155822 -3.523004 -14.179546 2.166870 18.542768 3.055564 6.747502 -1.520239 -5.859284 1.511019 -7.975814 -16.906731 -3.340920 -3.537757 -7.615734 -46.267479 2.245359 -2.535482 3.791143 -10.281949 16.301369 -38.742916 -14.007984 13.354785 -16.026183 9.978802 -13.085702 -16.413666 10.505177 -0.677320 2.069217 -1.277619 
-28.530931 105.051208 0.673106 14.971467 32.956079 15.637209 3.554637 13.048266 -0.193480 -8.800794 2.223455 -16.135217 2.485017 20.528551 4.947348 -4.108490 4.783526 -0.061731 2.650018 14.391163 2.558836 2.923148 0.352320 6.094887 3.587267 16.485901 2.810766 -0.896289 0.777881 -5.513276 0.571758 9.843974 3.248712 -0.047657 1.705788 3.771562 3.161142 11.712329 7.146369 -1.438592 15.978382 5.678528 9.607704 -4.589931 13.836907 10.467970 20.743809 -7.539588 -25.909441 -12.343041 17.407440 -34.194881 -12.994573 -26.359822 -22.989693 -13.497501 13.421197 -1.041672 2.330863 2.633513 -1.920092 13.948060 0.950107 7.611097 0.871033 -7.638585 -7.831008 5.046868 -14.670347 16.872082 -10.414563 -0.675316 -30.878355 2.993365 12.407202 -12.204167 11.576496 -18.850914 1.704869 -9.891180 28.025211 -6.708065 -0.728795 -0.089402 5.956635 -1.519346 7.812029 29.386202 -4.109348 29.968510 -32.166729 -13.000238 31.648834 0.897984 3.118067 -1.399926 -27.188705 -30.417412 17.498514 3.022170 -0.519152 -3.370441 -14.177291 2.167326 18.545177 3.001211 6.178821 -1.653048 -5.862936 1.511931 -7.979171 -17.676203 -3.465397 -2.892933 -7.610808 -46.264763 2.250294 -1.400782 4.456948 -10.185187 16.308399 -38.745972 -14.007109 13.049090 -15.816702 9.744042 -13.083762 -16.410629 10.503757 -0.818181 2.177067 -1.262193 
-30.116922 104.428841 0.552378 14.798973 35.593127 16.030285 3.560342 13.039178 -0.201291 -8.236663 1.869420 -15.650933 2.487939 20.528509 4.955936 -4.246292 5.351998 -0.161368 2.644526 14.390771 2.555966 3.046298 0.470118 6.858639 3.591902 16.490002 2.808122 -1.029802 0.127252 -6.203501 0.572490 9.839918 3.252740 -0.236672 1.530269 3.843381 3.158507 11.714359 7.141250 -1.383406 15.570736 5.846369 9.603617 -4.584712 13.833090 9.502067 21.222166 -8.244874 -25.905712 -12.354378 17.408398 -34.735801 -12.332306 -25.921879 -22.989725 -13.496834 13.428815 -0.854813 2.646270 2.688894 -1.911958 13.944659 0.954328 8.044598 1.691811 -7.462600 -7.829670 5.045390 -14.675786 17.589709 -9.411743 -1.235955 -30.873104 2.986651 12.414721 -13.039478 11.073595 -19.853395 1.696319 -9.887278 28.024212 -7.051926 -0.860263 -0.243250 5.949881 -1.517608 7.812064 28.618474 -3.203933 29.492583 -32.169777 -12.997830 31.656630 2.452653 3.887993 0.299300 -27.194992 -30.418982 17.489834 2.629080 0.313054 -3.884333 -14.172868 2.161791 18.543110 3.474296 5.836616 -1.814726 -5.866385 1.506833 -7.974135 -18.869605 -3.769553 -1.839492 -7.606326 -46.257401 2.256405 -0.464622 5.100464 -9.668459 16.318470 -38.748623 -14.010361 13.169065 -15.588927 9.807475 -13.077787 -16.409220 10.503578 -1.008042 2.364877 -1.858473 
-31.777380 103.774498 0.471014 15.097320 37.925776 16.334124 3.552323 13.031926 -0.209705 -7.511401 1.726353 -15.315827 2.485801 20.523592 4.960670 -4.363725 5.803884 -0.406307 2.642659 14.385895 2.550409 3.445656 0.524373 6.661594 3.593779 16.494596 2.806139 -1.409684 -0.171783 -6.616920 0.571963 9.840047 3.252895 -0.588376 1.606190 4.129751 3.158941 11.714448 7.135006 -1.337338 15.152496 6.148914 9.599965 -4.578703 13.831635 8.873319 21.753167 -9.331000 -25.898159 -12.359674 17.402752 -35.419288 -11.297637 -25.909554 -22.992395 -13.490840 13.423786 -0.617468 2.498976 2.728039 -1.910714 13.940194 0.953359 8.444774 1.966910 -7.396828 -7.831598 5.050865 -14.674932 18.324052 -8.910143 -1.534006 -30.870142 2.980088 12.415666 -13.765562 10.299214 -20.996095 1.697463 -9.890805 28.023935 -7.048643 -0.963857 -0.261402 5.944943 -1.516237 7.812352 27.917358 -2.531695 28.870561 -32.169807 -12.996840 31.655846 4.029439 4.511799 1.731619 -27.195852 -30.412094 17.488363 2.221886 1.229790 -4.079912 -14.171019 2.163094 18.535936 3.438906 5.395032 -1.732183 -5.873405 1.509411 -7.974253 -19.845142 -4.016003 -1.615816 -7.598191 -46.250118 2.266225 0.898723 5.608851 -8.982024 16.324032 -38.753670 -14.008568 12.982427 -15.242139 9.385335 -13.074842 -16.397833 10.505067 -1.422163 2.274679 -1.926995 
-33.498215 103.209419 0.464668 15.144800 40.323132 16.464945 3.552320 13.029468 -0.216208 -6.697152 1.738784 -15.023592 2.483796 20.528685 4.967453 -4.333454 6.718287 -0.486540 2.640303 14.389585 2.544669 3.318378 0.876153 7.167874 3.594313 16.500206 2.798844 -1.718052 -0.939358 -6.722214 0.572255 9.839910 3.252664 -0.801204 1.573749 4.463132 3.162391 11.717223 7.127497 -1.189620 15.032910 6.500210 9.598324 -4.574816 13.833865 7.785941 22.658531 -10.282660 -25.894146 -12.371961 17.409527 -35.647632 -10.796199 -26.809304 -22.994175 -13.496651 13.427625 -0.475279 2.397773 2.604461 -1.903622 13.939942 0.950010 8.902247 2.651114 -6.954687 -7.830789 5.051192 -14.676351 19.417410 -8.554179 -2.119478 -30.865265 2.976467 12.421564 -14.620816 9.656391 -21.784088 1.698457 -9.889530 28.023834 -6.896687 -0.900315 -0.063976 5.938045 -1.515981 7.813893 27.366382 -2.058938 27.947678 -32.172779 -12.990082 31.657162 5.261587 4.983064 3.107952 -27.202827 -30.409945 17.485718 1.759372 2.419033 -4.818702 -14.171516 2.163645 18.535292 3.190589 5.153623 -1.990568 -5.874028 1.508044 -7.966765 -21.015094 -4.328751 -0.957816 -7.589695 -46.250126 2.269470 1.544409 6.160555 -8.102482 16.327524 -38.754654 -14.013683 13.051339 -14.985261 9.292395 -13.074924 -16.393282 10.507859 -1.790068 2.173058 -2.282510 
-35.263882 102.807716 0.577414 15.505334 42.493687 17.363328 3.552016 13.025669 -0.227733 -6.043716 1.649336 -14.695924 2.482548 20.526621 4.974009 -4.709296 7.259191 -0.786393 2.634771 14.383728 2.539181 2.962901 0.552660 7.312813 3.601612 16.500858 2.797524 -2.111952 -1.166521 -7.283862 0.569409 9.841212 3.250877 -0.685993 1.241466 4.449184 3.169579 11.723087 7.125276 -1.534724 15.462070 6.625312 9.597428 -4.567099 13.832873 7.200529 23.093790 -10.494498 -25.887543 -12.379271 17.406540 -36.199186 -9.938876 -26.791407 -22.993273 -13.486378 13.429018 -0.343567 2.415041 2.431782 -1.893409 13.943757 0.957335 8.945913 2.714416 -6.780899 -7.826417 5.052324 -14.676300 20.170512 -8.242853 -2.239932 -30.868511 2.972657 12.427306 -15.156627 9.208902 -22.720556 1.702308 -9.892260 28.022196 -6.802327 -0.984482 0.102742 5.936526 -1.515241 7.815043 26.715617 -1.729003 27.738734 -32.174835 -12.985688 31.651512 6.541714 5.611191 4.468012 -27.202221 -30.400415 17.479486 1.204860 3.350300 -5.307348 -14.170091 2.162400 18.528713 3.253417 5.069065 -2.071582 -5.878222 1.509697 -7.960451 -21.849645 -4.906014 -0.226011 -7.585770 -46.253860 2.271612 1.906502 6.343490 -7.935985 16.336517 -38.750828 -14.014020 13.500287 -14.715952 9.049426 -13.065478 -16.383541 10.512556 -1.876965 2.267343 -2.435896 
-37.017502 102.641037 0.895746 16.510633 44.470894 18.079301 3.550359 13.020985 -0.236084 -5.927027 1.951679 -15.016241 2.476609 20.527548 4.976034 -5.042572 8.004964 -1.113471 2.634667 14.380690 2.536483 2.381147 0.596894 7.882678 3.598951 16.507624 2.789099 -2.609957 -1.144009 -7.562842 0.569645 9.838515 3.253459 -0.890863 1.110937 4.678075 3.175073 11.721370 7.117391 -1.155151 15.613589 7.011837 9.590896 -4.559031 13.830653 6.204308 23.694237 -11.104262 -25.880762 -12.390969 17.406506 -36.088005 -9.609817 -27.128347 -22.982927 -13.487373 13.430654 -0.146336 2.413850 2.547408 -1.888031 13.945127 0.952389 9.138201 2.927763 -6.802020 -7.824685 5.057408 -14.670321 20.988625 -8.079279 -2.489603 -30.865345 2.968981 12.432432 -16.066794 9.249086 -23.697452 1.712832 -9.896284 28.023081 -6.613341 -0.848366 0.248981 5.932899 -1.515815 7.815999 26.733063 -1.747346 27.742065 -32.170807 -12.985663 31.645033 6.813010 5.785701 4.931502 -27.198313 -30.395567 17.478624 0.963264 4.154445 -5.850813 -14.177706 2.160600 18.523197 3.489770 4.725121 -2.250088 -5.876956 1.509125 -7.959136 -22.424116 -5.065968 0.169129 -7.585165 -46.258347 2.273356 1.621653 6.649249 -7.662291 16.340630 -38.742458 -14.013889 13.932518 -14.532486 8.866393 -13.060507 -16.376493 10.510303 -2.190815 2.344970 -2.609865 
-38.692341 102.766502 1.583454 17.608040 45.862586 18.330517 3.552510 13.018595 -0.238351 -6.382088 2.142066 -16.176996 2.471719 20.532917 4.981697 -5.275063 8.665053 -1.019502 2.634495 14.367165 2.534592 1.861638 0.330492 7.773998 3.597616 16.506048 2.780821 -3.074295 -0.772637 -7.721840 0.570807 9.837759 3.250968 -1.613471 1.269085 5.214504 3.187258 11.719018 7.120269 -1.055461 15.745896 7.123780 9.583939 -4.550924 13.827316 5.514849 23.748619 -11.962404 -25.874428 -12.399429 17.397564 -36.021270 -9.715696 -26.682706 -22.978842 -13.487033 13.423348 0.351756 2.564571 2.619154 -1.878683 13.944441 0.953506 8.919817 2.460450 -7.029644 -7.816165 5.051322 -14.655922 20.793645 -8.482022 -2.421037 -30.858297 2.975641 12.425552 -17.418048 9.038476 -25.168209 1.716266 -9.897377 28.018681 -6.540436 -0.528326 0.531196 5.938016 -1.517550 7.812800 27.018577 -2.211940 28.416336 -32.168140 -12.989304 31.631367 5.947482 6.146872 5.016663 -27.193827 -30.397324 17.472290 0.988968 5.094017 -6.091421 -14.178561 2.158813 18.520666 3.481971 5.017511 -2.177225 -5.879252 1.512995 -7.957213 -22.680512 -5.802066 0.052193 -7.584607 -46.258511 2.272671 0.614016 6.650743 -7.452553 16.325651 -38.726261 -14.011862 14.622566 -13.999218 9.363883 -13.048623 -16.373363 10.512218 -2.466509 2.191439 -2.789010 
-40.184494 103.135681 2.938664 20.601116 46.524680 19.644246 3.566000 13.012770 -0.236449 -7.579780 2.995274 -17.610594 2.467037 20.521008 4.990349 -6.055753 9.077893 -1.318986 2.627617 14.344340 2.539818 0.527483 -0.199674 7.911898 3.602508 16.497316 2.781202 -3.961423 0.767426 -8.012451 0.571286 9.827395 3.248698 -2.314079 1.131232 5.284454 3.195170 11.719940 7.126750 -0.333007 15.510878 7.091537 9.573255 -4.524673 13.824766 4.936475 23.087832 -11.851415 -25.863634 -12.409723 17.378195 -35.056991 -9.682195 -25.598192 -22.973469 -13.486825 13.417296 0.838908 2.386919 2.605820 -1.877814 13.950804 0.956538 7.395443 1.308832 -7.969416 -7.803341 5.040971 -14.632576 18.912461 -9.125097 -1.918284 -30.848221 2.978957 12.419418 -19.172529 8.185007 -27.674262 1.731216 -9.897725 28.015852 -6.175773 -0.786318 0.561142 5.938476 -1.515684 7.800922 28.171084 -3.162705 29.748274 -32.156090 -12.992007 31.615213 4.562016 6.202494 4.180179 -27.173992 -30.400768 17.469507 1.200656 5.239588 -5.860854 -14.176048 2.156246 18.514435 3.619181 5.666982 -2.157495 -5.873440 1.516886 -7.955992 -22.312223 -5.957450 -0.191177 -7.596662 -46.252399 2.259457 -0.338000 6.759308 -7.906656 16.309973 -38.699944 -14.010788 15.155495 -13.194555 10.033707 -13.025530 -16.371513 10.505966 -2.320866 1.847504 -2.690922 
-41.364120 103.591568 5.316580 24.305650 45.293372 20.766085 3.584986 12.999718 -0.225549 -10.293914 3.446995 -19.693604 2.459775 20.522356 5.000886 -6.885504 9.366556 -1.381639 2.629233 14.313912 2.550234 -0.815153 -1.284442 7.697679 3.604691 16.478683 2.794440 -5.409531 2.407186 -8.035395 0.574783 9.832493 3.246484 -3.993853 0.421442 5.790593 3.197898 11.727949 7.133389 -0.055940 15.341576 6.239597 9.554933 -4.497049 13.837739 4.633468 22.059491 -10.679840 -25.860298 -12.418029 17.344786 -34.380464 -9.801097 -23.156455 -22.982571 -13.476630 13.403768 1.806487 2.719462 2.740898 -1.888096 13.965592 0.964406 5.375748 -1.198981 -9.367060 -7.780706 5.032893 -14.598129 16.123237 -11.434717 -1.056365 -30.834282 2.983614 12.421295 -21.781699 5.353549 -31.836383 1.734914 -9.883625 28.012066 -5.435319 -0.526817 0.676899 5.944557 -1.513276 7.785591 29.632830 -5.367366 32.454481 -32.154629 -13.005033 31.585079 2.772904 5.778792 2.764836 -27.158541 -30.415735 17.471849 1.310729 4.308083 -5.547844 -14.171375 2.157746 18.505232 3.017255 7.144958 -2.274481 -5.875137 1.528499 -7.952968 -21.391601 -6.302112 -1.908374 -7.610609 -46.247635 2.226557 -0.336780 6.412785 -8.823181 16.263371 -38.668201 -14.015305 15.143115 -12.614199 11.205339 -13.005672 -16.371859 10.506666 -2.324022 1.602694 -2.281442 
-42.046555 103.873009 8.461186 25.439340 43.859964 20.056232 3.585695 12.986279 -0.211552 -12.809317 3.622304 -22.062636 2.456117 20.524338 5.003660 -7.231910 9.991173 -0.910642 2.632719 14.310184 2.559367 -1.708111 -2.489787 7.580751 3.607657 16.461220 2.805950 -6.407435 4.120771 -7.497809 0.569028 9.845050 3.240444 -5.372237 -0.079374 6.500875 3.194371 11.747319 7.133575 -0.087978 16.274382 5.186468 9.551098 -4.471923 13.852971 5.124177 21.480154 -9.081715 -25.856869 -12.417250 17.314814 -32.780581 -9.793039 -21.416705 -22.997160 -13.462681 13.401795 2.163152 3.122305 2.758858 -1.908785 13.966354 0.967387 4.641313 -4.389851 -11.631918 -7.761334 5.039959 -14.581622 12.569306 -15.677364 -0.043444 -30.812828 2.988709 12.417651 -23.488959 1.249505 -35.843829 1.752162 -9.883745 28.014660 -4.299769 0.244128 1.028348 5.961973 -1.509234 7.779325 30.708834 -7.524328 34.954685 -32.150631 -13.011739 31.563255 1.562441 4.543683 1.855929 -27.154198 -30.433311 17.491095 1.134968 2.206513 -4.871036 -14.175167 2.169399 18.495298 1.380955 8.049361 -2.109633 -5.869797 1.540762 -7.951403 -20.413839 -6.269824 -5.529921 -7.622729 -46.247929 2.193681 0.613922 6.219241 -10.241284 16.215200 -38.633499 -14.004308 15.078585 -12.175223 11.599289 -12.993416 -16.355658 10.499286 -2.643412 0.925422 -2.770550 
-42.209621 103.945541 11.405766 25.169916 44.379024 19.532242 3.569565 12.987579 -0.197927 -14.336045 2.996420 -22.810549 2.462056 20.522291 4.999676 -6.523662 10.275975 -0.380715 2.631424 14.322439 2.553739 -2.040186 -3.214891 7.510588 3.604906 16.452570 2.800624 -6.036817 4.264882 -6.830672 0.569693 9.851042 3.248018 -5.304544 -0.831766 7.637693 3.191010 11.759182 7.123319 -1.194574 18.021041 4.365904 9.550876 -4.451240 13.854393 7.024608 21.528130 -6.802891 -25.867516 -12.416787 17.303154 -32.196737 -10.269653 -20.178230 -22.992130 -13.443061 13.410086 2.746144 3.875518 2.397692 -1.916527 13.951227 0.966933 5.700222 -6.785019 -14.129212 -7.748560 5.049671 -14.582346 10.585269 -21.500360 0.016524 -30.799292 3.002422 12.396725 -23.584271 -2.186692 -37.729582 1.749331 -9.888302 28.011251 -3.589803 0.696633 1.039682 5.987588 -1.496661 7.788296 31.917716 -9.103372 36.465458 -32.141777 -13.009156 31.539776 1.919115 3.160574 2.621098 -27.169231 -30.445238 17.504381 0.164401 0.359295 -4.459817 -14.177929 2.163426 18.504204 0.682603 8.151338 -0.826422 -5.869210 1.538184 -7.949741 -19.558844 -5.893755 -8.696550 -7.630300 -46.251068 2.182734 1.253474 6.248160 -11.632144 16.195997 -38.607224 -13.991852 14.521144 -12.833447 12.017525 -13.001725 -16.344191 10.489404 -3.123503 0.554652 -3.529416 
-41.975662 104.032906 13.330400 25.017806 45.976643 19.966093 3.553432 12.990218 -0.195155 -15.037391 2.809772 -22.615504 2.473533 20.516468 4.996329 -5.711973 10.014436 0.089001 2.638773 14.334252 2.551787 -1.896885 -3.584293 7.557492 3.606922 16.452539 2.796597 -5.165572 3.576524 -6.090714 0.571000 9.858477 3.262715 -4.855252 -0.247155 8.184874 3.181693 11.763193 7.105319 -1.924049 19.147155 3.944483 9.551533 -4.452648 13.853628 8.603405 22.381440 -5.730439 -25.871742 -12.412228 17.298527 -33.211839 -11.317931 -20.515897 -22.992302 -13.428288 13.421656 3.240994 4.220554 2.228006 -1.929169 13.935868 0.962639 6.507617 -7.960048 -15.794531 -7.744202 5.056977 -14.594394 9.767307 -26.363885 -1.041431 -30.800768 3.014745 12.387049 -23.027863 -3.801433 -37.545553 1.745124 -9.884837 28.007753 -3.494239 1.144472 0.938248 5.996062 -1.494174 7.800876 32.159505 -10.494649 37.856730 -32.134182 -13.004685 31.538338 2.588722 1.723454 3.191708 -27.176807 -30.444328 17.511183 -0.224997 -1.531583 -4.504611 -14.182476 2.163950 18.507999 0.576582 7.523849 -0.380486 -5.868606 1.538108 -7.945797 -18.737376 -4.942913 -9.639607 -7.625184 -46.256512 2.189607 0.901393 6.222585 -11.902505 16.196342 -38.599178 -13.980646 14.590573 -13.842204 12.307164 -13.014311 -16.336788 10.473286 -3.795309 0.225102 -3.752024 
-41.435707 104.340126 13.881170 24.473437 45.202018 19.613346 3.552758 12.988395 -0.191687 -15.213478 2.847079 -22.727328 2.474965 20.515224 4.994547 -5.274678 10.020315 0.285322 2.638413 14.336046 2.552368 -2.192368 -3.949820 7.439956 3.603213 16.451263 2.790648 -4.789006 3.143219 -5.714328 0.578282 9.855336 3.261003 -4.732986 -0.621800 8.199753 3.182125 11.766356 7.102733 -2.045078 19.641414 3.921126 9.548277 -4.451577 13.857028 9.100465 22.677415 -5.245984 -25.872734 -12.412067 17.294279 -33.783967 -11.696048 -20.583644 -22.994976 -13.431467 13.423422 3.241272 4.381155 1.690025 -1.928985 13.932221 0.957356 6.755103 -8.472664 -16.088845 -7.741186 5.058805 -14.594374 9.684141 -28.173562 -1.647943 -30.796835 3.017299 12.383279 -22.946883 -3.962937 -37.535967 1.742537 -9.888587 28.008764 -3.610645 1.323768 0.801129 5.999107 -1.494873 7.799666 32.327473 -11.430451 38.131088 -32.140606 -13.005693 31.539764 2.345319 1.116029 3.609696 -27.176748 -30.450401 17.511591 -0.156625 -2.064037 -4.397685 -14.179551 2.158216 18.504482 0.714289 7.653383 0.058301 -5.867767 1.533803 -7.942973 -18.304209 -4.924052 -10.002001 -7.625329 -46.262691 2.190004 0.180749 5.811800 -12.382939 16.188278 -38.598537 -13.977834 14.914685 -14.159838 12.401218 -13.018265 -16.339867 10.473625 -3.854017 0.402124 -4.032414 
-40.519630 104.908287 12.994797 22.672408 40.789862 18.133252 3.558360 12.986456 -0.191629 -15.291711 2.867558 -22.689460 2.470079 20.512699 4.986903 -6.027682 9.909715 0.234933 2.643056 14.325068 2.563194 -2.402675 -3.874916 7.214653 3.614995 16.443682 2.794118 -5.111402 3.944420 -4.889204 0.578917 9.847267 3.249022 -4.962424 -0.474664 8.003793 3.181187 11.762623 7.116755 -2.138558 19.371629 3.834575 9.550832 -4.458217 13.861289 8.086254 22.144310 -5.761379 -25.864206 -12.410358 17.287476 -34.118014 -11.718983 -20.466576 -22.997438 -13.434909 13.412175 3.017538 4.139243 1.934680 -1.921086 13.942985 0.957622 5.184971 -8.891638 -14.823906 -7.740795 5.049564 -14.584282 8.929743 -26.267671 -0.642025 -30.809116 3.023798 12.387386 -22.621085 -2.266971 -37.281512 1.743359 -9.890106 28.010891 -4.211426 1.247036 0.602220 5.984548 -1.492273 7.794266 32.332992 -11.422738 38.149854 -32.136971 -13.012376 31.538664 1.442259 1.038678 2.971936 -27.172060 -30.458441 17.499983 0.690646 -1.747336 -4.038544 -14.183581 2.154162 18.490080 0.760172 8.431470 -0.045419 -5.864458 1.536858 -7.942676 -18.070271 -5.276266 -9.729852 -7.626408 -46.254833 2.192080 -0.682944 5.711823 -12.989311 16.184866 -38.598545 -13.983211 14.521938 -13.623110 12.515300 -13.013162 -16.346910 10.477655 -3.434105 0.543559 -3.414191 
-39.047310 105.698486 10.814610 22.815924 34.470776 16.340562 3.585214 12.991606 -0.196812 -15.439837 2.874034 -22.629969 2.466655 20.515722 4.981981 -6.849295 9.404507 -0.067667 2.649495 14.310471 2.582565 -2.002641 -3.595629 6.627848 3.626328 16.447533 2.796271 -5.256159 5.560673 -4.021977 0.580646 9.831071 3.227452 -5.817632 -0.040268 6.889244 3.181263 11.741200 7.144038 -1.330562 17.920379 4.265951 9.553226 -4.461135 13.870015 6.908788 21.051591 -6.770333 -25.854649 -12.408856 17.291145 -34.600471 -11.903252 -20.560659 -23.003510 -13.460094 13.390530 1.979701 3.354297 2.143616 -1.921417 13.951392 0.951646 3.020124 -8.645604 -12.598508 -7.749562 5.033048 -14.569519 8.575258 -21.627227 0.881277 -30.823032 3.022724 12.402637 -22.271148 1.046991 -36.094876 1.750695 -9.893862 28.024094 -5.256426 0.713329 0.821972 5.965674 -1.498657 7.785649 32.124091 -11.049033 37.483627 -32.140247 -13.022018 31.549456 -0.647363 1.517135 0.933541 -27.156618 -30.461109 17.484968 1.341910 -0.591852 -2.985078 -14.180617 2.152148 18.483274 1.029332 9.183953 -1.241625 -5.862138 1.543239 -7.955291 -18.102363 -6.072838 -8.687466 -7.623017 -46.243515 2.194941 -1.967848 5.435997 -13.354896 16.187927 -38.620720 -13.999620 15.158116 -12.883083 12.409924 -12.999722 -16.365244 10.489311 -3.159078 0.972975 -2.482062 
-36.936138 106.451569 7.985649 22.085605 30.635249 15.381683 3.594122 13.000056 -0.198819 -13.991721 3.418418 -21.858687 2.464889 20.514227 4.975504 -7.121593 8.506223 -0.439445 2.658424 14.301907 2.586271 -1.460913 -2.602090 6.414750 3.626956 16.447493 2.804896 -4.634292 5.951365 -3.939765 0.579244 9.815730 3.214481 -5.106812 0.926190 5.594698 3.182141 11.722379 7.159572 -0.086920 17.143758 4.956049 9.565436 -4.485247 13.858214 6.621306 20.553721 -7.354908 -25.849731 -12.406171 17.302641 -35.296027 -12.717659 -21.860654 -22.998253 -13.478415 13.384879 1.203407 2.655579 1.934400 -1.907363 13.953779 0.951010 1.854092 -6.533928 -10.294069 -7.761316 5.019918 -14.578320 9.494766 -16.582557 0.654500 -30.837120 3.021503 12.405089 -21.066190 6.167316 -32.098204 1.742377 -9.890242 28.031200 -6.592214 0.350640 0.470590 5.949443 -1.512786 7.785209 32.074527 -10.150044 36.738440 -32.153603 -13.033940 31.576880 -1.918060 2.138036 -1.072392 -27.148697 -30.459888 17.469326 2.764173 0.527000 -2.393779 -14.180523 2.144802 18.479038 2.270396 9.233727 -1.952427 -5.846897 1.529021 -7.967695 -17.636578 -6.389745 -6.350829 -7.614281 -46.240402 2.212963 -4.530648 4.640682 -13.353170 16.208048 -38.647556 -14.006609 15.320709 -12.801667 12.671399 -13.009177 -16.384045 10.489195 -2.095938 1.426834 -1.807823 
-34.459095 106.994888 5.429191 20.242522 30.490859 15.209703 3.594476 13.016006 -0.203359 -12.294485 2.889151 -20.363307 2.472201 20.514671 4.966893 -6.285957 7.926385 -0.237826 2.665785 14.328002 2.582692 -0.561651 -1.516771 6.725648 3.617313 16.458378 2.802423 -3.142173 5.143821 -4.044059 0.577290 9.812954 3.221615 -3.346926 1.579787 5.066080 3.180468 11.702591 7.161150 -0.256405 17.413309 5.657357 9.581005 -4.517005 13.837890 7.838342 20.837283 -6.996841 -25.856974 -12.394646 17.330563 -35.442125 -13.695185 -23.779655 -22.983015 -13.497667 13.395964 0.371703 2.433770 2.032312 -1.897095 13.946912 0.948264 2.802255 -3.955755 -8.983125 -7.783627 5.014816 -14.606614 11.636213 -13.403410 0.503177 -30.854706 3.017319 12.400463 -18.779971 10.430116 -27.219516 1.734225 -9.890326 28.021236 -7.524451 0.301816 0.584952 5.950943 -1.520927 7.798811 31.873132 -9.126324 35.828638 -32.150993 -13.031891 31.597387 -2.612667 2.632905 -2.136023 -27.152960 -30.442324 17.468800 3.332305 0.711681 -2.593827 -14.178228 2.141730 18.495455 3.380393 8.341182 -1.838754 -5.841219 1.520114 -7.983195 -17.256587 -6.333775 -4.480014 -7.613612 -46.246532 2.236975 -7.002644 4.238715 -12.633137 16.240658 -38.673679 -13.998772 15.414571 -13.644958 12.224112 -13.024885 -16.391628 10.489117 -1.784227 1.944359 -1.637749 
-32.084465 107.323929 3.767094 18.240502 30.190829 15.197290 3.586197 13.032335 -0.201120 -11.327809 2.408839 -19.232795 2.477524 20.513727 4.952333 -5.431325 7.220816 -0.176599 2.672816 14.361314 2.580984 0.144153 -0.571079 6.798729 3.605650 16.468657 2.798203 -2.003246 4.004649 -3.889295 0.573317 9.812858 3.230764 -1.823021 1.782678 4.846342 3.176806 11.691434 7.160156 -1.218175 18.167499 5.817018 9.588902 -4.543017 13.837739 8.937572 21.253341 -6.870487 -25.871586 -12.368699 17.356306 -35.318959 -14.358036 -25.274719 -22.979753 -13.501863 13.404279 -0.559929 1.943198 2.304153 -1.893314 13.941174 0.943751 4.290019 -2.157947 -8.918588 -7.798287 5.023674 -14.623306 13.039792 -12.474989 0.381048 -30.863899 3.014345 12.390513 -16.077548 12.812168 -23.235979 1.726006 -9.896562 28.025421 -7.647745 0.543172 0.398175 5.958580 -1.521619 7.813081 31.671198 -8.535124 35.330369 -32.150150 -13.024490 31.609066 -3.106064 2.468416 -3.201335 -27.166103 -30.429113 17.477922 3.153438 0.015321 -3.157216 -14.179067 2.135331 18.511671 3.780917 7.562173 -1.428005 -5.832857 1.509091 -7.987545 -16.448001 -5.749111 -4.306579 -7.604486 -46.259350 2.241975 -7.937819 3.855045 -12.507595 16.262039 -38.697075 -13.992101 15.406193 -14.245867 11.624751 -13.050863 -16.394903 10.489996 -1.668295 2.273824 -1.501347 
-30.199972 107.512833 2.917486 17.969403 29.512622 15.203545 3.576540 13.040394 -0.202185 -10.948823 1.578154 -18.192465 2.482932 20.515064 4.947559 -4.870097 6.610524 0.002344 2.677724 14.375460 2.577569 0.679375 -0.220868 6.649586 3.600835 16.472128 2.798072 -0.860682 3.128980 -3.580313 0.572075 9.823633 3.243070 -0.774015 2.016557 4.867164 3.172899 11.695586 7.157304 -1.994853 18.207877 5.509053 9.593499 -4.559529 13.835175 10.158250 21.535723 -6.100072 -25.881985 -12.356196 17.373741 -35.299138 -15.187248 -25.937131 -22.977261 -13.504745 13.407300 -0.795812 1.960807 2.409627 -1.901686 13.943532 0.947444 5.433875 -1.437169 -8.857601 -7.813663 5.022219 -14.635346 13.580816 -12.354450 0.472755 -30.876057 3.014809 12.390413 -14.253830 13.749768 -20.700925 1.722559 -9.898379 28.022961 -7.674062 0.087083 0.271716 5.965356 -1.521863 7.823271 31.715895 -8.319619 34.811411 -32.158550 -13.021595 31.617504 -3.238247 2.143884 -3.918852 -27.172245 -30.425451 17.484995 2.923812 -0.417403 -2.996945 -14.175554 2.138847 18.524075 3.828943 7.390236 -0.822255 -5.835122 1.510590 -7.990625 -16.146854 -5.296148 -4.241359 -7.611399 -46.267532 2.247901 -8.506755 3.535194 -12.298538 16.270889 -38.705917 -13.996200 15.376356 -14.949845 11.057717 -13.066984 -16.399811 10.491806 -1.734804 2.506023 -1.633642 
-28.946936 107.610008 2.529032 17.139542 28.571291 15.050506 3.573637 13.050618 -0.194148 -10.693237 1.675170 -18.120174 2.481100 20.519331 4.938525 -4.397931 6.098119 -0.169797 2.675014 14.380784 2.572493 0.866686 -0.110328 6.323246 3.595643 16.473177 2.801210 -0.511951 2.776029 -3.416090 0.570513 9.821760 3.244215 -0.502558 2.068942 4.556579 3.171211 11.694677 7.158190 -2.384843 18.556832 5.395924 9.593179 -4.570840 13.835527 10.538040 21.541245 -5.540431 -25.884281 -12.343895 17.380032 -35.445400 -15.192789 -26.112624 -22.976137 -13.504469 13.408125 -1.143779 1.996635 2.817336 -1.901365 13.945650 0.942475 5.894406 -1.218863 -8.753862 -7.816092 5.030791 -14.644173 13.938824 -12.543578 0.716649 -30.885523 3.013407 12.386540 -13.254110 13.995785 -19.314218 1.721411 -9.895945 28.019827 -7.398920 0.319050 0.430583 5.972517 -1.521702 7.829280 31.498456 -8.625377 34.880755 -32.151909 -13.022305 31.621504 -3.581659 1.582598 -4.395811 -27.170200 -30.421299 17.492020 2.990748 -0.555045 -3.460932 -14.175826 2.142110 18.521595 3.734484 7.292018 -0.938540 -5.836642 1.512624 -7.989340 -15.827758 -4.873220 -4.482274 -7.613024 -46.274292 2.245639 -8.503824 3.435028 -12.264258 16.274130 -38.708412 -13.993490 15.437127 -15.160713 10.566964 -13.070887 -16.397964 10.493578 -1.418881 2.391591 -1.530148 
-28.246803 107.652382 2.358091 16.947041 28.375673 15.234831 3.576485 13.054495 -0.191439 -10.868240 1.650627 -18.320195 2.482507 20.520470 4.938069 -4.691332 5.941019 0.020623 2.678563 14.383154 2.575100 1.133725 -0.040050 6.472216 3.593671 16.475349 2.804547 -0.471109 2.577468 -3.389839 0.572353 9.820984 3.245733 -0.106759 2.129092 4.576061 3.171346 11.695832 7.160170 -2.207892 18.337738 5.678764 9.597497 -4.580746 13.834614 10.563904 21.800955 -5.646898 -25.893496 -12.336608 17.384279 -35.291420 -15.734594 -26.443774 -22.975685 -13.506989 13.412493 -1.262760 1.812271 2.516398 -1.900577 13.942438 0.943856 6.060912 -0.998772 -8.725132 -7.818913 5.028003 -14.642336 14.181626 -12.803524 0.399862 -30.887749 3.014446 12.389644 -12.763704 14.194790 -18.470295 1.721026 -9.891324 28.021053 -7.606917 0.167744 0.299822 5.970628 -1.521464 7.829145 31.758522 -8.823433 34.636347 -32.154953 -13.021702 31.618790 -3.382128 1.397934 -4.612523 -27.171242 -30.427208 17.493683 2.932003 -0.978973 -3.442058 -14.177028 2.142200 18.525236 3.787881 7.019582 -1.003895 -5.835535 1.512073 -7.985709 -15.603176 -4.904311 -4.519747 -7.612244 -46.274750 2.243842 -8.448013 3.369684 -12.232594 16.273960 -38.710938 -13.997479 15.434931 -15.367094 10.632909 -13.075414 -16.400476 10.491344 -1.379364 2.457248 -1.467029 
-27.925835 107.653976 2.280188 16.747931 28.053002 14.968848 3.572469 13.054984 -0.190133 -10.780912 1.570952 -18.170385 2.482629 20.521933 4.937533 -4.589449 5.709910 -0.037329 2.675534 14.387307 2.570819 1.098320 -0.024908 6.245411 3.593716 16.478109 2.803924 -0.227316 2.494391 -3.381768 0.571238 9.824656 3.242719 0.148506 2.059543 4.479338 3.169345 11.693578 7.157273 -2.456047 18.500314 5.587958 9.599770 -4.577354 13.834117 10.882392 21.664834 -5.215054 -25.895159 -12.333250 17.383640 -34.895337 -15.626088 -26.361954 -22.975399 -13.507742 13.411978 -1.313380 1.816178 2.462868 -1.902697 13.946484 0.940751 6.294135 -1.037207 -8.988772 -7.821298 5.027128 -14.640157 14.140369 -12.838566 0.471542 -30.887794 3.015002 12.385899 -12.283709 14.134084 -18.107885 1.719123 -9.892652 28.017942 -7.379702 -0.131415 0.164690 5.971141 -1.523315 7.829542 31.906986 -8.647673 34.310728 -32.154842 -13.016640 31.617397 -3.382423 1.284890 -4.529845 -27.172026 -30.423779 17.495634 2.847898 -1.057292 -3.327670 -14.172362 2.144482 18.529118 3.946731 7.172604 -1.018872 -5.837894 1.511617 -7.982539 -15.608825 -4.619791 -4.386274 -7.614210 -46.272030 2.244196 -8.077617 3.321972 -12.136899 16.278227 -38.711094 -13.998817 15.217860 -15.252337 10.404062 -13.075666 -16.401621 10.493348 -1.309928 2.340860 -1.233831 
-27.800556 107.648186 2.253225 16.891063 27.638760 15.202697 3.575226 13.055947 -0.188978 -10.792511 1.756181 -18.100549 2.481071 20.526709 4.937807 -4.553819 5.613087 -0.053408 2.674473 14.383391 2.575033 1.042769 -0.091954 6.366564 3.590495 16.474257 2.805953 -0.478522 2.533713 -3.626079 0.570638 9.826284 3.243233 0.062145 1.677478 4.400805 3.171812 11.696363 7.156891 -2.430133 18.468664 5.471377 9.598941 -4.583279 13.837194 10.980817 21.320309 -5.257800 -25.893463 -12.331772 17.386614 -35.181280 -15.574462 -26.193538 -22.976938 -13.500613 13.409154 -1.234358 2.046466 2.527831 -1.901111 13.944835 0.943268 6.061968 -1.043394 -8.659032 -7.817211 5.027132 -14.641137 14.420867 -12.904885 0.381896 -30.887346 3.014096 12.385661 -12.246823 14.176047 -18.057716 1.717161 -9.892740 28.018045 -7.281980 0.043056 0.349824 5.972212 -1.520332 7.827247 31.649160 -8.615718 34.446034 -32.154926 -13.018377 31.615950 -3.459223 1.434552 -4.728559 -27.170464 -30.423368 17.492458 2.891789 -1.180576 -3.534439 -14.175656 2.144284 18.525620 3.897466 7.189515 -1.155644 -5.838706 1.513852 -7.982159 -15.410420 -4.751748 -4.455370 -7.615763 -46.276653 2.243775 -8.183655 3.228383 -12.141503 16.275225 -38.712135 -13.999578 14.914251 -15.448607 10.595571 -13.077098 -16.402966 10.495640 -1.281020 2.486496 -1.293181 
-27.743778 107.681633 2.273952 16.935992 27.772427 15.192306 3.570933 13.057817 -0.193349 -10.843356 1.435364 -17.977367 2.488049 20.526457 4.935938 -4.307496 5.784959 -0.088787 2.675057 14.386323 2.568888 1.090999 -0.087053 6.276675 3.591622 16.478079 2.803189 -0.433907 2.661677 -3.562855 0.569626 9.822309 3.245292 0.264102 1.911899 4.229567 3.167535 11.695514 7.161553 -2.296401 18.307625 5.603086 9.597203 -4.576791 13.835152 10.864740 21.430436 -5.359260 -25.896376 -12.336642 17.390078 -35.225748 -15.770096 -25.955453 -22.972837 -13.505677 13.414266 -1.152146 2.168196 2.540755 -1.904352 13.947436 0.944892 6.323887 -1.028897 -8.841311 -7.817790 5.026000 -14.647241 13.670937 -12.981879 0.819667 -30.889885 3.018703 12.384590 -12.125524 14.357788 -18.066636 1.721011 -9.889159 28.018839 -7.183155 -0.017595 0.058137 5.973326 -1.522425 7.830950 31.687027 -8.551637 34.679886 -32.159271 -13.020088 31.619003 -3.417733 1.407263 -4.722654 -27.167488 -30.422329 17.490854 2.924690 -0.885438 -3.303933 -14.177197 2.137634 18.527065 3.714418 7.111844 -1.173525 -5.835240 1.515507 -7.985362 -15.253757 -4.560747 -4.443987 -7.619693 -46.276608 2.245473 -8.173521 3.064732 -12.196385 16.282074 -38.711830 -14.000541 15.059758 -15.519658 10.672556 -13.074745 -16.400417 10.493723 -1.309969 2.444929 -1.225059 
-27.709061 107.747940 2.336859 17.153877 27.714246 15.451343 3.573974 13.055507 -0.189857 -10.802338 1.477206 -18.204315 2.480670 20.520075 4.935833 -4.802655 5.681528 0.053252 2.677745 14.384557 2.574542 1.376986 0.016100 6.404395 3.588028 16.478205 2.804243 -0.200020 2.710446 -3.235375 0.570128 9.823145 3.243148 0.078590 1.841897 4.361344 3.170351 11.694114 7.158990 -2.209074 18.537048 5.563517 9.597248 -4.581424 13.837163 10.957633 21.719168 -5.144971 -25.893459 -12.333358 17.382591 -35.256521 -15.651857 -26.338435 -22.979744 -13.504941 13.408458 -1.076750 1.780044 2.627009 -1.901999 13.942197 0.940835 6.287181 -1.120084 -8.918784 -7.818607 5.027941 -14.643790 13.991514 -12.955655 0.434534 -30.884892 3.016029 12.387439 -12.472295 14.328144 -18.247648 1.718560 -9.889632 28.019089 -7.489787 0.181524 0.042018 5.974527 -1.521951 7.829734 31.881462 -9.094020 34.792844 -32.156086 -13.024839 31.617140 -3.493322 1.251597 -4.667870 -27.169140 -30.426069 17.496035 2.894369 -1.270685 -3.781163 -14.175127 2.137980 18.528660 3.673986 7.287863 -1.061488 -5.833567 1.511899 -7.982286 -15.383024 -4.954442 -4.613339 -7.613286 -46.277016 2.243124 -8.191761 3.011120 -12.225964 16.273561 -38.708656 -13.994229 15.393824 -15.635715 10.687026 -13.077054 -16.399155 10.494825 -1.028248 2.591164 -1.325247 
-27.801157 107.855682 2.447112 17.092267 27.177895 14.964763 3.570167 13.055713 -0.190512 -10.764379 1.613077 -18.478372 2.480735 20.524353 4.938094 -4.446977 5.669590 0.049527 2.680780 14.381959 2.571535 0.992285 -0.283809 6.272562 3.591536 16.472052 2.802264 -0.351446 2.798873 -3.042364 0.570108 9.822873 3.244959 -0.000215 1.794786 4.762237 3.172830 11.693140 7.158164 -2.443669 18.549761 5.460988 9.598870 -4.577517 13.836610 11.047715 21.601305 -5.289131 -25.891024 -12.334688 17.381916 -34.708921 -15.969954 -26.629740 -22.977018 -13.507665 13.411372 -1.171614 1.739576 2.316967 -1.899214 13.944182 0.943399 6.261604 -1.188649 -9.018967 -7.816716 5.025882 -14.643557 14.022317 -13.092192 0.562142 -30.885857 3.017763 12.389007 -12.277563 14.276127 -18.057104 1.722036 -9.892821 28.022924 -7.291062 0.158096 0.357885 5.971968 -1.521528 7.831536 31.935202 -9.005720 34.809134 -32.159592 -13.022091 31.619003 -3.957571 1.251736 -4.948298 -27.171291 -30.427456 17.494755 2.876052 -0.869224 -3.410113 -14.173358 2.141961 18.522989 3.510439 7.182018 -1.073097 -5.835402 1.510664 -7.984497 -15.468601 -4.888111 -4.768353 -7.615690 -46.276630 2.242068 -8.832167 2.969023 -12.423223 16.271650 -38.708542 -14.000044 15.574378 -15.352530 10.815277 -13.073097 -16.403803 10.495353 -1.335049 2.491941 -1.576828 
-28.165340 107.946495 2.593480 17.734385 27.205186 15.219169 3.577239 13.054860 -0.192424 -10.918921 1.448055 -18.264361 2.482395 20.518110 4.936008 -4.664725 6.231042 0.029573 2.680758 14.379285 2.570789 0.892989 -0.219148 6.279607 3.594944 16.472525 2.802775 -0.422232 2.884029 -3.097427 0.570462 9.820438 3.246049 -0.239902 2.029239 4.570809 3.171714 11.690742 7.158574 -2.422244 18.663932 5.577773 9.598114 -4.577400 13.835967 11.067761 21.874582 -4.790710 -25.887388 -12.339988 17.383696 -35.599106 -16.062616 -26.379336 -22.978802 -13.504034 13.408653 -1.210284 1.970694 2.426478 -1.898519 13.943205 0.944403 5.990037 -1.340260 -8.676177 -7.818342 5.022667 -14.642331 13.971729 -13.082761 0.420987 -30.888058 3.016688 12.388070 -12.655138 14.352676 -18.603205 1.721822 -9.893202 28.017599 -7.419491 0.299152 0.273369 5.972898 -1.522969 7.825474 32.078100 -9.117614 35.056759 -32.157112 -13.025898 31.615112 -3.991523 1.359274 -4.869318 -27.170252 -30.423716 17.494638 2.854738 -1.006680 -3.464784 -14.174748 2.139587 18.524027 3.748612 7.467529 -0.936224 -5.831772 1.513031 -7.984877 -15.428451 -5.200202 -4.827621 -7.615043 -46.272533 2.244324 -9.245947 2.965396 -12.100343 16.269608 -38.711788 -13.999016 15.636579 -15.316074 10.999575 -13.073862 -16.400375 10.492852 -1.394082 2.101900 -1.443000 
-28.998726 107.984497 2.814504 17.648119 27.605495 15.202720 3.579294 13.050176 -0.194252 -11.457669 1.324197 -18.534820 2.481102 20.520580 4.945310 -4.944052 6.373985 0.006905 2.683249 14.379130 2.575907 0.940826 -0.247051 6.331208 3.593419 16.479603 2.801748 -0.382524 3.018020 -3.040085 0.572790 9.820197 3.241318 -0.516734 2.186047 4.441244 3.173789 11.688383 7.158618 -2.097301 18.769850 5.623164 9.596578 -4.571251 13.836059 10.768883 21.988167 -5.152968 -25.887180 -12.343477 17.372984 -35.168688 -15.912527 -26.091152 -22.978949 -13.505236 13.407192 -0.955097 1.921439 2.533122 -1.902966 13.943872 0.937513 5.627461 -1.612873 -9.100884 -7.811327 5.021892 -14.638157 13.561703 -12.990964 0.735731 -30.884621 3.018574 12.386140 -13.369240 14.442123 -19.432515 1.725712 -9.893895 28.018732 -7.430019 0.382423 0.433911 5.972927 -1.520850 7.827720 31.965050 -9.537247 35.386636 -32.154678 -13.022158 31.611542 -3.708683 1.325335 -4.596483 -27.166235 -30.430696 17.492418 2.749326 -0.944796 -3.420526 -14.172370 2.140543 18.519852 3.965314 7.320194 -1.154984 -5.831972 1.514149 -7.983153 -15.517121 -5.350417 -4.503778 -7.614003 -46.280193 2.243349 -9.226273 2.941576 -12.285534 16.268524 -38.699978 -13.994054 15.943127 -15.210162 10.698428 -13.068463 -16.399302 10.494399 -1.445552 2.551202 -1.277288 
-30.414612 107.959061 3.169371 18.054584 28.699676 15.141341 3.588144 13.043307 -0.197144 -11.215734 1.607369 -18.494899 2.481940 20.517767 4.946831 -4.880297 6.867540 -0.184178 2.682581 14.375254 2.575022 0.288562 -0.361292 6.630263 3.599056 16.471008 2.797833 -0.717556 3.290930 -3.236655 0.572634 9.819368 3.236600 -1.010052 2.255661 4.891420 3.175403 11.691263 7.159963 -2.164780 18.930438 5.615855 9.591013 -4.560282 13.831074 9.792344 21.988411 -5.481106 -25.875683 -12.357619 17.366001 -35.504290 -15.232046 -25.890679 -22.978130 -13.504160 13.401721 -0.913948 1.977614 2.504930 -1.898012 13.944632 0.941451 5.242793 -2.059882 -8.734867 -7.807870 5.025704 -14.634588 13.274413 -12.403088 0.585924 -30.884985 3.014876 12.391079 -14.534789 14.132332 -21.031421 1.723991 -9.896035 28.022305 -7.782475 0.434276 0.386387 5.968763 -1.520899 7.824247 31.806108 -9.405663 35.589271 -32.156456 -13.026108 31.618866 -3.696892 1.746512 -4.061461 -27.167215 -30.427931 17.482801 2.804199 -0.284941 -3.317352 -14.173576 2.133744 18.513662 4.187415 7.394091 -0.891251 -5.826913 1.505049 -7.991223 -16.037124 -5.626183 -4.322994 -7.603522 -46.275517 2.247093 -9.634379 3.318907 -12.556375 16.264641 -38.703514 -13.987843 16.025383 -14.717649 11.072946 -13.064660 -16.395081 10.491055 -1.819625 2.444209 -1.413624 
-32.469597 107.865883 3.773608 18.717345 30.098499 15.009636 3.593140 13.034398 -0.203255 -11.543876 2.052495 -19.113569 2.480903 20.523634 4.954215 -5.444679 7.576141 -0.013788 2.683022 14.366360 2.579210 -0.030981 -0.773510 7.025132 3.610664 16.472265 2.794293 -1.411987 3.611787 -3.784201 0.576781 9.820786 3.233547 -1.714992 2.258248 5.234777 3.177367 11.690294 7.163749 -1.697221 18.731763 5.582288 9.587424 -4.542089 13.836830 8.868943 22.330525 -6.249235 -25.873716 -12.376438 17.354330 -35.621363 -14.715173 -25.359780 -22.982042 -13.503955 13.402698 -0.242341 2.468310 2.393388 -1.893670 13.947723 0.944452 4.216326 -2.446915 -8.907543 -7.797645 5.020944 -14.629311 12.707292 -12.384273 0.604567 -30.876810 3.019860 12.394173 -16.605255 13.405427 -23.711353 1.728966 -9.899721 28.027857 -8.092477 0.827349 0.295128 5.961128 -1.525938 7.821187 31.970565 -9.221082 36.087441 -32.156956 -13.025083 31.612719 -3.427779 2.171035 -3.380393 -27.170368 -30.433046 17.480352 2.705980 0.529371 -3.068404 -14.176072 2.133831 18.511143 4.142335 7.636478 -1.028049 -5.830849 1.506667 -7.990239 -16.470880 -6.353255 -4.236074 -7.606243 -46.280334 2.250078 -9.945996 3.649531 -12.550408 16.260878 -38.689339 -13.989491 16.183127 -14.341603 11.596485 -13.052022 -16.393970 10.496694 -1.965107 2.457398 -1.848807 
-35.062130 107.706451 4.823275 19.725865 31.709928 15.135009 3.595480 13.017776 -0.206889 -12.074345 2.639263 -19.850292 2.469927 20.523481 4.967684 -6.323361 8.403183 0.225050 2.673760 14.340298 2.579648 -0.774227 -1.207311 7.214811 3.621157 16.466198 2.789547 -2.414098 4.445378 -4.090064 0.578084 9.811591 3.227533 -2.950355 1.977014 5.465083 3.186767 11.694582 7.162507 -0.694576 18.376399 5.737901 9.581706 -4.522159 13.837213 7.117857 22.150256 -7.974409 -25.861519 -12.400068 17.332012 -35.563303 -13.996389 -24.451562 -22.983334 -13.492203 13.395452 0.579287 2.697645 2.142886 -1.892419 13.944847 0.949584 2.707424 -3.405583 -8.512825 -7.781960 5.019328 -14.614258 11.583775 -12.371716 0.920976 -30.862774 3.023755 12.394451 -18.898099 11.937953 -27.349030 1.730619 -9.902318 28.033159 -8.322283 0.464207 0.228596 5.954870 -1.520126 7.813065 32.407991 -9.058964 36.349392 -32.156563 -13.020433 31.607500 -3.132845 2.771668 -2.402292 -27.163057 -30.438414 17.466734 3.135194 0.978153 -2.693910 -14.175807 2.132678 18.500477 3.862942 7.813542 -1.405232 -5.831763 1.506318 -7.995347 -17.211940 -7.188433 -4.054070 -7.601718 -46.270428 2.246576 -9.661727 3.810723 -13.099736 16.248119 -38.674770 -13.993073 16.726474 -14.037589 12.046646 -13.029063 -16.390747 10.495869 -2.217464 1.861154 -1.798883 
-37.948811 107.471939 6.491447 20.643041 33.174577 14.750219 3.599033 13.001966 -0.208198 -13.413482 3.684357 -21.142900 2.462039 20.522270 4.968667 -7.274188 9.259500 0.246645 2.666606 14.313729 2.588464 -1.816064 -2.203239 6.991998 3.633484 16.457376 2.791257 -3.823221 5.107335 -4.753277 0.586890 9.813424 3.219217 -4.707364 2.191182 5.934151 3.196318 11.707341 7.155483 -0.307381 17.673982 4.823182 9.568277 -4.498599 13.850908 5.556226 22.124031 -9.130391 -25.853416 -12.428845 17.302786 -35.730970 -13.591859 -23.480155 -23.002138 -13.492414 13.381990 1.336177 3.066112 2.011750 -1.898744 13.952515 0.947797 0.870326 -5.222242 -8.953338 -7.761744 5.013135 -14.595016 9.642953 -13.830373 0.986071 -30.847637 3.025990 12.406137 -22.021790 8.687461 -32.368164 1.746788 -9.906163 28.041729 -7.817169 1.010005 0.350577 5.947382 -1.514318 7.792816 32.833348 -9.554394 36.716904 -32.152798 -13.022655 31.601435 -3.002624 2.378268 -1.175140 -27.159054 -30.453501 17.470097 3.732117 0.923049 -2.536744 -14.176776 2.140325 18.487131 3.011241 8.117753 -1.180934 -5.834915 1.520990 -7.986633 -17.875112 -7.145232 -4.409874 -7.599995 -46.279869 2.228945 -8.617816 4.122667 -12.852078 16.218193 -38.642628 -13.995809 17.446789 -13.327396 12.533973 -13.017238 -16.390654 10.501393 -2.569733 1.720668 -1.892761 
-40.785957 107.120903 8.710610 22.079167 35.709892 15.777389 3.607192 12.987747 -0.194558 -15.359910 4.043315 -22.304177 2.451399 20.525557 4.970685 -8.124352 10.136501 0.643780 2.658345 14.294878 2.598543 -3.070748 -2.975899 7.046917 3.637091 16.450245 2.796992 -5.254775 5.548885 -5.048915 0.590063 9.828416 3.214938 -6.284613 1.504851 6.930197 3.201299 11.724339 7.144509 -0.505314 18.151790 3.787025 9.552775 -4.475924 13.871762 3.742670 21.907253 -9.871911 -25.860296 -12.441930 17.271040 -34.551803 -12.214447 -21.837312 -23.019396 -13.483279 13.374369 2.186372 3.518237 2.238757 -1.908684 13.961120 0.951831 -0.571567 -7.555256 -10.163365 -7.743691 5.017367 -14.569750 7.443191 -16.742085 1.415044 -30.834560 3.028113 12.411406 -25.045400 3.764541 -37.860111 1.753797 -9.901181 28.047226 -6.963268 1.445229 0.210183 5.953764 -1.497010 7.785501 33.161975 -10.869377 37.917904 -32.146324 -13.017719 31.579227 -2.676143 2.135934 0.306879 -27.155188 -30.471327 17.484560 3.476478 -0.320676 -2.945695 -14.180044 2.150110 18.483807 1.751584 9.094629 -1.046912 -5.842522 1.534944 -7.980123 -18.493417 -7.314464 -5.754060 -7.605392 -46.288132 2.201144 -6.621057 4.932976 -13.278039 16.183495 -38.621166 -13.988762 17.510329 -13.154394 12.813236 -13.006534 -16.388006 10.509487 -2.808787 1.387772 -2.323133 
-43.104076 106.606972 11.130293 22.847883 40.711124 16.260577 3.588612 12.977203 -0.185462 -16.393514 3.712083 -22.810127 2.451238 20.518669 4.970223 -7.998272 11.431495 0.844779 2.652700 14.295538 2.593824 -3.663291 -3.637882 6.856755 3.626852 16.444519 2.798461 -6.343452 5.109348 -5.396579 0.590349 9.849763 3.226306 -7.240330 1.044436 8.215042 3.201325 11.751192 7.119926 -1.204670 18.909348 2.579674 9.543654 -4.455891 13.883289 4.003981 22.130846 -10.065745 -25.869892 -12.456134 17.252815 -33.737282 -11.412959 -21.342519 -23.031099 -13.469923 13.377135 3.163065 4.069421 2.323479 -1.928384 13.955530 0.949033 -0.303121 -9.473919 -12.073311 -7.726469 5.028156 -14.570441 5.767924 -21.289976 1.486268 -30.819387 3.034076 12.398517 -26.521505 -1.546543 -41.644251 1.761589 -9.902799 28.047384 -5.406012 2.271000 0.544515 5.969456 -1.473410 7.789556 33.687268 -11.848895 38.441292 -32.138592 -13.012683 31.561440 -1.668133 1.891706 1.692533 -27.164982 -30.480957 17.511526 2.835336 -1.826953 -3.372214 -14.190945 2.158993 18.482737 0.162312 9.266419 -0.107105 -5.854440 1.551501 -7.976214 -18.212447 -7.214333 -8.298482 -7.607079 -46.301914 2.180712 -4.655857 5.225028 -13.050792 16.157410 -38.592213 -13.983016 17.348271 -13.336890 12.232565 -13.011339 -16.374781 10.509806 -3.869810 1.208272 -2.955800 
-44.616028 105.963188 13.403934 24.254425 48.796384 18.768397 3.570631 12.978971 -0.177779 -16.817239 3.605668 -22.413221 2.459189 20.516439 4.973723 -7.100571 11.952947 0.999621 2.647369 14.316996 2.576173 -3.740346 -4.114574 6.714457 3.615312 16.447084 2.798990 -6.187252 3.802360 -5.903496 0.577269 9.872863 3.250469 -6.297613 0.665769 9.103579 3.193702 11.764570 7.091018 -1.861326 20.719891 1.871253 9.546587 -4.441380 13.879264 5.605551 22.883727 -8.817120 -25.880800 -12.461595 17.257053 -33.292176 -11.550547 -21.058428 -23.031288 -13.453207 13.400735 4.191315 4.662403 2.112209 -1.935175 13.944685 0.953616 1.565261 -9.578253 -14.936644 -7.721426 5.040546 -14.586855 5.323710 -26.436695 0.253558 -30.802397 3.029077 12.383202 -26.688904 -4.860343 -42.704235 1.758955 -9.892987 28.039848 -4.048703 3.083728 0.768302 5.998826 -1.462659 7.799994 33.708964 -12.239422 39.092301 -32.136963 -13.007956 31.554848 -0.243366 2.128725 2.965026 -27.183662 -30.476362 17.540707 1.881358 -3.428120 -4.238961 -14.207029 2.162693 18.493904 -0.252050 8.704383 0.608289 -5.854686 1.546566 -7.974567 -17.578802 -6.582637 -9.577437 -7.608887 -46.316010 2.165690 -3.021112 5.219757 -12.267909 16.157225 -38.582653 -13.970428 17.210057 -13.918297 12.044386 -13.027118 -16.370934 10.498348 -4.164935 0.747917 -3.814422 
-45.272343 105.287125 15.233694 25.491985 54.138982 20.593826 3.550993 12.983216 -0.174738 -16.757519 3.315467 -22.239858 2.465711 20.519144 4.986016 -6.052489 11.538382 0.942874 2.645447 14.339882 2.555613 -2.772568 -4.350795 6.980652 3.606107 16.461857 2.795448 -5.543896 1.519514 -6.622134 0.583288 9.885232 3.271796 -5.482010 0.847942 9.054643 3.187462 11.765892 7.075499 -1.333655 21.645602 2.292497 9.544147 -4.434863 13.872976 7.835308 24.284948 -6.323850 -25.891167 -12.455251 17.268726 -33.955012 -12.188024 -21.535796 -23.023262 -13.444457 13.411850 4.644240 5.082763 1.350055 -1.949614 13.929710 0.949465 4.473687 -9.288083 -17.391105 -7.730082 5.055294 -14.607107 6.423263 -31.122898 -1.377495 -30.789446 3.025963 12.370973 -26.613236 -6.843856 -41.716289 1.749160 -9.880007 28.025230 -3.485128 3.465631 0.837285 6.018321 -1.472935 7.806878 33.584791 -12.901653 38.977000 -32.140221 -13.000368 31.549114 1.660625 1.222591 4.592041 -27.192017 -30.467667 17.554632 0.911913 -4.104175 -4.511845 -14.206113 2.168927 18.513910 0.268790 7.351729 0.974734 -5.865468 1.537983 -7.975876 -17.407862 -5.570681 -10.325648 -7.599969 -46.319019 2.180107 -2.068944 5.089859 -11.879671 16.163483 -38.580086 -13.967382 17.049547 -15.059502 12.012389 -13.042418 -16.357283 10.481879 -4.892175 0.455444 -3.918992 
-45.273331 104.665421 16.569666 26.374886 56.850619 21.864230 3.536805 12.988115 -0.173460 -16.342493 3.847037 -21.654153 2.469825 20.521629 4.991874 -5.080614 10.945661 0.741823 2.640912 14.350776 2.540269 -2.686082 -4.691264 6.801556 3.597352 16.470537 2.789730 -5.089758 0.291207 -7.165322 0.579812 9.894111 3.291100 -5.015595 0.482124 8.922269 3.182059 11.769069 7.052545 -1.463163 22.098211 2.455691 9.551398 -4.436093 13.862249 10.387056 24.657219 -4.263539 -25.890821 -12.450066 17.279413 -34.377503 -12.865868 -22.296271 -23.019728 -13.439919 13.424384 4.939407 5.372446 0.773640 -1.951801 13.921338 0.945860 6.495702 -8.733763 -19.027666 -7.738515 5.065757 -14.623742 8.857875 -34.714006 -4.217233 -30.778713 3.020880 12.369013 -25.594469 -7.965785 -40.306797 1.742578 -9.873678 28.025497 -2.771042 3.613960 0.912933 6.023102 -1.478796 7.808658 33.237610 -13.211776 38.811812 -32.141644 -12.997965 31.551876 2.894366 0.227541 5.874305 -27.203768 -30.456646 17.570162 0.809372 -4.665359 -5.260178 -14.204309 2.176251 18.528250 0.966634 6.544938 1.094639 -5.869816 1.519919 -7.977500 -17.422904 -4.740714 -10.849814 -7.594692 -46.323444 2.188813 -0.951107 4.628357 -11.173714 16.180893 -38.592724 -13.969707 16.884719 -15.844287 12.167740 -13.058121 -16.360525 10.469428 -4.941881 -0.044003 -3.692483 
-44.826725 104.152771 17.520943 26.138506 57.734626 21.715506 3.533894 12.989054 -0.174149 -15.997324 3.379263 -21.542808 2.469551 20.531437 5.005516 -4.149091 10.384305 0.491775 2.633311 14.360982 2.524362 -2.267147 -5.088253 6.613647 3.591472 16.485029 2.790055 -4.677089 -0.719089 -7.557427 0.583504 9.900364 3.302438 -4.444309 0.371389 8.593398 3.177712 11.772259 7.051845 -1.077668 22.382882 3.337254 9.551831 -4.444065 13.847138 11.999853 24.967903 -2.468837 -25.894266 -12.442760 17.292250 -34.962290 -13.443533 -22.486772 -23.009752 -13.438784 13.436030 5.072267 5.773198 0.094854 -1.955300 13.919765 0.941497 8.243770 -8.173330 -20.005166 -7.753209 5.071047 -14.638376 11.595001 -37.464797 -6.580676 -30.782963 3.014665 12.361469 -24.569517 -8.374949 -38.559635 1.737845 -9.859877 28.013294 -2.296666 3.309764 0.884779 6.027984 -1.492403 7.805916 32.647382 -13.452951 37.981661 -32.145527 -13.001413 31.545837 4.028659 -0.729908 7.241457 -27.203806 -30.453636 17.574455 0.361417 -4.200429 -5.399757 -14.198497 2.177968 18.536825 1.883737 5.750840 1.045801 -5.883990 1.505493 -7.974998 -17.561905 -4.346411 -10.793421 -7.592579 -46.319626 2.207933 0.077418 4.316176 -11.033937 16.194885 -38.603649 -13.980255 16.173816 -16.562623 12.192379 -13.064830 -16.350533 10.460017 -4.950183 -0.474171 -3.797501 
-44.199081 103.753983 18.212940 26.770713 57.916972 22.574327 3.531600 12.991939 -0.174649 -15.667136 3.446972 -20.914862 2.471118 20.533516 5.013430 -3.391039 9.844370 0.469332 2.624557 14.367115 2.517910 -1.920478 -5.186686 6.309434 3.589253 16.487726 2.789702 -4.582599 -1.355166 -7.580270 0.573050 9.894307 3.312079 -3.897189 0.008577 8.747353 3.177593 11.770013 7.048350 -1.357850 22.403063 3.799995 9.549752 -4.456244 13.838543 13.052905 25.180858 -1.058676 -25.892950 -12.436721 17.304144 -36.129187 -14.095764 -22.491782 -22.998421 -13.435818 13.448181 4.903062 5.698664 -0.142074 -1.951318 13.916962 0.943317 9.151601 -7.737132 -20.394462 -7.766494 5.073713 -14.644805 14.420744 -39.047782 -9.114650 -30.783476 3.006059 12.364334 -23.307476 -8.427989 -36.739448 1.733065 -9.848511 28.008284 -2.156636 3.135464 1.056523 6.029085 -1.499168 7.807691 32.209878 -13.449438 37.978700 -32.150120 -13.003152 31.546892 4.697853 -1.323399 7.777727 -27.206118 -30.447578 17.569931 0.013524 -4.099692 -5.624986 -14.198110 2.178384 18.545601 2.311752 5.012635 1.124546 -5.884876 1.497155 -7.977092 -17.698984 -3.953322 -10.991169 -7.592225 -46.312588 2.216570 0.588724 4.182719 -10.925250 16.204239 -38.610081 -13.987399 15.564531 -17.226721 12.500329 -13.072292 -16.344076 10.452965 -4.683453 -0.619163 -3.574935 
-43.512123 103.468887 18.713863 26.784855 57.033644 22.937218 3.531548 12.994506 -0.176213 -15.387801 3.453550 -20.797284 2.469057 20.536547 5.016177 -3.072576 9.477162 0.186420 2.627341 14.373084 2.513994 -2.225402 -5.474999 6.354365 3.584402 16.492895 2.787397 -4.437346 -1.567023 -7.718180 0.577755 9.895494 3.313948 -3.827631 -0.433918 8.173303 3.174085 11.769872 7.041454 -1.179893 22.786749 4.088535 9.552033 -4.460704 13.835477 14.230113 25.196725 0.084330 -25.886711 -12.425472 17.306387 -36.540863 -14.247832 -22.821942 -23.002911 -13.438174 13.450659 4.876060 5.687922 -0.494349 -1.950538 13.916369 0.942104 10.031213 -7.775363 -20.601280 -7.771373 5.075220 -14.645781 16.792374 -40.639817 -11.317933 -30.779701 3.001204 12.363327 -22.556493 -8.677521 -35.668730 1.728382 -9.843812 28.007460 -1.993048 3.054524 0.838253 6.028403 -1.503858 7.802172 31.888927 -13.730890 37.634728 -32.151352 -13.001021 31.547815 5.258666 -2.313249 8.374510 -27.205900 -30.444738 17.571110 -0.151859 -4.637856 -6.169204 -14.189003 2.180829 18.546362 3.073187 4.939860 0.693700 -5.892197 1.490547 -7.969996 -17.983234 -3.878872 -11.186924 -7.589614 -46.308960 2.224174 1.354538 3.841789 -10.738055 16.214624 -38.622120 -13.989264 14.985852 -17.709729 12.890779 -13.073855 -16.344833 10.451138 -4.591925 -0.688367 -3.556007 
-42.896397 103.303856 19.030823 26.154434 56.473333 22.489371 3.529199 12.993381 -0.174248 -15.186746 3.540875 -20.932836 2.470381 20.537519 5.023642 -2.983562 9.229863 0.238062 2.627783 14.374730 2.515095 -1.942283 -5.226796 6.440192 3.580221 16.491859 2.787500 -4.350191 -2.041334 -7.307170 0.576467 9.889039 3.317388 -3.815112 -0.193999 7.977816 3.169218 11.767660 7.039062 -1.148906 22.980882 4.553110 9.553728 -4.470282 13.828924 14.494425 25.269094 0.429578 -25.884331 -12.419116 17.309704 -37.047865 -14.631560 -23.154094 -22.998268 -13.431262 13.453208 4.851715 5.372071 -0.832950 -1.954056 13.913246 0.937828 10.617224 -7.582143 -20.775113 -7.775264 5.077985 -14.654204 18.463215 -41.514754 -12.756977 -30.784935 3.002786 12.363676 -21.463875 -8.519707 -34.329105 1.723077 -9.837624 28.007702 -2.049639 3.064367 1.162156 6.026703 -1.505492 7.805377 31.446819 -13.890426 37.337618 -32.153751 -13.005057 31.547819 5.905636 -2.882564 8.599804 -27.209639 -30.444424 17.566473 -0.138685 -4.539332 -6.260344 -14.183777 2.178558 18.543695 3.372051 4.503310 0.816493 -5.892365 1.484538 -7.968277 -17.825733 -3.569904 -11.034266 -7.584290 -46.300869 2.229934 1.468190 4.077063 -11.048741 16.216984 -38.624836 -13.995714 14.495632 -18.132163 12.969751 -13.079483 -16.337324 10.443521 -4.503169 -0.732035 -3.168635 
-42.418369 103.264305 19.113800 27.022399 55.839952 22.792486 3.534406 12.995945 -0.176644 -15.064061 3.412658 -20.483430 2.471856 20.535133 5.020252 -2.456330 8.900139 0.152878 2.625142 14.376999 2.511462 -1.693452 -5.253106 6.314869 3.580848 16.485584 2.788020 -4.248343 -1.575995 -7.026535 0.575906 9.888039 3.314809 -3.664294 -0.488851 8.055284 3.167351 11.767704 7.040849 -1.484283 22.914436 4.650299 9.557796 -4.469853 13.827340 14.953833 25.284460 0.925900 -25.876379 -12.415293 17.312538 -37.781144 -14.640270 -22.897664 -22.992966 -13.431762 13.454791 4.858925 5.598312 -0.866679 -1.948340 13.909616 0.936641 10.843475 -7.625076 -20.800245 -7.779892 5.076176 -14.650862 19.348749 -42.073009 -13.803895 -30.781149 3.002102 12.365306 -21.081973 -8.233589 -33.793375 1.719580 -9.837185 28.003023 -2.187656 2.776579 1.229542 6.024983 -1.508753 7.798379 31.337704 -13.898892 37.122812 -32.151703 -13.004767 31.546709 5.844592 -2.980690 8.869128 -27.201912 -30.440077 17.562130 -0.397546 -4.308675 -6.223483 -14.179200 2.177132 18.544134 3.556666 4.517549 0.771806 -5.889120 1.482121 -7.965687 -17.969108 -3.591305 -10.903529 -7.587086 -46.292095 2.233115 1.626129 3.891071 -10.981845 16.216320 -38.624607 -13.995106 14.500010 -18.043299 12.987989 -13.074980 -16.335365 10.442739 -4.280943 -0.768795 -3.325444 
-42.099106 103.385269 18.872774 25.740241 54.943845 22.074140 3.532220 12.994338 -0.172680 -14.991587 3.310949 -20.954549 2.471467 20.535099 5.021430 -3.120945 8.840727 0.223738 2.630002 14.373253 2.516425 -2.125929 -5.389942 6.425846 3.580371 16.490273 2.784383 -3.974284 -1.678686 -6.693132 0.576388 9.885824 3.312175 -3.689222 -0.378636 7.997483 3.168729 11.765969 7.046328 -1.395694 23.149876 4.575335 9.556991 -4.467351 13.831797 14.655131 25.370739 0.625973 -25.877813 -12.413819 17.307917 -37.624384 -14.602939 -22.975426 -22.995422 -13.437210 13.451297 4.859686 5.199202 -1.096342 -1.948287 13.910892 0.933553 10.816088 -7.941683 -20.857881 -7.771910 5.078299 -14.642329 18.958788 -41.931132 -13.189664 -30.785465 3.005425 12.365483 -21.238120 -7.822424 -33.931553 1.723353 -9.840088 28.005217 -2.237815 2.897842 1.079888 6.026947 -1.508174 7.806013 31.404291 -14.304200 37.291528 -32.157150 -13.006327 31.546770 5.707734 -2.862046 8.662206 -27.201452 -30.440840 17.562712 -0.534463 -4.534422 -6.509553 -14.182603 2.176558 18.537371 3.330496 4.801777 0.837620 -5.891511 1.483188 -7.957301 -17.835345 -3.644159 -11.071868 -7.589199 -46.296715 2.230913 1.460976 3.959806 -11.162238 16.213175 -38.622780 -13.995560 14.327015 -17.821567 13.014190 -13.072001 -16.337378 10.446233 -4.298324 -0.449432 -3.337911 
-41.855782 103.662064 18.148258 26.227436 53.469077 22.035468 3.536980 12.991920 -0.175093 -15.081613 3.165951 -21.153962 2.470253 20.522974 5.016454 -3.432170 9.211359 0.215707 2.631965 14.367986 2.524369 -1.997408 -5.039438 7.004285 3.585107 16.480293 2.787226 -4.147642 -0.776762 -6.323302 0.577443 9.877592 3.306549 -3.959806 -0.213780 7.968598 3.168362 11.764128 7.052725 -1.642354 22.434615 4.475656 9.560472 -4.464922 13.834086 14.105660 25.228207 -0.083747 -25.870773 -12.408542 17.305531 -37.152182 -14.373645 -22.564951 -22.993395 -13.431878 13.452195 4.774538 4.938463 -0.399860 -1.946044 13.912992 0.933972 9.879246 -8.309207 -20.097509 -7.766746 5.071037 -14.636476 16.789563 -39.816584 -11.086331 -30.788923 3.008698 12.365297 -21.598054 -7.008493 -34.326697 1.726999 -9.848301 28.003242 -2.708424 2.726126 0.930329 6.017664 -1.503432 7.802568 31.329340 -14.092383 37.755851 -32.143486 -13.006014 31.543240 5.148711 -2.249314 7.502063 -27.199127 -30.440580 17.552509 -0.496445 -4.505713 -6.393976 -14.184733 2.176097 18.528370 3.168417 5.306696 0.712725 -5.882136 1.495078 -7.954284 -17.677088 -3.918875 -10.940168 -7.595642 -46.284996 2.228444 0.658742 4.256697 -11.342314 16.209631 -38.615704 -13.989135 14.508754 -17.235549 13.065809 -13.059800 -16.336121 10.446629 -4.233987 -0.306934 -3.321348 
-41.446899 104.132149 16.689835 26.000954 50.352626 21.573648 3.546510 12.985673 -0.175782 -15.411801 2.806040 -21.746564 2.468285 20.519323 5.002726 -4.341125 9.453080 0.466919 2.629068 14.354728 2.538611 -2.087789 -4.941684 6.782265 3.593993 16.468927 2.793137 -4.280078 0.812670 -5.737490 0.576371 9.870093 3.287139 -4.130600 -0.302482 8.073395 3.175394 11.759907 7.073486 -1.986306 21.604085 4.237979 9.556364 -4.455115 13.840848 11.945844 24.641717 -2.198666 -25.865767 -12.406858 17.291668 -36.022312 -13.611406 -21.719037 -22.988619 -13.432111 13.443526 4.394963 4.840650 0.320924 -1.939600 13.918179 0.941769 8.299610 -9.199013 -18.723690 -7.759473 5.063344 -14.609610 12.867702 -36.034131 -6.630865 -30.794353 3.014553 12.368392 -22.511749 -5.093084 -35.509279 1.736809 -9.862885 28.003193 -2.977011 1.944095 0.867775 6.010103 -1.496069 7.802716 31.935823 -13.613400 38.106985 -32.136139 -13.001773 31.540771 3.910389 -0.956351 6.352062 -27.178680 -30.444454 17.541700 -0.675974 -4.234747 -5.866263 -14.187591 2.170210 18.513935 2.277715 6.436517 0.250206 -5.878208 1.514078 -7.951897 -17.693404 -4.506123 -11.010752 -7.609238 -46.278316 2.213892 0.416059 4.708677 -11.665859 16.199028 -38.605785 -13.981351 14.626691 -16.146676 12.699904 -13.034986 -16.335457 10.455794 -4.120046 0.043359 -3.714267 
-40.461403 104.809677 14.169190 25.485517 43.408434 19.619872 3.566558 12.987635 -0.181466 -15.396698 3.061622 -22.486383 2.465733 20.516678 4.987309 -6.130133 9.922206 0.620168 2.630729 14.323599 2.561506 -2.314802 -4.296155 6.991020 3.604474 16.451363 2.789361 -4.757053 3.155824 -4.485739 0.580777 9.857514 3.256519 -5.180007 -0.510882 7.731010 3.186103 11.756477 7.107737 -1.998644 19.502249 4.351852 9.559632 -4.456780 13.852043 9.606059 23.021457 -4.977704 -25.855043 -12.408218 17.280022 -34.550263 -12.606583 -21.685043 -22.992832 -13.440210 13.419001 3.641220 4.497089 1.212852 -1.930422 13.929359 0.946128 5.649238 -9.751454 -15.650077 -7.751390 5.047750 -14.585122 10.356485 -29.295095 -2.700755 -30.796345 3.022448 12.379243 -22.963050 -2.844518 -36.445244 1.748913 -9.887057 28.010387 -3.723680 1.198681 0.884702 5.985297 -1.498232 7.791207 32.394225 -12.345734 37.764089 -32.129440 -13.004846 31.542042 1.782775 0.228277 4.026210 -27.166945 -30.457521 17.517511 0.185683 -2.758046 -5.141116 -14.189831 2.166445 18.496956 1.285081 8.089938 0.009050 -5.866053 1.529021 -7.948901 -17.824034 -5.438284 -10.713889 -7.618581 -46.261551 2.204976 -0.328611 5.303458 -12.365845 16.191256 -38.604736 -13.979624 14.505010 -14.280495 12.617046 -13.009314 -16.343842 10.466564 -3.870493 0.492547 -3.670706 
-38.508236 105.571892 10.548928 23.809799 34.429467 17.665647 3.596122 12.986031 -0.191243 -14.879615 3.297228 -22.274741 2.455957 20.519106 4.977500 -7.100405 9.180433 0.054841 2.635641 14.295532 2.582181 -2.127254 -3.696878 6.746669 3.619320 16.448734 2.798882 -5.366051 5.702025 -4.188879 0.579750 9.836761 3.223470 -5.998022 -0.414200 6.353174 3.189716 11.735772 7.150210 -0.958960 17.410082 4.474486 9.561228 -4.463113 13.859969 7.032544 20.654798 -6.606877 -25.843880 -12.409908 17.286112 -34.570197 -12.028486 -21.425187 -22.995316 -13.466815 13.387972 2.385469 3.679262 1.866857 -1.919122 13.954441 0.950650 2.707120 -8.765670 -12.050568 -7.758873 5.026181 -14.564813 9.780283 -20.849786 -0.317111 -30.821537 3.013908 12.405313 -22.418199 2.040895 -35.009968 1.752826 -9.890624 28.021441 -5.161589 0.458429 0.521712 5.954761 -1.510204 7.769243 31.864482 -10.862108 36.838950 -32.143227 -13.027716 31.557625 -0.925008 1.494724 1.220857 -27.143480 -30.464539 17.484980 1.600869 -0.321707 -3.757557 -14.189472 2.157593 18.481112 1.560089 9.623259 -1.498269 -5.859049 1.531558 -7.955825 -18.216599 -6.280229 -8.785525 -7.625246 -46.244781 2.208041 -1.677662 5.094248 -12.796709 16.195208 -38.632519 -13.999961 14.422199 -12.674568 12.789242 -12.993255 -16.365170 10.490311 -2.707052 1.146920 -2.778200 
-35.618900 106.059959 6.658646 21.949371 31.917556 16.680601 3.598599 13.006428 -0.197349 -13.050229 3.623608 -20.854243 2.462906 20.516045 4.974344 -6.554142 7.564465 -0.204825 2.646654 14.307051 2.582571 -0.988645 -1.951943 6.567232 3.617480 16.460852 2.803855 -4.248130 5.337409 -4.232700 0.571210 9.821398 3.222866 -4.964920 0.458435 5.109442 3.188558 11.710304 7.162675 0.243234 16.544204 5.446234 9.573486 -4.495954 13.846708 7.084300 19.812618 -7.520747 -25.851837 -12.401219 17.321497 -34.827217 -12.948510 -23.231869 -22.986134 -13.491853 13.391341 1.085913 2.402479 1.528822 -1.902178 13.954802 0.949452 2.182563 -5.184660 -9.633021 -7.781081 5.015445 -14.591761 12.146103 -14.601172 -0.698131 -30.843849 3.010098 12.408842 -19.967380 7.823706 -28.923601 1.738553 -9.882371 28.032930 -6.516313 0.413361 0.655197 5.940740 -1.519845 7.773026 31.343619 -9.082358 35.276001 -32.156677 -13.036259 31.592102 -1.913042 2.834178 -0.940677 -27.148167 -30.450991 17.469896 2.740638 0.798857 -3.200411 -14.188352 2.155213 18.493092 3.028749 9.157168 -2.515405 -5.845164 1.518460 -7.971467 -17.943510 -6.096888 -5.039629 -7.612457 -46.235779 2.229547 -3.673182 4.403145 -12.343144 16.233202 -38.681149 -14.010504 14.304975 -13.137966 13.060806 -13.009367 -16.389854 10.491019 -1.829876 1.758193 -2.116750 
-32.291199 106.123871 3.643801 20.248292 32.297601 16.729117 3.586056 13.026153 -0.199631 -10.841526 2.820055 -18.929861 2.475873 20.510149 4.957394 -5.007267 6.752291 -0.138854 2.655065 14.345067 2.580139 0.500866 -0.434792 6.694114 3.599907 16.473244 2.801942 -2.568839 3.486815 -4.342204 0.567607 9.822120 3.237296 -2.949859 1.296808 4.659537 3.182962 11.696420 7.155797 -0.905101 16.760697 5.736504 9.583720 -4.533400 13.832190 9.082926 19.811169 -7.157726 -25.874296 -12.380563 17.359587 -34.572386 -13.507781 -25.304826 -22.975769 -13.500565 13.404049 -0.216901 2.144319 2.107660 -1.898795 13.947637 0.948681 4.289438 -2.152890 -8.727456 -7.808589 5.019876 -14.630151 14.643516 -11.579268 -1.099920 -30.860912 3.008183 12.400101 -16.542370 11.259275 -23.447730 1.716725 -9.888247 28.023764 -7.049741 0.306449 0.560720 5.948636 -1.525086 7.787285 30.553386 -7.049934 33.833738 -32.153118 -13.029965 31.620968 -2.164951 3.606384 -2.026586 -27.166052 -30.433439 17.475101 2.967256 0.583374 -3.547750 -14.184422 2.150978 18.520647 3.904954 7.906176 -1.758327 -5.836996 1.509126 -7.983833 -17.347456 -5.177627 -3.554330 -7.613981 -46.242321 2.251910 -4.789738 4.491452 -11.523311 16.278183 -38.719250 -13.999272 13.919119 -14.441673 12.410218 -13.045471 -16.398056 10.493993 -1.407592 2.413904 -1.949222 
-29.092142 105.887886 1.875777 17.249687 31.423614 16.654699 3.568183 13.042142 -0.195622 -9.986247 1.988696 -17.418285 2.486349 20.519287 4.947578 -4.356874 5.178160 0.090645 2.654519 14.366026 2.570184 1.519831 -0.092276 6.404707 3.591479 16.484127 2.803904 -1.176530 2.017581 -4.540797 0.566295 9.837176 3.248904 -1.100464 1.189126 3.901033 3.171753 11.702073 7.156151 -1.547476 16.886577 5.517548 9.593578 -4.572955 13.831987 10.526415 19.509641 -6.664924 -25.897163 -12.354623 17.390751 -33.844359 -13.600747 -26.168960 -22.973658 -13.497763 13.414276 -0.895298 2.277026 2.273805 -1.905579 13.949559 0.956413 6.101408 -0.699951 -8.023586 -7.821340 5.029809 -14.657433 16.097117 -10.784344 -0.834005 -30.877935 3.006113 12.405804 -12.978966 12.270465 -19.399194 1.709888 -9.886886 28.023048 -6.652363 -0.364637 0.224851 5.954707 -1.522386 7.801729 30.088069 -5.581579 32.012642 -32.158104 -13.016289 31.634052 -1.660663 3.091587 -2.254445 -27.171307 -30.420149 17.480288 3.093770 -0.705776 -3.495465 -14.184637 2.154454 18.539291 3.398863 7.477587 -1.799695 -5.850670 1.508865 -7.985252 -16.952174 -4.117660 -3.286526 -7.616729 -46.252750 2.250629 -3.415368 4.033032 -11.113558 16.303795 -38.741737 -14.000830 13.522038 -15.628446 11.225945 -13.065475 -16.410866 10.497990 -0.977063 2.474840 -1.594261 
-26.484449 105.512543 0.931110 15.432024 30.199757 15.982933 3.555543 13.053495 -0.179277 -9.732820 2.420171 -16.855679 2.483916 20.529600 4.934532 -3.799655 4.225606 0.266449 2.651487 14.373384 2.563194 2.135459 0.010398 5.516905 3.583934 16.480917 2.814040 -0.860950 1.374193 -4.774143 0.569165 9.840600 3.247309 -0.502638 1.164446 3.344778 3.165971 11.708895 7.154647 -1.646824 16.003253 5.211563 9.602771 -4.591634 13.832591 11.519824 19.467974 -6.877299 -25.910326 -12.330593 17.406101 -34.232625 -14.054657 -25.977356 -22.975594 -13.494749 13.417739 -1.459049 2.311530 2.216386 -1.910720 13.948073 0.949882 7.104417 -0.227403 -7.889417 -7.830669 5.039642 -14.663735 16.769892 -10.956496 -0.902906 -30.876690 3.004790 12.401649 -10.999159 12.061703 -17.128030 1.704020 -9.888171 28.022680 -6.141694 -0.630511 0.047244 5.961528 -1.517557 7.804071 29.843518 -5.023279 30.379968 -32.161163 -13.013789 31.636633 -1.117313 2.367719 -2.735882 -27.170725 -30.416681 17.492542 3.073326 -1.684657 -3.421799 -14.186357 2.161889 18.545689 3.098668 6.707654 -1.650236 -5.858659 1.515129 -7.975316 -16.564331 -3.074973 -3.838735 -7.619029 -46.261810 2.242185 -1.714413 3.660237 -10.570327 16.299747 -38.748604 -14.007961 12.822070 -16.178198 10.321170 -13.080269 -16.418940 10.503798 -0.601932 2.212971 -0.919105 
-24.702415 105.123291 0.389190 14.196681 29.105810 15.601008 3.551220 13.062589 -0.170541 -9.563791 2.242018 -16.556490 2.484433 20.533369 4.931111 -3.320909 3.600284 -0.051407 2.643516 14.377180 2.559484 2.495644 -0.250311 5.106854 3.580736 16.482464 2.816482 -0.310354 0.990099 -4.915119 0.572834 9.841574 3.248390 -0.217467 0.876304 3.042919 3.161686 11.712650 7.152091 -2.128128 16.052179 4.675321 9.604285 -4.599230 13.832777 11.681830 19.104360 -6.539216 -25.917189 -12.311519 17.413801 -33.800448 -14.072199 -25.890372 -22.972191 -13.496531 13.422939 -1.959031 2.346109 1.893616 -1.913625 13.948262 0.946655 7.838579 0.147896 -7.858396 -7.830175 5.038027 -14.667589 17.620339 -10.940915 -1.155285 -30.881752 3.002121 12.403172 -9.700969 11.391826 -15.505549 1.699451 -9.888660 28.019749 -5.762903 -1.002208 0.328051 5.965113 -1.512777 7.807124 29.586935 -4.387752 29.321924 -32.161404 -13.009507 31.635376 -0.634886 2.044640 -2.861357 -27.169111 -30.414000 17.495338 3.162574 -2.302598 -3.466090 -14.181767 2.166080 18.549700 2.735167 6.897086 -1.824223 -5.869089 1.518254 -7.967592 -16.670473 -2.618649 -3.920825 -7.629996 -46.254387 2.237602 -0.271132 3.751107 -10.478639 16.298996 -38.752060 -14.013297 12.155937 -16.446535 9.746919 -13.084205 -16.426178 10.510485 -0.153892 1.976975 -0.948239 
-23.795111 104.767487 0.068291 13.833077 29.205459 15.928566 3.548637 13.059825 -0.167622 -9.186239 2.265381 -16.151101 2.482803 20.530544 4.930937 -3.172891 3.273658 0.080614 2.634933 14.373859 2.554283 2.956340 -0.318942 4.920530 3.581187 16.485809 2.824072 -0.320229 1.141798 -5.255256 0.573840 9.841492 3.247981 0.283791 0.543980 2.575678 3.158209 11.715515 7.156306 -1.972538 15.743970 4.768650 9.606870 -4.597744 13.832967 11.870251 18.809299 -6.477227 -25.919447 -12.307872 17.419214 -33.831805 -13.645197 -25.275153 -22.973982 -13.491386 13.424562 -2.276998 2.330396 1.623463 -1.919577 13.950222 0.948141 8.211907 -0.063366 -7.499244 -7.831884 5.041018 -14.665437 18.061559 -10.760371 -1.285179 -30.881500 2.996125 12.407377 -8.906001 11.134408 -14.848857 1.699885 -9.885003 28.020254 -5.260445 -1.520684 0.146639 5.965709 -1.511918 7.800696 29.304121 -3.940148 28.419659 -32.167217 -13.010187 31.639645 -0.037026 2.285031 -2.560880 -27.165848 -30.407719 17.494471 3.035924 -2.725042 -3.202692 -14.183774 2.167999 18.552011 2.414532 6.768041 -1.727408 -5.872511 1.515533 -7.967374 -16.582760 -2.528509 -3.796424 -7.632181 -46.252129 2.235932 1.049930 3.665171 -10.368279 16.301401 -38.760616 -14.020621 11.647181 -16.645897 9.147971 -13.081302 -16.430107 10.509249 0.109512 1.806210 -0.706309 
-23.688839 104.451530 -0.118818 13.321273 29.232721 15.533278 3.543664 13.061634 -0.165424 -8.946595 2.507732 -16.428213 2.484740 20.533358 4.928544 -3.115875 3.073089 -0.151568 2.634508 14.376974 2.551205 3.229412 -0.448031 4.866464 3.575963 16.482456 2.825818 -0.546651 0.620628 -5.640841 0.578128 9.841693 3.249015 0.261907 0.718950 2.434229 3.154165 11.719679 7.155733 -1.972047 15.641680 4.610765 9.605946 -4.601439 13.835806 11.870072 18.728551 -6.717459 -25.921793 -12.304894 17.422602 -33.544869 -13.568483 -25.200765 -22.973133 -13.494108 13.425960 -2.077427 2.458394 1.754336 -1.924657 13.949906 0.950441 8.486831 0.493943 -7.678353 -7.835224 5.046772 -14.672605 18.351538 -10.417936 -1.326868 -30.878946 2.991232 12.405919 -8.933075 10.715402 -15.035236 1.693757 -9.884955 28.016396 -5.459556 -1.370654 0.203371 5.968683 -1.515042 7.802483 28.997626 -3.312486 27.946407 -32.166878 -13.008927 31.644955 0.625648 2.350285 -2.271790 -27.166946 -30.409397 17.495783 3.266789 -2.498037 -3.241757 -14.183444 2.173149 18.547573 2.473090 6.581441 -1.763771 -5.878287 1.516519 -7.961578 -16.868310 -2.178418 -3.846332 -7.632050 -46.249126 2.232344 1.715998 3.744228 -10.160641 16.299921 -38.757690 -14.020041 11.190672 -16.626991 9.175800 -13.085174 -16.428364 10.510855 0.098861 1.913660 -0.796398 
-24.277964 104.153969 -0.210745 13.154335 30.001234 15.909819 3.544898 13.058627 -0.167711 -8.647057 2.422323 -15.841878 2.479443 20.531509 4.931212 -3.513953 3.227104 -0.007394 2.633476 14.376101 2.551049 3.196425 -0.302111 4.922755 3.579768 16.486490 2.827567 -0.711740 0.431939 -5.725424 0.578906 9.842914 3.249894 0.176387 0.763658 2.429969 3.155643 11.718708 7.152752 -1.750812 15.325426 4.875960 9.608295 -4.605704 13.836204 11.575723 19.133260 -6.761433 -25.921867 -12.309088 17.419565 -33.900264 -12.944721 -25.655830 -22.976902 -13.492004 13.426327 -2.163084 2.437532 1.675712 -1.921528 13.952320 0.948479 8.291506 0.629037 -7.362902 -7.836472 5.050164 -14.674777 18.923556 -10.201512 -1.483199 -30.881529 2.990742 12.408299 -9.316370 10.307332 -15.471048 1.696532 -9.881454 28.016056 -5.406420 -1.338718 -0.069181 5.962018 -1.514568 7.801644 28.845702 -3.255834 27.333128 -32.166595 -13.008900 31.644440 1.367840 2.632268 -1.528468 -27.168964 -30.410547 17.496593 3.251181 -2.553911 -3.517623 -14.181209 2.174146 18.547365 2.411275 6.434494 -1.797081 -5.883449 1.517925 -7.958163 -17.272754 -2.252025 -3.563833 -7.627492 -46.248756 2.236168 2.573315 4.132784 -9.906182 16.300426 -38.760986 -14.019103 11.055975 -16.741355 9.162828 -13.085427 -16.427588 10.508953 0.068685 1.796661 -0.705312 
-25.453526 103.859894 -0.244893 13.639510 31.455333 16.149658 3.549466 13.050176 -0.173616 -8.420678 2.060879 -15.686375 2.486018 20.530083 4.938708 -3.401305 3.689687 -0.143358 2.636602 14.377445 2.552439 3.474153 -0.311455 5.220225 3.578923 16.489622 2.822614 -0.716182 0.204364 -6.137509 0.576428 9.844169 3.249370 0.071780 0.804105 2.417004 3.154099 11.715840 7.150996 -1.564940 15.005881 4.895000 9.604706 -4.599738 13.835469 11.247768 19.145676 -7.280098 -25.922409 -12.317540 17.419762 -33.968819 -12.500401 -25.160407 -22.977081 -13.489619 13.424554 -1.913162 2.729870 1.822518 -1.928844 13.951391 0.948609 8.315442 1.033059 -7.330092 -7.838062 5.045134 -14.676948 19.075475 -9.469003 -1.693127 -30.880106 2.982510 12.414146 -9.930894 10.282511 -16.604767 1.690685 -9.887181 28.016869 -5.905381 -1.397631 -0.070909 5.959948 -1.517598 7.800147 28.293540 -2.585773 27.438813 -32.172203 -13.003285 31.654818 2.324995 3.175620 -0.858598 -27.171320 -30.409113 17.496513 2.961176 -1.863792 -3.309175 -14.179182 2.177799 18.548811 2.881466 6.270718 -2.023266 -5.883937 1.516867 -7.960805 -17.901690 -2.291963 -3.362496 -7.625603 -46.248631 2.243222 2.964529 4.295446 -9.405411 16.310474 -38.764599 -14.019817 11.241596 -16.643218 9.072973 -13.085588 -16.426914 10.510814 -0.184141 1.772756 -0.806454 
-27.051723 103.560257 -0.210303 13.578057 33.208311 16.089018 3.544716 13.047768 -0.179264 -7.740350 2.159499 -15.398834 2.481502 20.529831 4.941309 -3.499594 4.215775 -0.134743 2.634756 14.379092 2.546049 3.308577 0.086375 5.468901 3.585086 16.492378 2.821726 -1.134693 -0.428706 -6.335695 0.581869 9.846602 3.248898 -0.239094 0.949406 2.996411 3.157986 11.719757 7.143513 -1.440617 14.977341 5.458028 9.604087 -4.595557 13.839547 10.489320 19.832315 -7.998049 -25.916895 -12.330023 17.416019 -34.122932 -11.770034 -25.583800 -22.985594 -13.486264 13.427888 -1.655173 2.544347 1.959881 -1.920334 13.947151 0.948512 8.398163 1.279323 -6.890221 -7.840299 5.058382 -14.682968 19.510007 -9.134316 -1.665817 -30.883724 2.982583 12.413095 -10.969140 9.773433 -17.682711 1.686815 -9.885256 28.021307 -5.870986 -1.444283 -0.322486 5.956994 -1.515263 7.801721 27.941879 -2.186997 26.979971 -32.172077 -13.001598 31.659683 3.178087 3.537800 0.512103 -27.183264 -30.411617 17.496317 2.934730 -1.380558 -3.634191 -14.179682 2.172021 18.543779 2.619677 5.896091 -1.824338 -5.885880 1.514793 -7.964937 -18.760742 -2.614477 -2.641459 -7.617869 -46.252338 2.249524 3.122265 4.898437 -9.276974 16.315832 -38.771065 -14.019303 11.283026 -16.641780 9.163801 -13.082034 -16.421423 10.511123 -0.646916 1.943094 -1.040241 
-28.981716 103.275246 -0.117163 14.496858 35.581205 16.276109 3.550251 13.039989 -0.193997 -7.399223 1.779451 -15.081823 2.487736 20.527876 4.949991 -3.931256 5.005224 -0.397792 2.638335 14.384310 2.547592 3.608005 0.268153 5.839161 3.588350 16.495173 2.817104 -1.294645 -0.669963 -6.514596 0.575431 9.846347 3.249456 -0.566428 1.175173 3.157664 3.155867 11.718536 7.138029 -1.242595 14.803040 5.743031 9.601572 -4.593507 13.835206 9.743585 20.819470 -8.546184 -25.909620 -12.343909 17.415407 -34.934853 -11.405890 -25.753102 -22.991442 -13.488118 13.428678 -1.138831 2.573290 2.322790 -1.918108 13.944699 0.950412 8.692079 1.920242 -6.677105 -7.840511 5.050990 -14.685502 19.441611 -8.609804 -1.953210 -30.874857 2.981179 12.420380 -12.230200 9.523798 -19.118273 1.689166 -9.884963 28.020073 -6.297311 -1.058125 -0.230059 5.950795 -1.516298 7.804061 27.570006 -1.933692 26.990263 -32.171352 -12.998055 31.663454 4.275287 3.933744 1.386239 -27.192095 -30.411922 17.494244 2.465749 -0.335736 -4.156408 -14.175153 2.172749 18.544790 2.973680 5.644680 -2.140015 -5.881586 1.516245 -7.962930 -19.476752 -3.031146 -2.227335 -7.606374 -46.247059 2.256554 3.523548 4.990482 -8.585333 16.322880 -38.766190 -14.013625 11.948276 -16.328356 9.255133 -13.081139 -16.413889 10.507366 -0.911794 2.052182 -1.369177 
-31.156199 103.058800 0.069926 14.121888 38.085739 16.503615 3.552241 13.033970 -0.202861 -6.944004 1.814849 -14.943918 2.484568 20.527601 4.959946 -4.226971 5.681930 -0.318481 2.638466 14.383368 2.550828 3.476629 0.585223 6.332129 3.590983 16.499132 2.809487 -1.450442 -1.047897 -6.541979 0.575565 9.842164 3.248746 -0.639985 1.376030 3.662096 3.159478 11.715115 7.129126 -1.297035 14.973691 6.088937 9.597696 -4.585277 13.838175 8.825935 21.634091 -9.432278 -25.901962 -12.359416 17.406347 -35.080473 -10.978759 -26.592416 -22.997272 -13.490794 13.431865 -1.021784 2.366165 2.389788 -1.908674 13.940712 0.950915 8.678403 2.234864 -6.773353 -7.833812 5.056623 -14.686909 19.804711 -8.163832 -2.029508 -30.869797 2.977406 12.424438 -13.373427 9.455692 -20.443791 1.689768 -9.884891 28.025036 -6.395828 -1.024904 0.005242 5.945065 -1.515161 7.810065 27.379976 -1.663863 27.294046 -32.171783 -12.990606 31.661638 4.985796 4.639714 2.639457 -27.199905 -30.411549 17.490505 2.169610 0.837436 -4.803488 -14.168806 2.169344 18.538408 2.918108 5.417613 -2.218398 -5.880896 1.507817 -7.964560 -20.521983 -3.714630 -1.526872 -7.595567 -46.251823 2.260836 3.155024 5.691461 -8.269822 16.329018 -38.760841 -14.013253 12.468539 -15.822056 9.353531 -13.077865 -16.406921 10.510742 -1.204358 2.294632 -1.784436 
-33.518108 102.999512 0.377897 15.590882 40.727574 17.081082 3.553585 13.030527 -0.218737 -6.724951 1.482519 -14.933912 2.483300 20.532530 4.968118 -4.341656 6.476444 -0.641968 2.634618 14.384424 2.542234 3.357196 0.615890 7.083620 3.596832 16.506845 2.798839 -1.690663 -0.927531 -7.054768 0.574436 9.840450 3.252984 -0.889710 1.342545 4.087609 3.166905 11.715520 7.132496 -1.247963 15.028257 6.521975 9.594356 -4.571231 13.835009 7.714660 22.534923 -10.063719 -25.896461 -12.373639 17.410963 -35.593400 -10.335858 -26.219547 -22.987499 -13.489865 13.431787 -0.455207 2.525254 2.404527 -1.901068 13.942177 0.951442 8.751393 2.474237 -6.878911 -7.834830 5.054368 -14.682249 19.954755 -8.171428 -1.983870 -30.872398 2.974248 12.425645 -14.532322 9.501926 -21.702417 1.698083 -9.890574 28.024805 -6.762618 -1.100373 -0.164065 5.939204 -1.519382 7.811732 27.116640 -1.848584 27.601088 -32.174675 -12.988201 31.654991 5.583559 5.061258 3.746459 -27.200975 -30.407591 17.482664 1.513159 2.373010 -4.772156 -14.172606 2.165115 18.538588 3.604832 5.021081 -2.205505 -5.880521 1.508233 -7.968789 -21.230569 -4.252183 -0.760964 -7.593753 -46.253571 2.273129 2.347644 6.122062 -8.386162 16.338449 -38.760262 -14.015133 12.972147 -15.207348 9.389774 -13.068269 -16.394585 10.510156 -1.739460 2.177434 -2.225834 
-35.969154 103.136429 0.881433 16.150283 42.935191 17.425599 3.553848 13.022953 -0.231249 -6.582230 2.040569 -15.173544 2.479261 20.530632 4.971354 -4.739698 7.636099 -0.619730 2.633958 14.375355 2.543911 2.438915 0.855446 7.597342 3.597431 16.503696 2.786788 -2.354836 -1.123039 -7.438338 0.573247 9.837276 3.251969 -1.189507 1.381600 4.737930 3.176876 11.717937 7.121435 -1.102068 15.476003 6.801497 9.588065 -4.560404 13.828268 6.696116 22.991762 -10.977264 -25.883455 -12.394569 17.397631 -35.741840 -10.341875 -27.031611 -22.989847 -13.488037 13.425934 -0.152003 2.614965 2.473111 -1.892068 13.942666 0.954918 8.672787 2.252083 -6.892150 -7.824702 5.052153 -14.673309 19.892183 -8.054715 -2.281388 -30.864956 2.978197 12.424539 -15.897340 9.688171 -23.319277 1.706457 -9.897261 28.024273 -6.696243 -0.784341 0.062762 5.932904 -1.516364 7.809697 27.393797 -1.561831 28.256011 -32.175652 -12.986562 31.648958 5.207041 5.612255 4.202534 -27.205286 -30.406698 17.474783 1.599674 3.494493 -5.479282 -14.170216 2.160882 18.526773 3.552436 5.135299 -1.670757 -5.872398 1.505084 -7.966694 -21.768445 -4.937566 -0.118030 -7.587891 -46.259918 2.274481 0.642680 6.291727 -8.074491 16.336296 -38.745510 -14.011267 13.548365 -14.652151 9.679716 -13.068148 -16.384989 10.513181 -2.190371 2.410150 -2.649326 
-38.395908 103.514076 1.689875 16.990734 45.216829 17.554479 3.557051 13.015167 -0.235417 -6.982862 2.669457 -16.447442 2.471556 20.530754 4.980205 -5.592392 8.240581 -0.415180 2.626033 14.365731 2.544195 1.395916 0.415515 8.006833 3.602232 16.502464 2.777798 -2.834515 -0.642055 -7.913753 0.576881 9.832967 3.252325 -1.521966 1.386063 5.168536 3.188099 11.715075 7.124354 -0.878765 15.758780 6.879691 9.583965 -4.546460 13.825809 5.732593 23.431683 -11.909661 -25.878151 -12.408557 17.387880 -35.441886 -10.238009 -26.894114 -22.982994 -13.489377 13.421276 0.256261 2.724865 2.461898 -1.886035 13.945548 0.959337 7.652478 1.683025 -7.170974 -7.811497 5.046887 -14.655948 19.287913 -8.396720 -1.750063 -30.856951 2.982135 12.420644 -17.571015 9.605550 -25.405481 1.716469 -9.906062 28.027895 -6.995290 -0.762763 0.347290 5.931971 -1.516793 7.808501 28.102205 -2.109761 29.118490 -32.169109 -12.983720 31.637463 4.629485 5.920799 4.269832 -27.198191 -30.406878 17.470127 1.864116 4.361101 -5.398088 -14.175297 2.159841 18.525591 3.682688 5.189633 -1.604473 -5.872800 1.509186 -7.969238 -21.849019 -5.736099 0.201461 -7.583959 -46.263794 2.273038 -1.307575 6.763737 -8.495506 16.324203 -38.724934 -14.008709 14.727266 -13.849289 9.844092 -13.049680 -16.376997 10.510665 -2.624418 2.260820 -3.007116 
-40.671898 104.078537 3.018574 20.118059 46.929875 18.959458 3.571920 13.004580 -0.236559 -8.163113 3.375151 -18.132989 2.466057 20.524014 4.989184 -6.184575 9.124644 -0.404104 2.628069 14.340837 2.547544 -0.084003 0.091941 8.287439 3.606471 16.493229 2.773205 -3.545279 0.634549 -7.949682 0.569927 9.830256 3.247413 -2.740197 1.370962 5.875357 3.203937 11.710346 7.126169 -0.580358 15.872489 6.375734 9.567654 -4.522978 13.825274 3.935434 23.094447 -12.688338 -25.862658 -12.424876 17.356697 -35.301983 -10.441829 -26.008250 -22.982792 -13.485018 13.409107 0.980027 2.652443 2.492726 -1.880242 13.951048 0.959166 6.022909 0.756011 -7.612094 -7.791029 5.033973 -14.627772 17.429840 -9.055269 -1.482338 -30.842997 2.987395 12.421286 -20.042611 8.756351 -28.783305 1.722091 -9.909936 28.023165 -7.139086 -0.510467 0.672454 5.931312 -1.516843 7.796431 29.200363 -3.214851 31.334418 -32.161030 -12.989357 31.624254 2.667694 6.025711 3.254444 -27.176983 -30.409458 17.463411 2.153126 4.547875 -5.613510 -14.172434 2.154183 18.517796 3.809378 5.878671 -1.577754 -5.859699 1.516724 -7.969626 -21.730015 -6.285088 -0.012208 -7.588822 -46.261620 2.259883 -3.131817 6.790726 -8.612809 16.296431 -38.693626 -14.000407 15.615559 -13.264121 10.652944 -13.028852 -16.370443 10.512788 -2.687822 1.777962 -3.053014 
-42.661758 104.645378 5.115807 24.048876 47.966308 20.526368 3.588087 12.990220 -0.229125 -10.694669 3.947980 -20.456485 2.455896 20.523676 4.994259 -6.948718 9.635419 -0.766150 2.630719 14.313818 2.554885 -1.769097 -1.040521 8.580989 3.611630 16.474091 2.790761 -4.922598 2.500407 -8.639591 0.574797 9.833937 3.246809 -3.890406 1.465197 6.257942 3.208320 11.722254 7.134294 0.052284 15.827147 5.464142 9.552233 -4.492872 13.828817 3.033781 22.260497 -12.583452 -25.856215 -12.436666 17.325453 -34.487589 -10.578614 -23.811761 -22.983540 -13.482221 13.397252 2.007508 3.116164 2.626813 -1.884553 13.963954 0.973572 3.681317 -1.045687 -8.946421 -7.767691 5.023184 -14.596445 14.068759 -10.714331 -0.461976 -30.827898 2.991587 12.418679 -23.066415 6.655656 -33.063225 1.733571 -9.898514 28.015924 -6.702314 -0.466723 0.538491 5.940409 -1.515256 7.784824 30.707820 -4.826808 33.633118 -32.149509 -12.998102 31.603025 0.827326 5.681854 2.101472 -27.154383 -30.423235 17.467541 2.463397 3.946410 -5.325712 -14.172644 2.156662 18.503481 3.535138 6.814405 -1.678728 -5.855978 1.530044 -7.969219 -21.144702 -6.813918 -1.211512 -7.602660 -46.260738 2.231444 -3.995549 6.547213 -9.427334 16.257618 -38.658100 -14.003444 16.187560 -12.700712 11.689205 -13.003891 -16.368803 10.509301 -2.843392 1.305590 -3.495492 
-44.180996 105.000160 7.884902 26.644049 47.880941 20.621328 3.595603 12.973772 -0.206924 -13.666265 4.411174 -22.306728 2.446210 20.523113 4.991641 -7.958922 10.503661 -0.444723 2.635457 14.299052 2.569540 -2.865237 -2.247397 7.940586 3.613332 16.454779 2.802923 -6.288380 3.813618 -8.395209 0.576740 9.846298 3.234922 -5.841635 1.079449 7.076999 3.210330 11.743062 7.130026 -0.058746 16.447548 3.665983 9.542500 -4.470577 13.856093 2.743140 21.945990 -11.783885 -25.857662 -12.446622 17.289892 -33.331914 -10.132119 -21.740586 -23.008808 -13.474601 13.389503 2.558660 3.657016 3.092755 -1.906586 13.972306 0.968602 2.044123 -4.354320 -10.689664 -7.747694 5.024183 -14.570817 10.498625 -14.183743 0.233352 -30.807877 2.996555 12.417252 -25.946036 1.882465 -38.225748 1.746870 -9.895895 28.027912 -5.638261 0.566428 0.582230 5.956870 -1.500704 7.779927 32.088225 -7.774384 36.125461 -32.146904 -13.009042 31.582077 -0.244531 4.476325 1.706843 -27.155561 -30.446434 17.494328 2.852986 1.644081 -4.669738 -14.179804 2.162162 18.497932 1.952556 7.928822 -0.998766 -5.856478 1.541518 -7.968556 -20.495364 -7.038845 -4.083998 -7.609224 -46.277603 2.186346 -3.148697 6.313912 -10.493579 16.199051 -38.618641 -13.994281 16.564291 -12.312919 11.992156 -12.997640 -16.368309 10.510975 -2.828834 0.989868 -3.308195 
-45.033081 105.029106 10.788540 26.147103 48.563123 19.643037 3.579913 12.971167 -0.191351 -15.427256 3.774316 -22.919873 2.455398 20.520742 4.986954 -7.810139 11.154168 -0.073097 2.633113 14.300231 2.569057 -3.101461 -3.106903 7.421474 3.609741 16.449940 2.808432 -6.809416 4.212057 -7.663110 0.575639 9.859986 3.241136 -6.850394 0.524318 7.795309 3.199982 11.758214 7.114892 -0.744589 18.182343 2.787331 9.538122 -4.444658 13.866543 4.102466 22.097132 -10.127685 -25.870169 -12.454723 17.270014 -32.223347 -9.675028 -20.415280 -23.020035 -13.457284 13.394110 3.195375 4.329846 2.915232 -1.924760 13.959177 0.966774 2.119634 -7.223226 -13.116281 -7.726926 5.036458 -14.576918 7.790742 -19.225128 0.948012 -30.793243 3.006574 12.395374 -26.594038 -2.694244 -41.186826 1.758390 -9.890922 28.031027 -4.233450 1.874159 0.737118 5.982386 -1.477294 7.786980 32.900345 -9.787577 37.561242 -32.139828 -13.009383 31.557642 0.063849 3.898858 2.318436 -27.163603 -30.458988 17.519794 2.160783 -0.421405 -4.122643 -14.185660 2.168123 18.494184 0.440881 8.680105 -0.230446 -5.860640 1.549473 -7.969346 -19.414697 -7.073781 -7.361916 -7.613462 -46.288334 2.167725 -1.787511 6.129855 -11.710468 16.169422 -38.594254 -13.980807 16.505615 -12.511399 11.805492 -13.002350 -16.359800 10.500026 -3.476362 0.735517 -4.043565 
-45.272301 104.839043 13.285342 26.050248 51.392447 20.519702 3.559292 12.976419 -0.182990 -16.169737 3.475062 -23.105386 2.459440 20.517612 4.986850 -7.021281 11.491849 0.424772 2.636780 14.317673 2.562054 -2.724578 -3.820045 7.210451 3.604811 16.453260 2.803152 -6.183927 3.170683 -7.405316 0.579421 9.876740 3.259231 -6.424219 0.441036 8.752242 3.197166 11.764326 7.092834 -1.412340 20.004096 2.084223 9.539698 -4.439864 13.871418 6.211219 22.876546 -8.135892 -25.882408 -12.449487 17.262596 -32.084602 -10.771158 -20.871130 -23.022133 -13.442354 13.407044 4.007943 4.854912 2.505225 -1.938115 13.939452 0.958036 3.901310 -8.336382 -15.628320 -7.725427 5.046633 -14.591221 7.430459 -25.130827 -0.063802 -30.785131 3.016221 12.383634 -26.506185 -5.823966 -41.536481 1.753349 -9.889198 28.025646 -3.101239 2.835516 1.314286 6.005857 -1.475430 7.795970 33.497177 -10.976694 38.607887 -32.131935 -13.002254 31.544548 0.900835 2.474530 3.232884 -27.180590 -30.464350 17.544556 1.296146 -2.714649 -4.589587 -14.193887 2.174620 18.511854 -0.218087 8.305922 0.364862 -5.867128 1.546104 -7.967800 -18.491028 -6.237061 -9.506603 -7.611278 -46.298954 2.164707 -1.012190 5.756530 -11.417188 16.165049 -38.579594 -13.968956 16.377250 -13.380650 11.896379 -13.020279 -16.350393 10.490653 -4.099451 0.445412 -4.389894 
-45.088585 104.649887 14.983609 26.019548 54.169851 21.221207 3.547104 12.980618 -0.177874 -16.220810 3.290624 -22.393752 2.466994 20.517237 4.990603 -5.764875 11.324424 0.299277 2.635891 14.341280 2.552408 -2.549830 -4.126895 7.277142 3.602568 16.459253 2.799454 -5.706566 1.680883 -7.296471 0.580944 9.879786 3.275885 -5.422063 0.327524 8.918423 3.185398 11.767787 7.074522 -1.608155 21.345755 2.393110 9.541661 -4.433811 13.862474 8.350181 23.970655 -6.126329 -25.890299 -12.441760 17.277189 -33.252933 -11.814179 -21.046953 -23.009741 -13.433463 13.421171 4.359442 4.983522 1.863032 -1.942485 13.928607 0.951682 5.779890 -8.530513 -17.565338 -7.733115 5.056744 -14.603568 7.619448 -30.031447 -1.610242 -30.784241 3.020901 12.370197 -26.062371 -6.969151 -40.752990 1.744820 -9.880923 28.022484 -3.051949 3.046736 1.100711 6.018959 -1.471784 7.805448 33.185601 -12.231302 38.849044 -32.131462 -12.998833 31.539955 2.424222 1.420524 4.497575 -27.193247 -30.456268 17.552486 0.441272 -3.463016 -4.819013 -14.197106 2.169905 18.519180 0.427665 7.331757 0.744231 -5.865270 1.534780 -7.971700 -17.788270 -5.530409 -10.416973 -7.607836 -46.304153 2.177658 -0.745751 5.407751 -11.591919 16.174755 -38.582729 -13.966253 16.472273 -14.459359 11.860971 -13.039352 -16.345707 10.477364 -4.585512 0.266976 -4.119212 
-44.664158 104.622597 15.808659 26.154090 54.602629 21.051591 3.543594 12.983577 -0.179773 -16.198509 3.505060 -22.053260 2.471662 20.519957 4.993209 -4.978614 11.046462 0.613054 2.637274 14.345153 2.544912 -2.727902 -4.457173 6.953039 3.600319 16.460030 2.795476 -5.389641 0.933300 -7.126513 0.579800 9.883803 3.281008 -5.066461 0.115638 9.105254 3.185163 11.772913 7.065672 -1.677970 21.393887 2.567641 9.545816 -4.439537 13.856605 9.785411 24.146464 -4.647811 -25.885832 -12.448164 17.279192 -34.139447 -12.334619 -21.544187 -23.012245 -13.437979 13.429653 4.418843 5.321967 1.324873 -1.943131 13.927663 0.951812 6.393824 -8.775802 -17.980601 -7.736135 5.062034 -14.616546 8.717735 -32.376866 -3.242260 -30.785524 3.020213 12.374202 -25.622309 -7.334823 -39.955862 1.742559 -9.876997 28.018354 -2.699896 3.180207 1.251540 6.019404 -1.481828 7.804529 33.211242 -12.731637 38.713697 -32.140305 -13.001729 31.544123 2.505655 0.809030 5.183271 -27.198500 -30.460558 17.553675 0.690410 -3.965578 -4.931978 -14.198969 2.174942 18.523445 0.696605 6.783118 1.080979 -5.870307 1.526063 -7.971828 -17.734981 -5.127035 -10.439944 -7.607354 -46.308502 2.185572 -1.002781 5.195955 -11.601855 16.177374 -38.586090 -13.967159 16.575467 -15.252740 11.997362 -13.043777 -16.353161 10.472508 -4.661994 0.050915 -4.125911 
-43.990997 104.821632 15.767733 25.450760 53.185474 20.453881 3.543820 12.985754 -0.180341 -16.369528 3.284554 -22.051324 2.474113 20.517712 4.995922 -5.093117 10.916708 0.780926 2.641994 14.344666 2.553194 -2.705879 -4.505060 6.874406 3.600793 16.460714 2.793694 -5.023655 1.465260 -6.524881 0.577995 9.879456 3.276960 -5.186385 0.302414 8.909499 3.182461 11.769471 7.070136 -1.697198 21.432457 2.898396 9.547292 -4.440854 13.859005 9.809251 24.169287 -4.977448 -25.881058 -12.442753 17.279394 -34.739889 -12.631721 -21.462068 -23.012688 -13.437253 13.427826 4.356950 4.910527 0.955592 -1.946842 13.923064 0.949260 5.912934 -9.345530 -17.691138 -7.737090 5.061653 -14.612628 8.122905 -32.916061 -2.933749 -30.789787 3.023657 12.372021 -24.932144 -6.556924 -39.795957 1.746112 -9.878818 28.020067 -3.116594 2.952400 0.951702 6.015900 -1.481979 7.808369 33.190041 -12.934375 38.719967 -32.141094 -12.998234 31.545763 2.248113 0.407485 5.005254 -27.194229 -30.457575 17.545891 0.500170 -4.424914 -4.770382 -14.196224 2.172423 18.518175 0.835312 6.939148 0.926439 -5.870550 1.530231 -7.968897 -17.633209 -4.983645 -10.649774 -7.608086 -46.300838 2.190634 -1.176617 5.074030 -11.855631 16.180246 -38.589752 -13.969651 16.486717 -15.476326 12.094619 -13.040406 -16.352259 10.471950 -4.795338 0.045252 -3.820474 
-42.854603 105.322357 14.792067 23.870149 48.183484 19.220263 3.549603 12.986118 -0.178483 -16.316629 3.024392 -22.530240 2.468786 20.517296 4.988789 -6.036100 10.929994 0.909629 2.643843 14.332749 2.559479 -2.657816 -4.476504 6.957959 3.607323 16.460236 2.793278 -4.813744 2.318200 -5.393776 0.588831 9.870846 3.261205 -5.440078 0.393738 8.272033 3.188369 11.768996 7.089193 -1.577840 21.135646 3.150012 9.553404 -4.447130 13.865615 9.003257 23.951079 -5.820874 -25.881973 -12.434361 17.269896 -34.406443 -12.281988 -21.531586 -23.015604 -13.445303 13.415092 4.188018 4.725321 1.260470 -1.942387 13.928451 0.949814 4.852863 -10.048199 -16.275410 -7.731189 5.052733 -14.597739 7.355304 -30.843099 -1.643448 -30.798431 3.032012 12.372899 -24.782411 -4.854262 -39.836720 1.749923 -9.884196 28.023502 -3.768481 2.576267 0.637874 6.008695 -1.477895 7.805037 33.418828 -13.170480 38.503945 -32.139332 -13.003826 31.547773 1.896239 0.497230 4.515436 -27.185404 -30.472294 17.534388 0.504165 -4.022243 -4.485124 -14.197198 2.163209 18.506147 0.551721 7.870695 0.583171 -5.867138 1.534329 -7.955896 -17.452103 -5.991945 -10.300053 -7.608318 -46.300919 2.186371 -1.607183 4.927207 -12.344972 16.177750 -38.590416 -13.971753 16.476870 -14.810823 12.179542 -13.025843 -16.354774 10.481343 -4.385752 0.724210 -3.891753 
-40.844933 106.071457 12.761624 22.918198 39.509475 17.724230 3.574740 12.987300 -0.178511 -16.437176 3.108021 -22.775874 2.467264 20.515385 4.979987 -6.925824 10.315484 0.755085 2.648694 14.302804 2.581054 -2.986174 -4.355052 6.598303 3.621630 16.447998 2.791947 -5.123666 4.764658 -4.318081 0.585397 9.851185 3.232818 -6.561259 0.238361 7.702199 3.190241 11.751139 7.121739 -1.684087 19.459858 3.352581 9.554049 -4.456954 13.872917 7.003247 22.359895 -7.399865 -25.862436 -12.425950 17.262596 -34.771219 -11.942984 -20.758337 -23.014736 -13.454458 13.390525 3.362449 4.122912 1.822438 -1.930462 13.943524 0.946330 2.055108 -10.695205 -13.317704 -7.729593 5.037783 -14.576129 6.972262 -25.838435 -0.089575 -30.817509 3.036000 12.387407 -24.154710 -1.520863 -38.872061 1.754111 -9.892940 28.036034 -4.724614 2.069398 0.291244 5.979872 -1.483984 7.788332 33.043035 -12.821939 38.288941 -32.134613 -13.017673 31.552542 -0.452322 0.849752 2.815567 -27.163380 -30.475996 17.504805 1.499658 -2.956070 -3.649461 -14.197374 2.160283 18.485115 0.779413 9.128777 -0.188838 -5.861793 1.542076 -7.954956 -17.467937 -6.419300 -9.642359 -7.613165 -46.283260 2.194559 -2.531908 4.969786 -12.903173 16.172087 -38.607395 -13.977201 16.110130 -13.741551 12.863140 -13.005898 -16.367077 10.488608 -3.857759 0.847424 -2.832673 
-37.596378 106.941383 9.855189 22.166310 29.546316 15.765957 3.597231 13.003443 -0.190579 -15.584578 3.372854 -22.404074 2.458887 20.526888 4.967847 -7.076232 9.525960 0.611969 2.653856 14.287148 2.597106 -2.744510 -3.651534 6.110183 3.636542 16.446144 2.794125 -4.971121 5.895347 -3.685927 0.591520 9.826507 3.210536 -6.852893 0.473886 5.880738 3.199997 11.730203 7.159488 -0.465756 17.965592 4.168526 9.564458 -4.476163 13.872906 6.839132 21.182430 -6.906948 -25.847525 -12.415599 17.277340 -35.539158 -12.613888 -21.779812 -23.011650 -13.485646 13.376246 1.761030 3.582907 1.431303 -1.920081 13.954958 0.943506 0.328476 -9.390524 -9.957246 -7.748208 5.015680 -14.579844 8.852963 -20.054168 0.426452 -30.840479 3.033789 12.403471 -22.284399 3.609540 -34.528136 1.755948 -9.894383 28.047394 -6.103072 1.513336 0.227528 5.956512 -1.508781 7.770608 32.542634 -11.962598 37.497868 -32.152271 -13.032826 31.574989 -2.783794 0.655323 0.261270 -27.146683 -30.477610 17.481541 2.906479 -1.262269 -2.468507 -14.194594 2.154566 18.481506 1.810062 9.772311 -1.726483 -5.850756 1.538165 -7.965654 -17.495359 -6.965185 -7.761705 -7.614775 -46.274696 2.214971 -5.036805 4.295627 -13.502129 16.189688 -38.644295 -14.000878 15.903858 -13.240421 13.319749 -12.994107 -16.378693 10.500029 -3.136912 1.579512 -2.135182 
-33.175739 107.691711 6.781365 21.748466 26.467239 16.351567 3.591515 13.029920 -0.190797 -13.888697 2.963663 -21.264150 2.470397 20.529432 4.958462 -5.389316 8.076673 0.446422 2.668061 14.300236 2.589372 -1.248529 -2.459812 5.730570 3.624343 16.458279 2.797727 -3.127785 5.649045 -2.922705 0.585525 9.822217 3.208260 -5.525979 1.346343 4.461638 3.196473 11.704864 7.180945 -0.217794 17.939412 4.972581 9.583031 -4.505134 13.854524 8.975030 20.076962 -5.977556 -25.857510 -12.395329 17.310467 -35.681543 -13.968426 -23.570129 -22.988068 -13.502010 13.385147 0.587687 2.713210 0.954727 -1.907148 13.953740 0.941741 0.977775 -6.891535 -8.525967 -7.773235 5.006730 -14.617070 11.409750 -15.732758 -0.144851 -30.870979 3.034146 12.397356 -18.325174 10.055241 -26.446622 1.739110 -9.885148 28.047384 -6.796140 1.470587 0.237502 5.955136 -1.529284 7.780208 32.263491 -11.407493 36.632296 -32.166992 -13.050785 31.603317 -4.612974 1.365024 -2.148576 -27.149954 -30.463200 17.473648 3.350211 -0.705518 -1.896500 -14.197806 2.148152 18.498289 3.233903 9.434530 -2.397405 -5.835944 1.519769 -7.976409 -16.183481 -6.428347 -5.569914 -7.614482 -46.275398 2.237270 -7.487031 3.169840 -13.335938 16.233421 -38.700687 -14.007678 15.288537 -13.842396 13.969178 -13.016478 -16.394480 10.495279 -2.296378 2.184739 -1.562690 
-28.019394 108.244576 4.343107 20.850428 25.195446 17.269611 3.590151 13.065739 -0.180897 -12.492556 1.737304 -20.303395 2.485211 20.535925 4.935596 -3.751389 7.038451 0.558705 2.681408 14.329902 2.586797 -0.216730 -1.219383 5.932849 3.602334 16.469700 2.804865 -1.092903 4.252000 -2.458375 0.575854 9.830893 3.229654 -3.497461 1.511691 4.179747 3.194181 11.691734 7.180598 -1.544488 18.964135 5.710722 9.588458 -4.545536 13.842651 11.527101 20.042975 -4.097235 -25.879242 -12.357048 17.349804 -35.650855 -15.306797 -25.142466 -22.969805 -13.511340 13.404301 -0.373076 2.342256 0.795160 -1.895239 13.953200 0.945100 3.068646 -4.778987 -7.959353 -7.807940 5.007092 -14.652154 14.121894 -14.369487 -0.809700 -30.892019 3.034490 12.380874 -13.702836 13.637093 -18.726167 1.726437 -9.874974 28.033127 -6.890988 1.306024 -0.222642 5.967865 -1.535913 7.793900 32.223125 -10.925841 36.038998 -32.165936 -13.049286 31.613884 -5.905396 1.344285 -3.800080 -27.151587 -30.440359 17.486715 3.195183 -1.600075 -2.729826 -14.200460 2.141744 18.527147 4.266424 9.429925 -2.217933 -5.826588 1.513769 -7.976739 -15.036245 -5.665374 -5.003635 -7.631578 -46.286617 2.252967 -8.758084 2.664990 -12.188404 16.271769 -38.740475 -14.002733 14.935319 -15.500018 13.906392 -13.042660 -16.403833 10.498807 -1.620450 2.711335 -1.457178 
-22.747746 108.564713 2.873839 19.081144 23.970703 17.301390 3.577383 13.095838 -0.171667 -12.233568 0.979661 -20.050910 2.483414 20.551184 4.918736 -3.150120 5.893409 0.912884 2.688296 14.349317 2.579608 0.872221 -0.495634 5.403726 3.579415 16.481308 2.800413 0.753276 3.810292 -1.813733 0.572828 9.833140 3.242903 -2.137252 1.367854 3.758660 3.195038 11.689596 7.169135 -2.435582 20.017544 5.946782 9.604110 -4.577662 13.836858 13.484916 20.080534 -3.264532 -25.897814 -12.312925 17.376120 -36.009795 -17.042208 -26.657979 -22.957422 -13.511177 13.419199 -1.271252 1.794907 0.316772 -1.894902 13.943459 0.942948 5.526278 -3.983768 -8.002850 -7.827665 5.012025 -14.676959 15.925303 -14.984305 -1.165747 -30.905724 3.042310 12.370298 -8.331061 15.179276 -11.306534 1.725581 -9.875175 28.032867 -6.322683 0.657078 -0.025327 5.982528 -1.536747 7.812497 32.635747 -10.607729 34.924656 -32.177208 -13.042875 31.607456 -6.975837 0.332880 -5.436860 -27.154222 -30.430113 17.500004 3.198998 -3.213639 -3.158726 -14.201246 2.143123 18.546015 4.413229 8.671068 -2.518799 -5.838917 1.510220 -7.966203 -13.879148 -5.250818 -5.177940 -7.644031 -46.290459 2.250866 -9.111408 1.720183 -11.904962 16.294010 -38.760338 -14.022924 14.986497 -16.547460 13.011344 -13.064705 -16.412180 10.510355 -1.075322 2.536887 -1.327488 
-17.951841 108.682487 2.045070 17.677561 23.106933 17.295969 3.573749 13.128257 -0.167522 -11.731573 0.646984 -19.809721 2.481266 20.566921 4.902230 -2.659519 4.735777 0.874540 2.684693 14.352921 2.569704 1.731833 -0.039406 5.986140 3.561390 16.496342 2.802962 1.229593 3.586374 -1.839581 0.571152 9.829320 3.253714 -1.104719 0.709343 3.436014 3.187008 11.687508 7.169967 -3.470770 20.824646 5.936473 9.612457 -4.590317 13.836313 14.506880 19.880563 -1.486716 -25.902887 -12.283498 17.393147 -37.848674 -18.608461 -27.042927 -22.945995 -13.509507 13.431784 -1.877790 1.743988 -0.625900 -1.892126 13.941904 0.941264 7.174514 -3.777057 -8.479082 -7.833163 5.024628 -14.688877 17.573602 -16.487144 -1.717304 -30.918873 3.044302 12.361338 -4.101525 14.934033 -5.394105 1.725979 -9.870358 28.018961 -5.658650 0.101973 0.179217 5.982395 -1.548657 7.817873 32.612886 -10.312292 34.627471 -32.192970 -13.046475 31.599106 -8.056652 -0.348238 -6.691652 -27.147511 -30.413858 17.497885 3.122518 -4.145728 -3.724440 -14.204947 2.142463 18.552225 4.098751 8.231338 -2.742096 -5.851494 1.513749 -7.946727 -12.927175 -4.711775 -5.027300 -7.666296 -46.283569 2.248970 -9.151203 1.143342 -11.889952 16.306248 -38.771641 -14.045566 14.639042 -16.601647 12.346739 -13.075064 -16.412901 10.521642 -0.669339 2.379012 -1.429290 
-13.843610 108.587517 1.459548 17.403196 23.405103 17.801577 3.548952 13.141644 -0.162165 -10.675542 0.644241 -19.473211 2.463815 20.569626 4.900633 -2.615954 3.717695 1.055100 2.671691 14.348273 2.560934 2.279415 0.457355 6.294115 3.539268 16.508129 2.801711 1.441654 3.238293 -2.060203 0.572392 9.824416 3.269085 -0.555274 -0.143487 3.106068 3.176682 11.699644 7.164785 -4.066317 22.259129 5.952979 9.626672 -4.595353 13.826557 15.535950 20.216935 -0.600779 -25.892467 -12.264605 17.399260 -39.608960 -19.967706 -28.221111 -22.937138 -13.505032 13.436854 -1.431006 1.420704 -1.941684 -1.900345 13.931719 0.937028 8.401260 -3.696658 -9.180126 -7.832717 5.037871 -14.697623 19.425505 -17.745964 -2.615550 -30.919363 3.044965 12.346731 -0.676964 13.911051 -0.410721 1.730954 -9.858264 28.007030 -4.804681 -0.458868 0.844281 5.985116 -1.555753 7.823536 32.458111 -10.236527 33.973375 -32.200832 -13.049296 31.590601 -8.463734 -0.132608 -6.970637 -27.141176 -30.395697 17.500858 3.479814 -5.019314 -4.707635 -14.205082 2.147119 18.552023 3.808399 7.365259 -2.994469 -5.865583 1.509210 -7.928102 -12.371803 -4.474173 -4.387985 -7.677958 -46.269966 2.243560 -9.445247 0.474199 -12.304849 16.319485 -38.770763 -14.075093 13.826430 -16.512177 12.138463 -13.077682 -16.399830 10.525237 -0.287687 2.224484 -1.692295 
-10.356152 108.313866 0.902281 17.106690 23.989894 18.666596 3.527443 13.150303 -0.160447 -10.267988 0.157363 -19.780586 2.446271 20.579014 4.901284 -2.598772 3.707330 1.471032 2.659110 14.351556 2.564094 2.940853 0.960794 6.966658 3.522381 16.525339 2.800670 1.248670 2.352311 -2.581972 0.581018 9.814580 3.285727 -0.351579 -0.315477 2.979236 3.171228 11.699327 7.157753 -4.638592 23.750583 5.576440 9.632437 -4.592089 13.819943 16.656335 21.230694 -0.282744 -25.879078 -12.262593 17.397257 -41.998137 -21.566514 -29.103002 -22.943953 -13.496499 13.446068 -1.063822 1.351307 -3.398540 -1.911656 13.923787 0.931455 9.251880 -4.000493 -9.804981 -7.825952 5.044907 -14.704956 21.856592 -18.972459 -3.560468 -30.920191 3.038122 12.338641 1.486547 12.855307 3.794077 1.733119 -9.845651 28.004591 -4.181829 -0.583586 1.775785 5.985734 -1.562679 7.828788 31.978751 -10.558520 33.330271 -32.209087 -13.051382 31.588383 -8.607076 0.104244 -6.572581 -27.153490 -30.388992 17.505022 3.986573 -6.163883 -6.061163 -14.211752 2.153452 18.555283 3.758364 6.437599 -3.370907 -5.881719 1.512433 -7.907900 -12.379375 -4.317610 -3.857261 -7.686219 -46.267582 2.240120 -9.920176 0.415334 -12.581270 16.330097 -38.775143 -14.097515 13.073967 -15.876964 12.280281 -13.088058 -16.394627 10.532957 -0.569252 2.204484 -2.313905 
-7.274334 107.867226 0.303504 17.651999 25.381299 19.977057 3.508391 13.156651 -0.164648 -9.390332 0.696733 -19.585141 2.436283 20.590181 4.902603 -2.459072 3.820388 1.481835 2.646020 14.355497 2.568751 3.047712 1.354258 7.222243 3.516513 16.530397 2.800273 0.821757 0.999707 -3.593609 0.581091 9.817046 3.297220 -0.082508 -1.006143 3.121438 3.165792 11.716915 7.139629 -5.132840 24.887031 5.149784 9.637578 -4.587940 13.815195 17.423951 22.272914 -0.538183 -25.863962 -12.266328 17.394741 -44.749828 -23.000503 -29.533502 -22.952259 -13.484214 13.455221 -0.480752 0.909937 -4.826793 -1.916914 13.915023 0.929982 10.168783 -3.664663 -10.211903 -7.822677 5.056163 -14.707773 24.241624 -19.733123 -4.824336 -30.916805 3.026651 12.343658 3.351166 11.714130 6.778552 1.736364 -9.843083 28.001814 -3.569110 -0.901666 2.469183 5.978521 -1.575048 7.834124 31.276628 -10.393851 32.808718 -32.217346 -13.047947 31.588375 -8.410698 0.336411 -6.037938 -27.155184 -30.375776 17.512669 4.348300 -7.273555 -7.123847 -14.210837 2.158569 18.564770 4.143418 5.594195 -3.504064 -5.894633 1.514105 -7.889022 -12.921784 -3.535446 -2.996709 -7.695547 -46.275719 2.239493 -9.764462 0.404763 -12.435433 16.342373 -38.777977 -14.107901 12.445715 -15.915266 12.154898 -13.100618 -16.382410 10.537964 -1.008841 2.338403 -2.915526 
-4.434998 107.308014 -0.332728 18.719539 26.413897 21.318192 3.486706 13.161841 -0.170138 -8.403102 0.893216 -19.230761 2.429711 20.595284 4.897274 -2.286428 4.147272 1.574988 2.638058 14.363668 2.567694 3.176719 1.459797 7.845124 3.514728 16.527533 2.804489 0.250800 -0.195299 -4.697713 0.584684 9.817554 3.312958 0.367309 -0.999286 3.489701 3.161285 11.729757 7.126856 -5.932092 25.589679 4.208376 9.638821 -4.584891 13.817213 17.548704 23.863542 -1.257636 -25.848141 -12.282105 17.394001 -47.447501 -24.103915 -29.517001 -22.962212 -13.465117 13.464985 0.243567 0.906674 -5.740370 -1.923726 13.916830 0.923334 11.091885 -3.341506 -10.277169 -7.810266 5.059240 -14.713146 26.572460 -20.230281 -6.083690 -30.918835 3.025891 12.354663 4.876989 10.650858 9.097250 1.736238 -9.831841 28.006372 -2.848522 -1.043656 2.630343 5.971826 -1.584555 7.840379 30.760778 -10.317374 32.241249 -32.220783 -13.052420 31.592072 -8.044778 0.617285 -5.357257 -27.153519 -30.368402 17.520117 4.416642 -7.973008 -8.152909 -14.215224 2.160150 18.571772 4.164926 4.433003 -3.330648 -5.904347 1.514117 -7.869115 -13.335109 -2.740616 -2.139914 -7.695028 -46.282887 2.240235 -9.630794 0.755589 -12.226255 16.346668 -38.772816 -14.119968 12.326903 -16.040617 12.422932 -13.112986 -16.374861 10.538936 -1.748417 2.329873 -3.266340 
-1.796692 106.699036 -0.949434 20.064978 27.524580 22.192541 3.472073 13.158693 -0.177246 -7.396415 0.886662 -18.889390 2.427366 20.604609 4.900058 -2.176326 4.440696 1.294951 2.631152 14.365983 2.568058 3.302933 1.341252 7.731611 3.512491 16.526363 2.806772 -0.381445 -1.079193 -5.879818 0.582785 9.823619 3.321219 0.601229 -1.274568 3.800766 3.157519 11.740844 7.106050 -6.109290 25.694574 3.522162 9.641112 -4.579941 13.813206 18.325500 25.378444 -1.704635 -25.830505 -12.295783 17.389069 -49.449791 -24.912579 -29.459641 -22.966866 -13.452229 13.478937 0.695895 0.683483 -6.617730 -1.924639 13.912768 0.915198 11.942181 -2.827142 -10.348682 -7.806842 5.063909 -14.718983 28.722598 -19.860940 -7.334205 -30.909605 3.020799 12.363066 6.117903 9.772954 10.924099 1.741888 -9.826775 28.008310 -1.545664 -1.171187 2.788896 5.959997 -1.597099 7.839775 30.140146 -9.885445 31.743816 -32.221451 -13.052150 31.593098 -7.468489 0.869755 -4.569984 -27.150404 -30.358974 17.530884 4.678359 -8.960175 -8.802461 -14.212906 2.166720 18.580362 4.339997 3.313684 -3.185781 -5.919075 1.516155 -7.859476 -13.982435 -2.191913 -1.767809 -7.697635 -46.286919 2.242307 -9.004826 0.568692 -12.043293 16.348488 -38.768978 -14.127933 12.175622 -16.411999 12.244959 -13.124280 -16.370901 10.538157 -2.414851 2.341995 -3.389527 
0.589157 106.113327 -1.474561 21.118163 28.188198 23.206760 3.462373 13.154263 -0.189777 -6.738130 0.627653 -18.247071 2.425650 20.606691 4.899921 -2.438358 4.758830 1.148337 2.633341 14.372639 2.564481 3.434921 1.303540 7.330621 3.517812 16.521570 2.811287 -0.620771 -1.598978 -6.767869 0.582896 9.830384 3.325132 0.982977 -0.966347 3.868966 3.154495 11.750797 7.090005 -6.664699 26.128472 2.915358 9.645911 -4.578559 13.813811 18.509456 27.070160 -1.947643 -25.815306 -12.302183 17.382721 -51.462569 -25.171583 -29.369270 -22.978563 -13.442466 13.485463 0.999773 0.506218 -7.270903 -1.925807 13.911316 0.913136 12.824998 -2.337038 -10.136574 -7.804105 5.063249 -14.712569 30.675575 -19.738179 -8.622193 -30.901989 3.016586 12.374919 7.483879 8.733478 12.685803 1.743700 -9.818841 28.009491 -0.637556 -1.461146 2.957147 5.951629 -1.610148 7.838864 29.889345 -9.539946 31.066740 -32.224331 -13.056028 31.590809 -6.285887 1.218472 -3.812314 -27.141520 -30.349052 17.537876 4.307265 -9.729920 -8.959892 -14.205415 2.167740 18.587358 4.497318 2.108330 -3.268766 -5.934064 1.516152 -7.841445 -14.767108 -2.000849 -0.893690 -7.687336 -46.287258 2.238873 -8.282079 0.645312 -11.736101 16.345547 -38.763985 -14.141228 12.029554 -16.745554 12.150071 -13.133330 -16.364700 10.538118 -2.825234 2.297146 -3.356892 
2.557622 105.631165 -1.871635 22.662154 29.012437 24.124355 3.459994 13.158226 -0.194618 -5.818824 0.507396 -18.045266 2.429151 20.601997 4.904850 -2.339730 5.074161 1.055718 2.636125 14.377966 2.556463 3.698907 1.288718 7.347682 3.509604 16.519482 2.811193 -0.874780 -2.026512 -7.038389 0.584531 9.831899 3.326920 1.376941 -0.657788 3.952829 3.149736 11.753466 7.084876 -7.352342 26.406468 2.770440 9.655236 -4.578922 13.811074 18.559671 28.482416 -2.446703 -25.803732 -12.304636 17.385891 -52.447120 -25.425480 -29.210267 -22.969820 -13.431551 13.491363 1.322187 0.462096 -7.877052 -1.933258 13.909746 0.904585 13.479407 -1.846490 -10.193347 -7.804964 5.062603 -14.713539 32.010921 -19.698906 -9.432598 -30.898813 3.013971 12.374490 8.508845 8.284825 13.674923 1.743434 -9.818132 28.003767 -0.449620 -1.997908 3.412064 5.946249 -1.619200 7.839403 29.026333 -9.847032 30.921376 -32.222404 -13.058994 31.588045 -5.237533 1.684674 -3.141990 -27.127752 -30.334848 17.540272 4.084851 -9.483637 -8.788303 -14.199721 2.170129 18.590006 4.774681 1.297325 -2.975266 -5.934144 1.515638 -7.838817 -15.563090 -2.089744 -0.517112 -7.680393 -46.277210 2.244723 -8.077169 0.872550 -11.731074 16.342354 -38.759007 -14.141009 12.280477 -17.121223 11.999984 -13.138650 -16.353624 10.529060 -3.175983 1.913637 -3.062739 
3.877671 105.316055 -2.109330 23.232885 29.248229 24.178204 3.460479 13.154032 -0.197517 -5.475597 0.315441 -17.721033 2.431102 20.603252 4.901208 -2.825672 5.320710 0.934603 2.636551 14.379689 2.552200 3.641917 1.376713 7.008430 3.510362 16.523077 2.810972 -1.134548 -2.338841 -7.459577 0.583365 9.832195 3.334143 1.676929 -0.859090 3.502268 3.147103 11.758902 7.080496 -7.313361 26.442698 2.764358 9.656024 -4.578773 13.808404 18.660862 29.625700 -2.358949 -25.800388 -12.304667 17.387627 -52.950348 -25.319445 -28.945676 -22.967674 -13.426844 13.492483 1.245338 0.561659 -8.029482 -1.932340 13.906658 0.902176 14.160600 -1.380850 -10.346943 -7.809880 5.062338 -14.713890 33.174844 -19.301222 -9.897146 -30.893961 3.017699 12.376239 9.301930 7.906179 14.339596 1.748306 -9.818690 28.000118 0.205642 -2.267995 3.151279 5.947053 -1.622963 7.840439 28.808491 -9.566416 30.701205 -32.214622 -13.064171 31.588165 -4.225241 1.595171 -2.585058 -27.119692 -30.326977 17.551027 3.672385 -9.814966 -8.738375 -14.195864 2.163474 18.596321 5.213711 0.565434 -2.789360 -5.940342 1.515811 -7.833597 -15.991411 -1.906798 -0.433686 -7.672777 -46.279232 2.241558 -7.266682 0.680780 -11.390327 16.342924 -38.756592 -14.151699 12.446778 -17.236168 11.593135 -13.141818 -16.350668 10.523022 -3.408505 1.835721 -2.699611 
4.332386 105.197327 -2.184684 23.612225 29.363308 24.607770 3.457456 13.152110 -0.197014 -5.168663 0.311157 -17.793671 2.429252 20.597759 4.904725 -2.506704 5.384233 0.803394 2.639100 14.381385 2.551844 3.731396 1.313055 6.934982 3.508564 16.519209 2.813304 -1.429339 -2.555171 -7.542808 0.585234 9.830862 3.334149 2.052918 -0.911451 3.591192 3.149210 11.761850 7.081239 -7.028814 26.885047 2.875224 9.651110 -4.582801 13.807616 18.068842 30.053099 -2.889041 -25.796604 -12.305846 17.385284 -52.913267 -25.281634 -29.042190 -22.967844 -13.426739 13.496758 1.615660 0.262926 -8.025670 -1.932752 13.910051 0.901314 13.768850 -1.207317 -10.227487 -7.810308 5.062870 -14.713892 33.416823 -19.263640 -10.115430 -30.898476 3.016061 12.375913 9.670073 7.800320 15.003549 1.746107 -9.817316 27.999428 0.183152 -2.452754 3.321277 5.946276 -1.625632 7.842533 28.408181 -9.601935 30.688996 -32.216583 -13.068015 31.588806 -4.011649 1.461991 -2.633303 -27.116362 -30.327219 17.546780 3.999752 -9.697048 -8.797392 -14.200205 2.164673 18.594187 5.207374 0.685212 -2.725410 -5.937917 1.517950 -7.835577 -16.152533 -2.214631 -0.204386 -7.670543 -46.278809 2.238345 -7.550107 0.519119 -11.386055 16.340483 -38.753025 -14.150298 12.344589 -17.632787 11.702421 -13.145414 -16.347689 10.520325 -3.408471 1.965418 -2.818433 
3.824831 105.301788 -2.095392 22.941316 29.230857 24.075976 3.458471 13.155581 -0.193760 -5.590734 0.261377 -17.965025 2.431813 20.604357 4.898625 -2.627883 5.326800 0.855674 2.636048 14.383002 2.555540 3.644434 1.398431 6.995220 3.507558 16.515224 2.815443 -1.110564 -2.342402 -7.508009 0.586481 9.832403 3.330096 1.829325 -0.704703 3.623755 3.149143 11.758017 7.078307 -7.347129 26.657634 2.699885 9.651741 -4.580484 13.805704 18.303082 29.729119 -2.701233 -25.801800 -12.302680 17.387966 -52.613879 -25.408917 -28.902745 -22.964672 -13.425014 13.497705 1.451353 0.489669 -7.922263 -1.928691 13.905134 0.904123 14.077432 -1.468441 -10.256402 -7.808697 5.063703 -14.714567 33.150480 -19.294412 -9.902194 -30.892117 3.018161 12.374606 9.452660 8.015651 14.430320 1.743242 -9.815773 28.002268 0.146467 -2.194309 3.276416 5.952691 -1.621448 7.844085 28.728244 -9.348778 30.573177 -32.213345 -13.062581 31.582949 -4.328324 1.464501 -2.707552 -27.118505 -30.332487 17.547945 3.851386 -9.763794 -8.918645 -14.200069 2.161771 18.594791 5.161636 0.692801 -2.820201 -5.938828 1.515323 -7.834520 -15.903426 -2.026474 -0.561530 -7.671769 -46.278908 2.241799 -7.509394 0.732032 -11.547961 16.341667 -38.750439 -14.151252 12.322843 -17.493923 11.714041 -13.142262 -16.349150 10.524502 -3.365935 2.060898 -2.875962 
2.463540 105.608566 -1.849194 22.195405 29.139233 23.946505 3.456876 13.156032 -0.193654 -5.852151 0.556020 -18.082120 2.427335 20.604254 4.902544 -2.370351 5.022850 1.020530 2.634953 14.380460 2.557296 3.596893 1.306237 7.267966 3.510318 16.514990 2.812441 -0.812876 -1.970365 -7.180852 0.583955 9.830849 3.330999 1.863000 -0.892051 3.719010 3.153316 11.759035 7.084782 -6.833653 26.413544 2.863028 9.648677 -4.577909 13.807509 18.468925 28.538776 -2.585498 -25.806381 -12.303568 17.385620 -52.051656 -25.281494 -29.184387 -22.969305 -13.432651 13.492565 1.343873 0.374318 -7.921897 -1.931978 13.909325 0.913663 13.560216 -1.872178 -10.229067 -7.806879 5.065380 -14.714535 31.929461 -19.629106 -9.252202 -30.897903 3.017747 12.375243 8.703446 8.296357 13.616581 1.746335 -9.818226 28.007618 -0.286510 -2.106962 3.081375 5.947001 -1.617281 7.842987 29.156548 -9.470749 30.632121 -32.222523 -13.056767 31.591484 -5.131715 1.452445 -3.085833 -27.129726 -30.338783 17.540016 4.192312 -9.733015 -8.894460 -14.203776 2.164935 18.588575 5.006503 1.243105 -3.091877 -5.935753 1.516229 -7.838679 -15.395287 -2.003330 -0.597073 -7.679157 -46.280624 2.243015 -7.772684 0.691724 -11.513647 16.347071 -38.756489 -14.144212 12.058655 -17.238371 11.935972 -13.137055 -16.355167 10.527408 -3.240566 2.211856 -3.174592 
0.486528 106.068382 -1.460030 21.143578 28.481672 23.206517 3.464617 13.155543 -0.184778 -6.600955 0.577761 -18.162047 2.430650 20.603514 4.904324 -2.303520 4.801345 1.323735 2.631351 14.367229 2.561121 3.573945 1.531913 7.301264 3.510221 16.516279 2.807432 -0.496794 -1.648333 -6.526973 0.579307 9.828146 3.325105 1.009079 -0.918031 3.877037 3.150482 11.747412 7.092132 -6.913351 25.892267 3.039099 9.646164 -4.579540 13.808141 18.447468 26.761820 -2.157759 -25.817242 -12.304327 17.384527 -51.375488 -25.457491 -29.245818 -22.969479 -13.435506 13.481894 1.110690 0.451548 -7.327242 -1.931940 13.905718 0.912280 12.829598 -2.265184 -10.194304 -7.801242 5.067111 -14.719694 30.424060 -19.539575 -8.563778 -30.902786 3.016085 12.372029 7.676053 8.747912 12.247033 1.736848 -9.817442 28.005768 -0.873742 -1.627325 3.094574 5.952980 -1.610857 7.839517 29.420787 -9.402546 30.992933 -32.222977 -13.056863 31.590237 -6.247334 1.588837 -3.789399 -27.140705 -30.343811 17.529535 4.442701 -9.503169 -8.852935 -14.203389 2.161663 18.586197 4.634539 2.092377 -2.970190 -5.927655 1.510971 -7.844180 -14.627115 -1.918699 -0.766747 -7.685122 -46.275318 2.239931 -8.327695 0.818329 -11.924410 16.345453 -38.764301 -14.133928 11.967710 -16.730145 12.271765 -13.138167 -16.361109 10.533507 -2.684874 2.246000 -3.040789 
-1.866798 106.614677 -0.960035 19.969699 27.633294 22.373427 3.476243 13.160028 -0.179001 -7.417021 0.823833 -18.665548 2.428670 20.596405 4.900214 -2.155769 4.491980 1.475568 2.634816 14.365659 2.566386 3.463664 1.463417 7.698842 3.512461 16.522568 2.806022 -0.033776 -0.788857 -5.673805 0.585356 9.823819 3.315462 0.717835 -0.705452 3.714573 3.155354 11.741810 7.109549 -6.287075 25.717570 3.542158 9.643270 -4.580786 13.810610 18.195060 25.445404 -1.523862 -25.827024 -12.291944 17.388119 -49.454637 -24.739311 -29.438047 -22.969913 -13.455314 13.473915 0.744125 0.627820 -6.768859 -1.926025 13.911235 0.917950 11.863531 -2.929493 -10.153435 -7.806720 5.063255 -14.713829 28.670624 -19.804472 -7.446378 -30.906116 3.018703 12.364759 6.057517 9.677435 10.765407 1.741338 -9.824284 28.005926 -1.764589 -1.372097 2.763245 5.958570 -1.598105 7.831090 30.080689 -9.793789 31.391573 -32.220688 -13.054178 31.594315 -7.067090 1.015430 -4.231000 -27.148811 -30.358261 17.522861 4.747322 -9.013860 -8.512645 -14.209584 2.163132 18.579182 4.337667 3.349869 -3.154635 -5.913515 1.514220 -7.855261 -14.336084 -2.206205 -1.282249 -7.691405 -46.277325 2.239128 -8.792674 0.877597 -11.914206 16.343361 -38.768368 -14.124089 12.042844 -16.198070 12.418925 -13.125428 -16.370802 10.534822 -2.136152 2.322064 -3.363128 
-4.430852 107.177086 -0.393380 18.821539 26.509735 21.090011 3.489942 13.156942 -0.172897 -8.233187 0.643961 -19.359295 2.430631 20.595858 4.900183 -2.259066 4.199859 1.438241 2.639380 14.360659 2.566151 3.544208 1.319309 7.658796 3.510801 16.528028 2.806995 0.128226 0.133113 -4.777437 0.585225 9.819570 3.306492 0.540183 -0.932301 3.378235 3.157785 11.733137 7.128150 -5.558603 25.142232 4.327616 9.638339 -4.584631 13.811677 17.569465 23.596258 -1.457834 -25.849329 -12.276371 17.392654 -47.002797 -23.796340 -29.532420 -22.961191 -13.464737 13.463273 0.190068 0.911037 -5.750018 -1.923548 13.914767 0.923514 11.090869 -3.202256 -10.199096 -7.813749 5.060960 -14.709255 26.373041 -20.070366 -5.985827 -30.913179 3.021951 12.348742 4.889358 10.472351 8.662588 1.736217 -9.830359 28.002113 -2.523746 -1.160712 2.577438 5.967668 -1.583808 7.832307 30.550521 -9.975982 31.915278 -32.220169 -13.053318 31.591320 -7.483589 0.926024 -5.132989 -27.151798 -30.369720 17.517817 4.321538 -8.065177 -7.766011 -14.211258 2.158851 18.570459 4.137482 4.189852 -3.530874 -5.907345 1.516407 -7.867921 -13.464456 -2.818609 -2.143741 -7.694827 -46.277233 2.239787 -8.702120 0.724943 -12.292251 16.341103 -38.776695 -14.120039 11.999630 -15.872409 12.306332 -13.112474 -16.373707 10.537381 -1.551676 2.390583 -3.143943 
-7.136127 107.666405 0.172436 18.002562 25.476404 19.999818 3.504740 13.153710 -0.165445 -9.389169 0.799611 -19.431472 2.440765 20.584999 4.903055 -2.227751 3.573511 1.482774 2.646925 14.354778 2.567194 3.235869 1.274739 7.424812 3.514309 16.525810 2.801922 0.700760 1.154891 -3.923662 0.580460 9.818308 3.300000 -0.110387 -0.974202 3.289266 3.161840 11.716436 7.141317 -5.261500 24.164451 4.835711 9.638455 -4.588790 13.814226 17.306171 22.101705 -0.973412 -25.860163 -12.268073 17.401867 -44.481740 -23.012278 -29.108098 -22.950323 -13.480165 13.453607 -0.305942 1.043574 -4.667024 -1.918987 13.915654 0.925901 10.202106 -3.473929 -10.178779 -7.819180 5.055988 -14.707799 24.387409 -19.428319 -4.987069 -30.916431 3.028980 12.344518 3.426349 11.408970 6.470753 1.736027 -9.841256 28.002176 -3.201427 -0.943294 2.265520 5.975143 -1.574903 7.828636 31.204088 -10.000094 32.383996 -32.214260 -13.051622 31.586510 -8.237090 0.419289 -5.960322 -27.151796 -30.376394 17.513529 4.331504 -7.309786 -6.893834 -14.214345 2.159882 18.566380 3.847436 5.171674 -3.282701 -5.893990 1.514901 -7.887118 -12.964910 -2.862084 -2.753183 -7.694401 -46.270348 2.237876 -9.288782 0.532344 -12.333956 16.336472 -38.777412 -14.111072 12.462426 -15.892286 12.325041 -13.100035 -16.386925 10.532589 -1.019971 2.112821 -2.679447 
-9.963211 108.044395 0.691336 16.580971 24.692633 18.132074 3.524924 13.148653 -0.161765 -9.948924 0.647491 -19.669094 2.448819 20.579914 4.904862 -2.626243 3.385948 1.444130 2.654459 14.352778 2.566793 3.299108 0.988437 7.165127 3.521026 16.526630 2.806424 1.311665 2.192700 -3.172646 0.578173 9.818837 3.282442 -0.111101 -0.703524 2.924713 3.169097 11.709224 7.158093 -4.507490 23.475678 5.231327 9.630839 -4.594126 13.820630 16.450753 21.015032 -0.822933 -25.876368 -12.262962 17.400749 -41.863459 -21.645228 -28.823019 -22.944382 -13.493817 13.446797 -0.889498 1.189652 -3.490485 -1.911893 13.919747 0.935452 9.220557 -3.442302 -9.707687 -7.824285 5.048593 -14.703321 21.658871 -19.006468 -3.520388 -30.918627 3.033437 12.343027 1.595068 12.373258 3.489186 1.733821 -9.851417 28.002420 -4.108743 -1.115005 1.824901 5.980842 -1.563737 7.832652 31.872668 -9.871863 32.805983 -32.210686 -13.046021 31.588295 -8.323667 0.019479 -6.398759 -27.150433 -30.389494 17.504131 3.996338 -6.384177 -5.947943 -14.207877 2.155729 18.558323 3.570636 6.320070 -3.394028 -5.886171 1.514851 -7.906785 -12.558654 -3.780120 -3.629188 -7.689155 -46.264023 2.235133 -9.050520 0.521638 -12.536993 16.329515 -38.775646 -14.100271 12.637718 -15.909589 11.871267 -13.093338 -16.394432 10.532160 -0.528332 2.134506 -2.531187 
-12.972425 108.270851 1.140133 16.629455 23.538722 17.310503 3.542487 13.139357 -0.159733 -10.371607 0.599601 -19.380076 2.461898 20.570499 4.902359 -2.529309 3.513003 1.195270 2.665399 14.349039 2.563173 2.644309 0.432822 6.394200 3.531641 16.510015 2.801132 1.691456 3.257529 -2.243709 0.576084 9.824138 3.269281 -0.460724 -0.189762 3.005532 3.171196 11.701191 7.159647 -4.386518 22.285620 5.572548 9.626667 -4.596651 13.823921 16.004943 20.024800 -1.020665 -25.886652 -12.262891 17.399866 -39.654449 -20.358204 -28.580628 -22.939110 -13.500224 13.438032 -1.278380 1.389647 -2.266264 -1.909665 13.924838 0.937751 8.659036 -3.537289 -9.416114 -7.828093 5.040277 -14.698633 19.696158 -17.743032 -2.706574 -30.915707 3.037149 12.346618 -0.429634 13.271982 0.019884 1.733112 -9.864478 28.004786 -4.780504 -0.940363 1.339124 5.985558 -1.555535 7.829939 32.119996 -9.772340 33.326078 -32.197697 -13.044396 31.591309 -8.054126 -0.181661 -7.092399 -27.144232 -30.394531 17.501135 3.558583 -5.345669 -4.760648 -14.202161 2.149851 18.548286 3.393263 7.068438 -3.036526 -5.873145 1.511001 -7.922513 -12.487029 -4.130100 -4.475366 -7.680868 -46.258522 2.237111 -8.951688 0.719976 -12.425861 16.320885 -38.765678 -14.079666 13.567068 -15.937389 11.563345 -13.083876 -16.403139 10.530514 -0.245102 2.230536 -1.933546 
-16.299276 108.361519 1.523973 16.847807 23.203857 17.073350 3.559250 13.125785 -0.160272 -11.152875 0.647823 -19.441701 2.473846 20.559744 4.907166 -2.599083 3.606493 0.828155 2.675109 14.360994 2.560654 2.538446 0.067259 6.080435 3.549492 16.497387 2.803446 1.561236 3.249039 -2.135593 0.571640 9.821537 3.262401 -0.021967 0.368344 3.098300 3.175022 11.691031 7.170415 -3.626968 20.909294 5.674981 9.616225 -4.595331 13.829554 14.851135 19.839220 -1.534257 -25.900795 -12.269726 17.405317 -37.707866 -19.244883 -27.361535 -22.939850 -13.501784 13.432628 -1.623078 1.592675 -0.968884 -1.903416 13.934776 0.937357 8.089767 -3.037085 -9.143907 -7.830195 5.029894 -14.694088 17.941032 -16.684120 -1.875250 -30.919256 3.040963 12.352908 -2.585434 14.312720 -3.765764 1.722998 -9.868216 28.011568 -5.428135 -0.589683 0.662943 5.986285 -1.545288 7.823273 32.264284 -9.552201 33.793597 -32.188324 -13.042687 31.594564 -7.521721 -0.164011 -7.020396 -27.144592 -30.406422 17.497696 3.226048 -4.291319 -3.979871 -14.199974 2.143192 18.542971 3.823366 7.470349 -2.528923 -5.858306 1.510841 -7.940433 -12.522517 -4.178504 -4.662172 -7.667696 -46.261761 2.240466 -8.761520 0.919021 -12.269449 16.306612 -38.761551 -14.060877 13.852702 -16.488874 11.909547 -13.081343 -16.406401 10.522514 -0.358532 2.241693 -1.569253 
-20.079927 108.315025 1.894489 16.832311 23.705828 16.481103 3.570031 13.106364 -0.162059 -11.707451 1.066220 -19.593700 2.483762 20.555986 4.914189 -2.905962 4.266708 0.603683 2.678522 14.366222 2.568010 1.780443 -0.348030 5.622774 3.569450 16.487156 2.803123 1.113598 3.119923 -2.482063 0.570328 9.830178 3.254374 -0.768649 1.071856 3.418574 3.178080 11.686760 7.168077 -3.146228 20.093151 5.535207 9.606537 -4.589446 13.839106 13.718165 19.923156 -2.683422 -25.908512 -12.289041 17.395641 -36.132158 -17.600836 -26.293795 -22.953960 -13.504850 13.427694 -1.866654 1.948448 0.407596 -1.902671 13.944718 0.939605 7.179620 -3.045102 -8.834162 -7.826564 5.022040 -14.682653 16.423840 -15.163447 -0.957326 -30.910763 3.037355 12.363586 -5.877162 14.950837 -8.439600 1.721259 -9.874002 28.025108 -5.936024 0.003988 0.170660 5.987193 -1.532964 7.821422 32.309151 -9.543406 34.347327 -32.180912 -13.033840 31.602709 -6.899875 0.244341 -6.322016 -27.151939 -30.412817 17.502645 3.067462 -3.424694 -3.243433 -14.198674 2.146340 18.543737 3.915972 8.100892 -2.333595 -5.853040 1.512581 -7.957553 -13.242045 -4.412373 -4.931509 -7.651986 -46.278088 2.241863 -8.477225 1.566332 -11.888265 16.296442 -38.754227 -14.034654 14.564398 -16.484175 12.015414 -13.074516 -16.415436 10.518599 -0.553094 2.392431 -1.207376 
-24.429798 108.175819 2.369822 18.319500 25.598193 16.584135 3.576850 13.088588 -0.180846 -11.782698 1.216462 -19.422512 2.492029 20.548780 4.925385 -3.213396 5.538196 0.617023 2.684310 14.367496 2.574212 1.046401 -0.339833 5.877247 3.586749 16.478695 2.800582 0.396258 3.000697 -2.842168 0.568412 9.836855 3.245497 -1.612020 1.434170 4.159428 3.184832 11.690153 7.168237 -2.750089 19.351538 5.572777 9.604690 -4.576321 13.841551 12.533868 20.354963 -3.917031 -25.898573 -12.323234 17.384249 -35.843074 -16.197987 -25.764655 -22.967171 -13.507594 13.418947 -1.422858 2.166770 1.312539 -1.898047 13.949636 0.949588 6.148068 -2.967539 -8.017264 -7.822671 5.018249 -14.672864 15.198918 -13.558078 -0.325238 -30.903677 3.032711 12.382654 -9.697213 15.013890 -13.709472 1.714444 -9.884398 28.029339 -6.764758 0.476376 -0.069357 5.980684 -1.530374 7.815854 32.206019 -9.456008 34.872040 -32.179657 -13.033579 31.617195 -6.156395 1.171893 -5.254583 -27.164547 -30.422718 17.495361 2.890797 -2.367622 -3.098451 -14.195345 2.144900 18.545444 4.182566 8.262939 -2.087055 -5.836785 1.511255 -7.975033 -14.436768 -5.071939 -4.651061 -7.634316 -46.291561 2.249270 -8.739719 2.213450 -11.688724 16.292524 -38.756466 -14.011370 15.330237 -16.205812 12.391954 -13.067894 -16.412706 10.510940 -1.383967 2.460620 -1.342590 
-29.396397 107.941818 3.103089 19.194413 28.753051 16.607402 3.587244 13.063111 -0.195875 -11.994100 1.378083 -19.336896 2.491069 20.541491 4.946280 -4.051062 6.921371 0.654538 2.688320 14.357425 2.582068 0.372565 -0.400742 6.525217 3.606124 16.478844 2.794363 -0.484068 3.126264 -3.677462 0.574062 9.837799 3.236410 -2.823151 2.412876 4.552742 3.190744 11.688852 7.173065 -1.555967 18.753872 5.590626 9.595429 -4.558492 13.845753 10.598998 20.899938 -5.490647 -25.887745 -12.364106 17.360678 -35.112268 -14.792685 -25.640797 -22.977259 -13.511402 13.410391 -0.783544 2.497787 1.801097 -1.897927 13.954962 0.949371 4.172592 -3.039519 -7.600808 -7.807598 5.013972 -14.661403 14.235971 -12.036720 -0.264740 -30.893223 3.025589 12.393279 -14.015015 14.259744 -19.540785 1.714784 -9.886132 28.040617 -7.755000 1.290333 -0.150460 5.966470 -1.533362 7.804215 31.888978 -8.952275 35.533636 -32.173920 -13.031846 31.630079 -5.026234 1.935217 -3.484282 -27.171522 -30.432106 17.481464 3.105456 -1.126823 -2.909964 -14.190726 2.152909 18.538202 4.726246 8.320204 -1.706793 -5.831110 1.507537 -7.989822 -15.823434 -5.863652 -3.729202 -7.614028 -46.294884 2.258222 -8.951202 2.999366 -11.803879 16.286915 -38.743305 -13.989307 15.655955 -15.380480 13.064149 -13.058580 -16.407221 10.503569 -1.956408 2.692684 -1.430806 
-34.983604 107.615952 4.262722 20.147238 34.002683 16.360019 3.598537 13.034168 -0.214757 -12.288249 2.646660 -20.133671 2.482117 20.541370 4.964116 -5.366392 8.358062 1.218293 2.674769 14.330677 2.584640 -0.805710 -0.506361 7.522845 3.629370 16.480556 2.779439 -1.761732 3.782157 -5.071169 0.579090 9.830832 3.224956 -4.633981 2.604945 5.425264 3.204384 11.694649 7.169744 -0.276206 18.153670 5.736961 9.580113 -4.523553 13.841761 7.128324 21.756138 -8.742674 -25.864471 -12.415971 17.326786 -35.462472 -13.266519 -24.920346 -22.992855 -13.506345 13.400377 0.786128 2.767598 1.483869 -1.887249 13.950067 0.959763 2.079409 -3.817558 -6.870843 -7.782657 5.012063 -14.649492 13.125985 -10.809907 -0.243470 -30.877230 3.031258 12.403304 -18.818764 12.370641 -25.833261 1.722819 -9.903832 28.055887 -8.474781 1.352986 -0.274403 5.948428 -1.527092 7.793634 32.421733 -7.913999 35.780912 -32.175655 -13.025723 31.632635 -4.379431 3.067262 -1.221958 -27.175470 -30.444836 17.465353 3.713747 0.461013 -2.833086 -14.187922 2.149808 18.524885 4.691738 8.620494 -1.464773 -5.829881 1.504979 -8.000624 -17.628653 -7.351591 -2.562108 -7.598877 -46.297722 2.270952 -9.669900 3.801442 -12.000654 16.272751 -38.726635 -13.992133 16.444527 -14.417882 13.898216 -13.030796 -16.397495 10.504838 -3.011908 2.200496 -2.265168 
-41.352844 107.139030 5.869867 22.733200 42.952710 18.468394 3.616180 13.010763 -0.223545 -14.025153 3.889523 -22.350273 2.467459 20.558363 4.973794 -6.508916 10.226053 1.711416 2.659286 14.287059 2.589065 -2.354703 -1.772212 8.199380 3.650772 16.472391 2.777594 -3.780257 4.252067 -7.864139 0.591266 9.844262 3.217519 -7.553556 3.060318 6.104583 3.234492 11.706847 7.160986 0.835338 17.626855 4.507162 9.549368 -4.483824 13.859910 3.328219 21.547073 -12.461063 -25.860691 -12.464122 17.276873 -34.294243 -11.011622 -23.019505 -23.014317 -13.496917 13.388228 2.068641 3.945689 1.413323 -1.888718 13.967264 0.980263 -1.032512 -5.327093 -6.081620 -7.746935 4.999309 -14.632312 11.062880 -11.124277 0.147487 -30.855698 3.035510 12.417832 -24.420471 7.931396 -34.114623 1.733574 -9.908774 28.075068 -8.040885 1.886325 -0.542544 5.941870 -1.509834 7.766581 33.176206 -7.057800 36.440893 -32.173046 -13.007625 31.629107 -3.983885 4.111221 1.452666 -27.166449 -30.458548 17.464184 4.207268 0.800985 -2.623137 -14.184863 2.164495 18.520758 3.982141 9.305750 -1.938924 -5.838583 1.523171 -7.996835 -19.714192 -8.547911 -1.153979 -7.595468 -46.317242 2.252975 -8.596675 4.931969 -11.348095 16.249092 -38.703766 -13.994228 17.999956 -13.799187 14.911910 -12.999576 -16.394377 10.529816 -3.723166 2.028190 -3.379092 
-48.899059 106.328888 7.621887 37.754601 62.777389 33.822766 3.614058 12.994661 -0.214542 -15.762475 4.868922 -24.221782 2.470097 20.572844 4.969410 -6.777243 12.939945 2.381999 2.659779 14.257464 2.583915 -4.188561 -2.526346 8.674180 3.647864 16.453852 2.784913 -5.915527 3.713044 -11.781460 0.587483 9.895995 3.213588 -10.302572 3.775837 7.376081 3.252633 11.745359 7.141381 1.322773 17.899575 1.631657 9.530951 -4.458773 13.865204 0.396806 21.208738 -16.874092 -25.878586 -12.499742 17.242731 -31.842427 -7.617079 -20.183265 -23.028990 -13.492231 13.384725 3.977402 5.083174 2.037772 -1.895638 13.988400 1.009098 -3.205190 -5.969970 -5.761067 -7.712379 4.989933 -14.634727 9.559488 -11.944599 -0.554272 -30.832146 3.029912 12.417082 -29.749360 1.192810 -41.418598 1.744052 -9.914485 28.095879 -7.029195 3.762386 -1.089698 5.957007 -1.477118 7.757987 33.521056 -7.314917 37.528450 -32.178722 -13.007703 31.629847 -3.446940 5.590492 3.723592 -27.161989 -30.468977 17.509697 4.974911 -0.277713 -2.494339 -14.215238 2.191158 18.534046 3.226888 9.727403 -1.630352 -5.840299 1.553583 -7.996262 -21.033499 -9.110955 -0.780487 -7.600231 -46.374252 2.212187 -7.467111 5.778097 -9.325545 16.205879 -38.702568 -13.977038 19.623968 -13.457558 15.177001 -12.990944 -16.389782 10.540914 -4.817932 1.550422 -5.166261 
-58.193810 105.011574 8.894291 100.864723 74.841306 97.605951 3.606443 13.028503 -0.221402 -15.712898 6.530530 -26.093198 2.507792 20.591017 4.964729 -6.153461 14.984335 2.130935 2.682631 14.230464 2.574840 -4.646702 -2.815150 8.984277 3.637197 16.445974 2.787601 -7.969418 0.418547 -18.151192 0.576461 9.956645 3.207672 -10.824486 6.423004 9.043011 3.238317 11.775364 7.123090 1.797562 18.642429 -1.753750 9.534584 -4.433969 13.855947 0.139109 19.691217 -18.036967 -25.896254 -12.517067 17.250362 -28.569172 -4.487594 -14.292191 -23.039415 -13.492308 13.383636 5.833457 5.226298 3.296572 -1.908613 13.987208 1.057917 -2.402753 -3.420407 -6.694879 -7.695753 5.012714 -14.670837 8.997377 -12.081105 -0.819667 -30.827141 2.999650 12.394927 -32.189657 -5.972420 -44.525542 1.739622 -9.909069 28.105816 -6.468104 6.197715 -2.201955 5.996919 -1.454398 7.761140 33.382713 -6.521503 38.642977 -32.209721 -13.030179 31.680433 -3.666124 6.679113 5.038278 -27.172453 -30.462048 17.571812 5.778545 -1.427904 -0.235164 -14.259922 2.218787 18.575155 2.725930 9.512681 -1.925999 -5.841266 1.588009 -8.006691 -22.106875 -6.940570 -0.709846 -7.588650 -46.453518 2.173368 -6.533627 6.427675 -5.781837 16.170698 -38.743130 -13.943220 21.760600 -12.541084 15.223645 -13.015848 -16.400576 10.529393 -5.868868 1.503177 -5.952894 
-69.568008 103.205025 9.213571 117.696686 73.020596 116.064926 3.608291 13.111147 -0.242917 -13.330968 8.091231 -26.201697 2.542914 20.609444 4.968522 -4.359234 14.010699 1.007066 2.679025 14.212712 2.556712 -4.603800 -4.984502 8.838828 3.658647 16.440121 2.759638 -6.007273 -3.281181 -23.514432 0.578314 9.990077 3.221626 -9.739861 7.657896 10.244515 3.216381 11.802288 7.118221 -0.690657 17.617090 -4.061440 9.571987 -4.417190 13.852383 3.137005 16.520436 -11.885624 -25.881086 -12.497545 17.282623 -24.713467 -2.097753 -7.649187 -23.029982 -13.507979 13.402840 6.543199 4.854184 4.355529 -1.906471 13.980572 1.109595 1.776436 1.124868 -6.552129 -7.694484 5.029366 -14.728133 11.243794 -12.256663 -1.392530 -30.839458 2.973578 12.395769 -30.728700 -15.245298 -41.891872 1.706143 -9.902330 28.093636 -4.919266 6.061474 -3.633151 6.017210 -1.447728 7.768159 34.715116 -2.621152 37.255222 -32.221840 -13.044580 31.737343 -5.407357 5.397781 7.633892 -27.181803 -30.415638 17.589930 6.118947 0.167281 3.197299 -14.269787 2.230511 18.649252 3.303809 11.100087 -2.511266 -5.875648 1.584429 -8.036005 -23.537803 -3.216407 -1.040766 -7.590463 -46.490932 2.176084 -4.810241 7.593481 -1.719443 16.172422 -38.823769 -13.923623 21.888005 -12.464763 15.833907 -13.027570 -16.411453 10.504689 -7.345833 1.530322 -6.381535 
-83.414124 101.310593 8.497148 89.150703 75.616792 89.828380 3.604621 13.220967 -0.238115 -10.869202 7.959262 -20.232122 2.539857 20.601377 4.965920 -1.105397 11.749933 0.899758 2.622962 14.230343 2.528580 -4.295772 -7.783710 6.282188 3.669353 16.450981 2.732751 -3.813816 -5.198921 -23.210598 0.567066 9.966507 3.230302 -7.799871 5.001666 10.670327 3.227545 11.808335 7.152205 -4.790742 13.991941 -1.994374 9.647458 -4.435257 13.870657 6.498186 13.522309 0.312541 -25.898792 -12.455152 17.339218 -18.561616 -1.947063 -4.284987 -22.988581 -13.508401 13.438403 4.553413 5.640388 3.974394 -1.905330 13.961295 1.111011 3.283971 0.620787 -6.422363 -7.727598 5.047090 -14.773786 13.621553 -19.688580 -3.748134 -30.874187 2.989292 12.413967 -26.006608 -27.195313 -36.451617 1.680985 -9.894946 28.059757 -1.651286 2.600370 -4.081844 6.028797 -1.465803 7.746702 36.008617 4.084990 31.019738 -32.241234 -13.039547 31.740723 -7.059886 1.413199 12.097684 -27.173651 -30.392843 17.572672 3.968658 5.541008 8.151700 -14.262533 2.210711 18.705338 3.086387 13.872849 -3.979313 -5.910990 1.534649 -8.071485 -25.075965 -0.738489 -3.312962 -7.619163 -46.491707 2.220615 -2.143340 8.301321 0.467556 16.220028 -38.904819 -13.956298 17.802758 -14.662195 15.324942 -13.031555 -16.400385 10.479434 -7.008004 1.392644 -3.903363 
-99.596825 99.917999 7.043882 52.652948 67.626468 53.736947 3.556570 13.230630 -0.235542 -10.522256 6.744931 -10.384114 2.505732 20.563614 4.948709 2.054530 7.108802 1.336353 2.603060 14.334907 2.507710 -7.284985 -12.825761 5.192505 3.605960 16.460140 2.734388 -3.747758 -4.851873 -18.360047 0.550456 9.897855 3.273698 -3.388560 1.627151 9.717523 3.226765 11.813809 7.170876 -8.678473 13.345201 2.225378 9.697109 -4.486985 13.864834 8.451183 8.598072 7.848383 -25.904827 -12.398799 17.428709 -12.489943 -1.385039 -3.624006 -22.912439 -13.485280 13.489198 -0.020932 6.592476 2.249378 -1.896182 13.925220 1.078412 -0.015323 -5.025964 -6.664628 -7.757101 5.064045 -14.758329 8.547594 -36.155900 -6.867746 -30.890104 3.023595 12.395057 -23.402955 -37.552025 -30.894240 1.712397 -9.852165 27.988260 -0.139924 -1.279937 -2.150478 6.043073 -1.512658 7.744559 36.720528 11.849562 19.224783 -32.252163 -13.018998 31.705116 -6.920240 -10.239716 18.861357 -27.157879 -30.330982 17.539635 0.200794 12.282125 12.671875 -14.258038 2.212305 18.682873 3.326062 14.103376 -7.446769 -5.872517 1.501736 -8.074391 -23.909402 -0.982164 -10.680310 -7.610706 -46.427589 2.265689 -2.485833 5.887487 -6.052187 16.255857 -38.872185 -14.029582 10.468512 -20.800547 14.439085 -13.034046 -16.380444 10.442762 -5.009146 2.568981 -1.270723 
-112.922699 100.180679 5.819382 39.577401 54.388414 44.535019 3.488973 13.163737 -0.230614 -7.677065 6.024649 -2.951389 2.475309 20.534174 4.923183 1.067174 2.273994 -1.587693 2.576362 14.392457 2.548998 -12.024816 -19.326889 6.877028 3.529910 16.443743 2.790435 -1.858222 -0.321025 -10.937822 0.512927 9.847496 3.332778 0.593513 -1.613156 7.053289 3.155015 11.774565 7.110939 -11.029489 11.558708 7.088052 9.689935 -4.528074 13.773604 7.518004 4.871461 6.909565 -25.820747 -12.334949 17.413286 -8.296175 -2.347141 -6.028162 -22.862621 -13.467505 13.496142 -1.892944 3.069729 -0.532380 -1.906218 13.904537 1.001805 -6.382215 -12.734217 -6.460468 -7.791629 5.095335 -14.703115 -10.745034 -46.200246 -2.801600 -30.804890 2.978626 12.346494 -23.246721 -54.040184 -28.812320 1.750633 -9.783691 27.932594 1.003718 -1.109434 2.080331 6.026578 -1.567892 7.757417 37.589488 21.237485 10.561981 -32.181503 -13.007824 31.601633 -4.029691 -25.193930 30.398156 -27.127592 -30.238974 17.527519 -0.676993 20.045248 8.394430 -14.226814 2.220976 18.609385 3.459918 10.955015 -4.619564 -5.845576 1.476603 -8.003597 -20.919609 -0.465926 -14.629336 -7.589063 -46.257378 2.223055 -1.274472 3.852984 -12.137390 16.254526 -38.716698 -14.049843 2.088487 -22.786993 14.829966 -13.089921 -16.335125 10.402205 -2.720654 1.400221 -0.829996 
-119.313744 101.767685 5.349114 34.067631 48.565848 41.660896 3.503508 13.124183 -0.220831 -8.256316 2.464244 -1.467774 2.504129 20.529253 4.915405 -0.903902 1.150927 -5.878014 2.602722 14.411588 2.574181 -14.057233 -22.727547 11.176949 3.503262 16.420322 2.810201 -0.088049 0.725955 -6.861861 0.531877 9.820580 3.338853 0.821668 -5.530960 3.741956 3.095648 11.768839 7.108508 -13.629132 9.416589 9.357274 9.677467 -4.550416 13.740660 8.168210 0.300190 8.162971 -25.745012 -12.288818 17.410690 -4.216175 -2.555068 -3.971200 -22.868145 -13.450456 13.471285 -1.358156 1.410447 -2.251483 -1.961062 13.910435 0.963920 -11.343532 -20.711295 -1.636500 -7.776897 5.089162 -14.701923 -30.561487 -46.799630 3.340047 -30.765284 2.970329 12.365651 -25.693138 -64.067304 -27.840348 1.719488 -9.773057 27.931374 0.774046 -1.371659 5.697204 6.007705 -1.558403 7.775238 36.755649 26.466992 7.867958 -32.147503 -13.032269 31.512049 -7.419586 -36.939439 46.373132 -27.070038 -30.203279 17.507673 -1.877493 25.131010 5.980958 -14.186396 2.197007 18.572086 2.874328 7.907046 -1.724190 -5.877875 1.474973 -7.917740 -20.129317 -0.914683 -14.937851 -7.571392 -46.105709 2.189535 0.759223 3.266279 -14.280453 16.268826 -38.674782 -14.054811 -0.858115 -20.407318 14.599543 -13.134237 -16.339319 10.425103 -1.731266 1.726949 -1.235669 
-121.365723 102.829941 5.159678 30.712943 46.610556 38.975494 3.523441 13.108162 -0.208010 -8.470596 0.627535 -0.898153 2.518364 20.504372 4.894291 -2.395954 1.201532 -7.619589 2.610255 14.423919 2.576906 -15.213627 -24.783097 14.191967 3.487759 16.411392 2.804564 0.564195 0.462747 -5.687929 0.571639 9.796786 3.340349 1.180810 -6.288408 1.403292 3.070897 11.753996 7.101394 -15.296589 9.144631 10.853063 9.662066 -4.563616 13.731013 9.912076 -0.937007 9.522712 -25.706398 -12.271313 17.414827 -1.630285 -2.115721 -3.620002 -22.862381 -13.438451 13.453861 -1.611512 0.565960 -2.777789 -1.988741 13.899304 0.944728 -15.337255 -24.574044 3.322931 -7.760055 5.086213 -14.702941 -39.200822 -46.673411 6.308887 -30.744692 2.974283 12.373018 -27.808389 -67.431780 -27.153834 1.709103 -9.798958 27.925896 0.093316 -2.189224 7.265598 5.999256 -1.561071 7.772324 36.284977 28.888019 6.676372 -32.122120 -13.035586 31.465578 -13.970442 -43.121904 58.325390 -27.040026 -30.177818 17.504171 -2.617582 27.012913 4.851293 -14.165079 2.191162 18.536701 2.275737 5.693086 0.148767 -5.891075 1.471835 -7.873083 -19.014424 -2.071327 -14.512610 -7.561590 -46.005711 2.178090 0.018220 2.591656 -15.427845 16.279011 -38.656162 -14.060653 -0.219286 -18.625610 13.795646 -13.151851 -16.356798 10.442856 -1.854644 2.261680 -1.556346 
-122.033577 103.397987 5.089365 29.950195 45.900401 38.342168 3.542677 13.100456 -0.213379 -8.820765 -0.089950 -0.964209 2.529999 20.498255 4.887735 -3.081468 1.760043 -8.392920 2.617221 14.428866 2.575114 -16.383090 -25.387677 15.706266 3.487302 16.410666 2.796569 0.645854 0.200951 -4.854149 0.585688 9.784069 3.336029 1.351656 -6.515564 0.562224 3.061969 11.750162 7.103508 -15.882638 8.490630 11.927559 9.653681 -4.568542 13.723766 10.424041 -1.731787 9.692167 -25.682383 -12.265593 17.420490 -0.851333 -2.145495 -3.181765 -22.853268 -13.435373 13.448375 -1.682622 -0.136534 -2.855475 -1.992410 13.898686 0.943407 -17.657945 -26.009070 6.630098 -7.753469 5.082817 -14.689761 -42.512928 -46.287055 7.298049 -30.743275 2.976396 12.382649 -28.128022 -68.214889 -28.126029 1.712901 -9.815944 27.910578 -0.213489 -2.853480 8.048251 5.989515 -1.562113 7.768968 36.131926 29.541425 5.815224 -32.115791 -13.041393 31.441181 -17.629355 -45.354843 63.323872 -27.012560 -30.160376 17.493568 -3.241426 28.030719 4.478795 -14.153990 2.187677 18.519194 2.289813 5.162125 0.729828 -5.894595 1.472242 -7.850815 -19.043003 -2.784523 -14.307358 -7.559319 -45.963619 2.179727 -0.423293 1.760699 -16.068406 16.281773 -38.651310 -14.064047 0.102455 -18.095678 13.098894 -13.149951 -16.367359 10.450287 -2.100609 2.241402 -1.281875 
-122.272316 103.705231 5.067994 29.971328 45.519157 38.910611 3.543632 13.098541 -0.212436 -8.964755 -0.247575 -0.942994 2.523069 20.493967 4.882529 -3.295415 1.947146 -8.499831 2.614885 14.436604 2.581763 -16.623787 -25.608502 16.447471 3.484005 16.415804 2.787208 0.404305 0.042089 -4.091714 0.587480 9.774902 3.341396 1.375924 -6.573430 0.519759 3.054356 11.732374 7.101103 -15.973910 8.570737 12.177507 9.654871 -4.571708 13.729693 10.551434 -1.999666 9.516040 -25.677193 -12.265201 17.424042 -0.366263 -2.392003 -2.840025 -22.849228 -13.432755 13.450155 -1.598709 -0.564635 -2.523069 -1.991155 13.893868 0.938994 -18.568506 -26.379755 7.356124 -7.756608 5.081592 -14.687433 -44.020737 -45.809935 8.254509 -30.738697 2.970860 12.381020 -27.962094 -68.357448 -28.974045 1.717034 -9.820676 27.911228 -0.576906 -2.336530 8.381525 5.994689 -1.563184 7.764639 36.102167 29.688414 6.209622 -32.116558 -13.039957 31.435997 -19.450116 -46.116601 65.553895 -27.016787 -30.154917 17.501911 -3.586517 28.696333 4.059307 -14.156043 2.189186 18.516319 1.919660 4.820675 0.875429 -5.889284 1.473116 -7.847351 -19.129908 -2.945607 -14.458018 -7.563593 -45.950871 2.185352 -0.716716 1.487317 -16.307386 16.287718 -38.646076 -14.065318 -0.236393 -17.689555 13.254595 -13.147408 -16.370174 10.453142 -1.882318 2.328887 -1.333311 
-122.355377 103.856880 5.062412 29.874742 45.556279 39.032912 3.544873 13.097184 -0.212433 -8.713852 -0.045902 -1.177446 2.526184 20.488022 4.890328 -3.397840 1.794664 -8.744633 2.617522 14.433731 2.577994 -17.128458 -25.513581 16.738869 3.485976 16.419092 2.783888 0.272627 -0.444076 -4.210170 0.589551 9.773780 3.345626 1.392155 -6.759090 0.687724 3.060116 11.733255 7.108278 -16.314988 8.462481 12.365703 9.650676 -4.578301 13.727507 10.462628 -2.029973 9.655014 -25.674288 -12.263829 17.417633 -0.113603 -2.251046 -3.205316 -22.851727 -13.434281 13.445327 -1.799727 -0.764954 -2.861960 -1.987852 13.896857 0.940124 -19.359060 -26.313480 7.705303 -7.746723 5.083928 -14.681554 -44.437095 -45.907675 8.125254 -30.741018 2.970946 12.388116 -28.085950 -68.508833 -28.696288 1.718402 -9.824949 27.909019 -0.542470 -2.408467 8.764954 5.986984 -1.567563 7.757780 36.183023 29.931620 6.041651 -32.118553 -13.039647 31.433466 -20.428997 -46.360903 66.216013 -27.008862 -30.158426 17.497091 -3.258166 28.745941 4.215118 -14.157612 2.193527 18.512365 2.051435 4.475110 0.948884 -5.892574 1.472532 -7.843055 -19.240884 -3.079599 -14.407744 -7.556009 -45.944256 2.183716 -1.338689 1.289901 -16.227886 16.285818 -38.642605 -14.066428 -0.156318 -17.636382 13.312890 -13.147880 -16.374496 10.446526 -2.254048 2.021556 -1.227164 
-122.376099 103.902985 5.059034 29.492429 45.516828 38.342660 3.550864 13.098900 -0.217205 -8.985699 -0.617006 -1.157091 2.529863 20.491873 4.879193 -3.240559 1.736527 -8.517075 2.615486 14.444513 2.576859 -16.784454 -25.676778 16.876146 3.488301 16.417116 2.782107 0.470090 0.051681 -3.885033 0.587490 9.769014 3.341760 1.476699 -6.685469 0.499045 3.053124 11.732883 7.109166 -16.132936 8.267261 12.726279 9.648774 -4.576394 13.724374 10.345469 -1.932461 9.177344 -25.673584 -12.261847 17.422760 -0.000338 -2.177096 -2.667646 -22.848154 -13.434308 13.448389 -1.796361 -0.814147 -2.575266 -1.987719 13.891001 0.941361 -19.196103 -26.447560 8.142216 -7.749516 5.080216 -14.685405 -44.722340 -45.765334 8.544371 -30.740824 2.971692 12.386316 -27.260767 -68.351226 -29.582195 1.716545 -9.826773 27.909279 -0.947008 -2.567251 8.580917 5.986072 -1.566396 7.762936 36.112703 29.746024 5.730419 -32.112633 -13.043569 31.432577 -20.547284 -46.878163 66.643419 -27.005390 -30.153856 17.494612 -3.531119 29.068220 4.392994 -14.153842 2.185154 18.511353 2.191106 4.322093 0.844417 -5.891356 1.470986 -7.848711 -19.043232 -3.508484 -14.296384 -7.554390 -45.939747 2.191524 -0.938156 1.274509 -16.678192 16.285172 -38.644077 -14.065246 0.092441 -17.841412 12.980656 -13.144849 -16.369543 10.450089 -2.273812 2.337422 -1.449655 
-122.369339 103.872345 5.060409 29.829164 45.313838 38.863705 3.546837 13.098129 -0.205821 -8.695968 -0.215070 -1.597312 2.526237 20.490900 4.886165 -3.410091 1.851455 -8.568171 2.614350 14.430586 2.575483 -17.322082 -25.463695 16.927316 3.486696 16.415432 2.788625 0.088416 -0.379310 -4.536578 0.593802 9.770133 3.343823 1.539550 -6.452193 0.222346 3.058253 11.730668 7.111321 -15.776444 8.142051 12.711798 9.647309 -4.575652 13.723248 10.456461 -1.773664 9.536678 -25.676395 -12.264395 17.414230 -0.089931 -2.449792 -3.197097 -22.851618 -13.433382 13.445868 -2.016530 -0.866933 -2.901356 -1.987442 13.890939 0.939160 -19.621404 -26.419491 8.248425 -7.743210 5.081589 -14.681433 -44.552726 -45.568109 8.314126 -30.741524 2.971299 12.384401 -27.923961 -68.383581 -28.959336 1.714495 -9.816896 27.907064 -0.458976 -2.606210 8.371853 5.989810 -1.567600 7.757857 36.313975 29.898159 6.055024 -32.116390 -13.045209 31.430914 -20.746105 -46.481090 66.627382 -27.004261 -30.151598 17.498888 -3.625970 28.627870 3.892876 -14.152712 2.186837 18.510902 2.208606 4.281371 0.925906 -5.891424 1.472593 -7.845002 -18.956068 -3.051475 -14.255572 -7.557470 -45.945503 2.187452 -1.487397 1.315150 -16.233789 16.283352 -38.649582 -14.064742 -0.423090 -17.562397 13.759558 -13.144488 -16.371590 10.444680 -2.329495 2.071722 -1.021145 
-122.298203 103.748924 5.062309 29.825732 45.718322 38.286813 3.545442 13.100548 -0.208364 -8.882436 -0.381876 -1.571702 2.527360 20.490614 4.884279 -3.595639 1.796085 -8.347859 2.620610 14.433228 2.577365 -16.815473 -25.554926 16.936089 3.482978 16.413689 2.787508 0.478605 -0.242578 -4.574690 0.593531 9.772407 3.343836 1.463103 -6.334911 0.420015 3.054772 11.731256 7.109562 -15.924825 8.191879 12.640324 9.648228 -4.576326 13.725425 10.788132 -1.771599 9.329004 -25.680700 -12.257432 17.424059 -0.290327 -2.534209 -2.936352 -22.851151 -13.433689 13.442953 -1.533921 -0.806690 -2.766737 -1.987542 13.885130 0.940252 -18.834732 -26.428490 7.614209 -7.748876 5.082631 -14.689854 -44.329055 -45.940952 8.309362 -30.740808 2.975872 12.382332 -27.821708 -68.505267 -29.238660 1.713264 -9.820482 27.913013 -0.637495 -2.461098 8.230095 5.992895 -1.563986 7.758493 36.059058 29.878502 5.942919 -32.109222 -13.033513 31.429531 -20.144861 -46.239346 66.212120 -27.007126 -30.150307 17.497112 -3.548596 28.279954 4.378288 -14.153954 2.186183 18.516190 2.273697 4.481736 0.540228 -5.894979 1.473386 -7.846141 -19.029810 -3.144720 -14.464698 -7.552447 -45.941319 2.186470 -1.169242 1.403954 -16.294026 16.285213 -38.646843 -14.067634 0.406787 -17.777690 13.620497 -13.145811 -16.370487 10.450490 -2.478623 2.279117 -1.244330 
-122.130547 103.490471 5.081244 29.854374 45.812517 38.486460 3.541433 13.097060 -0.210648 -8.805630 -0.008699 -0.840407 2.524906 20.495052 4.887832 -3.101264 1.643203 -8.359305 2.615814 14.430555 2.580551 -16.378170 -25.458321 15.973475 3.490298 16.411732 2.795129 0.495338 -0.016676 -4.625683 0.585104 9.777834 3.343816 1.142680 -6.541193 0.480431 3.058329 11.736824 7.098179 -15.607727 8.619203 12.121307 9.646591 -4.572685 13.724655 10.435397 -1.467320 9.521474 -25.687187 -12.262483 17.421560 -0.558956 -2.248370 -3.265090 -22.855406 -13.433260 13.445836 -1.754519 -0.720661 -2.506973 -1.989474 13.891564 0.944849 -18.186682 -26.028557 6.819570 -7.754448 5.080588 -14.690966 -43.387373 -46.199628 8.056023 -30.742277 2.978321 12.384523 -27.961237 -68.325306 -28.270561 1.711353 -9.814087 27.917440 -0.244527 -2.429560 8.256302 5.992636 -1.559472 7.763997 35.883140 29.822720 5.842572 -32.112560 -13.036925 31.435383 -18.634472 -45.954052 64.327972 -27.017895 -30.158741 17.498062 -3.622895 27.994003 4.205350 -14.151409 2.188034 18.524633 2.190474 4.932238 0.538645 -5.892220 1.472758 -7.851789 -19.114097 -3.048755 -14.254227 -7.557674 -45.956249 2.182376 -0.451921 1.713311 -16.056972 16.287014 -38.650124 -14.068037 -0.049631 -18.215391 13.635790 -13.149670 -16.367701 10.452559 -1.951731 2.314434 -1.314287 
-121.721916 103.024109 5.120835 30.792859 46.545287 38.920576 3.530875 13.105999 -0.218344 -8.770426 0.084202 -0.940032 2.521142 20.499903 4.892537 -2.961254 1.670191 -8.260753 2.619575 14.425452 2.586464 -15.903549 -24.806477 15.546486 3.485456 16.414536 2.793272 0.670918 0.526386 -5.219530 0.574456 9.785825 3.342559 0.780474 -6.557101 0.980565 3.059557 11.741940 7.097558 -15.454401 8.869918 11.421163 9.654101 -4.560163 13.729535 10.160037 -1.771213 9.658999 -25.690981 -12.263665 17.418861 -1.279507 -2.263239 -3.191654 -22.858942 -13.438611 13.444341 -1.203041 -0.244226 -2.581045 -1.994895 13.893969 0.943324 -15.928122 -25.348458 4.221503 -7.758475 5.082604 -14.696365 -41.016386 -46.606247 7.157179 -30.736992 2.977263 12.374560 -28.488876 -67.911178 -26.788354 1.707808 -9.808958 27.918814 -0.051233 -2.106860 7.676663 5.994739 -1.563385 7.768565 35.708287 29.462082 5.772037 -32.119335 -13.037951 31.446947 -15.897339 -44.191071 60.891765 -27.033112 -30.163296 17.496956 -3.126328 27.323535 4.368099 -14.155175 2.191062 18.536537 2.435217 5.616135 0.247913 -5.898704 1.471663 -7.859424 -19.428739 -2.262709 -14.264981 -7.564880 -45.977852 2.188038 0.579605 2.387553 -15.677475 16.285330 -38.654091 -14.061189 -0.408412 -18.058855 13.861135 -13.149633 -16.360872 10.444791 -1.820205 2.118721 -1.292170 
-120.638771 102.183380 5.217990 32.099997 47.507412 39.885815 3.517682 13.111155 -0.216261 -8.523856 1.465983 -1.137167 2.509300 20.510405 4.905440 -1.900067 0.993550 -7.401347 2.615458 14.412012 2.586395 -14.590706 -23.980528 13.241086 3.494141 16.421432 2.806386 0.769272 0.668346 -6.260020 0.557085 9.808706 3.340650 0.398186 -5.876623 2.123209 3.074761 11.754585 7.100167 -14.327235 9.272149 10.150929 9.658219 -4.555328 13.735496 9.293657 -0.475213 9.154672 -25.717600 -12.271826 17.406998 -3.045323 -2.346082 -3.851923 -22.868660 -13.449852 13.450336 -1.117179 0.144316 -2.513801 -1.985145 13.900164 0.949677 -12.961653 -23.017107 0.496447 -7.766597 5.081157 -14.699655 -36.031553 -46.951806 5.179593 -30.744940 2.972559 12.371094 -27.934323 -66.918737 -26.108873 1.711983 -9.789669 27.926336 0.173565 -1.603861 6.686856 6.003150 -1.565426 7.771322 36.353661 28.248885 6.880137 -32.127197 -13.037178 31.475416 -10.673035 -40.752740 52.752198 -27.047413 -30.183035 17.502102 -2.399915 25.839876 5.223070 -14.167266 2.194971 18.553810 2.685370 6.873953 -0.447741 -5.895313 1.475511 -7.887222 -19.567954 -1.606279 -14.710313 -7.566980 -46.032413 2.182586 0.948100 3.053973 -14.370902 16.272566 -38.658279 -14.054957 -0.821900 -19.285427 14.294187 -13.145517 -16.350523 10.435377 -1.668932 1.919264 -1.297984 
-117.673431 100.748459 5.437339 34.675320 49.954979 41.205992 3.492459 13.127294 -0.223202 -7.953471 3.444189 -2.281995 2.488666 20.522566 4.927061 -0.562137 1.179691 -5.439975 2.599574 14.385902 2.572095 -13.244451 -21.794235 10.027780 3.510917 16.425707 2.812603 -0.538299 0.777595 -8.203320 0.521318 9.822727 3.337424 0.369149 -4.334700 4.948346 3.106994 11.759527 7.108355 -12.538135 9.291696 8.566857 9.664740 -4.542535 13.741304 7.778940 1.783817 7.603007 -25.765083 -12.296362 17.401392 -6.401514 -3.019652 -4.734251 -22.863642 -13.458007 13.470771 -1.301994 1.269393 -1.901812 -1.947219 13.903200 0.969369 -8.742651 -17.918923 -4.400678 -7.775702 5.087425 -14.697382 -24.419045 -47.280400 1.112821 -30.772354 2.975317 12.348135 -25.573231 -62.614086 -26.583820 1.725046 -9.768888 27.932020 1.182155 -1.061237 4.858885 6.020270 -1.567487 7.771969 37.231696 25.694557 8.375966 -32.149021 -13.024184 31.523140 -3.246557 -32.439236 38.019804 -27.075300 -30.215075 17.505264 -1.840718 23.527063 6.728889 -14.194669 2.196365 18.581335 2.958490 8.731957 -2.525206 -5.889168 1.478569 -7.931533 -20.499148 -0.506530 -15.230931 -7.579264 -46.126041 2.195214 1.447244 4.392861 -12.382925 16.259584 -38.670635 -14.054265 -0.781329 -20.890227 14.620360 -13.117605 -16.333284 10.405788 -2.115183 0.951191 -0.630363 
-110.656837 99.167191 5.964312 39.834141 56.555838 42.935525 3.501577 13.163339 -0.244139 -7.811727 5.571254 -3.744952 2.479652 20.517019 4.924205 0.825190 3.378980 -2.424145 2.587181 14.375825 2.546086 -10.694636 -17.809510 6.738732 3.547685 16.446373 2.784811 -2.678925 -1.014977 -11.694467 0.511164 9.850457 3.312545 -0.661245 -0.901112 7.648362 3.163577 11.774415 7.106879 -10.739404 11.258198 6.437525 9.664960 -4.509546 13.790175 7.881146 5.787300 7.177143 -25.834400 -12.344921 17.414064 -10.059909 -1.926925 -7.059449 -22.864817 -13.452659 13.486220 -1.460814 3.191021 0.078026 -1.914292 13.900558 1.005049 -3.539628 -11.104804 -8.539085 -7.783015 5.084900 -14.708586 -4.935936 -46.571819 -5.992709 -30.808426 2.992895 12.338773 -22.569602 -52.854101 -27.583207 1.733761 -9.808168 27.919043 0.862286 -1.821574 1.641454 6.031173 -1.572132 7.744710 36.534750 20.301568 10.402595 -32.182461 -13.010729 31.591856 -2.371259 -21.533167 26.041225 -27.126617 -30.260031 17.523252 -1.667819 19.220834 9.399502 -14.220878 2.212353 18.601809 2.945641 10.834351 -4.300974 -5.867092 1.478909 -8.005179 -21.690020 -0.837118 -14.682521 -7.595902 -46.245747 2.237148 0.820548 4.769973 -9.938679 16.251114 -38.712215 -14.053977 3.540265 -22.227546 13.831360 -13.085851 -16.335396 10.410745 -3.060363 1.161593 -0.071402 
-98.957359 99.049782 7.258924 47.725906 67.103603 48.377564 3.549203 13.217876 -0.235983 -9.701580 6.178605 -10.071714 2.502363 20.535488 4.937117 1.059756 7.206874 -0.714589 2.604730 14.330430 2.507226 -5.998834 -12.389110 4.992473 3.606292 16.448729 2.744000 -3.857579 -5.091539 -17.446972 0.550725 9.880357 3.268124 -3.175201 1.529853 9.508114 3.212809 11.799528 7.144951 -8.433901 12.407338 2.269702 9.665595 -4.484442 13.867036 8.674651 9.404542 8.321755 -25.901161 -12.384220 17.427608 -13.747236 -1.228243 -5.890563 -22.911249 -13.481841 13.471686 -0.153995 5.568440 2.507261 -1.915979 13.915740 1.048552 2.249091 -3.998536 -9.177369 -7.757090 5.067722 -14.751449 9.895017 -37.958244 -8.020358 -30.861410 3.017333 12.370858 -21.917447 -39.907207 -30.056305 1.697474 -9.862342 27.970852 -0.091019 -1.429911 -1.505249 6.049140 -1.526877 7.752767 36.626592 12.358193 18.194910 -32.231804 -13.017220 31.677813 -4.697846 -9.811660 17.354201 -27.151831 -30.335560 17.543556 -0.231936 13.079157 11.761072 -14.240408 2.203440 18.667149 3.355919 12.255168 -5.651306 -5.897110 1.493216 -8.050756 -24.231722 -0.388358 -11.436522 -7.604136 -46.379120 2.257150 0.785903 7.232380 -4.359151 16.236837 -38.820038 -14.030770 10.510485 -19.982125 12.714555 -13.053382 -16.372705 10.437419 -4.564597 1.745704 -0.236374 
-85.873161 100.314568 8.987633 73.562319 75.147736 72.715109 3.590709 13.208724 -0.240819 -9.914775 7.400317 -17.754672 2.533344 20.565708 4.958783 -1.086423 10.942592 -1.646730 2.606511 14.257319 2.511211 -3.073111 -8.190567 5.937355 3.665799 16.437872 2.746024 -4.034664 -5.786631 -21.688385 0.571900 9.935928 3.259993 -5.613597 3.751058 10.171883 3.203762 11.803625 7.130480 -5.069615 12.338127 -1.329251 9.630808 -4.430166 13.868676 7.570758 13.755899 3.647087 -25.909986 -12.429383 17.370174 -18.170007 -2.643513 -6.026218 -22.982100 -13.503600 13.431016 3.550532 5.517717 4.532587 -1.935698 13.946617 1.069490 6.039161 1.339074 -9.848409 -7.738291 5.062992 -14.759330 12.954517 -24.877115 -4.622792 -30.854662 2.987903 12.408791 -23.146232 -31.752938 -35.236673 1.671870 -9.891799 28.026367 -0.742336 1.095059 -3.127683 6.031556 -1.489846 7.760449 36.292617 4.597100 28.382906 -32.216633 -13.038134 31.706100 -5.070733 -0.712548 11.374392 -27.162216 -30.385778 17.585270 2.765741 7.871195 8.139222 -14.239399 2.196447 18.699381 3.141050 11.934629 -3.495255 -5.926046 1.513787 -8.063079 -24.749375 0.722270 -5.322102 -7.612232 -46.456078 2.217814 0.625256 8.998825 1.328244 16.204424 -38.853054 -13.964382 17.668245 -14.734943 12.526089 -13.056378 -16.388748 10.451900 -6.518505 0.435010 -2.372743 
-74.597900 101.902733 10.675000 104.721956 75.122778 103.293798 3.590437 13.134140 -0.236193 -11.549129 8.643396 -23.671489 2.531813 20.601814 4.965885 -4.120418 13.503526 -1.833341 2.652042 14.247031 2.527904 -3.908163 -6.074046 8.271808 3.668680 16.429979 2.767592 -5.780159 -5.350248 -23.025367 0.592913 9.969816 3.261787 -6.976967 5.717165 10.300214 3.184891 11.811238 7.084304 -2.141320 15.621566 -4.293705 9.588526 -4.399411 13.861170 5.178860 17.115013 -3.048795 -25.908905 -12.476530 17.317450 -22.631533 -3.310299 -8.018278 -23.025980 -13.514719 13.406051 5.376151 5.357130 5.307036 -1.944067 13.972794 1.074516 6.410775 2.900753 -10.746309 -7.716837 5.065561 -14.732774 11.162065 -17.712921 -1.185264 -30.837402 2.967903 12.407762 -27.076965 -23.967853 -40.179670 1.679183 -9.896055 28.052059 -1.988353 4.812987 -2.811805 6.028471 -1.469923 7.788671 36.633904 -1.583086 35.068032 -32.218067 -13.051380 31.711414 -4.132232 3.245209 7.688246 -27.192101 -30.409365 17.624928 4.911529 2.675898 4.011224 -14.244114 2.210358 18.681055 2.888147 10.268201 -1.828132 -5.914444 1.548772 -8.047221 -23.870773 -0.346063 -3.637747 -7.599886 -46.499290 2.157233 -1.516092 8.476247 0.582791 16.160793 -38.792858 -13.928000 20.895540 -12.413036 13.276265 -13.065143 -16.400974 10.473066 -7.758177 0.631036 -4.511316 
-65.629936 103.284019 12.251521 111.320861 75.173786 107.731884 3.577272 13.061159 -0.209478 -14.277639 7.817122 -25.561843 2.519080 20.596317 4.981317 -5.158285 14.688013 -1.242858 2.679990 14.260486 2.526775 -3.742795 -4.937348 7.942736 3.644433 16.430952 2.788827 -8.200214 -3.902439 -20.309246 0.580052 9.968573 3.276382 -7.495031 5.639096 11.509158 3.183423 11.804924 7.053528 -0.218636 18.155391 -4.126190 9.542011 -4.390999 13.864250 3.768392 19.612745 -8.474923 -25.919371 -12.508457 17.304270 -25.480601 -5.298926 -11.136348 -23.049387 -13.503205 13.398202 6.047601 5.088764 4.394511 -1.950014 13.971925 1.063903 3.954502 1.254823 -13.352074 -7.711795 5.067423 -14.701985 7.115925 -18.171066 -0.212290 -30.820713 2.969124 12.403117 -30.021198 -17.002516 -44.250572 1.705698 -9.886712 28.075163 -2.872230 6.303792 -1.491246 6.025917 -1.451428 7.793447 35.340683 -5.966194 38.522458 -32.217194 -13.035649 31.694668 -3.566063 4.848794 4.894767 -27.205423 -30.449707 17.634392 5.611775 -0.847335 1.432896 -14.251387 2.215501 18.629347 2.089046 8.975970 -1.413333 -5.879134 1.564486 -8.043872 -21.945073 -2.461133 -5.294023 -7.585179 -46.478481 2.132155 -3.289924 6.953283 -3.135308 16.139723 -38.717274 -13.944099 22.025022 -12.690094 13.206289 -13.073420 -16.418049 10.489331 -7.173610 0.757185 -4.849928 
-58.664623 104.116493 13.818683 89.743816 76.890643 84.195414 3.559609 13.017468 -0.187671 -15.914457 6.122947 -24.515637 2.495914 20.574333 4.984992 -5.297485 14.318536 -0.364557 2.677021 14.286171 2.532105 -3.464244 -4.459408 6.809705 3.624807 16.441031 2.797515 -8.395424 -1.828432 -16.158382 0.574504 9.955719 3.286287 -7.812757 4.363843 11.574979 3.184999 11.791099 7.044084 0.199004 19.740003 -2.837131 9.530085 -4.386230 13.873402 3.956742 21.806415 -9.930511 -25.924797 -12.521504 17.286514 -28.092671 -7.393609 -15.056040 -23.060482 -13.478099 13.388396 6.219417 5.554264 3.148203 -1.965268 13.961536 1.024222 3.389974 -3.050731 -15.499385 -7.717448 5.060954 -14.674088 5.206535 -22.199266 0.136044 -30.791719 2.984186 12.396003 -30.186079 -14.346324 -45.689867 1.719768 -9.881248 28.075808 -2.918412 6.332103 -0.317531 6.034245 -1.450813 7.788960 34.710396 -8.887027 39.738133 -32.205872 -13.017233 31.650099 -1.810289 4.818384 4.274091 -27.207935 -30.468029 17.633389 4.351903 -2.787164 -0.577974 -14.241112 2.212955 18.592392 1.063904 8.412160 -0.242423 -5.860699 1.557932 -8.041705 -20.035090 -4.176140 -7.811919 -7.580795 -46.442810 2.138626 -3.204802 5.847691 -6.280025 16.136654 -38.656094 -13.956193 21.189088 -13.942225 12.827001 -13.068577 -16.404005 10.500788 -6.696684 0.361478 -4.336239 
-53.421227 104.383598 15.315968 49.479540 72.486954 44.281045 3.548028 12.990180 -0.183771 -16.632197 4.823567 -23.346606 2.477488 20.556473 4.987031 -5.001569 13.042134 -0.212123 2.659829 14.321782 2.532243 -3.149569 -4.430092 7.096637 3.614358 16.454679 2.800195 -7.621410 -0.997695 -13.012754 0.579212 9.936934 3.298943 -6.960619 2.557408 10.706397 3.187131 11.781485 7.035606 -0.163676 21.265744 -1.301449 9.528035 -4.397120 13.876415 5.997753 23.083908 -8.095422 -25.925200 -12.507654 17.279022 -30.000117 -9.324111 -18.780867 -23.050343 -13.455437 13.403648 5.769856 6.192269 2.346753 -1.960374 13.948395 0.991764 4.557646 -5.414046 -17.615283 -7.720227 5.056155 -14.662097 5.582390 -27.805594 -1.152519 -30.776255 3.001687 12.381255 -29.428755 -12.867486 -44.417827 1.723985 -9.874555 28.057501 -2.446365 5.858269 0.717547 6.036389 -1.458453 7.790771 34.197924 -10.625800 39.790968 -32.181553 -13.004238 31.603069 0.520744 3.539158 5.011164 -27.215649 -30.474485 17.618488 2.802687 -3.720626 -2.723386 -14.230354 2.202005 18.566206 0.673134 7.642521 0.405852 -5.861500 1.543904 -8.020568 -18.298736 -4.911763 -9.040422 -7.586013 -46.399403 2.155689 -2.065826 5.150532 -8.806101 16.153082 -38.616978 -13.963529 19.552502 -15.136213 12.665230 -13.066944 -16.386580 10.499352 -5.953862 0.181251 -4.522982 
-49.688927 104.302216 16.566776 33.629714 66.458478 29.140186 3.544828 12.992272 -0.175640 -16.804227 4.360161 -22.363984 2.476377 20.549446 4.996037 -4.554073 12.276848 0.245249 2.645973 14.345911 2.531414 -2.747916 -4.519107 6.649835 3.608653 16.471479 2.797435 -6.388210 -0.951895 -10.255775 0.580101 9.922945 3.302963 -5.922419 1.510027 9.985417 3.185113 11.776541 7.038738 -0.383851 21.702137 1.024172 9.537404 -4.419192 13.866171 8.763898 24.541488 -5.238292 -25.920267 -12.487420 17.285021 -32.084633 -11.429852 -21.273838 -23.036194 -13.452089 13.426120 5.084547 6.147027 1.317568 -1.956723 13.933520 0.965067 6.048986 -6.882738 -18.909609 -7.736247 5.066363 -14.660013 7.951144 -32.390041 -3.404090 -30.773502 3.009695 12.379010 -27.698558 -11.481995 -42.186315 1.731387 -9.868664 28.040981 -2.015780 4.999259 1.121654 6.033949 -1.474637 7.795555 33.730097 -11.679231 39.206826 -32.160999 -12.998355 31.575611 2.220878 1.309281 6.222738 -27.220091 -30.473667 17.606558 1.789231 -4.229140 -4.125483 -14.220613 2.194811 18.563162 0.980888 6.750604 0.917970 -5.868832 1.524124 -8.010703 -18.030101 -4.663564 -10.170967 -7.586167 -46.370770 2.176332 -1.070671 4.938874 -9.838152 16.176220 -38.610039 -13.968549 18.191094 -16.000683 12.353402 -13.075068 -16.370668 10.481642 -5.551338 -0.286496 -3.998711 
-47.169312 104.057953 17.504059 28.923443 62.281770 24.285048 3.536247 12.987388 -0.172330 -16.219512 4.195334 -21.520577 2.472305 20.537992 5.000982 -3.904033 11.109807 0.430482 2.634040 14.359668 2.522887 -2.643272 -5.242875 6.201294 3.600580 16.475893 2.788801 -5.499659 -1.239176 -8.784661 0.579109 9.908249 3.305561 -5.075636 0.605082 9.614482 3.181700 11.778584 7.040980 -1.124143 22.159915 2.278196 9.545753 -4.432898 13.851877 11.126363 24.943731 -3.396591 -25.907436 -12.468600 17.293427 -34.334196 -12.889393 -22.246884 -23.022449 -13.443324 13.434976 5.099876 5.999569 0.506872 -1.951516 13.920701 0.953035 7.891289 -7.897727 -19.595123 -7.749586 5.067247 -14.652501 10.953756 -36.051221 -6.309688 -30.773623 3.011029 12.370557 -25.945126 -10.317604 -39.996891 1.731959 -9.865156 28.028023 -2.136229 4.151959 1.245680 6.035763 -1.486313 7.802708 33.121141 -12.633272 38.560342 -32.153748 -13.000204 31.561157 3.523408 0.053223 7.061174 -27.219288 -30.461620 17.594326 0.735300 -4.167338 -4.768307 -14.210156 2.185463 18.553328 1.337557 5.877472 1.400477 -5.878088 1.503288 -7.994538 -17.820582 -4.650904 -11.110542 -7.586281 -46.344948 2.196407 -0.410632 4.269605 -10.405828 16.188238 -38.606956 -13.977117 17.149261 -16.313717 12.491148 -13.073521 -16.357965 10.471108 -5.374066 -0.602446 -3.874252 
-45.573738 103.791641 18.127188 27.793167 59.986007 23.630202 3.534462 12.988458 -0.174151 -15.849517 3.926347 -21.145786 2.474147 20.532442 5.005509 -3.666898 10.508191 0.325759 2.631043 14.366399 2.523205 -2.515782 -5.355465 6.333522 3.591093 16.485018 2.790307 -4.945545 -1.556193 -8.361064 0.580589 9.902791 3.312705 -4.515626 0.245008 8.565003 3.179929 11.775352 7.040790 -1.195448 22.646295 2.819586 9.547127 -4.443445 13.845737 12.771987 25.095326 -1.719580 -25.898642 -12.448816 17.299122 -35.407779 -13.475410 -22.718440 -23.013281 -13.438487 13.440287 4.900247 6.121921 -0.151714 -1.954118 13.917077 0.946228 8.813251 -7.914868 -20.103569 -7.759794 5.073106 -14.649735 13.646077 -38.392623 -8.554390 -30.771320 3.007905 12.363787 -24.793057 -9.830225 -38.243124 1.730487 -9.859288 28.020220 -2.149003 3.828208 1.006613 6.035007 -1.492742 7.801557 32.722350 -13.284867 38.154386 -32.150181 -13.002122 31.556669 4.662583 -1.065128 7.892358 -27.212679 -30.452030 17.585386 0.286227 -4.698040 -5.388848 -14.201050 2.182059 18.548534 2.209913 5.522280 1.339719 -5.882639 1.499382 -7.984828 -17.823643 -4.367490 -11.474302 -7.587477 -46.329983 2.206507 0.397876 4.252333 -10.469450 16.196894 -38.614700 -13.977583 16.195439 -17.130611 12.590581 -13.077741 -16.349335 10.460235 -5.104008 -0.714185 -3.951912 
-44.650539 103.569588 18.481747 26.969202 58.880219 22.715037 3.530610 12.990979 -0.173804 -15.625291 3.468286 -21.147849 2.470920 20.536236 5.017447 -3.331655 9.980884 0.267041 2.629805 14.371213 2.515008 -2.068520 -5.454669 6.404626 3.589547 16.494457 2.788561 -4.672640 -1.762530 -8.009596 0.580561 9.894629 3.311495 -4.093252 0.161086 8.537725 3.179225 11.767870 7.046580 -1.109374 22.619249 3.740538 9.551178 -4.451209 13.841097 13.417810 25.214408 -0.908671 -25.897192 -12.437299 17.308777 -35.936535 -14.130429 -22.609033 -23.001982 -13.439081 13.450521 4.938936 5.776997 -0.420194 -1.950008 13.914396 0.941267 9.361843 -7.617359 -20.520255 -7.765710 5.071228 -14.649382 15.239443 -39.811738 -10.067849 -30.779736 3.005291 12.361806 -23.448169 -8.992968 -36.851234 1.726909 -9.848439 28.013609 -2.313272 3.320417 1.069810 6.032928 -1.500294 7.802566 32.147402 -13.422453 37.705339 -32.152065 -13.001620 31.549717 5.116314 -1.786735 8.097211 -27.208551 -30.452330 17.575077 0.046721 -4.259721 -5.322100 -14.195496 2.182883 18.549189 2.653822 4.853470 0.877938 -5.889332 1.493772 -7.977962 -17.876905 -4.070111 -11.142789 -7.587749 -46.315769 2.220104 0.745920 4.057873 -10.890828 16.206615 -38.612022 -13.990541 15.777561 -17.292079 12.737387 -13.073609 -16.348141 10.453671 -4.831366 -0.733810 -3.548104 
-44.213181 103.413216 18.634510 26.770906 58.394211 22.717144 3.533168 12.990821 -0.174289 -15.320379 3.686234 -21.059806 2.470799 20.540270 5.019516 -3.032965 9.748213 0.190413 2.624803 14.371919 2.515781 -2.338849 -5.529079 6.290435 3.584801 16.491753 2.787766 -4.527924 -2.021273 -7.966855 0.578385 9.897307 3.316880 -4.072646 -0.285743 8.356525 3.177033 11.767645 7.041409 -1.178262 22.767730 3.817751 9.549384 -4.456745 13.834958 13.769339 25.430645 -0.339401 -25.890623 -12.433696 17.308594 -36.156108 -14.226560 -22.955219 -22.998203 -13.439931 13.453606 4.673370 5.951895 -0.781134 -1.948788 13.917011 0.942147 9.762920 -7.343194 -20.542071 -7.770572 5.072349 -14.651599 16.550515 -40.174524 -10.882789 -30.776184 3.000108 12.368110 -23.111893 -9.018876 -35.972482 1.729468 -9.845544 28.011143 -1.803910 3.281945 1.294121 6.030524 -1.505057 7.803278 31.733090 -13.453421 37.562899 -32.151764 -13.001022 31.546942 5.232665 -1.918772 8.324351 -27.208899 -30.444975 17.576427 0.055366 -4.150405 -5.881853 -14.190320 2.181023 18.550787 2.734460 4.708971 0.881549 -5.890159 1.490471 -7.977734 -17.929006 -3.946654 -11.155774 -7.589093 -46.313236 2.223023 1.045038 4.244640 -10.622951 16.209583 -38.619465 -13.992190 15.027296 -17.624806 12.708989 -13.076063 -16.342825 10.451880 -4.622550 -0.980120 -3.851578 
-44.125240 103.327965 18.614185 26.643554 57.918051 22.970539 3.530979 12.992021 -0.171604 -15.551796 3.645027 -21.078719 2.468183 20.537325 5.017107 -2.978067 9.640960 0.237201 2.623268 14.373481 2.511357 -2.107027 -5.330686 6.292074 3.583790 16.489128 2.790272 -4.615616 -1.761240 -8.098207 0.578004 9.896133 3.316730 -3.808404 -0.329223 8.416687 3.177311 11.770859 7.041611 -1.120893 22.939090 3.978832 9.551931 -4.461566 13.832686 13.792821 24.991812 -0.332990 -25.892931 -12.429700 17.311102 -35.910703 -14.127652 -22.801835 -22.999500 -13.438952 13.450804 4.717045 5.839328 -0.375629 -1.949456 13.917758 0.941518 9.865828 -7.392734 -20.621058 -7.772151 5.076089 -14.650659 16.588766 -39.993111 -10.892717 -30.779081 2.998938 12.361984 -22.976642 -8.997653 -35.867943 1.729126 -9.843033 28.008192 -1.786658 3.200006 1.171876 6.033191 -1.502360 7.803371 31.838927 -13.315711 37.439928 -32.149361 -13.001339 31.545027 5.416391 -2.064900 8.449100 -27.206301 -30.444452 17.574469 0.088745 -4.195334 -5.711429 -14.194799 2.182763 18.551216 2.726827 4.830241 0.776230 -5.888784 1.490888 -7.974547 -17.909004 -3.820265 -10.923458 -7.587579 -46.312817 2.220988 1.427395 4.247977 -10.465843 16.209030 -38.623028 -13.988866 15.015032 -17.367779 12.719596 -13.075897 -16.341000 10.449260 -4.589969 -0.981913 -3.754869 
-44.299622 103.329620 18.456829 27.082805 58.199844 23.101614 3.531970 12.988876 -0.176058 -15.698548 3.520929 -21.190513 2.468604 20.537043 5.012404 -3.061855 9.867187 0.211499 2.625741 14.376013 2.515907 -2.073038 -5.241114 6.196189 3.584999 16.488466 2.791240 -4.687621 -1.709420 -8.028438 0.575753 9.893958 3.317963 -3.831931 -0.106196 8.519587 3.176400 11.767869 7.040290 -1.335444 22.438753 3.764314 9.548643 -4.453488 13.832581 13.481672 25.073682 -0.799098 -25.892879 -12.429509 17.308298 -35.722316 -14.208068 -22.605633 -23.001324 -13.439275 13.452264 4.839225 5.914176 -0.409331 -1.950875 13.916178 0.943239 9.936736 -7.050269 -20.823551 -7.776920 5.073199 -14.648295 15.815238 -39.454987 -10.209168 -30.773720 3.000359 12.360999 -23.203203 -9.098326 -36.140358 1.726031 -9.846766 28.008848 -1.990536 3.072989 1.249129 6.031785 -1.502145 7.801643 32.101305 -13.084540 37.515569 -32.149166 -12.998802 31.546993 5.370384 -1.563730 8.265128 -27.209248 -30.448084 17.579172 0.042580 -4.062734 -5.829339 -14.191459 2.180590 18.549809 2.881994 4.772205 0.748448 -5.887879 1.494200 -7.979185 -18.131499 -3.777128 -11.304238 -7.587921 -46.310299 2.217428 1.582326 4.392314 -10.413403 16.209278 -38.621132 -13.991738 14.936790 -17.444938 12.774888 -13.075639 -16.341595 10.450009 -4.750911 -0.922828 -3.742456 
-44.649914 103.395828 18.161573 27.383987 58.394443 23.080727 3.529927 12.991246 -0.174164 -15.472665 3.641904 -21.313035 2.466344 20.533327 5.015566 -3.683994 9.712357 0.139926 2.624657 14.370272 2.516721 -1.996634 -5.156623 6.675227 3.587558 16.487297 2.791896 -4.584129 -1.399673 -8.204412 0.578640 9.895107 3.313721 -3.986614 -0.016230 8.459118 3.179594 11.769884 7.046329 -1.016013 22.299236 3.652925 9.550366 -4.450241 13.840245 13.174297 25.073862 -1.234302 -25.894297 -12.431888 17.304747 -35.217323 -13.834879 -22.729732 -23.006857 -13.430596 13.445179 4.874359 5.761600 -0.224141 -1.952246 13.917446 0.942559 9.620421 -7.370240 -20.545918 -7.766198 5.072267 -14.648175 14.476728 -38.708598 -9.102317 -30.772823 3.003681 12.361326 -23.507667 -9.411114 -36.746739 1.730046 -9.848111 28.014612 -1.988603 3.107196 1.106204 6.032935 -1.499161 7.804518 32.003067 -12.985003 37.704871 -32.145538 -12.998302 31.542679 5.409535 -1.339990 7.890563 -27.206062 -30.444181 17.579247 -0.205523 -3.871150 -5.818671 -14.190763 2.178550 18.551262 2.277797 4.912822 0.791641 -5.884650 1.498506 -7.976011 -17.878956 -3.907994 -10.962794 -7.588315 -46.312874 2.217729 1.426433 4.506789 -10.722286 16.208134 -38.613968 -13.986680 15.124889 -17.228778 12.879007 -13.070598 -16.337059 10.453742 -4.700025 -0.809173 -3.805752 
-45.147861 103.543526 17.683212 27.565344 58.332534 23.583834 3.538106 12.983812 -0.176495 -15.676524 3.500916 -21.430132 2.472017 20.534540 5.011683 -3.654386 10.220770 0.273449 2.623706 14.364718 2.517722 -2.427220 -5.207489 6.577390 3.594070 16.482841 2.790790 -4.846463 -1.153872 -8.306818 0.575215 9.896482 3.308154 -4.218142 -0.190275 8.672976 3.182546 11.769117 7.047682 -1.369485 22.147838 3.104079 9.546421 -4.443400 13.840113 12.257720 24.563421 -1.729029 -25.894102 -12.438794 17.299372 -34.712309 -13.447837 -22.402802 -23.002983 -13.438263 13.450158 4.815683 6.082568 0.168412 -1.946124 13.922969 0.946861 8.899768 -7.155809 -19.994090 -7.760433 5.067381 -14.640928 13.531735 -37.114947 -8.022207 -30.772579 3.002201 12.364704 -24.173807 -9.274240 -37.710386 1.727814 -9.855358 28.008640 -2.065121 3.100263 1.377852 6.030001 -1.498497 7.802784 32.461994 -12.685041 37.960098 -32.143871 -12.997334 31.547153 4.610295 -0.716581 7.229330 -27.202702 -30.447601 17.574297 -0.037422 -3.756306 -5.518488 -14.193980 2.183047 18.547997 2.225107 5.650423 0.623360 -5.881491 1.501214 -7.978019 -17.950255 -4.180658 -10.943536 -7.595165 -46.313622 2.206344 1.058471 4.596684 -10.491483 16.202837 -38.610008 -13.983988 15.580681 -16.680545 12.596252 -13.064092 -16.343534 10.461712 -4.573668 -0.706825 -3.936502 
-45.673874 103.795166 16.914606 28.380908 58.656340 23.618301 3.535085 12.987679 -0.180959 -15.648399 3.561611 -21.806497 2.473507 20.529375 5.004683 -4.421709 10.784394 0.219895 2.631294 14.360340 2.528296 -2.443771 -4.638424 7.204138 3.594150 16.475077 2.795235 -5.361678 -0.548306 -8.274234 0.576382 9.894141 3.302369 -4.543628 0.303966 8.945821 3.180667 11.774123 7.051703 -1.239190 21.491754 3.048477 9.547869 -4.437831 13.849819 11.052480 24.689667 -3.370668 -25.896067 -12.448762 17.298895 -33.889425 -12.654914 -22.173224 -23.008379 -13.434228 13.439657 4.894380 5.739999 0.601839 -1.951640 13.924365 0.951730 8.044249 -7.528590 -19.299939 -7.750938 5.070189 -14.638763 11.201231 -35.134565 -5.635463 -30.773525 3.008115 12.364363 -24.979054 -9.173811 -38.957487 1.736293 -9.863488 28.015495 -2.370369 3.285295 1.044685 6.027564 -1.489897 7.805404 32.760166 -12.589565 38.136399 -32.142078 -12.997335 31.551649 4.420190 0.242333 6.494257 -27.205759 -30.452148 17.574373 0.119372 -3.651807 -4.977400 -14.195797 2.182041 18.539837 1.433089 5.722766 0.964866 -5.876388 1.514408 -7.978674 -18.115239 -4.424480 -10.753056 -7.598516 -46.316086 2.200140 0.480310 5.309834 -10.889023 16.193033 -38.599262 -13.974388 15.996462 -16.301816 12.371505 -13.058268 -16.343534 10.460530 -4.953993 -0.475507 -4.087961 
-46.034691 104.183128 15.682372 28.770522 57.663373 23.895120 3.541004 12.983792 -0.182707 -16.007301 3.447427 -22.120298 2.470749 20.526741 4.995619 -5.149208 11.358096 0.537717 2.637426 14.343778 2.537892 -2.520055 -4.090748 7.490409 3.597401 16.467905 2.794220 -5.580343 0.613031 -8.161605 0.577061 9.893484 3.289915 -5.141054 0.516960 8.926050 3.183220 11.770557 7.062032 -1.208710 21.165344 2.405572 9.544050 -4.436597 13.855421 9.273206 23.944248 -5.195120 -25.897293 -12.450325 17.286537 -32.592795 -11.837723 -21.977167 -23.008966 -13.438130 13.423447 4.975555 5.690193 1.674459 -1.953605 13.931798 0.954893 6.617893 -7.475562 -18.416654 -7.738782 5.059968 -14.625787 8.961510 -31.479874 -3.077437 -30.777639 3.015967 12.366319 -25.812064 -8.419237 -40.628947 1.739982 -9.872935 28.015463 -2.515362 3.405844 0.966099 6.019436 -1.480265 7.804154 33.178607 -11.834980 38.508340 -32.138050 -12.999457 31.549599 3.110742 1.272959 5.193743 -27.195923 -30.455839 17.560123 0.592551 -3.331224 -4.846740 -14.194944 2.182633 18.531914 0.694450 6.836313 0.696933 -5.869617 1.528020 -7.974375 -18.205266 -4.851007 -10.006000 -7.602755 -46.313789 2.184825 -0.122499 5.566322 -10.814682 16.179506 -38.592442 -13.967304 16.295662 -15.097717 12.443882 -13.049213 -16.342674 10.471524 -4.894076 -0.092173 -4.406146 
-45.760845 104.736771 13.742052 27.707762 54.136086 22.603912 3.559993 12.976876 -0.181059 -16.075062 3.378945 -22.807024 2.463596 20.523399 4.991492 -6.677868 11.841614 0.648938 2.635942 14.322414 2.557265 -2.936039 -3.909429 7.507611 3.604534 16.455711 2.800761 -6.136233 2.300958 -7.460056 0.580055 9.883290 3.267437 -5.861159 0.509102 8.792176 3.195452 11.768134 7.084836 -1.157151 19.991694 2.449643 9.541613 -4.435978 13.859715 6.732846 23.213018 -7.940853 -25.889143 -12.456746 17.267326 -32.115683 -11.036126 -21.303905 -23.014364 -13.442783 13.414309 4.569429 5.213086 1.917372 -1.941263 13.943147 0.963829 3.805948 -8.169909 -15.942614 -7.732420 5.048119 -14.605360 7.258825 -26.357358 -0.570945 -30.789673 3.016779 12.376169 -26.811412 -6.446598 -41.770698 1.747339 -9.885497 28.023331 -3.444748 2.780240 1.231884 6.008482 -1.478064 7.802478 33.283570 -11.083008 38.445649 -32.134827 -13.001414 31.555317 1.874363 2.711168 3.818401 -27.185047 -30.467714 17.547716 1.219542 -2.691692 -4.551697 -14.200387 2.174622 18.516289 0.199220 7.999752 0.395118 -5.864687 1.545760 -7.974562 -18.272161 -6.133018 -9.281643 -7.613559 -46.308792 2.176115 -0.865574 6.064531 -11.103383 16.173931 -38.588531 -13.965909 16.278465 -13.915768 12.260393 -13.024584 -16.350250 10.485509 -4.546455 0.412541 -4.244617 
-44.210560 105.397247 10.977486 25.056001 46.043777 19.269927 3.579505 12.974301 -0.188900 -15.939688 3.569503 -23.216783 2.455116 20.525187 4.986117 -7.782085 11.093513 0.703749 2.633911 14.294529 2.576860 -3.335456 -3.511559 7.445624 3.619600 16.457865 2.798579 -6.208186 3.974401 -7.037864 0.584311 9.863711 3.238317 -7.421120 0.586956 7.637345 3.210237 11.753938 7.117736 -0.558987 18.203175 2.548467 9.539024 -4.447062 13.872687 4.457025 21.944107 -9.998700 -25.871828 -12.454623 17.257984 -32.296386 -10.115081 -21.166891 -23.021858 -13.464226 13.391370 3.459360 4.758133 2.295583 -1.932054 13.963112 0.960535 1.276401 -8.113156 -12.410761 -7.727432 5.024590 -14.583758 7.625936 -20.350033 0.594044 -30.800032 3.018420 12.398999 -26.386477 -2.744059 -41.022512 1.752202 -9.893859 28.038897 -4.708692 2.220782 0.693929 5.977450 -1.482005 7.782142 33.219643 -10.413877 37.596356 -32.136150 -13.013327 31.567360 -0.299783 2.962119 2.556478 -27.168915 -30.477163 17.514294 2.348949 -1.247907 -3.967846 -14.187819 2.174850 18.500187 0.565396 9.197818 -0.257007 -5.859919 1.550585 -7.970834 -18.937201 -7.209331 -7.419808 -7.612448 -46.294460 2.186570 -2.041785 6.123549 -11.656958 16.172340 -38.603539 -13.981517 16.177682 -12.924530 12.634025 -12.999495 -16.363588 10.505818 -3.883282 1.006188 -3.863818 
-40.901722 106.009033 7.742796 23.516442 39.914369 18.084951 3.597894 12.990601 -0.204011 -14.238503 4.135319 -22.308144 2.459211 20.530899 4.987242 -7.200274 9.659525 0.425946 2.636764 14.280704 2.580573 -2.658220 -2.316113 7.724953 3.633857 16.467636 2.792679 -5.283082 4.338163 -6.826891 0.585946 9.839268 3.228968 -6.922571 1.100099 6.208978 3.218450 11.729860 7.145314 0.423027 16.485083 4.111587 9.549813 -4.472839 13.855001 4.381459 20.959921 -10.346047 -25.856825 -12.446068 17.280373 -33.834606 -11.270863 -22.752296 -23.007381 -13.489702 13.383682 2.409224 3.917496 1.761216 -1.910528 13.969920 0.961416 0.457418 -5.779884 -9.084380 -7.749187 5.009794 -14.596451 10.153051 -14.467222 -0.148398 -30.832951 3.021541 12.414970 -24.433936 3.891201 -35.737770 1.744695 -9.893955 28.046854 -6.419494 1.284823 0.281190 5.942262 -1.506045 7.767356 32.524517 -8.615181 36.229133 -32.146404 -13.021387 31.602947 -1.979546 3.298534 1.140261 -27.156385 -30.467079 17.474373 3.660376 0.761487 -3.444122 -14.176582 2.169197 18.500492 2.687331 9.307799 -1.652333 -5.849555 1.533556 -7.976917 -19.341217 -7.040095 -3.985402 -7.609643 -46.277054 2.228769 -4.431521 5.593770 -11.288893 16.218807 -38.661797 -14.001037 15.819659 -12.705980 13.675784 -12.994729 -16.381531 10.507503 -3.270094 1.284537 -2.939247 
-36.013874 106.462898 4.749176 20.741058 36.533316 17.444144 3.593434 13.023699 -0.210447 -12.104686 3.261419 -20.762964 2.475504 20.537083 4.981954 -5.457942 8.120180 0.785340 2.652774 14.312564 2.579649 -0.731919 -1.002407 7.477963 3.623538 16.487103 2.784564 -3.020986 3.635384 -6.002668 0.580543 9.831827 3.228441 -5.162224 1.647038 4.734434 3.208028 11.700230 7.164518 0.766715 17.060846 5.671445 9.574567 -4.507427 13.838826 7.031636 20.711162 -9.145719 -25.863796 -12.422493 17.325087 -34.533406 -12.422734 -24.645467 -22.987904 -13.508148 13.402461 1.241918 3.037816 1.218244 -1.897287 13.960927 0.965719 1.664655 -3.431182 -7.328893 -7.780760 5.011466 -14.640413 13.080669 -11.247668 -0.545129 -30.858032 3.019260 12.408581 -20.051262 10.223135 -27.755549 1.723682 -9.889756 28.050074 -7.567078 1.084361 0.122199 5.941385 -1.526348 7.776120 31.425758 -6.873546 34.667202 -32.164581 -13.025798 31.631239 -2.583265 3.875252 0.027321 -27.175505 -30.449991 17.455318 3.812997 1.021600 -3.188980 -14.183729 2.158458 18.527102 4.268516 8.808708 -2.429008 -5.838894 1.512692 -7.991766 -18.389011 -7.123883 -2.344877 -7.604631 -46.274120 2.265208 -6.092324 4.654327 -11.202294 16.279163 -38.721260 -14.003738 14.824517 -13.933170 14.262400 -13.014944 -16.397968 10.507791 -2.316084 2.167035 -2.507531 
-30.132172 106.789513 2.707071 18.888659 32.012741 17.838731 3.581529 13.057091 -0.198874 -11.362725 2.240249 -18.819756 2.494291 20.544773 4.950357 -3.378711 6.513411 1.265997 2.669298 14.348703 2.579285 0.498751 -0.094908 6.488310 3.604655 16.486029 2.795389 -1.009399 2.647434 -4.921274 0.570759 9.851848 3.238668 -3.472996 1.568360 4.381119 3.194626 11.699968 7.171247 -0.868962 17.877996 5.783084 9.593852 -4.552341 13.839995 10.360890 19.688024 -6.933768 -25.891722 -12.381759 17.366495 -34.661284 -13.252044 -25.617560 -22.980679 -13.515275 13.416270 -0.114757 2.754779 1.316432 -1.900351 13.958729 0.965352 3.783967 -2.664144 -6.797173 -7.811556 5.019048 -14.682688 15.376233 -10.693965 -1.113731 -30.889318 3.021104 12.402008 -14.854138 13.013460 -20.176311 1.710469 -9.883672 28.053551 -7.572592 1.154316 -0.384746 5.956577 -1.535089 7.790394 30.973392 -6.748763 33.789574 -32.180630 -13.028497 31.645821 -3.654640 3.321670 -1.608027 -27.183323 -30.434547 17.474321 3.552283 -0.730655 -3.049440 -14.201300 2.158505 18.552130 4.749552 8.758702 -1.971673 -5.836967 1.505773 -7.993009 -16.810306 -5.627568 -2.646817 -7.616762 -46.293736 2.268188 -6.173904 3.828671 -10.871767 16.313599 -38.773190 -13.995627 13.649848 -15.690679 13.938238 -13.053690 -16.411287 10.511924 -1.708862 2.928208 -2.113273 
-23.855097 107.019608 1.543468 16.989360 27.299482 17.422742 3.573599 13.089285 -0.172108 -11.574983 1.849471 -18.949626 2.496159 20.565588 4.929749 -2.391842 4.450737 1.479480 2.668609 14.352780 2.573249 1.726182 -0.079533 5.287242 3.591415 16.494982 2.805104 0.382131 2.167500 -4.154795 0.566985 9.856958 3.241687 -2.516099 1.254158 3.377676 3.190866 11.693586 7.174556 -1.653000 18.506015 5.289330 9.602444 -4.579982 13.845008 12.555801 18.626544 -5.279938 -25.914471 -12.331921 17.381344 -34.625753 -14.785638 -25.556355 -22.976234 -13.509932 13.427693 -1.202135 2.412786 0.839650 -1.898490 13.957479 0.955413 5.471549 -2.890936 -7.019350 -7.820166 5.023246 -14.698752 16.882414 -11.553140 -1.504005 -30.906414 3.028600 12.394672 -9.668461 13.908119 -13.227714 1.703664 -9.876877 28.051188 -6.311964 0.557502 -0.424376 5.972466 -1.535609 7.799599 31.296272 -6.760052 32.968155 -32.191757 -13.028776 31.633883 -5.428795 1.787914 -3.793245 -27.170990 -30.424980 17.487762 3.321768 -3.005137 -3.202210 -14.209805 2.164232 18.566032 4.132285 8.855666 -2.787255 -5.847999 1.509116 -7.976237 -14.896540 -4.579464 -3.668422 -7.637245 -46.303860 2.251618 -5.166302 2.492483 -10.761784 16.318916 -38.793999 -14.012000 13.495165 -16.872761 13.144322 -13.073300 -16.428526 10.526628 -0.998089 2.745329 -1.543194 
-17.910122 107.151688 0.879854 15.563320 25.059471 17.114533 3.560264 13.111976 -0.157573 -11.275406 1.472364 -19.189198 2.486403 20.581968 4.915750 -1.725750 3.503749 1.407952 2.664717 14.355520 2.564707 2.414692 -0.425809 5.376121 3.569510 16.498173 2.805549 1.291647 2.500593 -3.651380 0.574689 9.853027 3.255502 -1.631560 0.542896 2.913067 3.180615 11.698483 7.173312 -2.765789 19.558211 5.047578 9.618312 -4.588840 13.835954 14.331393 18.279885 -3.590189 -25.919403 -12.296032 17.400482 -35.372757 -16.578541 -26.476330 -22.951550 -13.512413 13.440728 -1.724624 2.425984 -0.677577 -1.906648 13.950269 0.952172 7.054938 -2.969973 -7.572636 -7.825295 5.028527 -14.711204 18.556601 -13.369458 -2.017412 -30.915623 3.036144 12.381635 -4.728829 13.522091 -6.646032 1.710482 -9.871861 28.033653 -5.206322 -0.288311 0.200846 5.977080 -1.545889 7.802550 31.601895 -6.506569 31.682451 -32.202206 -13.031938 31.618042 -6.752239 0.985309 -5.167915 -27.158806 -30.413090 17.497669 3.689248 -4.375122 -3.270464 -14.216031 2.166915 18.568281 3.622970 8.314616 -3.211241 -5.867595 1.507423 -7.952813 -13.596548 -3.889044 -3.983363 -7.666934 -46.284554 2.238459 -5.194604 1.548266 -11.123609 16.324972 -38.795498 -14.049807 12.825156 -17.009198 12.504943 -13.075580 -16.432030 10.534750 -0.429518 2.334755 -1.788086 
-12.793920 107.112785 0.391182 15.419335 24.649673 17.325924 3.534890 13.134503 -0.151679 -10.417534 1.287310 -19.250880 2.469739 20.587530 4.905890 -1.665231 3.146214 1.574036 2.658888 14.349337 2.560202 2.986495 0.376106 6.111048 3.539242 16.509136 2.804188 1.221955 2.461427 -3.595223 0.581818 9.837220 3.268141 -1.041698 -0.302763 2.936388 3.170140 11.710885 7.168325 -3.796071 20.866289 4.947435 9.626376 -4.585866 13.824997 15.318642 18.944795 -2.686715 -25.907164 -12.276857 17.405371 -37.922703 -18.740366 -27.543218 -22.942101 -13.501960 13.445827 -1.209172 2.021518 -3.039054 -1.908674 13.930869 0.949775 8.140645 -3.380278 -8.580132 -7.827078 5.043181 -14.718881 20.550118 -15.214692 -2.942498 -30.918720 3.037311 12.360842 -1.263610 12.512889 -0.929451 1.722390 -9.865871 28.022593 -4.324743 -0.938862 1.202968 5.976486 -1.552568 7.809407 31.326601 -6.794701 31.022385 -32.211845 -13.036658 31.601355 -7.156534 0.980056 -5.648722 -27.155701 -30.400005 17.503811 4.160582 -5.913880 -3.958384 -14.216513 2.159906 18.566259 3.382970 7.445510 -3.352069 -5.880748 1.512705 -7.923912 -13.014686 -3.401393 -3.788583 -7.684323 -46.266922 2.235212 -5.608946 1.029876 -11.703114 16.335672 -38.794044 -14.083620 11.558704 -16.303030 12.179166 -13.083343 -16.419836 10.533336 -0.444157 1.980265 -1.990240 
-8.566490 106.863617 -0.121865 16.044838 25.550568 18.769944 3.517517 13.144615 -0.154937 -9.556305 1.154323 -19.014765 2.449826 20.595270 4.904701 -1.941439 3.458137 1.887507 2.643687 14.352830 2.564639 3.374960 0.985259 6.739922 3.527054 16.528967 2.802207 0.867711 1.436851 -4.275781 0.584624 9.829402 3.282563 -0.653025 -0.928683 2.809536 3.159593 11.714899 7.155919 -4.651983 22.764409 4.340149 9.631369 -4.583898 13.819281 16.204171 20.657897 -2.218867 -25.880152 -12.276578 17.399384 -41.652126 -21.124172 -28.812190 -22.950842 -13.490900 13.458050 -0.653648 1.712715 -4.489547 -1.912689 13.919235 0.939035 9.152894 -3.370376 -9.172019 -7.815240 5.053047 -14.719710 23.495596 -16.873296 -4.504580 -30.916027 3.029307 12.357788 1.439762 11.516220 3.619959 1.729912 -9.851002 28.016619 -3.238684 -0.960718 2.052778 5.970723 -1.567331 7.817497 30.814713 -7.333518 30.837440 -32.217106 -13.039805 31.593946 -7.541575 0.926434 -5.351486 -27.153967 -30.386902 17.510868 4.484933 -7.308651 -6.151745 -14.220649 2.158024 18.570658 3.404530 6.198575 -4.035564 -5.896650 1.512530 -7.897632 -13.068599 -2.972469 -3.252820 -7.693688 -46.266983 2.232713 -6.293191 0.823603 -11.823385 16.342365 -38.789703 -14.105052 11.130557 -15.840757 12.359760 -13.095419 -16.404984 10.538771 -0.792079 2.013212 -2.729281 
-4.949455 106.436981 -0.691359 17.610637 26.703075 20.486201 3.494692 13.150292 -0.163573 -8.643035 0.985832 -19.132559 2.439900 20.604534 4.905256 -1.722864 3.944752 1.811106 2.636993 14.361029 2.564939 3.546866 1.173178 7.225176 3.515860 16.522747 2.804350 0.356034 0.179061 -5.152365 0.586543 9.827989 3.300937 -0.044816 -1.076100 3.336753 3.156089 11.731591 7.131999 -5.434820 24.046627 3.834948 9.632164 -4.580689 13.807094 17.058181 22.644241 -2.462994 -25.861776 -12.285116 17.396349 -44.929650 -22.730262 -28.967765 -22.956118 -13.468675 13.465396 0.180759 1.199133 -5.859550 -1.920270 13.915583 0.936658 10.411661 -3.228172 -9.729080 -7.813019 5.059756 -14.721808 26.168553 -18.013482 -5.773711 -30.916777 3.024600 12.360127 3.773717 10.445194 6.951244 1.728467 -9.839534 28.008324 -2.504510 -1.357334 2.472811 5.967063 -1.579933 7.822825 30.072889 -7.807313 30.474132 -32.221924 -13.045260 31.592569 -6.916896 1.272674 -4.482892 -27.157665 -30.379202 17.514297 4.524994 -8.283977 -7.260596 -14.218312 2.158594 18.578880 4.082077 4.700006 -3.668013 -5.908181 1.517681 -7.872543 -13.796717 -2.521347 -2.225422 -7.697493 -46.268330 2.235606 -6.563604 0.978795 -11.682327 16.346426 -38.786930 -14.119104 10.770566 -15.979426 12.651040 -13.110164 -16.389784 10.542050 -1.564641 2.209161 -3.151388 
-1.768339 105.885330 -1.277318 19.485941 27.956915 22.001947 3.473112 13.155925 -0.171867 -7.381695 1.147266 -18.243611 2.436150 20.611311 4.907394 -2.093126 4.458556 1.697450 2.632210 14.366637 2.564597 3.411334 1.261433 7.343805 3.516517 16.521152 2.800688 -0.099729 -0.834509 -6.045349 0.585108 9.830347 3.313408 0.337338 -1.111060 3.722654 3.150550 11.745872 7.108796 -6.179099 24.944534 3.221680 9.643004 -4.574985 13.810477 17.842809 24.730255 -2.952292 -25.838644 -12.300675 17.395206 -48.045361 -23.975231 -29.385847 -22.967028 -13.450830 13.476720 1.025016 0.846848 -6.893035 -1.928917 13.911109 0.923393 11.635484 -2.739536 -10.004989 -7.804827 5.062694 -14.726956 28.580250 -18.282854 -7.350025 -30.911728 3.025776 12.369406 5.728642 9.227913 9.679035 1.735930 -9.833939 28.018085 -1.386091 -1.582082 2.718973 5.956249 -1.595410 7.835125 29.732377 -7.738707 29.769543 -32.227501 -13.044315 31.593662 -6.304479 1.634723 -3.775961 -27.152376 -30.364614 17.526331 4.455704 -9.045706 -8.014498 -14.214571 2.164062 18.589338 4.214376 3.333902 -3.602897 -5.924599 1.511035 -7.852440 -14.444546 -1.769326 -1.472644 -7.695013 -46.278877 2.240397 -6.671263 1.064746 -11.515716 16.354469 -38.776062 -14.133948 10.967669 -16.162768 12.632092 -13.123486 -16.383003 10.540714 -2.498422 2.183661 -3.057971 
0.981092 105.292351 -1.783927 21.080248 28.631789 23.109438 3.460269 13.155513 -0.180862 -6.411857 0.920852 -17.919479 2.429114 20.608606 4.903028 -2.147119 4.923367 1.321463 2.633845 14.376889 2.559123 3.580428 1.247506 6.975653 3.511786 16.518393 2.806743 -0.498419 -1.812398 -6.959227 0.587513 9.831447 3.320945 0.832906 -0.897864 3.616808 3.154465 11.752277 7.090475 -6.809657 25.586442 2.531291 9.643089 -4.575490 13.810636 18.162820 26.925820 -2.930991 -25.818094 -12.303250 17.385593 -49.936831 -24.408943 -29.194339 -22.970188 -13.439586 13.485605 1.237967 0.690814 -7.402899 -1.927019 13.907414 0.915576 12.809837 -2.191994 -9.954709 -7.806339 5.064136 -14.721199 31.067290 -18.530761 -8.748511 -30.900021 3.021089 12.375946 7.150206 8.542328 11.803399 1.738289 -9.823540 28.015694 -0.399334 -1.881310 2.970064 5.952679 -1.608427 7.836333 29.208269 -7.846935 29.634094 -32.220688 -13.047159 31.588133 -5.252713 1.573071 -2.870568 -27.140524 -30.350054 17.536861 4.363403 -9.736056 -8.759562 -14.208249 2.161295 18.595263 4.557190 2.026692 -3.390602 -5.934325 1.513003 -7.843266 -15.323999 -1.809667 -1.103156 -7.684310 -46.277348 2.238083 -6.175040 0.983697 -11.238428 16.352201 -38.763355 -14.139476 11.065310 -17.118367 12.503401 -13.131439 -16.369898 10.536196 -2.949482 2.138126 -2.920877 
3.159010 104.789215 -2.159739 22.371260 29.235860 23.758685 3.458843 13.151625 -0.189289 -5.736092 0.739471 -17.628783 2.434759 20.600883 4.905317 -2.657599 5.160406 1.137011 2.633785 14.379849 2.560926 3.785834 1.562409 6.823487 3.508671 16.518366 2.809402 -0.957511 -2.099237 -7.487891 0.581128 9.831285 3.325139 1.244251 -1.115593 3.307975 3.149896 11.758024 7.086036 -6.667653 25.722262 2.466359 9.652675 -4.583525 13.808652 18.424951 28.133039 -3.265611 -25.809456 -12.307711 17.389462 -51.074413 -24.403952 -29.142822 -22.969505 -13.427079 13.491586 0.866915 0.663102 -7.701865 -1.931256 13.905692 0.905652 13.692540 -1.562385 -9.938360 -7.807049 5.062367 -14.722932 32.906926 -18.104364 -9.720563 -30.892654 3.019832 12.379217 8.350661 7.904831 13.103732 1.742821 -9.824344 28.013884 0.332546 -2.034514 3.261374 5.948111 -1.617491 7.836756 28.715727 -7.972969 29.252679 -32.218491 -13.060058 31.585802 -4.182380 1.673583 -2.347316 -27.130985 -30.341520 17.548958 4.169351 -9.894252 -8.667180 -14.200143 2.165285 18.601967 4.904440 1.123101 -2.760767 -5.943662 1.513180 -7.839685 -16.091214 -1.512081 -0.799845 -7.675928 -46.275616 2.236413 -5.424648 0.942693 -11.222680 16.346010 -38.759869 -14.146404 11.393929 -17.654354 11.852017 -13.144166 -16.363497 10.522385 -3.124782 1.883821 -2.873136 
4.541805 104.441597 -2.370070 22.926575 29.561407 24.119058 3.456644 13.152030 -0.190178 -5.173836 0.714518 -17.681061 2.434783 20.597368 4.906036 -2.840490 5.569676 1.121834 2.637135 14.381230 2.552998 3.710390 1.415310 6.345322 3.509402 16.514200 2.814322 -1.322381 -2.282029 -7.719857 0.582020 9.834928 3.321372 1.579858 -1.010280 3.451973 3.152058 11.763752 7.084527 -7.156798 26.217732 2.238712 9.661707 -4.589095 13.807024 18.421527 29.420002 -3.529666 -25.798214 -12.306968 17.386881 -51.689280 -24.548994 -29.250172 -22.968935 -13.424957 13.496637 1.114949 0.606391 -7.879288 -1.927168 13.904151 0.900324 14.274015 -1.178756 -9.681086 -7.805105 5.061129 -14.715940 34.205283 -18.165824 -10.515940 -30.883615 3.020113 12.384048 9.092137 7.676690 14.022309 1.742808 -9.819242 28.007246 0.684177 -2.274799 3.639404 5.949075 -1.621595 7.836755 28.331505 -8.125553 29.030346 -32.208481 -13.065383 31.585016 -3.587858 1.548661 -1.806396 -27.119770 -30.332354 17.549938 3.755935 -9.879239 -8.805132 -14.193453 2.166806 18.601311 4.827832 0.678277 -2.631654 -5.945636 1.510432 -7.833944 -16.731610 -1.928428 -0.688195 -7.668368 -46.270271 2.231235 -5.226943 0.903697 -10.744758 16.337280 -38.752312 -14.147000 11.652662 -17.776694 11.652059 -13.142036 -16.356697 10.520287 -3.125392 1.735665 -2.753320 
5.014039 104.358200 -2.438637 23.645661 29.673876 24.385351 3.456672 13.149671 -0.194702 -5.137601 0.641491 -17.480814 2.430751 20.600622 4.901016 -2.961818 5.790753 1.161689 2.640037 14.385073 2.556265 3.702307 1.372461 6.388628 3.507353 16.518818 2.812068 -1.446345 -2.210152 -7.866262 0.585942 9.834008 3.326199 1.949638 -1.092924 3.276426 3.148186 11.763384 7.079319 -6.840642 26.047124 2.425357 9.662686 -4.585503 13.808839 18.485839 29.921935 -3.728065 -25.801620 -12.308641 17.390205 -51.795134 -24.381016 -29.127591 -22.968849 -13.429415 13.498553 1.208795 0.523777 -7.967986 -1.930217 13.903026 0.898556 14.251072 -1.038425 -9.848887 -7.809758 5.058987 -14.715231 34.501529 -18.072156 -10.519242 -30.884281 3.021360 12.385252 9.355528 7.595520 14.260661 1.747990 -9.824646 28.009771 0.758723 -2.409404 3.396179 5.944828 -1.625947 7.839596 28.437090 -8.121068 29.050864 -32.213013 -13.067698 31.583956 -2.944202 1.461210 -1.869905 -27.118034 -30.331701 17.558701 3.664480 -10.171422 -8.652478 -14.197841 2.164670 18.607468 5.015572 0.463635 -2.875252 -5.945517 1.516656 -7.833267 -16.666608 -1.866946 -0.681250 -7.668261 -46.278446 2.232448 -5.141100 0.924922 -10.707308 16.341780 -38.753487 -14.153639 11.816675 -17.902880 11.413444 -13.143253 -16.358612 10.516355 -3.388400 1.858339 -2.760199 
4.720500 104.528824 -2.366664 23.360733 29.579985 24.405164 3.455951 13.151844 -0.192660 -5.295207 0.367681 -17.384659 2.433808 20.599237 4.901015 -2.723714 5.529034 1.129801 2.635914 14.383394 2.552377 3.725167 1.226148 6.378919 3.506604 16.515732 2.810340 -1.110173 -2.215946 -7.613138 0.585179 9.836031 3.328185 1.760532 -1.002889 3.456054 3.147120 11.766280 7.082736 -7.352460 26.274729 2.467824 9.657969 -4.584144 13.804322 18.281080 29.691758 -3.656754 -25.801287 -12.304438 17.387060 -52.067362 -24.524909 -28.999525 -22.964247 -13.430119 13.496956 1.365126 0.635875 -8.084819 -1.929801 13.903215 0.901918 14.354684 -1.265338 -10.124255 -7.807787 5.057310 -14.716599 33.983207 -18.385085 -10.434438 -30.886745 3.021994 12.381483 9.303759 7.653862 14.238791 1.745032 -9.821021 28.005774 0.412690 -2.424606 3.495017 5.949723 -1.623882 7.842610 28.389733 -8.412782 29.370479 -32.213295 -13.068921 31.583738 -3.239112 1.743818 -1.725873 -27.117363 -30.329504 17.552395 3.718308 -9.811650 -8.721043 -14.198215 2.162187 18.603046 4.965896 0.506680 -2.548303 -5.943043 1.514732 -7.835610 -16.483968 -1.985836 -0.559816 -7.670977 -46.273750 2.236203 -5.462617 0.965638 -10.912929 16.340797 -38.751030 -14.149734 11.775483 -17.706943 11.671073 -13.142514 -16.354031 10.517402 -3.389950 2.008710 -2.882952 
3.991940 104.926155 -2.207949 22.640815 29.508470 24.035612 3.458833 13.155536 -0.190154 -5.264788 0.604587 -17.485511 2.432175 20.599836 4.906388 -2.484453 5.474850 1.179398 2.632202 14.380490 2.552323 3.739885 1.507133 6.865484 3.504371 16.514046 2.812223 -1.188210 -2.247266 -7.492610 0.584620 9.832111 3.325902 1.563529 -1.222401 3.737361 3.149207 11.759041 7.078164 -7.132169 26.317347 2.600728 9.657485 -4.584139 13.804430 18.488608 29.288719 -3.264612 -25.798042 -12.308080 17.386461 -52.329266 -25.095971 -29.170638 -22.968645 -13.424297 13.497125 1.383025 0.503480 -8.028027 -1.930570 13.903178 0.904668 13.905463 -1.313981 -10.042182 -7.801828 5.066335 -14.719180 33.197448 -18.712910 -10.181435 -30.887497 3.013862 12.375658 8.896763 7.909739 13.945902 1.742136 -9.819723 28.004791 0.442439 -2.117463 3.492461 5.948656 -1.620618 7.840721 28.562606 -8.749763 29.835653 -32.216923 -13.063785 31.585188 -4.106751 1.766515 -2.463342 -27.124912 -30.335089 17.545565 3.950584 -9.861035 -8.943548 -14.196457 2.162907 18.599453 4.756323 0.823108 -2.742658 -5.938044 1.509205 -7.834200 -16.067247 -1.927309 -0.597477 -7.669331 -46.272198 2.236514 -6.492010 0.892736 -11.373683 16.338034 -38.754475 -14.143443 11.808059 -17.357117 11.797047 -13.147589 -16.354225 10.523488 -3.233321 1.785146 -3.055463 
3.187942 105.455154 -1.994289 22.136628 28.923112 23.942427 3.457227 13.157866 -0.190676 -5.779180 0.363322 -17.542320 2.427253 20.603544 4.900055 -2.719626 5.221835 1.020972 2.631586 14.377773 2.555993 3.610944 1.454191 6.900105 3.508332 16.515360 2.816236 -1.040801 -2.489207 -7.203423 0.586237 9.831433 3.328391 1.580630 -1.189355 3.806890 3.150640 11.758240 7.079384 -7.236370 26.659412 2.734088 9.652594 -4.583984 13.809216 18.765320 29.281677 -2.263620 -25.800596 -12.304773 17.381977 -52.770028 -25.402619 -29.227315 -22.976137 -13.431343 13.494328 1.314666 0.518521 -7.938130 -1.928777 13.908440 0.905270 13.806404 -1.549272 -10.284527 -7.804982 5.065717 -14.712983 32.574139 -19.338885 -9.751739 -30.890522 3.014447 12.374571 8.536077 8.092966 13.910120 1.742183 -9.813481 28.002865 0.146649 -1.850049 3.187627 5.949968 -1.617993 7.842341 29.078284 -9.709391 30.623823 -32.218231 -13.063032 31.585453 -4.774277 1.527460 -2.720839 -27.129076 -30.339281 17.545366 4.273403 -9.919332 -9.233263 -14.196521 2.162215 18.594952 4.706163 1.150420 -2.655721 -5.936912 1.512602 -7.837499 -15.828490 -2.088921 -0.738997 -7.674182 -46.281864 2.237195 -7.349621 0.883550 -11.503656 16.337063 -38.755840 -14.142215 12.086132 -17.101805 11.624313 -13.145740 -16.354660 10.528287 -3.008822 2.057561 -3.043910 
2.568151 105.983170 -1.785922 22.277762 28.645728 23.730119 3.458098 13.158724 -0.194527 -5.960602 0.361808 -18.062854 2.422565 20.598534 4.898993 -2.762201 5.242815 0.766867 2.635435 14.382519 2.556642 3.569123 1.552315 7.456927 3.507785 16.519371 2.817007 -1.198231 -2.307075 -7.193384 0.583357 9.828253 3.330213 1.554607 -0.931484 3.976718 3.154045 11.757880 7.078498 -7.426396 27.012343 2.921688 9.655599 -4.584104 13.810543 18.618717 29.091787 -1.847583 -25.802126 -12.295810 17.386898 -53.037894 -25.797807 -29.382576 -22.976704 -13.431033 13.491117 1.311488 0.389705 -7.914029 -1.932575 13.908417 0.900531 13.782727 -1.702829 -10.376545 -7.807799 5.063586 -14.708606 32.343439 -20.333673 -9.772453 -30.897308 3.012708 12.366369 8.640688 8.248945 14.412307 1.745433 -9.814148 28.000767 -0.500165 -1.688915 3.327044 5.951532 -1.614088 7.841743 29.209468 -10.551961 31.279524 -32.218304 -13.062221 31.585829 -5.536314 1.417929 -3.535294 -27.133350 -30.336805 17.546268 4.344887 -9.809269 -9.274297 -14.198556 2.168677 18.585213 4.927108 1.171410 -2.676056 -5.932765 1.516240 -7.836972 -15.357767 -2.262675 -0.824742 -7.675340 -46.281918 2.243958 -8.831528 0.536361 -11.905790 16.333998 -38.754559 -14.147532 12.428391 -17.112037 11.660619 -13.142570 -16.346317 10.531488 -3.203247 1.962378 -3.093881 
2.215538 106.426376 -1.614319 22.070670 28.422772 23.773804 3.460762 13.160372 -0.198499 -6.134490 0.225694 -18.295951 2.422833 20.604750 4.896910 -2.707175 4.888060 0.826700 2.636131 14.377168 2.554785 3.804657 1.580081 7.597318 3.509906 16.519665 2.815570 -0.952712 -2.285218 -6.818513 0.583788 9.828713 3.329780 1.726813 -0.831247 4.250641 3.156467 11.757143 7.078529 -7.374639 27.224741 3.129573 9.654664 -4.585376 13.812236 18.682704 29.061693 -1.178860 -25.798954 -12.297914 17.381386 -53.639726 -26.287144 -29.415678 -22.979235 -13.434241 13.490223 1.499244 0.536692 -7.855520 -1.930402 13.909778 0.902150 13.881519 -1.742148 -10.507337 -7.808418 5.069489 -14.705310 31.851201 -20.754961 -9.582304 -30.900297 3.011384 12.368821 8.579610 8.516669 14.273992 1.740620 -9.809946 27.993437 -0.785834 -1.450170 3.265541 5.948185 -1.617889 7.845681 29.589886 -11.303863 32.323221 -32.220692 -13.065030 31.588396 -5.837390 1.227666 -3.747825 -27.131067 -30.338902 17.538671 4.339749 -9.526873 -9.380000 -14.194481 2.168593 18.582808 4.838461 1.344501 -2.742608 -5.928133 1.514623 -7.836125 -15.247489 -2.416354 -0.518361 -7.678868 -46.289204 2.248866 -9.778980 0.528482 -11.952575 16.332760 -38.756184 -14.140708 12.857823 -16.758317 11.689066 -13.141768 -16.343725 10.534227 -2.938114 2.090215 -3.237444 
2.060015 106.723206 -1.507261 22.288943 28.462522 23.577856 3.461991 13.161255 -0.199783 -6.238852 0.230325 -18.164407 2.422902 20.599939 4.891664 -2.700351 4.786415 0.670895 2.637351 14.377297 2.555772 3.520458 1.527057 7.942176 3.510220 16.520321 2.820544 -0.769436 -2.322602 -6.884329 0.580839 9.826540 3.334842 1.540266 -0.692624 3.999858 3.153435 11.751702 7.074816 -7.506404 27.346336 2.942026 9.649490 -4.582207 13.814569 18.875327 29.338699 -0.312704 -25.797321 -12.297621 17.381716 -54.026745 -26.627595 -29.410644 -22.979401 -13.438011 13.492754 1.197378 0.437561 -7.695581 -1.927607 13.912406 0.900905 13.803087 -1.838017 -10.566414 -7.810019 5.067371 -14.711940 31.639496 -20.922560 -9.476848 -30.897787 3.012009 12.366752 9.126134 8.600427 14.843673 1.745391 -9.810685 27.995428 -0.699960 -1.481660 2.911313 5.946836 -1.614817 7.843385 29.834307 -11.875685 32.664833 -32.216461 -13.067209 31.589447 -6.357186 1.047425 -4.124433 -27.126509 -30.335495 17.540314 4.480408 -9.698765 -9.165900 -14.195772 2.166209 18.578054 5.022794 1.187940 -2.753193 -5.924314 1.514983 -7.838290 -15.033742 -2.331512 -0.249181 -7.677452 -46.291718 2.249742 -10.803548 0.607355 -12.161049 16.331493 -38.756805 -14.142735 13.512595 -16.921379 11.592551 -13.143804 -16.340849 10.530321 -3.033733 2.076194 -3.363164 
1.922785 106.874489 -1.446463 22.580008 28.545606 23.807874 3.459775 13.161128 -0.205609 -5.947985 0.337923 -18.316250 2.420743 20.600821 4.892485 -2.581866 4.995553 0.649797 2.640962 14.370885 2.553261 3.685083 1.464715 7.788387 3.512178 16.518127 2.819530 -0.827709 -2.241850 -6.723647 0.583107 9.827132 3.333936 1.578176 -0.281895 4.065070 3.151957 11.756925 7.076975 -7.395147 27.282373 3.292738 9.651236 -4.582115 13.812049 19.175314 29.166386 -0.585905 -25.795889 -12.297210 17.377640 -54.531585 -26.758238 -29.399815 -22.978252 -13.432476 13.487363 1.541059 0.381365 -7.622705 -1.934490 13.910156 0.905193 13.833126 -1.928580 -10.523146 -7.807886 5.068974 -14.706740 31.172656 -21.618570 -9.404841 -30.902534 3.014555 12.362576 9.141570 8.541345 14.623018 1.744182 -9.811766 27.990078 -0.721594 -1.626261 2.886708 5.944417 -1.616458 7.843339 29.900499 -11.995943 32.925589 -32.219517 -13.065075 31.594152 -6.359543 1.015966 -4.296860 -27.128838 -30.331707 17.536562 4.170110 -9.302182 -9.051097 -14.193171 2.166501 18.575291 4.851645 1.337413 -2.658060 -5.925684 1.516017 -7.836584 -14.953111 -2.427853 -0.283720 -7.680962 -46.290066 2.252844 -11.022233 0.299513 -12.175798 16.335503 -38.755817 -14.141902 13.653555 -16.826227 11.624539 -13.143740 -16.335264 10.532236 -2.977233 2.223599 -3.166881 
1.584806 106.893845 -1.405499 22.227404 28.301613 23.738445 3.462450 13.163886 -0.201946 -6.372942 0.199435 -18.282422 2.421185 20.597765 4.896877 -2.592094 4.959829 0.559502 2.638905 14.376540 2.555531 3.716569 1.615100 8.025578 3.512074 16.522165 2.818433 -0.808746 -2.276535 -6.482978 0.586263 9.825149 3.334568 1.507006 -0.478165 4.104039 3.155886 11.748749 7.075209 -7.310691 27.508145 3.511120 9.653251 -4.583201 13.815275 19.107604 29.228644 -0.213742 -25.799194 -12.297989 17.381790 -54.015523 -26.781781 -29.496916 -22.977148 -13.434916 13.488634 1.326474 0.270882 -7.700864 -1.933551 13.912172 0.901770 13.585672 -1.879194 -10.609176 -7.808080 5.067435 -14.706285 31.259624 -21.497633 -9.200991 -30.902699 3.011792 12.364645 8.746509 8.609505 14.536941 1.743948 -9.811142 27.988214 -1.043427 -1.388538 3.026635 5.948202 -1.615387 7.843841 29.930743 -12.221036 32.718324 -32.216698 -13.063002 31.586477 -6.416563 0.963823 -4.406497 -27.133945 -30.337404 17.535387 4.240044 -9.405764 -9.221466 -14.192272 2.171346 18.577286 5.120893 1.517559 -2.586684 -5.922881 1.516909 -7.836298 -14.991487 -2.517945 -0.282483 -7.678674 -46.286049 2.252150 -11.177301 0.425701 -12.163420 16.334671 -38.753632 -14.138854 13.550233 -16.763622 11.709301 -13.143481 -16.342396 10.529839 -3.049741 2.123570 -3.276676 
0.840108 106.794823 -1.342762 21.757484 28.304068 23.135842 3.463161 13.160189 -0.198602 -6.508080 0.464249 -18.275226 2.421458 20.599508 4.894530 -2.516099 4.805873 0.985790 2.636351 14.372452 2.561591 3.713497 1.400368 7.660266 3.513268 16.517296 2.817007 -0.803845 -2.001830 -6.647055 0.583346 9.825316 3.332036 1.454363 -0.621547 4.148902 3.154149 11.752383 7.085914 -7.268691 27.015971 3.192428 9.649777 -4.583107 13.814469 18.719528 28.153794 -0.771718 -25.804230 -12.295875 17.385366 -53.135767 -26.208940 -29.122871 -22.977030 -13.436790 13.483800 1.287124 0.429493 -7.256870 -1.932732 13.912333 0.908343 13.289649 -2.303670 -10.307490 -7.808688 5.064558 -14.704857 30.773141 -21.170219 -8.738726 -30.907854 3.016085 12.365592 8.206033 8.777434 13.666524 1.746099 -9.814350 27.997345 -0.916972 -1.338724 2.854998 5.950906 -1.607510 7.841354 30.123095 -11.399084 32.319496 -32.221294 -13.060259 31.589649 -6.452491 0.970285 -4.419574 -27.139921 -30.340242 17.533636 4.277347 -9.466220 -8.734292 -14.199010 2.170722 18.578876 4.656244 1.864222 -2.787631 -5.926072 1.517902 -7.839870 -14.743124 -2.372975 -0.671242 -7.680479 -46.288403 2.247134 -10.485648 0.486032 -12.111418 16.333771 -38.758419 -14.141215 13.258258 -16.420468 11.661649 -13.139895 -16.347712 10.530543 -2.976437 2.222529 -3.340899 
-0.396562 106.597595 -1.255197 20.678927 27.862063 22.509635 3.466243 13.158389 -0.190298 -7.001087 0.510936 -18.384349 2.426473 20.602573 4.895289 -2.280096 4.647416 0.872507 2.637332 14.379983 2.562257 3.837015 1.343128 7.678902 3.511707 16.517025 2.813960 -0.606789 -1.316826 -6.408495 0.581355 9.825835 3.323415 1.382522 -0.909293 4.055298 3.153626 11.749182 7.093485 -6.884741 25.913159 3.176559 9.647557 -4.582572 13.818600 18.238424 26.766340 -1.437252 -25.821627 -12.292439 17.391407 -51.339394 -25.353269 -28.949337 -22.972651 -13.445414 13.483356 1.032876 0.622504 -6.713545 -1.931857 13.911776 0.910227 13.019306 -2.117665 -10.468446 -7.808555 5.064454 -14.709698 29.597283 -20.440796 -8.193400 -30.904524 3.015334 12.366148 7.213057 9.326382 12.088345 1.740279 -9.821278 28.002159 -1.320987 -1.181219 2.888176 5.957510 -1.602420 7.840686 29.975682 -10.292479 31.928214 -32.222233 -13.055882 31.591797 -6.518477 1.070561 -4.704910 -27.143177 -30.351971 17.534689 4.233156 -9.128191 -8.479594 -14.205195 2.167826 18.579252 4.531774 2.357668 -3.108300 -5.924968 1.516962 -7.845358 -14.279346 -2.122596 -1.221081 -7.685357 -46.285400 2.242936 -9.190894 0.483827 -12.004069 16.338644 -38.756073 -14.137653 12.494942 -16.479332 11.765089 -13.133410 -16.356983 10.535583 -2.687267 2.478784 -3.218963 
-2.176779 106.265549 -1.159984 19.131413 27.592112 21.602560 3.474542 13.154225 -0.178744 -7.371808 0.743288 -18.671437 2.432590 20.601112 4.900177 -1.850950 4.495511 1.251356 2.636382 14.375667 2.565515 3.999213 1.217935 7.553086 3.511724 16.515829 2.810692 -0.295138 -0.387636 -5.958367 0.584579 9.826182 3.313277 0.932916 -0.727672 3.628913 3.145568 11.746341 7.111759 -6.235436 24.938928 3.333683 9.642730 -4.576596 13.813705 17.580649 24.740195 -2.313086 -25.837799 -12.284589 17.395208 -48.242466 -24.065367 -29.064805 -22.964872 -13.454847 13.475745 0.802885 0.809826 -6.287505 -1.934681 13.911267 0.923214 12.048899 -2.360853 -10.493451 -7.806722 5.065794 -14.714910 27.767224 -19.341197 -6.795935 -30.909927 3.014598 12.361390 5.751171 9.529318 9.706215 1.737432 -9.826357 28.006529 -1.834099 -1.169081 2.685812 5.960667 -1.592085 7.836821 29.641819 -8.841753 31.095898 -32.221367 -13.050162 31.591225 -6.375222 1.435142 -4.865830 -27.149206 -30.359163 17.525785 4.303615 -8.567720 -7.835013 -14.208975 2.165225 18.572577 4.049024 3.275558 -3.503669 -5.921577 1.517042 -7.854836 -14.001197 -1.968386 -1.797573 -7.692386 -46.269604 2.236604 -7.549970 0.985937 -11.917206 16.339399 -38.769329 -14.129519 11.226658 -15.790122 12.176075 -13.127383 -16.369366 10.536473 -2.280363 2.430186 -3.353971 
-4.496173 105.780128 -1.115269 16.844075 26.928417 20.085264 3.489682 13.148516 -0.162676 -8.196043 0.958361 -18.372753 2.442690 20.592264 4.906529 -1.751415 4.134661 1.716880 2.642482 14.375338 2.563836 4.334540 0.945563 7.265592 3.513546 16.521685 2.810358 0.251141 0.398670 -5.553141 0.589609 9.834851 3.293766 0.674316 -1.072388 3.095000 3.145473 11.741174 7.132660 -5.685140 23.977664 3.288778 9.641438 -4.582425 13.813488 17.081427 22.274714 -2.759161 -25.859072 -12.276655 17.401701 -44.331182 -21.898090 -28.482370 -22.960745 -13.465245 13.463043 0.312071 1.230090 -5.573427 -1.933226 13.917853 0.933624 10.928058 -2.558797 -9.662649 -7.807928 5.059609 -14.718564 26.188171 -17.726113 -5.871631 -30.911867 3.017176 12.361487 3.600144 9.887963 6.377474 1.733565 -9.836834 28.010508 -2.298194 -1.441232 2.335264 5.968751 -1.574782 7.828253 29.627165 -6.840170 29.225232 -32.218678 -13.041247 31.588770 -5.645979 1.746473 -4.485117 -27.157408 -30.374668 17.516308 4.336624 -8.512360 -6.758669 -14.213107 2.160767 18.574593 3.284463 4.426979 -3.617967 -5.916605 1.513380 -7.862617 -13.989033 -2.085202 -2.255281 -7.692641 -46.254459 2.221436 -4.550907 1.227144 -11.537608 16.335457 -38.774876 -14.118773 10.065132 -15.887551 11.973107 -13.117081 -16.395432 10.541331 -1.500036 2.420459 -2.913957 
-7.388328 105.122803 -1.117973 13.853537 26.300157 17.930818 3.508591 13.135279 -0.149975 -8.847440 1.301001 -18.004380 2.463557 20.593002 4.911512 -1.311136 3.511761 2.058941 2.641255 14.372880 2.554553 4.363112 0.568082 6.734237 3.524588 16.518881 2.809115 0.686181 1.676580 -5.907752 0.588032 9.839526 3.273172 0.282467 -0.968166 2.443607 3.142923 11.734406 7.156989 -4.460616 21.527336 3.159862 9.633653 -4.581737 13.814817 15.579708 19.766535 -4.057829 -25.886309 -12.272882 17.413692 -40.025281 -19.664859 -27.445254 -22.952299 -13.479570 13.463138 -0.563011 1.986565 -4.613840 -1.930001 13.920382 0.946672 9.770690 -2.057176 -8.718995 -7.809104 5.054207 -14.724989 23.772514 -14.676989 -4.813369 -30.909332 3.012874 12.363327 1.641437 9.942735 2.091385 1.721308 -9.852593 28.018660 -2.677596 -1.529311 1.723936 5.967320 -1.563817 7.808358 29.597894 -3.597824 27.508481 -32.218140 -13.032489 31.601347 -4.752205 1.996859 -4.555065 -27.157495 -30.387772 17.503927 4.503268 -8.206123 -4.868577 -14.217456 2.160188 18.578623 2.819250 5.580220 -3.936055 -5.910075 1.507046 -7.880761 -13.750469 -1.667426 -3.070472 -7.684063 -46.241463 2.217064 -1.176511 1.322830 -10.846743 16.330311 -38.788555 -14.110305 8.417127 -15.367347 11.807489 -13.109637 -16.418686 10.536957 -0.984416 1.764399 -2.214594 
-11.010352 104.325066 -1.134850 11.766052 25.809656 16.082225 3.524093 13.118855 -0.139615 -9.551673 1.691922 -17.502112 2.484847 20.587082 4.914341 -1.292675 2.453090 1.941225 2.642636 14.366398 2.547796 4.244389 0.072996 5.688280 3.537600 16.520939 2.811749 0.809377 2.155713 -6.065377 0.587101 9.847795 3.254102 -0.507459 -0.797339 1.848314 3.146508 11.730127 7.170130 -3.471405 19.045352 3.246327 9.627844 -4.583138 13.826282 14.504077 17.505220 -4.754796 -25.913694 -12.275049 17.417498 -36.609834 -16.484139 -25.428419 -22.948875 -13.493819 13.456059 -1.458466 2.572207 -3.484317 -1.924594 13.927227 0.956041 8.613760 -1.528292 -7.804669 -7.815875 5.053078 -14.724331 21.972543 -12.001780 -3.826282 -30.907061 3.013637 12.373221 -1.323812 9.423915 -2.901847 1.707713 -9.864333 28.024139 -3.308574 -1.655744 0.721188 5.969363 -1.546719 7.794651 29.354828 -1.424996 25.816636 -32.213409 -13.029258 31.613979 -3.119101 2.496445 -3.654155 -27.154823 -30.397354 17.495401 4.431834 -7.768187 -2.950361 -14.214929 2.163895 18.582977 2.406603 6.858952 -3.758154 -5.905735 1.510139 -7.898435 -14.185423 -1.475092 -3.527057 -7.676538 -46.234253 2.217204 3.123813 1.807448 -10.271828 16.323339 -38.806656 -14.092317 7.026264 -15.995185 11.473896 -13.096596 -16.440748 10.532447 -0.437011 1.328498 -1.084638 
-15.616788 103.458298 -1.019753 11.318376 26.796162 16.036825 3.530340 13.100570 -0.136087 -9.578198 2.134292 -17.024173 2.496756 20.571468 4.912660 -0.974603 2.543960 1.559080 2.632837 14.362251 2.543921 3.871749 -0.390105 4.564938 3.561256 16.513182 2.825043 0.232023 1.964282 -6.642066 0.586614 9.854748 3.243443 -1.205202 -0.483311 1.100161 3.151412 11.727717 7.176142 -1.923934 16.844297 3.834060 9.616888 -4.584260 13.835956 13.509903 16.420774 -6.073872 -25.932905 -12.290749 17.420561 -34.103285 -13.759104 -24.154821 -22.954323 -13.499937 13.453944 -2.339977 2.832582 -1.870248 -1.926490 13.941285 0.958094 7.792681 -1.113975 -6.574650 -7.826491 5.048430 -14.731903 20.959870 -9.608784 -3.153038 -30.896500 3.005908 12.388579 -4.278930 8.810439 -7.842929 1.694805 -9.869930 28.038584 -3.592252 -1.488392 -0.157665 5.970078 -1.538190 7.781394 28.875410 0.009225 24.364301 -32.199856 -13.024326 31.641695 -0.918880 2.918416 -1.993705 -27.160805 -30.404987 17.490921 4.310798 -6.752417 -2.191657 -14.216398 2.174480 18.587824 2.408700 7.486523 -3.268322 -5.897909 1.513060 -7.927628 -15.244151 -1.264281 -3.761466 -7.661556 -46.238731 2.223498 6.436906 2.625671 -9.539250 16.327192 -38.822590 -14.063022 6.465437 -17.174333 11.438297 -13.088401 -16.450560 10.523733 -0.237119 1.308405 -0.571930 
-21.221323 102.665970 -0.436640 13.882564 30.147751 18.035046 3.534805 13.078105 -0.149878 -8.850143 2.414708 -16.610636 2.501329 20.552158 4.925014 -1.819720 3.553119 1.545828 2.627202 14.338031 2.549865 3.634134 -0.452092 3.923324 3.576750 16.515383 2.825392 -0.556148 1.181784 -6.576583 0.580341 9.870985 3.241626 -2.712140 -0.333771 1.156306 3.171791 11.723795 7.167772 -0.517911 15.256133 5.084798 9.606830 -4.585357 13.841661 12.882176 16.216280 -7.383369 -25.938311 -12.318507 17.408859 -33.478965 -11.301099 -24.460760 -22.962214 -13.494669 13.440446 -1.796406 2.383944 -0.550495 -1.927474 13.953034 0.955986 6.773036 -1.070371 -5.693907 -7.843556 5.042767 -14.730693 21.442301 -8.163353 -3.687051 -30.895069 3.004038 12.405602 -7.940523 7.982434 -13.091581 1.685474 -9.872518 28.048754 -4.338463 -0.867616 -1.010972 5.962514 -1.532351 7.773804 28.399756 -0.324390 24.481471 -32.196770 -13.029398 31.663731 1.935685 3.858213 0.747822 -27.172815 -30.414053 17.487976 3.548062 -4.505635 -2.405600 -14.217157 2.186235 18.591980 2.609760 7.956986 -2.986113 -5.895337 1.512065 -7.942496 -17.079020 -2.091431 -3.356110 -7.647912 -46.251801 2.244566 8.325398 3.566632 -8.175895 16.338671 -38.840675 -14.040035 6.952415 -17.609276 12.233425 -13.082792 -16.447395 10.525851 -0.267291 1.789399 -0.443855 
-27.399130 101.982079 1.222695 17.899585 33.800981 20.851644 3.557969 13.058750 -0.177606 -8.524980 2.282320 -16.885368 2.489984 20.527119 4.944062 -3.121715 5.429675 0.416598 2.622082 14.316411 2.561853 2.915701 -0.511184 4.144448 3.591411 16.513630 2.816093 -2.143874 1.523202 -6.402089 0.576215 9.862432 3.239380 -4.542706 -0.513092 1.760265 3.192340 11.714672 7.155080 0.403562 14.716467 6.424003 9.593720 -4.573616 13.841097 12.008357 16.243925 -7.393518 -25.904524 -12.344520 17.399061 -33.573945 -9.465958 -25.073478 -22.960598 -13.501674 13.425885 -0.824514 1.867716 0.999084 -1.908009 13.957633 0.947453 6.125980 -1.093272 -5.688035 -7.853709 5.033904 -14.716269 22.786022 -7.904302 -4.719025 -30.880136 2.991790 12.410085 -12.380991 6.724120 -18.101712 1.693215 -9.859002 28.041599 -4.704309 0.200498 -0.572364 5.953863 -1.533267 7.766196 27.627540 -2.042838 25.873665 -32.174252 -13.036625 31.650421 4.253996 4.542771 3.593557 -27.168680 -30.420294 17.477661 2.458615 -0.827633 -4.067549 -14.208774 2.191714 18.569054 3.307572 8.736342 -3.685759 -5.897947 1.502103 -7.946676 -19.535917 -3.317777 -2.619018 -7.635617 -46.236084 2.270733 8.799778 4.807745 -7.248713 16.343454 -38.827301 -14.024181 7.877434 -16.681620 13.296662 -13.054305 -16.429342 10.523813 -0.187024 2.607640 -1.152153 
-33.283527 101.273132 4.926909 24.050098 36.563615 23.508932 3.584061 13.041480 -0.212784 -9.122597 2.084848 -17.556105 2.474270 20.524364 4.977693 -4.057365 6.843019 -0.932790 2.613113 14.298968 2.542490 1.632308 -1.310630 5.545001 3.602023 16.512529 2.790875 -3.864039 2.776756 -6.183795 0.572338 9.840583 3.237048 -5.221888 -1.780789 2.474564 3.198731 11.729245 7.164265 1.116606 13.074529 8.028034 9.579942 -4.533286 13.831264 10.719213 17.319166 -5.516462 -25.872683 -12.359948 17.391426 -32.865914 -8.013832 -23.561373 -22.946424 -13.496484 13.416730 0.480612 2.494197 1.381442 -1.890652 13.970443 0.937982 7.205696 -2.548237 -7.181325 -7.842554 5.034233 -14.682011 23.952949 -11.069233 -5.924671 -30.868357 2.982875 12.414453 -16.033540 3.169735 -23.858681 1.724012 -9.846736 28.032143 -3.479675 0.366269 -0.471726 5.933968 -1.538509 7.745953 27.315540 -4.830558 27.398252 -32.166477 -13.045454 31.607962 6.351752 4.103611 5.644567 -27.155712 -30.426413 17.457348 -0.570031 3.417260 -4.858135 -14.186485 2.184715 18.528988 3.786966 8.769583 -3.961983 -5.898436 1.494780 -7.935805 -21.297238 -4.083234 -2.779556 -7.635567 -46.217407 2.289573 9.763987 5.323332 -8.206532 16.314476 -38.788658 -14.031427 8.882289 -15.580855 13.928363 -13.010620 -16.391005 10.508079 -0.826632 2.958680 -1.706019 
-37.777042 100.664307 9.932006 27.545663 40.464291 24.972647 3.568877 13.023317 -0.208423 -10.545547 2.885823 -20.063530 2.453315 20.541018 4.988522 -4.021547 7.670873 -0.067207 2.587909 14.299564 2.514917 -0.003762 -2.903523 6.306106 3.601360 16.489296 2.777571 -5.282683 2.347237 -7.387262 0.576917 9.843957 3.257418 -4.352618 -2.792745 4.647315 3.216652 11.752860 7.151617 -0.200607 14.291811 7.897252 9.572077 -4.504018 13.817866 11.059512 19.367169 -3.107880 -25.862200 -12.356860 17.360567 -30.000892 -8.087799 -22.236127 -22.938061 -13.453912 13.420303 1.363288 4.837215 1.421677 -1.890584 13.967130 0.949971 9.696264 -5.364032 -11.500118 -7.823649 5.058152 -14.641141 23.405506 -19.557388 -6.096871 -30.837847 2.985741 12.406343 -18.139347 -2.201280 -29.201603 1.747476 -9.855194 28.009508 -1.669471 -0.380364 -0.173959 5.947884 -1.531356 7.740001 28.667902 -6.617467 29.427648 -32.145069 -13.019402 31.559263 6.879838 1.521828 8.074196 -27.158796 -30.423517 17.468348 -2.668328 3.801702 -5.864669 -14.161684 2.195975 18.505142 2.576130 7.749516 -2.861031 -5.894469 1.495858 -7.924248 -22.043047 -3.775320 -6.612289 -7.640946 -46.230755 2.269231 10.158736 5.794629 -8.632668 16.265680 -38.707832 -14.011240 10.177758 -15.207333 13.768872 -12.991550 -16.345394 10.490847 -2.045412 1.866197 -2.791234 
-40.387051 100.696175 14.143690 29.722186 47.767980 25.953194 3.544840 13.009598 -0.193798 -12.020881 3.134846 -21.839822 2.450433 20.540567 5.003387 -3.469700 7.939090 0.380172 2.592552 14.340810 2.501690 -0.448032 -3.562711 7.027465 3.577843 16.486950 2.784681 -4.711443 0.919149 -8.331619 0.572638 9.853862 3.287494 -3.508152 -2.502955 5.980805 3.206254 11.751379 7.107387 -0.947981 17.852808 6.693925 9.562965 -4.479527 13.816401 13.031096 21.688916 -0.822387 -25.864792 -12.362175 17.345789 -30.625322 -10.128396 -21.724894 -22.949097 -13.430117 13.449878 2.806059 5.125917 0.647263 -1.907509 13.946856 0.956154 11.666490 -5.342990 -16.283571 -7.811176 5.076980 -14.634031 21.742743 -28.229240 -7.770954 -30.786850 2.979930 12.377880 -19.645999 -6.135265 -31.358440 1.739422 -9.851902 27.997425 -1.121230 0.256666 0.526523 5.990345 -1.525025 7.772822 30.160131 -8.856548 32.418038 -32.144348 -13.006983 31.538815 7.721852 -0.300571 8.593332 -27.179375 -30.415525 17.504816 -2.874899 0.948823 -6.648280 -14.155276 2.192396 18.526182 2.532094 6.205088 -1.643278 -5.880210 1.496881 -7.931621 -20.707254 -3.463661 -9.326567 -7.623468 -46.245716 2.239393 8.813804 6.128710 -9.545169 16.235064 -38.656593 -13.998197 11.062994 -16.443177 13.855345 -13.013293 -16.319815 10.459762 -2.630271 0.676687 -4.238479 
-41.330940 101.185333 16.797892 29.508897 52.136541 25.708280 3.528723 13.000866 -0.184695 -13.285111 2.925025 -21.768988 2.450912 20.536058 5.019242 -3.030685 8.166412 0.125909 2.610549 14.361806 2.498348 -0.978890 -4.087487 7.083769 3.570799 16.486355 2.790474 -4.433293 -0.678530 -8.337370 0.569314 9.867969 3.312315 -3.270142 -1.822470 6.949252 3.187450 11.754787 7.067565 -1.661457 20.614744 5.382867 9.565747 -4.479342 13.819688 14.617973 23.220458 1.043474 -25.864798 -12.375954 17.338137 -33.740277 -12.387019 -21.859541 -22.963537 -13.429320 13.459146 4.038716 5.281640 0.064882 -1.924720 13.936040 0.948317 12.341587 -5.294371 -19.225055 -7.801986 5.076338 -14.642515 22.426619 -34.723678 -11.465162 -30.769197 2.983094 12.372671 -20.224685 -7.941156 -31.211290 1.722108 -9.834670 27.988256 -1.171643 1.354640 1.072886 6.012868 -1.522800 7.790487 30.274872 -10.971511 34.533785 -32.144524 -13.004865 31.530861 7.580643 -1.729612 8.805474 -27.192591 -30.413488 17.529984 -1.688555 -1.608460 -7.126400 -14.158292 2.197843 18.542337 3.484645 5.114164 -0.850333 -5.886893 1.494871 -7.938798 -19.741480 -3.128802 -10.069219 -7.605892 -46.256111 2.237191 6.736738 5.631022 -9.601619 16.225086 -38.636478 -14.000536 11.443227 -17.345537 13.953403 -13.039062 -16.313486 10.438915 -3.206002 -0.472870 -4.041809 
-41.462223 101.789871 18.175686 29.157367 53.664359 25.210157 3.533251 12.997044 -0.179447 -14.120499 3.306459 -21.287700 2.458308 20.534021 5.024323 -2.610116 7.812389 0.136901 2.618816 14.373846 2.501755 -1.126054 -4.738323 6.784837 3.567119 16.485924 2.790262 -4.119160 -1.090759 -8.154750 0.569838 9.877139 3.323139 -3.153742 -1.347881 7.523070 3.173477 11.754892 7.051240 -1.909201 21.645025 5.064227 9.558838 -4.480492 13.819459 15.264940 24.051330 1.560081 -25.870443 -12.385325 17.331778 -35.829646 -13.576866 -22.236985 -22.976652 -13.423985 13.461530 4.410490 5.320641 -0.567905 -1.938040 13.924734 0.944869 12.238847 -5.816981 -20.455944 -7.797567 5.077290 -14.651152 22.247186 -38.450659 -13.584834 -30.776146 2.985014 12.371134 -19.903866 -8.558810 -31.423388 1.718098 -9.833089 27.995142 -1.467441 1.739225 1.239123 6.020807 -1.519613 7.794100 30.448352 -12.112570 35.885916 -32.152138 -13.006084 31.536785 7.319267 -2.507454 8.885087 -27.195868 -30.419102 17.549595 -1.053908 -2.908207 -6.929864 -14.162776 2.188002 18.547789 3.685761 4.659715 -0.156129 -5.890933 1.489499 -7.947984 -18.847625 -2.837708 -10.453770 -7.599797 -46.265198 2.238406 4.851715 5.123327 -10.005548 16.223127 -38.637871 -14.003583 12.135773 -17.949771 13.948332 -13.061564 -16.317734 10.435900 -3.489744 -0.978796 -3.817643 
-41.289757 102.382111 18.655186 27.456013 53.783116 24.164087 3.531232 12.998137 -0.178870 -14.440220 3.179500 -20.909475 2.465670 20.537674 5.024575 -2.549649 7.975596 0.236371 2.622663 14.377430 2.511762 -1.508995 -4.909537 6.614039 3.577093 16.487255 2.787018 -3.886889 -1.641101 -7.127480 0.570587 9.877618 3.322251 -3.147083 -0.988013 7.584157 3.166679 11.759966 7.046279 -1.709124 22.575824 5.098480 9.558521 -4.477526 13.824458 15.218737 24.559863 1.673808 -25.871912 -12.392385 17.324627 -37.042520 -14.267304 -22.723051 -22.983028 -13.429303 13.463285 4.645230 5.220568 -1.020239 -1.941781 13.919060 0.940995 11.862051 -6.513041 -20.842473 -7.790718 5.078645 -14.650982 21.752964 -40.579585 -14.094355 -30.777309 2.997151 12.368307 -19.579910 -8.278259 -31.489983 1.716878 -9.832951 27.996206 -1.981421 2.111890 1.278618 6.020820 -1.516570 7.807883 30.780258 -12.930533 36.663701 -32.154438 -13.003834 31.539667 6.961614 -3.147227 8.730548 -27.199902 -30.427355 17.549847 -1.064757 -3.599775 -6.773044 -14.167089 2.182246 18.545704 3.766468 4.995250 0.021146 -5.889628 1.486911 -7.952381 -18.472856 -3.053238 -10.832947 -7.594128 -46.275848 2.240818 3.619116 4.858982 -10.541638 16.223837 -38.632286 -14.004420 12.747649 -18.138769 13.650060 -13.066748 -16.323437 10.437537 -3.830776 -0.500164 -3.575423 
-40.859402 103.031303 18.347509 26.804854 52.479543 22.932191 3.532525 12.999591 -0.180825 -14.662051 2.954649 -20.867667 2.470104 20.529432 5.017069 -2.688600 8.373981 0.219685 2.626063 14.373316 2.512167 -1.681641 -4.684668 6.693632 3.583899 16.484955 2.785086 -3.905840 -0.817978 -6.555777 0.571823 9.873837 3.312648 -3.259940 -0.653241 7.662545 3.169441 11.763149 7.052071 -1.616340 22.431977 5.039127 9.560199 -4.474132 13.828088 14.760587 24.870713 0.857950 -25.867054 -12.398406 17.318567 -37.327961 -14.053936 -22.441859 -22.985804 -13.430178 13.459710 4.582813 4.961754 -0.537564 -1.942777 13.916390 0.939511 11.121198 -7.415044 -20.085044 -7.779333 5.076598 -14.642999 19.433082 -40.589540 -12.897315 -30.788637 3.004338 12.364851 -19.955359 -7.155809 -32.378512 1.721857 -9.839016 27.999933 -2.318774 2.088112 0.785050 6.019191 -1.508347 7.803184 31.201960 -13.571996 37.088784 -32.152370 -13.007298 31.549700 5.862425 -2.772514 8.236680 -27.197615 -30.434002 17.545105 -0.872175 -4.040464 -6.623182 -14.173683 2.177393 18.533894 3.506543 4.960718 0.275165 -5.882654 1.490757 -7.950176 -18.000491 -3.362327 -10.675095 -7.596562 -46.275753 2.237521 2.383662 4.442172 -11.134908 16.221251 -38.630913 -13.998240 13.320931 -17.824811 13.500467 -13.057296 -16.330671 10.439289 -3.947639 -0.486410 -3.529114 
-39.769394 103.888687 17.060579 26.095959 48.930994 21.787863 3.547401 12.997507 -0.182011 -15.147824 2.860242 -21.453126 2.478793 20.528204 5.006270 -3.642043 8.672940 0.504615 2.630403 14.356314 2.533017 -1.919082 -4.874377 7.183622 3.597429 16.476454 2.781791 -3.715400 0.545883 -5.380004 0.578512 9.870308 3.290373 -4.135210 -0.582966 7.437786 3.172559 11.761853 7.070438 -1.895193 21.308781 4.798838 9.565328 -4.466811 13.835642 13.640104 24.436101 -0.955189 -25.859915 -12.395206 17.301920 -37.220484 -13.660814 -21.908218 -22.985966 -13.435156 13.450014 4.338778 4.897333 0.198813 -1.938872 13.917384 0.938696 9.192263 -9.048449 -18.356598 -7.764342 5.063104 -14.624543 15.710538 -37.840915 -9.351110 -30.799135 3.020915 12.368451 -20.425886 -4.865968 -33.227818 1.730786 -9.860104 28.003183 -3.069574 1.792515 0.564866 6.004179 -1.505259 7.803332 31.551150 -13.769037 37.561526 -32.141682 -13.006462 31.550617 4.275595 -1.972400 6.860124 -27.181311 -30.443821 17.531595 -0.952450 -4.294903 -5.804919 -14.180177 2.173491 18.521444 3.040832 6.112792 -0.180781 -5.882431 1.505216 -7.940326 -17.536126 -4.253379 -10.411488 -7.609522 -46.278721 2.235254 0.992613 4.770917 -11.549900 16.217047 -38.626369 -13.991371 13.782690 -16.798596 13.346555 -13.028688 -16.338217 10.449689 -4.263799 0.114738 -3.620418 
-37.137569 105.139366 14.362425 25.084104 39.265402 20.386002 3.572731 13.004735 -0.184916 -15.380678 2.735034 -22.573936 2.481490 20.532799 4.983166 -4.829020 8.778367 0.954981 2.637233 14.320552 2.570699 -2.158903 -4.692843 7.013473 3.619672 16.458504 2.781533 -4.051453 3.237959 -3.638856 0.585336 9.860065 3.245825 -5.626156 -0.622034 6.670998 3.190277 11.754564 7.121664 -1.730343 19.481199 4.794342 9.567697 -4.468213 13.849087 11.028087 22.377336 -3.699883 -25.842896 -12.385185 17.282656 -36.624079 -12.886514 -21.859787 -22.988386 -13.453901 13.422375 3.296436 4.130954 0.882165 -1.926045 13.935387 0.941877 5.371389 -10.847965 -14.042523 -7.757421 5.041589 -14.597178 12.396560 -31.810247 -4.906472 -30.823465 3.038024 12.385150 -20.070101 -0.803582 -32.731093 1.740975 -9.879128 28.025217 -4.153656 1.446282 0.052970 5.973155 -1.514841 7.780554 31.786150 -13.077437 37.406194 -32.144585 -13.020017 31.570950 0.798981 -1.506322 4.488447 -27.157269 -30.466089 17.494883 0.038168 -3.839190 -4.724344 -14.192718 2.173999 18.500919 2.418396 8.495035 -1.242819 -5.871419 1.523187 -7.932123 -17.095169 -5.287472 -10.015348 -7.624764 -46.268036 2.240372 -0.325123 4.771177 -12.514935 16.207792 -38.652565 -13.988242 13.244433 -14.989825 14.086678 -12.998325 -16.351618 10.470114 -4.180832 1.204399 -3.420871 
-32.162403 106.706779 10.192881 23.856336 26.410158 18.735878 3.587390 13.034238 -0.182826 -14.722936 2.926126 -22.444717 2.487375 20.549519 4.960948 -4.239527 8.362183 1.150567 2.657301 14.275270 2.591360 -1.228556 -3.839866 5.841771 3.631369 16.452974 2.787694 -3.508966 5.503279 -1.935392 0.586953 9.842420 3.206636 -7.712545 -0.016145 4.226063 3.205161 11.729138 7.182737 -0.200994 17.531156 5.234841 9.579585 -4.487677 13.851367 10.516627 19.429977 -4.377325 -25.845198 -12.378104 17.290329 -36.181810 -13.304487 -22.981602 -22.977421 -13.492518 13.387784 1.416881 3.837298 0.143705 -1.916451 13.948671 0.937314 1.481738 -10.272972 -8.923295 -7.770163 5.008089 -14.619343 13.169984 -23.287834 -2.878002 -30.859426 3.050087 12.387108 -17.545900 5.594765 -26.803699 1.745518 -9.874249 28.055334 -5.785274 2.091397 -0.055402 5.945813 -1.541483 7.753764 31.802884 -12.483955 36.495374 -32.167217 -13.059033 31.596821 -3.446576 -0.295363 0.617179 -27.138788 -30.477446 17.465725 2.167500 -1.719872 -1.599096 -14.208479 2.171287 18.499903 3.175480 10.463547 -2.704090 -5.853430 1.523637 -7.948643 -16.429755 -6.422701 -8.135587 -7.627841 -46.266335 2.255025 -3.317428 3.571478 -12.955857 16.221270 -38.715832 -14.008086 13.200038 -14.020328 15.917804 -12.990408 -16.376295 10.485501 -3.318106 2.118801 -2.525625 
-25.019516 108.097420 5.819143 23.415347 22.948917 20.562436 3.588042 13.085179 -0.171232 -13.816920 1.482920 -21.895169 2.498466 20.563875 4.925403 -2.110805 7.025782 1.080351 2.680091 14.289973 2.598295 -0.124849 -2.202266 5.795739 3.596089 16.475515 2.796859 -1.179072 5.054343 -1.988763 0.582203 9.853272 3.222703 -7.026991 0.417583 2.701347 3.219303 11.692583 7.195510 -0.817252 19.357588 5.307321 9.589963 -4.527096 13.850562 13.502280 17.831218 -3.083674 -25.881851 -12.351443 17.335224 -36.593582 -14.539051 -25.083106 -22.957006 -13.524188 13.397822 0.090329 3.162930 -0.844055 -1.908430 13.958244 0.943198 1.778940 -7.817385 -6.579970 -7.799503 4.992495 -14.680860 16.774492 -17.875790 -3.544633 -30.899971 3.060766 12.373120 -11.975305 12.557689 -15.223670 1.723210 -9.851581 28.063427 -5.889063 3.232218 -0.826032 5.967350 -1.563840 7.761372 32.163026 -12.410906 35.799528 -32.185062 -13.081817 31.624781 -7.500707 0.875489 -2.838519 -27.143724 -30.460243 17.482113 3.279808 -3.662027 -2.040517 -14.234300 2.160295 18.554232 4.815534 10.933031 -3.864794 -5.838858 1.515424 -7.955884 -14.031760 -6.166074 -5.811159 -7.643400 -46.298046 2.273821 -6.628351 2.171512 -11.443215 16.283316 -38.806313 -14.022726 12.639703 -16.068254 17.476996 -13.022110 -16.408211 10.509291 -2.254866 3.359011 -2.210719 
-16.696150 108.863518 2.855298 21.083496 23.348100 21.019438 3.571442 13.146142 -0.163770 -12.538542 0.847052 -21.762197 2.488778 20.593534 4.908871 -1.306078 5.669489 2.246840 2.686278 14.306640 2.586736 1.259955 -0.095700 6.111989 3.562509 16.514673 2.786602 1.212875 3.649335 -1.749315 0.574549 9.854202 3.253024 -5.290163 0.119203 2.831366 3.227268 11.680316 7.179490 -2.176676 22.076392 6.387760 9.609204 -4.561424 13.844326 15.833109 18.481916 -1.458669 -25.903053 -12.311187 17.365570 -38.395632 -17.633112 -28.004503 -22.946613 -13.525807 13.432443 -0.620837 1.920418 -2.652455 -1.895313 13.944143 0.952304 4.210989 -6.589957 -6.792530 -7.828237 5.017653 -14.740618 19.778131 -16.994163 -4.011929 -30.933184 3.073779 12.343149 -3.658575 14.509593 -3.081915 1.716761 -9.855377 28.052830 -5.471913 1.928053 -0.520904 5.985611 -1.579025 7.782866 33.151433 -10.688911 34.855009 -32.225639 -13.065109 31.619745 -10.546260 1.058118 -5.174530 -27.159323 -30.431961 17.494122 3.911566 -5.338421 -3.722781 -14.245026 2.158706 18.587608 5.149478 10.042775 -4.078320 -5.847135 1.506588 -7.941955 -12.748140 -6.396502 -4.155656 -7.675241 -46.318954 2.278205 -9.681931 0.610278 -10.606801 16.347399 -38.849422 -14.061933 13.145654 -17.606838 17.215176 -13.052175 -16.421907 10.541243 -1.446332 3.109741 -2.159863 
-8.748981 109.059692 1.152030 21.158116 25.677792 23.471272 3.527440 13.177763 -0.169821 -10.834230 0.526867 -21.711758 2.453917 20.630697 4.909550 -0.716466 5.704270 3.036222 2.673178 14.311142 2.575480 2.259141 1.304391 7.683828 3.539458 16.548523 2.787130 0.919575 1.044816 -3.465154 0.575953 9.851615 3.295536 -5.239988 -0.238277 3.284934 3.212889 11.691819 7.159065 -3.184110 25.561722 6.019173 9.637873 -4.567187 13.827950 17.743691 21.014564 0.129547 -25.880650 -12.312278 17.358282 -44.827836 -21.370721 -29.968838 -22.956577 -13.512668 13.462588 -0.024532 1.855101 -5.624245 -1.908742 13.933455 0.937730 6.810548 -6.669480 -7.407993 -7.819541 5.043090 -14.779781 24.987702 -18.434925 -5.862985 -30.953331 3.055084 12.338785 3.168776 13.208140 7.647313 1.723198 -9.830910 28.041098 -3.951817 2.199740 0.791900 5.979716 -1.607767 7.800155 32.661681 -11.610990 34.486038 -32.267078 -13.073548 31.627159 -12.393042 1.805728 -5.359495 -27.177101 -30.395184 17.508957 4.749816 -7.288831 -6.415616 -14.253925 2.186781 18.600487 5.734144 7.566603 -4.522232 -5.881439 1.497371 -7.903685 -12.850636 -6.207835 -1.320545 -7.700015 -46.350773 2.284222 -13.284058 -0.382843 -11.123658 16.385746 -38.873985 -14.094808 13.070975 -17.566084 17.117842 -13.079143 -16.394039 10.553446 -2.057333 2.456554 -3.469143 
-1.141058 108.887680 -0.250064 24.771411 28.752122 26.817759 3.481425 13.194274 -0.203006 -8.156989 0.694880 -21.063079 2.434282 20.660183 4.896973 -0.178059 6.807361 2.852208 2.660810 14.317152 2.574446 2.686700 2.104387 8.583081 3.545998 16.553391 2.805757 0.082897 -3.032718 -6.292909 0.574363 9.862866 3.326813 -5.664701 0.459067 3.716742 3.212836 11.714670 7.099360 -4.646899 28.873112 4.197132 9.644723 -4.555667 13.828166 20.001038 26.498436 1.151531 -25.826553 -12.347488 17.328194 -53.654076 -24.904639 -31.357258 -22.995653 -13.487210 13.493697 0.902188 1.221310 -8.402820 -1.919298 13.938713 0.919691 9.058700 -6.739794 -7.040510 -7.811902 5.063289 -14.807100 31.448441 -20.487376 -9.311921 -30.949612 3.041128 12.352508 8.054953 10.213079 15.510484 1.720860 -9.802980 28.047407 -1.824153 2.883400 0.895886 5.953409 -1.649690 7.817065 32.589640 -13.761790 34.455794 -32.286545 -13.091990 31.643965 -12.406333 2.732538 -3.971799 -27.187941 -30.364584 17.528000 5.048269 -9.553299 -8.859134 -14.240058 2.210246 18.622929 7.283066 4.413462 -3.960245 -5.909245 1.493455 -7.853232 -14.910156 -5.678752 2.108689 -7.693349 -46.400326 2.303612 -15.576996 0.168599 -10.872787 16.399059 -38.887928 -14.113414 13.821095 -18.783818 17.569541 -13.122893 -16.350321 10.564313 -4.099121 2.490207 -5.078106 
7.254931 108.548447 -1.664250 29.295122 31.935598 28.483769 3.472630 13.187088 -0.242523 -5.174927 0.877400 -21.011291 2.434836 20.699919 4.881872 -0.003055 7.463067 2.698684 2.670966 14.317604 2.558733 3.118022 2.310821 8.885896 3.558204 16.555372 2.825042 -0.186244 -5.767456 -8.752533 0.563173 9.901377 3.332869 -7.020750 1.627029 4.343100 3.231744 11.743525 7.045027 -6.602301 30.876833 2.609554 9.667343 -4.560232 13.827040 20.333389 33.325811 1.037022 -25.785826 -12.381956 17.303776 -59.132329 -25.557584 -31.606028 -22.995024 -13.465407 13.526731 1.351374 1.407609 -10.947081 -1.904866 13.939881 0.905324 10.576311 -6.597229 -5.338678 -7.823590 5.076401 -14.824235 37.821653 -21.106188 -13.264595 -30.937632 3.047790 12.378678 11.734762 8.003416 20.894852 1.723659 -9.796264 28.041279 -0.120118 2.377325 0.901446 5.918008 -1.700262 7.814640 32.374004 -15.403186 34.567502 -32.293079 -13.126554 31.670107 -10.578923 3.547705 -1.720381 -27.155161 -30.335142 17.541128 4.178928 -11.228682 -8.668203 -14.227075 2.228752 18.654400 9.206334 1.099518 -3.541513 -5.926873 1.487145 -7.817235 -18.899594 -6.293972 5.424348 -7.648528 -46.438740 2.330212 -15.385706 -0.096400 -10.430769 16.387218 -38.902287 -14.133944 15.856146 -21.369550 17.064401 -13.150047 -16.305191 10.565251 -5.892259 1.715029 -5.237835 
16.832010 108.191689 -3.006183 33.240570 32.177930 29.174501 3.486327 13.190567 -0.270721 -3.243786 0.912750 -21.756731 2.451843 20.725271 4.859341 -0.815240 8.113904 2.777971 2.685762 14.306371 2.569674 4.063234 3.613335 8.920536 3.573091 16.558487 2.815035 -0.913433 -7.870220 -9.639041 0.530511 9.902011 3.334695 -5.978690 2.668450 3.230262 3.232611 11.759844 7.039114 -7.211439 32.031815 1.482131 9.676311 -4.588161 13.829392 19.088125 39.016192 0.868994 -25.780645 -12.393068 17.318159 -57.212318 -22.440337 -31.418003 -22.957628 -13.447692 13.537382 1.178653 2.667852 -10.507930 -1.882430 13.931596 0.916037 9.308116 -6.676092 -3.987718 -7.841830 5.088885 -14.833396 42.676292 -23.396190 -16.256991 -30.917692 3.062741 12.387604 14.465306 6.328256 22.117759 1.725417 -9.806500 28.012041 -0.345675 0.496014 0.746722 5.917822 -1.736531 7.830406 32.091097 -15.987038 35.861041 -32.277122 -13.155313 31.710854 -8.620311 2.382589 -1.289791 -27.136528 -30.312828 17.529251 1.553348 -10.807077 -6.010294 -14.223636 2.234602 18.661715 11.291709 -1.608251 -3.342911 -5.941688 1.494849 -7.799212 -24.030074 -6.619205 7.416281 -7.617618 -46.466885 2.310852 -13.555661 0.420708 -9.309009 16.384892 -38.878395 -14.153497 19.323321 -23.955010 15.543806 -13.139580 -16.301992 10.525390 -5.883118 0.867350 -4.782250 
26.096014 107.953163 -4.218988 33.412777 31.967225 27.629138 3.470548 13.191543 -0.286880 -1.133937 1.592314 -21.322777 2.461784 20.722078 4.853879 -0.709091 7.901186 1.845301 2.683128 14.312189 2.571381 4.180790 3.770180 10.118548 3.598517 16.530279 2.805504 -0.412354 -9.203859 -9.690713 0.509678 9.889067 3.343835 -2.515158 2.495358 2.232144 3.211018 11.798297 7.056507 -6.885312 34.090628 -1.072940 9.662632 -4.613645 13.819859 18.611080 44.606459 0.670123 -25.766956 -12.381069 17.334572 -50.853443 -17.719169 -30.467941 -22.924324 -13.445058 13.537937 1.456003 4.151906 -8.580196 -1.883051 13.942286 0.934946 7.612400 -7.751357 -3.817174 -7.841663 5.082012 -14.827912 40.842752 -31.164470 -19.251079 -30.897724 3.057672 12.395606 14.583832 3.675475 19.683938 1.746371 -9.794263 27.991913 0.020812 -1.878419 -0.110786 5.925214 -1.738755 7.849808 30.199808 -16.911741 36.412691 -32.247234 -13.147725 31.721437 -8.209665 -0.117240 -0.090831 -27.134277 -30.290295 17.511681 -1.349488 -6.333669 -3.278726 -14.215768 2.244775 18.642752 11.335269 -3.666767 -2.080324 -5.956210 1.476457 -7.798570 -29.477119 -5.311654 9.828063 -7.590943 -46.465992 2.289923 -10.680990 -0.440264 -9.317855 16.392639 -38.840435 -14.140121 22.140417 -25.268923 13.962538 -13.122916 -16.297512 10.477010 -5.154020 -0.095252 -5.676463 
34.135658 108.171906 -5.386464 28.919202 31.086042 23.208566 3.462072 13.149748 -0.310048 1.094049 0.946706 -20.861443 2.458647 20.707043 4.851330 0.066417 6.765115 -0.098400 2.655923 14.333453 2.557991 2.771248 1.270470 12.277461 3.625848 16.536665 2.797911 1.135560 -10.472594 -8.119290 0.517969 9.856344 3.348770 -0.215870 3.368372 0.834390 3.181161 11.823619 7.073599 -6.270369 35.299039 -3.970970 9.627254 -4.636377 13.789839 21.549583 49.312323 1.898672 -25.762510 -12.361042 17.347879 -40.690712 -11.598881 -27.695773 -22.884321 -13.452537 13.527378 2.934516 5.203061 -6.536255 -1.893835 13.953211 0.944263 4.722076 -8.895009 -2.911080 -7.839656 5.077753 -14.798274 28.346887 -44.361163 -19.382405 -30.907747 3.075661 12.387689 5.422757 5.090355 8.149780 1.735968 -9.771534 27.986671 -0.062573 -2.531470 -2.704665 5.912223 -1.713639 7.860871 31.499169 -18.876227 34.958752 -32.211792 -13.120732 31.686481 -8.129094 -2.493428 0.532183 -27.151131 -30.283245 17.461176 -4.415849 -1.130539 -2.868691 -14.172796 2.221804 18.611359 9.597794 -4.417350 -0.444314 -5.973384 1.438538 -7.806671 -37.949156 -4.056855 12.082558 -7.605749 -46.412945 2.303015 -2.306923 -1.797025 -11.150862 16.393913 -38.843132 -14.092983 19.797790 -27.724197 14.164276 -13.097492 -16.278084 10.433868 -4.794009 -0.557646 -6.004925 
40.019962 108.725784 -6.281176 23.729725 30.129173 18.772693 3.450122 13.100544 -0.331877 2.374963 0.495771 -21.766375 2.436964 20.683838 4.862223 -0.155620 5.059447 -2.883993 2.629562 14.363013 2.559914 2.471092 -1.556693 13.970934 3.646612 16.573250 2.817222 1.885631 -10.776154 -6.809650 0.533352 9.819382 3.333007 0.644786 4.312060 -0.188910 3.170369 11.838334 7.082342 -5.980408 34.793438 -7.516707 9.613593 -4.646988 13.781763 23.374644 53.813271 0.973765 -25.766584 -12.331708 17.358931 -30.618300 -7.543471 -22.682915 -22.895014 -13.454960 13.485028 3.885388 5.033927 -4.555101 -1.897925 13.944082 0.943391 -0.120426 -10.061433 -1.253668 -7.852162 5.093734 -14.750765 0.987446 -52.695217 -7.759181 -30.918098 3.106708 12.393259 -12.684910 6.724869 -14.642792 1.705103 -9.770314 28.003403 0.061300 -3.319760 -3.917457 5.905429 -1.684214 7.869738 33.813890 -20.383468 33.706587 -32.189629 -13.102283 31.652197 -7.455100 -4.263467 -0.150357 -27.150784 -30.316620 17.432735 -5.759821 0.435041 -4.548503 -14.112631 2.200572 18.600710 7.040505 -4.279072 0.053005 -5.985420 1.439259 -7.811650 -49.845170 -2.648157 12.221486 -7.631631 -46.374218 2.319247 9.033971 -2.771999 -15.069136 16.371721 -38.861752 -14.044144 15.984661 -30.779558 13.825308 -13.075860 -16.258141 10.422835 -4.208461 -0.957766 -5.816424 
43.162621 109.108788 -6.765339 20.338258 29.446312 16.345025 3.441393 13.072928 -0.329889 3.150612 0.273726 -22.641450 2.416011 20.660492 4.874112 -0.690130 4.147273 -4.535115 2.610194 14.378032 2.556987 2.461618 -3.318048 14.660043 3.648516 16.596870 2.835378 1.628834 -10.584012 -6.221522 0.549450 9.793452 3.320593 0.792053 5.013578 -0.475460 3.155760 11.845704 7.085882 -5.839107 34.146096 -9.240127 9.609324 -4.661821 13.780847 22.239589 56.610220 -1.893763 -25.778379 -12.313560 17.373272 -24.901408 -6.425521 -18.109374 -22.909863 -13.438768 13.465645 4.476904 4.606452 -3.139448 -1.899552 13.936080 0.940831 -3.981964 -10.393252 0.216658 -7.868228 5.104247 -14.728920 -20.742477 -51.473398 3.944716 -30.931463 3.111398 12.399508 -24.052889 -0.596695 -36.307042 1.682710 -9.767941 28.014309 0.015501 -3.950842 -3.983458 5.911986 -1.656998 7.871878 34.612134 -21.206472 33.241561 -32.177246 -13.096197 31.629879 -6.941666 -5.189674 -0.421972 -27.154478 -30.345209 17.432144 -5.524388 0.796213 -6.023264 -14.082019 2.193503 18.597204 5.238779 -3.822564 0.659755 -5.992957 1.449132 -7.815058 -57.621539 -2.163346 11.596063 -7.647390 -46.349911 2.327552 15.884199 -2.939085 -19.028822 16.357489 -38.864643 -14.024447 13.598522 -32.797479 13.497399 -13.072865 -16.250830 10.421282 -3.157741 -1.456707 -4.931822 
44.014198 109.234146 -6.896245 19.033063 29.135630 15.519839 3.440354 13.071790 -0.331877 3.060643 0.114083 -22.690326 2.409284 20.654573 4.878626 -0.718584 3.653085 -4.993556 2.606713 14.384291 2.551426 2.325203 -3.643699 14.959270 3.649320 16.606531 2.835300 1.539086 -10.377405 -5.952205 0.548226 9.785498 3.309832 0.804722 5.009493 -0.191669 3.159736 11.845047 7.088972 -6.266946 34.045081 -10.045793 9.612754 -4.669784 13.789420 21.511085 57.540942 -2.739293 -25.784145 -12.308111 17.378963 -22.953110 -6.298628 -16.949651 -22.916183 -13.435991 13.461783 4.167432 4.379966 -2.629454 -1.897995 13.934377 0.941023 -4.936424 -10.886491 0.826436 -7.867188 5.106883 -14.718380 -26.242377 -50.479702 6.821220 -30.936972 3.115416 12.410783 -26.188832 -4.307467 -42.791600 1.674594 -9.770090 28.023663 0.010638 -4.065194 -3.991396 5.910677 -1.646942 7.872412 34.671891 -21.438637 33.746582 -32.181362 -13.095563 31.626530 -7.269715 -5.569794 -0.635653 -27.165318 -30.355450 17.425442 -5.719582 0.936589 -6.526208 -14.072203 2.188492 18.601316 4.410297 -3.912038 0.775108 -5.991595 1.450788 -7.818701 -60.218738 -2.232062 11.193413 -7.648535 -46.344280 2.330586 17.708724 -2.882736 -20.291215 16.351452 -38.870750 -14.019377 12.414462 -33.351219 13.981612 -13.072174 -16.251661 10.427350 -2.725596 -1.596131 -4.507521 
42.888325 109.106956 -6.722831 20.769811 29.513698 16.577752 3.438681 13.079962 -0.331974 3.057241 0.053256 -22.529017 2.417408 20.660221 4.871328 -0.755702 4.290958 -4.419305 2.611512 14.374162 2.552870 2.391911 -3.207858 14.517938 3.650673 16.595839 2.831412 1.664646 -10.619173 -6.197014 0.548269 9.797097 3.320669 0.836667 4.786304 -0.411821 3.161721 11.845551 7.086808 -5.940801 34.073727 -9.156126 9.611466 -4.661061 13.781865 22.592516 56.657597 -1.371723 -25.776211 -12.313545 17.372433 -25.177295 -6.520910 -18.514070 -22.907330 -13.442578 13.465919 4.346743 4.524185 -3.481257 -1.902132 13.936845 0.943164 -3.459339 -10.598149 0.090348 -7.867377 5.102593 -14.729595 -19.146656 -51.821526 3.050736 -30.933035 3.112242 12.400504 -23.000059 0.318810 -34.168882 1.684931 -9.771523 28.017458 0.261998 -3.902852 -4.177497 5.911096 -1.655943 7.876383 34.840331 -21.198464 32.890376 -32.180862 -13.095687 31.630459 -7.110277 -4.982132 -0.635191 -27.155430 -30.342573 17.426796 -5.850233 0.694375 -5.905700 -14.084901 2.192427 18.599102 5.293514 -4.007972 0.646485 -5.995420 1.450465 -7.814854 -57.078941 -2.076526 11.577788 -7.643698 -46.350731 2.329536 15.199421 -3.030214 -18.548506 16.358273 -38.867920 -14.023088 13.729928 -32.682821 13.486069 -13.074333 -16.254139 10.418494 -3.700637 -1.216039 -5.060690 
39.489273 108.715607 -6.199932 23.975702 30.499609 18.986785 3.455670 13.100986 -0.333344 2.451806 0.350009 -21.764545 2.438752 20.681524 4.861337 -0.047514 5.011243 -2.782841 2.631743 14.357982 2.557634 2.304140 -1.572558 13.584069 3.646843 16.569530 2.815907 1.865219 -10.763274 -6.694286 0.533175 9.823834 3.331697 0.619047 4.300033 0.046381 3.169671 11.842707 7.084710 -6.139312 35.130170 -7.126639 9.618016 -4.649613 13.776181 22.899164 53.131242 0.666569 -25.759899 -12.337748 17.355227 -32.325653 -7.816149 -23.159573 -22.891445 -13.453012 13.491948 3.902375 5.022957 -4.773341 -1.896904 13.946157 0.941700 0.480684 -9.746386 -1.061775 -7.854791 5.088375 -14.752451 4.056962 -52.144519 -9.172676 -30.919470 3.098601 12.395827 -10.630278 7.221644 -12.139770 1.704751 -9.770546 27.993608 -0.358393 -3.544152 -3.375700 5.904561 -1.688676 7.868977 33.562033 -20.336733 33.835473 -32.190880 -13.105760 31.661131 -7.715917 -4.174288 -0.010862 -27.148293 -30.312361 17.433016 -5.566070 0.550388 -4.338335 -14.113235 2.205872 18.597322 7.319491 -4.155507 0.178721 -5.985607 1.434194 -7.816190 -48.525414 -2.929049 12.188571 -7.627605 -46.375759 2.321355 7.988154 -2.925965 -14.782063 16.372829 -38.858406 -14.048095 16.772692 -30.368455 13.090740 -13.073644 -16.258858 10.421906 -4.258757 -1.004007 -5.781887 
33.510700 108.205475 -5.281459 29.174364 31.179882 23.473062 3.466635 13.154661 -0.310836 0.831021 0.687736 -20.544915 2.456716 20.710842 4.848066 0.046106 6.956197 0.092216 2.660034 14.332749 2.556531 2.724870 1.293304 11.666171 3.620747 16.534603 2.793993 1.150575 -10.411396 -7.996283 0.520226 9.862468 3.343370 -0.351198 3.068715 0.895931 3.183743 11.821471 7.073856 -6.468497 35.389628 -3.658400 9.633568 -4.633729 13.797074 21.589933 49.323716 2.280477 -25.755564 -12.356791 17.344099 -42.007535 -12.048426 -28.326451 -22.893660 -13.463036 13.531325 2.864894 5.033643 -6.772765 -1.893688 13.954112 0.938513 5.550531 -8.636559 -3.029793 -7.844407 5.076512 -14.795510 30.231189 -43.576624 -19.870883 -30.897001 3.069406 12.394738 6.404665 5.024216 9.454628 1.738975 -9.773196 27.983603 0.113559 -2.449121 -2.373037 5.914485 -1.721795 7.856419 31.033600 -18.867817 35.195780 -32.215843 -13.124916 31.689894 -8.303048 -2.765355 0.605217 -27.147961 -30.279518 17.467440 -3.975025 -1.727015 -2.996039 -14.168592 2.224379 18.614809 9.647468 -4.313487 -0.445916 -5.971127 1.439224 -7.808595 -37.451290 -4.253579 11.980210 -7.606058 -46.418797 2.300221 -3.093623 -1.697540 -11.078083 16.388136 -38.839684 -14.095665 20.313613 -27.289859 13.494931 -13.094640 -16.276896 10.441570 -4.590385 -0.366622 -6.030643 
25.684549 108.021072 -4.149904 33.656413 31.841731 27.733961 3.471536 13.190481 -0.290310 -1.157299 1.288619 -21.088996 2.459318 20.719746 4.852302 -0.753717 7.972173 1.879458 2.681484 14.311315 2.567991 4.517528 3.584756 9.721287 3.596114 16.528116 2.804919 -0.553861 -8.882403 -9.559994 0.507532 9.886323 3.345206 -1.956672 2.208072 1.968804 3.205480 11.798841 7.057647 -6.808420 33.810341 -0.766729 9.664213 -4.613748 13.819880 18.966838 44.226834 0.742835 -25.762335 -12.378274 17.338867 -51.166801 -17.966418 -30.507351 -22.922071 -13.437281 13.538116 1.686359 4.325849 -8.679897 -1.891466 13.938917 0.941114 8.013170 -7.340389 -3.916191 -7.842805 5.082154 -14.825012 40.675067 -31.277014 -18.951927 -30.892195 3.055556 12.395505 14.968385 3.620173 19.637542 1.742967 -9.798581 27.986631 -0.000890 -2.611122 -0.047980 5.919817 -1.737382 7.852201 30.473948 -16.846279 36.515004 -32.247158 -13.144695 31.720381 -7.989312 0.025253 -0.551531 -27.132069 -30.288372 17.508238 -1.307780 -6.584658 -3.195999 -14.210777 2.238912 18.637741 11.186266 -3.569811 -2.306515 -5.954031 1.474699 -7.801284 -28.894255 -5.514902 9.649884 -7.593038 -46.454773 2.282576 -10.772654 -0.622167 -9.518769 16.393518 -38.836468 -14.144865 22.333294 -24.842489 13.457644 -13.123672 -16.294481 10.474616 -5.081469 -0.068265 -5.543911 
16.940344 108.224648 -3.015376 32.192430 31.951058 28.691524 3.492787 13.193609 -0.270951 -3.176254 0.671690 -21.037123 2.448985 20.717251 4.859005 -0.925481 7.998471 2.604897 2.684292 14.313972 2.562279 3.901416 3.656260 9.352511 3.572343 16.550659 2.822875 -1.017051 -7.558342 -9.568622 0.535872 9.897379 3.333040 -4.699480 2.159450 3.103830 3.230144 11.765771 7.037078 -7.331299 32.373334 1.447263 9.678626 -4.596531 13.833659 18.823021 39.494316 1.170913 -25.776661 -12.383317 17.327410 -57.359894 -22.580289 -31.373583 -22.958223 -13.446194 13.543811 1.009286 2.706608 -10.356134 -1.880002 13.935639 0.916659 9.494064 -6.263094 -3.835374 -7.837749 5.089130 -14.824211 42.515715 -23.841185 -16.689147 -30.912985 3.055284 12.390880 14.730787 6.187664 22.349858 1.723753 -9.803737 28.009317 -0.196490 0.023694 0.913022 5.918706 -1.729221 7.834221 31.710082 -16.228729 36.352261 -32.272617 -13.151151 31.702135 -8.012684 2.013337 -1.734473 -27.128229 -30.309702 17.523777 1.179153 -10.507546 -6.084074 -14.218301 2.227271 18.654676 10.907547 -1.772517 -3.375501 -5.934673 1.490870 -7.798384 -23.703282 -6.794570 7.518943 -7.613252 -46.460270 2.304496 -13.900952 0.429119 -9.757710 16.376762 -38.866245 -14.156946 19.455280 -23.643000 14.712337 -13.140781 -16.299850 10.527551 -5.568664 1.002667 -4.928901 
8.192225 108.490662 -1.814622 28.763460 31.752183 27.825392 3.471338 13.184459 -0.250012 -4.713477 0.622442 -20.969331 2.433891 20.691046 4.873951 -0.673006 7.427653 2.257591 2.673613 14.326517 2.557333 3.248104 2.188825 8.729668 3.554734 16.551605 2.827520 -0.681563 -5.876058 -8.856146 0.564034 9.887966 3.334949 -5.618251 1.551937 4.040843 3.217415 11.741514 7.044709 -7.052991 30.863057 2.653578 9.667388 -4.564402 13.833390 20.455693 34.408263 1.558300 -25.778267 -12.371415 17.314709 -59.558908 -25.435297 -31.394551 -22.991091 -13.465390 13.533553 0.984829 1.384420 -10.792685 -1.905467 13.942163 0.905646 11.531795 -5.647985 -5.913463 -7.826657 5.082438 -14.808707 38.017946 -21.678797 -13.428483 -30.919250 3.037643 12.380170 12.144519 7.887788 20.587816 1.725145 -9.797132 28.029873 -0.051527 2.004493 1.293798 5.917838 -1.702940 7.825002 32.237707 -15.874015 35.167497 -32.281864 -13.128787 31.666317 -9.676203 3.108276 -2.439452 -27.149031 -30.322580 17.541025 3.834740 -10.911956 -8.408573 -14.215705 2.221525 18.643776 8.972697 0.140425 -3.399693 -5.928355 1.491500 -7.820507 -18.748845 -6.026940 4.709847 -7.640691 -46.423233 2.319493 -15.140187 0.335990 -10.798659 16.373505 -38.874779 -14.142046 16.489340 -20.869720 15.511517 -13.150055 -16.301382 10.553991 -5.554031 1.765732 -4.698896 
0.859066 108.705978 -0.633057 24.973972 29.083434 26.254655 3.468330 13.186675 -0.210212 -7.020520 0.336672 -20.159710 2.430233 20.645493 4.891408 -0.719702 6.359930 2.018035 2.658967 14.329623 2.564435 3.305040 1.962226 8.732629 3.533826 16.543623 2.816460 -0.084468 -3.226117 -6.543569 0.574733 9.855489 3.333047 -3.398138 0.424056 4.099523 3.192591 11.723905 7.080845 -5.815638 29.243752 3.819549 9.647107 -4.563264 13.824860 20.258264 28.774938 1.382397 -25.807377 -12.331737 17.335960 -55.458360 -26.050096 -30.910882 -22.992893 -13.467931 13.496392 1.282986 0.970288 -8.314810 -1.925035 13.933428 0.910140 10.996856 -5.220712 -8.453005 -7.812890 5.069295 -14.778837 31.785972 -21.811360 -9.836301 -30.930525 3.031334 12.353728 9.438950 9.426505 16.403241 1.727180 -9.793747 28.026327 -1.370658 1.602924 1.069731 5.942290 -1.647417 7.830634 32.046650 -14.629352 34.923761 -32.269535 -13.095507 31.629448 -10.886425 2.442991 -3.848740 -27.164700 -30.349400 17.529667 4.655797 -9.322586 -9.031738 -14.216422 2.199023 18.606047 6.604841 2.711924 -3.466803 -5.911233 1.494994 -7.841194 -15.118783 -4.862250 2.122124 -7.683265 -46.377159 2.296259 -15.312543 0.320275 -11.477890 16.374237 -38.851307 -14.122765 14.629972 -18.279750 15.711745 -13.136032 -16.333714 10.552184 -3.810767 2.165402 -4.768842 
-4.831851 108.836014 0.338291 20.949129 26.695847 22.605138 3.500013 13.178217 -0.181794 -9.045172 0.353184 -20.417573 2.435717 20.614098 4.897740 -1.677298 5.649636 1.955956 2.658195 14.348445 2.572646 2.891877 1.638038 8.421840 3.523771 16.540474 2.807024 0.243036 -0.472280 -4.567311 0.577089 9.830931 3.313081 -1.702749 -0.885128 3.510233 3.179919 11.709543 7.121602 -4.832751 26.976198 5.316775 9.639941 -4.576737 13.822474 19.029817 24.863301 1.014556 -25.842991 -12.289670 17.376131 -49.339026 -24.185794 -29.980217 -22.971943 -13.490559 13.472193 0.130383 0.943512 -5.802078 -1.919883 13.924441 0.926586 9.808090 -4.797898 -9.220341 -7.819009 5.055104 -14.743577 26.550103 -21.512155 -6.697330 -30.926971 3.031916 12.340158 5.681134 11.508800 10.906034 1.727778 -9.817585 28.015270 -2.788716 0.612110 1.551334 5.973381 -1.602279 7.832146 32.070450 -13.062600 34.286580 -32.249283 -13.072126 31.608490 -10.549179 1.059888 -5.675880 -27.173424 -30.373051 17.519369 4.491260 -8.283549 -8.363807 -14.228748 2.171170 18.587557 5.158984 4.582117 -3.772454 -5.891880 1.508146 -7.876771 -13.005071 -5.031890 -1.004347 -7.693866 -46.329620 2.266627 -13.614964 0.206066 -11.717602 16.359447 -38.823406 -14.117912 13.530841 -16.642494 14.326405 -13.105122 -16.368172 10.543283 -2.403982 2.360825 -3.791657 
-9.135016 108.788712 0.981919 18.483714 24.467790 19.908997 3.524830 13.154402 -0.165817 -9.926161 0.102471 -20.082271 2.446548 20.581333 4.904000 -2.442094 4.418614 1.651525 2.662334 14.356684 2.567677 3.098069 1.144115 7.512649 3.519622 16.532131 2.802910 1.051289 1.775764 -2.778723 0.575573 9.816512 3.293202 -0.446137 -0.967923 2.903607 3.169285 11.692886 7.150044 -4.298735 25.014929 6.143935 9.631753 -4.590924 13.824946 17.309163 22.051614 0.316688 -25.866001 -12.261771 17.395042 -44.206757 -22.319532 -29.154102 -22.952253 -13.495491 13.453832 -0.719033 1.211601 -3.738332 -1.916556 13.922750 0.926718 9.245204 -3.770740 -9.899359 -7.826845 5.047532 -14.715782 22.382848 -20.128887 -4.003953 -30.915936 3.033524 12.327118 2.845940 12.967564 5.535423 1.730260 -9.836102 27.998257 -4.067649 -0.002269 1.658484 5.988539 -1.577800 7.837132 32.202044 -11.858017 34.092541 -32.217529 -13.062185 31.593033 -9.238378 0.186575 -6.659676 -27.155598 -30.383636 17.508507 3.945571 -6.742700 -6.784304 -14.215747 2.152668 18.561941 4.082956 5.934159 -3.349818 -5.879607 1.510500 -7.903922 -11.961759 -4.687405 -3.272341 -7.683259 -46.280918 2.248006 -11.486751 0.187053 -12.465310 16.330818 -38.784286 -14.099495 13.613775 -16.176065 12.698630 -13.087831 -16.387012 10.530325 -0.772035 2.156117 -2.724315 
-11.835760 108.617867 1.283289 16.627206 23.235221 17.741773 3.531736 13.143196 -0.161021 -10.323146 0.245938 -19.806550 2.454740 20.561222 4.899640 -3.022246 3.581530 1.286862 2.661260 14.362450 2.567277 2.793639 0.708220 6.728424 3.528022 16.512217 2.805012 1.554479 3.041456 -2.301216 0.574782 9.804931 3.275275 0.478437 -0.518288 2.799328 3.167477 11.698630 7.162651 -4.585969 23.034606 5.852051 9.627786 -4.598770 13.827923 16.096167 21.084528 -0.547621 -25.879011 -12.249767 17.404896 -40.644878 -21.077202 -28.913898 -22.948868 -13.501452 13.439857 -1.489121 1.131705 -2.304025 -1.914494 13.921434 0.931897 8.938809 -3.306481 -10.001777 -7.827037 5.043540 -14.691721 19.563335 -19.353327 -2.206857 -30.907766 3.034720 12.332630 0.819099 12.894527 1.707524 1.730223 -9.853484 28.000807 -4.707696 -1.030632 1.551225 5.989727 -1.559113 7.840149 32.533007 -11.022663 33.599651 -32.194393 -13.048338 31.590414 -8.316938 -0.471399 -7.363360 -27.145840 -30.392681 17.502665 3.851800 -5.736953 -5.385548 -14.199655 2.143342 18.545698 3.187409 6.246195 -3.072514 -5.872393 1.514270 -7.922028 -11.969826 -3.942558 -4.471270 -7.670972 -46.259769 2.231756 -9.990945 0.742634 -12.900491 16.308901 -38.758240 -14.090076 13.875160 -15.857078 11.431776 -13.083706 -16.394207 10.521208 -0.333394 2.146045 -1.753345 
-12.687968 108.380798 1.260939 16.400135 23.230010 17.010142 3.538087 13.140373 -0.157258 -10.393408 0.706368 -19.415323 2.455617 20.557873 4.899982 -2.989420 3.453280 0.833782 2.664620 14.367300 2.564438 2.822276 0.581366 6.701038 3.523754 16.507404 2.806606 1.451447 3.021563 -2.099339 0.579013 9.810825 3.272875 0.799254 -0.428208 3.027850 3.166713 11.700887 7.159384 -4.567038 22.461075 5.780947 9.625180 -4.601419 13.825749 15.816853 20.786333 -0.809033 -25.882875 -12.247481 17.410055 -39.757158 -21.072824 -28.676092 -22.942650 -13.503775 13.434691 -1.219874 0.948257 -2.062378 -1.914307 13.923523 0.933488 8.971362 -2.896942 -10.240738 -7.831164 5.041670 -14.681695 19.214307 -18.866149 -2.323977 -30.909620 3.036254 12.338570 -0.111704 13.097219 0.377747 1.733719 -9.856633 27.995760 -4.782504 -1.207292 1.419683 5.986996 -1.550807 7.837702 32.080818 -10.403894 33.309040 -32.187889 -13.045502 31.580233 -7.530762 -0.680731 -7.309451 -27.142954 -30.396349 17.502214 3.714814 -5.326180 -5.421773 -14.201354 2.136840 18.543047 3.133532 6.530728 -2.730738 -5.868013 1.517184 -7.920477 -12.194594 -3.685129 -4.681404 -7.672693 -46.247547 2.231258 -9.189614 0.859311 -12.641090 16.306404 -38.751324 -14.085738 12.968680 -15.791624 11.281599 -13.089237 -16.395987 10.521413 -0.170942 2.266989 -1.748189 
-11.873507 108.111458 1.008846 16.174301 23.686582 17.328634 3.532636 13.135894 -0.156238 -10.133383 0.839976 -19.196298 2.453272 20.566339 4.898350 -2.729753 3.514355 1.199121 2.656899 14.363944 2.562434 2.930392 0.581918 6.655558 3.524985 16.511297 2.804945 1.228064 2.582574 -2.549337 0.580250 9.811859 3.278881 0.779315 -0.735935 2.980759 3.167117 11.701935 7.156538 -4.415438 22.376316 5.639779 9.625897 -4.599579 13.819151 15.940319 20.968133 -1.217159 -25.886311 -12.253435 17.410910 -40.077972 -21.263572 -28.848107 -22.941265 -13.503068 13.440204 -1.251004 1.246406 -2.555364 -1.907702 13.919909 0.935476 9.051485 -2.679715 -10.034757 -7.834653 5.042700 -14.689062 20.057117 -18.725047 -2.700365 -30.909222 3.035100 12.340140 0.148597 12.939433 1.142771 1.734505 -9.858308 27.997345 -4.669238 -1.292138 1.521186 5.985878 -1.556093 7.834268 32.033253 -9.833148 32.696402 -32.193024 -13.043482 31.582928 -7.541813 -0.258501 -6.789996 -27.147532 -30.394621 17.508577 4.100234 -5.590855 -5.402634 -14.203218 2.141096 18.549370 3.179503 6.212980 -2.891226 -5.875466 1.516935 -7.918849 -12.403591 -3.821823 -4.487185 -7.679394 -46.252270 2.227702 -8.887222 0.847042 -12.430609 16.312124 -38.757801 -14.093263 12.892240 -15.982882 11.337318 -13.088879 -16.401297 10.523901 -0.249541 1.892094 -2.191565 
-9.948176 107.762230 0.592133 16.479515 24.393954 18.243690 3.521050 13.143959 -0.156383 -9.914463 0.611185 -19.310299 2.450044 20.575359 4.899814 -2.415107 3.240047 1.157345 2.650769 14.362362 2.563924 3.119394 0.878428 6.974277 3.518925 16.520504 2.806391 1.077123 2.194963 -3.056855 0.580533 9.814710 3.285802 0.513660 -0.946204 2.912603 3.161064 11.708218 7.155010 -4.913812 23.141967 5.105719 9.629193 -4.592516 13.820040 16.282491 20.851604 -1.110727 -25.882393 -12.259510 17.411669 -40.968772 -21.450014 -28.781782 -22.941998 -13.495735 13.449569 -0.769449 1.257098 -3.306048 -1.914175 13.921063 0.937011 9.381455 -3.024658 -10.140860 -7.823796 5.049536 -14.698417 21.676375 -18.577172 -3.387098 -30.916418 3.031792 12.345555 1.465578 12.185491 2.966285 1.731771 -9.849184 28.001863 -4.063449 -1.150764 1.953104 5.982235 -1.558201 7.833038 31.488818 -9.443020 32.348855 -32.201450 -13.048174 31.588522 -7.768624 0.125784 -6.590938 -27.147436 -30.390202 17.506491 4.009089 -6.325879 -6.007382 -14.211588 2.147949 18.554468 3.385768 6.054981 -3.459134 -5.883448 1.518077 -7.906819 -12.417840 -3.280644 -3.932550 -7.687285 -46.257786 2.230355 -8.303856 0.766274 -12.407272 16.326954 -38.769497 -14.100781 12.241646 -15.751034 11.686110 -13.090130 -16.400005 10.528558 -0.341485 2.241617 -2.385918 
-7.414976 107.300842 0.053015 16.996357 25.564510 19.520134 3.505027 13.148206 -0.158556 -9.155081 0.962518 -19.119590 2.441700 20.586956 4.902226 -2.234349 3.501138 1.604704 2.644840 14.357080 2.565972 3.299504 1.141233 7.300603 3.514123 16.524773 2.800613 0.718886 1.183347 -3.851636 0.586315 9.819555 3.293134 0.424353 -1.140460 3.155871 3.159435 11.719524 7.143982 -5.245186 23.780818 4.622370 9.632573 -4.587871 13.813887 16.844708 21.807734 -1.734973 -25.873512 -12.265503 17.400885 -43.209706 -22.418105 -29.324352 -22.949236 -13.484506 13.450911 -0.258290 1.097856 -4.570818 -1.919302 13.913625 0.931082 9.976330 -3.294377 -10.032744 -7.818106 5.054583 -14.706404 23.976228 -18.940381 -4.660180 -30.916121 3.030614 12.349410 2.836393 11.336464 5.528593 1.734462 -9.842802 28.006577 -3.396908 -1.239983 2.280961 5.975186 -1.568037 7.831898 30.856452 -9.048923 31.718070 -32.211044 -13.043937 31.588274 -7.565232 0.576688 -5.649935 -27.151686 -30.378740 17.513012 4.248296 -7.122710 -6.728114 -14.211227 2.153078 18.565069 3.490626 5.192918 -3.612370 -5.896582 1.516719 -7.886359 -12.936508 -2.937791 -3.047811 -7.694872 -46.266521 2.233580 -8.061100 0.799405 -12.190085 16.338909 -38.774586 -14.110818 11.543466 -15.830266 12.244047 -13.098239 -16.391634 10.537562 -0.892332 2.356527 -2.813900 
-4.569849 106.749123 -0.554551 18.027799 26.780820 20.785118 3.490279 13.155201 -0.164882 -8.327921 1.030751 -18.833654 2.434940 20.595470 4.902966 -2.280657 3.768949 1.790501 2.631477 14.356881 2.567722 3.559563 1.307257 7.304556 3.517876 16.529165 2.805929 0.369437 0.084966 -4.946514 0.586954 9.825275 3.301299 0.193889 -1.086374 3.409473 3.153280 11.729493 7.128863 -5.711625 24.939937 4.032272 9.638949 -4.580089 13.812651 17.662258 23.232888 -1.845494 -25.850111 -12.281537 17.391247 -46.427559 -23.090988 -29.483082 -22.965061 -13.467635 13.466307 0.191153 0.903378 -5.820604 -1.921092 13.912942 0.925807 10.729193 -3.437677 -10.007954 -7.807976 5.061312 -14.716571 26.379809 -19.229155 -6.119377 -30.914032 3.024117 12.356650 4.308744 10.264287 7.950030 1.734640 -9.832479 28.010509 -2.458605 -1.291718 2.457103 5.965414 -1.580081 7.831785 30.445541 -9.081712 30.977107 -32.219860 -13.048439 31.588085 -7.377818 1.057025 -4.486582 -27.153269 -30.372713 17.517279 4.657733 -8.335816 -7.743455 -14.212679 2.158756 18.573551 3.656363 4.644710 -3.458034 -5.910136 1.510783 -7.869719 -13.555077 -2.656485 -2.024281 -7.698372 -46.275105 2.238315 -7.799116 1.132311 -12.245877 16.344538 -38.776764 -14.119173 11.499402 -15.931618 12.186579 -13.109757 -16.384254 10.541881 -1.419356 2.440604 -3.344754 
-1.633927 106.173096 -1.162430 19.775404 27.920427 22.196592 3.475528 13.157857 -0.178384 -7.454017 1.101481 -18.391174 2.434690 20.604158 4.903149 -2.118435 4.357430 1.720258 2.632267 14.365788 2.564409 3.515093 1.564906 7.348787 3.514656 16.523247 2.801646 -0.049935 -0.784198 -5.978027 0.582472 9.828629 3.314647 0.300103 -0.968905 3.746719 3.155088 11.742930 7.105536 -6.371952 25.208350 3.328814 9.644701 -4.575515 13.810377 18.103111 24.949426 -2.187083 -25.831200 -12.299365 17.389141 -48.812961 -24.080378 -29.397004 -22.970850 -13.454151 13.476690 0.710230 0.804291 -6.901367 -1.926234 13.908256 0.920068 11.821164 -2.936633 -10.045680 -7.805898 5.066365 -14.723407 28.860568 -18.976227 -7.765996 -30.908913 3.018934 12.370243 5.982233 9.266404 10.158347 1.737171 -9.828183 28.014828 -1.559486 -1.482866 2.692513 5.956670 -1.600108 7.831647 29.905048 -8.650833 30.579542 -32.226364 -13.047490 31.593197 -6.806443 1.378850 -3.874806 -27.150785 -30.358299 17.525640 4.615237 -9.101069 -8.280144 -14.211738 2.163624 18.586529 4.369638 3.156014 -3.320016 -5.919629 1.508599 -7.855672 -14.419354 -1.969985 -1.231817 -7.692089 -46.278324 2.240208 -7.577451 1.029622 -11.804655 16.353083 -38.774979 -14.129579 11.387998 -16.446196 12.546618 -13.123721 -16.377203 10.542433 -2.255721 2.191095 -3.191430 
1.189409 105.646629 -1.693534 21.520608 28.615696 23.723494 3.461280 13.153967 -0.187852 -6.555078 0.817642 -18.077504 2.423932 20.604235 4.900806 -2.095435 5.114325 1.449154 2.633889 14.371831 2.562991 3.399372 1.324940 7.032305 3.510151 16.515024 2.808597 -0.618893 -1.447441 -6.882590 0.584670 9.830036 3.323644 0.844678 -0.766952 3.548101 3.154071 11.753213 7.090462 -6.536641 25.921779 2.748661 9.649282 -4.577165 13.807815 18.542251 27.094507 -2.917829 -25.812527 -12.303165 17.384024 -50.883967 -24.941500 -29.646344 -22.973005 -13.439473 13.482701 1.199477 0.506617 -7.620494 -1.936260 13.905210 0.910903 12.859429 -2.535985 -10.020421 -7.803978 5.060898 -14.717987 31.260444 -19.270708 -8.916387 -30.902252 3.018373 12.373184 7.756989 8.532365 12.686054 1.744888 -9.823621 28.014055 -0.566706 -1.819132 3.139551 5.950944 -1.612292 7.835307 29.391813 -8.945579 30.126605 -32.224930 -13.051440 31.590168 -5.722113 1.492488 -3.284304 -27.136332 -30.343014 17.540152 4.437894 -9.858697 -8.806577 -14.207201 2.167834 18.588926 4.750409 2.017629 -3.351450 -5.935044 1.513677 -7.841444 -15.256196 -1.926822 -0.822014 -7.686733 -46.283222 2.240069 -7.415143 0.891533 -11.306332 16.350967 -38.768772 -14.138291 11.636086 -16.892245 12.281814 -13.131235 -16.363024 10.536180 -2.896756 2.068386 -3.091575 
3.626692 105.227562 -2.092526 23.019250 29.364967 24.560206 3.458860 13.154208 -0.195378 -5.678046 0.681967 -17.954325 2.425904 20.601784 4.902000 -2.608151 5.483069 1.132907 2.638209 14.376783 2.558823 3.612465 1.516705 7.030196 3.509198 16.519249 2.812879 -1.189319 -2.211135 -7.675338 0.581096 9.834879 3.326470 1.133496 -0.751445 3.763936 3.153532 11.758285 7.081834 -6.880200 26.466643 2.657229 9.656281 -4.582549 13.809120 18.453192 29.138547 -2.889388 -25.798191 -12.308115 17.378731 -52.712330 -25.147059 -29.145343 -22.972792 -13.427586 13.494669 1.339564 0.602414 -8.033387 -1.928467 13.906526 0.901740 13.773674 -1.668489 -9.979139 -7.808085 5.062110 -14.716715 33.246598 -18.946188 -10.193354 -30.892048 3.016149 12.377248 8.880590 8.281224 14.441424 1.744704 -9.817998 28.005840 -0.017897 -1.851832 3.188589 5.946469 -1.623823 7.832951 28.876991 -9.334242 30.414115 -32.218948 -13.064591 31.589188 -4.868726 1.570878 -2.456179 -27.125244 -30.334066 17.550121 4.350966 -9.975723 -9.029502 -14.201872 2.170891 18.594164 5.133387 1.088043 -2.809930 -5.940326 1.514179 -7.835371 -16.156555 -2.094937 -0.396079 -7.675107 -46.282852 2.242570 -7.205354 0.531321 -11.085037 16.343168 -38.757843 -14.144587 12.191060 -17.561711 11.993222 -13.144132 -16.352463 10.525373 -3.234207 1.849015 -2.904890 
5.312828 104.980492 -2.330014 24.086915 29.615130 24.844198 3.461330 13.154054 -0.198743 -5.049791 0.441563 -18.017846 2.431366 20.605959 4.900087 -2.889183 5.566918 0.946537 2.634871 14.380049 2.550709 3.640729 1.327450 6.673300 3.512774 16.522085 2.815370 -1.498003 -2.584000 -8.009100 0.583850 9.837986 3.329546 1.413612 -0.763398 3.353269 3.149286 11.763234 7.079668 -7.190096 26.555857 2.665267 9.661016 -4.583608 13.808200 18.519819 30.429026 -2.762797 -25.792446 -12.310192 17.381861 -53.529060 -24.897844 -28.720857 -22.966486 -13.427012 13.503995 1.318841 0.690761 -8.087177 -1.927269 13.907009 0.897289 14.371859 -1.424661 -9.894455 -7.809766 5.063689 -14.715194 34.496048 -18.780490 -10.647604 -30.889410 3.015623 12.379622 9.830372 7.807256 15.173385 1.745807 -9.818658 28.000437 0.487374 -2.326021 3.604836 5.948453 -1.631153 7.839878 28.613911 -9.645427 30.534419 -32.216484 -13.075980 31.591673 -3.896233 1.499080 -2.088266 -27.108189 -30.323458 17.557398 3.594878 -9.715737 -8.861925 -14.202441 2.170029 18.600264 5.386911 0.358011 -2.730027 -5.946405 1.516494 -7.833018 -16.526601 -2.339668 -0.157329 -7.669536 -46.285927 2.239904 -6.964067 0.498179 -11.049376 16.341043 -38.754162 -14.151505 12.855138 -17.740901 11.389535 -13.138134 -16.346905 10.519550 -3.478792 1.832652 -2.736759 
5.868775 104.955536 -2.398442 24.429913 29.551251 25.231670 3.462317 13.156069 -0.201447 -5.105624 0.016052 -17.886788 2.431204 20.605772 4.904005 -2.963830 6.097992 0.900358 2.642096 14.380872 2.547183 3.628361 1.525182 6.627273 3.512274 16.523872 2.813226 -1.485452 -3.004519 -7.959208 0.583884 9.837515 3.333603 1.522730 -0.672502 3.366498 3.156210 11.761849 7.079258 -7.367964 27.064843 2.606092 9.662707 -4.586143 13.806245 18.531036 31.138754 -2.501471 -25.792160 -12.309854 17.385710 -53.549868 -25.220818 -28.851337 -22.966642 -13.424648 13.502486 1.144537 0.716813 -8.412095 -1.926784 13.908847 0.896513 14.586398 -1.238539 -9.761775 -7.809685 5.061106 -14.716217 35.168361 -18.689745 -10.904097 -30.891048 3.014543 12.381118 10.436270 7.609220 15.806321 1.746120 -9.814631 27.997929 0.572275 -2.049741 3.612453 5.951369 -1.634569 7.841158 28.275119 -9.818673 30.721597 -32.215294 -13.077326 31.588833 -3.727617 1.558271 -2.306172 -27.108753 -30.322226 17.554890 3.364307 -9.874835 -8.910698 -14.198013 2.168649 18.604504 5.722739 -0.000172 -2.615207 -5.944556 1.517606 -7.831051 -16.900311 -2.377135 -0.136848 -7.661738 -46.287693 2.239592 -7.412751 0.526300 -10.974875 16.336367 -38.752895 -14.152544 12.915117 -17.993705 11.622329 -13.147149 -16.345110 10.518647 -3.681491 1.731005 -2.756958 
5.160086 105.146927 -2.279988 23.866112 29.595678 24.661475 3.460772 13.153598 -0.202121 -5.099539 0.572932 -18.053775 2.429284 20.602091 4.896364 -2.825889 5.442135 0.901640 2.639037 14.382411 2.553236 3.610002 1.448527 6.596068 3.508140 16.518070 2.815160 -1.516904 -2.786613 -7.868046 0.582648 9.833909 3.333441 1.535941 -0.484067 3.455586 3.153649 11.763457 7.076701 -7.232965 27.111676 2.473032 9.659583 -4.581193 13.807964 18.313076 30.624526 -2.842105 -25.792816 -12.310792 17.383844 -53.602003 -25.357871 -29.182946 -22.971222 -13.427491 13.501440 1.261183 0.650319 -8.452427 -1.928031 13.906239 0.899177 14.477197 -1.472641 -9.974163 -7.814160 5.065749 -14.713549 34.724928 -19.159437 -10.771369 -30.890144 3.015038 12.378467 9.798799 8.069108 15.374175 1.748425 -9.820768 28.002928 0.237271 -2.015250 3.619461 5.948911 -1.630583 7.839217 28.636316 -9.886701 30.864310 -32.217052 -13.071725 31.594004 -4.083895 1.516700 -2.396665 -27.115385 -30.322166 17.560289 3.791361 -9.855285 -8.819267 -14.197319 2.171312 18.597057 5.482081 0.469259 -2.602197 -5.941792 1.516545 -7.833724 -16.576714 -2.327827 -0.432480 -7.666273 -46.289375 2.240711 -7.558061 0.496830 -11.143310 16.336901 -38.755375 -14.153597 12.824403 -17.859886 11.464624 -13.145345 -16.341610 10.523582 -3.499281 1.745058 -3.097088 
3.390277 105.498070 -2.001489 22.966677 29.340840 24.417313 3.461439 13.158920 -0.194167 -5.863565 0.502200 -18.049909 2.425945 20.609324 4.899339 -2.360056 5.423398 1.028095 2.636822 14.376615 2.556287 3.423104 1.493898 7.086335 3.511359 16.520105 2.812518 -0.893018 -2.360258 -7.450772 0.583264 9.837543 3.330459 0.928809 -0.930369 3.869799 3.155209 11.759957 7.076761 -7.333730 26.598782 2.542845 9.656039 -4.577505 13.809911 18.600656 29.052899 -2.385397 -25.797394 -12.308760 17.381624 -52.613770 -25.320469 -29.167718 -22.970736 -13.433482 13.496487 1.359459 0.784466 -8.112830 -1.928375 13.908651 0.902151 14.037202 -1.917965 -10.078117 -7.808191 5.065881 -14.718119 33.224581 -19.075320 -10.027345 -30.892284 3.014878 12.377016 8.882547 8.352083 14.380221 1.744987 -9.817647 28.006802 0.121125 -1.939774 3.302059 5.946595 -1.619041 7.839487 28.982948 -9.750373 30.964622 -32.219074 -13.063613 31.589201 -5.198943 1.548619 -2.685147 -27.122795 -30.333536 17.548931 4.029703 -9.804616 -9.200884 -14.202974 2.167062 18.593811 5.145135 1.227874 -2.981129 -5.937155 1.512596 -7.836739 -16.077389 -2.116318 -0.400974 -7.677722 -46.289417 2.243409 -7.854116 0.696780 -11.233991 16.345142 -38.758984 -14.144253 12.603640 -17.577261 11.833812 -13.136908 -16.352108 10.531311 -3.362483 2.099377 -3.259232 
0.978236 105.938713 -1.586073 21.654801 28.736713 23.608031 3.459744 13.159752 -0.190660 -6.545019 0.825861 -18.313545 2.428283 20.606968 4.901854 -1.948108 4.957784 1.280748 2.634921 14.375126 2.563121 3.610010 1.451137 7.398006 3.511268 16.520555 2.805743 -0.481477 -1.603679 -6.662453 0.582796 9.832661 3.325351 0.801513 -0.943592 3.844769 3.153778 11.753879 7.092791 -6.558485 26.136760 3.006883 9.646362 -4.576909 13.811071 18.426962 27.299233 -2.466376 -25.811609 -12.304777 17.385916 -51.186735 -25.269484 -29.493074 -22.973284 -13.441942 13.485849 1.393199 0.560291 -7.812137 -1.933087 13.907921 0.912482 12.801630 -2.251275 -10.271011 -7.806304 5.065187 -14.722938 30.839540 -19.485333 -8.621112 -30.903357 3.018565 12.374611 7.515885 8.766405 12.855529 1.746236 -9.824019 28.011909 -0.741139 -1.538272 3.126251 5.950464 -1.614240 7.838790 29.505027 -9.279480 30.660132 -32.224464 -13.055239 31.595549 -6.111422 1.201295 -3.492668 -27.143064 -30.345066 17.538071 4.615657 -9.598558 -8.938406 -14.207253 2.167249 18.592669 4.725568 2.215860 -3.218970 -5.929168 1.517269 -7.845861 -15.263333 -1.732845 -0.756784 -7.684708 -46.284473 2.244287 -7.895800 0.565321 -11.442314 16.351517 -38.768967 -14.136629 11.996660 -16.818755 12.358325 -13.136127 -16.361214 10.531901 -3.037293 2.068753 -3.373723 
-1.712894 106.401817 -1.085970 19.728214 27.721165 22.403505 3.473619 13.155812 -0.181746 -7.375767 0.850156 -18.494585 2.426433 20.604855 4.903617 -1.712113 4.484055 1.572238 2.632701 14.371409 2.565016 3.558224 1.533105 7.628592 3.514342 16.521826 2.807272 -0.177330 -0.899584 -5.957259 0.584506 9.828433 3.313292 0.689478 -1.048634 3.583601 3.154715 11.742167 7.105895 -6.021734 25.398212 3.300251 9.642237 -4.578258 13.816011 18.030009 25.158602 -1.939664 -25.827309 -12.296301 17.388741 -49.432347 -24.542796 -29.355815 -22.972437 -13.452329 13.478561 0.932126 0.780545 -6.778959 -1.929602 13.912670 0.921683 11.861190 -2.709791 -9.931851 -7.805239 5.066945 -14.721072 28.901741 -19.525783 -7.558878 -30.909220 3.016953 12.370821 6.114700 9.699243 10.582582 1.734005 -9.826655 28.005920 -1.483667 -1.387988 2.883538 5.957003 -1.600043 7.829394 29.687830 -9.193270 30.987414 -32.224689 -13.053266 31.595011 -6.913353 1.106019 -4.124875 -27.148985 -30.362749 17.524660 4.732687 -9.281495 -8.505923 -14.210017 2.163460 18.579985 4.175649 3.300817 -3.539752 -5.919588 1.516078 -7.854198 -14.276658 -2.069069 -1.028712 -7.693225 -46.280548 2.240656 -8.357279 0.686013 -11.988474 16.347361 -38.771717 -14.129733 11.704055 -16.563426 12.279058 -13.124340 -16.369299 10.540861 -2.210956 2.391187 -3.566819 
-4.366412 106.807724 -0.579914 17.996268 26.555781 20.694515 3.487240 13.151516 -0.167928 -8.359206 0.810883 -18.822920 2.438992 20.597328 4.903398 -2.009769 3.928899 1.635999 2.639452 14.363709 2.565792 3.296490 1.398972 7.626367 3.510650 16.522568 2.805345 0.171292 0.100077 -5.050766 0.582549 9.825863 3.305018 0.512638 -1.339190 3.414873 3.153797 11.734253 7.122851 -5.874454 24.846507 3.755880 9.639050 -4.583516 13.811995 17.329856 23.288073 -2.113855 -25.851112 -12.280305 17.398146 -46.354124 -23.660043 -29.356385 -22.961960 -13.468376 13.467224 0.316523 1.018601 -5.708813 -1.924684 13.914306 0.926262 10.845045 -3.028536 -10.110761 -7.806905 5.061100 -14.714489 26.467975 -19.280089 -6.179295 -30.913153 3.023050 12.357572 4.805784 10.440240 8.421173 1.732914 -9.831605 28.006487 -2.352665 -1.188513 2.605401 5.966880 -1.581403 7.834538 30.146679 -8.985040 31.246282 -32.219986 -13.049661 31.591751 -7.188906 0.944574 -5.018959 -27.152140 -30.371048 17.515512 4.544430 -8.426320 -7.778152 -14.213238 2.160145 18.572683 3.868789 4.210752 -3.603428 -5.907945 1.515945 -7.864955 -13.462638 -2.382352 -2.081660 -7.693583 -46.276112 2.234751 -8.139731 0.765759 -12.062666 16.341631 -38.773640 -14.124988 11.408403 -16.106245 12.276193 -13.113274 -16.384083 10.540908 -1.510030 2.336042 -3.209155 
-6.707279 107.125450 -0.135561 16.722427 25.574484 19.234402 3.501803 13.148618 -0.161467 -8.856852 0.755577 -19.129140 2.440901 20.585478 4.901866 -2.293927 3.667568 1.597207 2.641579 14.362364 2.562610 3.576376 1.122230 7.363406 3.509728 16.520830 2.805302 0.457870 1.006663 -4.152134 0.583442 9.820563 3.293467 0.654768 -1.292539 3.284664 3.156004 11.723624 7.141887 -5.435655 24.167962 4.320481 9.634002 -4.590350 13.815307 16.795795 22.192512 -1.820755 -25.862782 -12.265612 17.401810 -44.054075 -22.746649 -29.233339 -22.953869 -13.475779 13.457551 -0.254871 1.136000 -4.768461 -1.922896 13.914256 0.930795 10.434756 -2.916251 -10.103940 -7.813614 5.058704 -14.706214 24.352249 -19.073127 -4.921142 -30.910223 3.021674 12.352168 3.228320 11.073230 5.796160 1.731663 -9.838000 27.998291 -2.973665 -1.028427 2.400967 5.975080 -1.573600 7.831828 30.492314 -9.008326 31.744073 -32.212021 -13.047672 31.587074 -7.311451 0.744586 -5.713066 -27.152174 -30.378801 17.509659 4.391746 -7.696372 -7.125029 -14.210926 2.152050 18.564583 3.229456 4.976766 -3.509153 -5.897697 1.513689 -7.881104 -12.943936 -2.673175 -3.088319 -7.689159 -46.260204 2.229507 -7.824198 0.854271 -12.406397 16.328485 -38.769806 -14.111349 11.376339 -15.537430 11.914257 -13.108016 -16.385754 10.535272 -0.895220 2.203542 -2.903073 
-8.421873 107.330132 0.177770 16.425524 24.881840 18.484421 3.510126 13.144270 -0.155453 -9.375732 0.830564 -19.023713 2.446242 20.577099 4.902303 -2.575084 3.046881 1.485724 2.641599 14.363653 2.560707 3.526063 1.013006 7.158458 3.512300 16.516644 2.804773 0.749601 1.670841 -3.742195 0.583027 9.815098 3.290037 0.999685 -1.500717 2.990602 3.153651 11.714909 7.148332 -5.273522 23.113507 4.800571 9.635149 -4.593053 13.817523 16.585349 21.253308 -1.360682 -25.874718 -12.259428 17.409704 -42.139798 -21.947314 -28.858208 -22.944878 -13.485382 13.450007 -0.782336 1.279354 -3.911311 -1.922485 13.912745 0.936140 10.088608 -2.843924 -10.390042 -7.816652 5.054924 -14.701950 22.460935 -18.828859 -3.646352 -30.909145 3.029208 12.347962 2.376807 11.489975 4.191236 1.728926 -9.844574 27.995768 -3.387990 -1.676662 2.227359 5.977982 -1.562728 7.833592 30.950015 -8.887635 31.808263 -32.204758 -13.044619 31.584280 -7.292018 0.474952 -6.135365 -27.147926 -30.382572 17.505957 4.358927 -7.090442 -6.395325 -14.205797 2.144810 18.559055 2.918295 5.392994 -3.301737 -5.890874 1.515538 -7.897307 -12.484048 -2.701593 -3.391089 -7.687521 -46.246441 2.225945 -7.750742 0.886483 -12.564669 16.324745 -38.763851 -14.108194 11.606159 -15.583724 11.542179 -13.096890 -16.393564 10.527203 -0.587986 2.114449 -2.514548 
-9.153831 107.410683 0.309215 15.809041 24.678102 18.164140 3.516334 13.136224 -0.152775 -9.340921 0.890339 -19.068322 2.444377 20.566551 4.899875 -2.619304 3.183702 1.444401 2.644836 14.364017 2.562138 3.421918 0.997897 6.921865 3.515231 16.518074 2.806752 0.861144 1.965280 -3.426867 0.582053 9.811776 3.287862 0.861054 -1.103148 2.745259 3.152954 11.713619 7.151974 -5.018186 23.148104 4.988309 9.634801 -4.595227 13.818196 16.275386 21.143479 -1.631780 -25.874027 -12.254991 17.408834 -41.492020 -21.545367 -29.027105 -22.946613 -13.489384 13.449452 -0.896054 1.400558 -3.491185 -1.920840 13.916141 0.932346 9.807716 -2.501266 -10.362944 -7.820856 5.056645 -14.693681 22.271705 -18.724228 -3.731931 -30.905535 3.023111 12.342810 1.492090 11.833719 3.182288 1.730957 -9.845763 27.995718 -3.815905 -1.438679 2.192167 5.981667 -1.561038 7.832534 31.128252 -9.131158 31.836277 -32.194580 -13.046414 31.587702 -7.169252 0.468817 -6.185209 -27.150265 -30.381718 17.512840 4.378176 -6.643060 -6.438973 -14.204829 2.152164 18.550789 2.862461 5.723353 -3.113888 -5.888405 1.512325 -7.900311 -12.480029 -2.987318 -3.927846 -7.680956 -46.243027 2.220256 -7.455174 0.799853 -12.518711 16.317026 -38.761326 -14.103713 12.019053 -15.540255 11.172494 -13.096729 -16.398247 10.525268 -0.056562 1.822840 -2.418447 
