HIERARCHY
ROOT Hips
{
	OFFSET 42.321804 102.231346 -73.648331
	CHANNELS 6 Xposition Yposition Zposition Zrotation Yrotation Xrotation 
	JOINT Chest
	{
		OFFSET -0.515270 13.473785 2.084641
		CHANNELS 3 Zrotation Yrotation Xrotation
		JOINT Chest2
		{
			OFFSET -5.709549 19.350777 7.212158
			CHANNELS 3 Zrotation Yrotation Xrotation
			JOINT Chest3
			{
				OFFSET -3.644859 14.231522 2.645538
				CHANNELS 3 Zrotation Yrotation Xrotation
				JOINT Neck
				{
					OFFSET -3.956074 16.227875 4.429623
					CHANNELS 3 Zrotation Yrotation Xrotation
					JOINT Head
					{
						OFFSET -5.743181 8.094711 3.364399
						CHANNELS 3 Zrotation Yrotation Xrotation
						End Site #name: Head_end_site
						{
							OFFSET -5.716040 8.136032 3.310524
						}
					}
				}
				JOINT LeftCollar
				{
					OFFSET 0.706612 12.416260 6.865963
					CHANNELS 3 Zrotation Yrotation Xrotation
					JOINT LeftUpArm
					{
						OFFSET 16.641762 3.337112 -4.518276
						CHANNELS 3 Zrotation Yrotation Xrotation
						JOINT LeftLowArm
						{
							OFFSET 27.376114 -19.749588 -0.480190
							CHANNELS 3 Zrotation Yrotation Xrotation
							JOINT LeftHand
							{
								OFFSET 24.445541 -15.702179 7.536842
								CHANNELS 3 Zrotation Yrotation Xrotation
								End Site #name: LeftHand_end_site
								{
									OFFSET 5.342712 -3.431816 1.647213
								}
							}
						}
					}
				}
				JOINT RightCollar
				{
					OFFSET -7.430777 10.828262 5.416744
					CHANNELS 3 Zrotation Yrotation Xrotation
					JOINT RightUpArm
					{
						OFFSET -14.271990 -2.934387 -9.807949
						CHANNELS 3 Zrotation Yrotation Xrotation
						JOINT RightLowArm
						{
							OFFSET -29.733982 -15.912750 -1.551941
							CHANNELS 3 Zrotation Yrotation Xrotation
							JOINT RightHand
							{
								OFFSET -26.258068 -13.488617 5.433720
								CHANNELS 3 Zrotation Yrotation Xrotation
								End Site #name: RightHand_end_site
								{
									OFFSET -5.738976 -2.948059 1.187584
								}
							}
						}
					}
				}
			}
		}
	}
	JOINT LeftUpLeg
	{
		OFFSET 9.680733 -0.030525 2.588753
		CHANNELS 3 Zrotation Yrotation Xrotation
		JOINT LeftLowLeg
		{
			OFFSET 7.443546 -46.450603 5.560974
			CHANNELS 3 Zrotation Yrotation Xrotation
			JOINT LeftFoot
			{
				OFFSET 5.882027 -42.572979 -12.389954
				CHANNELS 3 Zrotation Yrotation Xrotation
				JOINT LeftToe
				{
					OFFSET 2.043076 -16.606674 16.721355
					CHANNELS 3 Zrotation Yrotation Xrotation
					End Site #name: LeftToe_end_site
					{
						OFFSET 0.558746 -2.269239 23.539272
					}
				}
			}
		}
	}
	JOINT RightUpLeg
	{
		OFFSET -9.680729 0.030327 -2.588783
		CHANNELS 3 Zrotation Yrotation Xrotation
		JOINT RightLowLeg
		{
			OFFSET -23.085575 -41.216297 3.504799
			CHANNELS 3 Zrotation Yrotation Xrotation
			JOINT RightFoot
			{
				OFFSET -9.547413 -41.927795 -12.307938
				CHANNELS 3 Zrotation Yrotation Xrotation
				JOINT RightToe
				{
					OFFSET -10.567778 -19.516459 8.184525
					CHANNELS 3 Zrotation Yrotation Xrotation
					End Site #name: RightToe_end_site
					{
						OFFSET -13.422228 -7.319673 18.050549
					}
				}
			}
		}
	}
}
MOTION
Frames: 599
Frame Time: 0.033333
-0.161503 106.130577 0.000000 0.000000 0.000000 0.000000 0.000000 0.000000 0.000000 0.000000 0.000000 0.000000 0.000000 0.000000 0.000000 0.000000 0.000000 0.000000 0.000000 0.000000 0.000000 0.000000 0.000000 0.000000 0.000000 0.000000 0.000000 0.000000 0.000000 -5.000000 0.000000 0.000000 0.000000 0.000000 0.000000 0.000000 0.000000 0.000000 0.000000 0.000000 0.000000 -5.000000 0.000000 0.000000 0.000000 0.000000 0.000000 0.000000 0.000000 0.000000 0.000000 0.000000 0.000000 2.955202 0.000000 0.000000 0.000000 0.000000 0.000000 0.000000 0.000000 0.000000 -0.000000 0.000000 0.000000 -2.955202 0.000000 0.000000 0.000000 
0.226726 106.389396 1.669454 0.776457 0.000000 0.000000 -0.517638 0.000000 0.000000 0.000000 0.000000 0.000000 0.000000 0.000000 0.000000 0.000000 0.000000 0.000000 0.000000 0.000000 1.000000 0.000000 0.000000 0.000000 0.000000 0.000000 -3.882286 0.000000 0.000000 -5.000000 0.000000 0.000000 0.000000 0.000000 0.000000 0.000000 0.000000 0.000000 3.882286 0.000000 0.000000 -5.000000 0.000000 0.000000 0.000000 0.000000 0.000000 6.470476 0.000000 0.000000 -10.352762 0.000000 0.000000 5.327099 0.000000 0.000000 0.000000 0.000000 0.000000 -6.470476 0.000000 0.000000 0.000000 0.000000 0.000000 -5.327099 0.000000 0.000000 0.000000 
0.588497 106.630577 3.338907 1.500000 0.000000 0.000000 -1.000000 0.000000 0.000000 0.000000 0.000000 0.000000 0.000000 0.000000 0.000000 0.000000 0.000000 0.000000 0.000000 0.000000 1.732051 0.000000 0.000000 0.000000 0.000000 0.000000 -7.500000 0.000000 0.000000 -5.000000 0.000000 0.000000 0.000000 0.000000 0.000000 0.000000 0.000000 0.000000 7.500000 0.000000 0.000000 -5.000000 0.000000 0.000000 0.000000 0.000000 0.000000 12.500000 0.000000 0.000000 -20.000000 0.000000 0.000000 7.335963 0.000000 0.000000 0.000000 0.000000 0.000000 -12.500000 0.000000 0.000000 0.000000 0.000000 0.000000 -7.335963 0.000000 0.000000 0.000000 
0.899157 106.837684 5.008361 2.121320 0.000000 0.000000 -1.414214 0.000000 0.000000 0.000000 0.000000 0.000000 0.000000 0.000000 0.000000 0.000000 0.000000 0.000000 0.000000 0.000000 2.000000 0.000000 0.000000 0.000000 0.000000 0.000000 -10.606602 0.000000 0.000000 -5.000000 0.000000 0.000000 0.000000 0.000000 0.000000 0.000000 0.000000 0.000000 10.606602 0.000000 0.000000 -5.000000 0.000000 0.000000 0.000000 0.000000 0.000000 17.677670 0.000000 0.000000 -28.284271 0.000000 0.000000 8.844893 0.000000 0.000000 0.000000 0.000000 0.000000 -17.677670 0.000000 0.000000 0.000000 0.000000 0.000000 -8.844893 0.000000 0.000000 0.000000 
1.137535 106.996602 6.677815 2.598076 0.000000 0.000000 -1.732051 0.000000 0.000000 0.000000 0.000000 0.000000 0.000000 0.000000 0.000000 0.000000 0.000000 0.000000 0.000000 0.000000 1.732051 0.000000 0.000000 0.000000 0.000000 0.000000 -12.990381 0.000000 0.000000 -5.000000 0.000000 0.000000 0.000000 0.000000 0.000000 0.000000 0.000000 0.000000 12.990381 0.000000 0.000000 -5.000000 0.000000 0.000000 0.000000 0.000000 0.000000 21.650635 0.000000 0.000000 -34.641016 0.000000 0.000000 9.751058 0.000000 0.000000 0.000000 0.000000 0.000000 -21.650635 0.000000 0.000000 0.000000 0.000000 0.000000 -9.751058 0.000000 0.000000 0.000000 
1.287386 107.096503 8.347269 2.897777 0.000000 0.000000 -1.931852 0.000000 0.000000 0.000000 0.000000 0.000000 0.000000 0.000000 0.000000 0.000000 0.000000 0.000000 0.000000 0.000000 1.000000 0.000000 0.000000 0.000000 0.000000 0.000000 -14.488887 0.000000 0.000000 -5.000000 0.000000 0.000000 0.000000 0.000000 0.000000 0.000000 0.000000 0.000000 14.488887 0.000000 0.000000 -5.000000 0.000000 0.000000 0.000000 0.000000 0.000000 24.148146 0.000000 0.000000 -38.637033 0.000000 0.000000 9.992704 0.000000 0.000000 0.000000 0.000000 0.000000 -24.148146 0.000000 0.000000 0.000000 0.000000 0.000000 -9.992704 0.000000 0.000000 0.000000 
1.338497 107.130577 10.016722 3.000000 0.000000 0.000000 -2.000000 0.000000 0.000000 0.000000 0.000000 0.000000 0.000000 0.000000 0.000000 0.000000 0.000000 0.000000 0.000000 0.000000 0.000000 0.000000 0.000000 0.000000 0.000000 0.000000 -15.000000 0.000000 0.000000 -5.000000 0.000000 0.000000 0.000000 0.000000 0.000000 0.000000 0.000000 0.000000 15.000000 0.000000 0.000000 -5.000000 0.000000 0.000000 0.000000 0.000000 0.000000 25.000000 0.000000 0.000000 -40.000000 0.000000 0.000000 9.553365 0.000000 0.000000 0.000000 0.000000 0.000000 -25.000000 0.000000 0.000000 0.000000 0.000000 0.000000 -9.553365 0.000000 0.000000 0.000000 
1.287386 107.096503 11.686176 2.897777 0.000000 0.000000 -1.931852 0.000000 0.000000 0.000000 0.000000 0.000000 0.000000 0.000000 0.000000 0.000000 0.000000 0.000000 0.000000 0.000000 -1.000000 0.000000 0.000000 0.000000 0.000000 0.000000 -14.488887 0.000000 0.000000 -5.000000 0.000000 0.000000 0.000000 0.000000 0.000000 0.000000 0.000000 0.000000 14.488887 0.000000 0.000000 -5.000000 0.000000 0.000000 0.000000 0.000000 0.000000 24.148146 0.000000 0.000000 -38.637033 0.000000 0.000000 8.462979 0.000000 0.000000 0.000000 0.000000 0.000000 -24.148146 0.000000 0.000000 0.000000 0.000000 0.000000 -8.462979 0.000000 0.000000 0.000000 
1.137535 106.996602 13.355630 2.598076 0.000000 0.000000 -1.732051 0.000000 0.000000 0.000000 0.000000 0.000000 0.000000 0.000000 0.000000 0.000000 0.000000 0.000000 0.000000 0.000000 -1.732051 0.000000 0.000000 0.000000 0.000000 0.000000 -12.990381 0.000000 0.000000 -5.000000 0.000000 0.000000 0.000000 0.000000 0.000000 0.000000 0.000000 0.000000 12.990381 0.000000 0.000000 -5.000000 0.000000 0.000000 0.000000 0.000000 0.000000 21.650635 0.000000 0.000000 -34.641016 0.000000 0.000000 6.795856 0.000000 0.000000 0.000000 0.000000 0.000000 -21.650635 0.000000 0.000000 0.000000 0.000000 0.000000 -6.795856 0.000000 0.000000 0.000000 
0.899157 106.837684 15.025084 2.121320 0.000000 0.000000 -1.414214 0.000000 0.000000 0.000000 0.000000 0.000000 0.000000 0.000000 0.000000 0.000000 0.000000 0.000000 0.000000 0.000000 -2.000000 0.000000 0.000000 0.000000 0.000000 0.000000 -10.606602 0.000000 0.000000 -5.000000 0.000000 0.000000 0.000000 0.000000 0.000000 0.000000 0.000000 0.000000 10.606602 0.000000 0.000000 -5.000000 0.000000 0.000000 0.000000 0.000000 0.000000 17.677670 0.000000 0.000000 -28.284271 0.000000 0.000000 4.665606 0.000000 0.000000 0.000000 0.000000 0.000000 -17.677670 0.000000 0.000000 0.000000 0.000000 0.000000 -4.665606 0.000000 0.000000 0.000000 
0.588497 106.630577 16.694537 1.500000 0.000000 0.000000 -1.000000 0.000000 0.000000 0.000000 0.000000 0.000000 0.000000 0.000000 0.000000 0.000000 0.000000 0.000000 0.000000 0.000000 -1.732051 0.000000 0.000000 0.000000 0.000000 0.000000 -7.500000 0.000000 0.000000 -5.000000 0.000000 0.000000 0.000000 0.000000 0.000000 0.000000 0.000000 0.000000 7.500000 0.000000 0.000000 -5.000000 0.000000 0.000000 0.000000 0.000000 0.000000 12.500000 0.000000 0.000000 -20.000000 0.000000 0.000000 2.217402 0.000000 0.000000 0.000000 0.000000 0.000000 -12.500000 0.000000 0.000000 0.000000 0.000000 0.000000 -2.217402 0.000000 0.000000 0.000000 
0.226726 106.389396 18.363991 0.776457 0.000000 0.000000 -0.517638 0.000000 0.000000 0.000000 0.000000 0.000000 0.000000 0.000000 0.000000 0.000000 0.000000 0.000000 0.000000 0.000000 -1.000000 0.000000 0.000000 0.000000 0.000000 0.000000 -3.882286 0.000000 0.000000 -5.000000 0.000000 0.000000 0.000000 0.000000 0.000000 0.000000 0.000000 0.000000 3.882286 0.000000 0.000000 -5.000000 0.000000 0.000000 0.000000 0.000000 0.000000 6.470476 0.000000 0.000000 -10.352762 0.000000 0.000000 -0.381913 0.000000 0.000000 0.000000 0.000000 0.000000 -6.470476 0.000000 0.000000 0.000000 0.000000 0.000000 0.381913 0.000000 0.000000 0.000000 
-0.161503 106.130577 20.033445 0.000000 0.000000 0.000000 -0.000000 0.000000 0.000000 0.000000 0.000000 0.000000 0.000000 0.000000 0.000000 0.000000 0.000000 0.000000 0.000000 0.000000 -0.000000 0.000000 0.000000 0.000000 0.000000 0.000000 -0.000000 0.000000 0.000000 -5.000000 0.000000 0.000000 0.000000 0.000000 0.000000 0.000000 0.000000 0.000000 0.000000 0.000000 0.000000 -5.000000 0.000000 0.000000 0.000000 0.000000 0.000000 0.000000 0.000000 0.000000 -0.000000 0.000000 0.000000 -2.955202 0.000000 0.000000 0.000000 0.000000 0.000000 -0.000000 0.000000 0.000000 0.000000 0.000000 0.000000 2.955202 0.000000 0.000000 0.000000 
-0.549732 106.389396 21.702899 -0.776457 0.000000 0.000000 0.517638 0.000000 0.000000 0.000000 0.000000 0.000000 0.000000 0.000000 0.000000 0.000000 0.000000 0.000000 0.000000 0.000000 1.000000 0.000000 0.000000 0.000000 0.000000 0.000000 3.882286 0.000000 0.000000 -5.000000 0.000000 0.000000 0.000000 0.000000 0.000000 0.000000 0.000000 0.000000 -3.882286 0.000000 0.000000 -5.000000 0.000000 0.000000 0.000000 0.000000 0.000000 -6.470476 0.000000 0.000000 0.000000 0.000000 0.000000 -5.327099 0.000000 0.000000 0.000000 0.000000 0.000000 6.470476 0.000000 0.000000 -10.352762 0.000000 0.000000 5.327099 0.000000 0.000000 0.000000 
-0.911503 106.630577 23.372352 -1.500000 0.000000 0.000000 1.000000 0.000000 0.000000 0.000000 0.000000 0.000000 0.000000 0.000000 0.000000 0.000000 0.000000 0.000000 0.000000 0.000000 1.732051 0.000000 0.000000 0.000000 0.000000 0.000000 7.500000 0.000000 0.000000 -5.000000 0.000000 0.000000 0.000000 0.000000 0.000000 0.000000 0.000000 0.000000 -7.500000 0.000000 0.000000 -5.000000 0.000000 0.000000 0.000000 0.000000 0.000000 -12.500000 0.000000 0.000000 0.000000 0.000000 0.000000 -7.335963 0.000000 0.000000 0.000000 0.000000 0.000000 12.500000 0.000000 0.000000 -20.000000 0.000000 0.000000 7.335963 0.000000 0.000000 0.000000 
-1.222163 106.837684 25.041806 -2.121320 0.000000 0.000000 1.414214 0.000000 0.000000 0.000000 0.000000 0.000000 0.000000 0.000000 0.000000 0.000000 0.000000 0.000000 0.000000 0.000000 2.000000 0.000000 0.000000 0.000000 0.000000 0.000000 10.606602 0.000000 0.000000 -5.000000 0.000000 0.000000 0.000000 0.000000 0.000000 0.000000 0.000000 0.000000 -10.606602 0.000000 0.000000 -5.000000 0.000000 0.000000 0.000000 0.000000 0.000000 -17.677670 0.000000 0.000000 0.000000 0.000000 0.000000 -8.844893 0.000000 0.000000 0.000000 0.000000 0.000000 17.677670 0.000000 0.000000 -28.284271 0.000000 0.000000 8.844893 0.000000 0.000000 0.000000 
-1.460541 106.996602 26.711260 -2.598076 0.000000 0.000000 1.732051 0.000000 0.000000 0.000000 0.000000 0.000000 0.000000 0.000000 0.000000 0.000000 0.000000 0.000000 0.000000 0.000000 1.732051 0.000000 0.000000 0.000000 0.000000 0.000000 12.990381 0.000000 0.000000 -5.000000 0.000000 0.000000 0.000000 0.000000 0.000000 0.000000 0.000000 0.000000 -12.990381 0.000000 0.000000 -5.000000 0.000000 0.000000 0.000000 0.000000 0.000000 -21.650635 0.000000 0.000000 0.000000 0.000000 0.000000 -9.751058 0.000000 0.000000 0.000000 0.000000 0.000000 21.650635 0.000000 0.000000 -34.641016 0.000000 0.000000 9.751058 0.000000 0.000000 0.000000 
-1.610392 107.096503 28.380713 -2.897777 0.000000 0.000000 1.931852 0.000000 0.000000 0.000000 0.000000 0.000000 0.000000 0.000000 0.000000 0.000000 0.000000 0.000000 0.000000 0.000000 1.000000 0.000000 0.000000 0.000000 0.000000 0.000000 14.488887 0.000000 0.000000 -5.000000 0.000000 0.000000 0.000000 0.000000 0.000000 0.000000 0.000000 0.000000 -14.488887 0.000000 0.000000 -5.000000 0.000000 0.000000 0.000000 0.000000 0.000000 -24.148146 0.000000 0.000000 0.000000 0.000000 0.000000 -9.992704 0.000000 0.000000 0.000000 0.000000 0.000000 24.148146 0.000000 0.000000 -38.637033 0.000000 0.000000 9.992704 0.000000 0.000000 0.000000 
-1.661503 107.130577 30.050167 -3.000000 0.000000 0.000000 2.000000 0.000000 0.000000 0.000000 0.000000 0.000000 0.000000 0.000000 0.000000 0.000000 0.000000 0.000000 0.000000 0.000000 0.000000 0.000000 0.000000 0.000000 0.000000 0.000000 15.000000 0.000000 0.000000 -5.000000 0.000000 0.000000 0.000000 0.000000 0.000000 0.000000 0.000000 0.000000 -15.000000 0.000000 0.000000 -5.000000 0.000000 0.000000 0.000000 0.000000 0.000000 -25.000000 0.000000 0.000000 0.000000 0.000000 0.000000 -9.553365 0.000000 0.000000 0.000000 0.000000 0.000000 25.000000 0.000000 0.000000 -40.000000 0.000000 0.000000 9.553365 0.000000 0.000000 0.000000 
-1.610392 107.096503 31.719621 -2.897777 0.000000 0.000000 1.931852 0.000000 0.000000 0.000000 0.000000 0.000000 0.000000 0.000000 0.000000 0.000000 0.000000 0.000000 0.000000 0.000000 -1.000000 0.000000 0.000000 0.000000 0.000000 0.000000 14.488887 0.000000 0.000000 -5.000000 0.000000 0.000000 0.000000 0.000000 0.000000 0.000000 0.000000 0.000000 -14.488887 0.000000 0.000000 -5.000000 0.000000 0.000000 0.000000 0.000000 0.000000 -24.148146 0.000000 0.000000 0.000000 0.000000 0.000000 -8.462979 0.000000 0.000000 0.000000 0.000000 0.000000 24.148146 0.000000 0.000000 -38.637033 0.000000 0.000000 8.462979 0.000000 0.000000 0.000000 
-1.460541 106.996602 33.389075 -2.598076 0.000000 0.000000 1.732051 0.000000 0.000000 0.000000 0.000000 0.000000 0.000000 0.000000 0.000000 0.000000 0.000000 0.000000 0.000000 0.000000 -1.732051 0.000000 0.000000 0.000000 0.000000 0.000000 12.990381 0.000000 0.000000 -5.000000 0.000000 0.000000 0.000000 0.000000 0.000000 0.000000 0.000000 0.000000 -12.990381 0.000000 0.000000 -5.000000 0.000000 0.000000 0.000000 0.000000 0.000000 -21.650635 0.000000 0.000000 0.000000 0.000000 0.000000 -6.795856 0.000000 0.000000 0.000000 0.000000 0.000000 21.650635 0.000000 0.000000 -34.641016 0.000000 0.000000 6.795856 0.000000 0.000000 0.000000 
-1.222163 106.837684 35.058528 -2.121320 0.000000 0.000000 1.414214 0.000000 0.000000 0.000000 0.000000 0.000000 0.000000 0.000000 0.000000 0.000000 0.000000 0.000000 0.000000 0.000000 -2.000000 0.000000 0.000000 0.000000 0.000000 0.000000 10.606602 0.000000 0.000000 -5.000000 0.000000 0.000000 0.000000 0.000000 0.000000 0.000000 0.000000 0.000000 -10.606602 0.000000 0.000000 -5.000000 0.000000 0.000000 0.000000 0.000000 0.000000 -17.677670 0.000000 0.000000 0.000000 0.000000 0.000000 -4.665606 0.000000 0.000000 0.000000 0.000000 0.000000 17.677670 0.000000 0.000000 -28.284271 0.000000 0.000000 4.665606 0.000000 0.000000 0.000000 
-0.911503 106.630577 36.727982 -1.500000 0.000000 0.000000 1.000000 0.000000 0.000000 0.000000 0.000000 0.000000 0.000000 0.000000 0.000000 0.000000 0.000000 0.000000 0.000000 0.000000 -1.732051 0.000000 0.000000 0.000000 0.000000 0.000000 7.500000 0.000000 0.000000 -5.000000 0.000000 0.000000 0.000000 0.000000 0.000000 0.000000 0.000000 0.000000 -7.500000 0.000000 0.000000 -5.000000 0.000000 0.000000 0.000000 0.000000 0.000000 -12.500000 0.000000 0.000000 0.000000 0.000000 0.000000 -2.217402 0.000000 0.000000 0.000000 0.000000 0.000000 12.500000 0.000000 0.000000 -20.000000 0.000000 0.000000 2.217402 0.000000 0.000000 0.000000 
-0.549732 106.389396 38.397436 -0.776457 0.000000 0.000000 0.517638 0.000000 0.000000 0.000000 0.000000 0.000000 0.000000 0.000000 0.000000 0.000000 0.000000 0.000000 0.000000 0.000000 -1.000000 0.000000 0.000000 0.000000 0.000000 0.000000 3.882286 0.000000 0.000000 -5.000000 0.000000 0.000000 0.000000 0.000000 0.000000 0.000000 0.000000 0.000000 -3.882286 0.000000 0.000000 -5.000000 0.000000 0.000000 0.000000 0.000000 0.000000 -6.470476 0.000000 0.000000 0.000000 0.000000 0.000000 0.381913 0.000000 0.000000 0.000000 0.000000 0.000000 6.470476 0.000000 0.000000 -10.352762 0.000000 0.000000 -0.381913 0.000000 0.000000 0.000000 
-0.161503 106.130577 40.066890 -0.000000 0.000000 0.000000 0.000000 0.000000 0.000000 0.000000 0.000000 0.000000 0.000000 0.000000 0.000000 0.000000 0.000000 0.000000 0.000000 0.000000 -0.000000 0.000000 0.000000 0.000000 0.000000 0.000000 0.000000 0.000000 0.000000 -5.000000 0.000000 0.000000 0.000000 0.000000 0.000000 0.000000 0.000000 0.000000 -0.000000 0.000000 0.000000 -5.000000 0.000000 0.000000 0.000000 0.000000 0.000000 -0.000000 0.000000 0.000000 0.000000 0.000000 0.000000 2.955202 0.000000 0.000000 0.000000 0.000000 0.000000 0.000000 0.000000 0.000000 -0.000000 0.000000 0.000000 -2.955202 0.000000 0.000000 0.000000 
0.226726 106.389396 41.736343 0.776457 0.000000 0.000000 -0.517638 0.000000 0.000000 0.000000 0.000000 0.000000 0.000000 0.000000 0.000000 0.000000 0.000000 0.000000 0.000000 0.000000 1.000000 0.000000 0.000000 0.000000 0.000000 0.000000 -3.882286 0.000000 0.000000 -5.000000 0.000000 0.000000 0.000000 0.000000 0.000000 0.000000 0.000000 0.000000 3.882286 0.000000 0.000000 -5.000000 0.000000 0.000000 0.000000 0.000000 0.000000 6.470476 0.000000 0.000000 -10.352762 0.000000 0.000000 5.327099 0.000000 0.000000 0.000000 0.000000 0.000000 -6.470476 0.000000 0.000000 0.000000 0.000000 0.000000 -5.327099 0.000000 0.000000 0.000000 
0.588497 106.630577 43.405797 1.500000 0.000000 0.000000 -1.000000 0.000000 0.000000 0.000000 0.000000 0.000000 0.000000 0.000000 0.000000 0.000000 0.000000 0.000000 0.000000 0.000000 1.732051 0.000000 0.000000 0.000000 0.000000 0.000000 -7.500000 0.000000 0.000000 -5.000000 0.000000 0.000000 0.000000 0.000000 0.000000 0.000000 0.000000 0.000000 7.500000 0.000000 0.000000 -5.000000 0.000000 0.000000 0.000000 0.000000 0.000000 12.500000 0.000000 0.000000 -20.000000 0.000000 0.000000 7.335963 0.000000 0.000000 0.000000 0.000000 0.000000 -12.500000 0.000000 0.000000 0.000000 0.000000 0.000000 -7.335963 0.000000 0.000000 0.000000 
0.899157 106.837684 45.075251 2.121320 0.000000 0.000000 -1.414214 0.000000 0.000000 0.000000 0.000000 0.000000 0.000000 0.000000 0.000000 0.000000 0.000000 0.000000 0.000000 0.000000 2.000000 0.000000 0.000000 0.000000 0.000000 0.000000 -10.606602 0.000000 0.000000 -5.000000 0.000000 0.000000 0.000000 0.000000 0.000000 0.000000 0.000000 0.000000 10.606602 0.000000 0.000000 -5.000000 0.000000 0.000000 0.000000 0.000000 0.000000 17.677670 0.000000 0.000000 -28.284271 0.000000 0.000000 8.844893 0.000000 0.000000 0.000000 0.000000 0.000000 -17.677670 0.000000 0.000000 0.000000 0.000000 0.000000 -8.844893 0.000000 0.000000 0.000000 
1.137535 106.996602 46.744705 2.598076 0.000000 0.000000 -1.732051 0.000000 0.000000 0.000000 0.000000 0.000000 0.000000 0.000000 0.000000 0.000000 0.000000 0.000000 0.000000 0.000000 1.732051 0.000000 0.000000 0.000000 0.000000 0.000000 -12.990381 0.000000 0.000000 -5.000000 0.000000 0.000000 0.000000 0.000000 0.000000 0.000000 0.000000 0.000000 12.990381 0.000000 0.000000 -5.000000 0.000000 0.000000 0.000000 0.000000 0.000000 21.650635 0.000000 0.000000 -34.641016 0.000000 0.000000 9.751058 0.000000 0.000000 0.000000 0.000000 0.000000 -21.650635 0.000000 0.000000 0.000000 0.000000 0.000000 -9.751058 0.000000 0.000000 0.000000 
1.287386 107.096503 48.414158 2.897777 0.000000 0.000000 -1.931852 0.000000 0.000000 0.000000 0.000000 0.000000 0.000000 0.000000 0.000000 0.000000 0.000000 0.000000 0.000000 0.000000 1.000000 0.000000 0.000000 0.000000 0.000000 0.000000 -14.488887 0.000000 0.000000 -5.000000 0.000000 0.000000 0.000000 0.000000 0.000000 0.000000 0.000000 0.000000 14.488887 0.000000 0.000000 -5.000000 0.000000 0.000000 0.000000 0.000000 0.000000 24.148146 0.000000 0.000000 -38.637033 0.000000 0.000000 9.992704 0.000000 0.000000 0.000000 0.000000 0.000000 -24.148146 0.000000 0.000000 0.000000 0.000000 0.000000 -9.992704 0.000000 0.000000 0.000000 
1.338497 107.130577 50.083612 3.000000 0.000000 0.000000 -2.000000 0.000000 0.000000 0.000000 0.000000 0.000000 0.000000 0.000000 0.000000 0.000000 0.000000 0.000000 0.000000 0.000000 0.000000 0.000000 0.000000 0.000000 0.000000 0.000000 -15.000000 0.000000 0.000000 -5.000000 0.000000 0.000000 0.000000 0.000000 0.000000 0.000000 0.000000 0.000000 15.000000 0.000000 0.000000 -5.000000 0.000000 0.000000 0.000000 0.000000 0.000000 25.000000 0.000000 0.000000 -40.000000 0.000000 0.000000 9.553365 0.000000 0.000000 0.000000 0.000000 0.000000 -25.000000 0.000000 0.000000 0.000000 0.000000 0.000000 -9.553365 0.000000 0.000000 0.000000 
1.287386 107.096503 51.753066 2.897777 0.000000 0.000000 -1.931852 0.000000 0.000000 0.000000 0.000000 0.000000 0.000000 0.000000 0.000000 0.000000 0.000000 0.000000 0.000000 0.000000 -1.000000 0.000000 0.000000 0.000000 0.000000 0.000000 -14.488887 0.000000 0.000000 -5.000000 0.000000 0.000000 0.000000 0.000000 0.000000 0.000000 0.000000 0.000000 14.488887 0.000000 0.000000 -5.000000 0.000000 0.000000 0.000000 0.000000 0.000000 24.148146 0.000000 0.000000 -38.637033 0.000000 0.000000 8.462979 0.000000 0.000000 0.000000 0.000000 0.000000 -24.148146 0.000000 0.000000 0.000000 0.000000 0.000000 -8.462979 0.000000 0.000000 0.000000 
1.137535 106.996602 53.422520 2.598076 0.000000 0.000000 -1.732051 0.000000 0.000000 0.000000 0.000000 0.000000 0.000000 0.000000 0.000000 0.000000 0.000000 0.000000 0.000000 0.000000 -1.732051 0.000000 0.000000 0.000000 0.000000 0.000000 -12.990381 0.000000 0.000000 -5.000000 0.000000 0.000000 0.000000 0.000000 0.000000 0.000000 0.000000 0.000000 12.990381 0.000000 0.000000 -5.000000 0.000000 0.000000 0.000000 0.000000 0.000000 21.650635 0.000000 0.000000 -34.641016 0.000000 0.000000 6.795856 0.000000 0.000000 0.000000 0.000000 0.000000 -21.650635 0.000000 0.000000 0.000000 0.000000 0.000000 -6.795856 0.000000 0.000000 0.000000 
0.899157 106.837684 55.091973 2.121320 0.000000 0.000000 -1.414214 0.000000 0.000000 0.000000 0.000000 0.000000 0.000000 0.000000 0.000000 0.000000 0.000000 0.000000 0.000000 0.000000 -2.000000 0.000000 0.000000 0.000000 0.000000 0.000000 -10.606602 0.000000 0.000000 -5.000000 0.000000 0.000000 0.000000 0.000000 0.000000 0.000000 0.000000 0.000000 10.606602 0.000000 0.000000 -5.000000 0.000000 0.000000 0.000000 0.000000 0.000000 17.677670 0.000000 0.000000 -28.284271 0.000000 0.000000 4.665606 0.000000 0.000000 0.000000 0.000000 0.000000 -17.677670 0.000000 0.000000 0.000000 0.000000 0.000000 -4.665606 0.000000 0.000000 0.000000 
0.588497 106.630577 56.761427 1.500000 0.000000 0.000000 -1.000000 0.000000 0.000000 0.000000 0.000000 0.000000 0.000000 0.000000 0.000000 0.000000 0.000000 0.000000 0.000000 0.000000 -1.732051 0.000000 0.000000 0.000000 0.000000 0.000000 -7.500000 0.000000 0.000000 -5.000000 0.000000 0.000000 0.000000 0.000000 0.000000 0.000000 0.000000 0.000000 7.500000 0.000000 0.000000 -5.000000 0.000000 0.000000 0.000000 0.000000 0.000000 12.500000 0.000000 0.000000 -20.000000 0.000000 0.000000 2.217402 0.000000 0.000000 0.000000 0.000000 0.000000 -12.500000 0.000000 0.000000 0.000000 0.000000 0.000000 -2.217402 0.000000 0.000000 0.000000 
0.226726 106.389396 58.430881 0.776457 0.000000 0.000000 -0.517638 0.000000 0.000000 0.000000 0.000000 0.000000 0.000000 0.000000 0.000000 0.000000 0.000000 0.000000 0.000000 0.000000 -1.000000 0.000000 0.000000 0.000000 0.000000 0.000000 -3.882286 0.000000 0.000000 -5.000000 0.000000 0.000000 0.000000 0.000000 0.000000 0.000000 0.000000 0.000000 3.882286 0.000000 0.000000 -5.000000 0.000000 0.000000 0.000000 0.000000 0.000000 6.470476 0.000000 0.000000 -10.352762 0.000000 0.000000 -0.381913 0.000000 0.000000 0.000000 0.000000 0.000000 -6.470476 0.000000 0.000000 0.000000 0.000000 0.000000 0.381913 0.000000 0.000000 0.000000 
-0.161503 106.130577 60.100334 0.000000 0.000000 0.000000 -0.000000 0.000000 0.000000 0.000000 0.000000 0.000000 0.000000 0.000000 0.000000 0.000000 0.000000 0.000000 0.000000 0.000000 -0.000000 0.000000 0.000000 0.000000 0.000000 0.000000 -0.000000 0.000000 0.000000 -5.000000 0.000000 0.000000 0.000000 0.000000 0.000000 0.000000 0.000000 0.000000 0.000000 0.000000 0.000000 -5.000000 0.000000 0.000000 0.000000 0.000000 0.000000 0.000000 0.000000 0.000000 -0.000000 0.000000 0.000000 -2.955202 0.000000 0.000000 0.000000 0.000000 0.000000 -0.000000 0.000000 0.000000 0.000000 0.000000 0.000000 2.955202 0.000000 0.000000 0.000000 
-0.549732 106.389396 61.769788 -0.776457 0.000000 0.000000 0.517638 0.000000 0.000000 0.000000 0.000000 0.000000 0.000000 0.000000 0.000000 0.000000 0.000000 0.000000 0.000000 0.000000 1.000000 0.000000 0.000000 0.000000 0.000000 0.000000 3.882286 0.000000 0.000000 -5.000000 0.000000 0.000000 0.000000 0.000000 0.000000 0.000000 0.000000 0.000000 -3.882286 0.000000 0.000000 -5.000000 0.000000 0.000000 0.000000 0.000000 0.000000 -6.470476 0.000000 0.000000 0.000000 0.000000 0.000000 -5.327099 0.000000 0.000000 0.000000 0.000000 0.000000 6.470476 0.000000 0.000000 -10.352762 0.000000 0.000000 5.327099 0.000000 0.000000 0.000000 
-0.911503 106.630577 63.439242 -1.500000 0.000000 0.000000 1.000000 0.000000 0.000000 0.000000 0.000000 0.000000 0.000000 0.000000 0.000000 0.000000 0.000000 0.000000 0.000000 0.000000 1.732051 0.000000 0.000000 0.000000 0.000000 0.000000 7.500000 0.000000 0.000000 -5.000000 0.000000 0.000000 0.000000 0.000000 0.000000 0.000000 0.000000 0.000000 -7.500000 0.000000 0.000000 -5.000000 0.000000 0.000000 0.000000 0.000000 0.000000 -12.500000 0.000000 0.000000 0.000000 0.000000 0.000000 -7.335963 0.000000 0.000000 0.000000 0.000000 0.000000 12.500000 0.000000 0.000000 -20.000000 0.000000 0.000000 7.335963 0.000000 0.000000 0.000000 
-1.222163 106.837684 65.108696 -2.121320 0.000000 0.000000 1.414214 0.000000 0.000000 0.000000 0.000000 0.000000 0.000000 0.000000 0.000000 0.000000 0.000000 0.000000 0.000000 0.000000 2.000000 0.000000 0.000000 0.000000 0.000000 0.000000 10.606602 0.000000 0.000000 -5.000000 0.000000 0.000000 0.000000 0.000000 0.000000 0.000000 0.000000 0.000000 -10.606602 0.000000 0.000000 -5.000000 0.000000 0.000000 0.000000 0.000000 0.000000 -17.677670 0.000000 0.000000 0.000000 0.000000 0.000000 -8.844893 0.000000 0.000000 0.000000 0.000000 0.000000 17.677670 0.000000 0.000000 -28.284271 0.000000 0.000000 8.844893 0.000000 0.000000 0.000000 
-1.460541 106.996602 66.778149 -2.598076 0.000000 0.000000 1.732051 0.000000 0.000000 0.000000 0.000000 0.000000 0.000000 0.000000 0.000000 0.000000 0.000000 0.000000 0.000000 0.000000 1.732051 0.000000 0.000000 0.000000 0.000000 0.000000 12.990381 0.000000 0.000000 -5.000000 0.000000 0.000000 0.000000 0.000000 0.000000 0.000000 0.000000 0.000000 -12.990381 0.000000 0.000000 -5.000000 0.000000 0.000000 0.000000 0.000000 0.000000 -21.650635 0.000000 0.000000 0.000000 0.000000 0.000000 -9.751058 0.000000 0.000000 0.000000 0.000000 0.000000 21.650635 0.000000 0.000000 -34.641016 0.000000 0.000000 9.751058 0.000000 0.000000 0.000000 
-1.610392 107.096503 68.447603 -2.897777 0.000000 0.000000 1.931852 0.000000 0.000000 0.000000 0.000000 0.000000 0.000000 0.000000 0.000000 0.000000 0.000000 0.000000 0.000000 0.000000 1.000000 0.000000 0.000000 0.000000 0.000000 0.000000 14.488887 0.000000 0.000000 -5.000000 0.000000 0.000000 0.000000 0.000000 0.000000 0.000000 0.000000 0.000000 -14.488887 0.000000 0.000000 -5.000000 0.000000 0.000000 0.000000 0.000000 0.000000 -24.148146 0.000000 0.000000 0.000000 0.000000 0.000000 -9.992704 0.000000 0.000000 0.000000 0.000000 0.000000 24.148146 0.000000 0.000000 -38.637033 0.000000 0.000000 9.992704 0.000000 0.000000 0.000000 
-1.661503 107.130577 70.117057 -3.000000 0.000000 0.000000 2.000000 0.000000 0.000000 0.000000 0.000000 0.000000 0.000000 0.000000 0.000000 0.000000 0.000000 0.000000 0.000000 0.000000 0.000000 0.000000 0.000000 0.000000 0.000000 0.000000 15.000000 0.000000 0.000000 -5.000000 0.000000 0.000000 0.000000 0.000000 0.000000 0.000000 0.000000 0.000000 -15.000000 0.000000 0.000000 -5.000000 0.000000 0.000000 0.000000 0.000000 0.000000 -25.000000 0.000000 0.000000 0.000000 0.000000 0.000000 -9.553365 0.000000 0.000000 0.000000 0.000000 0.000000 25.000000 0.000000 0.000000 -40.000000 0.000000 0.000000 9.553365 0.000000 0.000000 0.000000 
-1.610392 107.096503 71.786511 -2.897777 0.000000 0.000000 1.931852 0.000000 0.000000 0.000000 0.000000 0.000000 0.000000 0.000000 0.000000 0.000000 0.000000 0.000000 0.000000 0.000000 -1.000000 0.000000 0.000000 0.000000 0.000000 0.000000 14.488887 0.000000 0.000000 -5.000000 0.000000 0.000000 0.000000 0.000000 0.000000 0.000000 0.000000 0.000000 -14.488887 0.000000 0.000000 -5.000000 0.000000 0.000000 0.000000 0.000000 0.000000 -24.148146 0.000000 0.000000 0.000000 0.000000 0.000000 -8.462979 0.000000 0.000000 0.000000 0.000000 0.000000 24.148146 0.000000 0.000000 -38.637033 0.000000 0.000000 8.462979 0.000000 0.000000 0.000000 
-1.460541 106.996602 73.455964 -2.598076 0.000000 0.000000 1.732051 0.000000 0.000000 0.000000 0.000000 0.000000 0.000000 0.000000 0.000000 0.000000 0.000000 0.000000 0.000000 0.000000 -1.732051 0.000000 0.000000 0.000000 0.000000 0.000000 12.990381 0.000000 0.000000 -5.000000 0.000000 0.000000 0.000000 0.000000 0.000000 0.000000 0.000000 0.000000 -12.990381 0.000000 0.000000 -5.000000 0.000000 0.000000 0.000000 0.000000 0.000000 -21.650635 0.000000 0.000000 0.000000 0.000000 0.000000 -6.795856 0.000000 0.000000 0.000000 0.000000 0.000000 21.650635 0.000000 0.000000 -34.641016 0.000000 0.000000 6.795856 0.000000 0.000000 0.000000 
-1.222163 106.837684 75.125418 -2.121320 0.000000 0.000000 1.414214 0.000000 0.000000 0.000000 0.000000 0.000000 0.000000 0.000000 0.000000 0.000000 0.000000 0.000000 0.000000 0.000000 -2.000000 0.000000 0.000000 0.000000 0.000000 0.000000 10.606602 0.000000 0.000000 -5.000000 0.000000 0.000000 0.000000 0.000000 0.000000 0.000000 0.000000 0.000000 -10.606602 0.000000 0.000000 -5.000000 0.000000 0.000000 0.000000 0.000000 0.000000 -17.677670 0.000000 0.000000 0.000000 0.000000 0.000000 -4.665606 0.000000 0.000000 0.000000 0.000000 0.000000 17.677670 0.000000 0.000000 -28.284271 0.000000 0.000000 4.665606 0.000000 0.000000 0.000000 
-0.911503 106.630577 76.794872 -1.500000 0.000000 0.000000 1.000000 0.000000 0.000000 0.000000 0.000000 0.000000 0.000000 0.000000 0.000000 0.000000 0.000000 0.000000 0.000000 0.000000 -1.732051 0.000000 0.000000 0.000000 0.000000 0.000000 7.500000 0.000000 0.000000 -5.000000 0.000000 0.000000 0.000000 0.000000 0.000000 0.000000 0.000000 0.000000 -7.500000 0.000000 0.000000 -5.000000 0.000000 0.000000 0.000000 0.000000 0.000000 -12.500000 0.000000 0.000000 0.000000 0.000000 0.000000 -2.217402 0.000000 0.000000 0.000000 0.000000 0.000000 12.500000 0.000000 0.000000 -20.000000 0.000000 0.000000 2.217402 0.000000 0.000000 0.000000 
-0.549732 106.389396 78.464326 -0.776457 0.000000 0.000000 0.517638 0.000000 0.000000 0.000000 0.000000 0.000000 0.000000 0.000000 0.000000 0.000000 0.000000 0.000000 0.000000 0.000000 -1.000000 0.000000 0.000000 0.000000 0.000000 0.000000 3.882286 0.000000 0.000000 -5.000000 0.000000 0.000000 0.000000 0.000000 0.000000 0.000000 0.000000 0.000000 -3.882286 0.000000 0.000000 -5.000000 0.000000 0.000000 0.000000 0.000000 0.000000 -6.470476 0.000000 0.000000 0.000000 0.000000 0.000000 0.381913 0.000000 0.000000 0.000000 0.000000 0.000000 6.470476 0.000000 0.000000 -10.352762 0.000000 0.000000 -0.381913 0.000000 0.000000 0.000000 
-0.161503 106.130577 80.133779 -0.000000 0.000000 0.000000 0.000000 0.000000 0.000000 0.000000 0.000000 0.000000 0.000000 0.000000 0.000000 0.000000 0.000000 0.000000 0.000000 0.000000 -0.000000 0.000000 0.000000 0.000000 0.000000 0.000000 0.000000 0.000000 0.000000 -5.000000 0.000000 0.000000 0.000000 0.000000 0.000000 0.000000 0.000000 0.000000 -0.000000 0.000000 0.000000 -5.000000 0.000000 0.000000 0.000000 0.000000 0.000000 -0.000000 0.000000 0.000000 0.000000 0.000000 0.000000 2.955202 0.000000 0.000000 0.000000 0.000000 0.000000 0.000000 0.000000 0.000000 -0.000000 0.000000 0.000000 -2.955202 0.000000 0.000000 0.000000 
0.226726 106.389396 81.803233 0.776457 0.000000 0.000000 -0.517638 0.000000 0.000000 0.000000 0.000000 0.000000 0.000000 0.000000 0.000000 0.000000 0.000000 0.000000 0.000000 0.000000 1.000000 0.000000 0.000000 0.000000 0.000000 0.000000 -3.882286 0.000000 0.000000 -5.000000 0.000000 0.000000 0.000000 0.000000 0.000000 0.000000 0.000000 0.000000 3.882286 0.000000 0.000000 -5.000000 0.000000 0.000000 0.000000 0.000000 0.000000 6.470476 0.000000 0.000000 -10.352762 0.000000 0.000000 5.327099 0.000000 0.000000 0.000000 0.000000 0.000000 -6.470476 0.000000 0.000000 0.000000 0.000000 0.000000 -5.327099 0.000000 0.000000 0.000000 
0.588497 106.630577 83.472687 1.500000 0.000000 0.000000 -1.000000 0.000000 0.000000 0.000000 0.000000 0.000000 0.000000 0.000000 0.000000 0.000000 0.000000 0.000000 0.000000 0.000000 1.732051 0.000000 0.000000 0.000000 0.000000 0.000000 -7.500000 0.000000 0.000000 -5.000000 0.000000 0.000000 0.000000 0.000000 0.000000 0.000000 0.000000 0.000000 7.500000 0.000000 0.000000 -5.000000 0.000000 0.000000 0.000000 0.000000 0.000000 12.500000 0.000000 0.000000 -20.000000 0.000000 0.000000 7.335963 0.000000 0.000000 0.000000 0.000000 0.000000 -12.500000 0.000000 0.000000 0.000000 0.000000 0.000000 -7.335963 0.000000 0.000000 0.000000 
0.899157 106.837684 85.142140 2.121320 0.000000 0.000000 -1.414214 0.000000 0.000000 0.000000 0.000000 0.000000 0.000000 0.000000 0.000000 0.000000 0.000000 0.000000 0.000000 0.000000 2.000000 0.000000 0.000000 0.000000 0.000000 0.000000 -10.606602 0.000000 0.000000 -5.000000 0.000000 0.000000 0.000000 0.000000 0.000000 0.000000 0.000000 0.000000 10.606602 0.000000 0.000000 -5.000000 0.000000 0.000000 0.000000 0.000000 0.000000 17.677670 0.000000 0.000000 -28.284271 0.000000 0.000000 8.844893 0.000000 0.000000 0.000000 0.000000 0.000000 -17.677670 0.000000 0.000000 0.000000 0.000000 0.000000 -8.844893 0.000000 0.000000 0.000000 
1.137535 106.996602 86.811594 2.598076 0.000000 0.000000 -1.732051 0.000000 0.000000 0.000000 0.000000 0.000000 0.000000 0.000000 0.000000 0.000000 0.000000 0.000000 0.000000 0.000000 1.732051 0.000000 0.000000 0.000000 0.000000 0.000000 -12.990381 0.000000 0.000000 -5.000000 0.000000 0.000000 0.000000 0.000000 0.000000 0.000000 0.000000 0.000000 12.990381 0.000000 0.000000 -5.000000 0.000000 0.000000 0.000000 0.000000 0.000000 21.650635 0.000000 0.000000 -34.641016 0.000000 0.000000 9.751058 0.000000 0.000000 0.000000 0.000000 0.000000 -21.650635 0.000000 0.000000 0.000000 0.000000 0.000000 -9.751058 0.000000 0.000000 0.000000 
1.287386 107.096503 88.481048 2.897777 0.000000 0.000000 -1.931852 0.000000 0.000000 0.000000 0.000000 0.000000 0.000000 0.000000 0.000000 0.000000 0.000000 0.000000 0.000000 0.000000 1.000000 0.000000 0.000000 0.000000 0.000000 0.000000 -14.488887 0.000000 0.000000 -5.000000 0.000000 0.000000 0.000000 0.000000 0.000000 0.000000 0.000000 0.000000 14.488887 0.000000 0.000000 -5.000000 0.000000 0.000000 0.000000 0.000000 0.000000 24.148146 0.000000 0.000000 -38.637033 0.000000 0.000000 9.992704 0.000000 0.000000 0.000000 0.000000 0.000000 -24.148146 0.000000 0.000000 0.000000 0.000000 0.000000 -9.992704 0.000000 0.000000 0.000000 
1.338497 107.130577 90.150502 3.000000 0.000000 0.000000 -2.000000 0.000000 0.000000 0.000000 0.000000 0.000000 0.000000 0.000000 0.000000 0.000000 0.000000 0.000000 0.000000 0.000000 0.000000 0.000000 0.000000 0.000000 0.000000 0.000000 -15.000000 0.000000 0.000000 -5.000000 0.000000 0.000000 0.000000 0.000000 0.000000 0.000000 0.000000 0.000000 15.000000 0.000000 0.000000 -5.000000 0.000000 0.000000 0.000000 0.000000 0.000000 25.000000 0.000000 0.000000 -40.000000 0.000000 0.000000 9.553365 0.000000 0.000000 0.000000 0.000000 0.000000 -25.000000 0.000000 0.000000 0.000000 0.000000 0.000000 -9.553365 0.000000 0.000000 0.000000 
1.287386 107.096503 91.819955 2.897777 0.000000 0.000000 -1.931852 0.000000 0.000000 0.000000 0.000000 0.000000 0.000000 0.000000 0.000000 0.000000 0.000000 0.000000 0.000000 0.000000 -1.000000 0.000000 0.000000 0.000000 0.000000 0.000000 -14.488887 0.000000 0.000000 -5.000000 0.000000 0.000000 0.000000 0.000000 0.000000 0.000000 0.000000 0.000000 14.488887 0.000000 0.000000 -5.000000 0.000000 0.000000 0.000000 0.000000 0.000000 24.148146 0.000000 0.000000 -38.637033 0.000000 0.000000 8.462979 0.000000 0.000000 0.000000 0.000000 0.000000 -24.148146 0.000000 0.000000 0.000000 0.000000 0.000000 -8.462979 0.000000 0.000000 0.000000 
1.137535 106.996602 93.489409 2.598076 0.000000 0.000000 -1.732051 0.000000 0.000000 0.000000 0.000000 0.000000 0.000000 0.000000 0.000000 0.000000 0.000000 0.000000 0.000000 0.000000 -1.732051 0.000000 0.000000 0.000000 0.000000 0.000000 -12.990381 0.000000 0.000000 -5.000000 0.000000 0.000000 0.000000 0.000000 0.000000 0.000000 0.000000 0.000000 12.990381 0.000000 0.000000 -5.000000 0.000000 0.000000 0.000000 0.000000 0.000000 21.650635 0.000000 0.000000 -34.641016 0.000000 0.000000 6.795856 0.000000 0.000000 0.000000 0.000000 0.000000 -21.650635 0.000000 0.000000 0.000000 0.000000 0.000000 -6.795856 0.000000 0.000000 0.000000 
0.899157 106.837684 95.158863 2.121320 0.000000 0.000000 -1.414214 0.000000 0.000000 0.000000 0.000000 0.000000 0.000000 0.000000 0.000000 0.000000 0.000000 0.000000 0.000000 0.000000 -2.000000 0.000000 0.000000 0.000000 0.000000 0.000000 -10.606602 0.000000 0.000000 -5.000000 0.000000 0.000000 0.000000 0.000000 0.000000 0.000000 0.000000 0.000000 10.606602 0.000000 0.000000 -5.000000 0.000000 0.000000 0.000000 0.000000 0.000000 17.677670 0.000000 0.000000 -28.284271 0.000000 0.000000 4.665606 0.000000 0.000000 0.000000 0.000000 0.000000 -17.677670 0.000000 0.000000 0.000000 0.000000 0.000000 -4.665606 0.000000 0.000000 0.000000 
0.588497 106.630577 96.828317 1.500000 0.000000 0.000000 -1.000000 0.000000 0.000000 0.000000 0.000000 0.000000 0.000000 0.000000 0.000000 0.000000 0.000000 0.000000 0.000000 0.000000 -1.732051 0.000000 0.000000 0.000000 0.000000 0.000000 -7.500000 0.000000 0.000000 -5.000000 0.000000 0.000000 0.000000 0.000000 0.000000 0.000000 0.000000 0.000000 7.500000 0.000000 0.000000 -5.000000 0.000000 0.000000 0.000000 0.000000 0.000000 12.500000 0.000000 0.000000 -20.000000 0.000000 0.000000 2.217402 0.000000 0.000000 0.000000 0.000000 0.000000 -12.500000 0.000000 0.000000 0.000000 0.000000 0.000000 -2.217402 0.000000 0.000000 0.000000 
0.226726 106.389396 98.497770 0.776457 0.000000 0.000000 -0.517638 0.000000 0.000000 0.000000 0.000000 0.000000 0.000000 0.000000 0.000000 0.000000 0.000000 0.000000 0.000000 0.000000 -1.000000 0.000000 0.000000 0.000000 0.000000 0.000000 -3.882286 0.000000 0.000000 -5.000000 0.000000 0.000000 0.000000 0.000000 0.000000 0.000000 0.000000 0.000000 3.882286 0.000000 0.000000 -5.000000 0.000000 0.000000 0.000000 0.000000 0.000000 6.470476 0.000000 0.000000 -10.352762 0.000000 0.000000 -0.381913 0.000000 0.000000 0.000000 0.000000 0.000000 -6.470476 0.000000 0.000000 0.000000 0.000000 0.000000 0.381913 0.000000 0.000000 0.000000 
-0.161503 106.130577 100.167224 0.000000 0.000000 0.000000 -0.000000 0.000000 0.000000 0.000000 0.000000 0.000000 0.000000 0.000000 0.000000 0.000000 0.000000 0.000000 0.000000 0.000000 -0.000000 0.000000 0.000000 0.000000 0.000000 0.000000 -0.000000 0.000000 0.000000 -5.000000 0.000000 0.000000 0.000000 0.000000 0.000000 0.000000 0.000000 0.000000 0.000000 0.000000 0.000000 -5.000000 0.000000 0.000000 0.000000 0.000000 0.000000 0.000000 0.000000 0.000000 -0.000000 0.000000 0.000000 -2.955202 0.000000 0.000000 0.000000 0.000000 0.000000 -0.000000 0.000000 0.000000 0.000000 0.000000 0.000000 2.955202 0.000000 0.000000 0.000000 
-0.549732 106.389396 101.836678 -0.776457 0.000000 0.000000 0.517638 0.000000 0.000000 0.000000 0.000000 0.000000 0.000000 0.000000 0.000000 0.000000 0.000000 0.000000 0.000000 0.000000 1.000000 0.000000 0.000000 0.000000 0.000000 0.000000 3.882286 0.000000 0.000000 -5.000000 0.000000 0.000000 0.000000 0.000000 0.000000 0.000000 0.000000 0.000000 -3.882286 0.000000 0.000000 -5.000000 0.000000 0.000000 0.000000 0.000000 0.000000 -6.470476 0.000000 0.000000 0.000000 0.000000 0.000000 -5.327099 0.000000 0.000000 0.000000 0.000000 0.000000 6.470476 0.000000 0.000000 -10.352762 0.000000 0.000000 5.327099 0.000000 0.000000 0.000000 
-0.911503 106.630577 103.506132 -1.500000 0.000000 0.000000 1.000000 0.000000 0.000000 0.000000 0.000000 0.000000 0.000000 0.000000 0.000000 0.000000 0.000000 0.000000 0.000000 0.000000 1.732051 0.000000 0.000000 0.000000 0.000000 0.000000 7.500000 0.000000 0.000000 -5.000000 0.000000 0.000000 0.000000 0.000000 0.000000 0.000000 0.000000 0.000000 -7.500000 0.000000 0.000000 -5.000000 0.000000 0.000000 0.000000 0.000000 0.000000 -12.500000 0.000000 0.000000 0.000000 0.000000 0.000000 -7.335963 0.000000 0.000000 0.000000 0.000000 0.000000 12.500000 0.000000 0.000000 -20.000000 0.000000 0.000000 7.335963 0.000000 0.000000 0.000000 
-1.222163 106.837684 105.175585 -2.121320 0.000000 0.000000 1.414214 0.000000 0.000000 0.000000 0.000000 0.000000 0.000000 0.000000 0.000000 0.000000 0.000000 0.000000 0.000000 0.000000 2.000000 0.000000 0.000000 0.000000 0.000000 0.000000 10.606602 0.000000 0.000000 -5.000000 0.000000 0.000000 0.000000 0.000000 0.000000 0.000000 0.000000 0.000000 -10.606602 0.000000 0.000000 -5.000000 0.000000 0.000000 0.000000 0.000000 0.000000 -17.677670 0.000000 0.000000 0.000000 0.000000 0.000000 -8.844893 0.000000 0.000000 0.000000 0.000000 0.000000 17.677670 0.000000 0.000000 -28.284271 0.000000 0.000000 8.844893 0.000000 0.000000 0.000000 
-1.460541 106.996602 106.845039 -2.598076 0.000000 0.000000 1.732051 0.000000 0.000000 0.000000 0.000000 0.000000 0.000000 0.000000 0.000000 0.000000 0.000000 0.000000 0.000000 0.000000 1.732051 0.000000 0.000000 0.000000 0.000000 0.000000 12.990381 0.000000 0.000000 -5.000000 0.000000 0.000000 0.000000 0.000000 0.000000 0.000000 0.000000 0.000000 -12.990381 0.000000 0.000000 -5.000000 0.000000 0.000000 0.000000 0.000000 0.000000 -21.650635 0.000000 0.000000 0.000000 0.000000 0.000000 -9.751058 0.000000 0.000000 0.000000 0.000000 0.000000 21.650635 0.000000 0.000000 -34.641016 0.000000 0.000000 9.751058 0.000000 0.000000 0.000000 
-1.610392 107.096503 108.514493 -2.897777 0.000000 0.000000 1.931852 0.000000 0.000000 0.000000 0.000000 0.000000 0.000000 0.000000 0.000000 0.000000 0.000000 0.000000 0.000000 0.000000 1.000000 0.000000 0.000000 0.000000 0.000000 0.000000 14.488887 0.000000 0.000000 -5.000000 0.000000 0.000000 0.000000 0.000000 0.000000 0.000000 0.000000 0.000000 -14.488887 0.000000 0.000000 -5.000000 0.000000 0.000000 0.000000 0.000000 0.000000 -24.148146 0.000000 0.000000 0.000000 0.000000 0.000000 -9.992704 0.000000 0.000000 0.000000 0.000000 0.000000 24.148146 0.000000 0.000000 -38.637033 0.000000 0.000000 9.992704 0.000000 0.000000 0.000000 
-1.661503 107.130577 110.183946 -3.000000 0.000000 0.000000 2.000000 0.000000 0.000000 0.000000 0.000000 0.000000 0.000000 0.000000 0.000000 0.000000 0.000000 0.000000 0.000000 0.000000 -0.000000 0.000000 0.000000 0.000000 0.000000 0.000000 15.000000 0.000000 0.000000 -5.000000 0.000000 0.000000 0.000000 0.000000 0.000000 0.000000 0.000000 0.000000 -15.000000 0.000000 0.000000 -5.000000 0.000000 0.000000 0.000000 0.000000 0.000000 -25.000000 0.000000 0.000000 0.000000 0.000000 0.000000 -9.553365 0.000000 0.000000 0.000000 0.000000 0.000000 25.000000 0.000000 0.000000 -40.000000 0.000000 0.000000 9.553365 0.000000 0.000000 0.000000 
-1.610392 107.096503 111.853400 -2.897777 0.000000 0.000000 1.931852 0.000000 0.000000 0.000000 0.000000 0.000000 0.000000 0.000000 0.000000 0.000000 0.000000 0.000000 0.000000 0.000000 -1.000000 0.000000 0.000000 0.000000 0.000000 0.000000 14.488887 0.000000 0.000000 -5.000000 0.000000 0.000000 0.000000 0.000000 0.000000 0.000000 0.000000 0.000000 -14.488887 0.000000 0.000000 -5.000000 0.000000 0.000000 0.000000 0.000000 0.000000 -24.148146 0.000000 0.000000 0.000000 0.000000 0.000000 -8.462979 0.000000 0.000000 0.000000 0.000000 0.000000 24.148146 0.000000 0.000000 -38.637033 0.000000 0.000000 8.462979 0.000000 0.000000 0.000000 
-1.460541 106.996602 113.522854 -2.598076 0.000000 0.000000 1.732051 0.000000 0.000000 0.000000 0.000000 0.000000 0.000000 0.000000 0.000000 0.000000 0.000000 0.000000 0.000000 0.000000 -1.732051 0.000000 0.000000 0.000000 0.000000 0.000000 12.990381 0.000000 0.000000 -5.000000 0.000000 0.000000 0.000000 0.000000 0.000000 0.000000 0.000000 0.000000 -12.990381 0.000000 0.000000 -5.000000 0.000000 0.000000 0.000000 0.000000 0.000000 -21.650635 0.000000 0.000000 0.000000 0.000000 0.000000 -6.795856 0.000000 0.000000 0.000000 0.000000 0.000000 21.650635 0.000000 0.000000 -34.641016 0.000000 0.000000 6.795856 0.000000 0.000000 0.000000 
-1.222163 106.837684 115.192308 -2.121320 0.000000 0.000000 1.414214 0.000000 0.000000 0.000000 0.000000 0.000000 0.000000 0.000000 0.000000 0.000000 0.000000 0.000000 0.000000 0.000000 -2.000000 0.000000 0.000000 0.000000 0.000000 0.000000 10.606602 0.000000 0.000000 -5.000000 0.000000 0.000000 0.000000 0.000000 0.000000 0.000000 0.000000 0.000000 -10.606602 0.000000 0.000000 -5.000000 0.000000 0.000000 0.000000 0.000000 0.000000 -17.677670 0.000000 0.000000 0.000000 0.000000 0.000000 -4.665606 0.000000 0.000000 0.000000 0.000000 0.000000 17.677670 0.000000 0.000000 -28.284271 0.000000 0.000000 4.665606 0.000000 0.000000 0.000000 
-0.911503 106.630577 116.861761 -1.500000 0.000000 0.000000 1.000000 0.000000 0.000000 0.000000 0.000000 0.000000 0.000000 0.000000 0.000000 0.000000 0.000000 0.000000 0.000000 0.000000 -1.732051 0.000000 0.000000 0.000000 0.000000 0.000000 7.500000 0.000000 0.000000 -5.000000 0.000000 0.000000 0.000000 0.000000 0.000000 0.000000 0.000000 0.000000 -7.500000 0.000000 0.000000 -5.000000 0.000000 0.000000 0.000000 0.000000 0.000000 -12.500000 0.000000 0.000000 0.000000 0.000000 0.000000 -2.217402 0.000000 0.000000 0.000000 0.000000 0.000000 12.500000 0.000000 0.000000 -20.000000 0.000000 0.000000 2.217402 0.000000 0.000000 0.000000 
-0.549732 106.389396 118.531215 -0.776457 0.000000 0.000000 0.517638 0.000000 0.000000 0.000000 0.000000 0.000000 0.000000 0.000000 0.000000 0.000000 0.000000 0.000000 0.000000 0.000000 -1.000000 0.000000 0.000000 0.000000 0.000000 0.000000 3.882286 0.000000 0.000000 -5.000000 0.000000 0.000000 0.000000 0.000000 0.000000 0.000000 0.000000 0.000000 -3.882286 0.000000 0.000000 -5.000000 0.000000 0.000000 0.000000 0.000000 0.000000 -6.470476 0.000000 0.000000 0.000000 0.000000 0.000000 0.381913 0.000000 0.000000 0.000000 0.000000 0.000000 6.470476 0.000000 0.000000 -10.352762 0.000000 0.000000 -0.381913 0.000000 0.000000 0.000000 
-0.161503 106.130577 120.200669 -0.000000 0.000000 0.000000 0.000000 0.000000 0.000000 0.000000 0.000000 0.000000 0.000000 0.000000 0.000000 0.000000 0.000000 0.000000 0.000000 0.000000 -0.000000 0.000000 0.000000 0.000000 0.000000 0.000000 0.000000 0.000000 0.000000 -5.000000 0.000000 0.000000 0.000000 0.000000 0.000000 0.000000 0.000000 0.000000 -0.000000 0.000000 0.000000 -5.000000 0.000000 0.000000 0.000000 0.000000 0.000000 -0.000000 0.000000 0.000000 0.000000 0.000000 0.000000 2.955202 0.000000 0.000000 0.000000 0.000000 0.000000 0.000000 0.000000 0.000000 -0.000000 0.000000 0.000000 -2.955202 0.000000 0.000000 0.000000 
0.226726 106.389396 121.870123 0.776457 0.000000 0.000000 -0.517638 0.000000 0.000000 0.000000 0.000000 0.000000 0.000000 0.000000 0.000000 0.000000 0.000000 0.000000 0.000000 0.000000 1.000000 0.000000 0.000000 0.000000 0.000000 0.000000 -3.882286 0.000000 0.000000 -5.000000 0.000000 0.000000 0.000000 0.000000 0.000000 0.000000 0.000000 0.000000 3.882286 0.000000 0.000000 -5.000000 0.000000 0.000000 0.000000 0.000000 0.000000 6.470476 0.000000 0.000000 -10.352762 0.000000 0.000000 5.327099 0.000000 0.000000 0.000000 0.000000 0.000000 -6.470476 0.000000 0.000000 0.000000 0.000000 0.000000 -5.327099 0.000000 0.000000 0.000000 
0.588497 106.630577 123.539576 1.500000 0.000000 0.000000 -1.000000 0.000000 0.000000 0.000000 0.000000 0.000000 0.000000 0.000000 0.000000 0.000000 0.000000 0.000000 0.000000 0.000000 1.732051 0.000000 0.000000 0.000000 0.000000 0.000000 -7.500000 0.000000 0.000000 -5.000000 0.000000 0.000000 0.000000 0.000000 0.000000 0.000000 0.000000 0.000000 7.500000 0.000000 0.000000 -5.000000 0.000000 0.000000 0.000000 0.000000 0.000000 12.500000 0.000000 0.000000 -20.000000 0.000000 0.000000 7.335963 0.000000 0.000000 0.000000 0.000000 0.000000 -12.500000 0.000000 0.000000 0.000000 0.000000 0.000000 -7.335963 0.000000 0.000000 0.000000 
0.899157 106.837684 125.209030 2.121320 0.000000 0.000000 -1.414214 0.000000 0.000000 0.000000 0.000000 0.000000 0.000000 0.000000 0.000000 0.000000 0.000000 0.000000 0.000000 0.000000 2.000000 0.000000 0.000000 0.000000 0.000000 0.000000 -10.606602 0.000000 0.000000 -5.000000 0.000000 0.000000 0.000000 0.000000 0.000000 0.000000 0.000000 0.000000 10.606602 0.000000 0.000000 -5.000000 0.000000 0.000000 0.000000 0.000000 0.000000 17.677670 0.000000 0.000000 -28.284271 0.000000 0.000000 8.844893 0.000000 0.000000 0.000000 0.000000 0.000000 -17.677670 0.000000 0.000000 0.000000 0.000000 0.000000 -8.844893 0.000000 0.000000 0.000000 
1.137535 106.996602 126.878484 2.598076 0.000000 0.000000 -1.732051 0.000000 0.000000 0.000000 0.000000 0.000000 0.000000 0.000000 0.000000 0.000000 0.000000 0.000000 0.000000 0.000000 1.732051 0.000000 0.000000 0.000000 0.000000 0.000000 -12.990381 0.000000 0.000000 -5.000000 0.000000 0.000000 0.000000 0.000000 0.000000 0.000000 0.000000 0.000000 12.990381 0.000000 0.000000 -5.000000 0.000000 0.000000 0.000000 0.000000 0.000000 21.650635 0.000000 0.000000 -34.641016 0.000000 0.000000 9.751058 0.000000 0.000000 0.000000 0.000000 0.000000 -21.650635 0.000000 0.000000 0.000000 0.000000 0.000000 -9.751058 0.000000 0.000000 0.000000 
1.287386 107.096503 128.547938 2.897777 0.000000 0.000000 -1.931852 0.000000 0.000000 0.000000 0.000000 0.000000 0.000000 0.000000 0.000000 0.000000 0.000000 0.000000 0.000000 0.000000 1.000000 0.000000 0.000000 0.000000 0.000000 0.000000 -14.488887 0.000000 0.000000 -5.000000 0.000000 0.000000 0.000000 0.000000 0.000000 0.000000 0.000000 0.000000 14.488887 0.000000 0.000000 -5.000000 0.000000 0.000000 0.000000 0.000000 0.000000 24.148146 0.000000 0.000000 -38.637033 0.000000 0.000000 9.992704 0.000000 0.000000 0.000000 0.000000 0.000000 -24.148146 0.000000 0.000000 0.000000 0.000000 0.000000 -9.992704 0.000000 0.000000 0.000000 
1.338497 107.130577 130.217391 3.000000 0.000000 0.000000 -2.000000 0.000000 0.000000 0.000000 0.000000 0.000000 0.000000 0.000000 0.000000 0.000000 0.000000 0.000000 0.000000 0.000000 0.000000 0.000000 0.000000 0.000000 0.000000 0.000000 -15.000000 0.000000 0.000000 -5.000000 0.000000 0.000000 0.000000 0.000000 0.000000 0.000000 0.000000 0.000000 15.000000 0.000000 0.000000 -5.000000 0.000000 0.000000 0.000000 0.000000 0.000000 25.000000 0.000000 0.000000 -40.000000 0.000000 0.000000 9.553365 0.000000 0.000000 0.000000 0.000000 0.000000 -25.000000 0.000000 0.000000 0.000000 0.000000 0.000000 -9.553365 0.000000 0.000000 0.000000 
1.287386 107.096503 131.886845 2.897777 0.000000 0.000000 -1.931852 0.000000 0.000000 0.000000 0.000000 0.000000 0.000000 0.000000 0.000000 0.000000 0.000000 0.000000 0.000000 0.000000 -1.000000 0.000000 0.000000 0.000000 0.000000 0.000000 -14.488887 0.000000 0.000000 -5.000000 0.000000 0.000000 0.000000 0.000000 0.000000 0.000000 0.000000 0.000000 14.488887 0.000000 0.000000 -5.000000 0.000000 0.000000 0.000000 0.000000 0.000000 24.148146 0.000000 0.000000 -38.637033 0.000000 0.000000 8.462979 0.000000 0.000000 0.000000 0.000000 0.000000 -24.148146 0.000000 0.000000 0.000000 0.000000 0.000000 -8.462979 0.000000 0.000000 0.000000 
1.137535 106.996602 133.556299 2.598076 0.000000 0.000000 -1.732051 0.000000 0.000000 0.000000 0.000000 0.000000 0.000000 0.000000 0.000000 0.000000 0.000000 0.000000 0.000000 0.000000 -1.732051 0.000000 0.000000 0.000000 0.000000 0.000000 -12.990381 0.000000 0.000000 -5.000000 0.000000 0.000000 0.000000 0.000000 0.000000 0.000000 0.000000 0.000000 12.990381 0.000000 0.000000 -5.000000 0.000000 0.000000 0.000000 0.000000 0.000000 21.650635 0.000000 0.000000 -34.641016 0.000000 0.000000 6.795856 0.000000 0.000000 0.000000 0.000000 0.000000 -21.650635 0.000000 0.000000 0.000000 0.000000 0.000000 -6.795856 0.000000 0.000000 0.000000 
0.899157 106.837684 135.225753 2.121320 0.000000 0.000000 -1.414214 0.000000 0.000000 0.000000 0.000000 0.000000 0.000000 0.000000 0.000000 0.000000 0.000000 0.000000 0.000000 0.000000 -2.000000 0.000000 0.000000 0.000000 0.000000 0.000000 -10.606602 0.000000 0.000000 -5.000000 0.000000 0.000000 0.000000 0.000000 0.000000 0.000000 0.000000 0.000000 10.606602 0.000000 0.000000 -5.000000 0.000000 0.000000 0.000000 0.000000 0.000000 17.677670 0.000000 0.000000 -28.284271 0.000000 0.000000 4.665606 0.000000 0.000000 0.000000 0.000000 0.000000 -17.677670 0.000000 0.000000 0.000000 0.000000 0.000000 -4.665606 0.000000 0.000000 0.000000 
0.588497 106.630577 136.895206 1.500000 0.000000 0.000000 -1.000000 0.000000 0.000000 0.000000 0.000000 0.000000 0.000000 0.000000 0.000000 0.000000 0.000000 0.000000 0.000000 0.000000 -1.732051 0.000000 0.000000 0.000000 0.000000 0.000000 -7.500000 0.000000 0.000000 -5.000000 0.000000 0.000000 0.000000 0.000000 0.000000 0.000000 0.000000 0.000000 7.500000 0.000000 0.000000 -5.000000 0.000000 0.000000 0.000000 0.000000 0.000000 12.500000 0.000000 0.000000 -20.000000 0.000000 0.000000 2.217402 0.000000 0.000000 0.000000 0.000000 0.000000 -12.500000 0.000000 0.000000 0.000000 0.000000 0.000000 -2.217402 0.000000 0.000000 0.000000 
0.226726 106.389396 138.564660 0.776457 0.000000 0.000000 -0.517638 0.000000 0.000000 0.000000 0.000000 0.000000 0.000000 0.000000 0.000000 0.000000 0.000000 0.000000 0.000000 0.000000 -1.000000 0.000000 0.000000 0.000000 0.000000 0.000000 -3.882286 0.000000 0.000000 -5.000000 0.000000 0.000000 0.000000 0.000000 0.000000 0.000000 0.000000 0.000000 3.882286 0.000000 0.000000 -5.000000 0.000000 0.000000 0.000000 0.000000 0.000000 6.470476 0.000000 0.000000 -10.352762 0.000000 0.000000 -0.381913 0.000000 0.000000 0.000000 0.000000 0.000000 -6.470476 0.000000 0.000000 0.000000 0.000000 0.000000 0.381913 0.000000 0.000000 0.000000 
-0.161503 106.130577 140.234114 0.000000 0.000000 0.000000 -0.000000 0.000000 0.000000 0.000000 0.000000 0.000000 0.000000 0.000000 0.000000 0.000000 0.000000 0.000000 0.000000 0.000000 -0.000000 0.000000 0.000000 0.000000 0.000000 0.000000 -0.000000 0.000000 0.000000 -5.000000 0.000000 0.000000 0.000000 0.000000 0.000000 0.000000 0.000000 0.000000 0.000000 0.000000 0.000000 -5.000000 0.000000 0.000000 0.000000 0.000000 0.000000 0.000000 0.000000 0.000000 -0.000000 0.000000 0.000000 -2.955202 0.000000 0.000000 0.000000 0.000000 0.000000 -0.000000 0.000000 0.000000 0.000000 0.000000 0.000000 2.955202 0.000000 0.000000 0.000000 
-0.549732 106.389396 141.903567 -0.776457 0.000000 0.000000 0.517638 0.000000 0.000000 0.000000 0.000000 0.000000 0.000000 0.000000 0.000000 0.000000 0.000000 0.000000 0.000000 0.000000 1.000000 0.000000 0.000000 0.000000 0.000000 0.000000 3.882286 0.000000 0.000000 -5.000000 0.000000 0.000000 0.000000 0.000000 0.000000 0.000000 0.000000 0.000000 -3.882286 0.000000 0.000000 -5.000000 0.000000 0.000000 0.000000 0.000000 0.000000 -6.470476 0.000000 0.000000 0.000000 0.000000 0.000000 -5.327099 0.000000 0.000000 0.000000 0.000000 0.000000 6.470476 0.000000 0.000000 -10.352762 0.000000 0.000000 5.327099 0.000000 0.000000 0.000000 
-0.911503 106.630577 143.573021 -1.500000 0.000000 0.000000 1.000000 0.000000 0.000000 0.000000 0.000000 0.000000 0.000000 0.000000 0.000000 0.000000 0.000000 0.000000 0.000000 0.000000 1.732051 0.000000 0.000000 0.000000 0.000000 0.000000 7.500000 0.000000 0.000000 -5.000000 0.000000 0.000000 0.000000 0.000000 0.000000 0.000000 0.000000 0.000000 -7.500000 0.000000 0.000000 -5.000000 0.000000 0.000000 0.000000 0.000000 0.000000 -12.500000 0.000000 0.000000 0.000000 0.000000 0.000000 -7.335963 0.000000 0.000000 0.000000 0.000000 0.000000 12.500000 0.000000 0.000000 -20.000000 0.000000 0.000000 7.335963 0.000000 0.000000 0.000000 
-1.222163 106.837684 145.242475 -2.121320 0.000000 0.000000 1.414214 0.000000 0.000000 0.000000 0.000000 0.000000 0.000000 0.000000 0.000000 0.000000 0.000000 0.000000 0.000000 0.000000 2.000000 0.000000 0.000000 0.000000 0.000000 0.000000 10.606602 0.000000 0.000000 -5.000000 0.000000 0.000000 0.000000 0.000000 0.000000 0.000000 0.000000 0.000000 -10.606602 0.000000 0.000000 -5.000000 0.000000 0.000000 0.000000 0.000000 0.000000 -17.677670 0.000000 0.000000 0.000000 0.000000 0.000000 -8.844893 0.000000 0.000000 0.000000 0.000000 0.000000 17.677670 0.000000 0.000000 -28.284271 0.000000 0.000000 8.844893 0.000000 0.000000 0.000000 
-1.460541 106.996602 146.911929 -2.598076 0.000000 0.000000 1.732051 0.000000 0.000000 0.000000 0.000000 0.000000 0.000000 0.000000 0.000000 0.000000 0.000000 0.000000 0.000000 0.000000 1.732051 0.000000 0.000000 0.000000 0.000000 0.000000 12.990381 0.000000 0.000000 -5.000000 0.000000 0.000000 0.000000 0.000000 0.000000 0.000000 0.000000 0.000000 -12.990381 0.000000 0.000000 -5.000000 0.000000 0.000000 0.000000 0.000000 0.000000 -21.650635 0.000000 0.000000 0.000000 0.000000 0.000000 -9.751058 0.000000 0.000000 0.000000 0.000000 0.000000 21.650635 0.000000 0.000000 -34.641016 0.000000 0.000000 9.751058 0.000000 0.000000 0.000000 
-1.610392 107.096503 148.581382 -2.897777 0.000000 0.000000 1.931852 0.000000 0.000000 0.000000 0.000000 0.000000 0.000000 0.000000 0.000000 0.000000 0.000000 0.000000 0.000000 0.000000 1.000000 0.000000 0.000000 0.000000 0.000000 0.000000 14.488887 0.000000 0.000000 -5.000000 0.000000 0.000000 0.000000 0.000000 0.000000 0.000000 0.000000 0.000000 -14.488887 0.000000 0.000000 -5.000000 0.000000 0.000000 0.000000 0.000000 0.000000 -24.148146 0.000000 0.000000 0.000000 0.000000 0.000000 -9.992704 0.000000 0.000000 0.000000 0.000000 0.000000 24.148146 0.000000 0.000000 -38.637033 0.000000 0.000000 9.992704 0.000000 0.000000 0.000000 
-1.661503 107.130577 150.250836 -3.000000 0.000000 0.000000 2.000000 0.000000 0.000000 0.000000 0.000000 0.000000 0.000000 0.000000 0.000000 0.000000 0.000000 0.000000 0.000000 0.000000 0.000000 0.000000 0.000000 0.000000 0.000000 0.000000 15.000000 0.000000 0.000000 -5.000000 0.000000 0.000000 0.000000 0.000000 0.000000 0.000000 0.000000 0.000000 -15.000000 0.000000 0.000000 -5.000000 0.000000 0.000000 0.000000 0.000000 0.000000 -25.000000 0.000000 0.000000 0.000000 0.000000 0.000000 -9.553365 0.000000 0.000000 0.000000 0.000000 0.000000 25.000000 0.000000 0.000000 -40.000000 0.000000 0.000000 9.553365 0.000000 0.000000 0.000000 
-1.610392 107.096503 151.920290 -2.897777 0.000000 0.000000 1.931852 0.000000 0.000000 0.000000 0.000000 0.000000 0.000000 0.000000 0.000000 0.000000 0.000000 0.000000 0.000000 0.000000 -1.000000 0.000000 0.000000 0.000000 0.000000 0.000000 14.488887 0.000000 0.000000 -5.000000 0.000000 0.000000 0.000000 0.000000 0.000000 0.000000 0.000000 0.000000 -14.488887 0.000000 0.000000 -5.000000 0.000000 0.000000 0.000000 0.000000 0.000000 -24.148146 0.000000 0.000000 0.000000 0.000000 0.000000 -8.462979 0.000000 0.000000 0.000000 0.000000 0.000000 24.148146 0.000000 0.000000 -38.637033 0.000000 0.000000 8.462979 0.000000 0.000000 0.000000 
-1.460541 106.996602 153.589744 -2.598076 0.000000 0.000000 1.732051 0.000000 0.000000 0.000000 0.000000 0.000000 0.000000 0.000000 0.000000 0.000000 0.000000 0.000000 0.000000 0.000000 -1.732051 0.000000 0.000000 0.000000 0.000000 0.000000 12.990381 0.000000 0.000000 -5.000000 0.000000 0.000000 0.000000 0.000000 0.000000 0.000000 0.000000 0.000000 -12.990381 0.000000 0.000000 -5.000000 0.000000 0.000000 0.000000 0.000000 0.000000 -21.650635 0.000000 0.000000 0.000000 0.000000 0.000000 -6.795856 0.000000 0.000000 0.000000 0.000000 0.000000 21.650635 0.000000 0.000000 -34.641016 0.000000 0.000000 6.795856 0.000000 0.000000 0.000000 
-1.222163 106.837684 155.259197 -2.121320 0.000000 0.000000 1.414214 0.000000 0.000000 0.000000 0.000000 0.000000 0.000000 0.000000 0.000000 0.000000 0.000000 0.000000 0.000000 0.000000 -2.000000 0.000000 0.000000 0.000000 0.000000 0.000000 10.606602 0.000000 0.000000 -5.000000 0.000000 0.000000 0.000000 0.000000 0.000000 0.000000 0.000000 0.000000 -10.606602 0.000000 0.000000 -5.000000 0.000000 0.000000 0.000000 0.000000 0.000000 -17.677670 0.000000 0.000000 0.000000 0.000000 0.000000 -4.665606 0.000000 0.000000 0.000000 0.000000 0.000000 17.677670 0.000000 0.000000 -28.284271 0.000000 0.000000 4.665606 0.000000 0.000000 0.000000 
-0.911503 106.630577 156.928651 -1.500000 0.000000 0.000000 1.000000 0.000000 0.000000 0.000000 0.000000 0.000000 0.000000 0.000000 0.000000 0.000000 0.000000 0.000000 0.000000 0.000000 -1.732051 0.000000 0.000000 0.000000 0.000000 0.000000 7.500000 0.000000 0.000000 -5.000000 0.000000 0.000000 0.000000 0.000000 0.000000 0.000000 0.000000 0.000000 -7.500000 0.000000 0.000000 -5.000000 0.000000 0.000000 0.000000 0.000000 0.000000 -12.500000 0.000000 0.000000 0.000000 0.000000 0.000000 -2.217402 0.000000 0.000000 0.000000 0.000000 0.000000 12.500000 0.000000 0.000000 -20.000000 0.000000 0.000000 2.217402 0.000000 0.000000 0.000000 
-0.549732 106.389396 158.598105 -0.776457 0.000000 0.000000 0.517638 0.000000 0.000000 0.000000 0.000000 0.000000 0.000000 0.000000 0.000000 0.000000 0.000000 0.000000 0.000000 0.000000 -1.000000 0.000000 0.000000 0.000000 0.000000 0.000000 3.882286 0.000000 0.000000 -5.000000 0.000000 0.000000 0.000000 0.000000 0.000000 0.000000 0.000000 0.000000 -3.882286 0.000000 0.000000 -5.000000 0.000000 0.000000 0.000000 0.000000 0.000000 -6.470476 0.000000 0.000000 0.000000 0.000000 0.000000 0.381913 0.000000 0.000000 0.000000 0.000000 0.000000 6.470476 0.000000 0.000000 -10.352762 0.000000 0.000000 -0.381913 0.000000 0.000000 0.000000 
-0.161503 106.130577 160.267559 -0.000000 0.000000 0.000000 0.000000 0.000000 0.000000 0.000000 0.000000 0.000000 0.000000 0.000000 0.000000 0.000000 0.000000 0.000000 0.000000 0.000000 -0.000000 0.000000 0.000000 0.000000 0.000000 0.000000 0.000000 0.000000 0.000000 -5.000000 0.000000 0.000000 0.000000 0.000000 0.000000 0.000000 0.000000 0.000000 -0.000000 0.000000 0.000000 -5.000000 0.000000 0.000000 0.000000 0.000000 0.000000 -0.000000 0.000000 0.000000 0.000000 0.000000 0.000000 2.955202 0.000000 0.000000 0.000000 0.000000 0.000000 0.000000 0.000000 0.000000 -0.000000 0.000000 0.000000 -2.955202 0.000000 0.000000 0.000000 
0.226726 106.389396 161.937012 0.776457 0.000000 0.000000 -0.517638 0.000000 0.000000 0.000000 0.000000 0.000000 0.000000 0.000000 0.000000 0.000000 0.000000 0.000000 0.000000 0.000000 1.000000 0.000000 0.000000 0.000000 0.000000 0.000000 -3.882286 0.000000 0.000000 -5.000000 0.000000 0.000000 0.000000 0.000000 0.000000 0.000000 0.000000 0.000000 3.882286 0.000000 0.000000 -5.000000 0.000000 0.000000 0.000000 0.000000 0.000000 6.470476 0.000000 0.000000 -10.352762 0.000000 0.000000 5.327099 0.000000 0.000000 0.000000 0.000000 0.000000 -6.470476 0.000000 0.000000 0.000000 0.000000 0.000000 -5.327099 0.000000 0.000000 0.000000 
0.588497 106.630577 163.606466 1.500000 0.000000 0.000000 -1.000000 0.000000 0.000000 0.000000 0.000000 0.000000 0.000000 0.000000 0.000000 0.000000 0.000000 0.000000 0.000000 0.000000 1.732051 0.000000 0.000000 0.000000 0.000000 0.000000 -7.500000 0.000000 0.000000 -5.000000 0.000000 0.000000 0.000000 0.000000 0.000000 0.000000 0.000000 0.000000 7.500000 0.000000 0.000000 -5.000000 0.000000 0.000000 0.000000 0.000000 0.000000 12.500000 0.000000 0.000000 -20.000000 0.000000 0.000000 7.335963 0.000000 0.000000 0.000000 0.000000 0.000000 -12.500000 0.000000 0.000000 0.000000 0.000000 0.000000 -7.335963 0.000000 0.000000 0.000000 
0.899157 106.837684 165.275920 2.121320 0.000000 0.000000 -1.414214 0.000000 0.000000 0.000000 0.000000 0.000000 0.000000 0.000000 0.000000 0.000000 0.000000 0.000000 0.000000 0.000000 2.000000 0.000000 0.000000 0.000000 0.000000 0.000000 -10.606602 0.000000 0.000000 -5.000000 0.000000 0.000000 0.000000 0.000000 0.000000 0.000000 0.000000 0.000000 10.606602 0.000000 0.000000 -5.000000 0.000000 0.000000 0.000000 0.000000 0.000000 17.677670 0.000000 0.000000 -28.284271 0.000000 0.000000 8.844893 0.000000 0.000000 0.000000 0.000000 0.000000 -17.677670 0.000000 0.000000 0.000000 0.000000 0.000000 -8.844893 0.000000 0.000000 0.000000 
1.137535 106.996602 166.945373 2.598076 0.000000 0.000000 -1.732051 0.000000 0.000000 0.000000 0.000000 0.000000 0.000000 0.000000 0.000000 0.000000 0.000000 0.000000 0.000000 0.000000 1.732051 0.000000 0.000000 0.000000 0.000000 0.000000 -12.990381 0.000000 0.000000 -5.000000 0.000000 0.000000 0.000000 0.000000 0.000000 0.000000 0.000000 0.000000 12.990381 0.000000 0.000000 -5.000000 0.000000 0.000000 0.000000 0.000000 0.000000 21.650635 0.000000 0.000000 -34.641016 0.000000 0.000000 9.751058 0.000000 0.000000 0.000000 0.000000 0.000000 -21.650635 0.000000 0.000000 0.000000 0.000000 0.000000 -9.751058 0.000000 0.000000 0.000000 
1.287386 107.096503 168.614827 2.897777 0.000000 0.000000 -1.931852 0.000000 0.000000 0.000000 0.000000 0.000000 0.000000 0.000000 0.000000 0.000000 0.000000 0.000000 0.000000 0.000000 1.000000 0.000000 0.000000 0.000000 0.000000 0.000000 -14.488887 0.000000 0.000000 -5.000000 0.000000 0.000000 0.000000 0.000000 0.000000 0.000000 0.000000 0.000000 14.488887 0.000000 0.000000 -5.000000 0.000000 0.000000 0.000000 0.000000 0.000000 24.148146 0.000000 0.000000 -38.637033 0.000000 0.000000 9.992704 0.000000 0.000000 0.000000 0.000000 0.000000 -24.148146 0.000000 0.000000 0.000000 0.000000 0.000000 -9.992704 0.000000 0.000000 0.000000 
1.338497 107.130577 170.284281 3.000000 0.000000 0.000000 -2.000000 0.000000 0.000000 0.000000 0.000000 0.000000 0.000000 0.000000 0.000000 0.000000 0.000000 0.000000 0.000000 0.000000 0.000000 0.000000 0.000000 0.000000 0.000000 0.000000 -15.000000 0.000000 0.000000 -5.000000 0.000000 0.000000 0.000000 0.000000 0.000000 0.000000 0.000000 0.000000 15.000000 0.000000 0.000000 -5.000000 0.000000 0.000000 0.000000 0.000000 0.000000 25.000000 0.000000 0.000000 -40.000000 0.000000 0.000000 9.553365 0.000000 0.000000 0.000000 0.000000 0.000000 -25.000000 0.000000 0.000000 0.000000 0.000000 0.000000 -9.553365 0.000000 0.000000 0.000000 
1.287386 107.096503 171.953735 2.897777 0.000000 0.000000 -1.931852 0.000000 0.000000 0.000000 0.000000 0.000000 0.000000 0.000000 0.000000 0.000000 0.000000 0.000000 0.000000 0.000000 -1.000000 0.000000 0.000000 0.000000 0.000000 0.000000 -14.488887 0.000000 0.000000 -5.000000 0.000000 0.000000 0.000000 0.000000 0.000000 0.000000 0.000000 0.000000 14.488887 0.000000 0.000000 -5.000000 0.000000 0.000000 0.000000 0.000000 0.000000 24.148146 0.000000 0.000000 -38.637033 0.000000 0.000000 8.462979 0.000000 0.000000 0.000000 0.000000 0.000000 -24.148146 0.000000 0.000000 0.000000 0.000000 0.000000 -8.462979 0.000000 0.000000 0.000000 
1.137535 106.996602 173.623188 2.598076 0.000000 0.000000 -1.732051 0.000000 0.000000 0.000000 0.000000 0.000000 0.000000 0.000000 0.000000 0.000000 0.000000 0.000000 0.000000 0.000000 -1.732051 0.000000 0.000000 0.000000 0.000000 0.000000 -12.990381 0.000000 0.000000 -5.000000 0.000000 0.000000 0.000000 0.000000 0.000000 0.000000 0.000000 0.000000 12.990381 0.000000 0.000000 -5.000000 0.000000 0.000000 0.000000 0.000000 0.000000 21.650635 0.000000 0.000000 -34.641016 0.000000 0.000000 6.795856 0.000000 0.000000 0.000000 0.000000 0.000000 -21.650635 0.000000 0.000000 0.000000 0.000000 0.000000 -6.795856 0.000000 0.000000 0.000000 
0.899157 106.837684 175.292642 2.121320 0.000000 0.000000 -1.414214 0.000000 0.000000 0.000000 0.000000 0.000000 0.000000 0.000000 0.000000 0.000000 0.000000 0.000000 0.000000 0.000000 -2.000000 0.000000 0.000000 0.000000 0.000000 0.000000 -10.606602 0.000000 0.000000 -5.000000 0.000000 0.000000 0.000000 0.000000 0.000000 0.000000 0.000000 0.000000 10.606602 0.000000 0.000000 -5.000000 0.000000 0.000000 0.000000 0.000000 0.000000 17.677670 0.000000 0.000000 -28.284271 0.000000 0.000000 4.665606 0.000000 0.000000 0.000000 0.000000 0.000000 -17.677670 0.000000 0.000000 0.000000 0.000000 0.000000 -4.665606 0.000000 0.000000 0.000000 
0.588497 106.630577 176.962096 1.500000 0.000000 0.000000 -1.000000 0.000000 0.000000 0.000000 0.000000 0.000000 0.000000 0.000000 0.000000 0.000000 0.000000 0.000000 0.000000 0.000000 -1.732051 0.000000 0.000000 0.000000 0.000000 0.000000 -7.500000 0.000000 0.000000 -5.000000 0.000000 0.000000 0.000000 0.000000 0.000000 0.000000 0.000000 0.000000 7.500000 0.000000 0.000000 -5.000000 0.000000 0.000000 0.000000 0.000000 0.000000 12.500000 0.000000 0.000000 -20.000000 0.000000 0.000000 2.217402 0.000000 0.000000 0.000000 0.000000 0.000000 -12.500000 0.000000 0.000000 0.000000 0.000000 0.000000 -2.217402 0.000000 0.000000 0.000000 
0.226726 106.389396 178.631550 0.776457 0.000000 0.000000 -0.517638 0.000000 0.000000 0.000000 0.000000 0.000000 0.000000 0.000000 0.000000 0.000000 0.000000 0.000000 0.000000 0.000000 -1.000000 0.000000 0.000000 0.000000 0.000000 0.000000 -3.882286 0.000000 0.000000 -5.000000 0.000000 0.000000 0.000000 0.000000 0.000000 0.000000 0.000000 0.000000 3.882286 0.000000 0.000000 -5.000000 0.000000 0.000000 0.000000 0.000000 0.000000 6.470476 0.000000 0.000000 -10.352762 0.000000 0.000000 -0.381913 0.000000 0.000000 0.000000 0.000000 0.000000 -6.470476 0.000000 0.000000 0.000000 0.000000 0.000000 0.381913 0.000000 0.000000 0.000000 
-0.161503 106.130577 180.301003 0.000000 0.000000 0.000000 -0.000000 0.000000 0.000000 0.000000 0.000000 0.000000 0.000000 0.000000 0.000000 0.000000 0.000000 0.000000 0.000000 0.000000 -0.000000 0.000000 0.000000 0.000000 0.000000 0.000000 -0.000000 0.000000 0.000000 -5.000000 0.000000 0.000000 0.000000 0.000000 0.000000 0.000000 0.000000 0.000000 0.000000 0.000000 0.000000 -5.000000 0.000000 0.000000 0.000000 0.000000 0.000000 0.000000 0.000000 0.000000 -0.000000 0.000000 0.000000 -2.955202 0.000000 0.000000 0.000000 0.000000 0.000000 -0.000000 0.000000 0.000000 0.000000 0.000000 0.000000 2.955202 0.000000 0.000000 0.000000 
-0.549732 106.389396 181.970457 -0.776457 0.000000 0.000000 0.517638 0.000000 0.000000 0.000000 0.000000 0.000000 0.000000 0.000000 0.000000 0.000000 0.000000 0.000000 0.000000 0.000000 1.000000 0.000000 0.000000 0.000000 0.000000 0.000000 3.882286 0.000000 0.000000 -5.000000 0.000000 0.000000 0.000000 0.000000 0.000000 0.000000 0.000000 0.000000 -3.882286 0.000000 0.000000 -5.000000 0.000000 0.000000 0.000000 0.000000 0.000000 -6.470476 0.000000 0.000000 0.000000 0.000000 0.000000 -5.327099 0.000000 0.000000 0.000000 0.000000 0.000000 6.470476 0.000000 0.000000 -10.352762 0.000000 0.000000 5.327099 0.000000 0.000000 0.000000 
-0.911503 106.630577 183.639911 -1.500000 0.000000 0.000000 1.000000 0.000000 0.000000 0.000000 0.000000 0.000000 0.000000 0.000000 0.000000 0.000000 0.000000 0.000000 0.000000 0.000000 1.732051 0.000000 0.000000 0.000000 0.000000 0.000000 7.500000 0.000000 0.000000 -5.000000 0.000000 0.000000 0.000000 0.000000 0.000000 0.000000 0.000000 0.000000 -7.500000 0.000000 0.000000 -5.000000 0.000000 0.000000 0.000000 0.000000 0.000000 -12.500000 0.000000 0.000000 0.000000 0.000000 0.000000 -7.335963 0.000000 0.000000 0.000000 0.000000 0.000000 12.500000 0.000000 0.000000 -20.000000 0.000000 0.000000 7.335963 0.000000 0.000000 0.000000 
-1.222163 106.837684 185.309365 -2.121320 0.000000 0.000000 1.414214 0.000000 0.000000 0.000000 0.000000 0.000000 0.000000 0.000000 0.000000 0.000000 0.000000 0.000000 0.000000 0.000000 2.000000 0.000000 0.000000 0.000000 0.000000 0.000000 10.606602 0.000000 0.000000 -5.000000 0.000000 0.000000 0.000000 0.000000 0.000000 0.000000 0.000000 0.000000 -10.606602 0.000000 0.000000 -5.000000 0.000000 0.000000 0.000000 0.000000 0.000000 -17.677670 0.000000 0.000000 0.000000 0.000000 0.000000 -8.844893 0.000000 0.000000 0.000000 0.000000 0.000000 17.677670 0.000000 0.000000 -28.284271 0.000000 0.000000 8.844893 0.000000 0.000000 0.000000 
-1.460541 106.996602 186.978818 -2.598076 0.000000 0.000000 1.732051 0.000000 0.000000 0.000000 0.000000 0.000000 0.000000 0.000000 0.000000 0.000000 0.000000 0.000000 0.000000 0.000000 1.732051 0.000000 0.000000 0.000000 0.000000 0.000000 12.990381 0.000000 0.000000 -5.000000 0.000000 0.000000 0.000000 0.000000 0.000000 0.000000 0.000000 0.000000 -12.990381 0.000000 0.000000 -5.000000 0.000000 0.000000 0.000000 0.000000 0.000000 -21.650635 0.000000 0.000000 0.000000 0.000000 0.000000 -9.751058 0.000000 0.000000 0.000000 0.000000 0.000000 21.650635 0.000000 0.000000 -34.641016 0.000000 0.000000 9.751058 0.000000 0.000000 0.000000 
-1.610392 107.096503 188.648272 -2.897777 0.000000 0.000000 1.931852 0.000000 0.000000 0.000000 0.000000 0.000000 0.000000 0.000000 0.000000 0.000000 0.000000 0.000000 0.000000 0.000000 1.000000 0.000000 0.000000 0.000000 0.000000 0.000000 14.488887 0.000000 0.000000 -5.000000 0.000000 0.000000 0.000000 0.000000 0.000000 0.000000 0.000000 0.000000 -14.488887 0.000000 0.000000 -5.000000 0.000000 0.000000 0.000000 0.000000 0.000000 -24.148146 0.000000 0.000000 0.000000 0.000000 0.000000 -9.992704 0.000000 0.000000 0.000000 0.000000 0.000000 24.148146 0.000000 0.000000 -38.637033 0.000000 0.000000 9.992704 0.000000 0.000000 0.000000 
-1.661503 107.130577 190.317726 -3.000000 0.000000 0.000000 2.000000 0.000000 0.000000 0.000000 0.000000 0.000000 0.000000 0.000000 0.000000 0.000000 0.000000 0.000000 0.000000 0.000000 0.000000 0.000000 0.000000 0.000000 0.000000 0.000000 15.000000 0.000000 0.000000 -5.000000 0.000000 0.000000 0.000000 0.000000 0.000000 0.000000 0.000000 0.000000 -15.000000 0.000000 0.000000 -5.000000 0.000000 0.000000 0.000000 0.000000 0.000000 -25.000000 0.000000 0.000000 0.000000 0.000000 0.000000 -9.553365 0.000000 0.000000 0.000000 0.000000 0.000000 25.000000 0.000000 0.000000 -40.000000 0.000000 0.000000 9.553365 0.000000 0.000000 0.000000 
-1.610392 107.096503 191.987179 -2.897777 0.000000 0.000000 1.931852 0.000000 0.000000 0.000000 0.000000 0.000000 0.000000 0.000000 0.000000 0.000000 0.000000 0.000000 0.000000 0.000000 -1.000000 0.000000 0.000000 0.000000 0.000000 0.000000 14.488887 0.000000 0.000000 -5.000000 0.000000 0.000000 0.000000 0.000000 0.000000 0.000000 0.000000 0.000000 -14.488887 0.000000 0.000000 -5.000000 0.000000 0.000000 0.000000 0.000000 0.000000 -24.148146 0.000000 0.000000 0.000000 0.000000 0.000000 -8.462979 0.000000 0.000000 0.000000 0.000000 0.000000 24.148146 0.000000 0.000000 -38.637033 0.000000 0.000000 8.462979 0.000000 0.000000 0.000000 
-1.460541 106.996602 193.656633 -2.598076 0.000000 0.000000 1.732051 0.000000 0.000000 0.000000 0.000000 0.000000 0.000000 0.000000 0.000000 0.000000 0.000000 0.000000 0.000000 0.000000 -1.732051 0.000000 0.000000 0.000000 0.000000 0.000000 12.990381 0.000000 0.000000 -5.000000 0.000000 0.000000 0.000000 0.000000 0.000000 0.000000 0.000000 0.000000 -12.990381 0.000000 0.000000 -5.000000 0.000000 0.000000 0.000000 0.000000 0.000000 -21.650635 0.000000 0.000000 0.000000 0.000000 0.000000 -6.795856 0.000000 0.000000 0.000000 0.000000 0.000000 21.650635 0.000000 0.000000 -34.641016 0.000000 0.000000 6.795856 0.000000 0.000000 0.000000 
-1.222163 106.837684 195.326087 -2.121320 0.000000 0.000000 1.414214 0.000000 0.000000 0.000000 0.000000 0.000000 0.000000 0.000000 0.000000 0.000000 0.000000 0.000000 0.000000 0.000000 -2.000000 0.000000 0.000000 0.000000 0.000000 0.000000 10.606602 0.000000 0.000000 -5.000000 0.000000 0.000000 0.000000 0.000000 0.000000 0.000000 0.000000 0.000000 -10.606602 0.000000 0.000000 -5.000000 0.000000 0.000000 0.000000 0.000000 0.000000 -17.677670 0.000000 0.000000 0.000000 0.000000 0.000000 -4.665606 0.000000 0.000000 0.000000 0.000000 0.000000 17.677670 0.000000 0.000000 -28.284271 0.000000 0.000000 4.665606 0.000000 0.000000 0.000000 
-0.911503 106.630577 196.995541 -1.500000 0.000000 0.000000 1.000000 0.000000 0.000000 0.000000 0.000000 0.000000 0.000000 0.000000 0.000000 0.000000 0.000000 0.000000 0.000000 0.000000 -1.732051 0.000000 0.000000 0.000000 0.000000 0.000000 7.500000 0.000000 0.000000 -5.000000 0.000000 0.000000 0.000000 0.000000 0.000000 0.000000 0.000000 0.000000 -7.500000 0.000000 0.000000 -5.000000 0.000000 0.000000 0.000000 0.000000 0.000000 -12.500000 0.000000 0.000000 0.000000 0.000000 0.000000 -2.217402 0.000000 0.000000 0.000000 0.000000 0.000000 12.500000 0.000000 0.000000 -20.000000 0.000000 0.000000 2.217402 0.000000 0.000000 0.000000 
-0.549732 106.389396 198.664994 -0.776457 0.000000 0.000000 0.517638 0.000000 0.000000 0.000000 0.000000 0.000000 0.000000 0.000000 0.000000 0.000000 0.000000 0.000000 0.000000 0.000000 -1.000000 0.000000 0.000000 0.000000 0.000000 0.000000 3.882286 0.000000 0.000000 -5.000000 0.000000 0.000000 0.000000 0.000000 0.000000 0.000000 0.000000 0.000000 -3.882286 0.000000 0.000000 -5.000000 0.000000 0.000000 0.000000 0.000000 0.000000 -6.470476 0.000000 0.000000 0.000000 0.000000 0.000000 0.381913 0.000000 0.000000 0.000000 0.000000 0.000000 6.470476 0.000000 0.000000 -10.352762 0.000000 0.000000 -0.381913 0.000000 0.000000 0.000000 
-0.161503 106.130577 200.334448 -0.000000 0.000000 0.000000 0.000000 0.000000 0.000000 0.000000 0.000000 0.000000 0.000000 0.000000 0.000000 0.000000 0.000000 0.000000 0.000000 0.000000 -0.000000 0.000000 0.000000 0.000000 0.000000 0.000000 0.000000 0.000000 0.000000 -5.000000 0.000000 0.000000 0.000000 0.000000 0.000000 0.000000 0.000000 0.000000 -0.000000 0.000000 0.000000 -5.000000 0.000000 0.000000 0.000000 0.000000 0.000000 -0.000000 0.000000 0.000000 0.000000 0.000000 0.000000 2.955202 0.000000 0.000000 0.000000 0.000000 0.000000 0.000000 0.000000 0.000000 -0.000000 0.000000 0.000000 -2.955202 0.000000 0.000000 0.000000 
0.226726 106.389396 202.003902 0.776457 0.000000 0.000000 -0.517638 0.000000 0.000000 0.000000 0.000000 0.000000 0.000000 0.000000 0.000000 0.000000 0.000000 0.000000 0.000000 0.000000 1.000000 0.000000 0.000000 0.000000 0.000000 0.000000 -3.882286 0.000000 0.000000 -5.000000 0.000000 0.000000 0.000000 0.000000 0.000000 0.000000 0.000000 0.000000 3.882286 0.000000 0.000000 -5.000000 0.000000 0.000000 0.000000 0.000000 0.000000 6.470476 0.000000 0.000000 -10.352762 0.000000 0.000000 5.327099 0.000000 0.000000 0.000000 0.000000 0.000000 -6.470476 0.000000 0.000000 0.000000 0.000000 0.000000 -5.327099 0.000000 0.000000 0.000000 
0.588497 106.630577 203.673356 1.500000 0.000000 0.000000 -1.000000 0.000000 0.000000 0.000000 0.000000 0.000000 0.000000 0.000000 0.000000 0.000000 0.000000 0.000000 0.000000 0.000000 1.732051 0.000000 0.000000 0.000000 0.000000 0.000000 -7.500000 0.000000 0.000000 -5.000000 0.000000 0.000000 0.000000 0.000000 0.000000 0.000000 0.000000 0.000000 7.500000 0.000000 0.000000 -5.000000 0.000000 0.000000 0.000000 0.000000 0.000000 12.500000 0.000000 0.000000 -20.000000 0.000000 0.000000 7.335963 0.000000 0.000000 0.000000 0.000000 0.000000 -12.500000 0.000000 0.000000 0.000000 0.000000 0.000000 -7.335963 0.000000 0.000000 0.000000 
0.899157 106.837684 205.342809 2.121320 0.000000 0.000000 -1.414214 0.000000 0.000000 0.000000 0.000000 0.000000 0.000000 0.000000 0.000000 0.000000 0.000000 0.000000 0.000000 0.000000 2.000000 0.000000 0.000000 0.000000 0.000000 0.000000 -10.606602 0.000000 0.000000 -5.000000 0.000000 0.000000 0.000000 0.000000 0.000000 0.000000 0.000000 0.000000 10.606602 0.000000 0.000000 -5.000000 0.000000 0.000000 0.000000 0.000000 0.000000 17.677670 0.000000 0.000000 -28.284271 0.000000 0.000000 8.844893 0.000000 0.000000 0.000000 0.000000 0.000000 -17.677670 0.000000 0.000000 0.000000 0.000000 0.000000 -8.844893 0.000000 0.000000 0.000000 
1.137535 106.996602 207.012263 2.598076 0.000000 0.000000 -1.732051 0.000000 0.000000 0.000000 0.000000 0.000000 0.000000 0.000000 0.000000 0.000000 0.000000 0.000000 0.000000 0.000000 1.732051 0.000000 0.000000 0.000000 0.000000 0.000000 -12.990381 0.000000 0.000000 -5.000000 0.000000 0.000000 0.000000 0.000000 0.000000 0.000000 0.000000 0.000000 12.990381 0.000000 0.000000 -5.000000 0.000000 0.000000 0.000000 0.000000 0.000000 21.650635 0.000000 0.000000 -34.641016 0.000000 0.000000 9.751058 0.000000 0.000000 0.000000 0.000000 0.000000 -21.650635 0.000000 0.000000 0.000000 0.000000 0.000000 -9.751058 0.000000 0.000000 0.000000 
1.287386 107.096503 208.681717 2.897777 0.000000 0.000000 -1.931852 0.000000 0.000000 0.000000 0.000000 0.000000 0.000000 0.000000 0.000000 0.000000 0.000000 0.000000 0.000000 0.000000 1.000000 0.000000 0.000000 0.000000 0.000000 0.000000 -14.488887 0.000000 0.000000 -5.000000 0.000000 0.000000 0.000000 0.000000 0.000000 0.000000 0.000000 0.000000 14.488887 0.000000 0.000000 -5.000000 0.000000 0.000000 0.000000 0.000000 0.000000 24.148146 0.000000 0.000000 -38.637033 0.000000 0.000000 9.992704 0.000000 0.000000 0.000000 0.000000 0.000000 -24.148146 0.000000 0.000000 0.000000 0.000000 0.000000 -9.992704 0.000000 0.000000 0.000000 
1.338497 107.130577 210.351171 3.000000 0.000000 0.000000 -2.000000 0.000000 0.000000 0.000000 0.000000 0.000000 0.000000 0.000000 0.000000 0.000000 0.000000 0.000000 0.000000 0.000000 0.000000 0.000000 0.000000 0.000000 0.000000 0.000000 -15.000000 0.000000 0.000000 -5.000000 0.000000 0.000000 0.000000 0.000000 0.000000 0.000000 0.000000 0.000000 15.000000 0.000000 0.000000 -5.000000 0.000000 0.000000 0.000000 0.000000 0.000000 25.000000 0.000000 0.000000 -40.000000 0.000000 0.000000 9.553365 0.000000 0.000000 0.000000 0.000000 0.000000 -25.000000 0.000000 0.000000 0.000000 0.000000 0.000000 -9.553365 0.000000 0.000000 0.000000 
1.287386 107.096503 212.020624 2.897777 0.000000 0.000000 -1.931852 0.000000 0.000000 0.000000 0.000000 0.000000 0.000000 0.000000 0.000000 0.000000 0.000000 0.000000 0.000000 0.000000 -1.000000 0.000000 0.000000 0.000000 0.000000 0.000000 -14.488887 0.000000 0.000000 -5.000000 0.000000 0.000000 0.000000 0.000000 0.000000 0.000000 0.000000 0.000000 14.488887 0.000000 0.000000 -5.000000 0.000000 0.000000 0.000000 0.000000 0.000000 24.148146 0.000000 0.000000 -38.637033 0.000000 0.000000 8.462979 0.000000 0.000000 0.000000 0.000000 0.000000 -24.148146 0.000000 0.000000 0.000000 0.000000 0.000000 -8.462979 0.000000 0.000000 0.000000 
1.137535 106.996602 213.690078 2.598076 0.000000 0.000000 -1.732051 0.000000 0.000000 0.000000 0.000000 0.000000 0.000000 0.000000 0.000000 0.000000 0.000000 0.000000 0.000000 0.000000 -1.732051 0.000000 0.000000 0.000000 0.000000 0.000000 -12.990381 0.000000 0.000000 -5.000000 0.000000 0.000000 0.000000 0.000000 0.000000 0.000000 0.000000 0.000000 12.990381 0.000000 0.000000 -5.000000 0.000000 0.000000 0.000000 0.000000 0.000000 21.650635 0.000000 0.000000 -34.641016 0.000000 0.000000 6.795856 0.000000 0.000000 0.000000 0.000000 0.000000 -21.650635 0.000000 0.000000 0.000000 0.000000 0.000000 -6.795856 0.000000 0.000000 0.000000 
0.899157 106.837684 215.359532 2.121320 0.000000 0.000000 -1.414214 0.000000 0.000000 0.000000 0.000000 0.000000 0.000000 0.000000 0.000000 0.000000 0.000000 0.000000 0.000000 0.000000 -2.000000 0.000000 0.000000 0.000000 0.000000 0.000000 -10.606602 0.000000 0.000000 -5.000000 0.000000 0.000000 0.000000 0.000000 0.000000 0.000000 0.000000 0.000000 10.606602 0.000000 0.000000 -5.000000 0.000000 0.000000 0.000000 0.000000 0.000000 17.677670 0.000000 0.000000 -28.284271 0.000000 0.000000 4.665606 0.000000 0.000000 0.000000 0.000000 0.000000 -17.677670 0.000000 0.000000 0.000000 0.000000 0.000000 -4.665606 0.000000 0.000000 0.000000 
0.588497 106.630577 217.028986 1.500000 0.000000 0.000000 -1.000000 0.000000 0.000000 0.000000 0.000000 0.000000 0.000000 0.000000 0.000000 0.000000 0.000000 0.000000 0.000000 0.000000 -1.732051 0.000000 0.000000 0.000000 0.000000 0.000000 -7.500000 0.000000 0.000000 -5.000000 0.000000 0.000000 0.000000 0.000000 0.000000 0.000000 0.000000 0.000000 7.500000 0.000000 0.000000 -5.000000 0.000000 0.000000 0.000000 0.000000 0.000000 12.500000 0.000000 0.000000 -20.000000 0.000000 0.000000 2.217402 0.000000 0.000000 0.000000 0.000000 0.000000 -12.500000 0.000000 0.000000 0.000000 0.000000 0.000000 -2.217402 0.000000 0.000000 0.000000 
0.226726 106.389396 218.698439 0.776457 0.000000 0.000000 -0.517638 0.000000 0.000000 0.000000 0.000000 0.000000 0.000000 0.000000 0.000000 0.000000 0.000000 0.000000 0.000000 0.000000 -1.000000 0.000000 0.000000 0.000000 0.000000 0.000000 -3.882286 0.000000 0.000000 -5.000000 0.000000 0.000000 0.000000 0.000000 0.000000 0.000000 0.000000 0.000000 3.882286 0.000000 0.000000 -5.000000 0.000000 0.000000 0.000000 0.000000 0.000000 6.470476 0.000000 0.000000 -10.352762 0.000000 0.000000 -0.381913 0.000000 0.000000 0.000000 0.000000 0.000000 -6.470476 0.000000 0.000000 0.000000 0.000000 0.000000 0.381913 0.000000 0.000000 0.000000 
-0.161503 106.130577 220.367893 -0.000000 0.000000 0.000000 0.000000 0.000000 0.000000 0.000000 0.000000 0.000000 0.000000 0.000000 0.000000 0.000000 0.000000 0.000000 0.000000 0.000000 0.000000 0.000000 0.000000 0.000000 0.000000 0.000000 -0.000000 0.000000 0.000000 -5.000000 0.000000 0.000000 0.000000 0.000000 0.000000 0.000000 0.000000 0.000000 -0.000000 0.000000 0.000000 -5.000000 0.000000 0.000000 0.000000 0.000000 0.000000 -0.000000 0.000000 0.000000 0.000000 0.000000 0.000000 -2.955202 0.000000 0.000000 0.000000 0.000000 0.000000 -0.000000 0.000000 0.000000 0.000000 0.000000 0.000000 2.955202 0.000000 0.000000 0.000000 
-0.549732 106.389396 222.037347 -0.776457 0.000000 0.000000 0.517638 0.000000 0.000000 0.000000 0.000000 0.000000 0.000000 0.000000 0.000000 0.000000 0.000000 0.000000 0.000000 0.000000 1.000000 0.000000 0.000000 0.000000 0.000000 0.000000 3.882286 0.000000 0.000000 -5.000000 0.000000 0.000000 0.000000 0.000000 0.000000 0.000000 0.000000 0.000000 -3.882286 0.000000 0.000000 -5.000000 0.000000 0.000000 0.000000 0.000000 0.000000 -6.470476 0.000000 0.000000 0.000000 0.000000 0.000000 -5.327099 0.000000 0.000000 0.000000 0.000000 0.000000 6.470476 0.000000 0.000000 -10.352762 0.000000 0.000000 5.327099 0.000000 0.000000 0.000000 
-0.911503 106.630577 223.706800 -1.500000 0.000000 0.000000 1.000000 0.000000 0.000000 0.000000 0.000000 0.000000 0.000000 0.000000 0.000000 0.000000 0.000000 0.000000 0.000000 0.000000 1.732051 0.000000 0.000000 0.000000 0.000000 0.000000 7.500000 0.000000 0.000000 -5.000000 0.000000 0.000000 0.000000 0.000000 0.000000 0.000000 0.000000 0.000000 -7.500000 0.000000 0.000000 -5.000000 0.000000 0.000000 0.000000 0.000000 0.000000 -12.500000 0.000000 0.000000 0.000000 0.000000 0.000000 -7.335963 0.000000 0.000000 0.000000 0.000000 0.000000 12.500000 0.000000 0.000000 -20.000000 0.000000 0.000000 7.335963 0.000000 0.000000 0.000000 
-1.222163 106.837684 225.376254 -2.121320 0.000000 0.000000 1.414214 0.000000 0.000000 0.000000 0.000000 0.000000 0.000000 0.000000 0.000000 0.000000 0.000000 0.000000 0.000000 0.000000 2.000000 0.000000 0.000000 0.000000 0.000000 0.000000 10.606602 0.000000 0.000000 -5.000000 0.000000 0.000000 0.000000 0.000000 0.000000 0.000000 0.000000 0.000000 -10.606602 0.000000 0.000000 -5.000000 0.000000 0.000000 0.000000 0.000000 0.000000 -17.677670 0.000000 0.000000 0.000000 0.000000 0.000000 -8.844893 0.000000 0.000000 0.000000 0.000000 0.000000 17.677670 0.000000 0.000000 -28.284271 0.000000 0.000000 8.844893 0.000000 0.000000 0.000000 
-1.460541 106.996602 227.045708 -2.598076 0.000000 0.000000 1.732051 0.000000 0.000000 0.000000 0.000000 0.000000 0.000000 0.000000 0.000000 0.000000 0.000000 0.000000 0.000000 0.000000 1.732051 0.000000 0.000000 0.000000 0.000000 0.000000 12.990381 0.000000 0.000000 -5.000000 0.000000 0.000000 0.000000 0.000000 0.000000 0.000000 0.000000 0.000000 -12.990381 0.000000 0.000000 -5.000000 0.000000 0.000000 0.000000 0.000000 0.000000 -21.650635 0.000000 0.000000 0.000000 0.000000 0.000000 -9.751058 0.000000 0.000000 0.000000 0.000000 0.000000 21.650635 0.000000 0.000000 -34.641016 0.000000 0.000000 9.751058 0.000000 0.000000 0.000000 
-1.610392 107.096503 228.715162 -2.897777 0.000000 0.000000 1.931852 0.000000 0.000000 0.000000 0.000000 0.000000 0.000000 0.000000 0.000000 0.000000 0.000000 0.000000 0.000000 0.000000 1.000000 0.000000 0.000000 0.000000 0.000000 0.000000 14.488887 0.000000 0.000000 -5.000000 0.000000 0.000000 0.000000 0.000000 0.000000 0.000000 0.000000 0.000000 -14.488887 0.000000 0.000000 -5.000000 0.000000 0.000000 0.000000 0.000000 0.000000 -24.148146 0.000000 0.000000 0.000000 0.000000 0.000000 -9.992704 0.000000 0.000000 0.000000 0.000000 0.000000 24.148146 0.000000 0.000000 -38.637033 0.000000 0.000000 9.992704 0.000000 0.000000 0.000000 
-1.661503 107.130577 230.384615 -3.000000 0.000000 0.000000 2.000000 0.000000 0.000000 0.000000 0.000000 0.000000 0.000000 0.000000 0.000000 0.000000 0.000000 0.000000 0.000000 0.000000 0.000000 0.000000 0.000000 0.000000 0.000000 0.000000 15.000000 0.000000 0.000000 -5.000000 0.000000 0.000000 0.000000 0.000000 0.000000 0.000000 0.000000 0.000000 -15.000000 0.000000 0.000000 -5.000000 0.000000 0.000000 0.000000 0.000000 0.000000 -25.000000 0.000000 0.000000 0.000000 0.000000 0.000000 -9.553365 0.000000 0.000000 0.000000 0.000000 0.000000 25.000000 0.000000 0.000000 -40.000000 0.000000 0.000000 9.553365 0.000000 0.000000 0.000000 
-1.610392 107.096503 232.054069 -2.897777 0.000000 0.000000 1.931852 0.000000 0.000000 0.000000 0.000000 0.000000 0.000000 0.000000 0.000000 0.000000 0.000000 0.000000 0.000000 0.000000 -1.000000 0.000000 0.000000 0.000000 0.000000 0.000000 14.488887 0.000000 0.000000 -5.000000 0.000000 0.000000 0.000000 0.000000 0.000000 0.000000 0.000000 0.000000 -14.488887 0.000000 0.000000 -5.000000 0.000000 0.000000 0.000000 0.000000 0.000000 -24.148146 0.000000 0.000000 0.000000 0.000000 0.000000 -8.462979 0.000000 0.000000 0.000000 0.000000 0.000000 24.148146 0.000000 0.000000 -38.637033 0.000000 0.000000 8.462979 0.000000 0.000000 0.000000 
-1.460541 106.996602 233.723523 -2.598076 0.000000 0.000000 1.732051 0.000000 0.000000 0.000000 0.000000 0.000000 0.000000 0.000000 0.000000 0.000000 0.000000 0.000000 0.000000 0.000000 -1.732051 0.000000 0.000000 0.000000 0.000000 0.000000 12.990381 0.000000 0.000000 -5.000000 0.000000 0.000000 0.000000 0.000000 0.000000 0.000000 0.000000 0.000000 -12.990381 0.000000 0.000000 -5.000000 0.000000 0.000000 0.000000 0.000000 0.000000 -21.650635 0.000000 0.000000 0.000000 0.000000 0.000000 -6.795856 0.000000 0.000000 0.000000 0.000000 0.000000 21.650635 0.000000 0.000000 -34.641016 0.000000 0.000000 6.795856 0.000000 0.000000 0.000000 
-1.222163 106.837684 235.392977 -2.121320 0.000000 0.000000 1.414214 0.000000 0.000000 0.000000 0.000000 0.000000 0.000000 0.000000 0.000000 0.000000 0.000000 0.000000 0.000000 0.000000 -2.000000 0.000000 0.000000 0.000000 0.000000 0.000000 10.606602 0.000000 0.000000 -5.000000 0.000000 0.000000 0.000000 0.000000 0.000000 0.000000 0.000000 0.000000 -10.606602 0.000000 0.000000 -5.000000 0.000000 0.000000 0.000000 0.000000 0.000000 -17.677670 0.000000 0.000000 0.000000 0.000000 0.000000 -4.665606 0.000000 0.000000 0.000000 0.000000 0.000000 17.677670 0.000000 0.000000 -28.284271 0.000000 0.000000 4.665606 0.000000 0.000000 0.000000 
-0.911503 106.630577 237.062430 -1.500000 0.000000 0.000000 1.000000 0.000000 0.000000 0.000000 0.000000 0.000000 0.000000 0.000000 0.000000 0.000000 0.000000 0.000000 0.000000 0.000000 -1.732051 0.000000 0.000000 0.000000 0.000000 0.000000 7.500000 0.000000 0.000000 -5.000000 0.000000 0.000000 0.000000 0.000000 0.000000 0.000000 0.000000 0.000000 -7.500000 0.000000 0.000000 -5.000000 0.000000 0.000000 0.000000 0.000000 0.000000 -12.500000 0.000000 0.000000 0.000000 0.000000 0.000000 -2.217402 0.000000 0.000000 0.000000 0.000000 0.000000 12.500000 0.000000 0.000000 -20.000000 0.000000 0.000000 2.217402 0.000000 0.000000 0.000000 
-0.549732 106.389396 238.731884 -0.776457 0.000000 0.000000 0.517638 0.000000 0.000000 0.000000 0.000000 0.000000 0.000000 0.000000 0.000000 0.000000 0.000000 0.000000 0.000000 0.000000 -1.000000 0.000000 0.000000 0.000000 0.000000 0.000000 3.882286 0.000000 0.000000 -5.000000 0.000000 0.000000 0.000000 0.000000 0.000000 0.000000 0.000000 0.000000 -3.882286 0.000000 0.000000 -5.000000 0.000000 0.000000 0.000000 0.000000 0.000000 -6.470476 0.000000 0.000000 0.000000 0.000000 0.000000 0.381913 0.000000 0.000000 0.000000 0.000000 0.000000 6.470476 0.000000 0.000000 -10.352762 0.000000 0.000000 -0.381913 0.000000 0.000000 0.000000 
-0.161503 106.130577 240.401338 -0.000000 0.000000 0.000000 0.000000 0.000000 0.000000 0.000000 0.000000 0.000000 0.000000 0.000000 0.000000 0.000000 0.000000 0.000000 0.000000 0.000000 -0.000000 0.000000 0.000000 0.000000 0.000000 0.000000 -0.000000 0.000000 0.000000 -5.000000 0.000000 0.000000 0.000000 0.000000 0.000000 0.000000 0.000000 0.000000 -0.000000 0.000000 0.000000 -5.000000 0.000000 0.000000 0.000000 0.000000 0.000000 -0.000000 0.000000 0.000000 0.000000 0.000000 0.000000 2.955202 0.000000 0.000000 0.000000 0.000000 0.000000 -0.000000 0.000000 0.000000 0.000000 0.000000 0.000000 -2.955202 0.000000 0.000000 0.000000 
0.226726 106.389396 242.070792 0.776457 0.000000 0.000000 -0.517638 0.000000 0.000000 0.000000 0.000000 0.000000 0.000000 0.000000 0.000000 0.000000 0.000000 0.000000 0.000000 0.000000 1.000000 0.000000 0.000000 0.000000 0.000000 0.000000 -3.882286 0.000000 0.000000 -5.000000 0.000000 0.000000 0.000000 0.000000 0.000000 0.000000 0.000000 0.000000 3.882286 0.000000 0.000000 -5.000000 0.000000 0.000000 0.000000 0.000000 0.000000 6.470476 0.000000 0.000000 -10.352762 0.000000 0.000000 5.327099 0.000000 0.000000 0.000000 0.000000 0.000000 -6.470476 0.000000 0.000000 0.000000 0.000000 0.000000 -5.327099 0.000000 0.000000 0.000000 
0.588497 106.630577 243.740245 1.500000 0.000000 0.000000 -1.000000 0.000000 0.000000 0.000000 0.000000 0.000000 0.000000 0.000000 0.000000 0.000000 0.000000 0.000000 0.000000 0.000000 1.732051 0.000000 0.000000 0.000000 0.000000 0.000000 -7.500000 0.000000 0.000000 -5.000000 0.000000 0.000000 0.000000 0.000000 0.000000 0.000000 0.000000 0.000000 7.500000 0.000000 0.000000 -5.000000 0.000000 0.000000 0.000000 0.000000 0.000000 12.500000 0.000000 0.000000 -20.000000 0.000000 0.000000 7.335963 0.000000 0.000000 0.000000 0.000000 0.000000 -12.500000 0.000000 0.000000 0.000000 0.000000 0.000000 -7.335963 0.000000 0.000000 0.000000 
0.899157 106.837684 245.409699 2.121320 0.000000 0.000000 -1.414214 0.000000 0.000000 0.000000 0.000000 0.000000 0.000000 0.000000 0.000000 0.000000 0.000000 0.000000 0.000000 0.000000 2.000000 0.000000 0.000000 0.000000 0.000000 0.000000 -10.606602 0.000000 0.000000 -5.000000 0.000000 0.000000 0.000000 0.000000 0.000000 0.000000 0.000000 0.000000 10.606602 0.000000 0.000000 -5.000000 0.000000 0.000000 0.000000 0.000000 0.000000 17.677670 0.000000 0.000000 -28.284271 0.000000 0.000000 8.844893 0.000000 0.000000 0.000000 0.000000 0.000000 -17.677670 0.000000 0.000000 0.000000 0.000000 0.000000 -8.844893 0.000000 0.000000 0.000000 
1.137535 106.996602 247.079153 2.598076 0.000000 0.000000 -1.732051 0.000000 0.000000 0.000000 0.000000 0.000000 0.000000 0.000000 0.000000 0.000000 0.000000 0.000000 0.000000 0.000000 1.732051 0.000000 0.000000 0.000000 0.000000 0.000000 -12.990381 0.000000 0.000000 -5.000000 0.000000 0.000000 0.000000 0.000000 0.000000 0.000000 0.000000 0.000000 12.990381 0.000000 0.000000 -5.000000 0.000000 0.000000 0.000000 0.000000 0.000000 21.650635 0.000000 0.000000 -34.641016 0.000000 0.000000 9.751058 0.000000 0.000000 0.000000 0.000000 0.000000 -21.650635 0.000000 0.000000 0.000000 0.000000 0.000000 -9.751058 0.000000 0.000000 0.000000 
1.287386 107.096503 248.748606 2.897777 0.000000 0.000000 -1.931852 0.000000 0.000000 0.000000 0.000000 0.000000 0.000000 0.000000 0.000000 0.000000 0.000000 0.000000 0.000000 0.000000 1.000000 0.000000 0.000000 0.000000 0.000000 0.000000 -14.488887 0.000000 0.000000 -5.000000 0.000000 0.000000 0.000000 0.000000 0.000000 0.000000 0.000000 0.000000 14.488887 0.000000 0.000000 -5.000000 0.000000 0.000000 0.000000 0.000000 0.000000 24.148146 0.000000 0.000000 -38.637033 0.000000 0.000000 9.992704 0.000000 0.000000 0.000000 0.000000 0.000000 -24.148146 0.000000 0.000000 0.000000 0.000000 0.000000 -9.992704 0.000000 0.000000 0.000000 
1.338497 107.130577 250.418060 3.000000 0.000000 0.000000 -2.000000 0.000000 0.000000 0.000000 0.000000 0.000000 0.000000 0.000000 0.000000 0.000000 0.000000 0.000000 0.000000 0.000000 0.000000 0.000000 0.000000 0.000000 0.000000 0.000000 -15.000000 0.000000 0.000000 -5.000000 0.000000 0.000000 0.000000 0.000000 0.000000 0.000000 0.000000 0.000000 15.000000 0.000000 0.000000 -5.000000 0.000000 0.000000 0.000000 0.000000 0.000000 25.000000 0.000000 0.000000 -40.000000 0.000000 0.000000 9.553365 0.000000 0.000000 0.000000 0.000000 0.000000 -25.000000 0.000000 0.000000 0.000000 0.000000 0.000000 -9.553365 0.000000 0.000000 0.000000 
1.287386 107.096503 252.087514 2.897777 0.000000 0.000000 -1.931852 0.000000 0.000000 0.000000 0.000000 0.000000 0.000000 0.000000 0.000000 0.000000 0.000000 0.000000 0.000000 0.000000 -1.000000 0.000000 0.000000 0.000000 0.000000 0.000000 -14.488887 0.000000 0.000000 -5.000000 0.000000 0.000000 0.000000 0.000000 0.000000 0.000000 0.000000 0.000000 14.488887 0.000000 0.000000 -5.000000 0.000000 0.000000 0.000000 0.000000 0.000000 24.148146 0.000000 0.000000 -38.637033 0.000000 0.000000 8.462979 0.000000 0.000000 0.000000 0.000000 0.000000 -24.148146 0.000000 0.000000 0.000000 0.000000 0.000000 -8.462979 0.000000 0.000000 0.000000 
1.137535 106.996602 253.756968 2.598076 0.000000 0.000000 -1.732051 0.000000 0.000000 0.000000 0.000000 0.000000 0.000000 0.000000 0.000000 0.000000 0.000000 0.000000 0.000000 0.000000 -1.732051 0.000000 0.000000 0.000000 0.000000 0.000000 -12.990381 0.000000 0.000000 -5.000000 0.000000 0.000000 0.000000 0.000000 0.000000 0.000000 0.000000 0.000000 12.990381 0.000000 0.000000 -5.000000 0.000000 0.000000 0.000000 0.000000 0.000000 21.650635 0.000000 0.000000 -34.641016 0.000000 0.000000 6.795856 0.000000 0.000000 0.000000 0.000000 0.000000 -21.650635 0.000000 0.000000 0.000000 0.000000 0.000000 -6.795856 0.000000 0.000000 0.000000 
0.899157 106.837684 255.426421 2.121320 0.000000 0.000000 -1.414214 0.000000 0.000000 0.000000 0.000000 0.000000 0.000000 0.000000 0.000000 0.000000 0.000000 0.000000 0.000000 0.000000 -2.000000 0.000000 0.000000 0.000000 0.000000 0.000000 -10.606602 0.000000 0.000000 -5.000000 0.000000 0.000000 0.000000 0.000000 0.000000 0.000000 0.000000 0.000000 10.606602 0.000000 0.000000 -5.000000 0.000000 0.000000 0.000000 0.000000 0.000000 17.677670 0.000000 0.000000 -28.284271 0.000000 0.000000 4.665606 0.000000 0.000000 0.000000 0.000000 0.000000 -17.677670 0.000000 0.000000 0.000000 0.000000 0.000000 -4.665606 0.000000 0.000000 0.000000 
0.588497 106.630577 257.095875 1.500000 0.000000 0.000000 -1.000000 0.000000 0.000000 0.000000 0.000000 0.000000 0.000000 0.000000 0.000000 0.000000 0.000000 0.000000 0.000000 0.000000 -1.732051 0.000000 0.000000 0.000000 0.000000 0.000000 -7.500000 0.000000 0.000000 -5.000000 0.000000 0.000000 0.000000 0.000000 0.000000 0.000000 0.000000 0.000000 7.500000 0.000000 0.000000 -5.000000 0.000000 0.000000 0.000000 0.000000 0.000000 12.500000 0.000000 0.000000 -20.000000 0.000000 0.000000 2.217402 0.000000 0.000000 0.000000 0.000000 0.000000 -12.500000 0.000000 0.000000 0.000000 0.000000 0.000000 -2.217402 0.000000 0.000000 0.000000 
0.226726 106.389396 258.765329 0.776457 0.000000 0.000000 -0.517638 0.000000 0.000000 0.000000 0.000000 0.000000 0.000000 0.000000 0.000000 0.000000 0.000000 0.000000 0.000000 0.000000 -1.000000 0.000000 0.000000 0.000000 0.000000 0.000000 -3.882286 0.000000 0.000000 -5.000000 0.000000 0.000000 0.000000 0.000000 0.000000 0.000000 0.000000 0.000000 3.882286 0.000000 0.000000 -5.000000 0.000000 0.000000 0.000000 0.000000 0.000000 6.470476 0.000000 0.000000 -10.352762 0.000000 0.000000 -0.381913 0.000000 0.000000 0.000000 0.000000 0.000000 -6.470476 0.000000 0.000000 0.000000 0.000000 0.000000 0.381913 0.000000 0.000000 0.000000 
-0.161503 106.130577 260.434783 0.000000 0.000000 0.000000 -0.000000 0.000000 0.000000 0.000000 0.000000 0.000000 0.000000 0.000000 0.000000 0.000000 0.000000 0.000000 0.000000 0.000000 -0.000000 0.000000 0.000000 0.000000 0.000000 0.000000 -0.000000 0.000000 0.000000 -5.000000 0.000000 0.000000 0.000000 0.000000 0.000000 0.000000 0.000000 0.000000 0.000000 0.000000 0.000000 -5.000000 0.000000 0.000000 0.000000 0.000000 0.000000 0.000000 0.000000 0.000000 -0.000000 0.000000 0.000000 -2.955202 0.000000 0.000000 0.000000 0.000000 0.000000 -0.000000 0.000000 0.000000 0.000000 0.000000 0.000000 2.955202 0.000000 0.000000 0.000000 
-0.549732 106.389396 262.104236 -0.776457 0.000000 0.000000 0.517638 0.000000 0.000000 0.000000 0.000000 0.000000 0.000000 0.000000 0.000000 0.000000 0.000000 0.000000 0.000000 0.000000 1.000000 0.000000 0.000000 0.000000 0.000000 0.000000 3.882286 0.000000 0.000000 -5.000000 0.000000 0.000000 0.000000 0.000000 0.000000 0.000000 0.000000 0.000000 -3.882286 0.000000 0.000000 -5.000000 0.000000 0.000000 0.000000 0.000000 0.000000 -6.470476 0.000000 0.000000 0.000000 0.000000 0.000000 -5.327099 0.000000 0.000000 0.000000 0.000000 0.000000 6.470476 0.000000 0.000000 -10.352762 0.000000 0.000000 5.327099 0.000000 0.000000 0.000000 
-0.911503 106.630577 263.773690 -1.500000 0.000000 0.000000 1.000000 0.000000 0.000000 0.000000 0.000000 0.000000 0.000000 0.000000 0.000000 0.000000 0.000000 0.000000 0.000000 0.000000 1.732051 0.000000 0.000000 0.000000 0.000000 0.000000 7.500000 0.000000 0.000000 -5.000000 0.000000 0.000000 0.000000 0.000000 0.000000 0.000000 0.000000 0.000000 -7.500000 0.000000 0.000000 -5.000000 0.000000 0.000000 0.000000 0.000000 0.000000 -12.500000 0.000000 0.000000 0.000000 0.000000 0.000000 -7.335963 0.000000 0.000000 0.000000 0.000000 0.000000 12.500000 0.000000 0.000000 -20.000000 0.000000 0.000000 7.335963 0.000000 0.000000 0.000000 
-1.222163 106.837684 265.443144 -2.121320 0.000000 0.000000 1.414214 0.000000 0.000000 0.000000 0.000000 0.000000 0.000000 0.000000 0.000000 0.000000 0.000000 0.000000 0.000000 0.000000 2.000000 0.000000 0.000000 0.000000 0.000000 0.000000 10.606602 0.000000 0.000000 -5.000000 0.000000 0.000000 0.000000 0.000000 0.000000 0.000000 0.000000 0.000000 -10.606602 0.000000 0.000000 -5.000000 0.000000 0.000000 0.000000 0.000000 0.000000 -17.677670 0.000000 0.000000 0.000000 0.000000 0.000000 -8.844893 0.000000 0.000000 0.000000 0.000000 0.000000 17.677670 0.000000 0.000000 -28.284271 0.000000 0.000000 8.844893 0.000000 0.000000 0.000000 
-1.460541 106.996602 267.112598 -2.598076 0.000000 0.000000 1.732051 0.000000 0.000000 0.000000 0.000000 0.000000 0.000000 0.000000 0.000000 0.000000 0.000000 0.000000 0.000000 0.000000 1.732051 0.000000 0.000000 0.000000 0.000000 0.000000 12.990381 0.000000 0.000000 -5.000000 0.000000 0.000000 0.000000 0.000000 0.000000 0.000000 0.000000 0.000000 -12.990381 0.000000 0.000000 -5.000000 0.000000 0.000000 0.000000 0.000000 0.000000 -21.650635 0.000000 0.000000 0.000000 0.000000 0.000000 -9.751058 0.000000 0.000000 0.000000 0.000000 0.000000 21.650635 0.000000 0.000000 -34.641016 0.000000 0.000000 9.751058 0.000000 0.000000 0.000000 
-1.610392 107.096503 268.782051 -2.897777 0.000000 0.000000 1.931852 0.000000 0.000000 0.000000 0.000000 0.000000 0.000000 0.000000 0.000000 0.000000 0.000000 0.000000 0.000000 0.000000 1.000000 0.000000 0.000000 0.000000 0.000000 0.000000 14.488887 0.000000 0.000000 -5.000000 0.000000 0.000000 0.000000 0.000000 0.000000 0.000000 0.000000 0.000000 -14.488887 0.000000 0.000000 -5.000000 0.000000 0.000000 0.000000 0.000000 0.000000 -24.148146 0.000000 0.000000 0.000000 0.000000 0.000000 -9.992704 0.000000 0.000000 0.000000 0.000000 0.000000 24.148146 0.000000 0.000000 -38.637033 0.000000 0.000000 9.992704 0.000000 0.000000 0.000000 
-1.661503 107.130577 270.451505 -3.000000 0.000000 0.000000 2.000000 0.000000 0.000000 0.000000 0.000000 0.000000 0.000000 0.000000 0.000000 0.000000 0.000000 0.000000 0.000000 0.000000 0.000000 0.000000 0.000000 0.000000 0.000000 0.000000 15.000000 0.000000 0.000000 -5.000000 0.000000 0.000000 0.000000 0.000000 0.000000 0.000000 0.000000 0.000000 -15.000000 0.000000 0.000000 -5.000000 0.000000 0.000000 0.000000 0.000000 0.000000 -25.000000 0.000000 0.000000 0.000000 0.000000 0.000000 -9.553365 0.000000 0.000000 0.000000 0.000000 0.000000 25.000000 0.000000 0.000000 -40.000000 0.000000 0.000000 9.553365 0.000000 0.000000 0.000000 
-1.610392 107.096503 272.120959 -2.897777 0.000000 0.000000 1.931852 0.000000 0.000000 0.000000 0.000000 0.000000 0.000000 0.000000 0.000000 0.000000 0.000000 0.000000 0.000000 0.000000 -1.000000 0.000000 0.000000 0.000000 0.000000 0.000000 14.488887 0.000000 0.000000 -5.000000 0.000000 0.000000 0.000000 0.000000 0.000000 0.000000 0.000000 0.000000 -14.488887 0.000000 0.000000 -5.000000 0.000000 0.000000 0.000000 0.000000 0.000000 -24.148146 0.000000 0.000000 0.000000 0.000000 0.000000 -8.462979 0.000000 0.000000 0.000000 0.000000 0.000000 24.148146 0.000000 0.000000 -38.637033 0.000000 0.000000 8.462979 0.000000 0.000000 0.000000 
-1.460541 106.996602 273.790412 -2.598076 0.000000 0.000000 1.732051 0.000000 0.000000 0.000000 0.000000 0.000000 0.000000 0.000000 0.000000 0.000000 0.000000 0.000000 0.000000 0.000000 -1.732051 0.000000 0.000000 0.000000 0.000000 0.000000 12.990381 0.000000 0.000000 -5.000000 0.000000 0.000000 0.000000 0.000000 0.000000 0.000000 0.000000 0.000000 -12.990381 0.000000 0.000000 -5.000000 0.000000 0.000000 0.000000 0.000000 0.000000 -21.650635 0.000000 0.000000 0.000000 0.000000 0.000000 -6.795856 0.000000 0.000000 0.000000 0.000000 0.000000 21.650635 0.000000 0.000000 -34.641016 0.000000 0.000000 6.795856 0.000000 0.000000 0.000000 
-1.222163 106.837684 275.459866 -2.121320 0.000000 0.000000 1.414214 0.000000 0.000000 0.000000 0.000000 0.000000 0.000000 0.000000 0.000000 0.000000 0.000000 0.000000 0.000000 0.000000 -2.000000 0.000000 0.000000 0.000000 0.000000 0.000000 10.606602 0.000000 0.000000 -5.000000 0.000000 0.000000 0.000000 0.000000 0.000000 0.000000 0.000000 0.000000 -10.606602 0.000000 0.000000 -5.000000 0.000000 0.000000 0.000000 0.000000 0.000000 -17.677670 0.000000 0.000000 0.000000 0.000000 0.000000 -4.665606 0.000000 0.000000 0.000000 0.000000 0.000000 17.677670 0.000000 0.000000 -28.284271 0.000000 0.000000 4.665606 0.000000 0.000000 0.000000 
-0.911503 106.630577 277.129320 -1.500000 0.000000 0.000000 1.000000 0.000000 0.000000 0.000000 0.000000 0.000000 0.000000 0.000000 0.000000 0.000000 0.000000 0.000000 0.000000 0.000000 -1.732051 0.000000 0.000000 0.000000 0.000000 0.000000 7.500000 0.000000 0.000000 -5.000000 0.000000 0.000000 0.000000 0.000000 0.000000 0.000000 0.000000 0.000000 -7.500000 0.000000 0.000000 -5.000000 0.000000 0.000000 0.000000 0.000000 0.000000 -12.500000 0.000000 0.000000 0.000000 0.000000 0.000000 -2.217402 0.000000 0.000000 0.000000 0.000000 0.000000 12.500000 0.000000 0.000000 -20.000000 0.000000 0.000000 2.217402 0.000000 0.000000 0.000000 
-0.549732 106.389396 278.798774 -0.776457 0.000000 0.000000 0.517638 0.000000 0.000000 0.000000 0.000000 0.000000 0.000000 0.000000 0.000000 0.000000 0.000000 0.000000 0.000000 0.000000 -1.000000 0.000000 0.000000 0.000000 0.000000 0.000000 3.882286 0.000000 0.000000 -5.000000 0.000000 0.000000 0.000000 0.000000 0.000000 0.000000 0.000000 0.000000 -3.882286 0.000000 0.000000 -5.000000 0.000000 0.000000 0.000000 0.000000 0.000000 -6.470476 0.000000 0.000000 0.000000 0.000000 0.000000 0.381913 0.000000 0.000000 0.000000 0.000000 0.000000 6.470476 0.000000 0.000000 -10.352762 0.000000 0.000000 -0.381913 0.000000 0.000000 0.000000 
-0.161503 106.130577 280.468227 -0.000000 0.000000 0.000000 0.000000 0.000000 0.000000 0.000000 0.000000 0.000000 0.000000 0.000000 0.000000 0.000000 0.000000 0.000000 0.000000 0.000000 -0.000000 0.000000 0.000000 0.000000 0.000000 0.000000 0.000000 0.000000 0.000000 -5.000000 0.000000 0.000000 0.000000 0.000000 0.000000 0.000000 0.000000 0.000000 -0.000000 0.000000 0.000000 -5.000000 0.000000 0.000000 0.000000 0.000000 0.000000 -0.000000 0.000000 0.000000 0.000000 0.000000 0.000000 2.955202 0.000000 0.000000 0.000000 0.000000 0.000000 0.000000 0.000000 0.000000 -0.000000 0.000000 0.000000 -2.955202 0.000000 0.000000 0.000000 
0.226726 106.389396 282.137681 0.776457 0.000000 0.000000 -0.517638 0.000000 0.000000 0.000000 0.000000 0.000000 0.000000 0.000000 0.000000 0.000000 0.000000 0.000000 0.000000 0.000000 1.000000 0.000000 0.000000 0.000000 0.000000 0.000000 -3.882286 0.000000 0.000000 -5.000000 0.000000 0.000000 0.000000 0.000000 0.000000 0.000000 0.000000 0.000000 3.882286 0.000000 0.000000 -5.000000 0.000000 0.000000 0.000000 0.000000 0.000000 6.470476 0.000000 0.000000 -10.352762 0.000000 0.000000 5.327099 0.000000 0.000000 0.000000 0.000000 0.000000 -6.470476 0.000000 0.000000 0.000000 0.000000 0.000000 -5.327099 0.000000 0.000000 0.000000 
0.588497 106.630577 283.807135 1.500000 0.000000 0.000000 -1.000000 0.000000 0.000000 0.000000 0.000000 0.000000 0.000000 0.000000 0.000000 0.000000 0.000000 0.000000 0.000000 0.000000 1.732051 0.000000 0.000000 0.000000 0.000000 0.000000 -7.500000 0.000000 0.000000 -5.000000 0.000000 0.000000 0.000000 0.000000 0.000000 0.000000 0.000000 0.000000 7.500000 0.000000 0.000000 -5.000000 0.000000 0.000000 0.000000 0.000000 0.000000 12.500000 0.000000 0.000000 -20.000000 0.000000 0.000000 7.335963 0.000000 0.000000 0.000000 0.000000 0.000000 -12.500000 0.000000 0.000000 0.000000 0.000000 0.000000 -7.335963 0.000000 0.000000 0.000000 
0.899157 106.837684 285.476589 2.121320 0.000000 0.000000 -1.414214 0.000000 0.000000 0.000000 0.000000 0.000000 0.000000 0.000000 0.000000 0.000000 0.000000 0.000000 0.000000 0.000000 2.000000 0.000000 0.000000 0.000000 0.000000 0.000000 -10.606602 0.000000 0.000000 -5.000000 0.000000 0.000000 0.000000 0.000000 0.000000 0.000000 0.000000 0.000000 10.606602 0.000000 0.000000 -5.000000 0.000000 0.000000 0.000000 0.000000 0.000000 17.677670 0.000000 0.000000 -28.284271 0.000000 0.000000 8.844893 0.000000 0.000000 0.000000 0.000000 0.000000 -17.677670 0.000000 0.000000 0.000000 0.000000 0.000000 -8.844893 0.000000 0.000000 0.000000 
1.137535 106.996602 287.146042 2.598076 0.000000 0.000000 -1.732051 0.000000 0.000000 0.000000 0.000000 0.000000 0.000000 0.000000 0.000000 0.000000 0.000000 0.000000 0.000000 0.000000 1.732051 0.000000 0.000000 0.000000 0.000000 0.000000 -12.990381 0.000000 0.000000 -5.000000 0.000000 0.000000 0.000000 0.000000 0.000000 0.000000 0.000000 0.000000 12.990381 0.000000 0.000000 -5.000000 0.000000 0.000000 0.000000 0.000000 0.000000 21.650635 0.000000 0.000000 -34.641016 0.000000 0.000000 9.751058 0.000000 0.000000 0.000000 0.000000 0.000000 -21.650635 0.000000 0.000000 0.000000 0.000000 0.000000 -9.751058 0.000000 0.000000 0.000000 
1.287386 107.096503 288.815496 2.897777 0.000000 0.000000 -1.931852 0.000000 0.000000 0.000000 0.000000 0.000000 0.000000 0.000000 0.000000 0.000000 0.000000 0.000000 0.000000 0.000000 1.000000 0.000000 0.000000 0.000000 0.000000 0.000000 -14.488887 0.000000 0.000000 -5.000000 0.000000 0.000000 0.000000 0.000000 0.000000 0.000000 0.000000 0.000000 14.488887 0.000000 0.000000 -5.000000 0.000000 0.000000 0.000000 0.000000 0.000000 24.148146 0.000000 0.000000 -38.637033 0.000000 0.000000 9.992704 0.000000 0.000000 0.000000 0.000000 0.000000 -24.148146 0.000000 0.000000 0.000000 0.000000 0.000000 -9.992704 0.000000 0.000000 0.000000 
1.338497 107.130577 290.484950 3.000000 0.000000 0.000000 -2.000000 0.000000 0.000000 0.000000 0.000000 0.000000 0.000000 0.000000 0.000000 0.000000 0.000000 0.000000 0.000000 0.000000 0.000000 0.000000 0.000000 0.000000 0.000000 0.000000 -15.000000 0.000000 0.000000 -5.000000 0.000000 0.000000 0.000000 0.000000 0.000000 0.000000 0.000000 0.000000 15.000000 0.000000 0.000000 -5.000000 0.000000 0.000000 0.000000 0.000000 0.000000 25.000000 0.000000 0.000000 -40.000000 0.000000 0.000000 9.553365 0.000000 0.000000 0.000000 0.000000 0.000000 -25.000000 0.000000 0.000000 0.000000 0.000000 0.000000 -9.553365 0.000000 0.000000 0.000000 
1.287386 107.096503 292.154404 2.897777 0.000000 0.000000 -1.931852 0.000000 0.000000 0.000000 0.000000 0.000000 0.000000 0.000000 0.000000 0.000000 0.000000 0.000000 0.000000 0.000000 -1.000000 0.000000 0.000000 0.000000 0.000000 0.000000 -14.488887 0.000000 0.000000 -5.000000 0.000000 0.000000 0.000000 0.000000 0.000000 0.000000 0.000000 0.000000 14.488887 0.000000 0.000000 -5.000000 0.000000 0.000000 0.000000 0.000000 0.000000 24.148146 0.000000 0.000000 -38.637033 0.000000 0.000000 8.462979 0.000000 0.000000 0.000000 0.000000 0.000000 -24.148146 0.000000 0.000000 0.000000 0.000000 0.000000 -8.462979 0.000000 0.000000 0.000000 
1.137535 106.996602 293.823857 2.598076 0.000000 0.000000 -1.732051 0.000000 0.000000 0.000000 0.000000 0.000000 0.000000 0.000000 0.000000 0.000000 0.000000 0.000000 0.000000 0.000000 -1.732051 0.000000 0.000000 0.000000 0.000000 0.000000 -12.990381 0.000000 0.000000 -5.000000 0.000000 0.000000 0.000000 0.000000 0.000000 0.000000 0.000000 0.000000 12.990381 0.000000 0.000000 -5.000000 0.000000 0.000000 0.000000 0.000000 0.000000 21.650635 0.000000 0.000000 -34.641016 0.000000 0.000000 6.795856 0.000000 0.000000 0.000000 0.000000 0.000000 -21.650635 0.000000 0.000000 0.000000 0.000000 0.000000 -6.795856 0.000000 0.000000 0.000000 
0.899157 106.837684 295.493311 2.121320 0.000000 0.000000 -1.414214 0.000000 0.000000 0.000000 0.000000 0.000000 0.000000 0.000000 0.000000 0.000000 0.000000 0.000000 0.000000 0.000000 -2.000000 0.000000 0.000000 0.000000 0.000000 0.000000 -10.606602 0.000000 0.000000 -5.000000 0.000000 0.000000 0.000000 0.000000 0.000000 0.000000 0.000000 0.000000 10.606602 0.000000 0.000000 -5.000000 0.000000 0.000000 0.000000 0.000000 0.000000 17.677670 0.000000 0.000000 -28.284271 0.000000 0.000000 4.665606 0.000000 0.000000 0.000000 0.000000 0.000000 -17.677670 0.000000 0.000000 0.000000 0.000000 0.000000 -4.665606 0.000000 0.000000 0.000000 
0.588497 106.630577 297.162765 1.500000 0.000000 0.000000 -1.000000 0.000000 0.000000 0.000000 0.000000 0.000000 0.000000 0.000000 0.000000 0.000000 0.000000 0.000000 0.000000 0.000000 -1.732051 0.000000 0.000000 0.000000 0.000000 0.000000 -7.500000 0.000000 0.000000 -5.000000 0.000000 0.000000 0.000000 0.000000 0.000000 0.000000 0.000000 0.000000 7.500000 0.000000 0.000000 -5.000000 0.000000 0.000000 0.000000 0.000000 0.000000 12.500000 0.000000 0.000000 -20.000000 0.000000 0.000000 2.217402 0.000000 0.000000 0.000000 0.000000 0.000000 -12.500000 0.000000 0.000000 0.000000 0.000000 0.000000 -2.217402 0.000000 0.000000 0.000000 
0.226726 106.389396 298.832219 0.776457 0.000000 0.000000 -0.517638 0.000000 0.000000 0.000000 0.000000 0.000000 0.000000 0.000000 0.000000 0.000000 0.000000 0.000000 0.000000 0.000000 -1.000000 0.000000 0.000000 0.000000 0.000000 0.000000 -3.882286 0.000000 0.000000 -5.000000 0.000000 0.000000 0.000000 0.000000 0.000000 0.000000 0.000000 0.000000 3.882286 0.000000 0.000000 -5.000000 0.000000 0.000000 0.000000 0.000000 0.000000 6.470476 0.000000 0.000000 -10.352762 0.000000 0.000000 -0.381913 0.000000 0.000000 0.000000 0.000000 0.000000 -6.470476 0.000000 0.000000 0.000000 0.000000 0.000000 0.381913 0.000000 0.000000 0.000000 
-0.161503 106.130577 300.501672 0.000000 0.000000 0.000000 -0.000000 0.000000 0.000000 0.000000 0.000000 0.000000 0.000000 0.000000 0.000000 0.000000 0.000000 0.000000 0.000000 0.000000 -0.000000 0.000000 0.000000 0.000000 0.000000 0.000000 -0.000000 0.000000 0.000000 -5.000000 0.000000 0.000000 0.000000 0.000000 0.000000 0.000000 0.000000 0.000000 0.000000 0.000000 0.000000 -5.000000 0.000000 0.000000 0.000000 0.000000 0.000000 0.000000 0.000000 0.000000 -0.000000 0.000000 0.000000 -2.955202 0.000000 0.000000 0.000000 0.000000 0.000000 -0.000000 0.000000 0.000000 0.000000 0.000000 0.000000 2.955202 0.000000 0.000000 0.000000 
-0.549732 106.389396 302.171126 -0.776457 0.000000 0.000000 0.517638 0.000000 0.000000 0.000000 0.000000 0.000000 0.000000 0.000000 0.000000 0.000000 0.000000 0.000000 0.000000 0.000000 1.000000 0.000000 0.000000 0.000000 0.000000 0.000000 3.882286 0.000000 0.000000 -5.000000 0.000000 0.000000 0.000000 0.000000 0.000000 0.000000 0.000000 0.000000 -3.882286 0.000000 0.000000 -5.000000 0.000000 0.000000 0.000000 0.000000 0.000000 -6.470476 0.000000 0.000000 0.000000 0.000000 0.000000 -5.327099 0.000000 0.000000 0.000000 0.000000 0.000000 6.470476 0.000000 0.000000 -10.352762 0.000000 0.000000 5.327099 0.000000 0.000000 0.000000 
-0.911503 106.630577 303.840580 -1.500000 0.000000 0.000000 1.000000 0.000000 0.000000 0.000000 0.000000 0.000000 0.000000 0.000000 0.000000 0.000000 0.000000 0.000000 0.000000 0.000000 1.732051 0.000000 0.000000 0.000000 0.000000 0.000000 7.500000 0.000000 0.000000 -5.000000 0.000000 0.000000 0.000000 0.000000 0.000000 0.000000 0.000000 0.000000 -7.500000 0.000000 0.000000 -5.000000 0.000000 0.000000 0.000000 0.000000 0.000000 -12.500000 0.000000 0.000000 0.000000 0.000000 0.000000 -7.335963 0.000000 0.000000 0.000000 0.000000 0.000000 12.500000 0.000000 0.000000 -20.000000 0.000000 0.000000 7.335963 0.000000 0.000000 0.000000 
-1.222163 106.837684 305.510033 -2.121320 0.000000 0.000000 1.414214 0.000000 0.000000 0.000000 0.000000 0.000000 0.000000 0.000000 0.000000 0.000000 0.000000 0.000000 0.000000 0.000000 2.000000 0.000000 0.000000 0.000000 0.000000 0.000000 10.606602 0.000000 0.000000 -5.000000 0.000000 0.000000 0.000000 0.000000 0.000000 0.000000 0.000000 0.000000 -10.606602 0.000000 0.000000 -5.000000 0.000000 0.000000 0.000000 0.000000 0.000000 -17.677670 0.000000 0.000000 0.000000 0.000000 0.000000 -8.844893 0.000000 0.000000 0.000000 0.000000 0.000000 17.677670 0.000000 0.000000 -28.284271 0.000000 0.000000 8.844893 0.000000 0.000000 0.000000 
-1.460541 106.996602 307.179487 -2.598076 0.000000 0.000000 1.732051 0.000000 0.000000 0.000000 0.000000 0.000000 0.000000 0.000000 0.000000 0.000000 0.000000 0.000000 0.000000 0.000000 1.732051 0.000000 0.000000 0.000000 0.000000 0.000000 12.990381 0.000000 0.000000 -5.000000 0.000000 0.000000 0.000000 0.000000 0.000000 0.000000 0.000000 0.000000 -12.990381 0.000000 0.000000 -5.000000 0.000000 0.000000 0.000000 0.000000 0.000000 -21.650635 0.000000 0.000000 0.000000 0.000000 0.000000 -9.751058 0.000000 0.000000 0.000000 0.000000 0.000000 21.650635 0.000000 0.000000 -34.641016 0.000000 0.000000 9.751058 0.000000 0.000000 0.000000 
-1.610392 107.096503 308.848941 -2.897777 0.000000 0.000000 1.931852 0.000000 0.000000 0.000000 0.000000 0.000000 0.000000 0.000000 0.000000 0.000000 0.000000 0.000000 0.000000 0.000000 1.000000 0.000000 0.000000 0.000000 0.000000 0.000000 14.488887 0.000000 0.000000 -5.000000 0.000000 0.000000 0.000000 0.000000 0.000000 0.000000 0.000000 0.000000 -14.488887 0.000000 0.000000 -5.000000 0.000000 0.000000 0.000000 0.000000 0.000000 -24.148146 0.000000 0.000000 0.000000 0.000000 0.000000 -9.992704 0.000000 0.000000 0.000000 0.000000 0.000000 24.148146 0.000000 0.000000 -38.637033 0.000000 0.000000 9.992704 0.000000 0.000000 0.000000 
-1.661503 107.130577 310.518395 -3.000000 0.000000 0.000000 2.000000 0.000000 0.000000 0.000000 0.000000 0.000000 0.000000 0.000000 0.000000 0.000000 0.000000 0.000000 0.000000 0.000000 0.000000 0.000000 0.000000 0.000000 0.000000 0.000000 15.000000 0.000000 0.000000 -5.000000 0.000000 0.000000 0.000000 0.000000 0.000000 0.000000 0.000000 0.000000 -15.000000 0.000000 0.000000 -5.000000 0.000000 0.000000 0.000000 0.000000 0.000000 -25.000000 0.000000 0.000000 0.000000 0.000000 0.000000 -9.553365 0.000000 0.000000 0.000000 0.000000 0.000000 25.000000 0.000000 0.000000 -40.000000 0.000000 0.000000 9.553365 0.000000 0.000000 0.000000 
-1.610392 107.096503 312.187848 -2.897777 0.000000 0.000000 1.931852 0.000000 0.000000 0.000000 0.000000 0.000000 0.000000 0.000000 0.000000 0.000000 0.000000 0.000000 0.000000 0.000000 -1.000000 0.000000 0.000000 0.000000 0.000000 0.000000 14.488887 0.000000 0.000000 -5.000000 0.000000 0.000000 0.000000 0.000000 0.000000 0.000000 0.000000 0.000000 -14.488887 0.000000 0.000000 -5.000000 0.000000 0.000000 0.000000 0.000000 0.000000 -24.148146 0.000000 0.000000 0.000000 0.000000 0.000000 -8.462979 0.000000 0.000000 0.000000 0.000000 0.000000 24.148146 0.000000 0.000000 -38.637033 0.000000 0.000000 8.462979 0.000000 0.000000 0.000000 
-1.460541 106.996602 313.857302 -2.598076 0.000000 0.000000 1.732051 0.000000 0.000000 0.000000 0.000000 0.000000 0.000000 0.000000 0.000000 0.000000 0.000000 0.000000 0.000000 0.000000 -1.732051 0.000000 0.000000 0.000000 0.000000 0.000000 12.990381 0.000000 0.000000 -5.000000 0.000000 0.000000 0.000000 0.000000 0.000000 0.000000 0.000000 0.000000 -12.990381 0.000000 0.000000 -5.000000 0.000000 0.000000 0.000000 0.000000 0.000000 -21.650635 0.000000 0.000000 0.000000 0.000000 0.000000 -6.795856 0.000000 0.000000 0.000000 0.000000 0.000000 21.650635 0.000000 0.000000 -34.641016 0.000000 0.000000 6.795856 0.000000 0.000000 0.000000 
-1.222163 106.837684 315.526756 -2.121320 0.000000 0.000000 1.414214 0.000000 0.000000 0.000000 0.000000 0.000000 0.000000 0.000000 0.000000 0.000000 0.000000 0.000000 0.000000 0.000000 -2.000000 0.000000 0.000000 0.000000 0.000000 0.000000 10.606602 0.000000 0.000000 -5.000000 0.000000 0.000000 0.000000 0.000000 0.000000 0.000000 0.000000 0.000000 -10.606602 0.000000 0.000000 -5.000000 0.000000 0.000000 0.000000 0.000000 0.000000 -17.677670 0.000000 0.000000 0.000000 0.000000 0.000000 -4.665606 0.000000 0.000000 0.000000 0.000000 0.000000 17.677670 0.000000 0.000000 -28.284271 0.000000 0.000000 4.665606 0.000000 0.000000 0.000000 
-0.911503 106.630577 317.196210 -1.500000 0.000000 0.000000 1.000000 0.000000 0.000000 0.000000 0.000000 0.000000 0.000000 0.000000 0.000000 0.000000 0.000000 0.000000 0.000000 0.000000 -1.732051 0.000000 0.000000 0.000000 0.000000 0.000000 7.500000 0.000000 0.000000 -5.000000 0.000000 0.000000 0.000000 0.000000 0.000000 0.000000 0.000000 0.000000 -7.500000 0.000000 0.000000 -5.000000 0.000000 0.000000 0.000000 0.000000 0.000000 -12.500000 0.000000 0.000000 0.000000 0.000000 0.000000 -2.217402 0.000000 0.000000 0.000000 0.000000 0.000000 12.500000 0.000000 0.000000 -20.000000 0.000000 0.000000 2.217402 0.000000 0.000000 0.000000 
-0.549732 106.389396 318.865663 -0.776457 0.000000 0.000000 0.517638 0.000000 0.000000 0.000000 0.000000 0.000000 0.000000 0.000000 0.000000 0.000000 0.000000 0.000000 0.000000 0.000000 -1.000000 0.000000 0.000000 0.000000 0.000000 0.000000 3.882286 0.000000 0.000000 -5.000000 0.000000 0.000000 0.000000 0.000000 0.000000 0.000000 0.000000 0.000000 -3.882286 0.000000 0.000000 -5.000000 0.000000 0.000000 0.000000 0.000000 0.000000 -6.470476 0.000000 0.000000 0.000000 0.000000 0.000000 0.381913 0.000000 0.000000 0.000000 0.000000 0.000000 6.470476 0.000000 0.000000 -10.352762 0.000000 0.000000 -0.381913 0.000000 0.000000 0.000000 
-0.161503 106.130577 320.535117 -0.000000 0.000000 0.000000 0.000000 0.000000 0.000000 0.000000 0.000000 0.000000 0.000000 0.000000 0.000000 0.000000 0.000000 0.000000 0.000000 0.000000 -0.000000 0.000000 0.000000 0.000000 0.000000 0.000000 -0.000000 0.000000 0.000000 -5.000000 0.000000 0.000000 0.000000 0.000000 0.000000 0.000000 0.000000 0.000000 -0.000000 0.000000 0.000000 -5.000000 0.000000 0.000000 0.000000 0.000000 0.000000 -0.000000 0.000000 0.000000 0.000000 0.000000 0.000000 2.955202 0.000000 0.000000 0.000000 0.000000 0.000000 -0.000000 0.000000 0.000000 0.000000 0.000000 0.000000 -2.955202 0.000000 0.000000 0.000000 
0.226726 106.389396 322.204571 0.776457 0.000000 0.000000 -0.517638 0.000000 0.000000 0.000000 0.000000 0.000000 0.000000 0.000000 0.000000 0.000000 0.000000 0.000000 0.000000 0.000000 1.000000 0.000000 0.000000 0.000000 0.000000 0.000000 -3.882286 0.000000 0.000000 -5.000000 0.000000 0.000000 0.000000 0.000000 0.000000 0.000000 0.000000 0.000000 3.882286 0.000000 0.000000 -5.000000 0.000000 0.000000 0.000000 0.000000 0.000000 6.470476 0.000000 0.000000 -10.352762 0.000000 0.000000 5.327099 0.000000 0.000000 0.000000 0.000000 0.000000 -6.470476 0.000000 0.000000 0.000000 0.000000 0.000000 -5.327099 0.000000 0.000000 0.000000 
0.588497 106.630577 323.874025 1.500000 0.000000 0.000000 -1.000000 0.000000 0.000000 0.000000 0.000000 0.000000 0.000000 0.000000 0.000000 0.000000 0.000000 0.000000 0.000000 0.000000 1.732051 0.000000 0.000000 0.000000 0.000000 0.000000 -7.500000 0.000000 0.000000 -5.000000 0.000000 0.000000 0.000000 0.000000 0.000000 0.000000 0.000000 0.000000 7.500000 0.000000 0.000000 -5.000000 0.000000 0.000000 0.000000 0.000000 0.000000 12.500000 0.000000 0.000000 -20.000000 0.000000 0.000000 7.335963 0.000000 0.000000 0.000000 0.000000 0.000000 -12.500000 0.000000 0.000000 0.000000 0.000000 0.000000 -7.335963 0.000000 0.000000 0.000000 
0.899157 106.837684 325.543478 2.121320 0.000000 0.000000 -1.414214 0.000000 0.000000 0.000000 0.000000 0.000000 0.000000 0.000000 0.000000 0.000000 0.000000 0.000000 0.000000 0.000000 2.000000 0.000000 0.000000 0.000000 0.000000 0.000000 -10.606602 0.000000 0.000000 -5.000000 0.000000 0.000000 0.000000 0.000000 0.000000 0.000000 0.000000 0.000000 10.606602 0.000000 0.000000 -5.000000 0.000000 0.000000 0.000000 0.000000 0.000000 17.677670 0.000000 0.000000 -28.284271 0.000000 0.000000 8.844893 0.000000 0.000000 0.000000 0.000000 0.000000 -17.677670 0.000000 0.000000 0.000000 0.000000 0.000000 -8.844893 0.000000 0.000000 0.000000 
1.137535 106.996602 327.212932 2.598076 0.000000 0.000000 -1.732051 0.000000 0.000000 0.000000 0.000000 0.000000 0.000000 0.000000 0.000000 0.000000 0.000000 0.000000 0.000000 0.000000 1.732051 0.000000 0.000000 0.000000 0.000000 0.000000 -12.990381 0.000000 0.000000 -5.000000 0.000000 0.000000 0.000000 0.000000 0.000000 0.000000 0.000000 0.000000 12.990381 0.000000 0.000000 -5.000000 0.000000 0.000000 0.000000 0.000000 0.000000 21.650635 0.000000 0.000000 -34.641016 0.000000 0.000000 9.751058 0.000000 0.000000 0.000000 0.000000 0.000000 -21.650635 0.000000 0.000000 0.000000 0.000000 0.000000 -9.751058 0.000000 0.000000 0.000000 
1.287386 107.096503 328.882386 2.897777 0.000000 0.000000 -1.931852 0.000000 0.000000 0.000000 0.000000 0.000000 0.000000 0.000000 0.000000 0.000000 0.000000 0.000000 0.000000 0.000000 1.000000 0.000000 0.000000 0.000000 0.000000 0.000000 -14.488887 0.000000 0.000000 -5.000000 0.000000 0.000000 0.000000 0.000000 0.000000 0.000000 0.000000 0.000000 14.488887 0.000000 0.000000 -5.000000 0.000000 0.000000 0.000000 0.000000 0.000000 24.148146 0.000000 0.000000 -38.637033 0.000000 0.000000 9.992704 0.000000 0.000000 0.000000 0.000000 0.000000 -24.148146 0.000000 0.000000 0.000000 0.000000 0.000000 -9.992704 0.000000 0.000000 0.000000 
1.338497 107.130577 330.551839 3.000000 0.000000 0.000000 -2.000000 0.000000 0.000000 0.000000 0.000000 0.000000 0.000000 0.000000 0.000000 0.000000 0.000000 0.000000 0.000000 0.000000 0.000000 0.000000 0.000000 0.000000 0.000000 0.000000 -15.000000 0.000000 0.000000 -5.000000 0.000000 0.000000 0.000000 0.000000 0.000000 0.000000 0.000000 0.000000 15.000000 0.000000 0.000000 -5.000000 0.000000 0.000000 0.000000 0.000000 0.000000 25.000000 0.000000 0.000000 -40.000000 0.000000 0.000000 9.553365 0.000000 0.000000 0.000000 0.000000 0.000000 -25.000000 0.000000 0.000000 0.000000 0.000000 0.000000 -9.553365 0.000000 0.000000 0.000000 
1.287386 107.096503 332.221293 2.897777 0.000000 0.000000 -1.931852 0.000000 0.000000 0.000000 0.000000 0.000000 0.000000 0.000000 0.000000 0.000000 0.000000 0.000000 0.000000 0.000000 -1.000000 0.000000 0.000000 0.000000 0.000000 0.000000 -14.488887 0.000000 0.000000 -5.000000 0.000000 0.000000 0.000000 0.000000 0.000000 0.000000 0.000000 0.000000 14.488887 0.000000 0.000000 -5.000000 0.000000 0.000000 0.000000 0.000000 0.000000 24.148146 0.000000 0.000000 -38.637033 0.000000 0.000000 8.462979 0.000000 0.000000 0.000000 0.000000 0.000000 -24.148146 0.000000 0.000000 0.000000 0.000000 0.000000 -8.462979 0.000000 0.000000 0.000000 
1.137535 106.996602 333.890747 2.598076 0.000000 0.000000 -1.732051 0.000000 0.000000 0.000000 0.000000 0.000000 0.000000 0.000000 0.000000 0.000000 0.000000 0.000000 0.000000 0.000000 -1.732051 0.000000 0.000000 0.000000 0.000000 0.000000 -12.990381 0.000000 0.000000 -5.000000 0.000000 0.000000 0.000000 0.000000 0.000000 0.000000 0.000000 0.000000 12.990381 0.000000 0.000000 -5.000000 0.000000 0.000000 0.000000 0.000000 0.000000 21.650635 0.000000 0.000000 -34.641016 0.000000 0.000000 6.795856 0.000000 0.000000 0.000000 0.000000 0.000000 -21.650635 0.000000 0.000000 0.000000 0.000000 0.000000 -6.795856 0.000000 0.000000 0.000000 
0.899157 106.837684 335.560201 2.121320 0.000000 0.000000 -1.414214 0.000000 0.000000 0.000000 0.000000 0.000000 0.000000 0.000000 0.000000 0.000000 0.000000 0.000000 0.000000 0.000000 -2.000000 0.000000 0.000000 0.000000 0.000000 0.000000 -10.606602 0.000000 0.000000 -5.000000 0.000000 0.000000 0.000000 0.000000 0.000000 0.000000 0.000000 0.000000 10.606602 0.000000 0.000000 -5.000000 0.000000 0.000000 0.000000 0.000000 0.000000 17.677670 0.000000 0.000000 -28.284271 0.000000 0.000000 4.665606 0.000000 0.000000 0.000000 0.000000 0.000000 -17.677670 0.000000 0.000000 0.000000 0.000000 0.000000 -4.665606 0.000000 0.000000 0.000000 
0.588497 106.630577 337.229654 1.500000 0.000000 0.000000 -1.000000 0.000000 0.000000 0.000000 0.000000 0.000000 0.000000 0.000000 0.000000 0.000000 0.000000 0.000000 0.000000 0.000000 -1.732051 0.000000 0.000000 0.000000 0.000000 0.000000 -7.500000 0.000000 0.000000 -5.000000 0.000000 0.000000 0.000000 0.000000 0.000000 0.000000 0.000000 0.000000 7.500000 0.000000 0.000000 -5.000000 0.000000 0.000000 0.000000 0.000000 0.000000 12.500000 0.000000 0.000000 -20.000000 0.000000 0.000000 2.217402 0.000000 0.000000 0.000000 0.000000 0.000000 -12.500000 0.000000 0.000000 0.000000 0.000000 0.000000 -2.217402 0.000000 0.000000 0.000000 
0.226726 106.389396 338.899108 0.776457 0.000000 0.000000 -0.517638 0.000000 0.000000 0.000000 0.000000 0.000000 0.000000 0.000000 0.000000 0.000000 0.000000 0.000000 0.000000 0.000000 -1.000000 0.000000 0.000000 0.000000 0.000000 0.000000 -3.882286 0.000000 0.000000 -5.000000 0.000000 0.000000 0.000000 0.000000 0.000000 0.000000 0.000000 0.000000 3.882286 0.000000 0.000000 -5.000000 0.000000 0.000000 0.000000 0.000000 0.000000 6.470476 0.000000 0.000000 -10.352762 0.000000 0.000000 -0.381913 0.000000 0.000000 0.000000 0.000000 0.000000 -6.470476 0.000000 0.000000 0.000000 0.000000 0.000000 0.381913 0.000000 0.000000 0.000000 
-0.161503 106.130577 340.568562 0.000000 0.000000 0.000000 -0.000000 0.000000 0.000000 0.000000 0.000000 0.000000 0.000000 0.000000 0.000000 0.000000 0.000000 0.000000 0.000000 0.000000 -0.000000 0.000000 0.000000 0.000000 0.000000 0.000000 -0.000000 0.000000 0.000000 -5.000000 0.000000 0.000000 0.000000 0.000000 0.000000 0.000000 0.000000 0.000000 0.000000 0.000000 0.000000 -5.000000 0.000000 0.000000 0.000000 0.000000 0.000000 0.000000 0.000000 0.000000 -0.000000 0.000000 0.000000 -2.955202 0.000000 0.000000 0.000000 0.000000 0.000000 -0.000000 0.000000 0.000000 0.000000 0.000000 0.000000 2.955202 0.000000 0.000000 0.000000 
-0.549732 106.389396 342.238016 -0.776457 0.000000 0.000000 0.517638 0.000000 0.000000 0.000000 0.000000 0.000000 0.000000 0.000000 0.000000 0.000000 0.000000 0.000000 0.000000 0.000000 1.000000 0.000000 0.000000 0.000000 0.000000 0.000000 3.882286 0.000000 0.000000 -5.000000 0.000000 0.000000 0.000000 0.000000 0.000000 0.000000 0.000000 0.000000 -3.882286 0.000000 0.000000 -5.000000 0.000000 0.000000 0.000000 0.000000 0.000000 -6.470476 0.000000 0.000000 0.000000 0.000000 0.000000 -5.327099 0.000000 0.000000 0.000000 0.000000 0.000000 6.470476 0.000000 0.000000 -10.352762 0.000000 0.000000 5.327099 0.000000 0.000000 0.000000 
-0.911503 106.630577 343.907469 -1.500000 0.000000 0.000000 1.000000 0.000000 0.000000 0.000000 0.000000 0.000000 0.000000 0.000000 0.000000 0.000000 0.000000 0.000000 0.000000 0.000000 1.732051 0.000000 0.000000 0.000000 0.000000 0.000000 7.500000 0.000000 0.000000 -5.000000 0.000000 0.000000 0.000000 0.000000 0.000000 0.000000 0.000000 0.000000 -7.500000 0.000000 0.000000 -5.000000 0.000000 0.000000 0.000000 0.000000 0.000000 -12.500000 0.000000 0.000000 0.000000 0.000000 0.000000 -7.335963 0.000000 0.000000 0.000000 0.000000 0.000000 12.500000 0.000000 0.000000 -20.000000 0.000000 0.000000 7.335963 0.000000 0.000000 0.000000 
-1.222163 106.837684 345.576923 -2.121320 0.000000 0.000000 1.414214 0.000000 0.000000 0.000000 0.000000 0.000000 0.000000 0.000000 0.000000 0.000000 0.000000 0.000000 0.000000 0.000000 2.000000 0.000000 0.000000 0.000000 0.000000 0.000000 10.606602 0.000000 0.000000 -5.000000 0.000000 0.000000 0.000000 0.000000 0.000000 0.000000 0.000000 0.000000 -10.606602 0.000000 0.000000 -5.000000 0.000000 0.000000 0.000000 0.000000 0.000000 -17.677670 0.000000 0.000000 0.000000 0.000000 0.000000 -8.844893 0.000000 0.000000 0.000000 0.000000 0.000000 17.677670 0.000000 0.000000 -28.284271 0.000000 0.000000 8.844893 0.000000 0.000000 0.000000 
-1.460541 106.996602 347.246377 -2.598076 0.000000 0.000000 1.732051 0.000000 0.000000 0.000000 0.000000 0.000000 0.000000 0.000000 0.000000 0.000000 0.000000 0.000000 0.000000 0.000000 1.732051 0.000000 0.000000 0.000000 0.000000 0.000000 12.990381 0.000000 0.000000 -5.000000 0.000000 0.000000 0.000000 0.000000 0.000000 0.000000 0.000000 0.000000 -12.990381 0.000000 0.000000 -5.000000 0.000000 0.000000 0.000000 0.000000 0.000000 -21.650635 0.000000 0.000000 0.000000 0.000000 0.000000 -9.751058 0.000000 0.000000 0.000000 0.000000 0.000000 21.650635 0.000000 0.000000 -34.641016 0.000000 0.000000 9.751058 0.000000 0.000000 0.000000 
-1.610392 107.096503 348.915831 -2.897777 0.000000 0.000000 1.931852 0.000000 0.000000 0.000000 0.000000 0.000000 0.000000 0.000000 0.000000 0.000000 0.000000 0.000000 0.000000 0.000000 1.000000 0.000000 0.000000 0.000000 0.000000 0.000000 14.488887 0.000000 0.000000 -5.000000 0.000000 0.000000 0.000000 0.000000 0.000000 0.000000 0.000000 0.000000 -14.488887 0.000000 0.000000 -5.000000 0.000000 0.000000 0.000000 0.000000 0.000000 -24.148146 0.000000 0.000000 0.000000 0.000000 0.000000 -9.992704 0.000000 0.000000 0.000000 0.000000 0.000000 24.148146 0.000000 0.000000 -38.637033 0.000000 0.000000 9.992704 0.000000 0.000000 0.000000 
-1.661503 107.130577 350.585284 -3.000000 0.000000 0.000000 2.000000 0.000000 0.000000 0.000000 0.000000 0.000000 0.000000 0.000000 0.000000 0.000000 0.000000 0.000000 0.000000 0.000000 0.000000 0.000000 0.000000 0.000000 0.000000 0.000000 15.000000 0.000000 0.000000 -5.000000 0.000000 0.000000 0.000000 0.000000 0.000000 0.000000 0.000000 0.000000 -15.000000 0.000000 0.000000 -5.000000 0.000000 0.000000 0.000000 0.000000 0.000000 -25.000000 0.000000 0.000000 0.000000 0.000000 0.000000 -9.553365 0.000000 0.000000 0.000000 0.000000 0.000000 25.000000 0.000000 0.000000 -40.000000 0.000000 0.000000 9.553365 0.000000 0.000000 0.000000 
-1.610392 107.096503 352.254738 -2.897777 0.000000 0.000000 1.931852 0.000000 0.000000 0.000000 0.000000 0.000000 0.000000 0.000000 0.000000 0.000000 0.000000 0.000000 0.000000 0.000000 -1.000000 0.000000 0.000000 0.000000 0.000000 0.000000 14.488887 0.000000 0.000000 -5.000000 0.000000 0.000000 0.000000 0.000000 0.000000 0.000000 0.000000 0.000000 -14.488887 0.000000 0.000000 -5.000000 0.000000 0.000000 0.000000 0.000000 0.000000 -24.148146 0.000000 0.000000 0.000000 0.000000 0.000000 -8.462979 0.000000 0.000000 0.000000 0.000000 0.000000 24.148146 0.000000 0.000000 -38.637033 0.000000 0.000000 8.462979 0.000000 0.000000 0.000000 
-1.460541 106.996602 353.924192 -2.598076 0.000000 0.000000 1.732051 0.000000 0.000000 0.000000 0.000000 0.000000 0.000000 0.000000 0.000000 0.000000 0.000000 0.000000 0.000000 0.000000 -1.732051 0.000000 0.000000 0.000000 0.000000 0.000000 12.990381 0.000000 0.000000 -5.000000 0.000000 0.000000 0.000000 0.000000 0.000000 0.000000 0.000000 0.000000 -12.990381 0.000000 0.000000 -5.000000 0.000000 0.000000 0.000000 0.000000 0.000000 -21.650635 0.000000 0.000000 0.000000 0.000000 0.000000 -6.795856 0.000000 0.000000 0.000000 0.000000 0.000000 21.650635 0.000000 0.000000 -34.641016 0.000000 0.000000 6.795856 0.000000 0.000000 0.000000 
-1.222163 106.837684 355.593645 -2.121320 0.000000 0.000000 1.414214 0.000000 0.000000 0.000000 0.000000 0.000000 0.000000 0.000000 0.000000 0.000000 0.000000 0.000000 0.000000 0.000000 -2.000000 0.000000 0.000000 0.000000 0.000000 0.000000 10.606602 0.000000 0.000000 -5.000000 0.000000 0.000000 0.000000 0.000000 0.000000 0.000000 0.000000 0.000000 -10.606602 0.000000 0.000000 -5.000000 0.000000 0.000000 0.000000 0.000000 0.000000 -17.677670 0.000000 0.000000 0.000000 0.000000 0.000000 -4.665606 0.000000 0.000000 0.000000 0.000000 0.000000 17.677670 0.000000 0.000000 -28.284271 0.000000 0.000000 4.665606 0.000000 0.000000 0.000000 
-0.911503 106.630577 357.263099 -1.500000 0.000000 0.000000 1.000000 0.000000 0.000000 0.000000 0.000000 0.000000 0.000000 0.000000 0.000000 0.000000 0.000000 0.000000 0.000000 0.000000 -1.732051 0.000000 0.000000 0.000000 0.000000 0.000000 7.500000 0.000000 0.000000 -5.000000 0.000000 0.000000 0.000000 0.000000 0.000000 0.000000 0.000000 0.000000 -7.500000 0.000000 0.000000 -5.000000 0.000000 0.000000 0.000000 0.000000 0.000000 -12.500000 0.000000 0.000000 0.000000 0.000000 0.000000 -2.217402 0.000000 0.000000 0.000000 0.000000 0.000000 12.500000 0.000000 0.000000 -20.000000 0.000000 0.000000 2.217402 0.000000 0.000000 0.000000 
-0.549732 106.389396 358.932553 -0.776457 0.000000 0.000000 0.517638 0.000000 0.000000 0.000000 0.000000 0.000000 0.000000 0.000000 0.000000 0.000000 0.000000 0.000000 0.000000 0.000000 -1.000000 0.000000 0.000000 0.000000 0.000000 0.000000 3.882286 0.000000 0.000000 -5.000000 0.000000 0.000000 0.000000 0.000000 0.000000 0.000000 0.000000 0.000000 -3.882286 0.000000 0.000000 -5.000000 0.000000 0.000000 0.000000 0.000000 0.000000 -6.470476 0.000000 0.000000 0.000000 0.000000 0.000000 0.381913 0.000000 0.000000 0.000000 0.000000 0.000000 6.470476 0.000000 0.000000 -10.352762 0.000000 0.000000 -0.381913 0.000000 0.000000 0.000000 
-0.161503 106.130577 360.602007 -0.000000 0.000000 0.000000 0.000000 0.000000 0.000000 0.000000 0.000000 0.000000 0.000000 0.000000 0.000000 0.000000 0.000000 0.000000 0.000000 0.000000 -0.000000 0.000000 0.000000 0.000000 0.000000 0.000000 0.000000 0.000000 0.000000 -5.000000 0.000000 0.000000 0.000000 0.000000 0.000000 0.000000 0.000000 0.000000 -0.000000 0.000000 0.000000 -5.000000 0.000000 0.000000 0.000000 0.000000 0.000000 -0.000000 0.000000 0.000000 0.000000 0.000000 0.000000 2.955202 0.000000 0.000000 0.000000 0.000000 0.000000 0.000000 0.000000 0.000000 -0.000000 0.000000 0.000000 -2.955202 0.000000 0.000000 0.000000 
0.226726 106.389396 362.271460 0.776457 0.000000 0.000000 -0.517638 0.000000 0.000000 0.000000 0.000000 0.000000 0.000000 0.000000 0.000000 0.000000 0.000000 0.000000 0.000000 0.000000 1.000000 0.000000 0.000000 0.000000 0.000000 0.000000 -3.882286 0.000000 0.000000 -5.000000 0.000000 0.000000 0.000000 0.000000 0.000000 0.000000 0.000000 0.000000 3.882286 0.000000 0.000000 -5.000000 0.000000 0.000000 0.000000 0.000000 0.000000 6.470476 0.000000 0.000000 -10.352762 0.000000 0.000000 5.327099 0.000000 0.000000 0.000000 0.000000 0.000000 -6.470476 0.000000 0.000000 0.000000 0.000000 0.000000 -5.327099 0.000000 0.000000 0.000000 
0.588497 106.630577 363.940914 1.500000 0.000000 0.000000 -1.000000 0.000000 0.000000 0.000000 0.000000 0.000000 0.000000 0.000000 0.000000 0.000000 0.000000 0.000000 0.000000 0.000000 1.732051 0.000000 0.000000 0.000000 0.000000 0.000000 -7.500000 0.000000 0.000000 -5.000000 0.000000 0.000000 0.000000 0.000000 0.000000 0.000000 0.000000 0.000000 7.500000 0.000000 0.000000 -5.000000 0.000000 0.000000 0.000000 0.000000 0.000000 12.500000 0.000000 0.000000 -20.000000 0.000000 0.000000 7.335963 0.000000 0.000000 0.000000 0.000000 0.000000 -12.500000 0.000000 0.000000 0.000000 0.000000 0.000000 -7.335963 0.000000 0.000000 0.000000 
0.899157 106.837684 365.610368 2.121320 0.000000 0.000000 -1.414214 0.000000 0.000000 0.000000 0.000000 0.000000 0.000000 0.000000 0.000000 0.000000 0.000000 0.000000 0.000000 0.000000 2.000000 0.000000 0.000000 0.000000 0.000000 0.000000 -10.606602 0.000000 0.000000 -5.000000 0.000000 0.000000 0.000000 0.000000 0.000000 0.000000 0.000000 0.000000 10.606602 0.000000 0.000000 -5.000000 0.000000 0.000000 0.000000 0.000000 0.000000 17.677670 0.000000 0.000000 -28.284271 0.000000 0.000000 8.844893 0.000000 0.000000 0.000000 0.000000 0.000000 -17.677670 0.000000 0.000000 0.000000 0.000000 0.000000 -8.844893 0.000000 0.000000 0.000000 
1.137535 106.996602 367.279822 2.598076 0.000000 0.000000 -1.732051 0.000000 0.000000 0.000000 0.000000 0.000000 0.000000 0.000000 0.000000 0.000000 0.000000 0.000000 0.000000 0.000000 1.732051 0.000000 0.000000 0.000000 0.000000 0.000000 -12.990381 0.000000 0.000000 -5.000000 0.000000 0.000000 0.000000 0.000000 0.000000 0.000000 0.000000 0.000000 12.990381 0.000000 0.000000 -5.000000 0.000000 0.000000 0.000000 0.000000 0.000000 21.650635 0.000000 0.000000 -34.641016 0.000000 0.000000 9.751058 0.000000 0.000000 0.000000 0.000000 0.000000 -21.650635 0.000000 0.000000 0.000000 0.000000 0.000000 -9.751058 0.000000 0.000000 0.000000 
1.287386 107.096503 368.949275 2.897777 0.000000 0.000000 -1.931852 0.000000 0.000000 0.000000 0.000000 0.000000 0.000000 0.000000 0.000000 0.000000 0.000000 0.000000 0.000000 0.000000 1.000000 0.000000 0.000000 0.000000 0.000000 0.000000 -14.488887 0.000000 0.000000 -5.000000 0.000000 0.000000 0.000000 0.000000 0.000000 0.000000 0.000000 0.000000 14.488887 0.000000 0.000000 -5.000000 0.000000 0.000000 0.000000 0.000000 0.000000 24.148146 0.000000 0.000000 -38.637033 0.000000 0.000000 9.992704 0.000000 0.000000 0.000000 0.000000 0.000000 -24.148146 0.000000 0.000000 0.000000 0.000000 0.000000 -9.992704 0.000000 0.000000 0.000000 
1.338497 107.130577 370.618729 3.000000 0.000000 0.000000 -2.000000 0.000000 0.000000 0.000000 0.000000 0.000000 0.000000 0.000000 0.000000 0.000000 0.000000 0.000000 0.000000 0.000000 0.000000 0.000000 0.000000 0.000000 0.000000 0.000000 -15.000000 0.000000 0.000000 -5.000000 0.000000 0.000000 0.000000 0.000000 0.000000 0.000000 0.000000 0.000000 15.000000 0.000000 0.000000 -5.000000 0.000000 0.000000 0.000000 0.000000 0.000000 25.000000 0.000000 0.000000 -40.000000 0.000000 0.000000 9.553365 0.000000 0.000000 0.000000 0.000000 0.000000 -25.000000 0.000000 0.000000 0.000000 0.000000 0.000000 -9.553365 0.000000 0.000000 0.000000 
1.287386 107.096503 372.288183 2.897777 0.000000 0.000000 -1.931852 0.000000 0.000000 0.000000 0.000000 0.000000 0.000000 0.000000 0.000000 0.000000 0.000000 0.000000 0.000000 0.000000 -1.000000 0.000000 0.000000 0.000000 0.000000 0.000000 -14.488887 0.000000 0.000000 -5.000000 0.000000 0.000000 0.000000 0.000000 0.000000 0.000000 0.000000 0.000000 14.488887 0.000000 0.000000 -5.000000 0.000000 0.000000 0.000000 0.000000 0.000000 24.148146 0.000000 0.000000 -38.637033 0.000000 0.000000 8.462979 0.000000 0.000000 0.000000 0.000000 0.000000 -24.148146 0.000000 0.000000 0.000000 0.000000 0.000000 -8.462979 0.000000 0.000000 0.000000 
1.137535 106.996602 373.957637 2.598076 0.000000 0.000000 -1.732051 0.000000 0.000000 0.000000 0.000000 0.000000 0.000000 0.000000 0.000000 0.000000 0.000000 0.000000 0.000000 0.000000 -1.732051 0.000000 0.000000 0.000000 0.000000 0.000000 -12.990381 0.000000 0.000000 -5.000000 0.000000 0.000000 0.000000 0.000000 0.000000 0.000000 0.000000 0.000000 12.990381 0.000000 0.000000 -5.000000 0.000000 0.000000 0.000000 0.000000 0.000000 21.650635 0.000000 0.000000 -34.641016 0.000000 0.000000 6.795856 0.000000 0.000000 0.000000 0.000000 0.000000 -21.650635 0.000000 0.000000 0.000000 0.000000 0.000000 -6.795856 0.000000 0.000000 0.000000 
0.899157 106.837684 375.627090 2.121320 0.000000 0.000000 -1.414214 0.000000 0.000000 0.000000 0.000000 0.000000 0.000000 0.000000 0.000000 0.000000 0.000000 0.000000 0.000000 0.000000 -2.000000 0.000000 0.000000 0.000000 0.000000 0.000000 -10.606602 0.000000 0.000000 -5.000000 0.000000 0.000000 0.000000 0.000000 0.000000 0.000000 0.000000 0.000000 10.606602 0.000000 0.000000 -5.000000 0.000000 0.000000 0.000000 0.000000 0.000000 17.677670 0.000000 0.000000 -28.284271 0.000000 0.000000 4.665606 0.000000 0.000000 0.000000 0.000000 0.000000 -17.677670 0.000000 0.000000 0.000000 0.000000 0.000000 -4.665606 0.000000 0.000000 0.000000 
0.588497 106.630577 377.296544 1.500000 0.000000 0.000000 -1.000000 0.000000 0.000000 0.000000 0.000000 0.000000 0.000000 0.000000 0.000000 0.000000 0.000000 0.000000 0.000000 0.000000 -1.732051 0.000000 0.000000 0.000000 0.000000 0.000000 -7.500000 0.000000 0.000000 -5.000000 0.000000 0.000000 0.000000 0.000000 0.000000 0.000000 0.000000 0.000000 7.500000 0.000000 0.000000 -5.000000 0.000000 0.000000 0.000000 0.000000 0.000000 12.500000 0.000000 0.000000 -20.000000 0.000000 0.000000 2.217402 0.000000 0.000000 0.000000 0.000000 0.000000 -12.500000 0.000000 0.000000 0.000000 0.000000 0.000000 -2.217402 0.000000 0.000000 0.000000 
0.226726 106.389396 378.965998 0.776457 0.000000 0.000000 -0.517638 0.000000 0.000000 0.000000 0.000000 0.000000 0.000000 0.000000 0.000000 0.000000 0.000000 0.000000 0.000000 0.000000 -1.000000 0.000000 0.000000 0.000000 0.000000 0.000000 -3.882286 0.000000 0.000000 -5.000000 0.000000 0.000000 0.000000 0.000000 0.000000 0.000000 0.000000 0.000000 3.882286 0.000000 0.000000 -5.000000 0.000000 0.000000 0.000000 0.000000 0.000000 6.470476 0.000000 0.000000 -10.352762 0.000000 0.000000 -0.381913 0.000000 0.000000 0.000000 0.000000 0.000000 -6.470476 0.000000 0.000000 0.000000 0.000000 0.000000 0.381913 0.000000 0.000000 0.000000 
-0.161503 106.130577 380.635452 0.000000 0.000000 0.000000 -0.000000 0.000000 0.000000 0.000000 0.000000 0.000000 0.000000 0.000000 0.000000 0.000000 0.000000 0.000000 0.000000 0.000000 -0.000000 0.000000 0.000000 0.000000 0.000000 0.000000 -0.000000 0.000000 0.000000 -5.000000 0.000000 0.000000 0.000000 0.000000 0.000000 0.000000 0.000000 0.000000 0.000000 0.000000 0.000000 -5.000000 0.000000 0.000000 0.000000 0.000000 0.000000 0.000000 0.000000 0.000000 -0.000000 0.000000 0.000000 -2.955202 0.000000 0.000000 0.000000 0.000000 0.000000 -0.000000 0.000000 0.000000 0.000000 0.000000 0.000000 2.955202 0.000000 0.000000 0.000000 
-0.549732 106.389396 382.304905 -0.776457 0.000000 0.000000 0.517638 0.000000 0.000000 0.000000 0.000000 0.000000 0.000000 0.000000 0.000000 0.000000 0.000000 0.000000 0.000000 0.000000 1.000000 0.000000 0.000000 0.000000 0.000000 0.000000 3.882286 0.000000 0.000000 -5.000000 0.000000 0.000000 0.000000 0.000000 0.000000 0.000000 0.000000 0.000000 -3.882286 0.000000 0.000000 -5.000000 0.000000 0.000000 0.000000 0.000000 0.000000 -6.470476 0.000000 0.000000 0.000000 0.000000 0.000000 -5.327099 0.000000 0.000000 0.000000 0.000000 0.000000 6.470476 0.000000 0.000000 -10.352762 0.000000 0.000000 5.327099 0.000000 0.000000 0.000000 
-0.911503 106.630577 383.974359 -1.500000 0.000000 0.000000 1.000000 0.000000 0.000000 0.000000 0.000000 0.000000 0.000000 0.000000 0.000000 0.000000 0.000000 0.000000 0.000000 0.000000 1.732051 0.000000 0.000000 0.000000 0.000000 0.000000 7.500000 0.000000 0.000000 -5.000000 0.000000 0.000000 0.000000 0.000000 0.000000 0.000000 0.000000 0.000000 -7.500000 0.000000 0.000000 -5.000000 0.000000 0.000000 0.000000 0.000000 0.000000 -12.500000 0.000000 0.000000 0.000000 0.000000 0.000000 -7.335963 0.000000 0.000000 0.000000 0.000000 0.000000 12.500000 0.000000 0.000000 -20.000000 0.000000 0.000000 7.335963 0.000000 0.000000 0.000000 
-1.222163 106.837684 385.643813 -2.121320 0.000000 0.000000 1.414214 0.000000 0.000000 0.000000 0.000000 0.000000 0.000000 0.000000 0.000000 0.000000 0.000000 0.000000 0.000000 0.000000 2.000000 0.000000 0.000000 0.000000 0.000000 0.000000 10.606602 0.000000 0.000000 -5.000000 0.000000 0.000000 0.000000 0.000000 0.000000 0.000000 0.000000 0.000000 -10.606602 0.000000 0.000000 -5.000000 0.000000 0.000000 0.000000 0.000000 0.000000 -17.677670 0.000000 0.000000 0.000000 0.000000 0.000000 -8.844893 0.000000 0.000000 0.000000 0.000000 0.000000 17.677670 0.000000 0.000000 -28.284271 0.000000 0.000000 8.844893 0.000000 0.000000 0.000000 
-1.460541 106.996602 387.313266 -2.598076 0.000000 0.000000 1.732051 0.000000 0.000000 0.000000 0.000000 0.000000 0.000000 0.000000 0.000000 0.000000 0.000000 0.000000 0.000000 0.000000 1.732051 0.000000 0.000000 0.000000 0.000000 0.000000 12.990381 0.000000 0.000000 -5.000000 0.000000 0.000000 0.000000 0.000000 0.000000 0.000000 0.000000 0.000000 -12.990381 0.000000 0.000000 -5.000000 0.000000 0.000000 0.000000 0.000000 0.000000 -21.650635 0.000000 0.000000 0.000000 0.000000 0.000000 -9.751058 0.000000 0.000000 0.000000 0.000000 0.000000 21.650635 0.000000 0.000000 -34.641016 0.000000 0.000000 9.751058 0.000000 0.000000 0.000000 
-1.610392 107.096503 388.982720 -2.897777 0.000000 0.000000 1.931852 0.000000 0.000000 0.000000 0.000000 0.000000 0.000000 0.000000 0.000000 0.000000 0.000000 0.000000 0.000000 0.000000 1.000000 0.000000 0.000000 0.000000 0.000000 0.000000 14.488887 0.000000 0.000000 -5.000000 0.000000 0.000000 0.000000 0.000000 0.000000 0.000000 0.000000 0.000000 -14.488887 0.000000 0.000000 -5.000000 0.000000 0.000000 0.000000 0.000000 0.000000 -24.148146 0.000000 0.000000 0.000000 0.000000 0.000000 -9.992704 0.000000 0.000000 0.000000 0.000000 0.000000 24.148146 0.000000 0.000000 -38.637033 0.000000 0.000000 9.992704 0.000000 0.000000 0.000000 
-1.661503 107.130577 390.652174 -3.000000 0.000000 0.000000 2.000000 0.000000 0.000000 0.000000 0.000000 0.000000 0.000000 0.000000 0.000000 0.000000 0.000000 0.000000 0.000000 0.000000 0.000000 0.000000 0.000000 0.000000 0.000000 0.000000 15.000000 0.000000 0.000000 -5.000000 0.000000 0.000000 0.000000 0.000000 0.000000 0.000000 0.000000 0.000000 -15.000000 0.000000 0.000000 -5.000000 0.000000 0.000000 0.000000 0.000000 0.000000 -25.000000 0.000000 0.000000 0.000000 0.000000 0.000000 -9.553365 0.000000 0.000000 0.000000 0.000000 0.000000 25.000000 0.000000 0.000000 -40.000000 0.000000 0.000000 9.553365 0.000000 0.000000 0.000000 
-1.610392 107.096503 392.321628 -2.897777 0.000000 0.000000 1.931852 0.000000 0.000000 0.000000 0.000000 0.000000 0.000000 0.000000 0.000000 0.000000 0.000000 0.000000 0.000000 0.000000 -1.000000 0.000000 0.000000 0.000000 0.000000 0.000000 14.488887 0.000000 0.000000 -5.000000 0.000000 0.000000 0.000000 0.000000 0.000000 0.000000 0.000000 0.000000 -14.488887 0.000000 0.000000 -5.000000 0.000000 0.000000 0.000000 0.000000 0.000000 -24.148146 0.000000 0.000000 0.000000 0.000000 0.000000 -8.462979 0.000000 0.000000 0.000000 0.000000 0.000000 24.148146 0.000000 0.000000 -38.637033 0.000000 0.000000 8.462979 0.000000 0.000000 0.000000 
-1.460541 106.996602 393.991081 -2.598076 0.000000 0.000000 1.732051 0.000000 0.000000 0.000000 0.000000 0.000000 0.000000 0.000000 0.000000 0.000000 0.000000 0.000000 0.000000 0.000000 -1.732051 0.000000 0.000000 0.000000 0.000000 0.000000 12.990381 0.000000 0.000000 -5.000000 0.000000 0.000000 0.000000 0.000000 0.000000 0.000000 0.000000 0.000000 -12.990381 0.000000 0.000000 -5.000000 0.000000 0.000000 0.000000 0.000000 0.000000 -21.650635 0.000000 0.000000 0.000000 0.000000 0.000000 -6.795856 0.000000 0.000000 0.000000 0.000000 0.000000 21.650635 0.000000 0.000000 -34.641016 0.000000 0.000000 6.795856 0.000000 0.000000 0.000000 
-1.222163 106.837684 395.660535 -2.121320 0.000000 0.000000 1.414214 0.000000 0.000000 0.000000 0.000000 0.000000 0.000000 0.000000 0.000000 0.000000 0.000000 0.000000 0.000000 0.000000 -2.000000 0.000000 0.000000 0.000000 0.000000 0.000000 10.606602 0.000000 0.000000 -5.000000 0.000000 0.000000 0.000000 0.000000 0.000000 0.000000 0.000000 0.000000 -10.606602 0.000000 0.000000 -5.000000 0.000000 0.000000 0.000000 0.000000 0.000000 -17.677670 0.000000 0.000000 0.000000 0.000000 0.000000 -4.665606 0.000000 0.000000 0.000000 0.000000 0.000000 17.677670 0.000000 0.000000 -28.284271 0.000000 0.000000 4.665606 0.000000 0.000000 0.000000 
-0.911503 106.630577 397.329989 -1.500000 0.000000 0.000000 1.000000 0.000000 0.000000 0.000000 0.000000 0.000000 0.000000 0.000000 0.000000 0.000000 0.000000 0.000000 0.000000 0.000000 -1.732051 0.000000 0.000000 0.000000 0.000000 0.000000 7.500000 0.000000 0.000000 -5.000000 0.000000 0.000000 0.000000 0.000000 0.000000 0.000000 0.000000 0.000000 -7.500000 0.000000 0.000000 -5.000000 0.000000 0.000000 0.000000 0.000000 0.000000 -12.500000 0.000000 0.000000 0.000000 0.000000 0.000000 -2.217402 0.000000 0.000000 0.000000 0.000000 0.000000 12.500000 0.000000 0.000000 -20.000000 0.000000 0.000000 2.217402 0.000000 0.000000 0.000000 
-0.549732 106.389396 398.999443 -0.776457 0.000000 0.000000 0.517638 0.000000 0.000000 0.000000 0.000000 0.000000 0.000000 0.000000 0.000000 0.000000 0.000000 0.000000 0.000000 0.000000 -1.000000 0.000000 0.000000 0.000000 0.000000 0.000000 3.882286 0.000000 0.000000 -5.000000 0.000000 0.000000 0.000000 0.000000 0.000000 0.000000 0.000000 0.000000 -3.882286 0.000000 0.000000 -5.000000 0.000000 0.000000 0.000000 0.000000 0.000000 -6.470476 0.000000 0.000000 0.000000 0.000000 0.000000 0.381913 0.000000 0.000000 0.000000 0.000000 0.000000 6.470476 0.000000 0.000000 -10.352762 0.000000 0.000000 -0.381913 0.000000 0.000000 0.000000 
-0.161503 106.130577 400.668896 -0.000000 0.000000 0.000000 0.000000 0.000000 0.000000 0.000000 0.000000 0.000000 0.000000 0.000000 0.000000 0.000000 0.000000 0.000000 0.000000 0.000000 -0.000000 0.000000 0.000000 0.000000 0.000000 0.000000 -0.000000 0.000000 0.000000 -5.000000 0.000000 0.000000 0.000000 0.000000 0.000000 0.000000 0.000000 0.000000 -0.000000 0.000000 0.000000 -5.000000 0.000000 0.000000 0.000000 0.000000 0.000000 -0.000000 0.000000 0.000000 0.000000 0.000000 0.000000 2.955202 0.000000 0.000000 0.000000 0.000000 0.000000 -0.000000 0.000000 0.000000 0.000000 0.000000 0.000000 -2.955202 0.000000 0.000000 0.000000 
0.226726 106.389396 402.338350 0.776457 0.000000 0.000000 -0.517638 0.000000 0.000000 0.000000 0.000000 0.000000 0.000000 0.000000 0.000000 0.000000 0.000000 0.000000 0.000000 0.000000 1.000000 0.000000 0.000000 0.000000 0.000000 0.000000 -3.882286 0.000000 0.000000 -5.000000 0.000000 0.000000 0.000000 0.000000 0.000000 0.000000 0.000000 0.000000 3.882286 0.000000 0.000000 -5.000000 0.000000 0.000000 0.000000 0.000000 0.000000 6.470476 0.000000 0.000000 -10.352762 0.000000 0.000000 5.327099 0.000000 0.000000 0.000000 0.000000 0.000000 -6.470476 0.000000 0.000000 0.000000 0.000000 0.000000 -5.327099 0.000000 0.000000 0.000000 
0.588497 106.630577 404.007804 1.500000 0.000000 0.000000 -1.000000 0.000000 0.000000 0.000000 0.000000 0.000000 0.000000 0.000000 0.000000 0.000000 0.000000 0.000000 0.000000 0.000000 1.732051 0.000000 0.000000 0.000000 0.000000 0.000000 -7.500000 0.000000 0.000000 -5.000000 0.000000 0.000000 0.000000 0.000000 0.000000 0.000000 0.000000 0.000000 7.500000 0.000000 0.000000 -5.000000 0.000000 0.000000 0.000000 0.000000 0.000000 12.500000 0.000000 0.000000 -20.000000 0.000000 0.000000 7.335963 0.000000 0.000000 0.000000 0.000000 0.000000 -12.500000 0.000000 0.000000 0.000000 0.000000 0.000000 -7.335963 0.000000 0.000000 0.000000 
0.899157 106.837684 405.677258 2.121320 0.000000 0.000000 -1.414214 0.000000 0.000000 0.000000 0.000000 0.000000 0.000000 0.000000 0.000000 0.000000 0.000000 0.000000 0.000000 0.000000 2.000000 0.000000 0.000000 0.000000 0.000000 0.000000 -10.606602 0.000000 0.000000 -5.000000 0.000000 0.000000 0.000000 0.000000 0.000000 0.000000 0.000000 0.000000 10.606602 0.000000 0.000000 -5.000000 0.000000 0.000000 0.000000 0.000000 0.000000 17.677670 0.000000 0.000000 -28.284271 0.000000 0.000000 8.844893 0.000000 0.000000 0.000000 0.000000 0.000000 -17.677670 0.000000 0.000000 0.000000 0.000000 0.000000 -8.844893 0.000000 0.000000 0.000000 
1.137535 106.996602 407.346711 2.598076 0.000000 0.000000 -1.732051 0.000000 0.000000 0.000000 0.000000 0.000000 0.000000 0.000000 0.000000 0.000000 0.000000 0.000000 0.000000 0.000000 1.732051 0.000000 0.000000 0.000000 0.000000 0.000000 -12.990381 0.000000 0.000000 -5.000000 0.000000 0.000000 0.000000 0.000000 0.000000 0.000000 0.000000 0.000000 12.990381 0.000000 0.000000 -5.000000 0.000000 0.000000 0.000000 0.000000 0.000000 21.650635 0.000000 0.000000 -34.641016 0.000000 0.000000 9.751058 0.000000 0.000000 0.000000 0.000000 0.000000 -21.650635 0.000000 0.000000 0.000000 0.000000 0.000000 -9.751058 0.000000 0.000000 0.000000 
1.287386 107.096503 409.016165 2.897777 0.000000 0.000000 -1.931852 0.000000 0.000000 0.000000 0.000000 0.000000 0.000000 0.000000 0.000000 0.000000 0.000000 0.000000 0.000000 0.000000 1.000000 0.000000 0.000000 0.000000 0.000000 0.000000 -14.488887 0.000000 0.000000 -5.000000 0.000000 0.000000 0.000000 0.000000 0.000000 0.000000 0.000000 0.000000 14.488887 0.000000 0.000000 -5.000000 0.000000 0.000000 0.000000 0.000000 0.000000 24.148146 0.000000 0.000000 -38.637033 0.000000 0.000000 9.992704 0.000000 0.000000 0.000000 0.000000 0.000000 -24.148146 0.000000 0.000000 0.000000 0.000000 0.000000 -9.992704 0.000000 0.000000 0.000000 
1.338497 107.130577 410.685619 3.000000 0.000000 0.000000 -2.000000 0.000000 0.000000 0.000000 0.000000 0.000000 0.000000 0.000000 0.000000 0.000000 0.000000 0.000000 0.000000 0.000000 0.000000 0.000000 0.000000 0.000000 0.000000 0.000000 -15.000000 0.000000 0.000000 -5.000000 0.000000 0.000000 0.000000 0.000000 0.000000 0.000000 0.000000 0.000000 15.000000 0.000000 0.000000 -5.000000 0.000000 0.000000 0.000000 0.000000 0.000000 25.000000 0.000000 0.000000 -40.000000 0.000000 0.000000 9.553365 0.000000 0.000000 0.000000 0.000000 0.000000 -25.000000 0.000000 0.000000 0.000000 0.000000 0.000000 -9.553365 0.000000 0.000000 0.000000 
1.287386 107.096503 412.355072 2.897777 0.000000 0.000000 -1.931852 0.000000 0.000000 0.000000 0.000000 0.000000 0.000000 0.000000 0.000000 0.000000 0.000000 0.000000 0.000000 0.000000 -1.000000 0.000000 0.000000 0.000000 0.000000 0.000000 -14.488887 0.000000 0.000000 -5.000000 0.000000 0.000000 0.000000 0.000000 0.000000 0.000000 0.000000 0.000000 14.488887 0.000000 0.000000 -5.000000 0.000000 0.000000 0.000000 0.000000 0.000000 24.148146 0.000000 0.000000 -38.637033 0.000000 0.000000 8.462979 0.000000 0.000000 0.000000 0.000000 0.000000 -24.148146 0.000000 0.000000 0.000000 0.000000 0.000000 -8.462979 0.000000 0.000000 0.000000 
1.137535 106.996602 414.024526 2.598076 0.000000 0.000000 -1.732051 0.000000 0.000000 0.000000 0.000000 0.000000 0.000000 0.000000 0.000000 0.000000 0.000000 0.000000 0.000000 0.000000 -1.732051 0.000000 0.000000 0.000000 0.000000 0.000000 -12.990381 0.000000 0.000000 -5.000000 0.000000 0.000000 0.000000 0.000000 0.000000 0.000000 0.000000 0.000000 12.990381 0.000000 0.000000 -5.000000 0.000000 0.000000 0.000000 0.000000 0.000000 21.650635 0.000000 0.000000 -34.641016 0.000000 0.000000 6.795856 0.000000 0.000000 0.000000 0.000000 0.000000 -21.650635 0.000000 0.000000 0.000000 0.000000 0.000000 -6.795856 0.000000 0.000000 0.000000 
0.899157 106.837684 415.693980 2.121320 0.000000 0.000000 -1.414214 0.000000 0.000000 0.000000 0.000000 0.000000 0.000000 0.000000 0.000000 0.000000 0.000000 0.000000 0.000000 0.000000 -2.000000 0.000000 0.000000 0.000000 0.000000 0.000000 -10.606602 0.000000 0.000000 -5.000000 0.000000 0.000000 0.000000 0.000000 0.000000 0.000000 0.000000 0.000000 10.606602 0.000000 0.000000 -5.000000 0.000000 0.000000 0.000000 0.000000 0.000000 17.677670 0.000000 0.000000 -28.284271 0.000000 0.000000 4.665606 0.000000 0.000000 0.000000 0.000000 0.000000 -17.677670 0.000000 0.000000 0.000000 0.000000 0.000000 -4.665606 0.000000 0.000000 0.000000 
0.588497 106.630577 417.363434 1.500000 0.000000 0.000000 -1.000000 0.000000 0.000000 0.000000 0.000000 0.000000 0.000000 0.000000 0.000000 0.000000 0.000000 0.000000 0.000000 0.000000 -1.732051 0.000000 0.000000 0.000000 0.000000 0.000000 -7.500000 0.000000 0.000000 -5.000000 0.000000 0.000000 0.000000 0.000000 0.000000 0.000000 0.000000 0.000000 7.500000 0.000000 0.000000 -5.000000 0.000000 0.000000 0.000000 0.000000 0.000000 12.500000 0.000000 0.000000 -20.000000 0.000000 0.000000 2.217402 0.000000 0.000000 0.000000 0.000000 0.000000 -12.500000 0.000000 0.000000 0.000000 0.000000 0.000000 -2.217402 0.000000 0.000000 0.000000 
0.226726 106.389396 419.032887 0.776457 0.000000 0.000000 -0.517638 0.000000 0.000000 0.000000 0.000000 0.000000 0.000000 0.000000 0.000000 0.000000 0.000000 0.000000 0.000000 0.000000 -1.000000 0.000000 0.000000 0.000000 0.000000 0.000000 -3.882286 0.000000 0.000000 -5.000000 0.000000 0.000000 0.000000 0.000000 0.000000 0.000000 0.000000 0.000000 3.882286 0.000000 0.000000 -5.000000 0.000000 0.000000 0.000000 0.000000 0.000000 6.470476 0.000000 0.000000 -10.352762 0.000000 0.000000 -0.381913 0.000000 0.000000 0.000000 0.000000 0.000000 -6.470476 0.000000 0.000000 0.000000 0.000000 0.000000 0.381913 0.000000 0.000000 0.000000 
-0.161503 106.130577 420.702341 0.000000 0.000000 0.000000 -0.000000 0.000000 0.000000 0.000000 0.000000 0.000000 0.000000 0.000000 0.000000 0.000000 0.000000 0.000000 0.000000 0.000000 -0.000000 0.000000 0.000000 0.000000 0.000000 0.000000 -0.000000 0.000000 0.000000 -5.000000 0.000000 0.000000 0.000000 0.000000 0.000000 0.000000 0.000000 0.000000 0.000000 0.000000 0.000000 -5.000000 0.000000 0.000000 0.000000 0.000000 0.000000 0.000000 0.000000 0.000000 -0.000000 0.000000 0.000000 -2.955202 0.000000 0.000000 0.000000 0.000000 0.000000 -0.000000 0.000000 0.000000 0.000000 0.000000 0.000000 2.955202 0.000000 0.000000 0.000000 
-0.549732 106.389396 422.371795 -0.776457 0.000000 0.000000 0.517638 0.000000 0.000000 0.000000 0.000000 0.000000 0.000000 0.000000 0.000000 0.000000 0.000000 0.000000 0.000000 0.000000 1.000000 0.000000 0.000000 0.000000 0.000000 0.000000 3.882286 0.000000 0.000000 -5.000000 0.000000 0.000000 0.000000 0.000000 0.000000 0.000000 0.000000 0.000000 -3.882286 0.000000 0.000000 -5.000000 0.000000 0.000000 0.000000 0.000000 0.000000 -6.470476 0.000000 0.000000 0.000000 0.000000 0.000000 -5.327099 0.000000 0.000000 0.000000 0.000000 0.000000 6.470476 0.000000 0.000000 -10.352762 0.000000 0.000000 5.327099 0.000000 0.000000 0.000000 
-0.911503 106.630577 424.041249 -1.500000 0.000000 0.000000 1.000000 0.000000 0.000000 0.000000 0.000000 0.000000 0.000000 0.000000 0.000000 0.000000 0.000000 0.000000 0.000000 0.000000 1.732051 0.000000 0.000000 0.000000 0.000000 0.000000 7.500000 0.000000 0.000000 -5.000000 0.000000 0.000000 0.000000 0.000000 0.000000 0.000000 0.000000 0.000000 -7.500000 0.000000 0.000000 -5.000000 0.000000 0.000000 0.000000 0.000000 0.000000 -12.500000 0.000000 0.000000 0.000000 0.000000 0.000000 -7.335963 0.000000 0.000000 0.000000 0.000000 0.000000 12.500000 0.000000 0.000000 -20.000000 0.000000 0.000000 7.335963 0.000000 0.000000 0.000000 
-1.222163 106.837684 425.710702 -2.121320 0.000000 0.000000 1.414214 0.000000 0.000000 0.000000 0.000000 0.000000 0.000000 0.000000 0.000000 0.000000 0.000000 0.000000 0.000000 0.000000 2.000000 0.000000 0.000000 0.000000 0.000000 0.000000 10.606602 0.000000 0.000000 -5.000000 0.000000 0.000000 0.000000 0.000000 0.000000 0.000000 0.000000 0.000000 -10.606602 0.000000 0.000000 -5.000000 0.000000 0.000000 0.000000 0.000000 0.000000 -17.677670 0.000000 0.000000 0.000000 0.000000 0.000000 -8.844893 0.000000 0.000000 0.000000 0.000000 0.000000 17.677670 0.000000 0.000000 -28.284271 0.000000 0.000000 8.844893 0.000000 0.000000 0.000000 
-1.460541 106.996602 427.380156 -2.598076 0.000000 0.000000 1.732051 0.000000 0.000000 0.000000 0.000000 0.000000 0.000000 0.000000 0.000000 0.000000 0.000000 0.000000 0.000000 0.000000 1.732051 0.000000 0.000000 0.000000 0.000000 0.000000 12.990381 0.000000 0.000000 -5.000000 0.000000 0.000000 0.000000 0.000000 0.000000 0.000000 0.000000 0.000000 -12.990381 0.000000 0.000000 -5.000000 0.000000 0.000000 0.000000 0.000000 0.000000 -21.650635 0.000000 0.000000 0.000000 0.000000 0.000000 -9.751058 0.000000 0.000000 0.000000 0.000000 0.000000 21.650635 0.000000 0.000000 -34.641016 0.000000 0.000000 9.751058 0.000000 0.000000 0.000000 
-1.610392 107.096503 429.049610 -2.897777 0.000000 0.000000 1.931852 0.000000 0.000000 0.000000 0.000000 0.000000 0.000000 0.000000 0.000000 0.000000 0.000000 0.000000 0.000000 0.000000 1.000000 0.000000 0.000000 0.000000 0.000000 0.000000 14.488887 0.000000 0.000000 -5.000000 0.000000 0.000000 0.000000 0.000000 0.000000 0.000000 0.000000 0.000000 -14.488887 0.000000 0.000000 -5.000000 0.000000 0.000000 0.000000 0.000000 0.000000 -24.148146 0.000000 0.000000 0.000000 0.000000 0.000000 -9.992704 0.000000 0.000000 0.000000 0.000000 0.000000 24.148146 0.000000 0.000000 -38.637033 0.000000 0.000000 9.992704 0.000000 0.000000 0.000000 
-1.661503 107.130577 430.719064 -3.000000 0.000000 0.000000 2.000000 0.000000 0.000000 0.000000 0.000000 0.000000 0.000000 0.000000 0.000000 0.000000 0.000000 0.000000 0.000000 0.000000 0.000000 0.000000 0.000000 0.000000 0.000000 0.000000 15.000000 0.000000 0.000000 -5.000000 0.000000 0.000000 0.000000 0.000000 0.000000 0.000000 0.000000 0.000000 -15.000000 0.000000 0.000000 -5.000000 0.000000 0.000000 0.000000 0.000000 0.000000 -25.000000 0.000000 0.000000 0.000000 0.000000 0.000000 -9.553365 0.000000 0.000000 0.000000 0.000000 0.000000 25.000000 0.000000 0.000000 -40.000000 0.000000 0.000000 9.553365 0.000000 0.000000 0.000000 
-1.610392 107.096503 432.388517 -2.897777 0.000000 0.000000 1.931852 0.000000 0.000000 0.000000 0.000000 0.000000 0.000000 0.000000 0.000000 0.000000 0.000000 0.000000 0.000000 0.000000 -1.000000 0.000000 0.000000 0.000000 0.000000 0.000000 14.488887 0.000000 0.000000 -5.000000 0.000000 0.000000 0.000000 0.000000 0.000000 0.000000 0.000000 0.000000 -14.488887 0.000000 0.000000 -5.000000 0.000000 0.000000 0.000000 0.000000 0.000000 -24.148146 0.000000 0.000000 0.000000 0.000000 0.000000 -8.462979 0.000000 0.000000 0.000000 0.000000 0.000000 24.148146 0.000000 0.000000 -38.637033 0.000000 0.000000 8.462979 0.000000 0.000000 0.000000 
-1.460541 106.996602 434.057971 -2.598076 0.000000 0.000000 1.732051 0.000000 0.000000 0.000000 0.000000 0.000000 0.000000 0.000000 0.000000 0.000000 0.000000 0.000000 0.000000 0.000000 -1.732051 0.000000 0.000000 0.000000 0.000000 0.000000 12.990381 0.000000 0.000000 -5.000000 0.000000 0.000000 0.000000 0.000000 0.000000 0.000000 0.000000 0.000000 -12.990381 0.000000 0.000000 -5.000000 0.000000 0.000000 0.000000 0.000000 0.000000 -21.650635 0.000000 0.000000 0.000000 0.000000 0.000000 -6.795856 0.000000 0.000000 0.000000 0.000000 0.000000 21.650635 0.000000 0.000000 -34.641016 0.000000 0.000000 6.795856 0.000000 0.000000 0.000000 
-1.222163 106.837684 435.727425 -2.121320 0.000000 0.000000 1.414214 0.000000 0.000000 0.000000 0.000000 0.000000 0.000000 0.000000 0.000000 0.000000 0.000000 0.000000 0.000000 0.000000 -2.000000 0.000000 0.000000 0.000000 0.000000 0.000000 10.606602 0.000000 0.000000 -5.000000 0.000000 0.000000 0.000000 0.000000 0.000000 0.000000 0.000000 0.000000 -10.606602 0.000000 0.000000 -5.000000 0.000000 0.000000 0.000000 0.000000 0.000000 -17.677670 0.000000 0.000000 0.000000 0.000000 0.000000 -4.665606 0.000000 0.000000 0.000000 0.000000 0.000000 17.677670 0.000000 0.000000 -28.284271 0.000000 0.000000 4.665606 0.000000 0.000000 0.000000 
-0.911503 106.630577 437.396878 -1.500000 0.000000 0.000000 1.000000 0.000000 0.000000 0.000000 0.000000 0.000000 0.000000 0.000000 0.000000 0.000000 0.000000 0.000000 0.000000 0.000000 -1.732051 0.000000 0.000000 0.000000 0.000000 0.000000 7.500000 0.000000 0.000000 -5.000000 0.000000 0.000000 0.000000 0.000000 0.000000 0.000000 0.000000 0.000000 -7.500000 0.000000 0.000000 -5.000000 0.000000 0.000000 0.000000 0.000000 0.000000 -12.500000 0.000000 0.000000 0.000000 0.000000 0.000000 -2.217402 0.000000 0.000000 0.000000 0.000000 0.000000 12.500000 0.000000 0.000000 -20.000000 0.000000 0.000000 2.217402 0.000000 0.000000 0.000000 
-0.549732 106.389396 439.066332 -0.776457 0.000000 0.000000 0.517638 0.000000 0.000000 0.000000 0.000000 0.000000 0.000000 0.000000 0.000000 0.000000 0.000000 0.000000 0.000000 0.000000 -1.000000 0.000000 0.000000 0.000000 0.000000 0.000000 3.882286 0.000000 0.000000 -5.000000 0.000000 0.000000 0.000000 0.000000 0.000000 0.000000 0.000000 0.000000 -3.882286 0.000000 0.000000 -5.000000 0.000000 0.000000 0.000000 0.000000 0.000000 -6.470476 0.000000 0.000000 0.000000 0.000000 0.000000 0.381913 0.000000 0.000000 0.000000 0.000000 0.000000 6.470476 0.000000 0.000000 -10.352762 0.000000 0.000000 -0.381913 0.000000 0.000000 0.000000 
-0.161503 106.130577 440.735786 0.000000 0.000000 0.000000 -0.000000 0.000000 0.000000 0.000000 0.000000 0.000000 0.000000 0.000000 0.000000 0.000000 0.000000 0.000000 0.000000 0.000000 0.000000 0.000000 0.000000 0.000000 0.000000 0.000000 -0.000000 0.000000 0.000000 -5.000000 0.000000 0.000000 0.000000 0.000000 0.000000 0.000000 0.000000 0.000000 0.000000 0.000000 0.000000 -5.000000 0.000000 0.000000 0.000000 0.000000 0.000000 0.000000 0.000000 0.000000 -0.000000 0.000000 0.000000 2.955202 0.000000 0.000000 0.000000 0.000000 0.000000 -0.000000 0.000000 0.000000 0.000000 0.000000 0.000000 -2.955202 0.000000 0.000000 0.000000 
0.226726 106.389396 442.405240 0.776457 0.000000 0.000000 -0.517638 0.000000 0.000000 0.000000 0.000000 0.000000 0.000000 0.000000 0.000000 0.000000 0.000000 0.000000 0.000000 0.000000 1.000000 0.000000 0.000000 0.000000 0.000000 0.000000 -3.882286 0.000000 0.000000 -5.000000 0.000000 0.000000 0.000000 0.000000 0.000000 0.000000 0.000000 0.000000 3.882286 0.000000 0.000000 -5.000000 0.000000 0.000000 0.000000 0.000000 0.000000 6.470476 0.000000 0.000000 -10.352762 0.000000 0.000000 5.327099 0.000000 0.000000 0.000000 0.000000 0.000000 -6.470476 0.000000 0.000000 0.000000 0.000000 0.000000 -5.327099 0.000000 0.000000 0.000000 
0.588497 106.630577 444.074693 1.500000 0.000000 0.000000 -1.000000 0.000000 0.000000 0.000000 0.000000 0.000000 0.000000 0.000000 0.000000 0.000000 0.000000 0.000000 0.000000 0.000000 1.732051 0.000000 0.000000 0.000000 0.000000 0.000000 -7.500000 0.000000 0.000000 -5.000000 0.000000 0.000000 0.000000 0.000000 0.000000 0.000000 0.000000 0.000000 7.500000 0.000000 0.000000 -5.000000 0.000000 0.000000 0.000000 0.000000 0.000000 12.500000 0.000000 0.000000 -20.000000 0.000000 0.000000 7.335963 0.000000 0.000000 0.000000 0.000000 0.000000 -12.500000 0.000000 0.000000 0.000000 0.000000 0.000000 -7.335963 0.000000 0.000000 0.000000 
0.899157 106.837684 445.744147 2.121320 0.000000 0.000000 -1.414214 0.000000 0.000000 0.000000 0.000000 0.000000 0.000000 0.000000 0.000000 0.000000 0.000000 0.000000 0.000000 0.000000 2.000000 0.000000 0.000000 0.000000 0.000000 0.000000 -10.606602 0.000000 0.000000 -5.000000 0.000000 0.000000 0.000000 0.000000 0.000000 0.000000 0.000000 0.000000 10.606602 0.000000 0.000000 -5.000000 0.000000 0.000000 0.000000 0.000000 0.000000 17.677670 0.000000 0.000000 -28.284271 0.000000 0.000000 8.844893 0.000000 0.000000 0.000000 0.000000 0.000000 -17.677670 0.000000 0.000000 0.000000 0.000000 0.000000 -8.844893 0.000000 0.000000 0.000000 
1.137535 106.996602 447.413601 2.598076 0.000000 0.000000 -1.732051 0.000000 0.000000 0.000000 0.000000 0.000000 0.000000 0.000000 0.000000 0.000000 0.000000 0.000000 0.000000 0.000000 1.732051 0.000000 0.000000 0.000000 0.000000 0.000000 -12.990381 0.000000 0.000000 -5.000000 0.000000 0.000000 0.000000 0.000000 0.000000 0.000000 0.000000 0.000000 12.990381 0.000000 0.000000 -5.000000 0.000000 0.000000 0.000000 0.000000 0.000000 21.650635 0.000000 0.000000 -34.641016 0.000000 0.000000 9.751058 0.000000 0.000000 0.000000 0.000000 0.000000 -21.650635 0.000000 0.000000 0.000000 0.000000 0.000000 -9.751058 0.000000 0.000000 0.000000 
1.287386 107.096503 449.083055 2.897777 0.000000 0.000000 -1.931852 0.000000 0.000000 0.000000 0.000000 0.000000 0.000000 0.000000 0.000000 0.000000 0.000000 0.000000 0.000000 0.000000 1.000000 0.000000 0.000000 0.000000 0.000000 0.000000 -14.488887 0.000000 0.000000 -5.000000 0.000000 0.000000 0.000000 0.000000 0.000000 0.000000 0.000000 0.000000 14.488887 0.000000 0.000000 -5.000000 0.000000 0.000000 0.000000 0.000000 0.000000 24.148146 0.000000 0.000000 -38.637033 0.000000 0.000000 9.992704 0.000000 0.000000 0.000000 0.000000 0.000000 -24.148146 0.000000 0.000000 0.000000 0.000000 0.000000 -9.992704 0.000000 0.000000 0.000000 
1.338497 107.130577 450.752508 3.000000 0.000000 0.000000 -2.000000 0.000000 0.000000 0.000000 0.000000 0.000000 0.000000 0.000000 0.000000 0.000000 0.000000 0.000000 0.000000 0.000000 0.000000 0.000000 0.000000 0.000000 0.000000 0.000000 -15.000000 0.000000 0.000000 -5.000000 0.000000 0.000000 0.000000 0.000000 0.000000 0.000000 0.000000 0.000000 15.000000 0.000000 0.000000 -5.000000 0.000000 0.000000 0.000000 0.000000 0.000000 25.000000 0.000000 0.000000 -40.000000 0.000000 0.000000 9.553365 0.000000 0.000000 0.000000 0.000000 0.000000 -25.000000 0.000000 0.000000 0.000000 0.000000 0.000000 -9.553365 0.000000 0.000000 0.000000 
1.287386 107.096503 452.421962 2.897777 0.000000 0.000000 -1.931852 0.000000 0.000000 0.000000 0.000000 0.000000 0.000000 0.000000 0.000000 0.000000 0.000000 0.000000 0.000000 0.000000 -1.000000 0.000000 0.000000 0.000000 0.000000 0.000000 -14.488887 0.000000 0.000000 -5.000000 0.000000 0.000000 0.000000 0.000000 0.000000 0.000000 0.000000 0.000000 14.488887 0.000000 0.000000 -5.000000 0.000000 0.000000 0.000000 0.000000 0.000000 24.148146 0.000000 0.000000 -38.637033 0.000000 0.000000 8.462979 0.000000 0.000000 0.000000 0.000000 0.000000 -24.148146 0.000000 0.000000 0.000000 0.000000 0.000000 -8.462979 0.000000 0.000000 0.000000 
1.137535 106.996602 454.091416 2.598076 0.000000 0.000000 -1.732051 0.000000 0.000000 0.000000 0.000000 0.000000 0.000000 0.000000 0.000000 0.000000 0.000000 0.000000 0.000000 0.000000 -1.732051 0.000000 0.000000 0.000000 0.000000 0.000000 -12.990381 0.000000 0.000000 -5.000000 0.000000 0.000000 0.000000 0.000000 0.000000 0.000000 0.000000 0.000000 12.990381 0.000000 0.000000 -5.000000 0.000000 0.000000 0.000000 0.000000 0.000000 21.650635 0.000000 0.000000 -34.641016 0.000000 0.000000 6.795856 0.000000 0.000000 0.000000 0.000000 0.000000 -21.650635 0.000000 0.000000 0.000000 0.000000 0.000000 -6.795856 0.000000 0.000000 0.000000 
0.899157 106.837684 455.760870 2.121320 0.000000 0.000000 -1.414214 0.000000 0.000000 0.000000 0.000000 0.000000 0.000000 0.000000 0.000000 0.000000 0.000000 0.000000 0.000000 0.000000 -2.000000 0.000000 0.000000 0.000000 0.000000 0.000000 -10.606602 0.000000 0.000000 -5.000000 0.000000 0.000000 0.000000 0.000000 0.000000 0.000000 0.000000 0.000000 10.606602 0.000000 0.000000 -5.000000 0.000000 0.000000 0.000000 0.000000 0.000000 17.677670 0.000000 0.000000 -28.284271 0.000000 0.000000 4.665606 0.000000 0.000000 0.000000 0.000000 0.000000 -17.677670 0.000000 0.000000 0.000000 0.000000 0.000000 -4.665606 0.000000 0.000000 0.000000 
0.588497 106.630577 457.430323 1.500000 0.000000 0.000000 -1.000000 0.000000 0.000000 0.000000 0.000000 0.000000 0.000000 0.000000 0.000000 0.000000 0.000000 0.000000 0.000000 0.000000 -1.732051 0.000000 0.000000 0.000000 0.000000 0.000000 -7.500000 0.000000 0.000000 -5.000000 0.000000 0.000000 0.000000 0.000000 0.000000 0.000000 0.000000 0.000000 7.500000 0.000000 0.000000 -5.000000 0.000000 0.000000 0.000000 0.000000 0.000000 12.500000 0.000000 0.000000 -20.000000 0.000000 0.000000 2.217402 0.000000 0.000000 0.000000 0.000000 0.000000 -12.500000 0.000000 0.000000 0.000000 0.000000 0.000000 -2.217402 0.000000 0.000000 0.000000 
0.226726 106.389396 459.099777 0.776457 0.000000 0.000000 -0.517638 0.000000 0.000000 0.000000 0.000000 0.000000 0.000000 0.000000 0.000000 0.000000 0.000000 0.000000 0.000000 0.000000 -1.000000 0.000000 0.000000 0.000000 0.000000 0.000000 -3.882286 0.000000 0.000000 -5.000000 0.000000 0.000000 0.000000 0.000000 0.000000 0.000000 0.000000 0.000000 3.882286 0.000000 0.000000 -5.000000 0.000000 0.000000 0.000000 0.000000 0.000000 6.470476 0.000000 0.000000 -10.352762 0.000000 0.000000 -0.381913 0.000000 0.000000 0.000000 0.000000 0.000000 -6.470476 0.000000 0.000000 0.000000 0.000000 0.000000 0.381913 0.000000 0.000000 0.000000 
-0.161503 106.130577 460.769231 0.000000 0.000000 0.000000 -0.000000 0.000000 0.000000 0.000000 0.000000 0.000000 0.000000 0.000000 0.000000 0.000000 0.000000 0.000000 0.000000 0.000000 -0.000000 0.000000 0.000000 0.000000 0.000000 0.000000 -0.000000 0.000000 0.000000 -5.000000 0.000000 0.000000 0.000000 0.000000 0.000000 0.000000 0.000000 0.000000 0.000000 0.000000 0.000000 -5.000000 0.000000 0.000000 0.000000 0.000000 0.000000 0.000000 0.000000 0.000000 -0.000000 0.000000 0.000000 -2.955202 0.000000 0.000000 0.000000 0.000000 0.000000 -0.000000 0.000000 0.000000 0.000000 0.000000 0.000000 2.955202 0.000000 0.000000 0.000000 
-0.549732 106.389396 462.438685 -0.776457 0.000000 0.000000 0.517638 0.000000 0.000000 0.000000 0.000000 0.000000 0.000000 0.000000 0.000000 0.000000 0.000000 0.000000 0.000000 0.000000 1.000000 0.000000 0.000000 0.000000 0.000000 0.000000 3.882286 0.000000 0.000000 -5.000000 0.000000 0.000000 0.000000 0.000000 0.000000 0.000000 0.000000 0.000000 -3.882286 0.000000 0.000000 -5.000000 0.000000 0.000000 0.000000 0.000000 0.000000 -6.470476 0.000000 0.000000 0.000000 0.000000 0.000000 -5.327099 0.000000 0.000000 0.000000 0.000000 0.000000 6.470476 0.000000 0.000000 -10.352762 0.000000 0.000000 5.327099 0.000000 0.000000 0.000000 
-0.911503 106.630577 464.108138 -1.500000 0.000000 0.000000 1.000000 0.000000 0.000000 0.000000 0.000000 0.000000 0.000000 0.000000 0.000000 0.000000 0.000000 0.000000 0.000000 0.000000 1.732051 0.000000 0.000000 0.000000 0.000000 0.000000 7.500000 0.000000 0.000000 -5.000000 0.000000 0.000000 0.000000 0.000000 0.000000 0.000000 0.000000 0.000000 -7.500000 0.000000 0.000000 -5.000000 0.000000 0.000000 0.000000 0.000000 0.000000 -12.500000 0.000000 0.000000 0.000000 0.000000 0.000000 -7.335963 0.000000 0.000000 0.000000 0.000000 0.000000 12.500000 0.000000 0.000000 -20.000000 0.000000 0.000000 7.335963 0.000000 0.000000 0.000000 
-1.222163 106.837684 465.777592 -2.121320 0.000000 0.000000 1.414214 0.000000 0.000000 0.000000 0.000000 0.000000 0.000000 0.000000 0.000000 0.000000 0.000000 0.000000 0.000000 0.000000 2.000000 0.000000 0.000000 0.000000 0.000000 0.000000 10.606602 0.000000 0.000000 -5.000000 0.000000 0.000000 0.000000 0.000000 0.000000 0.000000 0.000000 0.000000 -10.606602 0.000000 0.000000 -5.000000 0.000000 0.000000 0.000000 0.000000 0.000000 -17.677670 0.000000 0.000000 0.000000 0.000000 0.000000 -8.844893 0.000000 0.000000 0.000000 0.000000 0.000000 17.677670 0.000000 0.000000 -28.284271 0.000000 0.000000 8.844893 0.000000 0.000000 0.000000 
-1.460541 106.996602 467.447046 -2.598076 0.000000 0.000000 1.732051 0.000000 0.000000 0.000000 0.000000 0.000000 0.000000 0.000000 0.000000 0.000000 0.000000 0.000000 0.000000 0.000000 1.732051 0.000000 0.000000 0.000000 0.000000 0.000000 12.990381 0.000000 0.000000 -5.000000 0.000000 0.000000 0.000000 0.000000 0.000000 0.000000 0.000000 0.000000 -12.990381 0.000000 0.000000 -5.000000 0.000000 0.000000 0.000000 0.000000 0.000000 -21.650635 0.000000 0.000000 0.000000 0.000000 0.000000 -9.751058 0.000000 0.000000 0.000000 0.000000 0.000000 21.650635 0.000000 0.000000 -34.641016 0.000000 0.000000 9.751058 0.000000 0.000000 0.000000 
-1.610392 107.096503 469.116499 -2.897777 0.000000 0.000000 1.931852 0.000000 0.000000 0.000000 0.000000 0.000000 0.000000 0.000000 0.000000 0.000000 0.000000 0.000000 0.000000 0.000000 1.000000 0.000000 0.000000 0.000000 0.000000 0.000000 14.488887 0.000000 0.000000 -5.000000 0.000000 0.000000 0.000000 0.000000 0.000000 0.000000 0.000000 0.000000 -14.488887 0.000000 0.000000 -5.000000 0.000000 0.000000 0.000000 0.000000 0.000000 -24.148146 0.000000 0.000000 0.000000 0.000000 0.000000 -9.992704 0.000000 0.000000 0.000000 0.000000 0.000000 24.148146 0.000000 0.000000 -38.637033 0.000000 0.000000 9.992704 0.000000 0.000000 0.000000 
-1.661503 107.130577 470.785953 -3.000000 0.000000 0.000000 2.000000 0.000000 0.000000 0.000000 0.000000 0.000000 0.000000 0.000000 0.000000 0.000000 0.000000 0.000000 0.000000 0.000000 0.000000 0.000000 0.000000 0.000000 0.000000 0.000000 15.000000 0.000000 0.000000 -5.000000 0.000000 0.000000 0.000000 0.000000 0.000000 0.000000 0.000000 0.000000 -15.000000 0.000000 0.000000 -5.000000 0.000000 0.000000 0.000000 0.000000 0.000000 -25.000000 0.000000 0.000000 0.000000 0.000000 0.000000 -9.553365 0.000000 0.000000 0.000000 0.000000 0.000000 25.000000 0.000000 0.000000 -40.000000 0.000000 0.000000 9.553365 0.000000 0.000000 0.000000 
-1.610392 107.096503 472.455407 -2.897777 0.000000 0.000000 1.931852 0.000000 0.000000 0.000000 0.000000 0.000000 0.000000 0.000000 0.000000 0.000000 0.000000 0.000000 0.000000 0.000000 -1.000000 0.000000 0.000000 0.000000 0.000000 0.000000 14.488887 0.000000 0.000000 -5.000000 0.000000 0.000000 0.000000 0.000000 0.000000 0.000000 0.000000 0.000000 -14.488887 0.000000 0.000000 -5.000000 0.000000 0.000000 0.000000 0.000000 0.000000 -24.148146 0.000000 0.000000 0.000000 0.000000 0.000000 -8.462979 0.000000 0.000000 0.000000 0.000000 0.000000 24.148146 0.000000 0.000000 -38.637033 0.000000 0.000000 8.462979 0.000000 0.000000 0.000000 
-1.460541 106.996602 474.124861 -2.598076 0.000000 0.000000 1.732051 0.000000 0.000000 0.000000 0.000000 0.000000 0.000000 0.000000 0.000000 0.000000 0.000000 0.000000 0.000000 0.000000 -1.732051 0.000000 0.000000 0.000000 0.000000 0.000000 12.990381 0.000000 0.000000 -5.000000 0.000000 0.000000 0.000000 0.000000 0.000000 0.000000 0.000000 0.000000 -12.990381 0.000000 0.000000 -5.000000 0.000000 0.000000 0.000000 0.000000 0.000000 -21.650635 0.000000 0.000000 0.000000 0.000000 0.000000 -6.795856 0.000000 0.000000 0.000000 0.000000 0.000000 21.650635 0.000000 0.000000 -34.641016 0.000000 0.000000 6.795856 0.000000 0.000000 0.000000 
-1.222163 106.837684 475.794314 -2.121320 0.000000 0.000000 1.414214 0.000000 0.000000 0.000000 0.000000 0.000000 0.000000 0.000000 0.000000 0.000000 0.000000 0.000000 0.000000 0.000000 -2.000000 0.000000 0.000000 0.000000 0.000000 0.000000 10.606602 0.000000 0.000000 -5.000000 0.000000 0.000000 0.000000 0.000000 0.000000 0.000000 0.000000 0.000000 -10.606602 0.000000 0.000000 -5.000000 0.000000 0.000000 0.000000 0.000000 0.000000 -17.677670 0.000000 0.000000 0.000000 0.000000 0.000000 -4.665606 0.000000 0.000000 0.000000 0.000000 0.000000 17.677670 0.000000 0.000000 -28.284271 0.000000 0.000000 4.665606 0.000000 0.000000 0.000000 
-0.911503 106.630577 477.463768 -1.500000 0.000000 0.000000 1.000000 0.000000 0.000000 0.000000 0.000000 0.000000 0.000000 0.000000 0.000000 0.000000 0.000000 0.000000 0.000000 0.000000 -1.732051 0.000000 0.000000 0.000000 0.000000 0.000000 7.500000 0.000000 0.000000 -5.000000 0.000000 0.000000 0.000000 0.000000 0.000000 0.000000 0.000000 0.000000 -7.500000 0.000000 0.000000 -5.000000 0.000000 0.000000 0.000000 0.000000 0.000000 -12.500000 0.000000 0.000000 0.000000 0.000000 0.000000 -2.217402 0.000000 0.000000 0.000000 0.000000 0.000000 12.500000 0.000000 0.000000 -20.000000 0.000000 0.000000 2.217402 0.000000 0.000000 0.000000 
-0.549732 106.389396 479.133222 -0.776457 0.000000 0.000000 0.517638 0.000000 0.000000 0.000000 0.000000 0.000000 0.000000 0.000000 0.000000 0.000000 0.000000 0.000000 0.000000 0.000000 -1.000000 0.000000 0.000000 0.000000 0.000000 0.000000 3.882286 0.000000 0.000000 -5.000000 0.000000 0.000000 0.000000 0.000000 0.000000 0.000000 0.000000 0.000000 -3.882286 0.000000 0.000000 -5.000000 0.000000 0.000000 0.000000 0.000000 0.000000 -6.470476 0.000000 0.000000 0.000000 0.000000 0.000000 0.381913 0.000000 0.000000 0.000000 0.000000 0.000000 6.470476 0.000000 0.000000 -10.352762 0.000000 0.000000 -0.381913 0.000000 0.000000 0.000000 
-0.161503 106.130577 480.802676 -0.000000 0.000000 0.000000 0.000000 0.000000 0.000000 0.000000 0.000000 0.000000 0.000000 0.000000 0.000000 0.000000 0.000000 0.000000 0.000000 0.000000 -0.000000 0.000000 0.000000 0.000000 0.000000 0.000000 -0.000000 0.000000 0.000000 -5.000000 0.000000 0.000000 0.000000 0.000000 0.000000 0.000000 0.000000 0.000000 -0.000000 0.000000 0.000000 -5.000000 0.000000 0.000000 0.000000 0.000000 0.000000 -0.000000 0.000000 0.000000 0.000000 0.000000 0.000000 2.955202 0.000000 0.000000 0.000000 0.000000 0.000000 -0.000000 0.000000 0.000000 0.000000 0.000000 0.000000 -2.955202 0.000000 0.000000 0.000000 
0.226726 106.389396 482.472129 0.776457 0.000000 0.000000 -0.517638 0.000000 0.000000 0.000000 0.000000 0.000000 0.000000 0.000000 0.000000 0.000000 0.000000 0.000000 0.000000 0.000000 1.000000 0.000000 0.000000 0.000000 0.000000 0.000000 -3.882286 0.000000 0.000000 -5.000000 0.000000 0.000000 0.000000 0.000000 0.000000 0.000000 0.000000 0.000000 3.882286 0.000000 0.000000 -5.000000 0.000000 0.000000 0.000000 0.000000 0.000000 6.470476 0.000000 0.000000 -10.352762 0.000000 0.000000 5.327099 0.000000 0.000000 0.000000 0.000000 0.000000 -6.470476 0.000000 0.000000 0.000000 0.000000 0.000000 -5.327099 0.000000 0.000000 0.000000 
0.588497 106.630577 484.141583 1.500000 0.000000 0.000000 -1.000000 0.000000 0.000000 0.000000 0.000000 0.000000 0.000000 0.000000 0.000000 0.000000 0.000000 0.000000 0.000000 0.000000 1.732051 0.000000 0.000000 0.000000 0.000000 0.000000 -7.500000 0.000000 0.000000 -5.000000 0.000000 0.000000 0.000000 0.000000 0.000000 0.000000 0.000000 0.000000 7.500000 0.000000 0.000000 -5.000000 0.000000 0.000000 0.000000 0.000000 0.000000 12.500000 0.000000 0.000000 -20.000000 0.000000 0.000000 7.335963 0.000000 0.000000 0.000000 0.000000 0.000000 -12.500000 0.000000 0.000000 0.000000 0.000000 0.000000 -7.335963 0.000000 0.000000 0.000000 
0.899157 106.837684 485.811037 2.121320 0.000000 0.000000 -1.414214 0.000000 0.000000 0.000000 0.000000 0.000000 0.000000 0.000000 0.000000 0.000000 0.000000 0.000000 0.000000 0.000000 2.000000 0.000000 0.000000 0.000000 0.000000 0.000000 -10.606602 0.000000 0.000000 -5.000000 0.000000 0.000000 0.000000 0.000000 0.000000 0.000000 0.000000 0.000000 10.606602 0.000000 0.000000 -5.000000 0.000000 0.000000 0.000000 0.000000 0.000000 17.677670 0.000000 0.000000 -28.284271 0.000000 0.000000 8.844893 0.000000 0.000000 0.000000 0.000000 0.000000 -17.677670 0.000000 0.000000 0.000000 0.000000 0.000000 -8.844893 0.000000 0.000000 0.000000 
1.137535 106.996602 487.480491 2.598076 0.000000 0.000000 -1.732051 0.000000 0.000000 0.000000 0.000000 0.000000 0.000000 0.000000 0.000000 0.000000 0.000000 0.000000 0.000000 0.000000 1.732051 0.000000 0.000000 0.000000 0.000000 0.000000 -12.990381 0.000000 0.000000 -5.000000 0.000000 0.000000 0.000000 0.000000 0.000000 0.000000 0.000000 0.000000 12.990381 0.000000 0.000000 -5.000000 0.000000 0.000000 0.000000 0.000000 0.000000 21.650635 0.000000 0.000000 -34.641016 0.000000 0.000000 9.751058 0.000000 0.000000 0.000000 0.000000 0.000000 -21.650635 0.000000 0.000000 0.000000 0.000000 0.000000 -9.751058 0.000000 0.000000 0.000000 
1.287386 107.096503 489.149944 2.897777 0.000000 0.000000 -1.931852 0.000000 0.000000 0.000000 0.000000 0.000000 0.000000 0.000000 0.000000 0.000000 0.000000 0.000000 0.000000 0.000000 1.000000 0.000000 0.000000 0.000000 0.000000 0.000000 -14.488887 0.000000 0.000000 -5.000000 0.000000 0.000000 0.000000 0.000000 0.000000 0.000000 0.000000 0.000000 14.488887 0.000000 0.000000 -5.000000 0.000000 0.000000 0.000000 0.000000 0.000000 24.148146 0.000000 0.000000 -38.637033 0.000000 0.000000 9.992704 0.000000 0.000000 0.000000 0.000000 0.000000 -24.148146 0.000000 0.000000 0.000000 0.000000 0.000000 -9.992704 0.000000 0.000000 0.000000 
1.338497 107.130577 490.819398 3.000000 0.000000 0.000000 -2.000000 0.000000 0.000000 0.000000 0.000000 0.000000 0.000000 0.000000 0.000000 0.000000 0.000000 0.000000 0.000000 0.000000 -0.000000 0.000000 0.000000 0.000000 0.000000 0.000000 -15.000000 0.000000 0.000000 -5.000000 0.000000 0.000000 0.000000 0.000000 0.000000 0.000000 0.000000 0.000000 15.000000 0.000000 0.000000 -5.000000 0.000000 0.000000 0.000000 0.000000 0.000000 25.000000 0.000000 0.000000 -40.000000 0.000000 0.000000 9.553365 0.000000 0.000000 0.000000 0.000000 0.000000 -25.000000 0.000000 0.000000 0.000000 0.000000 0.000000 -9.553365 0.000000 0.000000 0.000000 
1.287386 107.096503 492.488852 2.897777 0.000000 0.000000 -1.931852 0.000000 0.000000 0.000000 0.000000 0.000000 0.000000 0.000000 0.000000 0.000000 0.000000 0.000000 0.000000 0.000000 -1.000000 0.000000 0.000000 0.000000 0.000000 0.000000 -14.488887 0.000000 0.000000 -5.000000 0.000000 0.000000 0.000000 0.000000 0.000000 0.000000 0.000000 0.000000 14.488887 0.000000 0.000000 -5.000000 0.000000 0.000000 0.000000 0.000000 0.000000 24.148146 0.000000 0.000000 -38.637033 0.000000 0.000000 8.462979 0.000000 0.000000 0.000000 0.000000 0.000000 -24.148146 0.000000 0.000000 0.000000 0.000000 0.000000 -8.462979 0.000000 0.000000 0.000000 
1.137535 106.996602 494.158305 2.598076 0.000000 0.000000 -1.732051 0.000000 0.000000 0.000000 0.000000 0.000000 0.000000 0.000000 0.000000 0.000000 0.000000 0.000000 0.000000 0.000000 -1.732051 0.000000 0.000000 0.000000 0.000000 0.000000 -12.990381 0.000000 0.000000 -5.000000 0.000000 0.000000 0.000000 0.000000 0.000000 0.000000 0.000000 0.000000 12.990381 0.000000 0.000000 -5.000000 0.000000 0.000000 0.000000 0.000000 0.000000 21.650635 0.000000 0.000000 -34.641016 0.000000 0.000000 6.795856 0.000000 0.000000 0.000000 0.000000 0.000000 -21.650635 0.000000 0.000000 0.000000 0.000000 0.000000 -6.795856 0.000000 0.000000 0.000000 
0.899157 106.837684 495.827759 2.121320 0.000000 0.000000 -1.414214 0.000000 0.000000 0.000000 0.000000 0.000000 0.000000 0.000000 0.000000 0.000000 0.000000 0.000000 0.000000 0.000000 -2.000000 0.000000 0.000000 0.000000 0.000000 0.000000 -10.606602 0.000000 0.000000 -5.000000 0.000000 0.000000 0.000000 0.000000 0.000000 0.000000 0.000000 0.000000 10.606602 0.000000 0.000000 -5.000000 0.000000 0.000000 0.000000 0.000000 0.000000 17.677670 0.000000 0.000000 -28.284271 0.000000 0.000000 4.665606 0.000000 0.000000 0.000000 0.000000 0.000000 -17.677670 0.000000 0.000000 0.000000 0.000000 0.000000 -4.665606 0.000000 0.000000 0.000000 
0.588497 106.630577 497.497213 1.500000 0.000000 0.000000 -1.000000 0.000000 0.000000 0.000000 0.000000 0.000000 0.000000 0.000000 0.000000 0.000000 0.000000 0.000000 0.000000 0.000000 -1.732051 0.000000 0.000000 0.000000 0.000000 0.000000 -7.500000 0.000000 0.000000 -5.000000 0.000000 0.000000 0.000000 0.000000 0.000000 0.000000 0.000000 0.000000 7.500000 0.000000 0.000000 -5.000000 0.000000 0.000000 0.000000 0.000000 0.000000 12.500000 0.000000 0.000000 -20.000000 0.000000 0.000000 2.217402 0.000000 0.000000 0.000000 0.000000 0.000000 -12.500000 0.000000 0.000000 0.000000 0.000000 0.000000 -2.217402 0.000000 0.000000 0.000000 
0.226726 106.389396 499.166667 0.776457 0.000000 0.000000 -0.517638 0.000000 0.000000 0.000000 0.000000 0.000000 0.000000 0.000000 0.000000 0.000000 0.000000 0.000000 0.000000 0.000000 -1.000000 0.000000 0.000000 0.000000 0.000000 0.000000 -3.882286 0.000000 0.000000 -5.000000 0.000000 0.000000 0.000000 0.000000 0.000000 0.000000 0.000000 0.000000 3.882286 0.000000 0.000000 -5.000000 0.000000 0.000000 0.000000 0.000000 0.000000 6.470476 0.000000 0.000000 -10.352762 0.000000 0.000000 -0.381913 0.000000 0.000000 0.000000 0.000000 0.000000 -6.470476 0.000000 0.000000 0.000000 0.000000 0.000000 0.381913 0.000000 0.000000 0.000000 
-0.161503 106.130577 500.836120 0.000000 0.000000 0.000000 -0.000000 0.000000 0.000000 0.000000 0.000000 0.000000 0.000000 0.000000 0.000000 0.000000 0.000000 0.000000 0.000000 0.000000 -0.000000 0.000000 0.000000 0.000000 0.000000 0.000000 -0.000000 0.000000 0.000000 -5.000000 0.000000 0.000000 0.000000 0.000000 0.000000 0.000000 0.000000 0.000000 0.000000 0.000000 0.000000 -5.000000 0.000000 0.000000 0.000000 0.000000 0.000000 0.000000 0.000000 0.000000 -0.000000 0.000000 0.000000 -2.955202 0.000000 0.000000 0.000000 0.000000 0.000000 -0.000000 0.000000 0.000000 0.000000 0.000000 0.000000 2.955202 0.000000 0.000000 0.000000 
-0.549732 106.389396 502.505574 -0.776457 0.000000 0.000000 0.517638 0.000000 0.000000 0.000000 0.000000 0.000000 0.000000 0.000000 0.000000 0.000000 0.000000 0.000000 0.000000 0.000000 1.000000 0.000000 0.000000 0.000000 0.000000 0.000000 3.882286 0.000000 0.000000 -5.000000 0.000000 0.000000 0.000000 0.000000 0.000000 0.000000 0.000000 0.000000 -3.882286 0.000000 0.000000 -5.000000 0.000000 0.000000 0.000000 0.000000 0.000000 -6.470476 0.000000 0.000000 0.000000 0.000000 0.000000 -5.327099 0.000000 0.000000 0.000000 0.000000 0.000000 6.470476 0.000000 0.000000 -10.352762 0.000000 0.000000 5.327099 0.000000 0.000000 0.000000 
-0.911503 106.630577 504.175028 -1.500000 0.000000 0.000000 1.000000 0.000000 0.000000 0.000000 0.000000 0.000000 0.000000 0.000000 0.000000 0.000000 0.000000 0.000000 0.000000 0.000000 1.732051 0.000000 0.000000 0.000000 0.000000 0.000000 7.500000 0.000000 0.000000 -5.000000 0.000000 0.000000 0.000000 0.000000 0.000000 0.000000 0.000000 0.000000 -7.500000 0.000000 0.000000 -5.000000 0.000000 0.000000 0.000000 0.000000 0.000000 -12.500000 0.000000 0.000000 0.000000 0.000000 0.000000 -7.335963 0.000000 0.000000 0.000000 0.000000 0.000000 12.500000 0.000000 0.000000 -20.000000 0.000000 0.000000 7.335963 0.000000 0.000000 0.000000 
-1.222163 106.837684 505.844482 -2.121320 0.000000 0.000000 1.414214 0.000000 0.000000 0.000000 0.000000 0.000000 0.000000 0.000000 0.000000 0.000000 0.000000 0.000000 0.000000 0.000000 2.000000 0.000000 0.000000 0.000000 0.000000 0.000000 10.606602 0.000000 0.000000 -5.000000 0.000000 0.000000 0.000000 0.000000 0.000000 0.000000 0.000000 0.000000 -10.606602 0.000000 0.000000 -5.000000 0.000000 0.000000 0.000000 0.000000 0.000000 -17.677670 0.000000 0.000000 0.000000 0.000000 0.000000 -8.844893 0.000000 0.000000 0.000000 0.000000 0.000000 17.677670 0.000000 0.000000 -28.284271 0.000000 0.000000 8.844893 0.000000 0.000000 0.000000 
-1.460541 106.996602 507.513935 -2.598076 0.000000 0.000000 1.732051 0.000000 0.000000 0.000000 0.000000 0.000000 0.000000 0.000000 0.000000 0.000000 0.000000 0.000000 0.000000 0.000000 1.732051 0.000000 0.000000 0.000000 0.000000 0.000000 12.990381 0.000000 0.000000 -5.000000 0.000000 0.000000 0.000000 0.000000 0.000000 0.000000 0.000000 0.000000 -12.990381 0.000000 0.000000 -5.000000 0.000000 0.000000 0.000000 0.000000 0.000000 -21.650635 0.000000 0.000000 0.000000 0.000000 0.000000 -9.751058 0.000000 0.000000 0.000000 0.000000 0.000000 21.650635 0.000000 0.000000 -34.641016 0.000000 0.000000 9.751058 0.000000 0.000000 0.000000 
-1.610392 107.096503 509.183389 -2.897777 0.000000 0.000000 1.931852 0.000000 0.000000 0.000000 0.000000 0.000000 0.000000 0.000000 0.000000 0.000000 0.000000 0.000000 0.000000 0.000000 1.000000 0.000000 0.000000 0.000000 0.000000 0.000000 14.488887 0.000000 0.000000 -5.000000 0.000000 0.000000 0.000000 0.000000 0.000000 0.000000 0.000000 0.000000 -14.488887 0.000000 0.000000 -5.000000 0.000000 0.000000 0.000000 0.000000 0.000000 -24.148146 0.000000 0.000000 0.000000 0.000000 0.000000 -9.992704 0.000000 0.000000 0.000000 0.000000 0.000000 24.148146 0.000000 0.000000 -38.637033 0.000000 0.000000 9.992704 0.000000 0.000000 0.000000 
-1.661503 107.130577 510.852843 -3.000000 0.000000 0.000000 2.000000 0.000000 0.000000 0.000000 0.000000 0.000000 0.000000 0.000000 0.000000 0.000000 0.000000 0.000000 0.000000 0.000000 0.000000 0.000000 0.000000 0.000000 0.000000 0.000000 15.000000 0.000000 0.000000 -5.000000 0.000000 0.000000 0.000000 0.000000 0.000000 0.000000 0.000000 0.000000 -15.000000 0.000000 0.000000 -5.000000 0.000000 0.000000 0.000000 0.000000 0.000000 -25.000000 0.000000 0.000000 0.000000 0.000000 0.000000 -9.553365 0.000000 0.000000 0.000000 0.000000 0.000000 25.000000 0.000000 0.000000 -40.000000 0.000000 0.000000 9.553365 0.000000 0.000000 0.000000 
-1.610392 107.096503 512.522297 -2.897777 0.000000 0.000000 1.931852 0.000000 0.000000 0.000000 0.000000 0.000000 0.000000 0.000000 0.000000 0.000000 0.000000 0.000000 0.000000 0.000000 -1.000000 0.000000 0.000000 0.000000 0.000000 0.000000 14.488887 0.000000 0.000000 -5.000000 0.000000 0.000000 0.000000 0.000000 0.000000 0.000000 0.000000 0.000000 -14.488887 0.000000 0.000000 -5.000000 0.000000 0.000000 0.000000 0.000000 0.000000 -24.148146 0.000000 0.000000 0.000000 0.000000 0.000000 -8.462979 0.000000 0.000000 0.000000 0.000000 0.000000 24.148146 0.000000 0.000000 -38.637033 0.000000 0.000000 8.462979 0.000000 0.000000 0.000000 
-1.460541 106.996602 514.191750 -2.598076 0.000000 0.000000 1.732051 0.000000 0.000000 0.000000 0.000000 0.000000 0.000000 0.000000 0.000000 0.000000 0.000000 0.000000 0.000000 0.000000 -1.732051 0.000000 0.000000 0.000000 0.000000 0.000000 12.990381 0.000000 0.000000 -5.000000 0.000000 0.000000 0.000000 0.000000 0.000000 0.000000 0.000000 0.000000 -12.990381 0.000000 0.000000 -5.000000 0.000000 0.000000 0.000000 0.000000 0.000000 -21.650635 0.000000 0.000000 0.000000 0.000000 0.000000 -6.795856 0.000000 0.000000 0.000000 0.000000 0.000000 21.650635 0.000000 0.000000 -34.641016 0.000000 0.000000 6.795856 0.000000 0.000000 0.000000 
-1.222163 106.837684 515.861204 -2.121320 0.000000 0.000000 1.414214 0.000000 0.000000 0.000000 0.000000 0.000000 0.000000 0.000000 0.000000 0.000000 0.000000 0.000000 0.000000 0.000000 -2.000000 0.000000 0.000000 0.000000 0.000000 0.000000 10.606602 0.000000 0.000000 -5.000000 0.000000 0.000000 0.000000 0.000000 0.000000 0.000000 0.000000 0.000000 -10.606602 0.000000 0.000000 -5.000000 0.000000 0.000000 0.000000 0.000000 0.000000 -17.677670 0.000000 0.000000 0.000000 0.000000 0.000000 -4.665606 0.000000 0.000000 0.000000 0.000000 0.000000 17.677670 0.000000 0.000000 -28.284271 0.000000 0.000000 4.665606 0.000000 0.000000 0.000000 
-0.911503 106.630577 517.530658 -1.500000 0.000000 0.000000 1.000000 0.000000 0.000000 0.000000 0.000000 0.000000 0.000000 0.000000 0.000000 0.000000 0.000000 0.000000 0.000000 0.000000 -1.732051 0.000000 0.000000 0.000000 0.000000 0.000000 7.500000 0.000000 0.000000 -5.000000 0.000000 0.000000 0.000000 0.000000 0.000000 0.000000 0.000000 0.000000 -7.500000 0.000000 0.000000 -5.000000 0.000000 0.000000 0.000000 0.000000 0.000000 -12.500000 0.000000 0.000000 0.000000 0.000000 0.000000 -2.217402 0.000000 0.000000 0.000000 0.000000 0.000000 12.500000 0.000000 0.000000 -20.000000 0.000000 0.000000 2.217402 0.000000 0.000000 0.000000 
-0.549732 106.389396 519.200111 -0.776457 0.000000 0.000000 0.517638 0.000000 0.000000 0.000000 0.000000 0.000000 0.000000 0.000000 0.000000 0.000000 0.000000 0.000000 0.000000 0.000000 -1.000000 0.000000 0.000000 0.000000 0.000000 0.000000 3.882286 0.000000 0.000000 -5.000000 0.000000 0.000000 0.000000 0.000000 0.000000 0.000000 0.000000 0.000000 -3.882286 0.000000 0.000000 -5.000000 0.000000 0.000000 0.000000 0.000000 0.000000 -6.470476 0.000000 0.000000 0.000000 0.000000 0.000000 0.381913 0.000000 0.000000 0.000000 0.000000 0.000000 6.470476 0.000000 0.000000 -10.352762 0.000000 0.000000 -0.381913 0.000000 0.000000 0.000000 
-0.161503 106.130577 520.869565 -0.000000 0.000000 0.000000 0.000000 0.000000 0.000000 0.000000 0.000000 0.000000 0.000000 0.000000 0.000000 0.000000 0.000000 0.000000 0.000000 0.000000 -0.000000 0.000000 0.000000 0.000000 0.000000 0.000000 0.000000 0.000000 0.000000 -5.000000 0.000000 0.000000 0.000000 0.000000 0.000000 0.000000 0.000000 0.000000 -0.000000 0.000000 0.000000 -5.000000 0.000000 0.000000 0.000000 0.000000 0.000000 -0.000000 0.000000 0.000000 0.000000 0.000000 0.000000 2.955202 0.000000 0.000000 0.000000 0.000000 0.000000 0.000000 0.000000 0.000000 -0.000000 0.000000 0.000000 -2.955202 0.000000 0.000000 0.000000 
0.226726 106.389396 522.539019 0.776457 0.000000 0.000000 -0.517638 0.000000 0.000000 0.000000 0.000000 0.000000 0.000000 0.000000 0.000000 0.000000 0.000000 0.000000 0.000000 0.000000 1.000000 0.000000 0.000000 0.000000 0.000000 0.000000 -3.882286 0.000000 0.000000 -5.000000 0.000000 0.000000 0.000000 0.000000 0.000000 0.000000 0.000000 0.000000 3.882286 0.000000 0.000000 -5.000000 0.000000 0.000000 0.000000 0.000000 0.000000 6.470476 0.000000 0.000000 -10.352762 0.000000 0.000000 5.327099 0.000000 0.000000 0.000000 0.000000 0.000000 -6.470476 0.000000 0.000000 0.000000 0.000000 0.000000 -5.327099 0.000000 0.000000 0.000000 
0.588497 106.630577 524.208473 1.500000 0.000000 0.000000 -1.000000 0.000000 0.000000 0.000000 0.000000 0.000000 0.000000 0.000000 0.000000 0.000000 0.000000 0.000000 0.000000 0.000000 1.732051 0.000000 0.000000 0.000000 0.000000 0.000000 -7.500000 0.000000 0.000000 -5.000000 0.000000 0.000000 0.000000 0.000000 0.000000 0.000000 0.000000 0.000000 7.500000 0.000000 0.000000 -5.000000 0.000000 0.000000 0.000000 0.000000 0.000000 12.500000 0.000000 0.000000 -20.000000 0.000000 0.000000 7.335963 0.000000 0.000000 0.000000 0.000000 0.000000 -12.500000 0.000000 0.000000 0.000000 0.000000 0.000000 -7.335963 0.000000 0.000000 0.000000 
0.899157 106.837684 525.877926 2.121320 0.000000 0.000000 -1.414214 0.000000 0.000000 0.000000 0.000000 0.000000 0.000000 0.000000 0.000000 0.000000 0.000000 0.000000 0.000000 0.000000 2.000000 0.000000 0.000000 0.000000 0.000000 0.000000 -10.606602 0.000000 0.000000 -5.000000 0.000000 0.000000 0.000000 0.000000 0.000000 0.000000 0.000000 0.000000 10.606602 0.000000 0.000000 -5.000000 0.000000 0.000000 0.000000 0.000000 0.000000 17.677670 0.000000 0.000000 -28.284271 0.000000 0.000000 8.844893 0.000000 0.000000 0.000000 0.000000 0.000000 -17.677670 0.000000 0.000000 0.000000 0.000000 0.000000 -8.844893 0.000000 0.000000 0.000000 
1.137535 106.996602 527.547380 2.598076 0.000000 0.000000 -1.732051 0.000000 0.000000 0.000000 0.000000 0.000000 0.000000 0.000000 0.000000 0.000000 0.000000 0.000000 0.000000 0.000000 1.732051 0.000000 0.000000 0.000000 0.000000 0.000000 -12.990381 0.000000 0.000000 -5.000000 0.000000 0.000000 0.000000 0.000000 0.000000 0.000000 0.000000 0.000000 12.990381 0.000000 0.000000 -5.000000 0.000000 0.000000 0.000000 0.000000 0.000000 21.650635 0.000000 0.000000 -34.641016 0.000000 0.000000 9.751058 0.000000 0.000000 0.000000 0.000000 0.000000 -21.650635 0.000000 0.000000 0.000000 0.000000 0.000000 -9.751058 0.000000 0.000000 0.000000 
1.287386 107.096503 529.216834 2.897777 0.000000 0.000000 -1.931852 0.000000 0.000000 0.000000 0.000000 0.000000 0.000000 0.000000 0.000000 0.000000 0.000000 0.000000 0.000000 0.000000 1.000000 0.000000 0.000000 0.000000 0.000000 0.000000 -14.488887 0.000000 0.000000 -5.000000 0.000000 0.000000 0.000000 0.000000 0.000000 0.000000 0.000000 0.000000 14.488887 0.000000 0.000000 -5.000000 0.000000 0.000000 0.000000 0.000000 0.000000 24.148146 0.000000 0.000000 -38.637033 0.000000 0.000000 9.992704 0.000000 0.000000 0.000000 0.000000 0.000000 -24.148146 0.000000 0.000000 0.000000 0.000000 0.000000 -9.992704 0.000000 0.000000 0.000000 
1.338497 107.130577 530.886288 3.000000 0.000000 0.000000 -2.000000 0.000000 0.000000 0.000000 0.000000 0.000000 0.000000 0.000000 0.000000 0.000000 0.000000 0.000000 0.000000 0.000000 0.000000 0.000000 0.000000 0.000000 0.000000 0.000000 -15.000000 0.000000 0.000000 -5.000000 0.000000 0.000000 0.000000 0.000000 0.000000 0.000000 0.000000 0.000000 15.000000 0.000000 0.000000 -5.000000 0.000000 0.000000 0.000000 0.000000 0.000000 25.000000 0.000000 0.000000 -40.000000 0.000000 0.000000 9.553365 0.000000 0.000000 0.000000 0.000000 0.000000 -25.000000 0.000000 0.000000 0.000000 0.000000 0.000000 -9.553365 0.000000 0.000000 0.000000 
1.287386 107.096503 532.555741 2.897777 0.000000 0.000000 -1.931852 0.000000 0.000000 0.000000 0.000000 0.000000 0.000000 0.000000 0.000000 0.000000 0.000000 0.000000 0.000000 0.000000 -1.000000 0.000000 0.000000 0.000000 0.000000 0.000000 -14.488887 0.000000 0.000000 -5.000000 0.000000 0.000000 0.000000 0.000000 0.000000 0.000000 0.000000 0.000000 14.488887 0.000000 0.000000 -5.000000 0.000000 0.000000 0.000000 0.000000 0.000000 24.148146 0.000000 0.000000 -38.637033 0.000000 0.000000 8.462979 0.000000 0.000000 0.000000 0.000000 0.000000 -24.148146 0.000000 0.000000 0.000000 0.000000 0.000000 -8.462979 0.000000 0.000000 0.000000 
1.137535 106.996602 534.225195 2.598076 0.000000 0.000000 -1.732051 0.000000 0.000000 0.000000 0.000000 0.000000 0.000000 0.000000 0.000000 0.000000 0.000000 0.000000 0.000000 0.000000 -1.732051 0.000000 0.000000 0.000000 0.000000 0.000000 -12.990381 0.000000 0.000000 -5.000000 0.000000 0.000000 0.000000 0.000000 0.000000 0.000000 0.000000 0.000000 12.990381 0.000000 0.000000 -5.000000 0.000000 0.000000 0.000000 0.000000 0.000000 21.650635 0.000000 0.000000 -34.641016 0.000000 0.000000 6.795856 0.000000 0.000000 0.000000 0.000000 0.000000 -21.650635 0.000000 0.000000 0.000000 0.000000 0.000000 -6.795856 0.000000 0.000000 0.000000 
0.899157 106.837684 535.894649 2.121320 0.000000 0.000000 -1.414214 0.000000 0.000000 0.000000 0.000000 0.000000 0.000000 0.000000 0.000000 0.000000 0.000000 0.000000 0.000000 0.000000 -2.000000 0.000000 0.000000 0.000000 0.000000 0.000000 -10.606602 0.000000 0.000000 -5.000000 0.000000 0.000000 0.000000 0.000000 0.000000 0.000000 0.000000 0.000000 10.606602 0.000000 0.000000 -5.000000 0.000000 0.000000 0.000000 0.000000 0.000000 17.677670 0.000000 0.000000 -28.284271 0.000000 0.000000 4.665606 0.000000 0.000000 0.000000 0.000000 0.000000 -17.677670 0.000000 0.000000 0.000000 0.000000 0.000000 -4.665606 0.000000 0.000000 0.000000 
0.588497 106.630577 537.564103 1.500000 0.000000 0.000000 -1.000000 0.000000 0.000000 0.000000 0.000000 0.000000 0.000000 0.000000 0.000000 0.000000 0.000000 0.000000 0.000000 0.000000 -1.732051 0.000000 0.000000 0.000000 0.000000 0.000000 -7.500000 0.000000 0.000000 -5.000000 0.000000 0.000000 0.000000 0.000000 0.000000 0.000000 0.000000 0.000000 7.500000 0.000000 0.000000 -5.000000 0.000000 0.000000 0.000000 0.000000 0.000000 12.500000 0.000000 0.000000 -20.000000 0.000000 0.000000 2.217402 0.000000 0.000000 0.000000 0.000000 0.000000 -12.500000 0.000000 0.000000 0.000000 0.000000 0.000000 -2.217402 0.000000 0.000000 0.000000 
0.226726 106.389396 539.233556 0.776457 0.000000 0.000000 -0.517638 0.000000 0.000000 0.000000 0.000000 0.000000 0.000000 0.000000 0.000000 0.000000 0.000000 0.000000 0.000000 0.000000 -1.000000 0.000000 0.000000 0.000000 0.000000 0.000000 -3.882286 0.000000 0.000000 -5.000000 0.000000 0.000000 0.000000 0.000000 0.000000 0.000000 0.000000 0.000000 3.882286 0.000000 0.000000 -5.000000 0.000000 0.000000 0.000000 0.000000 0.000000 6.470476 0.000000 0.000000 -10.352762 0.000000 0.000000 -0.381913 0.000000 0.000000 0.000000 0.000000 0.000000 -6.470476 0.000000 0.000000 0.000000 0.000000 0.000000 0.381913 0.000000 0.000000 0.000000 
-0.161503 106.130577 540.903010 0.000000 0.000000 0.000000 -0.000000 0.000000 0.000000 0.000000 0.000000 0.000000 0.000000 0.000000 0.000000 0.000000 0.000000 0.000000 0.000000 0.000000 -0.000000 0.000000 0.000000 0.000000 0.000000 0.000000 -0.000000 0.000000 0.000000 -5.000000 0.000000 0.000000 0.000000 0.000000 0.000000 0.000000 0.000000 0.000000 0.000000 0.000000 0.000000 -5.000000 0.000000 0.000000 0.000000 0.000000 0.000000 0.000000 0.000000 0.000000 -0.000000 0.000000 0.000000 -2.955202 0.000000 0.000000 0.000000 0.000000 0.000000 -0.000000 0.000000 0.000000 0.000000 0.000000 0.000000 2.955202 0.000000 0.000000 0.000000 
-0.549732 106.389396 542.572464 -0.776457 0.000000 0.000000 0.517638 0.000000 0.000000 0.000000 0.000000 0.000000 0.000000 0.000000 0.000000 0.000000 0.000000 0.000000 0.000000 0.000000 1.000000 0.000000 0.000000 0.000000 0.000000 0.000000 3.882286 0.000000 0.000000 -5.000000 0.000000 0.000000 0.000000 0.000000 0.000000 0.000000 0.000000 0.000000 -3.882286 0.000000 0.000000 -5.000000 0.000000 0.000000 0.000000 0.000000 0.000000 -6.470476 0.000000 0.000000 0.000000 0.000000 0.000000 -5.327099 0.000000 0.000000 0.000000 0.000000 0.000000 6.470476 0.000000 0.000000 -10.352762 0.000000 0.000000 5.327099 0.000000 0.000000 0.000000 
-0.911503 106.630577 544.241918 -1.500000 0.000000 0.000000 1.000000 0.000000 0.000000 0.000000 0.000000 0.000000 0.000000 0.000000 0.000000 0.000000 0.000000 0.000000 0.000000 0.000000 1.732051 0.000000 0.000000 0.000000 0.000000 0.000000 7.500000 0.000000 0.000000 -5.000000 0.000000 0.000000 0.000000 0.000000 0.000000 0.000000 0.000000 0.000000 -7.500000 0.000000 0.000000 -5.000000 0.000000 0.000000 0.000000 0.000000 0.000000 -12.500000 0.000000 0.000000 0.000000 0.000000 0.000000 -7.335963 0.000000 0.000000 0.000000 0.000000 0.000000 12.500000 0.000000 0.000000 -20.000000 0.000000 0.000000 7.335963 0.000000 0.000000 0.000000 
-1.222163 106.837684 545.911371 -2.121320 0.000000 0.000000 1.414214 0.000000 0.000000 0.000000 0.000000 0.000000 0.000000 0.000000 0.000000 0.000000 0.000000 0.000000 0.000000 0.000000 2.000000 0.000000 0.000000 0.000000 0.000000 0.000000 10.606602 0.000000 0.000000 -5.000000 0.000000 0.000000 0.000000 0.000000 0.000000 0.000000 0.000000 0.000000 -10.606602 0.000000 0.000000 -5.000000 0.000000 0.000000 0.000000 0.000000 0.000000 -17.677670 0.000000 0.000000 0.000000 0.000000 0.000000 -8.844893 0.000000 0.000000 0.000000 0.000000 0.000000 17.677670 0.000000 0.000000 -28.284271 0.000000 0.000000 8.844893 0.000000 0.000000 0.000000 
-1.460541 106.996602 547.580825 -2.598076 0.000000 0.000000 1.732051 0.000000 0.000000 0.000000 0.000000 0.000000 0.000000 0.000000 0.000000 0.000000 0.000000 0.000000 0.000000 0.000000 1.732051 0.000000 0.000000 0.000000 0.000000 0.000000 12.990381 0.000000 0.000000 -5.000000 0.000000 0.000000 0.000000 0.000000 0.000000 0.000000 0.000000 0.000000 -12.990381 0.000000 0.000000 -5.000000 0.000000 0.000000 0.000000 0.000000 0.000000 -21.650635 0.000000 0.000000 0.000000 0.000000 0.000000 -9.751058 0.000000 0.000000 0.000000 0.000000 0.000000 21.650635 0.000000 0.000000 -34.641016 0.000000 0.000000 9.751058 0.000000 0.000000 0.000000 
-1.610392 107.096503 549.250279 -2.897777 0.000000 0.000000 1.931852 0.000000 0.000000 0.000000 0.000000 0.000000 0.000000 0.000000 0.000000 0.000000 0.000000 0.000000 0.000000 0.000000 1.000000 0.000000 0.000000 0.000000 0.000000 0.000000 14.488887 0.000000 0.000000 -5.000000 0.000000 0.000000 0.000000 0.000000 0.000000 0.000000 0.000000 0.000000 -14.488887 0.000000 0.000000 -5.000000 0.000000 0.000000 0.000000 0.000000 0.000000 -24.148146 0.000000 0.000000 0.000000 0.000000 0.000000 -9.992704 0.000000 0.000000 0.000000 0.000000 0.000000 24.148146 0.000000 0.000000 -38.637033 0.000000 0.000000 9.992704 0.000000 0.000000 0.000000 
-1.661503 107.130577 550.919732 -3.000000 0.000000 0.000000 2.000000 0.000000 0.000000 0.000000 0.000000 0.000000 0.000000 0.000000 0.000000 0.000000 0.000000 0.000000 0.000000 0.000000 0.000000 0.000000 0.000000 0.000000 0.000000 0.000000 15.000000 0.000000 0.000000 -5.000000 0.000000 0.000000 0.000000 0.000000 0.000000 0.000000 0.000000 0.000000 -15.000000 0.000000 0.000000 -5.000000 0.000000 0.000000 0.000000 0.000000 0.000000 -25.000000 0.000000 0.000000 0.000000 0.000000 0.000000 -9.553365 0.000000 0.000000 0.000000 0.000000 0.000000 25.000000 0.000000 0.000000 -40.000000 0.000000 0.000000 9.553365 0.000000 0.000000 0.000000 
-1.610392 107.096503 552.589186 -2.897777 0.000000 0.000000 1.931852 0.000000 0.000000 0.000000 0.000000 0.000000 0.000000 0.000000 0.000000 0.000000 0.000000 0.000000 0.000000 0.000000 -1.000000 0.000000 0.000000 0.000000 0.000000 0.000000 14.488887 0.000000 0.000000 -5.000000 0.000000 0.000000 0.000000 0.000000 0.000000 0.000000 0.000000 0.000000 -14.488887 0.000000 0.000000 -5.000000 0.000000 0.000000 0.000000 0.000000 0.000000 -24.148146 0.000000 0.000000 0.000000 0.000000 0.000000 -8.462979 0.000000 0.000000 0.000000 0.000000 0.000000 24.148146 0.000000 0.000000 -38.637033 0.000000 0.000000 8.462979 0.000000 0.000000 0.000000 
-1.460541 106.996602 554.258640 -2.598076 0.000000 0.000000 1.732051 0.000000 0.000000 0.000000 0.000000 0.000000 0.000000 0.000000 0.000000 0.000000 0.000000 0.000000 0.000000 0.000000 -1.732051 0.000000 0.000000 0.000000 0.000000 0.000000 12.990381 0.000000 0.000000 -5.000000 0.000000 0.000000 0.000000 0.000000 0.000000 0.000000 0.000000 0.000000 -12.990381 0.000000 0.000000 -5.000000 0.000000 0.000000 0.000000 0.000000 0.000000 -21.650635 0.000000 0.000000 0.000000 0.000000 0.000000 -6.795856 0.000000 0.000000 0.000000 0.000000 0.000000 21.650635 0.000000 0.000000 -34.641016 0.000000 0.000000 6.795856 0.000000 0.000000 0.000000 
-1.222163 106.837684 555.928094 -2.121320 0.000000 0.000000 1.414214 0.000000 0.000000 0.000000 0.000000 0.000000 0.000000 0.000000 0.000000 0.000000 0.000000 0.000000 0.000000 0.000000 -2.000000 0.000000 0.000000 0.000000 0.000000 0.000000 10.606602 0.000000 0.000000 -5.000000 0.000000 0.000000 0.000000 0.000000 0.000000 0.000000 0.000000 0.000000 -10.606602 0.000000 0.000000 -5.000000 0.000000 0.000000 0.000000 0.000000 0.000000 -17.677670 0.000000 0.000000 0.000000 0.000000 0.000000 -4.665606 0.000000 0.000000 0.000000 0.000000 0.000000 17.677670 0.000000 0.000000 -28.284271 0.000000 0.000000 4.665606 0.000000 0.000000 0.000000 
-0.911503 106.630577 557.597547 -1.500000 0.000000 0.000000 1.000000 0.000000 0.000000 0.000000 0.000000 0.000000 0.000000 0.000000 0.000000 0.000000 0.000000 0.000000 0.000000 0.000000 -1.732051 0.000000 0.000000 0.000000 0.000000 0.000000 7.500000 0.000000 0.000000 -5.000000 0.000000 0.000000 0.000000 0.000000 0.000000 0.000000 0.000000 0.000000 -7.500000 0.000000 0.000000 -5.000000 0.000000 0.000000 0.000000 0.000000 0.000000 -12.500000 0.000000 0.000000 0.000000 0.000000 0.000000 -2.217402 0.000000 0.000000 0.000000 0.000000 0.000000 12.500000 0.000000 0.000000 -20.000000 0.000000 0.000000 2.217402 0.000000 0.000000 0.000000 
-0.549732 106.389396 559.267001 -0.776457 0.000000 0.000000 0.517638 0.000000 0.000000 0.000000 0.000000 0.000000 0.000000 0.000000 0.000000 0.000000 0.000000 0.000000 0.000000 0.000000 -1.000000 0.000000 0.000000 0.000000 0.000000 0.000000 3.882286 0.000000 0.000000 -5.000000 0.000000 0.000000 0.000000 0.000000 0.000000 0.000000 0.000000 0.000000 -3.882286 0.000000 0.000000 -5.000000 0.000000 0.000000 0.000000 0.000000 0.000000 -6.470476 0.000000 0.000000 0.000000 0.000000 0.000000 0.381913 0.000000 0.000000 0.000000 0.000000 0.000000 6.470476 0.000000 0.000000 -10.352762 0.000000 0.000000 -0.381913 0.000000 0.000000 0.000000 
-0.161503 106.130577 560.936455 -0.000000 0.000000 0.000000 0.000000 0.000000 0.000000 0.000000 0.000000 0.000000 0.000000 0.000000 0.000000 0.000000 0.000000 0.000000 0.000000 0.000000 -0.000000 0.000000 0.000000 0.000000 0.000000 0.000000 -0.000000 0.000000 0.000000 -5.000000 0.000000 0.000000 0.000000 0.000000 0.000000 0.000000 0.000000 0.000000 -0.000000 0.000000 0.000000 -5.000000 0.000000 0.000000 0.000000 0.000000 0.000000 -0.000000 0.000000 0.000000 0.000000 0.000000 0.000000 2.955202 0.000000 0.000000 0.000000 0.000000 0.000000 -0.000000 0.000000 0.000000 0.000000 0.000000 0.000000 -2.955202 0.000000 0.000000 0.000000 
0.226726 106.389396 562.605909 0.776457 0.000000 0.000000 -0.517638 0.000000 0.000000 0.000000 0.000000 0.000000 0.000000 0.000000 0.000000 0.000000 0.000000 0.000000 0.000000 0.000000 1.000000 0.000000 0.000000 0.000000 0.000000 0.000000 -3.882286 0.000000 0.000000 -5.000000 0.000000 0.000000 0.000000 0.000000 0.000000 0.000000 0.000000 0.000000 3.882286 0.000000 0.000000 -5.000000 0.000000 0.000000 0.000000 0.000000 0.000000 6.470476 0.000000 0.000000 -10.352762 0.000000 0.000000 5.327099 0.000000 0.000000 0.000000 0.000000 0.000000 -6.470476 0.000000 0.000000 0.000000 0.000000 0.000000 -5.327099 0.000000 0.000000 0.000000 
0.588497 106.630577 564.275362 1.500000 0.000000 0.000000 -1.000000 0.000000 0.000000 0.000000 0.000000 0.000000 0.000000 0.000000 0.000000 0.000000 0.000000 0.000000 0.000000 0.000000 1.732051 0.000000 0.000000 0.000000 0.000000 0.000000 -7.500000 0.000000 0.000000 -5.000000 0.000000 0.000000 0.000000 0.000000 0.000000 0.000000 0.000000 0.000000 7.500000 0.000000 0.000000 -5.000000 0.000000 0.000000 0.000000 0.000000 0.000000 12.500000 0.000000 0.000000 -20.000000 0.000000 0.000000 7.335963 0.000000 0.000000 0.000000 0.000000 0.000000 -12.500000 0.000000 0.000000 0.000000 0.000000 0.000000 -7.335963 0.000000 0.000000 0.000000 
0.899157 106.837684 565.944816 2.121320 0.000000 0.000000 -1.414214 0.000000 0.000000 0.000000 0.000000 0.000000 0.000000 0.000000 0.000000 0.000000 0.000000 0.000000 0.000000 0.000000 2.000000 0.000000 0.000000 0.000000 0.000000 0.000000 -10.606602 0.000000 0.000000 -5.000000 0.000000 0.000000 0.000000 0.000000 0.000000 0.000000 0.000000 0.000000 10.606602 0.000000 0.000000 -5.000000 0.000000 0.000000 0.000000 0.000000 0.000000 17.677670 0.000000 0.000000 -28.284271 0.000000 0.000000 8.844893 0.000000 0.000000 0.000000 0.000000 0.000000 -17.677670 0.000000 0.000000 0.000000 0.000000 0.000000 -8.844893 0.000000 0.000000 0.000000 
1.137535 106.996602 567.614270 2.598076 0.000000 0.000000 -1.732051 0.000000 0.000000 0.000000 0.000000 0.000000 0.000000 0.000000 0.000000 0.000000 0.000000 0.000000 0.000000 0.000000 1.732051 0.000000 0.000000 0.000000 0.000000 0.000000 -12.990381 0.000000 0.000000 -5.000000 0.000000 0.000000 0.000000 0.000000 0.000000 0.000000 0.000000 0.000000 12.990381 0.000000 0.000000 -5.000000 0.000000 0.000000 0.000000 0.000000 0.000000 21.650635 0.000000 0.000000 -34.641016 0.000000 0.000000 9.751058 0.000000 0.000000 0.000000 0.000000 0.000000 -21.650635 0.000000 0.000000 0.000000 0.000000 0.000000 -9.751058 0.000000 0.000000 0.000000 
1.287386 107.096503 569.283724 2.897777 0.000000 0.000000 -1.931852 0.000000 0.000000 0.000000 0.000000 0.000000 0.000000 0.000000 0.000000 0.000000 0.000000 0.000000 0.000000 0.000000 1.000000 0.000000 0.000000 0.000000 0.000000 0.000000 -14.488887 0.000000 0.000000 -5.000000 0.000000 0.000000 0.000000 0.000000 0.000000 0.000000 0.000000 0.000000 14.488887 0.000000 0.000000 -5.000000 0.000000 0.000000 0.000000 0.000000 0.000000 24.148146 0.000000 0.000000 -38.637033 0.000000 0.000000 9.992704 0.000000 0.000000 0.000000 0.000000 0.000000 -24.148146 0.000000 0.000000 0.000000 0.000000 0.000000 -9.992704 0.000000 0.000000 0.000000 
1.338497 107.130577 570.953177 3.000000 0.000000 0.000000 -2.000000 0.000000 0.000000 0.000000 0.000000 0.000000 0.000000 0.000000 0.000000 0.000000 0.000000 0.000000 0.000000 0.000000 -0.000000 0.000000 0.000000 0.000000 0.000000 0.000000 -15.000000 0.000000 0.000000 -5.000000 0.000000 0.000000 0.000000 0.000000 0.000000 0.000000 0.000000 0.000000 15.000000 0.000000 0.000000 -5.000000 0.000000 0.000000 0.000000 0.000000 0.000000 25.000000 0.000000 0.000000 -40.000000 0.000000 0.000000 9.553365 0.000000 0.000000 0.000000 0.000000 0.000000 -25.000000 0.000000 0.000000 0.000000 0.000000 0.000000 -9.553365 0.000000 0.000000 0.000000 
1.287386 107.096503 572.622631 2.897777 0.000000 0.000000 -1.931852 0.000000 0.000000 0.000000 0.000000 0.000000 0.000000 0.000000 0.000000 0.000000 0.000000 0.000000 0.000000 0.000000 -1.000000 0.000000 0.000000 0.000000 0.000000 0.000000 -14.488887 0.000000 0.000000 -5.000000 0.000000 0.000000 0.000000 0.000000 0.000000 0.000000 0.000000 0.000000 14.488887 0.000000 0.000000 -5.000000 0.000000 0.000000 0.000000 0.000000 0.000000 24.148146 0.000000 0.000000 -38.637033 0.000000 0.000000 8.462979 0.000000 0.000000 0.000000 0.000000 0.000000 -24.148146 0.000000 0.000000 0.000000 0.000000 0.000000 -8.462979 0.000000 0.000000 0.000000 
1.137535 106.996602 574.292085 2.598076 0.000000 0.000000 -1.732051 0.000000 0.000000 0.000000 0.000000 0.000000 0.000000 0.000000 0.000000 0.000000 0.000000 0.000000 0.000000 0.000000 -1.732051 0.000000 0.000000 0.000000 0.000000 0.000000 -12.990381 0.000000 0.000000 -5.000000 0.000000 0.000000 0.000000 0.000000 0.000000 0.000000 0.000000 0.000000 12.990381 0.000000 0.000000 -5.000000 0.000000 0.000000 0.000000 0.000000 0.000000 21.650635 0.000000 0.000000 -34.641016 0.000000 0.000000 6.795856 0.000000 0.000000 0.000000 0.000000 0.000000 -21.650635 0.000000 0.000000 0.000000 0.000000 0.000000 -6.795856 0.000000 0.000000 0.000000 
0.899157 106.837684 575.961538 2.121320 0.000000 0.000000 -1.414214 0.000000 0.000000 0.000000 0.000000 0.000000 0.000000 0.000000 0.000000 0.000000 0.000000 0.000000 0.000000 0.000000 -2.000000 0.000000 0.000000 0.000000 0.000000 0.000000 -10.606602 0.000000 0.000000 -5.000000 0.000000 0.000000 0.000000 0.000000 0.000000 0.000000 0.000000 0.000000 10.606602 0.000000 0.000000 -5.000000 0.000000 0.000000 0.000000 0.000000 0.000000 17.677670 0.000000 0.000000 -28.284271 0.000000 0.000000 4.665606 0.000000 0.000000 0.000000 0.000000 0.000000 -17.677670 0.000000 0.000000 0.000000 0.000000 0.000000 -4.665606 0.000000 0.000000 0.000000 
0.588497 106.630577 577.630992 1.500000 0.000000 0.000000 -1.000000 0.000000 0.000000 0.000000 0.000000 0.000000 0.000000 0.000000 0.000000 0.000000 0.000000 0.000000 0.000000 0.000000 -1.732051 0.000000 0.000000 0.000000 0.000000 0.000000 -7.500000 0.000000 0.000000 -5.000000 0.000000 0.000000 0.000000 0.000000 0.000000 0.000000 0.000000 0.000000 7.500000 0.000000 0.000000 -5.000000 0.000000 0.000000 0.000000 0.000000 0.000000 12.500000 0.000000 0.000000 -20.000000 0.000000 0.000000 2.217402 0.000000 0.000000 0.000000 0.000000 0.000000 -12.500000 0.000000 0.000000 0.000000 0.000000 0.000000 -2.217402 0.000000 0.000000 0.000000 
0.226726 106.389396 579.300446 0.776457 0.000000 0.000000 -0.517638 0.000000 0.000000 0.000000 0.000000 0.000000 0.000000 0.000000 0.000000 0.000000 0.000000 0.000000 0.000000 0.000000 -1.000000 0.000000 0.000000 0.000000 0.000000 0.000000 -3.882286 0.000000 0.000000 -5.000000 0.000000 0.000000 0.000000 0.000000 0.000000 0.000000 0.000000 0.000000 3.882286 0.000000 0.000000 -5.000000 0.000000 0.000000 0.000000 0.000000 0.000000 6.470476 0.000000 0.000000 -10.352762 0.000000 0.000000 -0.381913 0.000000 0.000000 0.000000 0.000000 0.000000 -6.470476 0.000000 0.000000 0.000000 0.000000 0.000000 0.381913 0.000000 0.000000 0.000000 
-0.161503 106.130577 580.969900 0.000000 0.000000 0.000000 -0.000000 0.000000 0.000000 0.000000 0.000000 0.000000 0.000000 0.000000 0.000000 0.000000 0.000000 0.000000 0.000000 0.000000 -0.000000 0.000000 0.000000 0.000000 0.000000 0.000000 -0.000000 0.000000 0.000000 -5.000000 0.000000 0.000000 0.000000 0.000000 0.000000 0.000000 0.000000 0.000000 0.000000 0.000000 0.000000 -5.000000 0.000000 0.000000 0.000000 0.000000 0.000000 0.000000 0.000000 0.000000 -0.000000 0.000000 0.000000 -2.955202 0.000000 0.000000 0.000000 0.000000 0.000000 -0.000000 0.000000 0.000000 0.000000 0.000000 0.000000 2.955202 0.000000 0.000000 0.000000 
-0.549732 106.389396 582.639353 -0.776457 0.000000 0.000000 0.517638 0.000000 0.000000 0.000000 0.000000 0.000000 0.000000 0.000000 0.000000 0.000000 0.000000 0.000000 0.000000 0.000000 1.000000 0.000000 0.000000 0.000000 0.000000 0.000000 3.882286 0.000000 0.000000 -5.000000 0.000000 0.000000 0.000000 0.000000 0.000000 0.000000 0.000000 0.000000 -3.882286 0.000000 0.000000 -5.000000 0.000000 0.000000 0.000000 0.000000 0.000000 -6.470476 0.000000 0.000000 0.000000 0.000000 0.000000 -5.327099 0.000000 0.000000 0.000000 0.000000 0.000000 6.470476 0.000000 0.000000 -10.352762 0.000000 0.000000 5.327099 0.000000 0.000000 0.000000 
-0.911503 106.630577 584.308807 -1.500000 0.000000 0.000000 1.000000 0.000000 0.000000 0.000000 0.000000 0.000000 0.000000 0.000000 0.000000 0.000000 0.000000 0.000000 0.000000 0.000000 1.732051 0.000000 0.000000 0.000000 0.000000 0.000000 7.500000 0.000000 0.000000 -5.000000 0.000000 0.000000 0.000000 0.000000 0.000000 0.000000 0.000000 0.000000 -7.500000 0.000000 0.000000 -5.000000 0.000000 0.000000 0.000000 0.000000 0.000000 -12.500000 0.000000 0.000000 0.000000 0.000000 0.000000 -7.335963 0.000000 0.000000 0.000000 0.000000 0.000000 12.500000 0.000000 0.000000 -20.000000 0.000000 0.000000 7.335963 0.000000 0.000000 0.000000 
-1.222163 106.837684 585.978261 -2.121320 0.000000 0.000000 1.414214 0.000000 0.000000 0.000000 0.000000 0.000000 0.000000 0.000000 0.000000 0.000000 0.000000 0.000000 0.000000 0.000000 2.000000 0.000000 0.000000 0.000000 0.000000 0.000000 10.606602 0.000000 0.000000 -5.000000 0.000000 0.000000 0.000000 0.000000 0.000000 0.000000 0.000000 0.000000 -10.606602 0.000000 0.000000 -5.000000 0.000000 0.000000 0.000000 0.000000 0.000000 -17.677670 0.000000 0.000000 0.000000 0.000000 0.000000 -8.844893 0.000000 0.000000 0.000000 0.000000 0.000000 17.677670 0.000000 0.000000 -28.284271 0.000000 0.000000 8.844893 0.000000 0.000000 0.000000 
-1.460541 106.996602 587.647715 -2.598076 0.000000 0.000000 1.732051 0.000000 0.000000 0.000000 0.000000 0.000000 0.000000 0.000000 0.000000 0.000000 0.000000 0.000000 0.000000 0.000000 1.732051 0.000000 0.000000 0.000000 0.000000 0.000000 12.990381 0.000000 0.000000 -5.000000 0.000000 0.000000 0.000000 0.000000 0.000000 0.000000 0.000000 0.000000 -12.990381 0.000000 0.000000 -5.000000 0.000000 0.000000 0.000000 0.000000 0.000000 -21.650635 0.000000 0.000000 0.000000 0.000000 0.000000 -9.751058 0.000000 0.000000 0.000000 0.000000 0.000000 21.650635 0.000000 0.000000 -34.641016 0.000000 0.000000 9.751058 0.000000 0.000000 0.000000 
-1.610392 107.096503 589.317168 -2.897777 0.000000 0.000000 1.931852 0.000000 0.000000 0.000000 0.000000 0.000000 0.000000 0.000000 0.000000 0.000000 0.000000 0.000000 0.000000 0.000000 1.000000 0.000000 0.000000 0.000000 0.000000 0.000000 14.488887 0.000000 0.000000 -5.000000 0.000000 0.000000 0.000000 0.000000 0.000000 0.000000 0.000000 0.000000 -14.488887 0.000000 0.000000 -5.000000 0.000000 0.000000 0.000000 0.000000 0.000000 -24.148146 0.000000 0.000000 0.000000 0.000000 0.000000 -9.992704 0.000000 0.000000 0.000000 0.000000 0.000000 24.148146 0.000000 0.000000 -38.637033 0.000000 0.000000 9.992704 0.000000 0.000000 0.000000 
-1.661503 107.130577 590.986622 -3.000000 0.000000 0.000000 2.000000 0.000000 0.000000 0.000000 0.000000 0.000000 0.000000 0.000000 0.000000 0.000000 0.000000 0.000000 0.000000 0.000000 0.000000 0.000000 0.000000 0.000000 0.000000 0.000000 15.000000 0.000000 0.000000 -5.000000 0.000000 0.000000 0.000000 0.000000 0.000000 0.000000 0.000000 0.000000 -15.000000 0.000000 0.000000 -5.000000 0.000000 0.000000 0.000000 0.000000 0.000000 -25.000000 0.000000 0.000000 0.000000 0.000000 0.000000 -9.553365 0.000000 0.000000 0.000000 0.000000 0.000000 25.000000 0.000000 0.000000 -40.000000 0.000000 0.000000 9.553365 0.000000 0.000000 0.000000 
-1.610392 107.096503 592.656076 -2.897777 0.000000 0.000000 1.931852 0.000000 0.000000 0.000000 0.000000 0.000000 0.000000 0.000000 0.000000 0.000000 0.000000 0.000000 0.000000 0.000000 -1.000000 0.000000 0.000000 0.000000 0.000000 0.000000 14.488887 0.000000 0.000000 -5.000000 0.000000 0.000000 0.000000 0.000000 0.000000 0.000000 0.000000 0.000000 -14.488887 0.000000 0.000000 -5.000000 0.000000 0.000000 0.000000 0.000000 0.000000 -24.148146 0.000000 0.000000 0.000000 0.000000 0.000000 -8.462979 0.000000 0.000000 0.000000 0.000000 0.000000 24.148146 0.000000 0.000000 -38.637033 0.000000 0.000000 8.462979 0.000000 0.000000 0.000000 
-1.460541 106.996602 594.325530 -2.598076 0.000000 0.000000 1.732051 0.000000 0.000000 0.000000 0.000000 0.000000 0.000000 0.000000 0.000000 0.000000 0.000000 0.000000 0.000000 0.000000 -1.732051 0.000000 0.000000 0.000000 0.000000 0.000000 12.990381 0.000000 0.000000 -5.000000 0.000000 0.000000 0.000000 0.000000 0.000000 0.000000 0.000000 0.000000 -12.990381 0.000000 0.000000 -5.000000 0.000000 0.000000 0.000000 0.000000 0.000000 -21.650635 0.000000 0.000000 0.000000 0.000000 0.000000 -6.795856 0.000000 0.000000 0.000000 0.000000 0.000000 21.650635 0.000000 0.000000 -34.641016 0.000000 0.000000 6.795856 0.000000 0.000000 0.000000 
-1.222163 106.837684 595.994983 -2.121320 0.000000 0.000000 1.414214 0.000000 0.000000 0.000000 0.000000 0.000000 0.000000 0.000000 0.000000 0.000000 0.000000 0.000000 0.000000 0.000000 -2.000000 0.000000 0.000000 0.000000 0.000000 0.000000 10.606602 0.000000 0.000000 -5.000000 0.000000 0.000000 0.000000 0.000000 0.000000 0.000000 0.000000 0.000000 -10.606602 0.000000 0.000000 -5.000000 0.000000 0.000000 0.000000 0.000000 0.000000 -17.677670 0.000000 0.000000 0.000000 0.000000 0.000000 -4.665606 0.000000 0.000000 0.000000 0.000000 0.000000 17.677670 0.000000 0.000000 -28.284271 0.000000 0.000000 4.665606 0.000000 0.000000 0.000000 
-0.911503 106.630577 597.664437 -1.500000 0.000000 0.000000 1.000000 0.000000 0.000000 0.000000 0.000000 0.000000 0.000000 0.000000 0.000000 0.000000 0.000000 0.000000 0.000000 0.000000 -1.732051 0.000000 0.000000 0.000000 0.000000 0.000000 7.500000 0.000000 0.000000 -5.000000 0.000000 0.000000 0.000000 0.000000 0.000000 0.000000 0.000000 0.000000 -7.500000 0.000000 0.000000 -5.000000 0.000000 0.000000 0.000000 0.000000 0.000000 -12.500000 0.000000 0.000000 0.000000 0.000000 0.000000 -2.217402 0.000000 0.000000 0.000000 0.000000 0.000000 12.500000 0.000000 0.000000 -20.000000 0.000000 0.000000 2.217402 0.000000 0.000000 0.000000 
-0.549732 106.389396 599.333891 -0.776457 0.000000 0.000000 0.517638 0.000000 0.000000 0.000000 0.000000 0.000000 0.000000 0.000000 0.000000 0.000000 0.000000 0.000000 0.000000 0.000000 -1.000000 0.000000 0.000000 0.000000 0.000000 0.000000 3.882286 0.000000 0.000000 -5.000000 0.000000 0.000000 0.000000 0.000000 0.000000 0.000000 0.000000 0.000000 -3.882286 0.000000 0.000000 -5.000000 0.000000 0.000000 0.000000 0.000000 0.000000 -6.470476 0.000000 0.000000 0.000000 0.000000 0.000000 0.381913 0.000000 0.000000 0.000000 0.000000 0.000000 6.470476 0.000000 0.000000 -10.352762 0.000000 0.000000 -0.381913 0.000000 0.000000 0.000000 
-0.161503 106.130577 601.003344 -0.000000 0.000000 0.000000 0.000000 0.000000 0.000000 0.000000 0.000000 0.000000 0.000000 0.000000 0.000000 0.000000 0.000000 0.000000 0.000000 0.000000 -0.000000 0.000000 0.000000 0.000000 0.000000 0.000000 0.000000 0.000000 0.000000 -5.000000 0.000000 0.000000 0.000000 0.000000 0.000000 0.000000 0.000000 0.000000 -0.000000 0.000000 0.000000 -5.000000 0.000000 0.000000 0.000000 0.000000 0.000000 -0.000000 0.000000 0.000000 0.000000 0.000000 0.000000 2.955202 0.000000 0.000000 0.000000 0.000000 0.000000 0.000000 0.000000 0.000000 -0.000000 0.000000 0.000000 -2.955202 0.000000 0.000000 0.000000 
0.226726 106.389396 602.672798 0.776457 0.000000 0.000000 -0.517638 0.000000 0.000000 0.000000 0.000000 0.000000 0.000000 0.000000 0.000000 0.000000 0.000000 0.000000 0.000000 0.000000 1.000000 0.000000 0.000000 0.000000 0.000000 0.000000 -3.882286 0.000000 0.000000 -5.000000 0.000000 0.000000 0.000000 0.000000 0.000000 0.000000 0.000000 0.000000 3.882286 0.000000 0.000000 -5.000000 0.000000 0.000000 0.000000 0.000000 0.000000 6.470476 0.000000 0.000000 -10.352762 0.000000 0.000000 5.327099 0.000000 0.000000 0.000000 0.000000 0.000000 -6.470476 0.000000 0.000000 0.000000 0.000000 0.000000 -5.327099 0.000000 0.000000 0.000000 
0.588497 106.630577 604.342252 1.500000 0.000000 0.000000 -1.000000 0.000000 0.000000 0.000000 0.000000 0.000000 0.000000 0.000000 0.000000 0.000000 0.000000 0.000000 0.000000 0.000000 1.732051 0.000000 0.000000 0.000000 0.000000 0.000000 -7.500000 0.000000 0.000000 -5.000000 0.000000 0.000000 0.000000 0.000000 0.000000 0.000000 0.000000 0.000000 7.500000 0.000000 0.000000 -5.000000 0.000000 0.000000 0.000000 0.000000 0.000000 12.500000 0.000000 0.000000 -20.000000 0.000000 0.000000 7.335963 0.000000 0.000000 0.000000 0.000000 0.000000 -12.500000 0.000000 0.000000 0.000000 0.000000 0.000000 -7.335963 0.000000 0.000000 0.000000 
0.899157 106.837684 606.011706 2.121320 0.000000 0.000000 -1.414214 0.000000 0.000000 0.000000 0.000000 0.000000 0.000000 0.000000 0.000000 0.000000 0.000000 0.000000 0.000000 0.000000 2.000000 0.000000 0.000000 0.000000 0.000000 0.000000 -10.606602 0.000000 0.000000 -5.000000 0.000000 0.000000 0.000000 0.000000 0.000000 0.000000 0.000000 0.000000 10.606602 0.000000 0.000000 -5.000000 0.000000 0.000000 0.000000 0.000000 0.000000 17.677670 0.000000 0.000000 -28.284271 0.000000 0.000000 8.844893 0.000000 0.000000 0.000000 0.000000 0.000000 -17.677670 0.000000 0.000000 0.000000 0.000000 0.000000 -8.844893 0.000000 0.000000 0.000000 
1.137535 106.996602 607.681159 2.598076 0.000000 0.000000 -1.732051 0.000000 0.000000 0.000000 0.000000 0.000000 0.000000 0.000000 0.000000 0.000000 0.000000 0.000000 0.000000 0.000000 1.732051 0.000000 0.000000 0.000000 0.000000 0.000000 -12.990381 0.000000 0.000000 -5.000000 0.000000 0.000000 0.000000 0.000000 0.000000 0.000000 0.000000 0.000000 12.990381 0.000000 0.000000 -5.000000 0.000000 0.000000 0.000000 0.000000 0.000000 21.650635 0.000000 0.000000 -34.641016 0.000000 0.000000 9.751058 0.000000 0.000000 0.000000 0.000000 0.000000 -21.650635 0.000000 0.000000 0.000000 0.000000 0.000000 -9.751058 0.000000 0.000000 0.000000 
1.287386 107.096503 609.350613 2.897777 0.000000 0.000000 -1.931852 0.000000 0.000000 0.000000 0.000000 0.000000 0.000000 0.000000 0.000000 0.000000 0.000000 0.000000 0.000000 0.000000 1.000000 0.000000 0.000000 0.000000 0.000000 0.000000 -14.488887 0.000000 0.000000 -5.000000 0.000000 0.000000 0.000000 0.000000 0.000000 0.000000 0.000000 0.000000 14.488887 0.000000 0.000000 -5.000000 0.000000 0.000000 0.000000 0.000000 0.000000 24.148146 0.000000 0.000000 -38.637033 0.000000 0.000000 9.992704 0.000000 0.000000 0.000000 0.000000 0.000000 -24.148146 0.000000 0.000000 0.000000 0.000000 0.000000 -9.992704 0.000000 0.000000 0.000000 
1.338497 107.130577 611.020067 3.000000 0.000000 0.000000 -2.000000 0.000000 0.000000 0.000000 0.000000 0.000000 0.000000 0.000000 0.000000 0.000000 0.000000 0.000000 0.000000 0.000000 0.000000 0.000000 0.000000 0.000000 0.000000 0.000000 -15.000000 0.000000 0.000000 -5.000000 0.000000 0.000000 0.000000 0.000000 0.000000 0.000000 0.000000 0.000000 15.000000 0.000000 0.000000 -5.000000 0.000000 0.000000 0.000000 0.000000 0.000000 25.000000 0.000000 0.000000 -40.000000 0.000000 0.000000 9.553365 0.000000 0.000000 0.000000 0.000000 0.000000 -25.000000 0.000000 0.000000 0.000000 0.000000 0.000000 -9.553365 0.000000 0.000000 0.000000 
1.287386 107.096503 612.689521 2.897777 0.000000 0.000000 -1.931852 0.000000 0.000000 0.000000 0.000000 0.000000 0.000000 0.000000 0.000000 0.000000 0.000000 0.000000 0.000000 0.000000 -1.000000 0.000000 0.000000 0.000000 0.000000 0.000000 -14.488887 0.000000 0.000000 -5.000000 0.000000 0.000000 0.000000 0.000000 0.000000 0.000000 0.000000 0.000000 14.488887 0.000000 0.000000 -5.000000 0.000000 0.000000 0.000000 0.000000 0.000000 24.148146 0.000000 0.000000 -38.637033 0.000000 0.000000 8.462979 0.000000 0.000000 0.000000 0.000000 0.000000 -24.148146 0.000000 0.000000 0.000000 0.000000 0.000000 -8.462979 0.000000 0.000000 0.000000 
1.137535 106.996602 614.358974 2.598076 0.000000 0.000000 -1.732051 0.000000 0.000000 0.000000 0.000000 0.000000 0.000000 0.000000 0.000000 0.000000 0.000000 0.000000 0.000000 0.000000 -1.732051 0.000000 0.000000 0.000000 0.000000 0.000000 -12.990381 0.000000 0.000000 -5.000000 0.000000 0.000000 0.000000 0.000000 0.000000 0.000000 0.000000 0.000000 12.990381 0.000000 0.000000 -5.000000 0.000000 0.000000 0.000000 0.000000 0.000000 21.650635 0.000000 0.000000 -34.641016 0.000000 0.000000 6.795856 0.000000 0.000000 0.000000 0.000000 0.000000 -21.650635 0.000000 0.000000 0.000000 0.000000 0.000000 -6.795856 0.000000 0.000000 0.000000 
0.899157 106.837684 616.028428 2.121320 0.000000 0.000000 -1.414214 0.000000 0.000000 0.000000 0.000000 0.000000 0.000000 0.000000 0.000000 0.000000 0.000000 0.000000 0.000000 0.000000 -2.000000 0.000000 0.000000 0.000000 0.000000 0.000000 -10.606602 0.000000 0.000000 -5.000000 0.000000 0.000000 0.000000 0.000000 0.000000 0.000000 0.000000 0.000000 10.606602 0.000000 0.000000 -5.000000 0.000000 0.000000 0.000000 0.000000 0.000000 17.677670 0.000000 0.000000 -28.284271 0.000000 0.000000 4.665606 0.000000 0.000000 0.000000 0.000000 0.000000 -17.677670 0.000000 0.000000 0.000000 0.000000 0.000000 -4.665606 0.000000 0.000000 0.000000 
0.588497 106.630577 617.697882 1.500000 0.000000 0.000000 -1.000000 0.000000 0.000000 0.000000 0.000000 0.000000 0.000000 0.000000 0.000000 0.000000 0.000000 0.000000 0.000000 0.000000 -1.732051 0.000000 0.000000 0.000000 0.000000 0.000000 -7.500000 0.000000 0.000000 -5.000000 0.000000 0.000000 0.000000 0.000000 0.000000 0.000000 0.000000 0.000000 7.500000 0.000000 0.000000 -5.000000 0.000000 0.000000 0.000000 0.000000 0.000000 12.500000 0.000000 0.000000 -20.000000 0.000000 0.000000 2.217402 0.000000 0.000000 0.000000 0.000000 0.000000 -12.500000 0.000000 0.000000 0.000000 0.000000 0.000000 -2.217402 0.000000 0.000000 0.000000 
0.226726 106.389396 619.367336 0.776457 0.000000 0.000000 -0.517638 0.000000 0.000000 0.000000 0.000000 0.000000 0.000000 0.000000 0.000000 0.000000 0.000000 0.000000 0.000000 0.000000 -1.000000 0.000000 0.000000 0.000000 0.000000 0.000000 -3.882286 0.000000 0.000000 -5.000000 0.000000 0.000000 0.000000 0.000000 0.000000 0.000000 0.000000 0.000000 3.882286 0.000000 0.000000 -5.000000 0.000000 0.000000 0.000000 0.000000 0.000000 6.470476 0.000000 0.000000 -10.352762 0.000000 0.000000 -0.381913 0.000000 0.000000 0.000000 0.000000 0.000000 -6.470476 0.000000 0.000000 0.000000 0.000000 0.000000 0.381913 0.000000 0.000000 0.000000 
-0.161503 106.130577 621.036789 0.000000 0.000000 0.000000 -0.000000 0.000000 0.000000 0.000000 0.000000 0.000000 0.000000 0.000000 0.000000 0.000000 0.000000 0.000000 0.000000 0.000000 -0.000000 0.000000 0.000000 0.000000 0.000000 0.000000 -0.000000 0.000000 0.000000 -5.000000 0.000000 0.000000 0.000000 0.000000 0.000000 0.000000 0.000000 0.000000 0.000000 0.000000 0.000000 -5.000000 0.000000 0.000000 0.000000 0.000000 0.000000 0.000000 0.000000 0.000000 -0.000000 0.000000 0.000000 -2.955202 0.000000 0.000000 0.000000 0.000000 0.000000 -0.000000 0.000000 0.000000 0.000000 0.000000 0.000000 2.955202 0.000000 0.000000 0.000000 
-0.549732 106.389396 622.706243 -0.776457 0.000000 0.000000 0.517638 0.000000 0.000000 0.000000 0.000000 0.000000 0.000000 0.000000 0.000000 0.000000 0.000000 0.000000 0.000000 0.000000 1.000000 0.000000 0.000000 0.000000 0.000000 0.000000 3.882286 0.000000 0.000000 -5.000000 0.000000 0.000000 0.000000 0.000000 0.000000 0.000000 0.000000 0.000000 -3.882286 0.000000 0.000000 -5.000000 0.000000 0.000000 0.000000 0.000000 0.000000 -6.470476 0.000000 0.000000 0.000000 0.000000 0.000000 -5.327099 0.000000 0.000000 0.000000 0.000000 0.000000 6.470476 0.000000 0.000000 -10.352762 0.000000 0.000000 5.327099 0.000000 0.000000 0.000000 
-0.911503 106.630577 624.375697 -1.500000 0.000000 0.000000 1.000000 0.000000 0.000000 0.000000 0.000000 0.000000 0.000000 0.000000 0.000000 0.000000 0.000000 0.000000 0.000000 0.000000 1.732051 0.000000 0.000000 0.000000 0.000000 0.000000 7.500000 0.000000 0.000000 -5.000000 0.000000 0.000000 0.000000 0.000000 0.000000 0.000000 0.000000 0.000000 -7.500000 0.000000 0.000000 -5.000000 0.000000 0.000000 0.000000 0.000000 0.000000 -12.500000 0.000000 0.000000 0.000000 0.000000 0.000000 -7.335963 0.000000 0.000000 0.000000 0.000000 0.000000 12.500000 0.000000 0.000000 -20.000000 0.000000 0.000000 7.335963 0.000000 0.000000 0.000000 
-1.222163 106.837684 626.045151 -2.121320 0.000000 0.000000 1.414214 0.000000 0.000000 0.000000 0.000000 0.000000 0.000000 0.000000 0.000000 0.000000 0.000000 0.000000 0.000000 0.000000 2.000000 0.000000 0.000000 0.000000 0.000000 0.000000 10.606602 0.000000 0.000000 -5.000000 0.000000 0.000000 0.000000 0.000000 0.000000 0.000000 0.000000 0.000000 -10.606602 0.000000 0.000000 -5.000000 0.000000 0.000000 0.000000 0.000000 0.000000 -17.677670 0.000000 0.000000 0.000000 0.000000 0.000000 -8.844893 0.000000 0.000000 0.000000 0.000000 0.000000 17.677670 0.000000 0.000000 -28.284271 0.000000 0.000000 8.844893 0.000000 0.000000 0.000000 
-1.460541 106.996602 627.714604 -2.598076 0.000000 0.000000 1.732051 0.000000 0.000000 0.000000 0.000000 0.000000 0.000000 0.000000 0.000000 0.000000 0.000000 0.000000 0.000000 0.000000 1.732051 0.000000 0.000000 0.000000 0.000000 0.000000 12.990381 0.000000 0.000000 -5.000000 0.000000 0.000000 0.000000 0.000000 0.000000 0.000000 0.000000 0.000000 -12.990381 0.000000 0.000000 -5.000000 0.000000 0.000000 0.000000 0.000000 0.000000 -21.650635 0.000000 0.000000 0.000000 0.000000 0.000000 -9.751058 0.000000 0.000000 0.000000 0.000000 0.000000 21.650635 0.000000 0.000000 -34.641016 0.000000 0.000000 9.751058 0.000000 0.000000 0.000000 
-1.610392 107.096503 629.384058 -2.897777 0.000000 0.000000 1.931852 0.000000 0.000000 0.000000 0.000000 0.000000 0.000000 0.000000 0.000000 0.000000 0.000000 0.000000 0.000000 0.000000 1.000000 0.000000 0.000000 0.000000 0.000000 0.000000 14.488887 0.000000 0.000000 -5.000000 0.000000 0.000000 0.000000 0.000000 0.000000 0.000000 0.000000 0.000000 -14.488887 0.000000 0.000000 -5.000000 0.000000 0.000000 0.000000 0.000000 0.000000 -24.148146 0.000000 0.000000 0.000000 0.000000 0.000000 -9.992704 0.000000 0.000000 0.000000 0.000000 0.000000 24.148146 0.000000 0.000000 -38.637033 0.000000 0.000000 9.992704 0.000000 0.000000 0.000000 
-1.661503 107.130577 631.053512 -3.000000 0.000000 0.000000 2.000000 0.000000 0.000000 0.000000 0.000000 0.000000 0.000000 0.000000 0.000000 0.000000 0.000000 0.000000 0.000000 0.000000 0.000000 0.000000 0.000000 0.000000 0.000000 0.000000 15.000000 0.000000 0.000000 -5.000000 0.000000 0.000000 0.000000 0.000000 0.000000 0.000000 0.000000 0.000000 -15.000000 0.000000 0.000000 -5.000000 0.000000 0.000000 0.000000 0.000000 0.000000 -25.000000 0.000000 0.000000 0.000000 0.000000 0.000000 -9.553365 0.000000 0.000000 0.000000 0.000000 0.000000 25.000000 0.000000 0.000000 -40.000000 0.000000 0.000000 9.553365 0.000000 0.000000 0.000000 
-1.610392 107.096503 632.722965 -2.897777 0.000000 0.000000 1.931852 0.000000 0.000000 0.000000 0.000000 0.000000 0.000000 0.000000 0.000000 0.000000 0.000000 0.000000 0.000000 0.000000 -1.000000 0.000000 0.000000 0.000000 0.000000 0.000000 14.488887 0.000000 0.000000 -5.000000 0.000000 0.000000 0.000000 0.000000 0.000000 0.000000 0.000000 0.000000 -14.488887 0.000000 0.000000 -5.000000 0.000000 0.000000 0.000000 0.000000 0.000000 -24.148146 0.000000 0.000000 0.000000 0.000000 0.000000 -8.462979 0.000000 0.000000 0.000000 0.000000 0.000000 24.148146 0.000000 0.000000 -38.637033 0.000000 0.000000 8.462979 0.000000 0.000000 0.000000 
-1.460541 106.996602 634.392419 -2.598076 0.000000 0.000000 1.732051 0.000000 0.000000 0.000000 0.000000 0.000000 0.000000 0.000000 0.000000 0.000000 0.000000 0.000000 0.000000 0.000000 -1.732051 0.000000 0.000000 0.000000 0.000000 0.000000 12.990381 0.000000 0.000000 -5.000000 0.000000 0.000000 0.000000 0.000000 0.000000 0.000000 0.000000 0.000000 -12.990381 0.000000 0.000000 -5.000000 0.000000 0.000000 0.000000 0.000000 0.000000 -21.650635 0.000000 0.000000 0.000000 0.000000 0.000000 -6.795856 0.000000 0.000000 0.000000 0.000000 0.000000 21.650635 0.000000 0.000000 -34.641016 0.000000 0.000000 6.795856 0.000000 0.000000 0.000000 
-1.222163 106.837684 636.061873 -2.121320 0.000000 0.000000 1.414214 0.000000 0.000000 0.000000 0.000000 0.000000 0.000000 0.000000 0.000000 0.000000 0.000000 0.000000 0.000000 0.000000 -2.000000 0.000000 0.000000 0.000000 0.000000 0.000000 10.606602 0.000000 0.000000 -5.000000 0.000000 0.000000 0.000000 0.000000 0.000000 0.000000 0.000000 0.000000 -10.606602 0.000000 0.000000 -5.000000 0.000000 0.000000 0.000000 0.000000 0.000000 -17.677670 0.000000 0.000000 0.000000 0.000000 0.000000 -4.665606 0.000000 0.000000 0.000000 0.000000 0.000000 17.677670 0.000000 0.000000 -28.284271 0.000000 0.000000 4.665606 0.000000 0.000000 0.000000 
-0.911503 106.630577 637.731327 -1.500000 0.000000 0.000000 1.000000 0.000000 0.000000 0.000000 0.000000 0.000000 0.000000 0.000000 0.000000 0.000000 0.000000 0.000000 0.000000 0.000000 -1.732051 0.000000 0.000000 0.000000 0.000000 0.000000 7.500000 0.000000 0.000000 -5.000000 0.000000 0.000000 0.000000 0.000000 0.000000 0.000000 0.000000 0.000000 -7.500000 0.000000 0.000000 -5.000000 0.000000 0.000000 0.000000 0.000000 0.000000 -12.500000 0.000000 0.000000 0.000000 0.000000 0.000000 -2.217402 0.000000 0.000000 0.000000 0.000000 0.000000 12.500000 0.000000 0.000000 -20.000000 0.000000 0.000000 2.217402 0.000000 0.000000 0.000000 
-0.549732 106.389396 639.400780 -0.776457 0.000000 0.000000 0.517638 0.000000 0.000000 0.000000 0.000000 0.000000 0.000000 0.000000 0.000000 0.000000 0.000000 0.000000 0.000000 0.000000 -1.000000 0.000000 0.000000 0.000000 0.000000 0.000000 3.882286 0.000000 0.000000 -5.000000 0.000000 0.000000 0.000000 0.000000 0.000000 0.000000 0.000000 0.000000 -3.882286 0.000000 0.000000 -5.000000 0.000000 0.000000 0.000000 0.000000 0.000000 -6.470476 0.000000 0.000000 0.000000 0.000000 0.000000 0.381913 0.000000 0.000000 0.000000 0.000000 0.000000 6.470476 0.000000 0.000000 -10.352762 0.000000 0.000000 -0.381913 0.000000 0.000000 0.000000 
-0.161503 106.130577 641.070234 -0.000000 0.000000 0.000000 0.000000 0.000000 0.000000 0.000000 0.000000 0.000000 0.000000 0.000000 0.000000 0.000000 0.000000 0.000000 0.000000 0.000000 -0.000000 0.000000 0.000000 0.000000 0.000000 0.000000 0.000000 0.000000 0.000000 -5.000000 0.000000 0.000000 0.000000 0.000000 0.000000 0.000000 0.000000 0.000000 -0.000000 0.000000 0.000000 -5.000000 0.000000 0.000000 0.000000 0.000000 0.000000 -0.000000 0.000000 0.000000 0.000000 0.000000 0.000000 2.955202 0.000000 0.000000 0.000000 0.000000 0.000000 0.000000 0.000000 0.000000 -0.000000 0.000000 0.000000 -2.955202 0.000000 0.000000 0.000000 
0.226726 106.389396 642.739688 0.776457 0.000000 0.000000 -0.517638 0.000000 0.000000 0.000000 0.000000 0.000000 0.000000 0.000000 0.000000 0.000000 0.000000 0.000000 0.000000 0.000000 1.000000 0.000000 0.000000 0.000000 0.000000 0.000000 -3.882286 0.000000 0.000000 -5.000000 0.000000 0.000000 0.000000 0.000000 0.000000 0.000000 0.000000 0.000000 3.882286 0.000000 0.000000 -5.000000 0.000000 0.000000 0.000000 0.000000 0.000000 6.470476 0.000000 0.000000 -10.352762 0.000000 0.000000 5.327099 0.000000 0.000000 0.000000 0.000000 0.000000 -6.470476 0.000000 0.000000 0.000000 0.000000 0.000000 -5.327099 0.000000 0.000000 0.000000 
0.588497 106.630577 644.409142 1.500000 0.000000 0.000000 -1.000000 0.000000 0.000000 0.000000 0.000000 0.000000 0.000000 0.000000 0.000000 0.000000 0.000000 0.000000 0.000000 0.000000 1.732051 0.000000 0.000000 0.000000 0.000000 0.000000 -7.500000 0.000000 0.000000 -5.000000 0.000000 0.000000 0.000000 0.000000 0.000000 0.000000 0.000000 0.000000 7.500000 0.000000 0.000000 -5.000000 0.000000 0.000000 0.000000 0.000000 0.000000 12.500000 0.000000 0.000000 -20.000000 0.000000 0.000000 7.335963 0.000000 0.000000 0.000000 0.000000 0.000000 -12.500000 0.000000 0.000000 0.000000 0.000000 0.000000 -7.335963 0.000000 0.000000 0.000000 
0.899157 106.837684 646.078595 2.121320 0.000000 0.000000 -1.414214 0.000000 0.000000 0.000000 0.000000 0.000000 0.000000 0.000000 0.000000 0.000000 0.000000 0.000000 0.000000 0.000000 2.000000 0.000000 0.000000 0.000000 0.000000 0.000000 -10.606602 0.000000 0.000000 -5.000000 0.000000 0.000000 0.000000 0.000000 0.000000 0.000000 0.000000 0.000000 10.606602 0.000000 0.000000 -5.000000 0.000000 0.000000 0.000000 0.000000 0.000000 17.677670 0.000000 0.000000 -28.284271 0.000000 0.000000 8.844893 0.000000 0.000000 0.000000 0.000000 0.000000 -17.677670 0.000000 0.000000 0.000000 0.000000 0.000000 -8.844893 0.000000 0.000000 0.000000 
1.137535 106.996602 647.748049 2.598076 0.000000 0.000000 -1.732051 0.000000 0.000000 0.000000 0.000000 0.000000 0.000000 0.000000 0.000000 0.000000 0.000000 0.000000 0.000000 0.000000 1.732051 0.000000 0.000000 0.000000 0.000000 0.000000 -12.990381 0.000000 0.000000 -5.000000 0.000000 0.000000 0.000000 0.000000 0.000000 0.000000 0.000000 0.000000 12.990381 0.000000 0.000000 -5.000000 0.000000 0.000000 0.000000 0.000000 0.000000 21.650635 0.000000 0.000000 -34.641016 0.000000 0.000000 9.751058 0.000000 0.000000 0.000000 0.000000 0.000000 -21.650635 0.000000 0.000000 0.000000 0.000000 0.000000 -9.751058 0.000000 0.000000 0.000000 
1.287386 107.096503 649.417503 2.897777 0.000000 0.000000 -1.931852 0.000000 0.000000 0.000000 0.000000 0.000000 0.000000 0.000000 0.000000 0.000000 0.000000 0.000000 0.000000 0.000000 1.000000 0.000000 0.000000 0.000000 0.000000 0.000000 -14.488887 0.000000 0.000000 -5.000000 0.000000 0.000000 0.000000 0.000000 0.000000 0.000000 0.000000 0.000000 14.488887 0.000000 0.000000 -5.000000 0.000000 0.000000 0.000000 0.000000 0.000000 24.148146 0.000000 0.000000 -38.637033 0.000000 0.000000 9.992704 0.000000 0.000000 0.000000 0.000000 0.000000 -24.148146 0.000000 0.000000 0.000000 0.000000 0.000000 -9.992704 0.000000 0.000000 0.000000 
1.338497 107.130577 651.086957 3.000000 0.000000 0.000000 -2.000000 0.000000 0.000000 0.000000 0.000000 0.000000 0.000000 0.000000 0.000000 0.000000 0.000000 0.000000 0.000000 0.000000 -0.000000 0.000000 0.000000 0.000000 0.000000 0.000000 -15.000000 0.000000 0.000000 -5.000000 0.000000 0.000000 0.000000 0.000000 0.000000 0.000000 0.000000 0.000000 15.000000 0.000000 0.000000 -5.000000 0.000000 0.000000 0.000000 0.000000 0.000000 25.000000 0.000000 0.000000 -40.000000 0.000000 0.000000 9.553365 0.000000 0.000000 0.000000 0.000000 0.000000 -25.000000 0.000000 0.000000 0.000000 0.000000 0.000000 -9.553365 0.000000 0.000000 0.000000 
1.287386 107.096503 652.756410 2.897777 0.000000 0.000000 -1.931852 0.000000 0.000000 0.000000 0.000000 0.000000 0.000000 0.000000 0.000000 0.000000 0.000000 0.000000 0.000000 0.000000 -1.000000 0.000000 0.000000 0.000000 0.000000 0.000000 -14.488887 0.000000 0.000000 -5.000000 0.000000 0.000000 0.000000 0.000000 0.000000 0.000000 0.000000 0.000000 14.488887 0.000000 0.000000 -5.000000 0.000000 0.000000 0.000000 0.000000 0.000000 24.148146 0.000000 0.000000 -38.637033 0.000000 0.000000 8.462979 0.000000 0.000000 0.000000 0.000000 0.000000 -24.148146 0.000000 0.000000 0.000000 0.000000 0.000000 -8.462979 0.000000 0.000000 0.000000 
1.137535 106.996602 654.425864 2.598076 0.000000 0.000000 -1.732051 0.000000 0.000000 0.000000 0.000000 0.000000 0.000000 0.000000 0.000000 0.000000 0.000000 0.000000 0.000000 0.000000 -1.732051 0.000000 0.000000 0.000000 0.000000 0.000000 -12.990381 0.000000 0.000000 -5.000000 0.000000 0.000000 0.000000 0.000000 0.000000 0.000000 0.000000 0.000000 12.990381 0.000000 0.000000 -5.000000 0.000000 0.000000 0.000000 0.000000 0.000000 21.650635 0.000000 0.000000 -34.641016 0.000000 0.000000 6.795856 0.000000 0.000000 0.000000 0.000000 0.000000 -21.650635 0.000000 0.000000 0.000000 0.000000 0.000000 -6.795856 0.000000 0.000000 0.000000 
0.899157 106.837684 656.095318 2.121320 0.000000 0.000000 -1.414214 0.000000 0.000000 0.000000 0.000000 0.000000 0.000000 0.000000 0.000000 0.000000 0.000000 0.000000 0.000000 0.000000 -2.000000 0.000000 0.000000 0.000000 0.000000 0.000000 -10.606602 0.000000 0.000000 -5.000000 0.000000 0.000000 0.000000 0.000000 0.000000 0.000000 0.000000 0.000000 10.606602 0.000000 0.000000 -5.000000 0.000000 0.000000 0.000000 0.000000 0.000000 17.677670 0.000000 0.000000 -28.284271 0.000000 0.000000 4.665606 0.000000 0.000000 0.000000 0.000000 0.000000 -17.677670 0.000000 0.000000 0.000000 0.000000 0.000000 -4.665606 0.000000 0.000000 0.000000 
0.588497 106.630577 657.764771 1.500000 0.000000 0.000000 -1.000000 0.000000 0.000000 0.000000 0.000000 0.000000 0.000000 0.000000 0.000000 0.000000 0.000000 0.000000 0.000000 0.000000 -1.732051 0.000000 0.000000 0.000000 0.000000 0.000000 -7.500000 0.000000 0.000000 -5.000000 0.000000 0.000000 0.000000 0.000000 0.000000 0.000000 0.000000 0.000000 7.500000 0.000000 0.000000 -5.000000 0.000000 0.000000 0.000000 0.000000 0.000000 12.500000 0.000000 0.000000 -20.000000 0.000000 0.000000 2.217402 0.000000 0.000000 0.000000 0.000000 0.000000 -12.500000 0.000000 0.000000 0.000000 0.000000 0.000000 -2.217402 0.000000 0.000000 0.000000 
0.226726 106.389396 659.434225 0.776457 0.000000 0.000000 -0.517638 0.000000 0.000000 0.000000 0.000000 0.000000 0.000000 0.000000 0.000000 0.000000 0.000000 0.000000 0.000000 0.000000 -1.000000 0.000000 0.000000 0.000000 0.000000 0.000000 -3.882286 0.000000 0.000000 -5.000000 0.000000 0.000000 0.000000 0.000000 0.000000 0.000000 0.000000 0.000000 3.882286 0.000000 0.000000 -5.000000 0.000000 0.000000 0.000000 0.000000 0.000000 6.470476 0.000000 0.000000 -10.352762 0.000000 0.000000 -0.381913 0.000000 0.000000 0.000000 0.000000 0.000000 -6.470476 0.000000 0.000000 0.000000 0.000000 0.000000 0.381913 0.000000 0.000000 0.000000 
-0.161503 106.130577 661.103679 0.000000 0.000000 0.000000 -0.000000 0.000000 0.000000 0.000000 0.000000 0.000000 0.000000 0.000000 0.000000 0.000000 0.000000 0.000000 0.000000 0.000000 -0.000000 0.000000 0.000000 0.000000 0.000000 0.000000 -0.000000 0.000000 0.000000 -5.000000 0.000000 0.000000 0.000000 0.000000 0.000000 0.000000 0.000000 0.000000 0.000000 0.000000 0.000000 -5.000000 0.000000 0.000000 0.000000 0.000000 0.000000 0.000000 0.000000 0.000000 -0.000000 0.000000 0.000000 -2.955202 0.000000 0.000000 0.000000 0.000000 0.000000 -0.000000 0.000000 0.000000 0.000000 0.000000 0.000000 2.955202 0.000000 0.000000 0.000000 
-0.549732 106.389396 662.773133 -0.776457 0.000000 0.000000 0.517638 0.000000 0.000000 0.000000 0.000000 0.000000 0.000000 0.000000 0.000000 0.000000 0.000000 0.000000 0.000000 0.000000 1.000000 0.000000 0.000000 0.000000 0.000000 0.000000 3.882286 0.000000 0.000000 -5.000000 0.000000 0.000000 0.000000 0.000000 0.000000 0.000000 0.000000 0.000000 -3.882286 0.000000 0.000000 -5.000000 0.000000 0.000000 0.000000 0.000000 0.000000 -6.470476 0.000000 0.000000 0.000000 0.000000 0.000000 -5.327099 0.000000 0.000000 0.000000 0.000000 0.000000 6.470476 0.000000 0.000000 -10.352762 0.000000 0.000000 5.327099 0.000000 0.000000 0.000000 
-0.911503 106.630577 664.442586 -1.500000 0.000000 0.000000 1.000000 0.000000 0.000000 0.000000 0.000000 0.000000 0.000000 0.000000 0.000000 0.000000 0.000000 0.000000 0.000000 0.000000 1.732051 0.000000 0.000000 0.000000 0.000000 0.000000 7.500000 0.000000 0.000000 -5.000000 0.000000 0.000000 0.000000 0.000000 0.000000 0.000000 0.000000 0.000000 -7.500000 0.000000 0.000000 -5.000000 0.000000 0.000000 0.000000 0.000000 0.000000 -12.500000 0.000000 0.000000 0.000000 0.000000 0.000000 -7.335963 0.000000 0.000000 0.000000 0.000000 0.000000 12.500000 0.000000 0.000000 -20.000000 0.000000 0.000000 7.335963 0.000000 0.000000 0.000000 
-1.222163 106.837684 666.112040 -2.121320 0.000000 0.000000 1.414214 0.000000 0.000000 0.000000 0.000000 0.000000 0.000000 0.000000 0.000000 0.000000 0.000000 0.000000 0.000000 0.000000 2.000000 0.000000 0.000000 0.000000 0.000000 0.000000 10.606602 0.000000 0.000000 -5.000000 0.000000 0.000000 0.000000 0.000000 0.000000 0.000000 0.000000 0.000000 -10.606602 0.000000 0.000000 -5.000000 0.000000 0.000000 0.000000 0.000000 0.000000 -17.677670 0.000000 0.000000 0.000000 0.000000 0.000000 -8.844893 0.000000 0.000000 0.000000 0.000000 0.000000 17.677670 0.000000 0.000000 -28.284271 0.000000 0.000000 8.844893 0.000000 0.000000 0.000000 
-1.460541 106.996602 667.781494 -2.598076 0.000000 0.000000 1.732051 0.000000 0.000000 0.000000 0.000000 0.000000 0.000000 0.000000 0.000000 0.000000 0.000000 0.000000 0.000000 0.000000 1.732051 0.000000 0.000000 0.000000 0.000000 0.000000 12.990381 0.000000 0.000000 -5.000000 0.000000 0.000000 0.000000 0.000000 0.000000 0.000000 0.000000 0.000000 -12.990381 0.000000 0.000000 -5.000000 0.000000 0.000000 0.000000 0.000000 0.000000 -21.650635 0.000000 0.000000 0.000000 0.000000 0.000000 -9.751058 0.000000 0.000000 0.000000 0.000000 0.000000 21.650635 0.000000 0.000000 -34.641016 0.000000 0.000000 9.751058 0.000000 0.000000 0.000000 
-1.610392 107.096503 669.450948 -2.897777 0.000000 0.000000 1.931852 0.000000 0.000000 0.000000 0.000000 0.000000 0.000000 0.000000 0.000000 0.000000 0.000000 0.000000 0.000000 0.000000 1.000000 0.000000 0.000000 0.000000 0.000000 0.000000 14.488887 0.000000 0.000000 -5.000000 0.000000 0.000000 0.000000 0.000000 0.000000 0.000000 0.000000 0.000000 -14.488887 0.000000 0.000000 -5.000000 0.000000 0.000000 0.000000 0.000000 0.000000 -24.148146 0.000000 0.000000 0.000000 0.000000 0.000000 -9.992704 0.000000 0.000000 0.000000 0.000000 0.000000 24.148146 0.000000 0.000000 -38.637033 0.000000 0.000000 9.992704 0.000000 0.000000 0.000000 
-1.661503 107.130577 671.120401 -3.000000 0.000000 0.000000 2.000000 0.000000 0.000000 0.000000 0.000000 0.000000 0.000000 0.000000 0.000000 0.000000 0.000000 0.000000 0.000000 0.000000 0.000000 0.000000 0.000000 0.000000 0.000000 0.000000 15.000000 0.000000 0.000000 -5.000000 0.000000 0.000000 0.000000 0.000000 0.000000 0.000000 0.000000 0.000000 -15.000000 0.000000 0.000000 -5.000000 0.000000 0.000000 0.000000 0.000000 0.000000 -25.000000 0.000000 0.000000 0.000000 0.000000 0.000000 -9.553365 0.000000 0.000000 0.000000 0.000000 0.000000 25.000000 0.000000 0.000000 -40.000000 0.000000 0.000000 9.553365 0.000000 0.000000 0.000000 
-1.610392 107.096503 672.789855 -2.897777 0.000000 0.000000 1.931852 0.000000 0.000000 0.000000 0.000000 0.000000 0.000000 0.000000 0.000000 0.000000 0.000000 0.000000 0.000000 0.000000 -1.000000 0.000000 0.000000 0.000000 0.000000 0.000000 14.488887 0.000000 0.000000 -5.000000 0.000000 0.000000 0.000000 0.000000 0.000000 0.000000 0.000000 0.000000 -14.488887 0.000000 0.000000 -5.000000 0.000000 0.000000 0.000000 0.000000 0.000000 -24.148146 0.000000 0.000000 0.000000 0.000000 0.000000 -8.462979 0.000000 0.000000 0.000000 0.000000 0.000000 24.148146 0.000000 0.000000 -38.637033 0.000000 0.000000 8.462979 0.000000 0.000000 0.000000 
-1.460541 106.996602 674.459309 -2.598076 0.000000 0.000000 1.732051 0.000000 0.000000 0.000000 0.000000 0.000000 0.000000 0.000000 0.000000 0.000000 0.000000 0.000000 0.000000 0.000000 -1.732051 0.000000 0.000000 0.000000 0.000000 0.000000 12.990381 0.000000 0.000000 -5.000000 0.000000 0.000000 0.000000 0.000000 0.000000 0.000000 0.000000 0.000000 -12.990381 0.000000 0.000000 -5.000000 0.000000 0.000000 0.000000 0.000000 0.000000 -21.650635 0.000000 0.000000 0.000000 0.000000 0.000000 -6.795856 0.000000 0.000000 0.000000 0.000000 0.000000 21.650635 0.000000 0.000000 -34.641016 0.000000 0.000000 6.795856 0.000000 0.000000 0.000000 
-1.222163 106.837684 676.128763 -2.121320 0.000000 0.000000 1.414214 0.000000 0.000000 0.000000 0.000000 0.000000 0.000000 0.000000 0.000000 0.000000 0.000000 0.000000 0.000000 0.000000 -2.000000 0.000000 0.000000 0.000000 0.000000 0.000000 10.606602 0.000000 0.000000 -5.000000 0.000000 0.000000 0.000000 0.000000 0.000000 0.000000 0.000000 0.000000 -10.606602 0.000000 0.000000 -5.000000 0.000000 0.000000 0.000000 0.000000 0.000000 -17.677670 0.000000 0.000000 0.000000 0.000000 0.000000 -4.665606 0.000000 0.000000 0.000000 0.000000 0.000000 17.677670 0.000000 0.000000 -28.284271 0.000000 0.000000 4.665606 0.000000 0.000000 0.000000 
-0.911503 106.630577 677.798216 -1.500000 0.000000 0.000000 1.000000 0.000000 0.000000 0.000000 0.000000 0.000000 0.000000 0.000000 0.000000 0.000000 0.000000 0.000000 0.000000 0.000000 -1.732051 0.000000 0.000000 0.000000 0.000000 0.000000 7.500000 0.000000 0.000000 -5.000000 0.000000 0.000000 0.000000 0.000000 0.000000 0.000000 0.000000 0.000000 -7.500000 0.000000 0.000000 -5.000000 0.000000 0.000000 0.000000 0.000000 0.000000 -12.500000 0.000000 0.000000 0.000000 0.000000 0.000000 -2.217402 0.000000 0.000000 0.000000 0.000000 0.000000 12.500000 0.000000 0.000000 -20.000000 0.000000 0.000000 2.217402 0.000000 0.000000 0.000000 
-0.549732 106.389396 679.467670 -0.776457 0.000000 0.000000 0.517638 0.000000 0.000000 0.000000 0.000000 0.000000 0.000000 0.000000 0.000000 0.000000 0.000000 0.000000 0.000000 0.000000 -1.000000 0.000000 0.000000 0.000000 0.000000 0.000000 3.882286 0.000000 0.000000 -5.000000 0.000000 0.000000 0.000000 0.000000 0.000000 0.000000 0.000000 0.000000 -3.882286 0.000000 0.000000 -5.000000 0.000000 0.000000 0.000000 0.000000 0.000000 -6.470476 0.000000 0.000000 0.000000 0.000000 0.000000 0.381913 0.000000 0.000000 0.000000 0.000000 0.000000 6.470476 0.000000 0.000000 -10.352762 0.000000 0.000000 -0.381913 0.000000 0.000000 0.000000 
-0.161503 106.130577 681.137124 -0.000000 0.000000 0.000000 0.000000 0.000000 0.000000 0.000000 0.000000 0.000000 0.000000 0.000000 0.000000 0.000000 0.000000 0.000000 0.000000 0.000000 -0.000000 0.000000 0.000000 0.000000 0.000000 0.000000 0.000000 0.000000 0.000000 -5.000000 0.000000 0.000000 0.000000 0.000000 0.000000 0.000000 0.000000 0.000000 -0.000000 0.000000 0.000000 -5.000000 0.000000 0.000000 0.000000 0.000000 0.000000 -0.000000 0.000000 0.000000 0.000000 0.000000 0.000000 2.955202 0.000000 0.000000 0.000000 0.000000 0.000000 0.000000 0.000000 0.000000 -0.000000 0.000000 0.000000 -2.955202 0.000000 0.000000 0.000000 
0.226726 106.389396 682.806577 0.776457 0.000000 0.000000 -0.517638 0.000000 0.000000 0.000000 0.000000 0.000000 0.000000 0.000000 0.000000 0.000000 0.000000 0.000000 0.000000 0.000000 1.000000 0.000000 0.000000 0.000000 0.000000 0.000000 -3.882286 0.000000 0.000000 -5.000000 0.000000 0.000000 0.000000 0.000000 0.000000 0.000000 0.000000 0.000000 3.882286 0.000000 0.000000 -5.000000 0.000000 0.000000 0.000000 0.000000 0.000000 6.470476 0.000000 0.000000 -10.352762 0.000000 0.000000 5.327099 0.000000 0.000000 0.000000 0.000000 0.000000 -6.470476 0.000000 0.000000 0.000000 0.000000 0.000000 -5.327099 0.000000 0.000000 0.000000 
0.588497 106.630577 684.476031 1.500000 0.000000 0.000000 -1.000000 0.000000 0.000000 0.000000 0.000000 0.000000 0.000000 0.000000 0.000000 0.000000 0.000000 0.000000 0.000000 0.000000 1.732051 0.000000 0.000000 0.000000 0.000000 0.000000 -7.500000 0.000000 0.000000 -5.000000 0.000000 0.000000 0.000000 0.000000 0.000000 0.000000 0.000000 0.000000 7.500000 0.000000 0.000000 -5.000000 0.000000 0.000000 0.000000 0.000000 0.000000 12.500000 0.000000 0.000000 -20.000000 0.000000 0.000000 7.335963 0.000000 0.000000 0.000000 0.000000 0.000000 -12.500000 0.000000 0.000000 0.000000 0.000000 0.000000 -7.335963 0.000000 0.000000 0.000000 
0.899157 106.837684 686.145485 2.121320 0.000000 0.000000 -1.414214 0.000000 0.000000 0.000000 0.000000 0.000000 0.000000 0.000000 0.000000 0.000000 0.000000 0.000000 0.000000 0.000000 2.000000 0.000000 0.000000 0.000000 0.000000 0.000000 -10.606602 0.000000 0.000000 -5.000000 0.000000 0.000000 0.000000 0.000000 0.000000 0.000000 0.000000 0.000000 10.606602 0.000000 0.000000 -5.000000 0.000000 0.000000 0.000000 0.000000 0.000000 17.677670 0.000000 0.000000 -28.284271 0.000000 0.000000 8.844893 0.000000 0.000000 0.000000 0.000000 0.000000 -17.677670 0.000000 0.000000 0.000000 0.000000 0.000000 -8.844893 0.000000 0.000000 0.000000 
1.137535 106.996602 687.814939 2.598076 0.000000 0.000000 -1.732051 0.000000 0.000000 0.000000 0.000000 0.000000 0.000000 0.000000 0.000000 0.000000 0.000000 0.000000 0.000000 0.000000 1.732051 0.000000 0.000000 0.000000 0.000000 0.000000 -12.990381 0.000000 0.000000 -5.000000 0.000000 0.000000 0.000000 0.000000 0.000000 0.000000 0.000000 0.000000 12.990381 0.000000 0.000000 -5.000000 0.000000 0.000000 0.000000 0.000000 0.000000 21.650635 0.000000 0.000000 -34.641016 0.000000 0.000000 9.751058 0.000000 0.000000 0.000000 0.000000 0.000000 -21.650635 0.000000 0.000000 0.000000 0.000000 0.000000 -9.751058 0.000000 0.000000 0.000000 
1.287386 107.096503 689.484392 2.897777 0.000000 0.000000 -1.931852 0.000000 0.000000 0.000000 0.000000 0.000000 0.000000 0.000000 0.000000 0.000000 0.000000 0.000000 0.000000 0.000000 1.000000 0.000000 0.000000 0.000000 0.000000 0.000000 -14.488887 0.000000 0.000000 -5.000000 0.000000 0.000000 0.000000 0.000000 0.000000 0.000000 0.000000 0.000000 14.488887 0.000000 0.000000 -5.000000 0.000000 0.000000 0.000000 0.000000 0.000000 24.148146 0.000000 0.000000 -38.637033 0.000000 0.000000 9.992704 0.000000 0.000000 0.000000 0.000000 0.000000 -24.148146 0.000000 0.000000 0.000000 0.000000 0.000000 -9.992704 0.000000 0.000000 0.000000 
1.338497 107.130577 691.153846 3.000000 0.000000 0.000000 -2.000000 0.000000 0.000000 0.000000 0.000000 0.000000 0.000000 0.000000 0.000000 0.000000 0.000000 0.000000 0.000000 0.000000 0.000000 0.000000 0.000000 0.000000 0.000000 0.000000 -15.000000 0.000000 0.000000 -5.000000 0.000000 0.000000 0.000000 0.000000 0.000000 0.000000 0.000000 0.000000 15.000000 0.000000 0.000000 -5.000000 0.000000 0.000000 0.000000 0.000000 0.000000 25.000000 0.000000 0.000000 -40.000000 0.000000 0.000000 9.553365 0.000000 0.000000 0.000000 0.000000 0.000000 -25.000000 0.000000 0.000000 0.000000 0.000000 0.000000 -9.553365 0.000000 0.000000 0.000000 
1.287386 107.096503 692.823300 2.897777 0.000000 0.000000 -1.931852 0.000000 0.000000 0.000000 0.000000 0.000000 0.000000 0.000000 0.000000 0.000000 0.000000 0.000000 0.000000 0.000000 -1.000000 0.000000 0.000000 0.000000 0.000000 0.000000 -14.488887 0.000000 0.000000 -5.000000 0.000000 0.000000 0.000000 0.000000 0.000000 0.000000 0.000000 0.000000 14.488887 0.000000 0.000000 -5.000000 0.000000 0.000000 0.000000 0.000000 0.000000 24.148146 0.000000 0.000000 -38.637033 0.000000 0.000000 8.462979 0.000000 0.000000 0.000000 0.000000 0.000000 -24.148146 0.000000 0.000000 0.000000 0.000000 0.000000 -8.462979 0.000000 0.000000 0.000000 
1.137535 106.996602 694.492754 2.598076 0.000000 0.000000 -1.732051 0.000000 0.000000 0.000000 0.000000 0.000000 0.000000 0.000000 0.000000 0.000000 0.000000 0.000000 0.000000 0.000000 -1.732051 0.000000 0.000000 0.000000 0.000000 0.000000 -12.990381 0.000000 0.000000 -5.000000 0.000000 0.000000 0.000000 0.000000 0.000000 0.000000 0.000000 0.000000 12.990381 0.000000 0.000000 -5.000000 0.000000 0.000000 0.000000 0.000000 0.000000 21.650635 0.000000 0.000000 -34.641016 0.000000 0.000000 6.795856 0.000000 0.000000 0.000000 0.000000 0.000000 -21.650635 0.000000 0.000000 0.000000 0.000000 0.000000 -6.795856 0.000000 0.000000 0.000000 
0.899157 106.837684 696.162207 2.121320 0.000000 0.000000 -1.414214 0.000000 0.000000 0.000000 0.000000 0.000000 0.000000 0.000000 0.000000 0.000000 0.000000 0.000000 0.000000 0.000000 -2.000000 0.000000 0.000000 0.000000 0.000000 0.000000 -10.606602 0.000000 0.000000 -5.000000 0.000000 0.000000 0.000000 0.000000 0.000000 0.000000 0.000000 0.000000 10.606602 0.000000 0.000000 -5.000000 0.000000 0.000000 0.000000 0.000000 0.000000 17.677670 0.000000 0.000000 -28.284271 0.000000 0.000000 4.665606 0.000000 0.000000 0.000000 0.000000 0.000000 -17.677670 0.000000 0.000000 0.000000 0.000000 0.000000 -4.665606 0.000000 0.000000 0.000000 
0.588497 106.630577 697.831661 1.500000 0.000000 0.000000 -1.000000 0.000000 0.000000 0.000000 0.000000 0.000000 0.000000 0.000000 0.000000 0.000000 0.000000 0.000000 0.000000 0.000000 -1.732051 0.000000 0.000000 0.000000 0.000000 0.000000 -7.500000 0.000000 0.000000 -5.000000 0.000000 0.000000 0.000000 0.000000 0.000000 0.000000 0.000000 0.000000 7.500000 0.000000 0.000000 -5.000000 0.000000 0.000000 0.000000 0.000000 0.000000 12.500000 0.000000 0.000000 -20.000000 0.000000 0.000000 2.217402 0.000000 0.000000 0.000000 0.000000 0.000000 -12.500000 0.000000 0.000000 0.000000 0.000000 0.000000 -2.217402 0.000000 0.000000 0.000000 
0.226726 106.389396 699.501115 0.776457 0.000000 0.000000 -0.517638 0.000000 0.000000 0.000000 0.000000 0.000000 0.000000 0.000000 0.000000 0.000000 0.000000 0.000000 0.000000 0.000000 -1.000000 0.000000 0.000000 0.000000 0.000000 0.000000 -3.882286 0.000000 0.000000 -5.000000 0.000000 0.000000 0.000000 0.000000 0.000000 0.000000 0.000000 0.000000 3.882286 0.000000 0.000000 -5.000000 0.000000 0.000000 0.000000 0.000000 0.000000 6.470476 0.000000 0.000000 -10.352762 0.000000 0.000000 -0.381913 0.000000 0.000000 0.000000 0.000000 0.000000 -6.470476 0.000000 0.000000 0.000000 0.000000 0.000000 0.381913 0.000000 0.000000 0.000000 
-0.161503 106.130577 701.170569 0.000000 0.000000 0.000000 -0.000000 0.000000 0.000000 0.000000 0.000000 0.000000 0.000000 0.000000 0.000000 0.000000 0.000000 0.000000 0.000000 0.000000 -0.000000 0.000000 0.000000 0.000000 0.000000 0.000000 -0.000000 0.000000 0.000000 -5.000000 0.000000 0.000000 0.000000 0.000000 0.000000 0.000000 0.000000 0.000000 0.000000 0.000000 0.000000 -5.000000 0.000000 0.000000 0.000000 0.000000 0.000000 0.000000 0.000000 0.000000 -0.000000 0.000000 0.000000 -2.955202 0.000000 0.000000 0.000000 0.000000 0.000000 -0.000000 0.000000 0.000000 0.000000 0.000000 0.000000 2.955202 0.000000 0.000000 0.000000 
-0.549732 106.389396 702.840022 -0.776457 0.000000 0.000000 0.517638 0.000000 0.000000 0.000000 0.000000 0.000000 0.000000 0.000000 0.000000 0.000000 0.000000 0.000000 0.000000 0.000000 1.000000 0.000000 0.000000 0.000000 0.000000 0.000000 3.882286 0.000000 0.000000 -5.000000 0.000000 0.000000 0.000000 0.000000 0.000000 0.000000 0.000000 0.000000 -3.882286 0.000000 0.000000 -5.000000 0.000000 0.000000 0.000000 0.000000 0.000000 -6.470476 0.000000 0.000000 0.000000 0.000000 0.000000 -5.327099 0.000000 0.000000 0.000000 0.000000 0.000000 6.470476 0.000000 0.000000 -10.352762 0.000000 0.000000 5.327099 0.000000 0.000000 0.000000 
-0.911503 106.630577 704.509476 -1.500000 0.000000 0.000000 1.000000 0.000000 0.000000 0.000000 0.000000 0.000000 0.000000 0.000000 0.000000 0.000000 0.000000 0.000000 0.000000 0.000000 1.732051 0.000000 0.000000 0.000000 0.000000 0.000000 7.500000 0.000000 0.000000 -5.000000 0.000000 0.000000 0.000000 0.000000 0.000000 0.000000 0.000000 0.000000 -7.500000 0.000000 0.000000 -5.000000 0.000000 0.000000 0.000000 0.000000 0.000000 -12.500000 0.000000 0.000000 0.000000 0.000000 0.000000 -7.335963 0.000000 0.000000 0.000000 0.000000 0.000000 12.500000 0.000000 0.000000 -20.000000 0.000000 0.000000 7.335963 0.000000 0.000000 0.000000 
-1.222163 106.837684 706.178930 -2.121320 0.000000 0.000000 1.414214 0.000000 0.000000 0.000000 0.000000 0.000000 0.000000 0.000000 0.000000 0.000000 0.000000 0.000000 0.000000 0.000000 2.000000 0.000000 0.000000 0.000000 0.000000 0.000000 10.606602 0.000000 0.000000 -5.000000 0.000000 0.000000 0.000000 0.000000 0.000000 0.000000 0.000000 0.000000 -10.606602 0.000000 0.000000 -5.000000 0.000000 0.000000 0.000000 0.000000 0.000000 -17.677670 0.000000 0.000000 0.000000 0.000000 0.000000 -8.844893 0.000000 0.000000 0.000000 0.000000 0.000000 17.677670 0.000000 0.000000 -28.284271 0.000000 0.000000 8.844893 0.000000 0.000000 0.000000 
-1.460541 106.996602 707.848384 -2.598076 0.000000 0.000000 1.732051 0.000000 0.000000 0.000000 0.000000 0.000000 0.000000 0.000000 0.000000 0.000000 0.000000 0.000000 0.000000 0.000000 1.732051 0.000000 0.000000 0.000000 0.000000 0.000000 12.990381 0.000000 0.000000 -5.000000 0.000000 0.000000 0.000000 0.000000 0.000000 0.000000 0.000000 0.000000 -12.990381 0.000000 0.000000 -5.000000 0.000000 0.000000 0.000000 0.000000 0.000000 -21.650635 0.000000 0.000000 0.000000 0.000000 0.000000 -9.751058 0.000000 0.000000 0.000000 0.000000 0.000000 21.650635 0.000000 0.000000 -34.641016 0.000000 0.000000 9.751058 0.000000 0.000000 0.000000 
-1.610392 107.096503 709.517837 -2.897777 0.000000 0.000000 1.931852 0.000000 0.000000 0.000000 0.000000 0.000000 0.000000 0.000000 0.000000 0.000000 0.000000 0.000000 0.000000 0.000000 1.000000 0.000000 0.000000 0.000000 0.000000 0.000000 14.488887 0.000000 0.000000 -5.000000 0.000000 0.000000 0.000000 0.000000 0.000000 0.000000 0.000000 0.000000 -14.488887 0.000000 0.000000 -5.000000 0.000000 0.000000 0.000000 0.000000 0.000000 -24.148146 0.000000 0.000000 0.000000 0.000000 0.000000 -9.992704 0.000000 0.000000 0.000000 0.000000 0.000000 24.148146 0.000000 0.000000 -38.637033 0.000000 0.000000 9.992704 0.000000 0.000000 0.000000 
-1.661503 107.130577 711.187291 -3.000000 0.000000 0.000000 2.000000 0.000000 0.000000 0.000000 0.000000 0.000000 0.000000 0.000000 0.000000 0.000000 0.000000 0.000000 0.000000 0.000000 0.000000 0.000000 0.000000 0.000000 0.000000 0.000000 15.000000 0.000000 0.000000 -5.000000 0.000000 0.000000 0.000000 0.000000 0.000000 0.000000 0.000000 0.000000 -15.000000 0.000000 0.000000 -5.000000 0.000000 0.000000 0.000000 0.000000 0.000000 -25.000000 0.000000 0.000000 0.000000 0.000000 0.000000 -9.553365 0.000000 0.000000 0.000000 0.000000 0.000000 25.000000 0.000000 0.000000 -40.000000 0.000000 0.000000 9.553365 0.000000 0.000000 0.000000 
-1.610392 107.096503 712.856745 -2.897777 0.000000 0.000000 1.931852 0.000000 0.000000 0.000000 0.000000 0.000000 0.000000 0.000000 0.000000 0.000000 0.000000 0.000000 0.000000 0.000000 -1.000000 0.000000 0.000000 0.000000 0.000000 0.000000 14.488887 0.000000 0.000000 -5.000000 0.000000 0.000000 0.000000 0.000000 0.000000 0.000000 0.000000 0.000000 -14.488887 0.000000 0.000000 -5.000000 0.000000 0.000000 0.000000 0.000000 0.000000 -24.148146 0.000000 0.000000 0.000000 0.000000 0.000000 -8.462979 0.000000 0.000000 0.000000 0.000000 0.000000 24.148146 0.000000 0.000000 -38.637033 0.000000 0.000000 8.462979 0.000000 0.000000 0.000000 
-1.460541 106.996602 714.526198 -2.598076 0.000000 0.000000 1.732051 0.000000 0.000000 0.000000 0.000000 0.000000 0.000000 0.000000 0.000000 0.000000 0.000000 0.000000 0.000000 0.000000 -1.732051 0.000000 0.000000 0.000000 0.000000 0.000000 12.990381 0.000000 0.000000 -5.000000 0.000000 0.000000 0.000000 0.000000 0.000000 0.000000 0.000000 0.000000 -12.990381 0.000000 0.000000 -5.000000 0.000000 0.000000 0.000000 0.000000 0.000000 -21.650635 0.000000 0.000000 0.000000 0.000000 0.000000 -6.795856 0.000000 0.000000 0.000000 0.000000 0.000000 21.650635 0.000000 0.000000 -34.641016 0.000000 0.000000 6.795856 0.000000 0.000000 0.000000 
-1.222163 106.837684 716.195652 -2.121320 0.000000 0.000000 1.414214 0.000000 0.000000 0.000000 0.000000 0.000000 0.000000 0.000000 0.000000 0.000000 0.000000 0.000000 0.000000 0.000000 -2.000000 0.000000 0.000000 0.000000 0.000000 0.000000 10.606602 0.000000 0.000000 -5.000000 0.000000 0.000000 0.000000 0.000000 0.000000 0.000000 0.000000 0.000000 -10.606602 0.000000 0.000000 -5.000000 0.000000 0.000000 0.000000 0.000000 0.000000 -17.677670 0.000000 0.000000 0.000000 0.000000 0.000000 -4.665606 0.000000 0.000000 0.000000 0.000000 0.000000 17.677670 0.000000 0.000000 -28.284271 0.000000 0.000000 4.665606 0.000000 0.000000 0.000000 
-0.911503 106.630577 717.865106 -1.500000 0.000000 0.000000 1.000000 0.000000 0.000000 0.000000 0.000000 0.000000 0.000000 0.000000 0.000000 0.000000 0.000000 0.000000 0.000000 0.000000 -1.732051 0.000000 0.000000 0.000000 0.000000 0.000000 7.500000 0.000000 0.000000 -5.000000 0.000000 0.000000 0.000000 0.000000 0.000000 0.000000 0.000000 0.000000 -7.500000 0.000000 0.000000 -5.000000 0.000000 0.000000 0.000000 0.000000 0.000000 -12.500000 0.000000 0.000000 0.000000 0.000000 0.000000 -2.217402 0.000000 0.000000 0.000000 0.000000 0.000000 12.500000 0.000000 0.000000 -20.000000 0.000000 0.000000 2.217402 0.000000 0.000000 0.000000 
-0.549732 106.389396 719.534560 -0.776457 0.000000 0.000000 0.517638 0.000000 0.000000 0.000000 0.000000 0.000000 0.000000 0.000000 0.000000 0.000000 0.000000 0.000000 0.000000 0.000000 -1.000000 0.000000 0.000000 0.000000 0.000000 0.000000 3.882286 0.000000 0.000000 -5.000000 0.000000 0.000000 0.000000 0.000000 0.000000 0.000000 0.000000 0.000000 -3.882286 0.000000 0.000000 -5.000000 0.000000 0.000000 0.000000 0.000000 0.000000 -6.470476 0.000000 0.000000 0.000000 0.000000 0.000000 0.381913 0.000000 0.000000 0.000000 0.000000 0.000000 6.470476 0.000000 0.000000 -10.352762 0.000000 0.000000 -0.381913 0.000000 0.000000 0.000000 
-0.161503 106.130577 721.204013 -0.000000 0.000000 0.000000 0.000000 0.000000 0.000000 0.000000 0.000000 0.000000 0.000000 0.000000 0.000000 0.000000 0.000000 0.000000 0.000000 0.000000 -0.000000 0.000000 0.000000 0.000000 0.000000 0.000000 0.000000 0.000000 0.000000 -5.000000 0.000000 0.000000 0.000000 0.000000 0.000000 0.000000 0.000000 0.000000 -0.000000 0.000000 0.000000 -5.000000 0.000000 0.000000 0.000000 0.000000 0.000000 -0.000000 0.000000 0.000000 0.000000 0.000000 0.000000 2.955202 0.000000 0.000000 0.000000 0.000000 0.000000 0.000000 0.000000 0.000000 -0.000000 0.000000 0.000000 -2.955202 0.000000 0.000000 0.000000 
0.226726 106.389396 722.873467 0.776457 0.000000 0.000000 -0.517638 0.000000 0.000000 0.000000 0.000000 0.000000 0.000000 0.000000 0.000000 0.000000 0.000000 0.000000 0.000000 0.000000 1.000000 0.000000 0.000000 0.000000 0.000000 0.000000 -3.882286 0.000000 0.000000 -5.000000 0.000000 0.000000 0.000000 0.000000 0.000000 0.000000 0.000000 0.000000 3.882286 0.000000 0.000000 -5.000000 0.000000 0.000000 0.000000 0.000000 0.000000 6.470476 0.000000 0.000000 -10.352762 0.000000 0.000000 5.327099 0.000000 0.000000 0.000000 0.000000 0.000000 -6.470476 0.000000 0.000000 0.000000 0.000000 0.000000 -5.327099 0.000000 0.000000 0.000000 
0.588497 106.630577 724.542921 1.500000 0.000000 0.000000 -1.000000 0.000000 0.000000 0.000000 0.000000 0.000000 0.000000 0.000000 0.000000 0.000000 0.000000 0.000000 0.000000 0.000000 1.732051 0.000000 0.000000 0.000000 0.000000 0.000000 -7.500000 0.000000 0.000000 -5.000000 0.000000 0.000000 0.000000 0.000000 0.000000 0.000000 0.000000 0.000000 7.500000 0.000000 0.000000 -5.000000 0.000000 0.000000 0.000000 0.000000 0.000000 12.500000 0.000000 0.000000 -20.000000 0.000000 0.000000 7.335963 0.000000 0.000000 0.000000 0.000000 0.000000 -12.500000 0.000000 0.000000 0.000000 0.000000 0.000000 -7.335963 0.000000 0.000000 0.000000 
0.899157 106.837684 726.212375 2.121320 0.000000 0.000000 -1.414214 0.000000 0.000000 0.000000 0.000000 0.000000 0.000000 0.000000 0.000000 0.000000 0.000000 0.000000 0.000000 0.000000 2.000000 0.000000 0.000000 0.000000 0.000000 0.000000 -10.606602 0.000000 0.000000 -5.000000 0.000000 0.000000 0.000000 0.000000 0.000000 0.000000 0.000000 0.000000 10.606602 0.000000 0.000000 -5.000000 0.000000 0.000000 0.000000 0.000000 0.000000 17.677670 0.000000 0.000000 -28.284271 0.000000 0.000000 8.844893 0.000000 0.000000 0.000000 0.000000 0.000000 -17.677670 0.000000 0.000000 0.000000 0.000000 0.000000 -8.844893 0.000000 0.000000 0.000000 
1.137535 106.996602 727.881828 2.598076 0.000000 0.000000 -1.732051 0.000000 0.000000 0.000000 0.000000 0.000000 0.000000 0.000000 0.000000 0.000000 0.000000 0.000000 0.000000 0.000000 1.732051 0.000000 0.000000 0.000000 0.000000 0.000000 -12.990381 0.000000 0.000000 -5.000000 0.000000 0.000000 0.000000 0.000000 0.000000 0.000000 0.000000 0.000000 12.990381 0.000000 0.000000 -5.000000 0.000000 0.000000 0.000000 0.000000 0.000000 21.650635 0.000000 0.000000 -34.641016 0.000000 0.000000 9.751058 0.000000 0.000000 0.000000 0.000000 0.000000 -21.650635 0.000000 0.000000 0.000000 0.000000 0.000000 -9.751058 0.000000 0.000000 0.000000 
1.287386 107.096503 729.551282 2.897777 0.000000 0.000000 -1.931852 0.000000 0.000000 0.000000 0.000000 0.000000 0.000000 0.000000 0.000000 0.000000 0.000000 0.000000 0.000000 0.000000 1.000000 0.000000 0.000000 0.000000 0.000000 0.000000 -14.488887 0.000000 0.000000 -5.000000 0.000000 0.000000 0.000000 0.000000 0.000000 0.000000 0.000000 0.000000 14.488887 0.000000 0.000000 -5.000000 0.000000 0.000000 0.000000 0.000000 0.000000 24.148146 0.000000 0.000000 -38.637033 0.000000 0.000000 9.992704 0.000000 0.000000 0.000000 0.000000 0.000000 -24.148146 0.000000 0.000000 0.000000 0.000000 0.000000 -9.992704 0.000000 0.000000 0.000000 
1.338497 107.130577 731.220736 3.000000 0.000000 0.000000 -2.000000 0.000000 0.000000 0.000000 0.000000 0.000000 0.000000 0.000000 0.000000 0.000000 0.000000 0.000000 0.000000 0.000000 0.000000 0.000000 0.000000 0.000000 0.000000 0.000000 -15.000000 0.000000 0.000000 -5.000000 0.000000 0.000000 0.000000 0.000000 0.000000 0.000000 0.000000 0.000000 15.000000 0.000000 0.000000 -5.000000 0.000000 0.000000 0.000000 0.000000 0.000000 25.000000 0.000000 0.000000 -40.000000 0.000000 0.000000 9.553365 0.000000 0.000000 0.000000 0.000000 0.000000 -25.000000 0.000000 0.000000 0.000000 0.000000 0.000000 -9.553365 0.000000 0.000000 0.000000 
1.287386 107.096503 732.890190 2.897777 0.000000 0.000000 -1.931852 0.000000 0.000000 0.000000 0.000000 0.000000 0.000000 0.000000 0.000000 0.000000 0.000000 0.000000 0.000000 0.000000 -1.000000 0.000000 0.000000 0.000000 0.000000 0.000000 -14.488887 0.000000 0.000000 -5.000000 0.000000 0.000000 0.000000 0.000000 0.000000 0.000000 0.000000 0.000000 14.488887 0.000000 0.000000 -5.000000 0.000000 0.000000 0.000000 0.000000 0.000000 24.148146 0.000000 0.000000 -38.637033 0.000000 0.000000 8.462979 0.000000 0.000000 0.000000 0.000000 0.000000 -24.148146 0.000000 0.000000 0.000000 0.000000 0.000000 -8.462979 0.000000 0.000000 0.000000 
1.137535 106.996602 734.559643 2.598076 0.000000 0.000000 -1.732051 0.000000 0.000000 0.000000 0.000000 0.000000 0.000000 0.000000 0.000000 0.000000 0.000000 0.000000 0.000000 0.000000 -1.732051 0.000000 0.000000 0.000000 0.000000 0.000000 -12.990381 0.000000 0.000000 -5.000000 0.000000 0.000000 0.000000 0.000000 0.000000 0.000000 0.000000 0.000000 12.990381 0.000000 0.000000 -5.000000 0.000000 0.000000 0.000000 0.000000 0.000000 21.650635 0.000000 0.000000 -34.641016 0.000000 0.000000 6.795856 0.000000 0.000000 0.000000 0.000000 0.000000 -21.650635 0.000000 0.000000 0.000000 0.000000 0.000000 -6.795856 0.000000 0.000000 0.000000 
0.899157 106.837684 736.229097 2.121320 0.000000 0.000000 -1.414214 0.000000 0.000000 0.000000 0.000000 0.000000 0.000000 0.000000 0.000000 0.000000 0.000000 0.000000 0.000000 0.000000 -2.000000 0.000000 0.000000 0.000000 0.000000 0.000000 -10.606602 0.000000 0.000000 -5.000000 0.000000 0.000000 0.000000 0.000000 0.000000 0.000000 0.000000 0.000000 10.606602 0.000000 0.000000 -5.000000 0.000000 0.000000 0.000000 0.000000 0.000000 17.677670 0.000000 0.000000 -28.284271 0.000000 0.000000 4.665606 0.000000 0.000000 0.000000 0.000000 0.000000 -17.677670 0.000000 0.000000 0.000000 0.000000 0.000000 -4.665606 0.000000 0.000000 0.000000 
0.588497 106.630577 737.898551 1.500000 0.000000 0.000000 -1.000000 0.000000 0.000000 0.000000 0.000000 0.000000 0.000000 0.000000 0.000000 0.000000 0.000000 0.000000 0.000000 0.000000 -1.732051 0.000000 0.000000 0.000000 0.000000 0.000000 -7.500000 0.000000 0.000000 -5.000000 0.000000 0.000000 0.000000 0.000000 0.000000 0.000000 0.000000 0.000000 7.500000 0.000000 0.000000 -5.000000 0.000000 0.000000 0.000000 0.000000 0.000000 12.500000 0.000000 0.000000 -20.000000 0.000000 0.000000 2.217402 0.000000 0.000000 0.000000 0.000000 0.000000 -12.500000 0.000000 0.000000 0.000000 0.000000 0.000000 -2.217402 0.000000 0.000000 0.000000 
0.226726 106.389396 739.568004 0.776457 0.000000 0.000000 -0.517638 0.000000 0.000000 0.000000 0.000000 0.000000 0.000000 0.000000 0.000000 0.000000 0.000000 0.000000 0.000000 0.000000 -1.000000 0.000000 0.000000 0.000000 0.000000 0.000000 -3.882286 0.000000 0.000000 -5.000000 0.000000 0.000000 0.000000 0.000000 0.000000 0.000000 0.000000 0.000000 3.882286 0.000000 0.000000 -5.000000 0.000000 0.000000 0.000000 0.000000 0.000000 6.470476 0.000000 0.000000 -10.352762 0.000000 0.000000 -0.381913 0.000000 0.000000 0.000000 0.000000 0.000000 -6.470476 0.000000 0.000000 0.000000 0.000000 0.000000 0.381913 0.000000 0.000000 0.000000 
-0.161503 106.130577 741.237458 0.000000 0.000000 0.000000 -0.000000 0.000000 0.000000 0.000000 0.000000 0.000000 0.000000 0.000000 0.000000 0.000000 0.000000 0.000000 0.000000 0.000000 -0.000000 0.000000 0.000000 0.000000 0.000000 0.000000 -0.000000 0.000000 0.000000 -5.000000 0.000000 0.000000 0.000000 0.000000 0.000000 0.000000 0.000000 0.000000 0.000000 0.000000 0.000000 -5.000000 0.000000 0.000000 0.000000 0.000000 0.000000 0.000000 0.000000 0.000000 -0.000000 0.000000 0.000000 -2.955202 0.000000 0.000000 0.000000 0.000000 0.000000 -0.000000 0.000000 0.000000 0.000000 0.000000 0.000000 2.955202 0.000000 0.000000 0.000000 
-0.549732 106.389396 742.906912 -0.776457 0.000000 0.000000 0.517638 0.000000 0.000000 0.000000 0.000000 0.000000 0.000000 0.000000 0.000000 0.000000 0.000000 0.000000 0.000000 0.000000 1.000000 0.000000 0.000000 0.000000 0.000000 0.000000 3.882286 0.000000 0.000000 -5.000000 0.000000 0.000000 0.000000 0.000000 0.000000 0.000000 0.000000 0.000000 -3.882286 0.000000 0.000000 -5.000000 0.000000 0.000000 0.000000 0.000000 0.000000 -6.470476 0.000000 0.000000 0.000000 0.000000 0.000000 -5.327099 0.000000 0.000000 0.000000 0.000000 0.000000 6.470476 0.000000 0.000000 -10.352762 0.000000 0.000000 5.327099 0.000000 0.000000 0.000000 
-0.911503 106.630577 744.576366 -1.500000 0.000000 0.000000 1.000000 0.000000 0.000000 0.000000 0.000000 0.000000 0.000000 0.000000 0.000000 0.000000 0.000000 0.000000 0.000000 0.000000 1.732051 0.000000 0.000000 0.000000 0.000000 0.000000 7.500000 0.000000 0.000000 -5.000000 0.000000 0.000000 0.000000 0.000000 0.000000 0.000000 0.000000 0.000000 -7.500000 0.000000 0.000000 -5.000000 0.000000 0.000000 0.000000 0.000000 0.000000 -12.500000 0.000000 0.000000 0.000000 0.000000 0.000000 -7.335963 0.000000 0.000000 0.000000 0.000000 0.000000 12.500000 0.000000 0.000000 -20.000000 0.000000 0.000000 7.335963 0.000000 0.000000 0.000000 
-1.222163 106.837684 746.245819 -2.121320 0.000000 0.000000 1.414214 0.000000 0.000000 0.000000 0.000000 0.000000 0.000000 0.000000 0.000000 0.000000 0.000000 0.000000 0.000000 0.000000 2.000000 0.000000 0.000000 0.000000 0.000000 0.000000 10.606602 0.000000 0.000000 -5.000000 0.000000 0.000000 0.000000 0.000000 0.000000 0.000000 0.000000 0.000000 -10.606602 0.000000 0.000000 -5.000000 0.000000 0.000000 0.000000 0.000000 0.000000 -17.677670 0.000000 0.000000 0.000000 0.000000 0.000000 -8.844893 0.000000 0.000000 0.000000 0.000000 0.000000 17.677670 0.000000 0.000000 -28.284271 0.000000 0.000000 8.844893 0.000000 0.000000 0.000000 
-1.460541 106.996602 747.915273 -2.598076 0.000000 0.000000 1.732051 0.000000 0.000000 0.000000 0.000000 0.000000 0.000000 0.000000 0.000000 0.000000 0.000000 0.000000 0.000000 0.000000 1.732051 0.000000 0.000000 0.000000 0.000000 0.000000 12.990381 0.000000 0.000000 -5.000000 0.000000 0.000000 0.000000 0.000000 0.000000 0.000000 0.000000 0.000000 -12.990381 0.000000 0.000000 -5.000000 0.000000 0.000000 0.000000 0.000000 0.000000 -21.650635 0.000000 0.000000 0.000000 0.000000 0.000000 -9.751058 0.000000 0.000000 0.000000 0.000000 0.000000 21.650635 0.000000 0.000000 -34.641016 0.000000 0.000000 9.751058 0.000000 0.000000 0.000000 
-1.610392 107.096503 749.584727 -2.897777 0.000000 0.000000 1.931852 0.000000 0.000000 0.000000 0.000000 0.000000 0.000000 0.000000 0.000000 0.000000 0.000000 0.000000 0.000000 0.000000 1.000000 0.000000 0.000000 0.000000 0.000000 0.000000 14.488887 0.000000 0.000000 -5.000000 0.000000 0.000000 0.000000 0.000000 0.000000 0.000000 0.000000 0.000000 -14.488887 0.000000 0.000000 -5.000000 0.000000 0.000000 0.000000 0.000000 0.000000 -24.148146 0.000000 0.000000 0.000000 0.000000 0.000000 -9.992704 0.000000 0.000000 0.000000 0.000000 0.000000 24.148146 0.000000 0.000000 -38.637033 0.000000 0.000000 9.992704 0.000000 0.000000 0.000000 
-1.661503 107.130577 751.254181 -3.000000 0.000000 0.000000 2.000000 0.000000 0.000000 0.000000 0.000000 0.000000 0.000000 0.000000 0.000000 0.000000 0.000000 0.000000 0.000000 0.000000 0.000000 0.000000 0.000000 0.000000 0.000000 0.000000 15.000000 0.000000 0.000000 -5.000000 0.000000 0.000000 0.000000 0.000000 0.000000 0.000000 0.000000 0.000000 -15.000000 0.000000 0.000000 -5.000000 0.000000 0.000000 0.000000 0.000000 0.000000 -25.000000 0.000000 0.000000 0.000000 0.000000 0.000000 -9.553365 0.000000 0.000000 0.000000 0.000000 0.000000 25.000000 0.000000 0.000000 -40.000000 0.000000 0.000000 9.553365 0.000000 0.000000 0.000000 
-1.610392 107.096503 752.923634 -2.897777 0.000000 0.000000 1.931852 0.000000 0.000000 0.000000 0.000000 0.000000 0.000000 0.000000 0.000000 0.000000 0.000000 0.000000 0.000000 0.000000 -1.000000 0.000000 0.000000 0.000000 0.000000 0.000000 14.488887 0.000000 0.000000 -5.000000 0.000000 0.000000 0.000000 0.000000 0.000000 0.000000 0.000000 0.000000 -14.488887 0.000000 0.000000 -5.000000 0.000000 0.000000 0.000000 0.000000 0.000000 -24.148146 0.000000 0.000000 0.000000 0.000000 0.000000 -8.462979 0.000000 0.000000 0.000000 0.000000 0.000000 24.148146 0.000000 0.000000 -38.637033 0.000000 0.000000 8.462979 0.000000 0.000000 0.000000 
-1.460541 106.996602 754.593088 -2.598076 0.000000 0.000000 1.732051 0.000000 0.000000 0.000000 0.000000 0.000000 0.000000 0.000000 0.000000 0.000000 0.000000 0.000000 0.000000 0.000000 -1.732051 0.000000 0.000000 0.000000 0.000000 0.000000 12.990381 0.000000 0.000000 -5.000000 0.000000 0.000000 0.000000 0.000000 0.000000 0.000000 0.000000 0.000000 -12.990381 0.000000 0.000000 -5.000000 0.000000 0.000000 0.000000 0.000000 0.000000 -21.650635 0.000000 0.000000 0.000000 0.000000 0.000000 -6.795856 0.000000 0.000000 0.000000 0.000000 0.000000 21.650635 0.000000 0.000000 -34.641016 0.000000 0.000000 6.795856 0.000000 0.000000 0.000000 
-1.222163 106.837684 756.262542 -2.121320 0.000000 0.000000 1.414214 0.000000 0.000000 0.000000 0.000000 0.000000 0.000000 0.000000 0.000000 0.000000 0.000000 0.000000 0.000000 0.000000 -2.000000 0.000000 0.000000 0.000000 0.000000 0.000000 10.606602 0.000000 0.000000 -5.000000 0.000000 0.000000 0.000000 0.000000 0.000000 0.000000 0.000000 0.000000 -10.606602 0.000000 0.000000 -5.000000 0.000000 0.000000 0.000000 0.000000 0.000000 -17.677670 0.000000 0.000000 0.000000 0.000000 0.000000 -4.665606 0.000000 0.000000 0.000000 0.000000 0.000000 17.677670 0.000000 0.000000 -28.284271 0.000000 0.000000 4.665606 0.000000 0.000000 0.000000 
-0.911503 106.630577 757.931996 -1.500000 0.000000 0.000000 1.000000 0.000000 0.000000 0.000000 0.000000 0.000000 0.000000 0.000000 0.000000 0.000000 0.000000 0.000000 0.000000 0.000000 -1.732051 0.000000 0.000000 0.000000 0.000000 0.000000 7.500000 0.000000 0.000000 -5.000000 0.000000 0.000000 0.000000 0.000000 0.000000 0.000000 0.000000 0.000000 -7.500000 0.000000 0.000000 -5.000000 0.000000 0.000000 0.000000 0.000000 0.000000 -12.500000 0.000000 0.000000 0.000000 0.000000 0.000000 -2.217402 0.000000 0.000000 0.000000 0.000000 0.000000 12.500000 0.000000 0.000000 -20.000000 0.000000 0.000000 2.217402 0.000000 0.000000 0.000000 
-0.549732 106.389396 759.601449 -0.776457 0.000000 0.000000 0.517638 0.000000 0.000000 0.000000 0.000000 0.000000 0.000000 0.000000 0.000000 0.000000 0.000000 0.000000 0.000000 0.000000 -1.000000 0.000000 0.000000 0.000000 0.000000 0.000000 3.882286 0.000000 0.000000 -5.000000 0.000000 0.000000 0.000000 0.000000 0.000000 0.000000 0.000000 0.000000 -3.882286 0.000000 0.000000 -5.000000 0.000000 0.000000 0.000000 0.000000 0.000000 -6.470476 0.000000 0.000000 0.000000 0.000000 0.000000 0.381913 0.000000 0.000000 0.000000 0.000000 0.000000 6.470476 0.000000 0.000000 -10.352762 0.000000 0.000000 -0.381913 0.000000 0.000000 0.000000 
-0.161503 106.130577 761.270903 -0.000000 0.000000 0.000000 0.000000 0.000000 0.000000 0.000000 0.000000 0.000000 0.000000 0.000000 0.000000 0.000000 0.000000 0.000000 0.000000 0.000000 -0.000000 0.000000 0.000000 0.000000 0.000000 0.000000 0.000000 0.000000 0.000000 -5.000000 0.000000 0.000000 0.000000 0.000000 0.000000 0.000000 0.000000 0.000000 -0.000000 0.000000 0.000000 -5.000000 0.000000 0.000000 0.000000 0.000000 0.000000 -0.000000 0.000000 0.000000 0.000000 0.000000 0.000000 2.955202 0.000000 0.000000 0.000000 0.000000 0.000000 0.000000 0.000000 0.000000 -0.000000 0.000000 0.000000 -2.955202 0.000000 0.000000 0.000000 
0.226726 106.389396 762.940357 0.776457 0.000000 0.000000 -0.517638 0.000000 0.000000 0.000000 0.000000 0.000000 0.000000 0.000000 0.000000 0.000000 0.000000 0.000000 0.000000 0.000000 1.000000 0.000000 0.000000 0.000000 0.000000 0.000000 -3.882286 0.000000 0.000000 -5.000000 0.000000 0.000000 0.000000 0.000000 0.000000 0.000000 0.000000 0.000000 3.882286 0.000000 0.000000 -5.000000 0.000000 0.000000 0.000000 0.000000 0.000000 6.470476 0.000000 0.000000 -10.352762 0.000000 0.000000 5.327099 0.000000 0.000000 0.000000 0.000000 0.000000 -6.470476 0.000000 0.000000 0.000000 0.000000 0.000000 -5.327099 0.000000 0.000000 0.000000 
0.588497 106.630577 764.609810 1.500000 0.000000 0.000000 -1.000000 0.000000 0.000000 0.000000 0.000000 0.000000 0.000000 0.000000 0.000000 0.000000 0.000000 0.000000 0.000000 0.000000 1.732051 0.000000 0.000000 0.000000 0.000000 0.000000 -7.500000 0.000000 0.000000 -5.000000 0.000000 0.000000 0.000000 0.000000 0.000000 0.000000 0.000000 0.000000 7.500000 0.000000 0.000000 -5.000000 0.000000 0.000000 0.000000 0.000000 0.000000 12.500000 0.000000 0.000000 -20.000000 0.000000 0.000000 7.335963 0.000000 0.000000 0.000000 0.000000 0.000000 -12.500000 0.000000 0.000000 0.000000 0.000000 0.000000 -7.335963 0.000000 0.000000 0.000000 
0.899157 106.837684 766.279264 2.121320 0.000000 0.000000 -1.414214 0.000000 0.000000 0.000000 0.000000 0.000000 0.000000 0.000000 0.000000 0.000000 0.000000 0.000000 0.000000 0.000000 2.000000 0.000000 0.000000 0.000000 0.000000 0.000000 -10.606602 0.000000 0.000000 -5.000000 0.000000 0.000000 0.000000 0.000000 0.000000 0.000000 0.000000 0.000000 10.606602 0.000000 0.000000 -5.000000 0.000000 0.000000 0.000000 0.000000 0.000000 17.677670 0.000000 0.000000 -28.284271 0.000000 0.000000 8.844893 0.000000 0.000000 0.000000 0.000000 0.000000 -17.677670 0.000000 0.000000 0.000000 0.000000 0.000000 -8.844893 0.000000 0.000000 0.000000 
1.137535 106.996602 767.948718 2.598076 0.000000 0.000000 -1.732051 0.000000 0.000000 0.000000 0.000000 0.000000 0.000000 0.000000 0.000000 0.000000 0.000000 0.000000 0.000000 0.000000 1.732051 0.000000 0.000000 0.000000 0.000000 0.000000 -12.990381 0.000000 0.000000 -5.000000 0.000000 0.000000 0.000000 0.000000 0.000000 0.000000 0.000000 0.000000 12.990381 0.000000 0.000000 -5.000000 0.000000 0.000000 0.000000 0.000000 0.000000 21.650635 0.000000 0.000000 -34.641016 0.000000 0.000000 9.751058 0.000000 0.000000 0.000000 0.000000 0.000000 -21.650635 0.000000 0.000000 0.000000 0.000000 0.000000 -9.751058 0.000000 0.000000 0.000000 
1.287386 107.096503 769.618172 2.897777 0.000000 0.000000 -1.931852 0.000000 0.000000 0.000000 0.000000 0.000000 0.000000 0.000000 0.000000 0.000000 0.000000 0.000000 0.000000 0.000000 1.000000 0.000000 0.000000 0.000000 0.000000 0.000000 -14.488887 0.000000 0.000000 -5.000000 0.000000 0.000000 0.000000 0.000000 0.000000 0.000000 0.000000 0.000000 14.488887 0.000000 0.000000 -5.000000 0.000000 0.000000 0.000000 0.000000 0.000000 24.148146 0.000000 0.000000 -38.637033 0.000000 0.000000 9.992704 0.000000 0.000000 0.000000 0.000000 0.000000 -24.148146 0.000000 0.000000 0.000000 0.000000 0.000000 -9.992704 0.000000 0.000000 0.000000 
1.338497 107.130577 771.287625 3.000000 0.000000 0.000000 -2.000000 0.000000 0.000000 0.000000 0.000000 0.000000 0.000000 0.000000 0.000000 0.000000 0.000000 0.000000 0.000000 0.000000 0.000000 0.000000 0.000000 0.000000 0.000000 0.000000 -15.000000 0.000000 0.000000 -5.000000 0.000000 0.000000 0.000000 0.000000 0.000000 0.000000 0.000000 0.000000 15.000000 0.000000 0.000000 -5.000000 0.000000 0.000000 0.000000 0.000000 0.000000 25.000000 0.000000 0.000000 -40.000000 0.000000 0.000000 9.553365 0.000000 0.000000 0.000000 0.000000 0.000000 -25.000000 0.000000 0.000000 0.000000 0.000000 0.000000 -9.553365 0.000000 0.000000 0.000000 
1.287386 107.096503 772.957079 2.897777 0.000000 0.000000 -1.931852 0.000000 0.000000 0.000000 0.000000 0.000000 0.000000 0.000000 0.000000 0.000000 0.000000 0.000000 0.000000 0.000000 -1.000000 0.000000 0.000000 0.000000 0.000000 0.000000 -14.488887 0.000000 0.000000 -5.000000 0.000000 0.000000 0.000000 0.000000 0.000000 0.000000 0.000000 0.000000 14.488887 0.000000 0.000000 -5.000000 0.000000 0.000000 0.000000 0.000000 0.000000 24.148146 0.000000 0.000000 -38.637033 0.000000 0.000000 8.462979 0.000000 0.000000 0.000000 0.000000 0.000000 -24.148146 0.000000 0.000000 0.000000 0.000000 0.000000 -8.462979 0.000000 0.000000 0.000000 
1.137535 106.996602 774.626533 2.598076 0.000000 0.000000 -1.732051 0.000000 0.000000 0.000000 0.000000 0.000000 0.000000 0.000000 0.000000 0.000000 0.000000 0.000000 0.000000 0.000000 -1.732051 0.000000 0.000000 0.000000 0.000000 0.000000 -12.990381 0.000000 0.000000 -5.000000 0.000000 0.000000 0.000000 0.000000 0.000000 0.000000 0.000000 0.000000 12.990381 0.000000 0.000000 -5.000000 0.000000 0.000000 0.000000 0.000000 0.000000 21.650635 0.000000 0.000000 -34.641016 0.000000 0.000000 6.795856 0.000000 0.000000 0.000000 0.000000 0.000000 -21.650635 0.000000 0.000000 0.000000 0.000000 0.000000 -6.795856 0.000000 0.000000 0.000000 
0.899157 106.837684 776.295987 2.121320 0.000000 0.000000 -1.414214 0.000000 0.000000 0.000000 0.000000 0.000000 0.000000 0.000000 0.000000 0.000000 0.000000 0.000000 0.000000 0.000000 -2.000000 0.000000 0.000000 0.000000 0.000000 0.000000 -10.606602 0.000000 0.000000 -5.000000 0.000000 0.000000 0.000000 0.000000 0.000000 0.000000 0.000000 0.000000 10.606602 0.000000 0.000000 -5.000000 0.000000 0.000000 0.000000 0.000000 0.000000 17.677670 0.000000 0.000000 -28.284271 0.000000 0.000000 4.665606 0.000000 0.000000 0.000000 0.000000 0.000000 -17.677670 0.000000 0.000000 0.000000 0.000000 0.000000 -4.665606 0.000000 0.000000 0.000000 
0.588497 106.630577 777.965440 1.500000 0.000000 0.000000 -1.000000 0.000000 0.000000 0.000000 0.000000 0.000000 0.000000 0.000000 0.000000 0.000000 0.000000 0.000000 0.000000 0.000000 -1.732051 0.000000 0.000000 0.000000 0.000000 0.000000 -7.500000 0.000000 0.000000 -5.000000 0.000000 0.000000 0.000000 0.000000 0.000000 0.000000 0.000000 0.000000 7.500000 0.000000 0.000000 -5.000000 0.000000 0.000000 0.000000 0.000000 0.000000 12.500000 0.000000 0.000000 -20.000000 0.000000 0.000000 2.217402 0.000000 0.000000 0.000000 0.000000 0.000000 -12.500000 0.000000 0.000000 0.000000 0.000000 0.000000 -2.217402 0.000000 0.000000 0.000000 
0.226726 106.389396 779.634894 0.776457 0.000000 0.000000 -0.517638 0.000000 0.000000 0.000000 0.000000 0.000000 0.000000 0.000000 0.000000 0.000000 0.000000 0.000000 0.000000 0.000000 -1.000000 0.000000 0.000000 0.000000 0.000000 0.000000 -3.882286 0.000000 0.000000 -5.000000 0.000000 0.000000 0.000000 0.000000 0.000000 0.000000 0.000000 0.000000 3.882286 0.000000 0.000000 -5.000000 0.000000 0.000000 0.000000 0.000000 0.000000 6.470476 0.000000 0.000000 -10.352762 0.000000 0.000000 -0.381913 0.000000 0.000000 0.000000 0.000000 0.000000 -6.470476 0.000000 0.000000 0.000000 0.000000 0.000000 0.381913 0.000000 0.000000 0.000000 
-0.161503 106.130577 781.304348 0.000000 0.000000 0.000000 -0.000000 0.000000 0.000000 0.000000 0.000000 0.000000 0.000000 0.000000 0.000000 0.000000 0.000000 0.000000 0.000000 0.000000 -0.000000 0.000000 0.000000 0.000000 0.000000 0.000000 -0.000000 0.000000 0.000000 -5.000000 0.000000 0.000000 0.000000 0.000000 0.000000 0.000000 0.000000 0.000000 0.000000 0.000000 0.000000 -5.000000 0.000000 0.000000 0.000000 0.000000 0.000000 0.000000 0.000000 0.000000 -0.000000 0.000000 0.000000 -2.955202 0.000000 0.000000 0.000000 0.000000 0.000000 -0.000000 0.000000 0.000000 0.000000 0.000000 0.000000 2.955202 0.000000 0.000000 0.000000 
-0.549732 106.389396 782.973802 -0.776457 0.000000 0.000000 0.517638 0.000000 0.000000 0.000000 0.000000 0.000000 0.000000 0.000000 0.000000 0.000000 0.000000 0.000000 0.000000 0.000000 1.000000 0.000000 0.000000 0.000000 0.000000 0.000000 3.882286 0.000000 0.000000 -5.000000 0.000000 0.000000 0.000000 0.000000 0.000000 0.000000 0.000000 0.000000 -3.882286 0.000000 0.000000 -5.000000 0.000000 0.000000 0.000000 0.000000 0.000000 -6.470476 0.000000 0.000000 0.000000 0.000000 0.000000 -5.327099 0.000000 0.000000 0.000000 0.000000 0.000000 6.470476 0.000000 0.000000 -10.352762 0.000000 0.000000 5.327099 0.000000 0.000000 0.000000 
-0.911503 106.630577 784.643255 -1.500000 0.000000 0.000000 1.000000 0.000000 0.000000 0.000000 0.000000 0.000000 0.000000 0.000000 0.000000 0.000000 0.000000 0.000000 0.000000 0.000000 1.732051 0.000000 0.000000 0.000000 0.000000 0.000000 7.500000 0.000000 0.000000 -5.000000 0.000000 0.000000 0.000000 0.000000 0.000000 0.000000 0.000000 0.000000 -7.500000 0.000000 0.000000 -5.000000 0.000000 0.000000 0.000000 0.000000 0.000000 -12.500000 0.000000 0.000000 0.000000 0.000000 0.000000 -7.335963 0.000000 0.000000 0.000000 0.000000 0.000000 12.500000 0.000000 0.000000 -20.000000 0.000000 0.000000 7.335963 0.000000 0.000000 0.000000 
-1.222163 106.837684 786.312709 -2.121320 0.000000 0.000000 1.414214 0.000000 0.000000 0.000000 0.000000 0.000000 0.000000 0.000000 0.000000 0.000000 0.000000 0.000000 0.000000 0.000000 2.000000 0.000000 0.000000 0.000000 0.000000 0.000000 10.606602 0.000000 0.000000 -5.000000 0.000000 0.000000 0.000000 0.000000 0.000000 0.000000 0.000000 0.000000 -10.606602 0.000000 0.000000 -5.000000 0.000000 0.000000 0.000000 0.000000 0.000000 -17.677670 0.000000 0.000000 0.000000 0.000000 0.000000 -8.844893 0.000000 0.000000 0.000000 0.000000 0.000000 17.677670 0.000000 0.000000 -28.284271 0.000000 0.000000 8.844893 0.000000 0.000000 0.000000 
-1.460541 106.996602 787.982163 -2.598076 0.000000 0.000000 1.732051 0.000000 0.000000 0.000000 0.000000 0.000000 0.000000 0.000000 0.000000 0.000000 0.000000 0.000000 0.000000 0.000000 1.732051 0.000000 0.000000 0.000000 0.000000 0.000000 12.990381 0.000000 0.000000 -5.000000 0.000000 0.000000 0.000000 0.000000 0.000000 0.000000 0.000000 0.000000 -12.990381 0.000000 0.000000 -5.000000 0.000000 0.000000 0.000000 0.000000 0.000000 -21.650635 0.000000 0.000000 0.000000 0.000000 0.000000 -9.751058 0.000000 0.000000 0.000000 0.000000 0.000000 21.650635 0.000000 0.000000 -34.641016 0.000000 0.000000 9.751058 0.000000 0.000000 0.000000 
-1.610392 107.096503 789.651616 -2.897777 0.000000 0.000000 1.931852 0.000000 0.000000 0.000000 0.000000 0.000000 0.000000 0.000000 0.000000 0.000000 0.000000 0.000000 0.000000 0.000000 1.000000 0.000000 0.000000 0.000000 0.000000 0.000000 14.488887 0.000000 0.000000 -5.000000 0.000000 0.000000 0.000000 0.000000 0.000000 0.000000 0.000000 0.000000 -14.488887 0.000000 0.000000 -5.000000 0.000000 0.000000 0.000000 0.000000 0.000000 -24.148146 0.000000 0.000000 0.000000 0.000000 0.000000 -9.992704 0.000000 0.000000 0.000000 0.000000 0.000000 24.148146 0.000000 0.000000 -38.637033 0.000000 0.000000 9.992704 0.000000 0.000000 0.000000 
-1.661503 107.130577 791.321070 -3.000000 0.000000 0.000000 2.000000 0.000000 0.000000 0.000000 0.000000 0.000000 0.000000 0.000000 0.000000 0.000000 0.000000 0.000000 0.000000 0.000000 -0.000000 0.000000 0.000000 0.000000 0.000000 0.000000 15.000000 0.000000 0.000000 -5.000000 0.000000 0.000000 0.000000 0.000000 0.000000 0.000000 0.000000 0.000000 -15.000000 0.000000 0.000000 -5.000000 0.000000 0.000000 0.000000 0.000000 0.000000 -25.000000 0.000000 0.000000 0.000000 0.000000 0.000000 -9.553365 0.000000 0.000000 0.000000 0.000000 0.000000 25.000000 0.000000 0.000000 -40.000000 0.000000 0.000000 9.553365 0.000000 0.000000 0.000000 
-1.610392 107.096503 792.990524 -2.897777 0.000000 0.000000 1.931852 0.000000 0.000000 0.000000 0.000000 0.000000 0.000000 0.000000 0.000000 0.000000 0.000000 0.000000 0.000000 0.000000 -1.000000 0.000000 0.000000 0.000000 0.000000 0.000000 14.488887 0.000000 0.000000 -5.000000 0.000000 0.000000 0.000000 0.000000 0.000000 0.000000 0.000000 0.000000 -14.488887 0.000000 0.000000 -5.000000 0.000000 0.000000 0.000000 0.000000 0.000000 -24.148146 0.000000 0.000000 0.000000 0.000000 0.000000 -8.462979 0.000000 0.000000 0.000000 0.000000 0.000000 24.148146 0.000000 0.000000 -38.637033 0.000000 0.000000 8.462979 0.000000 0.000000 0.000000 
-1.460541 106.996602 794.659978 -2.598076 0.000000 0.000000 1.732051 0.000000 0.000000 0.000000 0.000000 0.000000 0.000000 0.000000 0.000000 0.000000 0.000000 0.000000 0.000000 0.000000 -1.732051 0.000000 0.000000 0.000000 0.000000 0.000000 12.990381 0.000000 0.000000 -5.000000 0.000000 0.000000 0.000000 0.000000 0.000000 0.000000 0.000000 0.000000 -12.990381 0.000000 0.000000 -5.000000 0.000000 0.000000 0.000000 0.000000 0.000000 -21.650635 0.000000 0.000000 0.000000 0.000000 0.000000 -6.795856 0.000000 0.000000 0.000000 0.000000 0.000000 21.650635 0.000000 0.000000 -34.641016 0.000000 0.000000 6.795856 0.000000 0.000000 0.000000 
-1.222163 106.837684 796.329431 -2.121320 0.000000 0.000000 1.414214 0.000000 0.000000 0.000000 0.000000 0.000000 0.000000 0.000000 0.000000 0.000000 0.000000 0.000000 0.000000 0.000000 -2.000000 0.000000 0.000000 0.000000 0.000000 0.000000 10.606602 0.000000 0.000000 -5.000000 0.000000 0.000000 0.000000 0.000000 0.000000 0.000000 0.000000 0.000000 -10.606602 0.000000 0.000000 -5.000000 0.000000 0.000000 0.000000 0.000000 0.000000 -17.677670 0.000000 0.000000 0.000000 0.000000 0.000000 -4.665606 0.000000 0.000000 0.000000 0.000000 0.000000 17.677670 0.000000 0.000000 -28.284271 0.000000 0.000000 4.665606 0.000000 0.000000 0.000000 
-0.911503 106.630577 797.998885 -1.500000 0.000000 0.000000 1.000000 0.000000 0.000000 0.000000 0.000000 0.000000 0.000000 0.000000 0.000000 0.000000 0.000000 0.000000 0.000000 0.000000 -1.732051 0.000000 0.000000 0.000000 0.000000 0.000000 7.500000 0.000000 0.000000 -5.000000 0.000000 0.000000 0.000000 0.000000 0.000000 0.000000 0.000000 0.000000 -7.500000 0.000000 0.000000 -5.000000 0.000000 0.000000 0.000000 0.000000 0.000000 -12.500000 0.000000 0.000000 0.000000 0.000000 0.000000 -2.217402 0.000000 0.000000 0.000000 0.000000 0.000000 12.500000 0.000000 0.000000 -20.000000 0.000000 0.000000 2.217402 0.000000 0.000000 0.000000 
-0.549732 106.389396 799.668339 -0.776457 0.000000 0.000000 0.517638 0.000000 0.000000 0.000000 0.000000 0.000000 0.000000 0.000000 0.000000 0.000000 0.000000 0.000000 0.000000 0.000000 -1.000000 0.000000 0.000000 0.000000 0.000000 0.000000 3.882286 0.000000 0.000000 -5.000000 0.000000 0.000000 0.000000 0.000000 0.000000 0.000000 0.000000 0.000000 -3.882286 0.000000 0.000000 -5.000000 0.000000 0.000000 0.000000 0.000000 0.000000 -6.470476 0.000000 0.000000 0.000000 0.000000 0.000000 0.381913 0.000000 0.000000 0.000000 0.000000 0.000000 6.470476 0.000000 0.000000 -10.352762 0.000000 0.000000 -0.381913 0.000000 0.000000 0.000000 
-0.161503 106.130577 801.337793 -0.000000 0.000000 0.000000 0.000000 0.000000 0.000000 0.000000 0.000000 0.000000 0.000000 0.000000 0.000000 0.000000 0.000000 0.000000 0.000000 0.000000 -0.000000 0.000000 0.000000 0.000000 0.000000 0.000000 0.000000 0.000000 0.000000 -5.000000 0.000000 0.000000 0.000000 0.000000 0.000000 0.000000 0.000000 0.000000 -0.000000 0.000000 0.000000 -5.000000 0.000000 0.000000 0.000000 0.000000 0.000000 -0.000000 0.000000 0.000000 0.000000 0.000000 0.000000 2.955202 0.000000 0.000000 0.000000 0.000000 0.000000 0.000000 0.000000 0.000000 -0.000000 0.000000 0.000000 -2.955202 0.000000 0.000000 0.000000 
0.226726 106.389396 803.007246 0.776457 0.000000 0.000000 -0.517638 0.000000 0.000000 0.000000 0.000000 0.000000 0.000000 0.000000 0.000000 0.000000 0.000000 0.000000 0.000000 0.000000 1.000000 0.000000 0.000000 0.000000 0.000000 0.000000 -3.882286 0.000000 0.000000 -5.000000 0.000000 0.000000 0.000000 0.000000 0.000000 0.000000 0.000000 0.000000 3.882286 0.000000 0.000000 -5.000000 0.000000 0.000000 0.000000 0.000000 0.000000 6.470476 0.000000 0.000000 -10.352762 0.000000 0.000000 5.327099 0.000000 0.000000 0.000000 0.000000 0.000000 -6.470476 0.000000 0.000000 0.000000 0.000000 0.000000 -5.327099 0.000000 0.000000 0.000000 
0.588497 106.630577 804.676700 1.500000 0.000000 0.000000 -1.000000 0.000000 0.000000 0.000000 0.000000 0.000000 0.000000 0.000000 0.000000 0.000000 0.000000 0.000000 0.000000 0.000000 1.732051 0.000000 0.000000 0.000000 0.000000 0.000000 -7.500000 0.000000 0.000000 -5.000000 0.000000 0.000000 0.000000 0.000000 0.000000 0.000000 0.000000 0.000000 7.500000 0.000000 0.000000 -5.000000 0.000000 0.000000 0.000000 0.000000 0.000000 12.500000 0.000000 0.000000 -20.000000 0.000000 0.000000 7.335963 0.000000 0.000000 0.000000 0.000000 0.000000 -12.500000 0.000000 0.000000 0.000000 0.000000 0.000000 -7.335963 0.000000 0.000000 0.000000 
0.899157 106.837684 806.346154 2.121320 0.000000 0.000000 -1.414214 0.000000 0.000000 0.000000 0.000000 0.000000 0.000000 0.000000 0.000000 0.000000 0.000000 0.000000 0.000000 0.000000 2.000000 0.000000 0.000000 0.000000 0.000000 0.000000 -10.606602 0.000000 0.000000 -5.000000 0.000000 0.000000 0.000000 0.000000 0.000000 0.000000 0.000000 0.000000 10.606602 0.000000 0.000000 -5.000000 0.000000 0.000000 0.000000 0.000000 0.000000 17.677670 0.000000 0.000000 -28.284271 0.000000 0.000000 8.844893 0.000000 0.000000 0.000000 0.000000 0.000000 -17.677670 0.000000 0.000000 0.000000 0.000000 0.000000 -8.844893 0.000000 0.000000 0.000000 
1.137535 106.996602 808.015608 2.598076 0.000000 0.000000 -1.732051 0.000000 0.000000 0.000000 0.000000 0.000000 0.000000 0.000000 0.000000 0.000000 0.000000 0.000000 0.000000 0.000000 1.732051 0.000000 0.000000 0.000000 0.000000 0.000000 -12.990381 0.000000 0.000000 -5.000000 0.000000 0.000000 0.000000 0.000000 0.000000 0.000000 0.000000 0.000000 12.990381 0.000000 0.000000 -5.000000 0.000000 0.000000 0.000000 0.000000 0.000000 21.650635 0.000000 0.000000 -34.641016 0.000000 0.000000 9.751058 0.000000 0.000000 0.000000 0.000000 0.000000 -21.650635 0.000000 0.000000 0.000000 0.000000 0.000000 -9.751058 0.000000 0.000000 0.000000 
1.287386 107.096503 809.685061 2.897777 0.000000 0.000000 -1.931852 0.000000 0.000000 0.000000 0.000000 0.000000 0.000000 0.000000 0.000000 0.000000 0.000000 0.000000 0.000000 0.000000 1.000000 0.000000 0.000000 0.000000 0.000000 0.000000 -14.488887 0.000000 0.000000 -5.000000 0.000000 0.000000 0.000000 0.000000 0.000000 0.000000 0.000000 0.000000 14.488887 0.000000 0.000000 -5.000000 0.000000 0.000000 0.000000 0.000000 0.000000 24.148146 0.000000 0.000000 -38.637033 0.000000 0.000000 9.992704 0.000000 0.000000 0.000000 0.000000 0.000000 -24.148146 0.000000 0.000000 0.000000 0.000000 0.000000 -9.992704 0.000000 0.000000 0.000000 
1.338497 107.130577 811.354515 3.000000 0.000000 0.000000 -2.000000 0.000000 0.000000 0.000000 0.000000 0.000000 0.000000 0.000000 0.000000 0.000000 0.000000 0.000000 0.000000 0.000000 0.000000 0.000000 0.000000 0.000000 0.000000 0.000000 -15.000000 0.000000 0.000000 -5.000000 0.000000 0.000000 0.000000 0.000000 0.000000 0.000000 0.000000 0.000000 15.000000 0.000000 0.000000 -5.000000 0.000000 0.000000 0.000000 0.000000 0.000000 25.000000 0.000000 0.000000 -40.000000 0.000000 0.000000 9.553365 0.000000 0.000000 0.000000 0.000000 0.000000 -25.000000 0.000000 0.000000 0.000000 0.000000 0.000000 -9.553365 0.000000 0.000000 0.000000 
1.287386 107.096503 813.023969 2.897777 0.000000 0.000000 -1.931852 0.000000 0.000000 0.000000 0.000000 0.000000 0.000000 0.000000 0.000000 0.000000 0.000000 0.000000 0.000000 0.000000 -1.000000 0.000000 0.000000 0.000000 0.000000 0.000000 -14.488887 0.000000 0.000000 -5.000000 0.000000 0.000000 0.000000 0.000000 0.000000 0.000000 0.000000 0.000000 14.488887 0.000000 0.000000 -5.000000 0.000000 0.000000 0.000000 0.000000 0.000000 24.148146 0.000000 0.000000 -38.637033 0.000000 0.000000 8.462979 0.000000 0.000000 0.000000 0.000000 0.000000 -24.148146 0.000000 0.000000 0.000000 0.000000 0.000000 -8.462979 0.000000 0.000000 0.000000 
1.137535 106.996602 814.693423 2.598076 0.000000 0.000000 -1.732051 0.000000 0.000000 0.000000 0.000000 0.000000 0.000000 0.000000 0.000000 0.000000 0.000000 0.000000 0.000000 0.000000 -1.732051 0.000000 0.000000 0.000000 0.000000 0.000000 -12.990381 0.000000 0.000000 -5.000000 0.000000 0.000000 0.000000 0.000000 0.000000 0.000000 0.000000 0.000000 12.990381 0.000000 0.000000 -5.000000 0.000000 0.000000 0.000000 0.000000 0.000000 21.650635 0.000000 0.000000 -34.641016 0.000000 0.000000 6.795856 0.000000 0.000000 0.000000 0.000000 0.000000 -21.650635 0.000000 0.000000 0.000000 0.000000 0.000000 -6.795856 0.000000 0.000000 0.000000 
0.899157 106.837684 816.362876 2.121320 0.000000 0.000000 -1.414214 0.000000 0.000000 0.000000 0.000000 0.000000 0.000000 0.000000 0.000000 0.000000 0.000000 0.000000 0.000000 0.000000 -2.000000 0.000000 0.000000 0.000000 0.000000 0.000000 -10.606602 0.000000 0.000000 -5.000000 0.000000 0.000000 0.000000 0.000000 0.000000 0.000000 0.000000 0.000000 10.606602 0.000000 0.000000 -5.000000 0.000000 0.000000 0.000000 0.000000 0.000000 17.677670 0.000000 0.000000 -28.284271 0.000000 0.000000 4.665606 0.000000 0.000000 0.000000 0.000000 0.000000 -17.677670 0.000000 0.000000 0.000000 0.000000 0.000000 -4.665606 0.000000 0.000000 0.000000 
0.588497 106.630577 818.032330 1.500000 0.000000 0.000000 -1.000000 0.000000 0.000000 0.000000 0.000000 0.000000 0.000000 0.000000 0.000000 0.000000 0.000000 0.000000 0.000000 0.000000 -1.732051 0.000000 0.000000 0.000000 0.000000 0.000000 -7.500000 0.000000 0.000000 -5.000000 0.000000 0.000000 0.000000 0.000000 0.000000 0.000000 0.000000 0.000000 7.500000 0.000000 0.000000 -5.000000 0.000000 0.000000 0.000000 0.000000 0.000000 12.500000 0.000000 0.000000 -20.000000 0.000000 0.000000 2.217402 0.000000 0.000000 0.000000 0.000000 0.000000 -12.500000 0.000000 0.000000 0.000000 0.000000 0.000000 -2.217402 0.000000 0.000000 0.000000 
0.226726 106.389396 819.701784 0.776457 0.000000 0.000000 -0.517638 0.000000 0.000000 0.000000 0.000000 0.000000 0.000000 0.000000 0.000000 0.000000 0.000000 0.000000 0.000000 0.000000 -1.000000 0.000000 0.000000 0.000000 0.000000 0.000000 -3.882286 0.000000 0.000000 -5.000000 0.000000 0.000000 0.000000 0.000000 0.000000 0.000000 0.000000 0.000000 3.882286 0.000000 0.000000 -5.000000 0.000000 0.000000 0.000000 0.000000 0.000000 6.470476 0.000000 0.000000 -10.352762 0.000000 0.000000 -0.381913 0.000000 0.000000 0.000000 0.000000 0.000000 -6.470476 0.000000 0.000000 0.000000 0.000000 0.000000 0.381913 0.000000 0.000000 0.000000 
-0.161503 106.130577 821.371237 0.000000 0.000000 0.000000 -0.000000 0.000000 0.000000 0.000000 0.000000 0.000000 0.000000 0.000000 0.000000 0.000000 0.000000 0.000000 0.000000 0.000000 -0.000000 0.000000 0.000000 0.000000 0.000000 0.000000 -0.000000 0.000000 0.000000 -5.000000 0.000000 0.000000 0.000000 0.000000 0.000000 0.000000 0.000000 0.000000 0.000000 0.000000 0.000000 -5.000000 0.000000 0.000000 0.000000 0.000000 0.000000 0.000000 0.000000 0.000000 -0.000000 0.000000 0.000000 -2.955202 0.000000 0.000000 0.000000 0.000000 0.000000 -0.000000 0.000000 0.000000 0.000000 0.000000 0.000000 2.955202 0.000000 0.000000 0.000000 
-0.549732 106.389396 823.040691 -0.776457 0.000000 0.000000 0.517638 0.000000 0.000000 0.000000 0.000000 0.000000 0.000000 0.000000 0.000000 0.000000 0.000000 0.000000 0.000000 0.000000 1.000000 0.000000 0.000000 0.000000 0.000000 0.000000 3.882286 0.000000 0.000000 -5.000000 0.000000 0.000000 0.000000 0.000000 0.000000 0.000000 0.000000 0.000000 -3.882286 0.000000 0.000000 -5.000000 0.000000 0.000000 0.000000 0.000000 0.000000 -6.470476 0.000000 0.000000 0.000000 0.000000 0.000000 -5.327099 0.000000 0.000000 0.000000 0.000000 0.000000 6.470476 0.000000 0.000000 -10.352762 0.000000 0.000000 5.327099 0.000000 0.000000 0.000000 
-0.911503 106.630577 824.710145 -1.500000 0.000000 0.000000 1.000000 0.000000 0.000000 0.000000 0.000000 0.000000 0.000000 0.000000 0.000000 0.000000 0.000000 0.000000 0.000000 0.000000 1.732051 0.000000 0.000000 0.000000 0.000000 0.000000 7.500000 0.000000 0.000000 -5.000000 0.000000 0.000000 0.000000 0.000000 0.000000 0.000000 0.000000 0.000000 -7.500000 0.000000 0.000000 -5.000000 0.000000 0.000000 0.000000 0.000000 0.000000 -12.500000 0.000000 0.000000 0.000000 0.000000 0.000000 -7.335963 0.000000 0.000000 0.000000 0.000000 0.000000 12.500000 0.000000 0.000000 -20.000000 0.000000 0.000000 7.335963 0.000000 0.000000 0.000000 
-1.222163 106.837684 826.379599 -2.121320 0.000000 0.000000 1.414214 0.000000 0.000000 0.000000 0.000000 0.000000 0.000000 0.000000 0.000000 0.000000 0.000000 0.000000 0.000000 0.000000 2.000000 0.000000 0.000000 0.000000 0.000000 0.000000 10.606602 0.000000 0.000000 -5.000000 0.000000 0.000000 0.000000 0.000000 0.000000 0.000000 0.000000 0.000000 -10.606602 0.000000 0.000000 -5.000000 0.000000 0.000000 0.000000 0.000000 0.000000 -17.677670 0.000000 0.000000 0.000000 0.000000 0.000000 -8.844893 0.000000 0.000000 0.000000 0.000000 0.000000 17.677670 0.000000 0.000000 -28.284271 0.000000 0.000000 8.844893 0.000000 0.000000 0.000000 
-1.460541 106.996602 828.049052 -2.598076 0.000000 0.000000 1.732051 0.000000 0.000000 0.000000 0.000000 0.000000 0.000000 0.000000 0.000000 0.000000 0.000000 0.000000 0.000000 0.000000 1.732051 0.000000 0.000000 0.000000 0.000000 0.000000 12.990381 0.000000 0.000000 -5.000000 0.000000 0.000000 0.000000 0.000000 0.000000 0.000000 0.000000 0.000000 -12.990381 0.000000 0.000000 -5.000000 0.000000 0.000000 0.000000 0.000000 0.000000 -21.650635 0.000000 0.000000 0.000000 0.000000 0.000000 -9.751058 0.000000 0.000000 0.000000 0.000000 0.000000 21.650635 0.000000 0.000000 -34.641016 0.000000 0.000000 9.751058 0.000000 0.000000 0.000000 
-1.610392 107.096503 829.718506 -2.897777 0.000000 0.000000 1.931852 0.000000 0.000000 0.000000 0.000000 0.000000 0.000000 0.000000 0.000000 0.000000 0.000000 0.000000 0.000000 0.000000 1.000000 0.000000 0.000000 0.000000 0.000000 0.000000 14.488887 0.000000 0.000000 -5.000000 0.000000 0.000000 0.000000 0.000000 0.000000 0.000000 0.000000 0.000000 -14.488887 0.000000 0.000000 -5.000000 0.000000 0.000000 0.000000 0.000000 0.000000 -24.148146 0.000000 0.000000 0.000000 0.000000 0.000000 -9.992704 0.000000 0.000000 0.000000 0.000000 0.000000 24.148146 0.000000 0.000000 -38.637033 0.000000 0.000000 9.992704 0.000000 0.000000 0.000000 
-1.661503 107.130577 831.387960 -3.000000 0.000000 0.000000 2.000000 0.000000 0.000000 0.000000 0.000000 0.000000 0.000000 0.000000 0.000000 0.000000 0.000000 0.000000 0.000000 0.000000 -0.000000 0.000000 0.000000 0.000000 0.000000 0.000000 15.000000 0.000000 0.000000 -5.000000 0.000000 0.000000 0.000000 0.000000 0.000000 0.000000 0.000000 0.000000 -15.000000 0.000000 0.000000 -5.000000 0.000000 0.000000 0.000000 0.000000 0.000000 -25.000000 0.000000 0.000000 0.000000 0.000000 0.000000 -9.553365 0.000000 0.000000 0.000000 0.000000 0.000000 25.000000 0.000000 0.000000 -40.000000 0.000000 0.000000 9.553365 0.000000 0.000000 0.000000 
-1.610392 107.096503 833.057414 -2.897777 0.000000 0.000000 1.931852 0.000000 0.000000 0.000000 0.000000 0.000000 0.000000 0.000000 0.000000 0.000000 0.000000 0.000000 0.000000 0.000000 -1.000000 0.000000 0.000000 0.000000 0.000000 0.000000 14.488887 0.000000 0.000000 -5.000000 0.000000 0.000000 0.000000 0.000000 0.000000 0.000000 0.000000 0.000000 -14.488887 0.000000 0.000000 -5.000000 0.000000 0.000000 0.000000 0.000000 0.000000 -24.148146 0.000000 0.000000 0.000000 0.000000 0.000000 -8.462979 0.000000 0.000000 0.000000 0.000000 0.000000 24.148146 0.000000 0.000000 -38.637033 0.000000 0.000000 8.462979 0.000000 0.000000 0.000000 
-1.460541 106.996602 834.726867 -2.598076 0.000000 0.000000 1.732051 0.000000 0.000000 0.000000 0.000000 0.000000 0.000000 0.000000 0.000000 0.000000 0.000000 0.000000 0.000000 0.000000 -1.732051 0.000000 0.000000 0.000000 0.000000 0.000000 12.990381 0.000000 0.000000 -5.000000 0.000000 0.000000 0.000000 0.000000 0.000000 0.000000 0.000000 0.000000 -12.990381 0.000000 0.000000 -5.000000 0.000000 0.000000 0.000000 0.000000 0.000000 -21.650635 0.000000 0.000000 0.000000 0.000000 0.000000 -6.795856 0.000000 0.000000 0.000000 0.000000 0.000000 21.650635 0.000000 0.000000 -34.641016 0.000000 0.000000 6.795856 0.000000 0.000000 0.000000 
-1.222163 106.837684 836.396321 -2.121320 0.000000 0.000000 1.414214 0.000000 0.000000 0.000000 0.000000 0.000000 0.000000 0.000000 0.000000 0.000000 0.000000 0.000000 0.000000 0.000000 -2.000000 0.000000 0.000000 0.000000 0.000000 0.000000 10.606602 0.000000 0.000000 -5.000000 0.000000 0.000000 0.000000 0.000000 0.000000 0.000000 0.000000 0.000000 -10.606602 0.000000 0.000000 -5.000000 0.000000 0.000000 0.000000 0.000000 0.000000 -17.677670 0.000000 0.000000 0.000000 0.000000 0.000000 -4.665606 0.000000 0.000000 0.000000 0.000000 0.000000 17.677670 0.000000 0.000000 -28.284271 0.000000 0.000000 4.665606 0.000000 0.000000 0.000000 
-0.911503 106.630577 838.065775 -1.500000 0.000000 0.000000 1.000000 0.000000 0.000000 0.000000 0.000000 0.000000 0.000000 0.000000 0.000000 0.000000 0.000000 0.000000 0.000000 0.000000 -1.732051 0.000000 0.000000 0.000000 0.000000 0.000000 7.500000 0.000000 0.000000 -5.000000 0.000000 0.000000 0.000000 0.000000 0.000000 0.000000 0.000000 0.000000 -7.500000 0.000000 0.000000 -5.000000 0.000000 0.000000 0.000000 0.000000 0.000000 -12.500000 0.000000 0.000000 0.000000 0.000000 0.000000 -2.217402 0.000000 0.000000 0.000000 0.000000 0.000000 12.500000 0.000000 0.000000 -20.000000 0.000000 0.000000 2.217402 0.000000 0.000000 0.000000 
-0.549732 106.389396 839.735229 -0.776457 0.000000 0.000000 0.517638 0.000000 0.000000 0.000000 0.000000 0.000000 0.000000 0.000000 0.000000 0.000000 0.000000 0.000000 0.000000 0.000000 -1.000000 0.000000 0.000000 0.000000 0.000000 0.000000 3.882286 0.000000 0.000000 -5.000000 0.000000 0.000000 0.000000 0.000000 0.000000 0.000000 0.000000 0.000000 -3.882286 0.000000 0.000000 -5.000000 0.000000 0.000000 0.000000 0.000000 0.000000 -6.470476 0.000000 0.000000 0.000000 0.000000 0.000000 0.381913 0.000000 0.000000 0.000000 0.000000 0.000000 6.470476 0.000000 0.000000 -10.352762 0.000000 0.000000 -0.381913 0.000000 0.000000 0.000000 
-0.161503 106.130577 841.404682 -0.000000 0.000000 0.000000 0.000000 0.000000 0.000000 0.000000 0.000000 0.000000 0.000000 0.000000 0.000000 0.000000 0.000000 0.000000 0.000000 0.000000 -0.000000 0.000000 0.000000 0.000000 0.000000 0.000000 0.000000 0.000000 0.000000 -5.000000 0.000000 0.000000 0.000000 0.000000 0.000000 0.000000 0.000000 0.000000 -0.000000 0.000000 0.000000 -5.000000 0.000000 0.000000 0.000000 0.000000 0.000000 -0.000000 0.000000 0.000000 0.000000 0.000000 0.000000 2.955202 0.000000 0.000000 0.000000 0.000000 0.000000 0.000000 0.000000 0.000000 -0.000000 0.000000 0.000000 -2.955202 0.000000 0.000000 0.000000 
0.226726 106.389396 843.074136 0.776457 0.000000 0.000000 -0.517638 0.000000 0.000000 0.000000 0.000000 0.000000 0.000000 0.000000 0.000000 0.000000 0.000000 0.000000 0.000000 0.000000 1.000000 0.000000 0.000000 0.000000 0.000000 0.000000 -3.882286 0.000000 0.000000 -5.000000 0.000000 0.000000 0.000000 0.000000 0.000000 0.000000 0.000000 0.000000 3.882286 0.000000 0.000000 -5.000000 0.000000 0.000000 0.000000 0.000000 0.000000 6.470476 0.000000 0.000000 -10.352762 0.000000 0.000000 5.327099 0.000000 0.000000 0.000000 0.000000 0.000000 -6.470476 0.000000 0.000000 0.000000 0.000000 0.000000 -5.327099 0.000000 0.000000 0.000000 
0.588497 106.630577 844.743590 1.500000 0.000000 0.000000 -1.000000 0.000000 0.000000 0.000000 0.000000 0.000000 0.000000 0.000000 0.000000 0.000000 0.000000 0.000000 0.000000 0.000000 1.732051 0.000000 0.000000 0.000000 0.000000 0.000000 -7.500000 0.000000 0.000000 -5.000000 0.000000 0.000000 0.000000 0.000000 0.000000 0.000000 0.000000 0.000000 7.500000 0.000000 0.000000 -5.000000 0.000000 0.000000 0.000000 0.000000 0.000000 12.500000 0.000000 0.000000 -20.000000 0.000000 0.000000 7.335963 0.000000 0.000000 0.000000 0.000000 0.000000 -12.500000 0.000000 0.000000 0.000000 0.000000 0.000000 -7.335963 0.000000 0.000000 0.000000 
0.899157 106.837684 846.413043 2.121320 0.000000 0.000000 -1.414214 0.000000 0.000000 0.000000 0.000000 0.000000 0.000000 0.000000 0.000000 0.000000 0.000000 0.000000 0.000000 0.000000 2.000000 0.000000 0.000000 0.000000 0.000000 0.000000 -10.606602 0.000000 0.000000 -5.000000 0.000000 0.000000 0.000000 0.000000 0.000000 0.000000 0.000000 0.000000 10.606602 0.000000 0.000000 -5.000000 0.000000 0.000000 0.000000 0.000000 0.000000 17.677670 0.000000 0.000000 -28.284271 0.000000 0.000000 8.844893 0.000000 0.000000 0.000000 0.000000 0.000000 -17.677670 0.000000 0.000000 0.000000 0.000000 0.000000 -8.844893 0.000000 0.000000 0.000000 
1.137535 106.996602 848.082497 2.598076 0.000000 0.000000 -1.732051 0.000000 0.000000 0.000000 0.000000 0.000000 0.000000 0.000000 0.000000 0.000000 0.000000 0.000000 0.000000 0.000000 1.732051 0.000000 0.000000 0.000000 0.000000 0.000000 -12.990381 0.000000 0.000000 -5.000000 0.000000 0.000000 0.000000 0.000000 0.000000 0.000000 0.000000 0.000000 12.990381 0.000000 0.000000 -5.000000 0.000000 0.000000 0.000000 0.000000 0.000000 21.650635 0.000000 0.000000 -34.641016 0.000000 0.000000 9.751058 0.000000 0.000000 0.000000 0.000000 0.000000 -21.650635 0.000000 0.000000 0.000000 0.000000 0.000000 -9.751058 0.000000 0.000000 0.000000 
1.287386 107.096503 849.751951 2.897777 0.000000 0.000000 -1.931852 0.000000 0.000000 0.000000 0.000000 0.000000 0.000000 0.000000 0.000000 0.000000 0.000000 0.000000 0.000000 0.000000 1.000000 0.000000 0.000000 0.000000 0.000000 0.000000 -14.488887 0.000000 0.000000 -5.000000 0.000000 0.000000 0.000000 0.000000 0.000000 0.000000 0.000000 0.000000 14.488887 0.000000 0.000000 -5.000000 0.000000 0.000000 0.000000 0.000000 0.000000 24.148146 0.000000 0.000000 -38.637033 0.000000 0.000000 9.992704 0.000000 0.000000 0.000000 0.000000 0.000000 -24.148146 0.000000 0.000000 0.000000 0.000000 0.000000 -9.992704 0.000000 0.000000 0.000000 
1.338497 107.130577 851.421405 3.000000 0.000000 0.000000 -2.000000 0.000000 0.000000 0.000000 0.000000 0.000000 0.000000 0.000000 0.000000 0.000000 0.000000 0.000000 0.000000 0.000000 0.000000 0.000000 0.000000 0.000000 0.000000 0.000000 -15.000000 0.000000 0.000000 -5.000000 0.000000 0.000000 0.000000 0.000000 0.000000 0.000000 0.000000 0.000000 15.000000 0.000000 0.000000 -5.000000 0.000000 0.000000 0.000000 0.000000 0.000000 25.000000 0.000000 0.000000 -40.000000 0.000000 0.000000 9.553365 0.000000 0.000000 0.000000 0.000000 0.000000 -25.000000 0.000000 0.000000 0.000000 0.000000 0.000000 -9.553365 0.000000 0.000000 0.000000 
1.287386 107.096503 853.090858 2.897777 0.000000 0.000000 -1.931852 0.000000 0.000000 0.000000 0.000000 0.000000 0.000000 0.000000 0.000000 0.000000 0.000000 0.000000 0.000000 0.000000 -1.000000 0.000000 0.000000 0.000000 0.000000 0.000000 -14.488887 0.000000 0.000000 -5.000000 0.000000 0.000000 0.000000 0.000000 0.000000 0.000000 0.000000 0.000000 14.488887 0.000000 0.000000 -5.000000 0.000000 0.000000 0.000000 0.000000 0.000000 24.148146 0.000000 0.000000 -38.637033 0.000000 0.000000 8.462979 0.000000 0.000000 0.000000 0.000000 0.000000 -24.148146 0.000000 0.000000 0.000000 0.000000 0.000000 -8.462979 0.000000 0.000000 0.000000 
1.137535 106.996602 854.760312 2.598076 0.000000 0.000000 -1.732051 0.000000 0.000000 0.000000 0.000000 0.000000 0.000000 0.000000 0.000000 0.000000 0.000000 0.000000 0.000000 0.000000 -1.732051 0.000000 0.000000 0.000000 0.000000 0.000000 -12.990381 0.000000 0.000000 -5.000000 0.000000 0.000000 0.000000 0.000000 0.000000 0.000000 0.000000 0.000000 12.990381 0.000000 0.000000 -5.000000 0.000000 0.000000 0.000000 0.000000 0.000000 21.650635 0.000000 0.000000 -34.641016 0.000000 0.000000 6.795856 0.000000 0.000000 0.000000 0.000000 0.000000 -21.650635 0.000000 0.000000 0.000000 0.000000 0.000000 -6.795856 0.000000 0.000000 0.000000 
0.899157 106.837684 856.429766 2.121320 0.000000 0.000000 -1.414214 0.000000 0.000000 0.000000 0.000000 0.000000 0.000000 0.000000 0.000000 0.000000 0.000000 0.000000 0.000000 0.000000 -2.000000 0.000000 0.000000 0.000000 0.000000 0.000000 -10.606602 0.000000 0.000000 -5.000000 0.000000 0.000000 0.000000 0.000000 0.000000 0.000000 0.000000 0.000000 10.606602 0.000000 0.000000 -5.000000 0.000000 0.000000 0.000000 0.000000 0.000000 17.677670 0.000000 0.000000 -28.284271 0.000000 0.000000 4.665606 0.000000 0.000000 0.000000 0.000000 0.000000 -17.677670 0.000000 0.000000 0.000000 0.000000 0.000000 -4.665606 0.000000 0.000000 0.000000 
0.588497 106.630577 858.099220 1.500000 0.000000 0.000000 -1.000000 0.000000 0.000000 0.000000 0.000000 0.000000 0.000000 0.000000 0.000000 0.000000 0.000000 0.000000 0.000000 0.000000 -1.732051 0.000000 0.000000 0.000000 0.000000 0.000000 -7.500000 0.000000 0.000000 -5.000000 0.000000 0.000000 0.000000 0.000000 0.000000 0.000000 0.000000 0.000000 7.500000 0.000000 0.000000 -5.000000 0.000000 0.000000 0.000000 0.000000 0.000000 12.500000 0.000000 0.000000 -20.000000 0.000000 0.000000 2.217402 0.000000 0.000000 0.000000 0.000000 0.000000 -12.500000 0.000000 0.000000 0.000000 0.000000 0.000000 -2.217402 0.000000 0.000000 0.000000 
0.226726 106.389396 859.768673 0.776457 0.000000 0.000000 -0.517638 0.000000 0.000000 0.000000 0.000000 0.000000 0.000000 0.000000 0.000000 0.000000 0.000000 0.000000 0.000000 0.000000 -1.000000 0.000000 0.000000 0.000000 0.000000 0.000000 -3.882286 0.000000 0.000000 -5.000000 0.000000 0.000000 0.000000 0.000000 0.000000 0.000000 0.000000 0.000000 3.882286 0.000000 0.000000 -5.000000 0.000000 0.000000 0.000000 0.000000 0.000000 6.470476 0.000000 0.000000 -10.352762 0.000000 0.000000 -0.381913 0.000000 0.000000 0.000000 0.000000 0.000000 -6.470476 0.000000 0.000000 0.000000 0.000000 0.000000 0.381913 0.000000 0.000000 0.000000 
-0.161503 106.130577 861.438127 0.000000 0.000000 0.000000 -0.000000 0.000000 0.000000 0.000000 0.000000 0.000000 0.000000 0.000000 0.000000 0.000000 0.000000 0.000000 0.000000 0.000000 -0.000000 0.000000 0.000000 0.000000 0.000000 0.000000 -0.000000 0.000000 0.000000 -5.000000 0.000000 0.000000 0.000000 0.000000 0.000000 0.000000 0.000000 0.000000 0.000000 0.000000 0.000000 -5.000000 0.000000 0.000000 0.000000 0.000000 0.000000 0.000000 0.000000 0.000000 -0.000000 0.000000 0.000000 -2.955202 0.000000 0.000000 0.000000 0.000000 0.000000 -0.000000 0.000000 0.000000 0.000000 0.000000 0.000000 2.955202 0.000000 0.000000 0.000000 
-0.549732 106.389396 863.107581 -0.776457 0.000000 0.000000 0.517638 0.000000 0.000000 0.000000 0.000000 0.000000 0.000000 0.000000 0.000000 0.000000 0.000000 0.000000 0.000000 0.000000 1.000000 0.000000 0.000000 0.000000 0.000000 0.000000 3.882286 0.000000 0.000000 -5.000000 0.000000 0.000000 0.000000 0.000000 0.000000 0.000000 0.000000 0.000000 -3.882286 0.000000 0.000000 -5.000000 0.000000 0.000000 0.000000 0.000000 0.000000 -6.470476 0.000000 0.000000 0.000000 0.000000 0.000000 -5.327099 0.000000 0.000000 0.000000 0.000000 0.000000 6.470476 0.000000 0.000000 -10.352762 0.000000 0.000000 5.327099 0.000000 0.000000 0.000000 
-0.911503 106.630577 864.777035 -1.500000 0.000000 0.000000 1.000000 0.000000 0.000000 0.000000 0.000000 0.000000 0.000000 0.000000 0.000000 0.000000 0.000000 0.000000 0.000000 0.000000 1.732051 0.000000 0.000000 0.000000 0.000000 0.000000 7.500000 0.000000 0.000000 -5.000000 0.000000 0.000000 0.000000 0.000000 0.000000 0.000000 0.000000 0.000000 -7.500000 0.000000 0.000000 -5.000000 0.000000 0.000000 0.000000 0.000000 0.000000 -12.500000 0.000000 0.000000 0.000000 0.000000 0.000000 -7.335963 0.000000 0.000000 0.000000 0.000000 0.000000 12.500000 0.000000 0.000000 -20.000000 0.000000 0.000000 7.335963 0.000000 0.000000 0.000000 
-1.222163 106.837684 866.446488 -2.121320 0.000000 0.000000 1.414214 0.000000 0.000000 0.000000 0.000000 0.000000 0.000000 0.000000 0.000000 0.000000 0.000000 0.000000 0.000000 0.000000 2.000000 0.000000 0.000000 0.000000 0.000000 0.000000 10.606602 0.000000 0.000000 -5.000000 0.000000 0.000000 0.000000 0.000000 0.000000 0.000000 0.000000 0.000000 -10.606602 0.000000 0.000000 -5.000000 0.000000 0.000000 0.000000 0.000000 0.000000 -17.677670 0.000000 0.000000 0.000000 0.000000 0.000000 -8.844893 0.000000 0.000000 0.000000 0.000000 0.000000 17.677670 0.000000 0.000000 -28.284271 0.000000 0.000000 8.844893 0.000000 0.000000 0.000000 
-1.460541 106.996602 868.115942 -2.598076 0.000000 0.000000 1.732051 0.000000 0.000000 0.000000 0.000000 0.000000 0.000000 0.000000 0.000000 0.000000 0.000000 0.000000 0.000000 0.000000 1.732051 0.000000 0.000000 0.000000 0.000000 0.000000 12.990381 0.000000 0.000000 -5.000000 0.000000 0.000000 0.000000 0.000000 0.000000 0.000000 0.000000 0.000000 -12.990381 0.000000 0.000000 -5.000000 0.000000 0.000000 0.000000 0.000000 0.000000 -21.650635 0.000000 0.000000 0.000000 0.000000 0.000000 -9.751058 0.000000 0.000000 0.000000 0.000000 0.000000 21.650635 0.000000 0.000000 -34.641016 0.000000 0.000000 9.751058 0.000000 0.000000 0.000000 
-1.610392 107.096503 869.785396 -2.897777 0.000000 0.000000 1.931852 0.000000 0.000000 0.000000 0.000000 0.000000 0.000000 0.000000 0.000000 0.000000 0.000000 0.000000 0.000000 0.000000 1.000000 0.000000 0.000000 0.000000 0.000000 0.000000 14.488887 0.000000 0.000000 -5.000000 0.000000 0.000000 0.000000 0.000000 0.000000 0.000000 0.000000 0.000000 -14.488887 0.000000 0.000000 -5.000000 0.000000 0.000000 0.000000 0.000000 0.000000 -24.148146 0.000000 0.000000 0.000000 0.000000 0.000000 -9.992704 0.000000 0.000000 0.000000 0.000000 0.000000 24.148146 0.000000 0.000000 -38.637033 0.000000 0.000000 9.992704 0.000000 0.000000 0.000000 
-1.661503 107.130577 871.454849 -3.000000 0.000000 0.000000 2.000000 0.000000 0.000000 0.000000 0.000000 0.000000 0.000000 0.000000 0.000000 0.000000 0.000000 0.000000 0.000000 0.000000 0.000000 0.000000 0.000000 0.000000 0.000000 0.000000 15.000000 0.000000 0.000000 -5.000000 0.000000 0.000000 0.000000 0.000000 0.000000 0.000000 0.000000 0.000000 -15.000000 0.000000 0.000000 -5.000000 0.000000 0.000000 0.000000 0.000000 0.000000 -25.000000 0.000000 0.000000 0.000000 0.000000 0.000000 -9.553365 0.000000 0.000000 0.000000 0.000000 0.000000 25.000000 0.000000 0.000000 -40.000000 0.000000 0.000000 9.553365 0.000000 0.000000 0.000000 
-1.610392 107.096503 873.124303 -2.897777 0.000000 0.000000 1.931852 0.000000 0.000000 0.000000 0.000000 0.000000 0.000000 0.000000 0.000000 0.000000 0.000000 0.000000 0.000000 0.000000 -1.000000 0.000000 0.000000 0.000000 0.000000 0.000000 14.488887 0.000000 0.000000 -5.000000 0.000000 0.000000 0.000000 0.000000 0.000000 0.000000 0.000000 0.000000 -14.488887 0.000000 0.000000 -5.000000 0.000000 0.000000 0.000000 0.000000 0.000000 -24.148146 0.000000 0.000000 0.000000 0.000000 0.000000 -8.462979 0.000000 0.000000 0.000000 0.000000 0.000000 24.148146 0.000000 0.000000 -38.637033 0.000000 0.000000 8.462979 0.000000 0.000000 0.000000 
-1.460541 106.996602 874.793757 -2.598076 0.000000 0.000000 1.732051 0.000000 0.000000 0.000000 0.000000 0.000000 0.000000 0.000000 0.000000 0.000000 0.000000 0.000000 0.000000 0.000000 -1.732051 0.000000 0.000000 0.000000 0.000000 0.000000 12.990381 0.000000 0.000000 -5.000000 0.000000 0.000000 0.000000 0.000000 0.000000 0.000000 0.000000 0.000000 -12.990381 0.000000 0.000000 -5.000000 0.000000 0.000000 0.000000 0.000000 0.000000 -21.650635 0.000000 0.000000 0.000000 0.000000 0.000000 -6.795856 0.000000 0.000000 0.000000 0.000000 0.000000 21.650635 0.000000 0.000000 -34.641016 0.000000 0.000000 6.795856 0.000000 0.000000 0.000000 
-1.222163 106.837684 876.463211 -2.121320 0.000000 0.000000 1.414214 0.000000 0.000000 0.000000 0.000000 0.000000 0.000000 0.000000 0.000000 0.000000 0.000000 0.000000 0.000000 0.000000 -2.000000 0.000000 0.000000 0.000000 0.000000 0.000000 10.606602 0.000000 0.000000 -5.000000 0.000000 0.000000 0.000000 0.000000 0.000000 0.000000 0.000000 0.000000 -10.606602 0.000000 0.000000 -5.000000 0.000000 0.000000 0.000000 0.000000 0.000000 -17.677670 0.000000 0.000000 0.000000 0.000000 0.000000 -4.665606 0.000000 0.000000 0.000000 0.000000 0.000000 17.677670 0.000000 0.000000 -28.284271 0.000000 0.000000 4.665606 0.000000 0.000000 0.000000 
-0.911503 106.630577 878.132664 -1.500000 0.000000 0.000000 1.000000 0.000000 0.000000 0.000000 0.000000 0.000000 0.000000 0.000000 0.000000 0.000000 0.000000 0.000000 0.000000 0.000000 -1.732051 0.000000 0.000000 0.000000 0.000000 0.000000 7.500000 0.000000 0.000000 -5.000000 0.000000 0.000000 0.000000 0.000000 0.000000 0.000000 0.000000 0.000000 -7.500000 0.000000 0.000000 -5.000000 0.000000 0.000000 0.000000 0.000000 0.000000 -12.500000 0.000000 0.000000 0.000000 0.000000 0.000000 -2.217402 0.000000 0.000000 0.000000 0.000000 0.000000 12.500000 0.000000 0.000000 -20.000000 0.000000 0.000000 2.217402 0.000000 0.000000 0.000000 
-0.549732 106.389396 879.802118 -0.776457 0.000000 0.000000 0.517638 0.000000 0.000000 0.000000 0.000000 0.000000 0.000000 0.000000 0.000000 0.000000 0.000000 0.000000 0.000000 0.000000 -1.000000 0.000000 0.000000 0.000000 0.000000 0.000000 3.882286 0.000000 0.000000 -5.000000 0.000000 0.000000 0.000000 0.000000 0.000000 0.000000 0.000000 0.000000 -3.882286 0.000000 0.000000 -5.000000 0.000000 0.000000 0.000000 0.000000 0.000000 -6.470476 0.000000 0.000000 0.000000 0.000000 0.000000 0.381913 0.000000 0.000000 0.000000 0.000000 0.000000 6.470476 0.000000 0.000000 -10.352762 0.000000 0.000000 -0.381913 0.000000 0.000000 0.000000 
-0.161503 106.130577 881.471572 0.000000 0.000000 0.000000 -0.000000 0.000000 0.000000 0.000000 0.000000 0.000000 0.000000 0.000000 0.000000 0.000000 0.000000 0.000000 0.000000 0.000000 0.000000 0.000000 0.000000 0.000000 0.000000 0.000000 0.000000 0.000000 0.000000 -5.000000 0.000000 0.000000 0.000000 0.000000 0.000000 0.000000 0.000000 0.000000 0.000000 0.000000 0.000000 -5.000000 0.000000 0.000000 0.000000 0.000000 0.000000 0.000000 0.000000 0.000000 -0.000000 0.000000 0.000000 2.955202 0.000000 0.000000 0.000000 0.000000 0.000000 0.000000 0.000000 0.000000 -0.000000 0.000000 0.000000 -2.955202 0.000000 0.000000 0.000000 
0.226726 106.389396 883.141026 0.776457 0.000000 0.000000 -0.517638 0.000000 0.000000 0.000000 0.000000 0.000000 0.000000 0.000000 0.000000 0.000000 0.000000 0.000000 0.000000 0.000000 1.000000 0.000000 0.000000 0.000000 0.000000 0.000000 -3.882286 0.000000 0.000000 -5.000000 0.000000 0.000000 0.000000 0.000000 0.000000 0.000000 0.000000 0.000000 3.882286 0.000000 0.000000 -5.000000 0.000000 0.000000 0.000000 0.000000 0.000000 6.470476 0.000000 0.000000 -10.352762 0.000000 0.000000 5.327099 0.000000 0.000000 0.000000 0.000000 0.000000 -6.470476 0.000000 0.000000 0.000000 0.000000 0.000000 -5.327099 0.000000 0.000000 0.000000 
0.588497 106.630577 884.810479 1.500000 0.000000 0.000000 -1.000000 0.000000 0.000000 0.000000 0.000000 0.000000 0.000000 0.000000 0.000000 0.000000 0.000000 0.000000 0.000000 0.000000 1.732051 0.000000 0.000000 0.000000 0.000000 0.000000 -7.500000 0.000000 0.000000 -5.000000 0.000000 0.000000 0.000000 0.000000 0.000000 0.000000 0.000000 0.000000 7.500000 0.000000 0.000000 -5.000000 0.000000 0.000000 0.000000 0.000000 0.000000 12.500000 0.000000 0.000000 -20.000000 0.000000 0.000000 7.335963 0.000000 0.000000 0.000000 0.000000 0.000000 -12.500000 0.000000 0.000000 0.000000 0.000000 0.000000 -7.335963 0.000000 0.000000 0.000000 
0.899157 106.837684 886.479933 2.121320 0.000000 0.000000 -1.414214 0.000000 0.000000 0.000000 0.000000 0.000000 0.000000 0.000000 0.000000 0.000000 0.000000 0.000000 0.000000 0.000000 2.000000 0.000000 0.000000 0.000000 0.000000 0.000000 -10.606602 0.000000 0.000000 -5.000000 0.000000 0.000000 0.000000 0.000000 0.000000 0.000000 0.000000 0.000000 10.606602 0.000000 0.000000 -5.000000 0.000000 0.000000 0.000000 0.000000 0.000000 17.677670 0.000000 0.000000 -28.284271 0.000000 0.000000 8.844893 0.000000 0.000000 0.000000 0.000000 0.000000 -17.677670 0.000000 0.000000 0.000000 0.000000 0.000000 -8.844893 0.000000 0.000000 0.000000 
1.137535 106.996602 888.149387 2.598076 0.000000 0.000000 -1.732051 0.000000 0.000000 0.000000 0.000000 0.000000 0.000000 0.000000 0.000000 0.000000 0.000000 0.000000 0.000000 0.000000 1.732051 0.000000 0.000000 0.000000 0.000000 0.000000 -12.990381 0.000000 0.000000 -5.000000 0.000000 0.000000 0.000000 0.000000 0.000000 0.000000 0.000000 0.000000 12.990381 0.000000 0.000000 -5.000000 0.000000 0.000000 0.000000 0.000000 0.000000 21.650635 0.000000 0.000000 -34.641016 0.000000 0.000000 9.751058 0.000000 0.000000 0.000000 0.000000 0.000000 -21.650635 0.000000 0.000000 0.000000 0.000000 0.000000 -9.751058 0.000000 0.000000 0.000000 
1.287386 107.096503 889.818841 2.897777 0.000000 0.000000 -1.931852 0.000000 0.000000 0.000000 0.000000 0.000000 0.000000 0.000000 0.000000 0.000000 0.000000 0.000000 0.000000 0.000000 1.000000 0.000000 0.000000 0.000000 0.000000 0.000000 -14.488887 0.000000 0.000000 -5.000000 0.000000 0.000000 0.000000 0.000000 0.000000 0.000000 0.000000 0.000000 14.488887 0.000000 0.000000 -5.000000 0.000000 0.000000 0.000000 0.000000 0.000000 24.148146 0.000000 0.000000 -38.637033 0.000000 0.000000 9.992704 0.000000 0.000000 0.000000 0.000000 0.000000 -24.148146 0.000000 0.000000 0.000000 0.000000 0.000000 -9.992704 0.000000 0.000000 0.000000 
1.338497 107.130577 891.488294 3.000000 0.000000 0.000000 -2.000000 0.000000 0.000000 0.000000 0.000000 0.000000 0.000000 0.000000 0.000000 0.000000 0.000000 0.000000 0.000000 0.000000 -0.000000 0.000000 0.000000 0.000000 0.000000 0.000000 -15.000000 0.000000 0.000000 -5.000000 0.000000 0.000000 0.000000 0.000000 0.000000 0.000000 0.000000 0.000000 15.000000 0.000000 0.000000 -5.000000 0.000000 0.000000 0.000000 0.000000 0.000000 25.000000 0.000000 0.000000 -40.000000 0.000000 0.000000 9.553365 0.000000 0.000000 0.000000 0.000000 0.000000 -25.000000 0.000000 0.000000 0.000000 0.000000 0.000000 -9.553365 0.000000 0.000000 0.000000 
1.287386 107.096503 893.157748 2.897777 0.000000 0.000000 -1.931852 0.000000 0.000000 0.000000 0.000000 0.000000 0.000000 0.000000 0.000000 0.000000 0.000000 0.000000 0.000000 0.000000 -1.000000 0.000000 0.000000 0.000000 0.000000 0.000000 -14.488887 0.000000 0.000000 -5.000000 0.000000 0.000000 0.000000 0.000000 0.000000 0.000000 0.000000 0.000000 14.488887 0.000000 0.000000 -5.000000 0.000000 0.000000 0.000000 0.000000 0.000000 24.148146 0.000000 0.000000 -38.637033 0.000000 0.000000 8.462979 0.000000 0.000000 0.000000 0.000000 0.000000 -24.148146 0.000000 0.000000 0.000000 0.000000 0.000000 -8.462979 0.000000 0.000000 0.000000 
1.137535 106.996602 894.827202 2.598076 0.000000 0.000000 -1.732051 0.000000 0.000000 0.000000 0.000000 0.000000 0.000000 0.000000 0.000000 0.000000 0.000000 0.000000 0.000000 0.000000 -1.732051 0.000000 0.000000 0.000000 0.000000 0.000000 -12.990381 0.000000 0.000000 -5.000000 0.000000 0.000000 0.000000 0.000000 0.000000 0.000000 0.000000 0.000000 12.990381 0.000000 0.000000 -5.000000 0.000000 0.000000 0.000000 0.000000 0.000000 21.650635 0.000000 0.000000 -34.641016 0.000000 0.000000 6.795856 0.000000 0.000000 0.000000 0.000000 0.000000 -21.650635 0.000000 0.000000 0.000000 0.000000 0.000000 -6.795856 0.000000 0.000000 0.000000 
0.899157 106.837684 896.496656 2.121320 0.000000 0.000000 -1.414214 0.000000 0.000000 0.000000 0.000000 0.000000 0.000000 0.000000 0.000000 0.000000 0.000000 0.000000 0.000000 0.000000 -2.000000 0.000000 0.000000 0.000000 0.000000 0.000000 -10.606602 0.000000 0.000000 -5.000000 0.000000 0.000000 0.000000 0.000000 0.000000 0.000000 0.000000 0.000000 10.606602 0.000000 0.000000 -5.000000 0.000000 0.000000 0.000000 0.000000 0.000000 17.677670 0.000000 0.000000 -28.284271 0.000000 0.000000 4.665606 0.000000 0.000000 0.000000 0.000000 0.000000 -17.677670 0.000000 0.000000 0.000000 0.000000 0.000000 -4.665606 0.000000 0.000000 0.000000 
0.588497 106.630577 898.166109 1.500000 0.000000 0.000000 -1.000000 0.000000 0.000000 0.000000 0.000000 0.000000 0.000000 0.000000 0.000000 0.000000 0.000000 0.000000 0.000000 0.000000 -1.732051 0.000000 0.000000 0.000000 0.000000 0.000000 -7.500000 0.000000 0.000000 -5.000000 0.000000 0.000000 0.000000 0.000000 0.000000 0.000000 0.000000 0.000000 7.500000 0.000000 0.000000 -5.000000 0.000000 0.000000 0.000000 0.000000 0.000000 12.500000 0.000000 0.000000 -20.000000 0.000000 0.000000 2.217402 0.000000 0.000000 0.000000 0.000000 0.000000 -12.500000 0.000000 0.000000 0.000000 0.000000 0.000000 -2.217402 0.000000 0.000000 0.000000 
0.226726 106.389396 899.835563 0.776457 0.000000 0.000000 -0.517638 0.000000 0.000000 0.000000 0.000000 0.000000 0.000000 0.000000 0.000000 0.000000 0.000000 0.000000 0.000000 0.000000 -1.000000 0.000000 0.000000 0.000000 0.000000 0.000000 -3.882286 0.000000 0.000000 -5.000000 0.000000 0.000000 0.000000 0.000000 0.000000 0.000000 0.000000 0.000000 3.882286 0.000000 0.000000 -5.000000 0.000000 0.000000 0.000000 0.000000 0.000000 6.470476 0.000000 0.000000 -10.352762 0.000000 0.000000 -0.381913 0.000000 0.000000 0.000000 0.000000 0.000000 -6.470476 0.000000 0.000000 0.000000 0.000000 0.000000 0.381913 0.000000 0.000000 0.000000 
-0.161503 106.130577 901.505017 0.000000 0.000000 0.000000 -0.000000 0.000000 0.000000 0.000000 0.000000 0.000000 0.000000 0.000000 0.000000 0.000000 0.000000 0.000000 0.000000 0.000000 -0.000000 0.000000 0.000000 0.000000 0.000000 0.000000 -0.000000 0.000000 0.000000 -5.000000 0.000000 0.000000 0.000000 0.000000 0.000000 0.000000 0.000000 0.000000 0.000000 0.000000 0.000000 -5.000000 0.000000 0.000000 0.000000 0.000000 0.000000 0.000000 0.000000 0.000000 -0.000000 0.000000 0.000000 -2.955202 0.000000 0.000000 0.000000 0.000000 0.000000 -0.000000 0.000000 0.000000 0.000000 0.000000 0.000000 2.955202 0.000000 0.000000 0.000000 
-0.549732 106.389396 903.174470 -0.776457 0.000000 0.000000 0.517638 0.000000 0.000000 0.000000 0.000000 0.000000 0.000000 0.000000 0.000000 0.000000 0.000000 0.000000 0.000000 0.000000 1.000000 0.000000 0.000000 0.000000 0.000000 0.000000 3.882286 0.000000 0.000000 -5.000000 0.000000 0.000000 0.000000 0.000000 0.000000 0.000000 0.000000 0.000000 -3.882286 0.000000 0.000000 -5.000000 0.000000 0.000000 0.000000 0.000000 0.000000 -6.470476 0.000000 0.000000 0.000000 0.000000 0.000000 -5.327099 0.000000 0.000000 0.000000 0.000000 0.000000 6.470476 0.000000 0.000000 -10.352762 0.000000 0.000000 5.327099 0.000000 0.000000 0.000000 
-0.911503 106.630577 904.843924 -1.500000 0.000000 0.000000 1.000000 0.000000 0.000000 0.000000 0.000000 0.000000 0.000000 0.000000 0.000000 0.000000 0.000000 0.000000 0.000000 0.000000 1.732051 0.000000 0.000000 0.000000 0.000000 0.000000 7.500000 0.000000 0.000000 -5.000000 0.000000 0.000000 0.000000 0.000000 0.000000 0.000000 0.000000 0.000000 -7.500000 0.000000 0.000000 -5.000000 0.000000 0.000000 0.000000 0.000000 0.000000 -12.500000 0.000000 0.000000 0.000000 0.000000 0.000000 -7.335963 0.000000 0.000000 0.000000 0.000000 0.000000 12.500000 0.000000 0.000000 -20.000000 0.000000 0.000000 7.335963 0.000000 0.000000 0.000000 
-1.222163 106.837684 906.513378 -2.121320 0.000000 0.000000 1.414214 0.000000 0.000000 0.000000 0.000000 0.000000 0.000000 0.000000 0.000000 0.000000 0.000000 0.000000 0.000000 0.000000 2.000000 0.000000 0.000000 0.000000 0.000000 0.000000 10.606602 0.000000 0.000000 -5.000000 0.000000 0.000000 0.000000 0.000000 0.000000 0.000000 0.000000 0.000000 -10.606602 0.000000 0.000000 -5.000000 0.000000 0.000000 0.000000 0.000000 0.000000 -17.677670 0.000000 0.000000 0.000000 0.000000 0.000000 -8.844893 0.000000 0.000000 0.000000 0.000000 0.000000 17.677670 0.000000 0.000000 -28.284271 0.000000 0.000000 8.844893 0.000000 0.000000 0.000000 
-1.460541 106.996602 908.182832 -2.598076 0.000000 0.000000 1.732051 0.000000 0.000000 0.000000 0.000000 0.000000 0.000000 0.000000 0.000000 0.000000 0.000000 0.000000 0.000000 0.000000 1.732051 0.000000 0.000000 0.000000 0.000000 0.000000 12.990381 0.000000 0.000000 -5.000000 0.000000 0.000000 0.000000 0.000000 0.000000 0.000000 0.000000 0.000000 -12.990381 0.000000 0.000000 -5.000000 0.000000 0.000000 0.000000 0.000000 0.000000 -21.650635 0.000000 0.000000 0.000000 0.000000 0.000000 -9.751058 0.000000 0.000000 0.000000 0.000000 0.000000 21.650635 0.000000 0.000000 -34.641016 0.000000 0.000000 9.751058 0.000000 0.000000 0.000000 
-1.610392 107.096503 909.852285 -2.897777 0.000000 0.000000 1.931852 0.000000 0.000000 0.000000 0.000000 0.000000 0.000000 0.000000 0.000000 0.000000 0.000000 0.000000 0.000000 0.000000 1.000000 0.000000 0.000000 0.000000 0.000000 0.000000 14.488887 0.000000 0.000000 -5.000000 0.000000 0.000000 0.000000 0.000000 0.000000 0.000000 0.000000 0.000000 -14.488887 0.000000 0.000000 -5.000000 0.000000 0.000000 0.000000 0.000000 0.000000 -24.148146 0.000000 0.000000 0.000000 0.000000 0.000000 -9.992704 0.000000 0.000000 0.000000 0.000000 0.000000 24.148146 0.000000 0.000000 -38.637033 0.000000 0.000000 9.992704 0.000000 0.000000 0.000000 
-1.661503 107.130577 911.521739 -3.000000 0.000000 0.000000 2.000000 0.000000 0.000000 0.000000 0.000000 0.000000 0.000000 0.000000 0.000000 0.000000 0.000000 0.000000 0.000000 0.000000 0.000000 0.000000 0.000000 0.000000 0.000000 0.000000 15.000000 0.000000 0.000000 -5.000000 0.000000 0.000000 0.000000 0.000000 0.000000 0.000000 0.000000 0.000000 -15.000000 0.000000 0.000000 -5.000000 0.000000 0.000000 0.000000 0.000000 0.000000 -25.000000 0.000000 0.000000 0.000000 0.000000 0.000000 -9.553365 0.000000 0.000000 0.000000 0.000000 0.000000 25.000000 0.000000 0.000000 -40.000000 0.000000 0.000000 9.553365 0.000000 0.000000 0.000000 
-1.610392 107.096503 913.191193 -2.897777 0.000000 0.000000 1.931852 0.000000 0.000000 0.000000 0.000000 0.000000 0.000000 0.000000 0.000000 0.000000 0.000000 0.000000 0.000000 0.000000 -1.000000 0.000000 0.000000 0.000000 0.000000 0.000000 14.488887 0.000000 0.000000 -5.000000 0.000000 0.000000 0.000000 0.000000 0.000000 0.000000 0.000000 0.000000 -14.488887 0.000000 0.000000 -5.000000 0.000000 0.000000 0.000000 0.000000 0.000000 -24.148146 0.000000 0.000000 0.000000 0.000000 0.000000 -8.462979 0.000000 0.000000 0.000000 0.000000 0.000000 24.148146 0.000000 0.000000 -38.637033 0.000000 0.000000 8.462979 0.000000 0.000000 0.000000 
-1.460541 106.996602 914.860647 -2.598076 0.000000 0.000000 1.732051 0.000000 0.000000 0.000000 0.000000 0.000000 0.000000 0.000000 0.000000 0.000000 0.000000 0.000000 0.000000 0.000000 -1.732051 0.000000 0.000000 0.000000 0.000000 0.000000 12.990381 0.000000 0.000000 -5.000000 0.000000 0.000000 0.000000 0.000000 0.000000 0.000000 0.000000 0.000000 -12.990381 0.000000 0.000000 -5.000000 0.000000 0.000000 0.000000 0.000000 0.000000 -21.650635 0.000000 0.000000 0.000000 0.000000 0.000000 -6.795856 0.000000 0.000000 0.000000 0.000000 0.000000 21.650635 0.000000 0.000000 -34.641016 0.000000 0.000000 6.795856 0.000000 0.000000 0.000000 
-1.222163 106.837684 916.530100 -2.121320 0.000000 0.000000 1.414214 0.000000 0.000000 0.000000 0.000000 0.000000 0.000000 0.000000 0.000000 0.000000 0.000000 0.000000 0.000000 0.000000 -2.000000 0.000000 0.000000 0.000000 0.000000 0.000000 10.606602 0.000000 0.000000 -5.000000 0.000000 0.000000 0.000000 0.000000 0.000000 0.000000 0.000000 0.000000 -10.606602 0.000000 0.000000 -5.000000 0.000000 0.000000 0.000000 0.000000 0.000000 -17.677670 0.000000 0.000000 0.000000 0.000000 0.000000 -4.665606 0.000000 0.000000 0.000000 0.000000 0.000000 17.677670 0.000000 0.000000 -28.284271 0.000000 0.000000 4.665606 0.000000 0.000000 0.000000 
-0.911503 106.630577 918.199554 -1.500000 0.000000 0.000000 1.000000 0.000000 0.000000 0.000000 0.000000 0.000000 0.000000 0.000000 0.000000 0.000000 0.000000 0.000000 0.000000 0.000000 -1.732051 0.000000 0.000000 0.000000 0.000000 0.000000 7.500000 0.000000 0.000000 -5.000000 0.000000 0.000000 0.000000 0.000000 0.000000 0.000000 0.000000 0.000000 -7.500000 0.000000 0.000000 -5.000000 0.000000 0.000000 0.000000 0.000000 0.000000 -12.500000 0.000000 0.000000 0.000000 0.000000 0.000000 -2.217402 0.000000 0.000000 0.000000 0.000000 0.000000 12.500000 0.000000 0.000000 -20.000000 0.000000 0.000000 2.217402 0.000000 0.000000 0.000000 
-0.549732 106.389396 919.869008 -0.776457 0.000000 0.000000 0.517638 0.000000 0.000000 0.000000 0.000000 0.000000 0.000000 0.000000 0.000000 0.000000 0.000000 0.000000 0.000000 0.000000 -1.000000 0.000000 0.000000 0.000000 0.000000 0.000000 3.882286 0.000000 0.000000 -5.000000 0.000000 0.000000 0.000000 0.000000 0.000000 0.000000 0.000000 0.000000 -3.882286 0.000000 0.000000 -5.000000 0.000000 0.000000 0.000000 0.000000 0.000000 -6.470476 0.000000 0.000000 0.000000 0.000000 0.000000 0.381913 0.000000 0.000000 0.000000 0.000000 0.000000 6.470476 0.000000 0.000000 -10.352762 0.000000 0.000000 -0.381913 0.000000 0.000000 0.000000 
-0.161503 106.130577 921.538462 -0.000000 0.000000 0.000000 0.000000 0.000000 0.000000 0.000000 0.000000 0.000000 0.000000 0.000000 0.000000 0.000000 0.000000 0.000000 0.000000 0.000000 -0.000000 0.000000 0.000000 0.000000 0.000000 0.000000 0.000000 0.000000 0.000000 -5.000000 0.000000 0.000000 0.000000 0.000000 0.000000 0.000000 0.000000 0.000000 -0.000000 0.000000 0.000000 -5.000000 0.000000 0.000000 0.000000 0.000000 0.000000 -0.000000 0.000000 0.000000 0.000000 0.000000 0.000000 2.955202 0.000000 0.000000 0.000000 0.000000 0.000000 0.000000 0.000000 0.000000 -0.000000 0.000000 0.000000 -2.955202 0.000000 0.000000 0.000000 
0.226726 106.389396 923.207915 0.776457 0.000000 0.000000 -0.517638 0.000000 0.000000 0.000000 0.000000 0.000000 0.000000 0.000000 0.000000 0.000000 0.000000 0.000000 0.000000 0.000000 1.000000 0.000000 0.000000 0.000000 0.000000 0.000000 -3.882286 0.000000 0.000000 -5.000000 0.000000 0.000000 0.000000 0.000000 0.000000 0.000000 0.000000 0.000000 3.882286 0.000000 0.000000 -5.000000 0.000000 0.000000 0.000000 0.000000 0.000000 6.470476 0.000000 0.000000 -10.352762 0.000000 0.000000 5.327099 0.000000 0.000000 0.000000 0.000000 0.000000 -6.470476 0.000000 0.000000 0.000000 0.000000 0.000000 -5.327099 0.000000 0.000000 0.000000 
0.588497 106.630577 924.877369 1.500000 0.000000 0.000000 -1.000000 0.000000 0.000000 0.000000 0.000000 0.000000 0.000000 0.000000 0.000000 0.000000 0.000000 0.000000 0.000000 0.000000 1.732051 0.000000 0.000000 0.000000 0.000000 0.000000 -7.500000 0.000000 0.000000 -5.000000 0.000000 0.000000 0.000000 0.000000 0.000000 0.000000 0.000000 0.000000 7.500000 0.000000 0.000000 -5.000000 0.000000 0.000000 0.000000 0.000000 0.000000 12.500000 0.000000 0.000000 -20.000000 0.000000 0.000000 7.335963 0.000000 0.000000 0.000000 0.000000 0.000000 -12.500000 0.000000 0.000000 0.000000 0.000000 0.000000 -7.335963 0.000000 0.000000 0.000000 
0.899157 106.837684 926.546823 2.121320 0.000000 0.000000 -1.414214 0.000000 0.000000 0.000000 0.000000 0.000000 0.000000 0.000000 0.000000 0.000000 0.000000 0.000000 0.000000 0.000000 2.000000 0.000000 0.000000 0.000000 0.000000 0.000000 -10.606602 0.000000 0.000000 -5.000000 0.000000 0.000000 0.000000 0.000000 0.000000 0.000000 0.000000 0.000000 10.606602 0.000000 0.000000 -5.000000 0.000000 0.000000 0.000000 0.000000 0.000000 17.677670 0.000000 0.000000 -28.284271 0.000000 0.000000 8.844893 0.000000 0.000000 0.000000 0.000000 0.000000 -17.677670 0.000000 0.000000 0.000000 0.000000 0.000000 -8.844893 0.000000 0.000000 0.000000 
1.137535 106.996602 928.216276 2.598076 0.000000 0.000000 -1.732051 0.000000 0.000000 0.000000 0.000000 0.000000 0.000000 0.000000 0.000000 0.000000 0.000000 0.000000 0.000000 0.000000 1.732051 0.000000 0.000000 0.000000 0.000000 0.000000 -12.990381 0.000000 0.000000 -5.000000 0.000000 0.000000 0.000000 0.000000 0.000000 0.000000 0.000000 0.000000 12.990381 0.000000 0.000000 -5.000000 0.000000 0.000000 0.000000 0.000000 0.000000 21.650635 0.000000 0.000000 -34.641016 0.000000 0.000000 9.751058 0.000000 0.000000 0.000000 0.000000 0.000000 -21.650635 0.000000 0.000000 0.000000 0.000000 0.000000 -9.751058 0.000000 0.000000 0.000000 
1.287386 107.096503 929.885730 2.897777 0.000000 0.000000 -1.931852 0.000000 0.000000 0.000000 0.000000 0.000000 0.000000 0.000000 0.000000 0.000000 0.000000 0.000000 0.000000 0.000000 1.000000 0.000000 0.000000 0.000000 0.000000 0.000000 -14.488887 0.000000 0.000000 -5.000000 0.000000 0.000000 0.000000 0.000000 0.000000 0.000000 0.000000 0.000000 14.488887 0.000000 0.000000 -5.000000 0.000000 0.000000 0.000000 0.000000 0.000000 24.148146 0.000000 0.000000 -38.637033 0.000000 0.000000 9.992704 0.000000 0.000000 0.000000 0.000000 0.000000 -24.148146 0.000000 0.000000 0.000000 0.000000 0.000000 -9.992704 0.000000 0.000000 0.000000 
1.338497 107.130577 931.555184 3.000000 0.000000 0.000000 -2.000000 0.000000 0.000000 0.000000 0.000000 0.000000 0.000000 0.000000 0.000000 0.000000 0.000000 0.000000 0.000000 0.000000 0.000000 0.000000 0.000000 0.000000 0.000000 0.000000 -15.000000 0.000000 0.000000 -5.000000 0.000000 0.000000 0.000000 0.000000 0.000000 0.000000 0.000000 0.000000 15.000000 0.000000 0.000000 -5.000000 0.000000 0.000000 0.000000 0.000000 0.000000 25.000000 0.000000 0.000000 -40.000000 0.000000 0.000000 9.553365 0.000000 0.000000 0.000000 0.000000 0.000000 -25.000000 0.000000 0.000000 0.000000 0.000000 0.000000 -9.553365 0.000000 0.000000 0.000000 
1.287386 107.096503 933.224638 2.897777 0.000000 0.000000 -1.931852 0.000000 0.000000 0.000000 0.000000 0.000000 0.000000 0.000000 0.000000 0.000000 0.000000 0.000000 0.000000 0.000000 -1.000000 0.000000 0.000000 0.000000 0.000000 0.000000 -14.488887 0.000000 0.000000 -5.000000 0.000000 0.000000 0.000000 0.000000 0.000000 0.000000 0.000000 0.000000 14.488887 0.000000 0.000000 -5.000000 0.000000 0.000000 0.000000 0.000000 0.000000 24.148146 0.000000 0.000000 -38.637033 0.000000 0.000000 8.462979 0.000000 0.000000 0.000000 0.000000 0.000000 -24.148146 0.000000 0.000000 0.000000 0.000000 0.000000 -8.462979 0.000000 0.000000 0.000000 
1.137535 106.996602 934.894091 2.598076 0.000000 0.000000 -1.732051 0.000000 0.000000 0.000000 0.000000 0.000000 0.000000 0.000000 0.000000 0.000000 0.000000 0.000000 0.000000 0.000000 -1.732051 0.000000 0.000000 0.000000 0.000000 0.000000 -12.990381 0.000000 0.000000 -5.000000 0.000000 0.000000 0.000000 0.000000 0.000000 0.000000 0.000000 0.000000 12.990381 0.000000 0.000000 -5.000000 0.000000 0.000000 0.000000 0.000000 0.000000 21.650635 0.000000 0.000000 -34.641016 0.000000 0.000000 6.795856 0.000000 0.000000 0.000000 0.000000 0.000000 -21.650635 0.000000 0.000000 0.000000 0.000000 0.000000 -6.795856 0.000000 0.000000 0.000000 
0.899157 106.837684 936.563545 2.121320 0.000000 0.000000 -1.414214 0.000000 0.000000 0.000000 0.000000 0.000000 0.000000 0.000000 0.000000 0.000000 0.000000 0.000000 0.000000 0.000000 -2.000000 0.000000 0.000000 0.000000 0.000000 0.000000 -10.606602 0.000000 0.000000 -5.000000 0.000000 0.000000 0.000000 0.000000 0.000000 0.000000 0.000000 0.000000 10.606602 0.000000 0.000000 -5.000000 0.000000 0.000000 0.000000 0.000000 0.000000 17.677670 0.000000 0.000000 -28.284271 0.000000 0.000000 4.665606 0.000000 0.000000 0.000000 0.000000 0.000000 -17.677670 0.000000 0.000000 0.000000 0.000000 0.000000 -4.665606 0.000000 0.000000 0.000000 
0.588497 106.630577 938.232999 1.500000 0.000000 0.000000 -1.000000 0.000000 0.000000 0.000000 0.000000 0.000000 0.000000 0.000000 0.000000 0.000000 0.000000 0.000000 0.000000 0.000000 -1.732051 0.000000 0.000000 0.000000 0.000000 0.000000 -7.500000 0.000000 0.000000 -5.000000 0.000000 0.000000 0.000000 0.000000 0.000000 0.000000 0.000000 0.000000 7.500000 0.000000 0.000000 -5.000000 0.000000 0.000000 0.000000 0.000000 0.000000 12.500000 0.000000 0.000000 -20.000000 0.000000 0.000000 2.217402 0.000000 0.000000 0.000000 0.000000 0.000000 -12.500000 0.000000 0.000000 0.000000 0.000000 0.000000 -2.217402 0.000000 0.000000 0.000000 
0.226726 106.389396 939.902453 0.776457 0.000000 0.000000 -0.517638 0.000000 0.000000 0.000000 0.000000 0.000000 0.000000 0.000000 0.000000 0.000000 0.000000 0.000000 0.000000 0.000000 -1.000000 0.000000 0.000000 0.000000 0.000000 0.000000 -3.882286 0.000000 0.000000 -5.000000 0.000000 0.000000 0.000000 0.000000 0.000000 0.000000 0.000000 0.000000 3.882286 0.000000 0.000000 -5.000000 0.000000 0.000000 0.000000 0.000000 0.000000 6.470476 0.000000 0.000000 -10.352762 0.000000 0.000000 -0.381913 0.000000 0.000000 0.000000 0.000000 0.000000 -6.470476 0.000000 0.000000 0.000000 0.000000 0.000000 0.381913 0.000000 0.000000 0.000000 
-0.161503 106.130577 941.571906 0.000000 0.000000 0.000000 -0.000000 0.000000 0.000000 0.000000 0.000000 0.000000 0.000000 0.000000 0.000000 0.000000 0.000000 0.000000 0.000000 0.000000 -0.000000 0.000000 0.000000 0.000000 0.000000 0.000000 -0.000000 0.000000 0.000000 -5.000000 0.000000 0.000000 0.000000 0.000000 0.000000 0.000000 0.000000 0.000000 0.000000 0.000000 0.000000 -5.000000 0.000000 0.000000 0.000000 0.000000 0.000000 0.000000 0.000000 0.000000 -0.000000 0.000000 0.000000 -2.955202 0.000000 0.000000 0.000000 0.000000 0.000000 -0.000000 0.000000 0.000000 0.000000 0.000000 0.000000 2.955202 0.000000 0.000000 0.000000 
-0.549732 106.389396 943.241360 -0.776457 0.000000 0.000000 0.517638 0.000000 0.000000 0.000000 0.000000 0.000000 0.000000 0.000000 0.000000 0.000000 0.000000 0.000000 0.000000 0.000000 1.000000 0.000000 0.000000 0.000000 0.000000 0.000000 3.882286 0.000000 0.000000 -5.000000 0.000000 0.000000 0.000000 0.000000 0.000000 0.000000 0.000000 0.000000 -3.882286 0.000000 0.000000 -5.000000 0.000000 0.000000 0.000000 0.000000 0.000000 -6.470476 0.000000 0.000000 0.000000 0.000000 0.000000 -5.327099 0.000000 0.000000 0.000000 0.000000 0.000000 6.470476 0.000000 0.000000 -10.352762 0.000000 0.000000 5.327099 0.000000 0.000000 0.000000 
-0.911503 106.630577 944.910814 -1.500000 0.000000 0.000000 1.000000 0.000000 0.000000 0.000000 0.000000 0.000000 0.000000 0.000000 0.000000 0.000000 0.000000 0.000000 0.000000 0.000000 1.732051 0.000000 0.000000 0.000000 0.000000 0.000000 7.500000 0.000000 0.000000 -5.000000 0.000000 0.000000 0.000000 0.000000 0.000000 0.000000 0.000000 0.000000 -7.500000 0.000000 0.000000 -5.000000 0.000000 0.000000 0.000000 0.000000 0.000000 -12.500000 0.000000 0.000000 0.000000 0.000000 0.000000 -7.335963 0.000000 0.000000 0.000000 0.000000 0.000000 12.500000 0.000000 0.000000 -20.000000 0.000000 0.000000 7.335963 0.000000 0.000000 0.000000 
-1.222163 106.837684 946.580268 -2.121320 0.000000 0.000000 1.414214 0.000000 0.000000 0.000000 0.000000 0.000000 0.000000 0.000000 0.000000 0.000000 0.000000 0.000000 0.000000 0.000000 2.000000 0.000000 0.000000 0.000000 0.000000 0.000000 10.606602 0.000000 0.000000 -5.000000 0.000000 0.000000 0.000000 0.000000 0.000000 0.000000 0.000000 0.000000 -10.606602 0.000000 0.000000 -5.000000 0.000000 0.000000 0.000000 0.000000 0.000000 -17.677670 0.000000 0.000000 0.000000 0.000000 0.000000 -8.844893 0.000000 0.000000 0.000000 0.000000 0.000000 17.677670 0.000000 0.000000 -28.284271 0.000000 0.000000 8.844893 0.000000 0.000000 0.000000 
-1.460541 106.996602 948.249721 -2.598076 0.000000 0.000000 1.732051 0.000000 0.000000 0.000000 0.000000 0.000000 0.000000 0.000000 0.000000 0.000000 0.000000 0.000000 0.000000 0.000000 1.732051 0.000000 0.000000 0.000000 0.000000 0.000000 12.990381 0.000000 0.000000 -5.000000 0.000000 0.000000 0.000000 0.000000 0.000000 0.000000 0.000000 0.000000 -12.990381 0.000000 0.000000 -5.000000 0.000000 0.000000 0.000000 0.000000 0.000000 -21.650635 0.000000 0.000000 0.000000 0.000000 0.000000 -9.751058 0.000000 0.000000 0.000000 0.000000 0.000000 21.650635 0.000000 0.000000 -34.641016 0.000000 0.000000 9.751058 0.000000 0.000000 0.000000 
-1.610392 107.096503 949.919175 -2.897777 0.000000 0.000000 1.931852 0.000000 0.000000 0.000000 0.000000 0.000000 0.000000 0.000000 0.000000 0.000000 0.000000 0.000000 0.000000 0.000000 1.000000 0.000000 0.000000 0.000000 0.000000 0.000000 14.488887 0.000000 0.000000 -5.000000 0.000000 0.000000 0.000000 0.000000 0.000000 0.000000 0.000000 0.000000 -14.488887 0.000000 0.000000 -5.000000 0.000000 0.000000 0.000000 0.000000 0.000000 -24.148146 0.000000 0.000000 0.000000 0.000000 0.000000 -9.992704 0.000000 0.000000 0.000000 0.000000 0.000000 24.148146 0.000000 0.000000 -38.637033 0.000000 0.000000 9.992704 0.000000 0.000000 0.000000 
-1.661503 107.130577 951.588629 -3.000000 0.000000 0.000000 2.000000 0.000000 0.000000 0.000000 0.000000 0.000000 0.000000 0.000000 0.000000 0.000000 0.000000 0.000000 0.000000 0.000000 0.000000 0.000000 0.000000 0.000000 0.000000 0.000000 15.000000 0.000000 0.000000 -5.000000 0.000000 0.000000 0.000000 0.000000 0.000000 0.000000 0.000000 0.000000 -15.000000 0.000000 0.000000 -5.000000 0.000000 0.000000 0.000000 0.000000 0.000000 -25.000000 0.000000 0.000000 0.000000 0.000000 0.000000 -9.553365 0.000000 0.000000 0.000000 0.000000 0.000000 25.000000 0.000000 0.000000 -40.000000 0.000000 0.000000 9.553365 0.000000 0.000000 0.000000 
-1.610392 107.096503 953.258082 -2.897777 0.000000 0.000000 1.931852 0.000000 0.000000 0.000000 0.000000 0.000000 0.000000 0.000000 0.000000 0.000000 0.000000 0.000000 0.000000 0.000000 -1.000000 0.000000 0.000000 0.000000 0.000000 0.000000 14.488887 0.000000 0.000000 -5.000000 0.000000 0.000000 0.000000 0.000000 0.000000 0.000000 0.000000 0.000000 -14.488887 0.000000 0.000000 -5.000000 0.000000 0.000000 0.000000 0.000000 0.000000 -24.148146 0.000000 0.000000 0.000000 0.000000 0.000000 -8.462979 0.000000 0.000000 0.000000 0.000000 0.000000 24.148146 0.000000 0.000000 -38.637033 0.000000 0.000000 8.462979 0.000000 0.000000 0.000000 
-1.460541 106.996602 954.927536 -2.598076 0.000000 0.000000 1.732051 0.000000 0.000000 0.000000 0.000000 0.000000 0.000000 0.000000 0.000000 0.000000 0.000000 0.000000 0.000000 0.000000 -1.732051 0.000000 0.000000 0.000000 0.000000 0.000000 12.990381 0.000000 0.000000 -5.000000 0.000000 0.000000 0.000000 0.000000 0.000000 0.000000 0.000000 0.000000 -12.990381 0.000000 0.000000 -5.000000 0.000000 0.000000 0.000000 0.000000 0.000000 -21.650635 0.000000 0.000000 0.000000 0.000000 0.000000 -6.795856 0.000000 0.000000 0.000000 0.000000 0.000000 21.650635 0.000000 0.000000 -34.641016 0.000000 0.000000 6.795856 0.000000 0.000000 0.000000 
-1.222163 106.837684 956.596990 -2.121320 0.000000 0.000000 1.414214 0.000000 0.000000 0.000000 0.000000 0.000000 0.000000 0.000000 0.000000 0.000000 0.000000 0.000000 0.000000 0.000000 -2.000000 0.000000 0.000000 0.000000 0.000000 0.000000 10.606602 0.000000 0.000000 -5.000000 0.000000 0.000000 0.000000 0.000000 0.000000 0.000000 0.000000 0.000000 -10.606602 0.000000 0.000000 -5.000000 0.000000 0.000000 0.000000 0.000000 0.000000 -17.677670 0.000000 0.000000 0.000000 0.000000 0.000000 -4.665606 0.000000 0.000000 0.000000 0.000000 0.000000 17.677670 0.000000 0.000000 -28.284271 0.000000 0.000000 4.665606 0.000000 0.000000 0.000000 
-0.911503 106.630577 958.266444 -1.500000 0.000000 0.000000 1.000000 0.000000 0.000000 0.000000 0.000000 0.000000 0.000000 0.000000 0.000000 0.000000 0.000000 0.000000 0.000000 0.000000 -1.732051 0.000000 0.000000 0.000000 0.000000 0.000000 7.500000 0.000000 0.000000 -5.000000 0.000000 0.000000 0.000000 0.000000 0.000000 0.000000 0.000000 0.000000 -7.500000 0.000000 0.000000 -5.000000 0.000000 0.000000 0.000000 0.000000 0.000000 -12.500000 0.000000 0.000000 0.000000 0.000000 0.000000 -2.217402 0.000000 0.000000 0.000000 0.000000 0.000000 12.500000 0.000000 0.000000 -20.000000 0.000000 0.000000 2.217402 0.000000 0.000000 0.000000 
-0.549732 106.389396 959.935897 -0.776457 0.000000 0.000000 0.517638 0.000000 0.000000 0.000000 0.000000 0.000000 0.000000 0.000000 0.000000 0.000000 0.000000 0.000000 0.000000 0.000000 -1.000000 0.000000 0.000000 0.000000 0.000000 0.000000 3.882286 0.000000 0.000000 -5.000000 0.000000 0.000000 0.000000 0.000000 0.000000 0.000000 0.000000 0.000000 -3.882286 0.000000 0.000000 -5.000000 0.000000 0.000000 0.000000 0.000000 0.000000 -6.470476 0.000000 0.000000 0.000000 0.000000 0.000000 0.381913 0.000000 0.000000 0.000000 0.000000 0.000000 6.470476 0.000000 0.000000 -10.352762 0.000000 0.000000 -0.381913 0.000000 0.000000 0.000000 
-0.161503 106.130577 961.605351 -0.000000 0.000000 0.000000 0.000000 0.000000 0.000000 0.000000 0.000000 0.000000 0.000000 0.000000 0.000000 0.000000 0.000000 0.000000 0.000000 0.000000 -0.000000 0.000000 0.000000 0.000000 0.000000 0.000000 0.000000 0.000000 0.000000 -5.000000 0.000000 0.000000 0.000000 0.000000 0.000000 0.000000 0.000000 0.000000 -0.000000 0.000000 0.000000 -5.000000 0.000000 0.000000 0.000000 0.000000 0.000000 -0.000000 0.000000 0.000000 0.000000 0.000000 0.000000 2.955202 0.000000 0.000000 0.000000 0.000000 0.000000 0.000000 0.000000 0.000000 -0.000000 0.000000 0.000000 -2.955202 0.000000 0.000000 0.000000 
0.226726 106.389396 963.274805 0.776457 0.000000 0.000000 -0.517638 0.000000 0.000000 0.000000 0.000000 0.000000 0.000000 0.000000 0.000000 0.000000 0.000000 0.000000 0.000000 0.000000 1.000000 0.000000 0.000000 0.000000 0.000000 0.000000 -3.882286 0.000000 0.000000 -5.000000 0.000000 0.000000 0.000000 0.000000 0.000000 0.000000 0.000000 0.000000 3.882286 0.000000 0.000000 -5.000000 0.000000 0.000000 0.000000 0.000000 0.000000 6.470476 0.000000 0.000000 -10.352762 0.000000 0.000000 5.327099 0.000000 0.000000 0.000000 0.000000 0.000000 -6.470476 0.000000 0.000000 0.000000 0.000000 0.000000 -5.327099 0.000000 0.000000 0.000000 
0.588497 106.630577 964.944259 1.500000 0.000000 0.000000 -1.000000 0.000000 0.000000 0.000000 0.000000 0.000000 0.000000 0.000000 0.000000 0.000000 0.000000 0.000000 0.000000 0.000000 1.732051 0.000000 0.000000 0.000000 0.000000 0.000000 -7.500000 0.000000 0.000000 -5.000000 0.000000 0.000000 0.000000 0.000000 0.000000 0.000000 0.000000 0.000000 7.500000 0.000000 0.000000 -5.000000 0.000000 0.000000 0.000000 0.000000 0.000000 12.500000 0.000000 0.000000 -20.000000 0.000000 0.000000 7.335963 0.000000 0.000000 0.000000 0.000000 0.000000 -12.500000 0.000000 0.000000 0.000000 0.000000 0.000000 -7.335963 0.000000 0.000000 0.000000 
0.899157 106.837684 966.613712 2.121320 0.000000 0.000000 -1.414214 0.000000 0.000000 0.000000 0.000000 0.000000 0.000000 0.000000 0.000000 0.000000 0.000000 0.000000 0.000000 0.000000 2.000000 0.000000 0.000000 0.000000 0.000000 0.000000 -10.606602 0.000000 0.000000 -5.000000 0.000000 0.000000 0.000000 0.000000 0.000000 0.000000 0.000000 0.000000 10.606602 0.000000 0.000000 -5.000000 0.000000 0.000000 0.000000 0.000000 0.000000 17.677670 0.000000 0.000000 -28.284271 0.000000 0.000000 8.844893 0.000000 0.000000 0.000000 0.000000 0.000000 -17.677670 0.000000 0.000000 0.000000 0.000000 0.000000 -8.844893 0.000000 0.000000 0.000000 
1.137535 106.996602 968.283166 2.598076 0.000000 0.000000 -1.732051 0.000000 0.000000 0.000000 0.000000 0.000000 0.000000 0.000000 0.000000 0.000000 0.000000 0.000000 0.000000 0.000000 1.732051 0.000000 0.000000 0.000000 0.000000 0.000000 -12.990381 0.000000 0.000000 -5.000000 0.000000 0.000000 0.000000 0.000000 0.000000 0.000000 0.000000 0.000000 12.990381 0.000000 0.000000 -5.000000 0.000000 0.000000 0.000000 0.000000 0.000000 21.650635 0.000000 0.000000 -34.641016 0.000000 0.000000 9.751058 0.000000 0.000000 0.000000 0.000000 0.000000 -21.650635 0.000000 0.000000 0.000000 0.000000 0.000000 -9.751058 0.000000 0.000000 0.000000 
1.287386 107.096503 969.952620 2.897777 0.000000 0.000000 -1.931852 0.000000 0.000000 0.000000 0.000000 0.000000 0.000000 0.000000 0.000000 0.000000 0.000000 0.000000 0.000000 0.000000 1.000000 0.000000 0.000000 0.000000 0.000000 0.000000 -14.488887 0.000000 0.000000 -5.000000 0.000000 0.000000 0.000000 0.000000 0.000000 0.000000 0.000000 0.000000 14.488887 0.000000 0.000000 -5.000000 0.000000 0.000000 0.000000 0.000000 0.000000 24.148146 0.000000 0.000000 -38.637033 0.000000 0.000000 9.992704 0.000000 0.000000 0.000000 0.000000 0.000000 -24.148146 0.000000 0.000000 0.000000 0.000000 0.000000 -9.992704 0.000000 0.000000 0.000000 
1.338497 107.130577 971.622074 3.000000 0.000000 0.000000 -2.000000 0.000000 0.000000 0.000000 0.000000 0.000000 0.000000 0.000000 0.000000 0.000000 0.000000 0.000000 0.000000 0.000000 0.000000 0.000000 0.000000 0.000000 0.000000 0.000000 -15.000000 0.000000 0.000000 -5.000000 0.000000 0.000000 0.000000 0.000000 0.000000 0.000000 0.000000 0.000000 15.000000 0.000000 0.000000 -5.000000 0.000000 0.000000 0.000000 0.000000 0.000000 25.000000 0.000000 0.000000 -40.000000 0.000000 0.000000 9.553365 0.000000 0.000000 0.000000 0.000000 0.000000 -25.000000 0.000000 0.000000 0.000000 0.000000 0.000000 -9.553365 0.000000 0.000000 0.000000 
1.287386 107.096503 973.291527 2.897777 0.000000 0.000000 -1.931852 0.000000 0.000000 0.000000 0.000000 0.000000 0.000000 0.000000 0.000000 0.000000 0.000000 0.000000 0.000000 0.000000 -1.000000 0.000000 0.000000 0.000000 0.000000 0.000000 -14.488887 0.000000 0.000000 -5.000000 0.000000 0.000000 0.000000 0.000000 0.000000 0.000000 0.000000 0.000000 14.488887 0.000000 0.000000 -5.000000 0.000000 0.000000 0.000000 0.000000 0.000000 24.148146 0.000000 0.000000 -38.637033 0.000000 0.000000 8.462979 0.000000 0.000000 0.000000 0.000000 0.000000 -24.148146 0.000000 0.000000 0.000000 0.000000 0.000000 -8.462979 0.000000 0.000000 0.000000 
1.137535 106.996602 974.960981 2.598076 0.000000 0.000000 -1.732051 0.000000 0.000000 0.000000 0.000000 0.000000 0.000000 0.000000 0.000000 0.000000 0.000000 0.000000 0.000000 0.000000 -1.732051 0.000000 0.000000 0.000000 0.000000 0.000000 -12.990381 0.000000 0.000000 -5.000000 0.000000 0.000000 0.000000 0.000000 0.000000 0.000000 0.000000 0.000000 12.990381 0.000000 0.000000 -5.000000 0.000000 0.000000 0.000000 0.000000 0.000000 21.650635 0.000000 0.000000 -34.641016 0.000000 0.000000 6.795856 0.000000 0.000000 0.000000 0.000000 0.000000 -21.650635 0.000000 0.000000 0.000000 0.000000 0.000000 -6.795856 0.000000 0.000000 0.000000 
0.899157 106.837684 976.630435 2.121320 0.000000 0.000000 -1.414214 0.000000 0.000000 0.000000 0.000000 0.000000 0.000000 0.000000 0.000000 0.000000 0.000000 0.000000 0.000000 0.000000 -2.000000 0.000000 0.000000 0.000000 0.000000 0.000000 -10.606602 0.000000 0.000000 -5.000000 0.000000 0.000000 0.000000 0.000000 0.000000 0.000000 0.000000 0.000000 10.606602 0.000000 0.000000 -5.000000 0.000000 0.000000 0.000000 0.000000 0.000000 17.677670 0.000000 0.000000 -28.284271 0.000000 0.000000 4.665606 0.000000 0.000000 0.000000 0.000000 0.000000 -17.677670 0.000000 0.000000 0.000000 0.000000 0.000000 -4.665606 0.000000 0.000000 0.000000 
0.588497 106.630577 978.299889 1.500000 0.000000 0.000000 -1.000000 0.000000 0.000000 0.000000 0.000000 0.000000 0.000000 0.000000 0.000000 0.000000 0.000000 0.000000 0.000000 0.000000 -1.732051 0.000000 0.000000 0.000000 0.000000 0.000000 -7.500000 0.000000 0.000000 -5.000000 0.000000 0.000000 0.000000 0.000000 0.000000 0.000000 0.000000 0.000000 7.500000 0.000000 0.000000 -5.000000 0.000000 0.000000 0.000000 0.000000 0.000000 12.500000 0.000000 0.000000 -20.000000 0.000000 0.000000 2.217402 0.000000 0.000000 0.000000 0.000000 0.000000 -12.500000 0.000000 0.000000 0.000000 0.000000 0.000000 -2.217402 0.000000 0.000000 0.000000 
0.226726 106.389396 979.969342 0.776457 0.000000 0.000000 -0.517638 0.000000 0.000000 0.000000 0.000000 0.000000 0.000000 0.000000 0.000000 0.000000 0.000000 0.000000 0.000000 0.000000 -1.000000 0.000000 0.000000 0.000000 0.000000 0.000000 -3.882286 0.000000 0.000000 -5.000000 0.000000 0.000000 0.000000 0.000000 0.000000 0.000000 0.000000 0.000000 3.882286 0.000000 0.000000 -5.000000 0.000000 0.000000 0.000000 0.000000 0.000000 6.470476 0.000000 0.000000 -10.352762 0.000000 0.000000 -0.381913 0.000000 0.000000 0.000000 0.000000 0.000000 -6.470476 0.000000 0.000000 0.000000 0.000000 0.000000 0.381913 0.000000 0.000000 0.000000 
-0.161503 106.130577 981.638796 -0.000000 0.000000 0.000000 0.000000 0.000000 0.000000 0.000000 0.000000 0.000000 0.000000 0.000000 0.000000 0.000000 0.000000 0.000000 0.000000 0.000000 0.000000 0.000000 0.000000 0.000000 0.000000 0.000000 0.000000 0.000000 0.000000 -5.000000 0.000000 0.000000 0.000000 0.000000 0.000000 0.000000 0.000000 0.000000 -0.000000 0.000000 0.000000 -5.000000 0.000000 0.000000 0.000000 0.000000 0.000000 -0.000000 0.000000 0.000000 0.000000 0.000000 0.000000 -2.955202 0.000000 0.000000 0.000000 0.000000 0.000000 0.000000 0.000000 0.000000 -0.000000 0.000000 0.000000 2.955202 0.000000 0.000000 0.000000 
-0.549732 106.389396 983.308250 -0.776457 0.000000 0.000000 0.517638 0.000000 0.000000 0.000000 0.000000 0.000000 0.000000 0.000000 0.000000 0.000000 0.000000 0.000000 0.000000 0.000000 1.000000 0.000000 0.000000 0.000000 0.000000 0.000000 3.882286 0.000000 0.000000 -5.000000 0.000000 0.000000 0.000000 0.000000 0.000000 0.000000 0.000000 0.000000 -3.882286 0.000000 0.000000 -5.000000 0.000000 0.000000 0.000000 0.000000 0.000000 -6.470476 0.000000 0.000000 0.000000 0.000000 0.000000 -5.327099 0.000000 0.000000 0.000000 0.000000 0.000000 6.470476 0.000000 0.000000 -10.352762 0.000000 0.000000 5.327099 0.000000 0.000000 0.000000 
-0.911503 106.630577 984.977703 -1.500000 0.000000 0.000000 1.000000 0.000000 0.000000 0.000000 0.000000 0.000000 0.000000 0.000000 0.000000 0.000000 0.000000 0.000000 0.000000 0.000000 1.732051 0.000000 0.000000 0.000000 0.000000 0.000000 7.500000 0.000000 0.000000 -5.000000 0.000000 0.000000 0.000000 0.000000 0.000000 0.000000 0.000000 0.000000 -7.500000 0.000000 0.000000 -5.000000 0.000000 0.000000 0.000000 0.000000 0.000000 -12.500000 0.000000 0.000000 0.000000 0.000000 0.000000 -7.335963 0.000000 0.000000 0.000000 0.000000 0.000000 12.500000 0.000000 0.000000 -20.000000 0.000000 0.000000 7.335963 0.000000 0.000000 0.000000 
-1.222163 106.837684 986.647157 -2.121320 0.000000 0.000000 1.414214 0.000000 0.000000 0.000000 0.000000 0.000000 0.000000 0.000000 0.000000 0.000000 0.000000 0.000000 0.000000 0.000000 2.000000 0.000000 0.000000 0.000000 0.000000 0.000000 10.606602 0.000000 0.000000 -5.000000 0.000000 0.000000 0.000000 0.000000 0.000000 0.000000 0.000000 0.000000 -10.606602 0.000000 0.000000 -5.000000 0.000000 0.000000 0.000000 0.000000 0.000000 -17.677670 0.000000 0.000000 0.000000 0.000000 0.000000 -8.844893 0.000000 0.000000 0.000000 0.000000 0.000000 17.677670 0.000000 0.000000 -28.284271 0.000000 0.000000 8.844893 0.000000 0.000000 0.000000 
-1.460541 106.996602 988.316611 -2.598076 0.000000 0.000000 1.732051 0.000000 0.000000 0.000000 0.000000 0.000000 0.000000 0.000000 0.000000 0.000000 0.000000 0.000000 0.000000 0.000000 1.732051 0.000000 0.000000 0.000000 0.000000 0.000000 12.990381 0.000000 0.000000 -5.000000 0.000000 0.000000 0.000000 0.000000 0.000000 0.000000 0.000000 0.000000 -12.990381 0.000000 0.000000 -5.000000 0.000000 0.000000 0.000000 0.000000 0.000000 -21.650635 0.000000 0.000000 0.000000 0.000000 0.000000 -9.751058 0.000000 0.000000 0.000000 0.000000 0.000000 21.650635 0.000000 0.000000 -34.641016 0.000000 0.000000 9.751058 0.000000 0.000000 0.000000 
-1.610392 107.096503 989.986065 -2.897777 0.000000 0.000000 1.931852 0.000000 0.000000 0.000000 0.000000 0.000000 0.000000 0.000000 0.000000 0.000000 0.000000 0.000000 0.000000 0.000000 1.000000 0.000000 0.000000 0.000000 0.000000 0.000000 14.488887 0.000000 0.000000 -5.000000 0.000000 0.000000 0.000000 0.000000 0.000000 0.000000 0.000000 0.000000 -14.488887 0.000000 0.000000 -5.000000 0.000000 0.000000 0.000000 0.000000 0.000000 -24.148146 0.000000 0.000000 0.000000 0.000000 0.000000 -9.992704 0.000000 0.000000 0.000000 0.000000 0.000000 24.148146 0.000000 0.000000 -38.637033 0.000000 0.000000 9.992704 0.000000 0.000000 0.000000 
-1.661503 107.130577 991.655518 -3.000000 0.000000 0.000000 2.000000 0.000000 0.000000 0.000000 0.000000 0.000000 0.000000 0.000000 0.000000 0.000000 0.000000 0.000000 0.000000 0.000000 -0.000000 0.000000 0.000000 0.000000 0.000000 0.000000 15.000000 0.000000 0.000000 -5.000000 0.000000 0.000000 0.000000 0.000000 0.000000 0.000000 0.000000 0.000000 -15.000000 0.000000 0.000000 -5.000000 0.000000 0.000000 0.000000 0.000000 0.000000 -25.000000 0.000000 0.000000 0.000000 0.000000 0.000000 -9.553365 0.000000 0.000000 0.000000 0.000000 0.000000 25.000000 0.000000 0.000000 -40.000000 0.000000 0.000000 9.553365 0.000000 0.000000 0.000000 
-1.610392 107.096503 993.324972 -2.897777 0.000000 0.000000 1.931852 0.000000 0.000000 0.000000 0.000000 0.000000 0.000000 0.000000 0.000000 0.000000 0.000000 0.000000 0.000000 0.000000 -1.000000 0.000000 0.000000 0.000000 0.000000 0.000000 14.488887 0.000000 0.000000 -5.000000 0.000000 0.000000 0.000000 0.000000 0.000000 0.000000 0.000000 0.000000 -14.488887 0.000000 0.000000 -5.000000 0.000000 0.000000 0.000000 0.000000 0.000000 -24.148146 0.000000 0.000000 0.000000 0.000000 0.000000 -8.462979 0.000000 0.000000 0.000000 0.000000 0.000000 24.148146 0.000000 0.000000 -38.637033 0.000000 0.000000 8.462979 0.000000 0.000000 0.000000 
-1.460541 106.996602 994.994426 -2.598076 0.000000 0.000000 1.732051 0.000000 0.000000 0.000000 0.000000 0.000000 0.000000 0.000000 0.000000 0.000000 0.000000 0.000000 0.000000 0.000000 -1.732051 0.000000 0.000000 0.000000 0.000000 0.000000 12.990381 0.000000 0.000000 -5.000000 0.000000 0.000000 0.000000 0.000000 0.000000 0.000000 0.000000 0.000000 -12.990381 0.000000 0.000000 -5.000000 0.000000 0.000000 0.000000 0.000000 0.000000 -21.650635 0.000000 0.000000 0.000000 0.000000 0.000000 -6.795856 0.000000 0.000000 0.000000 0.000000 0.000000 21.650635 0.000000 0.000000 -34.641016 0.000000 0.000000 6.795856 0.000000 0.000000 0.000000 
-1.222163 106.837684 996.663880 -2.121320 0.000000 0.000000 1.414214 0.000000 0.000000 0.000000 0.000000 0.000000 0.000000 0.000000 0.000000 0.000000 0.000000 0.000000 0.000000 0.000000 -2.000000 0.000000 0.000000 0.000000 0.000000 0.000000 10.606602 0.000000 0.000000 -5.000000 0.000000 0.000000 0.000000 0.000000 0.000000 0.000000 0.000000 0.000000 -10.606602 0.000000 0.000000 -5.000000 0.000000 0.000000 0.000000 0.000000 0.000000 -17.677670 0.000000 0.000000 0.000000 0.000000 0.000000 -4.665606 0.000000 0.000000 0.000000 0.000000 0.000000 17.677670 0.000000 0.000000 -28.284271 0.000000 0.000000 4.665606 0.000000 0.000000 0.000000 
-0.911503 106.630577 998.333333 -1.500000 0.000000 0.000000 1.000000 0.000000 0.000000 0.000000 0.000000 0.000000 0.000000 0.000000 0.000000 0.000000 0.000000 0.000000 0.000000 0.000000 -1.732051 0.000000 0.000000 0.000000 0.000000 0.000000 7.500000 0.000000 0.000000 -5.000000 0.000000 0.000000 0.000000 0.000000 0.000000 0.000000 0.000000 0.000000 -7.500000 0.000000 0.000000 -5.000000 0.000000 0.000000 0.000000 0.000000 0.000000 -12.500000 0.000000 0.000000 0.000000 0.000000 0.000000 -2.217402 0.000000 0.000000 0.000000 0.000000 0.000000 12.500000 0.000000 0.000000 -20.000000 0.000000 0.000000 2.217402 0.000000 0.000000 0.000000 
