HIERARCHY
ROOT Hips
{
	OFFSET -0.826874 104.329185 -13.986590
	CHANNELS 6 Xposition Yposition Zposition Xrotation Yrotation Zrotation
	JOINT Chest
	{
		OFFSET 0.754016 13.478645 1.977823
		CHANNELS 3 Xrotation Yrotation Zrotation
		JOINT Chest2
		{
			OFFSET -0.019843 21.055878 3.964331
			CHANNELS 3 Xrotation Yrotation Zrotation
			JOINT Chest3
			{
				OFFSET -0.305592 14.924011 0.012683
				CHANNELS 3 Xrotation Yrotation Zrotation
				JOINT Neck
				{
					OFFSET 0.758568 17.102127 2.357551
					CHANNELS 3 Xrotation Yrotation Zrotation
					JOINT Head
					{
						OFFSET -0.223234 10.306244 1.886546
						CHANNELS 3 Xrotation Yrotation Zrotation
						End Site
						{
							OFFSET -0.219016 10.319229 1.814756
						}
					}
				}
				JOINT LeftCollar
				{
					OFFSET 4.937447 12.569916 4.407161
					CHANNELS 3 Xrotation Yrotation Zrotation
					JOINT LeftUpArm
					{
						OFFSET 14.315561 -5.594818 -8.500711
						CHANNELS 3 Xrotation Yrotation Zrotation
						JOINT LeftLowArm
						{
							OFFSET 2.897924 -33.619476 1.030190
							CHANNELS 3 Xrotation Yrotation Zrotation
							JOINT LeftHand
							{
								OFFSET -3.658434 -27.859299 10.555696
								CHANNELS 3 Xrotation Yrotation Zrotation
								End Site
								{
									OFFSET -0.799572 -6.088814 2.307010
								}
							}
						}
					}
				}
				JOINT RightCollar
				{
					OFFSET -3.458451 12.872681 4.913425
					CHANNELS 3 Xrotation Yrotation Zrotation
					JOINT RightUpArm
					{
						OFFSET -14.891069 -5.360458 -7.616936
						CHANNELS 3 Xrotation Yrotation Zrotation
						JOINT RightLowArm
						{
							OFFSET -5.123041 -33.368118 -0.239133
							CHANNELS 3 Xrotation Yrotation Zrotation
							JOINT RightHand
							{
								OFFSET 3.013620 -27.599983 11.406731
								CHANNELS 3 Xrotation Yrotation Zrotation
								End Site
								{
									OFFSET 0.658659 -6.032249 2.493062
								}
							}
						}
					}
				}
			}
		}
	}
	JOINT LeftUpLeg
	{
		OFFSET 10.005481 -0.540756 -0.130693
		CHANNELS 3 Xrotation Yrotation Zrotation
		JOINT LeftLowLeg
		{
			OFFSET 2.532495 -46.716473 -7.426150
			CHANNELS 3 Xrotation Yrotation Zrotation
			JOINT LeftFoot
			{
				OFFSET -1.069643 -42.236084 -14.681198
				CHANNELS 3 Xrotation Yrotation Zrotation
				JOINT LeftToe
				{
					OFFSET 3.846535 -17.021645 15.969584
					CHANNELS 3 Xrotation Yrotation Zrotation
					End Site
					{
						OFFSET 5.107078 -2.733674 22.934771
					}
				}
			}
		}
	}
	JOINT RightUpLeg
	{
		OFFSET -10.005495 0.540558 0.130665
		CHANNELS 3 Xrotation Yrotation Zrotation
		JOINT RightLowLeg
		{
			OFFSET -2.083458 -47.324982 -0.127742
			CHANNELS 3 Xrotation Yrotation Zrotation
			JOINT RightFoot
			{
				OFFSET -0.797980 -41.936726 -15.532318
				CHANNELS 3 Xrotation Yrotation Zrotation
				JOINT RightToe
				{
					OFFSET 1.109693 -18.128590 15.155176
					CHANNELS 3 Xrotation Yrotation Zrotation
					End Site
					{
						OFFSET -0.802202 -4.500372 23.209034
					}
				}
			}
		}
	}
}
MOTION
Frames: 545
Frame Time: 0.033333
-0.161348 106.130417 -1.111723 -6.630980 -0.747103 3.092423 -8.041770 -0.982428 -3.418757 5.942189 0.918602 -0.940160 -7.942172 -2.352533 3.404881 6.948317 6.650992 -3.071817 -0.000001 -0.000000 -0.000000 1.040633 4.225102 23.199706 -8.921534 5.244706 59.929371 18.296117 17.290754 6.283317 -0.000001 -0.000005 0.000001 0.172516 -0.574500 -26.116550 -12.207796 -0.653954 -56.940108 21.830077 -8.856105 -12.087011 -0.000001 0.000004 0.000001 -0.493863 -2.181336 0.465274 -3.000227 0.097701 1.320475 3.057939 -10.082556 -2.488558 0.000000 -0.000001 -0.000000 8.421588 1.369982 -7.678700 -12.992586 1.720504 2.296065 0.649550 0.042362 -7.716142 0.000000 0.000000 -0.000001 
73.883499 114.587471 -1.122943 -24.417496 54.460315 16.884711 -7.728871 1.791324 -1.133380 -9.155254 -3.356585 2.858557 -4.282799 -13.341312 -2.212035 -19.124808 -3.162455 2.103274 -0.000002 -0.000001 0.000003 -16.744229 15.511788 42.461691 1.021021 23.366579 55.107322 10.200379 25.073276 25.154086 0.000001 0.000002 -0.000002 -16.319516 -7.720755 -36.899837 -5.776617 -25.573417 -66.976336 20.749527 -17.839904 -3.801277 0.000002 0.000003 0.000002 13.053849 1.966025 6.566109 -4.873938 0.383055 1.583038 31.032442 -26.288164 -19.610271 -0.000007 -0.000002 0.000003 -60.727758 10.991404 -10.582388 99.376309 41.102408 34.855910 21.348962 -32.365278 -6.849762 -0.000001 0.000001 -0.000001 
73.980011 114.540092 -1.164274 -24.453450 54.948527 16.989646 -7.640026 1.702618 -0.867570 -8.206403 -3.006387 2.494487 -5.341697 -13.690222 -2.342291 -20.210583 -3.365765 2.277888 -0.000006 0.000000 0.000001 -16.501254 15.907186 40.802242 2.327248 24.730175 53.314746 12.236852 25.370468 24.923702 0.000004 -0.000003 0.000000 -16.187494 -8.228626 -35.338050 -3.928334 -28.579868 -64.268795 18.881768 -17.947717 -4.972924 -0.000003 0.000004 0.000001 13.046866 1.907184 6.801268 -4.215136 0.633302 1.271224 29.129790 -25.693917 -19.291811 -0.000003 -0.000000 -0.000000 -60.782236 11.124661 -10.733228 99.324167 40.924465 34.867528 22.078880 -32.241539 -6.608629 -0.000002 0.000001 -0.000005 
74.082260 114.455780 -1.202032 -23.369499 55.232492 15.713407 -7.948532 1.726940 -0.700231 -8.321140 -2.772198 2.179042 -5.386323 -13.329762 -1.969448 -21.544015 -3.594579 2.568077 -0.000002 0.000000 0.000002 -16.642085 16.125703 39.474211 2.909083 26.387517 51.605586 11.418439 25.579916 24.149100 -0.000002 -0.000006 0.000002 -16.588233 -9.086454 -34.085280 -2.229158 -32.230594 -61.272514 17.173759 -18.399351 -5.401252 -0.000004 0.000003 -0.000002 12.392511 1.961221 7.008075 -3.102434 0.756341 0.812917 25.745235 -24.599179 -18.732340 0.000000 -0.000002 0.000001 -61.141675 10.953212 -10.631428 98.934792 40.855272 35.123800 21.669520 -32.160506 -6.732442 0.000001 -0.000002 0.000002 
74.207039 114.327583 -1.260946 -22.692376 55.737977 15.576236 -7.541472 1.850949 -1.089801 -8.214307 -3.159132 2.623536 -6.031819 -12.909612 -2.441087 -21.831503 -4.722668 3.172586 -0.000002 0.000001 0.000004 -16.506677 15.611174 38.771685 2.608416 26.631975 49.911915 7.495084 25.260971 25.539047 -0.000002 -0.000005 0.000000 -16.778109 -9.140753 -33.168853 -0.901594 -35.294453 -59.039984 16.487346 -19.013023 -5.693980 -0.000003 0.000003 0.000003 11.845646 1.991748 6.447135 -2.149716 0.632836 0.664409 22.420439 -23.548735 -18.249055 0.000000 0.000000 0.000001 -61.447025 11.097566 -10.887082 99.497831 40.283609 34.021206 21.743245 -31.650127 -6.460344 -0.000002 0.000001 -0.000003 
74.308762 114.087509 -1.307992 -21.813580 55.238100 14.286482 -6.355381 1.430209 -0.349350 -9.193581 -2.416484 1.732527 -4.968977 -12.387783 -1.195041 -23.477751 -5.334890 3.486106 0.000001 -0.000001 0.000002 -15.917727 15.927318 37.467570 3.866918 26.470752 47.078762 4.990042 24.921772 28.631216 -0.000000 -0.000006 0.000003 -16.187039 -9.569970 -31.367511 2.930104 -38.145742 -53.998103 15.426173 -18.955998 -6.902666 0.000001 0.000004 0.000002 11.930539 1.715007 6.541807 -1.490475 0.297733 0.742960 18.665440 -21.745195 -17.200957 -0.000003 -0.000003 0.000001 -61.411310 11.006496 -10.398103 98.608548 40.425967 34.804192 22.601738 -32.596238 -6.566896 -0.000002 -0.000000 -0.000001 
74.361710 113.712784 -1.352552 -20.315768 55.937187 12.659145 -5.513650 1.296167 -0.227093 -8.693964 -2.614451 2.003458 -5.330642 -10.772783 -0.921184 -24.428378 -5.949422 3.970305 -0.000001 -0.000002 -0.000000 -15.068642 16.071369 35.521191 5.258171 26.651096 42.920673 3.380626 24.679364 31.836106 -0.000003 0.000001 -0.000000 -15.418841 -9.968498 -28.968239 6.815179 -40.146568 -47.388197 14.233688 -18.640184 -8.024272 -0.000002 0.000006 0.000005 10.496566 1.655734 6.108806 -0.089409 0.118771 1.600596 13.092428 -21.751171 -17.026837 0.000000 -0.000000 -0.000000 -61.407287 10.925162 -10.494529 96.844815 38.944789 34.595274 22.368473 -32.816846 -6.837610 0.000001 0.000000 -0.000001 
74.383675 113.285217 -1.391566 -18.700590 56.509918 11.309533 -5.098483 1.390625 -0.786269 -8.508150 -2.868420 2.453498 -5.084501 -9.784719 -0.768442 -25.785340 -6.549743 4.473754 -0.000003 0.000001 0.000003 -14.669308 16.219167 33.356977 6.247041 27.269242 39.806397 1.883829 25.432728 34.520961 -0.000003 -0.000004 0.000002 -14.867384 -10.246703 -26.736087 9.858972 -41.310941 -41.983793 13.735756 -19.336196 -9.147725 -0.000000 0.000003 0.000003 8.810302 1.374683 5.853587 1.558651 0.470389 1.655163 8.541744 -21.806641 -16.733893 0.000001 -0.000000 -0.000002 -61.474708 11.003702 -10.689484 95.098978 37.304625 34.210877 21.963286 -34.008553 -7.519161 -0.000003 -0.000002 0.000000 
74.323273 112.718994 -1.411253 -17.105241 56.821016 9.770194 -3.616215 1.154078 -0.498655 -9.185358 -2.477997 1.964337 -4.684472 -8.190785 -0.342848 -26.340857 -7.296315 4.875988 0.000002 -0.000001 -0.000001 -14.315660 16.480183 31.827264 7.783364 28.826902 35.878372 -0.378116 26.266483 35.844034 -0.000001 -0.000003 -0.000000 -14.451693 -10.623098 -24.564891 12.920777 -41.898921 -35.005399 11.697278 -20.775600 -11.049837 0.000001 0.000001 -0.000003 6.209802 0.969135 5.066279 4.556458 -0.262990 1.415152 3.176908 -19.505980 -15.007278 -0.000001 -0.000003 -0.000001 -60.923238 10.906105 -10.485759 90.821777 35.852486 35.296782 22.248115 -36.182640 -8.177758 0.000003 0.000000 -0.000003 
74.208344 112.001984 -1.447463 -14.115687 58.703727 8.734494 -2.204942 0.990109 -0.602015 -9.547407 -2.366472 1.763932 -4.822496 -6.844996 -0.482845 -26.725948 -6.658984 4.839281 -0.000002 0.000000 0.000001 -13.605205 16.609756 29.640303 8.989036 28.806104 31.203296 -1.958757 25.507732 35.187509 0.000001 -0.000001 -0.000001 -13.443792 -9.919073 -22.322855 14.356477 -40.046021 -27.668941 9.946899 -21.557221 -14.106753 -0.000000 0.000002 -0.000000 1.734672 0.775758 4.030520 9.248931 -0.849792 0.856856 -1.115211 -17.351565 -13.262746 -0.000000 -0.000001 0.000001 -60.800261 11.608351 -11.566373 84.080271 34.605270 39.001285 21.596730 -40.158254 -9.952637 -0.000001 -0.000001 -0.000002 
74.064842 111.247978 -1.475134 -12.241479 59.770466 8.000377 -0.923148 0.839305 -0.736162 -9.678388 -2.246912 1.681199 -4.499562 -5.596115 0.065338 -27.740557 -6.223329 4.759961 -0.000002 0.000003 0.000004 -13.079403 16.787688 27.481621 9.751824 28.323036 27.208164 -2.238853 25.283231 33.745205 -0.000002 -0.000001 0.000001 -12.784089 -9.508364 -20.910209 13.988359 -37.232748 -22.486460 10.065084 -22.491451 -16.466073 -0.000002 -0.000000 -0.000001 -1.139101 0.415198 4.048786 12.323332 -1.387444 -0.070858 -3.887468 -15.211333 -11.464501 -0.000001 0.000003 -0.000001 -60.312490 11.780718 -11.740382 77.969642 33.735199 42.869546 22.768138 -44.896213 -11.064019 -0.000003 0.000000 -0.000002 
73.893143 110.419647 -1.523224 -10.766077 60.630975 7.506158 0.132629 0.902516 -1.564091 -8.582955 -2.238784 1.679602 -4.612151 -4.386344 0.593742 -28.225953 -6.837897 4.773986 -0.000000 0.000001 0.000003 -12.242193 16.470477 24.244238 10.826871 27.666433 23.009582 0.548660 24.300386 28.805179 -0.000002 -0.000003 0.000002 -11.275034 -7.677005 -17.424666 12.035440 -33.307855 -18.157730 10.891806 -22.758477 -19.352491 0.000003 -0.000001 -0.000002 -4.016919 0.196845 4.223889 15.290599 -1.872137 -0.858440 -4.975388 -13.757896 -10.218471 0.000000 0.000000 0.000000 -58.312726 10.999460 -11.236307 71.311936 30.868070 44.522568 27.544551 -48.402836 -9.720333 -0.000002 -0.000002 0.000004 
73.637299 109.510330 -1.548416 -13.379138 59.304934 9.766330 3.469106 0.449315 -1.240367 -4.972379 -2.084568 1.505957 -6.760547 -1.219357 1.149003 -28.321255 -9.099285 5.501074 -0.000003 0.000002 0.000003 -10.298270 15.131586 20.741065 12.106509 24.993653 18.237213 6.517521 21.244252 21.782612 -0.000001 0.000001 -0.000000 -8.806399 -3.775809 -13.644981 8.568650 -26.711868 -14.670835 15.421056 -22.670159 -21.550678 -0.000002 0.000004 0.000001 -5.324345 -0.147810 4.455288 19.905569 -2.186976 -1.073253 -5.966164 -11.431659 -7.905336 0.000001 -0.000001 0.000000 -54.330374 9.245733 -9.567321 66.418248 26.147709 41.582291 30.411445 -47.139380 -8.108614 0.000001 -0.000003 0.000000 
73.443878 108.653732 -1.593616 -11.735564 58.965085 9.156948 3.488389 0.461944 -1.681750 -2.564919 -2.860803 2.464164 -7.955992 1.692388 0.836280 -29.808100 -8.224880 5.210908 -0.000001 0.000002 0.000004 -8.814015 14.183268 18.255433 13.128500 23.217345 14.584013 10.351609 17.748711 15.476956 -0.000003 -0.000004 -0.000001 -7.265708 -1.377515 -12.418785 5.079338 -21.198218 -11.712993 20.877867 -21.690972 -20.811399 0.000001 0.000004 0.000001 -8.067025 0.192324 3.362207 23.127929 -2.799422 -1.428275 -6.970832 -9.839810 -6.450029 0.000000 0.000001 -0.000001 -52.260243 7.858376 -8.056676 62.068764 21.880303 37.436608 31.686842 -43.130691 -6.458336 0.000002 -0.000000 0.000002 
73.353951 107.734680 -1.658043 -8.097392 60.460548 6.925626 2.120874 0.330156 -1.169445 -2.912059 -2.850425 2.482151 -6.759608 3.415963 0.828787 -28.911357 -7.793204 5.003870 -0.000001 -0.000003 0.000002 -7.749335 13.411050 17.681791 12.206883 19.363795 13.565729 8.585601 14.624429 15.352846 -0.000000 0.000003 0.000002 -6.183684 -0.746589 -12.129536 1.157996 -14.798452 -9.683660 20.457856 -20.016267 -22.493153 -0.000004 0.000003 0.000001 -12.099944 0.099246 1.694559 27.519163 -3.528497 -0.421423 -10.037494 -8.740844 -4.954231 -0.000002 -0.000001 -0.000000 -49.650718 7.783562 -8.188176 53.959498 16.779900 33.915468 33.626316 -38.516236 -4.108384 -0.000002 0.000001 0.000001 
73.254402 106.789185 -1.677582 -8.054069 60.130110 7.677519 2.611028 0.286686 -1.152695 -2.718622 -2.340959 1.973351 -6.012983 6.134946 2.157147 -26.908428 -8.442599 5.500403 -0.000001 0.000000 0.000001 -7.432768 12.898992 17.808813 10.689089 16.559647 16.206523 3.452954 12.675503 18.525327 -0.000003 -0.000004 0.000004 -4.986384 1.912340 -11.696601 -2.483695 -9.688776 -12.717485 18.080330 -17.587725 -21.631074 -0.000003 0.000003 -0.000003 -13.470075 -0.070598 1.245794 31.416913 -4.440419 -0.617980 -13.256455 -6.832162 -2.758934 -0.000001 -0.000002 -0.000001 -46.106147 8.034577 -9.339696 44.388430 12.648388 31.750889 34.028866 -37.363696 -3.138101 0.000000 0.000004 -0.000001 
73.159073 105.848312 -1.697284 -8.553568 60.429586 7.914650 3.264036 -0.005768 -0.229947 -3.313290 -1.162151 0.470346 -5.227061 7.640694 3.465498 -25.964513 -8.253566 5.457796 0.000003 0.000001 -0.000000 -6.589667 12.033516 17.016387 10.169499 15.219670 16.059704 1.214803 11.163029 17.176112 -0.000001 -0.000002 0.000004 -4.032653 3.210202 -11.478131 -4.027234 -6.970255 -12.772615 14.691114 -16.006950 -21.322003 -0.000003 -0.000001 0.000002 -14.637066 -0.233310 1.847549 34.857338 -4.950956 -0.352415 -15.521359 -5.659245 -1.314475 -0.000000 -0.000002 -0.000000 -43.565709 8.088482 -10.379637 36.001374 9.402006 30.529375 33.676282 -37.753051 -3.285369 0.000000 0.000000 0.000002 
73.188324 104.868500 -1.725342 -8.655637 58.875712 7.448080 2.113618 -0.197023 0.560287 -2.151749 -0.528342 -0.398744 -5.060489 9.155151 4.088810 -22.778749 -8.667996 5.875600 -0.000001 0.000000 0.000001 -5.178062 11.272989 14.387175 11.167877 15.029017 13.745889 -0.433800 9.211127 10.815844 -0.000002 0.000000 -0.000003 -2.860996 5.035462 -10.307813 -5.596403 -4.378463 -11.430694 10.752816 -13.348515 -15.975671 -0.000003 0.000001 0.000003 -14.250041 -0.453755 2.783292 37.040130 -5.581387 -0.910147 -17.975589 -4.310709 0.698603 0.000000 -0.000001 -0.000000 -41.539855 8.159722 -11.289983 27.588290 6.284910 29.709414 33.239317 -39.708589 -4.220020 -0.000000 -0.000001 -0.000001 
73.244545 103.868347 -1.738029 -8.608943 57.939545 7.631887 1.865593 -0.365425 1.311057 -1.242442 0.550569 -1.758795 -5.555882 10.959070 5.556063 -19.729990 -9.730127 6.850650 0.000002 0.000000 0.000001 -4.188554 9.663851 12.603740 10.766295 14.109520 11.366576 -4.441597 7.563502 3.782175 -0.000001 0.000001 -0.000000 -1.867195 7.687564 -8.240161 -7.931464 -1.890989 -9.193128 7.950382 -11.107835 -9.351959 -0.000001 0.000002 0.000004 -14.457291 -0.676180 3.262505 39.757029 -6.510834 -1.359319 -20.580291 -3.764977 2.063134 -0.000001 -0.000002 -0.000000 -39.981240 8.567771 -12.629785 19.443964 3.711704 30.494814 33.359436 -44.934944 -5.711023 -0.000003 0.000000 0.000001 
73.342026 102.922577 -1.760391 -9.351568 57.950494 9.004973 1.626075 -0.207246 0.817647 0.261070 1.148880 -2.741182 -6.510822 10.999842 6.299054 -17.012287 -10.767080 7.650846 0.000000 0.000000 0.000001 -4.565102 8.243181 12.330050 11.736016 15.786726 10.122557 -5.970742 7.230450 -2.566200 -0.000000 0.000000 -0.000003 -1.898592 10.141042 -7.732002 -9.775903 -1.929858 -6.610798 6.887703 -9.427188 -1.269301 -0.000006 0.000002 -0.000000 -14.049847 -0.666543 3.308886 41.464019 -6.637930 -1.893452 -22.084068 -3.617912 2.776892 -0.000000 0.000001 -0.000000 -38.213454 8.514232 -13.730009 13.084999 1.383283 30.135870 34.284715 -48.213192 -6.131077 -0.000000 0.000002 -0.000002 
73.508171 101.970276 -1.791077 -12.013065 56.767283 11.523294 2.738163 -0.067426 0.115155 1.650394 1.631332 -3.525159 -7.079471 12.090178 7.316530 -14.644977 -11.433870 8.309183 -0.000001 -0.000000 -0.000002 -4.989065 7.122414 12.380263 12.403863 17.468503 10.411386 -6.995801 7.834025 -7.023742 -0.000000 -0.000001 -0.000001 -1.931130 12.576983 -8.105337 -12.044273 -1.517527 -5.926181 5.988534 -8.413742 6.209014 -0.000001 -0.000000 -0.000001 -12.722743 -0.851005 4.015516 43.582857 -6.931103 -3.147714 -23.333733 -3.666818 3.305137 0.000001 -0.000003 -0.000000 -35.656180 7.478342 -12.785237 7.601042 -0.537840 29.295528 34.237915 -53.555315 -7.712837 0.000002 0.000001 -0.000001 
73.738129 101.021378 -1.809004 -12.842339 55.769792 13.299414 2.750900 0.242173 -1.063541 2.923518 1.591416 -3.690070 -7.369213 13.149280 7.694385 -12.112171 -12.777827 9.206324 0.000000 0.000001 0.000001 -5.685708 6.374797 12.457400 12.299369 18.696084 11.360559 -10.183085 8.418233 -10.779291 -0.000001 -0.000003 0.000004 -2.216965 14.916956 -9.051339 -14.446291 -1.004979 -6.560621 5.975929 -7.563186 13.512222 0.000002 0.000005 0.000002 -12.177097 -0.541012 2.920426 45.699402 -7.047498 -3.465436 -24.374961 -3.641015 3.844211 -0.000000 -0.000002 -0.000001 -34.831130 7.165231 -12.745552 4.078466 -1.766981 28.019309 32.294480 -59.747175 -10.867213 -0.000002 0.000000 -0.000001 
73.999718 100.129318 -1.826711 -13.583437 54.481851 14.390164 3.346222 0.210766 -0.964364 3.362924 2.205527 -4.598270 -7.310517 13.632589 8.223946 -10.329407 -12.762044 9.524737 -0.000001 0.000002 0.000001 -6.070363 6.083999 12.628906 12.856293 19.439096 11.288440 -12.804563 8.770812 -12.654019 -0.000002 -0.000004 0.000002 -2.042184 16.900753 -9.979081 -16.335886 0.048046 -6.923215 5.100618 -6.936946 18.076340 0.000002 0.000006 0.000001 -11.102718 -0.453789 2.479832 46.559559 -7.307041 -4.077708 -24.539722 -2.541748 5.024359 -0.000001 -0.000002 -0.000001 -34.230856 6.680807 -11.782525 2.232200 -2.026667 26.820988 27.401650 -64.331919 -15.875899 0.000001 -0.000000 -0.000000 
74.348801 99.251282 -1.839941 -13.534073 53.050612 14.669996 3.725978 0.045402 0.004807 4.235557 2.669407 -5.488329 -7.638192 14.244652 8.200671 -8.289587 -12.721082 9.345479 0.000001 0.000000 0.000000 -6.405573 6.689432 12.602829 13.476322 20.494360 12.825225 -14.960073 8.513558 -13.749865 0.000001 0.000001 0.000000 -1.740069 19.079179 -10.736730 -19.990077 2.224426 -5.063503 3.554410 -5.073523 26.533888 -0.000005 0.000002 0.000000 -10.284921 -0.155943 1.752943 47.796233 -7.239497 -4.169930 -25.340920 -2.912745 4.980477 -0.000001 -0.000001 0.000001 -34.514373 6.102546 -10.427937 2.017275 -2.258024 25.401339 21.663606 -67.327217 -21.737977 0.000001 0.000000 -0.000001 
74.762299 98.398621 -1.825501 -13.158613 51.497898 14.448929 3.792796 -0.038117 0.320468 4.940619 2.683258 -5.862895 -8.156836 15.199514 8.547615 -5.773961 -13.124719 9.712789 0.000001 -0.000000 -0.000000 -6.596579 7.294663 12.835912 14.555188 22.070573 15.894373 -12.514604 7.901423 -13.211811 -0.000000 -0.000003 0.000001 -1.531554 20.120399 -11.491552 -23.185034 4.830468 -5.625249 0.149719 -2.919755 36.515253 -0.000004 0.000003 0.000001 -9.212411 0.421332 1.071756 48.984040 -7.088684 -3.437296 -25.891996 -2.609656 5.638152 -0.000000 0.000001 -0.000001 -35.053747 5.314877 -8.976337 3.062107 -2.317372 24.700682 11.859939 -69.371677 -30.837000 -0.000001 0.000000 -0.000000 
75.190750 97.612000 -1.804614 -11.935448 51.397826 14.516512 2.754585 0.164928 -0.618536 5.611388 2.129499 -5.179238 -8.151771 16.010452 8.310879 -4.212943 -13.898217 10.430758 0.000001 0.000004 0.000002 -6.324839 7.660923 13.216583 14.554541 21.687133 17.706296 -13.755895 7.415109 -10.080557 0.000002 -0.000001 -0.000000 -0.971556 20.801167 -12.038797 -25.980368 7.663675 -4.650701 -4.522580 -2.099422 43.511604 -0.000006 -0.000003 -0.000002 -9.282460 0.776237 -0.086434 49.608726 -7.207728 -3.320827 -26.017738 -2.366320 6.013786 0.000000 -0.000001 0.000001 -35.631690 5.468570 -9.118490 3.204121 -2.358395 24.586919 3.608828 -70.974511 -38.884820 0.000000 -0.000000 -0.000001 
75.749184 96.863541 -1.782406 -10.909234 50.571383 13.942621 2.724154 0.001100 0.363211 4.958068 3.267959 -6.786014 -7.693338 15.518019 9.434025 -2.740460 -13.314792 10.445587 0.000001 0.000001 0.000002 -6.188847 7.891880 13.428244 14.373766 21.475935 19.095045 -21.526735 7.507119 -9.475360 -0.000002 0.000002 -0.000002 -0.675147 21.164885 -12.374815 -29.177714 10.009149 -2.523370 -10.083545 -2.742974 49.584025 -0.000003 0.000003 -0.000004 -8.412651 0.953726 -0.784626 49.856843 -7.486083 -2.913001 -25.854190 -2.049419 6.151241 -0.000000 -0.000000 -0.000001 -35.492579 5.028260 -7.895617 3.339303 -1.891893 24.089078 -6.857926 -71.263407 -48.221299 -0.000002 0.000001 -0.000001 
76.403534 96.163773 -1.747155 -9.828607 49.308413 13.177244 2.220825 0.057743 0.226351 5.485257 2.865595 -6.310082 -8.164509 16.453822 9.115557 -0.456479 -12.749080 10.812878 0.000001 -0.000001 0.000000 -6.371171 8.679993 13.765174 13.995851 21.064141 20.585265 -27.238818 7.560164 -9.242197 0.000001 -0.000001 -0.000001 -0.713901 20.481000 -12.251034 -30.882437 10.988666 -0.459577 -16.889938 -4.401906 52.579011 -0.000000 -0.000000 0.000003 -7.629817 1.363309 -1.729750 50.165786 -7.756592 -2.864943 -24.985255 -0.882807 6.916205 -0.000001 -0.000001 -0.000000 -35.352694 4.626721 -7.203356 3.985213 -1.480789 24.653172 -18.733491 -70.586126 -58.572642 -0.000002 0.000001 -0.000000 
77.042915 95.539467 -1.690263 -8.670163 47.979531 12.711242 2.293845 0.041247 0.330985 5.131843 3.689920 -7.397436 -8.234487 16.569911 9.763212 0.358577 -11.326171 10.041646 0.000001 -0.000000 0.000002 -6.378624 9.522559 13.527320 13.671902 20.379278 20.402829 -36.354505 7.980232 -9.979613 0.000001 0.000001 -0.000000 -0.645247 19.931279 -12.629325 -31.149628 11.306693 0.590807 -22.732307 -6.507349 53.649678 -0.000001 0.000003 0.000002 -7.198295 1.459471 -2.755301 50.394932 -8.145628 -3.056012 -24.374510 -0.002102 7.484865 -0.000001 -0.000002 0.000001 -35.570604 4.527875 -6.618788 4.953281 -0.885157 25.143116 -25.058050 -69.390610 -63.589491 -0.000001 -0.000001 -0.000001 
77.732857 94.987274 -1.606152 -6.762671 46.826462 11.656856 1.819285 0.007891 -0.035425 6.077371 3.383971 -6.822904 -8.947003 16.651156 9.582936 0.868412 -10.084539 9.796988 0.000000 -0.000001 0.000002 -5.206309 10.898069 12.306911 14.370762 18.659925 17.833877 -47.151678 7.945111 -10.520448 -0.000000 -0.000006 0.000003 0.034571 18.452306 -12.273288 -30.874890 13.194486 1.177783 -30.173126 -8.595102 50.122346 0.000000 0.000005 -0.000003 -7.501937 1.538759 -4.022491 50.813244 -8.755652 -3.453413 -22.813453 1.340912 8.363944 0.000003 -0.000002 0.000001 -36.503809 4.621396 -5.853767 6.473941 -0.180570 25.205451 -28.225600 -68.435832 -66.243682 0.000000 -0.000001 -0.000000 
78.531853 94.477425 -1.528352 -5.867631 44.960393 9.993769 2.182027 -0.179238 0.407915 6.829070 3.597782 -7.014751 -9.402415 15.486197 9.680667 1.388644 -9.882492 9.848883 -0.000000 -0.000001 0.000001 -4.606945 11.649937 12.499892 17.105391 19.893443 16.765992 -35.756262 7.112501 -12.962178 0.000002 -0.000001 -0.000000 -0.010191 16.445277 -11.155957 -27.889534 12.299065 0.831622 -37.154638 -10.335209 44.777931 -0.000003 0.000003 0.000001 -7.046118 1.446339 -4.544424 51.147629 -9.008521 -3.617747 -20.636761 2.856194 8.962807 -0.000001 0.000002 -0.000003 -36.827909 4.240772 -4.236234 8.264552 0.501663 25.180049 -30.070266 -67.880319 -67.508955 0.000001 0.000002 -0.000001 
79.323921 94.025887 -1.441094 -5.079729 43.199430 9.039054 3.022382 -0.314433 0.802518 6.901163 3.751964 -7.027767 -9.427322 14.525867 9.395047 1.960531 -9.859840 9.442958 0.000000 -0.000001 0.000000 -4.681996 12.212301 13.174129 19.289364 21.221085 16.389563 -25.311708 6.113996 -14.131281 0.000003 -0.000002 -0.000002 -0.295700 15.135614 -10.425791 -25.919026 11.577131 0.491738 -41.629607 -10.923122 39.111521 -0.000004 0.000001 -0.000001 -6.357979 1.190205 -5.149854 50.577021 -8.732690 -4.218298 -19.714829 3.728118 9.574838 0.000002 0.000001 -0.000000 -37.438190 4.228365 -3.436515 9.994143 0.834834 24.838260 -30.547396 -66.727157 -67.437948 -0.000001 -0.000000 0.000001 
80.170616 93.623779 -1.326211 -4.447441 40.751798 8.100378 3.862758 -0.459813 1.211167 7.476893 3.773882 -7.149503 -9.801562 12.800159 9.419253 2.874089 -8.981989 8.451077 0.000001 0.000000 0.000001 -4.777149 11.968670 13.781885 21.908023 23.120892 15.828980 -15.958739 4.294111 -16.767831 -0.000001 -0.000006 -0.000001 -0.400868 14.021421 -9.443782 -23.141482 9.683181 -0.009956 -44.491705 -9.605630 32.433590 -0.000000 0.000004 0.000001 -5.131975 1.414828 -6.052456 49.853875 -8.086634 -4.372785 -18.029976 4.564188 9.623536 0.000003 -0.000001 0.000000 -37.766541 3.503476 -1.782298 13.027662 1.409201 23.946196 -29.340106 -65.048959 -64.833406 0.000001 0.000003 0.000000 
81.047775 93.223526 -1.181396 -3.203082 39.226920 6.040667 3.151804 -0.511837 1.521654 8.536689 2.431557 -5.295308 -10.596436 10.182618 7.044352 3.965879 -7.740070 6.923991 -0.000001 0.000000 0.000001 -4.210544 10.324698 11.022731 24.263417 24.286059 11.843056 -15.911528 4.102402 -17.381042 -0.000002 0.000002 -0.000003 -1.112607 11.616117 -7.080644 -19.122359 6.109753 0.582560 -44.283583 -8.414796 27.420578 -0.000002 0.000001 0.000001 -4.919567 1.395740 -5.756806 49.595206 -7.967094 -5.359853 -16.759061 5.362707 9.879781 0.000001 0.000004 -0.000001 -38.793060 2.815974 -0.036005 15.749274 1.873629 23.623980 -29.703704 -63.281088 -63.932230 0.000000 -0.000003 -0.000001 
81.917526 92.842186 -1.022325 -2.102342 36.975902 4.189835 2.663571 -0.659534 2.395897 8.993238 1.774138 -4.303401 -10.781007 8.624002 5.672468 4.518288 -6.172139 5.329955 0.000000 0.000000 -0.000000 -3.860259 9.448502 9.703302 24.575914 23.960609 9.579555 -13.974091 3.546223 -19.805370 -0.000003 -0.000003 -0.000000 -1.566700 9.268773 -6.579318 -16.799827 4.530201 0.118910 -43.870530 -6.791463 19.574742 -0.000002 0.000001 0.000002 -4.938734 1.342783 -5.818067 48.798372 -8.124974 -7.020595 -15.562962 7.746826 11.503597 0.000003 0.000002 -0.000002 -40.099180 2.273886 1.576202 18.338894 2.522925 23.319138 -28.675047 -61.348561 -61.697242 0.000000 -0.000001 -0.000001 
82.890610 92.470985 -0.856195 -2.348387 34.467682 2.129139 2.485404 -0.845625 3.346549 8.360287 1.007316 -3.051361 -9.780275 6.608770 4.336431 5.506921 -4.924145 3.894794 0.000001 0.000000 -0.000001 -3.765900 9.209758 8.807352 23.899230 22.795584 7.323419 -10.379616 3.007465 -18.335744 -0.000003 -0.000001 -0.000001 -1.827635 7.940880 -5.288345 -15.284276 3.870529 -0.686703 -40.726164 -4.786774 10.656928 0.000001 0.000000 0.000001 -3.328724 1.238942 -5.410697 47.714219 -7.897468 -7.674950 -14.655735 9.251985 12.321751 0.000004 0.000001 -0.000001 -40.343557 1.388624 3.672541 21.383640 3.149126 23.362862 -27.103632 -59.167306 -58.598884 0.000001 0.000000 -0.000000 
83.971138 92.097641 -0.677955 -2.536580 31.325512 1.049471 2.789017 -1.042022 4.209956 8.025493 0.929501 -2.776922 -8.870003 4.592339 3.619050 5.553001 -3.155049 2.472969 -0.000001 -0.000000 -0.000000 -3.170325 8.096680 8.282760 21.571418 20.338802 5.281266 -6.347497 2.782600 -14.666276 -0.000000 0.000000 -0.000001 -1.525666 7.673735 -4.669855 -16.190446 5.000653 -0.610523 -34.683035 -3.540416 0.768681 -0.000001 0.000002 0.000000 -1.413467 1.166902 -6.178346 46.454275 -7.568735 -8.279282 -12.435600 10.328752 12.352885 -0.000001 0.000004 -0.000003 -40.219176 0.687454 5.380525 24.920348 4.069720 23.186722 -26.573467 -56.742879 -56.283033 0.000000 0.000001 -0.000003 
85.086891 91.740135 -0.523635 -2.872640 28.716147 1.023529 3.157805 -1.057043 4.377659 8.183946 0.841045 -2.717758 -8.397666 3.039926 3.048881 5.657756 -1.821476 1.329245 0.000000 -0.000000 0.000001 -2.922098 5.756755 8.375363 20.226762 19.251283 2.694797 -4.159287 3.255809 -11.721049 -0.000001 -0.000002 -0.000002 -1.563920 8.474434 -4.709338 -16.429219 4.549939 -0.199026 -27.948571 -3.644284 -6.190824 0.000002 -0.000004 0.000004 0.257868 1.325024 -7.295636 45.403932 -7.284767 -8.794304 -9.985136 11.185129 11.895194 0.000004 0.000001 -0.000005 -39.798310 0.175803 6.294486 27.870628 4.742667 22.290061 -25.035150 -54.963437 -53.445827 0.000000 -0.000001 -0.000001 
86.341606 91.435310 -0.397196 -3.765914 26.741120 1.742662 4.123461 -0.878754 3.221863 6.979823 0.725583 -2.371971 -7.445609 -0.196287 2.239938 5.987388 -0.486907 0.162006 0.000000 0.000001 0.000000 -2.538533 3.528449 7.993618 17.328166 17.257941 -1.327220 -3.106078 4.998328 -8.159260 -0.000000 -0.000005 0.000001 -1.671683 8.455559 -4.293637 -15.253949 3.047604 -0.477611 -19.134688 -5.626703 -10.983728 0.000003 -0.000005 0.000005 2.094736 1.289255 -7.870495 45.628068 -7.568846 -9.173799 -5.432907 9.853138 8.831100 -0.000000 0.000000 -0.000000 -37.038156 -0.193304 6.966485 28.715116 4.940806 20.698965 -25.668739 -52.793035 -52.296057 0.000000 0.000000 -0.000001 
87.728035 91.156738 -0.253128 -3.470385 23.188687 2.033379 2.432973 -0.621841 2.522821 6.894077 0.386426 -2.028228 -6.828890 -2.432930 1.245649 6.844914 1.130657 -1.926558 0.000000 0.000001 -0.000000 -2.753976 2.785041 7.028703 15.820069 16.955263 -2.571751 -0.652179 6.476081 -3.179484 -0.000003 -0.000001 -0.000000 -2.369784 5.963334 -3.591070 -10.702883 -1.111645 -0.707622 -10.721523 -7.296554 -14.091513 -0.000003 0.000003 0.000003 3.069398 1.562770 -8.077552 44.498348 -7.406828 -11.419601 1.655096 7.074795 3.839864 0.000000 -0.000002 0.000002 -33.255122 -0.911626 8.070191 27.849173 4.203119 17.240026 -23.863161 -49.163377 -47.999018 -0.000001 0.000002 -0.000002 
89.038910 90.939888 -0.088770 -3.824664 19.321958 2.324750 2.044371 -0.437324 1.868470 7.060900 0.270118 -1.925735 -6.702851 -2.909890 0.857072 7.402914 1.820872 -3.468185 0.000003 0.000001 -0.000000 -2.499292 2.986805 5.831738 13.444468 15.422871 -2.234266 0.415264 6.821122 -0.372026 -0.000000 -0.000001 0.000000 -2.541953 3.492200 -2.670518 -7.152458 -3.305883 -1.171818 -4.275507 -8.483811 -16.898513 -0.000004 0.000004 -0.000001 3.443462 1.551298 -7.760612 43.157862 -7.535112 -14.588497 9.336935 4.515266 -0.476318 0.000002 0.000000 0.000001 -29.835045 -1.194756 8.833528 27.662201 3.842896 15.314367 -23.016208 -45.636602 -44.942395 0.000001 0.000000 -0.000002 
90.283600 90.825516 0.111602 -3.724960 15.565651 1.821303 2.299778 -0.451094 1.864864 6.600136 0.182729 -1.726887 -6.942286 -4.019232 0.538060 7.393312 3.080737 -4.783869 0.000001 0.000000 0.000000 -1.975541 3.539815 3.554846 9.704422 13.218151 1.158574 1.487941 7.291888 1.509934 0.000001 -0.000007 0.000000 -2.598907 0.577579 -1.728626 -3.098923 -5.813408 -4.564247 0.359367 -9.839313 -19.292604 0.000000 -0.000001 0.000002 0.935519 1.367081 -4.683009 43.981391 -8.987655 -19.283960 17.721074 0.021590 -5.461452 -0.000002 -0.000001 0.000001 -26.628184 -1.493775 9.704929 26.929908 4.123324 14.606935 -23.066411 -42.122374 -42.443670 -0.000001 0.000001 0.000001 
91.496742 90.750832 0.347792 -3.401982 10.401122 1.863446 2.492046 -0.483198 1.903440 6.600131 -0.015280 -1.248312 -7.270202 -4.819373 -0.704681 6.448420 5.354455 -6.493007 0.000001 -0.000000 -0.000000 -2.098521 5.332730 2.358188 8.850540 13.586804 7.734550 4.306445 8.807094 1.538807 -0.000001 0.000002 -0.000000 -3.088526 -2.234728 -3.179825 -0.753543 -8.060642 -9.363186 1.473210 -11.065788 -19.216563 0.000001 0.000002 -0.000002 -2.857141 0.787234 -1.989834 44.837067 -10.830441 -26.015559 24.625069 -2.753498 -8.616390 0.000001 -0.000005 0.000003 -24.505436 -1.191438 9.287179 26.916640 4.943603 14.201074 -24.568062 -38.690942 -40.404530 -0.000002 -0.000000 -0.000000 
92.571854 90.690514 0.614807 -3.223074 6.429959 1.954163 2.345301 -0.481582 1.940976 6.983295 -0.198698 -1.067282 -8.035445 -5.017720 -1.425182 5.840842 7.082332 -7.887703 0.000000 -0.000001 0.000000 -2.368500 5.318697 2.892244 8.574623 15.099672 12.846414 4.871235 9.631898 -1.014220 -0.000000 -0.000003 0.000001 -3.757379 -3.081372 -5.320748 -0.149026 -10.030962 -14.082968 1.053611 -11.633557 -16.925709 -0.000002 0.000006 -0.000000 -5.828979 0.443576 0.264212 46.626689 -12.772901 -30.796210 28.254660 -4.123199 -10.233688 -0.000004 -0.000001 -0.000001 -23.076320 -1.204687 8.839907 27.159474 5.346776 13.858941 -24.870763 -35.585361 -37.897240 -0.000001 0.000003 0.000000 
93.511513 90.725815 0.926131 -2.980551 1.349247 2.739804 3.337205 -0.381502 1.443593 5.896494 -0.035695 -1.493313 -8.015090 -4.686915 -1.962083 5.653731 8.863308 -9.660375 0.000000 0.000000 -0.000000 -3.123089 4.671123 5.060331 7.531617 16.856886 19.517894 3.592766 10.885673 -3.179451 -0.000002 -0.000002 0.000001 -4.671793 -2.144614 -9.182254 -2.110277 -10.343986 -20.778716 -0.537003 -11.445707 -12.897203 0.000000 0.000004 -0.000002 -9.517549 -0.039025 3.324036 51.323168 -16.018890 -35.000959 28.299499 -6.852207 -11.675729 -0.000002 -0.000003 -0.000001 -20.688804 -1.294600 7.867972 26.649091 5.398468 12.431959 -23.704366 -31.320936 -33.310006 -0.000001 0.000004 -0.000001 
94.320007 90.967415 1.277576 -3.084165 -4.070608 4.148541 4.237112 -0.217447 0.304440 5.386589 0.673986 -2.596831 -8.181232 -3.530721 -1.948355 5.504549 10.726464 -11.187572 0.000000 0.000000 -0.000001 -2.890551 2.667416 8.889793 3.601364 14.264743 25.753023 -1.478061 10.753177 -2.463945 -0.000002 0.000000 -0.000002 -4.821721 0.019625 -14.203323 -4.663551 -8.463232 -27.666762 0.002382 -11.387945 -10.427502 -0.000002 0.000004 0.000001 -13.105071 -0.946685 6.325556 59.218375 -19.631456 -34.197507 22.168677 -3.505145 -9.272562 -0.000002 -0.000001 -0.000002 -18.036713 -0.942579 5.714454 24.545263 5.217156 11.286471 -21.060325 -28.493654 -28.956006 0.000000 -0.000000 -0.000001 
95.057777 91.356293 1.622130 -2.415258 -8.202575 5.702346 5.451285 -0.004763 -0.956297 4.512350 1.366408 -3.622588 -7.884086 -2.958225 -1.613376 5.172205 12.231522 -12.521787 0.000000 0.000000 -0.000000 -3.015260 1.074093 12.011340 -0.508641 10.656148 30.830227 -5.185399 10.948085 -1.153144 -0.000004 -0.000004 0.000003 -4.747954 2.550900 -18.695421 -7.263169 -6.243493 -33.172204 1.533320 -11.302635 -7.864912 -0.000003 0.000001 -0.000002 -17.273057 -1.783652 8.391099 65.609308 -22.206560 -32.833071 17.989917 0.573544 -6.576650 -0.000000 -0.000001 -0.000001 -15.873937 -0.657897 3.499394 21.218743 4.980279 11.001678 -18.597710 -26.623516 -25.550947 -0.000001 0.000001 -0.000001 
95.656876 92.101997 1.969911 -2.573075 -13.112592 7.262236 7.465522 0.293717 -3.306561 2.864745 2.323851 -5.179708 -6.719021 -1.586216 -0.377248 5.693551 13.343080 -14.306157 0.000002 0.000000 0.000000 -3.803328 -0.394342 16.475946 -3.716560 8.318384 37.825700 -7.248861 11.351535 -1.046740 0.000003 0.000002 -0.000003 -5.254304 5.177246 -24.016263 -9.927204 -5.003413 -39.642292 4.330936 -11.457343 -4.814851 0.000002 0.000004 -0.000000 -20.684651 -2.679917 10.564430 71.491781 -24.869555 -33.200658 15.333396 4.889609 -3.957682 -0.000002 0.000000 -0.000000 -10.572148 -0.811031 1.331661 15.811393 3.980370 10.112518 -14.084498 -24.337786 -21.074219 0.000001 0.000000 -0.000001 
96.118210 93.271751 2.313638 -2.986735 -17.115769 9.318157 7.252835 0.814506 -6.040282 1.922719 3.760032 -7.329433 -5.818605 -0.746224 1.019903 8.241953 14.236798 -16.042427 0.000000 0.000000 0.000002 -3.909633 -2.237668 21.070787 -5.860384 5.509180 46.387332 -5.070113 10.644068 -2.069992 -0.000004 0.000000 -0.000001 -5.140026 7.360768 -30.139077 -11.971649 -3.133897 -45.933070 8.177411 -10.864888 -3.131388 -0.000003 0.000000 -0.000000 -24.877195 -3.379103 11.672024 76.915122 -27.779482 -34.190226 13.461144 6.873590 -2.663434 -0.000001 -0.000002 0.000001 -3.132830 -1.419372 -0.859487 8.072314 2.849138 7.885079 -6.934930 -20.085980 -14.050700 0.000002 -0.000001 -0.000000 
96.462708 94.605865 2.658525 -3.230555 -20.018957 10.976843 6.365250 1.333978 -8.026481 1.915634 5.117370 -9.299781 -5.348078 -0.276446 2.206582 10.241436 14.982061 -17.366278 0.000000 0.000001 0.000001 -4.408177 -2.459969 24.677139 -7.093259 3.636236 54.086369 -0.018269 11.104061 -3.345151 -0.000005 -0.000001 -0.000000 -5.095657 8.983642 -35.023496 -13.439868 -1.580439 -50.503921 10.672635 -11.438299 -2.540453 -0.000003 -0.000002 0.000003 -26.087969 -3.548797 12.074823 81.295855 -30.247281 -35.045865 14.055577 7.083500 -2.673683 0.000002 -0.000003 -0.000000 1.285771 -2.047247 -2.626919 3.401434 2.297616 5.859932 -0.295380 -14.647149 -7.564158 0.000001 0.000002 0.000001 
96.842484 96.357117 2.924302 -4.093466 -21.452350 11.928535 5.857935 1.690408 -8.909368 -0.124294 6.450655 -10.645671 -2.905225 0.232296 2.970829 10.310193 15.873506 -19.297332 0.000000 0.000000 0.000002 -6.785983 -2.539522 27.551689 -8.535951 1.741666 62.704197 8.711660 14.029542 -1.518364 -0.000001 -0.000001 -0.000001 -5.696646 11.306082 -39.826194 -15.623889 0.704637 -55.655537 14.792583 -13.685022 -2.935413 -0.000001 0.000004 -0.000001 -28.479297 -3.993476 11.378665 85.405409 -30.945777 -33.442785 13.511944 5.867933 -3.065270 -0.000000 -0.000001 0.000000 5.107302 -2.315616 -4.058151 -0.308525 2.152582 3.431647 3.319949 -11.574007 -4.206495 -0.000003 -0.000000 -0.000001 
97.085197 98.333565 3.191245 -2.809465 -23.921778 13.672879 3.773707 2.317132 -9.936160 -1.087773 7.642271 -11.928489 -2.088495 0.733845 3.148820 9.869827 17.189843 -20.423958 0.000000 -0.000001 -0.000001 -7.954656 -3.309529 30.335097 -10.525842 -3.251594 70.736922 14.687743 16.647073 -1.407080 0.000001 -0.000004 0.000002 -5.968925 13.031513 -44.771272 -17.606331 3.747559 -60.559517 15.413148 -16.297205 -3.524857 -0.000001 0.000000 0.000001 -32.770643 -4.264920 9.629743 97.625089 -30.582575 -23.928664 15.438541 2.835184 -5.205433 0.000001 0.000000 0.000000 5.451810 -2.119729 -5.366305 -4.988167 2.427961 1.300448 6.574601 -11.238380 -2.467442 -0.000003 0.000003 -0.000002 
97.306091 100.242210 3.434823 -1.813355 -25.926896 14.620116 2.183458 2.680682 -10.363404 -1.203524 8.313792 -12.906758 -2.354934 1.506535 3.749604 9.108519 18.381099 -20.930080 0.000000 0.000000 0.000001 -8.761992 -2.910849 32.836476 -10.728872 -5.763633 77.725627 17.671726 18.612534 -0.048144 -0.000003 -0.000003 -0.000000 -5.582011 14.618811 -48.354618 -18.898896 7.380304 -64.229562 15.280515 -17.630559 -4.857053 -0.000002 0.000002 0.000000 -37.164002 -4.332530 8.375367 106.587971 -28.674872 -16.204521 18.772654 2.777656 -6.274570 -0.000000 -0.000001 -0.000001 5.255435 -2.028642 -5.697014 -7.414481 2.764249 0.024566 7.997262 -12.717759 -2.485160 -0.000001 0.000007 0.000000 
97.395523 102.148338 3.686616 -1.610045 -28.115815 15.786794 1.591948 2.979825 -10.969678 -1.876332 8.938587 -13.600215 -2.298731 2.695920 3.961620 7.709775 18.496676 -21.517565 0.000000 -0.000000 -0.000000 -9.742040 -3.060847 34.750411 -11.258425 -8.847928 84.285149 17.638678 21.257888 3.619952 -0.000002 -0.000003 0.000001 -5.580579 16.118302 -51.656396 -21.468287 12.491251 -67.290969 14.975946 -20.456917 -8.174263 -0.000003 0.000002 -0.000001 -42.444814 -4.053234 6.306842 110.129021 -30.904687 -17.163574 21.323996 7.942122 -4.748087 -0.000000 -0.000001 0.000000 4.966015 -1.730486 -6.662818 -7.147446 3.317112 -1.368959 6.260040 -11.036135 -2.112832 0.000004 0.000003 -0.000001 
97.417976 103.901917 3.931684 -1.628381 -30.276084 16.842046 0.995817 3.217810 -11.444391 -3.785863 9.606163 -13.690210 -0.950082 4.010292 4.284640 6.353984 19.148198 -22.791182 0.000001 -0.000000 0.000001 -11.306567 -3.385959 35.839847 -12.298459 -13.477896 88.925477 17.083787 25.115688 7.757888 -0.000000 -0.000002 -0.000003 -5.746159 17.472266 -54.274746 -24.873191 18.679324 -68.453822 13.075743 -24.076994 -12.255046 -0.000000 0.000004 -0.000001 -47.157696 -3.320069 3.101081 112.131482 -31.980295 -17.637036 21.636113 10.166148 -4.014160 0.000000 -0.000000 -0.000002 5.987368 -1.292883 -7.510794 -6.241555 4.535292 -3.688716 2.602227 -9.118317 -1.377937 -0.000001 0.000000 -0.000002 
97.357079 105.355125 4.202880 -0.887677 -32.590866 17.630033 0.314028 3.432626 -11.636856 -4.647716 10.159391 -14.035887 -0.530613 4.693692 4.803386 5.623251 19.899722 -22.876759 0.000001 0.000000 0.000002 -11.228109 -3.702869 37.284787 -12.304017 -17.113474 91.125426 15.574541 26.743292 12.247690 -0.000004 0.000002 -0.000001 -4.891808 18.326577 -56.575273 -25.497499 22.829402 -70.548860 12.382744 -25.916833 -17.443965 -0.000001 0.000004 -0.000001 -51.115736 -2.274981 0.866367 115.208735 -30.334076 -14.080493 22.184270 10.103792 -4.258656 -0.000000 -0.000002 -0.000002 5.280051 -1.017638 -7.897778 -6.453689 5.258166 -4.260481 1.945217 -8.519555 -0.892296 -0.000001 0.000002 -0.000002 
97.222000 106.431206 4.506757 -1.470592 -36.253872 17.444120 -0.263599 3.486077 -10.882571 -5.795293 11.205608 -14.939318 -0.003658 6.375112 6.391558 5.121388 20.094271 -23.592375 -0.000001 0.000000 0.000000 -11.334563 -5.428118 38.611070 -14.379775 -21.504308 89.715955 11.829336 28.587270 16.503661 0.000001 -0.000004 0.000002 -3.979395 20.214920 -58.353448 -28.381787 27.539562 -69.592893 8.688729 -27.047397 -20.941966 -0.000003 0.000002 0.000001 -53.276316 -1.138806 -1.158980 117.892562 -29.037016 -11.569183 22.201656 6.934609 -5.852870 0.000001 -0.000001 0.000001 6.439312 -1.107607 -8.900172 -5.521516 5.382684 -3.804306 -0.348466 -9.385459 -1.899794 -0.000001 0.000005 -0.000001 
97.118019 107.128006 4.770766 0.705802 -37.899012 17.991072 -0.507895 3.390594 -10.410638 -7.243464 11.605405 -14.842525 0.855849 6.370397 6.481458 2.976582 20.500997 -23.346101 0.000000 0.000000 -0.000002 -12.052672 -5.197551 40.222745 -16.187707 -23.534940 89.457774 6.988623 30.820928 20.863848 0.000002 -0.000001 -0.000000 -4.448948 20.299179 -60.299936 -29.736465 29.222947 -71.185925 4.379514 -29.702727 -25.459530 -0.000002 0.000006 -0.000000 -56.718953 -0.620805 -2.714050 114.724638 -25.720008 -9.414620 21.034485 8.072623 -5.006682 -0.000000 0.000000 0.000000 4.213171 -0.516101 -7.661697 -0.089160 5.742405 -4.052139 -3.827588 -10.295107 -3.146607 -0.000003 0.000002 0.000000 
96.936348 107.595428 5.050223 2.021133 -39.303695 17.989229 -1.262077 3.372344 -9.544030 -7.240849 12.206719 -15.599927 0.506301 7.004984 7.321059 1.791454 20.736700 -22.964288 0.000000 0.000000 -0.000001 -11.847322 -5.243631 40.584052 -15.825185 -23.785376 90.544410 2.934433 30.884336 24.405630 0.000002 0.000001 -0.000001 -4.884198 19.689301 -61.309089 -29.701826 30.324920 -72.397273 0.942790 -29.783627 -29.187048 -0.000000 0.000004 -0.000000 -59.632749 -0.034883 -3.579169 112.332208 -23.436326 -7.327099 17.392947 6.119379 -4.940695 -0.000001 -0.000003 0.000004 2.404426 -0.226365 -6.016834 2.025323 6.127127 -4.194401 -6.649926 -11.106706 -4.533325 -0.000001 -0.000001 -0.000000 
96.626595 107.746895 5.341960 4.090187 -41.474842 18.201500 -2.018182 3.471257 -9.217380 -7.622666 11.948144 -15.733954 -0.343805 8.093413 7.914626 0.355508 20.833885 -22.316388 0.000000 0.000000 -0.000000 -12.662697 -4.500652 41.395478 -17.737692 -23.945450 89.266468 -2.974351 30.815853 27.598156 -0.000001 -0.000004 0.000002 -6.045752 19.454264 -61.793008 -30.825842 29.340382 -72.757415 -4.360049 -29.233981 -31.789924 0.000002 0.000006 -0.000000 -61.936422 1.785170 -5.269388 107.948893 -19.015742 -3.158565 11.319022 7.154310 -2.937864 -0.000001 -0.000004 0.000003 4.052407 -0.922417 -3.852146 0.673279 6.105429 -3.674544 -5.303396 -10.600875 -3.322321 0.000002 0.000002 -0.000001 
96.137238 107.607758 5.682324 6.492492 -44.089943 18.630685 -2.757814 3.554251 -8.776837 -9.231096 12.114756 -15.375268 0.559179 9.446824 8.180553 -1.243825 21.071830 -21.999208 -0.000001 0.000000 0.000001 -13.411880 -3.629031 41.163829 -17.866894 -22.911209 89.436109 -5.890842 30.940822 30.964663 -0.000003 0.000001 -0.000001 -6.893180 18.641734 -62.379332 -30.620677 28.193576 -73.355822 -7.625001 -28.587755 -34.894180 0.000001 0.000004 -0.000000 -62.897928 2.976987 -6.410824 101.702432 -17.656459 -2.892766 8.040103 8.841149 -0.995403 -0.000005 -0.000002 -0.000000 5.601701 -1.270925 -2.615911 -3.581145 6.387067 -5.253674 -2.832956 -8.403673 -0.914863 0.000002 0.000004 0.000001 
95.626793 107.370522 6.018209 7.358181 -45.825037 18.576930 -3.490236 3.565187 -8.335961 -9.263119 12.225613 -15.661308 0.172193 10.248649 8.741403 -1.723361 21.187757 -21.631443 0.000001 -0.000000 -0.000000 -13.296847 -3.599016 40.696398 -18.210761 -22.295314 88.417031 -8.210461 30.502556 32.258820 -0.000002 -0.000006 0.000002 -7.252530 18.371723 -62.363138 -31.312251 28.034047 -71.772167 -10.034815 -27.984164 -37.365253 -0.000003 0.000003 0.000003 -61.726366 4.177192 -7.905147 95.602752 -15.185848 -0.386467 5.229660 7.958424 -0.788317 -0.000003 -0.000001 -0.000002 6.451910 -1.393056 -0.815052 -5.773001 6.970169 -6.906027 -1.492238 -7.438130 0.291598 0.000002 0.000003 0.000001 
94.960800 106.951004 6.383512 8.247513 -48.060920 18.418421 -4.482292 3.559181 -7.594623 -9.845808 12.207591 -15.325068 -0.014485 11.236284 9.124177 -2.049648 21.327657 -20.964455 0.000001 -0.000001 0.000001 -12.740116 -2.325849 40.026357 -16.424305 -20.819865 87.506116 -7.491918 29.328101 34.789596 -0.000005 -0.000005 0.000002 -7.096357 16.966408 -62.353364 -29.359414 28.309869 -71.067913 -10.250365 -25.726720 -39.746964 -0.000003 0.000004 0.000001 -60.298174 4.423648 -8.272745 86.751332 -14.407943 -1.123161 4.391697 4.699122 -2.203714 -0.000002 0.000001 -0.000000 9.261354 -1.678421 0.036023 -6.329008 6.191743 -5.398263 0.561370 -7.567510 0.090682 -0.000003 0.000005 -0.000001 
94.204323 106.411232 6.730487 9.269241 -49.388627 18.900057 -5.169928 3.672102 -7.213374 -9.468961 12.072052 -15.661354 -0.693936 11.210897 9.036789 -1.881487 20.363943 -20.543875 0.000000 -0.000001 -0.000000 -13.348205 -1.576063 39.043943 -18.042921 -18.668560 85.633954 -8.859055 30.095692 33.543534 -0.000001 -0.000003 0.000000 -7.901860 16.849279 -61.526242 -31.372022 26.871083 -68.392665 -12.584607 -25.007407 -37.050085 -0.000001 0.000004 0.000000 -57.137206 5.648159 -9.860508 76.981771 -13.190680 -1.144176 3.795735 1.458020 -4.342414 0.000003 -0.000001 0.000000 11.405669 -2.116566 0.871245 -7.687302 6.063521 -5.038314 1.991415 -9.058459 -0.552636 -0.000001 -0.000001 0.000000 
93.431572 105.835403 7.070146 9.723361 -50.360580 19.155467 -5.573858 3.717662 -6.870238 -9.156885 11.780915 -15.699133 -0.949309 10.908137 8.680356 -2.063097 20.200851 -20.360072 0.000001 0.000000 -0.000000 -13.948015 -1.044900 38.397018 -19.401111 -16.714129 83.839233 -10.219034 30.474006 32.148987 0.000001 -0.000005 0.000000 -9.047782 16.226607 -60.912235 -31.677953 24.173291 -68.605043 -14.294548 -24.437797 -33.334352 0.000001 0.000004 -0.000001 -54.726143 6.412830 -10.921695 68.324431 -12.479032 -1.712656 3.741563 -0.184250 -5.677829 -0.000000 -0.000004 0.000001 13.095297 -2.435993 1.475803 -8.944333 6.148686 -4.556650 3.049274 -11.434876 -1.486256 0.000001 -0.000001 -0.000001 
92.498985 105.136749 7.401563 10.855446 -52.128687 19.222700 -6.469001 3.488755 -5.955778 -8.929411 11.841205 -15.605968 -1.357764 11.434807 8.861122 -0.812271 19.656183 -19.486093 0.000001 -0.000000 0.000001 -13.128469 0.428603 37.099303 -17.691143 -14.082680 82.181567 -10.838049 28.333607 28.552086 -0.000000 -0.000005 0.000001 -9.113656 14.457697 -60.182873 -29.071891 22.631159 -69.083969 -16.651945 -22.025591 -30.629307 -0.000004 0.000004 -0.000000 -52.431148 6.260567 -11.207740 59.081198 -12.143942 -3.408454 3.904794 -1.483263 -6.458666 -0.000001 -0.000003 -0.000001 14.641608 -2.382756 2.238437 -9.333547 5.935365 -3.252675 7.757342 -11.567514 -0.082338 0.000000 -0.000002 -0.000001 
91.341515 104.354729 7.741117 12.754487 -53.190276 20.220461 -6.790840 3.513050 -5.815353 -10.293721 11.624352 -14.884516 -0.216655 12.065587 8.398425 -1.929434 19.177879 -19.253081 0.000001 -0.000001 0.000001 -13.023960 1.462951 35.304415 -17.499643 -11.174898 78.893883 -12.077694 26.978498 23.554146 0.000001 -0.000005 0.000001 -10.153362 12.833710 -59.243661 -27.627762 19.983272 -68.352367 -17.783774 -21.495459 -30.435524 -0.000001 -0.000001 0.000003 -50.849420 6.535642 -11.951569 52.483262 -11.159189 -2.721976 2.956621 -2.713554 -6.795345 0.000003 -0.000005 0.000001 16.074819 -2.547164 1.891822 -8.604126 5.132982 -2.046660 7.495746 -12.526798 -1.582830 0.000000 0.000003 0.000000 
90.102356 103.582565 8.083911 13.145206 -54.140557 19.977613 -6.892338 3.301822 -5.564900 -9.265474 11.674344 -15.182553 -1.363869 11.805832 8.661752 -1.760842 18.717196 -18.213444 0.000001 -0.000000 -0.000003 -11.892596 2.528441 33.949804 -15.373154 -8.676406 76.681830 -12.272357 24.718986 22.365197 0.000003 -0.000002 -0.000003 -9.838651 11.465444 -58.294879 -25.276295 19.248954 -67.754274 -17.317636 -19.962538 -31.166037 -0.000002 0.000002 -0.000000 -49.083508 6.462885 -12.221120 47.486088 -10.944248 -2.834349 2.045981 -2.951389 -6.697039 0.000001 -0.000002 -0.000003 16.847310 -2.439714 2.127810 -7.366867 4.925565 -0.891151 11.472982 -12.297739 -0.391160 0.000003 0.000001 -0.000003 
88.540604 102.782761 8.446715 13.830955 -56.132725 19.370538 -6.821051 3.127166 -5.167554 -9.214582 10.985458 -14.425394 -1.942795 12.133843 8.230919 -2.258576 18.968426 -17.240620 0.000000 0.000000 0.000001 -10.652570 3.072228 31.483771 -14.390266 -6.438969 72.208616 -12.052731 23.433740 21.954132 -0.000000 0.000000 -0.000002 -10.308584 9.366423 -56.615540 -23.519229 16.711093 -65.728509 -19.714783 -18.192837 -30.432184 -0.000001 0.000000 -0.000000 -46.204454 5.694198 -11.338324 44.769896 -11.026348 -2.655771 -0.241090 -2.184938 -5.575054 0.000001 0.000002 0.000002 17.007501 -2.438050 1.977572 -3.710094 5.072399 0.826218 15.908433 -12.904896 0.659729 -0.000002 -0.000002 -0.000003 
86.684158 101.976151 8.809148 12.982477 -58.231317 17.885837 -5.853889 3.004954 -5.171861 -8.729536 10.113151 -13.432421 -2.737649 11.799375 7.064481 -2.665767 19.440715 -16.434434 0.000002 -0.000001 -0.000002 -9.377575 2.691289 28.747095 -13.746201 -3.833307 66.275088 -11.082125 23.431626 24.621941 -0.000000 -0.000002 -0.000002 -10.435649 7.734773 -54.721010 -22.907039 14.397281 -62.006930 -22.640720 -16.457594 -28.830505 -0.000002 0.000000 -0.000000 -41.849443 4.646645 -10.321869 41.537990 -10.809653 -2.750017 -3.376969 -1.374698 -4.101856 -0.000001 -0.000004 -0.000000 15.478341 -2.374845 0.431225 1.874999 5.324434 5.041603 21.025380 -15.454751 1.413181 -0.000003 -0.000000 -0.000000 
84.776085 101.212189 9.174064 12.302656 -59.980447 16.497735 -4.754065 2.941489 -5.403499 -7.815104 9.465326 -13.032777 -3.789168 10.716306 6.301090 -3.342769 19.575549 -16.052051 -0.000000 -0.000003 0.000001 -8.697211 2.283142 26.792662 -13.599639 -1.448044 61.816586 -9.912061 24.237877 25.854733 -0.000003 -0.000000 -0.000003 -10.877257 6.526703 -52.148990 -22.824278 11.896559 -59.297790 -26.307560 -15.452142 -26.453983 -0.000004 0.000001 0.000003 -38.514211 3.827678 -9.195314 39.488261 -10.542706 -1.820868 -5.843361 -1.508537 -3.590347 -0.000001 -0.000005 0.000000 12.644897 -2.221236 -0.739826 8.388308 6.186674 8.250371 24.549390 -18.076412 1.624285 -0.000003 0.000000 -0.000003 
82.613037 100.447952 9.564843 9.585937 -62.258895 12.995603 -2.000544 2.639315 -5.581272 -8.069706 8.280894 -11.294754 -3.566545 9.464918 4.456967 -3.869663 19.315922 -15.883540 0.000001 0.000000 0.000001 -8.868992 2.675807 24.664740 -12.238506 1.577370 56.907736 -10.195093 24.197680 27.100714 0.000002 -0.000004 -0.000002 -11.708767 4.766683 -48.922794 -21.663224 8.535407 -55.851529 -31.350227 -13.767437 -24.594797 0.000002 0.000006 0.000005 -34.955033 2.623519 -7.570396 39.947768 -10.587776 -0.296951 -9.118786 -3.020832 -3.892605 0.000000 -0.000001 -0.000000 6.959270 -1.463622 -3.235098 18.008122 7.965154 14.208215 26.192397 -22.799405 0.426393 -0.000001 0.000000 -0.000001 
80.275467 99.688805 9.971860 6.267514 -63.309611 9.327487 0.661936 2.224313 -5.316414 -7.834948 7.380424 -10.299974 -3.550672 7.922948 2.851113 -3.910728 18.336288 -15.240777 0.000000 0.000000 0.000003 -8.945675 3.510914 21.274550 -10.988518 4.765412 52.684289 -12.209947 23.806829 27.005310 0.000002 -0.000006 -0.000003 -12.268048 3.213965 -45.307551 -20.281818 4.828698 -52.843094 -35.995346 -12.412274 -21.848616 -0.000001 0.000002 -0.000000 -30.931034 1.826489 -5.912004 39.401473 -10.782847 -1.148722 -12.487491 -2.839217 -2.806696 -0.000000 -0.000001 -0.000001 -0.130614 -0.413958 -6.201895 29.164730 10.782458 17.044925 24.355768 -23.333273 -0.480947 0.000001 0.000000 -0.000001 
77.980423 98.956490 10.371469 3.401488 -63.183252 6.438507 2.571139 1.801024 -4.935447 -7.377937 6.766213 -9.554105 -3.608013 6.461273 1.642325 -3.341199 17.812418 -15.283139 0.000000 0.000004 0.000001 -8.381625 4.327312 18.694588 -10.014653 6.507943 48.695287 -13.101187 23.560268 27.858151 -0.000003 -0.000004 0.000002 -11.829118 2.355075 -43.026189 -18.410655 1.945125 -50.332200 -40.656407 -11.311341 -19.760263 -0.000000 0.000005 -0.000003 -28.036311 1.482927 -5.274795 40.956881 -11.239158 -1.657965 -14.873965 -2.452466 -1.622083 -0.000001 -0.000001 -0.000002 -5.892151 0.758525 -8.311434 38.506790 13.152053 17.479059 19.629106 -24.113576 -3.000943 0.000000 -0.000000 0.000002 
75.478760 98.224098 10.803380 0.010143 -62.725753 2.856270 5.584726 1.379475 -4.676445 -6.333290 6.158010 -8.869885 -4.471434 3.611079 0.294612 -3.135148 17.433317 -14.300193 0.000001 0.000001 0.000004 -7.560763 4.682536 14.895360 -8.682606 6.422008 44.916430 -12.194002 22.352031 29.738978 0.000000 0.000000 -0.000003 -10.850579 1.569777 -39.645249 -15.804706 -0.208061 -47.252963 -44.399361 -8.683207 -19.352410 -0.000002 0.000004 -0.000001 -24.837008 1.033194 -3.907720 42.398618 -11.072584 -0.697222 -18.900904 -4.124815 -1.656964 -0.000000 -0.000003 -0.000001 -12.283045 2.346872 -11.319582 46.504419 15.408763 18.219798 9.082250 -25.228572 -8.043782 0.000003 0.000001 -0.000000 
72.845665 97.517563 11.199439 -2.993082 -62.761092 -0.324050 8.313715 0.865253 -5.027508 -4.875332 5.057562 -7.754487 -5.957102 1.751113 -0.627650 -2.723862 16.886688 -13.587543 -0.000001 -0.000001 0.000001 -6.304049 4.293718 11.458507 -7.088781 6.891986 40.009937 -11.391577 20.971039 31.766332 -0.000003 0.000001 -0.000001 -9.517155 1.284001 -36.605012 -15.034740 0.333009 -43.394924 -50.767649 -6.900564 -13.685635 -0.000005 0.000000 -0.000004 -21.608926 0.615347 -2.045019 44.474514 -10.668796 0.322915 -20.141273 -4.331369 -1.279372 -0.000000 0.000000 -0.000000 -19.558390 4.196257 -13.298038 50.022892 16.143248 18.758025 1.575007 -24.410930 -11.037867 0.000001 -0.000001 -0.000001 
70.293610 96.867790 11.551692 -5.652515 -62.991447 -2.853831 10.455410 0.488999 -5.264681 -3.689855 4.705348 -7.336942 -6.681773 0.591723 -1.165441 -2.318247 16.643255 -13.289785 0.000003 0.000005 0.000004 -5.256520 3.763994 7.815102 -5.451870 6.763786 36.662523 -11.217954 19.286784 33.622480 -0.000000 -0.000000 -0.000003 -8.289387 1.347017 -34.388432 -13.800230 0.814091 -40.376110 -54.586264 -5.531409 -10.622026 -0.000003 0.000005 0.000003 -18.790270 0.002630 -0.297610 45.183648 -10.232993 0.186474 -20.881746 -4.556154 -0.959856 0.000000 -0.000003 0.000001 -24.994591 5.879481 -14.496656 47.537280 15.466844 20.366299 -3.006541 -25.047525 -13.707249 0.000003 0.000001 -0.000001 
67.558441 96.292404 11.874516 -8.976002 -63.287816 -6.185999 12.627085 0.276951 -6.456078 -0.660676 2.807297 -5.381784 -9.099801 -0.669140 -2.493070 -2.740694 16.756477 -13.196285 0.000001 0.000006 -0.000001 -3.923805 -1.171641 6.154011 -5.504592 4.404444 36.198862 -2.041688 19.869686 30.334731 -0.000000 -0.000001 -0.000000 -5.961431 4.793657 -31.826701 -15.574882 4.416446 -34.942510 -60.285572 -4.745730 -4.898817 -0.000003 0.000000 0.000000 -15.056990 -0.261350 1.834892 46.192084 -10.016004 0.700387 -20.709070 -5.292170 -1.538883 -0.000001 -0.000002 -0.000000 -29.630976 7.064048 -14.608082 39.619684 13.378291 23.364284 -3.701996 -28.940290 -17.102975 0.000002 0.000000 -0.000000 
64.474007 95.741272 12.177905 -9.465998 -62.968470 -6.631137 11.998346 0.430007 -7.106801 1.411945 1.027277 -3.441233 -9.608944 -1.136932 -3.763722 -2.683016 15.833082 -13.543905 -0.000001 0.000003 -0.000001 -3.983186 -4.811313 5.408384 -6.750951 3.067299 32.987321 4.605619 20.162179 25.345922 -0.000004 0.000002 -0.000001 -4.905080 8.130171 -29.107879 -17.172246 5.063241 -27.598452 -59.661334 -6.827328 3.160758 -0.000004 0.000002 0.000001 -11.743439 -0.247028 2.619210 48.063198 -9.002422 1.919538 -19.054858 -7.231027 -3.829939 0.000002 -0.000001 0.000000 -32.852062 7.419467 -13.592450 32.040844 10.340328 24.515378 0.497920 -30.957252 -16.675473 -0.000001 0.000001 -0.000001 
61.408115 95.271187 12.485036 -9.888367 -64.525357 -7.391451 10.995780 0.479563 -7.124677 2.716460 0.454822 -2.732991 -10.133383 -0.239858 -3.629646 -1.233237 16.156630 -14.267991 0.000001 -0.000003 -0.000002 -3.590939 -6.855074 4.533282 -7.693895 1.378923 30.505715 7.893728 18.797248 23.077225 0.000000 -0.000002 0.000002 -3.737231 10.743871 -27.465215 -18.194977 5.513018 -21.046297 -56.508856 -7.445750 8.219723 -0.000004 0.000006 0.000001 -10.097430 -0.225872 3.276209 50.413186 -8.598675 2.277490 -15.182985 -7.416184 -4.495482 0.000004 -0.000002 0.000001 -33.664353 7.156347 -12.633349 28.035457 8.127917 23.922288 2.384315 -29.704247 -15.542973 0.000002 0.000001 -0.000002 
57.994080 94.832474 12.808007 -10.589561 -67.516980 -7.299515 8.847303 0.792259 -7.645214 3.463941 0.668072 -3.072973 -9.892631 1.056157 -2.846474 0.347127 14.838878 -14.372431 0.000000 0.000001 0.000001 -3.615465 -7.116706 2.439800 -8.632996 0.106001 25.808073 9.838064 16.976223 20.914666 -0.000007 -0.000001 -0.000000 -3.132732 12.023944 -25.127813 -16.328003 3.276099 -15.270898 -45.706782 -7.106713 10.390103 -0.000002 -0.000001 0.000003 -11.635187 -0.273171 2.752305 56.073961 -7.819882 4.188952 -7.112082 -8.611076 -6.962120 -0.000002 -0.000002 -0.000000 -31.116235 6.774140 -13.151489 26.398556 6.462484 22.941333 -3.044449 -27.600088 -17.636872 0.000000 0.000001 -0.000002 
54.274250 94.459023 13.162740 -11.961693 -70.242021 -9.121862 7.463061 1.003593 -8.025615 4.321859 0.329401 -2.565310 -9.802669 2.328058 -2.588601 1.637104 14.233151 -14.492000 0.000000 0.000004 -0.000001 -4.036103 -7.424312 -1.265360 -9.450845 -0.735728 21.514869 9.654920 15.518110 19.984353 -0.000002 -0.000003 0.000001 -3.007070 12.239870 -21.135447 -13.652146 0.671642 -11.645661 -33.840944 -6.147380 9.080698 0.000000 -0.000003 0.000003 -15.543260 -0.725772 2.899880 63.176962 -7.520417 5.299107 -3.214408 -9.641942 -8.380007 -0.000001 -0.000003 0.000000 -28.072267 5.553626 -10.920159 26.363794 6.037635 19.474071 -7.763215 -24.389164 -17.985386 0.000000 0.000000 -0.000001 
50.689228 94.091133 13.519696 -13.597917 -71.249583 -11.209697 7.498473 1.053369 -8.503474 5.050682 0.067329 -2.228992 -10.044607 2.220048 -1.966687 2.425271 14.410710 -14.530077 0.000000 0.000002 -0.000000 -4.440939 -8.155858 -2.901530 -10.969712 -1.795867 19.058637 9.607160 14.967902 17.938887 -0.000002 -0.000006 -0.000001 -3.063759 12.029275 -18.250271 -12.529554 -0.867990 -8.757028 -24.341017 -5.659179 6.531653 -0.000006 0.000003 0.000001 -19.201730 -0.769014 2.230680 68.728683 -7.472615 6.118554 -0.801872 -9.242890 -8.520097 -0.000000 -0.000003 0.000002 -25.310062 4.796008 -10.091621 26.454984 6.360251 17.967911 -10.267570 -22.619237 -17.368230 -0.000000 0.000000 -0.000001 
46.932838 93.676353 13.856906 -17.389160 -72.616618 -16.508579 7.306484 0.897832 -7.045744 6.493355 -0.376118 -1.716331 -10.823721 3.095148 -1.436706 3.875150 13.836134 -14.605034 0.000001 -0.000003 0.000001 -4.421520 -9.180564 -2.188868 -11.503449 -1.201498 15.063198 6.844764 12.680706 11.369141 -0.000002 -0.000004 0.000002 -2.743401 12.741778 -15.976427 -13.096962 -1.174172 -4.976174 -16.896729 -5.162141 5.088177 -0.000001 0.000001 -0.000002 -24.550833 -0.446822 1.352800 72.604180 -7.315092 6.574607 -2.269456 -7.948698 -7.093405 -0.000001 -0.000004 0.000001 -21.258848 3.185684 -7.836974 26.730335 5.968479 14.889109 -13.301910 -18.091409 -15.702653 -0.000000 0.000000 -0.000000 
43.126095 93.278976 14.205655 -25.298457 -77.255033 -25.596025 6.382948 0.941617 -6.209855 8.052378 0.765585 -3.618752 -12.110669 5.013989 1.707498 5.891910 12.434515 -13.983643 0.000001 -0.000003 0.000003 -3.674078 -10.724202 0.342260 -11.806024 -1.252708 14.269311 1.627890 9.348383 2.856255 -0.000006 -0.000001 0.000001 -1.941448 14.804191 -14.210475 -14.936555 -0.006037 -3.617976 -10.706168 -4.789428 4.302235 0.000004 0.000000 -0.000000 -31.619466 -0.468365 1.138080 74.011848 -8.224059 4.563701 1.085014 -4.164219 -4.891825 -0.000001 -0.000001 0.000001 -16.459684 1.924385 -7.168818 25.001230 5.006521 11.442100 -13.658309 -12.927310 -12.253467 0.000000 0.000000 -0.000001 
39.499874 92.960907 14.539271 -34.188437 -79.812837 -35.014797 5.757434 1.003870 -5.822529 8.978020 1.084180 -4.280557 -12.739963 6.308165 3.362364 7.582490 11.673114 -13.475281 0.000001 0.000000 0.000000 -3.083897 -11.604407 2.552180 -11.793531 -1.324183 14.128414 -3.195301 6.782562 -6.560857 0.000002 -0.000002 -0.000001 -1.487373 16.146786 -13.545164 -16.262445 1.065690 -2.598322 -8.350746 -4.075745 6.811882 -0.000007 0.000002 -0.000000 -36.843652 -0.364278 0.758424 71.748678 -9.173632 2.496044 2.331475 -1.571410 -3.460023 0.000001 -0.000002 0.000001 -13.656811 1.123880 -6.154333 23.241797 4.639782 10.136344 -13.607998 -10.393733 -10.413605 0.000000 0.000000 -0.000001 
35.767643 92.739540 14.855575 -53.075255 -81.760595 -52.489625 5.652414 1.017151 -5.788580 10.388048 1.769877 -5.854069 -13.734927 7.866270 4.814331 9.423459 10.574087 -12.408576 0.000001 -0.000001 0.000003 -3.602814 -12.350035 3.332935 -11.178821 0.590403 14.293679 -9.602992 6.196502 -16.530962 -0.000003 -0.000005 -0.000000 -1.953049 17.454729 -14.070137 -16.988719 0.289382 -4.054599 -9.433914 -3.376043 17.761840 -0.000004 -0.000003 -0.000002 -40.437384 -0.553654 1.066435 63.733807 -9.405177 -0.623724 1.156424 -0.191001 -2.276246 -0.000000 -0.000001 -0.000001 -10.846558 0.286547 -5.336147 25.103559 4.825970 7.321258 -14.789491 -9.093569 -9.429105 -0.000001 0.000000 -0.000001 
31.870636 92.597931 15.181457 -74.950097 -82.893867 -73.376832 5.308179 1.144739 -6.836540 11.054776 2.312354 -6.943590 -14.499365 9.184195 6.583151 10.931997 9.713574 -11.440875 0.000000 -0.000002 0.000002 -3.078438 -12.695333 4.169038 -11.343601 0.403245 13.636346 -16.624107 6.235907 -27.897105 0.000002 -0.000003 0.000000 -1.573964 18.148246 -15.150674 -18.830744 2.276049 -5.160091 -14.107024 -3.247793 29.111885 -0.000005 0.000004 -0.000000 -43.259850 -0.474193 0.531567 53.846271 -9.054991 -3.562286 4.821716 1.154861 -2.525871 0.000002 -0.000001 -0.000001 -8.164307 -0.196259 -4.251297 27.019052 5.086104 5.549518 -16.054466 -9.742515 -10.262350 -0.000001 0.000000 -0.000001 
28.131033 92.483940 15.497157 -86.885006 -82.892446 -84.584120 5.274103 1.202314 -7.580899 11.730309 2.224660 -7.036401 -15.201537 10.656545 7.132912 11.337839 8.149553 -9.575290 -0.000000 -0.000002 -0.000001 -2.606914 -12.539882 4.769792 -11.570130 -0.018125 12.611748 -24.477200 7.904412 -36.158950 0.000004 -0.000004 0.000002 -1.160471 18.893003 -14.966512 -21.575044 4.863905 -4.133954 -19.316810 -4.068202 37.304970 -0.000001 -0.000001 0.000003 -44.663164 -0.351516 0.370328 45.341422 -8.394569 -6.413914 8.278588 3.585951 -2.191198 -0.000001 -0.000000 -0.000000 -5.565665 -0.647396 -3.877966 27.585059 5.092648 4.497279 -16.969631 -10.143995 -10.860544 -0.000002 0.000001 -0.000001 
24.194338 92.379356 15.791032 -96.755988 -82.560526 -94.112330 5.106564 1.189724 -7.453877 10.970726 2.738561 -7.706485 -14.666896 11.478717 7.966241 12.629459 6.534232 -8.060054 0.000000 0.000001 0.000002 -2.526632 -12.270262 3.744260 -10.987345 0.274189 8.679524 -30.029548 9.446996 -44.917991 0.000000 -0.000003 0.000004 -0.474266 19.568888 -16.174952 -24.966804 7.789961 -1.219824 -28.849356 -6.304974 42.630677 -0.000001 0.000003 0.000001 -45.059004 0.370795 -0.811220 36.759641 -7.048743 -8.326206 12.884604 5.828427 -2.385591 0.000000 0.000000 0.000000 -1.998581 -1.053748 -3.861056 27.497356 5.170883 5.008904 -17.699137 -10.164100 -11.025920 0.000001 0.000001 -0.000001 
19.988361 92.272118 16.077366 -103.050028 -81.978444 -100.199148 3.865994 1.291476 -7.249099 10.436106 2.860288 -7.538421 -13.468674 10.464644 7.651881 13.470525 5.308357 -6.427970 0.000000 0.000001 0.000000 -1.357160 -13.820126 3.486650 -11.693754 -1.274293 5.231097 -33.712065 10.199846 -49.459807 -0.000002 -0.000005 0.000001 1.089814 20.929206 -18.768038 -29.275290 11.324254 3.313927 -39.283184 -8.495289 39.889910 -0.000006 0.000004 -0.000000 -44.085856 1.003299 -2.096981 30.436925 -6.176836 -10.215417 16.943864 9.489641 -1.821230 0.000000 -0.000001 -0.000000 1.628199 -1.297065 -4.063348 28.625526 5.501156 4.997394 -15.195969 -9.646366 -9.788450 -0.000003 0.000001 -0.000002 
15.913935 92.155266 16.371902 -103.865758 -81.479765 -100.806974 2.955235 1.379112 -6.952538 10.174748 2.454165 -6.628191 -12.689049 10.699696 6.979606 14.117425 4.342145 -5.336127 -0.000000 -0.000000 0.000001 -0.987292 -14.405050 3.553783 -10.777244 -0.894363 3.550107 -33.896528 10.161224 -53.668314 -0.000002 -0.000000 0.000002 1.670647 21.987897 -18.698594 -32.590026 13.408052 6.080675 -45.654306 -9.868411 38.804244 -0.000004 0.000000 0.000001 -42.718124 1.324681 -2.822299 28.098743 -5.509051 -11.580646 16.633963 12.108514 -0.273819 -0.000000 -0.000003 -0.000001 3.881772 -1.531790 -4.491094 30.724848 5.577113 4.982209 -10.573059 -9.384211 -8.005495 -0.000001 0.000001 -0.000000 
11.605922 91.925285 16.685955 -107.110487 -81.541578 -103.936355 0.896840 1.495971 -6.201198 12.336062 2.139051 -6.546962 -14.762860 11.525478 7.460568 13.711514 2.464102 -3.320805 0.000000 0.000001 0.000001 -1.541051 -10.440110 4.241804 -5.813069 2.378698 6.765733 -30.959021 8.853798 -52.412631 -0.000000 -0.000002 0.000003 0.325309 19.584437 -14.403716 -28.200068 11.232582 3.785036 -49.442005 -11.262278 40.035475 -0.000002 0.000001 0.000003 -40.851071 1.674720 -3.606380 28.564727 -5.718743 -13.261726 10.783428 13.151041 2.485979 0.000000 -0.000001 -0.000000 2.980025 -1.344711 -5.376317 36.348559 6.883575 7.977423 -1.625866 -12.043697 -6.634427 -0.000002 0.000001 -0.000001 
7.231471 91.621712 16.991631 -99.093990 -81.190083 -96.921771 0.171199 1.370905 -5.205136 13.232319 2.434371 -7.245771 -15.428296 11.405764 8.429568 11.801270 -0.227156 -0.270755 -0.000001 0.000001 -0.000000 -1.971288 -8.466288 4.435083 -4.250037 3.429053 9.489930 -24.065582 6.100762 -48.826977 -0.000003 -0.000004 0.000002 -0.584334 18.037333 -9.863843 -24.593298 8.825076 2.827023 -44.065249 -9.200977 37.865210 -0.000003 0.000001 0.000002 -39.504533 1.436263 -3.394724 32.964914 -6.731870 -13.769170 4.169984 11.968200 4.535691 -0.000001 -0.000001 -0.000001 -0.769918 -0.715125 -5.749357 43.160566 9.151766 12.889610 9.983185 -17.949566 -5.867623 -0.000004 -0.000001 0.000001 
3.102103 91.326630 17.293762 -91.276128 -80.270924 -90.015247 0.299478 1.067177 -4.022727 12.901811 3.023677 -8.039361 -14.650874 10.053250 8.957090 10.352643 -2.275917 1.588958 0.000000 -0.000001 0.000000 -2.013127 -6.748484 4.999238 -3.244962 3.659225 10.484667 -19.766501 4.585320 -39.356523 0.000001 -0.000003 -0.000000 -0.847974 16.598717 -7.554322 -21.272073 6.922707 2.288497 -38.704752 -6.966228 35.054115 -0.000002 0.000001 0.000001 -38.022116 0.872090 -2.653156 36.742859 -7.860182 -13.884719 -1.355476 10.404658 5.861181 -0.000001 -0.000002 -0.000001 -4.059317 -0.075714 -6.276465 49.106007 11.517656 16.222867 20.575574 -22.236178 -3.869210 -0.000001 0.000001 -0.000002 
-1.167722 91.001373 17.540047 -73.762560 -77.578593 -73.082027 1.083588 0.893528 -3.777891 11.565717 1.804997 -5.683844 -12.255056 7.681740 6.509044 9.393805 -4.843260 3.694005 -0.000001 -0.000001 -0.000000 -2.348552 -5.632621 5.031763 -3.156358 4.284252 10.899572 -13.984428 4.423413 -24.902854 -0.000003 -0.000003 0.000000 -1.606771 13.312444 -5.628091 -17.039223 3.161121 2.222953 -28.941284 -4.365826 27.839115 -0.000001 0.000003 -0.000003 -34.554846 0.511516 -1.796932 41.436026 -8.797277 -13.625092 -7.346750 8.300632 7.002569 -0.000001 -0.000002 -0.000001 -8.196277 0.603298 -7.260343 55.842787 14.005918 18.370678 29.261162 -23.703022 -1.204662 -0.000000 0.000001 -0.000002 
-5.441159 90.759926 17.747253 -64.125614 -74.453502 -64.163904 2.703692 0.477998 -2.556425 9.409524 0.200806 -2.501619 -9.833262 5.356421 2.989303 7.565376 -7.463557 5.749386 0.000000 0.000001 0.000000 -2.276799 -3.882454 4.762279 -3.197410 2.544465 10.455975 -6.388289 3.877946 -14.171142 -0.000001 0.000000 -0.000001 -1.702039 9.729571 -4.083707 -13.859674 2.356511 1.331503 -19.570206 -2.368667 16.914656 0.000001 0.000004 0.000000 -30.025976 -0.102840 -1.171917 44.291676 -8.762756 -12.065063 -12.033141 5.756261 7.077924 -0.000001 -0.000002 -0.000001 -14.928108 2.108757 -7.828122 64.491746 15.698683 16.386804 34.819406 -20.446632 1.517510 0.000001 0.000001 -0.000001 
-9.368809 90.580994 17.946701 -61.218849 -72.586005 -61.497630 4.146724 0.239053 -2.083138 7.763141 -0.788044 -0.645508 -8.650921 2.827699 0.869387 6.186141 -9.171960 7.032146 0.000000 0.000000 -0.000000 -2.129720 -2.323480 5.990954 -2.634363 1.354579 13.109742 0.410440 4.054729 -5.275879 0.000001 0.000000 -0.000002 -1.658689 6.872250 -4.555860 -11.917556 2.512343 -0.773372 -10.257396 -1.642154 8.867104 -0.000006 0.000007 0.000002 -26.602304 -0.519387 -0.130977 45.539846 -8.677946 -12.697086 -15.600019 4.960737 8.015136 0.000000 -0.000003 0.000001 -21.351918 3.552300 -8.779382 71.270859 16.802177 14.931996 38.040858 -18.817648 2.853226 -0.000001 0.000001 -0.000002 
-13.195373 90.589935 18.195133 -61.293544 -71.060885 -62.480672 6.257092 -0.114326 -0.654831 5.568207 -1.054862 -0.285186 -8.892315 -0.218301 -0.013876 5.565491 -11.406166 9.518494 0.000000 -0.000000 -0.000000 -1.849563 -1.174902 10.631247 -1.631181 1.593119 20.206947 8.456657 5.126471 0.312122 -0.000000 -0.000001 -0.000001 -2.323833 3.131358 -7.429726 -7.994820 0.328052 -8.222631 -2.830673 -2.689797 2.521643 -0.000000 0.000004 0.000001 -22.414963 -0.324289 1.665469 45.524915 -9.024907 -13.369689 -15.554591 4.864248 7.573536 0.000001 -0.000001 0.000001 -29.270885 5.422542 -10.852470 75.510992 20.709205 19.377052 40.995130 -23.506258 3.028500 0.000000 0.000002 0.000000 
-16.878445 90.917831 18.414085 -57.194536 -70.308765 -60.915951 7.927780 -0.441868 0.990556 2.955028 -1.789738 0.785925 -8.507116 -1.853712 -1.900199 2.366105 -14.026246 11.158887 0.000003 -0.000001 -0.000001 -2.144808 1.228419 14.140707 1.638829 3.471096 23.469703 3.112899 6.550493 11.766387 0.000000 0.000002 0.000002 -3.315957 -1.100100 -11.106813 -3.100937 -2.332218 -15.972746 -4.953648 -2.961454 -7.327412 -0.000001 0.000006 0.000000 -18.585974 -0.423637 3.041693 43.407389 -8.185813 -10.700163 -13.649792 2.690842 4.878633 0.000001 -0.000003 0.000000 -37.989758 7.428266 -11.269692 79.672832 23.664493 22.131638 35.681926 -26.259303 0.206686 0.000000 0.000001 0.000000 
-20.220993 91.449547 18.626099 -56.500383 -70.836035 -61.744917 8.488392 -0.647070 2.726436 1.190902 -2.493452 1.819773 -8.370476 -2.545563 -3.390659 -0.267648 -15.570584 11.901211 0.000001 -0.000001 0.000002 -2.773386 3.244689 13.088478 4.679355 6.334057 17.691375 -7.178309 2.503485 -1.351324 0.000000 0.000000 -0.000003 -4.208034 -4.857702 -10.048997 4.006365 -8.684011 -14.582804 -8.327557 -1.041161 -1.549729 -0.000000 0.000006 0.000004 -15.453967 -0.618174 4.454488 40.004732 -7.027208 -9.638223 -11.948276 2.813174 4.597464 -0.000001 -0.000003 0.000001 -45.506504 9.024553 -11.227624 83.754921 25.059399 22.477956 27.302602 -26.202419 -3.305773 -0.000002 0.000000 0.000001 
-23.527426 92.674515 18.807518 -53.887580 -70.269908 -59.124009 8.407076 -1.014072 5.538863 -1.048263 -2.251956 1.439982 -7.231856 -6.060333 -3.867651 -0.827002 -15.827256 10.703823 -0.000001 0.000001 0.000001 -3.026928 3.649348 23.120844 5.367877 6.330593 26.346423 4.018487 2.927900 4.659914 -0.000001 0.000003 0.000001 -5.538485 -6.056404 -18.288521 3.195935 -7.258858 -25.072912 -1.207876 -2.728258 -10.749310 -0.000000 0.000003 0.000003 -9.578763 0.095734 3.564611 32.421924 -4.807578 -6.504517 -6.669166 2.352979 2.508015 -0.000000 0.000001 -0.000000 -50.608922 11.339035 -13.495935 86.086625 28.851528 27.954981 23.892709 -28.388126 -6.493594 0.000001 0.000001 -0.000001 
-26.927416 94.508492 18.885399 -48.169038 -69.873723 -53.015430 7.110388 -1.198111 6.984034 -3.996961 -1.662628 0.845106 -6.472362 -8.766746 -4.291323 -2.313450 -11.870755 7.800904 -0.000001 -0.000000 0.000002 -3.581921 3.685405 30.829445 3.680153 3.959782 36.564103 14.416120 2.950367 4.466458 -0.000002 -0.000002 0.000002 -7.363453 -6.910435 -26.879456 0.972730 -5.358064 -35.903378 5.647023 -3.979424 -11.086092 -0.000001 0.000000 0.000004 -3.588015 0.512022 3.714974 22.300216 -3.363017 -3.912351 3.445543 0.317145 -2.094470 -0.000002 0.000001 -0.000002 -53.225936 14.405499 -17.639565 86.816445 33.633047 34.624223 24.525022 -30.611736 -6.672513 0.000000 0.000000 -0.000001 
-30.076113 96.524170 18.952873 -44.653741 -70.796857 -48.841272 4.781550 -1.027726 6.546890 -6.055840 -0.862759 0.037393 -5.453975 -10.889102 -4.327536 -4.500706 -7.770531 4.747828 0.000000 -0.000001 -0.000000 -4.296777 4.312140 35.793395 0.139570 -1.449817 46.013704 19.283818 5.933227 11.186231 -0.000002 -0.000005 0.000001 -9.459400 -7.926512 -33.873039 -1.646045 -2.449734 -44.729297 12.150988 -5.550409 -11.008177 -0.000004 0.000004 0.000000 0.254202 0.833903 3.866247 13.026271 -2.511521 -2.487804 13.299586 -1.638135 -5.828692 0.000001 0.000000 0.000003 -54.784179 16.868716 -21.011398 86.395712 37.293984 40.356002 25.281179 -32.883270 -7.069596 0.000002 0.000000 -0.000001 
-33.282024 99.115524 18.911694 -40.171659 -72.322121 -43.316554 2.155651 -0.649554 6.180187 -7.443504 -0.551748 -0.405587 -6.532581 -12.951301 -5.369617 -3.488483 -7.143174 4.059952 0.000001 0.000000 0.000000 -6.116468 3.093629 41.520296 -5.477258 -4.099538 51.865707 25.874351 11.835912 11.685672 -0.000000 -0.000002 -0.000001 -12.396347 -6.358333 -40.487787 -8.412880 0.681100 -51.607916 16.709044 -12.019121 -12.339571 -0.000002 0.000003 0.000002 2.900676 1.168735 2.711017 4.219278 -1.661063 -1.951899 18.634499 -0.963819 -7.049460 -0.000001 0.000000 0.000000 -57.764904 18.011610 -21.463229 85.617794 41.104106 46.089939 25.782678 -39.106825 -8.452170 0.000003 0.000001 -0.000001 
-36.229366 101.832939 18.922260 -38.434721 -75.241535 -41.247666 0.426004 -0.361559 5.977163 -9.296289 -0.318567 -0.989637 -6.973257 -14.356113 -5.714324 -3.219984 -7.819369 3.726208 -0.000002 0.000000 0.000000 -7.802921 0.788023 46.969353 -10.100977 -6.973712 59.012732 22.151748 18.537924 17.369248 0.000001 -0.000004 0.000003 -14.494090 -3.704704 -44.721053 -15.224673 4.742701 -56.604312 17.678852 -18.071789 -15.263943 -0.000002 0.000003 0.000001 2.371961 1.319060 2.555384 -1.050900 -1.327721 -1.827507 19.773116 0.055996 -7.466337 0.000001 -0.000002 0.000001 -61.781554 18.683981 -20.393505 83.564632 44.642632 52.456577 25.106635 -46.160030 -10.626066 0.000003 0.000001 -0.000002 
-38.892036 104.408585 18.940281 -37.662298 -76.758137 -40.812699 -0.431608 -0.190878 5.952665 -10.491188 0.038150 -1.525255 -6.795851 -15.936474 -5.617345 -2.150716 -8.329253 3.545914 0.000002 0.000001 0.000001 -8.624803 -0.985651 50.389242 -13.080480 -8.822439 63.936472 25.166059 22.700385 16.293444 -0.000000 -0.000003 -0.000000 -15.672296 -1.606639 -47.981748 -19.700841 8.162092 -60.403823 19.461340 -21.489138 -13.543564 0.000005 -0.000001 0.000003 1.846784 1.187769 3.732479 -3.660926 -1.039135 -2.470323 18.303088 -1.055646 -7.910483 0.000001 -0.000003 -0.000000 -63.188238 18.938636 -20.029852 84.750490 46.650759 53.586164 22.724328 -49.557687 -12.918669 0.000001 0.000000 -0.000003 
-41.425190 106.845009 18.948441 -41.827372 -79.114115 -45.146908 -0.578822 0.084091 5.701321 -11.964569 -0.148930 -1.423861 -6.104936 -17.601327 -5.733464 -2.368857 -10.238841 4.217729 0.000001 -0.000000 -0.000001 -9.671940 -3.312446 53.840400 -15.630710 -12.053860 70.012260 23.442637 26.456307 17.249320 -0.000002 -0.000002 0.000003 -16.508241 1.123141 -49.702600 -23.916795 11.948333 -63.685524 19.222109 -24.472759 -13.046601 0.000003 -0.000000 0.000003 1.305266 0.681559 5.608962 -3.870873 -0.504184 -4.388471 17.262415 -4.000300 -9.518318 0.000003 -0.000001 0.000000 -64.870692 17.906176 -17.544205 90.000146 46.965784 48.363641 20.822761 -50.287794 -13.678569 -0.000002 0.000000 -0.000000 
-43.762344 108.891617 18.997063 -53.723587 -81.787240 -56.796848 -0.973455 0.153954 5.364188 -12.726285 -0.806455 -0.734739 -5.748325 -17.104679 -5.722551 -2.288229 -11.167027 4.204311 0.000001 -0.000000 0.000000 -9.573600 -4.187077 55.874369 -17.059924 -16.511369 74.574300 17.671091 27.797767 21.565641 -0.000000 -0.000001 -0.000000 -16.191722 2.528821 -51.375836 -25.957707 16.299611 -66.400299 17.086285 -25.565419 -15.689011 0.000000 -0.000001 0.000003 0.890623 0.893945 4.735813 -6.342214 0.003633 -3.234450 18.131758 -6.428016 -10.837132 0.000000 -0.000003 -0.000001 -65.536375 17.450732 -16.836539 92.376034 46.599307 46.120805 16.098172 -50.837207 -17.360678 0.000001 0.000001 -0.000001 
-45.885887 110.583893 19.041595 -67.840096 -83.494609 -71.227822 -1.346299 -0.041947 5.510661 -13.123458 -0.973442 -0.460538 -5.664620 -16.920129 -5.513514 -2.204416 -12.380228 5.474771 -0.000002 -0.000000 0.000002 -8.456727 -3.905246 57.520452 -16.224909 -19.366793 77.764743 15.768984 27.122883 24.455434 -0.000001 -0.000005 0.000001 -15.203050 2.463179 -51.546229 -25.705016 20.230457 -68.383294 15.625817 -25.177711 -18.899844 0.000006 0.000003 0.000002 0.241070 1.063043 4.598462 -7.492940 -0.128861 -2.684791 17.281893 -7.221826 -11.018062 -0.000000 -0.000001 -0.000001 -65.890500 16.734626 -15.930499 95.518065 45.163052 41.781039 14.186881 -48.116121 -17.718761 0.000002 0.000004 -0.000000 
-47.871044 111.710869 19.092148 -75.526859 -84.164712 -77.775890 -1.352985 0.253451 4.097550 -13.461480 -1.366115 0.061428 -5.082175 -17.915137 -5.969616 -4.762855 -14.579044 6.976612 0.000001 0.000000 0.000002 -8.228019 -4.090403 57.638109 -15.811131 -22.164886 79.825063 15.088923 27.470017 25.859976 -0.000002 -0.000004 0.000003 -14.857885 2.624739 -51.289905 -25.211640 22.459352 -69.327322 11.919612 -25.454874 -23.019682 -0.000000 -0.000004 0.000006 -1.039707 0.689724 5.344269 -5.865805 -0.951483 -3.086763 15.729825 -6.250376 -10.416554 -0.000000 0.000000 -0.000001 -65.005424 17.106004 -16.464140 98.921992 42.935081 35.917595 10.747299 -44.989630 -18.237676 -0.000002 0.000000 -0.000002 
-49.766228 112.138268 19.122707 -96.885291 -83.875570 -100.255750 -0.652522 0.375432 4.264412 -13.884265 -1.528305 0.037133 -3.416267 -18.156740 -5.217366 -6.794482 -16.412355 6.417191 -0.000002 0.000004 0.000001 -8.926804 -5.955538 58.523328 -19.179270 -22.326698 77.575663 10.383686 29.232889 26.624629 0.000001 0.000004 -0.000001 -15.355623 4.488725 -50.986174 -27.955163 21.118484 -68.264961 4.818445 -26.256589 -26.768561 -0.000004 0.000001 -0.000001 -2.446998 0.571126 4.173731 -2.100266 -1.826172 -2.169780 9.446246 -5.773856 -9.358669 -0.000000 -0.000001 -0.000000 -63.170029 16.552113 -16.397034 98.643033 40.248771 32.513288 6.934340 -40.834388 -18.274376 0.000001 -0.000001 0.000000 
-51.396843 112.195610 19.186459 -111.402168 -83.338922 -114.786670 -0.416947 0.607578 3.727136 -13.603280 -2.005422 0.378925 -3.135487 -17.282783 -5.027888 -6.789154 -15.698498 5.106592 0.000000 -0.000001 -0.000003 -9.832409 -6.670688 57.813597 -21.515811 -20.723497 75.143767 8.047719 31.035174 26.633662 -0.000002 0.000000 -0.000002 -15.696080 5.999414 -51.002163 -29.978315 19.325766 -66.404841 -0.148011 -26.870538 -28.306790 0.000004 0.000000 0.000001 -3.655441 0.549503 3.332075 2.303219 -2.277212 -2.120291 3.976589 -4.832980 -7.702707 -0.000001 -0.000001 -0.000001 -62.729646 16.039296 -16.083675 98.719415 37.543952 29.109532 3.903938 -37.266830 -18.009602 -0.000001 0.000000 -0.000000 
-52.941261 111.574509 19.246216 -131.083857 -82.400304 -134.704827 -0.355399 0.609454 3.498897 -13.700106 -2.107809 0.716453 -2.750053 -17.236097 -4.507140 -6.427408 -14.170716 4.632984 0.000001 -0.000001 -0.000000 -9.361968 -6.835480 57.411777 -21.214525 -19.051704 73.340474 3.417339 30.323021 29.315104 -0.000002 -0.000003 0.000001 -15.430231 5.965304 -50.001749 -29.247731 19.474439 -66.778575 -2.890407 -26.572709 -30.421147 0.000003 -0.000001 0.000003 -5.331381 0.355271 2.970331 9.143077 -3.343545 -2.481253 -1.031742 -1.833555 -4.179580 0.000001 -0.000002 -0.000001 -63.068505 15.642487 -15.287073 92.541393 36.498233 31.894692 1.555595 -35.798340 -18.460758 0.000006 0.000001 -0.000001 
-54.418530 110.482933 19.301750 -141.684433 -80.653619 -146.194325 0.916991 0.400294 4.644713 -13.941313 -2.906548 1.646848 -2.164951 -16.656572 -4.657288 -6.954468 -16.399223 6.410688 0.000001 -0.000004 0.000001 -10.137340 -6.740181 56.605568 -21.328791 -14.951554 69.921555 -3.108226 29.563828 31.196493 -0.000000 -0.000003 0.000000 -16.231004 5.250405 -47.567135 -29.075268 18.112176 -67.499385 -6.192222 -26.479004 -29.807198 -0.000003 -0.000002 0.000003 -6.967337 -0.147662 3.050832 16.109462 -4.527398 -3.165952 -5.236800 2.093318 -0.003431 -0.000001 -0.000001 0.000000 -61.013704 15.100633 -15.100124 86.949770 32.414616 29.637239 2.275847 -31.897643 -15.513596 0.000003 0.000001 0.000000 
-55.773857 109.316925 19.356647 -145.998886 -79.458589 -150.120878 1.740411 0.413328 4.861833 -13.662847 -3.359977 2.157046 -2.433054 -15.759717 -4.883575 -7.358174 -17.402887 7.315162 0.000001 -0.000001 -0.000003 -10.973314 -5.648124 54.701172 -20.845524 -10.530520 66.788165 -5.423596 29.028058 32.197232 -0.000000 -0.000003 0.000000 -16.556203 4.508904 -45.887161 -28.567381 16.245397 -68.080409 -7.540811 -25.635155 -28.209011 0.000000 -0.000001 0.000003 -7.822170 0.103609 1.951156 20.252575 -5.478857 -2.748623 -7.677339 3.136084 1.620867 -0.000001 -0.000001 0.000001 -58.802806 14.401995 -15.221483 81.920661 28.453390 26.660843 2.801827 -29.195090 -13.542996 0.000004 0.000001 -0.000001 
-57.123894 107.931297 19.400478 -149.929086 -77.885371 -153.884845 1.830907 0.436380 4.771487 -12.000436 -3.922379 2.861612 -3.721254 -15.043550 -5.205122 -7.085237 -17.906538 8.533737 0.000000 0.000001 -0.000000 -11.844197 -3.726112 52.216854 -20.122769 -6.034426 62.943581 -8.374848 27.917352 30.586707 -0.000003 -0.000001 -0.000000 -16.989143 2.751657 -43.310861 -27.735583 13.909312 -67.566963 -9.710589 -24.535715 -26.915035 -0.000000 0.000003 0.000001 -9.463039 0.235636 1.355932 26.488245 -6.453564 -2.157434 -8.115539 2.069330 1.089442 -0.000001 -0.000002 -0.000001 -54.778780 13.100274 -15.206634 73.271250 24.394909 25.373111 8.504619 -26.122132 -9.011811 0.000002 -0.000003 0.000000 
-58.542946 106.489952 19.421963 -152.560908 -76.266753 -156.226521 1.734393 0.317875 5.043614 -10.475567 -4.049452 3.137935 -4.179909 -13.929089 -5.064762 -6.071529 -18.948133 9.731259 -0.000001 -0.000000 0.000001 -12.457481 -1.968083 49.046885 -19.071895 -2.484029 57.985834 -10.436258 26.708362 29.101708 -0.000000 -0.000001 0.000000 -17.111989 1.035576 -40.425824 -25.889439 10.521614 -66.890556 -10.242350 -23.710093 -25.948816 -0.000001 -0.000001 0.000003 -9.957974 -0.138236 2.545067 32.290023 -7.229421 -2.913329 -7.452051 3.624182 2.301160 0.000002 -0.000000 -0.000000 -49.981870 11.594815 -14.886681 62.922052 20.808431 26.107433 12.166954 -22.690517 -5.920979 0.000004 0.000001 -0.000002 
-59.914696 105.151306 19.430267 -154.442585 -74.141724 -157.908264 1.238381 0.368118 4.516963 -8.065639 -4.645261 3.719602 -5.706354 -12.281291 -4.807723 -4.869970 -19.558313 10.792800 0.000002 0.000001 0.000000 -12.097027 -0.993483 46.798113 -18.266653 0.595067 54.394414 -10.124125 25.999952 26.247295 -0.000002 -0.000005 -0.000000 -16.917894 0.078777 -38.136955 -25.569481 7.958127 -65.278884 -10.287902 -23.472592 -25.818571 -0.000004 0.000002 -0.000000 -9.216653 0.370531 3.194895 34.726529 -7.849200 -4.096574 -8.945208 3.909827 3.005248 -0.000001 -0.000003 -0.000000 -46.358365 9.792179 -14.149353 53.965120 18.278580 28.513507 17.454473 -22.736045 -4.028535 -0.000001 0.000000 0.000001 
-61.409218 103.926773 19.422306 -159.066472 -70.025312 -162.089555 0.216083 0.171852 4.753395 -5.680841 -4.262418 3.519250 -6.713330 -10.071405 -3.712427 -4.633298 -19.804962 11.825711 -0.000002 -0.000001 -0.000004 -11.233344 1.284730 43.687625 -16.000121 3.081911 49.237082 -7.280403 24.886296 25.429428 -0.000005 -0.000007 -0.000002 -15.927509 -1.587421 -35.631980 -24.134579 6.625603 -60.925117 -8.775354 -23.457743 -30.112569 -0.000004 -0.000001 0.000003 -6.962157 0.789441 2.418905 35.123005 -7.921123 -4.813892 -11.368905 5.452397 5.787983 -0.000003 -0.000001 -0.000000 -42.102908 7.634109 -12.305334 42.992380 13.546706 27.887300 20.544936 -28.341518 -5.679181 -0.000002 0.000003 -0.000001 
-63.121300 102.832916 19.360546 -163.139164 -65.696229 -165.322598 -1.128646 0.188448 4.359603 -4.087870 -4.229220 3.784348 -6.341679 -7.839641 -3.211690 -5.665181 -21.680697 13.898444 -0.000001 -0.000003 0.000001 -11.175999 4.151470 40.177604 -13.031928 5.492792 44.700651 -5.416144 23.838888 23.651190 -0.000002 -0.000001 -0.000000 -14.853956 -3.608990 -31.919243 -21.518841 4.973070 -58.288991 -6.190041 -23.560469 -32.828580 0.000000 0.000004 0.000001 -3.892661 0.813398 2.086649 33.862234 -8.009508 -5.886920 -11.677794 6.671966 6.963430 0.000000 0.000000 -0.000001 -37.280890 5.666165 -9.828582 31.502451 9.245450 25.089641 22.260223 -36.553356 -8.097284 0.000001 0.000009 -0.000004 
-64.815376 101.890526 19.282646 -165.723202 -61.928704 -167.643578 -1.694477 -0.012656 4.542507 -3.812720 -3.793781 3.244344 -5.502301 -6.555663 -1.847919 -6.556901 -22.747551 15.181520 0.000002 0.000004 -0.000002 -10.557321 6.475557 37.184547 -10.162436 7.085351 40.867583 -5.122444 21.721514 22.167698 -0.000000 0.000002 -0.000001 -13.395715 -4.713229 -29.162319 -19.019509 3.783153 -56.245587 -3.018695 -22.873501 -34.650820 -0.000004 0.000003 0.000002 -1.957468 1.030936 1.745985 31.999757 -8.032074 -7.709459 -9.642530 8.270579 7.193040 -0.000001 0.000000 -0.000001 -33.853614 3.980093 -7.031590 22.423543 6.339554 22.560253 20.244923 -42.075099 -11.468755 0.000001 -0.000005 -0.000001 
-66.703217 101.130257 19.133369 -168.208011 -57.483835 -169.406259 -2.565458 -0.094212 4.246798 -2.560486 -3.470929 3.040442 -5.776737 -4.944258 -1.209583 -6.782476 -24.249651 16.819329 -0.000000 -0.000000 0.000001 -9.802149 8.833359 33.490245 -7.292391 8.598703 36.563693 -2.971198 20.871079 21.707627 -0.000003 -0.000001 -0.000001 -11.581925 -5.364445 -25.426952 -15.823600 0.777762 -53.696161 -0.689184 -22.088717 -33.791159 -0.000002 0.000005 0.000003 -1.160256 0.830885 2.392626 36.409245 -8.975038 -6.408358 -5.866302 3.738705 2.115046 -0.000001 -0.000002 -0.000000 -30.589962 2.615893 -4.322497 16.144223 4.698956 19.350645 13.401918 -46.318112 -17.618784 0.000000 0.000002 -0.000002 
-68.759224 100.494110 18.901947 -170.101804 -53.595866 -169.972481 -4.381025 0.255371 3.114691 -1.057275 -2.880317 2.391746 -5.329920 -5.726304 -0.481775 -6.662831 -26.590490 18.915130 0.000000 -0.000000 -0.000002 -9.389924 10.335538 29.568487 -3.543274 12.775602 33.896617 -2.795246 20.589841 17.430677 -0.000003 -0.000004 -0.000003 -10.938723 -6.349804 -22.202182 -13.543780 -3.161961 -49.096052 -1.506072 -21.553905 -30.444735 -0.000001 0.000003 0.000001 -4.131501 0.216727 3.650112 45.136649 -10.506754 -4.226019 -1.464108 -3.810104 -4.914249 -0.000001 -0.000001 0.000001 -28.996045 2.375702 -3.907527 14.596891 4.850673 19.247654 8.685118 -46.114548 -20.516406 -0.000000 0.000001 -0.000003 
-70.658844 99.914291 18.666931 -170.240566 -51.203865 -169.432268 -3.740619 0.302890 2.901976 -1.455108 -2.184652 1.439665 -4.625425 -6.671805 -0.017852 -7.860375 -28.221081 19.409384 0.000000 -0.000002 0.000003 -8.737586 10.766701 26.116763 -0.955425 15.552716 31.748604 -1.565188 20.582695 15.333531 -0.000004 -0.000001 -0.000000 -10.076305 -6.102656 -19.511173 -11.461517 -6.387610 -45.332314 -1.746495 -20.860974 -27.992356 -0.000002 0.000004 -0.000001 -6.435799 -0.155119 5.056759 52.632427 -10.986221 -1.251877 0.758654 -9.241815 -9.440109 0.000003 -0.000002 -0.000003 -26.773834 1.984970 -3.689223 13.703757 4.492565 19.215050 5.315617 -44.336363 -21.994186 0.000000 -0.000001 -0.000000 
-72.498581 99.397873 18.388996 -171.585390 -47.272081 -169.824512 -3.729039 0.756318 0.951901 -0.363659 -2.500948 2.158047 -4.785756 -7.124070 0.458337 -7.913382 -28.219056 20.050189 -0.000001 0.000000 0.000002 -6.740017 10.937728 21.880991 2.573521 15.637308 27.816714 -0.503399 17.684297 15.912075 -0.000003 0.000000 -0.000003 -7.960127 -6.027242 -15.486243 -9.151824 -5.717633 -39.316830 -1.262050 -18.040138 -27.209489 -0.000001 0.000003 -0.000003 -10.163167 -0.905606 6.682163 59.596549 -10.474989 3.408370 2.175668 -10.583647 -10.447238 -0.000003 -0.000003 0.000002 -24.233813 1.371443 -1.975679 14.017983 4.578575 17.376326 0.059311 -37.172266 -21.353115 -0.000001 0.000001 0.000000 
-74.250687 98.974266 18.068966 -170.985125 -42.379466 -169.947975 -0.712008 0.573279 0.265318 -0.241104 -2.542590 2.324431 -5.048449 -5.719609 1.603449 -7.169168 -27.956244 20.528086 0.000001 -0.000000 0.000001 -4.882358 9.019876 17.524268 4.810558 15.686320 23.338254 -1.338167 15.834842 13.361521 0.000000 -0.000001 -0.000000 -6.444415 -6.265029 -10.755288 -7.699054 -5.312852 -33.258684 -1.068371 -16.643248 -25.853424 -0.000004 0.000005 0.000002 -15.079581 -1.810580 7.770763 63.956519 -10.044451 6.801672 1.362340 -8.248582 -8.654606 -0.000001 -0.000001 -0.000003 -22.172623 0.966771 -0.079453 15.093753 5.396148 15.982723 -2.430525 -29.784242 -18.194900 -0.000000 -0.000001 -0.000000 
-75.852974 98.637955 17.723553 -169.737168 -36.553431 -170.122636 2.362341 0.290880 -0.083385 -0.304687 -2.024620 1.650076 -4.807336 -3.898327 3.349881 -6.807136 -27.160901 20.043059 0.000001 0.000000 0.000000 -4.061902 8.268642 14.192883 6.195005 15.786239 20.487448 -1.415180 14.911734 11.214702 -0.000003 -0.000004 0.000001 -5.345335 -5.932188 -6.193003 -7.856821 -4.088530 -28.799916 -1.029114 -15.907669 -24.839410 -0.000004 0.000003 0.000002 -19.369672 -2.605470 8.205938 64.872809 -9.925849 7.418406 -0.328573 -5.232012 -6.144749 -0.000004 -0.000000 0.000000 -20.156358 0.504797 1.879898 17.518110 5.933304 16.702717 -5.159473 -30.252656 -19.860841 -0.000000 -0.000001 -0.000001 
-77.454842 98.380043 17.303894 -169.126330 -28.538605 -170.201702 4.107097 0.327560 -2.119877 -0.112937 -1.791275 1.584735 -3.412616 -1.483225 4.748339 -5.791848 -25.133786 18.792852 0.000000 0.000000 0.000001 -3.705516 8.275910 11.559510 8.048374 15.235265 16.560092 0.277134 13.705244 10.294384 0.000001 0.000000 0.000003 -3.670380 -2.297769 -1.111309 -9.978773 0.113584 -23.289944 2.560559 -16.096068 -25.516204 0.000002 0.000005 -0.000003 -25.185124 -4.023046 8.857246 62.803405 -10.486243 3.088093 0.736785 -1.011988 -3.156294 -0.000004 -0.000002 0.000001 -14.888433 0.100136 4.256053 19.729630 6.088078 14.187412 -11.554231 -30.800782 -23.628862 -0.000001 0.000000 -0.000000 
-78.953255 98.244751 16.848888 -168.814436 -19.201789 -170.517339 6.230575 0.267441 -4.172989 -0.195803 -0.859459 0.580871 -2.859876 2.639626 6.518619 -4.343981 -23.442644 18.262657 0.000001 0.000001 -0.000003 -2.409711 7.713057 10.077350 10.765415 13.949214 10.637100 0.817509 10.558817 11.271173 -0.000003 0.000005 -0.000004 -1.665162 1.750885 2.274521 -12.573443 5.176208 -16.621323 6.665700 -14.215732 -25.728558 -0.000006 0.000002 -0.000000 -28.502840 -5.201387 10.826562 55.078123 -10.429240 -2.693048 3.446662 1.383113 -2.060754 -0.000001 -0.000003 -0.000000 -8.192301 -0.316088 5.717514 19.137731 5.275764 9.761323 -12.931173 -27.765843 -22.327554 -0.000001 0.000001 -0.000002 
-80.304138 98.196609 16.388340 -168.977678 -11.956227 -170.835476 7.436880 0.178101 -5.190712 -0.398342 -0.051919 -0.317666 -2.874726 5.206681 7.630144 -3.697551 -22.163324 17.976841 0.000000 0.000001 -0.000003 -1.393108 6.138223 9.028880 11.488728 12.076467 5.243233 0.040075 8.003693 12.417902 -0.000000 0.000000 -0.000002 -0.159713 6.223277 4.081174 -15.810372 9.542307 -11.285738 10.844373 -12.582411 -24.947894 0.000001 0.000002 0.000000 -31.353553 -5.899163 11.868191 47.391759 -9.461668 -6.357987 6.772568 -1.157549 -4.340487 0.000000 -0.000001 -0.000002 -4.159329 -0.499610 6.069458 18.690620 4.770442 7.106898 -11.765042 -25.960424 -20.491768 -0.000001 0.000001 -0.000001 
-81.569489 98.308426 15.900882 -167.820330 -5.525818 -170.869722 8.819454 0.062146 -6.042157 -0.906299 0.142996 -0.260472 -2.497870 6.367250 7.705293 -1.929221 -20.639368 17.357029 0.000002 -0.000000 -0.000000 0.240544 2.440343 8.495271 6.826526 6.252190 -0.791412 -0.830328 4.832398 15.416278 -0.000005 -0.000001 0.000000 1.503463 9.656230 5.286880 -18.539784 13.413157 -4.698260 9.300889 -8.322092 -24.739522 -0.000001 0.000002 0.000000 -31.304461 -5.894083 11.853749 36.462914 -7.151287 -7.953577 8.844265 -4.897272 -6.686357 -0.000002 -0.000001 -0.000000 -0.771554 -0.387502 4.884520 22.008738 4.656667 6.097895 -6.289987 -24.395894 -16.924394 0.000000 0.000000 -0.000000 
-82.927475 98.555344 15.275321 -167.714790 -0.141012 -171.639867 6.381514 0.274223 -4.898691 1.288364 -0.202727 -0.246908 -4.161267 6.472152 7.145774 0.729192 -19.142109 16.838400 0.000000 -0.000000 -0.000001 0.859433 -1.469530 8.181655 1.058836 2.122002 -5.214040 -1.235289 2.178798 12.829056 -0.000000 -0.000004 -0.000005 1.760685 11.396853 5.771710 -19.626871 12.738771 2.304737 5.098730 -3.045628 -14.378062 -0.000003 0.000004 0.000004 -28.217526 -4.433960 10.652262 28.221474 -5.191144 -8.082946 8.633205 -8.134577 -8.777735 0.000000 -0.000001 0.000001 2.941715 -0.840947 3.234739 25.573089 4.875250 5.605960 -0.322106 -20.873036 -12.002358 0.000002 -0.000001 -0.000000 
-84.149155 98.816345 14.616553 -166.868434 3.676165 -172.514746 5.896771 0.190794 -4.084707 1.507512 -0.527926 0.218451 -4.646775 6.355740 6.465691 2.738797 -18.114174 16.861871 0.000002 -0.000001 0.000001 1.688993 -3.010050 8.477382 -3.798909 -1.423901 -8.238057 -4.358659 -0.948076 7.808756 -0.000003 0.000000 -0.000003 2.256674 12.069272 5.499853 -21.129460 13.536062 6.852794 2.297300 0.586729 -7.394533 -0.000004 0.000000 0.000005 -25.585008 -3.570862 9.741379 22.987386 -3.907250 -7.043427 8.295218 -10.122237 -9.880133 0.000000 -0.000000 -0.000000 4.825048 -1.129601 1.931383 30.921028 5.221555 5.592272 4.335673 -16.738728 -7.840766 -0.000003 -0.000001 -0.000000 
-85.226234 99.043243 13.905252 -165.741398 7.769078 -173.537936 4.104295 0.259291 -3.359552 2.834679 -1.341185 0.960172 -5.690241 6.774112 5.662529 5.811447 -17.218065 16.403821 0.000000 0.000001 0.000001 1.744276 -5.103459 9.757706 -7.541311 -2.642511 -10.769341 -10.410411 -2.577108 2.242324 0.000002 -0.000003 -0.000000 2.091402 13.116615 3.951729 -24.171817 13.719150 10.151646 -0.920162 3.078331 -2.129081 -0.000000 0.000004 -0.000000 -21.457955 -1.944347 8.111782 22.795560 -3.650051 -3.508110 5.132914 -12.548378 -11.151531 -0.000000 -0.000004 -0.000001 3.935545 -1.529431 -0.669416 38.789867 6.351332 7.417544 6.757768 -15.677089 -6.487947 -0.000001 -0.000001 -0.000000 
-86.210464 99.203720 13.095737 -164.877720 12.181549 -174.948356 2.746604 0.260769 -2.603068 2.901219 -2.232271 2.104863 -5.553678 7.681723 4.600402 7.561578 -17.150800 16.496654 -0.000001 -0.000004 0.000002 1.736873 -7.440978 10.660365 -13.099361 -5.119089 -11.245719 -17.551766 -2.815831 -3.528706 -0.000002 -0.000003 0.000001 1.851278 15.053284 2.175662 -29.753356 15.914066 11.926963 -5.617453 3.765658 2.950504 -0.000003 0.000003 0.000001 -17.975207 -1.299441 7.556731 25.248114 -4.132872 -1.707841 1.585887 -11.276132 -9.717950 -0.000000 -0.000004 -0.000001 1.373510 -1.307181 -2.790468 45.586216 7.939047 9.770746 7.118630 -14.346447 -5.701304 -0.000003 0.000000 -0.000000 
-86.988777 99.319908 12.325366 -165.205761 16.035273 -175.725755 1.396452 0.419796 -2.704009 4.330334 -2.791027 2.850651 -6.566864 7.703854 4.009307 9.359743 -16.747188 16.160689 0.000000 0.000000 0.000000 1.967169 -10.061546 10.631674 -17.973385 -7.393725 -11.216374 -18.428877 -2.666063 -12.724305 0.000000 0.000002 -0.000003 1.941083 17.212268 0.618761 -34.468212 17.650962 13.417784 -11.411570 4.057360 10.920351 -0.000001 0.000000 0.000001 -15.898522 -0.966815 7.123434 25.755924 -4.451962 -1.186094 -2.026872 -11.027833 -9.065257 -0.000001 -0.000001 0.000001 -3.962641 -0.586406 -3.928295 50.822679 9.788931 12.350584 6.297599 -16.118307 -6.999442 0.000000 -0.000001 0.000001 
-87.724762 99.420197 11.459828 -166.153135 20.041640 -175.918188 0.875246 0.265855 -2.057810 4.749358 -2.622860 2.664391 -6.662267 6.647167 2.912213 10.181638 -15.125848 15.159227 0.000001 -0.000001 0.000001 2.656871 -11.668886 11.957019 -24.305990 -11.162385 -11.428635 -22.302050 -1.712333 -19.284308 -0.000000 -0.000007 0.000001 2.527074 19.061584 -2.044108 -41.726442 21.282651 15.788870 -20.980060 2.936311 15.125801 -0.000004 0.000006 0.000000 -14.357642 -0.675996 5.916330 27.139132 -5.150831 -1.442468 -5.745835 -9.212632 -6.956902 -0.000000 0.000001 -0.000001 -11.241106 0.775696 -5.745851 51.002385 11.645425 17.731919 2.724770 -20.541128 -10.867098 0.000002 0.000003 -0.000003 
-88.345024 99.486916 10.510982 -166.742840 23.401727 -176.053617 1.226281 -0.001091 -1.340165 5.028676 -2.574338 2.430889 -7.393484 5.498701 2.200438 10.847154 -13.701692 13.818167 0.000000 -0.000001 -0.000001 3.019283 -13.469412 13.434443 -29.238083 -13.455088 -10.992979 -26.976249 0.069561 -26.814423 0.000003 -0.000003 0.000001 2.793721 20.427142 -4.982052 -49.482726 24.006161 17.669648 -31.094761 1.254582 17.077553 -0.000003 0.000002 0.000000 -12.352057 0.007918 4.556060 29.664273 -5.282260 -2.043974 -8.252388 -5.861940 -3.537909 0.000000 -0.000001 -0.000001 -18.446755 2.092686 -7.668212 48.463211 11.663100 21.534985 -1.847688 -23.838649 -14.955725 -0.000001 0.000001 -0.000000 
-88.867882 99.523018 9.504203 -167.100578 25.788496 -176.161780 0.799836 -0.203922 -0.336544 4.986188 -2.733223 2.680086 -7.138527 4.810030 0.858083 11.541451 -12.630937 13.166107 -0.000001 -0.000001 -0.000002 3.512419 -14.962969 14.452318 -31.991302 -14.771100 -10.633270 -30.815341 2.131982 -33.429053 -0.000006 -0.000003 -0.000000 3.172152 20.757724 -7.570899 -55.129462 25.748020 19.509974 -39.615831 -0.429108 17.645454 -0.000002 0.000004 0.000001 -10.706991 0.294098 3.777932 30.960681 -5.596157 -2.271638 -9.309920 -2.535982 -0.430982 -0.000000 0.000003 0.000000 -24.308005 3.249543 -8.488283 44.378761 10.857801 22.983564 -1.315806 -25.871483 -15.759263 0.000001 0.000003 -0.000001 
-89.178429 99.518974 8.446734 -167.549704 28.659699 -176.112835 0.510802 -0.200059 0.537569 4.812261 -2.910092 2.758012 -6.925052 3.006353 -0.478286 11.894115 -11.618446 11.592834 0.000001 0.000002 0.000004 2.535528 -15.968453 14.856835 -32.111608 -13.680699 -9.854769 -31.531756 4.338929 -40.765028 0.000001 0.000000 -0.000003 2.664018 22.160052 -9.692381 -57.162478 25.175609 19.291926 -45.819320 -3.140260 20.902025 -0.000004 0.000006 0.000004 -8.842533 0.582846 2.997916 32.062332 -5.562534 -2.680272 -10.215115 0.855309 2.691766 0.000001 0.000002 -0.000001 -29.445540 4.392335 -9.408270 37.696593 8.809406 23.114258 -0.357244 -28.789517 -16.841577 0.000001 -0.000000 0.000001 
-89.285469 99.478081 7.295312 -168.150542 30.188432 -175.549659 0.384812 -0.008821 0.178660 4.564963 -3.558490 3.666919 -6.776272 0.381039 -2.300758 12.363594 -10.949243 10.564465 0.000000 0.000005 0.000000 1.699314 -15.928684 13.417420 -28.747781 -11.265733 -9.040875 -30.977066 5.472353 -46.800214 -0.000003 -0.000002 0.000002 2.297658 22.464557 -10.482174 -55.265144 23.938633 17.796982 -50.900636 -5.177583 23.294611 -0.000004 -0.000003 -0.000004 -6.071260 1.107579 1.144803 31.840313 -5.676770 -1.375898 -11.659041 2.226565 4.189823 -0.000001 -0.000003 -0.000002 -33.515045 5.517002 -10.333433 30.578675 6.611742 20.551124 2.093650 -29.755470 -15.931819 0.000000 0.000004 -0.000002 
-89.197273 99.423012 6.162864 -169.139157 31.816503 -174.961812 -0.325581 0.135447 -0.127725 4.099482 -3.869320 4.126634 -6.130030 -0.505454 -3.588455 12.609748 -10.869249 10.305189 -0.000001 0.000001 -0.000001 1.628389 -15.831523 12.122048 -25.266811 -9.445268 -8.785930 -30.556497 5.618627 -49.754701 0.000002 -0.000003 0.000001 2.065776 21.191523 -10.352258 -53.185706 23.050341 17.520479 -54.583225 -6.090058 24.201213 -0.000002 0.000001 -0.000003 -4.345131 1.286427 -0.082494 31.997862 -5.803143 -1.121785 -12.012668 3.625619 5.461833 0.000000 -0.000005 -0.000001 -36.589286 6.270450 -10.442949 25.144247 5.047379 18.227195 4.262894 -30.872011 -15.409877 -0.000001 -0.000001 0.000002 
-88.789734 99.342659 4.959926 -170.737708 33.333140 -174.941608 -2.384164 0.102818 0.493653 5.921654 -3.618140 3.872762 -7.770179 -3.062953 -4.304836 12.379504 -9.927539 9.365701 -0.000000 0.000004 -0.000000 1.898522 -15.492775 11.268041 -20.981965 -7.292033 -8.389579 -27.195165 4.101677 -47.725530 -0.000006 -0.000001 0.000001 1.672088 18.580396 -9.425085 -46.198355 19.901189 16.250926 -52.844634 -7.816359 31.172246 -0.000004 0.000000 -0.000000 -1.951793 1.253190 -0.093892 31.935434 -5.925658 -0.980113 -10.143443 4.518219 5.387172 -0.000000 -0.000001 0.000001 -38.744115 7.190994 -10.990825 20.036616 3.805358 18.140144 6.743898 -35.288790 -16.647811 0.000002 -0.000001 -0.000002 
-87.983871 99.238663 3.724996 -171.084382 36.122388 -176.022144 -4.229511 -0.069927 1.511312 6.317352 -4.073495 4.643969 -7.816744 -5.581109 -6.316592 12.605157 -8.005610 7.107539 0.000001 -0.000002 0.000001 0.968188 -12.645721 9.466772 -14.656413 -4.471584 -5.212423 -23.523513 2.939045 -38.144732 0.000002 0.000001 0.000000 0.542147 14.349406 -8.882714 -35.869568 15.849493 11.733167 -51.681504 -9.794645 37.727503 -0.000002 0.000006 0.000004 1.557006 0.896245 0.670475 33.130335 -5.951344 -2.215555 -5.375173 6.487656 5.064039 0.000000 -0.000002 -0.000001 -39.270077 7.213095 -9.858013 20.239918 3.806577 19.137417 6.340486 -37.060729 -17.848152 0.000001 -0.000002 -0.000001 
-87.027306 99.123589 2.469228 -171.177969 38.587844 -177.113526 -5.930480 -0.242957 2.124505 7.256928 -4.547345 5.450995 -8.109323 -6.335358 -7.670408 12.171857 -7.243521 6.029933 -0.000001 0.000000 -0.000001 0.821199 -11.159006 7.296240 -11.123340 -3.271195 -1.931228 -19.175246 2.006827 -30.154862 -0.000006 0.000002 -0.000001 -0.348119 9.551635 -7.801314 -26.805755 12.736337 5.443820 -46.481613 -10.192873 44.741946 -0.000003 0.000003 0.000002 3.349768 0.778761 1.541598 35.932515 -6.278560 -3.507861 -0.381110 7.881400 4.105548 0.000000 0.000001 -0.000002 -39.083896 6.441534 -7.910360 22.270737 4.048923 18.986029 3.396664 -35.075405 -18.664163 -0.000001 -0.000000 -0.000001 
-85.792999 99.027931 1.078969 -170.574754 43.587170 -178.742854 -6.001350 -0.208209 1.844585 9.486445 -4.213607 5.052289 -9.975363 -5.860494 -6.398723 11.011199 -5.563779 3.846764 0.000000 -0.000003 -0.000001 0.503995 -9.489776 5.581084 -8.885794 -1.604679 0.445355 -12.856134 1.971310 -23.804529 0.000002 -0.000001 -0.000004 -1.099054 5.838311 -6.176061 -18.756507 8.063541 0.691801 -34.873225 -6.251402 38.484038 -0.000001 0.000003 0.000002 1.742225 0.543239 1.560233 43.171071 -7.297352 -5.280757 8.608698 9.111042 1.537310 -0.000002 -0.000001 -0.000001 -37.115542 5.462505 -6.303400 26.047848 4.875403 19.381809 -1.940315 -31.431516 -19.691265 -0.000001 0.000001 -0.000000 
-84.247559 98.923325 -0.390822 -169.002116 50.336718 -180.692409 -5.066899 -0.350035 2.394841 9.458296 -3.422459 3.724828 -10.214643 -5.203344 -5.377321 8.394709 -3.557932 2.166107 -0.000001 0.000004 0.000000 -0.300942 -5.927608 4.815752 -5.655878 1.256711 3.180368 -8.418033 3.379517 -14.560536 -0.000001 -0.000001 0.000001 -1.808271 2.810232 -4.849762 -13.819583 4.160688 -3.595642 -24.373486 -3.466422 24.847086 -0.000004 0.000005 0.000003 -2.396949 0.637750 1.399994 51.521199 -8.766367 -7.510658 16.984153 10.975896 -0.583516 -0.000002 -0.000001 0.000001 -33.937335 4.209080 -4.971872 29.769513 5.888426 18.500134 -7.663671 -27.445864 -20.018712 -0.000000 -0.000002 -0.000001 
-82.561523 98.786644 -1.816758 -165.648166 54.707568 -182.676456 -3.180598 -0.249783 1.506259 8.509869 -2.819718 2.789391 -9.809048 -5.620145 -4.529461 5.728265 -1.553073 0.647508 0.000000 -0.000000 0.000001 -0.620469 -3.665264 4.650067 -2.351371 3.406788 5.243694 -5.374437 4.612289 -7.390138 -0.000000 0.000001 0.000001 -2.004251 1.263508 -4.707329 -11.562226 2.694297 -7.107461 -14.931241 -3.037346 14.048772 0.000003 0.000000 0.000001 -6.353243 0.396563 0.707554 59.777672 -10.212119 -7.601273 20.930690 11.441550 -1.734723 0.000003 -0.000001 0.000001 -30.490367 3.604651 -4.328778 31.995898 6.632743 16.986132 -11.511531 -24.073683 -19.364117 -0.000001 -0.000000 0.000002 
-80.713753 98.768806 -3.326551 -163.008420 63.904329 -186.111850 -1.635314 -0.632861 3.047372 6.608851 -0.837287 0.119722 -8.595089 -2.515401 -1.806287 3.031969 2.558449 -2.381519 0.000002 -0.000000 0.000001 -0.774270 -1.446272 5.343744 -0.426346 3.586456 9.611861 -4.010968 5.853206 -0.055366 0.000003 0.000001 -0.000000 -1.839652 1.933759 -7.260955 -11.058703 4.509724 -13.698417 -5.483094 -4.213026 5.108729 -0.000004 0.000001 0.000003 -13.921087 -0.605344 2.259499 68.012182 -13.171288 -11.290494 26.199725 13.274514 -2.682087 -0.000001 -0.000002 0.000004 -27.602114 2.845018 -2.114364 34.392338 7.032929 13.291123 -15.265427 -18.755153 -16.943958 0.000001 -0.000001 -0.000003 
-78.645462 99.061577 -4.885136 -151.849093 72.749479 -196.653441 2.205678 -0.528903 1.455991 5.049427 0.408506 -1.533628 -9.071437 0.076289 0.675902 1.446385 7.176128 -5.841842 0.000000 0.000002 -0.000000 -0.358503 -2.166988 7.064956 -2.145008 0.446765 14.859444 -5.510019 4.370994 0.124712 -0.000001 0.000000 -0.000001 -1.532332 2.720479 -12.307969 -9.194744 5.364390 -20.271571 -2.820264 -4.423546 -1.055509 0.000000 -0.000001 0.000002 -23.838470 -2.604566 6.408148 77.348955 -16.307526 -13.704004 28.223607 10.381572 -4.390688 0.000000 -0.000001 0.000001 -21.305457 2.149053 -2.061785 33.748675 5.991599 7.764146 -16.288780 -12.156231 -12.048912 0.000001 -0.000000 -0.000000 
-76.582405 99.525635 -6.459675 -136.683437 77.836330 -210.191258 4.116529 -0.392248 -0.362374 3.825009 1.416524 -3.000875 -9.745947 0.701472 2.146426 0.645419 10.015805 -7.983083 -0.000001 -0.000001 -0.000000 -0.172182 -0.088242 9.759419 1.358585 1.246933 19.577475 -14.640666 2.076202 2.369608 -0.000002 -0.000002 -0.000002 -1.626014 0.820600 -17.476014 -5.310029 4.203187 -24.271173 -12.285824 -1.502465 -4.987276 -0.000001 -0.000002 0.000005 -32.817392 -4.110740 8.492156 84.963954 -19.051670 -15.246673 32.158935 9.189004 -5.981834 -0.000001 -0.000000 -0.000002 -16.139998 1.545398 -2.964304 31.030663 4.741211 4.104672 -15.655967 -6.916403 -7.848816 -0.000000 0.000000 -0.000004 
-74.330208 100.544846 -8.024391 -102.515313 82.027867 -243.731175 5.088775 -0.022209 -2.381491 0.584183 2.399667 -3.826164 -8.812806 5.687320 5.528596 0.527316 10.909556 -9.166155 0.000001 0.000001 0.000000 -0.702146 4.021607 14.333480 5.677787 2.858362 25.049555 -26.721099 -0.575373 7.877159 -0.000001 -0.000004 -0.000002 -1.298904 0.022183 -17.548474 -3.850574 3.827940 -17.374823 -31.713313 2.223052 -15.096349 -0.000002 0.000001 0.000001 -42.621449 -6.272239 10.143676 91.224983 -22.223542 -17.794647 32.292352 7.832069 -6.038182 0.000000 -0.000004 -0.000000 -9.131276 0.939317 -3.603773 23.343498 3.022203 0.602322 -11.974739 -2.102026 -3.613584 -0.000001 0.000000 -0.000000 
-71.925873 102.186996 -9.818875 -47.655145 80.390493 -298.944184 5.137939 0.648979 -5.166826 -3.588019 1.663031 -2.777574 -6.797748 11.225311 6.673489 1.334860 9.698402 -8.394966 0.000000 -0.000002 -0.000000 -2.622340 6.232963 23.564356 5.070903 4.253964 35.303438 -12.664460 1.902787 10.350323 -0.000003 0.000001 0.000000 -2.658556 1.118535 -28.316200 -6.983671 6.896059 -30.364870 -11.200861 -2.236366 -16.210552 -0.000003 0.000003 0.000001 -49.429270 -8.498431 12.730566 94.352930 -25.825773 -21.196789 29.887460 7.503974 -5.863425 0.000002 -0.000001 -0.000000 -1.691822 -0.304397 -5.327318 13.221002 2.355297 -0.670687 -2.530225 -2.779732 -1.471027 0.000000 0.000000 -0.000000 
-69.587479 104.066864 -11.736656 -25.818737 76.355204 -321.126617 3.402828 1.194373 -6.544591 -7.568145 0.756910 -1.518870 -3.976273 15.303821 7.380538 -1.680187 6.176077 -5.569746 0.000000 0.000001 0.000000 -3.865257 6.496638 31.900139 1.369486 -0.455906 47.389905 4.787135 5.739931 14.871856 -0.000004 -0.000001 0.000000 -2.847374 3.270683 -38.705422 -10.584542 14.688656 -43.784754 -10.862338 -4.348989 -33.723427 -0.000005 -0.000004 0.000001 -53.701816 -10.998926 15.575843 96.975313 -28.872757 -24.037932 27.715034 8.234713 -5.094402 -0.000001 -0.000002 -0.000001 3.334562 -1.155910 -7.048438 4.344054 1.633572 -0.934939 8.040746 -1.751779 1.388874 -0.000001 -0.000002 0.000000 
-66.981071 106.407913 -13.519457 -18.743386 73.667121 -328.407462 1.480620 1.681719 -6.773090 -9.017205 0.794245 -1.828090 -3.128261 15.552057 7.988281 1.197883 3.367967 -4.582613 -0.000002 0.000001 -0.000000 -6.398601 6.925527 37.688608 -1.803772 -3.131745 56.676671 10.368449 10.497699 19.817372 -0.000001 0.000002 0.000003 -5.037454 3.303893 -42.424784 -14.436590 18.371392 -50.331404 -7.050260 -8.626666 -40.751477 -0.000001 0.000006 0.000004 -56.965813 -13.229034 17.838065 100.725394 -32.334635 -26.236510 29.628425 11.369291 -4.799468 0.000000 -0.000001 -0.000000 7.179827 -2.063120 -7.898008 -2.705159 1.245524 -0.537207 19.466090 -4.354330 2.794628 0.000000 0.000002 0.000001 
-64.157471 108.984795 -15.161730 -14.694942 70.879305 -332.799738 -0.114271 2.058897 -6.967066 -8.714674 0.439412 -1.691410 -3.651861 17.781453 8.353440 3.676903 3.903846 -5.799341 0.000000 -0.000000 0.000000 -8.074749 7.137666 43.384484 -4.398461 -5.978298 64.801365 18.899784 13.427562 15.439861 -0.000003 -0.000003 -0.000001 -5.912825 4.615152 -48.120049 -15.710412 20.164750 -59.086416 2.940005 -13.792424 -33.716679 -0.000003 0.000006 -0.000000 -59.259889 -14.377285 19.012593 103.695720 -35.673829 -28.523369 33.255351 15.291381 -4.992956 -0.000001 -0.000000 -0.000000 7.454171 -2.609318 -8.532984 -3.666113 1.440383 -0.522692 28.210894 -7.548448 3.815883 0.000000 -0.000001 0.000002 
-61.377987 111.390648 -16.653069 -11.491030 68.375125 -335.919331 -1.187268 2.593878 -8.382024 -8.947830 -0.578458 -0.614109 -3.456080 19.609190 8.259615 5.007135 6.492997 -8.582170 -0.000001 0.000000 0.000000 -9.641540 7.305744 46.542132 -5.631870 -8.551760 71.696639 24.364057 14.749884 12.960240 -0.000002 0.000003 -0.000001 -6.302692 6.156622 -52.391574 -16.537051 22.195468 -65.716023 11.330435 -16.270885 -28.274002 -0.000003 -0.000001 0.000002 -61.100482 -14.812110 18.922882 106.227671 -37.677837 -29.334092 36.147294 17.224996 -5.606565 -0.000001 -0.000000 -0.000000 6.478117 -2.514781 -9.413245 -3.097607 1.439966 0.192013 31.151198 -11.502162 3.452864 -0.000001 -0.000001 0.000001 
-58.432156 113.682747 -17.973301 -9.718063 66.325180 -337.639309 -2.381192 3.117563 -9.489751 -8.282690 -1.352563 0.194648 -3.745594 20.668257 8.028660 6.668070 9.579443 -11.917109 -0.000000 -0.000001 -0.000000 -10.593458 6.799076 49.760865 -6.785122 -10.986079 77.472896 27.333138 16.052632 10.999186 0.000001 -0.000001 0.000000 -6.322442 7.621053 -55.993457 -17.109212 24.113710 -71.864430 17.895791 -17.756854 -22.602520 0.000001 0.000001 0.000002 -60.763678 -15.048570 19.346033 107.565542 -39.502324 -30.344946 37.103118 17.888470 -6.020973 -0.000000 -0.000002 0.000001 5.736767 -2.400601 -9.725085 -5.143440 1.486958 1.541828 31.994098 -15.220269 2.872207 0.000000 0.000001 -0.000001 
-55.396839 115.694405 -19.180489 -7.584931 64.292215 -339.044880 -3.233542 3.541273 -10.331486 -8.185759 -1.660423 0.332525 -3.468410 20.979671 8.008522 7.686744 10.876304 -13.941981 0.000000 0.000000 -0.000000 -11.374364 5.781230 51.927063 -8.354167 -13.515260 81.630664 27.279598 18.802399 12.775964 -0.000001 0.000003 -0.000001 -6.417258 9.252535 -58.323839 -18.511889 25.832122 -75.929963 21.317140 -19.664683 -20.048562 -0.000001 0.000002 0.000001 -59.729314 -14.436715 19.217342 109.171080 -39.144794 -28.915476 36.010198 17.885400 -5.769211 -0.000001 -0.000003 -0.000001 4.132241 -2.363005 -9.927680 -6.942664 0.845360 2.863380 31.565555 -15.912328 2.640493 0.000000 -0.000001 0.000003 
-52.539436 117.338699 -20.339916 -6.224757 63.220477 -340.325158 -3.662861 3.749396 -10.494907 -7.752393 -2.508282 1.251978 -3.238226 21.539003 6.940813 7.514141 12.111290 -15.269784 0.000000 -0.000000 0.000000 -12.134155 5.110061 51.934279 -9.694700 -15.313547 83.895405 25.604487 21.190662 15.686318 0.000002 -0.000000 -0.000004 -6.431073 10.524493 -59.716269 -19.985122 27.074009 -77.950524 22.795401 -21.285342 -20.284680 -0.000001 0.000003 -0.000002 -59.449782 -13.952617 18.724455 111.290119 -37.679418 -25.888799 34.257432 17.302797 -5.336983 -0.000000 -0.000002 -0.000001 2.871821 -2.222871 -9.162933 -9.191551 0.548289 3.377086 29.093689 -16.884566 1.851501 0.000001 0.000000 -0.000000 
-49.669250 118.464836 -21.426594 -4.466962 61.754732 -341.568253 -4.521105 3.928448 -10.738989 -7.115984 -2.227600 0.908577 -2.833340 21.091561 6.802245 7.196899 12.549977 -15.638806 0.000000 -0.000000 -0.000000 -12.346364 4.843278 50.276780 -10.260905 -16.855333 85.672750 22.644654 23.455662 20.307889 -0.000002 -0.000002 -0.000003 -5.863478 11.777755 -59.406103 -19.750315 28.005510 -81.054155 22.964051 -22.479169 -21.742720 -0.000002 0.000005 -0.000001 -59.090282 -12.705507 17.033602 113.476831 -34.364458 -20.830656 31.262677 13.821750 -5.437107 0.000001 -0.000004 -0.000000 1.021051 -1.869328 -7.821788 -11.626584 0.127029 3.738504 26.302153 -16.246734 1.438280 -0.000005 0.000003 -0.000002 
-46.817421 118.964294 -22.471947 -3.156145 60.055367 -341.314006 -3.749422 3.649741 -10.562670 -7.555133 -0.551650 -0.889754 -2.374424 19.538002 7.694270 7.179863 12.757286 -15.743572 0.000002 0.000000 -0.000001 -11.566430 5.873690 48.383906 -8.900471 -17.238340 85.323119 19.530798 23.867809 26.886020 -0.000000 -0.000001 -0.000000 -4.430427 12.189851 -60.215146 -17.475915 27.600192 -83.135205 22.326871 -22.277881 -24.408863 -0.000004 0.000002 -0.000000 -57.539651 -11.123973 15.339970 113.370164 -30.874432 -16.757172 28.586949 12.063587 -5.126959 0.000000 -0.000002 0.000001 -1.836206 -1.244176 -7.907050 -12.397135 -0.175235 4.518778 27.440022 -17.298197 1.249314 -0.000003 -0.000002 0.000001 
-44.147007 119.087837 -23.466278 -2.857135 57.560934 -341.138770 -3.320560 3.433493 -10.284980 -6.999238 0.428530 -2.063318 -3.045064 19.535721 8.391898 8.364061 12.676321 -15.763952 0.000001 0.000000 -0.000000 -10.862233 6.157016 47.465454 -7.985640 -17.913728 85.919791 17.300254 23.834951 31.399630 0.000001 -0.000001 -0.000001 -3.572464 12.529207 -60.021059 -16.211031 27.818512 -83.787228 21.400229 -21.870433 -26.673159 -0.000003 0.000001 0.000002 -54.615033 -11.015849 16.205971 111.477648 -28.386099 -14.792848 24.735566 10.462184 -4.361034 0.000001 -0.000005 0.000000 -3.736347 -0.969294 -7.523283 -10.946088 -0.350130 5.160063 25.786355 -19.010563 0.065787 -0.000002 -0.000003 -0.000002 
-41.484047 118.493919 -24.389111 -1.613339 56.545367 -340.513590 -3.426489 3.408262 -10.469847 -6.853016 1.336012 -3.083426 -2.239065 18.091815 8.185128 7.935359 12.426893 -16.250144 0.000002 0.000001 -0.000000 -10.786972 8.054790 44.271845 -6.812665 -16.498534 84.837534 10.859438 22.117618 36.670234 -0.000002 -0.000003 -0.000000 -2.641791 12.524049 -61.919223 -14.868308 28.242525 -84.752901 19.890312 -21.746276 -29.369776 -0.000001 0.000002 0.000001 -53.132281 -10.096937 15.276770 108.524787 -23.982498 -10.860954 20.308295 6.428890 -4.659394 0.000001 -0.000002 -0.000003 -6.400636 -0.477109 -7.105541 -4.685725 0.233778 5.671633 17.937578 -20.935959 -3.909721 -0.000001 0.000004 -0.000001 
-38.898434 117.369583 -25.303143 -2.137223 55.380291 -338.306974 -1.978099 3.325078 -11.291273 -5.985713 2.445206 -4.570080 -2.252838 15.004455 8.262545 6.520453 14.286466 -17.498467 -0.000001 0.000000 0.000001 -11.895298 11.553076 36.351148 -6.266291 -3.962239 71.838045 -5.699870 18.521783 48.237241 -0.000002 0.000000 -0.000002 -2.574590 13.085731 -62.804798 -15.025245 28.239590 -86.017203 18.598701 -21.800391 -28.807989 -0.000001 0.000003 0.000001 -51.149859 -8.836536 13.861325 100.534777 -21.514449 -11.117996 21.239779 4.259776 -5.832732 0.000000 -0.000002 -0.000002 -8.878787 -0.145489 -6.832116 3.956832 1.420994 5.742568 9.247268 -20.995016 -7.385169 -0.000002 -0.000001 -0.000001 
-36.533615 116.185303 -26.244492 -2.673450 53.113597 -337.895250 -1.009149 3.140144 -11.401561 -4.593503 2.750484 -5.150229 -3.003056 13.529683 7.839689 5.062310 14.021175 -16.498418 0.000000 0.000000 -0.000001 -12.250255 12.254205 34.791662 -5.536381 1.657047 66.380232 -11.492029 17.350159 52.391096 0.000001 0.000001 -0.000000 -2.596699 13.396062 -62.201440 -15.760014 28.693061 -85.601012 17.887038 -23.031519 -29.664594 -0.000001 0.000003 0.000002 -50.891610 -7.306890 11.379988 92.576261 -19.869073 -12.173322 21.909493 3.303838 -6.458821 -0.000000 -0.000003 0.000001 -9.755615 -0.203914 -5.216703 10.513448 2.574719 4.861093 2.496832 -19.942593 -9.363067 0.000001 -0.000003 -0.000001 
-34.218929 114.778145 -27.129475 -3.771798 48.859622 -339.819369 0.222703 2.518332 -9.874162 -3.926345 2.369695 -4.637419 -2.639476 13.991600 7.449699 3.706577 15.145036 -16.521715 -0.000000 0.000001 -0.000000 -12.837868 10.551467 39.505544 -8.424216 -6.231505 71.039616 -7.404125 20.889485 51.076435 -0.000004 -0.000004 0.000002 -3.090678 13.642345 -60.310509 -16.318475 26.773344 -84.920732 12.699018 -23.729491 -31.922962 -0.000002 0.000002 0.000001 -50.702379 -6.001997 8.235864 85.051257 -17.065567 -10.447770 15.824437 0.812346 -6.196211 -0.000009 0.000003 -0.000001 -10.081730 -0.156908 -1.879588 17.956497 4.286611 3.644450 -4.337117 -17.462705 -9.837000 -0.000001 -0.000002 0.000000 
-31.985283 113.382973 -27.961159 -5.871274 45.791750 -341.567133 1.586768 1.853334 -7.559213 -4.001462 3.185621 -5.601099 -2.501938 14.037663 8.102700 3.927380 15.024283 -16.197085 0.000000 -0.000000 -0.000000 -13.185757 9.584168 39.826700 -10.343385 -8.051238 68.348050 -13.152719 19.541504 53.124873 -0.000002 -0.000001 -0.000000 -4.371743 13.186312 -58.161526 -18.344105 24.516694 -79.493525 8.194109 -23.115747 -30.995501 -0.000003 0.000003 0.000002 -47.213450 -4.758653 6.521581 73.668064 -14.349541 -10.184607 11.573225 -0.600457 -6.020480 0.000002 -0.000001 0.000000 -8.098351 -0.640858 1.705220 23.293588 5.408262 3.145513 -8.475816 -15.195431 -9.380171 -0.000004 0.000001 -0.000002 
-29.912556 112.096512 -28.723526 -6.371635 43.439262 -342.772743 1.970139 1.649171 -6.720986 -3.715769 3.722071 -6.242159 -2.440326 14.200999 8.622696 4.541033 14.646741 -15.947631 0.000002 -0.000001 0.000000 -13.741486 9.574851 39.285479 -11.633282 -7.006937 64.598420 -18.791162 17.974671 53.681824 -0.000007 -0.000003 0.000001 -5.309918 12.990823 -55.733842 -19.802948 22.846009 -76.676851 5.300177 -23.442066 -28.988194 -0.000004 0.000002 -0.000000 -44.576034 -3.901046 4.910024 63.020837 -12.125389 -10.561311 9.344340 -1.878282 -6.228172 0.000002 0.000002 -0.000002 -6.701945 -0.691403 3.104518 26.839029 6.112720 3.308905 -11.652211 -14.690719 -9.854645 -0.000001 0.000002 -0.000001 
-27.901936 110.885323 -29.399902 -5.738507 39.898683 -344.228229 1.961772 1.651903 -6.305927 -3.779697 4.597252 -7.478487 -2.666702 14.111780 9.114567 5.760009 14.671952 -16.314793 0.000001 0.000000 0.000001 -14.497452 10.367268 37.948241 -11.900804 -3.487637 60.875427 -17.677800 19.461823 47.657239 -0.000002 0.000001 -0.000000 -6.213776 12.827755 -53.946835 -21.575548 21.460808 -72.850955 7.660637 -23.278186 -21.909804 0.000001 -0.000000 0.000003 -41.918794 -2.912478 3.610378 51.462347 -10.151108 -11.397530 8.886601 -6.369232 -9.061901 0.000003 -0.000004 -0.000002 -5.638314 -0.903123 3.861208 30.522087 6.913972 3.049941 -13.251301 -12.903724 -8.914830 0.000001 0.000001 -0.000001 
-25.943382 109.811119 -30.036152 -5.274045 36.041651 -345.203908 1.007276 1.903733 -7.098508 -2.632121 4.675764 -7.807273 -3.179774 15.025165 9.914710 4.799227 15.429624 -16.615081 -0.000001 0.000002 0.000001 -13.800406 10.014779 35.845840 -11.580582 -2.714896 57.278038 -16.355233 19.568431 48.919659 -0.000006 -0.000000 -0.000003 -5.431602 13.521946 -50.404115 -20.451345 19.098387 -70.842804 7.594805 -22.016442 -20.851120 -0.000003 -0.000001 0.000001 -39.587558 -1.777165 1.990212 40.973649 -8.255428 -12.221678 9.867821 -10.376817 -11.793665 -0.000001 0.000001 -0.000001 -2.873534 -1.115128 3.839932 32.431654 7.243188 3.449122 -11.898198 -11.792649 -7.783991 -0.000001 0.000000 -0.000000 
-24.123558 108.856377 -30.626888 -5.178789 32.934697 -346.027355 1.321393 1.698080 -6.449637 -1.942114 5.497047 -8.949501 -3.707010 15.724998 10.888719 4.591770 15.850736 -17.012803 0.000001 -0.000001 -0.000000 -13.095489 10.776131 32.492880 -9.663114 0.499540 53.909652 -24.995393 14.293924 47.220277 -0.000003 -0.000001 -0.000001 -4.908842 13.474806 -48.502696 -19.549694 17.355415 -68.021731 7.806708 -20.871118 -20.640162 -0.000002 0.000003 -0.000001 -37.848390 -1.079492 1.277248 32.674430 -6.566251 -13.337497 12.768894 -10.439310 -12.165804 -0.000000 -0.000000 -0.000000 0.628501 -1.401436 4.243781 31.687778 6.894082 3.303090 -10.359763 -10.962158 -7.094451 0.000001 0.000000 0.000001 
-22.335270 108.051651 -31.191433 -3.175105 29.228415 -347.629718 -0.399892 1.823458 -6.015708 -0.275209 6.232818 -10.209777 -4.806211 15.424182 11.391147 5.630798 16.900760 -17.834662 0.000001 -0.000002 0.000000 -12.283685 11.293817 28.862395 -8.563813 2.608709 52.285962 -29.556315 12.398664 41.900315 0.000000 0.000001 -0.000006 -4.846263 13.324780 -45.693119 -19.727338 16.024583 -64.495468 5.055085 -20.978323 -22.373543 -0.000006 0.000000 0.000000 -36.345790 -0.517782 0.308376 27.300218 -5.617732 -12.703558 10.432897 -7.662572 -10.100416 0.000000 -0.000001 0.000002 3.638471 -1.506728 3.900241 29.513183 6.736079 3.117162 -6.841729 -10.548168 -5.760487 -0.000003 -0.000000 -0.000003 
-20.612093 107.425774 -31.698738 -0.860690 25.398340 -348.949037 -1.903471 2.002572 -5.989824 0.666742 6.942631 -11.328921 -5.593994 14.289468 11.258436 6.316176 18.944928 -19.490428 0.000002 0.000000 0.000002 -10.659638 11.352649 24.931987 -7.457000 2.768275 50.750508 -28.694410 12.026590 37.209587 0.000001 -0.000003 -0.000000 -4.551159 12.837389 -42.793751 -19.797585 15.705315 -59.118648 1.871576 -20.353031 -26.446627 -0.000000 0.000000 -0.000000 -34.722459 0.223027 -1.013672 23.241554 -5.148720 -10.221161 8.548287 -5.618252 -8.364489 0.000000 -0.000001 -0.000000 4.484141 -1.444513 2.327989 29.562015 6.648882 3.992880 -3.124581 -10.503968 -5.195202 0.000002 -0.000001 -0.000004 
-19.036427 106.898872 -32.149574 0.468676 22.244326 -349.681725 -2.478254 2.152423 -6.278757 1.546196 7.305536 -12.136075 -6.114923 12.758016 11.317608 6.285446 20.835989 -21.199695 0.000000 0.000003 0.000002 -10.370143 12.326333 22.312763 -7.873069 2.187242 49.275153 -27.930778 12.456417 32.180221 0.000003 -0.000003 0.000000 -4.448816 13.167729 -40.565948 -20.816091 15.445293 -53.921543 -0.677729 -19.976876 -29.376206 -0.000005 0.000001 -0.000003 -33.624605 0.613460 -1.715582 21.527906 -5.101867 -8.361900 6.729478 -3.554675 -6.671189 -0.000000 -0.000001 -0.000000 4.963806 -1.410088 1.293675 30.211177 6.743366 4.045390 -0.572433 -9.904024 -4.326800 0.000000 -0.000000 -0.000001 
-17.534386 106.509338 -32.489082 1.964860 19.968748 -349.976625 -2.512138 2.198417 -6.568976 3.757442 6.953285 -12.213024 -7.046565 11.186072 10.480028 6.552641 22.468153 -22.644835 0.000001 0.000002 0.000000 -8.630853 9.646620 18.104207 -9.022982 0.712629 45.707906 -34.986493 11.099793 20.696880 -0.000000 0.000000 -0.000001 -3.552704 14.230732 -38.123845 -20.835871 14.543763 -49.562557 -3.153355 -19.453398 -31.270505 -0.000001 0.000001 -0.000003 -32.824455 1.192803 -2.899071 21.480718 -5.605988 -6.765909 4.285909 -1.216959 -4.483518 -0.000001 -0.000001 -0.000001 1.573650 -1.005030 -1.015610 34.692928 7.737540 6.456945 -0.272352 -10.685554 -4.965484 -0.000002 0.000001 -0.000002 
-16.114210 106.192436 -32.753792 1.290633 16.713864 -350.334445 -0.229164 1.762932 -6.007214 4.533860 6.766501 -12.193284 -7.929732 10.000207 8.884627 6.655825 23.500229 -23.060486 -0.000002 0.000001 0.000001 -7.171016 6.059561 14.255099 -11.275640 -1.875817 41.288224 -38.222705 11.576310 9.430797 0.000001 -0.000005 0.000000 -3.311864 14.642303 -35.140425 -22.024440 14.469197 -43.443562 -5.062730 -18.191814 -31.230753 0.000001 -0.000001 0.000002 -30.058293 1.053825 -2.439154 22.125887 -6.245048 -6.901512 1.359792 0.962474 -2.088972 0.000000 -0.000002 -0.000001 -3.069932 -0.440213 -2.991840 41.411915 9.347902 9.132448 0.965194 -16.578867 -8.179471 0.000004 0.000001 -0.000001 
-14.822836 105.906380 -32.943520 1.254970 14.465801 -350.673687 1.752052 1.378531 -5.586757 2.937968 7.546803 -12.808118 -6.669947 8.071077 8.655918 6.418071 24.684365 -23.408709 -0.000001 0.000006 0.000002 -6.031854 3.998013 11.505919 -11.386462 -2.576217 39.214910 -38.206979 11.834218 4.243966 -0.000005 -0.000005 -0.000001 -2.481198 15.410175 -32.877112 -22.592398 15.197678 -39.638053 -5.939889 -17.255411 -31.068830 0.000002 0.000003 0.000002 -28.638112 0.783653 -1.973827 22.960441 -6.781643 -7.575710 -1.161330 2.850088 0.075424 0.000001 -0.000002 -0.000001 -6.535552 0.134243 -4.266060 46.175337 10.907551 11.342411 1.451151 -21.556499 -10.911181 0.000002 -0.000000 -0.000000 
-13.597701 105.639839 -33.067139 1.426826 12.157036 -350.898838 3.371481 1.098087 -5.320533 3.978817 7.073366 -12.414000 -7.067972 6.548016 7.556977 5.842728 25.576086 -23.930638 -0.000000 0.000002 0.000002 -5.140613 2.002712 8.653438 -9.572082 -0.485019 38.886548 -34.918816 11.744555 4.886746 -0.000003 0.000000 -0.000002 -1.788574 16.229814 -30.234973 -23.250577 15.190464 -35.619918 -7.807528 -16.038107 -30.953977 -0.000001 -0.000001 0.000002 -27.845585 0.700592 -1.865187 24.531912 -6.812896 -8.239127 -3.420060 5.199577 2.706863 -0.000000 -0.000001 -0.000000 -11.185518 1.033197 -6.221811 50.529825 12.357214 13.912790 3.066083 -22.464994 -10.887814 -0.000000 0.000000 -0.000001 
-12.416127 105.405701 -33.165779 2.414978 9.824018 -351.112131 4.191170 0.978474 -5.133417 4.882153 6.882552 -12.285842 -7.679460 5.537850 6.945484 5.212530 26.086468 -24.181484 0.000000 0.000003 0.000000 -4.326906 -0.985806 6.304689 -7.069073 1.923877 38.215322 -28.803406 11.615385 9.762740 0.000001 -0.000003 -0.000001 -1.134968 16.834275 -27.894938 -22.742264 14.274894 -31.803745 -9.761220 -14.050326 -31.331256 -0.000001 -0.000001 0.000003 -27.725521 0.830915 -2.147163 25.365258 -6.872457 -8.736795 -4.818086 7.625811 5.043169 -0.000000 -0.000000 -0.000001 -16.553657 2.332206 -8.435904 51.078672 13.051984 16.230563 3.237131 -23.525205 -11.661160 -0.000003 0.000001 -0.000001 
-11.324869 105.204094 -33.250160 3.260955 7.712679 -351.535138 5.392990 0.756831 -4.497982 4.699089 6.827608 -12.040537 -7.680157 4.016480 6.056592 4.172106 26.853910 -24.199053 -0.000000 0.000003 -0.000001 -4.068251 -2.291461 4.766992 -5.249649 3.779679 37.603446 -24.438314 11.793232 13.643553 -0.000003 -0.000001 -0.000000 -1.005309 16.835303 -25.783717 -22.876535 13.316588 -27.949870 -13.700054 -12.017842 -32.450625 -0.000003 0.000001 0.000002 -27.065586 0.711828 -1.995977 24.809375 -6.785204 -9.271016 -5.989303 9.753454 7.014670 -0.000000 -0.000003 -0.000000 -20.769886 3.394940 -9.587165 49.754506 12.997637 16.423169 1.360307 -23.754548 -12.400081 -0.000000 -0.000000 -0.000001 
-10.273205 105.013672 -33.338139 3.787250 4.748479 -351.825093 6.458270 0.537510 -3.893821 5.612097 6.507952 -11.636108 -8.203383 2.571047 4.765630 2.394463 27.074498 -23.437704 0.000000 0.000001 -0.000002 -3.858668 -3.277196 3.779803 -3.766063 5.307768 36.589620 -20.302117 12.674658 16.521584 -0.000000 -0.000004 0.000003 -2.007766 14.612000 -22.277722 -20.841643 9.867689 -23.541809 -22.726196 -8.706641 -32.533304 -0.000002 0.000006 -0.000000 -26.684608 0.448779 -2.000539 25.609724 -6.679552 -10.106592 -8.196936 11.753761 9.602448 -0.000000 -0.000002 -0.000001 -24.669795 4.701886 -10.984284 46.352806 11.976341 16.146688 -1.812583 -23.752189 -13.827528 0.000004 0.000000 0.000001 
-9.259548 104.830399 -33.389488 2.922939 3.224896 -351.990548 8.554910 0.129447 -2.639707 5.567516 5.924069 -10.655258 -8.214653 -0.065582 2.527964 1.689509 25.639617 -22.201892 0.000000 0.000003 -0.000000 -3.621171 -3.737982 3.123760 -3.379827 5.922027 34.752416 -16.487860 13.916138 19.159652 0.000003 -0.000003 0.000006 -2.433603 13.355232 -18.950794 -17.349294 5.111637 -19.521345 -29.690655 -6.535361 -28.651988 -0.000002 0.000001 0.000001 -23.796657 0.632638 -2.644938 25.134475 -6.494207 -9.089710 -9.544223 12.263064 10.586979 -0.000000 -0.000002 -0.000001 -26.424410 5.816012 -13.110229 41.374882 10.616393 15.791437 -2.856905 -23.687605 -14.334112 -0.000001 0.000002 -0.000001 
-8.319889 104.668922 -33.415951 1.506383 1.739939 -352.048659 10.928001 -0.187598 -1.917862 5.317155 5.580453 -10.097960 -8.337268 -1.266183 1.153173 1.689555 24.332289 -21.196437 -0.000001 -0.000001 0.000002 -3.642711 -3.169011 2.557329 -4.614874 4.867379 33.185393 -14.106916 15.149062 20.497738 -0.000000 -0.000003 0.000001 -3.012774 11.573833 -17.498407 -16.811350 3.704033 -15.828996 -29.327087 -7.473005 -24.038390 -0.000000 0.000004 -0.000000 -21.254835 0.705367 -3.094010 25.072407 -6.665704 -8.727121 -9.479762 13.087649 11.110886 -0.000000 -0.000002 -0.000001 -26.656423 6.429171 -14.541331 36.411083 9.424643 14.699704 -1.453631 -22.889878 -13.190518 0.000002 0.000002 -0.000001 
-7.438095 104.546471 -33.426945 0.740770 -0.578834 -352.215589 12.561608 -0.406849 -1.625957 4.849176 4.917131 -9.236896 -8.608490 -1.917129 -0.236413 1.268842 22.627051 -20.187032 0.000000 0.000002 0.000002 -2.886313 -3.974574 2.605464 -6.512831 2.610137 30.593237 -11.845392 15.499678 22.668018 0.000000 -0.000006 0.000002 -2.568240 11.308827 -17.214249 -16.692421 3.374571 -11.538968 -24.131217 -8.629480 -21.493017 0.000003 -0.000003 0.000003 -19.143878 1.033995 -3.254638 24.323992 -6.652077 -8.847331 -7.374998 14.948115 11.401788 0.000000 -0.000002 -0.000001 -26.436331 6.596245 -15.540002 30.272396 7.557924 11.402617 0.718984 -16.664984 -8.996605 0.000000 0.000001 -0.000000 
-6.635581 104.452347 -33.437603 0.798971 -2.234995 -352.841781 12.177468 -0.422978 -1.283432 4.257699 3.886235 -7.597438 -8.072694 -3.111368 -1.791764 1.104840 21.176701 -19.214114 0.000000 -0.000001 0.000001 -2.523935 -4.798442 2.483321 -9.239858 -0.291949 27.933080 -9.308248 15.723386 24.503000 -0.000002 -0.000000 0.000003 -2.627209 10.242158 -16.231224 -14.853184 1.097269 -8.600052 -20.371196 -9.268491 -17.769330 0.000000 0.000001 0.000002 -16.084679 1.049411 -3.140179 21.797717 -6.192665 -8.290975 -7.081693 14.866535 11.195880 -0.000000 -0.000002 -0.000000 -27.091626 6.780650 -15.586329 24.321072 6.203802 7.069484 4.629166 -8.134932 -2.708121 0.000000 0.000001 -0.000001 
-5.921214 104.358650 -33.456627 0.539461 -3.028495 -353.426882 12.122269 -0.475893 -0.899923 2.142153 3.209457 -6.158867 -6.887674 -3.820777 -3.085090 1.012261 20.280297 -18.515702 0.000001 0.000000 -0.000000 -2.133178 -6.380706 2.500187 -11.611533 -2.686534 25.644478 -6.232850 16.377450 25.739986 -0.000005 -0.000002 0.000002 -3.202362 7.421732 -15.787588 -11.034665 -2.238216 -6.731294 -18.951273 -9.347882 -13.181823 0.000001 0.000001 0.000002 -13.667929 0.901983 -2.927503 19.788342 -5.724820 -7.669209 -6.087194 15.284039 11.240768 -0.000001 -0.000003 -0.000001 -26.921600 6.717106 -15.242520 20.744587 5.427784 2.851611 6.569280 -0.090534 2.207249 0.000001 0.000000 -0.000001 
-5.303962 104.328506 -33.476562 0.778147 -3.236324 -354.162111 11.419854 -0.492569 -0.584663 2.498313 1.808379 -4.195849 -6.747264 -5.735053 -4.831397 -0.497998 19.519571 -17.333413 0.000002 0.000000 -0.000000 -1.972016 -8.196903 2.750660 -14.677566 -5.611757 23.056559 -4.811955 16.478863 27.656869 -0.000001 -0.000002 -0.000002 -3.923186 4.447563 -14.947145 -5.342360 -7.077242 -6.598727 -19.364109 -8.761806 -7.353290 -0.000004 0.000003 0.000003 -14.568244 0.833976 -2.565732 21.788440 -5.742650 -6.296409 -7.130991 13.203021 10.359624 -0.000001 -0.000005 0.000000 -26.993792 6.354275 -14.286407 19.817152 5.108199 -1.819778 6.521947 8.565616 7.308712 0.000000 0.000001 -0.000000 
-4.777590 104.316971 -33.497849 -0.392396 -3.763942 -355.221364 11.298199 -0.653973 0.064582 2.452891 0.655807 -2.406815 -6.862150 -7.953870 -6.414342 -0.450892 18.829443 -16.657780 -0.000000 -0.000000 -0.000001 -0.983342 -10.135892 2.705493 -17.025749 -8.059789 19.424085 -4.347170 15.941942 30.965318 0.000001 -0.000004 0.000002 -3.896029 1.510733 -13.933264 -0.493934 -9.987722 -7.697260 -17.755119 -7.791127 -3.106100 0.000003 -0.000001 -0.000002 -12.250676 0.811596 -2.190527 22.828292 -5.771743 -4.494367 -6.824751 11.930714 9.531997 -0.000000 0.000000 -0.000000 -25.327024 5.518569 -13.088568 18.779334 4.595045 -3.947505 6.285704 13.313289 9.928630 0.000000 0.000001 -0.000002 
-4.324101 104.313362 -33.516968 -1.683462 -4.340052 -356.399872 12.023687 -0.767605 0.386280 1.809326 -0.553021 -0.556464 -7.110027 -9.641005 -7.721365 0.828657 18.608955 -16.672552 0.000001 -0.000000 -0.000000 -0.497644 -11.848886 1.642861 -19.011067 -10.413908 17.435671 -3.166555 16.017079 34.126521 -0.000008 -0.000002 0.000002 -3.656328 0.275043 -12.459480 1.972791 -10.949930 -9.419034 -16.574188 -6.790309 -0.643205 0.000002 0.000001 0.000002 -9.930497 0.693458 -1.412912 23.306252 -5.957348 -3.656223 -6.779666 11.810444 9.471854 0.000000 -0.000001 -0.000001 -22.854438 4.611710 -11.832330 17.551510 4.502770 -4.027334 5.757671 13.719179 10.025761 -0.000001 -0.000001 -0.000001 
-3.973200 104.289665 -33.511681 -1.653612 -6.546924 -357.310336 9.725221 -0.465295 -0.536366 2.919228 -2.055810 1.475434 -7.091033 -10.462231 -8.737478 0.877911 18.110532 -16.517552 0.000001 0.000000 0.000002 -0.181777 -16.362374 3.302348 -23.247939 -13.556750 15.541628 1.907769 18.406115 34.875929 -0.000003 -0.000003 -0.000003 -4.545800 -1.419505 -12.209073 4.037608 -12.956654 -10.987651 -13.499080 -7.011600 2.086460 -0.000001 0.000003 0.000002 -7.854341 0.492218 -0.398131 23.281583 -5.829754 -4.248460 -6.472020 12.112352 9.729646 -0.000000 -0.000001 0.000000 -21.856639 3.693350 -9.064893 14.971889 4.327244 -5.605443 5.306758 14.160575 10.161042 0.000000 -0.000001 -0.000000 
-3.706843 104.260208 -33.456055 -0.061229 -8.151252 -357.322357 6.763635 -0.140480 -1.449823 2.548550 -3.098334 3.132920 -6.190705 -12.185186 -9.964918 -0.693878 18.283114 -15.559135 -0.000002 0.000001 0.000001 0.626235 -17.652916 6.234450 -28.430922 -18.099329 12.093683 7.957313 19.620835 35.155349 -0.000000 -0.000001 -0.000000 -4.920600 -3.658067 -12.665500 6.354010 -13.914762 -13.088680 -12.145271 -6.179073 3.714887 0.000000 0.000005 0.000001 -8.950551 0.246388 -0.084641 24.928425 -5.733522 -4.892209 -6.763160 12.481222 10.346323 0.000001 -0.000001 -0.000001 -23.083118 3.508242 -6.887178 15.167820 4.382088 -7.581911 3.821037 12.871760 9.475077 -0.000001 0.000001 -0.000000 
-3.477314 104.249176 -33.388168 1.332869 -10.428498 -357.436640 5.210216 0.077699 -2.123736 2.892785 -3.515028 3.743125 -6.427804 -12.849779 -10.022425 -1.738988 18.258098 -15.183932 0.000002 -0.000001 -0.000002 1.237720 -18.889277 9.512498 -32.156872 -20.494324 9.304368 11.227159 19.775320 33.463101 -0.000002 -0.000003 -0.000000 -5.443826 -4.878521 -13.381526 7.698125 -15.165965 -15.159878 -10.375395 -5.917751 4.591840 -0.000000 0.000003 0.000003 -10.796767 0.010419 0.466571 26.034873 -5.581034 -6.370432 -6.994078 13.940887 11.639433 0.000001 -0.000000 -0.000000 -24.763066 3.271941 -5.000192 15.957600 4.235396 -9.230277 2.200995 13.129260 9.592171 -0.000001 0.000001 -0.000001 
-3.280199 104.227699 -33.320896 3.171535 -11.003655 -357.750118 3.359544 0.264293 -2.148433 2.720136 -3.989011 4.418938 -6.267800 -14.266583 -10.178683 -2.147377 17.757650 -14.673160 -0.000001 -0.000001 0.000001 1.976035 -20.031285 13.982268 -34.883552 -22.842063 9.344670 12.403349 17.601022 26.085235 -0.000004 0.000002 -0.000001 -6.198430 -6.071534 -14.611883 8.550810 -16.619631 -17.880783 -8.822449 -5.907622 3.955596 -0.000001 0.000005 0.000001 -9.850366 -0.139269 1.481415 23.017434 -4.634400 -7.555208 -6.461645 14.907783 12.114432 -0.000001 -0.000001 0.000001 -25.855302 3.116608 -4.021170 15.473213 3.955322 -9.349673 2.372925 12.473378 9.252155 0.000000 0.000001 -0.000000 
-3.105948 104.205040 -33.222172 4.311631 -9.452416 -358.255744 2.543095 0.296936 -1.938567 2.792656 -4.444746 5.026898 -6.163460 -15.606895 -10.232586 -2.960303 16.049906 -13.018906 0.000000 -0.000003 -0.000000 2.762657 -21.221890 16.908403 -36.343430 -23.952637 8.945570 7.461682 15.257676 23.383716 -0.000003 0.000000 -0.000002 -6.834043 -7.600686 -15.306988 8.897996 -17.617723 -21.522056 -6.867000 -6.405536 0.985008 0.000002 -0.000000 0.000004 -11.306646 -0.714124 3.935925 23.822853 -4.683090 -11.187042 -5.562413 17.348243 13.269944 -0.000001 -0.000002 0.000000 -25.485685 3.035475 -4.009856 15.555793 4.029343 -8.358038 1.703368 10.431738 8.009671 -0.000000 0.000000 -0.000001 
-2.947050 104.181007 -33.108112 4.908925 -7.769092 -358.646622 2.093310 0.260202 -1.592107 2.598840 -4.718742 5.391870 -6.120045 -16.672019 -10.320038 -2.924553 14.753180 -12.091435 -0.000001 0.000001 0.000001 3.116012 -21.120658 18.365759 -37.615153 -23.976993 6.759991 2.703242 13.414162 22.367101 -0.000001 0.000003 -0.000000 -7.112176 -8.701414 -15.703602 8.635813 -17.594036 -24.429485 -4.755734 -6.832453 -2.329856 0.000000 0.000004 0.000001 -13.118897 -1.298879 6.001743 24.609096 -4.718229 -14.552486 -5.119015 20.068329 14.875191 -0.000002 -0.000002 -0.000001 -25.215395 3.064519 -4.351618 15.188664 3.972749 -7.154869 1.485345 8.646114 6.774297 -0.000001 0.000001 -0.000000 
-2.767361 104.105034 -32.955997 4.831459 -5.505306 -358.923873 2.017745 0.239433 -1.518248 2.154020 -4.835642 5.434374 -5.699872 -16.953544 -9.767805 -1.108136 12.707867 -11.217455 0.000001 -0.000001 -0.000000 3.209565 -20.632058 18.467325 -38.415292 -22.382974 2.922981 -3.217164 11.543248 21.867976 -0.000003 -0.000003 0.000001 -7.431797 -9.857898 -16.561991 8.246323 -17.563449 -28.139531 -2.026040 -7.302313 -5.712213 -0.000003 0.000002 0.000000 -15.734825 -1.972623 8.416764 27.793141 -5.463852 -19.573155 -6.205694 24.375803 18.411996 0.000001 -0.000003 -0.000002 -25.050607 3.162316 -5.123157 17.348978 3.959160 -5.925376 -0.607671 6.907308 5.091846 0.000000 0.000001 -0.000001 
-2.554810 103.995544 -32.754990 2.249125 -2.353360 -359.502199 3.950369 0.029254 -1.326188 2.330822 -4.921416 5.771987 -5.665711 -16.557248 -8.950278 1.000291 10.238360 -9.391869 -0.000001 -0.000000 0.000001 2.769890 -20.360084 16.966398 -38.042876 -19.299213 -1.622212 -8.896111 10.392438 20.592317 -0.000000 -0.000003 -0.000000 -7.446552 -9.495359 -17.249460 7.772532 -17.870292 -31.967748 1.875857 -8.832175 -9.654982 -0.000004 0.000005 0.000002 -13.696247 -2.454589 11.215210 27.242845 -4.914832 -24.558118 -8.390990 30.040015 23.883141 0.000000 0.000003 -0.000002 -23.301534 3.104014 -5.926520 19.342327 3.756199 -4.541456 -1.429383 4.908652 3.715052 -0.000001 0.000001 -0.000003 
-2.324673 103.901146 -32.530952 1.139067 0.965215 -359.985120 3.947028 -0.038899 -1.055496 2.102874 -5.272548 6.303385 -5.022185 -16.886383 -8.555900 2.147467 8.178543 -7.682475 -0.000001 0.000000 0.000001 3.164088 -20.791074 16.672698 -37.456566 -18.320160 -2.648998 -11.177424 9.637148 17.925077 -0.000002 0.000000 -0.000002 -6.968423 -8.415686 -17.452696 7.923241 -18.031853 -34.601588 5.238364 -10.172996 -13.195943 -0.000004 0.000005 0.000002 -13.884143 -2.794047 13.152291 25.872748 -4.471908 -27.583029 -8.957054 35.286239 28.068901 0.000000 -0.000001 0.000001 -21.847076 2.884121 -6.686392 20.105075 3.626249 -3.175461 -1.750960 2.965792 2.204120 -0.000001 0.000000 -0.000001 
-2.009440 103.798843 -32.305016 0.255029 5.211819 -360.614399 3.967301 -0.079503 -0.743258 1.708799 -5.894750 7.235520 -4.575182 -16.404812 -7.676779 4.126605 5.265135 -5.633108 0.000000 0.000001 0.000000 3.248344 -20.705384 17.835898 -34.850501 -18.538703 2.026667 -11.730560 9.105544 9.835544 -0.000001 -0.000003 -0.000000 -6.543933 -6.745185 -17.635950 5.899176 -15.551157 -36.402207 -2.429318 -8.934615 -13.473378 -0.000001 0.000004 -0.000000 -14.074030 -3.524831 15.129977 22.660169 -3.223881 -29.550001 -7.608832 40.688591 30.698938 -0.000001 -0.000004 0.000001 -20.194791 2.878145 -7.232656 20.509767 3.676782 -1.825280 -1.212141 -0.363858 0.093231 0.000000 -0.000001 0.000001 
-1.580637 103.668442 -32.148701 0.567008 10.545087 -362.321154 2.913236 -0.438417 1.894616 1.547495 -6.044016 7.501680 -4.107097 -15.148190 -6.565399 4.749389 1.643139 -2.529066 0.000003 0.000001 0.000000 2.785589 -18.198998 18.630208 -31.133054 -16.735623 4.293233 -14.469308 8.071050 2.428506 0.000000 -0.000003 0.000000 -6.116820 -5.230732 -18.713801 2.450659 -10.472656 -36.772434 -13.823661 -6.206511 -11.950003 -0.000001 0.000004 0.000000 -15.901876 -4.237466 16.771412 18.110629 -1.753087 -29.129169 -5.950471 43.449654 31.216953 -0.000001 -0.000005 -0.000000 -18.640739 2.261695 -5.916779 21.632867 3.745056 -1.616820 0.158715 -5.084888 -2.632788 0.000000 0.000001 -0.000000 
-1.158391 103.512115 -31.974861 0.444721 16.267649 -362.746948 2.921348 -0.739652 3.207925 2.470119 -5.931078 7.427685 -5.274211 -14.670956 -5.563686 5.129006 -1.368773 0.190137 0.000002 0.000001 0.000000 3.525986 -18.888063 19.960208 -27.730834 -15.238634 6.829982 -18.200936 7.548085 -2.003864 -0.000000 -0.000006 -0.000002 -5.269586 -3.107760 -19.198429 1.739887 -8.893463 -37.862245 -22.956867 -4.399862 -11.213794 -0.000002 0.000004 0.000001 -16.478036 -4.357101 16.920967 15.485331 -0.868356 -28.036547 -3.865344 43.361381 29.582027 -0.000000 -0.000005 0.000002 -16.943068 1.843031 -5.537934 24.451804 3.804705 -1.135346 1.908305 -9.541957 -4.950161 -0.000003 -0.000001 0.000001 
-0.686314 103.328552 -31.786671 1.866096 23.867649 -362.787356 3.890502 -1.145625 4.891987 1.150185 -5.990546 7.459160 -6.088048 -13.519701 -5.258498 3.932682 -5.094077 3.703320 0.000000 0.000000 -0.000000 4.142395 -19.336911 22.686519 -26.029305 -14.497244 9.512450 -19.001610 8.296947 -4.769700 0.000003 0.000000 0.000003 -5.982000 -3.906662 -20.966468 -0.701646 -6.130893 -39.274947 -21.630224 -5.562562 -13.379603 -0.000000 0.000003 0.000002 -18.261861 -3.843737 13.822954 15.200552 -1.912574 -23.799924 -5.734924 38.213611 27.467177 -0.000001 -0.000005 -0.000001 -19.927073 2.365820 -5.707567 30.768414 4.775673 -1.113299 5.273825 -15.524298 -7.054561 -0.000003 -0.000001 -0.000001 
-0.138984 103.077560 -31.651115 2.625593 32.477379 -362.341836 3.463448 -1.121257 5.429103 -0.660489 -6.621349 8.269021 -6.202173 -15.091342 -6.291438 1.745234 -7.849689 6.394020 0.000000 0.000000 0.000000 2.993806 -17.738537 24.400991 -25.257691 -12.444008 11.552075 -13.303125 10.423710 -8.898689 -0.000002 -0.000005 0.000005 -6.703463 -2.824965 -21.429333 -1.591405 -8.742624 -42.399041 -14.572583 -9.685305 -15.019402 -0.000004 -0.000001 0.000002 -20.533483 -3.282808 9.865699 17.655248 -4.022737 -19.663806 -8.109292 31.704113 24.492392 -0.000001 -0.000001 -0.000001 -23.082576 2.690966 -4.521444 36.940528 5.934757 -4.093240 9.953656 -17.406741 -5.488464 -0.000002 0.000002 -0.000001 
0.419625 102.828468 -31.573196 2.734838 39.576783 -361.800530 3.525216 -1.269620 6.306907 -3.446916 -5.572183 6.519774 -4.735815 -16.441841 -5.299877 1.931849 -10.394593 8.768511 0.000001 0.000000 0.000001 2.031031 -16.145585 25.084271 -20.104604 -7.166679 14.363331 -3.226189 10.960506 -13.773364 0.000002 -0.000003 -0.000001 -8.051660 -4.859543 -21.801474 -1.747709 -11.923375 -45.515418 -9.850344 -12.661876 -15.284369 -0.000003 0.000001 -0.000002 -20.571896 -2.761981 8.216087 18.539329 -5.249045 -17.701397 -9.494438 26.889299 21.710175 -0.000001 -0.000000 -0.000001 -25.934011 2.548500 -2.876518 42.900623 6.719583 -6.147747 13.225230 -15.840945 -2.930827 -0.000002 -0.000001 -0.000001 
1.008889 102.605438 -31.527428 3.374483 49.415182 -360.958449 2.095078 -1.026218 6.077248 -3.920548 -6.548040 7.560715 -6.005437 -19.844198 -7.552063 0.588023 -12.205697 9.780461 -0.000001 -0.000001 -0.000001 -0.302230 -13.720839 23.853664 -16.385887 -2.227818 18.613423 2.113337 12.529357 -17.953482 0.000003 -0.000003 0.000001 -9.825472 -6.334037 -21.224405 -3.050580 -15.440934 -49.086083 -6.573053 -16.703200 -15.674292 -0.000002 -0.000003 0.000003 -19.229855 -2.487777 6.553223 18.386468 -5.915381 -14.135683 -7.811859 20.460411 15.616819 0.000000 0.000000 -0.000001 -29.971075 2.615032 -1.368820 49.462925 7.749133 -6.080104 10.687750 -13.553692 -1.761056 0.000000 0.000004 -0.000003 
1.637671 102.427750 -31.476227 3.099420 60.794776 -360.638715 0.757499 -1.138740 7.303408 -5.252279 -7.316605 8.173447 -6.941286 -23.103578 -10.178619 -0.211346 -13.909069 10.126274 0.000000 0.000000 0.000001 -1.779977 -12.240825 23.821248 -14.392095 1.306462 21.062135 5.630280 13.373556 -20.614996 0.000002 0.000002 0.000003 -10.788480 -6.945046 -20.238320 -4.505857 -17.573416 -52.136186 -4.941900 -19.186232 -17.359605 -0.000001 0.000000 0.000001 -18.659853 -2.440689 6.161097 16.648053 -5.362177 -13.022425 -5.604298 15.652333 10.640008 0.000000 -0.000002 -0.000000 -32.604810 2.869489 -1.490143 50.391753 8.768537 -2.629310 7.413174 -12.153330 -1.780052 0.000002 0.000002 -0.000002 
2.259920 102.296715 -31.415947 2.001455 71.563519 -359.717650 -0.258103 -1.517199 9.253617 -6.086020 -7.140537 7.791329 -7.936199 -25.228757 -12.248522 -0.590330 -14.981456 10.473756 -0.000000 -0.000000 0.000001 -1.902245 -12.622681 24.392320 -14.024443 2.582302 20.994058 5.719539 13.621417 -22.850487 0.000000 0.000001 -0.000000 -11.045303 -7.249847 -20.291980 -4.587239 -18.992113 -53.467684 -4.971536 -19.949451 -19.401613 -0.000004 0.000001 0.000006 -18.832252 -2.232639 5.646435 16.830471 -4.990217 -14.313353 -6.032291 15.023428 10.283245 -0.000000 -0.000002 -0.000000 -33.287890 2.991647 -1.859559 47.972366 8.906019 -0.613175 3.525315 -8.656296 -0.981690 -0.000001 -0.000002 -0.000002 
2.918922 102.307152 -31.372700 -2.744353 83.307045 -356.203818 -2.001035 -1.870470 10.398019 -4.916091 -7.501840 8.379103 -9.796398 -25.139828 -14.435062 2.209115 -16.791501 12.536339 -0.000003 -0.000002 -0.000000 -0.446433 -13.948685 27.423003 -13.590416 1.723101 18.112460 2.155642 12.503918 -23.839618 -0.000003 -0.000001 -0.000000 -10.563523 -8.252721 -19.971693 -2.975154 -18.381006 -51.834961 -2.946543 -20.281709 -23.927881 -0.000002 0.000003 0.000001 -18.290051 -1.950224 4.940879 18.284432 -4.819276 -13.436234 -6.596929 16.925747 12.266483 -0.000000 -0.000000 -0.000001 -32.602194 3.671074 -3.785036 40.203477 8.363607 2.980579 2.404461 -4.576406 0.805871 0.000001 0.000001 -0.000002 
3.662325 102.420090 -31.378250 15.325638 95.330357 -375.708325 -3.138729 -2.167330 10.766457 -2.617356 -7.434398 8.729843 -11.053766 -23.739313 -15.626501 2.500908 -16.544890 12.917343 0.000000 -0.000003 -0.000002 1.525066 -13.165740 29.250094 -11.530918 -1.594959 18.762569 4.411188 11.077177 -13.415467 -0.000001 -0.000003 -0.000000 -9.101207 -10.248592 -19.670323 -0.545818 -13.925348 -47.098355 2.504338 -19.763461 -29.508179 0.000001 -0.000000 0.000004 -16.322544 -1.468906 4.596579 18.560581 -4.477556 -9.332356 -7.498773 12.193943 9.893649 -0.000000 -0.000001 -0.000000 -29.906106 3.183501 -3.570049 30.247619 6.100007 2.156365 4.768538 4.158928 5.831573 -0.000001 0.000000 -0.000000 
4.411177 102.524117 -31.389378 9.281464 105.785082 -370.037957 -1.813393 -1.769287 8.525960 -1.732077 -6.897652 8.340189 -10.629022 -22.561105 -15.073860 1.120609 -14.609973 11.463521 0.000000 0.000001 -0.000000 2.304363 -10.999996 27.408444 -11.896126 -8.131950 20.996078 7.104940 9.944116 -1.319836 -0.000002 0.000001 -0.000000 -7.806589 -11.878435 -19.901838 1.576093 -8.726833 -41.508006 11.120791 -20.472918 -33.847829 -0.000001 0.000001 0.000002 -14.560076 -1.428321 3.944626 18.613573 -3.625208 -6.200731 -8.060112 7.996593 7.594755 0.000000 -0.000004 -0.000001 -26.396571 3.242155 -4.192459 21.892095 3.979507 0.074417 6.784864 12.019606 9.961237 -0.000001 -0.000002 -0.000001 
5.216251 102.566658 -31.374580 8.493900 116.391314 -368.743335 -2.840324 -1.431285 7.183932 0.212217 -6.271668 7.615092 -9.896321 -21.155618 -12.778354 1.582146 -12.265960 9.539587 0.000001 -0.000001 -0.000001 0.838553 -5.814364 27.856435 -9.827874 -7.637734 19.840006 7.583206 9.103671 5.903848 -0.000003 -0.000006 0.000004 -10.362863 -17.177584 -24.167385 1.930951 -6.711356 -37.377500 4.246314 -17.080780 -39.440658 0.000001 0.000001 0.000001 -12.494030 -0.975358 2.969137 18.461979 -3.637722 -5.357853 -8.719232 5.427331 5.775411 -0.000001 -0.000002 -0.000001 -22.122891 2.977588 -5.234321 15.606868 3.478375 -2.263787 6.432952 16.098628 12.315104 -0.000001 0.000003 -0.000001 
6.110819 102.610809 -31.393719 6.808307 127.555600 -367.150863 -7.405005 -1.239216 6.698757 3.633416 -5.743663 6.930716 -8.354313 -16.257857 -9.586241 -0.226613 -9.777301 7.729855 0.000000 -0.000000 0.000002 0.146734 -3.682266 27.627582 -7.217237 -8.584973 26.435245 -1.752390 3.831749 -3.375135 -0.000005 -0.000001 -0.000000 -9.972781 -19.013568 -21.849394 2.752253 -5.646477 -42.223762 -12.946588 -7.444421 -39.744058 -0.000002 0.000004 0.000002 -11.931662 -0.445825 3.703766 16.110751 -3.677754 -6.604495 -5.062969 8.758905 6.132801 -0.000000 -0.000002 -0.000000 -17.022993 2.243071 -6.616342 10.696132 3.571374 -2.185677 4.136811 11.810821 9.832427 0.000001 -0.000001 -0.000000 
6.991429 102.667221 -31.437004 5.506430 136.883507 -366.710589 -10.617646 -1.301354 7.107941 6.095648 -5.789288 7.173581 -7.788384 -13.634698 -7.962096 -2.211809 -7.089816 5.750950 0.000001 -0.000001 0.000000 -0.880828 -1.194147 28.848417 -4.155950 -6.103996 30.244224 -7.729302 2.207172 -9.264751 -0.000004 -0.000004 0.000002 -9.877756 -18.684133 -21.049822 0.787958 -2.718656 -46.597043 -6.002631 -9.015244 -39.983839 -0.000001 0.000003 0.000001 -11.743659 -0.790655 5.011677 13.361458 -3.527273 -9.017622 -3.927787 14.353146 9.345604 0.000000 -0.000002 -0.000000 -12.843857 1.622763 -6.479011 6.925729 4.051530 -2.451698 2.280691 7.990641 7.730340 -0.000002 0.000000 -0.000000 
7.764710 102.751007 -31.475559 4.038512 148.603196 -365.652483 -12.115775 -0.952114 6.216590 6.278099 -6.124878 7.400300 -6.653590 -10.546848 -5.850440 -4.710544 -3.769678 3.092139 0.000002 -0.000005 -0.000001 -2.676934 -0.682174 28.902741 -3.599310 -0.798426 32.227968 -9.257594 4.819212 -16.842391 0.000001 0.000002 0.000003 -11.761463 -18.396706 -21.189009 -2.778583 -3.787195 -49.769744 -6.410754 -12.474912 -37.293369 -0.000001 -0.000003 0.000001 -14.785575 -0.887678 4.560043 14.252996 -3.868237 -12.961390 -4.368364 20.878691 13.765612 -0.000001 -0.000002 -0.000001 -9.757337 0.991598 -7.037806 7.988986 4.896143 -2.464003 0.750015 0.973048 3.396883 -0.000001 0.000001 -0.000000 
8.386004 102.787544 -31.500523 3.793764 160.845709 -364.726638 -8.872154 -0.725723 5.818952 2.362420 -5.643777 6.118588 -3.351902 -7.746930 -3.460781 -7.266489 0.024294 -0.072051 0.000000 -0.000003 -0.000002 -4.041964 -1.274983 26.432892 -3.614985 3.778409 34.497380 -7.600575 6.526746 -23.291859 0.000002 -0.000003 0.000001 -10.923294 -13.211018 -19.001778 -6.189705 -4.902912 -51.776194 -9.080626 -12.985608 -32.009275 -0.000004 -0.000003 0.000002 -15.241320 -0.018817 2.653333 13.486634 -3.954199 -15.187028 -6.968514 25.539133 18.139190 0.000000 -0.000001 0.000000 -6.955595 0.419902 -8.618679 12.409703 5.561709 -0.013151 -0.232902 -7.388561 -1.973945 -0.000001 0.000000 -0.000000 
8.901622 102.806999 -31.511433 2.911903 172.020541 -363.915921 -10.021348 -0.662923 6.115794 0.816261 -5.109101 5.167180 -0.950792 -7.240986 -2.579834 -10.097208 3.403118 -2.602953 0.000003 0.000002 0.000000 -5.051253 -0.914783 23.888607 -4.071860 5.954602 36.200218 -3.595853 6.761627 -27.426461 -0.000001 -0.000001 -0.000006 -10.887970 -10.943661 -18.167040 -8.118789 -5.534232 -53.448860 -7.097499 -14.835396 -29.861129 0.000001 0.000003 0.000002 -16.373613 0.468896 0.911950 14.148587 -4.358189 -15.002777 -9.617016 25.283779 19.353534 0.000000 -0.000000 0.000000 -6.727062 0.438183 -10.177256 15.818225 6.013469 3.448600 -0.811399 -15.133070 -7.005368 -0.000002 0.000001 -0.000001 
9.305705 102.785507 -31.472103 2.821259 182.980276 -363.000977 -8.838299 -0.601683 6.337915 -1.651338 -4.060627 3.662810 0.313686 -7.996120 -1.413566 -10.928007 8.056244 -5.811104 -0.000001 -0.000000 -0.000000 -5.815494 -0.625223 21.544032 -4.693151 7.173398 36.611754 6.458855 6.274742 -26.542901 0.000002 -0.000002 0.000003 -11.403435 -10.028850 -19.175493 -8.072304 -8.635497 -54.721840 -6.319113 -15.832898 -26.926569 0.000001 -0.000001 0.000003 -14.357932 0.929227 -0.887074 14.617438 -5.245902 -12.840175 -11.707237 20.796580 16.929968 0.000000 0.000001 0.000000 -7.402986 0.733205 -11.262495 20.684360 7.190277 5.876272 2.110927 -21.823248 -9.661268 0.000001 0.000001 -0.000002 
9.658997 102.677917 -31.436764 2.490363 194.160162 -361.963881 -8.542999 -0.358396 5.860426 -0.563442 -3.039314 2.258887 -1.977340 -6.946407 -0.401013 -10.170895 11.619724 -8.635319 0.000001 -0.000001 0.000000 -7.093854 1.189073 21.774998 -5.272163 9.173526 34.995506 15.124424 7.413629 -22.836309 0.000001 -0.000004 0.000003 -11.636095 -7.802110 -21.458585 -8.854271 -11.613266 -52.740098 -7.510208 -15.972522 -23.986438 -0.000000 0.000003 0.000002 -12.887110 1.212859 -2.308518 14.494288 -5.753139 -11.528238 -13.300341 16.266536 14.043531 -0.000001 0.000000 -0.000001 -9.367185 1.275640 -12.381914 27.435760 8.823652 8.360144 4.668889 -26.429897 -10.817894 -0.000001 -0.000000 0.000001 
9.971663 102.568352 -31.410557 2.318304 204.699704 -361.111227 -8.585706 -0.088390 4.924874 -1.079285 -2.098769 1.041342 -2.506236 -6.801177 0.561437 -9.134314 13.524998 -10.173101 -0.000001 0.000002 0.000000 -7.274389 1.735191 22.048815 -5.327743 9.219010 33.467059 19.543879 8.328784 -19.064279 -0.000004 -0.000003 0.000001 -11.366580 -6.084753 -22.918140 -8.353749 -13.416523 -51.454557 -8.438802 -15.506452 -22.992037 -0.000002 0.000006 -0.000000 -12.131875 1.247185 -2.927149 16.071232 -6.155475 -10.014847 -14.646022 12.038332 11.320186 0.000001 0.000000 0.000000 -11.243192 1.950929 -13.607431 31.574547 9.859066 10.591135 5.229542 -27.546255 -10.937695 0.000002 0.000001 -0.000000 
10.237259 102.490723 -31.412460 2.091151 215.708289 -360.755320 -7.687678 -0.190756 5.098452 -1.226228 -0.949785 -0.480148 -4.312219 -6.116648 1.801796 -7.583990 14.336471 -10.484843 -0.000001 0.000001 0.000001 -7.258452 3.734789 23.632217 -3.285758 10.400170 31.528580 18.642610 10.683955 -11.068286 0.000001 -0.000004 -0.000003 -11.449187 -5.871287 -25.964670 -8.096813 -11.140634 -49.077669 -11.342133 -13.635575 -24.553345 -0.000003 0.000002 0.000001 -12.171033 1.388727 -2.824179 17.592365 -6.674940 -8.190407 -15.186891 8.458158 9.043464 -0.000001 -0.000002 0.000001 -15.101577 2.910201 -14.535561 33.972572 9.711291 8.043314 3.135842 -21.818481 -8.742628 -0.000002 -0.000000 0.000001 
10.521370 102.357315 -31.466595 1.950087 227.210477 -361.102457 -6.881860 -0.014683 4.298089 -2.765297 0.676398 -2.217445 -3.468939 -3.144509 2.978879 -8.624463 14.449598 -9.804930 0.000001 -0.000002 0.000001 -7.171366 7.204666 25.184460 -3.285585 5.524987 32.406000 11.990444 10.397882 -3.320716 -0.000000 0.000000 -0.000001 -11.673624 -9.088005 -29.010907 -5.789412 -7.525877 -44.931628 -11.333389 -11.109326 -30.744123 -0.000004 -0.000003 0.000002 -13.561097 1.107094 -0.993927 20.701381 -6.239273 -6.826423 -15.454362 4.558061 6.338237 0.000001 -0.000001 -0.000000 -16.335461 3.088905 -14.083547 31.387847 7.998066 4.478625 0.561174 -16.015981 -6.825437 -0.000003 0.000000 0.000001 
10.805151 102.271263 -31.491207 0.068540 239.994597 -361.908693 -6.130255 0.359543 2.559525 -4.091577 2.109578 -3.592388 -2.805985 -0.883163 3.498298 -8.404413 15.185309 -9.948011 -0.000001 0.000002 0.000001 -7.840196 11.517600 25.766144 -1.315938 4.130494 35.647714 -0.834540 10.328726 5.389706 0.000001 -0.000004 -0.000002 -11.026125 -9.909921 -30.140983 -4.079565 -5.752311 -38.293684 -17.594613 -6.876377 -22.957490 -0.000001 0.000000 0.000001 -16.754299 1.005306 -0.985678 24.667377 -6.067481 -4.493938 -15.427068 0.398497 3.216374 0.000000 0.000001 -0.000001 -15.609091 3.147970 -14.744498 28.196397 6.640978 3.281290 -2.191224 -12.966204 -6.402476 -0.000001 0.000004 0.000001 
11.084333 102.151649 -31.527447 -4.282460 252.556353 -365.770919 -4.323582 0.237718 2.206046 -5.964837 2.726806 -4.099325 -1.656786 -2.079604 2.011141 -9.906969 16.474659 -11.000610 0.000000 -0.000000 0.000000 -5.527289 10.337531 24.577439 -0.182662 1.399581 39.366308 -6.895561 7.733634 12.101740 -0.000005 -0.000001 -0.000000 -9.297188 -11.017963 -27.205084 -0.726232 -4.992286 -36.449974 -15.142512 -5.128098 -31.191855 -0.000002 -0.000001 0.000002 -20.969126 0.367869 0.771387 29.987167 -6.073014 -3.188279 -14.946947 -0.561300 2.653172 -0.000000 -0.000001 -0.000001 -17.106552 3.389322 -13.572566 29.608447 5.601595 1.526286 -6.399373 -11.650948 -8.160986 -0.000002 0.000003 -0.000001 
11.317144 101.992279 -31.547852 -31.802744 265.425686 -392.811446 -3.237213 -0.195401 3.394650 -5.163074 3.433007 -4.635540 -1.778305 -0.204028 1.649112 -9.885276 15.308356 -9.864344 0.000000 0.000001 0.000002 -3.160283 6.889668 25.901879 3.533323 2.429149 37.363880 -14.894559 3.552263 5.541394 0.000001 0.000003 0.000001 -8.737864 -11.128168 -30.927271 -1.756399 2.275831 -44.436173 -23.111571 -1.183245 -51.597568 -0.000001 0.000002 -0.000000 -24.994910 0.376861 -1.312746 35.224662 -7.103511 -4.358069 -12.757448 4.143536 6.069919 -0.000001 -0.000003 0.000000 -14.652967 3.455391 -13.061308 30.416472 5.655989 0.929184 -8.820608 -12.973089 -10.386409 0.000002 -0.000001 -0.000003 
11.515503 101.820763 -31.560493 24.485169 278.056865 -337.342743 -2.303433 -0.566000 5.088782 -4.939529 2.793624 -3.681221 -1.505204 1.612379 0.404414 -8.976821 16.273742 -10.685267 0.000000 -0.000003 0.000001 -3.105614 6.111999 26.993493 4.501456 4.655705 38.542218 -17.932230 3.424865 -0.823778 -0.000002 -0.000003 0.000001 -9.593187 -12.940256 -30.428759 -2.431205 2.962460 -43.600817 -34.310509 5.502443 -54.307046 0.000000 0.000002 0.000000 -28.191232 -0.470658 -0.813384 38.304118 -8.479084 -8.934543 -7.653935 8.836620 7.575982 -0.000000 -0.000001 -0.000001 -12.753640 3.081161 -11.047022 29.503234 6.253153 -0.047397 -8.198488 -11.930053 -8.967701 -0.000002 0.000000 -0.000000 
11.673524 101.625710 -31.570896 13.450611 290.366942 -349.120038 -2.065280 -0.655444 5.943752 -2.257924 2.829590 -4.368077 -3.225650 1.740312 1.063195 -9.314154 15.818109 -10.252660 -0.000001 -0.000001 0.000001 -3.202495 3.475270 27.301601 4.172277 7.780245 38.458541 -17.100721 4.808793 -8.857192 -0.000001 -0.000001 0.000001 -10.897119 -13.380979 -30.303275 -5.460646 3.017010 -42.920858 -45.837157 8.746431 -43.082675 0.000002 0.000002 -0.000000 -32.320056 -0.601443 -0.297980 37.790597 -9.216635 -15.307432 -3.572370 15.734618 10.400199 0.000003 -0.000005 -0.000001 -10.675109 2.225731 -10.076275 29.643940 6.731533 2.366346 -9.321035 -16.712870 -12.693480 0.000002 -0.000001 -0.000001 
11.813678 101.507507 -31.566505 9.994530 304.000409 -352.544640 -0.665072 -0.868896 6.024378 0.462889 2.061621 -3.631433 -4.236840 2.462682 0.643371 -10.111078 15.714894 -10.231954 0.000000 0.000003 -0.000000 -2.366376 3.422559 26.266141 7.551123 11.677401 37.072914 -17.508357 3.848002 -16.868670 -0.000002 -0.000001 -0.000000 -9.347974 -12.126668 -27.970528 -4.241384 1.405225 -44.502675 -50.352667 8.145064 -34.142828 -0.000001 0.000004 -0.000001 -31.512119 1.197856 -4.387528 31.521019 -7.702316 -13.823386 -4.914710 23.234215 16.120180 0.000001 -0.000000 -0.000000 -10.435500 2.259594 -10.498382 30.699938 7.194239 9.095635 -8.819845 -21.855291 -16.324856 -0.000001 0.000000 0.000001 
11.929167 101.372246 -31.551773 7.791528 315.568427 -353.914066 0.302399 -0.955216 5.959255 1.019311 1.385334 -2.972299 -3.741885 4.685372 0.706464 -9.238608 15.650987 -10.561636 0.000000 0.000002 0.000001 -2.704102 4.460653 25.252961 9.143163 14.800035 37.549744 -11.848002 2.702329 -24.001290 -0.000001 -0.000002 0.000002 -8.406595 -9.957891 -26.623352 -3.899025 -0.792288 -46.236573 -48.426359 5.009980 -27.234100 -0.000000 0.000006 0.000001 -29.102323 2.545666 -7.353959 28.489810 -7.390571 -11.679939 -3.883405 25.633497 16.737430 0.000000 -0.000003 -0.000000 -7.892797 1.919790 -12.596721 32.743094 8.134736 12.600497 -3.256715 -23.332382 -14.541160 -0.000004 -0.000004 -0.000002 
11.999646 101.278229 -31.535587 7.286332 327.217534 -354.377398 1.467811 -1.196536 6.651593 1.505029 1.299440 -3.009808 -4.372337 6.458422 1.864012 -9.224623 16.867509 -11.634024 0.000001 -0.000000 -0.000000 -2.098574 2.864555 22.464533 7.174379 12.683082 38.488598 -9.089169 2.055548 -22.995565 -0.000002 -0.000004 0.000002 -6.183546 -5.134660 -23.890952 -3.674672 -1.657810 -48.908273 -38.231547 1.799655 -29.384888 -0.000002 0.000006 0.000001 -28.601902 3.051021 -8.354236 26.788470 -7.183051 -10.752475 -9.275423 25.175485 19.581037 0.000000 -0.000002 -0.000000 -11.695027 2.585238 -12.846367 43.187802 10.038531 11.415923 1.891988 -16.627272 -8.099327 0.000003 0.000001 -0.000004 
12.043681 101.279411 -31.514965 7.025635 338.392297 -354.339013 3.046963 -1.531829 8.100510 1.968893 1.443219 -3.583843 -5.894829 7.329551 3.055312 -8.524801 19.037552 -13.824145 0.000000 0.000000 0.000000 -2.648655 2.578906 19.996924 4.429929 11.560645 38.388484 -8.316472 4.438819 -19.042188 -0.000001 -0.000005 -0.000001 -5.405302 -1.176188 -22.730424 -6.491572 0.944792 -52.156540 -27.820259 -2.851947 -32.255203 -0.000002 -0.000002 -0.000000 -26.222309 3.691450 -9.954500 24.504572 -6.834253 -8.734399 -9.560174 20.470401 16.070682 -0.000000 -0.000002 0.000000 -16.692422 3.565748 -13.256007 47.727497 10.176951 8.524406 -0.616312 -18.303437 -10.253706 -0.000001 0.000002 -0.000003 
12.051950 101.292038 -31.502007 7.121911 347.916422 -354.081351 2.421437 -1.771295 9.138429 2.254636 1.557821 -3.961143 -6.365254 7.268021 3.750506 -7.999876 21.356065 -15.737297 0.000000 -0.000001 0.000000 -3.455277 3.486153 18.946641 3.746741 12.866953 38.450683 -8.627002 6.990810 -16.597945 -0.000001 -0.000004 0.000004 -5.689825 0.246213 -22.950146 -8.234734 2.068446 -54.607219 -21.470625 -6.998665 -33.813446 -0.000004 0.000003 0.000002 -23.374796 3.920186 -11.173900 22.118396 -6.752875 -7.077834 -10.400303 16.643873 13.404439 0.000000 -0.000001 -0.000000 -20.168575 4.491908 -14.065718 49.809797 10.102617 5.780353 -2.342769 -19.651713 -11.552065 -0.000001 -0.000001 0.000000 
11.998798 101.339569 -31.479946 8.104762 357.592314 -353.776533 0.758155 -1.856686 9.427851 1.624591 1.725870 -4.272383 -6.021677 6.527701 4.638946 -8.661154 23.954501 -17.479738 -0.000001 0.000001 -0.000000 -4.857012 6.983395 19.661085 3.408427 14.526428 38.040575 -6.952341 9.496926 -12.477645 0.000002 -0.000002 0.000002 -6.752394 -0.079887 -25.186336 -9.149207 1.240441 -56.251379 -20.434760 -9.541022 -36.448977 -0.000005 0.000001 0.000003 -20.440839 3.910392 -11.738234 19.423767 -6.678157 -5.082709 -9.678850 11.654976 9.069162 -0.000000 -0.000002 -0.000001 -23.772999 5.562737 -15.065806 47.555209 8.749338 0.790391 0.075481 -17.286995 -8.959155 0.000000 0.000000 -0.000003 
11.842899 101.385132 -31.449200 8.872945 367.924696 -353.715280 0.395736 -1.691954 9.014088 1.291590 1.974195 -4.686539 -6.581843 7.846150 6.070769 -9.471309 24.287126 -17.677610 0.000000 -0.000001 -0.000000 -6.365509 8.705594 21.411185 1.897096 14.659521 35.985521 -2.098112 11.972499 -6.489947 -0.000001 -0.000003 0.000001 -6.864718 1.867157 -27.029649 -10.266153 0.658626 -58.140073 -18.694742 -12.071179 -40.158323 -0.000001 -0.000003 0.000002 -19.988330 3.887266 -11.683609 20.070096 -6.997057 -2.827779 -9.221125 7.221468 5.358127 0.000000 -0.000001 -0.000001 -24.720191 6.195503 -16.577719 40.120719 7.359794 -4.320605 0.386757 -10.855618 -4.617722 0.000000 0.000000 -0.000001 
11.613729 101.399284 -31.405067 9.316066 377.487780 -354.055068 0.453554 -1.716643 8.904083 -0.879272 3.063036 -5.790516 -5.677944 7.141286 7.598965 -9.103785 22.207103 -15.932782 0.000001 0.000004 0.000001 -7.239564 11.317703 22.452649 -0.172239 11.895397 34.813532 2.267053 13.876252 -0.765643 -0.000000 -0.000001 -0.000000 -7.230076 1.273552 -27.969135 -10.409980 1.772044 -58.313491 -17.759026 -13.408210 -44.207928 -0.000002 0.000001 -0.000002 -20.179466 3.491296 -10.653993 22.542098 -7.283794 -2.094741 -8.496522 5.219355 3.793008 -0.000001 -0.000002 -0.000000 -23.394472 6.164726 -17.593078 34.598385 6.546116 -7.904886 -0.637486 -5.447926 -1.442406 -0.000003 -0.000001 -0.000000 
11.189560 101.265045 -31.318439 8.987811 388.257869 -355.210053 1.138530 -1.551454 7.493316 -2.287293 2.991765 -5.203201 -5.910061 6.302195 7.712779 -11.907050 19.740843 -12.840495 0.000003 -0.000001 -0.000001 -5.888151 9.699039 20.431951 -2.168810 6.895301 34.959429 8.938825 16.316717 8.762857 -0.000007 -0.000002 -0.000002 -6.560561 0.428652 -26.716652 -8.779721 3.344788 -56.264151 -15.064996 -13.843445 -47.011137 -0.000001 -0.000001 0.000000 -22.075738 2.347207 -6.842053 28.418590 -7.130481 -4.365096 -9.890216 8.022985 7.320619 -0.000000 -0.000003 0.000001 -20.282911 5.412438 -17.432847 34.070889 5.634724 -8.351173 -3.874154 -5.393380 -2.726766 -0.000000 0.000001 -0.000003 
10.571575 101.061073 -31.258965 8.126999 399.828510 -357.469507 1.811644 -1.410999 6.374312 -2.988511 0.993915 -2.147655 -5.797250 9.052746 5.405014 -14.005719 15.849712 -9.466424 -0.000002 0.000002 0.000001 -5.163481 11.100423 22.147196 0.710707 5.482128 31.441854 3.785202 14.776402 18.916219 -0.000001 -0.000002 0.000001 -6.194698 -3.768912 -24.804262 -7.312249 5.744634 -49.953111 -9.849684 -13.554758 -51.123805 -0.000000 0.000002 -0.000000 -25.654535 0.945461 -2.498070 32.602918 -6.831418 -8.169950 -11.634505 10.634460 10.793639 -0.000000 -0.000000 -0.000001 -16.541499 3.978234 -14.570907 32.524435 5.311456 -4.395278 -6.631093 -9.348156 -6.735293 0.000000 0.000001 -0.000001 
9.902204 100.856995 -31.197250 9.230015 410.227281 -360.156777 1.230431 -1.109143 4.636477 -5.433408 0.265029 -0.843301 -3.116530 10.160450 4.441409 -17.497314 14.498543 -7.980385 -0.000001 0.000002 0.000000 -5.225314 12.751512 22.982181 3.924584 6.970755 26.999663 0.083652 12.178002 22.150450 -0.000002 0.000000 -0.000002 -6.337311 -6.342236 -24.161104 -6.163405 5.779035 -43.727629 -6.154460 -14.748824 -55.072522 -0.000000 -0.000000 -0.000001 -29.529107 -0.043561 -0.142895 33.096768 -5.892190 -12.590795 -8.555153 12.479023 11.259126 -0.000001 0.000000 -0.000000 -14.447669 3.089173 -12.262334 30.421584 4.325840 -1.988412 -7.478384 -12.189452 -9.658343 0.000000 0.000004 -0.000002 
9.178621 100.614250 -31.225384 11.258821 422.326661 -362.784951 2.670937 -1.239202 4.674666 -4.565362 2.389338 -3.545631 -5.074899 12.573414 7.636022 -17.665963 14.383338 -6.853573 0.000001 0.000000 -0.000000 -3.356947 10.123204 23.921826 5.471862 6.325673 30.870727 -4.427223 6.914217 11.184687 -0.000003 -0.000001 -0.000000 -4.642005 -5.547464 -20.019151 -3.586996 0.529125 -28.097276 -0.227735 -11.685686 -28.486679 -0.000001 0.000004 0.000002 -31.317298 -0.143303 0.369474 28.754755 -5.231229 -15.568735 -5.612609 20.148022 15.343718 -0.000000 -0.000002 0.000001 -11.435334 2.128349 -11.556198 27.860128 4.459799 2.674359 -8.387583 -17.433788 -13.728973 0.000001 0.000003 -0.000001 
8.416023 100.442581 -31.244511 16.895494 434.349816 -370.181309 2.751755 -1.367005 5.751589 -0.966000 2.589112 -4.092835 -7.404159 11.083766 7.573502 -15.842402 18.039943 -8.566117 -0.000002 0.000001 -0.000001 -3.563251 11.275205 28.220781 9.534616 9.924863 30.968136 -8.600285 3.587679 -0.790161 -0.000002 -0.000001 -0.000001 -5.453771 -9.491324 -20.468596 -2.929659 1.495872 -30.901856 -13.799551 -6.001029 -24.394905 0.000000 -0.000001 0.000000 -30.617672 -0.494375 0.365783 24.691308 -5.414173 -14.357720 -5.953731 24.711676 18.347083 -0.000001 -0.000002 0.000001 -12.736007 2.420162 -9.576892 31.673332 6.504609 6.170862 -2.000457 -19.168992 -11.468570 0.000001 0.000003 -0.000000 
7.722472 100.259056 -31.254475 59.837525 445.362867 -413.765128 1.152095 -1.323720 6.785372 1.194351 1.365321 -3.043120 -7.386082 9.282994 5.611923 -14.758500 17.334424 -8.811033 0.000001 0.000000 0.000000 -5.170003 10.922202 31.415544 10.234675 14.606406 30.841740 -8.314278 3.575788 -12.627248 -0.000002 -0.000001 -0.000000 -6.999439 -9.696850 -20.290885 -6.707811 1.396865 -32.235747 -20.686068 -5.293854 -24.788102 0.000001 0.000002 -0.000000 -30.712915 -0.011343 -0.476090 23.878843 -6.239956 -12.771667 -6.004937 21.563194 15.540021 -0.000000 -0.000004 -0.000001 -14.283749 2.757034 -10.745005 36.837700 8.759915 9.660364 2.082579 -18.006848 -8.484666 0.000003 -0.000002 -0.000001 
7.060794 100.164902 -31.280567 -15.804641 461.580086 -337.935384 -0.110790 -1.346874 7.980589 2.793886 0.326393 -2.113204 -7.556091 10.459151 4.982411 -14.781528 16.358429 -8.761592 0.000003 -0.000001 -0.000000 -6.473062 9.744715 30.116445 7.973248 17.057600 32.944659 -6.467421 4.996761 -18.636965 -0.000002 -0.000004 0.000002 -8.672957 -9.870107 -19.658008 -10.510264 1.189764 -37.284562 -23.816503 -6.128937 -23.913182 0.000002 0.000003 0.000001 -28.992449 1.250591 -2.308365 22.015182 -6.060889 -10.515272 -5.060159 15.388817 10.231620 -0.000000 -0.000002 -0.000001 -15.508885 3.372948 -15.291834 44.070467 10.877099 11.610565 4.945642 -15.099086 -5.164619 -0.000004 0.000000 0.000001 
6.439061 100.163597 -31.292133 -6.272969 474.617824 -347.931885 -1.341010 -1.717870 10.536824 3.428491 0.381577 -2.591822 -6.704736 11.976942 4.653613 -14.924213 18.715521 -10.883281 0.000000 0.000002 0.000002 -7.804229 7.754812 27.715738 2.998952 17.091876 35.538051 -1.653507 9.685608 -16.309418 -0.000002 0.000001 0.000000 -9.508461 -6.436343 -19.028941 -14.495678 1.828143 -43.292027 -24.416350 -9.413991 -23.467009 -0.000003 -0.000000 0.000005 -28.572710 1.907774 -3.910924 21.018413 -6.021041 -7.772600 -3.148497 9.543931 5.055730 0.000000 0.000002 -0.000000 -18.515405 4.296772 -17.305591 48.124809 12.334521 13.241799 3.925842 -15.592524 -5.582037 -0.000003 0.000000 -0.000000 
5.900231 100.207275 -31.296078 -3.607117 486.520276 -350.871162 -1.288240 -1.828007 11.698652 2.732509 0.416113 -2.775806 -5.430816 12.907214 4.421885 -15.438294 20.620386 -12.603934 0.000000 0.000003 0.000001 -8.883300 6.496522 25.250465 0.218067 17.289359 37.633297 -0.166191 12.957639 -12.983651 -0.000002 -0.000003 -0.000001 -9.999075 -3.593934 -19.471111 -16.696541 1.878370 -47.964163 -22.534640 -11.388147 -26.954542 0.000000 -0.000002 0.000004 -28.073160 2.546600 -5.706513 23.037545 -6.114685 -7.163404 -3.726393 6.538113 3.040380 -0.000001 -0.000000 -0.000000 -21.327296 5.018380 -17.711763 48.207028 12.757380 14.732875 3.271746 -16.312443 -6.123563 -0.000004 -0.000000 -0.000000 
5.520566 100.342194 -31.277061 -3.489251 498.905868 -351.778921 -2.296984 -1.875822 12.034033 3.436734 0.859904 -3.707430 -5.651476 11.893542 5.245302 -17.069864 23.388280 -14.052122 -0.000002 0.000001 0.000000 -10.218392 8.458933 23.911073 -0.148709 18.090176 39.443803 1.890881 15.046924 -7.954788 -0.000002 -0.000006 0.000002 -10.135718 -1.760959 -21.398303 -16.463355 0.934494 -53.401564 -20.138705 -12.724053 -32.888006 -0.000003 0.000002 0.000000 -27.117716 3.482908 -8.193760 23.948253 -6.708794 -3.403683 -6.058269 4.268707 1.743000 -0.000001 -0.000004 0.000001 -24.869853 5.617125 -16.473134 40.492729 10.597769 10.659927 3.421807 -18.054490 -6.667297 0.000001 0.000004 0.000001 
5.317967 100.530991 -31.332470 -2.273552 512.887921 -352.320364 -3.718359 -1.668215 10.976245 0.104786 0.341214 -2.660538 -1.464857 8.349131 4.402452 -15.988313 24.543021 -15.382846 0.000000 -0.000000 -0.000000 -11.132202 9.569729 23.363716 -1.198984 17.230902 39.216791 6.259361 17.306794 -3.998935 -0.000002 -0.000007 0.000001 -11.071067 -2.082934 -24.088284 -14.371333 -2.961719 -58.816972 -22.860911 -12.530563 -36.609435 -0.000003 0.000001 0.000001 -23.625723 3.998350 -10.154064 22.783194 -7.095847 -0.364271 -6.480057 -2.526184 -3.664749 -0.000000 -0.000005 0.000000 -21.856742 5.183013 -17.628032 34.509702 8.853535 3.249596 2.481531 -10.330741 -2.164834 -0.000003 0.000001 0.000000 
5.199887 100.701118 -31.399338 -0.474647 525.972377 -352.813367 -3.066000 -1.601568 10.627375 -2.328012 0.588113 -2.750388 0.090649 5.515791 4.678262 -14.728342 24.061068 -15.513234 0.000000 -0.000001 -0.000000 -11.205572 9.737837 23.630262 -1.746934 17.095018 38.729758 9.779807 18.864159 -2.914277 0.000002 -0.000006 0.000001 -12.701990 -4.786554 -26.701048 -13.603846 -4.935862 -61.625395 -26.127068 -12.142794 -36.066828 -0.000001 0.000003 0.000003 -20.414985 3.906580 -10.745100 22.934556 -7.761010 1.509867 -8.437609 -8.233679 -7.963611 0.000000 -0.000001 -0.000001 -18.334692 4.562042 -19.025926 30.423575 8.151534 -1.510327 0.546485 -4.566648 0.890987 0.000003 -0.000000 -0.000001 
5.285478 100.765251 -31.428444 0.297306 540.355117 -353.550235 -6.791871 -1.037048 8.453887 0.822711 0.292766 -2.468156 -2.999265 3.421840 5.332098 -12.744902 20.673601 -13.777095 0.000000 0.000002 0.000001 -11.334056 9.733259 25.544679 -3.787709 14.693641 36.810119 10.868089 17.942202 -6.739299 0.000001 -0.000001 -0.000000 -13.945020 -6.828363 -28.765509 -13.010446 -7.493258 -60.302743 -27.392076 -12.350557 -32.995541 -0.000001 0.000003 0.000001 -20.007622 3.035636 -8.195165 24.978145 -8.048580 -1.372772 -11.228939 -4.490384 -4.066730 -0.000001 -0.000002 0.000000 -14.591731 3.742278 -19.802253 28.412197 8.318131 -0.785223 -2.288904 -5.316472 -0.064499 0.000003 0.000001 -0.000002 
5.531728 100.796310 -31.473545 1.749961 554.769493 -355.112791 -7.302730 -0.770224 7.444893 0.633435 0.308185 -2.363521 -4.691193 2.041441 5.037996 -11.810126 16.716914 -11.022843 0.000001 0.000002 0.000000 -10.270793 8.273505 27.416036 -2.616301 12.927101 35.412321 11.214075 15.120015 -6.124515 0.000002 -0.000003 -0.000001 -13.783306 -8.451324 -28.291803 -10.742635 -8.413386 -55.164894 -23.899115 -11.476966 -34.611208 -0.000004 0.000001 0.000003 -19.125240 1.649787 -3.594248 27.358475 -8.180108 -5.769999 -11.448318 1.350280 1.241331 -0.000001 -0.000004 -0.000000 -8.995460 1.827427 -16.590881 23.658464 7.902226 2.035151 -4.670402 -11.556281 -5.026078 -0.000002 0.000000 0.000001 
5.845400 100.772232 -31.498199 2.001755 567.843131 -356.458994 -7.863832 -0.467561 5.961974 1.270407 -0.300870 -1.430453 -6.423683 2.898752 3.965095 -12.418851 14.916134 -8.832022 -0.000001 -0.000001 -0.000000 -9.413333 8.164042 27.766029 -2.296019 10.542439 35.241427 11.001940 13.265615 -4.270142 -0.000001 -0.000002 -0.000001 -13.529654 -9.928246 -27.405992 -8.896467 -8.385264 -50.615100 -19.226528 -11.783988 -36.652967 -0.000001 0.000005 0.000003 -21.031462 0.967681 -1.495672 27.550543 -8.158442 -10.741264 -10.548126 6.860094 5.707478 0.000000 0.000000 -0.000000 -5.551886 0.591105 -13.009808 20.288602 7.328700 3.861990 -4.526006 -16.498365 -8.282136 -0.000000 -0.000001 0.000001 
6.335233 100.696869 -31.527721 1.262672 581.536841 -358.401910 -5.172419 -0.498441 4.980494 -1.716173 -0.834544 -0.247560 -5.361587 5.344795 2.654900 -14.072760 15.846109 -8.583598 0.000000 0.000002 0.000002 -6.933092 7.305414 24.983789 -1.279168 5.950486 28.381482 5.628801 10.138025 4.416653 -0.000004 -0.000003 0.000001 -10.411037 -9.325884 -24.511835 -3.088260 -8.183065 -46.058868 -10.226037 -10.698731 -38.906270 0.000001 0.000003 0.000001 -24.023686 0.713901 -1.281911 26.303492 -6.264629 -12.056903 -8.981152 9.160759 7.576502 0.000000 0.000003 0.000001 -5.014736 0.489336 -10.286676 19.603671 5.652295 6.231651 3.737080 -20.128649 -7.958292 -0.000003 0.000003 -0.000002 
6.969703 100.544716 -31.538177 -0.284743 595.107989 -362.467593 -3.009177 -0.621985 5.190153 -4.421951 0.038352 -0.870671 -3.478725 7.497932 2.852857 -15.415214 15.772657 -8.623186 0.000001 -0.000002 0.000000 -5.737990 7.484047 24.986567 2.453248 5.462460 32.794016 -3.288949 5.127968 -5.446337 -0.000001 -0.000003 0.000001 -8.076036 -8.602790 -20.528620 1.081977 -9.345830 -37.248129 -6.197792 -7.804309 -17.443169 -0.000003 0.000001 0.000002 -25.908648 0.185567 -1.627851 24.487579 -5.015883 -10.654476 -9.740529 6.556696 6.344270 -0.000000 -0.000001 -0.000000 -9.075909 1.591456 -8.615666 25.537312 6.351470 10.547984 12.086357 -20.160671 -5.183191 0.000001 0.000007 -0.000003 
7.669364 100.381004 -31.544674 -2.588542 608.120538 -364.581865 -0.946813 -0.684046 4.976419 -0.983636 0.826061 -2.037542 -5.476468 6.513785 2.553142 -14.712151 17.229509 -9.767956 0.000002 -0.000001 0.000001 -3.733083 6.473874 23.626850 7.144833 7.668161 34.296723 -10.569591 1.467031 -12.038237 -0.000004 0.000001 0.000001 -6.600929 -9.477027 -19.210640 6.154905 -11.903193 -29.437555 -5.506728 -3.630295 -2.126670 -0.000003 0.000003 0.000002 -25.232618 1.251712 -4.235772 25.171212 -4.372996 -7.204321 -10.502355 1.413095 3.227486 0.000000 0.000001 0.000001 -13.424575 2.593819 -10.699890 34.570835 7.361487 12.388574 17.081798 -17.602506 -3.066888 -0.000004 -0.000003 0.000001 
8.375211 100.214828 -31.543053 -16.758668 621.730591 -378.662628 2.272423 -0.909771 5.384973 -2.428526 1.190694 -2.335702 -5.286271 5.499531 1.612251 -15.767292 16.949044 -9.135624 -0.000000 -0.000000 0.000000 -3.235795 7.339959 25.962193 8.416681 8.485960 34.435136 -15.141459 1.317032 -7.136272 -0.000000 -0.000003 0.000002 -6.651410 -10.420832 -21.853621 3.086122 -6.438307 -34.750698 -12.400010 -3.309338 -18.508643 -0.000000 0.000004 0.000000 -26.540852 1.489080 -5.041065 27.498393 -5.342934 -6.481549 -13.900981 -1.964696 1.364102 -0.000002 -0.000002 -0.000000 -20.043252 4.025092 -10.798724 43.936712 9.395232 11.918056 15.188575 -17.725415 -3.959979 -0.000001 0.000001 0.000001 
9.071853 100.042488 -31.506405 23.572433 638.056656 -337.598164 5.233925 -1.067029 7.019988 -3.474341 0.689768 -1.825057 -4.375697 4.583591 -0.322936 -16.454967 16.202180 -8.565737 0.000001 0.000004 0.000000 -4.057048 5.236385 26.716971 4.551230 9.240463 35.640941 -13.583832 5.626696 -6.619434 0.000001 0.000001 0.000000 -8.507804 -10.008445 -24.986809 -2.748542 -2.592983 -41.355583 -11.492545 -7.048173 -28.493249 -0.000003 0.000004 0.000001 -26.506371 2.756304 -8.016439 31.821424 -7.315796 -4.032118 -17.436862 -5.759074 -1.841851 0.000001 -0.000000 -0.000000 -24.629611 5.220667 -11.793526 50.250754 11.703938 11.094208 5.527821 -20.528627 -8.505432 0.000000 -0.000000 -0.000000 
9.699867 99.900894 -31.435005 8.832072 651.450875 -351.369765 7.542827 -1.200630 8.020289 -2.428946 1.073564 -2.258095 -4.480340 3.481908 -0.440509 -15.871517 16.591008 -9.071187 -0.000001 -0.000000 0.000001 -3.862734 3.698937 26.293018 1.492258 6.306895 36.282409 -11.374865 7.338148 -3.598079 -0.000001 -0.000000 0.000003 -8.759599 -9.290438 -26.416079 -4.853424 0.193878 -46.811337 -13.736362 -8.335661 -37.462304 -0.000001 0.000003 0.000003 -25.489306 3.291369 -10.295071 34.970036 -8.570644 -1.846079 -19.896812 -9.292425 -5.295222 0.000000 0.000000 0.000001 -27.920469 6.143010 -11.725308 53.130901 12.398532 8.548161 -1.512394 -20.858211 -11.246590 0.000001 0.000000 -0.000000 
10.234333 99.876373 -31.336750 5.783313 666.278014 -353.681429 7.801622 -1.363607 9.695928 -0.904132 1.046059 -2.521550 -4.897415 6.125556 0.404663 -12.439378 15.258820 -9.830822 0.000000 0.000000 0.000000 -4.210778 1.978013 25.388293 1.634996 9.603223 36.486119 -15.550884 8.905743 -7.564014 -0.000001 0.000001 0.000000 -8.198341 -4.933591 -27.400043 -8.587425 3.676620 -51.054004 -23.396601 -5.905936 -38.492607 0.000001 -0.000000 -0.000001 -21.789412 3.854446 -12.432580 34.796371 -8.970859 2.983597 -20.443548 -15.339362 -12.097216 -0.000001 -0.000003 0.000001 -28.861835 6.852334 -13.657286 46.376230 11.274142 7.135701 -0.808259 -17.322278 -8.486267 0.000001 -0.000002 0.000002 
10.620396 99.974419 -31.225868 6.340437 680.899646 -353.974909 5.614125 -1.742037 11.055839 0.537511 0.595254 -2.279803 -5.670751 7.207911 1.198885 -11.333155 14.477887 -10.188995 0.000000 -0.000000 -0.000000 -3.697434 1.131621 23.209801 1.612837 10.633153 38.450922 -14.637674 9.040910 -10.830365 -0.000003 0.000001 0.000000 -7.127804 -1.889387 -26.751460 -11.008358 7.107683 -54.874266 -20.965544 -8.579123 -42.945330 -0.000001 0.000002 -0.000000 -18.975191 3.565985 -12.081802 31.192480 -8.842867 6.355010 -20.383100 -20.938606 -18.677898 -0.000000 -0.000002 0.000000 -30.922315 6.925660 -12.739131 37.669231 8.981617 1.308383 1.855502 -6.665906 -0.979292 -0.000002 0.000000 0.000001 
10.905319 100.125633 -31.101788 7.336888 693.581613 -354.186918 4.655329 -1.905757 11.738621 0.898811 0.337597 -2.158950 -6.007390 7.336932 1.707748 -11.431708 15.019536 -10.926231 0.000002 -0.000000 -0.000000 -3.643918 0.276356 21.429811 1.481261 12.028690 39.895552 -9.866761 9.194918 -13.515796 -0.000006 -0.000003 -0.000000 -6.297446 1.093733 -26.042584 -11.656128 6.448481 -57.763907 -19.002227 -10.601704 -44.852794 0.000000 0.000001 0.000002 -18.378437 3.292908 -10.813222 29.721131 -8.703426 7.371118 -19.348072 -23.986301 -22.393586 -0.000001 -0.000000 -0.000004 -33.309046 6.952570 -11.939627 31.589618 7.703275 -3.912036 1.538445 2.836743 4.868128 0.000002 -0.000001 -0.000001 
11.031802 100.307823 -30.956177 8.075104 706.072499 -354.314096 4.906811 -1.765390 11.261475 0.949797 0.207972 -2.235251 -6.537951 6.447431 2.615700 -12.119655 16.889552 -12.259812 0.000000 0.000000 -0.000000 -4.325049 0.046263 19.784951 1.498017 13.633491 40.771561 -0.975079 8.581584 -16.548416 -0.000003 -0.000004 -0.000002 -7.280055 0.586425 -25.201825 -11.677057 3.846465 -59.294703 -19.906638 -10.680930 -39.812298 -0.000002 0.000004 -0.000003 -16.030507 2.821713 -8.982651 30.320084 -8.155742 6.528935 -13.604195 -24.598971 -22.675499 0.000002 0.000000 -0.000001 -33.192138 6.961272 -12.696538 26.119895 6.853274 -7.413194 -0.033858 10.809273 9.861105 0.000001 0.000000 -0.000001 
11.004051 100.363449 -30.768959 9.065035 719.055268 -354.612657 3.628035 -1.812085 10.559948 0.317996 0.975948 -3.285829 -6.718948 5.707445 4.044019 -11.395226 17.967984 -12.752907 0.000000 0.000002 0.000000 -4.824207 0.997551 19.539378 2.592712 16.559507 39.800660 5.261059 8.949330 -18.242057 -0.000004 -0.000003 -0.000001 -7.785580 0.155324 -25.259503 -11.720493 1.167750 -57.263480 -17.939564 -12.407124 -35.553375 -0.000004 0.000000 -0.000000 -19.491338 2.555465 -7.315324 33.175653 -8.436279 1.270315 -9.727766 -15.532286 -13.921304 0.000001 -0.000003 -0.000001 -31.282584 6.934267 -13.897567 25.810021 6.856111 -9.000158 -2.215731 9.682096 9.226111 -0.000002 0.000000 -0.000000 
10.896576 100.302147 -30.537022 9.248331 730.481683 -355.311987 2.388689 -1.713317 9.394672 0.958272 1.221721 -3.535572 -7.535289 5.957878 5.350096 -10.452116 18.294868 -12.681821 0.000001 0.000000 0.000000 -5.116209 2.604791 20.349473 2.381112 15.932564 37.407560 10.057527 9.496081 -16.191822 -0.000001 0.000001 0.000000 -7.670135 -0.277735 -24.641571 -10.899859 -0.081158 -55.133939 -15.119771 -13.416223 -33.407937 -0.000004 -0.000001 0.000003 -22.198671 2.109247 -5.773065 36.581564 -8.807669 -2.849450 -8.752975 -6.249689 -5.667205 -0.000000 -0.000001 -0.000002 -28.709928 6.478232 -14.316990 27.350190 6.735918 -8.034673 -4.606546 6.121064 6.492334 -0.000001 0.000000 -0.000001 
10.596301 100.148178 -30.345100 9.083183 742.718431 -356.306626 3.013771 -1.511493 7.718408 0.997390 0.825894 -2.651043 -8.686325 7.170877 5.427683 -10.934349 17.132353 -11.551405 0.000001 -0.000003 -0.000001 -5.167288 5.748824 21.467510 1.754101 12.480041 33.291192 9.444576 10.724380 -7.534381 -0.000001 -0.000006 0.000003 -7.461743 -2.856437 -23.575098 -8.505582 -1.225371 -51.589522 -12.494546 -12.944890 -34.582665 -0.000003 0.000002 0.000004 -25.912623 1.386573 -3.563651 38.265213 -8.946266 -7.899435 -9.375255 2.421027 2.158336 -0.000002 -0.000002 -0.000001 -24.600144 5.321958 -13.601511 27.425522 6.061342 -6.120622 -5.793634 0.270832 1.589415 0.000001 -0.000001 -0.000001 
10.136867 99.931625 -30.188183 8.777566 755.896052 -357.979503 4.269872 -1.622232 7.143500 0.303241 0.576589 -1.782122 -8.969818 6.402832 4.321025 -12.350408 15.098318 -9.058087 -0.000002 0.000009 0.000002 -3.152487 6.101298 21.097805 2.150219 7.011068 30.935508 10.062562 10.719314 4.503005 -0.000004 0.000002 -0.000001 -5.548543 -4.409904 -21.384139 -5.562342 1.870945 -47.501374 -7.463110 -11.798535 -38.365248 -0.000002 0.000001 -0.000003 -29.700299 0.438050 -1.165980 38.253304 -8.069272 -11.744744 -9.412813 6.883419 6.590992 -0.000000 0.000001 0.000000 -21.251934 4.188298 -11.939294 28.599841 5.102182 -1.692553 -6.166036 -6.981512 -4.382017 -0.000001 0.000001 -0.000001 
9.639184 99.720161 -30.041378 9.189874 767.429127 -360.250623 4.928132 -1.666426 6.973496 -1.467972 2.354449 -3.721559 -7.911131 5.530177 5.437999 -14.135418 13.571080 -7.308390 0.000000 0.000000 -0.000000 -2.669820 7.948621 21.507516 2.348357 3.157104 28.844428 6.010514 10.364811 15.548538 -0.000002 0.000000 -0.000001 -4.593602 -5.852304 -20.507488 -3.059094 2.749097 -42.457863 -5.131832 -11.200469 -44.521909 -0.000003 0.000003 0.000002 -32.166127 -0.198648 0.063494 35.750928 -6.666890 -13.747642 -7.084980 8.785536 7.781551 -0.000000 0.000004 -0.000000 -19.949789 3.664267 -10.486527 29.993799 4.701846 2.357367 -6.578496 -12.962254 -9.309994 -0.000003 -0.000003 0.000000 
9.162323 99.507149 -30.023651 12.004273 780.072244 -363.959006 5.556509 -1.541957 6.858853 -4.783213 4.042466 -5.155580 -6.049958 8.749532 7.251363 -14.968066 12.999582 -6.718509 -0.000001 0.000001 0.000000 -2.774250 9.163466 25.751082 3.953130 2.219789 33.326084 -9.745476 5.719504 11.361301 -0.000002 -0.000002 -0.000003 -4.464909 -7.033018 -21.405430 -0.641300 0.374161 -32.726609 -26.575457 -0.349852 -43.020520 -0.000002 0.000004 0.000000 -32.489782 0.002527 -1.154041 27.167100 -4.941895 -14.484960 0.284571 19.075298 11.492207 -0.000000 -0.000000 -0.000001 -20.431556 3.861289 -9.925420 32.059822 5.595608 5.591228 -2.813609 -17.791038 -11.397596 -0.000001 0.000004 0.000001 
8.728125 99.305679 -29.955187 19.083205 793.832289 -371.451533 2.665101 -1.638410 8.804630 -0.926278 2.223779 -3.806656 -7.859493 9.295252 5.924356 -12.356971 14.659539 -7.867427 0.000000 0.000001 -0.000000 -5.202243 9.689951 29.942006 4.210420 8.267026 33.543537 -19.320565 5.399625 -0.042993 -0.000001 -0.000003 -0.000002 -7.992509 -9.471770 -24.636106 -4.786498 0.004494 -39.367704 -31.261909 0.482290 -44.966940 -0.000001 0.000002 0.000001 -30.121872 0.208607 -0.469690 20.676188 -4.427061 -13.771569 2.389182 25.397657 13.727044 -0.000000 -0.000001 -0.000000 -22.637779 3.975563 -10.561352 40.261458 7.939026 6.200560 2.541241 -15.069253 -6.808465 -0.000002 0.000000 0.000001 
8.340805 99.158661 -29.858213 66.477050 805.063469 -418.913725 0.811408 -1.435288 9.173731 -0.164922 0.709628 -2.274983 -7.236960 8.697031 4.221811 -12.436316 13.084496 -7.499458 0.000000 -0.000001 -0.000000 -7.452552 9.548582 32.070634 3.220743 12.110811 34.839992 -19.409250 7.879859 -5.188650 -0.000001 -0.000003 0.000001 -10.701880 -10.394133 -26.043844 -9.307164 1.683203 -44.992847 -23.466911 -6.106937 -46.059586 -0.000000 0.000003 0.000002 -28.636985 0.685718 -1.176820 16.551410 -3.731832 -12.399613 4.104755 24.673524 11.792278 -0.000001 -0.000001 -0.000001 -23.586388 4.605753 -13.210988 47.065754 9.503700 6.427920 6.179673 -12.633215 -3.672169 0.000003 0.000001 0.000000 
7.971268 99.113884 -29.739586 -16.051954 822.436520 -337.413230 -0.996961 -1.847744 11.344000 2.538587 0.372265 -2.480599 -7.878732 7.394336 4.024743 -12.745324 13.625656 -7.888546 -0.000001 0.000003 0.000001 -8.089232 7.994672 31.377428 0.978493 13.557030 37.452065 -14.003095 10.389951 -6.207067 -0.000001 0.000000 -0.000001 -11.404036 -8.980003 -24.711105 -13.288006 3.554369 -49.114285 -23.637413 -8.040698 -45.842136 0.000001 -0.000001 0.000001 -27.451729 1.512191 -1.803756 16.166119 -4.234952 -9.679122 3.560167 18.706370 8.135222 -0.000001 -0.000007 -0.000000 -22.917518 4.798206 -16.457882 50.565407 10.721985 8.085870 8.689192 -10.300913 -1.373057 -0.000005 0.000000 -0.000001 
7.669401 99.151054 -29.631046 -5.931183 836.166402 -348.448685 -2.266815 -2.085297 12.624590 3.490350 -0.228212 -1.978259 -6.996274 8.688261 3.347868 -12.135487 15.855622 -9.829829 0.000001 0.000005 0.000002 -8.574695 6.351959 29.008657 -2.391304 12.958296 39.908276 -6.679430 11.857185 -11.296507 0.000001 -0.000001 -0.000001 -11.175927 -6.376507 -22.356782 -16.340690 4.419562 -51.880802 -23.592556 -9.779215 -43.597214 0.000000 0.000004 0.000001 -26.487363 2.470907 -3.860799 18.957262 -5.091950 -9.805349 -0.325554 14.649685 7.070176 -0.000000 -0.000003 -0.000000 -22.574002 4.949204 -18.061855 43.554593 10.250224 9.809033 4.363464 -13.618676 -4.149180 -0.000003 0.000003 -0.000003 
7.437903 99.248863 -29.526573 -2.392826 849.182065 -352.096470 -1.216817 -1.970869 12.307783 2.102625 -0.744322 -1.259222 -5.665385 9.680712 3.227538 -12.708815 17.303688 -10.745664 -0.000001 0.000003 0.000001 -8.991322 6.332862 26.851878 -2.984252 13.366604 40.691002 -4.140213 12.053482 -17.357768 -0.000001 -0.000006 0.000001 -10.426252 -4.007910 -20.708703 -16.590883 3.326471 -54.152923 -22.860153 -10.948033 -40.771455 -0.000000 -0.000001 0.000003 -23.776080 3.184024 -6.273810 20.911097 -6.116057 -8.299008 -3.904362 12.784362 7.121505 0.000000 0.000005 0.000001 -20.914686 5.074533 -19.699486 37.676901 9.745173 9.494117 1.702734 -16.010453 -6.020473 0.000002 0.000002 -0.000001 
7.329102 99.448196 -29.406956 -2.038516 862.963256 -353.264323 -2.939938 -2.001575 12.035556 1.168421 -0.956625 -0.889699 -3.262894 8.682811 3.400983 -14.015985 19.912971 -12.250477 -0.000001 0.000001 -0.000000 -9.252436 7.743814 23.811677 -0.794149 16.303463 40.950123 5.863918 11.155027 -19.205293 -0.000001 -0.000007 0.000000 -10.027516 -3.413476 -19.747692 -14.614657 -1.158011 -56.068111 -19.531281 -12.875563 -38.436094 -0.000003 0.000006 -0.000000 -22.905123 3.393599 -7.215586 22.337166 -6.899930 -6.075601 -6.134442 9.213855 5.268883 0.000001 -0.000001 -0.000001 -18.386833 4.658178 -20.272795 31.647524 8.592941 4.701797 3.776618 -12.856892 -3.283552 -0.000002 0.000002 -0.000002 
7.374765 99.669502 -29.287132 -2.022609 877.425717 -354.197737 -4.706329 -1.839910 11.203730 -1.001224 -0.401730 -1.532897 -1.487404 7.919569 4.907535 -14.437367 19.284093 -11.814807 0.000001 0.000000 -0.000000 -9.013818 8.456409 21.878733 -0.385236 16.596596 39.764931 13.400121 10.257332 -18.628236 0.000004 -0.000002 0.000003 -11.002928 -6.644550 -20.985999 -11.875046 -7.504105 -55.761258 -21.130537 -11.785494 -33.448686 -0.000002 0.000004 0.000001 -23.914260 3.356274 -6.823348 24.082627 -7.687289 -4.921547 -8.832947 7.228865 4.525404 -0.000000 -0.000003 -0.000000 -15.423961 3.731288 -20.338015 30.230581 8.756822 2.677638 4.237789 -12.770423 -2.603146 -0.000002 0.000001 -0.000004 
7.482480 99.808395 -29.151089 -1.724236 890.868021 -355.203797 -6.965509 -1.674402 10.375781 -1.385581 0.410159 -2.409335 -1.936137 6.726391 6.296128 -12.653573 17.636382 -11.022126 0.000004 0.000000 0.000001 -9.271485 10.084124 22.606914 -0.979224 15.668778 38.567585 16.664750 9.619796 -19.516110 -0.000006 -0.000002 0.000003 -11.552496 -8.103271 -22.323191 -9.820214 -11.822747 -54.228034 -22.413507 -11.414955 -28.462001 0.000001 0.000001 0.000001 -25.637842 3.216137 -6.428216 25.520418 -8.501261 -5.390783 -9.611213 6.532293 4.300255 -0.000000 -0.000002 -0.000000 -11.321117 2.396983 -19.651600 27.462965 8.959473 4.221413 4.384977 -16.778469 -4.726383 -0.000003 0.000002 -0.000001 
7.713067 99.838402 -28.957287 -1.237895 905.032030 -356.628875 -8.659189 -1.201852 8.712301 -2.178290 1.008799 -2.947303 -2.200174 3.990909 7.286769 -12.065799 16.561860 -10.154970 0.000000 -0.000002 -0.000000 -9.232852 10.806023 24.534422 -0.627416 13.842997 34.973103 16.596569 11.519164 -12.227324 -0.000000 0.000001 -0.000000 -11.433944 -7.962515 -23.249952 -8.115744 -11.141782 -49.284459 -21.186880 -10.943196 -28.615054 0.000001 0.000001 -0.000001 -24.545161 2.406021 -4.879611 23.035546 -8.131405 -10.781909 -8.297964 11.584742 7.974740 -0.000000 0.000000 -0.000001 -6.255745 0.967153 -17.236630 23.109742 8.532018 9.124747 5.929692 -24.795504 -8.927297 0.000000 0.000002 -0.000001 
8.050032 99.834122 -28.824852 -1.383833 918.671372 -357.924944 -9.231247 -0.797154 6.695098 -0.749199 1.606663 -3.778586 -5.178392 4.876648 8.247531 -11.293505 14.739663 -8.357514 -0.000001 0.000001 0.000001 -8.665622 12.119088 26.367773 -0.072774 10.738100 34.002068 9.533670 10.471302 -7.834904 0.000000 -0.000003 0.000001 -10.744466 -9.163439 -23.876265 -8.311680 -5.887530 -45.646786 -15.984555 -10.789303 -32.039328 -0.000002 0.000003 0.000003 -24.751806 1.873546 -3.975346 20.410495 -7.154234 -16.111685 -7.480609 15.335265 10.568152 -0.000001 0.000002 -0.000000 -4.384070 0.524488 -14.821545 23.635385 8.593630 14.955184 7.902751 -31.109227 -11.539891 -0.000003 0.000001 -0.000000 
8.407372 99.791138 -28.718309 -1.109215 930.686931 -359.296801 -8.560712 -0.574204 5.367253 -1.292802 2.415159 -4.486165 -5.987010 6.657144 9.139043 -11.036730 14.602663 -7.288897 0.000001 -0.000001 -0.000001 -7.504403 13.262095 27.413173 -0.136234 6.230550 34.315611 2.569517 8.187466 -2.921071 0.000001 -0.000001 0.000001 -9.801455 -10.708749 -24.868862 -6.503877 -2.411444 -43.207179 -11.041480 -9.807212 -35.405672 -0.000004 0.000006 0.000000 -23.728082 1.716701 -3.361976 17.927355 -6.204637 -17.816690 -6.557825 16.604796 11.367760 -0.000001 0.000001 -0.000001 -3.331842 0.226421 -12.103117 25.290478 8.724819 17.987098 13.481569 -33.486314 -10.131444 0.000002 0.000000 0.000001 
8.862352 99.725464 -28.654785 -2.132779 943.249889 -361.900770 -7.488552 -0.148550 3.508436 -4.486662 3.594767 -5.264814 -3.356189 7.433539 8.796991 -13.213642 15.943116 -8.536296 0.000000 -0.000001 -0.000001 -7.859310 14.794321 27.438736 0.841235 3.192415 32.201364 -6.912387 7.547788 9.307377 -0.000002 -0.000003 0.000005 -8.723681 -9.074933 -27.425764 -3.429415 -1.016787 -40.502052 -6.825845 -8.609370 -37.422227 -0.000000 -0.000000 0.000003 -23.424223 1.103799 -2.925967 18.073019 -4.603361 -14.518728 -8.647740 11.656501 9.195435 0.000000 -0.000001 0.000000 -6.683139 1.287797 -11.054094 29.705968 8.980452 20.657328 19.731962 -32.226410 -7.186261 -0.000001 0.000000 -0.000001 
9.391633 99.678230 -28.567356 -5.090229 958.012278 -364.999490 -4.312112 -0.292029 3.956881 -5.516778 4.430053 -5.931062 -2.961531 6.610003 6.755713 -14.827362 16.440004 -9.044660 0.000000 0.000000 0.000000 -6.533169 11.760322 28.814003 3.811371 4.465856 37.672229 -14.559130 4.419454 7.513510 -0.000005 0.000002 -0.000003 -8.170382 -8.184396 -28.812316 -0.741983 -2.739045 -38.640105 -14.071423 -5.180861 -46.604437 -0.000000 0.000004 0.000001 -24.401047 1.277007 -5.035685 21.112753 -4.992990 -9.390521 -10.005914 4.683739 4.830675 -0.000002 -0.000003 -0.000002 -11.637305 2.883843 -12.674447 35.383597 10.220869 22.406707 22.226846 -29.185675 -5.400524 0.000002 0.000002 -0.000003 
9.893500 99.617943 -28.442356 -11.067958 971.842919 -370.310181 -1.823394 -0.260479 3.581953 -5.822317 3.006827 -4.346261 -3.192566 6.719745 4.332232 -13.954699 16.756180 -8.829170 -0.000001 0.000000 0.000000 -5.655192 9.960839 30.709784 4.539162 6.143356 37.993159 -19.340137 3.214172 3.073233 -0.000000 -0.000001 -0.000000 -9.152827 -9.147778 -31.707695 -1.604582 -2.240259 -41.143752 -18.514401 -2.871111 -50.609772 -0.000004 0.000005 0.000003 -23.684096 2.348748 -7.454533 23.396398 -5.842260 -5.761350 -11.779103 -1.419359 0.520202 -0.000000 -0.000003 -0.000001 -14.965908 3.869309 -14.819402 40.190718 11.455603 21.087642 21.503326 -27.260410 -4.881021 -0.000003 -0.000002 -0.000001 
10.382058 99.591141 -28.321880 -44.700846 985.303856 -403.323736 1.372684 -0.520538 5.073533 -3.534429 3.720874 -5.718400 -4.526964 3.793168 4.078208 -13.590556 17.306542 -10.000416 0.000000 -0.000000 -0.000001 -5.702298 7.255595 30.635919 4.961753 11.125555 38.498494 -18.531029 6.208874 -2.401721 0.000000 0.000000 -0.000001 -10.118315 -8.856558 -31.801637 -6.585181 1.501000 -45.039070 -31.854158 2.431482 -47.667597 -0.000000 0.000001 -0.000002 -22.912834 2.512673 -7.636715 26.363581 -7.029079 -3.819044 -14.336159 -3.985229 -1.444337 0.000001 -0.000001 0.000001 -18.311575 4.478469 -14.590865 43.476319 12.051818 15.947296 11.666839 -25.639499 -8.068543 -0.000000 0.000000 0.000001 
10.802799 99.634117 -28.177113 13.531670 1002.661060 -344.793304 3.394405 -0.848703 6.668537 -3.030132 1.395664 -2.927297 -3.565355 2.782006 0.116439 -13.568216 16.807192 -10.170922 0.000001 0.000001 0.000000 -5.788068 4.952605 29.120925 3.247201 12.516627 38.512479 -15.998087 8.690380 -7.800493 0.000001 -0.000003 0.000000 -10.358659 -8.000878 -29.859483 -10.088560 3.341388 -46.188055 -42.871834 4.394046 -37.371892 0.000001 0.000001 -0.000003 -23.409381 2.869152 -8.173950 30.770446 -8.145228 0.142600 -16.313570 -9.443067 -6.488369 -0.000001 -0.000001 0.000000 -20.791089 4.661780 -13.464583 42.458710 10.855954 9.121717 4.312726 -23.512337 -9.977855 -0.000003 -0.000000 -0.000001 
11.160809 99.729675 -28.015312 6.630836 1016.508313 -351.768867 3.286722 -1.064468 7.649105 -2.307572 0.311193 -1.562881 -2.707061 4.559663 -0.884344 -11.905639 16.180942 -10.489400 0.000003 0.000001 -0.000001 -5.066690 3.335786 27.447078 3.295528 12.106857 36.988719 -14.967637 8.762131 -11.404463 -0.000001 0.000000 -0.000001 -9.615230 -7.099857 -28.304463 -10.407794 4.424811 -47.228002 -48.796084 3.869334 -29.168101 -0.000000 0.000001 0.000003 -24.822229 2.782366 -7.967370 33.505872 -8.601467 2.921056 -17.842196 -14.277545 -11.279480 -0.000002 -0.000001 0.000001 -22.500274 4.998805 -12.907211 39.132800 9.391136 3.277153 0.779793 -20.027597 -9.493837 -0.000001 -0.000000 0.000001 
11.442554 99.962654 -27.884834 6.171360 1030.497305 -353.332079 3.090168 -1.371445 8.583440 -0.029656 0.656927 -2.180311 -3.597704 7.463346 0.846663 -12.124941 15.850016 -10.467157 0.000001 -0.000005 -0.000001 -3.845173 3.091882 24.385071 4.063475 11.181397 36.088022 -16.272972 7.114709 -15.099132 -0.000001 -0.000003 -0.000000 -6.969703 -3.506295 -25.090850 -9.166802 4.723381 -48.741295 -39.060831 0.949176 -32.063124 -0.000000 0.000001 0.000002 -24.894120 2.837767 -7.968223 30.818841 -8.463195 5.536131 -16.460129 -17.730222 -15.252501 -0.000002 -0.000001 -0.000001 -21.311828 5.057252 -14.068770 29.811600 7.741420 -0.675172 3.426263 -10.160110 -2.794673 -0.000002 0.000001 0.000000 
11.551250 100.235214 -27.726120 5.586007 1044.353082 -354.948757 5.656968 -1.627418 9.403267 -1.526108 0.253882 -1.800468 -3.155701 8.939596 2.081623 -11.513322 16.084424 -11.466363 0.000000 0.000000 0.000000 -4.044813 3.538786 21.275836 3.725425 12.282818 37.429621 -12.965895 6.789395 -20.969630 -0.000003 -0.000002 0.000002 -6.119405 -1.079264 -21.944063 -8.025935 1.199817 -51.168506 -29.240248 -3.588982 -33.397258 -0.000002 0.000003 0.000002 -26.144697 2.484012 -6.424710 34.195544 -8.447061 1.949271 -9.877801 -11.618183 -10.191872 0.000001 -0.000001 -0.000004 -20.185897 4.575987 -13.976084 25.552474 6.667802 -3.395072 4.234269 -5.316935 -0.001381 0.000001 -0.000002 -0.000002 
11.572575 100.452873 -27.547867 5.348572 1056.263620 -356.285179 6.974993 -1.784077 10.229157 -2.449769 0.013254 -1.612390 -3.200817 9.486234 3.112207 -10.884809 16.957142 -12.684401 0.000001 0.000001 0.000000 -4.575382 4.458998 20.031109 4.527848 14.733835 38.337592 -8.982909 6.334959 -25.400174 0.000001 -0.000002 -0.000002 -6.230160 -0.030875 -20.537151 -8.107379 -0.344548 -52.546223 -23.064318 -6.935899 -32.218702 0.000001 0.000003 0.000002 -26.686625 2.025932 -4.903266 31.086233 -7.874260 -3.449833 -7.212730 -2.246821 -2.733312 -0.000000 -0.000001 -0.000000 -19.874653 4.188144 -13.701527 23.937112 5.768812 -3.726507 2.280141 -4.831064 -0.797536 0.000000 -0.000003 0.000000 
11.509802 100.523888 -27.313179 5.451803 1069.026457 -357.559529 5.237354 -2.127794 11.650389 -0.497880 -0.092338 -1.716344 -5.344919 9.831585 4.298446 -9.280464 18.198978 -13.750773 0.000000 0.000001 0.000000 -4.704243 5.132719 20.938575 5.819597 17.293937 36.200242 -10.508767 7.610321 -27.128820 -0.000002 0.000000 0.000003 -6.860719 -1.371290 -21.339509 -8.553743 -0.706945 -52.493361 -21.110235 -8.811293 -31.854998 -0.000003 0.000001 0.000001 -28.474371 2.054379 -4.742938 30.368244 -7.824673 -10.776400 -8.314112 9.255247 6.734427 0.000000 -0.000001 0.000002 -19.545476 4.326048 -14.964577 24.783630 5.854838 0.701804 -0.008692 -10.555793 -5.098375 0.000001 -0.000001 -0.000001 
11.403428 100.498405 -27.104832 7.375654 1081.197308 -358.220910 1.451655 -1.976847 10.431991 0.514906 0.564538 -2.598447 -6.684130 11.468228 6.968315 -8.912798 19.744757 -14.557867 0.000002 0.000001 0.000000 -6.137969 8.478778 22.598483 4.867452 16.744272 34.269091 -8.704048 8.914518 -22.278972 -0.000001 0.000000 -0.000002 -6.528640 0.726847 -22.519974 -8.911548 -0.077842 -54.141964 -16.935533 -11.112889 -33.624410 -0.000003 0.000004 -0.000001 -28.519202 2.499437 -6.048432 24.311304 -6.382712 -14.692374 -10.197701 18.208547 14.819214 -0.000001 -0.000003 -0.000001 -16.098478 3.716276 -15.924431 22.951737 5.683823 4.310030 1.211358 -15.737639 -7.980778 0.000000 0.000002 -0.000003 
11.232957 100.425751 -26.917377 9.230400 1092.477064 -359.091240 -1.839774 -1.626592 8.460355 1.155108 0.501293 -2.441349 -7.880851 12.282937 8.244335 -8.232426 17.710896 -13.048684 0.000001 -0.000001 -0.000001 -6.803943 10.428571 24.213444 3.155440 14.559827 33.885654 -3.485475 9.626522 -13.885339 -0.000000 0.000002 -0.000003 -6.793287 -0.177889 -23.008288 -8.929206 0.426244 -54.983948 -15.122537 -11.969651 -35.485937 -0.000000 0.000002 -0.000000 -28.793468 3.009910 -7.326868 21.446131 -5.466892 -15.461687 -12.573974 23.087634 20.160936 -0.000001 -0.000000 -0.000000 -15.394664 3.733712 -16.657552 26.311277 6.214574 8.072879 3.168746 -19.845893 -9.661356 -0.000001 -0.000001 -0.000002 
10.934291 100.257378 -26.784801 9.818926 1104.952268 -360.687182 -0.447524 -1.543208 7.567116 -1.212265 1.471153 -3.159336 -7.250562 10.721385 8.470093 -11.711650 17.654719 -11.137107 -0.000001 0.000002 0.000001 -5.872071 9.589989 23.261654 0.832626 9.303092 35.270564 2.849546 10.924742 -2.790294 0.000003 -0.000003 -0.000000 -6.811255 -1.724444 -24.036289 -8.231379 2.785943 -52.688557 -13.918710 -12.078694 -40.795999 -0.000001 0.000003 0.000002 -27.047447 2.736827 -7.331459 22.617611 -5.216697 -12.746181 -15.345384 20.582420 20.751558 0.000000 0.000002 0.000000 -17.439935 4.025576 -15.327337 34.916740 7.415769 9.628933 6.328887 -20.383231 -8.874761 -0.000001 0.000000 0.000002 
10.554298 100.090576 -26.708302 10.459320 1117.838376 -362.587231 -0.688706 -0.996394 4.833915 -1.745859 0.335747 -1.041867 -6.625070 9.420370 5.512132 -12.158896 15.419034 -8.960396 0.000001 0.000001 0.000000 -5.502242 12.249807 24.714876 1.734803 5.073262 37.527839 2.751049 10.401102 8.032001 -0.000003 -0.000001 0.000000 -6.164919 -3.911379 -25.564382 -8.030686 7.852895 -47.707871 -10.295695 -11.715365 -45.828968 -0.000003 -0.000003 0.000001 -24.451633 1.852095 -5.600149 22.955475 -4.353189 -9.612834 -14.547232 13.686901 15.356890 -0.000001 -0.000001 -0.000000 -21.672267 4.573621 -12.822996 43.339278 8.397040 9.597332 9.160528 -20.261710 -8.045808 -0.000001 -0.000001 0.000000 
10.152469 99.974663 -26.651091 13.097704 1130.026822 -364.787208 0.415342 -0.582415 2.747878 -4.165022 0.396540 -0.737140 -5.543805 9.487737 4.430255 -13.245266 11.923286 -5.965973 0.000000 0.000003 0.000001 -5.267908 11.874670 26.789132 1.608842 2.525307 43.864680 1.791497 9.404668 12.207351 -0.000001 -0.000003 0.000001 -6.239428 -4.190006 -28.087567 -6.613425 7.006577 -45.158923 -10.296383 -10.884172 -42.116330 -0.000003 -0.000003 -0.000002 -24.011332 1.135966 -4.394191 23.321061 -4.373902 -8.444835 -13.401433 7.984970 10.231412 -0.000001 -0.000002 -0.000000 -26.175740 5.793429 -12.877252 48.985700 9.460089 9.094534 7.565621 -21.360495 -8.755635 -0.000002 0.000001 0.000001 
9.649779 99.838524 -26.625938 18.619789 1144.018765 -370.939705 0.087449 -1.096779 6.025425 -1.079008 1.840533 -3.099898 -7.564464 7.765350 4.971801 -12.709344 14.867618 -7.834569 0.000001 0.000000 -0.000000 -5.863817 12.091437 29.611192 4.280800 8.411435 38.890920 -9.318699 6.864975 1.649716 -0.000001 -0.000001 -0.000000 -7.923615 -7.642574 -27.334017 -7.732078 5.566179 -40.085137 -25.084940 -3.756765 -46.376411 -0.000000 0.000002 -0.000000 -26.290115 0.025631 -0.613709 24.691535 -5.526492 -9.185863 -7.326357 6.898431 6.172449 -0.000000 -0.000003 -0.000000 -30.399683 6.182573 -11.927350 48.724548 9.244285 5.953605 5.781668 -14.832787 -5.656542 -0.000001 0.000002 0.000000 
9.219910 99.797562 -26.569252 36.949705 1157.710289 -390.470549 0.153010 -1.315381 8.522124 -0.340377 1.071159 -2.743458 -6.479000 7.624538 3.459593 -15.278450 14.948711 -8.187799 0.000000 -0.000000 0.000000 -8.358171 12.260933 30.911305 5.208931 14.201854 37.297891 -9.728933 7.727530 -10.486196 -0.000000 -0.000001 -0.000000 -9.727632 -8.008182 -25.226419 -12.849258 6.508778 -40.863161 -28.429628 -4.669798 -37.760411 -0.000005 0.000000 0.000001 -28.541831 0.126797 -0.290878 27.280025 -6.704509 -6.180351 -6.939526 4.245947 3.238588 -0.000000 -0.000001 -0.000001 -31.180695 6.786244 -14.046716 39.629181 8.639765 6.267427 2.895105 -12.190645 -4.497654 0.000001 0.000001 -0.000003 
8.885692 99.821404 -26.538734 117.754606 1162.638079 -472.217860 0.356084 -1.396971 9.028139 0.201780 -0.159617 -1.451418 -6.197894 9.826085 2.904330 -16.320933 14.749064 -7.923441 0.000003 -0.000000 0.000000 -8.218655 10.248122 29.165748 6.341940 17.549719 37.057529 -9.367485 7.698059 -20.036138 -0.000002 0.000000 -0.000002 -9.892822 -8.000327 -22.430616 -15.813343 7.567495 -41.147542 -32.744982 -4.460022 -27.887688 -0.000009 0.000004 -0.000001 -28.839999 0.866200 -1.566148 28.462172 -7.096880 -2.481446 -8.091248 0.896172 0.517148 -0.000000 -0.000000 -0.000000 -28.501456 6.876160 -16.916603 30.709432 7.457615 4.622605 2.791745 -6.805866 -0.806176 0.000002 0.000001 -0.000000 
8.720709 99.839409 -26.478966 163.757132 1151.172213 -518.767238 -2.221640 -1.852356 11.107798 2.835126 -0.026217 -2.021431 -6.193376 9.187393 2.496082 -12.879589 16.572655 -10.333683 0.000001 -0.000002 0.000000 -8.255727 9.385002 26.604871 4.347755 16.838727 37.786119 -5.804705 7.055516 -26.825291 -0.000000 -0.000005 0.000001 -9.508919 -7.024838 -19.379996 -16.323300 6.484418 -44.360371 -26.509742 -7.465313 -24.273111 -0.000001 0.000005 -0.000004 -28.382113 1.621332 -3.095008 30.496914 -7.708468 -1.331002 -9.516141 -0.852563 -1.002011 -0.000001 -0.000003 -0.000001 -22.524036 5.665549 -18.468063 23.777739 6.797596 1.204194 0.180541 -2.354502 1.683290 -0.000000 0.000002 -0.000001 
8.701684 99.865662 -26.344397 172.479871 1137.295236 -528.596263 -3.131926 -1.975798 11.331940 3.215977 0.088076 -2.319709 -4.994940 11.785362 3.864319 -11.729287 17.995487 -11.761862 0.000001 0.000002 0.000000 -7.698746 7.779465 24.170694 3.781901 16.864994 38.496001 -5.867289 7.075387 -28.943876 -0.000001 -0.000002 0.000003 -8.549646 -4.732596 -17.634695 -14.628862 3.580545 -47.906445 -20.642326 -9.177879 -26.362927 -0.000001 -0.000003 0.000001 -27.990050 1.709098 -3.083063 30.290844 -7.705679 -5.555690 -7.774911 6.628857 4.205531 -0.000000 -0.000000 -0.000000 -17.306547 4.102794 -17.695548 19.483171 6.468051 0.525201 -2.080681 -4.147374 0.062857 -0.000000 -0.000001 -0.000000 
8.757359 99.931427 -26.141975 174.085498 1123.879542 -532.086927 -3.170340 -1.891882 10.814383 1.304463 -0.202088 -1.807256 -3.763370 12.254632 5.013362 -13.515209 19.641799 -12.210575 -0.000002 0.000000 -0.000001 -7.848200 8.599231 22.722031 2.741432 16.760456 38.794812 -3.655580 7.643354 -27.001486 -0.000001 0.000000 -0.000001 -8.751893 -5.001338 -17.918786 -13.764236 1.232946 -50.199394 -18.501434 -10.417936 -28.902697 -0.000001 0.000003 0.000001 -30.170288 1.632315 -2.592117 27.422537 -7.487529 -9.507804 -7.037333 15.230149 10.336287 -0.000000 -0.000001 -0.000000 -14.125017 2.886990 -16.392630 17.004313 6.412027 1.403512 -2.480753 -8.701436 -2.989273 -0.000001 0.000000 0.000001 
8.893497 100.013565 -25.949718 174.150344 1108.596639 -533.384225 -4.614806 -1.718557 10.281700 -2.383446 0.377605 -2.306710 -0.861797 10.032754 6.077495 -12.909301 20.669476 -13.222472 0.000003 -0.000001 -0.000000 -8.730838 10.560202 21.519421 0.504586 15.762483 38.963323 4.142657 9.464707 -19.817700 -0.000003 -0.000002 -0.000003 -10.036948 -5.543331 -21.167161 -11.758823 -3.890150 -54.079894 -21.933295 -10.984586 -32.539564 -0.000000 0.000005 0.000002 -31.287249 2.678100 -5.025156 21.739833 -6.634005 -13.126719 -7.385000 21.446176 14.867210 0.000000 -0.000002 -0.000001 -11.402033 2.176527 -17.406672 21.028223 7.067857 6.941896 1.740403 -16.974770 -6.760438 0.000000 -0.000001 -0.000003 
9.070856 99.944496 -25.774845 175.184735 1093.598636 -534.768350 -6.336878 -1.317988 9.275943 -2.258777 0.589724 -2.562260 -1.618841 9.172841 7.054956 -10.823002 19.301338 -13.567456 0.000001 0.000001 0.000000 -11.284099 11.960916 24.929005 -2.320655 15.020076 38.190012 10.703246 12.574704 -13.839516 0.000000 -0.000003 0.000005 -12.291679 -5.939376 -25.276706 -13.717444 -4.545428 -56.541607 -24.110182 -12.750826 -31.770775 -0.000002 0.000000 0.000001 -27.688912 3.045867 -7.444687 18.439752 -6.094384 -11.910518 -9.131016 18.731674 13.585461 -0.000001 -0.000001 -0.000002 -10.171659 2.303795 -17.902544 26.357437 8.656902 12.560650 4.364348 -24.072795 -9.221526 -0.000002 0.000002 -0.000001 
9.294112 99.854118 -25.568815 174.688194 1080.122072 -535.401208 -8.254685 -0.795177 7.518619 -3.054991 1.745488 -4.039413 -2.304613 7.326761 8.726404 -9.392051 18.181567 -12.923081 0.000001 0.000001 0.000000 -12.287375 12.645301 27.893767 -3.588173 14.390727 37.371407 14.153802 14.418140 -10.216722 -0.000001 -0.000004 0.000002 -13.010424 -5.647920 -28.153184 -15.024244 -3.171393 -56.669229 -24.933039 -12.188964 -34.037319 -0.000001 0.000004 0.000001 -27.049665 3.999754 -9.633270 19.004318 -6.794036 -9.294025 -11.096612 14.038217 10.997399 -0.000000 -0.000001 -0.000000 -13.327779 3.132169 -18.602853 32.782384 10.744049 16.361322 5.911995 -28.452085 -10.612529 0.000000 0.000002 0.000001 
9.618776 99.769638 -25.408812 174.919642 1066.911612 -536.594305 -7.891471 -0.146312 5.456633 -3.154771 1.783389 -4.178810 -3.741568 4.814497 8.548144 -10.868947 17.486297 -11.744730 -0.000001 0.000000 0.000001 -10.941476 7.678142 26.240088 -7.487255 8.928543 33.208469 -1.971721 14.033653 -11.398030 -0.000000 -0.000004 0.000002 -12.186538 -2.709224 -27.828732 -16.146801 -0.151242 -54.914451 -24.075204 -11.558487 -38.717631 -0.000001 0.000000 0.000001 -24.242088 3.262898 -8.286975 19.041948 -6.854963 -8.122802 -12.199384 8.832965 7.326957 -0.000001 -0.000001 0.000000 -17.459360 4.395301 -18.521523 39.417940 13.070358 19.229633 5.943450 -30.662113 -11.486534 -0.000001 0.000000 -0.000001 
10.057907 99.741615 -25.271517 174.702442 1052.635096 -537.036027 -6.627345 0.512979 2.490918 -3.914283 3.042043 -5.312840 -5.040699 7.115038 8.295138 -10.312065 17.729933 -11.680394 0.000000 0.000003 0.000001 -11.814356 13.887005 26.543980 -3.616709 8.989853 35.495428 -11.990488 13.038239 -4.171765 -0.000000 -0.000006 0.000002 -12.188977 -4.346598 -32.314103 -12.732863 -2.190600 -48.979321 -22.238819 -10.261476 -45.372936 -0.000000 0.000003 0.000002 -22.580665 3.102780 -8.619100 19.637825 -6.398247 -5.615270 -12.802691 2.398608 2.673165 0.000000 0.000000 0.000001 -20.078760 5.191485 -18.206832 42.381781 13.048762 18.438406 2.657145 -30.214383 -13.288831 -0.000002 0.000000 -0.000002 
10.565737 99.740906 -25.193333 174.884426 1039.593806 -538.270051 -4.250277 0.102514 3.091887 -5.245120 4.784409 -6.943739 -5.034299 6.969623 7.708793 -9.381816 18.149870 -11.615543 0.000002 0.000000 0.000001 -10.643528 17.186733 24.630374 -0.972615 6.685578 32.897944 -20.763278 10.336733 7.666815 0.000001 -0.000000 0.000001 -11.467568 -6.350724 -34.558572 -9.592634 -0.172780 -44.784027 -16.151633 -9.971870 -46.493941 -0.000003 0.000002 0.000005 -22.380454 2.171447 -6.208191 20.643939 -5.615187 -4.526190 -13.085065 -3.290524 -1.434979 -0.000000 0.000001 -0.000001 -22.828347 5.146325 -14.809015 44.496008 11.306347 12.691937 1.278487 -24.596312 -11.446646 -0.000003 0.000001 -0.000002 
11.201951 99.741310 -25.100649 174.302029 1023.459478 -539.516861 -1.993755 -0.503852 5.202232 -2.445662 2.809914 -4.652862 -6.088925 8.340297 3.871774 -9.514494 19.546765 -12.669999 -0.000000 0.000001 -0.000001 -6.837902 11.771654 21.974327 2.509518 5.937983 36.912292 -17.951586 5.018845 -0.249873 0.000003 -0.000003 0.000001 -8.848613 -7.151862 -27.833712 -2.318600 -6.682322 -38.542638 -9.667391 -8.169094 -37.408967 -0.000001 0.000004 -0.000000 -24.885296 1.898697 -4.606590 25.297559 -5.294788 -2.712503 -12.273873 -5.193019 -2.467225 0.000002 0.000002 0.000001 -22.533166 6.328646 -19.353297 40.144884 8.869194 11.164289 -1.103600 -19.541368 -10.315410 -0.000001 0.000004 -0.000002 
11.926925 99.709602 -25.040569 171.873268 1008.253182 -542.430401 1.686632 -0.668502 5.002259 -2.808142 1.929827 -3.254760 -5.923958 6.047848 1.582758 -11.324542 20.139103 -11.941361 0.000000 -0.000000 0.000000 -4.594316 9.413305 24.914502 7.938831 10.109088 36.217068 -18.992048 2.980509 -10.144071 -0.000001 -0.000003 -0.000001 -7.243917 -7.723320 -27.186958 -1.365732 -2.064674 -40.595339 -15.577971 -4.270045 -40.705318 -0.000001 0.000001 0.000003 -27.951415 1.461476 -3.926834 29.668122 -6.759967 -2.881306 -12.703891 -4.760577 -1.908030 0.000000 -0.000001 -0.000001 -21.683740 6.030628 -17.613058 37.333261 7.993072 6.403692 -4.300644 -16.626625 -10.160431 -0.000000 0.000005 -0.000003 
12.588551 99.697372 -24.943939 154.615826 994.796945 -559.840007 3.573898 -0.911874 6.129313 -2.319565 2.884787 -4.406526 -6.023993 4.813816 1.921928 -11.093532 20.792306 -12.486621 0.000000 -0.000000 0.000001 -4.074200 8.136644 25.621817 10.332938 12.529738 35.775141 -17.439867 2.140855 -18.965987 -0.000002 -0.000005 0.000000 -7.343005 -8.479633 -26.854248 -3.329711 2.672463 -42.688635 -25.319255 -0.041612 -36.748402 -0.000001 -0.000003 0.000005 -29.997880 1.467255 -4.963498 33.212819 -7.581886 -2.591694 -11.617116 -2.303701 -0.226717 -0.000001 -0.000002 -0.000001 -20.311586 5.804787 -16.556800 36.791538 7.882527 3.411724 -7.688436 -15.523239 -10.588048 -0.000002 0.000001 -0.000001 
13.237500 99.654297 -24.823771 189.314553 979.556661 -526.080950 2.505954 -1.433063 8.702600 0.654816 3.218350 -5.323675 -6.575945 5.715011 2.818541 -9.978248 19.924944 -12.043334 0.000002 0.000004 0.000002 -2.780483 5.216828 25.426165 9.559604 12.873696 34.505569 -14.343334 2.589716 -20.943027 -0.000005 -0.000002 0.000003 -7.585879 -9.751022 -25.892072 -5.669435 5.472773 -44.180911 -25.254698 -1.425274 -35.580778 -0.000006 0.000003 0.000001 -33.008129 1.940587 -5.891329 38.317932 -9.258392 -6.502596 -6.051420 2.733849 1.566286 0.000000 -0.000001 -0.000001 -16.110984 4.667818 -16.069348 35.170089 8.293407 3.235619 -8.256553 -15.762221 -10.786675 -0.000002 0.000000 -0.000000 
13.856607 99.622253 -24.694489 183.938306 963.980989 -532.560341 1.347739 -1.578168 9.770706 1.600338 1.908547 -3.992385 -5.182656 8.334590 3.129699 -9.575679 17.055090 -11.310066 0.000000 -0.000002 -0.000000 -3.868919 5.218840 25.958511 9.953485 16.984375 35.082543 -4.885869 2.794262 -20.437936 0.000002 0.000001 -0.000000 -7.230291 -6.676191 -24.122920 -7.129678 4.116014 -48.142206 -30.108959 -0.884205 -31.966464 -0.000003 0.000003 0.000001 -32.724317 3.262492 -7.990934 33.473562 -7.947711 -8.153574 -3.038854 8.919556 4.951424 -0.000000 0.000007 0.000001 -12.980617 3.221020 -15.314039 34.899101 7.798834 7.421094 -8.295679 -19.576739 -14.230040 0.000000 -0.000001 0.000003 
14.418914 99.595940 -24.572149 181.666489 949.650487 -535.026312 2.550881 -1.645093 9.919948 2.546139 1.295147 -3.364279 -5.797579 10.615857 4.268302 -8.213217 14.549626 -10.468720 0.000000 -0.000001 -0.000000 -3.923942 5.076978 24.847777 7.824789 15.370002 36.474272 -4.887255 3.617605 -17.866576 -0.000004 -0.000006 0.000002 -5.936204 -2.759427 -23.172335 -7.137573 3.463078 -51.907901 -27.657927 -2.218042 -33.120810 -0.000004 0.000003 0.000002 -30.226575 3.982622 -9.809361 30.929200 -7.469586 -9.142909 -1.388556 13.066245 7.020205 -0.000001 -0.000002 -0.000002 -9.256616 2.271737 -15.732248 34.569175 8.023025 11.993564 -6.965483 -21.847712 -15.478938 -0.000002 0.000000 -0.000001 
14.942450 99.558418 -24.425503 181.452977 935.531229 -536.212689 3.136688 -1.912026 10.960190 1.940433 0.756129 -2.610931 -6.515372 12.188742 5.437928 -7.905902 14.262941 -10.227153 0.000001 0.000001 0.000001 -3.886945 4.397120 23.921361 4.399737 13.134916 38.629115 -6.759120 6.039857 -16.039463 -0.000005 -0.000003 0.000001 -6.182405 -1.257045 -23.605824 -8.530250 3.875775 -56.601556 -22.165212 -6.458652 -36.728243 -0.000002 0.000006 -0.000001 -27.738798 3.935845 -10.231379 29.005115 -8.303659 -9.428062 -6.174112 14.662987 9.973387 -0.000002 -0.000002 0.000000 -12.094458 2.698383 -15.019316 43.074448 10.681742 13.627749 -1.396505 -16.957495 -9.309199 0.000004 0.000004 -0.000000 
15.424892 99.547829 -24.298187 182.239583 922.069746 -536.818827 2.759497 -2.065143 11.266478 1.308268 0.605245 -2.663924 -7.894728 12.211546 6.788005 -9.002815 16.074456 -11.549481 0.000002 0.000000 -0.000000 -5.060917 6.229271 24.923459 1.975182 12.275516 40.830219 -4.432957 7.621528 -13.552171 -0.000000 -0.000002 -0.000002 -7.249813 -1.474865 -25.172213 -9.974680 3.853647 -59.996634 -19.729413 -8.996099 -40.026312 -0.000001 0.000002 0.000000 -25.462484 3.912323 -9.857384 27.571274 -7.974392 -9.379427 -8.955755 11.302124 8.552891 -0.000000 -0.000000 -0.000002 -16.096198 3.338752 -14.595044 49.432996 11.932578 12.861924 -1.408268 -16.420750 -8.834108 -0.000002 -0.000001 0.000001 
15.842085 99.521584 -24.156574 184.203030 910.270895 -537.137715 1.800894 -2.052984 10.872742 0.436961 0.638650 -2.606320 -7.690924 11.898426 7.357701 -10.924059 17.719679 -12.144735 0.000000 0.000000 0.000000 -5.861632 7.950067 25.937903 1.404511 12.620587 41.075385 -3.509284 9.289462 -10.757139 -0.000001 -0.000002 0.000001 -7.506828 -0.843946 -26.589252 -11.417518 5.712925 -60.972279 -18.873452 -10.957415 -41.271439 -0.000001 0.000002 -0.000000 -24.285772 3.680607 -9.719808 26.873965 -8.012372 -8.437101 -8.879316 8.516409 6.134746 0.000000 -0.000002 -0.000001 -21.123545 4.429762 -13.925279 54.244126 12.747423 11.290502 -0.608037 -18.765661 -9.871981 0.000004 -0.000001 -0.000004 
16.156515 99.494576 -24.053013 185.881085 897.138244 -537.231425 1.103295 -1.775414 9.102602 -0.543372 1.014267 -2.809397 -7.337571 10.955749 7.645041 -12.128771 17.253906 -11.802423 -0.000001 -0.000002 -0.000001 -6.274210 9.879255 26.569262 0.070314 9.458196 39.024682 1.825412 10.459055 -4.741783 -0.000003 -0.000001 -0.000001 -6.986637 -0.203157 -27.106077 -10.375172 6.265897 -61.018834 -16.138292 -12.794163 -43.631293 -0.000001 0.000003 0.000001 -21.647018 3.169500 -9.950092 24.605939 -7.629979 -6.172462 -6.177518 2.782231 0.856231 0.000001 -0.000001 -0.000002 -26.662149 6.001132 -13.751672 56.246014 13.023706 10.815017 1.106006 -22.831898 -11.996016 -0.000004 -0.000001 -0.000002 
16.323704 99.476677 -23.999266 187.194161 883.118598 -537.794998 0.815620 -1.216855 6.744595 -0.718438 0.372834 -1.889560 -8.174206 9.230766 6.111871 -14.444597 16.181389 -10.155998 0.000001 0.000000 0.000001 -5.873264 8.725982 23.398290 -1.614209 7.033462 38.741164 7.399604 12.571201 2.233812 -0.000002 -0.000003 0.000000 -7.539623 -1.520963 -26.247753 -10.684093 6.752424 -57.255488 -14.107507 -13.591897 -43.870882 -0.000005 -0.000003 0.000001 -19.087805 2.554904 -8.582029 21.330498 -7.003018 -4.495449 -2.667023 -1.975658 -3.407127 0.000000 0.000000 0.000001 -31.893083 6.700275 -12.030426 52.794825 11.048136 6.511365 5.332462 -20.680764 -9.036188 0.000004 0.000001 -0.000001 
16.411140 99.493660 -23.980995 188.297346 870.308824 -538.986237 1.178358 -0.959773 5.371324 -0.881962 0.128184 -1.332058 -8.968936 7.503076 4.760713 -15.126437 15.202476 -8.783326 -0.000001 -0.000001 -0.000001 -5.141956 8.590477 21.293980 -0.448863 5.653028 36.803122 7.848113 12.832592 9.260499 -0.000003 -0.000007 -0.000001 -6.801227 -2.220323 -24.947473 -9.400847 7.471946 -53.558529 -10.411712 -13.141757 -43.617865 -0.000005 0.000004 -0.000000 -19.046358 1.931465 -6.380489 17.766365 -5.438984 -4.340827 -1.016154 -2.039885 -3.194007 0.000000 0.000001 -0.000002 -35.309216 6.479453 -9.714996 49.421582 8.812594 2.268176 6.884361 -16.474619 -6.158806 -0.000005 -0.000001 0.000001 
16.445259 99.577751 -24.009621 189.611720 856.838106 -541.082942 1.357528 -0.397252 2.270113 -2.846968 0.038053 -1.026085 -7.070866 6.649605 4.570392 -17.427176 14.698907 -8.387395 0.000000 -0.000001 -0.000000 -5.133163 11.206930 19.584850 4.050713 8.695386 30.548557 3.567303 11.216882 15.939595 -0.000000 0.000001 -0.000004 -5.842847 -2.939399 -22.497666 -8.926721 5.580103 -40.655875 -9.906991 -13.724770 -57.478132 0.000004 0.000002 0.000000 -22.020573 1.602010 -4.466690 21.045290 -4.202513 -4.608882 -4.468838 -2.979993 -2.448266 -0.000000 0.000003 0.000000 -38.215253 6.524382 -8.840219 43.035967 6.437647 0.220731 3.374585 -10.178882 -4.236033 -0.000000 -0.000001 -0.000000 
16.519775 99.706230 -24.101624 191.742248 842.680272 -544.433395 0.933378 -0.846300 4.339483 -0.168509 0.942748 -2.216788 -7.704527 5.002294 4.077888 -17.753127 15.286486 -8.345140 0.000000 0.000001 0.000000 -4.264609 10.423391 24.780046 11.137622 13.565239 29.222053 -3.426976 4.920711 -0.438106 -0.000004 -0.000001 0.000000 -5.226245 -5.307618 -21.552221 -5.677794 2.798494 -33.726719 -24.554636 -2.740701 -57.051928 -0.000002 0.000002 0.000000 -23.809254 0.911360 -2.918040 25.088241 -4.857590 -1.931208 -5.517525 -2.910200 -2.290862 -0.000001 -0.000003 -0.000000 -36.881843 7.739590 -11.698144 32.793453 5.317172 0.404962 3.470015 -2.973041 0.101417 -0.000002 0.000004 -0.000000 
16.597401 99.841888 -24.139700 196.339634 830.128788 -550.261842 0.925284 -1.263559 6.468961 1.097186 1.288226 -2.714296 -7.825597 3.335442 3.281106 -17.856269 17.823869 -8.852610 0.000000 0.000000 0.000000 -4.652348 11.076969 27.189755 15.906189 18.325517 27.899084 -8.344957 2.529627 -14.404102 -0.000002 -0.000005 0.000004 -6.163409 -8.056480 -21.268499 -4.465514 1.198669 -31.715949 -37.330324 4.460905 -50.076608 -0.000003 0.000008 -0.000000 -25.149813 0.304556 -1.913215 28.197225 -5.961404 0.710504 -7.199318 -4.835387 -3.627058 -0.000000 -0.000001 0.000000 -34.484768 8.116465 -13.570738 23.370751 4.958761 0.920300 5.217232 2.788586 4.396693 0.000002 -0.000001 -0.000000 
16.822701 99.994331 -24.158440 227.642938 817.411686 -582.848128 -0.978012 -1.467714 8.504650 0.854713 1.172611 -2.723454 -6.756555 4.527905 2.389258 -17.897601 16.268168 -7.752573 -0.000001 -0.000001 0.000000 -7.253838 11.658416 29.046261 14.273395 21.171725 30.324599 -11.657807 4.295082 -23.313179 0.000001 -0.000007 0.000004 -9.085127 -9.804092 -22.757429 -9.992894 4.326028 -37.555645 -29.852469 -3.327629 -46.451679 -0.000003 0.000001 0.000001 -27.045770 0.295236 -2.208435 31.098910 -7.120478 1.701347 -10.063255 -4.655036 -3.101048 -0.000000 -0.000003 -0.000000 -30.771843 7.392404 -14.624277 15.439359 5.047716 1.626141 4.892307 5.089495 7.020711 0.000000 0.000000 -0.000001 
17.139109 100.092545 -24.177273 152.268959 798.818163 -508.885484 -2.775551 -1.572105 9.796779 1.850372 0.389864 -2.315543 -6.701187 5.911739 2.408646 -16.140331 17.068569 -9.517042 0.000000 0.000002 0.000001 -9.023746 9.497802 28.716007 7.818863 19.678212 34.003725 -9.573613 8.216664 -24.299144 0.000006 -0.000001 0.000001 -11.357827 -8.816329 -24.469916 -13.541699 4.117111 -43.652125 -28.474082 -6.595199 -41.402110 -0.000003 0.000003 0.000003 -26.735859 0.914495 -2.483557 32.642423 -7.573305 -0.612672 -11.214920 -2.647162 -1.493922 -0.000001 -0.000004 -0.000000 -26.735433 5.952988 -14.897715 12.340729 5.266560 0.574472 1.009504 4.443697 6.571232 -0.000001 -0.000001 -0.000001 
17.497095 100.178886 -24.209072 168.486328 786.226736 -525.778673 -3.126375 -1.574372 10.177242 0.459330 -0.943113 -0.675161 -4.686626 7.937158 0.987261 -13.761058 18.642766 -11.565650 0.000001 0.000000 0.000001 -9.964957 8.088434 28.558773 2.556150 16.638933 35.502907 -6.740325 10.491895 -21.939748 0.000002 -0.000006 0.000002 -12.382850 -7.882005 -25.211232 -16.597749 5.324608 -47.844126 -25.512457 -9.158097 -40.209549 -0.000001 0.000004 0.000006 -25.652539 1.240452 -2.526108 32.304554 -7.660392 -3.993131 -10.028943 0.536581 0.555406 0.000001 -0.000003 -0.000001 -23.298219 5.005114 -15.496291 11.997512 5.510475 0.073908 -1.073362 1.934174 4.927680 0.000000 0.000001 -0.000000 
17.894005 100.281403 -24.218445 172.043682 771.945904 -530.128028 -4.069118 -1.631816 10.452696 0.661749 -0.338205 -1.818531 -4.390471 8.596198 2.064662 -13.257234 20.112703 -12.952983 0.000000 0.000002 0.000001 -9.840049 6.469659 26.591069 -0.240447 15.866811 37.292829 -8.927167 12.139282 -21.687574 -0.000002 0.000000 0.000000 -11.410634 -3.749385 -25.463457 -16.664651 3.380368 -52.940284 -22.922306 -10.980870 -42.474416 -0.000005 0.000003 -0.000002 -24.445143 1.579248 -2.904689 27.996320 -7.147962 -8.873113 -7.554962 7.847746 5.118452 0.000000 -0.000001 0.000000 -21.764015 4.627310 -16.352923 14.823420 6.017970 0.888781 -1.475952 -4.765214 0.570237 -0.000001 0.000002 -0.000001 
18.246490 100.420921 -24.132896 173.213201 758.116355 -531.688481 -2.199694 -1.241551 9.069808 -0.905442 -0.043367 -2.073667 -2.748193 8.091353 3.150062 -16.045504 22.543371 -13.350484 -0.000001 -0.000001 0.000000 -9.663738 6.690368 24.337402 0.421653 17.656507 38.662074 -5.569818 12.322863 -20.391328 -0.000002 -0.000002 -0.000002 -11.796943 -4.044663 -26.536202 -15.409474 0.912872 -56.533728 -21.723172 -11.903234 -42.953332 -0.000000 0.000003 0.000003 -25.220695 1.708523 -2.615121 24.894655 -6.870617 -15.675528 -8.911585 15.855219 11.662511 -0.000001 0.000000 -0.000000 -22.016165 4.684236 -16.930393 21.523944 7.066529 -0.024510 -1.513298 -10.919877 -3.501503 -0.000001 0.000000 0.000001 
18.548258 100.570229 -24.011721 172.766794 745.458594 -532.353687 -3.225076 -1.177568 8.928139 -2.160791 -0.017349 -1.937810 -1.230121 6.739234 3.230554 -16.108909 23.347496 -13.992213 0.000001 -0.000001 0.000000 -9.967313 7.370117 22.979849 0.906501 18.733464 38.963798 -1.267725 12.236368 -19.527735 -0.000004 -0.000001 -0.000000 -12.345204 -4.599668 -27.559878 -13.961024 -2.638072 -58.598433 -22.585007 -11.832555 -41.528052 -0.000002 0.000002 -0.000000 -27.288125 1.894907 -3.273108 23.725323 -6.626795 -18.438931 -11.138626 19.279908 15.367099 -0.000001 -0.000001 -0.000000 -23.421608 5.325593 -17.834906 28.127313 7.876194 0.781863 -0.175505 -15.780360 -6.133464 0.000001 0.000004 -0.000000 
18.817284 100.616806 -23.932537 174.180534 731.419495 -533.034465 -5.640239 -0.908740 8.256297 -0.271499 0.009303 -2.218333 -2.585870 3.705726 3.480057 -12.355697 22.254167 -14.856163 0.000001 -0.000001 -0.000000 -11.840555 10.197772 23.657677 -1.573592 18.220085 38.912462 7.913049 13.218286 -17.982083 -0.000003 -0.000001 -0.000000 -13.285672 -4.445469 -28.751603 -14.010789 -7.223036 -59.364637 -24.939818 -12.267644 -34.214658 -0.000003 0.000003 0.000002 -24.280479 2.668773 -5.657558 22.339281 -7.068115 -15.082263 -14.420034 15.329827 13.598640 -0.000000 -0.000000 -0.000000 -21.249135 5.368632 -19.906603 34.595858 9.555384 2.710792 1.525621 -21.766056 -8.432756 -0.000001 -0.000000 -0.000001 
19.079313 100.637222 -23.879274 176.438157 717.139373 -533.617272 -6.011631 -0.735514 7.506236 -0.762551 1.279997 -3.724229 -3.211597 0.425550 4.740544 -9.081601 21.413490 -15.350514 0.000001 0.000001 -0.000000 -11.651724 11.059817 24.695201 -2.154961 15.888731 37.133444 12.098137 12.619159 -15.038917 0.000001 -0.000003 0.000001 -12.832477 -4.496159 -29.525736 -13.218073 -8.303485 -55.745928 -22.852401 -12.320671 -30.532684 -0.000001 0.000004 -0.000000 -19.406502 2.850661 -6.967575 20.023017 -6.960761 -11.209256 -14.278180 9.920738 9.072375 -0.000001 0.000000 -0.000000 -17.808089 4.655188 -20.537069 40.821363 10.976778 5.712084 3.025000 -25.147425 -9.767331 -0.000004 0.000001 -0.000003 
19.335932 100.668915 -23.804897 177.907822 705.417566 -533.940804 -5.172875 -0.681629 7.052818 -0.223139 1.729803 -4.378891 -5.371941 0.392935 5.946621 -7.557475 21.051567 -15.245563 -0.000001 -0.000003 -0.000000 -11.214988 10.853787 25.608975 -1.539560 15.831287 34.812040 13.886202 12.897168 -11.760901 0.000003 -0.000006 0.000002 -12.774233 -4.870730 -30.242455 -13.369756 -7.224622 -52.338025 -20.781749 -12.147555 -27.688684 -0.000000 0.000001 0.000003 -16.940179 2.911431 -7.066503 17.961897 -6.935620 -9.130551 -13.593703 6.749885 6.276629 -0.000001 -0.000003 -0.000000 -17.564567 4.428890 -20.280024 44.755655 11.613075 5.848317 3.568090 -23.673656 -8.668347 0.000001 0.000000 -0.000002 
19.666716 100.675194 -23.812977 179.367639 693.651336 -534.640816 -4.632729 -0.746461 6.643578 -0.139690 2.398814 -5.131056 -6.569755 1.399754 6.750956 -7.892621 19.266785 -13.313244 -0.000002 -0.000003 0.000000 -10.199575 11.823800 27.343042 0.438812 13.471817 33.895838 8.126162 10.717481 -9.709244 0.000002 -0.000001 -0.000001 -11.696796 -6.184098 -29.417116 -11.653049 -3.562862 -48.607106 -16.719145 -11.143261 -29.812539 -0.000001 0.000001 0.000003 -15.916221 2.240687 -5.182301 17.946693 -6.675438 -7.270961 -12.717172 3.270925 3.277691 -0.000000 0.000002 -0.000000 -17.505917 4.464305 -19.179856 41.873048 10.042385 2.539605 2.076074 -18.642964 -6.778978 0.000002 -0.000000 0.000002 
20.046545 100.677765 -23.822601 180.561146 681.900842 -535.059753 -3.938175 -0.471875 4.869880 -0.325007 1.671152 -3.781934 -6.903977 4.735224 5.587384 -8.879549 18.368981 -11.637523 -0.000001 -0.000002 -0.000002 -9.133871 13.265779 27.946429 2.518609 10.760377 31.933873 -1.578976 9.597782 -1.812382 -0.000001 -0.000000 -0.000003 -10.617696 -7.540830 -30.159465 -8.534681 -1.618694 -44.293275 -14.310051 -8.814441 -32.499744 -0.000006 0.000005 -0.000003 -16.333931 1.603568 -2.898829 19.767566 -5.600288 -7.855481 -10.730170 0.424038 0.918545 -0.000000 -0.000000 -0.000000 -15.961291 4.080121 -18.726155 34.738564 7.712501 -1.956721 2.412167 -9.779293 -1.778333 0.000002 0.000002 0.000000 
20.438450 100.649246 -23.825256 180.718268 671.289133 -535.934017 -3.950889 -0.063475 2.984885 -1.786976 1.914978 -3.659404 -6.156596 6.503091 5.433826 -9.075715 19.951556 -12.299438 0.000000 -0.000000 -0.000001 -8.248769 14.107751 26.873041 2.549635 7.073244 30.868326 -8.633287 8.163964 7.808207 -0.000000 -0.000001 -0.000000 -9.574026 -7.411388 -31.269958 -5.052103 -1.615530 -41.294805 -10.282327 -7.550959 -33.941877 -0.000000 0.000002 -0.000000 -18.385602 0.913116 -1.132899 22.274720 -5.063800 -9.523428 -10.558140 1.185073 2.212047 -0.000000 -0.000002 -0.000000 -15.127438 3.927865 -18.614543 30.490186 6.215963 -4.070402 1.942829 -5.259679 0.236047 -0.000003 0.000005 -0.000002 
20.934727 100.535027 -23.797195 178.397083 659.667866 -539.313103 -3.017882 0.024844 2.659670 -4.665215 2.703798 -4.090220 -4.235258 8.183734 5.744725 -11.716034 19.034337 -11.049227 0.000000 0.000000 -0.000001 -7.305998 13.420836 27.201088 4.533124 7.111599 37.239926 -16.579167 5.332025 7.255540 -0.000003 -0.000003 -0.000000 -8.609570 -7.881666 -29.969535 -2.188362 -2.845536 -38.286048 -16.694980 -3.823150 -40.228646 -0.000002 0.000003 -0.000003 -24.771838 0.059863 0.132468 28.967638 -6.065187 -11.101433 -10.893831 3.647854 4.709736 -0.000001 -0.000001 -0.000001 -14.094025 3.927887 -18.219649 29.182813 6.096123 -0.325424 -1.179165 -9.589902 -3.912514 -0.000003 0.000000 -0.000002 
21.479818 100.352257 -23.783951 171.724193 645.335179 -546.675828 -2.289864 -0.303143 3.723560 -5.622861 2.846832 -3.993247 -2.643118 7.381023 4.170716 -13.585481 18.285004 -9.786082 0.000002 0.000000 -0.000001 -5.527582 9.314692 28.270623 6.229775 9.124334 35.385489 -23.433466 4.884792 3.073070 -0.000002 -0.000002 -0.000002 -9.549173 -10.587399 -29.979275 -1.824894 -2.015835 -40.723316 -21.157868 -2.303480 -48.178819 -0.000002 0.000006 0.000001 -31.418160 -0.152303 -0.643758 35.346782 -7.834638 -11.549787 -6.664544 8.416675 6.804882 0.000001 -0.000001 -0.000001 -10.219234 2.676659 -15.524556 26.064934 6.068253 2.697648 -5.890533 -15.638463 -9.649504 0.000000 -0.000002 -0.000003 
21.985334 100.175529 -23.788691 128.845973 633.729103 -590.166593 -0.733802 -0.425720 4.641544 -5.106687 2.524810 -3.769514 -2.513103 5.232805 2.529678 -14.493031 17.017698 -9.300060 0.000000 -0.000000 -0.000000 -5.817282 7.640919 29.169785 7.687277 13.381525 36.245615 -26.697352 6.368853 -3.270793 -0.000000 -0.000005 -0.000000 -10.514055 -10.911530 -30.121725 -4.590456 -0.707854 -42.308630 -28.405119 -0.011726 -48.172593 0.000004 -0.000003 0.000000 -34.383831 -0.373243 -0.770362 36.481348 -8.624593 -14.222113 -2.316152 14.317176 8.890165 0.000000 -0.000000 -0.000000 -7.980634 1.785083 -12.351475 25.847739 6.561629 5.042319 -8.651893 -20.128788 -13.884722 -0.000001 0.000000 0.000002 
22.467812 100.008469 -23.808876 194.300850 618.105455 -524.908179 1.250845 -0.640366 5.280433 -3.126194 1.041684 -2.209437 -3.265118 4.702997 0.248663 -15.398016 15.047757 -8.003550 0.000002 0.000002 0.000000 -4.967780 5.658392 28.542811 7.223296 13.917854 36.322102 -24.857521 6.949221 -9.229093 -0.000001 -0.000003 -0.000000 -10.577736 -11.227944 -28.552371 -7.574559 2.932397 -43.287693 -40.094389 4.098228 -39.760420 -0.000000 0.000000 0.000000 -32.124108 0.946132 -3.897090 35.032098 -8.290114 -11.988086 -2.732051 15.410396 9.689481 -0.000001 -0.000002 0.000000 -10.037262 1.977024 -10.607755 31.879741 7.874123 10.655501 -8.361169 -24.277259 -16.963427 -0.000003 0.000001 -0.000001 
22.929123 99.872757 -23.820404 186.944791 604.489227 -532.157742 2.856786 -0.863644 5.694432 -2.550346 0.371114 -1.644379 -2.852848 6.265652 0.242728 -15.113704 15.166633 -8.780428 -0.000000 -0.000001 -0.000000 -4.249803 5.706221 26.566712 7.934847 14.581680 35.744405 -21.746001 5.619012 -16.766878 -0.000002 -0.000001 0.000000 -8.753059 -8.957107 -26.305048 -8.216280 4.235234 -45.284352 -44.013234 4.836074 -32.683982 -0.000002 0.000004 0.000001 -28.405853 2.795700 -7.143164 34.018795 -7.419603 -7.145413 -4.735903 9.372976 6.137514 0.000002 -0.000006 -0.000001 -13.152047 2.557579 -12.455075 38.661391 9.506214 15.519076 -1.785266 -23.808310 -13.846502 0.000001 0.000000 -0.000001 
23.347813 99.774178 -23.825109 184.631802 592.265155 -534.264282 3.938968 -1.031615 6.454630 -0.295803 0.940689 -2.715890 -4.517339 7.192100 1.709790 -14.205561 15.584513 -9.438836 0.000001 -0.000002 -0.000001 -3.619881 4.130678 24.604022 8.787843 16.585719 35.646508 -17.771869 4.749892 -22.797672 0.000002 -0.000005 0.000001 -7.453721 -5.875039 -24.852292 -8.262413 3.482782 -47.357578 -40.956355 2.547008 -28.882001 -0.000002 -0.000001 0.000001 -25.601306 3.711782 -9.036394 33.533944 -7.315375 -3.848771 -5.106646 4.304966 2.362246 -0.000000 -0.000003 -0.000000 -13.344970 2.748448 -14.643864 42.874358 11.024630 18.662338 4.519576 -22.513268 -10.330778 0.000003 0.000000 -0.000002 
23.638800 99.739876 -23.772991 183.743304 579.716732 -535.201712 4.668786 -1.293223 7.951030 -0.954364 1.092122 -2.969254 -3.664243 9.137894 2.409844 -12.387273 16.335997 -10.853770 0.000001 -0.000000 -0.000000 -4.312904 4.780890 21.812407 6.513042 16.105147 37.513561 -13.102240 4.668621 -26.432207 -0.000000 0.000001 -0.000000 -6.324240 -1.791443 -23.020056 -9.557182 3.036697 -49.940786 -32.222985 -1.840032 -28.790699 -0.000001 0.000004 -0.000000 -25.752094 3.765907 -9.160465 36.215910 -7.925221 -2.315694 -8.280809 0.732245 0.270477 -0.000001 -0.000006 -0.000000 -15.493560 3.059231 -14.167417 49.676878 12.809618 17.502614 1.729889 -20.883268 -10.254041 -0.000002 -0.000005 0.000006 
23.827629 99.817368 -23.714619 183.880536 568.091641 -535.632614 5.264487 -1.637410 9.347478 0.110339 1.611563 -3.790664 -5.288007 10.109564 3.959643 -10.102413 18.351984 -13.217217 0.000000 0.000000 0.000000 -4.120739 4.587735 19.691896 6.229202 16.293621 37.491725 -14.283467 5.834409 -24.504019 -0.000002 -0.000005 -0.000000 -5.324816 1.242643 -22.174166 -9.807811 3.514389 -53.100179 -24.370142 -5.188111 -31.101512 0.000001 -0.000000 0.000003 -23.519734 3.374827 -8.647834 33.496668 -7.600103 -1.146847 -9.687326 -3.864454 -3.148812 0.000000 -0.000003 -0.000002 -19.308115 3.641529 -12.719892 49.379119 11.097459 11.795509 -1.600346 -20.059227 -11.375471 0.000001 0.000002 0.000001 
23.957800 99.934715 -23.677557 184.836230 557.990446 -535.772497 3.045736 -1.843453 10.220856 -0.764377 1.684261 -3.919566 -3.885945 9.934090 4.570109 -9.683720 21.046962 -15.487845 0.000001 0.000000 -0.000000 -5.209611 6.887037 19.251769 5.412898 17.289615 38.101138 -12.764462 7.670242 -24.066035 -0.000003 -0.000004 -0.000003 -6.384383 0.732208 -22.508224 -11.164188 3.831740 -54.509059 -21.463026 -8.260442 -31.076053 -0.000001 0.000003 0.000002 -21.758877 3.163394 -8.232437 30.746766 -7.574776 0.204339 -9.493049 -7.452642 -6.518273 -0.000002 -0.000004 -0.000000 -23.063826 4.189261 -11.895735 45.954145 9.457444 7.172839 -3.511095 -19.367792 -11.754098 -0.000001 0.000000 -0.000001 
23.973745 100.134338 -23.610119 186.946499 547.065859 -535.296569 1.321025 -1.797356 9.817603 -1.347027 2.499108 -5.075654 -4.077078 9.269039 6.368084 -8.820790 23.228889 -17.369678 0.000002 0.000005 0.000001 -6.333771 9.225888 19.472979 5.011531 18.707851 37.766848 -10.346081 9.579119 -20.531836 -0.000003 -0.000003 -0.000000 -6.586935 2.743941 -24.043564 -13.299092 5.682385 -55.180210 -18.292539 -11.589164 -32.624183 -0.000001 -0.000001 0.000003 -21.654466 3.145599 -8.593247 27.824738 -7.794731 2.153013 -7.936892 -11.822320 -10.784844 0.000002 -0.000005 -0.000001 -27.324769 5.312563 -12.400838 44.885968 8.520783 1.859563 -0.722762 -13.796063 -7.036370 -0.000003 0.000000 0.000001 
23.874535 100.365242 -23.569090 187.975467 535.305585 -535.070627 -0.389802 -1.593894 8.413638 0.323038 2.515699 -5.240135 -6.313301 10.009582 7.309601 -6.744489 21.471586 -16.862262 0.000000 0.000002 0.000001 -6.872714 11.673734 21.223416 4.103421 16.090486 36.127292 -6.603102 10.141122 -13.337294 -0.000002 -0.000002 -0.000002 -6.117114 3.086064 -25.555508 -11.471549 5.290280 -55.681157 -16.011015 -12.301656 -35.393432 -0.000002 0.000003 0.000003 -20.463667 3.158270 -9.033255 24.902807 -7.443744 2.856702 -4.495823 -11.512215 -10.600155 0.000002 -0.000002 0.000003 -28.337605 6.539876 -15.037969 38.546613 7.072414 -1.344550 0.319049 -7.408625 -3.109359 -0.000000 0.000000 -0.000000 
23.706247 100.537155 -23.521933 187.683066 524.661145 -535.092866 0.010808 -1.580028 7.616074 0.561667 2.542559 -5.045214 -7.007345 9.741377 7.535137 -6.532749 20.323925 -15.631617 0.000002 0.000000 -0.000000 -6.432722 12.559810 21.772743 3.512718 12.342273 35.042101 -2.413668 10.303684 -5.262483 -0.000004 -0.000003 0.000000 -5.511310 2.259667 -26.116039 -9.783915 6.587145 -54.962440 -13.953876 -12.157378 -37.627444 -0.000002 0.000001 0.000002 -19.546166 2.750328 -8.692295 24.773279 -6.961326 0.338228 -3.199359 -5.228331 -5.504899 0.000001 -0.000002 -0.000001 -25.631781 6.510113 -16.169356 34.806630 6.163863 -3.385947 -1.216614 -3.089158 -0.982694 -0.000001 0.000001 -0.000003 
23.375877 100.588921 -23.476931 186.342874 513.073046 -535.869540 0.479712 -1.426232 6.783402 0.581146 1.827965 -3.893183 -7.672345 8.842909 6.312718 -7.604801 18.751422 -13.758172 -0.000001 -0.000001 -0.000000 -5.814596 11.414906 21.364219 2.463606 9.269554 35.826446 1.816220 11.216955 3.781647 -0.000003 -0.000001 -0.000000 -5.342588 0.552954 -24.909398 -9.662074 8.751831 -52.343018 -11.710375 -11.053394 -38.186358 0.000002 -0.000001 0.000000 -19.580834 2.362680 -6.232218 27.712412 -5.906398 -2.164888 -5.832919 0.498093 0.287477 0.000001 -0.000005 -0.000001 -20.853963 4.721182 -14.909977 32.611196 5.071638 -3.345490 -3.386967 -4.417941 -2.646072 -0.000002 0.000001 -0.000001 
22.884752 100.578865 -23.464848 186.235654 500.797994 -537.214978 -0.650480 -0.826908 3.929076 -0.108638 1.146283 -2.539239 -6.876034 9.505073 5.351268 -9.501115 16.778933 -11.671341 0.000000 0.000001 0.000001 -5.188359 12.173582 22.133838 3.054506 6.159270 32.250842 -1.468194 10.347255 14.731465 0.000001 -0.000005 -0.000000 -5.379985 -3.032733 -25.080193 -8.002053 8.607236 -45.453058 -10.784894 -9.111960 -43.192108 -0.000006 0.000002 0.000001 -21.925088 1.904842 -4.431696 29.519968 -4.742212 -4.070067 -9.434362 3.151326 4.253975 0.000000 0.000002 -0.000001 -17.782401 3.472438 -12.694961 30.576797 4.151037 -0.967587 -4.639076 -8.358427 -5.981529 -0.000002 0.000000 -0.000002 
22.409798 100.546211 -23.540262 186.069680 489.574190 -538.649263 0.224135 -0.495064 2.289818 -3.086179 1.204295 -2.038739 -4.919809 10.079700 5.989056 -10.551409 15.890608 -10.436058 0.000001 0.000002 -0.000000 -3.942480 9.942955 20.780574 3.944129 3.979793 35.178930 -6.400755 9.369151 24.406380 -0.000001 0.000000 -0.000003 -3.984177 -2.269674 -22.639232 -8.215210 8.019545 -32.836315 -31.309485 1.446397 -45.754105 -0.000001 0.000003 0.000002 -21.675942 0.912017 -2.588244 26.786363 -4.208679 -5.249742 -11.064689 3.487806 5.303069 -0.000001 0.000000 -0.000000 -16.320711 3.341278 -11.639712 30.448884 4.792129 2.166499 -4.261019 -13.838791 -9.466370 0.000001 0.000003 -0.000001 
21.810308 100.508156 -23.583263 188.481830 477.346184 -541.992012 -2.080215 -0.699388 3.872157 1.383118 2.445560 -3.970558 -7.237840 7.365666 6.083162 -10.861320 15.993728 -9.162424 -0.000001 0.000000 0.000000 -3.704582 11.171454 24.599251 9.112266 9.778973 35.562818 -13.788291 5.213597 9.646928 -0.000003 -0.000001 0.000000 -4.752506 -6.519915 -21.477472 -5.481767 5.078074 -29.685863 -42.755885 7.371587 -43.829734 -0.000003 0.000004 0.000005 -22.821551 0.033733 -0.768044 24.586297 -4.790345 -5.695982 -8.160488 4.050336 4.742418 -0.000000 -0.000000 -0.000001 -18.230806 3.476219 -10.006666 33.871987 6.071507 4.495941 0.526373 -16.809024 -9.280355 -0.000002 0.000005 -0.000001 
21.109529 100.466652 -23.582520 196.409453 462.956560 -549.729797 -0.931234 -0.677378 5.270564 2.171172 2.356287 -4.539935 -8.015850 5.288686 4.979193 -11.412441 16.331039 -9.681700 0.000001 0.000000 0.000000 -6.630149 11.199283 26.643135 8.489347 15.955187 36.368001 -14.170650 6.496188 -4.857902 -0.000003 -0.000003 -0.000001 -8.395674 -7.696138 -24.201290 -11.386800 5.227870 -35.255661 -33.068436 -1.842439 -39.610278 -0.000004 0.000001 0.000002 -24.806504 0.036670 -0.270529 23.342665 -5.674394 -5.898618 -3.853751 3.975850 2.236393 -0.000001 -0.000002 -0.000000 -21.458120 4.068064 -11.785041 39.874214 8.464539 6.864739 5.352804 -16.471858 -6.070608 -0.000001 0.000003 -0.000001 
20.452372 100.434647 -23.595882 275.669823 453.320393 -629.629405 -0.886996 -0.914521 7.036517 2.182784 1.306472 -3.539652 -7.578405 6.492342 3.422912 -12.972590 15.110419 -9.008511 0.000000 0.000001 0.000000 -8.572207 10.759985 27.705342 7.400551 19.647961 37.616816 -13.222077 7.815343 -16.363931 -0.000001 0.000001 -0.000001 -10.541174 -7.978984 -24.371531 -15.275906 5.574382 -39.468911 -27.316351 -6.934095 -36.046153 -0.000005 0.000001 0.000002 -26.557802 -0.025337 0.469121 23.556059 -6.214689 -6.556223 -2.620178 5.524549 2.317631 -0.000000 -0.000001 -0.000001 -23.834847 4.376765 -12.277202 43.627871 10.017330 8.161730 4.427983 -14.730719 -4.741338 0.000001 0.000001 -0.000001 
19.847101 100.440880 -23.646061 351.564863 464.149330 -704.852464 -0.697140 -1.044993 7.512739 3.329527 0.876670 -3.329784 -7.690631 6.797039 2.926740 -11.737003 16.897246 -10.623712 -0.000001 0.000001 0.000000 -8.966374 10.256472 26.628466 4.201900 19.104729 38.958293 -10.734024 9.317280 -22.786548 0.000005 -0.000002 -0.000002 -10.379014 -5.777151 -23.511661 -17.560925 6.470384 -43.888986 -27.299286 -8.445341 -31.616000 -0.000004 0.000002 -0.000000 -26.728117 1.355418 -2.517514 27.794437 -7.478393 -6.419726 -5.984378 5.913276 3.477890 -0.000000 -0.000001 0.000000 -24.324023 4.797077 -14.411301 41.252198 10.481070 10.809356 -0.824452 -15.846729 -7.072991 0.000000 -0.000000 -0.000001 
19.316751 100.531006 -23.693558 357.336783 477.866699 -711.035151 -1.388965 -1.456167 9.359575 3.232697 0.647522 -3.206529 -6.743531 8.612308 2.723368 -10.180699 18.814738 -12.569889 0.000000 -0.000003 -0.000001 -8.958901 8.280977 24.998419 1.489408 17.242382 39.084624 -8.571531 10.490263 -24.046053 -0.000000 -0.000003 -0.000000 -9.739321 -2.563430 -22.609816 -17.864114 6.194327 -48.777195 -23.310756 -10.361826 -34.273350 0.000000 -0.000001 0.000000 -25.599990 2.462477 -5.454165 30.314972 -7.835405 -2.874198 -8.432156 3.410105 2.362968 -0.000001 0.000000 0.000000 -26.432805 5.023338 -13.824843 36.107802 9.255320 9.171626 -0.459749 -13.513841 -5.301196 0.000003 0.000001 0.000000 
18.854715 100.660362 -23.714432 358.103157 490.218796 -712.724503 -2.334479 -1.664319 10.414771 2.370780 0.787137 -3.526782 -5.377072 10.313750 3.173211 -9.627994 19.668897 -13.693278 -0.000001 0.000002 0.000001 -8.994077 6.203930 23.706395 -0.025490 17.285689 39.127401 -7.919876 11.822857 -24.873124 -0.000003 -0.000001 -0.000000 -10.167254 -1.844999 -22.928916 -18.515823 5.090221 -51.308060 -22.306641 -11.771776 -35.283463 0.000001 0.000002 0.000001 -24.656158 3.153571 -7.347847 30.411909 -8.134841 0.742974 -10.258545 -1.002444 -1.021024 -0.000001 -0.000002 -0.000001 -27.638183 5.072869 -12.945941 31.005090 8.552560 5.964897 -0.693200 -9.060349 -2.158262 -0.000000 0.000003 -0.000001 
18.542385 100.873772 -23.732985 359.553015 504.247622 -714.083601 -1.591253 -1.546854 10.222948 2.017712 0.165794 -2.637006 -4.501650 6.660791 2.114843 -11.107296 21.755245 -14.729704 0.000001 0.000000 0.000000 -9.650191 7.134705 22.919244 0.219140 18.581518 39.566316 -4.154846 12.225917 -24.645063 -0.000002 -0.000001 -0.000006 -10.395658 -1.691336 -23.431387 -16.379244 0.709859 -53.657570 -24.216250 -11.432067 -35.955355 -0.000003 -0.000001 0.000003 -18.967292 3.383851 -8.667986 26.764301 -8.150764 4.474661 -12.133361 -8.899006 -7.546180 -0.000001 -0.000001 0.000001 -26.666624 4.680086 -12.447131 24.473362 7.759755 0.811914 0.951621 0.379743 4.309339 0.000000 0.000005 -0.000002 
18.354483 101.122391 -23.786333 360.375889 519.426160 -714.445437 -4.656422 -1.300023 8.990873 0.501014 0.361011 -2.564079 -2.201656 2.892610 2.356741 -9.396718 21.658472 -15.234938 -0.000001 -0.000000 0.000000 -9.029524 6.366053 21.294202 0.395279 17.774819 39.771071 3.568712 11.998521 -21.086474 -0.000002 0.000001 -0.000000 -11.268498 -4.270233 -24.801639 -13.448028 -3.463859 -54.868211 -25.190993 -10.625795 -32.926126 -0.000001 0.000004 0.000000 -13.620990 2.809503 -7.430371 22.421689 -8.045778 4.984268 -12.594334 -11.948525 -10.250127 -0.000001 -0.000004 -0.000002 -23.544818 4.774105 -15.358128 18.424451 7.216012 -0.599640 -0.252026 4.720175 6.863046 -0.000001 -0.000000 -0.000000 
18.252966 101.320984 -23.863270 361.125352 533.023482 -714.584336 -7.065404 -0.904650 7.466770 3.295396 -0.148397 -2.044620 -4.663708 0.846182 2.270696 -5.982220 20.063542 -15.284321 0.000001 0.000001 0.000000 -9.195695 8.124116 21.991836 -1.216993 15.561526 39.623717 10.093641 12.006765 -18.918743 0.000001 0.000003 -0.000001 -11.817264 -5.847399 -25.773418 -11.887350 -6.374554 -54.962686 -25.394689 -10.823265 -28.545889 0.000001 0.000005 -0.000001 -11.452339 2.402346 -5.568038 20.630807 -8.130292 3.251564 -13.070347 -12.569293 -10.787060 -0.000000 -0.000002 -0.000001 -20.891165 4.637783 -17.696315 15.128393 7.024202 0.171624 -1.088496 4.428084 6.369120 0.000000 0.000000 0.000001 
18.237862 101.465782 -23.912907 363.172141 546.710416 -714.887979 -6.214578 -0.615532 6.376452 1.868048 0.340272 -2.540241 -4.361275 -1.012413 3.105623 -3.293968 18.367509 -14.540267 -0.000001 0.000001 -0.000000 -8.841490 7.371973 23.759283 -1.581663 13.753248 37.318173 13.166603 12.082220 -15.713750 0.000003 0.000003 0.000001 -12.236724 -6.697288 -27.068673 -10.533226 -7.918539 -52.593085 -24.987067 -10.398482 -24.965395 -0.000004 0.000000 -0.000000 -9.983259 1.852527 -2.899282 20.422843 -7.949910 -0.253250 -13.114242 -7.714481 -6.148717 -0.000000 -0.000001 -0.000000 -15.123663 3.030481 -17.471757 12.750042 6.741801 0.551341 -1.896346 0.151320 3.339172 -0.000001 0.000000 -0.000000 
18.314083 101.572594 -23.939995 363.357239 559.963606 -714.980705 -8.228760 0.082874 3.887322 3.992085 -0.882043 -0.910121 -7.052966 -0.742826 2.082122 -1.924989 15.990161 -12.775899 0.000002 0.000000 0.000000 -8.374112 7.911930 25.518260 -0.808074 13.040663 35.487747 10.805222 12.235580 -11.018290 -0.000000 0.000000 -0.000002 -11.686209 -6.584676 -27.326656 -9.678876 -7.150338 -48.906603 -25.462423 -8.917730 -26.085865 -0.000003 0.000001 0.000003 -11.270339 1.565796 -1.521764 21.250520 -7.834905 -3.783997 -12.172995 -2.836586 -1.956449 0.000000 -0.000003 -0.000001 -11.081202 1.672591 -15.441323 11.440315 6.474049 1.045447 -4.583313 -2.232296 1.085605 -0.000001 0.000001 -0.000001 
18.446571 101.642517 -23.991474 364.060476 571.210906 -715.368332 -7.725046 0.016125 3.747303 2.893249 -0.037355 -1.885708 -6.865991 -0.291562 2.725478 -2.070751 14.413171 -11.204635 0.000001 -0.000001 -0.000001 -8.297866 9.322436 27.133473 -0.134183 11.166751 35.537754 6.289591 10.694959 -9.596476 0.000000 -0.000006 0.000003 -10.992640 -7.034550 -27.521373 -8.580402 -5.220315 -46.862119 -23.918464 -7.650705 -29.326165 -0.000002 0.000003 0.000001 -11.838411 1.026055 0.216151 21.566949 -7.643668 -6.095220 -10.692719 1.068222 1.039215 -0.000000 0.000000 -0.000001 -7.928869 0.713050 -12.446865 10.724621 6.280278 1.294180 -6.304537 -3.923764 -0.518689 -0.000001 0.000001 -0.000003 
18.693029 101.633301 -24.065311 364.296964 582.632895 -716.093753 -7.728084 0.276170 2.336621 0.585575 1.544917 -3.669391 -4.797818 0.598386 4.418062 -2.934876 13.769686 -10.011918 -0.000001 0.000002 0.000001 -7.974003 10.719841 27.635685 -0.591297 5.900112 36.600002 0.392625 8.346669 -3.744404 0.000003 -0.000000 0.000003 -10.966876 -8.579551 -30.158632 -7.171969 -1.765296 -43.523820 -19.666775 -5.792805 -32.602207 -0.000001 -0.000001 -0.000002 -13.980146 0.351300 2.007033 22.534251 -6.336774 -7.821411 -10.649861 3.573579 3.733080 -0.000001 -0.000004 0.000000 -7.558013 0.631968 -10.835203 11.748692 4.989469 3.267119 -7.868096 -6.964759 -3.459425 0.000000 -0.000000 -0.000000 
19.030531 101.604576 -24.045200 363.791257 594.986958 -717.555960 -6.396366 0.368011 1.491774 -0.388793 2.414077 -4.554961 -5.536133 1.180288 4.608823 -0.745379 14.875795 -10.601025 -0.000001 -0.000001 -0.000000 -6.095796 9.473974 25.365311 -2.303559 0.573515 34.438271 -2.656465 8.093134 8.541203 -0.000002 -0.000001 -0.000002 -8.806018 -5.440527 -31.816923 -5.759346 0.766371 -39.988883 -12.549053 -5.977369 -33.548434 -0.000001 0.000001 0.000002 -18.081632 0.204180 2.041966 25.329914 -5.894895 -6.676012 -12.027244 0.515352 2.440409 -0.000001 0.000000 0.000001 -10.070866 1.207008 -11.267878 14.894906 4.202822 5.974483 -7.375953 -11.216539 -6.914065 -0.000003 0.000003 -0.000001 
19.408981 101.544754 -24.048904 364.394636 604.824999 -718.853368 -2.887394 -0.079200 2.676174 -2.710957 1.579237 -3.133325 -4.546311 4.011552 3.246341 -4.615778 14.960694 -10.141070 0.000002 -0.000000 0.000000 -6.065859 10.617673 26.621381 -0.460100 0.920930 38.437303 -5.640810 7.120357 13.548134 -0.000001 -0.000001 -0.000000 -8.517501 -7.605107 -28.848257 -2.888022 -1.531128 -39.180806 -10.989400 -4.657164 -26.722196 -0.000000 -0.000003 0.000001 -20.348716 -0.432475 3.485164 27.363985 -5.339097 -6.565868 -12.893287 -1.022240 1.815843 -0.000001 0.000001 -0.000000 -12.244758 1.605132 -10.885318 19.432556 4.160748 6.970955 -7.271864 -13.016796 -8.904841 -0.000000 0.000001 -0.000001 
19.846207 101.493881 -24.048298 364.175168 617.335064 -717.925118 -1.011428 -0.254707 3.070042 -3.064659 2.799960 -4.713070 -4.356897 2.216720 3.251503 -4.038867 12.355751 -8.642107 0.000001 0.000000 -0.000001 -4.818451 10.279956 26.751911 1.546549 2.391806 42.342754 -12.782683 4.314055 7.048697 -0.000000 -0.000000 0.000002 -8.561074 -8.493974 -31.569892 -3.768324 1.948274 -44.605131 -10.710515 -5.259508 -35.722743 0.000000 0.000001 -0.000003 -22.864005 0.643988 -0.277602 30.212362 -6.350509 -3.170721 -15.114766 -5.749359 -1.905205 -0.000000 -0.000003 -0.000001 -15.100928 2.808161 -13.204438 27.039956 5.730787 8.130931 -6.813937 -16.734556 -11.751578 0.000000 0.000000 -0.000001 
20.243814 101.470734 -24.003662 429.118601 629.525531 -651.297770 0.925923 -0.378674 3.601598 -3.641894 2.338771 -4.157534 -3.305444 1.306610 1.329212 -4.024210 11.388588 -8.696587 0.000001 -0.000001 -0.000000 -5.429847 9.377441 29.570505 3.743385 8.182368 41.790635 -19.083982 4.876012 -0.023906 0.000001 -0.000005 0.000000 -9.646567 -8.834358 -34.476630 -5.681584 2.932829 -47.997126 -11.412955 -7.252170 -38.563880 -0.000000 -0.000000 0.000003 -23.717776 1.594080 -3.503498 31.922344 -7.099746 -0.921591 -15.048811 -6.268803 -2.926109 -0.000001 -0.000000 -0.000002 -16.768826 3.488034 -13.469018 32.864685 7.392275 7.184737 -6.149719 -18.055774 -11.983342 0.000001 0.000000 -0.000001 
20.611431 101.458847 -23.971924 357.599964 640.141175 -721.809201 2.626300 -0.315293 3.370359 -3.791615 1.319613 -2.846419 -2.968503 1.656317 0.209470 -3.575252 11.924166 -9.486569 0.000001 0.000000 -0.000000 -5.827763 7.505363 30.245307 4.148068 11.916241 42.621559 -19.198762 7.125379 -4.337929 -0.000000 -0.000004 -0.000001 -10.260191 -7.765327 -35.360108 -7.559567 2.270207 -50.442545 -12.751728 -9.703963 -38.963883 -0.000004 0.000003 0.000001 -23.804485 1.784584 -4.785965 32.166813 -7.713963 0.750720 -16.336071 -7.641238 -4.438210 -0.000001 -0.000002 0.000001 -18.116375 3.732715 -12.532834 36.305871 8.746410 6.323395 -5.488368 -19.099825 -11.701303 0.000001 0.000001 0.000001 
20.916426 101.491165 -23.945538 357.142997 651.076909 -721.335076 4.388677 -0.229914 3.192644 -3.003016 0.518701 -1.970668 -3.312320 1.526718 -0.733233 -3.309596 10.416511 -8.771800 0.000000 0.000001 0.000000 -6.054415 4.154822 29.476597 0.402723 11.110128 42.457989 -11.813185 10.632096 -3.119607 -0.000003 -0.000005 0.000001 -11.773726 -7.708472 -35.310056 -10.117686 1.232163 -51.736210 -11.347209 -13.459982 -37.063653 -0.000001 -0.000000 0.000005 -23.476547 1.605064 -4.986681 33.146348 -8.385272 1.194440 -16.810670 -9.173147 -6.196269 -0.000000 -0.000001 0.000000 -17.987932 3.671260 -12.010491 36.096047 9.522426 6.180036 -5.910205 -18.264694 -10.734143 0.000001 0.000000 -0.000002 
21.159575 101.555565 -23.914261 356.801159 661.462621 -720.923407 4.770786 -0.269951 3.121107 -2.127137 0.426748 -1.879862 -2.963485 2.368969 -0.412930 -1.407841 9.534546 -8.413112 -0.000001 0.000001 0.000001 -5.520903 3.178815 28.979591 -0.252584 9.953153 40.247986 -8.240300 11.561790 -1.081956 -0.000002 0.000000 -0.000002 -11.743915 -7.646002 -35.546429 -8.953773 -0.667949 -51.429473 -12.532565 -13.133172 -36.304371 -0.000001 0.000003 -0.000002 -23.623097 1.594939 -5.017767 34.086261 -8.867413 2.301513 -14.712868 -9.268878 -6.905226 0.000000 -0.000002 -0.000002 -15.864798 3.137829 -11.489409 33.000995 9.035451 5.330140 -7.891204 -18.248645 -11.726467 -0.000001 0.000003 -0.000001 
21.365042 101.633385 -23.890759 356.787963 670.410825 -720.395133 5.381232 -0.285521 2.748600 -0.827844 1.155263 -2.794137 -3.285651 2.535426 0.774421 -1.826817 8.045077 -6.864134 -0.000001 0.000003 0.000001 -5.284845 4.250936 29.346663 1.289729 10.077670 38.148519 -10.006561 10.426664 0.376150 0.000001 0.000002 -0.000003 -10.919415 -7.713832 -34.976135 -6.374622 -3.085343 -51.102611 -15.502240 -10.284049 -36.217222 -0.000000 0.000001 0.000003 -24.511138 1.688946 -5.225852 35.434171 -8.864525 3.601053 -11.340770 -9.222059 -7.477158 -0.000001 -0.000003 -0.000001 -13.866843 2.667101 -11.150689 30.786063 8.492755 5.150961 -8.474401 -17.519031 -11.638198 -0.000001 0.000003 -0.000003 
21.489714 101.731293 -23.859407 357.979859 678.485584 -719.696377 5.047094 -0.310758 2.489629 -0.190583 1.399477 -3.168659 -3.134075 3.864984 1.472363 -1.920916 6.001079 -5.475705 0.000001 -0.000001 0.000000 -5.501674 5.841710 28.266864 2.737964 11.581194 36.747114 -10.595255 10.367085 1.666926 -0.000002 -0.000003 -0.000000 -10.020682 -7.038130 -33.183627 -4.844251 -5.604871 -49.339808 -18.952332 -8.425441 -32.786653 0.000002 -0.000000 -0.000002 -26.367061 1.456724 -4.531871 35.849477 -8.819663 3.914734 -10.632891 -8.942182 -7.339995 -0.000000 -0.000001 0.000000 -12.338359 2.145450 -9.374378 26.369924 7.685165 5.362300 -10.563836 -18.413225 -13.469683 -0.000001 0.000002 -0.000002 
21.527950 101.806564 -23.825306 360.736824 685.520078 -719.133406 4.150261 -0.314199 2.264999 0.563817 1.395025 -3.380304 -3.798085 5.135767 2.369952 -2.889484 4.050864 -4.056633 -0.000001 0.000002 0.000001 -5.051506 6.194779 25.784323 2.553764 11.253894 35.267033 -6.219984 10.737090 5.728725 0.000001 0.000001 0.000000 -8.910988 -6.311911 -29.782709 -3.875233 -7.142356 -47.187072 -17.149324 -8.097713 -30.695929 -0.000004 0.000002 0.000000 -29.902824 1.129156 -3.004594 37.509124 -8.514615 4.442142 -7.826301 -6.139587 -5.383160 -0.000000 -0.000001 -0.000000 -12.815765 1.530556 -6.822705 22.952928 6.527083 5.595829 -11.817082 -18.284597 -14.609990 -0.000001 -0.000006 -0.000000 
21.541641 101.834030 -23.797855 362.093381 690.080786 -719.174277 4.476374 -0.316610 1.825893 0.539335 1.357507 -3.430825 -4.130305 6.274616 3.035348 -3.252645 2.970931 -3.321066 0.000000 0.000000 0.000000 -4.834807 6.431779 23.767233 3.097370 12.038213 34.324733 -2.058122 11.409029 8.380415 -0.000004 -0.000001 -0.000001 -7.847834 -4.976113 -27.176225 -4.185543 -6.888052 -44.970946 -20.860479 -6.387566 -26.664729 -0.000001 -0.000001 0.000002 -32.171741 0.885545 -1.990725 39.303962 -8.295678 4.788800 -7.132360 -5.042148 -4.620756 -0.000000 -0.000001 -0.000000 -13.297483 1.290100 -5.536815 21.587747 6.001145 6.069136 -13.447810 -19.791277 -16.751304 -0.000002 0.000001 -0.000002 
21.486727 101.804298 -23.771505 363.314947 694.909402 -719.327656 5.811034 -0.384844 1.539284 -0.834563 0.752823 -2.503669 -3.235251 6.320329 2.346775 -3.443607 2.462016 -3.015639 0.000000 -0.000001 0.000001 -4.354870 5.449086 21.088868 2.990824 12.354493 32.238541 0.001740 12.711705 10.609364 -0.000002 -0.000004 -0.000002 -6.488731 -2.248523 -23.763130 -6.293040 -4.332654 -41.223142 -23.348966 -6.002563 -22.832559 0.000001 0.000002 0.000000 -34.759891 0.443663 -1.028612 41.589906 -8.374255 5.482785 -6.038888 -4.297940 -4.313006 -0.000001 -0.000001 -0.000000 -14.838666 1.273838 -4.589252 21.945360 5.992154 7.665140 -14.888064 -22.607597 -19.803087 -0.000001 0.000002 0.000000 
21.402039 101.699265 -23.767910 363.276889 698.086751 -719.556768 7.794800 -0.432545 1.064932 0.608146 1.099444 -3.069404 -4.851295 6.124427 3.005852 -4.579642 2.113496 -2.959498 0.000001 0.000000 0.000000 -3.891966 5.066343 18.451594 3.536684 11.742374 28.451476 1.569424 12.912495 13.530548 -0.000001 0.000000 -0.000003 -5.253672 -0.084847 -20.707371 -7.402643 -1.743619 -36.547331 -19.259667 -6.642183 -23.655276 -0.000002 0.000004 0.000001 -35.003603 -0.084063 -0.140818 42.259203 -8.067935 4.877962 -5.820234 -3.643675 -3.587398 -0.000001 -0.000003 0.000000 -14.400810 1.304904 -4.383891 21.659262 5.457575 8.958761 -15.482495 -24.539613 -22.133378 -0.000002 0.000002 -0.000002 
21.303637 101.561440 -23.776987 364.798191 699.279685 -719.652883 7.339980 -0.334870 0.917767 -0.238360 1.230575 -3.061581 -3.832338 7.893598 3.406746 -5.500651 1.574944 -2.625493 0.000000 -0.000001 0.000000 -3.795802 4.248380 16.287773 3.871190 12.189620 25.470252 1.890532 13.668953 14.708949 -0.000001 0.000001 0.000005 -5.036193 0.595905 -18.142492 -8.475866 -0.900590 -33.067101 -16.620326 -8.011662 -23.944200 -0.000004 0.000003 0.000003 -36.416639 -0.902672 1.115328 42.154316 -8.070886 3.866851 -5.034859 -3.223787 -3.447997 -0.000000 0.000002 -0.000000 -15.842668 1.417606 -3.454631 21.843732 5.544644 9.436182 -15.675371 -26.263944 -23.512429 -0.000002 -0.000001 -0.000001 
21.160091 101.336365 -23.784266 364.377997 701.673912 -719.782000 9.839120 -0.453137 0.480039 1.152471 1.392334 -3.427820 -5.503730 6.519132 3.830077 -5.466965 2.049190 -3.281778 0.000001 0.000001 0.000000 -4.246014 5.969126 13.754044 4.748389 13.293926 21.931666 0.585102 13.935206 15.091344 -0.000004 -0.000006 0.000002 -4.456302 2.626914 -15.074880 -7.691916 -2.664198 -29.826466 -13.675269 -9.448455 -24.809462 -0.000002 0.000002 0.000000 -37.350534 -0.963931 1.153982 44.483646 -7.815884 4.621453 -6.694172 -4.760278 -4.104909 -0.000001 0.000000 -0.000000 -17.203727 1.443587 -3.107204 24.860357 5.788217 10.187696 -17.207302 -27.603486 -25.598994 0.000001 0.000007 0.000001 
20.980289 101.046242 -23.795193 364.830019 703.252287 -719.714081 12.099579 -0.629696 -0.090000 1.697324 1.579986 -3.809922 -6.182233 6.829357 4.369871 -7.129816 2.143907 -3.239539 0.000001 -0.000000 -0.000000 -3.905685 6.095963 10.668650 5.523594 13.894584 17.655884 -0.676704 13.857723 15.644074 -0.000003 -0.000002 0.000002 -4.232310 2.387093 -11.649301 -8.162724 -2.501065 -26.180772 -9.971260 -10.873776 -25.542302 -0.000002 0.000001 0.000002 -39.565630 -1.012880 1.116085 47.392992 -7.762729 5.577734 -8.147218 -6.010390 -4.642226 -0.000001 -0.000003 -0.000000 -19.582484 1.577123 -2.720654 28.269924 6.325366 11.009596 -18.977722 -27.785896 -26.961600 0.000001 -0.000001 -0.000002 
20.784681 100.744064 -23.797661 364.887147 704.027104 -719.687962 13.887422 -0.767634 -0.733103 2.214866 1.774442 -4.132084 -6.954553 6.931528 4.984850 -8.133017 2.499278 -3.297216 0.000001 0.000001 0.000000 -3.401571 6.180466 8.170839 5.795882 13.511651 14.411416 -1.345378 13.295624 15.971328 -0.000000 0.000004 0.000003 -3.608530 2.997073 -8.865155 -8.281423 -1.911245 -23.364803 -6.789997 -11.528531 -26.301231 -0.000004 -0.000000 -0.000001 -40.593242 -0.974620 1.049823 49.287209 -7.509021 6.272982 -9.167960 -6.925592 -4.946389 -0.000001 -0.000001 -0.000000 -21.209368 1.667424 -2.492718 30.717225 6.530973 11.824360 -19.898021 -28.082845 -28.078691 0.000001 -0.000001 -0.000002 
20.542994 100.371330 -23.803827 364.524218 704.685261 -719.943029 15.314537 -0.852717 -1.015242 2.008061 2.046014 -4.328068 -7.218255 7.017374 5.413231 -8.457019 2.765776 -3.439888 0.000001 0.000001 0.000000 -3.070068 5.884029 5.650300 6.441472 13.174302 10.379376 -2.381725 12.654541 16.323529 0.000000 -0.000001 0.000000 -3.079464 3.426571 -6.050510 -7.993824 -1.634548 -19.101790 -4.093466 -11.767716 -26.187365 -0.000002 0.000002 -0.000000 -41.033929 -1.014754 1.045222 50.930846 -6.842242 7.430057 -10.122574 -8.386765 -5.609751 -0.000000 -0.000000 -0.000000 -22.182414 1.733054 -2.255300 33.191926 6.728367 12.977181 -21.253010 -28.276129 -29.424441 -0.000002 0.000004 0.000002 
20.241913 99.970528 -23.800377 364.117631 705.609850 -720.073677 14.961113 -0.855036 -0.996810 2.448226 2.187493 -4.397886 -7.882613 7.090597 5.588009 -6.713449 2.786861 -3.381085 0.000001 0.000000 0.000000 -2.667747 5.590765 3.776368 7.191675 12.542595 6.857144 -0.762190 11.473134 13.801684 -0.000000 -0.000005 0.000000 -2.662313 3.386621 -4.062913 -7.020080 -1.845534 -14.106433 -2.416044 -11.230426 -24.459246 -0.000003 0.000006 0.000000 -40.699390 -1.098600 1.035932 52.315236 -6.297668 8.268226 -10.723314 -9.823406 -6.329589 0.000001 0.000000 0.000001 -20.575419 1.770817 -2.759659 33.454731 6.543305 14.729930 -22.115497 -29.032228 -30.829971 0.000001 -0.000001 -0.000000 
19.924393 99.611328 -23.793629 364.121619 706.081624 -720.103183 13.819680 -0.768784 -0.995125 1.897211 2.227201 -4.359896 -7.111096 7.214196 5.671765 -5.708987 2.702910 -3.377792 -0.000001 0.000000 0.000000 -2.502937 6.202520 2.959825 7.749622 12.233203 5.216795 0.204876 9.909780 10.083525 -0.000002 0.000000 -0.000002 -2.439565 3.190841 -3.011094 -6.006380 -2.263083 -10.687898 -1.030354 -10.283778 -22.487525 0.000000 0.000002 0.000000 -40.273200 -1.084267 1.331435 52.476378 -5.786648 8.663151 -10.874411 -10.705834 -6.784416 0.000001 -0.000002 0.000000 -19.424407 1.608734 -3.040640 32.870439 5.959928 15.647671 -22.541289 -29.166619 -31.687413 -0.000003 0.000002 0.000000 
19.530584 99.422462 -23.781105 363.265032 706.746502 -720.354807 12.404228 -0.691132 -0.743171 2.318561 2.332590 -4.606536 -7.065080 7.380779 5.921975 -3.513437 2.454590 -3.536748 0.000000 0.000001 0.000000 -2.377718 6.924848 4.127776 10.425859 13.478511 5.634184 2.207785 7.835498 5.461143 -0.000003 -0.000003 -0.000000 -2.103092 3.451386 -4.012360 -4.180149 -3.099875 -8.900741 -1.475688 -7.940259 -18.351199 -0.000003 0.000001 0.000003 -37.771639 -1.190062 2.273003 50.726715 -5.731457 7.631684 -11.013277 -10.613062 -6.571140 0.000001 0.000000 -0.000001 -15.821575 0.987193 -2.671744 30.103290 4.887948 15.066122 -21.907623 -28.308392 -30.789294 -0.000002 0.000001 -0.000000 
19.078880 99.513748 -23.767849 361.334848 708.125381 -720.383603 11.015865 -0.565873 -0.652966 2.927772 2.250424 -4.774014 -7.011886 7.082071 5.975697 -1.228311 1.971514 -3.579202 -0.000001 -0.000000 -0.000000 -3.146013 8.287354 6.458947 12.698966 16.016059 10.442646 4.831053 6.819645 0.781223 -0.000002 -0.000003 0.000000 -2.642928 2.534911 -6.332082 -0.596954 -6.783956 -11.254340 -1.774692 -6.209092 -12.024409 0.000000 0.000004 -0.000001 -33.102293 -1.056622 3.061679 45.529655 -5.763357 5.849391 -8.751937 -9.483149 -6.392638 0.000000 -0.000001 -0.000000 -9.994760 0.155926 -2.287257 24.262271 3.638525 13.883827 -19.623304 -28.036752 -28.785702 -0.000002 0.000006 0.000000 
18.626585 99.803268 -23.746746 362.380959 708.781516 -720.078868 9.256798 -0.420726 -0.820949 3.158167 2.133331 -4.705712 -6.206741 6.543647 5.747859 -1.739056 1.849283 -3.720541 -0.000001 0.000000 0.000000 -3.693087 9.395989 8.129688 12.970398 17.350383 15.212071 5.461085 6.511199 -1.986331 -0.000000 -0.000003 0.000001 -3.394458 0.417914 -8.021484 0.785446 -8.813957 -14.647535 -1.748400 -5.396672 -7.440889 -0.000001 0.000002 -0.000000 -32.013496 -1.455884 4.056472 41.168190 -5.893021 3.482271 -5.553711 -7.325627 -5.476969 -0.000001 -0.000003 -0.000000 -8.063414 -0.147579 -1.508910 19.683830 2.752914 12.498431 -16.850628 -26.587423 -25.729058 -0.000001 0.000005 -0.000001 
18.147688 100.385399 -23.748468 361.797634 709.921502 -719.585127 6.816962 -0.123289 -1.093495 2.421943 2.030395 -4.463889 -4.706621 5.950103 5.398459 -1.811114 1.063446 -3.430548 0.000000 -0.000000 -0.000000 -4.810046 11.073880 12.450079 12.367812 18.286279 22.377677 8.667850 6.440178 -3.886621 -0.000000 0.000001 -0.000000 -4.581717 -1.595305 -12.119229 1.570563 -10.903744 -20.449288 -1.657069 -5.239413 -1.994261 -0.000001 0.000001 -0.000003 -29.969439 -1.471778 4.176345 34.770263 -5.885773 1.784357 -0.549841 -4.845177 -5.192211 -0.000000 0.000001 0.000000 -3.476613 -0.577145 -1.044264 12.153269 1.955741 10.138465 -11.196482 -24.298022 -20.351766 -0.000002 0.000001 -0.000001 
17.629927 101.187347 -23.700487 361.811868 710.259569 -719.357873 4.300968 0.160421 -1.417484 1.951668 1.747369 -4.310766 -3.911196 5.378406 5.346596 -1.116188 0.148177 -2.885650 0.000000 0.000000 0.000000 -5.872521 12.811906 18.472499 11.671526 19.887214 30.520738 12.939543 7.357213 -2.736882 0.000001 0.000001 -0.000000 -6.116543 -3.806578 -17.573809 2.901012 -14.563859 -28.273759 2.674476 -6.305998 0.578265 -0.000003 0.000003 -0.000002 -29.195234 -1.067758 4.191740 29.532526 -6.149303 0.749733 4.864486 -2.190054 -5.272015 -0.000000 -0.000000 -0.000000 -0.383614 -1.192599 -0.688310 6.259519 1.660149 7.871889 -6.446211 -20.608868 -15.146011 -0.000001 0.000002 0.000002 
17.118971 102.020996 -23.632526 361.529399 710.697958 -719.374976 2.887819 0.364580 -1.602308 0.856329 1.488953 -3.996678 -2.932899 4.914907 5.240038 -0.481758 -0.345089 -2.659939 -0.000001 0.000000 -0.000000 -6.962188 12.285400 23.707218 11.163474 21.918574 37.454507 16.373599 8.332841 -2.935161 0.000002 -0.000000 0.000002 -7.166602 -3.314909 -21.993419 3.098397 -17.392295 -34.987354 4.699618 -7.271731 2.006805 -0.000003 -0.000001 0.000002 -29.387855 -1.020579 4.138786 27.291317 -6.222420 0.028963 8.240623 -0.080358 -5.116528 -0.000001 -0.000002 -0.000001 1.347697 -1.432593 -0.268163 3.400960 1.802800 6.148891 -3.500322 -17.798735 -11.630450 -0.000002 0.000001 -0.000001 
16.575975 102.971283 -23.522289 361.548824 711.069083 -719.287221 1.294133 0.644900 -1.825753 0.329185 1.294172 -3.806359 -1.831430 5.736341 5.180921 -1.872744 -1.357725 -1.814425 0.000001 0.000001 0.000000 -7.951022 10.499686 28.777657 9.079851 22.798982 45.809174 17.645147 10.324438 -1.796964 -0.000002 -0.000002 0.000002 -8.838761 -3.701182 -26.957785 -0.354709 -15.936336 -42.883776 3.011056 -8.268309 3.493535 -0.000002 0.000006 0.000001 -28.500590 -0.786759 3.541496 23.898504 -6.027254 -0.400876 12.501381 2.805060 -4.927130 0.000001 -0.000001 -0.000000 2.358739 -1.484731 0.086563 1.453355 2.268738 4.743172 -0.396992 -15.211706 -8.280644 0.000001 -0.000002 0.000000 
16.014530 103.949425 -23.414083 361.182343 711.699865 -719.203620 1.434815 0.760049 -1.769043 -1.177260 1.203656 -3.566118 -0.958335 5.889662 4.689385 -2.228515 -1.955256 -1.240901 -0.000001 0.000000 -0.000000 -8.358029 7.861520 33.210804 6.173052 22.632911 54.980619 15.318055 12.358627 0.342935 -0.000001 -0.000001 -0.000000 -9.635850 -2.197556 -31.735610 -4.801514 -12.066724 -50.363465 0.913936 -9.242877 3.681232 -0.000005 0.000000 -0.000000 -27.695206 -0.303283 2.586157 21.188478 -5.489769 -0.621818 15.708308 5.457387 -4.560221 -0.000001 -0.000002 -0.000001 3.880639 -1.691868 0.256488 -1.178359 2.258993 3.886352 2.692948 -11.892756 -4.787370 0.000001 -0.000000 -0.000000 
15.474394 104.885117 -23.315889 362.479642 712.530853 -719.141711 0.035336 0.898073 -1.278376 -2.143089 0.966734 -3.211487 -0.097667 4.363303 3.683126 -3.327495 -1.656014 -1.506555 0.000000 0.000001 0.000000 -9.618208 7.499015 36.167163 2.781212 21.096229 63.458564 16.373159 15.247153 3.183056 -0.000001 -0.000004 0.000003 -9.426322 0.952549 -34.439351 -7.890877 -9.510286 -56.901831 1.502685 -10.960125 2.028388 0.000001 0.000003 0.000001 -28.172029 -0.061222 1.864530 17.858774 -4.987028 -0.940291 17.855429 6.166841 -4.888267 -0.000000 -0.000002 0.000000 4.301093 -1.741560 0.342495 -3.735835 2.115302 4.094776 5.729256 -9.765353 -2.387336 0.000000 0.000004 -0.000004 
14.938411 105.725769 -23.231661 364.356960 712.533530 -718.931505 -2.228678 1.094178 -0.826251 -1.918001 0.951102 -3.340311 -0.523598 3.540569 3.418386 -4.277912 -1.307329 -1.366610 -0.000001 0.000001 0.000000 -9.384604 4.901344 38.608816 -1.311724 15.306901 70.839942 16.833406 17.959889 8.609371 -0.000001 -0.000004 -0.000003 -8.129783 5.445265 -36.830170 -12.832770 -0.985753 -60.167649 6.174331 -13.021071 -2.787959 -0.000004 0.000001 0.000001 -28.916419 0.557688 0.777760 14.431344 -4.253990 -1.324264 17.942253 3.861873 -6.043035 -0.000003 -0.000002 -0.000001 4.902013 -2.057702 -0.189994 -1.813184 2.253814 4.631980 8.665156 -6.970628 0.213464 0.000003 0.000001 0.000001 
14.441386 106.522415 -23.215405 365.802747 711.466600 -718.937789 -3.610749 1.086642 -0.191380 -0.513645 1.151944 -3.792381 -1.668466 4.459536 3.681997 -4.978852 -2.061544 -0.950597 0.000002 0.000001 0.000000 -8.973635 1.434897 39.779046 -4.584802 9.784951 77.029876 16.960903 22.434846 14.674877 -0.000002 0.000000 -0.000001 -9.275566 5.594472 -39.265596 -15.867849 4.434446 -65.546655 10.258651 -17.095832 -8.849929 0.000001 0.000002 -0.000000 -27.100235 0.509035 0.085320 13.127348 -4.310595 -3.010323 19.775612 1.347574 -7.946710 0.000001 -0.000001 0.000000 3.628920 -1.673889 -1.014648 -0.444203 2.772894 6.705312 11.712840 -8.560769 0.717667 0.000002 -0.000001 -0.000001 
13.980024 107.164703 -23.191551 366.295559 711.059903 -718.938172 -4.318320 1.085671 0.166303 -0.765712 1.133075 -3.749442 -1.452305 4.754998 3.662214 -5.014236 -2.491044 -0.693353 0.000000 0.000001 -0.000000 -8.580388 -0.897460 40.353762 -7.147301 3.563574 80.683338 16.305371 25.872181 19.790475 -0.000005 0.000000 0.000004 -9.595259 6.366442 -40.285142 -17.355144 8.111779 -70.112698 11.604147 -20.383856 -13.804436 -0.000000 0.000004 0.000002 -26.731900 0.611160 -0.507511 13.043318 -4.388844 -4.369919 21.040319 0.510121 -8.725646 -0.000001 -0.000003 0.000001 2.517423 -1.486177 -1.451247 0.485184 2.983656 8.168858 12.821055 -11.248423 -0.073318 0.000002 -0.000002 0.000000 
13.517694 107.619858 -23.166321 367.756318 711.361689 -719.230012 -3.735994 1.033747 0.660174 -2.508127 0.916954 -3.349167 -0.473508 4.763564 3.178211 -7.021255 -2.946474 -0.080336 0.000000 -0.000001 -0.000000 -8.217006 -3.924189 40.237037 -10.649562 -5.254500 80.987083 8.283376 26.687168 24.120362 -0.000001 0.000001 -0.000005 -10.392894 7.252274 -40.896973 -20.182389 12.027228 -70.051376 5.544488 -21.685277 -18.320850 -0.000000 0.000001 -0.000001 -28.382665 0.677296 -0.741693 16.155424 -4.856472 -5.899175 16.787784 5.425985 -5.346171 0.000001 -0.000002 0.000000 -1.526591 -1.134355 -1.804057 5.556615 3.992111 9.270932 8.743241 -11.572043 -1.025070 0.000003 0.000003 0.000000 
13.051434 107.785912 -23.105080 368.997527 712.875586 -719.811616 -2.234350 0.831958 1.189731 -1.609345 0.327800 -2.665799 -1.966618 2.807548 2.218874 -5.601085 -3.729863 0.349212 0.000001 -0.000000 -0.000000 -7.155006 -6.344145 40.732226 -13.266866 -11.443785 78.974295 0.995803 26.430431 28.919516 -0.000000 -0.000002 0.000003 -8.944505 10.125972 -39.852692 -21.724564 13.210079 -67.513203 -2.254330 -21.252431 -23.483005 0.000001 0.000002 -0.000004 -30.168795 0.504695 -0.342779 18.388059 -5.291339 -8.742544 13.241672 11.201240 -1.383333 -0.000001 -0.000002 -0.000001 -6.250405 -0.573822 -1.971911 12.014110 5.302583 11.080562 4.978770 -12.601033 -2.557124 0.000004 0.000000 -0.000000 
12.618625 107.779770 -23.026644 368.195499 713.499702 -720.385352 -0.563760 0.593703 1.559017 -0.093756 0.019474 -2.376944 -3.992164 2.762508 1.974574 -3.482740 -4.604293 0.994474 0.000000 0.000001 0.000000 -5.327463 -9.342077 40.515214 -15.098080 -14.979114 75.646763 -5.299527 24.687060 31.142333 -0.000002 -0.000003 -0.000000 -8.034540 11.402326 -38.786131 -22.880285 13.985985 -63.805927 -8.600204 -19.447437 -25.925335 -0.000002 0.000001 -0.000003 -31.139239 0.358958 -0.007126 16.234019 -4.365792 -11.682359 14.994948 14.077641 -0.418120 0.000003 -0.000003 -0.000001 -8.954753 -0.364722 -1.779350 15.752033 5.578932 13.494920 7.263385 -14.734226 -3.204676 0.000000 -0.000001 -0.000000 
12.188542 107.522781 -22.945160 367.173648 714.117588 -720.879967 3.234273 0.270690 1.787341 -0.646870 -0.230768 -1.919898 -4.639327 2.527322 1.569867 -2.788987 -5.618119 1.656309 -0.000001 -0.000002 -0.000000 -2.885495 -12.348375 39.586520 -17.188084 -17.738391 69.031766 -11.894171 21.138836 31.165142 -0.000002 0.000001 -0.000006 -6.006146 13.787965 -36.397692 -24.160611 15.476333 -57.923296 -12.154044 -16.961392 -24.933409 -0.000004 -0.000003 -0.000004 -31.746193 0.246059 0.324302 14.796563 -3.678554 -14.066644 11.038964 18.937316 4.031809 -0.000001 -0.000002 0.000001 -12.673431 0.046011 -1.926882 22.001849 6.533841 16.137930 6.365363 -17.685067 -5.846390 0.000007 0.000000 -0.000000 
11.759041 107.017509 -22.853485 367.615862 714.362655 -720.851389 6.831310 0.029528 1.193761 0.113048 -0.260082 -1.824741 -6.282201 2.827765 2.232186 -3.025635 -5.761909 2.138928 0.000000 0.000000 0.000000 -0.579375 -14.935421 36.548452 -19.269074 -20.598223 61.108316 -18.090781 17.007233 31.709788 -0.000002 -0.000004 0.000002 -4.607904 14.445973 -32.366456 -24.176860 16.598034 -51.731378 -16.400013 -13.439656 -24.564126 0.000002 0.000004 0.000002 -32.930036 0.313193 0.632947 14.761278 -3.202843 -15.776306 4.680653 24.180026 10.350861 -0.000001 -0.000001 -0.000000 -17.359028 0.602191 -2.580936 29.384471 7.873069 18.522254 7.773373 -19.542577 -7.089626 0.000004 0.000001 -0.000003 
11.356412 106.491325 -22.751991 368.978622 715.343634 -720.827620 9.141331 -0.205382 1.286532 0.997544 -0.316101 -1.628048 -6.712411 2.312644 2.194830 -5.063482 -5.520444 2.237882 -0.000002 0.000000 0.000000 0.678703 -16.477954 33.501859 -21.167403 -22.901300 54.584915 -21.928691 13.953861 33.380456 0.000000 0.000002 -0.000002 -3.636970 14.681845 -28.470887 -22.717016 15.832416 -47.882536 -22.457006 -9.834039 -26.802193 -0.000001 0.000005 0.000003 -34.677758 0.112561 0.931122 16.077767 -3.070468 -17.275978 -0.879832 26.612294 15.321036 -0.000000 0.000000 -0.000001 -20.869641 1.226994 -3.487158 34.136077 8.956439 21.410860 8.051579 -21.554817 -8.538884 0.000003 0.000001 -0.000000 
10.937475 105.744507 -22.684685 368.180063 715.653943 -720.815490 12.904563 -0.464828 0.913236 1.729568 -0.480033 -1.265835 -8.346732 2.241411 2.020940 -6.307039 -6.178939 2.671815 -0.000001 0.000001 0.000000 0.254837 -15.787200 26.750794 -22.102888 -20.710076 44.608447 -31.775543 8.895648 36.707171 -0.000000 -0.000003 0.000002 -3.132395 14.209937 -22.078445 -21.166153 14.781783 -42.721276 -27.892285 -6.096199 -28.036631 0.000004 -0.000002 0.000003 -35.782101 -0.648135 2.012735 20.273299 -3.202372 -20.053804 -6.385468 28.167244 20.234157 0.000001 -0.000002 0.000000 -24.169026 1.758512 -3.565613 41.204212 10.426974 22.505603 6.067834 -21.063865 -9.730518 -0.000000 -0.000001 0.000002 
10.512279 104.863152 -22.596930 368.871470 716.337290 -720.394368 15.357808 -0.751302 0.594356 3.056229 -0.346877 -1.274784 -10.205545 2.190254 2.006544 -7.693131 -6.612056 3.486260 0.000001 -0.000000 0.000000 1.568973 -16.444532 23.094574 -22.807586 -21.664564 38.106787 -30.777573 6.893661 30.369418 -0.000000 0.000000 -0.000001 -1.057529 15.909123 -19.495042 -21.364815 16.976895 -37.254181 -21.526601 -5.966000 -28.470860 -0.000005 -0.000003 0.000002 -39.010383 -1.222453 2.757512 26.006720 -4.797094 -22.892888 -12.037420 30.930307 26.420890 -0.000001 -0.000001 -0.000000 -27.544879 2.299343 -3.672615 48.654801 12.517922 22.724529 6.109161 -19.638187 -9.248156 -0.000000 -0.000001 0.000002 
10.099319 103.993324 -22.491257 368.913052 716.803164 -720.073677 17.797926 -0.967192 0.231659 4.009581 -0.378397 -1.237755 -11.532000 2.302261 2.166250 -8.723004 -6.726988 3.615111 0.000002 -0.000000 -0.000001 2.120450 -17.165189 19.958320 -23.551332 -21.465256 33.364791 -30.401233 5.988275 26.284422 -0.000004 -0.000003 0.000001 -0.074049 17.010757 -17.167020 -21.800087 17.694635 -33.745219 -18.651799 -5.751074 -27.281878 -0.000002 0.000000 0.000001 -41.833362 -1.643000 3.362197 31.065691 -6.129913 -25.091876 -16.961216 31.613889 30.754279 -0.000000 0.000000 -0.000000 -30.153728 2.520287 -3.530962 54.937192 13.856868 22.021350 5.543003 -18.065755 -8.960726 0.000000 0.000001 -0.000001 
9.692418 103.083656 -22.400543 369.577629 716.842615 -719.661461 19.513200 -1.069524 -0.343914 3.599685 -0.327064 -1.330305 -11.350395 2.244849 2.432725 -9.255416 -7.289790 3.257879 0.000003 0.000001 -0.000001 1.824157 -17.244605 16.491094 -23.251675 -18.162308 27.483064 -32.957124 5.184586 24.248360 -0.000000 0.000003 -0.000000 0.041212 17.470094 -14.441434 -22.720959 17.266419 -29.428577 -15.285075 -6.608226 -24.519788 -0.000002 0.000001 0.000002 -45.090839 -2.431074 4.320872 34.764932 -7.189341 -27.904827 -20.981516 31.660242 34.296367 -0.000001 -0.000002 -0.000001 -32.341704 2.701003 -3.298210 59.388672 14.508345 21.051353 4.256166 -16.612413 -9.205763 0.000008 0.000000 -0.000000 
9.305614 102.131508 -22.328979 369.148174 716.859554 -719.424098 21.484080 -1.279844 -0.683957 1.444945 -0.113673 -1.417238 -10.051275 2.319748 2.750341 -7.949563 -7.559019 3.261787 -0.000001 0.000000 -0.000001 1.618770 -17.078258 13.904496 -22.475233 -14.937180 21.381226 -32.960072 4.793686 21.605584 0.000001 -0.000005 0.000005 0.180194 17.822761 -12.494636 -23.686162 16.781575 -25.000430 -11.862416 -7.176611 -22.666249 -0.000000 0.000001 0.000003 -45.951716 -3.036088 5.174611 36.790582 -7.851834 -30.446292 -22.436386 32.331575 36.429524 -0.000000 0.000001 -0.000000 -33.175472 2.659969 -3.007493 62.526816 14.631647 20.013062 3.409155 -15.384366 -9.212561 0.000001 -0.000000 0.000001 
8.941987 101.209145 -22.271919 368.830161 717.119593 -719.195478 22.437153 -1.394278 -0.875796 0.282577 -0.000434 -1.433413 -9.072732 2.013001 2.887213 -6.743386 -7.336385 2.981311 -0.000001 0.000000 0.000000 1.246545 -16.027138 12.612770 -22.240641 -12.878546 16.508921 -31.507379 5.081714 19.136785 -0.000002 -0.000001 -0.000001 0.177644 17.818715 -11.337074 -23.993804 15.790135 -21.454200 -9.995664 -7.463536 -21.652543 0.000001 0.000000 0.000001 -46.672694 -3.406735 5.564050 38.302639 -8.346571 -32.000058 -23.178588 32.120652 36.943564 0.000000 -0.000003 -0.000001 -32.891568 2.630147 -3.025074 63.785586 14.550325 19.632767 3.373013 -14.991219 -9.192718 0.000003 -0.000000 0.000001 
8.614111 100.263939 -22.228271 368.564958 717.690870 -718.776269 22.432802 -1.439276 -0.693527 -0.446582 0.248003 -1.581085 -8.315401 1.946957 2.936018 -5.054873 -7.070525 3.244820 -0.000001 0.000000 -0.000001 1.103021 -14.968416 11.878279 -21.397934 -10.596812 11.105611 -28.264810 5.547990 16.019343 -0.000002 -0.000003 0.000000 0.141623 16.958016 -10.998860 -24.454249 15.172956 -17.196664 -6.885749 -8.015738 -20.852330 -0.000004 0.000004 -0.000001 -47.466205 -3.389989 5.171210 40.000108 -8.842908 -32.458664 -23.515368 31.275880 36.777536 -0.000001 -0.000004 -0.000001 -31.928665 2.759976 -3.639892 63.990082 14.614144 20.116533 2.605333 -14.705059 -9.269362 0.000002 0.000000 0.000001 
8.299018 99.321678 -22.203117 367.823992 717.634261 -718.626332 22.339104 -1.449666 -0.646832 0.022512 0.415970 -1.834475 -8.003532 2.148376 3.221351 -3.428593 -6.677981 3.343365 -0.000002 -0.000000 -0.000000 0.807653 -13.700303 11.168462 -19.239147 -7.380645 6.038480 -25.849078 5.724357 13.275633 -0.000003 -0.000003 -0.000000 0.027130 15.864728 -10.229556 -23.765631 13.024419 -12.749318 -5.657609 -7.956608 -20.538707 -0.000000 0.000004 0.000002 -47.058771 -3.327940 5.260710 40.871695 -9.137002 -33.070929 -24.431607 31.904924 37.964329 -0.000001 -0.000003 -0.000001 -30.030518 2.494161 -3.612633 63.657896 14.341051 19.623262 1.610883 -14.029462 -9.010456 -0.000001 -0.000001 -0.000000 
8.004253 98.441139 -22.172220 367.530266 717.294773 -718.496122 21.819272 -1.425954 -0.953079 0.964397 0.507191 -1.967087 -8.095956 2.416736 3.494903 -2.186601 -6.325988 3.221391 -0.000002 0.000001 -0.000000 0.875522 -13.018031 11.084838 -18.100155 -5.748855 1.994954 -23.167112 5.690922 12.580419 0.000002 -0.000004 -0.000003 0.013624 14.843388 -9.759703 -22.606862 11.276322 -9.138673 -5.011236 -7.705614 -20.661000 -0.000003 -0.000001 0.000001 -45.960589 -3.329483 5.510037 40.791409 -8.989836 -33.460041 -24.886052 32.283449 38.643547 -0.000001 -0.000004 -0.000001 -29.403165 2.317596 -3.234738 64.152675 14.079338 18.826131 1.301636 -13.493239 -8.782582 0.000002 -0.000001 0.000000 
7.733911 97.579712 -22.151901 367.148623 717.973366 -718.166633 20.997033 -1.358618 -0.768111 2.079984 0.424622 -1.868494 -8.309395 1.848004 3.176533 -0.918068 -5.928914 3.139264 -0.000001 0.000000 0.000000 0.464714 -12.464043 10.094964 -16.354815 -3.793659 -1.432802 -17.729566 6.130024 11.886360 -0.000003 -0.000005 0.000000 -0.338103 13.523830 -8.385310 -19.646069 7.966649 -6.084181 -2.624526 -7.813259 -18.904275 -0.000001 -0.000003 0.000001 -43.158743 -2.859689 5.061941 39.887786 -7.800784 -32.773566 -24.392470 32.140394 38.339464 -0.000001 -0.000003 0.000001 -28.441910 2.335048 -3.534222 64.145121 13.709067 18.747268 1.194828 -12.823943 -8.338981 0.000001 -0.000001 -0.000002 
7.466878 96.789108 -22.126671 366.501968 718.886645 -718.002381 20.400884 -1.325685 -0.639728 2.872136 0.226523 -1.599246 -8.382370 1.613998 2.873726 0.947516 -5.850542 2.987277 0.000000 0.000001 -0.000000 0.371151 -11.933668 8.795459 -13.428596 -1.420020 -4.277827 -10.753767 6.665037 11.169327 -0.000000 0.000001 -0.000000 -0.497284 12.286570 -6.929461 -15.911962 4.601666 -3.147450 -0.032281 -8.002157 -17.765286 -0.000004 0.000004 0.000001 -41.748780 -2.754771 5.110844 39.739772 -7.240404 -32.876730 -23.709465 31.114729 37.096321 -0.000000 -0.000000 -0.000000 -28.706196 2.513071 -4.007377 64.310951 13.790943 19.815888 1.752856 -13.028526 -8.581807 0.000003 0.000001 -0.000003 
7.220704 96.067543 -22.111801 366.381838 719.149252 -717.960853 19.469482 -1.272531 -0.774520 3.371052 0.202882 -1.581387 -8.153073 1.606469 2.968560 1.901359 -5.995488 2.963461 -0.000001 0.000001 -0.000001 0.505488 -11.506271 8.140355 -11.653679 -0.354063 -6.557876 -4.416039 6.949627 11.364302 -0.000002 -0.000001 -0.000000 -0.485704 11.327045 -5.933638 -13.954513 3.305339 -0.994102 1.443691 -7.784123 -17.427798 -0.000003 0.000002 -0.000000 -41.231468 -2.820060 5.298581 39.312031 -6.821096 -33.098660 -23.192232 30.041201 35.908313 -0.000000 -0.000001 -0.000000 -29.116922 2.637022 -4.143988 64.020149 13.588133 20.320421 2.061108 -13.038957 -8.820690 0.000002 0.000002 -0.000001 
6.986949 95.435898 -22.093702 365.916702 717.968339 -717.891568 18.724363 -1.216296 -1.845375 3.645025 0.406144 -1.841312 -7.815929 2.126259 3.700606 2.618363 -5.618279 2.982965 -0.000005 0.000001 -0.000000 0.904806 -11.670677 7.514052 -11.863128 -0.916220 -8.527172 1.068706 7.324958 14.131883 0.000001 -0.000003 0.000001 0.050895 11.657580 -5.595166 -12.855870 2.785650 1.615495 4.333693 -7.521637 -17.561456 -0.000002 0.000004 -0.000001 -40.870421 -3.243610 6.131781 38.510717 -6.963305 -34.526736 -24.089693 29.857827 36.398949 -0.000000 0.000000 -0.000000 -28.097394 2.394924 -3.642111 63.650342 13.151432 18.895587 1.725284 -12.083671 -8.160655 -0.000002 -0.000002 -0.000001 
6.776406 94.912094 -22.061163 364.686913 717.714803 -717.956865 19.494977 -1.217461 -2.197120 3.538810 0.360463 -1.887720 -7.840264 2.430762 4.047710 2.925709 -5.491326 2.469476 -0.000002 -0.000000 0.000001 1.013960 -12.581892 7.591963 -13.951890 -2.078500 -9.436591 4.890809 8.020037 16.795423 -0.000000 0.000001 -0.000000 0.186597 12.633631 -5.371293 -13.243945 2.948637 3.508105 6.109793 -7.614555 -18.561082 0.000001 -0.000001 0.000001 -40.279115 -3.206392 6.317113 39.025703 -7.091210 -34.498251 -24.021441 28.821459 35.498419 -0.000001 -0.000002 -0.000000 -27.282122 2.186354 -3.566561 63.703433 12.942670 18.706196 2.660264 -12.433790 -8.208331 -0.000003 0.000000 -0.000000 
6.589586 94.495758 -22.007706 363.974688 717.511864 -718.058389 20.033413 -1.219207 -2.347893 3.312899 0.468090 -1.953458 -7.948434 2.405114 4.183395 3.486904 -5.110030 2.351835 -0.000002 -0.000001 0.000001 0.972437 -13.507206 8.057185 -16.391904 -3.476943 -9.625767 6.237493 8.704764 19.310553 -0.000002 0.000000 -0.000001 0.107197 12.596914 -5.065222 -15.220576 4.012110 4.202197 6.281675 -7.696058 -19.567920 -0.000002 0.000004 0.000001 -39.668793 -3.232093 6.270630 39.057402 -7.231147 -34.364082 -24.349945 28.516422 35.590845 -0.000000 -0.000003 -0.000001 -27.493755 2.261886 -3.399693 63.866025 13.446401 19.076116 2.534816 -13.358595 -8.469494 0.000003 -0.000000 -0.000002 
6.458419 94.308136 -21.937126 363.657030 717.030691 -718.051832 20.411161 -1.195966 -2.281364 2.091857 0.665413 -2.058158 -7.184066 2.835642 4.078969 3.762887 -5.021461 2.057271 0.000002 -0.000000 0.000000 1.215863 -15.106345 9.536203 -18.784402 -5.143454 -10.069985 6.129366 9.493730 22.817440 -0.000002 -0.000005 0.000002 0.193175 13.723085 -6.421104 -18.906978 6.805670 4.756986 4.824572 -8.054242 -22.866235 0.000000 -0.000001 0.000001 -38.096521 -2.955422 5.338607 37.881441 -6.671772 -32.827491 -23.240115 28.955067 35.022075 -0.000001 0.000000 0.000000 -26.393340 2.474641 -3.702560 62.697844 13.347343 19.286398 2.979229 -13.768359 -8.443243 0.000000 -0.000000 -0.000002 
6.361735 94.456993 -21.844812 365.889218 717.346246 -718.454594 18.695093 -1.055580 -1.328049 2.416008 0.471687 -1.976649 -7.572506 2.816874 3.681676 3.380162 -4.999985 1.379909 -0.000006 -0.000000 0.000001 1.446109 -15.967208 12.180392 -24.091257 -7.940890 -8.870596 0.646035 10.259264 26.541628 -0.000002 -0.000001 -0.000001 0.062826 15.203310 -8.903099 -22.848806 8.842771 4.812416 2.802335 -9.691650 -25.646315 -0.000003 0.000000 0.000000 -37.907546 -2.226962 3.946817 35.490565 -5.389494 -29.183342 -21.520184 28.958168 33.819958 -0.000001 -0.000004 -0.000000 -25.336465 2.181601 -3.557991 59.233292 12.041472 19.571528 3.447746 -13.489690 -8.637085 0.000001 0.000000 -0.000000 
6.271739 94.769875 -21.744801 366.517185 716.592958 -718.979480 19.359785 -1.113231 -1.186121 0.374379 0.407650 -1.695333 -6.353900 2.485934 3.360083 3.321883 -4.376352 0.848369 -0.000004 -0.000000 -0.000000 1.954768 -15.951458 15.339343 -29.718618 -12.338931 -6.951819 -1.477129 10.732268 30.373042 -0.000002 -0.000001 -0.000000 1.113074 18.635430 -11.850725 -27.271564 12.391613 4.024360 1.645932 -10.397314 -29.162234 -0.000001 -0.000002 -0.000000 -38.267371 -2.069738 3.360592 34.009008 -5.146204 -26.557155 -19.440064 28.630058 31.729224 -0.000000 0.000001 -0.000000 -24.492017 2.027347 -2.880246 56.640478 11.640231 19.780798 4.485431 -15.252437 -9.221298 0.000002 0.000001 -0.000002 
6.218363 95.354988 -21.693268 364.763466 716.030096 -719.489942 18.212855 -1.044346 -0.980891 1.101704 0.134797 -1.487399 -6.198738 2.367994 2.978950 5.941246 -4.299409 0.714548 -0.000001 -0.000001 0.000000 3.398970 -18.247860 19.404214 -34.326359 -18.308947 -1.170132 -0.021777 11.569107 32.205742 -0.000003 -0.000002 -0.000001 1.868715 19.790548 -14.374044 -32.038170 17.528543 0.759388 1.329234 -9.973854 -30.239990 -0.000001 -0.000002 0.000003 -36.432396 -1.050340 1.914841 31.091141 -4.153853 -21.908378 -15.055892 27.119582 27.198196 -0.000001 -0.000005 -0.000001 -21.410495 1.526499 -2.353729 52.404486 10.411233 19.332027 5.923515 -16.269114 -9.135024 0.000002 0.000001 -0.000002 
6.189845 96.256264 -21.632141 364.212570 714.823283 -720.243557 18.418592 -1.092650 -1.036936 -0.530160 0.269323 -1.466173 -4.886939 3.694631 3.289989 6.190477 -4.043812 1.676608 -0.000001 -0.000001 0.000000 5.254514 -19.757121 25.089213 -37.181118 -25.504741 7.298804 -0.933637 12.217894 34.298136 -0.000001 -0.000001 -0.000000 3.175514 21.385676 -19.426598 -35.079606 24.006780 -6.537677 0.859532 -9.977931 -30.682012 -0.000001 0.000000 0.000000 -34.330843 -0.635079 1.248450 25.974996 -2.976031 -17.851345 -8.935356 25.372531 21.837506 0.000000 -0.000001 -0.000001 -18.961630 0.969215 -1.611634 46.103087 8.577019 18.412520 6.919666 -15.632944 -7.887161 -0.000001 0.000000 -0.000000 
6.172245 97.250290 -21.517220 364.452119 713.880389 -720.740850 19.678009 -1.190601 -1.211291 -1.675852 0.348183 -1.682943 -4.001252 4.453037 3.807807 5.254256 -3.549510 1.820962 -0.000001 0.000001 0.000000 6.297421 -20.022527 31.119373 -38.089305 -32.539721 17.394303 -0.544163 13.830836 37.061419 0.000001 0.000001 -0.000000 3.649008 22.245631 -23.594786 -35.599141 27.172210 -12.346505 -8.508382 -8.178118 -40.605843 -0.000001 0.000002 -0.000000 -33.370908 -0.246425 0.906931 22.260112 -2.723403 -14.533336 -5.961829 24.280406 18.959579 -0.000000 -0.000001 0.000000 -17.481459 0.473262 -0.979461 41.473742 7.500378 17.276902 5.790932 -13.855986 -6.888163 -0.000004 -0.000001 -0.000000 
6.159367 98.350174 -21.453081 365.336109 713.605870 -721.043673 16.119002 -0.659723 -0.896579 -2.324782 -0.163038 -1.413849 -2.871466 4.505379 3.771176 5.812368 -3.617345 0.274054 -0.000005 -0.000000 0.000000 4.623673 -19.922741 37.406378 -39.425833 -37.989802 27.853356 3.521927 18.127781 30.879500 -0.000000 -0.000001 0.000000 2.425721 23.315752 -30.497413 -40.082665 32.714564 -20.912972 -2.252289 -14.260503 -35.483225 -0.000003 0.000003 -0.000000 -31.866763 0.052275 0.564079 17.805437 -1.514992 -10.893895 0.308092 22.071922 13.689900 -0.000000 -0.000001 0.000000 -13.625084 -0.334915 -0.402545 33.558294 5.299224 16.051433 7.626942 -11.842331 -4.752221 0.000006 0.000001 -0.000002 
6.144841 99.428581 -21.417450 365.734610 713.462163 -721.155360 8.905846 -0.046385 -0.066439 0.269594 -0.558417 -1.552093 -4.008795 3.837292 2.992983 6.927323 -5.095061 0.030811 -0.000002 0.000001 -0.000000 3.707556 -20.409312 41.639688 -37.649423 -41.596497 38.699285 2.783743 20.925306 33.296452 -0.000001 -0.000002 -0.000002 0.910014 22.441193 -35.800252 -42.932373 38.083929 -28.536886 2.078618 -18.312350 -34.607428 0.000001 0.000005 0.000002 -29.179429 0.402727 0.186237 13.627730 -1.462332 -7.825784 6.873287 20.052722 8.466162 -0.000000 0.000000 0.000001 -8.583239 -0.954202 0.098218 25.542734 3.785067 14.622202 11.614853 -10.680033 -2.755205 -0.000001 -0.000002 0.000000 
6.137316 100.479027 -21.398285 366.875060 713.125571 -721.004386 2.987755 0.382925 0.298833 2.440697 -0.570342 -1.743714 -5.232226 3.709309 2.905530 6.050129 -5.240022 0.535975 -0.000001 0.000001 0.000000 2.622202 -20.123165 44.985883 -32.389266 -44.002592 52.275925 3.663967 21.992666 29.976498 -0.000004 -0.000004 0.000003 -0.243431 22.145616 -39.306888 -41.069753 42.054714 -39.990423 5.641741 -20.262094 -29.027454 -0.000003 0.000003 0.000002 -26.924698 0.351243 -0.280636 12.533267 -1.978220 -5.798469 13.293251 13.698808 1.704953 -0.000000 -0.000002 -0.000001 -5.226374 -1.071070 0.507659 18.849142 3.126939 12.888260 14.445148 -10.587677 -0.826374 -0.000002 -0.000003 0.000000 
6.125504 101.577271 -21.375944 370.878452 713.269989 -720.504361 -2.119233 0.842007 0.428058 2.219603 -0.665641 -1.792309 -4.118835 3.768363 2.836846 3.516683 -4.806293 -0.530653 -0.000001 0.000001 0.000000 -0.464000 -16.917009 48.896672 -24.247503 -43.120647 69.174776 3.766952 24.569287 29.329683 -0.000005 -0.000001 0.000001 -3.690926 18.424055 -43.529745 -35.930248 44.429629 -55.142047 8.565933 -23.112894 -26.958384 -0.000003 0.000002 -0.000000 -26.075238 0.200715 -0.712055 12.733581 -3.052688 -2.292817 13.125662 6.634681 -2.403791 0.000002 -0.000002 0.000001 -4.244032 -0.866117 0.118632 12.736200 2.923083 9.700335 12.255176 -10.609404 -0.691929 -0.000002 -0.000003 -0.000002 
6.108710 102.673882 -21.325022 372.207689 711.972690 -720.148208 -4.903681 1.113183 0.498844 1.676807 -0.359459 -2.262683 -2.722899 4.021603 3.174599 2.898180 -4.045191 -1.507419 0.000002 0.000000 -0.000000 -2.986948 -13.973019 52.135117 -17.954628 -39.859847 82.018537 2.816751 25.694296 30.787959 -0.000002 -0.000001 -0.000000 -5.532784 16.722151 -47.682145 -29.515740 43.481230 -69.351460 8.768575 -23.969483 -26.893248 -0.000003 0.000003 0.000006 -26.050039 -0.015210 -0.510726 15.349718 -3.602111 -1.350035 12.478207 2.571932 -4.617790 0.000001 -0.000003 -0.000000 -3.426034 -0.902819 0.155500 9.410241 2.881697 7.797098 11.481977 -9.641428 -0.136434 -0.000001 -0.000001 -0.000000 
6.089039 103.700836 -21.271994 372.258424 710.842758 -719.885929 -6.912008 1.291708 0.446610 2.526565 -0.049289 -2.741815 -2.635257 3.944078 3.582552 2.729712 -3.495061 -1.908371 0.000000 0.000000 0.000000 -4.860130 -11.070375 54.423856 -13.656807 -36.749041 90.502698 3.287994 26.076648 33.746127 -0.000002 0.000000 -0.000002 -6.377884 15.399517 -50.426317 -23.546411 40.755493 -80.625028 8.387831 -23.561736 -28.800968 -0.000000 0.000003 0.000001 -24.459659 0.004126 -0.412446 15.405977 -3.513332 -0.993609 12.121060 0.371783 -5.768955 0.000004 -0.000002 -0.000001 -1.778449 -1.057430 0.021221 6.962173 2.589963 6.568048 11.636453 -8.274068 0.549584 -0.000001 -0.000000 -0.000001 
6.055369 104.662598 -21.214224 372.296290 709.994886 -719.620644 -8.385474 1.451616 0.310227 2.772000 0.080118 -2.901392 -2.286162 4.099699 3.619684 2.351907 -3.389829 -2.005365 -0.000002 -0.000000 -0.000000 -5.876971 -9.428842 55.537361 -10.960448 -33.543052 95.874307 3.187298 26.785080 37.694875 0.000001 -0.000001 0.000001 -7.540748 13.636683 -52.332800 -19.738149 37.344404 -87.721540 6.279881 -23.176546 -31.401006 0.000001 0.000003 0.000002 -23.229938 0.011793 -0.293705 14.919177 -3.553389 -0.975804 11.446428 -0.306002 -5.947559 0.000002 0.000001 0.000001 -0.186339 -1.196097 -0.073353 4.972002 2.405444 5.427892 11.265735 -6.523387 1.238868 0.000001 -0.000003 0.000000 
6.012740 105.540230 -21.151262 371.687611 709.526990 -719.363938 -8.829477 1.545280 0.036506 2.386610 0.205373 -3.064782 -1.483942 3.777892 3.609362 0.969434 -3.488217 -1.724853 0.000001 -0.000001 0.000000 -6.518794 -8.323685 56.099332 -9.778740 -31.109596 98.623437 2.076432 27.089022 40.183280 -0.000003 0.000003 0.000002 -8.096754 12.941264 -53.072062 -18.137067 34.699270 -91.130433 4.124569 -23.233834 -34.067167 -0.000003 0.000004 -0.000000 -22.827650 0.044914 -0.265542 14.635786 -3.678617 -1.076286 12.133288 -0.782889 -6.534030 0.000000 -0.000001 0.000000 0.872479 -1.264680 -0.208995 4.046568 2.526702 4.625691 10.934049 -5.539114 1.758195 0.000001 -0.000001 0.000001 
5.966363 106.328438 -21.091566 370.913068 709.660152 -719.243727 -8.978431 1.586123 -0.120620 2.229827 0.278042 -3.168068 -1.142423 3.407024 3.594805 0.780138 -3.609036 -1.542923 0.000000 -0.000000 -0.000000 -6.955405 -7.537666 56.324479 -9.298869 -30.154145 99.890007 1.609453 27.231174 41.671619 0.000001 0.000003 -0.000001 -8.416781 12.477317 -53.257857 -17.401316 33.066110 -92.747241 2.587736 -22.934766 -35.415443 0.000001 0.000007 0.000001 -22.393171 0.104259 -0.352022 14.886594 -3.804180 -1.010001 11.834783 -0.891594 -6.561796 -0.000001 0.000000 0.000000 1.477134 -1.337098 -0.247005 4.009986 2.594216 4.283988 10.177812 -5.329758 1.731229 0.000001 0.000001 -0.000003 
5.917081 107.064003 -21.039570 371.016367 709.294054 -719.050023 -9.301441 1.660394 -0.288191 2.649458 0.331340 -3.292888 -1.361147 3.602485 3.727910 -0.120706 -3.718404 -1.286173 0.000001 -0.000000 0.000000 -7.034585 -7.674074 56.402251 -9.207362 -28.991670 100.437331 0.039292 27.155961 42.640762 -0.000000 -0.000002 0.000003 -8.880005 12.044803 -53.152515 -17.582707 32.300467 -92.836778 0.776492 -22.742471 -36.150566 -0.000002 0.000003 0.000001 -23.055305 0.023817 -0.229211 15.863808 -3.918578 -1.573771 11.896683 -0.814317 -6.630756 -0.000001 -0.000001 -0.000001 1.378989 -1.318223 -0.432039 4.342655 2.821733 4.194493 10.083694 -5.079061 2.014460 -0.000003 -0.000001 0.000001 
5.861296 107.700417 -20.974411 370.054376 708.896537 -719.158705 -8.674723 1.603939 -0.260022 2.048375 0.254541 -3.186874 -0.815545 3.954151 3.699364 -1.096227 -4.320539 -1.244104 -0.000001 -0.000001 0.000000 -6.868003 -7.755937 56.355126 -9.243201 -28.775000 99.981518 -1.345414 26.940966 43.835403 -0.000003 -0.000004 0.000002 -9.190924 11.489028 -52.788527 -17.343457 31.886106 -92.534160 -0.953327 -22.187967 -37.265755 -0.000003 0.000004 -0.000002 -23.210641 0.006083 -0.212553 16.678622 -3.870707 -2.016430 12.389671 0.493477 -5.963830 0.000002 -0.000003 -0.000002 2.264604 -1.462562 -0.484528 4.261798 2.498020 4.039465 9.806645 -3.924790 2.130900 -0.000004 -0.000001 0.000002 
5.802028 108.260979 -20.908987 369.364828 708.488146 -719.274490 -8.277614 1.521494 -0.137253 1.267025 0.280341 -3.108124 -0.342442 4.247713 3.704348 -1.269557 -4.484523 -0.875992 -0.000001 0.000001 0.000000 -6.480245 -8.223737 56.035688 -9.274370 -28.620593 99.131180 -2.686218 26.207318 44.362669 -0.000003 0.000003 -0.000001 -8.947286 11.612093 -52.490605 -17.463486 32.095438 -91.643394 -2.269871 -21.519092 -37.711295 -0.000001 -0.000002 -0.000002 -23.809766 -0.101384 -0.141070 16.935447 -3.926390 -2.348144 12.925205 1.733242 -5.434611 0.000000 -0.000000 -0.000001 2.183674 -1.382444 -0.364172 4.141018 2.569551 4.311660 9.396521 -4.406375 1.923137 0.000000 0.000001 0.000002 
5.737700 108.703812 -20.826767 368.910647 708.436619 -719.494040 -7.487619 1.373760 0.309316 0.926241 0.331645 -3.093681 -0.660123 4.189017 3.747207 -0.755625 -4.582669 -0.822580 0.000002 0.000000 0.000000 -6.714452 -7.769148 55.535978 -10.474402 -28.907966 96.163299 -4.159767 26.118618 44.194333 -0.000003 0.000001 -0.000000 -8.537267 12.040303 -51.587043 -17.875715 31.376291 -89.974321 -4.667960 -21.130922 -38.717098 -0.000003 0.000000 0.000001 -24.626259 -0.172195 -0.166028 17.907762 -4.341593 -2.908088 13.220930 2.943212 -4.950922 0.000003 -0.000001 -0.000000 1.213450 -1.173692 -0.451315 4.375190 2.803497 5.272689 9.125499 -6.022156 1.016721 0.000003 -0.000001 0.000001 
5.674717 109.018661 -20.766253 367.448960 708.596609 -719.496990 -6.637308 1.187177 0.818268 0.961042 0.361738 -3.098505 -1.497666 3.920660 3.535276 0.633296 -4.884430 -0.789847 -0.000001 0.000001 -0.000000 -5.825252 -8.349751 53.222876 -11.873965 -28.241640 91.422184 -5.072041 25.401627 43.499252 -0.000001 0.000000 -0.000001 -7.759310 12.450053 -49.571478 -19.511723 31.228294 -84.712412 -6.859116 -20.487106 -40.174124 -0.000001 -0.000001 0.000003 -24.068523 0.072087 -0.510602 17.998027 -4.532713 -4.724686 13.215616 5.077931 -3.950638 0.000001 -0.000001 -0.000001 0.345248 -0.982938 -1.274749 5.921476 3.153503 6.762155 8.613563 -7.298582 0.099693 0.000005 0.000003 -0.000003 
5.613480 109.255882 -20.725567 367.153759 709.432679 -719.228154 -5.895198 1.151633 1.097790 0.613788 0.302449 -2.938644 -2.123708 3.502225 3.128673 1.539508 -5.299548 -0.610779 0.000001 0.000000 -0.000000 -6.000384 -9.106760 50.612842 -14.883496 -28.493722 85.397739 -7.270562 25.596185 42.691397 -0.000002 -0.000001 0.000000 -7.787932 13.188376 -47.136823 -22.327269 30.692753 -79.333521 -9.300670 -20.788270 -39.500207 -0.000000 0.000000 -0.000000 -24.096520 0.128224 -1.127167 17.724833 -5.004208 -6.100202 12.279469 7.518549 -2.618762 0.000002 -0.000002 -0.000000 -1.542549 -0.453371 -2.166451 8.087763 4.135329 8.825319 7.775744 -9.137033 -0.651721 0.000001 0.000002 0.000000 
5.551974 109.266502 -20.673494 364.102140 709.522346 -718.584368 -2.703342 0.821934 1.238820 0.567181 0.724481 -3.192579 -3.100495 2.976815 2.580637 2.415016 -5.043596 0.333665 0.000001 -0.000001 -0.000000 -4.891736 -9.472421 46.558613 -15.792726 -24.164304 78.938272 -9.374500 23.564936 38.210380 0.000001 -0.000006 -0.000002 -7.458122 12.177518 -44.588728 -23.654842 27.789666 -71.853221 -12.053841 -19.205549 -37.849992 -0.000001 0.000004 0.000001 -22.605570 0.635165 -2.435970 17.204618 -4.844254 -9.568554 11.044250 9.625388 -0.939050 0.000003 -0.000001 0.000001 -4.028163 0.015881 -4.182181 15.081947 5.309746 12.934963 8.636933 -10.510925 -0.943472 -0.000001 -0.000001 -0.000001 
5.507629 109.011238 -20.596647 360.007660 708.272858 -717.681908 1.418256 0.627940 0.557317 -0.955483 0.912302 -3.155993 -3.649926 3.454676 2.394892 5.245540 -4.547745 0.549759 -0.000001 -0.000002 0.000000 -4.393415 -9.637223 40.633359 -15.116810 -16.953303 73.201986 -12.790626 21.055479 32.936675 -0.000000 -0.000001 -0.000000 -7.127749 11.658164 -40.180470 -23.229374 20.773088 -65.380743 -15.777927 -16.749002 -32.872061 -0.000003 -0.000001 0.000003 -20.055495 1.319108 -4.295445 15.385018 -4.328000 -12.477658 11.260742 13.939405 1.371110 -0.000000 -0.000002 -0.000001 -5.049817 0.317031 -7.339638 22.194744 6.845241 17.020478 10.754701 -14.099285 -2.071306 0.000001 0.000001 -0.000001 
5.463816 108.671921 -20.519096 358.540153 707.595468 -717.216636 3.509944 0.332005 1.007169 0.155316 1.127924 -3.558576 -5.297092 2.761168 1.985514 6.139664 -4.431298 1.077133 0.000001 0.000000 -0.000001 -4.058737 -8.299641 36.035091 -13.556420 -11.059477 67.810016 -14.110636 18.154434 29.949078 -0.000000 -0.000003 -0.000000 -5.830052 11.560788 -36.552536 -21.404802 14.708150 -60.343902 -16.462496 -13.988887 -30.663625 0.000000 0.000004 0.000001 -20.054322 1.953430 -4.763472 14.095216 -3.427580 -14.380562 8.570706 20.607186 6.363785 0.000001 -0.000001 0.000001 -6.733504 0.576901 -9.732102 27.346875 8.074192 20.948347 11.118000 -16.142102 -3.132822 -0.000001 0.000000 0.000004 
5.435597 108.108238 -20.446276 357.277661 706.659131 -716.617601 7.020680 0.029300 1.097792 -0.724401 0.876686 -3.278620 -5.126422 4.020095 1.228488 4.477223 -4.718751 1.174569 0.000002 -0.000002 0.000000 -4.597458 -6.404854 29.439676 -12.343245 -4.720313 60.554101 -15.173730 16.951551 26.316611 -0.000005 -0.000001 0.000000 -6.982740 7.854223 -31.546472 -19.703021 7.844284 -53.906394 -16.194947 -13.035000 -23.707136 -0.000005 0.000000 -0.000000 -20.503982 2.404375 -5.335138 14.118115 -2.613857 -16.522415 3.559480 26.475710 12.462070 0.000000 -0.000001 -0.000000 -8.617073 1.038363 -13.025434 33.079965 9.694495 24.921265 11.495137 -17.382191 -3.994597 -0.000004 0.000001 0.000003 
5.420571 107.314789 -20.389874 358.139712 706.247352 -715.918791 8.650991 -0.209006 1.698366 0.579845 1.199132 -3.752992 -5.954294 3.811061 0.695076 0.805067 -4.414154 1.237211 0.000000 0.000002 0.000000 -4.897778 -4.372921 21.736317 -9.771275 1.096548 53.043577 -16.392200 15.571766 25.331488 -0.000003 -0.000001 -0.000000 -6.771387 6.218911 -24.504116 -16.567858 1.499605 -47.507681 -12.995844 -12.818999 -20.350506 -0.000005 0.000003 0.000001 -22.215390 2.513359 -5.846752 14.757817 -2.569920 -18.240903 -2.546741 29.568551 18.177408 0.000000 -0.000000 -0.000001 -11.240366 2.103987 -16.325643 37.154317 11.609986 30.046122 11.425643 -18.769850 -5.053942 0.000000 -0.000000 0.000001 
5.409429 106.454422 -20.331491 359.185496 706.382645 -715.138073 8.739658 -0.434205 2.302891 3.286814 1.781149 -4.927030 -8.578827 3.782400 1.154968 0.246409 -3.764186 1.309096 0.000000 -0.000001 0.000002 -4.754176 -2.076453 15.577170 -7.515268 4.246463 46.025814 -16.746895 14.253690 25.152274 -0.000000 -0.000002 -0.000003 -6.156650 5.120566 -18.981893 -13.401387 -2.558638 -42.120680 -10.687645 -12.527137 -19.745196 -0.000002 0.000005 0.000002 -23.930826 2.821812 -6.231852 16.676353 -3.024491 -19.619799 -8.189685 29.977960 22.270913 -0.000001 -0.000003 -0.000000 -12.954299 2.916330 -19.085258 39.501470 13.151527 34.453837 11.413463 -20.093109 -5.761950 -0.000001 0.000001 -0.000001 
5.418217 105.450249 -20.273357 361.006698 706.500288 -713.682040 9.836013 -0.649595 2.619079 4.924164 2.574036 -6.112225 -10.178262 3.409209 0.879580 -2.333616 -3.637938 1.675514 0.000000 0.000001 0.000001 -3.938990 -0.962843 9.102623 -4.644633 6.029894 39.818801 -17.006223 12.425744 26.753146 0.000001 -0.000003 -0.000000 -4.662085 5.753812 -14.241498 -10.314529 -4.153615 -36.458273 -9.261665 -11.637100 -21.991307 0.000000 -0.000002 0.000003 -27.339495 2.847489 -6.246348 19.461130 -3.418595 -22.680768 -12.884160 30.826085 26.351594 0.000000 -0.000004 -0.000001 -15.433764 4.368036 -22.408782 41.368974 14.823993 39.844708 10.513157 -21.974356 -7.370922 -0.000000 -0.000000 -0.000003 
5.454414 104.390541 -20.225267 363.450212 706.503621 -711.859527 10.035050 -0.742796 2.996911 5.770316 3.307396 -7.149877 -11.088208 2.752728 0.221410 -5.032805 -3.257966 1.855045 0.000001 0.000001 0.000001 -3.357606 -0.061624 3.980047 -1.504487 8.373623 34.658562 -16.998538 11.274454 28.504598 0.000000 -0.000006 -0.000001 -3.551057 6.482763 -11.558038 -8.482388 -4.382788 -31.750599 -9.428326 -10.500564 -23.707792 0.000001 0.000004 -0.000000 -30.482646 3.113278 -6.812102 21.306027 -3.527201 -25.183859 -15.966643 32.125764 29.969989 -0.000001 0.000002 0.000000 -17.976163 5.956353 -25.628220 42.190803 15.880707 44.193171 10.191846 -23.271493 -8.405909 0.000002 -0.000000 -0.000005 
5.498909 103.371857 -20.191971 364.101894 706.383136 -710.642879 11.020853 -0.843433 3.041674 5.503309 3.781701 -7.625879 -11.101547 2.498326 -0.240898 -5.583051 -2.980658 1.794399 -0.000001 -0.000000 -0.000000 -2.777240 -0.244553 0.650411 0.675912 9.397980 31.161956 -19.760560 9.843061 29.790638 0.000003 -0.000000 0.000002 -3.032240 6.116366 -10.181016 -7.535831 -3.782310 -29.199192 -9.305101 -9.817874 -24.424012 -0.000002 0.000001 0.000002 -32.005481 3.340501 -7.376654 22.610035 -3.892703 -26.772176 -16.751452 32.999748 31.311066 -0.000000 -0.000002 -0.000000 -18.800429 6.864703 -27.867691 42.696732 16.607952 46.646879 10.308694 -24.003026 -8.811253 -0.000001 -0.000002 -0.000001 
5.555840 102.379730 -20.166636 364.672570 706.309316 -709.627148 11.752876 -0.922278 3.136294 5.067922 4.094818 -7.982551 -11.067580 2.590557 -0.484838 -5.961355 -2.894147 1.884254 -0.000001 0.000001 -0.000000 -2.478038 -0.365706 -1.408342 2.259964 10.546063 29.007113 -22.286031 8.841187 30.386730 -0.000000 -0.000006 -0.000002 -2.787113 6.123718 -9.941462 -7.363463 -3.308137 -27.813738 -9.822954 -9.465869 -25.011167 -0.000004 -0.000001 0.000002 -33.028343 3.820661 -8.349444 23.445727 -4.193158 -27.081068 -17.364899 33.221412 31.970073 -0.000001 -0.000002 -0.000001 -19.654477 7.550291 -29.358154 43.742649 17.264596 47.354589 10.397558 -23.878492 -8.729849 -0.000000 0.000001 -0.000003 
5.619427 101.453888 -20.138187 365.200407 707.207786 -709.173788 11.681055 -1.020132 3.978410 4.092624 4.065442 -7.789736 -9.906612 2.070676 -1.289120 -6.762087 -2.867155 1.915455 0.000001 0.000001 -0.000001 -2.398746 -0.522064 -2.037285 2.804223 10.976876 27.842721 -23.651606 8.383914 31.079413 -0.000004 -0.000003 -0.000000 -2.674646 6.563428 -10.266304 -7.271130 -3.321372 -27.071240 -10.492574 -9.336099 -25.502664 -0.000004 0.000004 -0.000000 -34.738755 4.198813 -8.929781 25.222208 -4.722126 -26.842287 -17.419728 32.519121 31.656708 -0.000000 -0.000000 -0.000000 -20.783193 8.148066 -30.006462 44.693411 17.815556 47.863561 10.418765 -23.552166 -8.641004 0.000001 0.000004 -0.000006 
5.675493 100.607819 -20.114492 365.312832 707.718575 -708.802389 11.306425 -1.062208 4.354700 4.270605 4.193910 -8.090018 -9.743880 2.194363 -1.325066 -6.786964 -3.094449 2.019710 0.000000 -0.000001 0.000000 -2.452499 -0.383339 -2.480364 2.825436 11.181955 27.893914 -24.232343 8.376317 30.445654 -0.000000 0.000006 -0.000002 -2.794236 6.473563 -10.483745 -7.612184 -3.148096 -26.941222 -10.965928 -9.422675 -25.581736 -0.000003 0.000002 -0.000000 -35.625953 4.409552 -9.178666 26.068710 -4.856154 -27.104460 -17.599249 32.620417 31.881670 -0.000000 0.000001 -0.000000 -21.206556 8.382859 -30.465874 45.587500 18.142500 47.767512 9.942776 -22.998372 -8.630726 0.000002 0.000002 -0.000002 
5.737172 99.839561 -20.088095 365.246470 708.446509 -708.690866 11.874858 -1.112783 4.724588 4.228595 4.049138 -7.878280 -9.819093 1.780152 -1.735222 -7.266754 -3.301698 2.009124 0.000001 -0.000000 0.000001 -2.583952 -0.886534 -2.448664 2.968763 11.641112 28.223026 -24.927785 8.472692 30.369227 -0.000003 -0.000006 0.000002 -2.927125 6.627738 -10.769803 -8.559732 -2.380704 -26.832767 -11.402491 -9.565454 -25.583433 0.000000 0.000002 -0.000000 -36.614100 4.435393 -9.157095 27.183926 -5.147156 -27.406566 -17.376317 32.618702 31.799844 -0.000000 -0.000005 -0.000001 -21.876555 8.696678 -30.626268 46.285675 18.603755 48.159254 9.275860 -22.982181 -8.961144 0.000005 0.000001 -0.000001 
5.796016 99.121056 -20.061176 365.172785 708.761408 -708.685402 11.914691 -1.080677 4.839933 4.027010 4.023875 -7.729622 -9.442071 1.841445 -1.793798 -7.029891 -3.184936 1.856146 0.000001 0.000001 0.000001 -2.632391 -0.398389 -2.272877 2.928671 11.472040 28.673049 -25.491979 8.010950 30.260969 -0.000003 -0.000000 -0.000003 -2.905232 6.412135 -10.839981 -9.039802 -1.631900 -26.924701 -11.383916 -9.172576 -26.000913 -0.000006 0.000003 0.000002 -37.573304 4.287667 -8.656532 28.160168 -5.449101 -28.362378 -17.317137 32.228869 31.540471 -0.000001 -0.000002 -0.000001 -22.367471 8.838365 -30.585550 47.085897 19.029619 48.092721 8.429385 -22.946965 -9.373081 0.000002 -0.000001 -0.000000 
5.853655 98.472488 -20.029400 364.901654 708.760643 -708.647207 12.802423 -1.071055 4.595528 3.564343 3.981464 -7.594218 -9.498327 2.034939 -1.665063 -6.634151 -3.039275 1.685784 0.000002 -0.000000 0.000001 -2.638112 -0.911662 -2.208868 2.788149 11.406460 28.957267 -26.017705 7.776755 30.567723 -0.000000 -0.000001 -0.000000 -2.889299 6.552213 -10.947215 -9.312566 -1.410677 -26.898926 -11.937115 -8.934738 -26.113159 -0.000003 0.000007 0.000002 -38.202935 4.177233 -8.250827 29.252949 -5.772976 -29.192611 -17.507943 31.988723 31.505252 -0.000000 -0.000002 -0.000000 -22.341528 8.795650 -30.649122 47.603669 19.204743 47.886262 7.557508 -22.978894 -9.793528 0.000002 0.000000 -0.000003 
5.915752 97.865784 -19.996695 365.167895 708.184940 -708.511259 12.672059 -1.009206 4.311946 4.080924 4.101974 -7.873263 -10.041853 2.501925 -1.248540 -6.117560 -2.946669 1.452018 -0.000001 0.000001 -0.000001 -2.756282 -1.010622 -2.114506 2.573043 11.292637 29.301826 -25.988337 7.737728 30.733065 -0.000004 -0.000007 0.000001 -2.909098 6.817786 -11.092759 -9.408359 -1.513529 -26.823833 -11.937864 -8.856987 -26.197493 -0.000007 0.000003 0.000002 -38.948952 3.907734 -7.662192 29.469749 -5.717964 -30.252021 -17.348756 32.080743 31.427749 -0.000001 -0.000003 -0.000000 -22.800592 8.969148 -30.646246 48.092400 19.362953 47.756184 6.455938 -23.082606 -10.405922 0.000002 -0.000001 0.000001 
5.985507 97.296478 -19.965654 365.473778 707.530171 -708.520439 13.113177 -1.006451 4.172038 4.090873 4.122769 -7.918833 -10.340030 2.590765 -1.090771 -6.482921 -2.556195 1.151535 0.000000 0.000001 -0.000001 -2.600360 -1.585006 -1.754599 2.037360 10.592343 29.469244 -25.348760 7.606716 31.978037 -0.000005 -0.000003 0.000000 -2.598856 7.832798 -11.495254 -9.974346 -0.913835 -26.380537 -11.092155 -8.904189 -26.751879 -0.000001 0.000005 -0.000003 -39.760666 3.683023 -7.057199 29.727176 -5.865769 -31.333343 -17.413361 32.715923 31.864991 -0.000000 -0.000001 -0.000000 -23.607912 9.164431 -30.364538 48.636701 19.646588 47.714790 5.575411 -23.351573 -10.945155 0.000002 -0.000001 0.000003 
6.054540 96.774391 -19.938433 365.344551 707.448318 -708.390556 13.344895 -1.016239 4.138910 3.955381 4.159033 -7.991975 -10.399827 2.498567 -1.009337 -6.266237 -2.304592 0.965479 0.000003 0.000001 -0.000001 -2.694222 -1.415761 -1.670800 1.920785 10.751653 29.790205 -25.245351 7.812717 31.879071 -0.000000 0.000000 -0.000003 -2.738339 7.759632 -11.654321 -9.828265 -1.512093 -26.226984 -11.316644 -9.053451 -26.288092 -0.000003 0.000005 0.000003 -40.097008 3.651577 -6.956407 29.793572 -5.927260 -31.751692 -17.410033 32.589814 31.805811 0.000000 0.000001 -0.000000 -23.923591 9.296342 -30.456234 49.265202 19.934771 47.466113 4.663649 -23.126097 -11.246630 -0.000002 -0.000001 0.000002 
6.130354 96.301147 -19.907215 364.866028 707.620384 -708.248707 13.969944 -1.044007 4.285119 3.094636 4.094371 -7.760229 -9.510961 2.579366 -1.270486 -5.651767 -2.211863 0.760765 -0.000001 0.000001 -0.000000 -2.660659 -1.668657 -1.747843 1.526884 10.445091 29.940240 -25.699644 7.703463 32.041507 -0.000000 -0.000002 -0.000001 -2.715802 7.877766 -11.800356 -10.065961 -1.384519 -26.254745 -11.207853 -9.158602 -26.225191 -0.000003 -0.000000 -0.000001 -40.045751 3.842156 -7.247853 30.356714 -6.157870 -31.915408 -17.894162 32.683688 32.248393 0.000001 -0.000002 -0.000000 -23.667015 9.320997 -30.963276 49.407625 20.144782 47.867376 5.028219 -23.423693 -11.275141 0.000001 0.000003 -0.000002 
6.205540 95.869835 -19.878929 364.879224 707.526073 -707.992602 14.179853 -1.056135 4.211255 3.647640 4.236595 -8.052983 -10.212845 2.685112 -0.971216 -5.386531 -2.299221 0.704326 -0.000001 0.000001 0.000001 -2.618963 -1.815158 -1.621849 1.729059 10.562498 29.768758 -25.744115 7.746152 32.065747 -0.000000 -0.000001 0.000000 -2.674348 8.033501 -11.845831 -10.210487 -0.990363 -26.449853 -10.756496 -9.440222 -26.350878 -0.000000 0.000004 0.000005 -40.254191 3.846832 -7.469715 30.416991 -6.207320 -32.117185 -17.493619 32.595811 31.795569 0.000000 -0.000000 -0.000001 -23.771083 9.535982 -31.226983 49.939799 20.358777 47.620745 4.804772 -23.195380 -11.304636 0.000003 0.000002 -0.000003 
6.271988 95.479210 -19.844929 365.049460 707.324336 -707.941731 14.102829 -1.077008 4.215745 3.865993 4.351034 -8.228320 -10.449205 2.987242 -0.680348 -5.131823 -2.185462 0.705728 0.000000 0.000000 0.000001 -2.477332 -1.397941 -1.662142 1.666450 10.065382 29.666066 -25.884291 7.449783 32.268057 -0.000001 -0.000003 -0.000001 -2.493076 8.012340 -11.706689 -10.355743 -0.240803 -26.707802 -10.531499 -9.342237 -26.695673 -0.000002 0.000000 0.000004 -40.076842 3.832423 -7.541562 30.362995 -6.218049 -32.201111 -17.123274 33.184368 31.948261 -0.000000 -0.000003 -0.000000 -24.151407 9.727858 -31.160556 50.271661 20.522453 47.457199 4.657041 -23.306019 -11.395116 0.000004 0.000003 -0.000006 
6.334126 95.131393 -19.813883 365.252262 707.402255 -707.848185 13.526055 -1.068780 4.410059 4.131850 4.364908 -8.338414 -10.515528 2.988029 -0.669617 -4.724638 -2.289474 0.834922 -0.000001 0.000001 0.000000 -2.607594 -1.145012 -1.774399 1.579355 10.336533 29.889758 -26.366033 7.596203 31.676782 -0.000004 -0.000001 -0.000001 -2.641253 7.915183 -11.614722 -10.167862 -0.836148 -26.826697 -10.900427 -9.446905 -26.209429 -0.000006 0.000000 0.000006 -39.937318 3.981522 -7.781461 30.326265 -6.237965 -32.042231 -17.146572 33.282190 32.026402 -0.000001 -0.000002 -0.000000 -24.402425 9.817071 -31.200639 50.354911 20.638240 47.527687 4.457841 -23.248782 -11.427645 -0.000000 -0.000001 0.000000 
6.388110 94.821083 -19.773226 365.175080 707.541099 -707.805018 13.443292 -1.078945 4.564099 5.106970 4.348326 -8.522432 -11.374624 2.985706 -0.587965 -4.425224 -2.412175 0.890745 0.000002 0.000000 0.000000 -2.676990 -1.582846 -1.816336 1.509648 10.382913 29.858285 -26.822517 7.602229 31.714453 -0.000003 -0.000002 -0.000003 -2.797123 7.680500 -11.570874 -10.439091 -0.591435 -26.963925 -11.092163 -9.475889 -26.087530 -0.000002 0.000000 0.000004 -40.294947 3.929091 -7.721829 30.829770 -6.430640 -32.328627 -17.587802 33.105377 32.315213 -0.000001 -0.000000 -0.000000 -24.228576 9.815284 -31.343253 50.323113 20.670859 47.711860 4.509452 -23.526488 -11.546388 0.000001 -0.000001 -0.000001 
6.435046 94.543449 -19.734695 364.756800 707.607216 -707.639345 13.623380 -1.087563 4.569364 5.108994 4.389089 -8.583113 -11.386741 3.125266 -0.565890 -4.217592 -2.486659 0.939501 0.000002 -0.000001 0.000001 -2.642594 -1.632443 -1.845171 1.369036 10.095151 29.859046 -26.451405 7.672169 31.624677 -0.000002 -0.000001 -0.000001 -2.742254 7.807759 -11.803310 -10.243759 -0.650893 -26.858824 -10.944757 -9.427460 -26.262195 -0.000003 0.000003 0.000002 -39.743313 4.059751 -8.063101 30.924829 -6.480425 -32.154430 -17.639378 32.845519 32.195828 0.000000 -0.000002 0.000000 -23.736523 9.727775 -31.686525 50.242967 20.603278 47.690706 4.505221 -23.386242 -11.483238 -0.000001 0.000000 -0.000002 
6.467083 94.305176 -19.690475 365.174643 707.546891 -707.512085 13.497971 -1.086634 4.586524 5.193060 4.414833 -8.651316 -11.342277 2.904619 -0.607485 -4.300764 -2.492895 0.955339 0.000000 -0.000001 0.000001 -2.747562 -1.127316 -1.815770 1.583618 10.495923 29.900980 -26.883293 7.691175 31.562840 -0.000001 0.000002 -0.000003 -2.825486 7.766667 -11.829943 -10.285932 -0.797280 -26.895511 -11.599866 -9.324591 -26.062986 -0.000001 -0.000001 0.000006 -40.027658 4.103072 -8.093523 30.921766 -6.486277 -31.987664 -17.646198 32.789074 32.006294 0.000001 -0.000004 -0.000001 -24.070055 9.840441 -31.653962 50.057698 20.540508 47.759517 4.771380 -23.533803 -11.352679 -0.000002 -0.000001 -0.000001 
6.491037 94.090225 -19.649714 365.490608 707.497277 -707.336631 13.564482 -1.081261 4.542285 4.301619 4.413398 -8.416373 -10.513340 3.088456 -0.748208 -4.108671 -2.373918 0.896337 0.000001 0.000000 -0.000000 -2.646185 -1.458832 -1.753364 1.840305 10.571124 29.809343 -26.525489 7.636217 32.162463 0.000003 -0.000003 -0.000000 -2.684661 7.804798 -11.959811 -10.256727 -0.590602 -27.018031 -11.399295 -9.213786 -26.487918 -0.000003 0.000002 -0.000001 -40.138911 4.171089 -8.198024 30.576551 -6.348627 -31.792007 -17.852123 32.570833 32.120279 -0.000001 -0.000003 0.000000 -24.242392 9.920756 -31.701859 49.938235 20.512059 47.846373 4.921983 -23.725075 -11.412678 0.000002 0.000001 -0.000001 
6.505621 93.889854 -19.616756 365.358703 707.362367 -707.334882 13.572491 -1.083419 4.601860 5.007840 4.454686 -8.642163 -11.304785 2.998560 -0.521329 -3.635988 -2.170671 0.795576 0.000001 -0.000000 -0.000000 -2.720173 -1.167657 -1.592804 2.235241 11.307762 29.599578 -26.462670 7.879691 31.769006 -0.000001 0.000001 -0.000004 -2.733907 7.896490 -11.917415 -10.272314 -0.935748 -27.361847 -11.260807 -9.527466 -26.113777 -0.000002 0.000002 0.000004 -39.992110 4.204160 -8.232198 30.490733 -6.394206 -31.573642 -17.383596 32.559594 31.613835 -0.000001 -0.000003 -0.000000 -24.158176 9.834349 -31.652644 50.097932 20.625493 47.623012 4.888270 -23.785664 -11.338309 0.000004 0.000002 -0.000003 
6.512228 93.714989 -19.582874 365.467494 707.336030 -707.237019 13.780305 -1.094643 4.647135 3.792370 4.447262 -8.404975 -10.164967 3.483751 -0.615298 -3.737667 -2.222135 0.880429 -0.000001 0.000001 -0.000000 -2.738408 -1.345394 -1.661412 2.286326 11.532568 29.616889 -26.197971 8.092109 31.840498 -0.000001 0.000002 -0.000002 -2.945142 7.232513 -11.868486 -10.179497 -1.277178 -27.633035 -11.580226 -9.616808 -25.864227 -0.000001 0.000002 0.000004 -39.599343 4.302039 -8.477034 30.264326 -6.425109 -31.331365 -17.337484 32.845355 31.726345 -0.000000 -0.000000 -0.000000 -23.976799 9.824583 -31.867474 50.116653 20.676933 47.365699 5.353923 -23.470436 -10.822599 0.000004 -0.000001 0.000000 
6.509346 93.552368 -19.551104 365.756985 707.379524 -707.266198 13.616040 -1.111681 4.901490 4.661035 4.312228 -8.419700 -10.910862 3.317648 -0.675460 -3.977277 -2.087017 0.761628 -0.000001 -0.000001 -0.000001 -2.925306 -1.327946 -1.471752 2.083453 11.675560 29.529561 -26.218432 8.495995 31.480489 -0.000000 0.000006 -0.000002 -3.077952 7.491024 -11.896198 -10.790563 -0.963353 -27.837247 -10.561306 -10.355943 -25.790738 -0.000008 0.000003 0.000003 -39.901279 4.250729 -8.401128 30.339874 -6.478577 -31.243153 -17.185224 33.018500 31.820984 -0.000001 -0.000001 -0.000000 -23.964484 9.865946 -31.869229 49.555136 20.650780 47.941542 5.505677 -23.904740 -10.940557 -0.000001 -0.000001 -0.000001 
6.503550 93.413452 -19.516232 366.215018 707.265815 -707.094787 13.205238 -1.097909 4.923171 4.770324 4.376141 -8.513685 -10.976124 3.327405 -0.593856 -3.907448 -1.838043 0.612326 0.000002 -0.000000 0.000001 -2.984477 -0.836849 -1.300062 1.699052 11.365361 29.479537 -26.110543 8.705924 31.083474 -0.000004 -0.000004 -0.000006 -2.971466 8.036107 -11.910271 -11.242035 -0.517078 -27.972613 -10.024290 -10.730935 -25.921579 -0.000003 0.000001 0.000002 -39.715139 4.300954 -8.607188 29.731185 -6.224651 -31.010193 -17.300511 33.064239 32.000382 0.000000 -0.000002 -0.000000 -24.150051 9.981006 -31.913864 49.226539 20.537248 48.089955 5.676416 -24.133343 -10.941096 0.000003 0.000000 -0.000001 
6.486965 93.298500 -19.472628 366.671329 707.347286 -706.982772 12.940209 -1.113396 5.017135 5.192771 4.431440 -8.700290 -11.069764 3.524379 -0.502479 -4.200735 -1.925412 0.748910 0.000000 0.000001 0.000001 -2.895775 -1.363615 -1.179070 1.864343 11.518544 29.181334 -25.902905 8.752226 31.457133 -0.000003 -0.000001 -0.000000 -3.008731 7.745557 -11.783082 -11.527467 -0.078371 -28.239125 -10.051619 -10.764704 -26.102481 -0.000000 0.000000 0.000001 -40.149006 4.295148 -8.541346 29.533642 -6.193963 -31.037582 -17.366533 32.995203 32.004771 -0.000001 -0.000000 -0.000001 -24.681865 10.160956 -31.806094 49.263272 20.610881 48.207342 5.221237 -23.910518 -10.989009 -0.000003 -0.000001 0.000001 
6.461812 93.197182 -19.426392 366.692748 707.443564 -706.964850 13.601764 -1.133551 4.898170 4.932649 4.398097 -8.568223 -11.008189 3.425801 -0.548179 -4.495639 -2.020846 0.875392 -0.000001 -0.000001 0.000001 -2.775714 -1.089007 -0.946832 2.005420 11.413979 28.959398 -26.427195 8.454832 31.664986 -0.000001 -0.000001 0.000001 -2.777678 8.137582 -12.134947 -11.575963 0.273784 -27.847306 -11.075982 -10.386680 -26.602100 -0.000001 0.000003 0.000002 -39.441723 4.422670 -8.875796 29.346755 -6.208124 -30.599695 -17.143334 33.359388 31.980879 -0.000000 -0.000000 -0.000001 -24.301311 10.068316 -31.939631 48.831857 20.450467 48.381645 6.030817 -24.122121 -10.759503 0.000001 0.000002 -0.000003 
6.433381 93.109901 -19.386696 366.616059 707.852064 -706.893433 13.529220 -1.129809 5.000670 5.250375 4.386079 -8.548826 -10.982598 3.105136 -0.663698 -4.885361 -2.129482 0.951066 -0.000002 0.000001 0.000000 -2.661865 -1.281436 -0.930766 2.090424 11.133256 28.793933 -26.641462 8.070297 32.299282 -0.000004 0.000000 0.000004 -2.511680 8.609513 -12.321320 -11.589235 0.741464 -27.821949 -10.989423 -10.150601 -27.183253 -0.000002 0.000000 0.000001 -39.020010 4.596652 -9.311739 29.286991 -6.248910 -30.072093 -17.218815 32.966287 31.830171 -0.000000 -0.000002 -0.000001 -24.193806 10.103834 -32.085531 48.696534 20.496762 48.670333 5.786471 -24.182744 -10.974681 0.000005 -0.000002 -0.000001 
6.402107 93.032700 -19.354376 366.853695 708.078335 -706.874200 13.235775 -1.122041 5.190010 5.242835 4.450252 -8.589376 -11.043912 3.044878 -0.622358 -4.430037 -2.061228 0.877803 0.000000 -0.000000 0.000000 -2.687108 -0.941076 -0.937728 1.876751 10.735613 29.005389 -27.131972 7.883146 31.845993 -0.000001 -0.000000 0.000003 -2.349832 9.171698 -12.461533 -11.064724 0.378608 -27.896770 -10.611571 -10.314678 -27.553552 -0.000004 0.000004 0.000000 -38.819431 4.633116 -9.528011 29.040868 -6.184760 -29.585624 -16.672128 33.221234 31.579827 -0.000000 -0.000001 -0.000000 -24.209874 10.185169 -32.166247 48.432465 20.457615 48.942031 6.709913 -24.422946 -10.678392 0.000001 0.000001 -0.000002 
6.366024 92.981644 -19.315928 366.627261 708.598904 -706.824804 13.450878 -1.158584 5.353759 5.495355 4.372078 -8.523457 -11.089581 2.813701 -0.843960 -4.693166 -2.152427 1.042288 0.000001 0.000001 0.000001 -2.542553 -1.040909 -0.794405 1.647579 10.258880 29.002681 -27.657410 7.512746 32.084458 0.000003 -0.000006 0.000002 -2.269718 9.168051 -12.713589 -10.539006 0.021420 -27.868215 -10.558591 -10.200768 -27.728406 -0.000005 0.000006 0.000001 -38.893891 4.738356 -9.694409 29.503272 -6.366302 -29.418714 -16.608773 32.919948 31.393458 -0.000001 -0.000003 0.000001 -23.714584 10.058126 -32.489799 48.053970 20.306122 49.339265 6.747196 -24.185509 -10.599578 -0.000003 -0.000000 0.000001 
6.328314 92.935837 -19.281801 366.671192 708.841239 -706.817154 13.058019 -1.166214 5.538235 5.282833 4.326184 -8.448196 -10.695520 2.668180 -0.974292 -4.573590 -2.078486 1.001557 0.000000 0.000000 0.000001 -2.584821 -0.890809 -0.749421 1.619744 10.441821 29.173234 -27.892618 7.649194 31.708177 -0.000001 -0.000006 -0.000001 -2.414846 8.932736 -12.655710 -11.115812 0.472204 -27.836359 -10.397366 -10.451514 -27.318836 0.000003 -0.000001 0.000001 -38.614614 4.814763 -9.891706 29.283490 -6.334849 -28.938992 -16.409166 32.592140 30.864187 0.000000 -0.000003 -0.000000 -23.275312 9.927885 -32.716470 47.291933 20.045787 49.881128 6.935016 -24.408016 -10.610311 0.000001 -0.000003 0.000002 
6.288078 92.903259 -19.248058 366.487023 708.650814 -706.725356 13.425049 -1.179556 5.451541 5.822760 4.379490 -8.696995 -11.453532 2.789584 -0.751185 -4.173608 -2.069559 0.901037 0.000002 -0.000000 0.000001 -2.582396 -0.843264 -0.749461 1.507334 10.330992 29.407502 -28.119448 7.605076 31.521487 -0.000000 -0.000000 -0.000003 -2.410358 9.107262 -12.635445 -11.191991 0.530943 -27.944351 -10.704773 -10.405593 -27.370525 -0.000005 0.000007 0.000002 -38.550851 4.781759 -9.799709 29.287117 -6.343594 -29.262661 -16.466242 32.726182 31.069950 -0.000001 -0.000002 -0.000000 -23.209355 9.882659 -32.699408 47.546781 20.051035 49.427822 6.979349 -24.047216 -10.432680 0.000002 0.000003 -0.000008 
6.242601 92.879974 -19.217735 366.431589 709.085870 -706.716832 13.292041 -1.172242 5.673936 5.191091 4.345192 -8.446243 -10.826098 2.900403 -1.012068 -3.725503 -2.166941 0.828183 0.000001 0.000000 -0.000001 -2.536644 -0.914670 -0.712955 1.467636 9.995172 29.582495 -27.829865 7.468485 31.630142 0.000001 -0.000006 -0.000003 -2.627995 7.949533 -12.370950 -10.817018 0.539601 -28.153104 -11.217650 -9.867168 -27.098695 -0.000004 -0.000000 0.000003 -38.630191 4.820016 -9.935055 29.427330 -6.297576 -28.813983 -16.217425 32.080572 30.491440 -0.000000 -0.000001 -0.000000 -22.641741 9.780343 -33.004044 46.774303 19.670986 50.027338 6.760053 -24.179377 -10.778341 0.000003 0.000001 -0.000004 
6.193515 92.859680 -19.186033 366.437299 709.243565 -706.600937 12.872806 -1.165589 5.725723 5.317940 4.433529 -8.595355 -10.630088 2.910831 -0.943362 -3.459272 -2.135260 0.786777 0.000000 0.000001 0.000001 -2.579014 -1.043781 -0.478615 1.677415 10.367753 29.499843 -28.352030 7.527381 31.197442 -0.000005 -0.000006 -0.000002 -2.698326 7.916100 -12.578892 -10.302492 -0.245214 -28.011454 -11.703972 -9.929452 -26.937329 0.000001 0.000004 0.000006 -38.650483 4.809276 -9.998750 29.258686 -6.321923 -28.849186 -16.091646 32.518134 30.596649 0.000000 -0.000002 -0.000000 -22.215680 9.698395 -33.238204 46.260325 19.574052 50.386685 6.899477 -24.527185 -10.818534 0.000003 -0.000001 -0.000003 
6.147750 92.858315 -19.153400 366.435086 709.178705 -706.617876 12.954937 -1.165203 5.839644 4.970394 4.413627 -8.417628 -10.311746 2.853372 -1.180934 -2.952060 -2.037329 0.670726 0.000001 0.000000 0.000001 -2.446663 -0.940565 -0.400517 1.513823 9.669476 29.581764 -28.124798 7.246811 31.881042 -0.000003 -0.000001 -0.000000 -2.492383 8.065410 -12.558753 -10.514341 0.672076 -28.024765 -11.858883 -9.575516 -27.145479 -0.000002 0.000001 0.000003 -38.654042 4.735344 -9.920364 29.074479 -6.281681 -28.728063 -15.788039 32.300941 30.184078 -0.000000 -0.000004 -0.000001 -22.058606 9.670955 -33.169834 46.015531 19.410619 50.352923 6.843817 -24.386970 -10.831062 -0.000002 0.000000 -0.000003 
6.098058 92.859344 -19.122852 366.291625 709.174826 -706.663721 13.050143 -1.187632 5.904759 4.757066 4.406961 -8.364892 -10.173025 2.596232 -1.226869 -3.000890 -1.807025 0.478567 0.000000 0.000000 0.000001 -2.361213 -0.841437 -0.391728 1.520762 9.480263 29.794381 -27.851674 7.176552 32.328880 -0.000005 -0.000000 -0.000003 -2.213937 8.759654 -12.690604 -10.208852 0.540691 -27.910847 -11.110349 -9.673990 -27.602575 -0.000005 0.000004 0.000000 -38.550892 4.706915 -9.862946 29.036446 -6.275149 -28.645789 -15.607657 31.776209 29.626588 0.000000 -0.000001 0.000000 -21.829298 9.556948 -33.059943 46.032507 19.323664 50.109113 6.444361 -24.106521 -10.913313 0.000001 -0.000002 0.000002 
6.051621 92.862190 -19.090061 365.926183 709.290884 -706.629296 13.468941 -1.181196 5.918570 4.117720 4.399694 -8.212312 -9.563440 2.522292 -1.407487 -3.202553 -1.740105 0.426648 0.000002 0.000000 -0.000001 -2.457257 -0.769310 -0.345099 1.212082 9.254612 30.048939 -27.520116 7.408827 32.386257 -0.000007 -0.000002 0.000003 -2.260380 8.767651 -12.742259 -10.426285 0.683983 -27.892087 -10.689055 -9.873158 -27.633292 0.000000 0.000001 0.000001 -38.368069 4.733371 -9.962662 29.285068 -6.324811 -28.599105 -15.525715 31.596318 29.466949 0.000000 -0.000001 0.000000 -21.419186 9.417508 -33.188873 45.964752 19.275639 50.122865 6.715711 -24.249275 -10.831851 0.000000 0.000001 -0.000003 
5.999538 92.869713 -19.056332 365.975824 709.158543 -706.520614 13.586215 -1.142002 5.757960 4.501969 4.479639 -8.446205 -10.193974 2.729516 -1.122794 -2.633252 -1.755552 0.310420 0.000004 0.000000 -0.000000 -2.661600 -0.690880 -0.488411 0.861208 9.287674 30.491187 -27.384214 7.766386 31.833152 -0.000002 -0.000005 -0.000000 -2.450884 8.842858 -12.727275 -10.703642 0.521538 -28.145242 -11.409124 -9.823927 -27.086396 -0.000002 -0.000001 0.000000 -38.344129 4.750716 -9.965936 29.285570 -6.265571 -28.694390 -15.975529 31.462659 29.830745 -0.000000 -0.000002 0.000001 -21.771225 9.514933 -33.135170 46.260263 19.372163 49.897015 6.552698 -24.306680 -10.956610 0.000002 -0.000001 -0.000004 
5.948095 92.885986 -19.019075 366.073824 709.552344 -706.435428 13.395800 -1.158398 5.911702 4.905305 4.509225 -8.583243 -10.386429 2.588567 -1.202064 -2.835166 -1.802757 0.342555 -0.000002 0.000001 0.000001 -2.644009 -0.874804 -0.327250 0.527918 8.894225 30.570093 -27.571923 7.650062 31.911498 -0.000003 -0.000005 -0.000000 -2.544457 8.489011 -12.886288 -10.444324 0.251602 -28.092522 -11.373668 -9.769138 -27.189728 -0.000004 0.000004 0.000002 -38.506465 4.792071 -10.047386 29.292701 -6.187158 -28.459614 -15.646676 31.401877 29.484151 -0.000001 -0.000002 -0.000001 -21.721202 9.548663 -33.312506 45.866158 19.169517 50.329874 6.658514 -24.239182 -10.918105 0.000002 -0.000002 -0.000002 
5.893998 92.895699 -18.984797 366.325803 709.878499 -706.444062 12.990661 -1.144115 6.116643 4.432922 4.535919 -8.536342 -9.835781 2.629503 -1.311507 -3.067192 -1.894359 0.300445 -0.000001 -0.000001 -0.000000 -2.844034 -0.680304 -0.320168 0.445156 9.188921 30.872786 -27.649173 7.945075 31.325232 -0.000002 -0.000003 -0.000004 -2.669523 8.549573 -13.002130 -10.778982 0.272979 -28.117090 -11.820556 -9.782250 -26.939405 -0.000002 0.000001 0.000003 -38.748688 4.811049 -10.059500 29.530415 -6.235051 -28.328720 -15.770278 31.042025 29.256241 -0.000000 -0.000003 -0.000001 -21.784207 9.574153 -33.339659 45.631811 19.114279 50.678381 6.868535 -24.498804 -11.004808 -0.000001 0.000002 -0.000004 
5.837609 92.906395 -18.953480 366.253622 709.477868 -706.431112 13.121290 -1.134776 5.985520 3.777985 4.606066 -8.545897 -9.226751 3.085552 -1.135880 -3.079665 -1.655926 0.116935 0.000000 0.000000 -0.000001 -2.946454 -1.055208 -0.299843 0.345897 9.434153 31.069844 -27.386760 8.338145 31.260768 -0.000003 -0.000001 -0.000000 -2.665595 9.040870 -13.013182 -10.649436 -0.338710 -28.370637 -11.967839 -10.075214 -26.987406 -0.000001 0.000005 0.000002 -38.799825 4.714225 -9.817814 29.258601 -6.200900 -28.624105 -15.678863 31.733349 29.786045 -0.000001 -0.000002 -0.000001 -21.915816 9.528246 -33.086618 46.063950 19.296886 50.095722 6.837518 -24.031662 -10.676789 -0.000000 -0.000001 -0.000001 
5.775865 92.918518 -18.931152 366.078551 709.490982 -706.343521 13.241814 -1.128231 5.854789 3.705988 4.544768 -8.449871 -9.322497 2.933951 -1.185926 -2.916492 -1.503219 0.016906 0.000002 0.000001 0.000001 -2.984323 -0.978847 -0.135313 -0.090368 9.112822 31.111669 -26.341091 8.921593 31.346067 -0.000002 -0.000004 0.000002 -2.775555 8.823645 -13.227711 -10.842137 -0.329842 -28.313743 -11.783147 -10.337877 -26.430764 -0.000001 0.000002 -0.000000 -38.205735 4.750043 -10.000502 28.670043 -6.034301 -28.357627 -15.561555 31.995649 29.915990 -0.000000 -0.000000 0.000000 -21.638512 9.427936 -33.121172 45.712868 19.194720 50.206750 7.138990 -24.202053 -10.551677 -0.000000 0.000001 -0.000004 
5.714964 92.934784 -18.904795 366.156087 709.492949 -706.311173 13.104459 -1.151561 5.933364 4.501541 4.554599 -8.633845 -9.862310 2.958312 -1.140917 -3.122795 -1.293932 -0.012038 -0.000001 0.000001 -0.000001 -2.948377 -0.717708 -0.218596 -0.267770 8.733852 31.222581 -25.572490 9.114303 31.576723 -0.000002 -0.000001 -0.000000 -2.614259 9.261649 -13.393166 -11.246610 0.337598 -28.471309 -11.162348 -10.602871 -26.774104 0.000000 0.000002 0.000005 -38.174726 4.773055 -10.062281 28.787116 -6.101942 -28.184035 -15.375388 32.021450 29.648069 -0.000001 -0.000004 -0.000000 -21.704999 9.470672 -33.117371 45.509175 19.135270 50.331640 7.410787 -24.364705 -10.418159 -0.000002 0.000003 -0.000007 
5.651180 92.942642 -18.881754 365.823703 709.261979 -706.285219 13.141266 -1.167881 5.843944 4.782612 4.580655 -8.706630 -10.252344 2.907547 -1.131143 -2.617280 -1.190024 -0.026838 0.000002 0.000001 -0.000000 -2.660651 -0.849631 0.084900 0.112863 8.568269 30.937253 -25.438778 8.659998 31.960115 0.000002 0.000000 0.000003 -2.180871 9.985293 -13.837419 -10.078446 -0.422457 -27.976462 -11.255294 -10.220526 -27.474624 0.000001 0.000004 0.000004 -37.466958 4.787972 -10.177143 28.770191 -6.129410 -28.141453 -15.117160 31.960504 29.489308 0.000000 -0.000001 -0.000000 -21.526702 9.427912 -33.120520 45.908673 19.237914 50.005092 7.322779 -23.925237 -10.306683 0.000004 0.000002 -0.000004 
5.577716 92.955612 -18.865421 366.294084 708.488474 -706.061571 12.637665 -1.107872 5.327573 4.718842 4.818261 -9.142452 -10.373691 3.438795 -0.359439 -1.457475 -0.874382 -0.440663 -0.000001 0.000001 -0.000001 -3.059397 -0.224025 0.007315 0.279938 9.693466 31.131831 -27.327416 8.570402 30.189269 -0.000000 -0.000001 -0.000000 -2.779451 8.993902 -13.405787 -10.050566 -1.548773 -28.640841 -11.474941 -10.456742 -26.117696 -0.000004 0.000001 -0.000001 -37.680658 4.679632 -9.781754 27.862510 -5.870491 -28.494508 -13.614440 31.530113 27.893886 -0.000000 -0.000002 -0.000000 -22.295932 9.555404 -32.705599 46.636583 19.496642 48.977330 7.442641 -23.713310 -9.858780 0.000000 -0.000002 0.000001 
5.504951 92.973907 -18.841162 366.413913 709.269847 -706.054140 12.312607 -1.148189 5.674618 5.083332 4.675213 -8.979060 -10.517186 3.081889 -0.789367 -2.182806 -0.830609 -0.251902 0.000000 -0.000001 0.000000 -2.784026 -0.969555 0.016764 0.080909 9.303808 31.015124 -26.255700 8.784282 31.043367 0.000002 0.000001 -0.000000 -2.493829 9.508921 -13.671522 -9.944704 -1.437298 -28.589831 -11.316398 -10.555757 -26.651986 -0.000001 0.000003 0.000001 -38.397046 4.777466 -9.881300 28.655475 -6.138336 -28.333390 -14.670119 31.894098 28.925677 -0.000000 -0.000001 -0.000000 -22.205314 9.582101 -32.924729 45.928753 19.345722 50.116872 7.271536 -23.935141 -10.145745 -0.000001 0.000003 -0.000003 
5.425167 92.991241 -18.817175 365.995905 708.453940 -706.039387 12.858700 -1.158278 5.302544 5.604382 4.847936 -9.382183 -11.204243 3.429796 -0.278080 -1.315114 -0.821030 -0.321454 0.000002 0.000001 0.000000 -2.636794 -0.723109 0.104012 0.670775 9.712983 30.765204 -28.122874 7.976429 30.733741 -0.000002 -0.000003 -0.000000 -2.486495 8.905255 -13.730732 -10.272354 -0.574849 -28.565250 -10.858700 -10.380762 -26.643911 0.000001 0.000004 0.000005 -37.546694 4.644580 -9.610787 28.071126 -5.802308 -28.758231 -14.767465 32.243151 29.434407 -0.000001 -0.000004 -0.000000 -22.297132 9.463915 -32.539130 46.958906 19.467419 48.882837 7.025883 -23.174125 -9.927694 0.000004 0.000000 0.000001 
5.340310 93.016045 -18.790876 366.015986 707.930256 -705.996712 12.750973 -1.144723 5.138726 5.985929 4.964069 -9.648153 -11.459652 3.517155 -0.060921 -1.137918 -0.778797 -0.412136 -0.000001 0.000000 -0.000001 -2.586681 -0.597268 0.239307 1.078741 10.095043 30.605272 -28.537138 7.763499 30.738344 -0.000002 -0.000000 0.000002 -2.400243 8.970320 -13.768431 -10.427635 -0.203081 -28.426131 -10.095317 -10.529221 -27.033921 -0.000003 0.000000 0.000001 -36.682040 4.623260 -9.637644 27.360734 -5.440168 -28.689755 -15.332916 32.275461 29.904665 -0.000000 -0.000003 -0.000000 -22.243809 9.343426 -32.271500 47.356259 19.322441 47.937310 7.169206 -22.632877 -9.656160 0.000007 0.000001 -0.000003 
5.254004 93.043465 -18.762297 366.425825 707.831300 -705.955840 12.361218 -1.142521 5.117888 6.198329 4.985479 -9.744612 -11.453464 3.509489 0.022371 -1.267092 -0.649942 -0.542413 0.000000 0.000001 -0.000001 -2.576965 -0.385516 0.076356 1.293495 10.288058 30.808361 -28.933474 7.579670 30.781043 -0.000000 -0.000003 0.000001 -2.361265 9.073532 -13.638262 -11.110809 0.744659 -28.694578 -9.470886 -10.745330 -27.145395 0.000000 0.000007 0.000002 -36.697189 4.640677 -9.662739 27.169432 -5.316174 -28.435338 -15.291969 32.176963 29.827877 -0.000000 0.000001 -0.000001 -22.646293 9.422460 -32.046100 47.474015 19.215086 47.641177 7.304347 -22.495853 -9.561987 0.000000 0.000001 -0.000004 
5.163891 93.077293 -18.740860 366.635348 707.764747 -705.791205 12.333629 -1.112552 4.876674 5.776621 5.008015 -9.695109 -11.210545 3.575179 0.139974 -1.289080 -0.497184 -0.649652 0.000000 0.000001 -0.000000 -2.701366 -0.310876 -0.077302 1.198474 10.477242 31.117106 -28.965774 7.819787 30.363644 -0.000002 -0.000003 0.000002 -2.443207 9.223339 -13.636348 -11.186652 0.550519 -28.863891 -9.988895 -10.784093 -26.872454 -0.000002 -0.000001 0.000000 -36.741510 4.651243 -9.676271 26.686738 -5.186899 -28.381195 -15.134453 32.487498 29.968493 -0.000000 -0.000001 -0.000000 -22.776483 9.462181 -31.997766 47.467691 19.213556 47.497969 7.589232 -22.260427 -9.244427 0.000003 -0.000001 0.000001 
5.071362 93.115005 -18.713253 366.677503 707.851955 -705.762901 11.890117 -1.112570 5.009006 5.976693 5.043030 -9.778961 -11.138401 3.566798 0.156719 -1.259393 -0.461996 -0.745388 -0.000001 0.000000 -0.000001 -2.733398 -0.353247 0.009479 1.119173 10.489320 31.013785 -28.968181 7.926510 30.094906 -0.000002 0.000001 -0.000000 -2.514792 9.044989 -13.780542 -11.047187 0.255471 -28.806323 -9.739036 -10.996429 -26.802660 -0.000002 0.000005 0.000003 -37.050231 4.595317 -9.568316 26.850698 -5.309744 -28.392468 -15.100290 32.444853 29.817348 -0.000001 -0.000001 -0.000000 -22.516868 9.417690 -32.147522 46.927081 19.078907 47.968979 7.848444 -22.802745 -9.356988 0.000002 0.000001 -0.000004 
4.984727 93.160599 -18.696207 366.484510 707.625083 -705.735143 12.071609 -1.117869 4.888280 5.836506 5.023071 -9.731792 -11.112794 3.445267 0.150991 -1.146979 -0.284843 -0.801048 0.000000 0.000000 -0.000000 -2.742499 -0.015205 -0.053385 1.086455 10.484879 31.166932 -28.340845 8.215146 30.240669 -0.000000 0.000001 -0.000000 -2.532449 9.030316 -13.743539 -10.786441 -0.123005 -28.868577 -10.316896 -10.962208 -26.470919 -0.000001 0.000002 -0.000000 -37.567106 4.448862 -9.249258 26.952345 -5.501442 -28.740241 -15.070532 32.438795 29.763044 -0.000000 0.000000 -0.000000 -22.362883 9.386294 -32.146405 46.905621 19.192937 47.950967 8.009724 -22.765417 -9.231947 0.000001 0.000002 -0.000004 
4.893997 93.205986 -18.667393 366.213952 707.885559 -705.727821 12.393988 -1.116092 4.833695 5.762222 4.967319 -9.672343 -11.179798 3.318335 0.127305 -1.218297 -0.424272 -0.667945 0.000002 0.000001 -0.000000 -2.800849 -0.293661 -0.038686 1.055390 10.709646 31.211031 -28.294897 8.321127 30.259852 -0.000002 0.000000 -0.000001 -2.748532 8.638588 -13.758497 -10.904896 -0.392826 -28.926978 -10.751447 -10.968805 -26.038390 -0.000001 0.000005 -0.000003 -36.901559 4.524739 -9.484490 26.928521 -5.551115 -28.422980 -14.844487 32.127618 29.311029 -0.000001 0.000000 -0.000000 -22.254701 9.339530 -32.124951 46.791560 19.221503 48.058225 7.864795 -22.758826 -9.257832 0.000001 -0.000001 -0.000000 
4.801963 93.250168 -18.642719 366.423338 707.851463 -705.653399 12.169653 -1.088274 4.747287 5.828753 4.998020 -9.791111 -11.297380 3.748392 0.270394 -1.095598 -0.661752 -0.515821 -0.000001 0.000001 -0.000001 -3.006598 -0.770150 -0.092698 0.966529 11.271549 31.516364 -28.345565 8.872512 29.686912 -0.000001 -0.000001 -0.000000 -3.083421 8.305119 -13.625816 -11.280629 -0.670738 -29.303417 -11.239948 -11.234497 -25.333636 -0.000002 0.000004 0.000004 -37.189417 4.461501 -9.314543 26.932875 -5.554881 -28.713934 -15.590713 32.235529 29.924169 -0.000000 -0.000002 0.000000 -22.482213 9.374522 -32.061137 46.768600 19.273184 48.132456 7.603163 -22.944603 -9.363843 -0.000001 -0.000000 -0.000002 
4.715590 93.288483 -18.623447 366.584285 708.078936 -705.685036 11.831841 -1.085909 4.849746 6.054208 4.961180 -9.834001 -11.502627 3.383419 0.231798 -1.070424 -0.600764 -0.571278 0.000000 0.000001 0.000001 -3.177980 -0.103977 -0.017177 1.101077 11.793253 31.659327 -28.085422 9.209969 29.244565 -0.000002 0.000001 -0.000000 -3.099019 8.670654 -13.735541 -11.354127 -1.026686 -29.260896 -11.234504 -11.427111 -25.191934 -0.000000 0.000004 0.000001 -36.998947 4.517914 -9.389250 26.646001 -5.482676 -28.459023 -15.692595 32.209868 29.849330 -0.000000 -0.000001 -0.000000 -22.514349 9.335771 -32.027286 46.463226 19.205143 48.390859 7.719438 -23.311755 -9.424892 0.000001 0.000002 -0.000003 
4.631975 93.327087 -18.599272 366.362495 708.275700 -705.687167 12.126992 -1.098281 4.868803 5.414257 4.891959 -9.611366 -10.939564 3.567352 0.059558 -1.313956 -0.711620 -0.433456 -0.000001 0.000000 -0.000001 -3.196163 -0.001960 -0.057581 1.149109 11.969586 31.834043 -27.805663 9.436884 29.069975 -0.000001 -0.000002 0.000003 -3.212512 8.360007 -13.875938 -11.049053 -1.497503 -29.268993 -11.445160 -11.448857 -25.050759 0.000003 -0.000001 0.000001 -36.611433 4.613422 -9.595909 26.681343 -5.528023 -28.172292 -15.595690 32.160202 29.792151 -0.000000 0.000000 -0.000000 -22.334632 9.273831 -32.092026 46.435830 19.256388 48.547830 7.769212 -23.177081 -9.354479 0.000003 -0.000001 -0.000001 
4.555267 93.367386 -18.577919 366.744904 708.138167 -705.672742 11.543844 -1.101085 4.962160 5.659514 4.967734 -9.810169 -11.096220 3.561962 0.142143 -0.996099 -0.665606 -0.523612 -0.000001 -0.000001 0.000001 -3.146214 0.099497 0.061436 1.186545 11.956819 31.767346 -27.889640 9.326176 29.095199 0.000003 -0.000001 0.000001 -3.183517 8.262662 -14.041231 -11.166095 -1.254046 -29.100714 -11.010910 -11.405785 -25.070339 -0.000000 0.000002 -0.000000 -36.853180 4.604358 -9.422265 26.522354 -5.422332 -28.181161 -15.307613 32.252017 29.594448 -0.000000 -0.000002 -0.000001 -22.767389 9.352342 -31.872668 46.586350 19.227415 48.351947 8.146897 -23.007175 -9.177782 0.000002 0.000000 -0.000002 
4.482859 93.411880 -18.551676 366.776651 707.996646 -705.628100 11.555888 -1.114107 4.851343 5.960681 4.950954 -9.861992 -11.469213 3.427393 0.237915 -1.077638 -0.421978 -0.681572 -0.000001 0.000001 -0.000001 -3.009164 0.011029 0.194585 1.307106 11.779855 31.570511 -27.784265 9.142451 29.369383 0.000003 -0.000002 -0.000002 -3.068853 8.288394 -13.868076 -11.233862 -0.763677 -29.228900 -11.020258 -11.253021 -25.305106 0.000002 0.000004 -0.000000 -37.109347 4.581331 -9.320766 26.757635 -5.537257 -28.342247 -15.392827 32.607699 29.967496 -0.000000 -0.000001 -0.000000 -22.921988 9.403904 -31.756790 46.789531 19.243722 48.010820 7.975072 -22.915206 -9.268098 0.000001 0.000001 -0.000002 
4.414725 93.466507 -18.517986 366.740751 708.081996 -705.703396 11.783878 -1.118971 4.892683 5.879080 4.960643 -9.845660 -11.391685 3.337930 0.180229 -1.237327 -0.548558 -0.596267 -0.000001 -0.000001 0.000000 -3.030682 0.012814 0.180582 1.217974 11.732162 31.576859 -28.256218 9.086276 29.390430 -0.000001 -0.000006 -0.000003 -3.025632 8.474303 -13.768930 -11.383204 -0.541634 -29.448644 -11.161078 -11.243845 -25.352598 0.000002 0.000000 -0.000000 -36.699392 4.607574 -9.439445 26.652334 -5.527832 -28.125338 -15.785670 32.689859 30.391767 0.000000 -0.000003 -0.000000 -22.664176 9.270436 -31.647156 46.659143 19.113820 47.828762 7.933833 -22.509749 -9.103927 0.000001 0.000001 -0.000004 
4.350360 93.534546 -18.486757 366.660592 708.264881 -705.834153 11.941595 -1.119783 4.921379 5.581885 4.939749 -9.720923 -11.059167 3.692646 0.162865 -1.794990 -0.779523 -0.376956 0.000002 0.000001 -0.000001 -2.933890 -0.732872 0.206292 1.086493 11.465273 31.483538 -28.232355 8.925930 29.737469 -0.000001 -0.000002 -0.000002 -3.161864 7.798261 -13.812667 -11.379137 -0.455542 -29.463220 -10.727628 -11.228867 -25.537054 -0.000001 0.000003 0.000001 -36.456162 4.594278 -9.422611 26.333741 -5.398517 -27.839931 -15.468273 32.508193 29.920921 -0.000001 0.000000 -0.000000 -22.248978 9.075316 -31.501696 46.231358 18.902730 47.861611 8.150694 -22.586512 -9.004561 0.000001 0.000000 -0.000002 
4.281222 93.604897 -18.458843 366.477352 708.342745 -705.980483 11.843992 -1.100601 4.775236 5.413269 4.833517 -9.538992 -11.014489 3.459416 0.202603 -1.602113 -0.657739 -0.471633 0.000003 -0.000000 0.000000 -2.869619 -0.887640 0.287539 0.883401 11.150307 31.714693 -27.925532 8.836183 29.815429 -0.000001 -0.000005 0.000000 -2.984413 8.429828 -13.855486 -10.893668 -1.109457 -29.436510 -9.935553 -11.423958 -25.738246 -0.000001 0.000001 0.000002 -35.699999 4.595852 -9.481295 26.132613 -5.363681 -27.539661 -15.604819 32.011020 29.667815 -0.000001 -0.000001 0.000000 -22.139684 8.908109 -31.102393 46.219928 18.827172 47.467568 8.096319 -22.875207 -9.194076 0.000000 -0.000002 0.000001 
4.211635 93.713974 -18.421766 365.904599 708.586938 -706.295218 12.369630 -1.115939 4.555634 3.825132 4.742091 -9.068959 -9.516345 3.579158 0.185691 -2.448245 -0.798314 -0.308308 -0.000001 0.000000 -0.000000 -2.944077 -0.509891 0.369551 0.899467 11.230020 31.768156 -28.809099 8.696756 29.397162 -0.000002 -0.000001 -0.000000 -2.799079 9.327438 -13.850142 -9.983495 -2.304634 -29.498200 -9.938049 -11.676636 -26.236539 0.000002 0.000002 -0.000000 -35.072499 4.510854 -9.393984 26.208629 -5.353813 -27.148737 -15.008287 31.831912 28.954377 -0.000000 -0.000003 -0.000001 -21.379305 8.472999 -30.645310 46.157548 18.658774 47.094858 7.856488 -22.866843 -9.307332 0.000001 -0.000001 0.000001 
4.135408 93.872063 -18.374659 365.981835 708.862659 -706.746830 11.989383 -1.102449 4.314704 3.553391 4.629665 -8.831856 -8.995145 3.636736 0.356853 -2.891150 -0.951397 -0.194279 -0.000001 0.000000 -0.000001 -2.797828 -0.615560 0.967030 1.211654 10.966184 31.208910 -28.489206 8.271001 30.015830 -0.000000 -0.000001 -0.000000 -2.596516 9.541217 -13.857528 -9.622397 -2.135939 -29.094506 -11.463405 -10.723518 -26.646786 -0.000006 0.000002 0.000004 -33.803142 4.487095 -9.477771 25.402563 -4.915412 -26.043300 -14.529298 31.508472 28.482777 0.000000 -0.000001 -0.000001 -20.834013 8.037489 -29.842094 46.064261 18.210840 46.305694 8.595287 -22.765188 -9.010876 0.000001 0.000002 -0.000005 
4.061893 94.047035 -18.325760 365.993583 708.732448 -707.177132 11.566190 -1.076089 4.079975 3.122018 4.580896 -8.632802 -8.610399 3.986308 0.639667 -3.272798 -1.000656 -0.118166 -0.000002 -0.000000 -0.000001 -2.756467 -0.325967 1.379496 1.542200 10.888921 30.937755 -28.381980 8.089566 29.642147 -0.000003 -0.000006 0.000001 -2.682022 8.926997 -13.582487 -9.160443 -2.235793 -28.765092 -11.610389 -10.506847 -26.909607 -0.000004 0.000003 0.000001 -32.737998 4.362826 -9.439103 24.289314 -4.555034 -25.282560 -14.364837 30.932793 27.889706 0.000000 -0.000001 -0.000000 -20.210975 7.631992 -29.087365 45.704272 17.772034 45.522852 8.634974 -22.455085 -8.818573 -0.000002 -0.000002 0.000001 
3.979321 94.285233 -18.259357 365.398100 708.836267 -707.969653 10.934209 -1.021081 4.021477 3.997030 4.488410 -8.580979 -8.927069 4.200943 0.958819 -3.458447 -1.168260 -0.112169 -0.000001 0.000001 -0.000000 -2.890453 0.395423 1.820996 1.513581 10.822348 30.633894 -28.634180 8.154219 28.117792 0.000001 -0.000001 -0.000004 -2.848001 8.117991 -12.889231 -9.872004 -1.319514 -28.568050 -12.013961 -10.173779 -26.872619 -0.000005 0.000000 0.000005 -31.564811 4.193391 -9.342822 23.737650 -4.285766 -24.046449 -14.146123 30.372543 27.434846 -0.000001 0.000001 -0.000001 -19.027036 6.926488 -27.998711 45.171152 17.152048 44.662224 8.545206 -22.293367 -8.929075 0.000001 0.000003 -0.000006 
3.890626 94.597504 -18.193378 364.951597 708.743486 -708.849818 9.664595 -0.922226 3.751828 5.436379 4.329347 -8.573515 -9.486708 4.456047 1.461552 -3.462230 -1.546555 0.023294 -0.000001 -0.000000 -0.000001 -2.789408 0.889904 2.182575 1.368638 10.234129 30.362680 -28.042928 7.799699 27.033429 0.000002 -0.000003 0.000001 -2.897085 7.007730 -12.033992 -10.135006 -0.352762 -28.269234 -12.010481 -9.366738 -26.790768 0.000001 0.000006 0.000004 -30.112829 4.086526 -9.195147 22.893426 -3.769905 -22.346977 -13.748719 29.358540 26.469348 0.000000 -0.000002 -0.000001 -18.095126 6.222489 -26.423335 45.011852 16.220395 42.765935 8.905410 -21.488704 -8.662430 -0.000002 -0.000001 0.000000 
3.806665 94.927361 -18.115925 364.595088 709.091115 -709.690751 9.054494 -0.894226 3.729351 6.087528 4.061976 -8.186371 -9.529000 4.561693 1.528560 -4.147471 -1.828804 0.106692 0.000001 -0.000001 0.000000 -2.674206 0.839009 2.343526 1.892172 10.203492 29.875958 -28.579448 7.302919 26.685003 -0.000001 -0.000002 0.000003 -2.994111 5.775757 -11.311108 -9.807680 0.119938 -28.017083 -12.571308 -8.594108 -26.858670 -0.000006 0.000003 0.000003 -28.913454 3.954215 -9.261195 22.354982 -3.582150 -20.606797 -13.332301 28.554516 25.828956 -0.000000 -0.000003 0.000000 -17.033939 5.656583 -25.063413 44.477772 15.415414 41.429349 9.063763 -20.908334 -8.579328 -0.000000 0.000001 -0.000003 
3.711812 95.350433 -18.028711 364.128559 709.275148 -710.789701 9.750236 -0.846074 3.321668 3.625590 3.815260 -7.132621 -7.551161 5.202860 1.537735 -4.199384 -2.164158 0.308620 -0.000001 -0.000000 -0.000001 -2.686368 1.003378 2.740762 1.587925 9.557833 28.807303 -27.560408 7.567918 26.002646 -0.000000 -0.000000 0.000002 -3.089788 4.970053 -10.729715 -8.963364 -0.627299 -27.203291 -13.157474 -8.337892 -26.848504 0.000001 0.000003 -0.000002 -27.720449 3.599639 -9.143224 21.718243 -3.471409 -18.451346 -11.739612 27.693847 24.117570 0.000000 0.000003 0.000000 -15.968004 5.020991 -23.016571 43.679135 14.453901 39.237456 9.648625 -20.380907 -8.121284 -0.000000 -0.000002 0.000000 
3.608219 95.851082 -17.933025 363.392019 708.819383 -711.794777 9.491351 -0.725433 2.725151 3.931634 3.580607 -6.782086 -7.692036 4.926894 1.933725 -3.134032 -1.852273 0.238154 -0.000001 -0.000000 0.000000 -2.863696 1.936353 3.262460 2.835720 11.079499 27.367557 -28.422285 7.399476 23.984831 -0.000001 -0.000003 -0.000000 -3.077669 5.198043 -9.951318 -8.141361 -2.054466 -26.008276 -13.954044 -8.086019 -25.883564 0.000001 -0.000001 0.000001 -25.319028 3.440042 -9.038234 21.106389 -3.455023 -15.420047 -10.160464 24.829145 20.989144 -0.000001 -0.000003 -0.000001 -14.892343 4.193989 -20.787548 43.362457 13.574230 36.053512 11.675973 -19.807880 -6.904597 0.000005 0.000000 0.000002 
3.503817 96.370811 -17.829287 364.468101 708.452520 -712.597789 7.190389 -0.669750 2.799227 5.879962 3.439066 -6.853836 -8.274522 4.675629 2.198283 -3.979073 -1.617288 0.390033 -0.000001 -0.000000 -0.000001 -2.641334 2.924637 3.565476 3.579886 11.244012 26.002974 -28.544269 6.923580 23.378546 -0.000002 -0.000003 0.000001 -2.662365 5.600695 -9.467087 -8.332633 -1.392627 -24.722303 -14.186210 -7.828776 -25.978886 0.000003 0.000005 -0.000001 -25.407622 3.078400 -8.145033 20.158509 -3.506890 -13.330762 -8.181562 22.410918 17.988517 -0.000001 -0.000001 -0.000001 -15.629320 3.979199 -18.472508 43.347283 13.043097 33.182787 11.326770 -18.642631 -6.294019 -0.000005 0.000000 -0.000002 
3.369959 96.948814 -17.717026 363.934745 709.348968 -713.305233 6.123037 -0.551343 2.486584 6.018411 3.159395 -6.292158 -7.539835 4.434917 2.076400 -4.344057 -1.766505 0.499530 0.000003 0.000000 -0.000000 -2.582845 2.369133 3.423755 3.813361 11.317139 24.659621 -26.517757 7.906866 21.675803 -0.000001 0.000001 -0.000000 -2.811239 5.033113 -8.510693 -8.102262 -1.502943 -23.361153 -13.975774 -8.531622 -24.969720 -0.000000 0.000002 0.000000 -23.858677 2.460264 -7.381693 20.679672 -4.020794 -11.508252 -7.510648 18.605843 14.886100 -0.000001 -0.000000 -0.000000 -15.541208 3.683292 -16.110155 44.236837 13.008018 30.144982 11.100018 -17.920058 -5.988338 0.000000 0.000002 -0.000004 
3.220409 97.538307 -17.578167 364.148503 709.489506 -714.062400 5.523454 -0.439271 1.914754 5.472530 2.957085 -5.703179 -6.649398 4.345246 2.076490 -5.218913 -1.836174 0.249087 0.000000 0.000001 -0.000000 -2.716768 2.697145 3.487668 4.353322 11.555281 22.600661 -23.814708 8.820924 20.273205 -0.000002 -0.000003 -0.000002 -2.802221 5.015672 -7.732392 -7.672571 -1.734789 -21.530097 -14.284529 -8.822428 -23.958400 0.000003 -0.000001 0.000003 -23.215092 1.697621 -6.444635 21.954537 -4.307317 -10.163705 -7.115027 15.323114 12.396355 0.000000 -0.000001 -0.000000 -15.465806 3.433110 -13.432043 46.405623 12.683784 25.320467 11.795213 -15.396052 -4.503691 -0.000000 0.000002 -0.000005 
3.069294 98.110382 -17.436539 364.126455 710.036741 -714.668757 4.558557 -0.387771 1.772940 5.731053 2.686870 -5.221207 -6.223390 4.244990 1.877642 -5.693749 -2.020688 0.342530 -0.000001 0.000000 0.000000 -2.649351 2.580004 3.241887 4.803756 11.428259 20.999599 -21.797951 9.110922 19.535804 -0.000003 0.000001 -0.000000 -2.810314 4.084892 -6.989704 -7.218365 -1.853875 -20.216960 -14.115563 -8.813411 -23.142132 -0.000001 0.000003 0.000003 -22.239330 1.219390 -5.899793 21.382739 -4.303520 -9.205611 -6.953985 13.610789 10.995808 -0.000001 -0.000002 -0.000000 -15.163983 3.260563 -11.786119 46.901669 12.374798 22.712058 12.599694 -14.516765 -3.661261 0.000001 0.000001 -0.000002 
2.905093 98.675056 -17.300781 363.504143 710.533651 -715.562692 3.985660 -0.326182 1.625291 5.691670 2.331720 -4.621621 -5.995427 3.720264 1.792878 -5.681847 -1.779101 0.230456 -0.000001 -0.000000 -0.000000 -2.642716 3.270889 2.844557 5.641436 11.952323 18.958954 -18.075645 9.809012 18.119257 -0.000004 -0.000002 -0.000003 -2.756929 3.940953 -5.781963 -6.621175 -2.411934 -18.878959 -12.442385 -9.414805 -21.948796 -0.000003 0.000000 0.000001 -19.924236 0.885485 -5.656092 18.944771 -4.313470 -7.884536 -5.714216 12.757459 9.765309 0.000000 -0.000002 -0.000000 -14.042008 2.960608 -10.405645 46.786779 11.991340 20.046206 13.764283 -12.558667 -2.310298 -0.000004 0.000001 -0.000000 
2.725907 99.183884 -17.142773 362.135318 711.190661 -716.600444 4.140047 -0.335624 1.402847 5.277703 1.935464 -4.078198 -5.682806 3.820152 1.846364 -4.607989 -2.291628 0.260815 0.000000 -0.000000 0.000001 -2.040384 2.931959 2.341109 6.013538 11.351593 16.435158 -13.930982 9.351342 17.264753 -0.000005 -0.000003 0.000001 -2.397623 2.592148 -4.584190 -5.908161 -2.363402 -17.217942 -10.631813 -8.555430 -21.155343 -0.000002 0.000004 0.000004 -16.139868 0.918907 -5.623025 14.698992 -3.791760 -5.903288 -4.911756 12.844803 9.451196 -0.000001 -0.000001 -0.000001 -12.564536 2.467421 -9.508947 51.548063 11.940250 15.543485 16.049474 -9.334440 -0.423646 -0.000002 0.000000 -0.000000 
2.544725 99.649231 -16.968830 361.407767 712.213113 -717.445529 3.343997 -0.362821 1.605891 6.468908 1.487653 -3.670483 -6.377448 3.242418 1.701030 -3.425879 -2.393145 0.228369 0.000002 0.000001 0.000000 -1.765037 2.944951 2.241348 5.734787 10.697686 14.290340 -11.274601 9.215826 16.268602 -0.000002 -0.000001 -0.000006 -2.242081 1.932351 -3.753970 -5.182164 -2.791026 -16.060640 -9.932903 -8.247961 -20.197305 -0.000005 0.000001 -0.000001 -13.584814 0.929120 -5.270248 11.764403 -3.407471 -4.947615 -4.009801 13.671763 9.573201 0.000000 -0.000001 -0.000000 -12.073856 2.182486 -8.812532 55.391472 11.724395 12.168827 17.414298 -7.097056 0.819074 -0.000003 0.000000 -0.000002 
2.357823 100.096176 -16.800072 360.660926 713.428176 -718.302909 3.208763 -0.391584 1.691726 6.996223 1.025943 -2.987174 -6.666961 2.715500 1.467699 -2.896879 -2.092343 0.187659 0.000001 0.000001 0.000000 -1.581480 3.588501 1.729518 5.170361 9.753889 11.820774 -8.598128 8.826682 14.856041 0.000000 -0.000006 0.000002 -2.093957 1.037912 -2.671835 -4.293211 -3.279672 -14.784593 -8.836345 -7.715455 -19.186946 -0.000004 0.000002 -0.000000 -10.689883 0.993120 -4.665889 9.278800 -2.940014 -3.768273 -3.582942 11.289858 7.875563 -0.000000 -0.000003 -0.000000 -12.145086 1.853111 -7.958720 51.169817 9.944574 10.433202 13.971348 -10.333223 -1.758866 -0.000001 0.000001 -0.000001 
2.166463 100.518219 -16.642172 360.427498 714.802847 -718.938718 3.249382 -0.348428 1.535805 6.904388 0.573367 -2.221579 -6.364090 2.513691 1.319252 -3.041970 -2.022570 0.086924 0.000000 -0.000001 0.000000 -1.510860 1.984637 1.196759 4.104842 8.705440 8.719741 -5.858303 9.187544 14.348259 -0.000001 0.000000 -0.000001 -2.069033 0.867318 -1.598772 -3.195060 -4.031103 -13.353512 -7.905343 -7.557528 -18.272790 -0.000001 -0.000001 0.000001 -8.670331 1.010509 -4.058477 6.986546 -2.380430 -2.896377 -3.262381 9.898044 6.863946 -0.000000 0.000000 0.000000 -13.529123 1.887228 -7.402184 49.321346 8.776636 8.626140 10.049246 -12.319225 -4.004785 0.000003 0.000002 -0.000003 
1.978931 100.912704 -16.490093 361.096774 716.702077 -719.391040 2.005686 -0.304123 1.742078 6.494656 0.117646 -1.512805 -5.827949 1.348455 0.865625 -3.053643 -1.879016 -0.103747 -0.000001 -0.000001 -0.000000 -1.752953 1.552029 1.001310 4.288469 8.905186 6.249209 -3.732688 9.605365 13.552941 -0.000001 -0.000003 0.000002 -2.205169 1.253522 -0.961399 -3.033202 -4.237647 -11.919858 -6.049506 -8.028805 -17.723321 -0.000001 0.000002 -0.000000 -7.957829 0.979233 -3.512505 5.312471 -2.007289 -2.113979 -3.319005 8.153461 5.730219 -0.000001 0.000000 -0.000000 -15.659243 2.149569 -7.172368 48.038773 8.249691 8.441634 8.609341 -13.618911 -5.281679 -0.000000 0.000001 -0.000002 
1.783469 101.287811 -16.316761 359.473239 717.531371 -720.003244 3.553243 -0.379380 1.585053 6.824626 -0.196354 -1.099972 -6.293407 1.253901 1.042039 -2.489191 -1.721009 -0.299383 -0.000001 0.000001 -0.000000 -1.644154 0.770868 0.320037 1.984880 7.029893 3.536247 -1.695985 9.426204 13.965040 -0.000002 0.000001 -0.000000 -2.062748 1.758805 -0.311357 -2.231937 -4.668803 -10.111947 -5.129481 -7.605909 -17.020720 -0.000002 0.000004 0.000000 -5.059577 0.936803 -2.882304 3.931533 -1.792714 -1.595724 -2.802054 7.337027 5.074729 -0.000000 0.000000 -0.000000 -15.349320 1.878943 -6.086728 46.533686 7.271032 6.309974 5.765126 -10.453079 -4.695188 0.000004 0.000000 -0.000000 
1.587391 101.655327 -16.150749 359.103698 718.472517 -720.456277 4.095974 -0.412566 1.394731 5.976702 -0.471114 -0.534420 -5.575068 0.627267 0.885318 -2.332648 -1.291181 -0.707791 0.000001 0.000000 0.000000 -1.387979 0.763481 -0.034499 0.104402 4.750222 0.852080 0.164567 8.225966 14.037956 -0.000000 -0.000005 0.000000 -1.625284 2.135676 0.246787 -1.472713 -3.937305 -7.834092 -3.148433 -6.742069 -17.350419 -0.000001 0.000003 0.000001 -2.887115 0.758961 -2.308005 2.650782 -1.307766 -0.942277 -2.136193 6.153749 4.259120 -0.000000 0.000001 -0.000000 -15.952028 1.874926 -4.993924 43.589533 6.058893 4.774101 3.168071 -5.858533 -3.082727 -0.000007 -0.000001 -0.000000 
1.395858 101.984444 -15.979052 359.101021 719.271048 -720.714239 4.046048 -0.400132 1.102477 5.613090 -0.664276 -0.083308 -5.058935 0.732390 0.873369 -2.374650 -1.256448 -0.427138 0.000001 0.000000 0.000000 -0.931675 -0.656375 -0.199489 -0.960708 3.425976 -1.092377 1.027116 7.606841 13.768605 -0.000002 -0.000001 -0.000000 -1.328329 1.913447 0.645671 -1.435765 -3.007521 -6.256381 -2.956220 -6.227766 -17.510141 0.000000 0.000004 -0.000000 -1.418213 0.650583 -1.881688 1.744956 -1.126740 -0.536937 -1.979298 5.336836 3.886625 -0.000000 0.000000 -0.000001 -16.181183 1.777464 -4.250518 40.040857 5.144665 4.103553 0.933071 -2.720886 -1.975368 0.000004 0.000001 -0.000002 
1.185580 102.281364 -15.797232 359.256339 720.549823 -720.928215 3.105324 -0.353926 0.777482 5.309675 -0.860586 0.404424 -4.536782 0.056184 0.703997 -1.982542 -1.148621 -0.088831 0.000000 0.000000 0.000000 -0.436733 -1.393605 0.085893 -3.358865 1.113770 -2.708772 2.623726 6.590756 12.076592 0.000003 -0.000005 -0.000000 -0.923710 1.979541 0.943259 -0.945579 -2.328819 -4.244471 -1.472047 -6.003612 -17.475118 -0.000000 -0.000000 -0.000001 0.091498 0.474166 -1.196591 0.798346 -0.937297 -0.241640 -1.335094 4.030904 3.068648 -0.000000 -0.000002 -0.000001 -15.935974 1.631331 -3.270255 35.869319 4.254056 3.681404 0.338602 -0.172833 -0.714048 0.000004 0.000001 -0.000001 
0.974907 102.552063 -15.607676 359.409062 721.560855 -721.010342 2.304182 -0.263942 0.495153 4.792681 -1.017926 0.816660 -3.893586 -0.639911 0.423083 -1.442076 -0.889350 0.107306 0.000001 0.000001 0.000000 -0.573939 -1.624745 0.503946 -4.820012 -0.200998 -3.764265 3.510191 5.704993 9.388094 -0.000002 -0.000005 0.000001 -0.977631 1.272708 1.192733 -0.066569 -2.568431 -2.476178 -0.251015 -5.921749 -16.299253 -0.000000 0.000003 0.000002 1.377661 0.199548 -0.595205 0.061166 -0.518626 -0.130994 -1.145257 3.037113 2.507032 0.000000 -0.000002 -0.000000 -15.114859 1.527563 -2.326937 30.264913 3.444315 3.739627 0.343416 0.076865 -0.295174 0.000000 0.000000 -0.000002 
0.777448 102.795265 -15.422300 359.328958 721.763138 -721.048809 1.864562 -0.207677 0.351056 5.403515 -1.061163 0.893820 -4.332421 -0.695084 0.411613 -1.158622 -0.805892 0.210119 0.000000 0.000001 0.000000 -0.571162 -1.896182 0.822125 -5.509864 -0.980549 -4.256766 3.411043 4.615305 7.429710 -0.000004 -0.000001 -0.000001 -0.873544 1.382348 1.150352 0.079587 -2.346602 -1.135015 0.467605 -5.409354 -15.649341 -0.000000 0.000002 0.000001 1.726296 0.115804 -0.231960 0.059912 -0.294394 -0.141024 -1.192248 2.770683 2.447731 -0.000000 -0.000001 -0.000000 -14.287713 1.345471 -1.649914 25.750991 2.711739 3.623246 0.827386 -0.973826 -0.835424 -0.000002 0.000000 -0.000001 
0.588935 103.000916 -15.240797 359.376550 721.702977 -721.017063 1.289406 -0.175356 0.414228 4.828131 -1.022381 0.856976 -3.718886 -0.618385 0.332797 -0.868959 -0.528654 0.090692 0.000000 0.000000 0.000000 -0.479439 -1.628167 1.444764 -5.100163 -0.921678 -4.497209 2.634769 3.635686 4.580368 -0.000003 -0.000001 0.000002 -0.678179 1.411077 0.741940 0.174585 -2.145676 0.212870 2.344777 -5.029984 -14.243724 -0.000003 0.000003 0.000001 1.831375 0.232413 0.038541 0.366312 -0.297218 -0.435513 -1.086091 2.940959 2.466436 -0.000000 -0.000001 -0.000000 -12.912862 1.011326 -0.931565 22.143846 2.282712 2.793643 0.798291 -1.547420 -1.219044 -0.000001 -0.000000 -0.000000 
0.396131 103.191605 -15.070242 360.233247 722.141967 -720.897124 0.688772 -0.115802 0.497471 2.590854 -0.807441 0.619991 -2.099229 -0.876499 0.341616 -0.347995 -0.746309 0.077467 0.000001 -0.000000 0.000000 -0.495056 -2.049400 1.527652 -4.068994 -0.143706 -4.091898 1.583027 2.939501 1.799481 -0.000003 0.000001 0.000001 -0.626049 1.621267 0.497772 0.114509 -2.329210 0.798781 2.943754 -4.409062 -11.822560 -0.000005 0.000006 0.000000 0.919155 0.265519 0.280869 0.737758 -0.334859 -0.569852 -0.477631 2.760244 2.041560 0.000000 -0.000001 -0.000000 -10.962606 0.746405 -0.624466 18.233851 1.905752 2.125042 0.886835 -0.989858 -0.838970 0.000002 0.000000 -0.000001 
0.212240 103.372940 -14.894881 359.924605 722.305018 -720.752543 1.331419 -0.121331 0.467342 1.449546 -0.697184 0.497789 -1.527462 -0.762734 0.393815 -0.202432 -0.842712 0.019767 -0.000001 -0.000000 0.000000 -0.556375 -2.406008 1.456945 -3.478428 0.428994 -3.841325 0.893091 2.555955 0.326461 -0.000003 -0.000001 -0.000000 -0.778984 1.267771 0.460119 -0.362092 -2.317025 0.889112 3.285291 -4.028803 -9.788945 -0.000001 -0.000000 0.000003 1.445364 0.354008 0.377702 0.359573 0.068166 -0.549097 -0.181728 2.206352 1.610077 -0.000000 -0.000003 -0.000000 -8.555015 0.382622 -0.445631 14.397441 1.200487 1.387138 0.944605 0.077580 -0.273382 -0.000003 0.000000 -0.000001 
0.021706 103.551781 -14.726086 360.371381 722.456047 -720.839915 0.443563 -0.106579 0.527218 0.814942 -0.592733 0.496080 -0.988606 -0.887049 0.270725 0.100767 -0.879874 0.148873 0.000001 0.000000 0.000000 -0.232444 -1.863666 1.265221 -2.777875 0.096215 -3.344024 0.705400 1.458544 -0.193283 0.000000 -0.000001 -0.000000 -0.379623 1.184973 0.415513 -0.761398 -1.266550 0.828917 4.142347 -2.994081 -7.861915 0.000001 0.000000 0.000000 0.962855 0.195201 0.688943 0.171291 -0.007954 -0.736156 0.666023 2.270755 1.400914 0.000000 -0.000000 -0.000001 -6.790924 0.289848 -0.028965 10.500925 0.791873 0.968728 1.156213 0.544796 0.056065 0.000001 0.000000 -0.000001 
-0.171389 103.739197 -14.561934 359.989901 722.228574 -720.829424 0.468483 -0.095603 0.413872 0.898365 -0.470805 0.428563 -1.020362 -0.638889 0.304134 0.298617 -0.978743 0.252201 0.000001 0.000000 0.000000 -0.135331 -1.314726 1.050407 -2.005015 0.059898 -2.897321 0.672914 0.990840 -0.287716 -0.000000 -0.000005 0.000000 -0.238420 0.946534 0.366950 -0.683246 -0.666278 0.706820 2.799804 -2.133918 -5.645876 -0.000000 0.000000 0.000001 1.122731 0.039791 0.870709 0.484750 0.100592 -0.740621 -0.022720 1.765985 1.305770 -0.000000 -0.000001 -0.000000 -4.664514 0.216817 0.304530 7.546060 0.490048 0.568336 0.451538 0.952648 0.253139 -0.000002 0.000001 -0.000000 
-0.352474 103.919174 -14.406380 360.095359 722.030881 -720.843139 0.481548 -0.092506 0.372888 0.321266 -0.372887 0.405078 -0.349188 -0.692040 0.274430 -0.415570 -0.879925 0.345047 -0.000001 0.000000 0.000000 -0.084718 -1.211310 0.834873 -2.000741 -0.290911 -2.492662 0.162024 0.838953 -0.050985 0.000001 0.000000 -0.000001 -0.091916 1.243347 0.372259 -1.199952 0.101322 0.671696 2.060984 -1.666623 -4.487786 -0.000000 -0.000002 0.000003 0.588284 -0.075772 0.971752 0.836750 0.059520 -0.682745 -0.438224 1.402500 1.207743 -0.000000 -0.000002 -0.000001 -4.074995 0.238094 0.526123 5.954279 0.393509 0.453734 -0.202436 0.705377 0.132387 -0.000002 0.000000 -0.000001 
-0.527816 104.087730 -14.255963 359.706394 721.391575 -720.516328 0.419384 -0.039286 0.063732 -0.032398 -0.183820 0.246684 -0.050141 -0.611877 0.260597 0.150792 -0.578545 0.306223 0.000000 0.000000 -0.000000 -0.014942 -0.711831 0.747081 -1.182686 -0.229415 -1.848471 0.456696 0.435575 0.065496 -0.000002 -0.000001 0.000000 0.031953 0.962276 0.271814 -0.281616 -0.140556 0.589071 1.145318 -0.972795 -2.798474 0.000001 0.000005 0.000000 0.689386 -0.065378 0.663407 0.266501 0.076662 -0.422314 -0.418007 0.753760 0.766433 -0.000001 -0.000002 0.000000 -1.889142 0.104109 0.399452 3.189186 0.187332 0.245203 -0.154186 0.621715 0.243285 -0.000000 0.000000 0.000001 
-0.691795 104.227753 -14.111134 359.638201 720.435404 -720.230553 0.487155 -0.009665 -0.057866 -0.469255 -0.097995 0.177384 0.366977 0.009587 0.136078 -0.151069 -0.299095 0.193094 0.000002 -0.000000 -0.000000 -0.005728 -0.565036 0.274484 -0.348944 -0.098837 -0.745366 0.065626 0.137014 0.101494 -0.000001 -0.000001 -0.000000 -0.038592 -0.214858 0.283556 -0.090902 0.088621 0.074817 0.557943 -0.271916 -1.054853 0.000003 0.000004 0.000001 0.612376 -0.012707 0.292270 0.081921 0.086426 -0.196432 -0.635791 0.266295 0.441409 0.000000 -0.000001 -0.000000 -0.556996 0.024431 0.185873 1.509362 0.092852 0.092399 -0.366868 0.358921 0.077159 -0.000001 0.000001 -0.000003 
-0.842889 104.341209 -13.971824 360.043013 719.948493 -719.972481 -0.057764 0.001114 0.006866 0.055657 0.011523 -0.021085 -0.043511 -0.001079 -0.016139 0.017976 0.035429 -0.022947 0.000000 -0.000000 0.000000 0.000862 0.066991 -0.032553 0.041284 0.012018 0.088328 -0.007801 -0.016247 -0.012046 -0.000000 -0.000004 0.000002 0.004656 0.025468 -0.033624 0.010775 -0.010523 -0.008861 -0.066482 0.031553 0.125245 -0.000003 0.000004 0.000001 -0.072601 0.001713 -0.034644 -0.009704 -0.010265 0.023283 0.075248 -0.031901 -0.052141 -0.000001 -0.000001 -0.000000 0.066046 -0.003017 -0.022024 -0.178969 -0.010847 -0.011116 0.043471 -0.042588 -0.008996 -0.000002 0.000000 0.000002 
-0.984291 104.420868 -13.839435 359.905344 719.395084 -719.591684 -0.408788 0.025133 -0.073896 0.258843 0.207176 -0.277894 -0.049531 0.188705 0.007032 -0.200526 0.333934 -0.192119 0.000001 0.000000 0.000000 0.139498 0.511332 -0.489325 0.360623 -0.228568 0.842577 0.275056 -0.261801 0.696620 -0.000002 -0.000002 -0.000002 0.187350 0.144714 -0.190149 -0.445663 0.755935 -0.224767 1.005665 0.503445 0.701036 0.000000 0.000004 -0.000000 0.342274 0.074841 -0.428164 -0.378765 0.069031 0.181213 0.368679 -0.494002 -0.443125 -0.000000 -0.000001 0.000000 1.417943 -0.082127 -0.403308 -2.151872 -0.288501 0.036017 0.376900 -0.355551 -0.260584 -0.000002 0.000000 -0.000001 
-1.117831 104.473526 -13.714363 359.727103 719.328749 -719.231487 -0.314624 0.061353 -0.139005 0.335358 0.342014 -0.506446 -0.149016 0.302762 0.015406 -0.563987 0.445543 -0.307005 0.000001 0.000000 0.000000 -0.177122 1.191706 -0.936605 1.179238 0.726672 1.442784 0.759195 0.300812 0.942386 -0.000001 -0.000003 0.000000 -0.095061 0.018158 -0.185571 -0.400923 0.251350 -0.671593 1.370966 0.243992 1.591738 0.000001 0.000002 0.000001 0.624105 0.170022 -0.776278 -0.242396 -0.038774 0.320968 0.524637 -0.675496 -0.666462 -0.000001 -0.000003 0.000000 2.104140 -0.177259 -0.724463 -2.482701 -0.243275 0.155411 0.075756 -0.835041 -0.568880 -0.000001 0.000001 -0.000002 
-1.248879 104.515526 -13.593617 359.916982 719.094118 -719.033029 -0.753353 0.123969 -0.241150 0.736772 0.458184 -0.709586 -0.551193 0.547867 0.153851 -0.168289 0.524847 -0.380961 0.000001 0.000000 0.000000 -0.281827 1.239378 -1.169756 1.776308 1.209732 1.480715 0.961932 0.575108 1.873746 -0.000002 0.000002 -0.000001 -0.163718 -0.000705 -0.117457 -0.194951 0.053871 -0.813330 1.795639 0.253571 1.653478 -0.000003 0.000004 0.000000 0.940090 0.227992 -0.918011 -1.017883 0.034328 0.315174 0.978305 -0.730533 -0.842933 -0.000002 -0.000002 0.000000 2.691556 -0.256457 -0.839871 -3.266554 -0.261046 0.036744 0.288465 -0.742594 -0.445524 -0.000001 0.000000 -0.000001 
-1.372221 104.544060 -13.466533 359.851986 719.170999 -718.985874 -0.346276 0.090978 -0.222614 -0.366859 0.539351 -0.733222 0.287735 0.596404 0.155977 -0.045082 0.638877 -0.446231 -0.000002 0.000000 -0.000000 -0.317439 1.007618 -1.581299 2.100911 1.496784 1.398379 0.944867 0.881528 3.097542 -0.000002 -0.000003 -0.000000 -0.161976 0.370887 -0.034438 -0.276685 0.015262 -0.802049 2.282475 0.058175 0.893666 0.000001 0.000002 -0.000000 1.173364 0.211841 -0.866420 -1.037905 -0.125718 0.250099 0.857392 -0.775530 -0.930644 -0.000000 -0.000001 -0.000001 3.034274 -0.270993 -0.778090 -3.297925 -0.098092 0.113432 0.362682 -1.261075 -0.609366 0.000000 0.000001 -0.000000 
-1.488935 104.567612 -13.345041 359.829119 719.394483 -718.917408 -0.168456 0.070982 -0.192073 0.123826 0.554194 -0.797644 -0.267298 0.522427 0.166513 -0.152947 0.692549 -0.485586 0.000000 -0.000000 0.000000 -0.395361 1.129069 -1.566718 1.985139 1.564790 1.071150 1.172977 1.176810 3.563500 0.000001 -0.000001 -0.000000 -0.267439 0.276727 -0.064798 -0.260972 -0.177889 -0.758228 3.016149 -0.315360 0.588325 0.000003 0.000001 0.000002 1.104611 0.150680 -0.880705 -0.825885 -0.257777 0.327688 0.880267 -1.067394 -1.189920 -0.000001 -0.000003 -0.000000 3.285689 -0.266585 -0.784795 -3.445640 -0.040767 0.227825 0.379216 -1.751565 -0.838913 0.000000 0.000000 -0.000000 
-1.598676 104.588104 -13.227181 360.089185 719.358529 -718.951285 -0.479700 0.080893 -0.126903 0.169519 0.519018 -0.753018 -0.070514 0.369711 0.150865 -0.612423 0.906941 -0.672058 0.000000 0.000000 -0.000000 -0.442723 1.581993 -1.633152 1.974512 1.511982 1.142223 1.798456 1.134286 3.748086 0.000002 -0.000001 -0.000000 -0.249538 0.231643 0.086972 -0.684275 0.147451 -0.861351 3.694852 -0.307018 0.176086 0.000001 0.000000 0.000000 0.885405 0.149570 -0.805682 -1.202365 -0.181737 0.374167 0.969855 -1.089824 -1.239592 -0.000001 -0.000002 -0.000001 3.230261 -0.249048 -0.745317 -4.038092 -0.145394 0.262473 0.058384 -1.719468 -0.914133 -0.000001 0.000000 -0.000001 
-1.694030 104.606918 -13.120519 360.596067 719.515350 -718.882874 -1.230827 0.101536 -0.057564 0.631417 0.568313 -0.887735 -0.191336 0.439035 0.289023 -1.156273 0.951225 -0.710141 0.000001 -0.000000 -0.000000 -0.429830 1.382144 -1.511305 2.455560 1.808559 1.210116 1.668214 0.920596 3.308116 -0.000001 0.000001 -0.000000 -0.188523 0.610544 0.055366 -0.439917 -0.030464 -1.181310 3.080391 -0.173939 0.180567 -0.000004 0.000001 0.000002 0.123040 0.156152 -0.872968 -1.027315 -0.206547 0.441076 0.973551 -1.169687 -1.347479 0.000000 -0.000002 -0.000000 2.840530 -0.224877 -0.860178 -4.480122 -0.219868 0.363791 0.398937 -1.816880 -0.882311 -0.000002 -0.000000 -0.000000 
-1.782191 104.620422 -13.014988 360.651146 719.762220 -718.783645 -1.265653 0.096550 -0.080337 0.664542 0.542293 -0.857773 -0.108033 0.437056 0.224713 -1.193318 0.764610 -0.615875 0.000001 0.000000 -0.000000 -0.413623 1.510315 -1.552509 2.787526 1.952408 1.508507 1.811522 0.729771 2.870911 -0.000001 -0.000001 -0.000000 -0.197629 0.363556 0.140007 -0.323023 -0.037835 -1.426695 3.182889 -0.031933 0.397109 -0.000001 0.000002 0.000000 0.064213 0.173528 -0.918277 -1.075503 -0.112112 0.441863 0.782468 -1.428017 -1.433297 0.000001 -0.000002 -0.000001 2.420406 -0.187497 -0.894189 -4.259636 -0.280291 0.301813 0.200277 -1.904983 -1.055000 0.000000 0.000000 -0.000002 
-1.859558 104.630203 -12.914779 360.540141 719.635944 -718.792169 -1.037307 0.066349 -0.019093 1.496107 0.540354 -0.927319 -0.971930 0.469534 0.298468 -1.031330 0.840042 -0.719505 0.000000 0.000001 0.000000 -0.423081 2.324598 -1.442557 2.435855 1.603409 1.565602 2.239064 0.523254 2.477447 -0.000000 0.000001 -0.000000 -0.130825 0.445726 0.200019 -0.507810 0.265567 -1.570032 3.481989 0.116720 0.442090 0.000001 0.000001 0.000002 0.104295 0.205565 -0.916845 -1.070035 -0.081270 0.452235 0.765771 -1.504507 -1.445301 -0.000001 -0.000003 0.000000 2.493175 -0.201128 -0.932444 -4.280623 -0.378478 0.326587 0.341868 -1.766577 -1.069980 0.000002 0.000000 -0.000002 
-1.924473 104.629501 -12.817923 360.389823 719.699601 -718.773974 -0.768299 0.023537 0.109061 1.347566 0.585247 -0.970337 -0.870641 0.355516 0.354591 -1.277927 0.986093 -0.869695 0.000001 0.000001 0.000000 -0.416777 2.333030 -1.426778 2.656212 1.864280 1.421587 2.102519 0.590510 2.558142 -0.000002 -0.000004 0.000002 -0.089347 0.928397 0.178638 -0.408223 0.197426 -1.560220 3.767008 0.075011 0.460982 -0.000002 0.000003 0.000001 0.146656 0.242416 -0.969209 -1.004289 -0.028655 0.528409 0.860816 -1.602322 -1.439105 -0.000000 -0.000002 0.000000 2.816728 -0.280203 -0.940226 -4.127718 -0.549874 0.207461 0.192064 -1.452070 -1.073676 -0.000000 0.000000 -0.000001 
-1.978240 104.627586 -12.724824 360.041428 719.693700 -718.682722 -1.032635 0.045717 0.062954 2.751475 0.463809 -0.937989 -1.656403 0.515526 0.398079 -2.025674 0.967556 -0.744014 -0.000001 0.000000 0.000000 -0.412418 3.587661 -1.640394 2.210615 1.406850 1.539153 2.760789 0.585216 2.566400 -0.000002 -0.000003 0.000000 -0.054525 0.606165 0.353641 -0.634581 0.576841 -1.598489 4.374999 0.084776 0.362995 0.000000 0.000000 -0.000000 0.406875 0.270057 -1.089295 -1.116391 0.021002 0.538596 1.120405 -1.477950 -1.376897 -0.000000 -0.000002 -0.000001 2.999914 -0.328861 -1.079529 -3.869068 -0.593035 0.197070 0.358769 -1.541503 -1.200733 -0.000001 0.000001 -0.000001 
-2.024203 104.625664 -12.641004 360.049488 719.899753 -718.637479 -1.498370 0.036741 0.138775 3.859096 0.400315 -0.918722 -2.452135 0.318256 0.367171 -2.330060 1.082036 -0.717269 -0.000001 0.000000 -0.000000 -0.247106 3.893884 -1.550056 2.240498 1.120937 1.497517 2.935007 0.315114 2.555908 -0.000003 0.000000 0.000001 0.132154 0.709178 0.419175 -0.408459 0.743647 -1.492513 3.606374 0.205931 0.001414 -0.000001 0.000003 0.000001 0.203914 0.235110 -1.121696 -0.973376 -0.044842 0.581876 0.750397 -1.834627 -1.505757 -0.000001 -0.000004 0.000000 2.477582 -0.234999 -1.072088 -3.554063 -0.544292 0.166044 0.368001 -2.008502 -1.490753 -0.000001 0.000000 0.000001 
