HIERARCHY
ROOT Hips
{
	OFFSET 2.163856 112.167007 -7.466990
	CHANNELS 6 Xposition Yposition Zposition Xrotation Yrotation Zrotation
	JOINT Chest
	{
		OFFSET 0.933541 13.491737 1.804355
		CHANNELS 3 Xrotation Yrotation Zrotation
		JOINT Chest2
		{
			OFFSET 0.918407 21.273476 2.379630
			CHANNELS 3 Xrotation Yrotation Zrotation
			JOINT Chest3
			{
				OFFSET 1.561860 14.825897 -0.757025
				CHANNELS 3 Xrotation Yrotation Zrotation
				JOINT Neck
				{
					OFFSET 1.330452 17.211166 0.788551
					CHANNELS 3 Xrotation Yrotation Zrotation
					JOINT Head
					{
						OFFSET -0.546645 10.414459 1.033455
						CHANNELS 3 Xrotation Yrotation Zrotation
						End Site
						{
							OFFSET -0.514138 10.422348 0.968480
						}
					}
				}
				JOINT LeftCollar
				{
					OFFSET 4.371461 12.770813 4.427286
					CHANNELS 3 Xrotation Yrotation Zrotation
					JOINT LeftUpArm
					{
						OFFSET 16.515644 4.510269 -3.923027
						CHANNELS 3 Xrotation Yrotation Zrotation
						JOINT LeftLowArm
						{
							OFFSET 13.705309 26.852280 15.193646
							CHANNELS 3 Xrotation Yrotation Zrotation
							JOINT LeftHand
							{
								OFFSET 7.705673 28.326843 6.257719
								CHANNELS 3 Xrotation Yrotation Zrotation
								End Site
								{
									OFFSET 1.684135 6.190994 1.367668
								}
							}
						}
					}
				}
				JOINT RightCollar
				{
					OFFSET -3.757456 13.493668 2.368819
					CHANNELS 3 Xrotation Yrotation Zrotation
					JOINT RightUpArm
					{
						OFFSET -13.150561 -3.673981 -11.048122
						CHANNELS 3 Xrotation Yrotation Zrotation
						JOINT RightLowArm
						{
							OFFSET -17.787270 -27.597412 -7.856894
							CHANNELS 3 Xrotation Yrotation Zrotation
							JOINT RightHand
							{
								OFFSET -18.541496 -23.601646 -0.361221
								CHANNELS 3 Xrotation Yrotation Zrotation
								End Site
								{
									OFFSET -4.052414 -5.158386 -0.078955
								}
							}
						}
					}
				}
			}
		}
	}
	JOINT LeftUpLeg
	{
		OFFSET 9.022293 -1.185738 4.196594
		CHANNELS 3 Xrotation Yrotation Zrotation
		JOINT LeftLowLeg
		{
			OFFSET -10.035563 -45.584724 8.081520
			CHANNELS 3 Xrotation Yrotation Zrotation
			JOINT LeftFoot
			{
				OFFSET -8.394553 -42.630157 -10.619320
				CHANNELS 3 Xrotation Yrotation Zrotation
				JOINT LeftToe
				{
					OFFSET -1.233223 -19.326723 13.583694
					CHANNELS 3 Xrotation Yrotation Zrotation
					End Site
					{
						OFFSET 0.788306 -6.436330 22.748871
					}
				}
			}
		}
	}
	JOINT RightUpLeg
	{
		OFFSET -9.022310 1.185539 -4.196621
		CHANNELS 3 Xrotation Yrotation Zrotation
		JOINT RightLowLeg
		{
			OFFSET -9.232457 -46.350128 -3.230751
			CHANNELS 3 Xrotation Yrotation Zrotation
			JOINT RightFoot
			{
				OFFSET 17.856628 -34.197792 -22.632507
				CHANNELS 3 Xrotation Yrotation Zrotation
				JOINT RightToe
				{
					OFFSET 4.816572 -23.121822 1.318466
					CHANNELS 3 Xrotation Yrotation Zrotation
					End Site
					{
						OFFSET -6.154411 -19.286684 12.235325
					}
				}
			}
		}
	}
}
MOTION
Frames: 542
Frame Time: 0.033333
-0.161348 106.130424 -1.111722 -6.669170 24.757919 7.485790 -4.122246 -1.745140 -4.103808 5.097954 1.544271 1.665621 -6.790896 -9.524725 -2.196909 6.197409 11.998312 -3.941506 -0.000000 0.000002 -0.000000 12.414564 1.751834 -22.279377 3.520558 12.244584 -39.812466 13.889849 -5.155093 -10.631338 0.000001 0.000000 0.000001 10.171624 -5.496872 -12.858148 10.313894 6.270091 -45.013095 13.573981 -2.426214 6.289907 -0.000001 -0.000001 -0.000001 14.558768 -2.501120 15.322221 -14.865886 5.885646 -0.133645 -18.725151 -23.241771 -17.463102 0.000001 0.000000 -0.000000 7.205779 2.625597 1.160213 -21.019501 10.364179 -27.514194 -15.277088 8.520254 -18.499535 -0.000003 -0.000003 0.000002 
56.854610 99.945351 -1.113387 2.279580 2.946365 -6.606276 5.964225 -0.974344 -1.101025 -2.228074 -6.395276 11.777783 -6.226969 -24.223671 -15.428999 10.475351 4.085584 5.742155 -0.000001 -0.000007 -0.000001 23.473837 -30.604476 -11.737621 38.230427 -40.716151 -51.244406 60.406125 -5.895741 8.940359 0.000000 -0.000003 0.000001 7.937087 -7.414430 -19.366404 29.295071 22.078761 -69.329917 21.424427 22.401041 -122.251206 -0.000001 -0.000000 -0.000002 -11.533594 -1.078597 36.730398 44.390421 -28.752542 -29.215315 -1.162257 -14.273888 -9.668820 0.000001 0.000000 -0.000000 -24.268239 1.101718 13.316048 8.730042 5.335346 -9.051147 -19.069968 -0.425424 -29.284757 -0.000001 -0.000004 -0.000001 
56.847401 99.994858 -1.120430 2.867671 1.812798 -6.565119 5.961839 -0.958867 -1.327437 -3.262704 -6.738324 11.935214 -5.462564 -24.175624 -15.627787 10.031075 4.094644 5.852668 0.000000 0.000000 0.000000 23.778322 -30.902132 -10.564977 39.291302 -42.133658 -48.567064 57.412815 -5.464002 7.141363 0.000001 0.000001 -0.000000 8.150697 -7.369143 -19.818301 29.492480 23.304011 -70.224235 21.140564 23.391484 -120.563002 0.000000 -0.000000 -0.000001 -11.290117 -1.045885 36.909762 43.579578 -28.104804 -29.507572 -1.858031 -14.372028 -9.835611 -0.000003 0.000002 0.000001 -23.926909 0.722969 14.156886 8.404619 5.375299 -10.664184 -20.410716 0.405494 -28.654669 -0.000003 0.000003 -0.000001 
56.838974 100.080566 -1.126989 3.463256 0.652550 -6.169175 4.189809 -0.759887 -1.659658 -1.588717 -6.150546 11.725844 -6.693460 -24.890157 -15.387371 10.678500 4.697103 5.066917 -0.000001 -0.000002 -0.000001 23.557679 -30.451941 -10.251401 40.130066 -42.834876 -46.258798 55.563251 -5.167334 5.596456 0.000002 -0.000000 -0.000001 8.262623 -7.350482 -20.520052 29.627298 23.766186 -70.770759 20.772962 23.549968 -119.304444 -0.000001 -0.000000 -0.000001 -10.933679 -1.102189 36.639406 42.781187 -27.617496 -29.590405 -2.121079 -14.750615 -10.202313 0.000002 -0.000002 -0.000005 -23.026977 0.570118 14.693364 7.685442 5.507252 -12.367096 -20.714652 0.702749 -28.242520 -0.000005 -0.000002 0.000003 
56.841801 100.185158 -1.137235 3.966030 0.000719 -5.970533 2.820349 -0.643993 -1.698018 -0.186993 -5.782030 11.704648 -7.750929 -25.486810 -15.376612 11.380575 5.610942 4.079209 -0.000001 -0.000002 0.000000 23.606998 -30.630243 -9.446004 40.977283 -43.648973 -43.702730 52.589871 -4.740081 3.428577 0.000001 -0.000001 0.000002 8.421135 -7.007362 -20.936283 29.826483 23.970274 -71.832738 20.192664 24.797854 -117.225198 -0.000001 -0.000001 0.000001 -10.874494 -1.159757 36.293832 42.106750 -26.998843 -29.462482 -3.040042 -14.793179 -10.539649 0.000002 -0.000004 -0.000003 -22.660061 0.469977 14.929668 7.100061 5.533761 -13.437413 -21.291921 1.134042 -27.290215 -0.000002 -0.000003 0.000002 
56.831959 100.345413 -1.136141 4.668950 -0.944963 -5.458551 2.708818 -0.613349 -1.650814 -1.641995 -5.870297 11.158501 -6.669513 -25.706202 -15.437740 11.539862 6.000863 3.516059 0.000000 -0.000003 -0.000001 23.085368 -30.093270 -8.992014 40.890498 -43.760657 -42.163212 52.509439 -5.674723 1.569222 0.000001 0.000000 -0.000000 8.044636 -7.344380 -21.113600 29.491032 23.953076 -72.115494 19.770416 25.035244 -116.621054 -0.000001 -0.000001 -0.000001 -10.122469 -1.018628 35.762447 40.602640 -26.180793 -29.554495 -2.532972 -15.032758 -10.606245 0.000001 -0.000000 -0.000000 -21.796437 0.387905 15.080784 5.783026 5.818514 -14.935609 -21.488033 1.306477 -26.205131 -0.000003 -0.000006 -0.000000 
56.812973 100.571472 -1.123449 5.043534 -2.602484 -5.115208 2.357748 -0.481080 -1.707181 -1.720584 -5.885702 10.851174 -6.498148 -25.697216 -15.264389 11.663481 6.160128 2.573932 -0.000001 0.000000 0.000001 21.827977 -30.245836 -9.621973 38.582414 -43.826906 -44.349719 53.116725 -8.320350 -1.471197 0.000000 -0.000001 0.000004 6.958715 -7.157436 -20.914710 27.942189 24.196895 -72.457693 19.159249 27.435767 -116.710202 0.000001 0.000000 -0.000001 -9.196747 -0.788353 35.432122 39.368958 -24.947244 -29.078714 -2.429869 -15.396478 -10.892110 0.000006 -0.000001 -0.000001 -20.549823 0.121092 15.531066 4.035629 6.051573 -16.844582 -21.686730 1.765837 -23.908285 -0.000002 -0.000003 0.000001 
56.783260 100.816544 -1.103352 4.893787 -4.022679 -4.885517 2.367307 -0.462747 -1.791362 -3.897913 -6.430885 10.762995 -3.901921 -24.803951 -15.371180 10.670292 5.315950 3.113380 0.000001 -0.000003 -0.000000 21.548656 -30.527005 -9.830941 38.304462 -43.728299 -44.109365 53.243643 -9.168385 -2.544487 -0.000001 -0.000002 0.000002 6.991276 -6.683460 -21.311039 27.609202 23.526805 -72.069226 18.703505 27.705266 -116.096332 0.000000 0.000000 0.000001 -7.786854 -0.607514 35.182018 38.261777 -23.708900 -28.376386 -2.581534 -15.608697 -10.954497 0.000002 0.000001 0.000000 -19.522334 0.028111 15.876940 3.271847 6.018390 -18.362725 -22.001443 2.331704 -21.903385 -0.000007 -0.000003 0.000002 
56.758236 101.134636 -1.080047 5.170285 -5.649172 -4.528378 1.529354 -0.344570 -1.970456 -1.900757 -5.734159 10.385373 -5.442056 -25.109205 -14.906628 10.629063 5.628356 2.483111 -0.000001 -0.000003 -0.000001 21.085721 -30.103297 -10.083023 37.909790 -43.522751 -43.834026 53.064382 -9.441263 -3.732370 -0.000002 0.000001 0.000002 6.581774 -6.839827 -20.834006 27.760066 23.999196 -73.443979 18.719071 26.678015 -116.333927 0.000001 -0.000001 -0.000006 -6.743980 -0.296070 34.347573 37.433600 -22.287095 -26.049112 -2.519899 -15.660237 -10.927938 -0.000003 -0.000003 0.000000 -17.809006 -0.207048 16.117807 2.088275 6.091255 -20.248958 -22.994103 3.531324 -18.513916 -0.000001 -0.000003 0.000002 
56.721977 101.513916 -1.034503 5.318620 -6.764855 -4.476900 0.579257 -0.243177 -1.561564 -0.827192 -5.306379 9.948418 -5.924186 -25.549941 -14.635656 10.777565 5.625819 1.789361 0.000001 0.000004 -0.000002 20.286946 -30.068607 -10.533408 36.658056 -43.836420 -45.319869 54.831065 -11.257050 -5.665007 0.000001 0.000000 0.000002 6.404386 -6.084185 -21.125919 26.712865 24.438900 -73.272938 18.549233 28.999662 -115.799055 0.000000 0.000003 0.000003 -6.215128 -0.029373 33.734386 37.317596 -21.187392 -23.163128 -2.298181 -14.883185 -10.347859 0.000003 -0.000001 0.000001 -15.956983 -0.456615 16.381821 1.239767 6.358411 -22.000668 -23.782186 4.800903 -13.048598 -0.000001 -0.000003 0.000001 
56.700760 101.906296 -0.996419 5.665471 -7.146781 -4.462461 0.112897 -0.250182 -1.224053 -1.606936 -5.376622 9.617964 -5.035236 -25.788472 -14.429490 10.652315 5.536143 1.405662 -0.000000 0.000000 0.000001 19.896783 -30.065758 -10.390505 36.408091 -44.125139 -45.619592 56.862800 -12.648875 -6.406849 0.000001 -0.000002 -0.000001 6.018828 -6.232999 -20.894867 26.636642 24.738271 -73.885127 18.369056 29.095356 -115.919785 -0.000001 0.000000 -0.000001 -5.958759 -0.077734 33.181216 37.816223 -20.347005 -20.424719 -1.894401 -14.206173 -9.628538 0.000003 0.000001 -0.000002 -14.776600 -0.469091 16.523324 -0.338444 6.439087 -23.152663 -25.583717 6.171294 -8.204974 0.000002 -0.000001 -0.000002 
56.668350 102.338760 -0.941869 6.341624 -7.830143 -4.533727 -0.506470 -0.229296 -1.010473 -1.736427 -5.530919 9.612209 -4.865724 -26.359940 -14.417365 10.237772 5.176369 1.307677 0.000000 0.000004 -0.000001 19.335466 -29.628288 -10.464413 36.106559 -43.229445 -45.013890 58.156028 -13.515992 -6.715931 -0.000000 -0.000001 0.000006 6.200793 -5.510436 -20.703888 26.319174 24.935395 -73.256142 18.606130 28.271650 -116.643812 -0.000001 0.000000 0.000001 -6.151534 -0.064702 32.523284 39.545006 -19.795188 -16.267065 -1.288708 -15.034548 -10.154218 0.000002 -0.000000 -0.000001 -13.276830 -0.529215 16.756949 -2.407942 6.721134 -24.342099 -25.817511 6.853411 -2.474078 -0.000000 -0.000003 0.000001 
56.629707 102.791161 -0.874595 6.269107 -9.394853 -4.699314 -1.590218 -0.139935 -0.880090 -0.826814 -5.165891 9.188319 -4.790737 -26.182197 -13.687435 10.812125 5.348768 0.862709 -0.000002 0.000002 0.000000 18.886127 -29.235003 -10.477876 35.852940 -42.842478 -44.732586 58.505925 -13.915110 -6.845378 -0.000001 0.000003 0.000001 6.083460 -5.512023 -20.644776 26.218205 26.351947 -73.532519 18.534195 27.071137 -116.312371 0.000000 0.000000 0.000003 -6.090960 0.134196 31.752194 38.257819 -18.263694 -13.658465 -0.538794 -15.194070 -10.191528 0.000002 0.000001 -0.000002 -11.712709 -0.787148 17.158653 -5.221359 6.928139 -25.223675 -25.735079 7.180042 0.429160 -0.000000 0.000003 -0.000001 
56.595257 103.215294 -0.803678 5.502983 -10.071713 -4.807045 -1.756941 -0.123418 -0.860797 -1.221730 -5.249557 9.018280 -3.804202 -26.135685 -13.422918 10.984944 5.281703 0.426065 0.000001 -0.000001 -0.000002 18.653993 -28.995280 -10.895456 35.999830 -42.245150 -43.582276 59.188527 -13.799428 -6.722380 0.000001 -0.000001 0.000001 6.115681 -5.330819 -20.435643 26.632750 26.575761 -74.195778 18.539647 26.381679 -115.893858 -0.000001 -0.000001 -0.000001 -5.753217 0.274794 30.895364 37.574168 -17.172788 -11.570474 0.060445 -14.455807 -9.478474 -0.000001 -0.000000 0.000001 -10.505626 -0.907307 17.249001 -6.268497 6.879594 -25.714423 -25.650060 7.383029 1.180831 0.000002 -0.000001 -0.000000 
56.573959 103.649612 -0.741479 4.518416 -10.812219 -4.840391 -1.208659 -0.142863 -1.192837 -1.333718 -5.168163 8.899149 -3.538952 -26.022145 -12.888927 11.219533 5.501493 0.276670 -0.000002 0.000000 -0.000001 18.195658 -28.432356 -11.069706 35.917868 -41.872997 -42.811014 60.689550 -14.837828 -6.893143 0.000001 -0.000002 -0.000001 6.274946 -4.881073 -20.593364 26.334935 27.070994 -73.916737 18.095890 28.405502 -115.067159 0.000001 -0.000002 -0.000006 -4.174415 0.288649 30.004785 35.702154 -15.692911 -10.229653 -0.569321 -11.729547 -7.732117 0.000001 -0.000002 -0.000002 -8.791849 -0.840421 17.218828 -7.721373 6.882741 -26.029400 -25.762024 7.419760 2.768879 -0.000004 -0.000002 0.000003 
56.542423 104.061737 -0.665181 3.410672 -11.143646 -4.786953 -0.524226 -0.191937 -1.553353 -1.025884 -4.980481 8.875980 -3.843296 -26.037398 -12.525356 11.262368 5.576805 0.779448 -0.000000 0.000000 -0.000002 18.121487 -27.924378 -11.200154 36.593439 -40.781734 -40.570303 65.349276 -16.053280 -5.592650 0.000002 -0.000002 -0.000001 6.096535 -5.504510 -20.164522 26.739067 26.893334 -73.425579 18.528092 26.693095 -117.023899 0.000002 -0.000001 -0.000001 -3.515410 0.094974 29.117090 35.485404 -15.105086 -8.853730 -0.531766 -8.192158 -5.198603 0.000001 -0.000001 0.000001 -6.469475 -0.680652 16.944395 -8.686154 7.017248 -26.176953 -25.339327 7.205612 4.198712 -0.000003 -0.000003 0.000001 
56.506096 104.434563 -0.584018 3.296675 -11.682052 -4.730807 -1.223045 -0.141667 -1.723187 -0.055886 -4.684215 8.923992 -4.443961 -26.107876 -12.323528 11.417209 5.818633 0.949560 -0.000000 0.000002 0.000000 18.128978 -27.240126 -11.426544 36.933647 -39.725562 -39.459598 69.362579 -16.642852 -3.504478 0.000001 -0.000001 0.000002 6.063033 -6.058611 -19.573084 27.560932 26.881719 -73.719734 18.431505 23.044469 -117.498542 -0.000001 -0.000001 -0.000001 -3.870391 -0.094482 28.726888 35.318068 -14.648343 -8.195874 -0.715435 -5.074021 -2.947323 0.000001 0.000000 -0.000001 -5.638023 -0.578499 16.910655 -8.679021 6.986502 -26.326641 -25.799102 7.312157 5.003818 -0.000002 -0.000003 -0.000000 
56.444813 104.753693 -0.478684 3.331079 -12.041753 -4.785639 -1.094505 -0.127815 -1.789203 -1.920412 -5.334407 9.307005 -2.943841 -25.756305 -12.934316 11.639890 5.751138 1.579176 -0.000000 0.000000 0.000000 18.236098 -27.009341 -11.422867 36.860991 -38.876545 -38.764790 73.776193 -17.710122 -1.931097 0.000003 -0.000000 0.000004 5.618222 -6.981127 -18.611700 27.444993 27.558102 -72.680316 18.650190 21.606223 -118.387150 -0.000001 -0.000000 -0.000001 -4.509674 -0.213619 28.195309 34.358235 -14.157586 -7.233083 -0.925457 0.129165 0.694635 -0.000000 -0.000001 -0.000000 -4.629510 -0.562711 16.954080 -8.156494 7.230046 -26.375486 -27.517949 7.635001 5.386008 -0.000002 -0.000003 -0.000003 
56.382305 104.995224 -0.348253 3.505382 -13.064508 -4.693180 -2.222970 -0.010658 -1.745936 0.004409 -4.645536 9.132999 -4.606583 -26.737972 -13.074641 11.668931 5.550791 2.598830 0.000000 0.000002 -0.000000 17.764072 -26.262690 -12.016564 35.823577 -38.100841 -38.921153 78.376892 -19.960231 -1.738879 0.000003 -0.000001 -0.000001 5.374383 -6.407478 -17.566635 26.386141 27.875733 -71.664018 18.402628 20.587532 -119.646637 -0.000001 0.000001 0.000003 -6.847239 -0.475797 27.515823 35.428826 -14.716355 -5.859324 -1.415099 4.748418 3.857398 0.000006 0.000001 -0.000003 -4.014741 -0.625253 16.782731 -7.476924 7.506225 -26.180236 -29.929930 7.796927 4.389764 -0.000002 -0.000003 -0.000000 
56.305977 105.190964 -0.206561 2.817694 -13.919946 -4.601107 -2.262212 0.036662 -2.076413 1.004634 -4.239650 8.976883 -5.607140 -26.468774 -12.856313 11.920467 5.506934 3.189175 -0.000002 0.000000 -0.000000 17.930602 -25.785417 -12.328568 35.362618 -36.918767 -38.732992 81.956150 -20.262113 0.172444 -0.000002 0.000002 0.000001 5.377162 -6.585908 -17.090851 26.078434 27.891943 -70.656879 18.511182 17.751682 -120.787797 -0.000003 -0.000004 -0.000000 -7.184681 -0.379078 26.719565 35.116031 -14.574901 -4.647317 -3.362406 7.089422 5.372513 0.000001 -0.000001 0.000001 -3.025968 -0.747521 16.587398 -7.096847 7.511646 -26.304472 -31.434289 8.113814 3.126168 0.000001 -0.000004 0.000003 
56.248074 105.327515 -0.061991 2.509894 -14.560932 -4.465177 -2.824972 0.178568 -2.416595 1.947965 -4.049524 8.905713 -6.698287 -25.668220 -12.595075 12.392599 5.365415 3.394743 0.000000 0.000000 0.000000 18.023742 -25.394932 -12.305927 35.080746 -36.469706 -38.256279 86.390166 -20.312117 2.538021 0.000004 0.000001 -0.000002 5.403562 -6.782240 -16.788526 25.739180 27.876092 -69.868764 18.537222 14.208067 -120.703349 -0.000003 -0.000000 -0.000001 -8.070395 0.001471 25.523280 33.074959 -13.795135 -2.932226 -5.028692 7.349738 5.344383 0.000001 -0.000001 -0.000001 -2.053380 -1.002229 16.258364 -7.586382 7.433166 -25.857915 -31.206489 8.233643 1.394878 0.000001 0.000000 0.000001 
56.224735 105.447906 0.056160 3.132027 -15.019847 -4.421907 -3.627868 0.337640 -2.673672 2.595924 -3.850758 8.596261 -6.812845 -25.532907 -11.754254 12.090990 4.644374 3.567265 -0.000000 0.000002 0.000000 17.457731 -24.253751 -12.881172 35.042627 -35.505157 -37.760551 89.283618 -19.041705 5.730857 0.000003 -0.000001 0.000004 5.444108 -6.596782 -15.717790 25.560878 28.203108 -68.635314 18.525150 9.864731 -120.395020 -0.000005 -0.000002 0.000001 -9.381880 0.151296 25.005140 27.431534 -11.338092 -2.895280 -5.799829 6.489075 4.537459 -0.000000 0.000000 -0.000000 -1.370744 -1.102037 16.112894 -10.008057 7.026066 -25.603514 -29.745170 8.056210 1.162415 -0.000003 -0.000003 0.000003 
56.202774 105.537819 0.176516 4.148372 -15.095312 -4.178069 -4.450499 0.476546 -2.897938 1.012185 -4.649025 9.171091 -5.550547 -24.640893 -12.208940 11.837496 3.773832 4.158852 0.000001 0.000002 0.000000 17.895671 -24.031239 -12.727241 35.539448 -34.156417 -35.610079 89.901552 -16.584724 8.428331 0.000003 0.000000 0.000001 5.237573 -7.533690 -14.044695 26.442627 28.311899 -68.685298 18.252169 1.173935 -119.996588 0.000003 0.000001 -0.000001 -10.634596 0.346555 24.554752 21.345139 -8.953898 -3.098459 -5.893215 5.536142 3.700108 0.000001 -0.000000 -0.000002 -1.501348 -1.259730 15.941926 -10.747976 6.708607 -25.531662 -29.408858 8.264074 2.182228 -0.000003 -0.000001 -0.000000 
56.194141 105.568390 0.284024 5.487198 -15.041873 -3.774128 -5.198096 0.707914 -3.265516 0.622596 -5.050027 9.445452 -5.066403 -24.149146 -12.187252 11.106122 2.508739 4.755050 -0.000000 -0.000003 0.000001 17.353436 -23.372783 -12.508791 34.735156 -33.309870 -34.810442 92.096235 -16.338922 10.497174 0.000001 -0.000002 0.000001 4.952088 -6.966336 -12.830088 25.236530 28.322761 -66.491243 18.980305 6.550533 -119.941236 0.000001 -0.000003 0.000001 -12.238837 0.509025 24.142714 13.009408 -5.861223 -4.462389 -5.448732 5.709423 3.794993 0.000002 0.000000 -0.000001 0.557038 -1.450106 15.103341 -7.864639 6.429759 -25.151205 -28.214904 8.443914 4.166920 0.000001 -0.000006 -0.000001 
56.201813 105.538834 0.378637 6.547548 -14.331120 -3.599774 -5.012173 0.744235 -3.462780 -0.012655 -5.302536 9.575810 -4.713488 -24.086496 -11.879899 10.779143 1.909571 4.970855 -0.000002 0.000002 -0.000000 17.274131 -22.762661 -11.451465 34.330337 -30.834858 -31.251821 92.747952 -14.723934 13.656915 0.000002 0.000000 0.000001 5.030391 -6.508928 -11.276156 25.143053 28.632122 -64.486111 19.284457 7.511502 -119.616557 -0.000001 -0.000002 0.000001 -13.314361 0.305060 23.421395 5.619894 -2.944225 -5.470910 -5.214058 4.940120 3.367887 -0.000000 0.000001 -0.000001 1.188241 -1.285614 14.571568 -4.484649 5.805624 -23.158667 -27.033583 8.063064 1.389385 0.000003 -0.000003 -0.000003 
56.228867 105.476822 0.456692 7.565955 -13.547102 -3.443703 -5.197818 0.747168 -3.336140 -0.398659 -5.391993 9.519098 -4.516013 -23.666349 -11.840533 10.111196 0.638808 5.957515 0.000001 -0.000001 -0.000000 17.267522 -22.661236 -10.313407 33.495852 -29.451824 -28.754335 93.450751 -14.320283 15.315495 -0.000000 -0.000000 0.000002 4.716627 -6.421995 -10.218203 24.119240 29.253468 -62.811253 19.533101 11.999417 -118.875577 0.000001 0.000000 0.000001 -14.032800 0.375060 22.513212 0.581223 -0.935694 -5.913733 -4.932425 3.942217 2.634318 0.000001 -0.000000 -0.000000 1.058185 -1.349404 14.613825 -3.570169 5.470077 -22.418575 -27.188553 8.243416 0.417920 0.000001 -0.000002 -0.000001 
56.260857 105.355476 0.537265 7.528595 -12.686106 -3.346959 -5.719457 0.693208 -3.090838 -0.751996 -5.524742 9.516329 -4.036505 -22.561911 -11.820214 9.653088 -0.160023 6.685820 -0.000001 -0.000002 0.000000 17.505524 -22.386553 -10.050879 32.430783 -27.467051 -26.656488 93.397489 -13.249910 17.239736 -0.000000 -0.000002 -0.000001 4.505906 -6.755852 -9.199760 22.673503 29.337732 -60.140533 19.533183 12.219625 -118.589460 -0.000002 0.000000 0.000001 -13.935779 0.632677 21.316798 -4.691805 1.075686 -6.464290 -4.961918 4.990781 3.265867 0.000001 0.000001 -0.000001 1.287143 -1.571033 14.773011 -3.761914 5.452438 -22.611905 -27.797200 8.421316 -0.404506 -0.000004 0.000000 0.000002 
56.291553 105.164413 0.630569 6.350620 -12.430131 -3.422329 -5.749810 0.512725 -2.453281 0.093731 -4.777921 8.742541 -4.033429 -20.594339 -10.822369 8.125961 -0.969463 7.497965 -0.000000 0.000002 -0.000000 17.747019 -21.733315 -9.814724 33.447109 -27.617166 -25.241466 89.243600 -10.520563 20.453679 0.000000 -0.000000 0.000002 4.695844 -6.584804 -7.796432 22.827988 28.019270 -58.133243 18.815185 3.914777 -117.246344 0.000001 -0.000001 -0.000001 -13.677251 0.618451 19.737420 -7.611868 1.843914 -6.613239 -6.547684 8.964980 6.272482 0.000001 0.000000 -0.000000 2.231444 -1.468062 14.812893 -4.496856 5.811911 -22.861096 -29.720229 8.791584 -1.663724 0.000003 -0.000001 -0.000001 
56.319283 104.960693 0.730165 5.649439 -11.788467 -3.605399 -5.930410 0.416541 -1.821928 0.388167 -4.275526 8.094516 -3.382032 -19.270800 -10.074712 6.863161 -1.685757 7.918012 0.000000 0.000000 -0.000000 17.145310 -20.931767 -10.971476 34.127617 -28.893070 -28.840426 78.918717 -8.115662 23.482943 0.000001 0.000000 0.000001 4.636285 -6.304611 -7.648926 22.112041 27.843167 -55.958227 18.356340 1.958715 -116.090977 0.000002 0.000001 -0.000004 -13.255188 0.364656 18.581593 -8.087512 1.758084 -6.255881 -7.662862 10.946560 7.937876 0.000002 -0.000001 -0.000000 3.335482 -1.211568 15.059203 -6.327901 6.142789 -22.883420 -28.644843 8.260766 -2.582296 -0.000006 0.000001 -0.000002 
56.352592 104.739769 0.848660 5.130692 -10.213822 -3.881811 -6.615801 0.337499 -1.187098 2.556806 -3.425563 7.471459 -4.759573 -18.649744 -9.145610 6.490552 -2.187085 8.478403 -0.000001 -0.000005 0.000000 16.739622 -20.341751 -11.762066 35.005331 -31.299052 -28.199867 72.642361 -7.358127 25.138025 0.000001 -0.000000 0.000002 4.780945 -5.418497 -7.258898 20.586890 28.050069 -53.665691 17.973281 -1.284567 -114.027843 0.000005 0.000001 -0.000003 -13.842312 0.553660 16.959679 -6.902790 1.224953 -5.370648 -10.333905 13.420646 10.186272 0.000001 0.000000 0.000001 3.999177 -1.352540 15.450977 -5.205209 6.080616 -22.579548 -29.583831 8.311118 -4.250189 -0.000003 0.000000 -0.000003 
56.377083 104.530258 0.987234 4.376530 -7.794153 -4.095040 -5.379046 0.297696 -1.378335 0.288518 -3.799765 7.217873 -2.912290 -17.423828 -8.038190 6.282108 -2.896374 8.855216 0.000000 0.000000 -0.000000 16.054708 -19.562280 -10.725759 35.596255 -32.213771 -23.427684 83.127958 -5.145386 33.897713 0.000001 -0.000001 0.000001 4.630729 -4.498696 -6.395878 18.471155 31.296856 -51.668496 17.643152 -0.921308 -110.825065 -0.000001 0.000002 0.000001 -13.814929 0.648498 15.146686 -3.926329 -0.065531 -4.265092 -11.979507 12.748346 9.665717 0.000001 0.000001 0.000000 4.341289 -1.332202 15.485111 -3.479442 5.883174 -21.372611 -28.631146 7.918367 -5.881573 0.000003 -0.000004 0.000002 
56.370049 104.335342 1.153825 4.287734 -6.186581 -4.133818 -5.438084 0.382618 -1.646476 -0.549127 -3.856998 7.005410 -1.943913 -16.206266 -7.139862 5.832000 -3.819192 9.320767 -0.000001 -0.000001 -0.000001 15.687244 -19.127648 -9.596607 36.987325 -33.479241 -18.771021 88.433423 -1.001203 43.303382 0.000001 0.000000 -0.000000 4.607484 -3.265838 -5.133272 17.407166 34.927832 -51.059711 17.480005 -1.972429 -107.842123 0.000002 -0.000000 0.000001 -13.596670 0.666161 14.113418 -2.218555 -0.772093 -3.432971 -12.732237 13.491760 10.330900 0.000002 -0.000000 -0.000000 3.921525 -1.234101 15.274192 -1.417962 5.546758 -20.133202 -27.256669 7.720279 -6.203613 0.000005 -0.000002 -0.000002 
56.265839 104.193222 1.414098 3.138128 -4.933540 -4.675740 -4.542381 0.379568 -1.663952 -0.955993 -4.380586 7.555954 -1.758351 -15.938538 -7.252160 6.124590 -4.700497 9.469482 -0.000000 -0.000002 0.000000 14.563319 -17.975746 -10.133861 32.554693 -29.230805 -23.591897 75.341085 -4.873943 37.772777 0.000001 -0.000002 -0.000001 3.808776 -3.974692 -5.056737 13.640301 34.987289 -45.545727 16.924176 7.196164 -106.701372 -0.000001 -0.000003 -0.000002 -11.984162 0.714014 13.856464 -1.192254 -1.350910 -2.558813 -13.331098 13.463881 10.099967 -0.000000 -0.000000 -0.000002 5.322966 -1.183623 14.961958 1.829812 5.475098 -18.116660 -25.373878 7.299255 -5.385413 -0.000001 -0.000002 -0.000001 
56.135139 104.104576 1.734721 1.736387 -3.569805 -5.192017 -3.614506 0.327796 -1.454209 1.040832 -4.363691 8.141650 -3.583068 -15.233190 -6.873630 6.355957 -4.073293 8.447584 -0.000000 -0.000007 0.000000 13.881798 -17.252341 -10.057949 28.056834 -23.570435 -29.664092 69.379634 -5.561037 39.536646 0.000002 -0.000003 -0.000001 3.045653 -4.742199 -4.772583 10.303124 33.850616 -40.600492 16.008054 15.004553 -105.277401 0.000000 0.000001 0.000003 -9.037275 0.732190 13.526391 -1.953555 -1.366875 -1.950606 -13.475125 12.043997 8.560207 -0.000001 -0.000000 -0.000000 4.967059 -1.072875 13.320388 5.109270 5.382382 -15.156019 -24.134542 6.919429 -4.686576 -0.000002 -0.000001 -0.000004 
55.998260 104.042900 2.090519 0.539884 -2.854916 -5.512524 -2.882965 0.248647 -1.329264 2.228531 -4.383681 8.632283 -4.537706 -14.527167 -6.487575 6.728117 -3.416635 7.960599 -0.000001 -0.000005 -0.000000 13.541298 -16.528836 -9.783085 25.565477 -18.993081 -33.970608 66.151577 -5.136370 42.605279 -0.000001 -0.000003 0.000001 3.061271 -4.068272 -3.964982 9.065019 32.425230 -37.980483 15.578405 17.981158 -104.155331 -0.000001 0.000000 -0.000001 -7.134679 0.735332 13.168186 -1.722404 -1.701721 -1.536330 -14.062262 10.716586 7.272370 0.000002 0.000000 -0.000000 3.712361 -0.888686 11.689400 9.047497 5.523309 -12.445861 -23.479270 6.744727 -3.649708 -0.000002 0.000002 -0.000000 
55.779716 103.979683 2.572916 -0.434018 -0.898599 -5.524639 -2.662288 0.284274 -1.488002 2.418874 -4.691788 9.324904 -5.152907 -15.440464 -6.725680 7.513228 -2.823358 7.987061 -0.000001 -0.000001 -0.000001 12.932886 -15.574703 -8.916810 23.681468 -14.613938 -39.171323 67.887224 -3.602416 49.050771 -0.000000 0.000003 0.000001 2.939087 -3.593066 -3.318339 7.830188 31.242132 -36.039353 14.896808 17.583067 -101.965661 0.000001 -0.000003 -0.000000 -3.662543 0.649168 12.672753 -2.179571 -2.098820 -0.927329 -15.883813 9.533537 5.832133 -0.000001 -0.000001 -0.000001 -0.323036 -0.238160 8.480073 17.757575 6.503015 -6.902776 -19.947497 5.270235 -3.173404 -0.000003 0.000003 -0.000001 
55.641582 103.858147 3.038666 0.748408 3.017187 -4.900194 -0.351021 -0.110469 -0.753604 -0.365630 -4.107778 7.302341 -3.576631 -14.566859 -5.363974 4.019419 -3.861128 8.322960 -0.000001 -0.000002 -0.000001 12.113305 -12.560995 -10.588692 23.446124 -13.914349 -34.656670 62.430750 -0.471074 64.342021 0.000001 0.000001 0.000002 2.802898 -4.023293 -2.186220 8.909470 28.297171 -35.025668 15.566201 10.368289 -100.241318 0.000005 -0.000000 -0.000003 -1.647912 0.547409 11.368648 -0.970590 -3.158646 0.339351 -16.898347 3.297042 -0.208562 0.000001 0.000000 -0.000001 -7.219801 1.080149 5.009524 24.887394 7.823678 -3.418604 -16.513302 3.556543 -5.979563 -0.000008 -0.000001 -0.000004 
55.517086 103.725983 3.525349 0.713251 6.930323 -4.334587 1.517649 -0.300151 -0.255311 -2.108863 -3.797649 6.157657 -2.725974 -14.940892 -4.953437 2.462885 -4.833466 8.617871 -0.000000 -0.000002 0.000001 10.952035 -11.042373 -12.486976 22.267650 -13.752374 -33.099349 57.575845 0.367421 77.263127 0.000001 -0.000003 -0.000001 1.998584 -4.021975 -1.797583 8.328944 25.578761 -33.626258 14.718484 9.037503 -98.335914 0.000002 0.000001 -0.000003 0.370951 0.339902 10.594626 -2.614877 -2.514629 0.159061 -18.207905 4.042617 0.308899 0.000002 -0.000002 0.000000 -11.578990 2.244489 2.491348 26.386884 8.291897 -2.738617 -14.919613 1.623749 -11.277405 -0.000002 -0.000004 -0.000001 
55.447891 103.581390 4.021585 0.673414 11.377353 -3.867885 2.955961 -0.501701 0.603334 -1.712015 -3.498303 5.828529 -3.146435 -15.487319 -5.255113 0.592491 -6.030219 9.264176 -0.000001 -0.000002 -0.000000 9.958780 -10.977961 -14.978726 20.199620 -13.085497 -31.746811 51.974215 -1.798166 85.875040 -0.000003 -0.000000 0.000000 0.849054 -3.745122 -1.298588 7.561836 22.236413 -32.411372 12.582611 11.157901 -95.159705 -0.000001 -0.000003 -0.000006 3.696408 0.119375 10.898199 -4.008741 -1.868576 -0.202019 -19.188230 2.361155 -1.590951 0.000001 -0.000001 -0.000000 -15.174192 3.356752 0.642274 22.930065 7.982767 -6.445579 -14.257199 -0.199626 -16.388108 -0.000006 -0.000001 -0.000000 
55.406555 103.431641 4.553545 -0.181068 16.045820 -3.689250 5.306628 -0.783235 2.061753 -2.544477 -3.551238 5.565983 -3.033464 -16.285425 -5.613524 -0.989997 -7.160996 9.489803 -0.000001 0.000002 -0.000001 8.901811 -10.498676 -16.942672 18.311189 -12.653165 -31.728783 48.144958 -5.157863 89.030450 0.000001 -0.000000 0.000002 -0.036717 -3.311737 -0.945236 7.086273 18.658711 -31.599525 10.153680 13.401545 -91.118562 -0.000001 -0.000002 -0.000002 7.510215 0.171178 12.035338 -5.056865 -1.641009 -0.263489 -19.328402 0.512866 -3.576438 0.000001 0.000001 0.000002 -17.020189 3.881693 -0.314267 18.404496 7.778702 -9.957443 -14.159156 -0.533504 -16.157823 -0.000003 0.000001 0.000001 
55.387981 103.283615 5.100082 -0.609692 19.171723 -3.529752 6.149009 -0.840866 2.592705 -2.728588 -3.663906 5.681456 -2.854467 -16.601243 -5.785230 -2.216324 -8.141259 9.523860 -0.000001 0.000000 -0.000001 8.465090 -10.448530 -18.011960 17.079950 -11.520153 -31.938996 44.340044 -8.184904 90.061023 0.000001 -0.000001 0.000003 -0.502846 -3.368460 -0.715650 6.997948 16.465863 -31.181050 8.510710 14.664693 -87.730932 -0.000001 -0.000002 -0.000001 9.583258 0.193590 12.649026 -5.003472 -1.597792 0.078094 -19.159186 -0.408917 -4.520454 0.000002 0.000001 0.000002 -18.317500 4.231167 -0.621862 14.569333 7.593405 -12.650425 -14.712572 0.388607 -13.353511 -0.000009 -0.000001 -0.000002 
55.417419 103.103561 5.674157 -0.113035 22.524651 -3.145320 5.693721 -0.738777 2.455984 -3.153290 -3.879723 5.863407 -2.323606 -16.944309 -5.944609 -3.632101 -8.873156 9.254077 -0.000001 -0.000003 -0.000002 8.049933 -10.196624 -18.834086 16.057353 -9.911449 -31.908987 42.119167 -9.919762 85.022147 -0.000000 0.000000 -0.000002 -1.034181 -4.330650 -0.611116 7.746466 13.319054 -31.222079 7.576033 15.036566 -84.143771 0.000000 0.000001 -0.000006 11.468662 0.190751 13.439018 -3.768004 -2.099655 1.143372 -19.937109 -3.205616 -7.515932 0.000001 -0.000001 -0.000000 -19.702514 4.692550 -0.950693 8.889326 7.357323 -15.201998 -18.057038 2.734999 -8.748963 -0.000000 -0.000002 -0.000001 
55.535000 102.941147 6.227868 0.675521 26.116041 -2.732917 4.840709 -0.577806 2.218082 -3.472483 -3.791485 5.541291 -1.922630 -17.005936 -5.701031 -4.679709 -9.799647 9.271687 -0.000001 -0.000002 -0.000000 7.295683 -9.674353 -19.711369 14.128975 -7.683078 -32.985763 40.024140 -11.677918 82.455833 0.000002 -0.000003 0.000001 -1.793376 -5.124239 -0.931192 7.229690 10.704179 -30.904147 5.294789 17.552299 -79.394508 0.000001 -0.000000 -0.000001 12.361607 0.394120 14.489922 -1.640716 -2.464939 2.347377 -21.208975 -6.188965 -10.672232 0.000002 0.000000 -0.000001 -20.208530 4.660773 -0.750688 3.823358 6.972256 -16.721321 -18.935436 3.514656 -6.896711 -0.000003 -0.000002 -0.000001 
55.662018 102.768959 6.797925 0.714122 29.249240 -2.393517 4.668041 -0.566050 2.173074 -3.922030 -3.866358 5.478044 -1.761360 -17.143753 -5.818449 -5.158872 -10.435563 9.360166 -0.000000 0.000000 -0.000001 6.836657 -9.167985 -20.034560 12.757568 -5.812927 -33.860441 39.405885 -12.627406 79.370678 0.000001 -0.000001 0.000002 -2.222664 -5.537807 -1.247167 6.579146 9.406975 -30.594337 3.312509 18.799102 -75.465647 -0.000002 -0.000003 0.000001 12.166030 0.397523 14.859698 -0.114122 -2.688692 2.092260 -21.268145 -5.613455 -10.008621 -0.000000 -0.000001 -0.000000 -19.595963 4.221073 0.247378 0.635666 6.891143 -18.255829 -20.648651 4.484475 -4.725282 -0.000004 -0.000003 -0.000000 
55.824223 102.569855 7.406546 0.942691 33.469976 -1.749069 4.531999 -0.548786 2.121274 -3.993521 -4.214640 5.975017 -2.136763 -18.433489 -6.595336 -5.860303 -10.982459 9.349862 -0.000000 -0.000001 -0.000001 6.240101 -8.725717 -20.115196 11.300963 -2.961201 -35.246153 39.972234 -13.532013 75.568605 0.000001 -0.000000 -0.000001 -2.681718 -6.161314 -2.125445 6.599233 7.590760 -29.646498 0.575142 20.544381 -71.138906 0.000003 -0.000000 -0.000003 10.472614 0.276336 15.014142 3.751808 -3.810997 1.775569 -20.754870 -2.403196 -6.558459 0.000002 0.000001 0.000001 -18.924036 3.860869 1.280687 0.891562 7.305310 -20.339665 -24.697529 6.212444 -1.459727 0.000001 0.000000 0.000002 
56.023209 102.372330 8.070871 0.148367 37.710646 -1.147721 5.113501 -0.687980 3.070951 -4.186402 -3.929423 5.437522 -2.207498 -19.262918 -6.539504 -6.568563 -11.263037 9.433696 -0.000000 -0.000001 -0.000001 5.686859 -8.517092 -20.114695 10.607638 -2.167620 -37.080646 41.833577 -13.743761 70.765022 -0.000001 -0.000000 0.000001 -2.561478 -5.534145 -3.403664 5.834179 5.810141 -28.009387 -1.267171 20.533461 -66.745893 0.000001 -0.000002 -0.000002 7.594293 0.421616 16.120525 11.768540 -6.298187 3.515389 -17.557532 -2.537686 -5.974471 0.000002 -0.000001 0.000001 -16.510507 3.115112 2.513044 0.555240 7.739006 -21.245754 -27.937214 6.841034 -1.310091 -0.000004 -0.000001 -0.000004 
56.242840 102.212646 8.752970 -0.792994 40.312992 -0.978926 4.784934 -0.630730 3.298102 -4.126617 -3.611322 4.956722 -1.956397 -19.307572 -6.027035 -6.904879 -11.573435 9.583086 -0.000001 -0.000002 -0.000000 5.259283 -8.827109 -20.465228 9.668725 -1.682143 -38.468363 44.694275 -13.991135 66.441983 0.000000 -0.000004 -0.000000 -2.751759 -5.338063 -4.235692 4.947195 4.316283 -27.101859 -3.822760 21.399427 -62.259169 0.000000 0.000000 0.000001 4.801382 0.599068 17.181775 19.635645 -8.381584 5.958908 -13.689532 -5.068975 -7.344012 0.000001 -0.000005 0.000000 -14.375409 2.416159 3.588684 -0.101582 7.979178 -21.390882 -29.019507 6.867228 -2.064643 -0.000001 0.000003 -0.000001 
56.545303 102.072319 9.446255 -1.414658 43.735115 -1.154064 4.723863 -0.679437 4.194082 -4.039399 -3.314569 4.491522 -2.692115 -18.554848 -5.746351 -7.365222 -11.559440 9.994182 -0.000000 0.000000 0.000000 5.067100 -9.015142 -20.386911 9.201276 -2.412677 -39.937448 46.688192 -14.482993 61.623435 -0.000002 -0.000003 0.000003 -2.627554 -4.850470 -5.215540 3.951093 3.459921 -26.712192 -4.692244 19.257368 -57.861736 -0.000006 -0.000000 -0.000001 0.077103 0.912098 18.119826 27.898046 -10.091351 10.108303 -9.201203 -10.432084 -10.592747 -0.000000 -0.000000 0.000001 -12.361215 1.586800 4.366381 -1.141865 7.937645 -20.418125 -27.387713 5.903554 -4.508059 -0.000003 0.000000 0.000002 
56.969376 101.910835 10.108427 -1.999580 48.500039 -0.578163 4.736688 -0.666757 4.076264 -4.226509 -2.766248 3.534791 -2.712720 -18.775428 -4.685443 -9.725337 -11.527288 9.399063 -0.000001 0.000000 0.000000 5.036182 -9.468222 -20.045738 9.854611 -5.121038 -40.334623 47.920956 -15.508262 56.737634 0.000001 -0.000003 0.000005 -2.236739 -3.983449 -6.089414 3.280162 3.760032 -26.315293 -3.958356 14.183756 -54.529881 -0.000002 -0.000000 -0.000001 -4.958887 0.789097 17.975750 30.833130 -10.880235 10.042972 -11.181536 -7.361014 -8.827130 0.000001 -0.000001 -0.000000 -10.663993 1.223435 4.665860 -1.928467 8.167860 -20.291215 -26.808264 5.209228 -5.869391 -0.000002 0.000001 -0.000003 
57.428547 101.744385 10.749809 -2.456434 52.751819 0.393460 5.127460 -0.680589 4.123642 -4.598541 -2.452705 2.833246 -2.757757 -19.231975 -4.272914 -11.608135 -11.363126 8.562097 0.000001 0.000002 0.000002 4.830329 -9.908671 -19.850832 10.222571 -7.698538 -40.439539 49.349817 -16.585195 52.991118 -0.000000 0.000000 0.000004 -2.164755 -3.364972 -6.959277 2.660517 3.603849 -26.101124 -3.706847 10.398791 -51.728858 0.000003 0.000000 -0.000001 -8.045322 0.715168 18.487688 29.977967 -11.052575 7.493704 -13.424096 -3.289712 -6.093043 -0.000003 0.000006 -0.000000 -9.670840 1.101393 4.074712 -2.168520 8.117880 -20.278606 -26.607893 4.965907 -6.158526 -0.000001 -0.000001 -0.000000 
58.000340 101.568222 11.390932 -3.286201 58.165625 1.599678 4.954769 -0.708265 4.095867 -4.743646 -1.821493 1.800693 -2.784503 -20.050135 -3.695123 -12.241102 -10.839168 7.843358 0.000001 -0.000002 0.000001 4.976707 -10.127380 -19.935526 11.700926 -11.234783 -40.094454 49.759069 -17.296588 50.124634 -0.000001 -0.000005 0.000005 -2.055825 -3.473907 -7.454241 3.009143 3.622024 -25.941818 -2.449262 6.216404 -49.084004 -0.000001 -0.000003 -0.000002 -9.684444 0.567127 19.980740 24.168454 -9.875220 4.216923 -15.445966 0.909258 -2.683989 0.000002 0.000005 -0.000001 -8.295807 1.039789 3.460685 -2.262286 7.919453 -20.364030 -25.712052 4.526822 -7.968134 -0.000002 0.000001 -0.000002 
58.722969 101.393005 11.992983 -3.595002 64.074483 2.717837 4.025402 -0.670884 3.822540 -4.776906 -1.732641 1.684386 -3.172489 -20.557601 -4.121449 -12.648108 -9.520264 6.622338 -0.000002 0.000002 -0.000001 5.142698 -10.744821 -20.014942 13.241291 -14.622084 -40.285583 49.317948 -17.795814 48.149323 -0.000000 -0.000002 -0.000001 -1.984045 -3.727065 -8.180434 3.605423 2.720765 -25.985222 -1.315473 2.657660 -46.378812 -0.000001 -0.000002 -0.000001 -10.709244 0.311047 20.707392 16.643600 -8.011621 1.520459 -13.334399 4.017599 0.520155 0.000002 0.000000 -0.000003 -6.397739 0.897298 3.355590 -3.206527 8.242314 -21.477313 -24.562509 3.964052 -8.818698 -0.000006 -0.000001 -0.000000 
59.487869 101.236771 12.564020 -4.293658 68.866250 3.846920 3.403583 -0.599141 3.550744 -4.867498 -1.957518 2.044804 -3.458149 -20.920448 -4.927036 -12.464761 -8.390552 5.773699 -0.000003 0.000000 -0.000000 5.186489 -11.464131 -19.556372 14.228350 -16.572361 -40.893067 49.974759 -18.312116 47.062496 0.000000 -0.000002 0.000000 -2.096143 -4.243825 -8.667437 3.684942 2.505795 -25.796359 -0.530512 -0.281147 -44.606251 0.000004 0.000000 0.000001 -10.945412 0.040324 20.527425 10.581880 -6.358937 -0.180665 -10.732155 6.731068 3.222764 0.000001 -0.000001 0.000001 -5.155405 0.940348 3.318377 -3.437394 8.780420 -21.852830 -23.308671 3.091874 -9.766134 -0.000001 -0.000006 0.000005 
60.368660 101.088585 13.124849 -5.919503 73.620362 5.208764 2.867815 -0.575103 3.457435 -5.166638 -2.139876 2.300143 -3.332253 -20.722053 -5.424853 -11.693458 -7.794494 5.388222 -0.000000 0.000000 -0.000001 5.211872 -11.961137 -18.808603 14.956851 -18.657727 -41.735225 53.655562 -18.578710 46.400234 0.000000 0.000002 -0.000000 -2.435732 -5.063025 -8.982278 3.439977 2.619884 -25.968272 -0.401714 -2.729344 -41.809261 -0.000001 -0.000001 0.000003 -10.049165 -0.192330 20.858607 4.813330 -4.558039 -1.819672 -7.121716 11.848666 7.763020 0.000002 -0.000000 0.000002 -4.320560 1.099280 2.920549 -2.184779 8.920118 -21.118381 -21.954902 2.340301 -10.450305 -0.000003 0.000001 0.000003 
61.399700 100.997215 13.670944 -9.472310 77.699699 8.511828 1.924311 -0.567910 3.388994 -4.488516 -2.155906 2.586600 -3.662178 -20.001488 -5.971783 -10.094617 -7.383456 5.806529 -0.000000 -0.000005 -0.000002 5.411101 -11.380443 -18.281534 15.075780 -18.280047 -42.605726 58.126447 -18.067969 47.210401 0.000000 -0.000003 0.000003 -2.484075 -5.697939 -8.702662 3.643910 3.414766 -26.502746 0.553402 -5.570279 -39.437400 -0.000001 -0.000000 0.000001 -7.683840 -0.132716 19.553536 0.463321 -3.373542 -2.637568 -6.097289 15.371650 10.775721 -0.000001 0.000001 -0.000001 -4.115088 1.363030 1.916998 0.785649 8.979298 -19.732037 -19.665025 1.817072 -8.947474 -0.000001 -0.000001 -0.000002 
62.377087 100.923889 14.268568 -13.985996 80.744447 12.794130 1.168376 -0.618795 3.611230 -4.021248 -2.033474 2.503782 -3.912770 -19.374475 -6.022297 -8.644141 -7.119935 5.999195 -0.000001 -0.000003 -0.000001 5.508213 -11.176434 -17.891868 14.715812 -17.350542 -43.568349 63.150993 -16.949927 48.132189 0.000001 -0.000001 0.000000 -2.627830 -6.122247 -8.736943 3.635944 3.600901 -27.265244 1.534235 -6.761118 -37.415592 0.000005 -0.000001 -0.000001 -5.526186 0.214541 19.259154 -2.443641 -2.095872 -1.227224 -3.657460 12.306082 8.254577 0.000001 0.000001 0.000000 -4.196093 1.421014 -0.002879 3.842270 8.495580 -19.565302 -18.503807 2.367513 -5.730072 -0.000003 -0.000001 -0.000000 
63.544189 100.910370 14.811592 -26.307017 84.005152 25.162658 0.595545 -0.646992 3.236040 -3.487121 -2.633329 3.532696 -4.230963 -18.280291 -6.815721 -6.999226 -7.173408 6.326499 0.000001 0.000002 -0.000001 6.269647 -10.310926 -17.270997 15.729746 -15.916917 -42.710898 64.247847 -14.624702 51.488958 -0.000000 0.000001 -0.000000 -2.144044 -6.594071 -7.930401 4.904845 5.816018 -28.474304 4.324997 -9.492308 -34.930250 -0.000005 -0.000000 0.000001 -1.085595 0.404983 18.701951 -8.193620 -0.053121 -3.205054 -5.540135 13.857615 9.450776 0.000001 -0.000001 0.000000 -7.255757 2.606338 -2.441560 10.797581 8.433656 -16.570549 -13.826346 1.944658 -3.203658 -0.000001 -0.000002 -0.000001 
64.766991 100.884789 15.366930 -103.383389 87.350886 102.689654 -0.324978 -0.617694 3.623418 -3.970686 -2.721297 3.707930 -3.874964 -19.368289 -8.176092 -6.412592 -7.154934 7.240775 0.000000 -0.000003 0.000001 5.909680 -10.257765 -16.782903 14.659693 -14.551141 -43.663104 64.479335 -14.308228 53.863982 0.000002 -0.000002 0.000002 -2.933872 -8.073484 -8.140119 4.537666 5.986950 -30.075030 4.270383 -10.555370 -32.659055 -0.000001 -0.000001 0.000001 1.711876 0.594730 18.012628 -11.710963 1.527406 -3.926964 -6.906067 9.420133 5.832928 0.000001 -0.000000 0.000002 -10.197634 3.453470 -4.517647 16.857385 8.780609 -13.828225 -12.816036 1.092258 -4.447439 -0.000004 0.000001 -0.000002 
65.971390 100.855087 15.906507 -154.745080 83.500429 154.716284 -0.457701 -0.608828 3.692011 -4.526387 -3.445947 4.752790 -3.896857 -19.771941 -10.086126 -6.190562 -7.427166 7.736060 0.000001 -0.000002 0.000001 5.829616 -10.144690 -16.507917 14.493052 -14.095328 -43.717790 63.360195 -13.678227 56.180990 0.000001 0.000000 -0.000000 -3.284594 -9.135848 -8.537445 4.595642 6.515468 -31.000354 5.631001 -12.155502 -31.090516 0.000002 -0.000002 0.000001 3.400214 0.643478 17.113416 -12.634968 2.273783 -3.991532 -8.653949 4.745766 2.013505 0.000002 -0.000000 -0.000000 -11.908419 3.979796 -5.764417 20.077479 8.725977 -11.916290 -12.491664 0.686041 -6.030518 -0.000006 0.000003 -0.000005 
67.281990 100.837257 16.415852 -162.286524 78.753618 162.970909 -0.550110 -0.648348 4.058012 -4.461268 -3.144082 4.431171 -3.933760 -20.920122 -10.680865 -5.346833 -6.737048 7.615681 -0.000001 0.000000 -0.000001 6.200220 -9.505153 -17.597200 14.161938 -12.196367 -43.326045 56.133800 -14.725567 57.309822 -0.000001 0.000001 -0.000002 -3.250432 -10.170322 -8.594746 4.445190 8.253835 -31.719443 6.706794 -13.591932 -31.568318 -0.000003 0.000002 0.000000 5.004964 0.754188 16.160045 -12.298717 1.852411 -3.211241 -10.284380 -0.767274 -2.844193 0.000001 0.000001 -0.000001 -13.701785 4.223527 -5.753817 16.945638 8.308159 -10.594671 -12.169738 -0.304004 -8.976164 -0.000003 -0.000003 0.000001 
68.660271 100.858734 16.899538 -169.955747 72.550515 169.581644 -1.121612 -0.856399 5.477220 -5.360936 -3.082233 4.190945 -3.109986 -22.993564 -11.133564 -4.478358 -6.366651 7.171001 -0.000000 -0.000005 0.000001 5.734185 -8.815862 -18.714711 14.409872 -10.636873 -42.907904 44.040892 -17.353303 53.255111 0.000001 -0.000003 0.000002 -4.147403 -11.798764 -8.090678 4.967543 8.739013 -32.884868 6.398710 -13.462346 -31.654720 -0.000006 0.000001 -0.000001 5.898481 0.254248 14.990496 -11.914310 2.562612 -2.818962 -12.524933 -3.906233 -5.815490 0.000002 -0.000002 -0.000001 -15.012903 4.508919 -4.864186 10.221428 7.311750 -12.664789 -15.241693 0.158648 -11.155690 -0.000003 -0.000003 0.000001 
70.039612 100.885910 17.350096 -173.830063 67.094827 172.713423 -2.197765 -1.060547 6.602717 -5.951593 -2.688742 3.581818 -2.307450 -24.740508 -11.082795 -4.218416 -6.016837 6.967094 -0.000001 -0.000003 -0.000001 6.029874 -8.406415 -20.024146 15.547233 -10.297453 -42.062357 35.338340 -17.997019 52.115467 0.000001 -0.000001 -0.000001 -4.545265 -13.540070 -7.648848 6.569232 9.706860 -34.871729 7.675650 -14.014114 -30.286756 -0.000002 0.000000 0.000003 5.762619 -0.065216 14.768874 -10.731811 2.496680 -2.981667 -13.684187 -2.505143 -4.593598 0.000001 0.000002 -0.000001 -16.015595 4.677670 -3.840533 5.041053 6.872632 -14.735074 -18.501261 1.287913 -11.605347 -0.000005 -0.000001 -0.000000 
71.505898 100.905159 17.776125 -175.136951 61.796546 174.187050 -2.811365 -0.949166 5.874133 -5.241152 -2.993996 3.772427 -2.768376 -24.886115 -11.480325 -2.773599 -5.018761 5.853602 0.000000 0.000000 -0.000000 5.957390 -6.086997 -21.802698 17.824859 -11.120952 -44.039936 30.841695 -16.394370 56.984272 0.000001 0.000000 0.000003 -4.641537 -15.880528 -9.470454 6.657706 12.460249 -34.195991 11.777137 -14.679516 -28.791535 -0.000001 -0.000002 -0.000002 6.093715 0.350680 14.064155 -8.860479 1.803354 -2.494694 -15.187481 -3.289004 -6.254618 -0.000000 -0.000001 -0.000001 -16.403604 4.591402 -3.317409 -1.180220 6.791403 -16.947241 -22.249283 3.333020 -8.617061 -0.000004 0.000001 -0.000002 
73.010551 100.909462 18.209478 -175.834764 57.202616 174.431065 -2.799609 -1.003628 5.723796 -4.486560 -3.551804 4.787706 -3.587351 -23.835769 -12.624932 -3.610873 -3.515106 4.094349 -0.000001 -0.000002 0.000001 7.020173 -3.673969 -20.289237 22.275238 -12.520164 -45.021192 20.324811 -14.934405 60.492909 0.000001 0.000001 -0.000004 -2.565377 -17.263371 -12.838797 8.946610 14.674677 -31.861507 18.863143 -14.674294 -25.568738 0.000003 -0.000002 -0.000006 6.386584 0.478436 14.440302 -6.996299 0.933976 -2.034249 -15.585660 -4.967472 -7.890077 0.000001 -0.000002 -0.000002 -16.260618 4.400624 -1.502178 -5.612555 6.959544 -19.056822 -25.624051 5.513593 -4.921931 -0.000001 -0.000003 0.000001 
74.653450 100.866920 18.532595 -176.590579 53.178968 174.823118 -2.855275 -1.079425 6.073833 -3.283295 -3.250004 4.591718 -4.486655 -24.232143 -12.633646 -4.691223 0.533661 -0.163817 -0.000000 0.000000 0.000000 6.536861 -4.660802 -15.592217 22.639999 -12.786183 -42.287159 13.682572 -15.245667 63.651790 -0.000000 -0.000002 0.000002 -1.769169 -17.230718 -17.641414 10.631469 12.697487 -33.125950 17.926040 -10.255283 -26.819556 0.000001 -0.000000 -0.000001 6.496554 0.615194 14.582823 -4.921118 0.447469 -2.044529 -15.724502 -5.822864 -8.684052 0.000001 -0.000002 0.000001 -15.682246 3.883948 -0.360530 -7.724817 6.962595 -20.758704 -28.418643 6.778377 -1.493328 -0.000005 -0.000002 -0.000001 
76.140388 100.808105 18.942879 -175.420063 48.720095 174.900996 -2.005636 -1.252545 5.772379 -3.647088 -2.512305 3.765301 -3.621671 -24.666009 -12.386201 -5.323136 -0.459135 1.319486 0.000000 -0.000002 -0.000001 9.077069 -4.860865 -20.801491 26.974751 -14.881372 -53.220735 17.982756 -8.322515 43.553371 0.000001 -0.000001 0.000001 0.002425 -17.234840 -17.384061 13.471833 15.740123 -33.412486 22.586133 -10.763072 -21.375255 -0.000001 0.000000 0.000001 4.602355 0.326219 14.696165 2.314193 -1.431163 -3.846731 -15.156577 -4.562072 -6.898166 0.000001 0.000000 -0.000002 -14.794028 3.527517 1.078556 -7.666056 6.997066 -23.698820 -31.710027 8.158284 2.128993 -0.000001 -0.000003 -0.000003 
77.576714 100.819801 19.369337 -175.122690 44.180915 176.475067 -1.515902 -1.087863 4.440798 -3.621928 -1.491083 2.335140 -3.955555 -25.353520 -11.856198 -3.666547 2.084546 0.245624 -0.000002 0.000002 -0.000000 10.172110 -7.152637 -21.464151 30.133534 -24.713926 -51.323851 26.283212 -9.395558 64.095889 0.000001 -0.000002 -0.000001 -0.171296 -16.870866 -13.148036 9.680850 18.960288 -26.491112 23.855272 -14.656638 -37.859585 0.000001 -0.000000 -0.000006 1.085491 0.026684 13.311349 10.926971 -5.006614 -4.417757 -12.963291 -4.719961 -6.699699 -0.000000 0.000004 0.000000 -13.634991 3.672058 0.751381 -7.200827 8.325155 -25.471997 -32.611353 8.072321 3.991754 -0.000003 0.000001 0.000008 
78.903313 100.860352 19.814980 -174.167174 41.518855 177.052710 -0.894095 -0.866581 3.196760 -4.044095 -1.257384 1.874993 -3.836418 -24.727742 -11.641524 -1.369350 2.450112 0.438654 0.000000 -0.000002 -0.000000 10.650078 -10.242998 -19.889122 33.089664 -33.982643 -46.934492 39.712441 -5.747101 73.643974 -0.000001 -0.000001 0.000007 0.066757 -15.302458 -11.917160 7.762620 21.165313 -25.717153 25.140531 -19.159270 -45.506282 0.000001 0.000002 0.000003 -1.636464 0.070020 12.800858 17.530205 -7.535004 -4.276718 -11.226609 -5.014644 -6.598322 -0.000001 -0.000001 0.000000 -12.196621 3.450110 0.502064 -7.056686 8.861156 -26.347521 -32.676417 7.760098 4.548290 -0.000002 -0.000003 0.000001 
80.354912 100.941055 20.188528 -174.882431 38.476546 177.589126 -2.316512 -0.591869 2.999009 -2.575585 -1.216901 1.800452 -4.329942 -21.515554 -10.559029 -0.176656 1.909090 0.696011 -0.000001 0.000002 0.000000 6.919347 -5.201978 -17.710336 26.873299 -23.459101 -41.648615 27.479471 -10.810991 58.793879 0.000001 -0.000002 0.000001 -2.042794 -15.307950 -12.785448 6.902634 19.288538 -30.257202 18.800241 -15.083592 -52.255701 0.000001 -0.000000 0.000006 -5.135923 0.146226 13.350943 19.753399 -8.866227 -4.414275 -9.984011 -3.302123 -5.192802 0.000001 -0.000002 -0.000001 -10.328330 2.866753 0.670273 -6.363906 9.551829 -26.482658 -31.798468 6.988409 1.890270 -0.000001 -0.000003 0.000001 
81.880219 101.024986 20.507910 -174.621053 36.025092 177.802665 -2.544005 -0.274971 2.386387 -0.937416 -1.251568 2.004963 -5.140689 -19.298329 -10.304940 1.024428 2.881767 -0.388145 0.000000 -0.000003 -0.000001 5.072867 -3.184138 -20.885853 20.940855 -16.132968 -40.464776 19.074184 -13.713642 47.146795 0.000003 0.000003 -0.000004 -3.464969 -14.264011 -12.431483 5.314047 17.532310 -33.170377 11.797847 -8.322515 -52.691710 -0.000001 0.000003 0.000003 -7.327314 0.370316 14.348476 13.872209 -7.057181 -5.137878 -9.130089 -3.206260 -5.238592 0.000001 0.000001 0.000000 -7.522971 2.079784 0.496109 -6.594136 9.919006 -26.093508 -29.859989 6.008205 -2.229708 -0.000001 0.000001 0.000003 
83.268028 101.107422 20.828920 -174.508232 34.230162 178.270137 -2.579095 -0.012975 1.906206 -0.070566 -0.987650 1.507015 -5.456345 -17.850587 -9.629453 1.518670 3.644790 -1.563894 -0.000001 -0.000001 -0.000001 3.798167 -1.924212 -22.548722 16.357096 -11.720024 -39.602622 13.488862 -14.951912 36.838987 -0.000000 0.000002 -0.000002 -4.409791 -13.692274 -12.866213 3.739872 15.404583 -33.927735 5.841030 -1.697035 -50.274635 0.000001 -0.000001 -0.000003 -7.921835 0.766948 14.455274 8.072670 -5.323209 -5.912311 -6.637637 -3.955538 -5.503261 0.000002 0.000000 -0.000001 -5.607482 1.489540 0.020471 -7.043485 10.177572 -25.675176 -27.910866 5.315203 -4.505116 -0.000006 0.000000 -0.000000 
84.557877 101.190964 21.138496 -174.457894 31.348482 178.660673 -2.650409 0.128879 1.547077 0.232726 -0.991446 1.585289 -4.980105 -15.685038 -9.373938 1.234480 3.580235 -1.536241 -0.000000 0.000000 -0.000000 3.297309 -0.806552 -23.432706 13.500731 -9.669838 -38.454969 10.397380 -14.960322 27.355953 0.000001 -0.000001 0.000006 -5.090435 -14.214114 -13.500764 3.658737 12.181356 -33.925024 5.272629 -5.842848 -40.120726 0.000002 0.000001 -0.000004 -8.765074 0.885774 14.228774 3.271237 -4.121998 -6.391277 -2.032136 -2.359620 -3.355246 -0.000000 0.000001 0.000000 -3.600843 1.003381 0.016739 -7.557408 10.365747 -25.413689 -25.982036 4.532342 -6.827509 -0.000002 -0.000003 0.000001 
85.803322 101.330727 21.394869 -175.384587 28.944890 179.107190 -2.993609 0.167864 1.479017 0.638225 -0.904591 1.594140 -4.180772 -13.622975 -8.599773 0.233568 3.564850 -1.812683 -0.000000 -0.000002 0.000000 2.838143 0.185371 -23.692372 11.437097 -7.051821 -38.208222 9.438676 -15.133218 20.595365 0.000003 0.000000 -0.000002 -5.254312 -13.951341 -13.332107 3.523187 10.222470 -33.472510 5.854379 -9.997436 -32.330991 -0.000001 0.000000 0.000001 -9.810440 0.779234 14.187105 -0.043001 -2.922865 -6.373626 1.148124 0.606245 -0.754723 0.000001 0.000001 0.000001 -2.296932 0.781070 0.002767 -6.355007 10.273751 -24.854751 -24.271103 3.417512 -9.702897 -0.000000 -0.000003 0.000001 
86.956047 101.504051 21.615913 -176.102221 27.383454 179.215735 -3.251716 0.151526 1.705106 0.655910 -0.698985 1.303027 -3.491837 -12.197921 -7.898032 -0.662656 3.299013 -1.881050 0.000000 0.000002 -0.000000 2.743021 0.704510 -23.507534 10.308763 -4.662626 -38.538236 9.386335 -14.873034 16.654638 0.000001 0.000002 -0.000002 -5.049348 -13.558708 -13.038119 3.448085 9.436396 -32.835957 6.873947 -12.517163 -27.130992 0.000002 -0.000000 -0.000006 -9.086528 0.808654 13.856773 -1.535472 -2.337429 -6.278260 2.202062 2.564819 0.731567 0.000001 -0.000000 0.000001 -2.008300 0.721564 -0.276805 -4.048581 9.919594 -24.044930 -21.655441 2.523483 -10.243221 -0.000000 0.000001 -0.000003 
88.115051 101.720901 21.734936 -176.420535 23.300948 179.267850 -3.600100 0.108432 1.970924 0.324112 -0.807288 1.417789 -2.332807 -12.328873 -7.722530 -1.404936 2.601971 -1.811143 0.000000 0.000002 0.000000 2.657390 0.783068 -23.577181 9.821576 -2.757408 -39.264405 9.327633 -14.491565 14.395911 0.000002 -0.000003 0.000005 -4.794963 -12.959062 -12.989960 3.271188 8.942843 -32.572469 7.751733 -14.420978 -23.277884 0.000001 -0.000000 -0.000001 -5.581420 0.588078 12.588420 -3.023323 -1.448894 -5.914604 -2.055560 3.136208 0.671728 -0.000001 0.000001 0.000000 -3.909277 1.377464 -1.532719 3.040111 9.302608 -21.441330 -17.832943 1.244211 -9.857560 0.000001 0.000001 0.000001 
89.209625 101.910988 21.784883 -176.766539 18.246705 179.594784 -3.846129 0.102576 1.927184 -0.308837 -0.984039 1.371795 -0.802842 -12.155219 -7.392702 -1.812836 2.058928 -1.947934 0.000000 0.000002 -0.000000 2.427861 0.204668 -23.496696 9.568314 -2.101848 -39.526264 9.332625 -13.624504 12.415299 0.000001 0.000001 -0.000000 -4.939849 -13.138449 -13.481487 3.186047 7.679579 -32.488853 8.872253 -15.199394 -20.392850 0.000006 -0.000000 0.000001 -1.686724 0.352721 10.620469 -3.127741 -1.076317 -4.449398 -8.531919 2.652330 -0.725179 -0.000002 0.000001 0.000000 -7.658053 2.486631 -3.428097 11.001002 8.871029 -17.434034 -16.077890 0.286121 -10.700799 -0.000003 -0.000001 0.000004 
90.212509 102.076424 21.806040 -177.542066 14.804995 180.056764 -4.682515 0.182731 1.604458 -1.464822 -1.025362 1.124061 1.089463 -11.865142 -6.830075 -2.275738 1.939720 -1.835051 0.000000 -0.000002 -0.000000 2.235480 0.252472 -23.114374 9.281955 -1.552283 -40.193730 10.199962 -13.954586 11.464518 -0.000000 -0.000000 0.000000 -4.839250 -12.864967 -13.868095 2.815947 7.198182 -32.211992 8.561184 -15.608224 -19.320746 0.000001 -0.000001 0.000001 0.397569 0.097377 9.213471 -3.107111 -1.175530 -3.457227 -13.064217 2.767346 -1.454301 0.000002 0.000001 -0.000001 -10.535561 3.348364 -4.401047 15.519675 9.000012 -14.948446 -15.933308 -0.385870 -12.001796 0.000002 -0.000002 -0.000001 
91.120644 102.225822 21.789381 -177.634246 8.813439 180.553783 -4.776946 0.336187 1.059702 -1.601370 -0.829737 0.607267 2.294586 -12.372714 -5.992167 -3.435865 0.893238 -1.779580 0.000001 0.000000 0.000001 2.048947 -0.511150 -23.143778 8.891025 -1.154672 -40.667530 12.329595 -14.689802 11.512216 0.000001 0.000001 -0.000004 -4.850082 -12.414959 -14.218874 3.110800 5.027619 -32.040653 8.214673 -14.771362 -19.393098 0.000002 -0.000004 -0.000003 4.034302 -0.046241 7.991947 -4.314821 -0.714980 -1.626638 -15.840064 -0.092925 -4.598900 0.000002 0.000000 -0.000001 -12.296101 3.690963 -5.105692 12.748375 8.422297 -14.605034 -17.111524 -0.151107 -13.979633 -0.000003 -0.000003 -0.000003 
91.951431 102.392014 21.724125 -178.189923 0.433459 180.783045 -5.818464 0.531139 0.279110 -0.738056 -1.024277 1.265802 2.221540 -14.528350 -5.800562 -4.703981 0.080140 -1.243694 -0.000001 0.000000 0.000000 2.546770 -1.446723 -23.417006 8.956267 -1.283839 -40.762654 12.839132 -15.178905 11.791667 0.000005 0.000001 -0.000000 -5.229775 -13.321873 -13.990526 4.047765 3.469289 -32.448716 4.658732 -11.337165 -21.607303 -0.000001 -0.000002 -0.000001 8.454786 -0.368956 8.342376 -7.547510 0.159814 -1.160828 -18.748275 -2.866992 -7.710622 -0.000000 0.000002 -0.000001 -14.409039 4.454087 -6.337409 6.783116 7.869892 -15.342362 -15.902437 -0.769533 -14.900818 -0.000002 0.000000 -0.000000 
92.681152 102.559570 21.649466 -178.256722 -6.734627 180.851620 -5.731237 0.492404 0.226991 -2.475631 -0.867616 0.752952 3.986577 -16.446496 -5.160447 -4.433631 0.158303 -0.942861 -0.000000 0.000000 0.000000 3.081331 -2.334484 -23.572981 8.964052 -0.907438 -40.714928 13.556961 -15.278375 11.826083 0.000003 -0.000001 0.000001 -5.534857 -14.198950 -13.817500 4.447506 3.100383 -32.831128 1.630531 -8.349324 -23.657759 -0.000002 -0.000002 0.000001 11.734257 -0.574182 9.219733 -9.142066 0.707394 -1.256413 -20.139064 -4.830734 -9.874020 0.000001 0.000000 -0.000000 -15.570839 5.117272 -7.588985 1.837252 7.473316 -16.145548 -14.182952 -0.949768 -12.706011 0.000001 -0.000002 -0.000001 
93.301720 102.738464 21.559052 -177.897864 -13.144143 180.571856 -5.183632 0.374721 0.398974 -3.094610 -0.913244 0.690939 3.665928 -18.073568 -5.183629 -3.752084 1.164782 -1.250307 0.000000 0.000000 0.000001 4.453529 -2.840147 -24.120676 9.226114 0.358621 -39.716426 12.456458 -13.165174 11.373227 -0.000000 0.000000 0.000001 -4.363318 -13.338772 -12.231615 5.958000 2.834569 -33.797357 2.953092 -6.856999 -25.603857 -0.000002 -0.000003 -0.000002 14.930800 -0.162170 10.735220 -9.297314 0.044044 -1.674629 -20.002412 -6.338836 -11.220913 0.000001 -0.000000 -0.000000 -17.525226 5.929844 -9.553889 -2.967797 6.972348 -15.622106 -11.377165 -1.456783 -11.803310 0.000003 -0.000004 -0.000001 
93.870506 102.955055 21.421000 -177.975974 -17.906388 180.629912 -5.480917 0.557237 -0.179578 -2.323595 -0.986324 1.028424 3.194033 -17.781836 -4.936644 -3.091997 1.917773 -1.827663 0.000000 0.000000 -0.000001 4.640142 -2.968188 -24.887001 8.142991 2.676492 -39.448304 13.165684 -13.079361 10.648687 -0.000000 0.000001 0.000004 -4.341436 -13.189787 -11.105830 5.784220 3.133213 -34.810080 1.896567 -5.088097 -26.945095 -0.000001 0.000000 0.000001 15.995869 0.072516 12.035530 -5.138299 -1.583068 -1.293316 -17.207389 -8.326906 -12.289826 0.000001 -0.000000 0.000001 -16.325537 5.374582 -8.709483 -8.529143 6.924814 -16.327653 -9.043575 -2.043985 -10.072809 -0.000000 -0.000001 -0.000004 
94.318329 103.155594 21.284845 -177.829152 -21.730655 180.875389 -4.580673 0.485855 -0.199743 -3.779298 -0.451613 -0.044350 4.472230 -18.619036 -3.788382 -2.326903 2.357996 -2.209542 -0.000001 0.000000 0.000001 4.258049 -2.355822 -25.409646 7.314392 3.881093 -39.560015 13.925513 -14.086397 9.972571 0.000001 -0.000001 -0.000002 -4.198291 -11.986916 -10.404691 5.674164 2.550770 -35.302294 1.025608 -5.575956 -27.756999 -0.000001 -0.000000 -0.000001 15.722050 -0.064567 12.658232 -1.023204 -2.893006 -0.780393 -16.103580 -8.576793 -12.200675 -0.000000 0.000002 0.000001 -15.349525 5.261537 -8.720160 -9.245353 6.780685 -15.711634 -9.378235 -2.241729 -10.345762 -0.000001 -0.000002 -0.000001 
94.570747 103.316986 21.147003 -177.294403 -24.588811 181.253645 -4.731129 0.642121 -0.480395 -1.222404 -0.613852 0.809234 2.651813 -17.189353 -4.047598 -1.267814 3.397160 -3.250730 -0.000000 -0.000002 -0.000000 3.727828 -2.338493 -25.920915 7.064943 3.618782 -39.871195 14.523409 -15.117934 8.720494 0.000001 -0.000003 0.000001 -4.503082 -11.504503 -10.632218 6.004185 1.167030 -35.492907 0.338473 -6.228186 -27.996425 0.000000 -0.000000 -0.000001 12.116805 -0.299220 12.988125 7.191628 -5.655222 -0.014092 -14.539649 -8.004567 -11.249048 0.000000 0.000000 0.000001 -12.745607 4.353978 -6.981465 -7.981726 7.465266 -16.554997 -14.895072 -0.851180 -12.083072 -0.000004 0.000003 -0.000001 
94.611359 103.455475 21.027840 -177.661717 -28.469714 181.319789 -5.732003 0.824583 -0.532917 0.378696 -0.573054 1.109999 1.107050 -16.775054 -4.273830 0.284173 4.517841 -3.051876 -0.000000 0.000002 0.000000 3.929142 -2.576981 -26.145425 6.474940 4.553845 -40.452936 13.099141 -14.867070 7.287447 0.000001 -0.000002 0.000000 -4.681354 -11.997144 -11.719973 5.916471 0.298671 -35.844075 1.084302 -7.553166 -27.196492 -0.000001 -0.000000 0.000003 5.497493 0.067433 13.256041 16.777573 -9.516594 -0.387825 -11.902396 -6.569881 -9.557079 0.000003 0.000001 0.000000 -9.263021 2.742344 -4.196632 -8.479980 9.060105 -18.668620 -18.561015 -0.744568 -15.853976 -0.000005 -0.000001 -0.000000 
94.643585 103.583221 20.880436 -177.961139 -31.292174 181.213689 -6.628395 1.116067 -1.308136 1.584689 -0.602394 1.386404 0.068009 -16.344159 -3.960464 1.318770 5.385550 -2.915118 0.000000 0.000000 0.000000 3.983917 -2.371945 -25.875369 6.144871 5.226092 -40.901727 12.362491 -14.566927 6.138860 -0.000000 -0.000002 0.000000 -4.458092 -11.420553 -11.857401 6.276327 -0.896042 -36.489876 1.191818 -7.431174 -26.473325 0.000001 0.000000 0.000001 0.464701 0.440063 13.899518 22.965370 -12.483005 -1.660068 -10.711031 -3.035409 -6.466200 -0.000003 -0.000002 0.000001 -7.146981 1.734322 -2.387275 -8.585103 10.080412 -19.993325 -20.991828 -0.229059 -17.266742 -0.000000 -0.000002 -0.000002 
94.592079 103.744499 20.688086 -178.520518 -34.649222 181.443593 -6.151162 1.155468 -1.825252 1.676005 -0.579454 1.392779 -0.896230 -16.988839 -3.933704 0.779042 7.443602 -4.511168 -0.000000 0.000000 -0.000000 4.372117 -2.472283 -25.735873 6.852143 4.662294 -40.726608 12.161083 -14.000270 5.388861 0.000001 0.000000 -0.000002 -4.311486 -11.835423 -12.256725 6.986162 -1.062522 -36.089989 2.336542 -7.609798 -26.407308 0.000000 0.000000 0.000001 -4.549108 0.666189 14.609705 24.135571 -13.807622 -4.615126 -10.811179 1.766786 -2.322319 0.000001 0.000001 0.000000 -5.169250 0.937795 -0.384936 -9.330692 10.805408 -22.048310 -23.665456 1.736204 -13.659623 -0.000000 0.000003 -0.000003 
94.403343 103.899445 20.470913 -179.920420 -38.259260 181.689589 -6.710933 1.578878 -3.255693 1.538374 -0.786350 1.635616 -0.856873 -17.890031 -3.753056 0.542199 8.686827 -6.082689 0.000000 -0.000002 -0.000001 3.763721 -2.180381 -25.579250 6.985800 3.049410 -41.147846 11.218837 -14.366915 4.098687 0.000001 0.000001 0.000004 -4.537979 -11.610802 -13.084692 6.505319 -1.645650 -35.575201 1.621438 -7.821388 -26.121054 0.000000 -0.000000 -0.000002 -8.832800 0.709633 13.687151 19.539595 -12.367053 -6.076377 -12.732331 2.666874 -1.766907 0.000001 -0.000001 0.000001 -4.564133 0.699510 0.164398 -8.663121 11.191168 -23.479305 -23.024095 1.594355 -14.483365 -0.000008 0.000004 -0.000003 
94.186226 104.052261 20.211273 -179.664178 -39.831215 181.734873 -6.254055 1.488478 -3.127813 0.733810 -0.267857 0.562712 0.213713 -17.725249 -2.350158 -0.100055 10.209152 -7.548812 0.000000 -0.000002 -0.000000 4.184864 -2.887853 -25.306667 6.922077 3.349420 -41.213536 10.761386 -14.153250 3.373863 0.000000 -0.000001 0.000003 -4.201889 -11.470208 -13.581150 6.906817 -2.600115 -35.401263 1.962662 -8.304082 -25.738349 0.000000 -0.000000 0.000001 -10.986534 0.873267 12.680322 14.683390 -10.752850 -5.815822 -12.027341 1.442570 -2.717852 0.000001 -0.000001 -0.000000 -3.243633 0.231756 1.256355 -7.759365 11.543704 -24.472086 -23.494109 1.914953 -14.800100 -0.000003 -0.000003 0.000001 
93.787643 104.229515 19.917078 -180.722188 -42.319630 181.766852 -7.501902 1.838949 -4.042913 0.631662 -0.164754 0.368035 0.568732 -17.168906 -1.806545 0.573732 11.802188 -8.733035 -0.000001 0.000000 0.000001 4.451189 -2.575144 -24.879816 7.872686 2.194769 -41.935487 8.983270 -12.961123 3.175613 0.000001 -0.000002 0.000002 -3.882954 -11.899571 -14.558198 6.813624 -1.806988 -35.174771 2.212247 -8.035811 -24.874943 0.000002 0.000000 0.000003 -11.106408 1.082210 10.215774 6.946146 -8.358669 -4.397074 -12.953076 -2.442614 -6.527322 0.000002 -0.000001 0.000002 -2.389633 0.093958 1.414111 -6.813611 12.237326 -24.721984 -21.943062 1.061643 -14.130349 -0.000006 -0.000002 0.000003 
93.222542 104.428223 19.576511 -180.089002 -44.820224 181.933632 -7.210706 1.805544 -3.971389 1.848887 -0.566974 1.274828 -1.226687 -15.387702 -2.700057 2.029676 12.431184 -9.411074 -0.000001 0.000000 0.000000 3.946642 -3.158546 -24.162199 7.779264 0.928862 -43.552114 7.694420 -13.307883 2.687448 0.000002 0.000001 0.000002 -4.091984 -11.820966 -15.450576 5.710978 -1.892899 -35.418137 0.871369 -7.399086 -24.095536 -0.000001 0.000003 0.000002 -8.848222 1.034654 9.152375 2.229268 -6.820179 -2.904806 -16.133824 -5.634229 -10.439199 0.000000 -0.000003 -0.000001 -2.017512 0.039924 1.546960 -2.810396 11.664076 -21.568288 -17.970940 -0.704623 -13.103527 -0.000001 -0.000001 -0.000000 
92.607155 104.614456 19.208042 -179.793706 -46.415295 181.959122 -7.488326 1.872922 -4.060628 3.109593 -0.753935 1.925938 -2.682366 -14.808699 -3.240983 3.022315 13.000886 -9.957593 -0.000000 0.000000 0.000000 3.120940 -1.228840 -23.752905 7.639505 0.385401 -44.614147 7.833063 -13.531046 1.994282 0.000001 0.000000 0.000001 -3.459335 -10.268500 -15.460560 5.046116 -1.953771 -35.619047 0.829828 -7.842659 -23.504301 -0.000001 0.000001 -0.000001 -7.058930 1.046645 8.172944 -0.906062 -6.034751 -2.362646 -18.617829 -6.734118 -12.549780 -0.000001 -0.000003 -0.000001 -2.983699 0.270365 0.985553 1.570969 11.043442 -16.782456 -13.752336 -3.332399 -15.032049 -0.000006 -0.000004 -0.000001 
91.770287 104.784523 18.824556 -178.399364 -49.558801 182.497846 -6.525847 1.643149 -3.505912 3.403983 -0.483546 1.429011 -3.178562 -14.198139 -3.042053 3.791260 12.707367 -10.005514 -0.000001 -0.000002 0.000000 2.537941 -1.381730 -22.978461 7.284808 -0.132485 -44.941371 7.723097 -13.582428 0.845160 0.000001 0.000001 -0.000000 -3.543450 -10.101565 -16.428541 3.823180 -0.622042 -35.437870 1.937603 -9.326800 -22.089561 0.000000 0.000000 0.000001 -3.280092 0.942064 8.442418 -3.369786 -4.868829 -2.664025 -20.282848 -7.449552 -13.823699 0.000003 -0.000004 -0.000002 -5.726636 1.150320 -1.925684 6.703081 10.030726 -9.826584 -8.524225 -6.459112 -17.723021 -0.000003 0.000001 0.000001 
90.772095 105.006836 18.391485 -176.604909 -53.877850 183.897748 -4.990657 1.411227 -3.424729 2.653112 -0.776125 1.612225 -3.009355 -14.648609 -3.610880 4.017664 12.422854 -10.592624 0.000000 0.000002 -0.000001 2.431270 -1.884862 -22.927231 7.511325 -1.263750 -44.222558 7.142961 -13.147278 0.705258 0.000001 -0.000003 -0.000000 -3.632899 -10.288130 -16.575865 3.653606 0.371700 -35.784256 3.104673 -10.368446 -20.384720 0.000002 0.000001 -0.000001 1.298669 0.810377 9.088730 -4.949535 -3.611800 -1.555276 -23.332662 -9.934380 -17.326155 -0.000001 -0.000002 -0.000001 -7.929143 2.076343 -5.011947 8.308615 9.018204 -6.024650 -4.848849 -8.582496 -19.618470 0.000001 -0.000003 -0.000003 
89.769318 105.239082 17.913332 -174.763149 -57.050173 184.731304 -3.744264 1.103168 -2.561110 1.868988 -0.695585 1.225939 -2.637652 -15.273660 -3.606622 3.897904 12.451576 -11.124926 -0.000000 -0.000003 -0.000000 2.165920 -1.888062 -22.986269 7.694724 -2.053614 -43.706350 6.607107 -13.105525 0.606859 -0.000000 0.000001 0.000002 -3.826313 -10.336787 -16.590586 3.538967 1.382989 -36.155750 3.631067 -11.079322 -19.022130 0.000003 -0.000001 -0.000004 4.945219 0.766615 10.590817 -6.381154 -2.644434 -1.390753 -24.630820 -11.383398 -19.200280 0.000001 -0.000002 -0.000001 -9.072311 2.759065 -7.282974 6.477660 8.115912 -5.159051 -2.523029 -9.866469 -20.628809 -0.000002 0.000000 -0.000003 
88.648270 105.438507 17.379036 -173.490698 -60.843189 186.170261 -2.985001 1.129835 -2.691516 1.592396 -1.181346 2.181267 -3.131104 -16.140726 -4.890349 4.207563 13.061586 -11.337510 0.000000 -0.000003 0.000000 2.799946 -1.993611 -22.580494 8.659133 -1.373091 -42.564441 6.171828 -11.085786 0.410837 0.000001 -0.000001 -0.000001 -3.037778 -9.727731 -16.543580 4.488364 3.047598 -36.254832 5.618113 -11.835168 -17.209864 -0.000001 0.000000 -0.000001 8.138738 0.757967 11.767920 -7.561562 -2.808243 -1.233096 -25.259624 -11.219304 -19.041567 0.000003 -0.000001 -0.000000 -10.866253 3.420393 -8.207210 2.768458 8.348163 -9.089275 -6.038005 -8.197962 -21.700858 -0.000006 0.000004 0.000003 
87.335541 105.605690 16.843081 -172.245063 -65.336989 187.527283 -2.433935 0.997336 -2.130225 0.937652 -0.647526 1.226121 -2.761640 -17.138379 -4.516698 4.411830 13.479001 -11.268401 -0.000001 0.000000 0.000001 3.281022 -1.863973 -22.436357 9.510252 -1.522910 -41.547242 5.188120 -9.435257 -0.310673 0.000001 -0.000001 -0.000001 -2.907501 -10.253394 -17.175438 5.057880 4.622409 -36.463194 6.525675 -12.360176 -15.147946 0.000002 0.000001 -0.000000 8.993169 0.659397 12.120672 -5.108604 -3.949226 -0.739227 -23.293460 -8.418110 -15.137079 -0.000000 -0.000001 -0.000001 -12.525621 3.902149 -8.010973 0.741397 8.666141 -11.737134 -8.993109 -6.429554 -21.332643 -0.000005 -0.000003 -0.000000 
86.046783 105.770020 16.257898 -171.177013 -68.452327 189.092968 -2.143327 0.977133 -2.204521 0.454347 -0.374208 0.776953 -2.398823 -18.108116 -4.442684 4.796853 13.539996 -11.393981 0.000000 -0.000007 0.000001 3.452194 -1.331690 -22.393071 10.207748 -1.292907 -41.003087 4.614896 -8.567651 -0.510761 -0.000001 -0.000000 0.000000 -2.791094 -10.846060 -17.910370 5.532880 5.894478 -36.233068 6.978360 -12.513127 -13.972159 0.000001 -0.000000 -0.000004 9.590712 0.409886 12.068390 -3.047086 -4.484452 -0.667916 -21.255972 -7.401732 -13.050708 0.000002 0.000001 0.000000 -14.555148 4.585024 -8.267931 -1.657445 8.508273 -13.292882 -9.583614 -5.443911 -20.043009 -0.000000 -0.000003 0.000002 
84.626350 105.929367 15.637548 -169.389853 -70.901229 191.342941 -1.812953 1.012650 -2.764044 0.709279 0.055618 0.154391 -2.233152 -17.672269 -3.622510 5.121695 13.114450 -10.784444 -0.000002 0.000000 -0.000001 3.486867 -0.697919 -22.345461 10.396998 -0.112491 -40.618373 5.581920 -8.330852 -0.359590 0.000002 -0.000002 0.000002 -2.331279 -10.288410 -17.995740 5.842799 6.434643 -36.080242 7.699781 -13.109278 -13.105648 -0.000001 -0.000003 -0.000000 8.528213 0.404743 12.980069 2.842787 -6.390267 -0.179084 -17.991324 -5.235486 -9.843435 0.000001 -0.000002 0.000000 -13.424247 4.092516 -7.088103 -5.599261 8.486772 -14.897773 -12.281143 -4.270812 -20.469320 -0.000002 -0.000001 -0.000000 
83.022766 106.064064 15.028078 -165.443588 -74.055602 194.718721 -1.153508 0.843735 -2.273506 1.366323 -0.220681 0.618643 -2.883858 -15.875277 -4.134471 5.704016 12.586926 -10.219899 0.000001 -0.000005 -0.000001 3.030470 -1.477608 -21.783078 9.996367 0.046645 -41.324615 5.800971 -9.091410 -0.288209 0.000001 -0.000003 -0.000002 -2.397647 -10.004339 -18.588527 5.355412 5.572922 -35.405016 6.981618 -12.688415 -12.501685 -0.000001 -0.000001 -0.000001 5.599740 0.611658 14.454999 11.598268 -8.819734 4.133461 -13.342115 -9.138901 -11.925723 -0.000001 -0.000003 0.000000 -11.014712 3.280915 -5.931299 -7.185902 8.455277 -14.938942 -13.526897 -4.501837 -22.742112 0.000001 0.000001 -0.000003 
81.359154 106.164352 14.466913 -161.316118 -76.026822 198.216365 -0.721264 0.947077 -2.786979 1.745103 -0.842964 1.689386 -3.182329 -14.102418 -4.198511 5.998723 12.749856 -10.466577 0.000000 -0.000005 -0.000000 2.650522 -1.809857 -21.546458 9.892631 0.195366 -41.804378 5.481900 -8.988960 -0.266152 0.000006 -0.000001 0.000002 -2.310519 -9.544490 -19.117585 5.397033 4.827357 -35.125740 6.898744 -11.897644 -10.940641 -0.000001 0.000000 -0.000003 2.741202 0.741702 14.601561 19.166549 -10.478388 6.374459 -8.552025 -9.108521 -10.389244 0.000001 0.000001 0.000002 -9.009238 2.660291 -5.313764 -7.370149 8.676359 -15.747749 -15.051483 -3.285320 -20.917782 -0.000000 -0.000002 -0.000001 
79.526703 106.240250 13.951853 -161.488020 -78.955006 198.173526 -1.378170 1.146670 -3.605938 1.935721 -1.081937 2.110905 -3.862354 -12.905527 -4.400009 6.289274 12.547028 -9.528531 -0.000001 -0.000007 -0.000000 2.877199 -1.222119 -21.152047 10.235981 -0.686187 -41.205783 3.930654 -8.115119 -0.894635 0.000006 -0.000002 -0.000003 -1.833876 -8.940160 -19.248011 5.837445 4.581694 -34.859684 7.310889 -12.161410 -9.502808 0.000004 -0.000002 -0.000000 -2.377658 0.812771 14.574416 26.055621 -12.606804 6.361276 -5.276008 -7.274108 -8.205118 0.000001 0.000003 -0.000001 -7.514108 2.102823 -4.181842 -9.004582 9.085232 -16.803741 -15.589526 -2.760736 -20.004014 -0.000001 -0.000001 -0.000001 
77.621193 106.334099 13.379858 -157.814267 -81.696302 200.137534 -1.065016 0.536059 -1.327701 1.831407 -0.439768 0.829041 -4.186900 -11.160154 -4.121411 5.982382 11.953854 -8.780684 -0.000001 0.000000 -0.000000 3.853017 -2.618365 -19.842784 10.427738 0.063911 -41.091255 2.473901 -7.772310 -1.491473 -0.000000 0.000000 0.000001 -1.714611 -9.176807 -18.806246 6.512286 4.987926 -34.494825 7.984563 -13.015591 -8.884811 0.000000 0.000000 -0.000001 -6.410523 0.847995 14.655655 24.747211 -13.159673 2.091198 -7.470236 -2.412018 -5.053601 0.000001 0.000000 -0.000000 -6.392409 1.444482 -1.730491 -8.179744 9.254405 -18.104832 -19.128496 -0.331683 -18.862624 -0.000004 0.000003 -0.000002 
75.773674 106.417282 12.793829 -147.299395 -84.965525 211.150353 -0.628062 0.497393 -1.668638 1.670856 -0.441953 0.902853 -4.666377 -11.469031 -4.796802 5.634013 11.155762 -7.747546 0.000000 -0.000003 0.000001 4.094893 -2.313071 -19.257180 10.929975 -0.404794 -40.819410 2.055756 -7.340918 -1.525499 -0.000000 -0.000002 0.000002 -1.434051 -9.361729 -18.793559 6.611960 5.928139 -33.959602 9.151607 -13.751327 -8.324934 -0.000003 0.000003 0.000000 -8.935759 0.822440 12.762939 22.346024 -12.567707 0.147958 -11.414888 -0.335547 -3.894986 0.000002 -0.000001 -0.000000 -5.282146 1.246263 -1.498619 -8.065520 8.844255 -18.231168 -20.335560 0.060106 -21.067329 -0.000003 0.000000 -0.000000 
73.844032 106.514465 12.132288 -90.249393 -87.528225 268.983696 -0.132535 0.533791 -2.786003 2.117819 0.229606 0.168407 -4.853928 -11.685768 -3.550866 5.094654 12.076481 -8.309616 -0.000001 0.000002 0.000000 5.289973 -2.308183 -18.866704 12.755495 -1.601761 -39.282412 0.894705 -4.883246 -2.003102 0.000006 -0.000003 0.000001 -0.407957 -10.013525 -19.109510 7.895251 7.182355 -32.547702 11.732699 -14.078073 -6.920066 0.000004 -0.000001 -0.000001 -10.401986 0.792809 10.413417 16.174528 -10.472265 -0.192516 -13.091701 -3.713369 -6.825342 -0.000001 0.000002 -0.000002 -3.416455 0.896281 -0.452689 -7.552717 8.796678 -19.286303 -20.181327 0.479911 -20.261456 -0.000002 0.000002 -0.000002 
71.786377 106.609886 11.421410 -33.704675 -85.772204 325.714947 0.350091 0.524213 -3.818289 1.982453 -0.806000 2.178033 -4.814991 -9.015195 -4.670997 4.940590 10.897981 -7.148274 -0.000000 0.000002 -0.000001 6.174993 -1.377580 -18.431165 14.732037 -2.842385 -37.664433 0.656403 -2.345703 -2.407442 0.000000 -0.000001 0.000002 0.799561 -10.265749 -18.842918 9.194500 8.483473 -31.362210 14.794256 -14.560512 -4.918649 0.000001 0.000002 0.000002 -10.331303 0.728220 8.809964 9.261699 -7.868214 -1.976386 -11.460913 -6.633111 -8.483047 0.000001 -0.000000 0.000003 -1.604554 0.567640 0.516484 -6.652522 8.261651 -19.597466 -21.739145 2.172508 -17.313889 0.000005 -0.000003 0.000002 
69.781052 106.701355 10.677542 -20.670797 -83.439517 338.853580 0.430830 0.293577 -2.943985 1.857953 -0.385097 1.552531 -4.373246 -8.308772 -4.727757 4.938293 10.448938 -6.773285 -0.000000 0.000004 -0.000000 6.166695 -0.663986 -18.080264 16.102270 -3.356817 -37.214279 1.036355 -1.087663 -2.613679 0.000003 -0.000001 -0.000000 1.405269 -10.283815 -18.866251 9.756490 9.814756 -30.734031 17.267215 -15.307093 -3.329461 -0.000002 0.000000 0.000001 -9.166593 0.469050 6.822473 3.803017 -5.495830 -2.181246 -11.788275 -9.970655 -11.101979 0.000002 0.000000 0.000002 -0.300404 0.496608 1.263316 -5.890265 7.875157 -19.047652 -20.595694 1.822171 -16.941033 -0.000003 -0.000004 -0.000001 
67.579002 106.791107 9.915888 -18.532277 -82.502743 338.987479 0.214486 -0.038880 -1.606876 2.060302 -0.077656 1.365058 -4.241471 -6.089127 -4.076124 4.952439 9.831510 -5.268160 -0.000001 -0.000005 0.000000 6.531139 1.251427 -17.942361 17.976699 -2.184992 -36.051596 3.980633 0.798980 -2.158093 0.000002 -0.000001 0.000001 2.449973 -10.443070 -17.496240 11.278145 12.773816 -30.305580 19.670877 -13.728235 -2.409252 0.000000 -0.000002 -0.000000 -6.915431 0.099310 8.300425 0.810874 -3.896951 -2.500008 -13.532921 -10.234734 -11.562606 0.000001 -0.000001 0.000001 0.783031 0.389221 2.437222 -3.544659 7.191116 -17.604454 -18.997384 1.843205 -13.056082 -0.000001 0.000001 -0.000002 
65.194008 106.915672 9.156084 -12.558008 -78.591360 344.381007 0.225292 -0.272638 -0.774167 2.388706 0.973543 -0.099399 -4.509851 -7.560804 -3.140645 5.230876 10.686672 -5.200744 -0.000001 -0.000001 -0.000001 7.162134 2.939601 -17.507612 19.924282 -0.744289 -36.899380 7.656992 1.708139 1.296091 0.000001 -0.000001 0.000002 3.619487 -11.056979 -17.389402 12.998005 13.267545 -28.970056 19.006741 -10.112496 -2.253851 0.000002 -0.000000 -0.000001 -3.487663 -0.139997 7.702477 -0.676252 -2.773447 -1.528555 -16.420647 -11.026885 -12.996223 0.000000 0.000001 -0.000004 1.265090 0.529168 0.801269 -1.120680 5.672204 -12.900281 -11.692329 -0.205798 -10.119407 -0.000003 -0.000002 -0.000003 
62.870636 107.032913 8.421282 -10.526394 -76.184087 346.062736 0.600791 -0.274471 -1.303712 1.519305 -0.128532 1.819776 -3.897895 -6.503346 -4.782365 4.696884 9.438223 -3.203762 -0.000000 -0.000002 -0.000000 7.275746 3.942257 -16.563154 21.361401 0.457997 -38.568927 8.934687 2.452756 4.850417 -0.000000 -0.000001 0.000000 4.670003 -10.437946 -16.965835 14.365460 13.413683 -28.465809 18.107511 -7.353536 -1.012908 0.000001 -0.000000 -0.000004 -1.211973 -0.287203 7.899396 -1.038434 -2.088222 -1.728533 -18.130404 -11.014101 -13.411572 -0.000000 -0.000000 -0.000002 0.202161 0.942681 -1.127627 1.285533 4.212762 -7.056920 -5.039336 -2.953859 -10.722076 0.000001 -0.000003 0.000001 
60.429958 107.155785 7.726913 -11.493780 -74.292412 344.858136 1.219538 -0.569662 0.419733 1.402556 1.274285 -0.513267 -3.312801 -7.032618 -2.941543 4.703054 9.479760 -4.136467 -0.000001 0.000000 -0.000000 6.907333 5.187918 -16.197546 22.741062 2.057284 -42.491420 11.000157 2.105887 10.582313 0.000001 -0.000003 -0.000001 4.875477 -11.373500 -18.219775 14.183324 14.221192 -26.313444 14.176897 -2.384815 -9.074484 0.000001 0.000001 0.000001 0.941845 -0.386441 8.823147 -0.593892 -1.228020 -0.318006 -19.993617 -13.449134 -16.081414 0.000002 0.000001 -0.000001 -3.797128 1.975412 -3.062528 7.346010 3.715055 -2.834995 -2.679942 -4.618109 -13.722478 -0.000004 -0.000003 -0.000000 
57.873833 107.286987 7.019323 -10.050612 -68.050022 347.598108 2.391349 -0.605289 0.932267 -0.335427 0.359178 0.383401 -2.143956 -9.010795 -4.413052 4.182639 7.113358 -2.859197 -0.000000 -0.000002 -0.000001 6.776999 3.890376 -16.223088 23.673902 0.730086 -43.861914 8.603602 3.663705 10.730119 -0.000000 0.000002 0.000001 4.674387 -11.155932 -17.636593 13.387913 17.836295 -28.418107 17.249989 -3.057673 -11.231153 0.000001 -0.000000 -0.000001 3.234174 -0.297221 9.564834 0.447302 -0.900769 1.483419 -23.346032 -16.297922 -20.254094 0.000003 0.000001 -0.000003 -5.497005 2.703496 -5.523377 10.222206 3.902596 -3.772289 -5.796963 -4.415896 -18.402946 0.000004 0.000001 -0.000003 
55.422844 107.383011 6.294085 -9.415878 -63.757712 348.719761 2.795211 -0.737514 1.678079 -1.574933 -0.790988 2.003156 -1.567911 -9.858470 -5.815886 4.464776 7.434827 -3.399801 0.000000 0.000000 -0.000001 6.862995 2.825030 -14.079225 24.292807 0.343597 -42.659511 8.862008 6.728366 4.218353 -0.000000 -0.000002 0.000002 4.756476 -11.193854 -16.248545 13.924800 19.160926 -29.576826 17.969601 -2.265266 -8.969474 0.000001 0.000000 -0.000001 4.409657 -0.222004 11.109402 0.825730 -0.779632 2.077709 -24.909966 -16.822858 -21.444289 0.000001 -0.000000 0.000001 -7.347355 3.131837 -4.956009 11.544582 4.567378 -7.519264 -10.656522 -2.331243 -19.518667 -0.000004 0.000003 -0.000003 
52.886326 107.471039 5.554752 -8.393170 -58.905320 349.902149 3.144528 -0.929788 2.229591 -2.356785 -1.429809 2.956319 -0.497801 -10.859547 -6.123817 3.137180 7.630083 -3.890102 -0.000001 0.000002 0.000000 5.938143 3.336966 -11.142621 23.893902 1.991594 -41.402226 12.635901 6.788046 -1.129399 -0.000000 -0.000003 0.000001 4.261879 -12.180239 -15.409354 14.285460 18.776677 -28.674295 15.796040 -1.221311 -7.594790 0.000000 0.000003 0.000000 5.923183 -0.523339 11.973949 1.855779 -1.066442 3.286883 -25.714534 -17.063271 -22.243411 0.000001 0.000000 0.000001 -8.778344 3.807114 -5.342509 9.178465 4.877723 -11.958119 -12.596138 -0.924122 -16.759556 -0.000003 -0.000002 -0.000001 
50.250355 107.562531 4.841573 -6.706545 -55.217906 351.273624 2.321482 -0.897625 2.866859 -1.637735 -0.238393 1.135054 -0.402774 -12.760351 -4.126985 1.748138 5.950062 -3.292739 -0.000001 -0.000003 -0.000001 3.731938 3.430333 -7.891274 21.123996 4.258365 -41.003357 16.503243 4.781708 -6.967739 0.000000 -0.000001 0.000003 2.635557 -13.271802 -16.465484 12.515100 16.092014 -27.724281 12.409390 -1.345098 -6.406690 -0.000001 -0.000001 -0.000003 6.956738 -0.470233 12.964247 3.334289 -1.576010 3.901228 -25.925006 -15.803268 -21.506883 0.000002 0.000000 -0.000001 -9.964857 4.066225 -5.203620 4.411413 5.403140 -16.004265 -12.142308 -2.061435 -18.092831 -0.000003 0.000001 -0.000002 
47.736435 107.683800 4.146947 -5.639177 -52.713699 352.232774 1.588293 -0.874626 3.156119 -1.174224 0.183143 0.461908 -0.502647 -13.266533 -3.613496 1.369872 5.264935 -2.526898 -0.000000 0.000000 -0.000000 2.530921 3.519818 -6.026798 19.211164 6.127911 -39.543643 19.937595 3.340671 -11.295725 0.000001 0.000000 -0.000001 1.712254 -14.203537 -17.048111 11.882997 14.311131 -27.184588 10.872273 -0.902620 -5.213289 0.000001 -0.000000 0.000001 7.852183 -0.235669 13.749362 3.732562 -1.819743 4.266517 -26.158235 -15.129433 -21.199126 0.000002 -0.000003 0.000001 -9.882410 4.032487 -5.616109 -0.406881 5.854406 -18.625958 -10.183103 -2.979151 -16.772470 -0.000002 -0.000002 -0.000001 
45.144283 107.912277 3.476708 -4.068244 -48.316345 353.793308 0.922095 -0.855685 3.360965 -3.445169 -0.856099 1.469951 1.172255 -13.651439 -5.430180 1.471438 4.689057 -2.107956 -0.000001 0.000000 -0.000000 1.471685 4.045302 -3.489845 17.485399 8.255744 -36.782245 25.055282 1.564633 -15.971921 0.000001 -0.000001 0.000003 1.026253 -16.015533 -18.043961 10.926336 12.885292 -23.153728 9.725053 0.767519 -4.083373 -0.000001 -0.000000 -0.000004 8.322305 0.012691 14.798322 3.884845 -1.826417 5.669895 -26.049655 -16.774618 -22.997409 0.000002 0.000000 -0.000000 -8.521149 3.720232 -6.112872 -5.188369 6.189908 -20.795940 -8.792510 -1.756657 -10.612189 0.000002 0.000000 -0.000003 
42.445103 108.243172 2.873535 -3.124325 -44.071277 355.004246 0.899579 -0.947936 3.433807 -3.060493 0.047002 0.381988 0.132506 -13.827649 -4.652137 2.878065 5.737198 -2.769542 0.000000 0.000000 -0.000001 1.096455 5.352132 -0.891263 17.630673 8.253825 -33.745328 29.825913 0.929955 -19.451964 0.000000 0.000001 0.000002 1.003922 -18.161009 -16.877295 8.671770 12.906967 -14.361227 12.242942 1.391149 -11.286317 -0.000001 0.000001 0.000001 8.108685 0.074391 15.393032 5.525828 -2.459477 6.852557 -22.479805 -16.951693 -21.234163 -0.000001 -0.000003 -0.000002 -6.874113 3.350296 -5.345017 -6.924610 6.768046 -23.006550 -8.145240 0.062580 -4.297918 -0.000003 -0.000001 -0.000000 
39.860172 108.605316 2.311521 -3.273212 -40.643198 355.178743 1.164157 -1.056139 3.768260 -3.441085 -0.330660 1.077354 -0.054921 -12.439181 -5.454448 2.909595 5.176229 -1.767361 -0.000000 -0.000002 -0.000000 1.974200 4.936970 -0.768370 17.952973 7.535967 -30.924733 29.904518 2.273610 -21.751299 -0.000003 0.000000 0.000002 1.221937 -17.869175 -12.827333 5.734521 13.939189 -6.555590 13.197827 2.117664 -16.938973 0.000002 -0.000001 -0.000003 7.427534 -0.197360 15.941006 7.678571 -3.516894 8.063548 -18.513366 -17.488155 -19.695231 0.000001 -0.000001 -0.000002 -5.398509 3.128047 -4.126237 -8.028922 7.195352 -23.615789 -6.913733 0.559558 -1.381142 -0.000002 0.000003 -0.000001 
37.238785 109.113541 1.664846 -3.387568 -38.089943 355.212211 -0.388699 -0.871216 3.432907 -0.160365 0.335335 0.837968 -1.869190 -10.520709 -4.511542 4.475964 5.389860 -1.452994 0.000001 0.000000 -0.000001 3.137368 3.089489 -1.737936 17.334861 5.534057 -27.275630 24.273123 5.503458 -23.440880 -0.000001 -0.000001 0.000001 3.178043 -11.780578 -9.226684 -0.431901 20.227312 -2.841338 -3.983554 13.590712 -1.196605 -0.000003 -0.000002 0.000001 5.766773 -0.477474 15.673353 10.687978 -5.120788 9.641804 -12.668463 -17.150465 -17.076173 -0.000000 0.000000 -0.000000 -3.201381 2.598685 -2.473938 -9.260292 8.370416 -24.398913 -5.414991 0.396276 1.263274 -0.000003 -0.000001 -0.000002 
34.579197 109.639603 1.027712 -2.799074 -36.892963 355.500227 -1.729320 -0.802659 3.722659 0.744885 0.967866 0.044205 -1.274770 -7.867115 -3.933475 3.277103 4.118468 -0.952714 -0.000001 -0.000003 -0.000000 4.347873 1.637018 -3.607189 16.370254 4.455811 -22.390023 19.338846 8.118929 -23.972574 0.000006 0.000001 0.000002 3.967857 -10.269454 -9.446124 0.884448 21.788409 -6.811083 -12.744812 15.997821 9.173854 0.000000 0.000002 -0.000003 2.943503 -0.720055 15.586833 13.563309 -6.385157 8.565506 -8.015934 -15.182824 -13.851354 0.000001 0.000001 -0.000002 -1.550705 2.183817 -0.394207 -10.703472 9.392866 -25.428589 -6.072544 0.664046 2.287738 0.000003 -0.000003 -0.000003 
32.079945 110.134163 0.431553 -3.553235 -34.182488 355.825890 -0.399814 -0.680138 2.860385 0.016952 0.943761 -0.233573 -1.212248 -7.434201 -3.524963 3.330918 4.016993 -1.731612 -0.000000 0.000002 -0.000000 5.057448 0.491861 -5.103309 15.091950 3.574246 -18.924757 15.297453 9.597353 -23.726209 0.000002 -0.000006 -0.000003 3.568058 -10.934983 -10.565273 3.995171 19.998963 -11.816364 -3.741542 9.185440 10.376041 -0.000001 -0.000000 -0.000006 1.476525 -0.791142 14.529423 14.599094 -6.932184 7.201545 -6.029436 -13.486839 -11.891251 0.000002 0.000002 0.000001 0.350794 1.658004 0.700134 -11.009803 9.593643 -26.152391 -6.599869 0.680640 1.069151 -0.000003 0.000003 -0.000001 
29.600441 110.597252 -0.139259 -3.494526 -31.274603 356.160870 -0.254905 -0.582455 2.767139 -0.167841 1.444654 -1.184760 -0.594078 -6.973865 -2.754896 1.533542 2.525212 -1.130963 -0.000000 0.000000 -0.000000 4.246376 0.354566 -5.183718 12.737940 2.445839 -15.667388 10.702363 8.939825 -22.036898 0.000002 -0.000000 0.000006 2.071104 -12.085640 -11.203692 6.382837 15.948024 -15.920835 2.281670 2.826677 10.247908 0.000001 -0.000001 -0.000003 -0.913096 -1.106074 13.152611 13.977430 -6.900229 4.318422 -4.789679 -11.532694 -9.769722 -0.000002 0.000001 -0.000001 1.866640 1.339289 2.212075 -12.309159 9.408261 -26.000650 -7.741283 0.616394 -0.982734 -0.000003 0.000003 -0.000003 
27.191660 111.126137 -0.803640 -2.579917 -27.429681 356.501068 -0.339547 -0.430829 2.839881 -0.865231 1.244808 -1.366042 -0.072120 -5.820540 -2.340471 0.697745 0.944287 -0.431972 -0.000000 0.000000 -0.000000 3.609784 0.370199 -4.445030 9.755415 2.276880 -12.069332 8.265846 7.763418 -20.187060 0.000001 -0.000001 0.000001 0.923408 -12.858577 -10.476168 7.218942 12.269523 -17.607388 6.704924 -1.119901 9.474081 0.000001 -0.000000 0.000001 -2.298678 -0.732882 10.812493 10.112108 -6.524556 2.627475 -0.302936 -14.202244 -10.431086 0.000002 0.000001 0.000002 3.551037 0.758371 2.789576 -11.558161 9.752130 -25.562342 -4.885602 0.086606 -1.192411 -0.000003 0.000000 -0.000003 
24.971420 111.577888 -1.457806 -2.470537 -24.686954 356.885116 0.154432 -0.325143 2.507687 -2.291549 0.671066 -0.972431 1.206732 -4.701394 -2.286682 1.547435 0.925035 -0.838841 0.000000 -0.000002 -0.000001 2.737829 0.206604 -3.986685 7.268379 1.810292 -10.213740 8.106115 5.114076 -20.141017 -0.000001 -0.000004 0.000001 0.477957 -11.600991 -10.435721 7.006085 8.495959 -17.234488 9.286719 -4.836526 8.232893 0.000002 -0.000000 0.000001 -3.109047 -0.612974 9.088975 5.922563 -5.501032 1.099954 2.389722 -16.373036 -11.032896 0.000002 0.000003 0.000001 4.883438 0.402840 2.930475 -12.540364 9.597526 -24.809161 -4.363586 -0.832041 -3.692962 -0.000002 0.000001 -0.000002 
22.805370 111.996613 -2.089939 -1.338917 -21.978965 357.291813 -1.405972 -0.343889 2.638502 -1.288711 0.828034 -1.103690 1.221903 -3.110592 -1.834921 2.184873 0.705272 -0.790935 -0.000000 -0.000007 -0.000000 2.674557 0.726375 -2.602576 5.918019 1.952575 -7.514554 9.778033 4.869924 -20.220302 0.000003 -0.000003 0.000003 0.626739 -11.600596 -10.097714 7.170602 6.478913 -15.493753 11.229612 -5.776788 7.341618 0.000004 -0.000000 0.000001 -4.404704 -0.282831 7.338286 1.685319 -3.318182 -0.938806 7.346828 -17.376729 -9.758016 0.000001 -0.000005 -0.000003 4.332284 0.098147 4.167586 -13.758389 8.265565 -24.483602 -2.901043 0.510025 0.225806 0.000001 -0.000004 -0.000001 
20.696417 112.338799 -2.662405 -1.910086 -18.898988 357.161001 -0.235880 -0.423922 2.235819 -1.651239 0.446471 -0.576423 1.281947 -2.237862 -1.604567 2.623361 0.678179 -0.519918 -0.000000 -0.000002 -0.000001 2.257979 1.380677 -1.307930 4.352010 2.590625 -5.386598 10.024638 4.231468 -19.597831 0.000003 -0.000003 0.000002 0.811925 -10.996776 -9.226410 6.784077 5.127832 -13.661201 11.814498 -6.631877 6.250452 -0.000001 0.000000 0.000001 -3.797703 -0.325816 5.138289 -1.790198 -1.596598 -2.198236 14.115336 -15.037327 -6.204515 0.000002 0.000000 -0.000001 6.088076 -0.314562 5.318375 -13.976933 7.748896 -24.366022 -1.319495 1.227929 3.514023 -0.000008 0.000000 -0.000003 
18.742649 112.618729 -3.208424 -2.300042 -16.605699 356.877357 0.330354 -0.473728 2.138786 -2.120800 0.089531 -0.081130 1.679079 -1.487555 -1.594361 2.289706 0.291649 -0.081178 0.000000 0.000000 -0.000000 2.005920 1.363238 -0.267295 2.834937 3.528250 -3.898227 9.233994 4.304562 -18.891023 0.000000 -0.000001 0.000003 0.746553 -10.825373 -8.541933 6.470894 4.283640 -12.441028 12.138779 -7.172943 5.721694 -0.000001 0.000002 -0.000005 -3.221461 -0.429241 3.812129 -3.593686 -0.568488 -2.648335 16.943452 -10.877022 -3.219649 0.000001 0.000003 -0.000000 7.124558 -0.525721 6.342453 -13.376893 7.377847 -24.008132 -2.278088 1.792474 4.638865 -0.000000 0.000001 0.000001 
16.814571 112.831642 -3.733296 -1.769694 -14.968728 356.305315 -1.061961 -0.415295 2.319590 -0.905312 -0.036344 0.368840 1.332177 -0.873957 -1.563870 2.144810 -0.172367 0.794283 0.000001 -0.000007 -0.000001 1.573236 0.886917 0.961680 1.095542 4.230506 -2.728264 8.183858 3.781358 -17.905455 0.000003 -0.000001 -0.000001 0.892216 -8.703941 -7.424714 5.550024 3.207025 -10.662619 8.790528 -6.106072 6.323051 0.000000 -0.000002 -0.000002 -3.415011 -0.472058 3.587376 -4.764399 -0.170311 -2.802986 18.918453 -7.360349 -1.105796 0.000002 -0.000001 -0.000002 6.532941 -0.556619 7.485093 -11.888448 7.080475 -22.665950 -1.744917 1.490731 5.059873 -0.000001 0.000000 -0.000000 
14.939712 112.960159 -4.216689 -1.075842 -12.949079 356.087049 -2.318046 -0.282500 2.134137 -0.046202 -0.238564 0.708948 0.935083 0.517590 -1.446472 2.477330 -1.039371 1.791783 -0.000000 -0.000002 -0.000000 1.525319 -0.657732 1.994529 -0.318644 3.468885 -1.609685 6.743994 3.195945 -17.313589 -0.000000 -0.000001 0.000002 -0.037973 -8.364220 -5.843313 3.642790 2.546884 -9.413289 3.468444 -3.910545 7.562390 0.000000 -0.000003 0.000001 -3.533642 -0.273432 3.431963 -5.446789 0.087531 -2.268904 18.531140 -5.133831 -0.216912 0.000002 0.000000 -0.000001 5.745502 -0.743688 7.660557 -10.135356 6.326357 -20.410016 -1.236020 1.308192 5.416532 -0.000004 -0.000003 -0.000003 
13.210775 113.052483 -4.670855 -0.852321 -10.918763 356.139560 -2.465842 -0.209696 1.775814 -0.444353 -0.513155 1.030930 1.718733 0.816117 -1.610464 1.905149 -1.783997 2.528110 -0.000001 -0.000005 -0.000001 1.523036 -1.122023 2.743380 -0.960804 3.286952 -0.568794 5.400914 3.244261 -16.816776 0.000001 -0.000001 -0.000001 -0.202800 -7.452997 -4.768501 3.673257 1.346393 -8.551973 2.126251 -3.876218 7.262236 0.000001 0.000001 -0.000001 -3.250302 -0.331479 3.294297 -5.983081 0.244721 -2.068956 17.100762 -3.865487 0.085877 0.000001 0.000002 0.000001 4.987216 -0.668778 7.236521 -9.010578 5.521018 -17.911264 -1.667033 1.264019 4.789537 -0.000002 0.000003 -0.000005 
11.536808 113.090538 -5.104441 -1.826417 -8.427789 356.256493 0.284292 -0.349934 1.385859 -2.312903 -1.034659 1.384658 1.898107 0.024514 -1.750313 1.389351 -1.698480 2.160059 -0.000000 -0.000003 -0.000000 0.585770 0.457960 3.411801 -0.288640 1.992234 -0.407156 3.639672 3.953747 -15.113062 0.000000 -0.000001 0.000004 0.116041 -5.310776 -3.298513 3.185366 1.344334 -7.504616 2.928172 -3.908320 6.585504 0.000000 0.000004 0.000002 -1.644254 -0.343182 2.884751 -5.667679 0.823149 -1.176142 14.906090 -4.707986 -0.519771 -0.000000 0.000002 0.000000 4.505282 -0.789389 6.101667 -7.084181 3.744182 -14.712120 0.329059 1.058870 4.188846 -0.000004 -0.000002 -0.000001 
9.918665 113.066185 -5.498796 -1.990351 -6.680372 356.508909 1.018899 -0.410403 1.162353 -1.856781 -0.888448 1.438274 1.374762 0.319990 -1.486232 0.959158 -1.344080 2.076861 -0.000001 0.000000 0.000000 0.948705 0.558486 3.550603 -0.321034 2.730480 0.448350 2.961151 4.798572 -13.414309 -0.000000 -0.000001 0.000002 0.459089 -4.575713 -2.002691 3.062458 2.471258 -6.392811 3.127832 -3.174296 6.086775 0.000000 0.000000 0.000001 -0.831185 -0.500299 2.746464 -4.849845 0.923265 -1.322509 12.887629 -2.877509 0.297600 0.000002 0.000000 0.000002 4.016428 -0.588227 5.195983 -5.586121 2.628697 -11.780921 0.441879 1.116304 3.880931 -0.000003 0.000000 -0.000000 
8.429558 113.008934 -5.874451 -2.034644 -5.673956 356.714853 1.537928 -0.396299 0.989262 -2.974847 -1.153607 1.555900 2.170977 0.863700 -1.398205 1.076287 -1.229860 1.817185 0.000001 0.000000 0.000001 0.874410 0.122254 3.465934 -0.250985 2.326057 0.590937 2.072350 4.797880 -12.111932 -0.000000 -0.000001 0.000001 0.360984 -4.090878 -1.598512 2.805343 2.078281 -5.847474 4.471681 -3.809413 5.882588 0.000000 -0.000001 -0.000001 -0.127003 -0.572186 2.540272 -4.139777 0.853139 -1.381209 11.190620 -1.249116 0.947681 0.000002 0.000001 -0.000002 3.821784 -0.547231 4.677983 -4.556441 2.149588 -10.028632 0.596870 1.108834 4.059064 -0.000005 0.000001 -0.000002 
6.988073 112.889297 -6.229836 -1.535223 -3.293231 357.146111 1.512133 -0.382646 0.837366 -2.697713 -1.029014 1.345505 1.752393 0.283459 -0.990730 0.826360 -0.689405 1.684613 -0.000000 -0.000002 -0.000000 0.509147 0.137847 3.518962 -0.591696 2.596560 1.060779 1.776437 4.499269 -10.701119 0.000001 -0.000002 0.000003 0.212602 -3.699961 -1.123712 3.063010 1.313442 -4.984400 4.316862 -2.995354 5.312726 -0.000001 -0.000001 -0.000003 -0.261190 -0.510795 1.774639 -2.387215 0.109004 -0.804916 7.930765 -0.395541 0.917296 -0.000000 0.000000 -0.000001 3.459082 -0.527712 4.463752 -4.189571 1.668074 -7.973597 0.290032 0.761229 3.261660 -0.000002 0.000001 0.000001 
5.593990 112.736778 -6.576744 -1.239250 -1.295729 357.506335 1.475327 -0.352374 0.814120 -2.634377 -0.988236 1.265125 1.802981 -0.097582 -0.805193 -0.032730 -0.787948 1.455210 -0.000001 0.000000 -0.000000 0.126872 0.187423 3.199019 -0.718532 1.923672 1.299037 0.949664 3.564011 -9.118191 0.000001 0.000000 -0.000001 -0.175646 -3.299480 -0.671364 2.464750 1.111358 -4.162909 2.768534 -2.511244 5.153537 0.000000 -0.000000 -0.000001 0.443950 -0.556695 1.436378 -1.025279 -0.319218 -0.342916 5.126216 0.388925 1.083092 0.000001 0.000000 0.000001 3.511960 -0.568498 4.351730 -4.189095 1.055961 -6.359607 1.289020 0.602839 3.118703 -0.000003 0.000004 -0.000003 
4.310081 112.574203 -6.914072 0.279612 -2.121140 358.022233 -0.801235 -0.079163 0.278508 0.482897 -0.388572 0.962530 -0.210058 0.436942 -0.116446 -0.167255 -0.583864 0.928626 -0.000001 0.000000 -0.000000 0.167608 -0.242500 2.637925 -0.272221 0.897197 0.971571 0.181723 2.778228 -7.261541 0.000000 0.000000 -0.000001 0.033911 -1.347801 -0.325717 1.895628 0.512208 -3.077477 2.613869 -2.726514 4.156506 0.000002 -0.000000 -0.000003 -0.749937 -0.329051 1.369693 -1.011392 -0.040619 -0.541170 5.095468 1.057802 1.512680 0.000004 0.000000 0.000001 1.637846 -0.347127 3.710753 -2.883175 0.910949 -5.576692 -0.292263 1.186816 3.272439 -0.000004 -0.000001 -0.000000 
3.087663 112.385300 -7.246935 1.156965 -1.624867 358.962040 -1.928035 0.068876 0.031971 1.716468 0.044357 0.496875 -0.794722 0.672819 0.230606 -0.920149 -0.241401 0.407528 -0.000000 -0.000002 -0.000000 0.494651 -0.682173 1.355093 0.292157 0.265256 0.521220 -0.574684 2.012896 -4.012089 0.000001 -0.000001 0.000002 0.126989 -0.738966 -0.228639 1.419994 -0.017922 -1.381606 2.163786 -1.901679 1.920411 -0.000001 -0.000002 0.000001 -1.230888 -0.137632 0.862725 -0.878659 0.094755 -0.421883 3.144814 1.109688 1.292527 -0.000000 0.000000 -0.000002 0.081055 -0.052657 2.207406 -1.436480 0.583524 -3.287444 -0.850744 0.833776 1.828800 -0.000002 -0.000001 -0.000002 
1.940076 112.114128 -7.520293 -0.284673 0.390407 360.256361 0.467033 -0.016844 -0.007396 -0.415843 -0.008504 -0.120543 0.192102 -0.163453 -0.054454 0.223140 0.057486 -0.099301 -0.000000 0.000000 -0.000000 -0.117390 0.166990 -0.327366 -0.071136 -0.063849 -0.126461 0.160307 -0.481168 0.974888 -0.000001 -0.000000 0.000002 -0.031202 0.178928 0.055630 -0.344006 -0.000818 0.334717 -0.514472 0.471382 -0.454289 0.000002 -0.000000 -0.000001 0.298458 0.030548 -0.209414 0.212943 -0.021976 0.102406 -0.765495 -0.257988 -0.322112 0.000001 -0.000000 0.000001 -0.019319 0.013219 -0.534699 0.352829 -0.128863 0.798463 0.202042 -0.206021 -0.441122 -0.000003 -0.000005 -0.000002 
0.890562 111.809097 -7.763648 -0.299739 1.393520 361.364381 1.628457 0.011132 -0.241387 0.768188 0.513149 -0.868573 -1.247295 0.210147 0.296689 -0.527960 -0.273396 -0.567282 -0.000001 0.000000 0.000000 -0.326335 -0.623708 -1.495950 -1.783981 1.332536 -1.289932 0.411154 -3.439608 6.000037 -0.000000 -0.000001 0.000002 -0.808520 0.396245 0.404454 -1.732903 -0.004426 0.587313 -4.381872 2.136770 -0.741710 0.000002 -0.000000 -0.000001 -0.449265 0.061985 -1.204911 2.893702 -0.423011 0.580083 -2.910381 -4.228228 -3.541966 0.000001 0.000000 -0.000001 -1.384637 0.575475 -2.628923 1.397439 -0.853165 4.077389 1.876892 -1.337212 -2.465163 -0.000003 -0.000001 -0.000002 
-0.102910 111.399368 -7.977428 -0.141322 2.040091 362.889672 2.499808 -0.119135 -0.651494 -1.052311 0.892282 -1.601542 0.630117 0.218579 0.567797 -1.818996 0.392837 -1.327330 -0.000001 0.000002 -0.000000 0.848361 -0.184593 -3.801673 -0.932009 3.484435 -1.855295 -2.303319 -4.096814 12.939985 -0.000000 -0.000000 0.000002 0.186169 0.591779 0.358595 -1.904569 2.670500 1.906826 -6.649721 5.719649 -2.179908 0.000002 -0.000000 0.000004 -0.587864 -0.060402 -1.957829 5.441855 -1.141045 0.089322 -7.340602 -2.094831 -2.781672 -0.000000 -0.000000 -0.000000 -2.893134 1.376114 -5.296506 3.540503 -1.250922 8.332675 1.683386 -2.231386 -4.997176 -0.000006 0.000000 -0.000000 
-1.051316 110.931664 -8.178759 0.097596 3.229956 364.163803 3.034238 -0.266744 -0.552046 -1.224630 1.332249 -2.132807 0.739040 -0.308388 0.419685 -1.154537 1.453390 -2.253396 -0.000001 -0.000003 -0.000000 2.139152 -0.128918 -5.962531 -0.526444 5.493886 -2.527696 -2.382800 -5.814901 20.504339 0.000001 -0.000000 0.000001 0.855392 1.050637 0.825136 -1.567731 4.509404 2.410203 -6.687489 7.290541 -3.912292 -0.000001 0.000000 0.000004 -0.891266 -0.210779 -2.803999 6.760106 -1.566302 -0.049166 -10.844839 -1.083070 -2.532191 -0.000002 -0.000000 0.000001 -3.845389 2.075077 -7.561382 3.935182 -2.273123 12.522975 2.423295 -3.798211 -8.700280 -0.000003 0.000000 -0.000000 
-1.914775 110.457382 -8.364575 -0.635489 3.476448 364.958318 4.669929 -0.429062 -0.393859 -1.602636 1.707936 -2.700069 0.820170 0.299894 0.566589 -2.008547 1.652028 -2.566313 -0.000000 0.000000 -0.000000 3.201555 -1.793664 -6.944365 -1.335195 7.980938 -3.574390 -2.427773 -7.621099 26.361668 0.000001 -0.000000 0.000002 0.852168 0.620719 0.484658 -1.720401 4.951541 3.207793 -6.847436 7.708167 -4.876307 0.000001 -0.000001 0.000001 -0.506432 -0.433669 -3.334862 8.363497 -2.120865 -0.177594 -13.189450 0.172955 -1.838652 0.000002 -0.000000 0.000001 -3.756330 2.377500 -8.966270 4.963366 -2.471351 15.244992 1.421718 -4.413741 -11.091729 -0.000007 0.000001 -0.000003 
-2.744113 109.961464 -8.559604 -0.134615 3.838726 365.560112 4.851198 -0.482022 -0.045433 -0.754148 1.974451 -2.971629 -0.012610 -0.067024 0.367882 -3.131996 2.096899 -3.002594 0.000000 0.000000 -0.000000 3.172207 -1.132422 -7.954231 -0.719713 8.212300 -4.665638 -2.985263 -9.198344 31.627864 0.000001 0.000001 0.000001 1.127747 1.634107 0.439120 -3.068909 6.732913 3.781445 -6.519446 7.898695 -6.205334 -0.000001 0.000000 0.000001 -1.648318 -0.284158 -3.912977 9.151121 -2.398978 0.013213 -14.756508 0.913168 -1.456857 -0.000000 0.000000 0.000002 -4.824786 2.883398 -10.219593 5.623504 -2.788546 17.683756 1.185316 -4.912715 -12.459418 -0.000003 -0.000001 -0.000002 
-3.543977 109.450027 -8.759442 -0.216039 4.116808 365.920937 4.516017 -0.517331 0.252355 1.562766 2.233125 -3.031872 -1.740647 -0.299469 0.303247 -3.402059 2.603359 -3.532848 -0.000000 0.000000 -0.000000 3.123996 -0.212962 -8.762248 0.112907 8.267583 -5.761747 -4.448341 -10.312599 35.957326 -0.000000 -0.000000 0.000002 1.772326 3.323550 0.385382 -4.085275 8.253996 4.452726 -5.340603 8.019361 -7.820763 -0.000002 0.000000 0.000001 -1.669335 -0.231182 -4.218750 9.171708 -2.287050 0.249704 -14.512248 1.513756 -0.752474 -0.000000 0.000000 -0.000000 -5.103483 3.053827 -11.115427 5.966502 -3.339797 19.579248 1.328470 -5.167750 -13.536889 -0.000005 0.000001 0.000001 
-4.284019 108.953087 -8.956573 0.256575 3.683172 366.118466 3.534027 -0.441384 0.100204 3.116205 2.459927 -3.110435 -2.407595 -0.057738 0.539211 -3.607520 2.975232 -3.971042 -0.000000 0.000000 -0.000000 2.747927 0.672729 -9.101552 0.509582 8.240410 -6.698303 -4.176893 -11.406700 39.005394 -0.000000 0.000001 0.000004 1.831964 3.794926 0.369053 -4.825230 9.068004 4.780270 -5.053823 7.710506 -8.284995 0.000001 -0.000004 0.000002 -2.106457 -0.286776 -4.201766 9.236677 -2.143044 -0.107310 -15.387211 2.455405 0.058258 0.000001 0.000000 -0.000000 -5.915625 3.421076 -11.636198 7.041583 -3.269147 20.654038 0.816010 -5.027469 -13.849742 -0.000002 0.000001 -0.000003 
-5.006766 108.459572 -9.152756 0.937877 3.836169 366.262474 3.559737 -0.371959 0.224912 1.467332 2.372603 -3.383140 -1.032631 1.412498 0.878018 -3.697712 2.508160 -3.520572 -0.000000 0.000000 -0.000000 3.317830 -1.800652 -9.141226 -0.399880 9.482548 -7.920991 -5.654121 -12.678074 41.265435 0.000002 -0.000000 0.000002 1.270236 3.459199 0.539119 -6.088057 9.297359 5.046723 -5.232655 7.633404 -8.482455 0.000000 0.000000 -0.000001 -2.825706 -0.022547 -4.341136 9.496631 -2.218792 0.284452 -16.566813 3.231107 0.582961 -0.000001 0.000000 -0.000000 -6.602875 3.488729 -11.981294 7.252194 -3.295977 21.826382 0.894710 -5.314649 -14.048111 -0.000004 0.000001 -0.000002 
-5.709517 107.980438 -9.351778 0.955542 4.654020 366.434321 3.828471 -0.353547 0.588956 0.851769 2.342455 -3.543320 -0.510462 2.107607 0.909299 -3.657766 2.430124 -3.330987 -0.000000 0.000000 -0.000000 3.744607 -3.505996 -9.618161 -0.834562 9.709277 -8.978870 -4.088974 -14.231952 44.541340 0.000001 0.000000 -0.000000 0.924610 3.750691 0.762702 -7.467786 9.608094 5.511727 -4.942880 6.879767 -8.803097 -0.000001 0.000001 -0.000004 -3.075783 0.148636 -4.531377 9.997725 -2.332236 0.878103 -17.583789 3.164899 0.453858 0.000002 0.000001 0.000002 -6.858316 3.496757 -12.385540 7.204260 -3.568931 23.184053 1.222867 -5.802054 -14.805410 -0.000003 0.000001 -0.000003 
-6.363729 107.535400 -9.553288 0.816075 4.798751 366.695399 4.188392 -0.412458 0.693009 1.609530 2.482711 -3.742492 -1.338265 1.655516 0.950806 -3.210070 3.046887 -3.569145 -0.000001 0.000000 -0.000001 3.334375 -1.891061 -10.269592 0.075272 8.544206 -9.358583 -1.735237 -14.973571 47.310883 0.000002 -0.000002 0.000003 1.420349 5.221578 0.847953 -8.656330 10.618373 6.159897 -4.260872 6.473908 -9.444130 0.000000 0.000001 0.000003 -3.465721 0.314027 -4.715227 10.257097 -2.616225 1.034124 -17.783639 2.974956 0.203307 0.000001 0.000000 0.000001 -7.337062 3.640286 -12.836077 7.461540 -3.534445 24.230154 1.642924 -6.395189 -15.506985 -0.000000 -0.000002 -0.000001 
-6.998410 107.110382 -9.750756 -0.183745 5.201522 366.940384 5.509420 -0.559889 1.172443 1.621235 2.591162 -3.911110 -1.584589 0.907754 0.745670 -3.131569 3.719117 -4.107821 -0.000001 -0.000001 -0.000000 3.396095 -1.187614 -11.135103 0.997913 8.036848 -9.818808 -2.801449 -15.449789 49.714174 -0.000000 0.000001 -0.000002 2.116022 6.708627 0.792065 -10.220947 12.264201 7.402270 -2.470242 6.259404 -10.212537 -0.000002 -0.000003 -0.000000 -2.854740 0.257458 -4.930973 11.442991 -2.934417 1.647774 -17.993829 2.035603 -0.638721 0.000002 0.000001 0.000000 -5.978372 3.181701 -12.942899 7.254120 -3.832469 24.695211 1.447909 -6.698588 -16.457614 -0.000007 0.000005 -0.000001 
-7.599689 106.706116 -9.952932 0.887789 4.564377 367.351097 4.358548 -0.452753 1.217096 2.186445 2.913101 -4.521415 -1.943426 1.834120 1.078958 -2.788439 4.104996 -4.448317 -0.000001 -0.000002 -0.000001 3.667783 -1.517129 -11.963519 0.966277 7.762395 -10.641173 -2.482667 -16.653617 52.782056 0.000001 -0.000001 0.000001 2.259592 7.517230 0.691719 -11.970234 13.129935 8.514686 -1.850726 5.836522 -10.683732 -0.000003 -0.000004 -0.000000 -4.158506 0.612069 -5.448460 12.045968 -2.884088 2.142507 -18.085721 0.934089 -1.616541 0.000001 0.000001 0.000000 -5.863404 3.064215 -13.451666 6.905863 -4.285140 24.545769 1.978898 -6.396121 -15.913777 -0.000006 -0.000001 -0.000002 
-8.156325 106.323601 -10.154828 1.707525 4.177162 367.656925 3.107085 -0.398277 1.259119 2.389806 3.192557 -4.975295 -1.713025 2.506590 1.314171 -2.439877 4.403810 -4.384041 -0.000001 0.000000 -0.000000 3.975985 -1.555130 -12.452891 0.945618 8.283298 -10.988684 -1.284447 -17.360799 55.634589 -0.000001 0.000000 -0.000003 2.437968 7.597988 0.559395 -12.911899 13.805017 9.537667 -1.831550 5.955407 -10.942744 0.000001 -0.000000 -0.000004 -5.209304 0.744986 -5.864742 12.823982 -3.144837 2.505857 -18.648370 0.770127 -1.869860 -0.000000 -0.000001 0.000002 -6.399945 3.311679 -13.878965 7.023050 -4.301441 24.916880 1.090438 -6.154498 -16.296825 -0.000004 0.000002 -0.000000 
-8.693235 105.966743 -10.355979 2.034830 3.524797 368.007833 3.263522 -0.443017 1.260085 2.915800 3.509256 -5.626618 -2.431995 3.327379 1.683086 -2.647651 4.584639 -4.550018 -0.000001 -0.000002 0.000000 4.030364 -1.016528 -12.950965 1.095007 8.007781 -11.052204 -2.337593 -18.293915 57.559234 -0.000000 -0.000000 0.000002 3.106227 8.872777 -0.061862 -14.512321 14.473219 11.311928 -1.013484 5.316467 -11.697319 -0.000002 0.000002 0.000001 -6.025704 0.914897 -5.990314 12.770732 -3.618938 2.369270 -19.272458 2.401670 -0.634773 0.000001 0.000001 0.000000 -7.262272 3.646086 -14.421514 7.394966 -3.969963 25.606188 0.852683 -5.871909 -15.736353 -0.000000 -0.000004 -0.000001 
-9.212547 105.635818 -10.563566 2.592117 3.663600 368.248256 3.984790 -0.572838 1.594925 2.647639 3.681857 -6.054688 -2.542775 3.782557 1.766939 -2.617505 4.563685 -4.718012 -0.000001 -0.000002 -0.000000 4.599418 -1.332969 -13.333425 1.369311 8.427195 -11.183671 -3.820950 -19.151941 60.415018 -0.000001 -0.000001 0.000001 3.786849 9.762642 -0.411031 -16.717535 16.592351 12.864823 0.364503 5.179023 -13.074660 0.000000 -0.000003 -0.000000 -7.132040 1.156137 -5.957831 13.078726 -3.699730 2.254350 -19.282493 2.670810 -0.420857 0.000001 0.000001 -0.000001 -8.780021 4.218918 -14.789373 8.214255 -3.812764 26.331457 0.341164 -5.329525 -15.440146 -0.000003 0.000000 -0.000003 
-9.692051 105.331215 -10.774117 2.517509 3.808145 368.496219 4.745871 -0.688948 1.794788 2.473867 3.877041 -6.368967 -2.643048 4.225161 1.856092 -2.964567 4.628655 -4.712327 -0.000000 0.000000 -0.000001 5.098128 -1.323020 -13.698781 1.800387 8.723145 -11.115125 -4.909567 -19.527839 61.985790 0.000003 -0.000001 0.000001 4.458761 10.212729 -0.736432 -18.032031 18.093762 14.230071 1.778219 5.019915 -14.155144 -0.000002 0.000000 0.000001 -7.502947 1.236957 -6.041461 13.318576 -3.727387 2.274114 -19.236082 2.612626 -0.347369 0.000001 0.000000 -0.000001 -9.611150 4.580417 -15.172125 8.723690 -3.817127 27.054154 0.354068 -5.249217 -15.590171 -0.000003 0.000003 -0.000002 
-10.165844 105.050308 -10.988686 2.198832 4.287088 368.792267 5.429024 -0.774745 2.069328 2.000386 4.057564 -6.659813 -2.508174 4.270106 1.823528 -2.442507 4.676393 -4.721894 -0.000000 0.000000 -0.000001 5.331769 -1.082735 -13.936583 2.195414 9.296688 -11.690111 -0.278043 -19.080197 65.546703 0.000000 -0.000000 0.000001 5.038929 10.823703 -0.979679 -19.708550 19.861794 15.519110 3.319043 4.426642 -14.760406 -0.000002 0.000004 -0.000001 -8.102840 1.321658 -6.042168 14.143055 -3.982347 2.083449 -19.339940 2.182366 -0.745232 0.000001 0.000000 -0.000000 -10.462766 4.989340 -15.586584 9.540919 -3.662268 28.089300 0.220223 -5.508361 -16.711072 -0.000003 -0.000001 -0.000000 
-10.618079 104.783241 -11.220163 1.988802 5.066561 369.334939 5.195494 -0.761798 2.108244 2.234062 4.371078 -7.070549 -2.391929 5.298541 1.958657 -2.311428 4.209817 -4.408756 -0.000000 0.000002 0.000000 6.040040 -3.128832 -14.132653 1.635649 10.954664 -12.327676 1.159754 -19.503605 68.302896 0.000001 -0.000000 0.000002 4.523315 9.242063 -1.070801 -21.698384 21.523799 16.653376 4.486526 3.090993 -14.166654 -0.000001 0.000000 0.000001 -7.922133 1.136799 -6.450859 14.117295 -3.497951 2.110281 -19.329336 2.054900 -0.600591 0.000002 0.000000 0.000001 -10.754094 5.285995 -16.228470 9.379421 -4.295905 28.741402 1.446395 -5.912783 -16.879868 -0.000006 0.000002 -0.000002 
-11.039763 104.537651 -11.444062 1.900614 5.851102 369.683770 5.387730 -0.796061 2.197211 1.878705 4.492290 -7.257621 -1.843493 5.661047 1.988786 -2.322170 4.010985 -4.343161 -0.000001 0.000002 -0.000000 6.794790 -4.296230 -14.009510 1.972134 11.379761 -12.682188 0.625009 -19.644372 69.616095 0.000001 0.000000 0.000004 4.795933 9.068418 -1.230268 -23.784498 24.111425 17.294307 6.462915 1.870102 -13.991592 -0.000002 -0.000000 -0.000001 -7.848203 1.162178 -6.831171 14.288950 -3.402413 2.458459 -19.290923 1.622223 -0.880157 0.000003 0.000000 0.000001 -11.124729 5.472555 -16.629074 9.440625 -4.663241 29.214840 1.566015 -5.617033 -16.903663 -0.000006 -0.000003 0.000001 
-11.448384 104.300995 -11.669960 1.412892 6.837171 370.088828 5.726394 -0.849743 2.218062 0.249334 4.623918 -7.532970 -0.051308 5.674233 2.236542 -3.341783 3.960775 -4.372397 -0.000001 0.000002 -0.000001 7.438948 -5.050607 -14.134136 2.571980 11.652343 -13.071713 -2.576880 -20.672384 70.781086 -0.000002 0.000000 0.000001 5.202140 9.129723 -1.498547 -24.938648 24.906189 18.771578 7.043526 2.199373 -14.956712 -0.000001 -0.000002 -0.000002 -7.205776 1.016482 -7.187605 14.586461 -3.244068 2.856441 -19.569378 0.987570 -1.400306 0.000001 -0.000000 -0.000000 -10.677640 5.427791 -17.044136 9.333297 -5.147151 29.644705 0.921663 -5.121450 -16.882626 -0.000008 0.000001 -0.000002 
-11.842590 104.087250 -11.898870 0.485721 7.974854 370.617157 6.365640 -0.903598 2.313842 -0.062045 4.763432 -7.774879 0.303065 5.681924 2.288176 -2.986116 3.763272 -4.128546 -0.000001 0.000004 -0.000000 7.592286 -5.242358 -14.896400 2.908334 11.232349 -13.199625 -7.353909 -22.535342 71.299928 -0.000001 -0.000001 0.000001 5.093552 8.786142 -1.538868 -26.231166 25.513904 19.918616 7.614077 1.789616 -15.286677 0.000001 -0.000005 -0.000000 -6.102627 0.766183 -7.544204 14.598378 -3.034816 3.164349 -19.973169 0.260986 -1.989303 0.000001 0.000001 -0.000001 -10.253781 5.388242 -17.626329 9.403086 -5.444555 30.362342 0.576806 -5.005017 -17.223712 -0.000005 0.000001 0.000003 
-12.206042 103.887581 -12.121482 0.169249 9.040005 370.980687 6.280671 -0.911901 2.509788 1.360193 4.774351 -7.758215 -0.961943 5.326297 1.819116 -2.684293 3.501716 -3.926747 0.000001 0.000000 -0.000001 7.830929 -5.965726 -15.353434 3.180229 10.364418 -13.203814 -12.258532 -24.152505 70.818297 -0.000000 0.000001 0.000002 5.293529 9.680915 -1.705593 -27.374293 26.211809 20.222915 8.142660 1.022401 -15.099306 -0.000002 0.000001 -0.000003 -5.447819 0.695407 -7.920879 14.594226 -2.949365 3.599362 -20.656524 -0.425744 -2.774526 -0.000000 0.000001 -0.000001 -9.737923 5.198281 -18.048539 8.734514 -6.029557 30.784311 0.630617 -5.182638 -17.739741 -0.000003 0.000003 -0.000003 
-12.552406 103.704910 -12.358349 0.111649 9.720860 371.441369 5.746599 -0.876436 2.506913 2.940786 4.783532 -7.720134 -2.060340 5.143387 1.499705 -2.433406 3.656714 -3.953235 -0.000001 0.000000 0.000000 8.092325 -6.566277 -16.042999 3.165903 10.002312 -13.214485 -12.842372 -24.991947 71.749320 0.000001 -0.000001 0.000002 5.274956 9.890097 -1.735483 -28.514327 26.832810 20.633375 8.161737 0.656248 -14.637918 0.000002 -0.000002 -0.000000 -4.571656 0.542307 -8.334584 14.007163 -2.859468 3.839767 -20.757660 -0.857096 -3.255917 0.000002 0.000001 0.000000 -9.429534 5.162079 -18.646625 7.860761 -6.538923 31.162991 2.418784 -6.067652 -17.460457 -0.000002 0.000003 -0.000003 
-12.889647 103.541382 -12.594635 -0.988601 10.592658 371.714304 6.977192 -1.024570 3.060075 3.047897 4.861966 -7.792771 -2.305101 4.838923 1.218531 -2.225041 3.695490 -4.061449 -0.000001 -0.000001 -0.000001 8.347549 -6.837293 -16.263421 4.008174 8.937259 -13.674968 -14.613400 -26.165128 72.238314 -0.000001 -0.000000 0.000006 5.636369 10.694584 -2.006757 -29.614273 28.116330 20.909659 8.114831 -0.072609 -14.014603 -0.000002 -0.000000 -0.000001 -3.427080 0.195141 -8.310525 13.480304 -2.841255 3.814445 -20.681292 -1.338021 -3.721113 0.000002 -0.000001 -0.000000 -8.177795 4.891541 -18.879795 6.925110 -7.100298 31.744049 3.655094 -6.774761 -17.658945 -0.000004 -0.000002 -0.000001 
-13.203887 103.394646 -12.820392 -1.463303 11.097416 371.868884 8.339687 -1.141108 3.540192 2.652819 4.927051 -7.840400 -2.374020 4.573050 0.979235 -2.365939 3.894550 -4.169109 -0.000001 0.000004 -0.000001 8.500852 -7.251999 -16.428555 4.085642 8.796534 -13.888188 -14.669083 -26.837348 72.993316 0.000001 0.000001 -0.000002 5.822480 11.305460 -2.027548 -30.545439 29.108873 21.024138 7.786028 -0.221576 -14.478157 0.000005 -0.000001 -0.000002 -3.043181 -0.001090 -8.262046 13.491008 -2.918790 3.737475 -20.417642 -1.547009 -3.890251 -0.000000 0.000001 -0.000001 -7.816836 4.940988 -19.078528 6.261163 -7.436765 32.237103 4.219899 -7.295715 -17.766560 -0.000004 0.000003 -0.000002 
-13.509193 103.238922 -13.057738 -2.258172 11.389291 372.205148 8.451011 -1.152003 3.709661 3.153096 5.051766 -8.001562 -2.584553 4.591473 0.880424 -1.680632 3.946241 -4.220267 -0.000001 0.000000 0.000000 8.439716 -7.182117 -16.963328 4.544745 8.036806 -13.982868 -16.578068 -27.757394 73.175860 -0.000000 0.000001 0.000002 6.211665 12.232450 -2.350809 -31.489347 29.943105 21.204515 8.050137 -0.576095 -13.837243 0.000000 0.000002 0.000000 -2.368872 -0.178891 -8.325709 13.827764 -2.929803 3.782798 -20.288162 -2.131250 -4.490481 0.000002 -0.000001 -0.000000 -7.537790 5.027255 -19.610226 6.514316 -7.463116 33.060117 4.398141 -7.292410 -17.396756 -0.000005 -0.000001 -0.000000 
-13.802463 103.083229 -13.286055 -2.563288 11.919891 372.708533 8.688086 -1.143586 3.717771 2.615878 5.242115 -8.317763 -2.163458 4.505948 0.948611 -1.652810 3.969450 -4.125242 -0.000000 -0.000002 0.000000 8.499419 -7.265196 -17.203816 5.076606 6.963815 -14.081290 -16.136896 -28.298454 74.421775 0.000001 0.000000 -0.000001 6.428038 12.377357 -2.786686 -32.963224 30.816328 21.855062 8.107937 -0.865157 -13.206470 0.000001 0.000002 -0.000005 -2.513264 -0.231097 -8.767981 14.182234 -3.110738 3.935142 -20.445300 -2.540289 -4.931400 0.000001 0.000001 0.000000 -7.664242 5.305317 -20.410292 6.382635 -7.627059 34.036434 4.635312 -7.744207 -17.899545 -0.000004 -0.000003 0.000001 
-14.072642 102.939072 -13.504152 -2.448359 12.055655 373.081380 8.685034 -1.130629 3.767803 2.819392 5.419687 -8.635724 -2.222010 4.177915 0.999411 -1.269089 4.144889 -4.289022 -0.000000 0.000000 -0.000000 8.161417 -6.550356 -17.652390 5.194269 6.389827 -14.364306 -16.138557 -28.798273 75.106946 0.000001 -0.000000 -0.000001 6.852776 13.370234 -3.460088 -34.503698 32.147440 21.904941 8.629246 -1.819005 -12.158617 0.000002 0.000003 -0.000005 -2.727321 -0.179658 -9.118335 14.643574 -3.249044 3.990776 -20.532922 -2.760446 -5.198162 0.000002 0.000000 -0.000000 -7.780578 5.457804 -20.922054 6.551253 -7.548634 34.397826 4.326789 -7.612388 -17.766032 -0.000001 0.000003 -0.000003 
-14.336146 102.792877 -13.704234 -2.485225 12.079616 373.557471 9.271380 -1.151776 3.521175 2.620215 5.721244 -9.000745 -2.392074 4.731153 1.256858 -1.218770 4.097576 -4.178233 0.000000 0.000002 -0.000001 8.409380 -6.928852 -17.459268 5.772236 6.268497 -14.590918 -17.822043 -29.395700 75.034150 -0.000001 0.000000 -0.000001 7.501445 14.508413 -3.856752 -35.864500 34.997176 21.331075 9.730139 -3.152306 -11.347229 0.000000 -0.000001 -0.000001 -2.943662 -0.396077 -9.342282 15.211736 -3.535587 3.683191 -20.583393 -2.857608 -5.303885 -0.000000 0.000000 -0.000000 -7.978294 5.888099 -21.428622 6.727652 -7.483921 35.032167 3.704989 -7.494755 -18.101979 -0.000004 -0.000001 -0.000000 
-14.591372 102.640427 -13.915058 -3.568814 11.979148 373.864638 9.232910 -1.130785 3.361517 3.402077 5.751148 -8.973401 -2.827763 4.339540 1.285393 -0.402972 4.322615 -4.418341 -0.000001 0.000000 -0.000001 8.213976 -6.527067 -17.765192 6.474764 4.865327 -14.513489 -12.615593 -28.744168 78.164815 0.000001 0.000000 -0.000004 8.262688 16.594778 -4.264013 -36.485826 35.939663 21.052740 10.032179 -3.709524 -10.769580 0.000002 -0.000001 0.000001 -2.580307 -0.542918 -9.323996 15.805418 -3.757552 3.512844 -21.038280 -2.348251 -4.911823 0.000002 0.000001 0.000000 -7.332533 5.771521 -21.642119 7.444419 -7.105196 35.631181 2.770646 -7.273028 -18.495444 -0.000001 -0.000001 -0.000002 
-14.826947 102.490944 -14.117800 -4.561460 11.852563 374.043890 10.158380 -1.207236 3.634991 3.618607 6.043149 -9.379272 -3.208394 4.548731 1.482555 -0.034571 4.363393 -4.323644 0.000000 -0.000002 -0.000001 8.113611 -5.673645 -18.261192 7.221817 3.777904 -14.019149 -12.976028 -29.072605 78.740743 0.000000 -0.000002 -0.000001 8.634469 16.771751 -4.647724 -37.420851 37.497066 21.074347 10.565344 -4.076561 -9.782071 0.000003 -0.000000 -0.000001 -2.366792 -0.649938 -9.162017 16.667396 -4.053902 3.298381 -21.173914 -2.205546 -4.802053 0.000001 0.000000 -0.000000 -7.061003 5.758736 -21.719520 8.233513 -6.667512 36.083944 1.809017 -6.963514 -18.733153 -0.000004 0.000001 -0.000002 
-15.038600 102.340019 -14.315535 -4.555836 11.499491 374.351194 10.162443 -1.244559 3.724270 3.534647 6.304627 -9.703663 -2.935565 4.316811 1.652889 0.252061 4.969552 -4.674680 0.000000 -0.000002 -0.000001 8.151846 -4.951172 -18.840346 7.507431 3.958107 -14.044974 -16.487850 -30.244201 77.893513 0.000000 0.000001 -0.000002 9.503090 18.196030 -5.377200 -38.486490 39.518812 20.980859 10.851133 -4.935000 -9.244518 -0.000002 -0.000000 0.000001 -3.249286 -0.661447 -9.418580 17.676963 -4.497070 3.065622 -21.762948 -1.539713 -4.242882 -0.000001 -0.000000 -0.000000 -7.690711 6.279529 -22.290150 9.009223 -6.185222 36.769432 1.976616 -7.250326 -18.880960 -0.000005 -0.000003 -0.000000 
-15.235770 102.184647 -14.512905 -4.441661 11.312751 374.613582 10.146363 -1.256419 3.919408 4.019725 6.367733 -9.988941 -3.382259 5.269338 1.731633 0.336902 4.874553 -4.652863 0.000001 0.000002 -0.000000 8.278100 -4.972506 -19.293363 7.834324 3.184317 -13.930254 -17.330418 -30.604855 78.234182 0.000002 0.000002 -0.000002 9.265976 17.441585 -5.577347 -39.605904 40.357289 21.354025 11.033183 -4.784492 -8.234582 -0.000001 0.000002 0.000001 -4.381733 -0.204796 -9.804602 18.690208 -4.950495 3.153470 -22.018010 -1.962420 -4.838469 -0.000000 0.000000 -0.000000 -8.146471 6.371400 -22.749313 9.706544 -5.869180 37.186507 1.883695 -7.244252 -19.151555 0.000001 0.000001 -0.000003 
-15.417329 102.042725 -14.718151 -3.911709 11.458802 374.791768 9.545885 -1.245876 3.991869 4.293002 6.420409 -10.082940 -3.215949 5.389381 1.764994 0.060478 5.023111 -4.933224 -0.000001 -0.000001 -0.000001 8.309928 -4.926186 -19.557741 7.838968 3.337679 -14.076652 -17.056313 -30.710880 78.771417 -0.000000 0.000000 0.000001 9.515244 17.490810 -6.085960 -40.407570 40.976275 21.785556 10.893347 -4.563176 -8.050579 0.000001 0.000000 -0.000003 -4.937281 -0.050917 -10.128336 18.912881 -4.947915 3.337510 -22.339503 -1.880632 -4.835510 -0.000000 0.000000 -0.000001 -8.133843 6.410762 -23.142797 9.347053 -6.252967 37.400822 2.191185 -7.288922 -19.062303 -0.000003 -0.000001 -0.000002 
-15.588809 101.898262 -14.917114 -4.148910 11.520338 374.924329 9.722183 -1.275861 4.282761 4.138496 6.576714 -10.385937 -3.265687 5.864439 1.829821 0.306606 5.061552 -4.979909 -0.000000 -0.000001 -0.000001 8.194864 -4.748353 -20.175416 7.942850 2.811127 -13.979220 -21.145808 -31.957892 77.428322 0.000002 -0.000002 -0.000003 9.632919 17.589689 -6.561162 -40.870175 41.853166 21.328201 10.527505 -4.553451 -6.066390 0.000002 -0.000003 -0.000004 -5.995127 0.193029 -10.262207 20.491589 -5.454001 3.450713 -22.544740 -1.933065 -4.951006 0.000001 -0.000000 0.000002 -8.201387 6.452588 -23.252495 9.855505 -5.934756 37.717138 1.748711 -7.101212 -18.966928 -0.000001 0.000000 -0.000003 
-15.743155 101.750504 -15.116385 -4.498059 11.750863 375.304907 9.937344 -1.302577 4.483003 3.612166 6.878885 -10.882119 -2.877187 6.275463 2.058980 0.311568 4.993526 -5.218019 -0.000001 0.000000 -0.000001 8.328894 -4.858743 -20.848099 8.501262 1.855184 -13.456484 -22.658869 -32.624341 77.521015 0.000002 -0.000000 -0.000001 9.658114 17.526313 -6.677219 -40.968291 42.300649 21.179956 10.152871 -4.322233 -4.714829 0.000000 -0.000000 0.000001 -6.527936 0.235627 -10.682698 21.440841 -5.577031 3.638651 -22.542807 -1.781607 -4.728189 -0.000001 0.000000 -0.000001 -8.390198 6.722087 -23.947792 10.499780 -5.833099 38.521584 1.460222 -6.968088 -19.320139 -0.000004 -0.000002 -0.000002 
-15.880754 101.610550 -15.314993 -4.895279 11.834439 375.481972 10.215267 -1.353464 4.786730 3.271975 7.053930 -11.170860 -2.687761 5.449757 2.039643 1.069804 5.414105 -5.399270 -0.000001 0.000000 -0.000001 8.316864 -4.605766 -21.059840 8.521931 2.022656 -13.767896 -19.720433 -32.473608 79.398265 0.000001 -0.000001 0.000004 10.566934 19.372804 -7.223910 -41.078602 42.295649 21.268579 9.917799 -4.497857 -4.644456 0.000000 -0.000003 -0.000000 -6.624844 0.162814 -10.769701 22.099886 -5.923625 3.564258 -22.616307 -1.153774 -4.225838 0.000002 0.000001 -0.000001 -8.268478 6.828149 -24.315863 10.246458 -5.953656 39.229113 1.661034 -7.193276 -19.240308 0.000001 -0.000004 -0.000001 
-16.014874 101.472275 -15.511438 -5.354150 12.368808 375.806133 10.140136 -1.360963 4.906898 3.796654 7.039610 -11.176803 -2.980062 5.705588 1.856569 1.162371 5.114444 -5.471917 0.000000 0.000000 -0.000001 8.350455 -4.657824 -21.281208 8.916453 1.503614 -13.727992 -17.375048 -32.179016 81.313347 0.000001 0.000000 -0.000001 10.391556 18.389222 -7.611545 -42.085778 42.330200 22.352409 9.558472 -3.932589 -3.880330 -0.000001 0.000000 -0.000003 -5.864909 0.021504 -11.115657 21.993267 -5.777590 4.034319 -23.200780 -1.725644 -4.955918 -0.000000 0.000001 0.000000 -7.749861 6.708734 -24.734480 10.229740 -6.176240 39.712598 1.377112 -6.935160 -19.398152 0.000001 0.000003 0.000001 
-16.152584 101.338310 -15.699648 -5.669896 12.684531 376.161412 10.200286 -1.325650 4.793577 3.687438 7.159668 -11.323167 -2.716961 6.120681 1.932188 1.230377 4.776182 -5.492092 -0.000002 -0.000001 -0.000002 8.481692 -5.544611 -21.448023 9.213761 1.173558 -13.585286 -18.815237 -32.736140 81.328360 -0.000000 0.000000 0.000003 10.453027 18.303684 -7.926592 -42.675329 43.155440 22.413628 9.529042 -3.749568 -1.722440 -0.000002 -0.000002 -0.000002 -5.482452 -0.106066 -11.342041 21.895954 -5.447886 4.071275 -23.382811 -2.059612 -5.298623 0.000002 0.000001 0.000000 -7.371572 6.670429 -25.077142 10.265758 -6.405482 40.067136 1.201349 -6.989431 -20.136818 -0.000004 0.000004 -0.000003 
-16.279671 101.212997 -15.890236 -5.878343 13.197770 376.309901 10.195283 -1.322576 4.851744 3.437878 7.194520 -11.342959 -2.496566 5.860563 1.947244 1.036496 4.854600 -5.717971 -0.000001 0.000000 0.000000 8.386678 -5.000499 -21.790795 9.852172 0.519776 -13.398972 -17.918163 -32.606770 82.366474 0.000002 -0.000001 0.000005 10.693111 18.106533 -8.395641 -43.458718 43.954316 22.852865 9.551571 -3.343083 -0.528680 -0.000001 0.000000 0.000001 -5.611227 -0.085984 -11.599360 22.484013 -5.432774 4.502454 -23.659564 -2.303592 -5.615558 0.000001 0.000000 -0.000000 -7.024233 6.585273 -25.250062 10.002052 -6.772491 40.449965 1.402377 -7.074031 -20.283177 -0.000005 0.000002 -0.000000 
-16.399265 101.083778 -16.090376 -5.951322 13.395796 376.475492 10.130356 -1.313481 4.890214 3.634474 7.179883 -11.349339 -2.544241 5.541800 1.913404 1.318183 5.063700 -5.869518 0.000001 0.000000 -0.000001 8.455530 -5.115188 -22.109220 9.848623 0.395358 -13.528073 -18.310491 -33.226849 83.074293 0.000001 0.000000 -0.000002 11.160673 18.976636 -8.773355 -43.912318 45.000141 22.372245 9.295327 -3.325495 0.559008 0.000001 -0.000001 -0.000001 -5.536157 -0.090055 -11.793300 22.819368 -5.349954 4.682916 -24.093521 -2.246341 -5.643851 0.000002 0.000000 -0.000000 -7.136765 6.666938 -25.510456 10.262436 -6.709451 40.771537 1.473526 -7.115949 -20.160253 -0.000006 0.000003 -0.000001 
-16.506172 100.956024 -16.279922 -6.086098 13.950034 376.584502 9.725732 -1.330181 5.152325 3.837006 7.155043 -11.286943 -2.384658 5.023665 1.744394 1.620619 5.391517 -6.093573 0.000001 0.000002 -0.000001 8.437192 -4.920188 -22.348642 9.891401 0.518152 -14.121969 -18.669540 -34.007966 83.837478 0.000001 -0.000001 -0.000001 11.516089 19.397339 -9.279374 -44.724325 45.382605 22.819428 8.778507 -3.486420 1.007055 0.000001 -0.000000 -0.000000 -6.093741 -0.049123 -12.120466 23.793025 -5.678587 5.171318 -24.363777 -2.227212 -5.744597 -0.000000 0.000001 0.000000 -7.166442 6.800060 -25.848579 10.073037 -6.851300 41.560250 1.747524 -7.458964 -20.302647 -0.000001 -0.000001 -0.000001 
-16.601271 100.835236 -16.464869 -6.034181 14.202870 376.690889 10.000678 -1.349801 5.238168 3.536119 7.205727 -11.380181 -2.259828 4.869297 1.819755 1.832272 5.515357 -6.064574 -0.000001 0.000002 -0.000000 8.676879 -5.310189 -22.404986 10.007131 0.531950 -14.104668 -20.705228 -34.631163 83.252021 0.000001 -0.000001 0.000002 11.996396 19.852396 -9.786400 -45.144245 46.212613 22.694774 8.614390 -3.187230 0.991118 -0.000002 -0.000003 -0.000002 -6.635746 0.080831 -12.284928 24.397484 -5.836375 5.331436 -24.349203 -2.341897 -5.814781 0.000001 0.000000 0.000001 -7.441703 6.962159 -26.145150 10.176405 -6.903198 42.118850 2.115216 -7.649894 -20.279935 -0.000000 -0.000001 -0.000000 
-16.690224 100.711159 -16.646732 -5.929977 14.407652 376.830006 9.507254 -1.325911 5.324279 3.194361 7.423269 -11.838307 -1.871132 4.929292 2.152055 2.048897 5.577880 -6.063675 -0.000000 0.000002 -0.000001 8.802482 -5.813463 -22.507707 10.369049 -0.082230 -14.246179 -17.282231 -34.189096 85.731920 0.000001 0.000000 0.000001 12.457520 20.644400 -10.283776 -44.749060 47.036890 21.515716 8.072340 -2.682327 1.953114 0.000000 0.000001 0.000001 -6.931161 0.252855 -12.547681 24.778379 -5.940001 5.558588 -23.962990 -2.425796 -5.830149 0.000002 0.000000 -0.000000 -7.355711 6.895335 -26.478314 10.004801 -7.121757 42.498619 2.462847 -7.819813 -20.289975 0.000003 0.000003 0.000001 
-16.780666 100.584480 -16.820023 -6.236691 14.677605 376.994641 10.161459 -1.384932 5.754957 3.671216 7.453892 -11.905040 -2.322818 4.573357 1.886765 1.955228 5.701344 -6.274285 0.000001 0.000000 -0.000001 8.937343 -5.270080 -22.931214 10.857340 -0.436067 -13.790906 -22.076640 -35.255678 83.803375 0.000001 -0.000002 0.000001 12.908608 20.724952 -10.714609 -45.337419 48.556109 21.390624 7.835052 -1.609740 1.514601 -0.000001 -0.000000 -0.000003 -7.274428 0.384147 -12.725112 25.670916 -6.126708 5.836665 -23.861066 -2.620521 -5.892020 0.000001 0.000001 -0.000001 -6.604311 6.586748 -26.686826 9.712187 -7.509994 42.708244 2.741063 -7.626627 -20.095113 -0.000000 0.000002 -0.000002 
-16.864599 100.464500 -16.993788 -6.610859 14.924809 377.296453 10.166181 -1.384187 5.804807 4.112482 7.583604 -12.096027 -2.752587 4.397812 1.750692 2.875707 5.440765 -5.753438 -0.000000 -0.000002 -0.000000 9.055970 -5.487318 -22.938521 10.757883 0.273856 -14.244913 -24.574399 -35.841947 82.754258 0.000000 -0.000000 0.000000 13.168059 21.324330 -10.588434 -44.801099 48.652756 20.948730 7.388773 -0.890274 0.947060 -0.000002 0.000000 0.000001 -7.211098 0.363499 -12.998056 26.020094 -6.217558 5.928370 -24.158934 -2.564078 -5.925222 0.000001 0.000001 -0.000001 -5.783850 6.292389 -26.904998 9.117104 -7.953547 42.815864 3.325474 -8.024493 -20.334470 0.000001 0.000000 -0.000000 
-16.947741 100.336258 -17.170591 -6.917286 15.071861 377.943491 10.014428 -1.362662 5.633150 4.549894 7.932891 -12.667951 -2.882703 4.836583 1.801391 3.713783 4.733914 -4.851205 0.000000 0.000002 -0.000000 9.437556 -7.018784 -22.334341 10.532817 1.176183 -14.854068 -29.943823 -36.694047 79.824414 0.000001 -0.000001 -0.000003 13.511218 21.502448 -11.118008 -44.269912 49.281546 20.015186 6.152709 -0.352189 2.424355 0.000004 0.000001 -0.000004 -7.669616 0.340796 -13.643675 26.897749 -6.522414 5.790386 -23.987985 -2.253555 -5.553141 -0.000000 0.000001 -0.000001 -4.999914 6.182146 -27.507658 8.558866 -8.270467 43.047629 4.129634 -8.538187 -20.262822 -0.000000 0.000000 0.000002 
-17.026806 100.208267 -17.353018 -7.479852 15.722786 378.289071 10.305745 -1.399122 6.102483 3.737277 8.336215 -13.314461 -2.185979 4.606653 1.965389 4.289791 4.546206 -4.420155 -0.000001 0.000002 -0.000000 9.601316 -7.914886 -22.129610 10.644661 1.017126 -15.231805 -30.122094 -37.253600 80.301660 -0.000001 -0.000002 -0.000004 13.666822 21.745768 -11.299734 -44.495028 49.231874 20.191354 5.338818 -0.025854 3.101586 0.000002 -0.000000 0.000001 -6.908551 0.094920 -13.960922 27.296661 -6.501286 6.307541 -24.464851 -2.462572 -5.922373 -0.000000 -0.000000 -0.000001 -3.946832 5.812742 -27.849883 8.020953 -8.730358 43.551762 4.757813 -8.925342 -20.192134 -0.000006 0.000002 -0.000000 
-17.097349 100.086609 -17.532631 -7.447147 15.856006 378.577961 10.605864 -1.440910 6.275623 2.871104 8.794208 -13.950752 -1.179992 4.637462 2.426482 4.303426 4.488506 -4.114800 -0.000000 0.000002 -0.000001 9.818006 -8.479014 -21.843973 10.728736 1.378528 -15.442279 -33.938804 -37.767480 78.279077 0.000001 -0.000001 -0.000004 14.168999 21.832339 -12.005942 -44.648892 50.786473 19.379516 4.706639 0.363454 4.041680 0.000001 -0.000000 0.000003 -6.882521 0.015105 -14.238068 27.786601 -6.519076 6.478747 -24.384602 -2.757192 -6.179644 0.000002 0.000000 -0.000000 -3.598314 5.767702 -28.174083 7.943302 -8.855716 43.589195 4.866283 -8.968950 -20.022114 -0.000001 0.000001 0.000001 
-17.168541 99.956635 -17.705423 -6.812327 16.027901 378.922639 10.758622 -1.463014 6.215830 3.630255 8.777687 -13.939731 -1.850015 4.393947 2.087021 3.840022 4.984041 -4.366201 -0.000001 -0.000002 -0.000001 9.834761 -8.302557 -21.933044 10.815247 1.433021 -15.624420 -36.649064 -38.230495 76.938181 0.000001 0.000002 -0.000000 15.051363 22.343012 -13.276255 -44.746864 52.733261 18.023974 3.547154 0.960674 4.652526 0.000000 0.000001 -0.000004 -8.549764 0.416672 -14.748602 29.028741 -6.996167 6.350111 -24.611316 -2.246853 -5.674691 -0.000000 0.000001 -0.000001 -4.358000 6.249923 -28.840761 7.953330 -8.838850 44.181997 5.048011 -9.423421 -20.331889 -0.000003 -0.000001 -0.000000 
-17.232000 99.827621 -17.876858 -6.615574 16.190347 379.224370 11.015064 -1.493719 6.334689 3.633041 9.005119 -14.279630 -1.944382 4.485543 2.066123 3.738821 5.150186 -4.232769 0.000000 -0.000002 -0.000001 9.963082 -8.753369 -22.054846 10.862748 1.330653 -15.584929 -33.049134 -38.482703 79.770080 0.000001 0.000001 -0.000006 15.409492 22.342930 -13.953549 -45.057457 53.741117 17.506355 1.993493 1.599456 5.868619 0.000004 0.000001 -0.000000 -9.095545 0.492088 -15.170076 29.662859 -7.158028 6.483037 -24.667635 -1.974218 -5.374496 -0.000001 0.000000 0.000001 -3.914154 6.175131 -29.252140 7.324139 -9.188002 44.357823 5.372828 -9.940048 -20.565194 -0.000003 -0.000005 0.000003 
-17.288464 99.704651 -18.044476 -6.459095 16.407084 379.525007 11.305427 -1.521453 6.397804 4.034705 8.947553 -14.243062 -2.464660 3.998845 1.735971 3.567352 5.584138 -4.537640 0.000001 0.000000 0.000000 9.829939 -8.265083 -22.326121 10.786908 1.253536 -15.839822 -33.267632 -38.908914 79.946422 0.000002 -0.000001 -0.000000 15.737845 22.545939 -14.593688 -46.300975 54.091594 18.346067 1.231169 1.787948 5.647505 0.000003 0.000002 0.000003 -9.307617 0.560028 -15.628019 29.791407 -7.239766 6.659840 -24.419719 -2.035101 -5.348833 -0.000001 0.000000 -0.000001 -3.946352 6.225151 -29.582386 7.280872 -9.182168 44.446172 4.922031 -9.859660 -20.752227 0.000003 -0.000001 -0.000002 
-17.346695 99.579300 -18.214764 -7.032615 16.509628 379.841955 11.746103 -1.553604 6.397277 2.929054 9.398326 -14.865065 -1.353448 4.052490 2.537826 3.935303 5.662823 -4.120116 -0.000001 0.000002 0.000000 9.766945 -8.527568 -22.264805 10.983632 1.081965 -16.396151 -32.232937 -39.322099 81.018393 0.000001 0.000001 0.000002 15.698447 22.451062 -14.733550 -47.134036 54.122303 19.051793 1.022004 1.676556 4.168408 0.000001 0.000001 -0.000001 -8.740299 0.248837 -15.734253 30.218260 -7.346835 6.692233 -23.582031 -2.335111 -5.409516 0.000001 0.000001 0.000000 -3.249416 6.017532 -29.706204 7.269912 -9.144273 44.757673 5.098066 -10.229960 -20.720089 -0.000004 -0.000005 0.000003 
-17.399549 99.446114 -18.376352 -7.169194 16.660356 380.070739 11.988283 -1.574294 6.471322 2.853475 9.429897 -14.835266 -1.040532 3.951059 2.482611 3.835431 5.964718 -4.212050 -0.000000 -0.000001 -0.000001 9.714854 -8.603272 -22.321540 11.112520 0.940935 -16.481492 -33.752859 -39.673454 80.285930 0.000001 0.000000 -0.000004 16.046339 22.689006 -15.302503 -47.739891 55.301183 18.848353 0.577604 1.855924 3.816786 0.000000 0.000003 -0.000001 -9.304662 0.322066 -16.003082 31.519571 -7.625117 6.925944 -23.384140 -2.386499 -5.298260 0.000001 0.000000 0.000001 -3.242964 6.134835 -30.115260 7.320497 -9.264801 45.370560 5.505348 -10.429352 -20.471749 -0.000003 -0.000003 0.000002 
-17.454767 99.315002 -18.539146 -7.097197 16.660237 380.225594 11.495968 -1.540334 6.169033 2.411972 9.577694 -15.077287 -0.343177 3.886634 2.990922 4.089699 6.082339 -4.320361 -0.000000 0.000000 -0.000001 9.600859 -7.968592 -22.636172 11.625072 -0.014347 -16.217470 -32.699165 -39.709033 81.281922 0.000001 -0.000002 0.000005 16.296497 22.898580 -15.564335 -47.983373 55.976744 18.695322 -0.149140 2.508566 4.516175 0.000005 -0.000002 -0.000002 -9.600176 0.458237 -16.160011 31.974253 -7.686502 6.990037 -22.755241 -2.501487 -5.224382 0.000002 0.000000 -0.000001 -3.239274 6.149253 -30.379257 7.450176 -9.334017 45.587199 5.809577 -10.310757 -20.123914 -0.000006 -0.000002 -0.000002 
-17.502977 99.180069 -18.700724 -7.517609 16.314303 380.226686 11.832703 -1.567496 6.320551 1.911048 9.689945 -15.335385 -0.007359 4.041745 3.205475 4.374199 6.114400 -4.457778 0.000000 0.000000 -0.000001 9.358501 -6.491079 -23.215195 12.184859 -1.259429 -15.830811 -30.831651 -39.701499 82.672459 0.000002 -0.000001 0.000002 16.429586 22.803924 -15.791013 -48.832144 55.616209 19.839225 -1.854940 3.661923 5.015119 0.000002 0.000003 -0.000003 -9.488425 0.471463 -15.949725 32.425083 -8.013759 6.731211 -21.912639 -2.296611 -4.864749 0.000001 0.000000 -0.000000 -3.028393 6.020213 -30.390619 7.784089 -9.122261 45.744844 5.295384 -9.958676 -20.159209 0.000001 -0.000001 -0.000000 
-17.556309 99.031143 -18.863590 -8.047751 15.992992 380.193901 11.922473 -1.582949 6.357859 1.446413 9.742490 -15.516293 0.390887 4.140105 3.467979 5.003886 6.306040 -4.561788 0.000001 0.000000 -0.000001 9.492892 -6.613411 -23.081666 12.459186 -1.639947 -15.998547 -24.192175 -38.627257 86.903372 0.000002 -0.000001 0.000001 16.692713 23.041389 -16.015124 -48.884972 56.167729 19.380196 -3.854254 4.804811 7.107386 0.000001 0.000003 0.000000 -10.106837 0.739465 -15.719656 33.797077 -8.533265 6.631807 -21.666596 -2.036997 -4.598849 0.000001 -0.000001 0.000001 -3.289253 6.062464 -30.280623 8.721006 -8.441954 46.109890 5.036875 -9.796904 -20.087458 -0.000006 0.000000 -0.000003 
-17.610640 98.893501 -19.027781 -7.903428 16.151260 380.273077 12.275069 -1.603479 6.561350 1.450218 9.668551 -15.518403 0.237940 3.967704 3.281851 4.885403 6.457480 -4.744179 -0.000001 -0.000002 -0.000000 9.539211 -6.570560 -23.147252 12.425791 -1.745750 -16.170027 -22.081512 -38.160123 88.123900 0.000001 -0.000001 -0.000002 16.927186 22.979835 -16.624182 -49.086483 57.178912 18.673293 -4.469648 5.153482 7.454827 0.000002 0.000002 0.000001 -10.607119 0.983261 -15.803145 34.643963 -8.943925 6.756949 -21.486908 -1.747008 -4.382964 0.000001 0.000000 0.000001 -3.532525 6.145740 -30.534972 8.490124 -8.573971 46.358338 5.110180 -9.783226 -19.958455 -0.000003 0.000001 -0.000003 
-17.661663 98.757629 -19.190367 -7.608231 15.864093 380.271438 12.426110 -1.603757 6.628907 1.145116 9.731990 -15.695759 0.481198 4.175371 3.462214 4.895623 6.744320 -5.037864 0.000001 0.000002 0.000001 9.396647 -5.949288 -23.578972 12.814928 -2.584227 -16.051146 -23.423845 -38.524975 87.542446 0.000001 0.000000 -0.000001 17.039925 23.039598 -16.848323 -49.836906 57.273622 19.235751 -5.014017 5.784670 6.862198 -0.000002 0.000002 0.000000 -11.188182 1.219579 -15.764171 35.078004 -9.171053 6.545091 -21.136181 -1.673184 -4.379352 -0.000001 -0.000000 -0.000000 -3.769989 6.243786 -30.704709 8.365005 -8.648934 46.546766 4.468803 -9.545013 -20.030986 -0.000002 0.000002 -0.000002 
-17.708500 98.608810 -19.354811 -6.897350 15.510465 380.318675 11.463381 -1.575552 6.297980 2.126674 9.608524 -15.638184 -0.273502 4.645148 3.305253 5.380813 6.776515 -4.869005 -0.000001 0.000002 -0.000001 9.460550 -5.802595 -23.562334 12.962303 -2.245353 -16.650953 -23.500980 -38.588004 88.009528 0.000001 0.000000 -0.000000 17.318699 23.224803 -17.047003 -50.669588 56.984200 20.318588 -6.091405 6.926332 7.123060 0.000000 0.000002 0.000001 -12.009459 1.508640 -15.844692 35.406936 -9.412913 6.283019 -21.464107 -1.430199 -4.221045 0.000002 0.000000 -0.000002 -4.120193 6.427686 -31.005452 8.456456 -8.553711 46.694776 3.904087 -9.322983 -20.127932 0.000002 0.000006 -0.000003 
-17.745882 98.468391 -19.506350 -7.155313 15.343115 380.341406 11.700995 -1.578512 6.463792 1.867276 9.669681 -15.923273 -0.148705 4.727075 3.576860 5.718154 6.861480 -4.999434 -0.000002 0.000000 -0.000001 9.597229 -6.056868 -23.637429 12.938262 -2.231634 -16.850864 -23.422168 -38.767863 88.578852 0.000001 -0.000001 0.000002 17.109875 23.294615 -16.662658 -50.825483 56.002169 21.051855 -7.185119 8.034352 6.895768 0.000001 0.000001 -0.000003 -12.275379 1.730518 -15.804399 36.029183 -9.604729 6.332761 -21.005728 -1.521806 -4.229954 0.000002 0.000001 -0.000003 -4.314914 6.435999 -31.196431 9.134672 -8.205739 47.079825 3.540721 -8.855922 -19.899196 0.000001 -0.000007 -0.000000 
-17.790497 98.325401 -19.661171 -6.436508 15.641167 380.490222 9.933862 -1.494245 5.970729 4.523475 8.994432 -14.867640 -1.587040 4.619776 2.538867 5.081237 7.543506 -5.693040 -0.000001 -0.000003 0.000001 9.635395 -6.016655 -23.740361 13.168288 -2.213651 -17.118657 -22.866819 -38.968825 89.497943 0.000001 -0.000001 -0.000001 16.652522 22.138737 -16.612408 -52.114821 55.001345 23.197423 -9.713103 9.694601 6.869966 -0.000003 -0.000000 -0.000001 -13.534697 2.048669 -15.973103 36.743115 -9.813641 6.197709 -21.445136 -1.486924 -4.263254 -0.000001 0.000000 -0.000001 -5.321999 7.032658 -31.749697 9.328724 -8.265091 47.856803 4.383371 -9.304061 -19.864468 0.000002 0.000000 -0.000000 
-17.824556 98.174210 -19.805119 -6.534186 15.492575 380.679118 9.702154 -1.487151 5.978035 5.936330 8.704802 -14.490277 -2.517720 4.771162 1.949488 5.338123 7.778371 -5.707791 -0.000002 -0.000001 -0.000001 9.745702 -6.150696 -23.856502 13.034976 -1.803435 -17.642543 -20.851560 -38.878536 91.386306 0.000001 -0.000002 -0.000001 16.535816 21.874774 -16.504665 -52.345815 53.769445 24.273791 -11.346423 11.344538 6.090243 -0.000002 0.000000 -0.000003 -14.404942 2.415548 -16.137855 38.399358 -10.248847 6.380035 -21.464720 -1.588987 -4.407825 0.000000 -0.000000 0.000001 -5.543714 7.078958 -32.132717 9.846735 -7.964941 48.359187 4.726313 -9.472673 -19.705485 -0.000000 0.000000 -0.000003 
-17.856052 98.031387 -19.951401 -6.713702 15.278295 380.861976 8.988852 -1.449399 5.689719 6.963094 8.550580 -14.279864 -3.096753 5.246578 1.677416 5.956933 7.658767 -5.261201 -0.000001 0.000000 -0.000001 9.967584 -6.207901 -23.937897 13.425320 -2.200640 -17.472114 -18.767791 -38.498887 93.064763 0.000001 0.000001 0.000001 16.341518 21.602700 -15.994433 -51.961723 53.474623 24.253015 -13.043868 12.298926 7.514368 -0.000004 -0.000001 -0.000003 -14.391571 2.454746 -16.278624 38.843641 -10.529255 6.347380 -21.910704 -1.255456 -4.180570 -0.000000 0.000001 -0.000002 -5.397590 7.026079 -32.314820 10.202204 -7.563994 48.519536 4.936832 -9.627790 -19.460720 -0.000003 0.000001 -0.000002 
-17.886446 97.879189 -20.095201 -7.096659 15.208367 381.024808 9.384214 -1.479555 5.814557 7.200264 8.565815 -14.410861 -3.379140 5.084356 1.660294 6.393898 7.806159 -5.339170 -0.000000 0.000000 0.000000 10.124149 -6.017404 -23.963867 13.672454 -2.124201 -17.536550 -22.971956 -39.646369 91.092648 0.000001 0.000000 -0.000001 16.567078 21.696069 -16.057915 -51.640834 53.734813 24.031665 -14.320312 13.592479 7.703335 -0.000001 -0.000002 -0.000006 -14.462654 2.597862 -16.288613 39.607232 -10.965975 6.261256 -21.755247 -0.978492 -4.048028 0.000001 -0.000000 0.000001 -5.467423 7.054081 -32.581864 10.476247 -7.379707 49.024267 5.070830 -9.644102 -19.635670 -0.000001 -0.000001 -0.000004 
-17.915836 97.720459 -20.239483 -6.733078 15.362269 381.135648 9.411800 -1.500210 5.950090 7.782269 8.416671 -14.174507 -4.042016 4.899078 1.210867 6.273172 8.302626 -5.725938 0.000000 0.000002 0.000001 10.281523 -6.162332 -23.897410 13.872474 -1.990701 -17.674300 -22.576412 -39.612826 91.760497 0.000002 -0.000001 0.000006 16.842516 21.710272 -16.364742 -52.094860 53.938461 24.474187 -15.115176 14.483889 7.786043 -0.000002 -0.000002 0.000001 -15.381040 2.924423 -16.468617 40.602203 -11.240996 6.365321 -21.338759 -0.824754 -3.782151 -0.000001 0.000000 -0.000000 -5.682381 7.185515 -32.922680 10.329982 -7.659619 49.469377 5.591579 -9.826283 -19.417104 -0.000004 -0.000002 -0.000002 
-17.941563 97.559067 -20.379896 -6.994465 15.402983 381.162149 9.523051 -1.506879 6.143258 7.681965 8.400488 -14.241432 -3.958314 5.161860 1.229718 6.520806 8.149984 -5.527829 -0.000001 0.000000 0.000001 10.295816 -6.671565 -23.865642 13.644469 -1.811962 -17.971686 -23.080268 -39.902969 91.620683 -0.000001 -0.000001 0.000002 16.511405 21.315245 -16.323717 -51.808498 52.706873 24.868647 -16.598381 15.154305 8.360263 -0.000001 0.000001 -0.000004 -15.210203 2.958397 -16.532106 41.372054 -11.353810 6.707280 -20.786550 -1.109175 -3.999699 0.000001 -0.000000 0.000001 -5.809363 7.226140 -33.094572 10.688434 -7.478213 49.893791 5.574848 -9.676678 -19.163972 -0.000000 0.000002 -0.000002 
-17.966978 97.396072 -20.517925 -6.931507 15.251990 381.289628 9.273275 -1.481542 6.039449 7.552749 8.532565 -14.652870 -3.917348 5.443559 1.622274 7.174409 7.994596 -5.363105 0.000001 -0.000002 -0.000000 10.358295 -6.942953 -23.860757 13.706775 -2.195990 -18.339113 -21.676181 -39.740855 92.739482 0.000000 -0.000001 0.000005 16.452092 21.367706 -16.320163 -50.663932 52.594902 23.519377 -18.451606 15.347835 10.841262 0.000001 0.000002 -0.000003 -15.609900 3.205582 -16.597542 42.227023 -11.553693 6.751215 -20.704981 -1.225091 -4.119260 -0.000000 -0.000000 -0.000000 -6.113672 7.315100 -33.321853 11.300828 -7.056814 50.121888 5.383232 -9.324681 -18.673775 0.000001 0.000004 -0.000003 
-17.989710 97.232506 -20.656031 -6.833429 15.371107 381.429100 9.094794 -1.490916 6.223160 7.177234 8.784852 -15.217168 -3.506447 5.253126 1.967552 7.438351 8.076572 -5.486602 -0.000003 -0.000001 -0.000001 10.256340 -6.622893 -23.993293 13.735583 -2.196842 -18.851604 -18.329781 -39.198019 95.325665 0.000002 -0.000001 0.000000 16.797628 21.559656 -16.944796 -50.569744 53.849225 22.334850 -19.571861 14.864302 13.811677 -0.000001 0.000001 0.000001 -15.869084 3.431453 -16.842249 42.776932 -11.570960 7.095748 -20.586588 -1.461453 -4.373965 -0.000000 0.000000 -0.000000 -6.033908 7.239437 -33.623543 11.339168 -7.127875 50.407086 5.560773 -9.365696 -18.525415 -0.000000 0.000003 -0.000001 
-18.009636 97.077293 -20.790367 -6.816487 15.397992 381.537154 8.923503 -1.505960 6.281562 7.904024 8.667690 -15.063111 -4.041216 5.252175 1.625153 7.653925 7.987920 -5.390713 -0.000000 -0.000005 -0.000000 10.328053 -6.366615 -24.120552 13.961120 -2.133638 -19.089486 -14.281320 -38.001520 97.924798 0.000001 0.000001 -0.000002 17.028577 21.572362 -17.244343 -51.055558 54.865096 22.242699 -19.165553 14.485544 14.515578 -0.000001 -0.000003 -0.000002 -16.231682 3.583688 -16.968333 42.951740 -11.684945 7.067527 -20.862391 -1.201712 -4.233838 0.000001 0.000000 -0.000000 -6.053745 7.289790 -33.829261 11.500613 -7.038590 50.592263 5.261681 -9.118212 -18.569514 -0.000002 -0.000002 -0.000001 
-18.029823 96.921501 -20.918076 -7.080545 15.357525 381.630645 9.321977 -1.513558 6.423199 7.699356 8.706738 -15.305283 -3.768969 5.156365 1.881700 7.661385 7.989142 -5.534303 -0.000001 0.000000 -0.000001 10.340104 -6.544971 -24.281060 13.874757 -2.356903 -19.347496 -12.347233 -37.903872 99.837633 0.000002 -0.000001 0.000001 17.068711 21.682731 -17.389400 -51.037226 54.195075 22.492557 -19.744380 14.769287 14.642754 0.000003 -0.000001 -0.000003 -16.560813 3.803959 -17.081388 43.659788 -11.964737 7.117608 -20.795734 -0.896896 -4.052308 -0.000000 -0.000000 -0.000000 -6.031328 7.229766 -33.988968 11.714595 -6.850166 50.967514 5.407789 -9.089983 -18.450919 -0.000003 0.000002 -0.000004 
-18.045761 96.764107 -21.039675 -6.781638 15.369842 381.727334 8.695759 -1.493305 6.346306 7.780741 8.783977 -15.513718 -3.729323 5.083416 1.994201 7.951705 8.115194 -5.627624 0.000001 0.000000 -0.000000 10.283476 -5.996113 -24.632770 14.067861 -2.562088 -19.547552 -9.169695 -37.023952 102.205844 0.000001 -0.000000 -0.000001 17.240996 21.906454 -17.542412 -51.234161 55.038084 22.119120 -19.889456 14.267779 16.064873 -0.000002 0.000001 -0.000003 -16.775906 3.923068 -17.219108 44.025320 -12.123149 7.237342 -21.551950 -0.917642 -4.208778 -0.000001 0.000001 -0.000002 -6.196825 7.358522 -34.267626 11.893676 -6.717891 51.244020 5.235854 -9.028194 -18.503961 -0.000001 0.000000 -0.000003 
-18.063663 96.611580 -21.152834 -7.294516 15.652439 381.765992 8.769856 -1.501953 6.540507 8.336553 8.633450 -15.358970 -4.196179 5.225809 1.713380 8.336992 7.878783 -5.402170 -0.000002 0.000004 -0.000002 10.402094 -6.648517 -24.724347 13.909492 -2.331565 -19.692007 -11.100773 -38.063446 101.765707 0.000001 0.000001 -0.000001 16.871928 21.710772 -17.172185 -50.299852 54.467955 21.503707 -21.107801 14.423232 17.589854 0.000002 0.000000 0.000001 -16.644807 3.964654 -17.354309 45.160565 -12.219652 7.807972 -21.199447 -1.083868 -4.375519 -0.000001 0.000001 -0.000001 -5.903366 7.188022 -34.332701 12.201040 -6.608320 51.629144 5.116496 -8.847407 -18.408842 -0.000001 -0.000002 -0.000001 
-18.084902 96.457321 -21.267641 -7.446994 15.539222 381.861287 9.003704 -1.539496 6.606016 8.221400 8.795711 -15.774199 -4.268782 5.389635 2.018052 8.764360 7.796924 -5.225788 0.000001 -0.000002 -0.000001 10.570448 -6.912883 -24.531806 13.998291 -2.141774 -20.106142 -7.917969 -37.040871 104.064940 0.000001 0.000000 0.000003 17.023760 21.890082 -17.335940 -49.657541 54.561798 20.892017 -21.396756 14.576156 17.679451 -0.000001 -0.000000 -0.000000 -16.749861 4.036690 -17.362486 45.334243 -12.299902 7.742729 -21.349126 -1.178208 -4.416686 -0.000000 0.000000 -0.000001 -5.701016 7.071422 -34.492032 12.388644 -6.608329 51.824313 5.281019 -8.685184 -18.244052 0.000001 0.000003 -0.000002 
-18.107834 96.300995 -21.377035 -8.294469 15.754700 382.001634 9.303395 -1.574461 6.908758 8.261895 8.831059 -15.884621 -4.127124 5.099695 2.017572 9.087499 7.942102 -5.484452 -0.000002 0.000000 -0.000001 10.545695 -6.896127 -24.590187 14.135396 -2.543203 -20.500348 -5.439952 -36.368309 105.873185 0.000002 0.000001 -0.000002 16.872290 22.099728 -17.040299 -49.234835 53.712321 20.963538 -21.893292 14.462673 17.918120 0.000003 0.000001 -0.000003 -16.651480 4.046379 -17.510168 46.444969 -12.414629 8.172472 -21.053344 -1.249285 -4.412096 0.000002 0.000000 0.000001 -4.832558 6.571068 -34.609436 12.434889 -6.778795 52.171167 5.114772 -8.415024 -18.068617 -0.000002 -0.000003 0.000001 
-18.130241 96.152336 -21.489597 -8.027807 15.607267 382.131571 8.769901 -1.555673 6.672890 9.557243 8.633076 -15.587462 -5.061652 5.527321 1.535811 9.145636 7.675464 -5.232070 0.000001 0.000002 0.000000 10.727855 -7.173834 -24.326166 14.466218 -2.724338 -20.588325 -5.569813 -36.428937 105.996210 -0.000000 0.000002 -0.000000 16.784512 21.714840 -17.020802 -49.672595 53.776613 21.577754 -21.923645 14.432027 18.188375 -0.000001 0.000002 0.000001 -16.994571 4.160954 -17.621944 46.576265 -12.503892 7.980614 -20.680945 -1.142030 -4.136016 0.000001 0.000000 -0.000000 -5.132748 6.794564 -34.976425 12.644224 -6.766920 52.456932 5.065827 -8.242319 -18.103367 0.000001 -0.000001 -0.000006 
-18.152039 96.006065 -21.594496 -8.702086 15.215542 382.180558 9.552074 -1.591491 6.839379 8.684750 8.850736 -15.936921 -4.569616 5.383119 1.887555 9.976396 7.733988 -5.104028 -0.000001 -0.000005 -0.000001 10.776043 -7.250330 -24.316042 14.529407 -2.280046 -21.281526 -6.534382 -37.045368 106.008361 0.000001 -0.000001 0.000002 16.696901 21.893563 -16.643716 -49.792533 53.836395 21.666035 -21.463852 14.259212 18.353388 0.000002 0.000001 -0.000001 -16.320740 3.939131 -17.401999 47.172497 -12.727322 7.849367 -20.026345 -1.092664 -3.972155 0.000001 0.000000 -0.000001 -4.627066 6.524043 -34.977091 13.065402 -6.388084 52.530240 4.527253 -8.021675 -18.082743 -0.000000 0.000001 -0.000002 
-18.177889 95.868309 -21.696033 -8.537883 14.949556 382.258230 9.163238 -1.574307 6.754999 8.885333 8.902593 -16.095295 -4.754147 5.473808 1.915566 10.677619 7.795985 -5.141298 -0.000001 0.000002 -0.000002 10.926873 -7.112183 -24.545905 14.939623 -2.680005 -21.532701 -6.019449 -36.722160 106.261986 0.000001 0.000000 0.000006 16.837089 22.104639 -16.600870 -49.358246 53.925785 21.349283 -21.699769 14.258069 18.785344 0.000003 0.000004 0.000002 -16.385605 4.006076 -17.381571 46.900740 -12.883398 7.498079 -19.894673 -0.795505 -3.727073 0.000001 -0.000001 0.000001 -4.759038 6.579179 -35.151381 13.299875 -6.170250 52.560536 4.377105 -7.852310 -17.998223 -0.000003 -0.000001 -0.000000 
-18.201593 95.735443 -21.790501 -8.619127 15.251681 382.379781 9.408138 -1.588270 7.032882 9.461530 8.726781 -15.849237 -5.082291 5.140431 1.515239 10.625292 7.967921 -5.492593 -0.000001 0.000000 -0.000000 10.839912 -7.020643 -24.850260 15.093746 -3.324828 -21.643539 -6.820373 -37.236183 105.928222 0.000001 0.000001 -0.000001 16.833385 21.961285 -16.923100 -49.570733 54.161040 21.190102 -21.366594 13.958809 18.728814 -0.000001 -0.000003 -0.000006 -16.634361 4.129598 -17.534871 47.222418 -13.027593 7.622711 -20.223722 -0.600478 -3.669364 0.000004 -0.000000 -0.000000 -4.614821 6.505169 -35.329160 12.910305 -6.480153 52.869212 4.644150 -8.005610 -18.059222 0.000001 0.000003 -0.000003 
-18.232653 95.594254 -21.884075 -8.730741 15.839945 382.341887 9.218156 -1.581376 7.239138 9.203410 8.624990 -15.776818 -5.145255 5.164630 1.391239 11.676832 7.413465 -4.655056 0.000000 -0.000003 -0.000002 10.607458 -7.384590 -24.801913 14.926991 -3.670099 -22.829491 -1.226669 -34.845743 108.655257 0.000002 -0.000000 -0.000004 16.209168 21.849442 -16.428500 -49.140004 52.475848 21.310069 -21.373801 12.876476 19.873240 -0.000001 0.000004 -0.000001 -16.785550 4.270934 -17.709758 47.653243 -13.082491 8.295878 -20.053784 -0.618098 -3.842369 0.000001 0.000000 -0.000000 -4.582125 6.394692 -35.315285 12.492310 -6.731825 53.311713 4.746584 -8.353163 -18.173118 0.000001 -0.000004 -0.000001 
-18.268780 95.458939 -21.986139 -8.667142 15.709821 382.363525 9.790425 -1.613109 7.363746 8.692422 8.668627 -15.806974 -5.070552 5.057802 1.415562 11.959514 7.486840 -4.647054 0.000002 -0.000003 -0.000001 10.884970 -7.440613 -24.832959 15.314092 -3.749755 -23.484094 0.859794 -33.725613 109.679909 0.000002 -0.000001 0.000001 16.338697 21.588042 -16.595545 -49.296569 52.355343 21.796923 -21.801527 12.933337 20.301955 0.000002 -0.000000 -0.000003 -17.069216 4.362175 -17.747266 48.158974 -13.359469 8.305285 -19.508081 -0.412330 -3.482604 -0.000001 0.000000 -0.000002 -4.799302 6.523775 -35.346007 12.480161 -6.695011 53.512357 4.426638 -8.372746 -18.706613 0.000003 0.000001 -0.000003 
-18.304302 95.328239 -22.086929 -8.457869 15.685569 382.215036 9.600898 -1.606168 7.284824 8.162943 8.684638 -15.763419 -4.594606 4.910281 1.699358 11.939052 7.748012 -5.056036 0.000002 0.000000 0.000001 10.778707 -6.828436 -25.099740 15.721437 -3.942508 -24.066651 4.463253 -31.485475 110.929601 0.000000 0.000001 -0.000000 15.948567 21.011192 -16.293507 -49.484953 51.310956 22.877171 -22.918963 12.877366 21.804812 0.000002 -0.000001 -0.000002 -17.557263 4.461289 -17.744364 48.564940 -13.337295 8.599445 -19.666877 -0.548832 -3.567836 0.000002 -0.000001 0.000001 -5.094633 6.697412 -35.241153 12.635404 -6.631153 53.649094 4.213221 -8.253284 -18.811176 0.000001 -0.000004 -0.000001 
-18.333277 95.209114 -22.175737 -7.981706 15.836936 382.144440 9.056644 -1.603728 7.337017 8.863520 8.503115 -15.498363 -5.082129 5.247760 1.519143 12.183895 7.674915 -5.150530 -0.000001 0.000000 -0.000001 10.955554 -7.489647 -25.394444 15.908578 -4.042200 -24.762122 5.203107 -31.144447 111.509429 0.000001 -0.000002 0.000001 15.574995 20.876504 -15.738250 -48.443786 50.793272 22.223494 -23.370611 12.568983 23.306195 0.000002 0.000003 0.000002 -18.004438 4.644255 -18.036709 48.979252 -13.122472 9.201213 -19.900311 -0.773300 -3.784682 0.000002 -0.000000 -0.000001 -5.734072 7.033334 -35.375780 12.812574 -6.707317 53.934285 3.666906 -7.986101 -19.107985 0.000001 -0.000003 0.000001 
-18.359915 95.099869 -22.264702 -7.717114 16.014147 382.162307 9.116705 -1.604486 7.563277 8.679641 8.545809 -15.515200 -5.148923 5.312580 1.376081 12.438658 7.546380 -5.321414 -0.000002 -0.000002 0.000000 10.815406 -7.900421 -25.637224 16.113212 -4.335963 -25.837774 8.153861 -29.350221 112.447378 0.000002 0.000001 -0.000004 15.396831 21.163095 -15.566112 -47.147324 50.919323 20.665991 -23.374972 11.703800 24.794189 0.000003 -0.000003 -0.000004 -18.691518 4.840222 -18.412049 49.526094 -12.762086 9.676832 -20.005038 -0.926197 -3.863531 -0.000001 -0.000000 -0.000000 -6.190430 7.318860 -35.567271 13.170603 -6.741004 54.113748 4.038401 -8.024042 -19.069318 0.000002 -0.000004 -0.000001 
-18.378443 94.991821 -22.348772 -7.366919 16.166590 382.195038 9.024392 -1.593222 7.572463 8.180398 8.560980 -15.488287 -4.673884 5.270367 1.563125 12.384626 7.728205 -5.721387 -0.000000 -0.000003 0.000001 10.491426 -7.520308 -26.122883 16.411592 -5.278785 -26.379048 10.906249 -27.564256 113.211943 0.000001 0.000000 0.000001 15.110352 20.613813 -15.803509 -47.297964 51.179103 20.272792 -22.928607 11.075848 25.589748 0.000006 -0.000000 0.000003 -19.158312 5.016630 -18.751210 50.044226 -12.414215 10.300796 -19.680278 -1.635741 -4.423419 -0.000000 -0.000000 -0.000000 -6.584766 7.535978 -35.801502 13.574835 -6.606742 54.270371 4.274721 -7.990856 -18.707410 -0.000003 -0.000003 -0.000004 
-18.393276 94.877975 -22.438154 -6.807739 15.860743 382.017371 8.781357 -1.583760 7.775154 7.725239 8.613052 -15.418729 -4.184991 5.791688 1.435429 12.342709 7.582357 -5.765781 -0.000002 0.000000 0.000000 10.443953 -8.408589 -25.862984 16.203015 -4.394280 -28.180184 14.119501 -25.556579 114.200141 0.000002 -0.000003 -0.000005 14.717999 19.986863 -15.842545 -47.818533 50.728348 21.030260 -22.380807 10.100577 26.527425 0.000000 0.000004 -0.000001 -19.565010 5.049207 -18.836917 50.354098 -12.388712 10.443111 -19.715877 -1.495417 -4.246934 -0.000000 0.000000 -0.000001 -7.330779 8.018854 -35.843402 14.019241 -6.268574 54.387581 3.953538 -7.839963 -18.864141 0.000003 0.000001 -0.000002 
-18.400536 94.767784 -22.524569 -6.686552 15.790279 382.150423 9.200296 -1.591827 8.024035 7.424656 8.732344 -15.469590 -4.013896 6.009597 1.219754 12.594351 7.195243 -5.379838 0.000000 0.000000 -0.000001 10.621427 -9.588096 -25.879170 16.477264 -4.314883 -29.390243 17.849825 -22.754931 114.661446 0.000001 0.000002 -0.000002 14.381445 19.373174 -15.734693 -47.610622 51.019911 20.637232 -20.682525 9.693606 25.384977 -0.000001 -0.000000 -0.000001 -19.833392 5.057734 -19.096232 50.753346 -12.516540 10.293116 -20.223012 -0.831536 -3.642408 -0.000000 0.000000 -0.000000 -7.604114 8.310762 -36.169106 14.149164 -6.189692 54.681419 3.985115 -7.976842 -19.097649 -0.000002 -0.000003 0.000002 
-18.402658 94.667984 -22.611717 -6.899158 15.319474 382.121272 8.957293 -1.599565 7.955708 8.038083 8.553120 -15.256208 -4.188674 5.584448 1.206221 12.712904 7.946698 -6.581362 -0.000000 -0.000002 -0.000000 10.454361 -7.584631 -26.961089 17.199784 -5.268640 -29.930230 20.720975 -20.352797 115.209418 0.000003 0.000004 -0.000002 14.559863 19.506890 -15.621421 -47.999168 50.732733 21.529344 -19.978706 10.154651 24.726417 -0.000001 0.000000 -0.000003 -19.766304 5.165047 -18.990426 50.773714 -12.365625 10.322201 -20.174226 -1.507949 -4.134167 0.000001 0.000000 -0.000001 -7.729571 8.244475 -36.144641 15.094962 -5.647776 54.494350 4.344780 -7.508490 -18.452273 0.000002 -0.000002 -0.000003 
-18.396534 94.577774 -22.694563 -6.647888 14.959175 381.974668 9.018105 -1.620676 8.251915 7.897432 8.461258 -14.970306 -4.031070 6.131517 0.851091 13.229414 7.664473 -6.272505 -0.000001 -0.000001 -0.000001 10.607177 -8.521217 -27.490651 17.184291 -4.897034 -31.424392 23.198360 -18.628192 115.802251 -0.000000 0.000001 -0.000000 13.907787 19.047687 -14.823005 -47.416608 50.055130 21.283469 -18.909097 9.638466 24.069911 -0.000003 -0.000002 -0.000003 -19.985752 5.121246 -18.717138 50.285249 -12.383805 9.791190 -20.229646 -1.041009 -3.704440 0.000001 0.000000 0.000001 -7.820135 8.317039 -36.096573 15.223831 -5.507012 54.399096 4.416616 -7.365212 -17.931446 0.000003 -0.000002 -0.000001 
-18.378401 94.487648 -22.780479 -6.919666 14.655404 381.942348 9.207188 -1.693591 8.704025 7.729608 8.421912 -14.994280 -3.736368 5.760241 0.734300 13.325444 8.236854 -6.941177 0.000000 -0.000002 -0.000000 10.798305 -8.135713 -28.426289 17.577883 -4.970357 -32.803640 26.271442 -15.967208 115.800994 0.000000 -0.000001 0.000003 13.895333 19.121514 -14.478381 -47.658062 49.411026 22.134194 -17.741177 9.779135 22.759935 -0.000001 -0.000003 -0.000006 -19.600637 5.075114 -18.837923 50.742794 -12.422114 10.031882 -20.532151 -1.033200 -3.781687 0.000001 0.000000 0.000001 -7.459288 8.110632 -36.169000 15.370103 -5.444831 54.421325 4.358147 -7.195281 -17.850672 0.000001 0.000001 -0.000003 
-18.354465 94.402649 -22.866278 -6.824441 14.362348 381.930928 9.476447 -1.741374 9.007636 6.980908 8.517758 -15.227997 -3.449580 6.144034 0.759616 13.923856 8.052781 -6.473795 0.000001 -0.000001 -0.000001 11.092881 -8.726051 -28.754629 17.847542 -4.898402 -34.188420 27.759926 -14.701079 116.132914 0.000002 -0.000004 -0.000000 13.693869 18.891948 -14.158941 -47.418677 48.997376 22.219471 -16.264075 9.893621 20.736693 0.000002 -0.000002 -0.000000 -19.242636 5.025518 -18.913993 50.774868 -12.467827 10.143041 -20.264230 -1.023957 -3.751754 0.000002 0.000000 -0.000001 -7.428269 8.077309 -36.234936 15.527981 -5.229093 54.344629 4.408608 -7.160545 -17.615160 -0.000002 -0.000001 -0.000002 
-18.330915 94.319672 -22.962080 -6.655455 13.860375 381.743125 8.664723 -1.725662 9.218637 7.986696 8.248036 -14.764212 -4.032930 6.622449 -0.002787 14.735751 7.743700 -5.954298 -0.000001 -0.000005 0.000001 11.262569 -9.490160 -29.378723 18.232106 -5.656862 -35.773300 29.989062 -12.963872 115.984644 -0.000003 -0.000002 0.000000 12.990828 18.290027 -13.341188 -47.529910 47.200067 23.456114 -14.831629 9.373259 19.291615 -0.000001 -0.000001 -0.000006 -18.650796 4.836935 -18.665712 50.337678 -12.497724 9.800067 -20.299759 -0.593882 -3.389903 0.000002 -0.000000 -0.000001 -7.404406 8.023546 -36.146710 15.926358 -4.762135 54.141253 3.647064 -6.755885 -17.385912 -0.000003 -0.000003 0.000001 
-18.302439 94.229156 -23.067028 -6.352637 13.376043 381.411232 8.636331 -1.772637 9.709822 7.568442 8.279850 -14.637186 -3.543896 6.920246 -0.275813 14.596650 7.865724 -6.171392 -0.000000 0.000000 -0.000000 11.339878 -9.423787 -30.195740 19.206810 -6.814989 -36.999674 32.574436 -10.657476 115.270671 -0.000001 -0.000000 0.000002 12.624200 17.485375 -13.052660 -47.988906 46.786820 24.531676 -13.696046 9.454023 17.523991 0.000002 0.000000 0.000001 -18.148765 4.536400 -18.379834 49.649113 -12.346112 9.566502 -20.537576 -0.283449 -3.061074 0.000003 -0.000000 0.000001 -7.673517 8.231834 -35.929018 16.150230 -4.538914 54.052700 3.456578 -6.570736 -17.093090 0.000003 -0.000003 -0.000003 
-18.273823 94.144043 -23.162169 -6.454513 13.557896 381.237773 8.781716 -1.810242 10.221685 7.364139 8.254091 -14.491331 -3.342862 6.734213 -0.663271 14.784078 7.728244 -5.981467 -0.000001 -0.000003 -0.000001 11.286287 -9.439213 -30.961145 19.643598 -7.578794 -38.132413 34.732475 -8.983691 115.041204 0.000002 0.000000 0.000001 12.398242 17.296821 -12.975598 -47.704138 46.051577 24.732197 -13.401833 9.370337 16.509035 -0.000004 0.000002 -0.000001 -17.616916 4.319745 -18.421538 49.380973 -12.054269 10.030811 -21.311683 -0.372722 -3.309233 0.000001 -0.000000 -0.000000 -7.367183 8.085321 -35.791414 16.007441 -4.676743 54.159766 3.368533 -6.629905 -17.240128 0.000001 0.000001 -0.000002 
-18.233101 94.057388 -23.257620 -6.010312 13.021805 381.060434 8.727138 -1.830689 10.311302 7.046390 8.145836 -14.307995 -3.213427 7.136060 -0.886640 14.696895 7.861896 -5.988584 -0.000001 0.000002 0.000000 11.382486 -9.743884 -32.037986 19.771168 -7.453300 -39.773008 37.864759 -6.507163 114.170095 0.000000 -0.000001 0.000002 11.753847 16.618308 -12.360629 -47.555506 44.461704 25.711035 -12.713629 9.603971 13.884699 -0.000001 -0.000001 -0.000001 -17.687238 4.306266 -18.284370 48.993579 -12.041899 9.719096 -21.438229 -0.076993 -3.016581 0.000001 0.000001 -0.000002 -7.209481 7.979208 -35.684798 15.858063 -4.715803 53.842105 3.323897 -6.515984 -16.895434 -0.000001 0.000002 -0.000002 
-18.191240 93.963203 -23.357086 -5.810033 12.520610 380.741546 8.542139 -1.851064 10.542014 7.152864 7.991216 -14.074210 -3.275186 7.063360 -1.159499 15.083359 7.978604 -6.395247 -0.000001 -0.000002 -0.000001 11.487243 -9.546062 -32.927321 20.245026 -8.804047 -41.153546 41.777166 -3.589293 111.921850 0.000002 -0.000004 0.000005 11.720191 16.634635 -12.455180 -47.601327 43.008260 26.656441 -12.414288 9.493563 12.045108 -0.000002 0.000000 -0.000001 -17.423758 4.167162 -17.909874 48.898912 -12.255110 9.341376 -20.670772 0.476808 -2.385072 0.000003 0.000000 -0.000001 -7.373993 7.977925 -35.382279 16.305244 -4.279093 53.570116 3.989902 -6.415507 -16.124945 -0.000004 -0.000001 -0.000000 
-18.147532 93.879883 -23.455008 -5.618879 12.127972 380.482299 9.360859 -1.880227 10.893189 6.331560 7.954628 -13.943615 -2.982301 7.132638 -1.259862 15.078817 8.085539 -6.638692 0.000000 0.000000 0.000001 11.777895 -10.011468 -33.505291 20.502070 -8.966060 -42.242357 43.321223 -2.462865 111.057052 -0.000002 -0.000004 0.000001 11.746328 16.454668 -12.559340 -47.727514 43.306364 26.668013 -12.253915 9.646775 10.793427 0.000000 0.000003 0.000003 -17.406703 4.106396 -17.634237 48.693160 -12.368832 9.123050 -20.404038 0.634133 -2.179072 0.000003 0.000000 0.000001 -7.739463 8.163614 -35.263228 16.667202 -3.989112 53.552699 3.639818 -6.086691 -15.952996 0.000001 0.000001 -0.000003 
-18.100819 93.785416 -23.556936 -5.306207 11.900143 380.065904 8.366843 -1.918157 10.921671 6.113605 7.762853 -13.651552 -2.825513 7.582431 -1.418779 15.541563 7.943949 -6.490841 -0.000002 0.000004 -0.000000 12.214276 -10.971278 -34.114466 21.005311 -9.601245 -43.306944 45.373005 -0.940323 109.067049 -0.000000 0.000003 -0.000002 11.286479 15.492611 -12.212849 -47.578801 42.327516 27.422854 -12.350589 9.625111 11.281981 0.000002 0.000002 -0.000001 -17.775431 4.264924 -17.310843 49.372080 -12.383858 9.241229 -20.365430 0.614639 -2.153603 0.000002 0.000000 -0.000000 -8.136443 8.209900 -34.810588 17.200339 -3.704354 53.244449 3.717073 -5.790881 -15.751598 -0.000003 0.000000 0.000002 
-18.055241 93.708878 -23.661480 -6.480511 11.502468 379.775648 9.135337 -1.927000 11.272887 6.717282 7.495757 -13.194604 -3.667882 7.026978 -2.031126 15.961150 8.130569 -6.669915 -0.000002 -0.000001 -0.000001 12.341782 -11.382842 -35.234473 21.259882 -10.475264 -44.407728 47.641901 0.471296 107.832650 0.000000 0.000000 0.000001 11.138874 15.419203 -12.259982 -47.191413 42.048147 27.056526 -13.178366 9.171786 13.027112 -0.000004 0.000001 -0.000001 -16.552359 3.893716 -16.882144 49.178697 -12.409366 9.112699 -20.670695 0.873961 -1.926908 0.000002 0.000000 -0.000001 -7.495004 7.694147 -34.235951 17.881874 -3.080109 52.806634 3.465342 -5.540099 -15.543132 -0.000001 0.000002 -0.000000 
-18.007086 93.636269 -23.758883 -6.988898 11.070002 379.589512 10.714017 -1.938896 11.678783 5.437671 7.586497 -13.326692 -3.065063 6.602439 -1.986893 15.470454 8.482163 -7.078237 0.000000 -0.000001 -0.000001 12.655191 -11.971796 -35.712389 21.567169 -11.014040 -44.579702 48.726375 1.021975 105.539571 -0.000000 0.000001 0.000002 11.388799 15.442400 -12.644701 -47.667651 43.494023 26.487052 -13.983158 9.058733 14.626784 0.000003 -0.000002 -0.000002 -16.600167 3.884101 -16.528453 49.380263 -12.639352 8.727694 -20.462079 1.154989 -1.579594 -0.000000 0.000000 -0.000000 -7.384176 7.553583 -33.910161 18.467595 -2.566804 52.531989 2.873324 -5.187100 -15.489242 -0.000004 -0.000003 0.000001 
-17.971949 93.580414 -23.870956 -6.204159 11.678897 379.510883 9.901231 -1.993739 11.765844 5.679763 7.556778 -13.427693 -3.420497 6.516892 -2.151217 15.242399 8.077315 -6.551423 -0.000002 0.000000 0.000000 12.858931 -12.312260 -35.605920 21.781188 -11.551890 -45.720675 52.022505 2.651037 101.313207 0.000005 -0.000002 -0.000003 11.468738 15.148811 -12.991071 -47.663973 43.546810 26.330349 -14.227182 9.655397 13.466010 0.000000 -0.000003 -0.000006 -16.521992 4.004953 -16.963364 48.819675 -12.256552 9.617320 -20.881384 0.798718 -2.067745 0.000004 0.000000 -0.000000 -7.675126 7.625730 -33.846839 18.101654 -2.958950 52.469158 3.206954 -5.134646 -15.150948 -0.000001 -0.000003 -0.000000 
-17.942719 93.548248 -23.995024 -5.414600 11.824662 379.270296 10.202875 -2.049571 12.093646 5.616685 7.418427 -13.139611 -3.547595 5.563642 -2.708104 14.391678 8.410191 -6.746962 -0.000000 0.000000 -0.000001 13.220631 -13.150110 -34.876855 21.964978 -11.000293 -46.066962 52.921463 2.443378 95.829876 -0.000000 -0.000001 -0.000001 12.263029 15.118224 -14.301067 -49.275167 46.066983 26.348425 -15.262454 11.112683 12.583156 0.000003 0.000001 -0.000001 -16.895719 4.116240 -16.764190 47.935562 -12.169992 9.432602 -20.879403 1.053624 -1.747617 0.000001 0.000000 -0.000000 -8.297645 7.864170 -33.542851 17.845715 -3.125416 52.090072 3.415505 -5.232317 -15.045240 -0.000004 0.000000 -0.000000 
-17.919413 93.530602 -24.116138 -5.212389 11.699075 379.323626 10.357199 -2.060419 11.988932 5.912024 7.285307 -12.861253 -3.617327 5.050221 -3.214072 14.261348 8.464725 -6.582917 -0.000000 -0.000002 0.000000 13.513248 -14.243618 -34.262442 21.897691 -10.580218 -45.828705 53.953754 2.100938 90.248765 0.000003 -0.000002 0.000000 12.725932 15.342452 -14.891482 -49.915282 48.386262 25.325230 -17.216352 11.901640 13.971006 -0.000001 0.000001 0.000001 -16.883586 4.084087 -16.643650 47.541265 -12.264291 9.023501 -20.279363 0.886200 -1.759956 0.000002 0.000000 -0.000000 -8.277067 7.860721 -33.529033 17.607645 -3.249308 51.811530 3.972645 -5.516650 -14.865746 -0.000003 0.000000 -0.000003 
-17.882389 93.563385 -24.206121 -4.260883 11.539891 379.621777 10.904017 -2.010552 11.668042 6.180441 7.252702 -12.412349 -3.276992 3.868393 -3.739095 12.839830 8.970068 -7.091345 -0.000001 0.000000 -0.000001 14.205582 -16.714890 -32.544212 22.153316 -8.799784 -44.979828 50.498894 0.124070 86.593487 0.000004 -0.000000 0.000002 14.010634 15.625159 -16.367097 -50.323628 53.952740 22.574095 -18.931824 14.784539 11.022549 -0.000002 -0.000000 -0.000001 -18.368009 4.271449 -16.934214 47.910700 -12.798566 8.405307 -20.018072 1.322638 -1.253042 0.000002 -0.000001 -0.000000 -9.495028 8.852320 -33.857897 17.639981 -2.855651 51.799810 3.915161 -5.848154 -15.161055 -0.000003 -0.000003 -0.000003 
-17.865032 93.664703 -24.301823 -3.382980 11.377511 379.575059 10.959918 -1.994738 11.148804 6.633034 7.026994 -11.884702 -3.369767 2.116182 -4.103704 11.366583 10.138437 -8.345934 -0.000000 0.000000 0.000001 14.542156 -16.105470 -31.744855 22.462366 -8.506857 -43.458790 49.477484 -0.673714 81.195151 0.000000 -0.000002 0.000005 15.304238 16.241440 -17.463967 -49.864479 58.611506 19.670433 -20.360423 17.585883 8.465286 -0.000001 -0.000003 -0.000000 -18.826108 4.372951 -16.461565 46.502066 -12.935546 7.543046 -20.626941 1.757415 -1.012246 0.000001 0.000000 -0.000000 -10.816334 9.478890 -33.481560 17.730263 -2.446862 50.992642 3.577859 -5.669467 -15.021835 0.000002 -0.000003 0.000001 
-17.849234 93.795883 -24.389330 -3.288481 11.380579 379.423647 11.084584 -1.991590 10.967936 7.691878 6.836248 -11.454914 -4.093269 1.090825 -4.520171 10.900904 10.645333 -8.797795 -0.000000 -0.000002 0.000002 14.588039 -15.409829 -31.758047 22.551278 -8.298367 -42.486225 49.864158 -0.741773 77.443929 -0.000000 -0.000005 -0.000005 15.771933 16.560927 -17.545463 -47.397592 61.272958 15.831021 -21.369201 19.753645 6.513162 0.000001 0.000004 0.000000 -17.949139 4.136336 -16.142683 45.241732 -12.616547 7.424519 -21.255463 1.386315 -1.488588 0.000001 -0.000000 -0.000000 -11.293833 9.603848 -33.031259 17.872124 -2.210394 50.257430 3.587060 -5.557824 -14.673405 -0.000003 -0.000003 0.000002 
-17.827997 93.992683 -24.464554 -2.051766 11.212113 378.567142 11.361223 -1.978221 10.746736 7.533552 6.527557 -10.810210 -4.304390 0.707061 -4.376796 9.931751 11.089522 -9.273500 0.000001 -0.000002 0.000001 14.464778 -14.817590 -30.997034 22.510645 -7.729378 -42.855216 49.966379 -0.923479 74.845992 0.000001 -0.000001 -0.000004 15.885813 16.555417 -17.826732 -42.994255 62.919054 10.337351 -23.207453 22.262435 4.381789 0.000003 -0.000000 -0.000001 -17.507807 3.892810 -14.997685 43.320943 -12.105489 6.914509 -21.537439 0.886501 -1.920637 -0.000004 0.000000 -0.000001 -12.284251 9.768110 -31.816869 17.741063 -2.330942 48.887653 3.099192 -5.011975 -14.088939 0.000001 -0.000006 -0.000000 
-17.791710 94.264122 -24.521248 -1.149213 11.535201 377.463301 10.793047 -2.051842 10.787556 7.235458 6.132582 -10.139347 -4.207023 0.696207 -4.253409 9.295778 10.908858 -8.953430 0.000000 0.000000 -0.000001 14.817954 -14.695941 -30.443932 22.833240 -7.588132 -42.977217 49.579821 -0.868275 72.213541 0.000000 -0.000003 0.000001 15.574848 15.720104 -17.303118 -39.401312 62.938055 6.980512 -22.001819 24.399504 -0.027130 -0.000004 -0.000001 -0.000001 -16.775411 3.737007 -13.851147 41.002541 -11.374820 6.806440 -20.825517 -0.042069 -2.563999 0.000001 0.000000 -0.000001 -12.872214 9.539495 -30.411537 17.343633 -2.750357 47.494298 2.054518 -4.171654 -13.560286 -0.000000 0.000002 -0.000002 
-17.757576 94.549438 -24.584276 -0.492991 11.938919 376.593053 9.938584 -2.121689 10.955416 7.829846 5.789600 -9.379521 -4.716663 -0.118913 -4.631523 8.975224 11.133849 -9.031344 -0.000002 0.000000 0.000000 15.056968 -14.366437 -30.064512 23.374504 -7.870696 -42.850104 48.131568 -1.191997 70.291949 0.000002 0.000003 0.000001 15.628231 15.368708 -17.035858 -37.240387 62.882341 5.279125 -21.126721 25.991383 -3.122514 -0.000001 0.000001 -0.000006 -16.452191 3.581968 -12.961022 39.074454 -11.008440 6.656340 -19.924478 -0.558809 -2.842493 0.000001 0.000000 -0.000001 -13.282334 9.481240 -29.388873 16.475366 -3.250541 46.688830 2.165136 -4.078332 -13.187222 -0.000001 0.000001 -0.000002 
-17.725029 94.875992 -24.646374 -0.552535 12.045572 375.912220 9.320759 -2.138866 10.720322 7.617502 5.675398 -9.009264 -4.656910 -0.379225 -4.585452 8.942162 11.283155 -8.714766 0.000002 0.000000 0.000001 15.593505 -14.432094 -29.848391 24.439156 -8.114475 -43.082043 46.720157 -1.126499 67.864883 0.000001 -0.000002 0.000003 15.711078 15.108068 -16.172969 -33.813763 61.954337 3.299833 -20.378588 27.899200 -6.072782 0.000001 0.000002 -0.000001 -15.168616 3.120059 -11.882454 36.393891 -10.731366 5.833045 -19.054875 -0.417115 -2.620232 -0.000001 0.000001 -0.000001 -13.023162 9.225750 -28.332972 15.703728 -3.297764 45.638993 2.333784 -4.096866 -12.754313 0.000001 -0.000005 -0.000002 
-17.693684 95.245918 -24.713930 -1.389046 11.590133 375.488939 8.944097 -2.129003 10.164063 7.645837 5.590430 -8.688874 -4.723267 -0.389266 -4.593204 9.405812 11.050724 -8.025197 -0.000000 -0.000002 0.000000 15.948212 -13.857305 -30.386678 25.428883 -7.863052 -44.614236 47.735472 -0.095401 67.575474 0.000000 -0.000001 0.000001 14.701282 13.539165 -14.229026 -33.293511 58.581897 6.057108 -22.658099 31.154569 -6.708771 0.000001 0.000000 0.000001 -12.744644 2.459801 -10.521395 33.400595 -10.335636 4.360114 -18.473828 -0.739145 -2.876734 0.000002 0.000000 -0.000001 -12.280514 8.684804 -27.267695 15.677941 -2.915578 43.982221 2.196932 -3.521573 -11.408170 0.000001 -0.000001 -0.000002 
-17.664915 95.614624 -24.782875 -0.939617 11.630183 375.099864 7.299655 -2.078595 9.746571 8.450030 5.378043 -8.101911 -4.747421 -0.750286 -4.918237 9.913907 10.831581 -7.581961 -0.000003 -0.000001 -0.000001 16.107533 -13.987604 -30.408532 25.973128 -7.459660 -45.805711 47.514040 0.292754 68.057426 0.000001 -0.000004 0.000001 14.760399 14.011729 -13.500780 -31.197572 55.857888 6.395400 -24.619883 33.924286 -7.343547 -0.000001 0.000000 0.000001 -12.062131 2.222098 -9.682724 31.129694 -9.860834 3.382821 -18.726953 -0.669104 -2.854231 0.000001 -0.000000 -0.000000 -12.437103 8.670036 -26.668279 15.141795 -3.144809 43.124004 3.200504 -3.600419 -10.798449 -0.000003 0.000000 -0.000003 
-17.632414 96.005447 -24.832468 -0.444386 11.560289 374.727592 7.140058 -2.051555 9.261761 8.365472 5.325136 -7.915562 -4.851005 -1.168445 -4.959241 9.689289 10.622181 -7.242962 -0.000000 0.000000 0.000000 16.395657 -13.719057 -30.631882 26.981153 -8.165814 -45.551689 44.840714 0.352419 69.122006 -0.000000 -0.000002 0.000000 14.794898 13.891287 -12.797616 -28.820352 53.908443 6.247239 -27.390105 37.091534 -6.740560 0.000001 0.000000 0.000000 -10.692450 1.894509 -8.576319 28.358515 -8.972610 2.057003 -18.574105 -1.137782 -3.004489 -0.000000 0.000000 -0.000000 -12.357524 8.452106 -25.961778 14.698460 -3.584269 41.696386 3.681820 -2.995638 -9.664941 -0.000004 -0.000001 -0.000000 
-17.591986 96.414139 -24.874165 -0.109685 12.219492 374.317234 7.222765 -2.050576 9.092127 8.229793 5.171268 -7.573409 -4.903075 -1.827941 -5.030382 9.240634 10.427716 -6.866913 -0.000001 -0.000001 -0.000002 16.566153 -14.030795 -30.806090 27.526858 -9.091557 -46.132751 42.896265 -0.015309 70.184948 0.000001 -0.000002 0.000000 14.381571 13.610655 -11.889879 -26.587401 51.604688 5.771280 -31.330320 39.464283 -4.794494 -0.000002 0.000000 0.000002 -9.434575 1.586949 -7.570063 25.910090 -8.021773 1.049181 -19.723850 -1.384052 -3.329953 0.000001 -0.000001 0.000001 -12.620375 8.376010 -25.306513 14.335819 -3.940264 40.638280 3.586034 -2.580253 -8.904894 -0.000004 -0.000001 -0.000004 
-17.552740 96.814873 -24.918337 -0.098313 12.463969 374.163637 6.981132 -2.013915 8.697929 8.628515 5.041769 -7.263302 -5.221356 -2.077868 -5.098463 9.072724 10.171861 -6.665917 -0.000003 0.000000 -0.000001 16.596873 -14.175580 -31.209023 27.733642 -9.982545 -46.581965 42.202387 -0.411456 70.513883 0.000000 0.000000 0.000003 13.822694 13.215687 -11.002567 -25.585551 49.079864 6.610438 -35.042146 40.685832 -2.361590 0.000004 0.000004 -0.000003 -8.730536 1.432626 -6.924677 24.262609 -7.473146 0.150769 -19.228844 -1.500543 -3.361086 -0.000000 -0.000000 0.000002 -12.712218 8.294942 -24.881703 14.203735 -4.027039 39.811363 2.586132 -2.051648 -8.709974 0.000001 0.000003 -0.000001 
-17.510515 97.229874 -24.966776 -0.389290 12.780148 373.755191 5.965480 -1.996954 8.420697 9.248324 4.933015 -7.103254 -5.548640 -2.482475 -5.050545 9.659756 9.836412 -6.262882 -0.000000 -0.000001 -0.000001 16.785009 -13.825620 -31.687635 28.305158 -11.249822 -47.466465 40.457570 -0.538379 70.568394 0.000000 -0.000002 0.000000 13.314098 12.623188 -10.006071 -24.086751 46.493651 7.129779 -41.902357 42.057429 3.883713 -0.000001 0.000001 -0.000001 -7.471749 1.332020 -6.161777 21.583056 -6.536366 -0.499441 -18.855777 -2.251605 -3.855371 -0.000001 -0.000000 0.000001 -11.975187 7.673033 -24.014035 13.689427 -4.487584 38.588868 2.732415 -1.675536 -8.457314 0.000002 -0.000004 -0.000002 
-17.456133 97.651901 -25.012810 -1.300654 13.114342 373.365597 5.281445 -1.961876 7.949486 9.184518 4.833515 -6.789007 -5.168542 -2.336404 -4.584744 10.009463 9.578153 -5.581249 -0.000001 -0.000002 -0.000001 16.543504 -12.500894 -32.518360 29.039202 -12.687948 -49.774403 41.114969 -0.410585 71.944835 0.000001 0.000001 0.000001 12.642329 11.863028 -8.868764 -22.519385 44.539244 7.117532 -45.909270 42.886187 6.979275 -0.000005 -0.000000 0.000001 -5.375416 0.968764 -5.334225 19.311426 -5.568420 -1.016878 -18.666419 -2.323133 -3.778514 0.000002 -0.000000 -0.000000 -10.807358 6.937182 -23.115042 13.290553 -4.743741 37.396539 2.228816 -1.362071 -8.152228 0.000001 0.000000 -0.000000 
-17.405682 98.064651 -25.062235 -2.804310 13.461073 373.011903 6.677985 -1.989772 8.097061 8.614636 4.639205 -6.405467 -5.398488 -2.417719 -4.473079 10.209080 9.636979 -5.199020 -0.000002 -0.000002 -0.000001 16.258331 -11.610461 -33.036993 29.205711 -12.770898 -52.839143 42.944350 -0.022034 73.838812 0.000001 -0.000003 0.000002 12.018480 11.296050 -7.945845 -21.513680 42.385675 7.482798 -48.527411 43.685425 8.347326 0.000000 -0.000001 0.000004 -3.006019 0.627166 -4.486785 17.750227 -5.101750 -1.270603 -18.259532 -2.825436 -4.188519 0.000001 -0.000001 -0.000001 -9.099193 5.942877 -22.102704 12.788624 -4.775818 36.378110 2.610129 -1.521100 -7.631607 0.000003 0.000002 -0.000002 
-17.352499 98.485039 -25.104864 -1.947224 13.320878 372.670913 5.342676 -1.852280 7.206002 9.300276 4.535265 -5.960540 -5.424621 -2.219258 -4.095718 9.627090 9.424020 -4.880057 -0.000003 0.000002 -0.000001 16.134032 -10.566761 -33.144996 29.985838 -14.020640 -54.875803 41.465996 -0.336555 76.216797 -0.000000 0.000001 0.000003 11.741902 10.417689 -7.501211 -21.028206 41.242482 8.430929 -50.073995 46.091155 7.340521 -0.000001 -0.000000 -0.000002 -2.779969 0.533830 -3.951760 15.638603 -4.374791 -1.997222 -17.721674 -2.818364 -4.052130 0.000002 0.000000 -0.000000 -8.968444 5.815473 -21.367350 11.632593 -5.243607 35.176249 2.945432 -1.597149 -7.519364 0.000003 0.000000 0.000002 
-17.299318 98.915512 -25.150473 -1.640702 12.793531 372.258041 5.769423 -1.782208 6.780336 8.879755 4.449237 -5.897161 -5.561528 -1.753817 -3.654064 9.100549 9.037342 -4.680039 -0.000000 0.000002 -0.000001 15.883202 -9.664572 -33.678987 30.041149 -13.558080 -59.018954 42.916042 0.001802 79.687967 0.000001 0.000001 0.000002 11.272588 10.028032 -6.985500 -21.245145 39.878053 9.578184 -52.694329 47.971226 7.251519 0.000004 0.000002 -0.000001 -2.745736 0.571245 -3.371894 14.430909 -4.170801 -2.375384 -17.148535 -3.496584 -4.622885 0.000002 -0.000001 -0.000001 -8.798489 5.566542 -20.416277 11.153636 -5.129689 33.779018 2.772744 -1.389380 -7.233798 0.000001 -0.000004 -0.000001 
-17.252964 99.329208 -25.191563 -1.084884 12.473512 371.938689 4.599646 -1.650161 6.063242 8.792062 4.281029 -5.567753 -5.227315 -1.509273 -3.278154 8.839302 8.875006 -4.611478 -0.000002 0.000000 0.000000 15.665252 -9.033794 -34.237249 30.055913 -14.645999 -60.841945 43.669911 -0.347162 79.652286 0.000002 -0.000000 -0.000001 10.249618 8.710208 -6.006896 -20.899885 37.835730 10.664651 -57.584922 48.135475 10.791670 0.000000 -0.000002 0.000005 -2.416823 0.471013 -2.836749 13.218689 -3.737561 -2.820420 -16.968306 -3.587177 -4.597973 0.000002 -0.000000 0.000001 -8.419910 5.290635 -19.672840 10.587480 -5.215637 32.538246 2.123147 -0.941381 -6.763758 0.000002 -0.000001 -0.000000 
-17.207455 99.747322 -25.236536 -1.426181 12.446469 371.716025 4.206079 -1.572008 5.636499 8.818497 4.176311 -5.257142 -5.336110 -1.731527 -3.173796 8.826765 8.815308 -4.597112 -0.000000 0.000000 -0.000001 15.422538 -8.149040 -34.716742 30.376426 -15.228556 -63.551850 43.928543 -0.317969 81.082193 -0.000001 0.000000 0.000001 9.800819 8.382060 -5.160473 -20.575182 36.275049 11.819962 -62.726217 49.139465 14.069414 -0.000002 -0.000000 -0.000003 -1.311336 0.243178 -2.363764 11.886819 -3.323451 -2.998371 -16.611309 -3.872511 -4.864567 0.000001 -0.000001 0.000001 -7.525667 4.922288 -18.956405 9.792351 -5.321284 31.472146 1.795745 -0.852300 -6.630488 -0.000001 0.000002 -0.000002 
-17.176065 100.166916 -25.286266 -1.565208 12.209424 371.621194 3.590172 -1.416003 4.860252 8.365080 4.130909 -5.188737 -4.871253 -1.607150 -2.728013 8.762569 8.555482 -4.357946 -0.000001 -0.000002 -0.000000 15.279939 -7.419792 -34.667445 30.932363 -17.353918 -65.443335 42.954602 -0.583794 80.919478 0.000001 0.000000 -0.000000 9.330821 7.295527 -4.728271 -21.423315 35.219724 13.959419 -66.772155 50.693073 16.146950 0.000000 0.000001 0.000002 -0.402073 0.113077 -2.000008 10.526144 -2.927694 -3.303389 -16.363585 -3.941449 -4.926488 0.000001 -0.000001 0.000000 -6.813544 4.583145 -18.282794 9.158426 -5.262786 30.212372 1.347476 -0.441657 -6.006473 0.000003 -0.000001 -0.000000 
-17.144939 100.557716 -25.327538 -1.659223 12.510704 371.555433 3.191054 -1.342038 4.574541 7.627446 4.149797 -5.278060 -4.148736 -1.647417 -2.416363 8.759636 8.350720 -4.093563 0.000001 0.000000 0.000001 15.194968 -7.119869 -34.666051 31.279664 -18.854251 -66.904531 42.757845 -0.569043 80.971442 0.000001 0.000000 0.000001 9.600213 8.101648 -4.703072 -22.611951 35.677053 14.990892 -65.238115 53.534312 12.160311 -0.000001 0.000000 0.000003 0.345043 -0.005535 -1.889877 9.346862 -2.482905 -3.203601 -16.403374 -4.452212 -5.321821 -0.000001 -0.000001 0.000000 -6.033617 4.259963 -17.920203 8.396121 -5.493605 29.467871 1.495380 -0.343100 -5.549410 -0.000005 -0.000001 -0.000001 
-17.118011 100.945312 -25.359106 -2.043088 12.194942 371.439757 3.850086 -1.327555 4.424984 7.728675 4.161156 -5.265649 -4.303777 -1.952616 -2.340643 8.510927 8.354072 -4.304378 -0.000000 0.000002 0.000000 15.138242 -7.943455 -34.128768 31.699878 -22.772346 -66.219613 39.083797 -2.279720 79.140603 0.000001 0.000001 -0.000000 9.837727 8.931669 -4.881931 -25.336389 36.686958 17.270550 -62.443447 56.907309 6.095633 -0.000001 -0.000000 -0.000002 1.690059 -0.233846 -1.545851 7.898642 -1.776962 -3.369334 -15.884865 -4.684132 -5.397508 -0.000000 -0.000001 -0.000001 -5.298984 4.015978 -17.500399 8.131442 -5.484808 28.492421 2.390626 -0.026107 -4.059178 -0.000000 0.000001 0.000001 
-17.105244 101.326019 -25.391130 -3.139147 12.013744 370.995467 5.222458 -1.392077 4.622469 6.689664 4.087599 -5.201284 -3.936641 -2.193810 -2.251873 8.438568 8.181330 -4.123416 -0.000002 -0.000002 -0.000000 15.128437 -9.123520 -33.587896 32.023257 -26.020381 -66.067033 36.410509 -3.515204 77.443437 -0.000001 0.000000 0.000001 9.854528 9.366765 -4.974906 -28.655280 38.067076 19.602341 -57.343495 59.451216 -1.800661 0.000000 -0.000002 -0.000000 3.384348 -0.494368 -0.758740 6.946397 -1.266663 -3.335800 -15.496571 -5.214226 -5.728400 0.000003 -0.000000 -0.000001 -3.618429 3.350578 -16.501758 7.717286 -5.462510 27.107566 2.290891 0.746266 -2.132856 0.000003 0.000002 -0.000002 
-17.098932 101.682266 -25.424923 -3.567759 12.309212 370.768678 5.330342 -1.393068 4.517114 6.693750 3.934554 -4.877031 -3.983570 -2.542001 -2.397321 8.427784 7.996347 -3.853090 -0.000001 0.000000 0.000000 15.300437 -9.471145 -33.332747 32.393887 -28.183872 -66.652462 35.080179 -4.001315 76.889004 -0.000000 0.000001 -0.000000 9.951219 9.377420 -4.950081 -30.887919 39.083285 21.393240 -52.082952 61.324505 -9.232094 0.000002 -0.000000 -0.000000 4.217875 -0.610173 -0.368772 6.196558 -0.888882 -3.099758 -15.432649 -5.793147 -6.150248 0.000001 -0.000001 -0.000000 -2.651093 2.975294 -15.893908 7.211417 -5.680845 26.305582 2.309613 1.245647 -1.029225 0.000001 -0.000003 0.000001 
-17.107809 102.037476 -25.464401 -3.212029 12.575743 370.512846 5.063324 -1.304229 4.100760 6.536047 4.001028 -4.909846 -3.818143 -2.489335 -1.960526 7.672807 7.468719 -3.699219 -0.000001 0.000000 -0.000001 15.371122 -10.053411 -32.854559 33.054397 -30.966739 -66.942677 33.840705 -4.124410 76.027252 -0.000001 -0.000001 0.000001 10.380911 10.026869 -5.374500 -33.761389 41.476563 22.778266 -38.142365 61.940773 -25.231807 -0.000001 0.000005 0.000000 4.050928 -0.717937 -0.067377 5.708108 -0.517060 -2.986016 -15.703447 -6.212715 -6.498356 -0.000000 0.000000 -0.000002 -2.655718 3.025530 -15.343243 7.131345 -5.744025 25.490478 2.118787 1.917905 -0.123874 -0.000000 -0.000002 -0.000001 
-17.125919 102.384811 -25.521376 -1.259831 12.816889 370.360560 3.368063 -1.087899 3.097999 5.747702 4.140190 -5.369660 -2.955428 -1.635251 -0.867917 6.628647 6.773765 -3.199685 -0.000000 -0.000002 -0.000000 15.105151 -10.394333 -32.241385 32.872737 -33.482745 -68.843895 36.544760 -3.537877 75.942380 0.000003 0.000001 -0.000002 10.416566 10.115672 -6.119639 -36.739017 43.486155 23.858739 -26.033083 60.530038 -39.250164 -0.000001 0.000003 -0.000001 2.403235 -0.484664 -0.338371 5.108223 -0.122170 -2.690223 -15.301765 -6.760549 -6.775307 -0.000001 0.000001 0.000000 -4.230833 3.416550 -15.318801 6.632124 -6.049709 24.648073 2.088626 2.349135 0.629753 -0.000001 -0.000001 -0.000000 
-17.149258 102.714256 -25.582701 -0.938761 13.179412 370.199012 3.306039 -1.039234 2.767509 5.382874 4.119072 -5.405633 -2.875530 -1.545918 -0.516051 6.313758 6.604924 -2.935728 -0.000000 -0.000002 -0.000001 14.836494 -9.556825 -32.166783 32.667367 -35.004108 -71.115868 39.821564 -2.562224 76.170973 0.000001 -0.000002 0.000002 10.526123 10.079947 -6.570899 -38.807274 45.134354 24.490985 -18.208185 58.594253 -48.358245 0.000001 0.000004 0.000000 2.269369 -0.418001 -0.190896 4.895843 0.052547 -2.539100 -15.001734 -7.241847 -7.032679 0.000001 0.000000 -0.000000 -4.310857 3.322346 -14.975555 6.404140 -6.107650 24.093800 1.823215 2.721373 1.374981 0.000001 -0.000001 -0.000002 
-17.183332 103.037476 -25.647484 -1.565383 13.124567 369.888867 3.499515 -0.976251 2.702946 5.289273 4.227360 -5.492403 -2.213035 -1.543550 -0.037607 5.414430 6.906561 -2.838512 0.000000 0.000000 -0.000001 14.181056 -9.257082 -31.913738 32.025729 -37.261325 -73.487221 43.054480 -2.408100 75.797075 0.000003 -0.000001 0.000004 10.644588 11.158668 -7.323786 -40.395911 46.771595 23.978489 -12.387562 55.185883 -55.592088 0.000003 0.000000 0.000001 3.389651 -0.771417 0.410156 3.722974 0.126720 -2.651373 -14.246046 -8.467135 -7.888612 -0.000000 0.000000 -0.000000 -3.432922 3.111881 -14.251814 5.794061 -5.725263 23.602461 1.586968 2.169217 0.839767 -0.000003 -0.000003 -0.000003 
-17.214886 103.357712 -25.705963 -1.174575 13.252783 369.827505 3.856654 -0.974661 2.342264 4.244754 4.341325 -5.819514 -1.687016 -1.253825 0.538211 6.212026 6.408734 -2.744944 0.000000 0.000000 -0.000001 14.337489 -10.040412 -31.487940 32.609434 -41.248332 -72.826708 40.904439 -3.136102 74.913856 0.000003 -0.000001 0.000002 11.312503 12.534683 -7.891951 -41.396308 50.524753 22.179117 -4.582023 49.115942 -63.887534 0.000000 -0.000001 -0.000003 3.108925 -0.856471 0.453235 3.536320 0.270973 -2.516656 -14.673907 -8.195230 -7.827642 0.000001 0.000001 0.000001 -3.302480 3.155790 -14.019038 5.520576 -5.808938 22.852261 1.506901 2.960921 2.267956 0.000001 -0.000004 -0.000002 
-17.240242 103.662086 -25.751501 -1.908892 13.816090 369.651750 5.021533 -1.089252 2.621656 3.798563 4.144191 -5.635132 -1.744139 -1.341664 0.382746 6.333831 6.013373 -2.686324 -0.000000 -0.000002 -0.000000 14.631778 -11.599263 -30.935993 33.203954 -44.635788 -70.939547 37.250305 -4.507553 74.021929 0.000002 -0.000000 0.000000 11.681364 13.273954 -8.456124 -42.023422 53.061773 20.660747 -0.287227 44.660664 -68.860506 0.000003 -0.000001 -0.000002 4.043196 -0.945083 0.774709 3.748886 0.051245 -2.092238 -15.240488 -8.320886 -8.194412 0.000001 0.000000 -0.000000 -2.314826 2.804385 -13.453816 5.011052 -5.891404 22.336687 1.798611 3.277362 3.015391 -0.000001 0.000002 -0.000002 
-17.266401 103.970467 -25.787268 -1.083447 13.657857 369.406956 4.243169 -1.026508 2.393076 3.388525 4.084175 -5.662841 -1.499935 -1.118878 0.321133 7.254769 5.861793 -2.402565 -0.000000 0.000000 -0.000000 14.820959 -13.029473 -30.662823 33.926274 -48.161938 -69.156553 34.755366 -5.386410 74.705488 0.000001 -0.000000 0.000002 11.939808 13.425564 -9.319750 -42.632955 55.726291 18.874886 3.116962 43.430840 -75.153439 -0.000001 -0.000002 0.000001 3.867026 -0.843036 1.053411 3.173254 0.340440 -2.302800 -15.104663 -8.372282 -8.213081 0.000001 -0.000000 0.000001 -2.923711 2.888368 -13.252388 5.279935 -5.695880 21.659059 1.306547 3.754831 4.066205 -0.000000 0.000001 -0.000002 
-17.297722 104.285011 -25.826504 -0.198542 13.354539 368.664378 3.417689 -0.923767 2.341992 3.134652 3.631957 -4.973285 -1.238526 -1.785962 -0.344831 7.682646 5.725767 -2.417487 -0.000001 0.000002 -0.000001 14.654080 -14.416009 -28.981435 34.817542 -50.634795 -65.670534 30.520209 -7.046281 72.528679 0.000001 -0.000002 0.000003 12.087533 13.534896 -10.632998 -42.992680 59.351735 15.881211 7.166499 40.604385 -83.065134 0.000005 0.000001 0.000001 3.445658 -0.693695 1.803019 3.258920 0.330524 -2.169569 -15.025322 -8.092862 -8.023499 0.000002 -0.000000 -0.000000 -3.719188 2.950035 -12.450646 6.250003 -5.072691 20.789487 1.169665 4.241522 5.480575 -0.000004 -0.000003 -0.000003 
-17.327663 104.585243 -25.865704 -0.222249 13.649243 368.151349 3.245191 -0.903734 2.681656 3.096690 3.503530 -4.794368 -1.463315 -1.927445 -0.565184 7.813932 5.468692 -1.636083 -0.000003 0.000000 -0.000001 14.495772 -15.706227 -28.759584 34.371168 -51.463969 -64.883935 30.358644 -7.860545 69.706001 0.000001 -0.000000 0.000002 12.280270 14.720383 -10.997742 -38.365927 62.488069 7.917677 9.641553 35.985483 -87.847878 -0.000001 -0.000002 0.000003 3.608544 -0.642393 2.444787 2.749499 0.142186 -2.258414 -14.858187 -8.244488 -8.144888 -0.000000 -0.000001 0.000001 -3.769545 2.829637 -11.765780 6.594100 -4.406107 20.551286 1.057385 3.898584 5.294596 -0.000003 -0.000004 -0.000001 
-17.381916 104.904572 -25.926830 -0.599685 14.743505 367.797545 1.573702 -0.710224 2.746044 4.717797 3.049072 -4.062217 -2.025616 -1.714108 -1.368480 7.682936 4.192073 -0.061913 -0.000001 0.000002 -0.000001 13.962410 -18.368983 -27.765824 31.804079 -49.545144 -66.170552 35.784690 -7.276830 66.143169 0.000000 -0.000001 0.000002 11.922192 14.914136 -12.661219 -29.253161 63.266041 -5.051491 8.417046 32.487173 -85.122530 0.000002 -0.000001 0.000003 4.522502 -0.394342 2.960199 1.511953 0.244477 -1.972690 -14.838443 -8.331450 -8.620475 0.000001 -0.000001 0.000000 -3.130814 2.262272 -11.133856 5.907797 -3.995845 20.284803 1.554919 3.176230 5.490452 -0.000004 0.000004 -0.000003 
-17.448513 105.223236 -25.984333 -1.497535 13.961453 367.180670 2.469809 -0.663398 2.815620 4.421596 2.821749 -4.150792 -2.381665 -0.633663 -0.884384 6.854356 4.068962 0.153931 -0.000001 0.000000 -0.000000 12.792218 -19.561307 -27.291419 28.057068 -46.387083 -70.144144 44.375189 -6.730277 60.144139 0.000001 -0.000002 0.000002 11.920009 15.032901 -15.735602 -18.045479 63.061456 -21.111292 5.298244 28.500013 -76.809787 0.000004 0.000002 -0.000001 6.156448 -0.050292 4.247272 -0.105732 0.446629 -2.476303 -13.494010 -8.842420 -9.147928 0.000001 -0.000000 -0.000000 -2.415347 1.568615 -10.089051 6.407904 -2.756535 19.019883 1.074777 2.783476 6.444507 0.000001 0.000000 -0.000000 
-17.506565 105.508354 -26.030260 -1.797664 14.001344 366.669908 3.226647 -0.691091 2.781103 4.214599 2.682331 -4.071254 -2.866547 -0.083116 -0.436729 6.371781 4.045311 0.442403 -0.000001 0.000000 -0.000001 12.798145 -20.207827 -25.973994 27.724308 -44.912599 -68.039189 49.756699 -6.664973 54.594126 0.000001 -0.000001 0.000002 12.835969 15.524072 -17.910595 -3.909937 61.334368 -39.089640 4.410161 23.383325 -69.751094 0.000001 -0.000002 0.000001 6.691620 0.217218 5.162238 -0.682548 0.121492 -2.735857 -12.715063 -8.910614 -9.275358 0.000001 0.000000 -0.000000 -2.237643 1.292870 -9.372151 6.290491 -2.195972 18.489728 0.766501 2.616272 6.756613 -0.000003 0.000003 0.000003 
-17.592844 105.782814 -26.105721 -1.264502 14.326368 365.883754 2.204979 -0.597031 2.574590 2.354701 2.524647 -4.019238 -1.741447 -1.178170 -0.246077 6.405815 3.807426 0.616738 0.000000 0.000000 -0.000001 12.787823 -20.344149 -23.868106 27.238697 -41.550161 -67.552688 56.979736 -6.596419 50.009433 0.000002 -0.000001 0.000002 13.517509 15.204877 -20.090342 8.651159 57.310731 -54.951249 4.369961 19.383394 -66.487848 -0.000003 0.000001 -0.000001 5.955798 0.190828 6.175028 -1.445411 -0.103309 -3.112386 -11.819199 -9.015793 -9.203855 0.000001 0.000000 -0.000000 -3.180564 1.580704 -8.382802 5.482452 -1.963166 17.599919 1.706707 2.589649 7.055144 -0.000001 0.000001 0.000001 
-17.713531 106.062721 -26.223318 -0.324262 15.417125 365.343267 0.407047 -0.399500 2.021919 3.163283 2.218522 -3.218878 -2.897984 -2.925072 -0.968029 5.620969 3.597364 0.681013 -0.000000 0.000002 -0.000001 12.525219 -18.510914 -22.668968 28.130151 -39.970953 -64.484840 62.293333 -6.085355 45.940884 0.000002 0.000001 0.000001 14.774135 14.798788 -22.771280 17.745772 51.390664 -66.702903 6.149891 14.309965 -63.964278 0.000003 0.000005 -0.000001 4.970722 0.223464 6.835747 -1.625899 -0.484701 -3.128058 -11.399039 -9.856369 -9.973581 0.000002 -0.000001 0.000001 -3.867421 1.778265 -7.235136 4.345928 -1.879812 16.438269 0.516796 2.944568 7.290214 -0.000003 -0.000003 -0.000003 
-17.822327 106.328903 -26.316547 -0.030250 16.618643 365.051563 -0.253728 -0.338777 1.869545 2.873605 2.145566 -3.101229 -2.832246 -3.976486 -1.179718 6.607180 3.182185 1.326602 -0.000000 0.000002 0.000000 12.297160 -17.583212 -22.252548 28.787673 -39.563727 -61.803021 65.894940 -5.803940 43.621724 0.000002 -0.000003 0.000002 15.363464 14.088715 -24.616097 22.526766 45.922183 -73.551398 7.700155 10.023517 -61.855908 -0.000001 0.000004 -0.000003 4.529825 0.212403 7.117539 -1.532436 -0.733753 -2.773190 -11.288330 -10.609891 -10.717225 0.000002 -0.000001 0.000001 -3.704739 1.730543 -6.349964 3.173770 -1.961239 15.815976 0.515569 2.821131 7.305311 -0.000002 -0.000002 -0.000001 
-17.941465 106.582855 -26.388248 -0.424290 17.110401 364.939548 0.428161 -0.309712 1.649738 2.776991 2.067020 -3.002062 -2.644703 -4.747168 -1.273276 6.855866 2.642597 1.517650 -0.000000 0.000000 -0.000000 11.877026 -17.669962 -21.502916 28.736231 -39.392839 -58.846984 67.041046 -5.892371 43.106283 0.000003 -0.000000 0.000002 15.635208 13.308555 -26.905194 24.926955 39.702769 -78.287587 9.043854 4.894343 -57.937394 -0.000002 -0.000003 -0.000004 4.907539 0.305774 7.646060 -1.004818 -0.543374 -2.615265 -12.064535 -11.295258 -11.554722 0.000001 -0.000000 -0.000000 -3.950267 1.610517 -5.622725 3.482111 -1.907863 15.113149 0.153332 3.119729 7.705740 -0.000001 0.000000 -0.000003 
-18.071377 106.819366 -26.465937 -0.785563 16.584478 364.670275 1.311182 -0.353731 1.722000 2.507138 1.847778 -2.793253 -2.271270 -4.986353 -1.570724 5.957068 2.193970 1.298465 -0.000001 -0.000003 -0.000001 11.371368 -17.846169 -20.304006 28.527368 -39.666494 -56.484534 66.861890 -6.007194 44.760016 -0.000000 0.000001 0.000002 15.559354 12.269835 -29.231376 26.125477 33.809522 -81.885792 9.230229 1.497824 -51.649419 -0.000001 0.000003 0.000000 5.212475 0.327152 8.286435 -0.780144 -0.348823 -2.670449 -12.522336 -11.413313 -11.790202 0.000001 0.000000 -0.000001 -3.776549 1.401769 -4.729396 3.868005 -1.682246 13.984136 -0.283177 3.564978 8.236087 -0.000000 -0.000003 -0.000000 
-18.199083 107.028984 -26.541912 -0.297014 15.393500 364.490559 1.953528 -0.364684 1.739385 2.934120 1.838476 -2.783617 -2.479227 -4.049333 -1.846738 4.732190 1.237192 1.199198 0.000000 -0.000002 -0.000000 11.388164 -19.258362 -19.065575 28.559533 -39.721621 -53.308137 65.370033 -6.002222 46.879645 0.000004 -0.000001 0.000003 14.403074 9.743364 -30.662942 26.873948 30.114519 -84.773583 8.684503 0.179820 -46.127556 -0.000002 0.000000 -0.000001 5.137157 0.260543 8.666065 -0.763093 0.139608 -3.037080 -12.625541 -11.080811 -11.443739 0.000002 0.000000 -0.000000 -4.599276 1.587283 -4.496299 5.262357 -1.335833 13.284055 -1.929939 4.162044 8.224296 -0.000001 -0.000002 -0.000003 
-18.314793 107.226395 -26.582886 -0.576913 15.071255 364.384991 2.383884 -0.437976 1.905288 2.550898 1.907319 -2.957067 -1.684981 -4.694527 -1.836792 4.027132 1.339169 0.765948 -0.000000 -0.000001 -0.000001 10.626165 -18.639142 -19.634844 28.005014 -40.937634 -53.724858 62.708691 -6.943682 48.123293 0.000002 -0.000000 0.000002 14.783270 10.000725 -32.394798 26.356414 25.993962 -85.875968 9.624673 -3.769602 -43.359065 0.000003 -0.000001 0.000001 5.451740 0.130211 8.951140 -0.152969 0.141132 -2.919614 -13.036478 -11.066132 -11.581282 0.000002 0.000000 -0.000001 -4.223572 1.457931 -4.130568 6.180747 -1.106641 12.956599 -2.667290 3.978996 7.765769 -0.000000 0.000003 -0.000005 
-18.433113 107.410042 -26.607231 -0.599878 14.905559 364.371632 3.247686 -0.485948 1.823985 1.154710 2.168591 -3.549274 -1.375582 -3.713477 -1.384158 3.675169 0.577380 0.985775 -0.000001 0.000000 -0.000000 10.317768 -18.296723 -20.398840 28.144467 -42.891170 -54.602513 64.397598 -7.632724 48.365512 0.000001 -0.000002 0.000005 14.674216 9.942926 -32.847773 26.594132 23.279464 -87.751730 11.284781 -8.882235 -42.124160 -0.000001 -0.000004 -0.000002 5.536937 -0.220065 9.007951 0.152020 -0.342867 -2.895080 -12.613456 -10.736189 -11.359300 -0.000001 0.000000 -0.000000 -3.876884 1.625590 -3.758166 6.689209 -0.496592 13.020805 -1.811816 3.232258 6.493304 -0.000000 -0.000002 0.000002 
-18.550381 107.588028 -26.628525 -1.037206 14.942202 364.156863 3.240835 -0.502059 1.669744 1.083518 2.207404 -3.590415 -1.629535 -2.384293 -1.161074 4.413237 -0.032254 1.965557 -0.000000 -0.000002 -0.000000 11.353181 -20.481690 -19.679105 27.978873 -42.269206 -55.855713 65.601037 -7.366315 49.224996 -0.000000 0.000002 -0.000000 14.536753 9.202058 -33.164294 27.280119 22.435956 -89.004776 12.700082 -11.701578 -40.248348 -0.000003 -0.000001 -0.000003 6.097296 -0.278001 9.413381 0.283458 -0.628316 -2.840874 -13.705399 -10.806823 -11.767776 0.000001 -0.000000 -0.000000 -3.493693 1.568719 -3.428193 7.215562 -0.287352 13.390533 -1.090860 2.549488 4.996677 -0.000003 -0.000004 -0.000002 
-18.670006 107.759987 -26.666130 -1.160908 15.250212 363.802322 2.555249 -0.465697 1.588664 0.828755 2.085310 -3.536408 -1.047094 -2.317548 -0.944917 3.403832 -0.436313 2.066745 -0.000001 0.000000 -0.000000 11.512591 -20.516968 -19.923892 27.551313 -41.917134 -58.010327 68.662881 -7.055068 48.351449 -0.000003 -0.000003 -0.000000 14.550429 8.517254 -33.832987 27.722850 21.244772 -90.120938 13.715401 -12.715283 -37.903978 0.000006 -0.000002 -0.000004 6.513802 -0.137614 9.732950 0.508235 -0.876898 -2.092743 -15.342357 -11.649174 -13.087924 -0.000000 0.000000 -0.000001 -3.477703 1.490502 -3.341578 8.380899 0.172303 13.404311 -0.489297 0.867996 0.567967 -0.000005 -0.000002 -0.000001 
-18.787914 107.950745 -26.720413 -0.696864 16.874450 363.416662 2.298261 -0.521567 1.767712 0.002229 2.076327 -3.709539 0.134742 -3.375440 -0.382921 1.273615 -0.631873 1.673243 -0.000001 0.000000 -0.000001 11.046957 -18.470080 -20.648225 28.340016 -43.778388 -58.391301 70.921454 -6.546940 47.565509 0.000002 0.000000 -0.000001 14.681714 7.997836 -34.208337 28.169314 17.607060 -91.034284 14.409544 -12.468416 -35.761276 0.000000 0.000001 -0.000001 5.817363 -0.052887 9.719398 1.431949 -1.404169 -1.113025 -16.137288 -12.430878 -14.121546 -0.000000 0.000000 -0.000000 -3.876832 1.624642 -3.591267 9.366571 0.500360 13.990054 -1.148425 -0.677489 -4.299404 0.000002 0.000003 -0.000001 
-18.905979 108.136345 -26.781204 -0.077706 18.226414 363.106407 1.955279 -0.557858 1.917658 -0.382797 2.113954 -3.738321 0.536512 -4.229499 -0.280108 -0.022048 -0.720202 1.423477 -0.000000 0.000000 -0.000001 11.031536 -17.772559 -21.021774 29.111117 -45.011254 -58.557623 70.893122 -6.233896 47.446828 -0.000000 -0.000002 0.000003 14.665094 7.357324 -34.226799 28.687232 14.895422 -91.794402 16.432066 -14.431715 -34.127361 -0.000002 0.000004 -0.000001 5.114531 -0.104061 9.621653 1.309156 -1.681242 -0.461515 -16.922033 -12.654185 -14.681746 0.000002 -0.000000 0.000001 -3.726865 1.729199 -3.804214 9.329447 0.689444 14.174823 -0.647115 -2.419240 -8.395410 -0.000001 0.000001 -0.000003 
-19.014240 108.336533 -26.844069 0.393967 19.319113 362.792656 1.406414 -0.422420 1.968564 -0.928903 2.176449 -3.987620 1.107521 -4.696323 0.034078 -0.648370 -1.081319 1.478739 -0.000000 0.000002 -0.000000 10.105702 -17.161207 -22.290001 27.424625 -45.599391 -62.078066 73.954379 -7.889677 44.587471 -0.000000 -0.000000 0.000004 13.671766 7.262663 -34.115705 27.884995 14.237041 -92.980663 15.414198 -14.941452 -33.183794 0.000000 -0.000001 -0.000001 4.983697 -0.108669 9.404038 -0.744888 -1.428241 0.601920 -17.008233 -14.456118 -16.442468 0.000001 0.000000 -0.000000 -2.733455 1.610534 -4.659579 12.626841 2.212842 14.388757 0.144564 -2.191915 -6.802487 -0.000003 -0.000004 0.000003 
-19.097446 108.521660 -26.869696 0.160527 21.691648 362.459151 2.003154 -0.600675 2.701732 -0.467491 1.892866 -3.368898 0.240320 -5.285908 -0.847721 -0.795359 -1.647240 1.947637 -0.000001 0.000002 -0.000000 10.661631 -17.870230 -22.136276 28.259117 -46.548173 -61.372207 72.975476 -7.830099 43.375704 -0.000001 -0.000001 0.000002 13.539394 6.478043 -34.341590 27.904338 11.631452 -92.921561 17.685796 -17.194904 -31.246159 0.000000 -0.000000 0.000001 5.828529 -0.173711 9.629400 -2.308897 -0.971305 0.817218 -16.721556 -14.364108 -16.108649 -0.000000 0.000000 -0.000001 -1.904305 1.534553 -5.785483 14.473468 2.801320 13.651981 -0.038800 -0.790475 -3.717056 -0.000007 -0.000003 0.000001 
-19.169094 108.688080 -26.890133 0.466221 22.735173 362.193047 2.028036 -0.641143 2.952094 -0.740845 1.850232 -3.233463 0.359465 -5.314582 -1.041424 -1.483114 -1.963255 2.116213 -0.000000 0.000002 0.000001 10.918401 -18.681380 -22.061969 28.690473 -46.613746 -60.677515 71.280537 -8.465649 42.097820 0.000004 -0.000001 0.000002 13.374489 6.065144 -34.509381 27.826546 10.116366 -92.507911 20.336757 -20.595606 -30.368490 -0.000002 -0.000001 -0.000004 5.600315 -0.303277 9.618575 -2.671962 -0.935326 1.095585 -17.591683 -14.237258 -16.371019 -0.000000 0.000000 -0.000000 -2.018625 1.767458 -6.785918 13.983498 2.916339 11.827185 -1.370073 -1.301981 -6.241037 -0.000003 -0.000002 -0.000001 
-19.234816 108.844353 -26.924196 -0.246447 23.204340 361.719633 2.028900 -0.738157 3.470563 -0.367833 1.695816 -2.714490 0.002921 -5.251246 -1.483212 -0.438811 -1.851836 2.448969 0.000000 -0.000002 -0.000001 10.725436 -17.977056 -21.990680 28.277297 -45.853874 -63.106187 78.097920 -8.935617 40.699940 0.000005 0.000002 0.000003 13.427966 5.680944 -34.867542 28.120567 8.629315 -92.457388 22.734744 -23.832159 -28.600529 -0.000001 -0.000000 -0.000001 6.503891 -0.524949 10.442575 -3.651510 -0.675421 0.712550 -18.129962 -13.304842 -15.790702 -0.000001 0.000000 -0.000000 -1.576449 2.054141 -8.312380 12.104140 2.672309 10.741079 -2.496275 -3.350059 -12.262666 -0.000003 0.000001 -0.000002 
-19.297283 109.021889 -26.991138 -0.174782 22.676696 361.143329 2.275921 -0.843958 3.804944 -0.590483 1.453054 -2.317493 -0.026653 -4.452266 -1.649030 -1.026029 -2.136122 2.420731 0.000000 -0.000001 -0.000001 10.900376 -17.614139 -21.680888 28.566513 -45.261188 -62.714756 81.321912 -9.281779 39.189730 -0.000002 0.000004 -0.000000 13.512273 5.087004 -35.044738 28.607892 7.501318 -93.002158 23.507640 -23.782553 -26.634843 0.000001 0.000000 -0.000001 7.421977 -0.364398 11.445738 -5.922796 0.128529 -0.165279 -17.492567 -13.028640 -15.357021 0.000001 0.000001 -0.000003 -1.215331 2.265480 -10.364922 10.771673 2.766436 7.737458 -2.313465 -5.185086 -17.027539 -0.000005 -0.000004 0.000003 
-19.362267 109.191002 -27.082909 0.495681 22.955106 360.764882 0.868757 -0.707924 3.318879 0.613466 1.091849 -1.505730 -0.638544 -3.741942 -1.915309 -1.491550 -2.409832 2.439741 0.000000 0.000000 -0.000000 10.915634 -18.243039 -21.195260 27.724100 -44.500438 -64.525145 83.662099 -10.764266 36.905821 0.000001 -0.000002 0.000005 13.028012 4.471369 -35.242622 28.426042 7.133709 -93.222834 21.945551 -22.792888 -26.461285 0.000002 -0.000001 -0.000002 7.419618 -0.367744 11.868817 -7.428091 0.630028 -0.534265 -17.131641 -13.254254 -15.461134 -0.000001 0.000000 0.000001 -0.092451 2.131515 -11.324289 8.304313 2.810084 3.842830 -3.003082 -5.837168 -19.532471 0.000005 -0.000003 0.000001 
-19.419460 109.352013 -27.171555 1.144704 24.900218 359.998808 0.197920 -0.752776 3.709949 -0.908457 0.914968 -1.538572 0.890028 -5.069947 -1.628434 -3.238198 -2.495318 2.240153 0.000000 0.000000 -0.000000 10.850630 -17.602366 -21.409998 27.930605 -43.793517 -64.398664 87.445874 -11.450831 34.694045 -0.000000 -0.000001 0.000002 13.141493 4.510331 -34.899009 29.042084 7.687725 -93.853937 19.914865 -19.954531 -26.673270 -0.000001 0.000000 0.000001 7.511971 -0.176025 12.580633 -8.506101 0.959608 -0.378403 -17.235936 -14.461228 -16.602901 -0.000001 -0.000001 -0.000000 2.088235 1.535958 -11.636349 4.156163 2.718421 -0.935002 -1.804817 -6.750846 -20.423510 -0.000003 -0.000001 0.000004 
-19.472284 109.498398 -27.251987 1.972248 25.862723 359.378955 -0.387954 -0.664529 3.611032 -1.804119 0.868786 -1.743323 1.502070 -5.672281 -1.225010 -4.564521 -3.079817 1.952515 -0.000000 -0.000002 0.000000 10.335779 -16.682011 -21.392146 27.755327 -42.983914 -63.893531 92.330545 -13.400175 30.659036 0.000002 -0.000002 0.000001 13.927017 5.697932 -35.136064 28.692433 6.998160 -93.147709 16.995835 -16.412270 -27.058595 0.000003 0.000004 0.000000 7.468396 0.060825 13.194658 -9.156681 1.431205 -0.559111 -17.194516 -15.065237 -17.257960 -0.000001 0.000002 -0.000001 4.212889 0.876465 -11.955602 -0.649044 2.996915 -6.650000 1.099152 -7.706270 -19.109751 -0.000001 0.000003 0.000001 
-19.519224 109.636276 -27.329029 2.580753 26.339424 359.111129 -1.007879 -0.580571 3.356842 -2.163288 0.857744 -1.842680 1.934955 -5.825939 -0.957081 -4.449574 -3.493363 1.855100 -0.000001 0.000000 -0.000001 10.141640 -16.474922 -21.181979 27.914558 -41.817625 -63.592271 95.163496 -14.626953 28.028882 -0.000002 -0.000004 0.000003 13.897202 5.312715 -35.498252 28.917952 6.665576 -92.994658 16.182209 -15.061824 -27.008095 -0.000001 0.000001 -0.000003 7.494694 -0.006124 13.506152 -9.726120 2.115679 -0.778093 -16.529365 -15.903602 -17.648842 0.000002 0.000000 0.000002 5.499650 0.630304 -12.309731 -3.639652 3.509799 -11.099095 3.920304 -7.659076 -16.135089 -0.000006 -0.000006 -0.000000 
-19.567513 109.766846 -27.392309 2.418873 27.478092 359.054056 -2.401192 -0.337510 2.393837 0.215973 0.553204 -0.988103 0.148184 -5.793492 -1.102874 -3.517108 -3.478301 2.360663 -0.000001 -0.000003 -0.000001 10.125208 -16.382029 -21.064081 27.808758 -41.426730 -62.997205 95.040067 -15.626600 25.696797 -0.000001 -0.000002 0.000003 14.105863 5.345084 -35.957169 29.044252 8.772762 -93.192050 15.212669 -13.562890 -25.802040 0.000001 0.000001 -0.000001 8.018503 0.198961 13.906709 -10.550301 2.187252 -1.054066 -16.064817 -16.499273 -18.173165 0.000001 0.000001 0.000000 7.137822 0.099703 -12.350000 -5.682505 4.767228 -15.454968 6.177377 -6.593072 -11.062029 -0.000000 0.000001 -0.000003 
-19.620150 109.886391 -27.454397 2.646198 28.094491 358.878329 -1.700473 -0.379606 2.573954 -1.083923 0.764638 -1.609351 0.831278 -6.025426 -0.557999 -4.989256 -3.519042 1.783558 -0.000000 -0.000003 -0.000001 10.027763 -17.111246 -19.994571 28.144380 -41.656719 -60.842383 93.061498 -14.650438 27.229372 0.000002 0.000003 -0.000000 15.031371 6.652191 -36.324486 28.921306 8.439708 -93.257374 13.051528 -11.137534 -23.076440 0.000002 0.000001 -0.000003 8.014313 0.213230 14.369331 -10.735945 2.463648 -1.402780 -16.439932 -16.931231 -18.787096 0.000001 0.000000 -0.000000 7.774103 0.018459 -12.829837 -7.312377 5.821179 -18.977226 7.945609 -5.128125 -6.181441 -0.000002 0.000002 -0.000006 
-19.670670 109.990395 -27.517550 2.153138 27.818853 358.842184 -0.905391 -0.468629 2.805645 -1.817984 0.865059 -1.930451 0.899577 -5.911143 -0.450995 -4.213475 -3.449125 1.960332 0.000000 -0.000002 0.000000 10.135848 -17.435620 -19.559090 28.419155 -41.331548 -59.434428 92.503260 -13.850253 28.189483 -0.000002 -0.000004 0.000001 15.848185 7.691521 -36.505476 28.964964 8.019732 -93.149799 13.295172 -10.999503 -21.146418 -0.000003 0.000000 -0.000001 8.476334 0.309506 14.802965 -10.899634 2.524316 -1.725107 -15.954328 -16.819428 -18.517382 -0.000001 0.000000 -0.000000 8.138671 -0.062543 -13.352504 -7.988071 6.396442 -20.638603 8.960879 -4.009496 -2.959001 0.000001 -0.000004 -0.000002 
-19.728802 110.075745 -27.568348 3.036612 27.084786 358.313308 -2.341449 -0.383038 2.565432 -0.309137 0.738053 -1.345875 0.049469 -5.604653 -0.827287 -4.723412 -2.983956 2.308081 -0.000001 0.000000 0.000000 10.094308 -16.081346 -19.236570 30.095647 -42.292449 -56.016868 91.189815 -11.633336 30.032079 0.000002 0.000001 0.000002 15.600669 6.086050 -36.886727 29.765886 7.403681 -93.511601 16.683671 -12.425811 -18.178241 0.000000 0.000001 0.000002 7.602881 0.434219 15.050286 -10.589349 2.472907 -1.813606 -17.236744 -16.204086 -18.425494 0.000001 -0.000000 -0.000000 6.701811 0.367826 -14.281160 -9.233734 6.526064 -21.166700 9.407280 -3.607939 -1.338976 -0.000000 -0.000002 -0.000001 
-19.795244 110.156898 -27.614923 2.653559 26.314371 358.078323 -1.826614 -0.481016 2.910933 -0.435864 0.657030 -1.249940 0.371882 -5.974955 -1.045435 -5.196957 -2.838046 2.159469 -0.000001 -0.000003 -0.000001 9.663551 -15.257780 -19.482543 30.550859 -42.358029 -53.681103 88.898990 -10.370815 32.245900 0.000001 0.000000 0.000001 15.463637 5.661268 -37.206148 29.736639 7.091431 -93.474766 18.409163 -13.458394 -15.533269 0.000000 -0.000002 0.000003 7.783958 0.495787 15.522846 -10.384375 2.567392 -1.922604 -17.403329 -15.906660 -18.161796 0.000001 0.000000 -0.000002 4.461030 1.106198 -15.414724 -8.175393 6.086643 -19.913177 9.247554 -3.399910 -0.925391 -0.000001 0.000003 -0.000001 
-19.857645 110.235672 -27.654224 2.963085 26.024549 357.908005 -1.794394 -0.514661 2.941732 -0.094519 0.563198 -1.037612 0.242591 -5.878582 -1.193927 -5.595187 -2.876690 2.102050 -0.000001 0.000000 -0.000001 9.836390 -15.587634 -19.291203 31.133423 -42.332932 -51.173577 85.469354 -9.353809 34.068676 0.000007 -0.000002 0.000001 15.140847 4.945543 -37.412976 30.122500 8.133298 -93.791229 18.151747 -12.900433 -13.380107 -0.000002 0.000000 0.000001 7.609620 0.533556 15.716311 -10.556599 2.805900 -2.045774 -17.455802 -15.955867 -18.144667 0.000001 -0.000000 0.000001 2.913015 1.624971 -15.999711 -8.711277 5.790867 -19.644939 10.106812 -3.435581 -0.623979 -0.000005 -0.000001 -0.000000 
-19.920498 110.312141 -27.683729 2.397091 25.815735 357.821070 -1.396195 -0.637519 3.271015 0.150074 0.483223 -0.805844 -0.151908 -6.161436 -1.719774 -4.950902 -2.872280 2.221358 -0.000001 0.000002 0.000000 10.303089 -15.761082 -18.757098 31.960258 -41.916188 -49.198314 83.124591 -7.902070 36.139211 0.000004 0.000001 -0.000000 15.407638 4.947810 -37.112939 30.945251 9.622139 -94.249220 20.599985 -14.304136 -11.017853 -0.000003 0.000001 -0.000003 7.850487 0.558764 15.997961 -10.361293 2.875983 -2.063120 -17.396039 -15.576344 -17.699298 0.000001 -0.000001 0.000001 1.142224 2.255181 -16.178391 -8.462327 5.517560 -19.371316 9.259243 -3.165084 -0.985891 -0.000002 0.000000 0.000001 
-19.971981 110.385811 -27.697937 1.863933 26.244030 358.019009 -0.254163 -0.781698 3.891131 0.559762 0.419888 -0.537712 -0.738620 -6.711711 -2.493362 -4.931939 -2.763104 2.091199 -0.000001 -0.000002 -0.000000 10.283040 -16.604764 -18.459474 31.817801 -41.567189 -47.803702 82.341161 -7.328597 38.295143 0.000004 -0.000002 -0.000003 15.564415 5.386814 -37.321701 30.966210 11.064608 -94.391630 18.513486 -12.921745 -9.200765 0.000004 -0.000002 0.000003 8.642482 0.485637 16.146260 -10.985488 3.143677 -2.338553 -16.922222 -15.426325 -17.360468 0.000001 0.000001 -0.000001 -1.059241 3.119477 -16.685141 -8.494617 5.427396 -18.903525 10.291482 -3.746052 -1.353448 -0.000004 0.000000 -0.000003 
-20.030844 110.443848 -27.698090 1.855100 26.633086 358.016933 0.469109 -0.837417 4.187317 0.073265 0.452449 -0.701222 -0.443640 -7.131870 -2.475570 -5.214355 -2.996765 1.575436 -0.000000 0.000000 -0.000000 10.777495 -18.266777 -17.745229 31.300657 -40.355534 -47.147874 80.437710 -7.188337 39.358586 -0.000000 0.000000 0.000001 15.783611 5.748794 -37.603719 30.827342 11.123889 -94.218314 16.721015 -11.746049 -7.789586 0.000000 -0.000000 0.000003 8.939171 0.493271 16.423460 -11.252241 3.599704 -2.724798 -16.012644 -15.451314 -16.842637 0.000001 0.000000 0.000001 -2.671223 3.647559 -16.716062 -8.382397 4.998039 -18.855137 10.098471 -3.410551 -1.516435 0.000002 0.000002 -0.000002 
-20.084982 110.511856 -27.697376 1.465163 26.768678 358.209271 1.297356 -0.902539 4.551646 -1.469090 0.504395 -1.077956 0.485482 -7.238769 -2.566060 -4.337188 -2.915578 1.770697 -0.000001 -0.000002 -0.000000 10.781535 -19.123710 -17.588094 30.232596 -39.762575 -48.203486 81.034969 -8.254664 39.637698 0.000001 0.000001 -0.000002 15.930562 6.379942 -37.995946 30.594169 13.572262 -94.397278 15.220785 -12.217744 -6.191561 0.000000 -0.000000 -0.000004 9.334645 0.334897 16.518609 -10.778063 2.866688 -2.625832 -16.246729 -15.767763 -17.380996 0.000001 -0.000000 -0.000000 -3.945039 4.130452 -16.265677 -8.896487 5.354471 -18.644714 10.379658 -3.862786 -2.103102 -0.000004 -0.000003 0.000001 
-20.173409 110.594521 -27.756512 2.903810 27.469764 358.696755 0.323622 -0.598337 3.909984 -1.048953 0.587291 -1.432592 -0.377357 -7.307576 -2.775261 -5.648495 -3.084108 1.349191 0.000000 0.000000 -0.000000 9.247219 -18.394451 -19.751398 28.476134 -41.186143 -51.252725 85.470330 -9.713986 36.465598 0.000004 0.000001 -0.000001 14.462374 6.508006 -38.024165 28.836290 15.167379 -95.298105 16.042113 -12.918583 -4.348918 0.000004 0.000000 0.000003 9.619855 0.597116 16.538579 -9.838372 2.423170 -1.589902 -15.842236 -15.166304 -16.792749 0.000002 0.000000 0.000001 -7.364672 5.126655 -17.239800 -9.151227 5.299179 -18.737972 7.426570 -3.753296 -3.391422 0.000002 0.000003 -0.000005 
-20.253103 110.664848 -27.807417 3.910437 27.921620 358.975673 -0.105605 -0.468827 3.552250 -0.296629 0.525171 -1.320774 -1.242566 -7.400792 -3.034827 -6.660960 -3.168319 0.821132 -0.000000 -0.000002 -0.000001 8.422052 -17.569029 -20.804297 27.448432 -42.429777 -53.107511 87.409264 -11.076248 34.634031 0.000000 0.000001 0.000001 14.108068 6.958198 -38.290689 27.721699 15.616247 -95.402190 16.293823 -13.671185 -3.564050 -0.000001 -0.000001 -0.000001 9.697910 0.687143 16.426591 -9.557038 2.387064 -1.024661 -15.761175 -14.947685 -16.610407 0.000002 -0.000001 0.000000 -10.042402 6.019242 -17.882868 -9.262798 5.078600 -18.670486 5.821510 -3.490635 -4.005960 -0.000003 0.000001 -0.000003 
-20.314447 110.730995 -27.830500 3.099953 28.463570 359.249618 0.694740 -0.599153 4.111406 -0.434876 0.828136 -1.871144 -0.979385 -7.728772 -2.722329 -6.819411 -2.909316 0.790094 -0.000000 0.000002 0.000000 8.309939 -17.184887 -21.172441 26.501675 -42.766830 -55.647631 89.225070 -12.150430 34.183082 -0.000000 -0.000003 0.000002 13.612603 5.720484 -39.123853 27.301837 16.163774 -95.212502 16.217055 -14.442199 -3.699607 0.000001 0.000001 -0.000003 10.925938 0.806447 16.886871 -8.793267 1.820410 -0.749170 -15.846712 -14.993459 -16.765662 -0.000001 0.000000 -0.000000 -12.221335 6.631387 -17.484390 -8.549599 4.988881 -17.493699 5.155092 -3.650321 -4.588974 -0.000003 0.000000 -0.000000 
-20.380552 110.791420 -27.858898 3.670753 27.738180 359.863980 -0.523709 -0.427881 3.258572 0.891353 0.815925 -1.610478 -1.545623 -7.748730 -2.998593 -6.827678 -2.538816 0.890839 0.000000 0.000002 -0.000000 8.761141 -17.260260 -21.475124 26.121194 -42.320327 -56.558853 88.347233 -11.638091 35.427037 0.000001 -0.000001 0.000001 13.747332 4.848924 -40.120579 26.915312 14.304694 -94.797118 16.778908 -14.709997 -3.596735 0.000006 0.000000 0.000001 11.909339 1.061770 16.748823 -8.469114 1.423443 -1.010926 -16.123678 -15.550657 -17.499302 -0.000000 0.000002 0.000001 -14.982993 7.307132 -17.038339 -6.517184 5.028311 -16.610347 3.705551 -3.041956 -4.328382 -0.000005 -0.000002 -0.000001 
-20.441139 110.844032 -27.883509 4.210035 27.910048 360.113801 -1.167262 -0.363204 2.918676 1.288980 0.796574 -1.476624 -1.613694 -8.119446 -3.207732 -7.525267 -2.335606 0.680403 0.000000 0.000000 0.000000 9.028743 -17.162561 -21.643561 26.460279 -42.539128 -56.544315 89.013313 -10.453106 36.929788 0.000003 0.000000 0.000003 13.617559 3.851727 -40.681925 26.930160 13.196853 -94.551279 17.661995 -14.682385 -3.349411 0.000001 -0.000001 0.000003 12.442202 1.152225 16.810562 -8.810243 1.658609 -1.338258 -16.010168 -15.908081 -17.734643 -0.000000 0.000000 -0.000000 -16.778628 7.764742 -16.579265 -5.967229 4.797281 -16.050784 2.575526 -2.685001 -4.632026 -0.000001 0.000003 -0.000001 
-20.488821 110.897423 -27.901369 3.279762 27.801674 360.589729 -0.427625 -0.483355 3.205895 1.506371 0.859931 -1.532942 -1.902755 -8.063334 -3.459881 -7.020174 -1.983266 0.625556 -0.000001 0.000002 0.000000 9.510955 -17.826621 -21.572575 26.571536 -42.160739 -57.040604 89.103704 -9.144003 38.722654 0.000004 0.000001 0.000002 13.432067 3.191465 -40.842885 27.199611 12.243386 -94.939677 18.662688 -14.652055 -2.729985 -0.000001 -0.000001 -0.000001 13.778025 1.249915 16.993504 -8.787082 1.878333 -1.479362 -16.257319 -16.207508 -17.984877 0.000002 -0.000000 -0.000001 -17.861044 7.799910 -15.475843 -5.377100 4.418616 -15.356890 1.584622 -2.368481 -5.188140 -0.000004 0.000000 -0.000003 
-20.533449 110.923164 -27.913431 2.897852 28.667455 360.867307 1.544739 -0.749805 4.330170 -1.751588 1.490246 -3.092024 0.447924 -9.961937 -2.756093 -7.574753 -1.466390 -0.048880 -0.000000 -0.000003 -0.000000 9.238966 -17.368739 -21.858006 26.492192 -42.626743 -57.629824 89.356565 -8.597358 39.877793 0.000001 -0.000001 -0.000001 13.377060 2.940599 -41.301024 27.016130 10.879571 -95.108069 19.319460 -14.975909 -1.818802 0.000000 -0.000003 -0.000000 14.894976 1.244355 17.293868 -9.355164 2.126428 -1.602108 -15.682816 -16.943087 -18.283873 0.000001 -0.000000 0.000001 -19.464996 8.211573 -14.888506 -4.839893 3.901175 -13.563198 1.699014 -2.669333 -6.056985 -0.000004 -0.000003 0.000001 
-20.575813 110.949654 -27.934732 3.023515 28.799957 360.992901 2.054495 -0.843961 4.679698 -2.586688 1.664330 -3.462151 1.109739 -10.758143 -2.686322 -8.374827 -1.244192 -0.312996 -0.000000 0.000000 -0.000000 9.481021 -17.170677 -21.992878 27.019462 -42.851698 -56.630109 89.030846 -7.977666 41.041138 -0.000001 -0.000000 0.000004 12.773140 1.825740 -41.232356 27.357677 9.653686 -95.685117 19.474951 -14.983938 -1.148076 -0.000001 0.000001 -0.000004 15.740888 1.160393 17.210130 -9.563643 1.884362 -1.120561 -15.580283 -17.076585 -18.372755 0.000003 -0.000000 0.000001 -21.230325 8.733915 -14.333601 -3.595068 3.737077 -11.907956 1.259254 -2.696045 -6.654805 -0.000003 -0.000003 0.000002 
-20.617674 110.958557 -27.949810 2.809692 29.561008 361.391292 1.438233 -0.772566 4.255699 -2.018059 1.637622 -3.323348 0.936215 -11.212193 -2.965660 -7.744855 -1.388879 0.003979 -0.000000 0.000002 -0.000000 9.535246 -17.216882 -22.411357 26.802921 -42.907904 -57.597899 90.790535 -8.254109 40.567878 0.000002 -0.000001 0.000001 12.181158 1.121410 -41.192010 27.387189 10.184100 -95.866083 19.538600 -15.428907 -1.292753 0.000000 -0.000002 0.000001 16.582110 0.971398 16.478019 -9.918901 1.798900 -0.175766 -14.953668 -17.319143 -18.338230 0.000001 0.000001 0.000001 -22.730385 9.104109 -13.943499 -2.964445 3.300829 -10.040970 0.941765 -3.116925 -7.878348 -0.000002 0.000004 -0.000003 
-20.655977 110.954239 -27.955761 2.802180 30.315224 361.896863 0.526471 -0.612780 3.547705 -1.277602 1.432962 -2.853939 0.510497 -11.931133 -3.516814 -7.558105 -1.261273 -0.094298 -0.000000 0.000000 -0.000001 9.302495 -16.547182 -23.147311 26.833534 -43.036032 -58.320281 90.930110 -8.665515 39.600877 0.000002 -0.000003 0.000002 11.988947 0.734936 -41.273153 27.547640 10.552262 -95.968113 19.634472 -15.175615 -1.300673 0.000000 0.000003 -0.000003 18.051734 1.020123 16.619964 -9.292427 1.442492 1.453124 -15.013278 -19.248537 -20.008209 0.000002 0.000000 -0.000000 -22.681924 8.526340 -12.303540 -5.302990 3.221918 -11.230136 0.587186 -3.235952 -8.470712 -0.000002 0.000000 -0.000000 
-20.698830 110.941673 -27.968002 2.770976 30.152048 362.155481 0.377332 -0.580800 3.448524 -1.541964 1.652358 -3.230748 1.045839 -12.119047 -3.360764 -7.855063 -1.304080 -0.247703 -0.000001 0.000000 -0.000000 9.408516 -16.409710 -23.482890 27.280858 -42.994381 -57.586076 90.109060 -8.253491 39.849123 0.000005 -0.000002 0.000002 11.855037 0.285776 -41.529268 28.035912 11.784341 -95.988186 20.511333 -15.482669 -1.255999 -0.000002 -0.000000 -0.000001 19.476728 1.079187 17.018632 -9.584996 1.359153 2.364973 -14.990510 -20.759807 -21.271388 -0.000001 -0.000000 0.000001 -22.750245 8.193392 -10.945675 -7.500144 3.310731 -12.558459 1.937563 -3.894689 -9.092803 -0.000003 0.000001 -0.000002 
-20.733522 110.934723 -27.981787 3.230227 30.482321 362.456993 -0.310052 -0.499165 3.147008 -1.686464 1.798683 -3.432333 1.434231 -12.410352 -3.432346 -8.130720 -1.277051 -0.175744 -0.000000 0.000002 -0.000000 9.603349 -16.178526 -23.717606 27.468258 -42.986701 -57.388725 91.107258 -8.451239 39.295212 -0.000003 -0.000003 0.000001 11.527011 -0.647857 -42.050107 28.302154 12.479815 -95.966384 20.231995 -15.448396 -0.857749 0.000005 -0.000002 -0.000002 20.030167 1.084698 17.263414 -7.111855 0.035923 4.259881 -14.664023 -23.425879 -23.309499 -0.000000 0.000001 0.000000 -23.239937 8.078597 -9.981988 -8.825479 2.987598 -11.648751 2.792866 -4.782986 -10.337554 -0.000000 -0.000002 -0.000001 
-20.772636 110.924553 -28.005608 3.336697 29.964395 362.993136 -0.415063 -0.401500 2.852919 -1.793339 2.218960 -4.071716 1.683422 -12.381641 -2.941836 -7.954497 -0.887576 -0.338980 -0.000001 -0.000002 -0.000000 9.483470 -15.954321 -24.209752 27.181421 -42.533876 -57.797969 93.013250 -9.002102 38.379707 0.000000 -0.000001 0.000003 11.427059 -0.781991 -42.467029 28.076997 12.748456 -95.839855 19.727376 -15.761602 -1.027433 -0.000002 0.000000 0.000001 20.947273 1.015721 17.452265 -3.638771 -1.513280 6.494880 -13.369678 -25.030239 -23.968421 0.000003 0.000000 -0.000001 -24.677233 8.503218 -9.722284 -7.787577 2.464816 -8.720570 2.586430 -5.624840 -12.151748 0.000002 0.000003 -0.000003 
-20.814329 110.930107 -28.032608 2.754198 29.751922 363.404531 -0.104455 -0.437788 2.961510 -1.531126 2.348075 -4.167609 1.566060 -12.306313 -3.087141 -7.520850 -0.731440 -0.369721 -0.000001 -0.000002 -0.000000 9.779546 -16.195905 -24.512524 27.405844 -42.079969 -57.177573 90.391249 -9.069893 38.203744 -0.000001 -0.000001 0.000005 11.489695 -1.114524 -42.804256 28.228704 13.005600 -95.645297 19.736436 -15.883076 -1.137583 0.000003 -0.000001 -0.000002 21.936327 1.021923 17.776414 -1.357310 -2.467654 8.061857 -13.741144 -25.935145 -24.935117 0.000001 0.000000 -0.000000 -24.461044 8.331297 -9.159886 -7.466589 2.106000 -6.958574 1.828286 -6.286953 -14.391480 0.000001 0.000000 -0.000003 
-20.864683 110.957436 -28.084209 2.672259 30.043038 363.775138 -0.119679 -0.419231 2.818059 -1.113736 2.393885 -4.269007 1.253085 -12.230629 -3.065485 -7.584225 -0.792479 -0.520957 -0.000000 0.000002 -0.000000 9.570856 -16.545971 -25.104166 26.643258 -41.378662 -58.164409 89.425290 -10.101370 36.754266 0.000000 -0.000003 0.000002 11.783510 -0.251601 -42.899984 28.054927 14.744410 -95.921326 19.632359 -16.409302 -1.330937 0.000004 -0.000005 -0.000000 21.290946 0.941400 17.466675 -1.681949 -2.282566 7.519204 -13.980397 -25.988653 -25.143837 -0.000003 -0.000000 0.000001 -24.672525 8.401066 -9.402271 -7.415070 1.164947 -4.125525 2.715611 -7.058480 -15.192147 0.000002 0.000000 -0.000003 
-20.921089 110.966408 -28.133343 3.116972 30.288238 364.344639 -1.997274 -0.052950 1.460209 1.004997 2.102061 -3.469418 -0.196191 -11.520015 -3.641722 -6.582515 -0.943858 -0.171648 0.000000 0.000000 -0.000000 9.660908 -17.688930 -25.415378 25.839219 -40.480690 -59.491569 91.731640 -11.092040 35.312672 -0.000000 0.000006 0.000000 12.731739 1.435212 -42.949695 27.375806 15.368626 -95.157000 19.147775 -16.817585 -1.971022 0.000002 -0.000002 -0.000004 20.145219 0.583293 16.476180 -4.697680 -1.292878 5.211956 -13.755268 -24.079748 -23.480263 -0.000004 0.000000 -0.000001 -24.563344 8.460995 -9.457484 -8.095394 0.338762 -1.679994 3.714433 -7.885461 -15.752406 -0.000002 -0.000001 -0.000000 
-20.983349 110.988480 -28.200384 3.167949 30.359252 364.576182 -2.640198 0.068672 1.027164 2.309576 1.975744 -3.036483 -1.275891 -11.357782 -3.999234 -6.744697 -0.782681 -0.305423 -0.000000 0.000000 -0.000000 9.730331 -17.495963 -25.781043 25.962999 -40.131866 -59.579228 91.986816 -11.361174 34.306039 -0.000001 0.000001 0.000004 13.337592 2.209555 -42.832799 27.435688 15.017621 -94.940272 19.623542 -16.963939 -2.167183 0.000002 -0.000001 -0.000004 19.789312 0.524556 16.228224 -5.986448 -0.751838 3.487403 -14.068903 -22.825857 -22.597698 -0.000001 -0.000000 0.000001 -24.533666 8.343447 -9.148306 -8.946083 -0.424562 -0.074336 3.747037 -7.917087 -15.757545 0.000003 -0.000002 -0.000001 
-21.055536 110.988869 -28.274536 3.736420 31.187371 364.873268 -3.377100 0.273224 0.407418 3.176764 1.677358 -2.310192 -1.988759 -11.521540 -4.680392 -7.026172 -0.806639 -0.359069 -0.000000 0.000002 0.000000 9.880909 -18.219004 -25.554267 25.894569 -39.746578 -59.174642 93.116140 -11.860509 33.201461 0.000003 0.000001 0.000002 13.337187 2.201289 -42.974635 27.473630 15.951847 -94.829404 19.451470 -16.705837 -2.174869 0.000004 -0.000001 -0.000004 19.291799 0.427048 15.806700 -6.379411 -0.501008 1.875349 -14.126366 -22.165876 -22.030920 -0.000003 -0.000000 -0.000000 -24.684005 8.289840 -8.909650 -11.233737 -1.158598 0.327736 4.007599 -7.640104 -14.941239 -0.000005 -0.000003 -0.000000 
-21.135902 110.986580 -28.361589 2.356529 30.525970 365.563336 -2.687719 0.257156 0.217889 3.687722 1.969283 -2.682967 -2.350706 -11.077280 -4.369325 -6.905696 -0.635111 -0.345533 -0.000000 0.000000 0.000000 9.960055 -18.185881 -25.696194 25.830664 -38.881255 -59.420624 95.897236 -12.326691 31.819802 -0.000002 -0.000002 0.000001 14.087735 2.791233 -43.315420 27.360387 15.211842 -94.224311 19.697140 -16.223420 -1.726322 0.000001 0.000001 -0.000001 19.360612 0.344993 15.047286 -6.700408 -0.270366 0.811304 -12.740864 -21.028921 -20.342638 0.000001 0.000000 -0.000001 -23.845896 7.450587 -7.274218 -11.131192 -1.479954 1.043858 3.110248 -6.063694 -12.365278 -0.000003 -0.000003 -0.000003 
-21.209328 110.953659 -28.435730 2.619752 30.708025 366.036231 -3.507747 0.466193 -0.471326 3.937779 1.940245 -2.578927 -2.250748 -11.195083 -4.506694 -6.175742 -0.732591 -0.248563 -0.000000 0.000002 -0.000000 10.005070 -18.434973 -25.647471 26.083487 -38.650490 -58.533164 97.398477 -12.735526 30.637367 -0.000000 0.000002 0.000002 14.073276 2.441952 -43.700520 27.420512 15.794056 -93.998300 20.368459 -16.213100 -1.555737 0.000004 0.000002 -0.000005 18.739659 0.077413 13.997394 -7.419071 0.118986 0.685062 -12.006348 -21.161062 -20.107886 0.000001 -0.000000 -0.000001 -23.573903 7.185227 -6.616673 -11.657396 -1.782115 1.335323 3.514721 -5.908643 -11.622627 -0.000000 -0.000003 0.000001 
-21.281246 110.899139 -28.515539 2.171449 30.608724 366.973579 -3.175428 0.501236 -0.802678 4.157318 2.086024 -2.789928 -2.114285 -11.228216 -4.466296 -5.779277 -0.512135 -0.629851 -0.000000 0.000002 0.000000 10.020113 -18.146943 -25.694265 26.822604 -38.966595 -56.816030 98.507734 -12.656150 29.789973 0.000005 -0.000000 -0.000001 14.587387 2.482210 -44.156022 27.503869 15.070609 -93.167257 20.444365 -15.196788 -1.939404 0.000001 -0.000001 0.000001 17.512566 -0.192204 12.373307 -7.547574 0.539641 0.385069 -11.500975 -20.498791 -19.246189 -0.000002 0.000001 0.000001 -23.735729 7.199708 -6.661000 -11.008357 -2.280781 2.305011 3.684664 -5.222628 -10.316725 -0.000003 0.000001 -0.000003 
-21.329960 110.787338 -28.592943 2.424075 29.477430 368.181784 -3.607646 0.678993 -1.434665 4.591030 2.333513 -3.153622 -1.933453 -10.924970 -4.481862 -5.832345 0.181090 -1.511992 -0.000000 0.000000 -0.000000 10.018031 -17.638935 -26.383469 27.207125 -38.483389 -54.918853 102.445119 -13.510533 28.777622 -0.000001 0.000003 0.000001 13.905076 1.507034 -44.227159 27.664595 13.819447 -93.148972 19.972380 -15.386748 -3.471798 -0.000001 -0.000001 -0.000003 16.996465 -0.723195 10.461602 -7.852968 0.791334 0.051638 -11.026416 -21.165359 -19.455464 0.000001 0.000000 0.000002 -24.145074 7.473925 -6.885099 -8.444203 -2.200919 4.077314 2.882475 -5.062285 -11.079888 -0.000004 0.000003 -0.000001 
-21.366882 110.656952 -28.676874 2.273718 29.931084 369.097139 -3.568571 0.660261 -1.441253 4.969627 2.350016 -3.046221 -2.020941 -11.293238 -5.013535 -6.218158 0.753070 -2.159705 0.000001 -0.000002 -0.000000 10.317789 -18.373407 -26.673000 27.403774 -37.607315 -53.191048 105.375523 -13.960954 28.552195 -0.000000 0.000002 0.000001 14.056785 1.723192 -44.090445 27.567989 13.610105 -92.381327 19.620692 -15.731993 -6.253959 0.000002 -0.000000 0.000001 16.313902 -1.113716 9.060123 -8.056952 0.845941 0.211790 -11.946890 -20.920501 -19.671180 0.000002 0.000000 -0.000001 -24.147765 7.784983 -7.592406 -7.502036 -2.317968 5.383558 3.082636 -5.397997 -11.570694 -0.000001 -0.000003 0.000001 
-21.370302 110.490410 -28.737600 1.068648 29.321278 370.504213 -2.129056 0.356483 -1.073889 4.036181 3.149974 -4.696972 -0.821131 -10.865811 -3.982273 -6.634174 1.880998 -2.288142 -0.000000 -0.000002 -0.000001 10.845458 -19.527682 -27.164555 26.760690 -35.852052 -52.535991 104.127771 -13.053794 29.830926 0.000002 0.000000 0.000001 13.671535 1.402510 -43.572854 26.894010 12.551850 -91.414425 17.325010 -14.121893 -10.774308 0.000001 -0.000002 0.000001 15.047882 -1.117740 7.264189 -5.794548 0.524303 0.066180 -11.283624 -22.652715 -20.598136 -0.000000 -0.000002 0.000000 -22.713222 7.219740 -7.805243 -6.831448 -3.228236 7.347007 6.517410 -4.882556 -6.940790 -0.000002 -0.000001 -0.000002 
-21.349556 110.268654 -28.795805 0.188979 28.826670 371.669798 -1.147626 0.137908 -0.484334 3.756587 3.526167 -5.499996 -0.586607 -11.170575 -4.100212 -6.686100 2.922500 -3.024358 0.000000 0.000000 -0.000000 10.712808 -19.194457 -28.122201 26.221441 -34.883350 -51.822295 104.646004 -13.903107 28.920899 -0.000002 -0.000004 0.000001 13.273278 1.180113 -43.362231 26.304896 12.033420 -90.477255 16.330151 -13.590475 -15.296598 0.000001 -0.000000 0.000003 14.417238 -1.134701 6.182784 -4.095980 0.366079 -0.611784 -11.796956 -22.990804 -21.030012 -0.000000 0.000000 -0.000002 -21.227948 6.767426 -8.019972 -6.334360 -3.796775 8.704748 7.913473 -4.541185 -5.139186 0.000003 0.000001 -0.000002 
-21.324392 110.035057 -28.855980 -0.022412 28.254469 372.559744 -0.813363 0.109670 -0.413248 3.899974 3.732861 -5.975931 -0.645297 -10.995824 -4.088696 -7.084871 3.722256 -3.744200 -0.000000 0.000000 -0.000000 10.485774 -18.465918 -28.976340 25.934548 -34.866982 -51.149275 105.352417 -14.826257 27.701726 -0.000000 -0.000002 0.000001 13.279436 1.469556 -43.365667 25.788995 11.390406 -89.953632 14.986413 -12.433934 -18.032960 0.000004 -0.000001 0.000001 14.027644 -1.105468 5.362293 -3.021382 0.184251 -1.127033 -11.346789 -23.228056 -20.971309 0.000001 0.000000 0.000001 -20.524307 6.584545 -8.428659 -6.246713 -4.160369 9.236233 8.488856 -4.378442 -4.582743 0.000005 -0.000003 -0.000003 
-21.280895 109.794540 -28.916784 -0.362093 28.218908 373.387208 -0.510322 0.061318 -0.307123 3.813092 3.915004 -6.322906 -0.474877 -11.134690 -4.138290 -6.851046 4.135922 -4.062605 -0.000000 0.000000 -0.000000 10.570408 -18.741339 -29.251190 25.832771 -34.355660 -50.441029 105.335157 -15.361970 26.837973 0.000002 0.000000 0.000004 12.880121 0.963474 -43.452677 25.651902 10.767647 -89.725040 14.809643 -12.392484 -20.024791 0.000005 0.000002 -0.000001 13.902368 -1.231666 4.765459 -2.183952 -0.126534 -1.473658 -11.276418 -23.862989 -21.462442 0.000002 -0.000001 -0.000000 -19.510932 6.480239 -8.838347 -7.336978 -4.563746 9.304715 9.361911 -4.605144 -4.499040 -0.000001 -0.000001 -0.000004 
-21.231518 109.562584 -28.978233 -0.622917 27.939249 373.975615 -0.517099 0.013217 -0.107967 4.519511 3.979275 -6.300125 -0.784873 -11.284957 -4.530714 -6.762196 4.505710 -4.377405 -0.000000 0.000000 -0.000000 10.571436 -18.597575 -29.695695 25.864268 -33.733635 -49.853868 106.503003 -15.795875 26.161943 -0.000000 -0.000004 0.000001 13.004170 0.934067 -43.472477 25.609355 9.832942 -89.551969 15.087680 -12.585288 -21.179334 0.000001 -0.000002 -0.000002 13.522926 -1.353025 4.041700 -2.025638 -0.137670 -1.963475 -11.325993 -23.842104 -21.489209 -0.000003 -0.000001 0.000001 -18.610843 6.324551 -9.113489 -8.022959 -4.897579 9.653895 10.127765 -4.864660 -4.456495 -0.000003 0.000000 -0.000004 
-21.172802 109.311844 -29.024710 -0.457861 27.194567 374.085062 -1.312782 0.105906 -0.459476 5.135460 4.165935 -6.115206 -0.811273 -11.425856 -4.437314 -5.403092 4.821959 -4.201181 -0.000000 -0.000002 -0.000000 10.617160 -17.620025 -29.864538 26.578020 -32.873335 -50.234604 106.529422 -14.890145 26.565483 -0.000000 0.000000 0.000001 14.098033 1.855165 -43.589550 26.065310 8.490724 -89.047492 15.164306 -12.830242 -21.446881 0.000000 -0.000001 -0.000001 11.903992 -1.686584 3.413891 -0.890803 -0.298020 -3.023196 -9.912846 -20.784283 -18.293589 0.000001 0.000000 -0.000002 -17.873972 6.141519 -8.264385 -9.533173 -5.093495 8.854289 13.219756 -6.397822 -4.705573 -0.000003 -0.000001 -0.000004 
-21.124319 109.105347 -29.093721 -0.662600 27.542844 374.538177 -0.392590 -0.043177 -0.119380 4.415989 4.235317 -6.574275 -0.331064 -11.421279 -4.307773 -6.248012 4.852701 -4.360474 -0.000000 0.000000 0.000000 10.930051 -18.522157 -29.772624 26.640909 -32.946237 -48.879603 106.802425 -14.390123 27.014920 -0.000002 -0.000003 -0.000001 13.155239 0.465237 -43.507243 26.276602 8.975351 -89.437598 16.054964 -12.766964 -22.390074 -0.000002 0.000001 0.000004 12.263655 -1.515939 2.918990 -0.784885 -0.519263 -2.343520 -11.300031 -22.291588 -20.198896 0.000001 0.000001 -0.000003 -18.152973 6.321335 -9.209717 -9.063689 -5.223749 9.565202 11.693802 -5.661161 -4.715777 -0.000000 -0.000001 -0.000000 
-21.063416 108.875298 -29.134871 -0.513963 28.332753 374.765185 -1.468988 0.017976 -0.323265 5.491318 4.194096 -5.975727 -1.079410 -11.393908 -5.096886 -4.847590 4.720211 -4.021183 -0.000000 0.000002 -0.000000 11.930694 -20.100005 -28.984027 27.398875 -31.769177 -48.245345 108.883898 -13.158234 27.828528 0.000004 0.000001 0.000002 13.768858 0.499972 -43.470165 26.876712 7.340505 -88.150490 16.661266 -13.075085 -22.984867 -0.000001 -0.000000 -0.000001 10.471954 -1.709609 2.175469 0.754640 -0.478408 -2.630865 -11.487584 -20.150001 -18.158575 -0.000001 0.000001 0.000000 -18.003772 6.436129 -9.301290 -9.434224 -6.062282 9.596818 13.177074 -6.570546 -5.935130 0.000001 -0.000001 -0.000002 
-21.003757 108.648033 -29.176332 -0.763520 28.537184 374.946677 -1.809340 0.043874 -0.469201 6.136648 4.122260 -5.565681 -1.711774 -11.050367 -5.564117 -4.135324 4.754953 -3.855040 -0.000000 0.000000 0.000000 12.338387 -20.840352 -28.695756 27.584462 -31.158247 -48.123740 110.038029 -13.316320 27.556507 0.000004 -0.000002 0.000003 13.943401 0.543583 -43.340033 27.093055 6.698805 -87.623281 16.561737 -13.200631 -23.913136 -0.000002 0.000000 0.000001 9.917327 -1.813880 2.011663 1.588100 -0.511323 -2.981168 -11.922863 -18.885104 -17.160845 0.000001 0.000000 -0.000002 -17.476475 6.308725 -9.158836 -9.613221 -6.333624 9.618700 13.663065 -7.110131 -6.750264 0.000003 0.000001 -0.000002 
-20.942083 108.415062 -29.227850 -0.499673 28.773367 375.312529 -2.301516 0.121781 -0.624881 6.273566 4.211714 -5.644846 -1.507331 -11.078336 -5.548118 -3.640994 4.926870 -3.951444 0.000000 0.000002 0.000000 12.297192 -20.876502 -28.957393 27.302344 -30.678348 -48.486844 110.719340 -14.035256 27.061515 -0.000000 -0.000000 -0.000001 14.137923 0.985817 -43.160266 26.823869 6.604331 -86.848526 15.132528 -12.344374 -26.841020 -0.000001 -0.000000 -0.000002 9.131631 -1.960600 1.265379 2.220309 -0.667274 -2.910370 -12.078599 -18.276586 -16.661096 0.000001 0.000000 0.000001 -17.456900 6.532016 -9.680617 -9.787021 -6.512512 9.941335 14.429060 -7.872936 -7.642144 0.000002 0.000003 0.000001 
-20.881716 108.161690 -29.287632 -1.519156 28.713880 376.071910 -1.549833 0.011010 -0.438266 6.242026 4.473227 -6.114991 -1.569546 -10.867667 -5.504718 -3.562582 5.377165 -4.207980 0.000001 0.000002 0.000000 12.352329 -20.878871 -29.489277 27.378858 -30.080816 -47.840861 111.351447 -14.888346 25.799807 0.000001 0.000003 0.000001 14.363461 1.519478 -42.351660 26.819672 6.614032 -86.179919 14.949916 -11.938538 -31.078549 -0.000001 -0.000000 -0.000001 8.919275 -2.063627 0.540024 3.173010 -0.912101 -3.147985 -12.861023 -17.240033 -16.108581 0.000002 0.000001 0.000001 -17.135410 6.756609 -10.613367 -9.168284 -6.684895 11.198535 14.952216 -8.400242 -8.042039 -0.000011 0.000001 -0.000002 
-20.821705 107.913956 -29.353920 -1.710614 28.280603 376.581250 -0.983159 -0.075905 -0.177237 5.891735 4.759267 -6.707975 -1.219209 -10.768020 -5.226515 -2.800404 5.881002 -4.512876 -0.000000 -0.000003 -0.000000 12.195070 -20.751616 -30.102266 27.179800 -29.091978 -47.533820 113.501693 -15.455378 25.254980 -0.000001 -0.000002 0.000002 14.682479 2.132859 -42.078863 26.654460 5.826104 -85.647294 14.210950 -10.853126 -34.416005 0.000001 0.000002 -0.000003 8.499192 -2.086894 0.044703 3.633054 -1.003669 -3.741438 -12.704031 -16.764911 -15.665857 0.000000 -0.000000 -0.000001 -16.988146 6.906184 -11.216446 -9.205347 -6.799915 11.721400 15.297230 -8.875999 -8.469692 -0.000003 -0.000002 -0.000002 
-20.754194 107.627716 -29.429392 -1.878944 27.357602 377.301890 -0.798598 -0.116682 -0.085896 6.743904 4.849509 -6.873174 -1.830150 -10.369031 -5.514306 -2.477792 6.672750 -5.239773 -0.000000 0.000000 -0.000000 12.284613 -20.806370 -30.441245 26.648946 -27.572084 -47.179791 114.285963 -15.444888 25.387760 0.000000 0.000001 0.000004 14.459861 1.709547 -42.115223 26.455862 5.874778 -84.990079 13.865968 -10.353970 -38.119737 0.000000 0.000000 0.000003 8.490980 -2.145429 -0.865912 4.379313 -1.519250 -3.741269 -12.835299 -15.920160 -15.182870 0.000003 0.000001 0.000000 -17.020116 7.153496 -12.097092 -8.425209 -6.681108 12.815795 15.071912 -9.296185 -9.250614 -0.000001 -0.000004 -0.000002 
-20.675489 107.311134 -29.500183 -2.371580 25.940821 378.048320 -0.422027 -0.167890 0.007851 6.443408 5.408950 -7.951419 -1.275704 -10.005234 -4.885869 -1.477055 7.373035 -5.748899 -0.000000 0.000000 0.000000 11.847589 -19.290396 -31.558606 26.611554 -27.306676 -46.540465 115.481560 -17.281816 23.186032 0.000000 -0.000004 -0.000001 13.765599 0.956392 -41.942197 26.583503 6.936750 -85.403005 13.467654 -9.916669 -41.114173 -0.000001 -0.000002 -0.000000 8.295085 -2.293031 -1.767147 6.092711 -1.990364 -3.833296 -12.265449 -15.147951 -14.301043 0.000003 -0.000000 0.000002 -17.446390 7.516113 -12.970569 -6.623211 -6.458914 14.132844 14.335382 -9.779169 -10.502870 0.000002 0.000001 -0.000003 
-20.602903 107.008881 -29.571186 -2.889424 25.248884 378.568699 0.173428 -0.270809 0.322899 6.765047 5.553280 -8.335100 -1.762953 -9.667239 -5.008748 -0.934044 7.875728 -6.161185 0.000000 0.000000 -0.000000 11.687044 -18.616963 -31.897205 26.398886 -27.151240 -46.379935 115.930413 -17.989666 22.468233 0.000002 -0.000004 -0.000001 13.394118 0.445392 -42.129700 26.469013 7.780019 -85.431788 13.572425 -9.990011 -43.004633 -0.000001 0.000003 0.000006 8.332729 -2.300390 -2.315866 7.305816 -2.498101 -3.649807 -12.660551 -14.717292 -14.148257 0.000001 0.000001 -0.000001 -17.257520 7.513105 -13.392977 -5.789971 -6.297712 14.789152 13.691381 -9.850313 -10.956737 0.000002 0.000000 -0.000000 
-20.526949 106.696747 -29.645073 -3.886632 24.381310 379.053205 0.743907 -0.375436 0.614272 7.223852 5.813260 -8.747353 -2.155551 -9.439181 -5.047037 0.149358 8.254776 -6.478393 -0.000000 0.000000 0.000000 11.953111 -18.334337 -31.987422 26.757881 -26.444150 -46.140964 115.522063 -17.126933 22.826147 0.000000 -0.000001 -0.000002 13.746476 0.303931 -42.261099 26.842577 7.228890 -84.607971 14.518334 -10.530699 -44.780749 -0.000001 -0.000000 -0.000001 8.627872 -2.374521 -2.493374 8.163588 -2.738553 -4.200619 -12.393994 -14.011418 -13.423703 0.000002 0.000000 0.000002 -17.365751 7.687741 -13.745769 -4.240926 -6.045847 15.679538 13.725563 -10.203743 -11.932547 0.000003 -0.000006 -0.000000 
-20.448950 106.384216 -29.714634 -4.181118 23.775750 379.490009 0.717865 -0.418139 0.717895 7.242674 6.080478 -9.326965 -1.986186 -9.173647 -4.909668 0.711507 8.663788 -6.619517 0.000000 0.000000 0.000000 12.300846 -19.372580 -31.648607 26.008102 -24.503541 -47.548519 115.172412 -16.325889 23.923755 0.000001 -0.000001 0.000001 14.076433 0.432486 -42.542550 26.536086 6.558165 -83.611207 14.525473 -10.426683 -46.661370 0.000002 -0.000002 0.000001 8.499638 -2.332931 -3.004924 8.482866 -2.972032 -4.612833 -12.167059 -13.600834 -13.069700 -0.000001 0.000002 -0.000001 -17.572897 7.886217 -14.331398 -3.463853 -5.847203 16.426506 13.486089 -10.414409 -12.317283 -0.000001 0.000000 -0.000003 
-20.380135 106.097702 -29.788395 -4.727472 23.482595 379.688823 2.361209 -0.647784 1.364719 6.131852 6.451967 -9.991904 -1.590138 -9.216140 -4.630272 0.661559 8.865403 -6.821297 0.000000 -0.000002 -0.000000 12.350845 -18.902105 -31.901406 26.526737 -25.667397 -46.266359 115.515042 -16.437344 23.860130 -0.000005 -0.000002 -0.000001 13.657663 -0.293166 -42.356698 26.655349 6.607379 -83.534211 14.966420 -11.426778 -47.920238 0.000001 0.000001 -0.000001 8.663458 -2.417496 -2.897496 9.080225 -3.152786 -5.016586 -11.348994 -13.127235 -12.359899 -0.000000 -0.000000 -0.000000 -17.223739 7.862691 -14.516423 -3.235301 -5.819417 16.733632 13.570939 -10.375062 -12.179420 -0.000005 -0.000003 0.000002 
-20.312056 105.815430 -29.863657 -5.260876 23.124360 379.715706 3.818886 -0.864395 2.066219 5.146002 6.629388 -10.313473 -1.408547 -9.401749 -4.634772 1.019723 9.333624 -7.212199 0.000000 0.000000 0.000000 12.423820 -18.297308 -31.975626 26.860793 -26.061447 -45.794561 115.821403 -15.833734 24.547273 0.000003 0.000004 0.000003 13.504953 -0.739053 -42.256492 26.875688 6.829135 -83.472520 15.510453 -12.173187 -49.126576 0.000001 0.000003 -0.000001 8.958658 -2.445648 -2.667019 9.481791 -3.358391 -5.275548 -11.243732 -13.139540 -12.341129 -0.000001 0.000001 0.000001 -16.893030 7.806937 -14.626766 -2.870853 -5.770019 17.204555 12.890455 -10.124733 -12.390067 -0.000000 -0.000001 -0.000000 
-20.243294 105.533340 -29.936340 -5.603350 22.779287 379.859796 4.156471 -0.924653 2.254265 5.701883 6.568580 -10.262295 -1.994794 -9.371832 -4.920794 1.802811 9.528518 -7.159438 -0.000000 0.000002 -0.000000 12.619037 -18.040645 -31.912597 26.833978 -25.779538 -45.907447 115.816048 -15.552008 24.682869 0.000002 -0.000000 0.000004 13.509747 -0.892222 -42.017859 27.104846 7.752161 -83.541444 14.918542 -10.492364 -50.100380 -0.000001 0.000000 -0.000001 9.015355 -2.388891 -3.157070 9.875242 -3.620225 -4.758077 -11.740198 -12.907156 -12.328129 -0.000001 0.000001 -0.000002 -17.019751 7.894390 -15.096315 -2.315365 -5.760141 17.849234 11.897613 -9.709724 -12.627362 -0.000006 0.000002 -0.000002 
-20.179062 105.266586 -30.006889 -5.343348 22.953395 380.093689 3.804020 -0.911629 2.174813 6.341575 6.504355 -10.141321 -2.488078 -9.422820 -5.240649 1.753545 9.697939 -7.210719 -0.000001 -0.000001 -0.000001 12.806392 -18.298895 -31.890092 26.901911 -25.557135 -45.385661 116.224138 -15.318383 24.922930 -0.000000 0.000002 0.000001 13.494327 -1.066762 -41.937143 27.237722 8.020989 -83.390531 15.122438 -10.529903 -50.948481 0.000001 0.000000 -0.000001 8.693186 -2.371980 -3.711850 10.177478 -3.792725 -4.332551 -11.839290 -13.007021 -12.474714 -0.000003 0.000001 -0.000001 -17.452076 8.172178 -15.635807 -2.021147 -5.724938 18.258598 11.449542 -9.635022 -12.767240 -0.000003 0.000003 0.000001 
-20.113684 105.009499 -30.076204 -5.846872 23.113601 380.310752 4.014753 -0.955657 2.550251 6.548526 6.471901 -10.118400 -2.501092 -9.890364 -5.539715 2.164035 9.966202 -7.238659 0.000000 0.000000 -0.000001 12.749068 -18.189036 -32.049413 26.728234 -25.257015 -45.415232 116.114336 -15.555092 24.621153 -0.000000 0.000002 0.000001 13.934701 -0.352677 -41.961414 26.909414 7.430144 -82.784816 15.340055 -10.930092 -52.149519 0.000002 0.000000 -0.000001 9.205270 -2.430965 -3.786794 10.256136 -4.049843 -4.205078 -11.528173 -13.232964 -12.626382 -0.000001 0.000001 0.000000 -17.239095 8.136779 -15.987465 -2.219908 -5.768225 18.626501 11.747352 -10.081573 -12.992978 -0.000006 0.000000 0.000002 
-20.052641 104.757553 -30.156464 -5.803048 22.810284 380.372142 4.143861 -0.982332 2.825580 6.608421 6.488316 -10.160942 -2.558930 -10.004100 -5.773429 2.230258 10.284364 -7.533841 0.000000 -0.000002 0.000000 12.718607 -18.199999 -32.177291 26.461568 -24.729154 -45.693119 116.351808 -15.689882 24.630967 0.000001 -0.000001 0.000002 13.934829 -0.257131 -41.981444 26.747535 6.881738 -82.503583 15.429587 -11.419120 -53.113334 -0.000002 -0.000002 0.000003 8.907870 -2.402764 -3.961786 10.454210 -4.222615 -4.385149 -11.275970 -13.109366 -12.454958 0.000001 0.000000 -0.000000 -17.656710 8.377335 -16.325901 -1.778475 -5.629882 19.144353 11.624200 -10.154468 -13.124640 -0.000007 -0.000002 -0.000001 
-19.990269 104.517715 -30.227337 -5.967572 22.776101 380.481753 4.803928 -1.059398 3.201108 5.940136 6.671946 -10.535198 -2.158395 -10.102142 -5.668770 2.501919 10.278037 -7.455534 0.000000 0.000002 -0.000000 12.831237 -18.709729 -32.086309 26.192454 -24.036566 -46.074530 115.405349 -15.062319 25.326963 0.000004 0.000003 0.000004 13.403678 -0.972171 -42.098889 26.820712 8.355679 -82.790369 15.524784 -11.865909 -53.541873 0.000001 -0.000002 0.000001 8.849211 -2.434777 -4.225275 11.097087 -4.481334 -3.964653 -11.210290 -13.460098 -12.704118 0.000001 -0.000000 0.000001 -17.893571 8.534040 -16.613552 -1.426158 -5.577621 19.442801 11.693670 -10.276535 -13.260510 0.000001 0.000003 -0.000001 
-19.922537 104.277184 -30.297863 -6.057173 22.431892 380.482518 4.188171 -1.031308 3.183438 6.529377 6.576935 -10.315758 -2.474955 -10.226530 -5.957692 3.497577 10.565300 -7.752682 0.000000 0.000002 -0.000000 12.974260 -18.589750 -32.337462 25.986816 -23.025778 -46.787069 116.760636 -15.517672 24.881360 -0.000000 -0.000002 0.000001 13.352664 -1.293502 -42.197325 27.074105 9.084368 -83.008109 15.955576 -12.568532 -53.978712 -0.000007 -0.000001 -0.000001 8.491590 -2.460120 -4.641148 12.068572 -4.940553 -3.455929 -10.915597 -13.153797 -12.354661 -0.000001 0.000001 0.000001 -18.211195 8.727244 -16.722195 -0.739884 -5.363386 19.936378 11.286704 -9.995840 -13.366354 -0.000003 0.000002 -0.000002 
-19.855583 104.039322 -30.368935 -5.987457 22.173220 380.587812 4.512114 -1.067322 3.288804 6.668220 6.608900 -10.380531 -2.700257 -9.962907 -5.999490 3.885341 10.720932 -7.867729 0.000000 -0.000002 -0.000000 12.928334 -17.994745 -32.929223 25.984495 -22.550180 -46.950570 117.909528 -15.665637 24.685852 0.000001 -0.000002 -0.000001 13.085151 -1.692417 -41.990005 27.233870 8.848670 -83.115206 16.092102 -12.464263 -54.540775 -0.000001 -0.000000 -0.000001 8.143026 -2.421816 -4.897131 12.377105 -4.964399 -3.707038 -11.027980 -12.528678 -11.835956 0.000001 0.000000 0.000001 -18.369895 8.835573 -16.901440 -0.506278 -5.343918 20.135345 10.910127 -9.940276 -13.524359 -0.000003 0.000002 -0.000000 
-19.791910 103.816605 -30.441004 -5.977782 22.241900 380.609641 4.737655 -1.123856 3.551686 5.894435 6.794936 -10.792776 -2.120628 -10.239400 -5.736052 4.108191 10.957321 -8.064737 -0.000001 0.000000 0.000000 13.009246 -17.873005 -33.166490 26.112520 -22.593709 -46.566638 118.953099 -15.465024 24.789325 -0.000000 -0.000001 0.000002 13.123143 -1.726632 -41.905007 27.351950 9.069664 -83.132999 16.514048 -12.709310 -54.877674 -0.000001 -0.000003 -0.000000 8.083675 -2.358563 -4.983560 12.486341 -4.985878 -3.689218 -10.761044 -12.637809 -11.824447 -0.000000 0.000000 -0.000001 -18.375669 8.812845 -16.980911 -0.498466 -5.422365 20.172071 10.757349 -9.934283 -13.741367 -0.000001 0.000002 -0.000002 
-19.733746 103.593521 -30.512716 -5.836230 22.109286 380.724334 4.792668 -1.137983 3.581948 6.447776 6.696180 -10.644623 -2.900051 -9.966446 -6.176955 4.622398 11.123588 -7.972218 -0.000002 -0.000001 -0.000001 13.178919 -18.162569 -32.966707 26.014806 -22.389060 -46.512902 118.637818 -15.136261 25.198098 -0.000000 -0.000001 0.000002 13.518839 -1.250088 -41.866454 27.240558 9.193482 -82.710954 15.564015 -10.934092 -55.373173 0.000001 -0.000000 -0.000003 7.806601 -2.318613 -5.202573 12.650969 -5.252897 -3.865641 -10.584148 -12.531982 -11.687563 0.000001 0.000001 -0.000002 -18.582990 8.970959 -17.249440 -0.443766 -5.349090 20.492869 10.614781 -10.114643 -14.046065 -0.000000 0.000000 -0.000003 
-19.677387 103.383362 -30.594479 -5.673878 22.386585 381.025190 4.672843 -1.118258 3.518378 6.362582 6.773873 -10.878727 -2.625700 -10.753061 -6.063383 4.750856 11.555625 -8.332494 -0.000001 0.000000 -0.000000 12.990058 -17.413026 -33.304562 25.715681 -22.076206 -46.815377 118.930628 -15.924929 24.536845 0.000000 0.000001 0.000003 13.696055 -0.855250 -41.850796 26.967544 8.387197 -82.398016 15.044209 -10.321835 -55.951902 -0.000001 -0.000002 0.000001 7.765931 -2.330933 -5.662054 12.264954 -5.275931 -3.868527 -10.966557 -12.309591 -11.682227 -0.000000 0.000000 -0.000002 -18.531640 9.084188 -17.799613 -0.860285 -5.497371 20.697211 10.995969 -10.313229 -13.982274 -0.000003 -0.000001 -0.000002 
-19.620356 103.182419 -30.672709 -5.964914 22.351927 381.094667 4.901137 -1.129303 3.580088 6.127831 6.800043 -10.926120 -2.396686 -10.971383 -5.988796 4.811408 11.729612 -8.550825 0.000000 -0.000002 -0.000001 13.058582 -17.878556 -33.260532 25.550689 -21.690601 -46.833200 118.756854 -15.762453 24.740219 0.000002 -0.000002 -0.000003 13.849786 -0.576283 -41.805597 26.825674 7.945197 -82.094229 14.712506 -9.854780 -56.305423 0.000004 0.000004 0.000000 7.898821 -2.362726 -5.761772 12.060558 -5.165550 -3.918871 -12.221748 -11.848286 -11.725364 -0.000002 0.000000 -0.000000 -18.522855 9.106702 -17.942328 -0.724870 -5.535972 20.973296 10.794829 -10.420713 -14.327684 0.000001 0.000000 0.000002 
-19.562574 102.982162 -30.750103 -6.212524 22.241309 381.163980 5.619747 -1.217619 3.967191 6.393011 6.780129 -10.825329 -3.005898 -11.539014 -6.361409 4.741546 12.243271 -9.167565 -0.000001 0.000002 -0.000001 12.982093 -17.315100 -33.591854 25.578620 -21.452427 -46.801115 119.034051 -15.544831 25.001877 0.000002 0.000001 0.000002 14.442655 0.180301 -41.714110 26.869872 7.072681 -81.876401 14.392643 -9.354127 -56.572691 -0.000001 0.000001 -0.000001 7.615281 -2.408145 -6.115111 12.535226 -5.234974 -3.654640 -12.369144 -11.316108 -11.369472 -0.000001 -0.000001 0.000002 -18.395678 9.149467 -18.043960 -0.740719 -5.597262 21.205702 10.755380 -10.797305 -15.016337 0.000003 0.000003 0.000001 
-19.501345 102.793419 -30.835285 -6.152248 21.909379 381.279628 5.867186 -1.254317 4.026466 6.658953 6.764013 -10.725591 -3.339112 -11.729840 -6.553118 4.384640 12.825678 -9.908675 -0.000000 -0.000002 -0.000001 13.061209 -17.207721 -33.764388 25.594394 -20.969458 -46.442465 119.802720 -15.185418 25.259911 0.000003 -0.000000 0.000000 15.160756 0.857251 -41.828188 26.886398 6.090276 -81.261752 14.895200 -9.697561 -57.017927 -0.000002 -0.000001 -0.000001 7.642020 -2.417030 -6.205063 12.064504 -4.910591 -4.227621 -12.750354 -10.624507 -10.849278 0.000001 0.000001 -0.000001 -18.411405 9.184292 -18.181159 -0.689305 -5.723272 21.153907 12.155856 -11.301253 -14.903034 -0.000001 -0.000003 -0.000003 
-19.443422 102.607460 -30.915071 -6.543643 21.794842 381.286486 6.663597 -1.333713 4.456156 5.718985 7.001326 -11.141462 -2.806486 -11.778031 -6.318484 4.448351 12.988548 -10.107796 -0.000000 -0.000003 -0.000000 12.977163 -16.756756 -34.175862 25.557644 -20.785417 -46.707651 120.302376 -15.696447 24.642549 -0.000001 -0.000003 0.000003 15.420993 1.046199 -41.885589 26.885602 6.379200 -81.158603 14.707942 -8.885130 -57.201970 -0.000001 -0.000001 -0.000006 7.753078 -2.438314 -6.316906 12.364158 -4.947813 -4.006685 -12.957881 -10.574651 -10.844284 0.000001 0.000000 -0.000001 -18.457104 9.199274 -18.244798 -0.011879 -5.558139 21.594080 11.874436 -11.147866 -14.837882 -0.000004 -0.000002 0.000003 
-19.381338 102.431458 -30.998531 -6.344062 21.952669 381.314298 6.072829 -1.317119 4.424188 5.914987 6.931358 -11.067481 -3.175530 -12.141962 -6.584407 5.225376 13.022372 -10.297618 -0.000001 0.000002 -0.000000 13.002642 -16.705908 -34.512495 25.441642 -20.155058 -47.187151 120.880128 -16.304900 23.782288 0.000001 -0.000004 0.000001 15.447723 1.117186 -41.726377 26.992407 6.468584 -81.257681 16.009849 -10.880305 -57.673749 -0.000002 -0.000001 0.000004 7.676284 -2.368046 -6.378871 12.649605 -4.830014 -3.947839 -12.862402 -11.098822 -11.225798 0.000001 -0.000000 0.000001 -18.362212 9.179382 -18.457905 -0.210131 -5.908015 21.584187 11.496177 -10.828970 -14.967914 -0.000001 0.000002 -0.000004 
-19.319960 102.246864 -31.086124 -5.996013 22.135658 381.213294 5.250407 -1.291905 4.409323 6.725019 6.659270 -10.524705 -3.628674 -12.019161 -7.060005 5.709215 12.928845 -10.303303 -0.000001 -0.000003 -0.000001 13.208059 -17.126867 -34.360465 25.493095 -19.307857 -47.425617 121.015270 -15.413312 24.411554 0.000001 -0.000002 0.000002 15.701406 1.317470 -41.651709 27.249265 6.475370 -81.141903 16.532002 -11.224136 -57.799677 -0.000003 0.000000 -0.000003 7.277584 -2.323635 -6.620177 12.939830 -4.761405 -3.491617 -12.410940 -11.529434 -11.360165 -0.000001 0.000000 0.000001 -18.471453 9.321336 -18.682746 -0.255619 -6.184723 21.865401 11.354758 -10.694335 -15.191591 -0.000001 0.000000 0.000002 
-19.254143 102.070038 -31.162346 -6.315127 22.380660 381.541279 5.794450 -1.342016 4.613263 6.123683 6.803089 -10.845196 -3.061003 -12.170326 -6.874526 5.900706 12.958419 -10.357800 -0.000001 -0.000002 0.000000 13.313798 -17.085950 -34.261482 25.625333 -19.401212 -47.152979 121.987288 -15.932178 23.844744 0.000000 -0.000002 0.000001 15.939822 1.472415 -41.790943 27.369319 6.702991 -81.002253 16.226716 -10.250696 -57.703685 -0.000004 -0.000003 -0.000000 7.517282 -2.368267 -6.934919 13.124658 -4.885530 -3.302606 -11.633468 -11.632226 -11.204326 0.000001 -0.000001 0.000001 -18.179559 9.314799 -19.111132 -0.113901 -6.240008 22.177670 11.551342 -10.895529 -15.492741 -0.000001 -0.000003 -0.000003 
-19.185514 101.892487 -31.243128 -6.236784 22.390171 381.539503 5.696990 -1.339865 4.625426 5.907267 6.857733 -10.930431 -2.589313 -12.272242 -6.634498 6.231225 12.981615 -10.272377 -0.000001 0.000000 -0.000001 13.239780 -16.629919 -34.534680 25.764406 -19.909213 -46.635483 121.996522 -16.155634 23.630551 -0.000000 0.000003 0.000003 15.964763 1.599041 -41.649845 27.318750 6.375216 -80.761024 16.038220 -9.992995 -58.434194 -0.000001 -0.000002 -0.000006 7.336574 -2.340397 -7.027437 13.166725 -4.950185 -3.443632 -12.285246 -11.358642 -11.190904 -0.000004 0.000001 -0.000001 -18.104834 9.316342 -19.253893 -0.274337 -6.334717 22.345978 11.261482 -11.036209 -16.024739 0.000001 -0.000001 -0.000000 
-19.124533 101.718781 -31.331659 -5.820269 22.384558 381.541470 4.811725 -1.273248 4.485779 6.212782 6.830168 -10.810011 -2.148485 -12.519688 -6.639316 6.088070 13.118263 -10.628852 -0.000001 -0.000003 -0.000001 13.230431 -16.983621 -34.611109 25.494704 -19.189512 -46.478170 122.054524 -16.197587 23.690197 0.000000 -0.000000 -0.000002 15.836227 1.448872 -41.707464 27.210886 6.083304 -80.548769 16.053678 -10.364845 -59.059369 -0.000001 0.000001 0.000003 6.712683 -2.343153 -7.387619 13.133167 -4.971118 -3.499761 -12.411644 -11.095141 -11.027862 -0.000003 0.000002 -0.000001 -18.522513 9.629847 -19.518524 -0.630060 -6.439079 22.438874 11.606400 -11.342017 -16.185393 -0.000003 0.000002 -0.000002 
-19.067423 101.547791 -31.419291 -5.786685 22.195960 381.642311 4.274565 -1.220309 4.258431 7.355851 6.598023 -10.358968 -2.791165 -12.158299 -7.078055 6.274886 13.129526 -10.415733 -0.000000 -0.000002 0.000001 13.522408 -18.386046 -33.990030 25.244132 -18.408623 -46.445095 122.361910 -15.552003 24.465357 0.000000 -0.000001 -0.000001 15.664854 1.222581 -41.635214 27.056101 5.516178 -80.216364 16.645907 -11.625594 -59.742422 0.000001 -0.000002 -0.000003 6.454882 -2.262852 -7.580525 13.379995 -5.169438 -3.710833 -12.685027 -10.485466 -10.649100 0.000002 -0.000002 -0.000002 -19.028849 9.807092 -19.634014 -0.031544 -6.092340 22.676896 11.461168 -11.490862 -16.423231 0.000002 0.000003 -0.000005 
-19.013685 101.374115 -31.511494 -6.224949 22.341103 381.658567 4.579094 -1.269452 4.545227 7.420383 6.519426 -10.132018 -2.692307 -11.608766 -7.266440 6.184592 13.128554 -10.219831 -0.000001 0.000000 -0.000001 13.966038 -20.137165 -33.338891 25.104613 -17.419672 -46.676738 121.796985 -14.287041 25.736783 -0.000000 0.000000 -0.000000 15.102450 0.401835 -41.382675 27.289727 5.794090 -80.452231 16.667910 -11.646062 -60.137097 0.000003 -0.000000 -0.000001 6.600752 -2.343915 -7.562639 13.877708 -5.353304 -3.348353 -12.817686 -10.748114 -10.943981 0.000001 0.000002 -0.000001 -18.834836 9.778560 -19.620553 0.123641 -6.007505 22.922627 11.643117 -11.653969 -16.443884 -0.000000 -0.000001 -0.000004 
-18.958996 101.204010 -31.600006 -6.055311 22.447857 381.882051 4.540837 -1.276222 4.523471 7.487253 6.561460 -10.275053 -2.536273 -11.273301 -7.243381 6.429295 12.918325 -10.239798 -0.000001 -0.000003 -0.000000 14.080348 -20.519162 -33.562487 25.057722 -17.925299 -45.995641 122.147428 -14.552772 25.520273 0.000004 0.000001 0.000001 14.351477 -0.407826 -41.146026 27.351989 7.063531 -81.056874 16.364452 -11.367572 -60.458000 0.000002 -0.000000 -0.000002 6.045042 -2.225315 -8.102630 14.541273 -5.333032 -2.992760 -13.475642 -10.596614 -10.945610 0.000001 0.000000 -0.000000 -19.244037 9.997296 -20.138345 0.536346 -6.234307 23.161040 11.910607 -11.437093 -16.195516 -0.000003 0.000002 -0.000006 
-18.907562 101.038284 -31.696733 -5.956083 22.319458 381.997454 4.627132 -1.271553 4.555454 7.781695 6.498587 -10.155754 -2.842035 -11.402404 -7.479206 6.229429 13.085143 -10.430783 -0.000002 -0.000001 -0.000001 13.901421 -19.926776 -33.829189 24.999387 -18.049157 -46.068485 122.270741 -14.865886 25.335286 -0.000001 0.000000 -0.000001 14.067872 -0.758820 -41.225376 27.290998 7.517789 -81.079502 16.620996 -12.111290 -60.776997 0.000003 0.000001 -0.000004 5.718625 -2.204015 -8.421916 14.864054 -5.426974 -2.876858 -13.622969 -10.563932 -10.927400 -0.000000 0.000000 -0.000002 -19.608706 10.212413 -20.339690 0.412298 -6.278662 23.098742 12.153899 -11.663800 -16.429825 -0.000001 -0.000001 -0.000000 
-18.853127 100.867355 -31.789749 -5.411050 21.643705 381.908716 4.999495 -1.300599 4.739181 7.654932 6.547067 -10.251835 -3.067154 -11.571596 -7.579855 6.508527 13.540802 -10.849894 -0.000001 -0.000002 0.000000 13.870812 -19.108626 -34.311626 25.128385 -18.255060 -45.292081 122.056751 -14.398502 25.723131 0.000000 -0.000003 0.000001 13.678501 -1.483841 -41.335799 27.648713 7.899115 -81.584315 17.157959 -12.963121 -60.788219 0.000005 -0.000000 0.000001 4.171798 -1.919052 -8.794043 16.217468 -6.088627 -3.125072 -13.284125 -9.915756 -10.252102 0.000002 0.000001 0.000000 -20.859621 10.730167 -20.378870 1.249684 -5.901693 23.337126 11.372495 -11.574677 -16.966268 -0.000003 -0.000002 -0.000001 
-18.804092 100.695831 -31.879927 -5.398103 21.355317 382.104742 4.827131 -1.284661 4.734691 7.955693 6.607812 -10.447058 -3.168586 -11.892279 -7.624974 7.038459 13.783344 -11.246068 0.000000 0.000000 -0.000001 13.677392 -18.780486 -34.523000 24.771872 -18.191044 -45.557201 122.303908 -15.074038 25.280398 0.000002 0.000000 0.000004 13.330338 -1.878114 -41.714397 27.337598 8.604281 -81.639229 16.623538 -12.329790 -61.274672 -0.000001 0.000001 0.000001 3.660025 -1.784549 -9.073168 16.997460 -6.350887 -3.255458 -13.071971 -9.635250 -9.952921 -0.000001 0.000000 -0.000000 -21.282733 10.966320 -20.685575 1.554394 -5.886480 23.604135 11.346604 -11.783228 -17.403003 -0.000004 0.000003 -0.000003 
-18.757034 100.533340 -31.966328 -5.540145 21.305935 382.154002 5.083823 -1.350653 5.122916 8.541655 6.624810 -10.579670 -3.825396 -11.676558 -7.922257 7.490005 13.734996 -11.154904 0.000000 -0.000003 0.000002 13.760996 -19.179907 -34.456272 24.642614 -18.496272 -45.230544 121.451938 -14.939135 25.459390 -0.000001 0.000002 -0.000000 13.587365 -1.650181 -42.015564 27.021386 8.356121 -81.065548 16.287047 -11.612151 -61.733067 0.000004 -0.000000 0.000001 3.518230 -1.688475 -9.165150 16.938196 -6.522696 -3.495219 -13.707412 -9.171293 -9.852512 -0.000000 0.000000 -0.000001 -21.435545 11.039876 -20.823903 1.582777 -5.809289 23.894131 11.294276 -11.888400 -17.621932 0.000002 0.000003 -0.000001 
-18.707880 100.363541 -32.053085 -5.070569 21.173250 382.269623 5.376906 -1.373064 5.287988 7.993320 6.673484 -10.732631 -3.677451 -12.312928 -8.096667 7.597914 14.163743 -11.605792 0.000000 0.000002 -0.000001 13.750617 -19.195325 -34.363095 24.389304 -17.928355 -45.262513 122.393028 -14.438093 26.167215 0.000001 -0.000000 0.000002 13.745909 -1.470616 -42.191250 26.838673 7.304588 -80.664643 16.637784 -12.115924 -61.927105 0.000001 0.000001 -0.000004 3.048312 -1.572369 -9.707927 16.748665 -6.522089 -3.467298 -13.985793 -8.538598 -9.445529 -0.000001 0.000001 -0.000001 -22.196885 11.400540 -21.080061 1.872494 -5.678328 24.150849 11.321200 -12.106499 -17.924447 -0.000001 -0.000001 -0.000000 
-18.664095 100.195290 -32.135628 -5.325106 20.663839 382.414778 5.748198 -1.392385 5.428698 8.325376 6.724976 -10.907687 -3.993096 -12.185920 -8.246790 7.845644 14.313768 -11.698695 -0.000000 0.000000 -0.000000 13.765206 -19.856087 -34.202227 23.967574 -17.512655 -45.617580 121.920475 -14.546570 26.317190 -0.000000 -0.000000 0.000002 13.089006 -2.189124 -42.324988 26.517557 7.947899 -80.697695 16.204240 -11.860492 -62.726149 0.000002 -0.000001 -0.000001 2.627859 -1.455484 -9.925167 17.294783 -6.805021 -3.774453 -14.053716 -7.871061 -8.946837 -0.000000 0.000001 0.000000 -22.313378 11.387707 -21.066673 2.415742 -5.338682 24.257055 10.802096 -12.079825 -18.135798 -0.000003 0.000000 0.000002 
-18.631449 100.036987 -32.218536 -5.125552 20.615550 382.614439 5.605906 -1.359612 5.240898 8.541517 6.750635 -11.000412 -4.044049 -12.378365 -8.238070 8.226911 14.474368 -11.800659 -0.000001 0.000000 -0.000000 13.710625 -20.171869 -34.038429 23.699886 -17.310587 -45.716485 121.861203 -14.708346 26.425403 -0.000000 0.000002 0.000001 13.024753 -2.132064 -42.369398 26.296122 8.061513 -80.728765 15.712353 -11.237332 -63.105122 0.000007 0.000001 0.000001 1.925898 -1.308823 -10.269043 17.842829 -7.179912 -3.844130 -13.944446 -7.283623 -8.507030 0.000001 0.000000 -0.000000 -22.857824 11.701022 -21.350594 2.652280 -5.067304 24.526888 10.415422 -12.294692 -18.555572 0.000003 0.000003 -0.000003 
-18.595667 99.874214 -32.305489 -5.355956 20.390816 382.580069 6.254122 -1.447266 5.738031 8.821142 6.796871 -11.083402 -4.508500 -12.603824 -8.510995 8.192107 14.928500 -12.303786 -0.000003 -0.000002 -0.000000 13.650816 -19.750177 -33.881853 23.789332 -17.869684 -45.550593 121.350824 -14.587445 26.672283 -0.000000 -0.000000 0.000004 13.098793 -2.291152 -42.809959 26.090821 8.311761 -80.278902 16.105982 -12.592134 -63.535588 0.000006 0.000001 -0.000004 1.289724 -1.201150 -10.412891 18.352937 -7.494443 -3.902191 -14.340754 -6.619789 -8.076213 0.000002 0.000000 -0.000004 -23.301496 11.915295 -21.401237 2.910919 -4.904246 24.966124 10.491726 -12.573747 -18.959567 0.000002 0.000002 -0.000000 
-18.565174 99.704536 -32.390991 -5.492241 19.921867 382.584686 6.409597 -1.427974 5.679821 8.554386 6.845388 -11.248231 -4.314162 -12.628782 -8.286117 9.011763 15.147290 -12.598187 -0.000001 0.000000 0.000000 13.509109 -19.741501 -34.294950 23.375059 -17.524290 -45.976155 121.416598 -14.912306 26.694029 -0.000000 0.000001 0.000002 13.183682 -2.079461 -43.159200 25.693734 8.568284 -80.149599 14.961540 -10.653692 -63.914608 0.000007 -0.000000 -0.000002 1.080875 -1.134692 -10.385667 18.411075 -7.698583 -4.346355 -14.766295 -5.680848 -7.440752 0.000003 -0.000001 0.000001 -23.508222 11.968483 -21.355181 3.219887 -4.619721 25.144409 9.987693 -12.365628 -18.960848 -0.000001 -0.000004 -0.000001 
-18.539799 99.538528 -32.472301 -5.819112 19.776307 382.583266 6.691384 -1.431835 5.766041 8.887675 6.643185 -10.872894 -4.929455 -12.556306 -8.826343 9.368370 15.157587 -12.540054 -0.000000 -0.000002 -0.000001 13.537205 -20.254721 -34.332403 23.096443 -17.367735 -45.792453 120.941859 -14.806778 26.950005 0.000001 -0.000004 0.000001 13.266346 -1.866514 -43.187255 25.466652 8.690169 -80.069727 14.685810 -10.360836 -64.206094 0.000004 0.000003 0.000004 0.845435 -1.041503 -10.415410 19.183044 -8.054285 -4.251161 -14.775139 -5.526779 -7.369862 0.000002 0.000001 -0.000001 -23.643082 11.989645 -21.346460 3.483741 -4.463825 25.471789 10.188284 -12.514053 -18.917237 -0.000000 0.000001 -0.000002 
-18.516157 99.370827 -32.556293 -5.720254 19.577713 382.774620 6.916497 -1.418417 5.759744 8.281576 6.891079 -11.394075 -4.260155 -12.301565 -8.378742 9.695394 15.182184 -12.453883 -0.000001 0.000000 -0.000001 13.397889 -20.189817 -34.513957 22.907215 -16.994282 -46.501690 122.218995 -15.218196 26.737628 -0.000001 -0.000002 0.000001 12.949454 -2.244564 -43.404732 25.313197 8.831780 -80.096570 14.715935 -10.564978 -64.492511 0.000006 0.000000 0.000003 0.780233 -1.035364 -10.700677 19.377272 -8.106544 -4.127380 -14.471441 -6.116539 -7.839059 0.000002 -0.000000 -0.000000 -23.909091 12.162224 -21.592936 3.624623 -4.390986 25.702248 10.016712 -12.658384 -19.184413 -0.000001 -0.000001 0.000003 
-18.489487 99.196960 -32.630623 -5.436252 19.468022 382.924311 6.355865 -1.361820 5.565513 8.595972 7.011802 -11.582543 -4.407578 -12.253283 -8.366366 10.011192 15.282769 -12.448950 -0.000001 0.000002 -0.000001 13.332113 -20.297072 -34.696828 22.840030 -17.158707 -46.622455 122.425649 -15.870477 26.188153 -0.000001 -0.000002 -0.000003 13.068001 -1.985856 -43.403793 25.168721 8.959890 -80.060472 14.404623 -10.253528 -64.980774 0.000003 0.000001 0.000001 0.425250 -1.052088 -11.247319 18.876461 -7.920724 -4.063380 -15.684816 -5.477062 -7.554389 0.000001 0.000001 -0.000001 -24.170103 12.414927 -21.888854 3.623554 -4.418677 26.097627 10.160455 -13.177244 -19.747129 -0.000001 -0.000001 -0.000002 
-18.471672 99.031242 -32.710831 -5.227823 19.492953 383.103535 6.199816 -1.347238 5.410295 8.411632 7.133500 -11.808719 -4.300396 -12.229286 -8.268616 10.357383 15.305703 -12.453368 -0.000001 -0.000003 0.000001 13.630312 -20.302121 -34.224514 23.205144 -17.123686 -46.782995 122.435280 -15.121733 26.689224 0.000001 0.000003 0.000003 13.203164 -2.331198 -43.575056 25.554644 9.284012 -79.982909 14.658124 -10.070632 -64.969524 0.000000 0.000001 -0.000004 0.626929 -1.122216 -11.571274 18.712533 -8.003044 -3.811032 -15.458665 -5.507550 -7.520470 0.000003 -0.000000 -0.000000 -24.153560 12.508920 -22.033943 3.439806 -4.483860 26.233397 10.266423 -13.562321 -20.352017 0.000003 0.000001 -0.000002 
-18.462578 98.868446 -32.796040 -5.487555 19.555721 383.300736 6.493155 -1.353843 5.556535 8.891026 7.002865 -11.561280 -4.741383 -12.485931 -8.656496 10.129817 15.461310 -12.688683 -0.000001 0.000002 0.000001 13.465964 -20.309781 -34.199085 22.981741 -16.762637 -47.452060 123.694002 -15.670542 26.386776 -0.000001 0.000001 0.000002 13.057350 -2.433178 -43.849285 25.361399 9.609280 -79.909744 14.641019 -10.264264 -65.251611 -0.000001 -0.000001 -0.000002 0.830715 -1.156387 -11.786028 19.328450 -8.155540 -3.369839 -14.875481 -5.756857 -7.640429 0.000001 0.000001 0.000000 -23.738104 12.376839 -22.212165 3.376970 -4.581240 26.473948 10.286680 -13.992481 -21.033030 -0.000006 0.000003 0.000001 
-18.458000 98.710121 -32.891300 -5.380597 19.551483 383.620744 6.512059 -1.365068 5.556135 8.617222 7.160792 -11.990208 -4.422978 -12.701142 -8.401146 10.416205 15.492660 -12.750663 -0.000002 0.000002 -0.000001 13.371517 -19.720411 -34.436864 23.024038 -16.845024 -47.741943 124.377663 -15.976154 26.018906 -0.000001 -0.000005 0.000000 13.036923 -2.527021 -43.974868 25.282041 9.211882 -79.785598 15.416698 -11.772582 -65.569167 0.000005 -0.000002 0.000001 0.513093 -1.019625 -12.190084 19.357986 -8.145639 -3.457183 -14.799073 -5.753389 -7.672860 0.000002 0.000001 -0.000002 -23.714456 12.417035 -22.554555 3.452869 -4.623940 26.533634 10.435114 -14.326901 -21.382655 0.000002 0.000002 -0.000000 
-18.449993 98.556152 -32.979195 -5.277485 19.441239 383.692160 6.606307 -1.374652 5.637184 8.790409 7.121392 -11.938859 -4.595022 -12.564095 -8.549057 10.671701 15.452646 -12.693476 -0.000002 -0.000002 0.000001 13.346196 -19.659750 -34.243789 23.059424 -17.008836 -47.948737 124.412278 -15.928507 26.119782 -0.000000 -0.000003 0.000003 12.903500 -2.711872 -44.142464 25.139030 9.223480 -79.567483 15.162627 -11.341956 -66.023375 0.000004 0.000002 -0.000003 0.214497 -0.970356 -12.510936 19.209453 -8.079829 -3.330348 -15.318473 -5.479819 -7.546192 0.000001 0.000001 -0.000002 -23.877692 12.543241 -22.725740 3.382284 -4.731413 26.730299 10.100042 -14.457516 -21.939153 -0.000002 0.000004 -0.000003 
-18.435165 98.401199 -33.062447 -5.776423 19.264740 383.740955 6.721817 -1.403430 5.825884 9.200184 7.137278 -11.895167 -4.829439 -12.555389 -8.673844 10.485572 16.010646 -13.114224 -0.000001 0.000002 0.000000 13.595583 -19.463852 -34.203269 23.673603 -16.954507 -47.811994 123.541935 -14.666269 26.755893 0.000000 0.000001 0.000004 13.331427 -2.563019 -44.168313 25.660338 9.115906 -79.474421 15.620467 -11.426686 -65.899837 0.000004 0.000000 -0.000001 -0.292913 -0.931910 -12.768520 19.315930 -8.316775 -3.575382 -15.252550 -4.588476 -6.753002 0.000001 0.000000 -0.000001 -23.948786 12.742535 -22.873062 3.658956 -4.545878 27.388859 10.059663 -14.504289 -22.003786 -0.000004 -0.000004 -0.000001 
-18.419231 98.241020 -33.150219 -5.459368 19.065805 383.661971 6.881991 -1.439080 6.068012 9.031911 7.107630 -11.850591 -4.874143 -12.458204 -8.821587 10.896549 15.853569 -12.923819 0.000001 -0.000003 0.000002 13.768386 -20.111183 -34.222287 23.568435 -16.907401 -47.009559 123.399730 -14.179021 27.455860 0.000001 0.000002 0.000002 13.395829 -2.393442 -44.152696 25.684433 8.812314 -79.385820 15.604197 -11.969206 -66.105303 0.000004 0.000003 -0.000001 -1.162297 -0.786729 -13.158223 19.686799 -8.581227 -3.375552 -15.674084 -3.449398 -5.914500 0.000001 0.000000 -0.000001 -24.412563 13.018438 -23.002004 3.686276 -4.577990 27.743081 9.731737 -14.613379 -22.432266 -0.000001 -0.000002 -0.000003 
-18.408104 98.100868 -33.238380 -5.129808 19.034011 383.747512 7.261382 -1.461451 6.226129 8.610792 7.192724 -12.053381 -4.745071 -12.903064 -8.719351 11.216772 16.056139 -13.098268 -0.000002 0.000002 -0.000001 13.828947 -19.892511 -34.380317 23.707414 -17.051521 -46.398421 123.553956 -13.705756 27.847552 -0.000002 0.000004 0.000002 13.836042 -2.022325 -44.213932 25.846167 8.289909 -79.276435 15.674249 -11.432399 -65.902890 0.000003 0.000000 -0.000001 -2.007673 -0.554011 -13.491329 20.213561 -8.981798 -3.356317 -15.838381 -3.174931 -5.797639 0.000002 0.000001 0.000000 -24.681278 13.249156 -23.281279 3.155500 -4.688160 27.849504 9.616664 -14.731642 -22.585667 0.000001 0.000001 -0.000002 
-18.394062 97.953033 -33.323730 -4.676958 18.310390 383.813301 7.351047 -1.435112 6.138230 8.741286 7.328543 -12.405533 -4.713388 -12.357113 -8.484560 11.355539 16.021496 -12.960768 -0.000001 -0.000002 -0.000001 13.803323 -20.323006 -34.278066 23.436594 -16.890240 -46.220160 123.979900 -13.748530 27.972360 0.000001 0.000001 0.000003 13.442863 -2.315795 -44.133602 25.717477 8.686026 -79.380076 15.793988 -11.612515 -66.269651 0.000005 0.000001 -0.000001 -2.345423 -0.379509 -13.825314 20.352456 -9.090825 -3.277549 -15.263074 -3.044981 -5.557787 -0.000000 -0.000000 0.000001 -25.662773 13.572860 -23.241172 4.175669 -4.134614 28.037814 9.498977 -14.597183 -22.364078 -0.000003 0.000000 -0.000003 
-18.377283 97.804733 -33.410847 -5.185130 17.584354 383.837999 7.865954 -1.450702 6.386558 8.759665 7.377771 -12.564130 -4.719558 -12.074238 -8.469092 11.860717 16.089866 -13.146960 -0.000003 0.000000 0.000000 13.680907 -20.746816 -34.279705 23.053897 -16.689665 -46.591811 124.681620 -14.723130 27.300375 0.000002 -0.000001 0.000003 13.251333 -2.299372 -44.230396 25.437755 9.552563 -79.546637 15.101434 -10.206998 -66.546922 0.000003 0.000000 -0.000003 -2.608128 -0.268929 -13.763555 21.304810 -9.417326 -3.533626 -15.092833 -2.902738 -5.342318 0.000001 0.000000 0.000001 -25.616312 13.470941 -23.182109 4.743624 -3.940977 28.289727 8.707974 -14.219989 -22.540826 -0.000000 0.000003 -0.000001 
-18.364424 97.661285 -33.503399 -4.839091 17.254755 383.905590 7.711588 -1.424840 6.199557 9.093971 7.395252 -12.667931 -5.106709 -11.620374 -8.396661 12.127913 16.021141 -13.079362 0.000000 -0.000002 -0.000000 13.703061 -20.879338 -34.214344 23.119362 -16.908717 -46.661011 124.299771 -14.785872 27.157840 -0.000000 -0.000002 0.000002 13.180704 -2.384065 -44.347220 25.311417 9.501020 -79.230420 15.199667 -10.357672 -66.842280 0.000004 0.000004 -0.000003 -2.987929 -0.139527 -13.954232 21.410418 -9.526668 -3.627443 -14.930893 -2.626228 -5.082035 -0.000000 -0.000001 0.000002 -26.156957 13.695396 -23.248443 5.533920 -3.591689 28.577527 7.310180 -13.577643 -22.869195 -0.000001 -0.000003 -0.000003 
-18.354240 97.519424 -33.590374 -4.719928 16.999791 384.117490 7.643097 -1.394868 5.988522 9.223350 7.435919 -12.729296 -5.174561 -11.702016 -8.437106 12.428632 15.886576 -13.175330 -0.000002 -0.000003 0.000001 13.608133 -20.493585 -34.430273 23.269952 -17.250133 -46.411217 124.203602 -14.853737 26.926884 -0.000001 0.000001 0.000004 13.271908 -2.291383 -44.373383 25.411195 9.410124 -79.205066 15.194690 -10.163717 -66.886198 0.000001 -0.000000 -0.000000 -3.655748 -0.028952 -14.372064 21.861427 -9.473815 -3.562798 -14.983613 -2.238190 -4.669455 -0.000000 0.000001 -0.000001 -26.633793 14.069385 -23.537025 6.097231 -3.537520 28.908311 6.553472 -13.037924 -22.967003 -0.000002 0.000000 -0.000000 
-18.344448 97.372818 -33.686920 -4.301628 16.324130 383.968810 8.041471 -1.419528 5.992839 8.090535 7.604969 -13.077249 -4.354275 -11.611323 -7.951248 12.278689 16.200799 -13.579787 -0.000001 -0.000002 0.000001 13.862802 -20.843012 -34.058687 23.432525 -16.771509 -46.289077 123.921283 -13.400923 28.127392 0.000004 -0.000001 0.000003 13.274629 -2.567245 -44.363926 25.661965 8.474042 -78.882872 15.910673 -11.097970 -67.299193 0.000004 -0.000000 -0.000002 -3.973345 0.113746 -14.484956 21.920285 -9.487734 -3.438186 -15.201465 -1.835273 -4.464354 0.000001 -0.000001 -0.000000 -27.411439 14.283873 -23.275804 6.766645 -3.214231 29.013920 6.024613 -12.747619 -23.080551 -0.000000 0.000001 0.000001 
-18.339581 97.240738 -33.781551 -4.459558 16.102376 384.087710 8.463024 -1.420298 5.999382 8.169101 7.611629 -13.052216 -4.458078 -11.820979 -8.080908 12.504003 16.166450 -13.591872 -0.000002 -0.000003 -0.000000 13.971099 -21.210854 -33.983668 23.403081 -16.601540 -45.829347 123.000055 -12.277111 29.183698 -0.000000 -0.000003 0.000003 13.248689 -2.522913 -44.309076 25.704070 8.358479 -78.669880 16.132260 -11.747435 -67.467762 0.000004 -0.000000 0.000001 -4.483764 0.205006 -14.387889 22.483282 -9.699576 -4.092016 -14.794366 -1.387740 -3.890926 -0.000002 0.000001 0.000000 -27.641724 14.500647 -23.466898 6.886658 -3.292717 29.278688 5.927510 -12.612847 -23.186597 -0.000001 -0.000001 0.000003 
-18.346128 97.116806 -33.877930 -4.576543 16.159778 384.190300 8.173877 -1.396363 5.958873 8.348090 7.664463 -13.193266 -4.388831 -11.688268 -7.955322 13.121846 16.066043 -13.623438 -0.000001 -0.000002 -0.000001 13.826979 -20.932124 -34.237723 23.373317 -16.507305 -46.499095 123.828051 -13.065901 28.380421 0.000002 0.000002 0.000001 13.323558 -2.352807 -44.459071 25.464279 7.565859 -78.067826 15.785192 -11.122058 -68.116623 0.000000 -0.000002 0.000001 -4.606095 0.193337 -14.702829 22.810385 -9.712066 -3.637911 -14.732260 -1.744049 -4.219477 0.000001 -0.000001 -0.000000 -27.278198 14.451745 -23.605369 6.629169 -3.488538 29.435899 6.241386 -12.801077 -23.154396 -0.000006 -0.000001 0.000003 
-18.350603 96.994453 -33.981594 -4.164697 15.971808 384.277480 8.015223 -1.372262 5.720149 8.664826 7.687649 -13.259961 -4.364755 -11.222144 -7.780233 12.501684 16.021298 -13.574399 -0.000000 -0.000002 0.000001 13.913576 -21.607070 -34.181784 23.333992 -16.658997 -45.630643 123.751854 -12.649278 28.841942 0.000001 0.000000 0.000004 13.339874 -2.213068 -44.341076 25.422545 6.982605 -77.899305 15.410097 -10.151654 -68.144265 0.000001 -0.000002 0.000001 -5.160827 0.325434 -14.728663 23.074244 -9.812374 -4.018893 -14.749044 -1.448981 -3.920431 -0.000000 -0.000000 -0.000000 -27.657309 14.682455 -23.680409 6.682990 -3.481741 29.512735 5.991364 -12.743787 -23.505410 -0.000001 0.000002 -0.000002 
-18.358847 96.883453 -34.082844 -3.943486 16.152376 384.374742 7.995158 -1.366914 5.723645 8.703680 7.716391 -13.341995 -4.551197 -11.387363 -7.830959 12.745221 16.105023 -13.591134 -0.000000 0.000002 0.000001 13.724864 -20.939487 -34.299892 23.344113 -16.695883 -46.045611 125.103739 -13.643195 27.960047 0.000001 -0.000001 -0.000000 13.243967 -2.290909 -44.456656 25.296762 7.160867 -77.756636 15.260516 -10.050417 -68.417062 0.000002 0.000001 0.000001 -5.077723 0.282796 -14.982244 22.516721 -9.622711 -3.849446 -14.673246 -1.437473 -3.957256 0.000002 0.000001 0.000001 -27.700537 14.769751 -23.799999 6.385722 -3.582652 29.524941 6.353956 -13.046085 -23.588178 -0.000003 -0.000001 -0.000002 
-18.365107 96.777908 -34.178852 -4.482652 16.270141 384.591505 8.598033 -1.392520 5.880503 8.537170 7.857622 -13.587726 -4.488949 -11.599551 -7.753887 12.854170 16.183146 -13.704470 -0.000002 0.000000 0.000001 13.737877 -21.110689 -34.033275 23.376165 -16.968247 -46.062755 124.743256 -13.863990 27.830258 0.000001 -0.000003 0.000003 13.716628 -1.646084 -44.637885 25.155638 6.543819 -77.365805 14.785575 -9.139428 -68.362667 0.000001 -0.000003 -0.000004 -5.165978 0.238794 -15.261064 22.918539 -9.711498 -3.616410 -14.628938 -1.186413 -3.709600 -0.000001 0.000000 -0.000000 -27.400506 14.815872 -24.175916 6.449039 -3.672371 29.899720 6.730571 -13.104093 -23.450509 0.000003 -0.000001 -0.000004 
-18.370029 96.675354 -34.269600 -4.421996 16.343604 384.608225 8.633227 -1.403108 5.967906 8.940683 7.699589 -13.249709 -4.813174 -11.789244 -8.166999 12.943213 16.144832 -13.664598 0.000000 -0.000003 0.000001 13.820134 -20.818833 -34.050460 23.620888 -17.192693 -45.410502 123.609403 -12.765034 28.623803 -0.000002 0.000002 0.000002 13.753936 -1.886893 -44.729119 25.374872 6.866985 -77.350888 15.550398 -10.409327 -68.358220 0.000004 -0.000000 0.000003 -5.661230 0.399352 -15.248433 23.435680 -9.880433 -3.712528 -14.534450 -1.243900 -3.689797 0.000001 -0.000001 -0.000000 -27.769444 15.001124 -24.230291 6.448809 -3.730845 29.895069 6.507849 -12.764289 -23.253700 -0.000003 0.000002 -0.000000 
-18.371357 96.579597 -34.360176 -4.434383 16.412516 384.714886 8.515686 -1.393425 5.919185 8.969290 7.687200 -13.215977 -4.614539 -12.075265 -8.162961 13.080856 16.253074 -13.716003 -0.000000 0.000002 -0.000001 13.928853 -21.409431 -33.923429 23.374675 -16.634560 -45.273550 123.504833 -12.283080 29.270458 0.000001 0.000002 0.000001 13.951329 -1.673356 -44.849618 25.355955 6.915231 -77.221026 15.275042 -9.896828 -68.520717 -0.000001 0.000002 0.000003 -5.772283 0.424521 -15.258158 23.320916 -9.965390 -3.962128 -14.571416 -1.199077 -3.650052 0.000003 0.000000 -0.000001 -27.622561 14.976626 -24.327245 6.219673 -3.775375 29.868749 6.121248 -12.842591 -23.673769 0.000002 0.000001 0.000001 
-18.381439 96.482132 -34.453812 -4.589356 16.379815 384.886214 8.931738 -1.401574 5.868955 9.055026 7.695288 -13.223340 -4.896629 -11.948905 -8.280078 13.261354 16.316045 -13.686214 -0.000001 -0.000001 -0.000001 14.007806 -21.313520 -33.918702 23.510179 -16.917573 -44.884274 123.561209 -12.335791 29.187167 0.000003 -0.000003 0.000001 13.587108 -2.232412 -44.792736 25.549607 7.541767 -77.533726 15.474197 -10.425733 -68.734079 0.000001 0.000002 0.000000 -6.140694 0.515145 -15.299724 23.836691 -10.355150 -4.215842 -14.314816 -0.660705 -3.158691 -0.000001 0.000000 -0.000000 -27.858060 15.132101 -24.414055 6.530015 -3.548814 30.043437 5.660279 -12.731479 -23.887540 -0.000005 0.000002 0.000003 
-18.389952 96.387421 -34.556087 -4.658268 16.058751 384.805399 9.356410 -1.421137 6.030155 8.446979 7.765341 -13.350219 -4.616178 -11.936676 -8.249895 13.546192 16.556922 -14.075235 -0.000003 -0.000002 0.000000 13.812028 -21.066860 -34.151243 23.310268 -16.721440 -44.956811 123.304203 -12.565391 29.119548 0.000000 0.000001 0.000002 13.490132 -2.303632 -44.920474 25.415819 7.518810 -77.499465 14.990349 -9.445321 -69.032237 0.000000 0.000000 0.000001 -6.372074 0.527491 -15.162438 24.216487 -10.439705 -4.399093 -13.692802 -0.607322 -2.979926 0.000001 -0.000001 0.000001 -27.893106 15.070438 -24.101313 6.638024 -3.372933 29.795464 5.500977 -12.725599 -23.997656 -0.000006 -0.000001 -0.000000 
-18.404959 96.301651 -34.661930 -5.200828 16.211422 384.852528 10.068080 -1.448420 6.218235 7.984436 7.807109 -13.414080 -4.289734 -12.155098 -8.096798 13.621521 16.711796 -14.333213 -0.000002 -0.000001 -0.000001 13.678174 -21.352592 -34.079656 22.996253 -16.386531 -45.508359 124.373455 -13.526651 28.454507 0.000001 -0.000002 -0.000001 13.454964 -2.192668 -45.111706 25.113909 8.103975 -77.459707 14.510539 -8.905636 -69.157878 0.000001 0.000004 -0.000003 -6.049578 0.418815 -15.070025 24.223462 -10.290159 -4.444968 -13.653081 -0.419306 -2.811925 0.000001 -0.000000 -0.000000 -27.359018 14.812684 -24.056167 6.573581 -3.449918 29.705691 5.451881 -12.868853 -24.157694 -0.000005 0.000003 -0.000002 
-18.415890 96.205597 -34.760654 -4.974308 16.158686 384.916649 9.656291 -1.426901 6.085495 8.605088 7.678448 -13.220927 -4.698427 -12.179608 -8.303964 13.514691 17.030998 -14.710365 -0.000002 -0.000002 -0.000001 13.610153 -21.431928 -33.989890 22.809338 -15.927019 -45.831297 124.636541 -13.437334 28.576149 -0.000001 -0.000000 0.000002 13.289685 -2.372316 -45.218861 24.979523 7.548689 -77.243975 14.348315 -8.296471 -69.521989 0.000002 -0.000000 0.000003 -6.658777 0.608814 -15.288716 24.950737 -10.492883 -4.216309 -13.469710 -0.658725 -2.961262 -0.000000 -0.000001 -0.000001 -27.898977 15.062237 -24.121441 6.893122 -3.297344 29.846888 5.563210 -13.029228 -24.289638 -0.000001 0.000000 -0.000000 
-18.427919 96.107460 -34.857327 -5.117591 15.929097 384.994186 10.072564 -1.458142 6.155941 8.120900 7.856361 -13.626180 -4.277975 -12.122402 -8.006828 13.224763 17.166835 -15.043311 -0.000000 -0.000002 0.000001 13.697453 -21.446639 -34.166444 22.965973 -16.039369 -45.121678 124.022247 -12.434739 29.236652 0.000001 0.000002 0.000001 13.273643 -2.552503 -45.257916 25.299094 8.340686 -77.674277 14.814663 -8.610577 -69.050385 0.000008 0.000003 -0.000005 -7.260159 0.827694 -15.346161 25.745712 -10.701503 -4.340341 -13.547440 -0.308663 -2.688973 -0.000001 -0.000001 -0.000000 -27.948292 15.027874 -24.093421 7.168307 -3.303646 29.747263 5.395435 -12.794342 -24.174485 -0.000003 0.000005 -0.000003 
-18.444553 96.011131 -34.953335 -4.790337 15.862631 385.028583 9.870449 -1.438725 5.913008 8.469677 7.780887 -13.465673 -4.528013 -12.176395 -8.134556 13.207981 17.055454 -14.745970 -0.000002 0.000000 -0.000001 13.743176 -21.530853 -33.957556 23.015016 -16.183811 -44.399918 123.837258 -12.048442 29.602060 0.000002 0.000003 0.000003 13.131114 -2.793604 -45.069789 25.357325 8.009031 -77.731050 15.390264 -10.046080 -69.078935 -0.000001 -0.000002 0.000001 -7.742277 0.949841 -15.520872 25.628589 -10.674902 -4.349021 -14.016120 0.396803 -2.224754 0.000002 -0.000001 0.000001 -28.258103 15.144167 -24.002840 7.252819 -3.180331 29.875575 5.562631 -13.294328 -24.677665 -0.000006 0.000003 -0.000001 
-18.464619 95.914940 -35.052380 -4.944409 16.042615 384.953177 10.047616 -1.474357 6.215482 8.075570 7.882502 -13.692296 -4.173350 -12.408043 -7.966605 13.068689 17.201251 -14.925396 -0.000001 0.000000 -0.000000 13.838753 -21.963517 -33.806940 22.878583 -16.119209 -44.111810 123.351741 -11.388155 30.345096 0.000000 -0.000004 0.000001 13.459235 -2.390423 -45.331078 25.205690 7.696972 -77.538643 14.578214 -8.197231 -68.718240 -0.000001 -0.000000 -0.000001 -7.539964 0.875171 -15.316762 25.851248 -10.737010 -4.289213 -14.438533 0.279511 -2.317934 0.000000 0.000001 -0.000001 -27.934055 15.000823 -24.048797 6.707725 -3.582567 29.891695 6.159077 -13.534325 -24.635208 -0.000001 -0.000002 -0.000001 
-18.488390 95.829895 -35.159595 -5.555990 16.395333 385.050248 9.854851 -1.479063 6.275614 8.836657 7.672038 -13.268121 -4.726381 -12.286383 -8.373967 13.220914 16.949307 -14.657137 -0.000001 0.000000 -0.000000 13.728040 -21.525416 -34.290487 22.879935 -15.804803 -44.840848 124.596748 -12.388694 29.350976 -0.000001 0.000003 0.000002 13.541576 -2.324981 -45.312933 25.223381 7.158337 -77.301042 14.721511 -8.501245 -69.020004 0.000005 0.000003 0.000003 -7.076069 0.739894 -15.340479 25.948891 -10.685411 -3.993645 -14.542839 -0.026121 -2.627298 0.000001 -0.000001 -0.000000 -27.482400 14.929969 -24.311316 6.260579 -3.881517 30.079159 6.441913 -13.714630 -24.575089 -0.000003 0.000000 -0.000003 
-18.515749 95.752090 -35.264305 -5.430065 16.628300 385.098551 9.752180 -1.469865 6.242661 8.513639 7.685722 -13.329195 -4.459231 -12.526545 -8.284920 13.346238 16.869703 -14.667679 -0.000004 0.000004 -0.000000 13.634657 -21.157759 -34.263142 23.020034 -15.947233 -44.684938 124.884900 -12.393886 29.213098 0.000001 0.000001 0.000002 13.386986 -2.513458 -45.302913 25.348005 7.430370 -77.517033 15.551477 -10.150672 -69.039484 0.000004 -0.000000 0.000001 -7.192292 0.814084 -15.363990 26.232665 -10.745780 -3.912700 -14.207521 -0.370624 -2.963043 0.000002 -0.000000 -0.000000 -27.390003 14.930712 -24.460026 6.138737 -3.993508 30.114567 6.193011 -13.572219 -24.545791 -0.000001 0.000003 -0.000001 
-18.548372 95.685600 -35.363686 -5.471370 16.550834 385.106720 9.610384 -1.459011 6.166637 8.458453 7.714203 -13.410961 -4.487879 -12.435635 -8.286409 13.598625 16.814703 -14.562670 -0.000002 0.000004 -0.000000 13.606005 -21.077527 -34.477142 22.910007 -16.032093 -44.256030 124.884955 -12.630027 28.983173 0.000001 -0.000005 -0.000000 13.501310 -2.387242 -45.295216 25.359726 8.405161 -77.811591 15.513202 -9.845738 -68.957836 0.000002 0.000002 0.000004 -7.590087 0.987644 -15.315709 26.630843 -10.873298 -3.907274 -14.344710 -0.209542 -2.820147 0.000002 -0.000001 -0.000000 -27.391287 14.847564 -24.413804 6.144762 -4.036078 30.170114 5.837326 -13.473846 -24.829616 -0.000005 0.000003 -0.000001 
-18.572592 95.626404 -35.451687 -5.601074 16.462745 385.169722 9.758741 -1.467493 6.246485 8.417284 7.721691 -13.445566 -4.397558 -12.205897 -8.294560 13.892742 16.711031 -14.366516 -0.000002 0.000000 -0.000001 13.622954 -21.497300 -34.063892 22.696128 -16.288990 -44.063278 123.832313 -12.338095 29.538362 0.000000 0.000000 0.000001 13.725303 -2.025444 -45.572754 25.032445 8.635301 -77.737757 14.607188 -8.287493 -68.744297 -0.000001 0.000003 -0.000001 -7.174180 0.867735 -15.450830 26.798860 -10.945162 -3.466085 -14.639860 -0.345289 -3.013461 0.000001 -0.000000 -0.000000 -27.384004 14.808105 -24.361985 6.444075 -3.800271 30.205996 5.575797 -13.389841 -24.815273 -0.000003 -0.000002 -0.000001 
-18.605598 95.578056 -35.542702 -5.899150 16.780629 385.193163 10.001838 -1.497728 6.447004 8.038065 7.855769 -13.609432 -4.104069 -12.560533 -8.142348 14.052838 16.761409 -14.468765 -0.000002 0.000002 0.000000 13.719477 -21.094264 -34.238423 22.863886 -16.352875 -43.804605 124.538719 -12.468924 29.433088 -0.000000 -0.000006 0.000001 13.786945 -2.164333 -45.566975 25.282232 8.398228 -77.687029 14.786463 -8.899308 -68.844263 0.000004 -0.000000 -0.000002 -6.764277 0.659151 -15.494953 26.834580 -11.007961 -3.094715 -14.833393 -0.554710 -3.161132 0.000001 -0.000001 0.000000 -27.018201 14.750543 -24.419798 6.171960 -3.937972 30.274998 5.456254 -13.442907 -25.243346 0.000001 0.000003 0.000001 
-18.641287 95.541840 -35.629337 -5.643275 16.602006 385.167563 9.846392 -1.471935 6.260207 8.444534 7.840895 -13.550213 -4.350040 -11.923636 -8.090093 14.245303 16.451376 -14.095039 -0.000000 0.000002 -0.000001 13.629659 -20.854384 -34.223913 22.868148 -16.421364 -44.130573 124.775904 -12.543457 29.503596 0.000000 -0.000004 0.000003 13.706060 -2.240291 -45.577791 25.176127 7.794901 -77.474986 14.379399 -8.194422 -68.878066 0.000004 0.000002 0.000002 -7.326004 0.740831 -15.363669 26.807540 -11.069874 -3.482174 -14.933882 -0.259540 -2.891039 -0.000000 0.000001 -0.000001 -27.272660 14.854014 -24.252200 6.200076 -3.850916 30.190761 5.309785 -13.405980 -25.300991 -0.000006 0.000003 -0.000001 
-18.682617 95.506165 -35.718094 -5.721858 16.639244 385.169585 9.916374 -1.496601 6.335041 7.961360 7.953260 -13.781295 -4.093872 -12.572223 -8.029008 14.173725 16.699517 -14.227091 -0.000001 0.000000 -0.000000 13.779869 -20.702489 -33.963652 22.946417 -15.781837 -44.076365 124.563239 -11.713035 30.101832 0.000003 0.000003 0.000006 13.892961 -2.254506 -45.610070 25.357624 7.047061 -76.936911 15.868799 -11.463018 -69.148063 -0.000001 0.000001 0.000003 -7.164087 0.784276 -15.354072 26.793961 -11.026727 -3.354917 -15.219567 -0.354181 -2.970994 -0.000001 0.000001 0.000000 -27.245601 14.723940 -24.153897 6.464190 -3.743111 30.117224 5.761194 -13.531261 -25.094371 0.000003 0.000001 0.000001 
-18.725471 95.476913 -35.814064 -5.365457 16.809555 385.085601 9.210930 -1.482374 6.299033 8.412299 7.845522 -13.626023 -4.362087 -12.638444 -8.272098 14.108672 17.019173 -14.520632 -0.000001 -0.000002 0.000001 13.893932 -20.780763 -33.784472 23.003666 -15.666041 -43.982788 124.097557 -11.146524 30.489350 0.000001 -0.000000 0.000002 13.600887 -2.661358 -45.567143 25.457302 7.505891 -77.219038 16.166395 -11.804618 -68.982725 0.000004 0.000002 -0.000003 -7.105753 0.836752 -15.319938 26.194339 -10.815275 -3.357267 -15.245848 -0.292801 -2.965899 0.000001 0.000000 -0.000000 -27.265400 14.642742 -24.149961 6.161759 -3.903223 29.978510 6.071299 -13.717635 -25.003198 -0.000001 0.000003 -0.000002 
-18.768867 95.451469 -35.902489 -5.926633 17.214954 385.183273 9.461302 -1.504179 6.602083 8.394892 7.798176 -13.558811 -4.340429 -13.043023 -8.465553 14.235825 17.119922 -14.735855 -0.000000 0.000002 0.000001 13.761054 -20.608248 -33.742463 22.940830 -15.765870 -44.141040 123.796728 -11.278856 30.390469 0.000001 -0.000002 -0.000001 13.744139 -2.441258 -45.769859 25.302794 7.574655 -77.132534 15.948164 -11.307367 -68.839373 0.000005 0.000004 -0.000001 -7.151418 0.858372 -15.500269 26.856930 -10.910330 -2.783385 -15.587839 -0.422641 -3.132208 -0.000003 0.000001 0.000001 -26.725892 14.468596 -24.332300 5.738491 -4.195934 30.086700 6.143741 -13.882432 -25.336416 0.000001 0.000002 -0.000002 
-18.810856 95.429474 -35.987991 -6.055733 17.444587 385.295151 9.654186 -1.512752 6.570936 8.959029 7.652294 -13.230580 -4.988218 -13.030067 -8.832451 14.005355 16.883804 -14.423485 -0.000003 0.000002 -0.000002 13.920717 -21.056954 -33.528982 22.970298 -15.546924 -43.988969 123.520734 -10.560364 31.011931 0.000001 0.000001 0.000002 13.582312 -2.731076 -45.648620 25.452599 7.585180 -77.190352 16.292337 -11.911502 -68.835008 -0.000001 0.000000 -0.000001 -6.971526 0.791596 -15.586490 27.061409 -10.936706 -2.558129 -15.857689 -0.195441 -2.912066 -0.000000 0.000001 -0.000001 -26.260465 14.344229 -24.443888 5.572296 -4.305544 30.120554 6.065459 -13.804252 -25.312673 0.000003 -0.000001 -0.000002 
-18.850605 95.412216 -36.066448 -5.651208 17.104136 385.169339 9.464827 -1.484641 6.291637 9.052693 7.660651 -13.288821 -5.148666 -12.713580 -8.652047 14.165231 16.812613 -14.343098 -0.000000 0.000000 -0.000000 13.870092 -20.930958 -33.649422 22.962826 -15.726878 -43.797830 123.598202 -10.527423 31.127460 0.000002 0.000000 -0.000001 13.689946 -2.548535 -45.667512 25.355537 7.891320 -77.306444 16.382825 -12.400757 -68.813678 0.000003 0.000002 -0.000005 -7.087874 0.837921 -15.457054 26.496022 -10.797473 -2.797213 -15.626469 -0.154426 -2.888718 0.000001 -0.000000 -0.000000 -26.666269 14.374142 -24.193573 5.685021 -4.211408 30.006032 6.293273 -13.846412 -25.112107 -0.000004 0.000001 -0.000002 
-18.894783 95.396072 -36.154419 -5.749596 17.555277 384.961565 9.585581 -1.514750 6.587816 8.699854 7.554408 -13.077668 -4.924923 -13.060023 -8.736755 14.072012 16.736605 -14.277032 -0.000002 0.000000 -0.000000 13.724002 -20.305041 -33.828947 23.041278 -16.034668 -43.982580 123.988779 -10.536649 31.165258 0.000003 -0.000004 0.000001 13.771178 -2.430432 -45.706581 25.283089 7.543135 -77.129515 16.335852 -12.258552 -68.989125 -0.000001 -0.000002 -0.000000 -6.876471 0.815130 -15.357493 26.923221 -10.943523 -2.161829 -15.500337 -0.577988 -3.355306 0.000001 0.000000 -0.000002 -26.170806 14.179753 -24.269143 4.940106 -4.615707 30.347435 6.126816 -13.965643 -25.432935 -0.000003 -0.000002 0.000003 
-18.935575 95.380875 -36.228523 -5.586938 17.522403 384.879794 9.752214 -1.540930 6.705612 8.025519 7.669086 -13.287984 -4.284229 -13.297652 -8.525065 13.720931 16.858538 -14.526031 0.000000 0.000000 -0.000001 13.752669 -20.403332 -33.609052 22.984046 -15.932717 -43.537094 122.848356 -9.752462 31.876677 0.000000 -0.000000 0.000000 13.548654 -2.778746 -45.770822 25.297887 7.712146 -77.249139 16.393117 -12.383334 -68.945248 0.000005 0.000000 0.000001 -7.196804 0.892049 -15.380739 27.154042 -10.922472 -2.033124 -15.012303 -0.786899 -3.435793 -0.000000 0.000001 0.000000 -26.171381 14.246007 -24.430075 4.780483 -4.892747 30.612932 6.803701 -14.309355 -25.306573 0.000003 0.000003 0.000001 
-18.976034 95.373306 -36.306198 -5.163949 17.360454 384.726688 9.778991 -1.535421 6.644132 8.314827 7.615476 -13.114024 -4.642403 -13.080049 -8.635166 13.513693 16.750636 -14.341323 -0.000005 -0.000002 -0.000001 13.885838 -21.056249 -33.272273 22.905627 -15.941086 -42.667915 122.009909 -9.008614 32.710821 0.000000 -0.000006 0.000002 13.173963 -3.189130 -45.601321 25.468874 8.065296 -77.768978 16.466005 -12.788914 -68.812291 0.000000 0.000001 -0.000001 -7.656875 0.928519 -15.195779 26.978585 -10.878812 -2.424681 -15.215939 -0.581904 -3.192071 0.000001 -0.000001 -0.000000 -26.228425 14.307039 -24.376361 4.436587 -5.138576 30.672242 6.650612 -14.232710 -25.336657 -0.000005 0.000001 0.000001 
-19.013224 95.366791 -36.371967 -5.087724 16.681258 384.650463 9.899623 -1.518560 6.414732 8.414568 7.671664 -13.275733 -4.783026 -12.776394 -8.397574 13.791879 16.752735 -14.401143 -0.000006 -0.000001 -0.000001 13.807625 -21.337398 -33.117880 22.722559 -15.547046 -42.750414 121.668222 -8.703667 33.044404 0.000003 0.000000 0.000001 13.854099 -2.209832 -45.786795 25.269366 7.396753 -77.349604 16.505787 -12.704618 -68.828950 0.000000 -0.000001 -0.000003 -7.970984 0.998230 -14.863011 26.827182 -10.949008 -3.066291 -15.377529 -0.154609 -2.852115 -0.000001 0.000000 -0.000001 -26.669051 14.376228 -24.047457 5.313474 -4.608094 30.581492 5.995182 -13.808049 -25.212002 0.000001 -0.000002 -0.000001 
-19.048891 95.358681 -36.442265 -5.598089 17.174813 384.710104 9.681558 -1.524736 6.668587 8.659006 7.573700 -13.169630 -4.890005 -13.086631 -8.663099 14.009282 16.658425 -14.184167 -0.000003 0.000000 0.000001 13.627852 -20.929061 -33.420747 22.598420 -15.806605 -42.876615 122.509456 -9.750482 32.030217 0.000001 -0.000005 0.000001 14.187685 -1.736435 -45.915206 24.996150 7.062439 -77.008614 16.942464 -13.692934 -69.013352 0.000001 0.000000 0.000001 -8.061539 1.127226 -15.124187 27.439411 -10.940629 -2.266178 -15.252191 -0.896905 -3.515931 -0.000000 -0.000001 -0.000000 -26.301071 14.247969 -24.367354 4.978731 -4.891890 30.863863 6.225994 -14.093240 -25.432419 -0.000002 0.000003 0.000002 
-19.087337 95.351768 -36.508938 -5.872717 17.199115 384.737261 9.594826 -1.518606 6.698818 8.164405 7.781496 -13.559957 -4.321354 -12.871465 -8.319034 14.532312 16.418689 -13.897815 -0.000003 -0.000001 -0.000001 13.569939 -20.816612 -33.771816 22.517689 -15.750821 -43.202043 122.823358 -10.388748 31.482859 0.000003 -0.000002 0.000003 14.086944 -1.808076 -46.022125 24.872395 7.455953 -76.996668 15.789785 -11.322241 -69.193518 -0.000002 0.000000 0.000003 -7.357362 0.897277 -15.036293 27.523815 -10.973230 -2.044025 -15.542835 -1.022839 -3.681812 0.000001 -0.000000 -0.000000 -25.771446 14.011465 -24.301856 4.989199 -4.837307 30.789110 5.539211 -13.820444 -25.567712 -0.000002 -0.000003 0.000001 
-19.120697 95.350624 -36.576099 -5.798060 17.545706 384.722973 9.494628 -1.547729 6.878847 8.481531 7.651169 -13.238525 -4.588955 -13.250105 -8.670723 14.217907 16.620278 -14.117222 -0.000000 0.000000 0.000001 13.622863 -20.756303 -33.576551 22.672400 -15.951053 -42.863614 122.192057 -9.912790 31.941615 -0.000001 -0.000002 0.000001 14.155396 -1.796663 -46.039423 24.948772 7.036119 -77.072196 15.645586 -11.257496 -69.033842 0.000004 0.000005 -0.000001 -7.602136 0.867778 -15.053412 27.414153 -10.989423 -2.158283 -16.364078 -0.666061 -3.540182 -0.000000 -0.000000 0.000001 -25.799677 14.077296 -24.273727 4.787589 -4.922013 30.821396 5.660994 -14.179947 -26.095656 0.000006 -0.000006 0.000001 
-19.158009 95.353279 -36.635643 -5.875159 17.538464 384.772724 9.938556 -1.558457 6.849073 8.466671 7.694481 -13.274915 -4.661743 -13.316406 -8.632813 13.963267 16.490061 -14.032846 -0.000002 -0.000002 0.000000 13.740569 -21.152929 -33.281391 22.623139 -15.745849 -42.585799 121.870656 -9.192244 32.733706 -0.000000 -0.000003 0.000002 14.142345 -1.817300 -46.036114 24.994005 7.286020 -77.189197 15.335071 -10.720324 -68.877199 -0.000002 -0.000003 -0.000000 -7.306477 0.729757 -14.804466 26.768389 -10.786703 -2.695029 -16.348119 -0.294986 -3.187609 0.000002 0.000000 -0.000000 -25.737399 13.968191 -23.982522 5.138316 -4.762931 30.484726 6.220746 -14.448849 -26.108610 -0.000006 0.000002 -0.000000 
-19.185463 95.356873 -36.687645 -5.824617 17.698523 384.803432 10.072624 -1.567792 6.876670 8.764730 7.624975 -13.127682 -5.061078 -13.153066 -8.802005 13.860022 16.455418 -13.989449 -0.000002 -0.000002 0.000000 13.712947 -21.292768 -33.241219 22.586932 -15.690422 -42.879678 122.437534 -9.206806 32.758492 0.000002 -0.000005 0.000005 13.735605 -2.300220 -46.031903 25.014533 7.519914 -77.347972 15.261773 -10.671261 -69.041724 0.000002 0.000001 0.000001 -7.675034 0.789096 -14.718836 27.134914 -10.881775 -2.823899 -16.059269 -0.244972 -2.978506 0.000001 -0.000000 -0.000001 -25.774279 14.034271 -24.052718 5.100600 -4.818021 30.433547 6.293168 -14.453985 -26.227544 -0.000008 -0.000001 -0.000000 
-19.210766 95.361717 -36.739807 -5.136968 17.869822 384.762670 9.455222 -1.518146 6.622988 8.630620 7.555052 -13.067643 -4.803690 -13.219384 -8.695061 13.408876 16.544356 -14.105950 -0.000002 0.000002 -0.000001 13.577576 -21.104195 -33.324469 22.361134 -15.655002 -42.852907 122.188970 -9.257260 32.833184 0.000001 -0.000002 -0.000001 13.491937 -2.370123 -45.863317 24.875284 7.718060 -77.595600 15.359081 -11.010292 -69.240879 0.000005 -0.000001 -0.000002 -8.129352 1.021513 -14.909680 26.962886 -10.826099 -2.797064 -16.275074 -0.393919 -3.185825 0.000001 -0.000001 -0.000000 -26.331255 14.143851 -23.934725 4.983534 -4.789178 30.071093 6.156343 -14.380080 -26.168473 -0.000002 -0.000001 -0.000000 
-19.229727 95.365219 -36.789490 -5.369656 18.206062 384.788105 10.099294 -1.570977 7.045616 7.886851 7.599050 -13.105460 -4.381361 -13.639774 -8.773641 13.207808 16.514192 -14.084205 -0.000004 0.000002 0.000000 13.775013 -21.638307 -32.738374 22.329603 -15.568472 -42.496453 121.142120 -8.438889 33.752804 0.000001 -0.000000 0.000000 13.528566 -2.520850 -45.916667 25.045626 7.862457 -77.781566 15.581555 -11.348855 -68.858614 0.000001 0.000003 0.000002 -8.167286 1.048814 -15.036924 27.340250 -10.925925 -2.461617 -16.050521 -0.542018 -3.252265 -0.000000 -0.000000 0.000001 -26.302837 14.186224 -24.039641 4.787516 -4.914135 30.222235 6.281105 -14.489294 -26.406174 -0.000004 -0.000003 -0.000003 
-19.246527 95.369766 -36.837170 -5.517464 18.100006 384.778051 10.283444 -1.580440 7.135575 8.025320 7.587009 -13.137088 -4.454246 -13.689532 -8.746197 13.222842 16.646612 -14.178578 -0.000001 0.000000 -0.000001 13.699111 -21.298348 -32.864688 22.396253 -16.001641 -42.041624 121.220066 -8.610895 33.597864 -0.000001 -0.000002 0.000001 13.446859 -2.631121 -45.941119 25.039272 8.061114 -77.922978 15.647528 -11.398744 -68.889377 0.000001 0.000000 -0.000001 -8.345172 1.129287 -15.025475 27.475659 -11.059051 -2.536373 -16.618653 0.057714 -2.853536 0.000003 -0.000000 0.000002 -26.315670 14.115695 -23.922005 4.907868 -4.746036 30.139005 6.184532 -14.597552 -26.536286 0.000003 -0.000002 -0.000001 
-19.255894 95.369644 -36.878899 -5.877194 18.094817 384.807394 10.146242 -1.576725 7.078696 8.168191 7.545037 -13.128115 -4.533845 -13.612603 -8.678631 13.667069 16.686910 -14.353041 -0.000001 -0.000002 0.000001 13.646359 -21.043222 -32.922680 22.503600 -16.211087 -42.397119 121.359047 -8.808519 33.285264 0.000001 0.000001 0.000004 13.606172 -2.464472 -46.121197 24.943057 7.917083 -77.670288 15.679270 -11.337540 -69.082179 0.000000 0.000000 -0.000001 -7.664470 0.968999 -14.936835 27.092970 -10.900973 -2.509394 -16.586121 -0.015260 -2.931041 -0.000000 -0.000001 -0.000000 -26.130533 14.060653 -23.999719 4.819383 -4.828053 30.125195 6.082444 -14.478748 -26.543876 -0.000000 0.000001 -0.000003 
-19.258558 95.369476 -36.930679 -5.112959 17.661105 384.528831 9.549467 -1.534986 6.760774 8.454491 7.423051 -12.893130 -4.710125 -12.980030 -8.649501 13.607643 16.557309 -14.231772 -0.000001 0.000000 -0.000001 13.801604 -21.647021 -32.762423 22.426159 -15.814557 -42.217604 121.302848 -8.129391 33.815519 0.000003 0.000001 0.000002 13.441316 -2.618480 -45.886355 25.086421 8.135810 -78.076931 15.774119 -10.853075 -68.838642 -0.000001 0.000004 0.000000 -8.749989 1.303115 -14.822696 27.424792 -10.949560 -2.715246 -16.196632 0.084197 -2.760907 -0.000001 -0.000001 -0.000000 -27.120106 14.335141 -23.666093 5.261483 -4.624691 30.020491 5.946872 -14.381651 -26.565611 0.000003 -0.000001 -0.000000 
-19.259649 95.369270 -36.975651 -5.504036 17.496325 384.462660 10.103951 -1.563135 6.967947 8.257472 7.367803 -12.822454 -4.695845 -13.009069 -8.713052 13.740960 16.479305 -14.255879 -0.000001 -0.000003 -0.000000 13.826158 -21.983324 -32.438051 22.256248 -15.397640 -42.595238 120.869951 -7.704158 34.238816 0.000001 -0.000003 0.000002 13.699629 -2.278666 -46.001481 24.924687 7.770841 -77.820778 15.544004 -9.945234 -68.808603 -0.000001 -0.000001 0.000001 -8.290805 1.228107 -14.637360 27.610792 -10.915433 -2.604155 -15.946070 -0.109035 -2.957976 0.000001 0.000000 -0.000000 -27.003703 14.169291 -23.492420 5.704561 -4.458847 30.064382 6.007231 -14.332203 -26.514258 -0.000003 0.000004 -0.000003 
-19.256012 95.377327 -37.022709 -5.290173 17.609445 384.372584 10.388027 -1.576397 7.115005 7.783877 7.431181 -12.885360 -4.350026 -13.129237 -8.680221 13.198122 16.441939 -14.137972 -0.000002 0.000000 0.000001 14.022259 -22.762510 -32.029288 22.128954 -15.266176 -41.919480 119.992818 -7.133307 35.020176 -0.000000 -0.000001 0.000002 13.339506 -2.694407 -45.814754 24.944785 7.856814 -77.752818 15.476143 -10.033941 -69.133495 -0.000001 -0.000001 -0.000001 -8.497249 1.259337 -14.781151 27.247093 -10.878545 -2.563187 -15.992989 0.399232 -2.456779 0.000002 0.000001 0.000001 -27.006491 14.227879 -23.587445 5.352209 -4.598079 30.082598 6.641402 -14.470261 -25.953607 0.000003 -0.000001 -0.000004 
-19.251303 95.384911 -37.077152 -5.462485 17.544517 384.410478 10.346614 -1.566212 7.013617 8.395082 7.318639 -12.608887 -4.876753 -13.018258 -8.943474 13.114963 16.475851 -14.179235 -0.000003 -0.000002 -0.000000 13.827870 -22.336291 -32.509211 22.153034 -15.378434 -42.105869 120.992812 -7.779389 34.418573 0.000004 0.000003 0.000002 13.223648 -2.700443 -45.745349 24.979617 8.249378 -77.934876 15.251821 -9.923825 -68.997601 -0.000001 -0.000000 0.000001 -8.091570 1.071014 -14.750355 26.819356 -10.699216 -2.677289 -16.154473 0.313232 -2.527351 0.000001 0.000001 0.000000 -26.662637 14.202756 -23.748527 5.441544 -4.602399 30.261071 6.413952 -14.255568 -25.736571 0.000001 0.000001 -0.000003 
-19.244196 95.389778 -37.125267 -5.489674 17.528384 384.293818 10.648922 -1.587144 7.131698 7.970285 7.387451 -12.697807 -4.749076 -12.955734 -8.815477 13.044110 16.447575 -14.134761 -0.000003 0.000000 0.000000 13.685988 -21.829027 -32.780045 22.282854 -15.870713 -42.196414 120.072485 -7.946208 34.439945 0.000001 -0.000001 0.000004 13.267741 -2.545593 -45.790620 24.951313 8.490240 -77.937656 14.815730 -9.501813 -69.071640 -0.000001 -0.000002 -0.000002 -7.978694 0.927366 -14.757595 26.723457 -10.777853 -2.523473 -16.064572 0.386019 -2.460829 0.000003 0.000000 0.000001 -26.614768 14.222406 -23.668883 5.293251 -4.596467 30.280189 6.332413 -14.212776 -25.599237 0.000002 0.000003 -0.000003 
-19.228151 95.394638 -37.179890 -5.400245 17.558031 384.378239 10.300460 -1.571707 6.966120 8.022804 7.452230 -12.815706 -4.612974 -12.823696 -8.658894 13.142089 16.333574 -13.940122 0.000001 0.000000 -0.000000 13.666142 -21.375200 -32.969992 22.488449 -16.137522 -42.158001 120.703267 -8.327398 33.898796 0.000001 0.000004 0.000003 13.364186 -2.567941 -45.821359 25.106548 8.929111 -78.055955 14.974995 -9.791000 -68.896323 0.000001 -0.000001 -0.000002 -7.885891 0.900148 -14.928131 26.937090 -10.795525 -2.381017 -15.707683 -0.118567 -2.762844 -0.000000 -0.000001 0.000001 -26.649119 14.302884 -23.821760 5.288170 -4.642801 30.236390 6.577788 -14.133668 -25.328804 0.000001 0.000004 -0.000003 
-19.202620 95.392685 -37.227741 -5.255385 17.271814 384.299829 9.958580 -1.553938 6.831498 8.085372 7.513695 -12.927650 -4.538481 -12.480894 -8.426921 13.364039 16.276691 -13.803895 -0.000003 0.000000 0.000001 13.607471 -21.053295 -32.807335 22.702960 -16.626484 -42.313367 121.095552 -8.772015 33.393037 -0.000000 0.000002 0.000001 13.275856 -2.715997 -45.883298 25.094757 8.555667 -77.917903 15.482548 -11.207744 -69.178246 0.000001 0.000002 -0.000003 -8.253533 0.971648 -14.934157 27.312062 -10.982474 -2.441481 -15.787094 0.140163 -2.590803 0.000003 0.000000 -0.000001 -27.147490 14.516654 -23.722174 5.713351 -4.362505 30.356284 6.315690 -14.135351 -25.552267 -0.000001 -0.000001 -0.000000 
-19.174873 95.397797 -37.268410 -5.088915 17.220515 384.273273 9.701563 -1.538629 6.702397 8.733929 7.364222 -12.647897 -5.069436 -12.421827 -8.702538 13.187810 16.267549 -13.818992 -0.000002 0.000000 -0.000000 13.741621 -21.643585 -32.464558 22.675511 -16.502919 -41.802059 120.262365 -8.267044 33.840743 0.000002 -0.000001 0.000005 13.291430 -2.657069 -45.845626 25.136452 8.614406 -78.088112 15.467342 -10.952944 -68.993366 0.000002 0.000004 -0.000003 -8.438314 1.028641 -14.893431 27.192346 -10.919344 -2.626402 -15.988149 0.363389 -2.447197 -0.000000 0.000000 -0.000000 -27.269978 14.501721 -23.602033 5.982389 -4.207592 30.178248 6.356959 -14.218923 -25.615141 -0.000006 0.000001 -0.000003 
-19.142868 95.402092 -37.315178 -5.447684 17.235424 384.282179 9.849733 -1.558093 6.868687 8.281242 7.368925 -12.681877 -4.566958 -12.391292 -8.627580 13.092588 16.257385 -13.751208 -0.000002 0.000002 -0.000001 13.778234 -21.721716 -32.416238 22.526172 -16.191756 -42.078070 121.347272 -8.632498 33.491549 0.000003 0.000002 0.000002 13.046623 -2.927251 -45.740407 25.148478 8.636805 -78.347044 15.225810 -10.222805 -68.954366 0.000007 0.000000 0.000005 -7.639585 0.885147 -14.739856 27.038958 -10.818358 -2.587273 -15.775756 -0.034481 -2.744104 0.000001 -0.000001 -0.000000 -26.880708 14.319198 -23.737846 5.674319 -4.388097 30.131940 7.030624 -14.169130 -24.898512 0.000001 0.000001 -0.000002 
-19.112099 95.406677 -37.355247 -5.471366 16.934132 384.150002 10.239642 -1.548985 6.868431 8.011320 7.343940 -12.613623 -4.582302 -12.271954 -8.573902 13.181428 16.241372 -13.789097 -0.000000 0.000000 0.000000 13.682936 -21.677029 -32.350778 22.446916 -15.986539 -42.095948 120.401263 -8.086094 34.169510 0.000003 -0.000000 0.000002 13.180769 -2.719890 -45.813600 25.170085 8.412115 -78.261824 15.156207 -10.016499 -68.833362 0.000006 0.000003 0.000000 -7.897582 0.905393 -14.573250 27.348557 -10.987649 -2.855071 -15.631527 0.212285 -2.501895 0.000002 0.000000 -0.000000 -27.080477 14.331897 -23.419259 6.200425 -4.033327 30.106036 6.307345 -13.811804 -25.060425 -0.000000 0.000003 -0.000001 
-19.073797 95.408936 -37.400532 -5.113087 17.066184 384.066236 9.931770 -1.556838 6.929428 8.031607 7.353154 -12.648098 -4.615386 -12.428094 -8.560550 13.103396 16.370019 -13.836619 0.000001 0.000000 -0.000001 13.658557 -21.429479 -32.228565 22.542553 -16.271384 -41.831244 120.368724 -8.008194 34.186517 0.000003 -0.000000 0.000002 13.437176 -2.489572 -45.918085 25.108417 8.675703 -78.395723 14.852511 -9.244128 -68.472264 -0.000001 -0.000003 -0.000006 -8.309771 1.042925 -14.645678 27.727749 -11.125592 -2.807234 -15.197263 0.048256 -2.609565 0.000001 -0.000002 -0.000002 -27.328162 14.443080 -23.535008 6.031860 -4.113273 30.227593 6.252744 -13.843195 -24.983099 -0.000005 0.000001 -0.000003 
-19.035549 95.419701 -37.448826 -4.901161 16.913601 383.991951 9.571726 -1.524267 6.646535 8.490572 7.286309 -12.529243 -4.931086 -12.195290 -8.558681 13.093910 16.148770 -13.676302 -0.000000 -0.000003 0.000001 13.485518 -21.200328 -32.603939 22.341288 -16.307475 -42.089347 120.337374 -8.452545 33.910738 -0.000002 -0.000000 0.000002 13.396626 -2.343477 -45.799765 24.893319 8.356235 -78.038176 15.028325 -9.881353 -68.846299 0.000001 -0.000000 -0.000001 -8.618284 1.109747 -14.434503 27.283676 -10.999380 -3.385170 -15.835633 0.395771 -2.395026 0.000001 -0.000000 -0.000000 -27.364762 14.420297 -23.409652 6.084517 -4.134472 30.028001 5.589700 -13.366678 -25.119004 0.000003 0.000003 -0.000001 
-18.992847 95.429993 -37.494396 -4.981711 16.358972 384.078066 9.848590 -1.530667 6.457232 7.774846 7.555503 -13.045013 -4.220937 -11.664785 -7.994707 13.232703 15.997702 -13.422400 0.000001 -0.000002 0.000001 13.610528 -20.995102 -32.891097 22.534338 -16.301973 -41.716903 120.935521 -8.275504 33.791780 0.000002 0.000001 -0.000000 13.327939 -2.651118 -45.662065 25.159970 8.176044 -78.056276 15.926543 -11.668352 -68.831395 0.000003 0.000000 -0.000001 -8.791376 1.206059 -14.627087 27.272894 -10.945283 -3.513793 -16.176398 0.551676 -2.247459 0.000002 0.000000 -0.000000 -27.554240 14.415958 -23.284726 6.737904 -3.800087 29.765732 5.874521 -13.215076 -24.445220 -0.000002 0.000001 -0.000003 
-18.953115 95.437042 -37.539894 -5.289205 16.312935 384.012469 10.151404 -1.551152 6.567021 8.061724 7.440490 -12.866100 -4.560143 -11.745396 -8.210355 13.107008 15.972848 -13.456730 -0.000000 0.000002 -0.000002 13.642356 -21.295857 -32.559508 22.370345 -16.065401 -42.130178 120.649254 -8.109706 34.072467 0.000001 0.000000 -0.000001 13.110008 -2.777058 -45.545067 24.945231 7.526717 -77.797262 15.665362 -11.352790 -69.307405 0.000003 -0.000002 -0.000004 -8.390105 1.113458 -14.518527 27.397449 -11.014729 -3.522077 -16.030642 0.218243 -2.551700 0.000002 0.000001 0.000000 -27.465362 14.354853 -23.243906 6.804407 -3.787477 29.897630 6.024659 -13.360266 -24.554153 0.000002 -0.000002 -0.000001 
-18.905378 95.451691 -37.584442 -4.823830 16.082985 384.036730 10.512476 -1.549229 6.568504 7.510610 7.565772 -13.120769 -4.348274 -12.335491 -7.999158 12.829864 16.266468 -13.970362 0.000000 0.000000 -0.000001 13.441881 -20.691512 -32.611776 22.220996 -15.875065 -42.246031 121.096604 -8.170528 34.119623 -0.000000 0.000002 0.000001 13.164143 -2.653761 -45.601085 24.864218 7.363243 -77.817199 15.892050 -12.199076 -69.368310 0.000002 0.000001 -0.000001 -8.373153 1.120535 -14.706408 27.080640 -10.849850 -3.495641 -15.424826 0.219003 -2.439800 -0.000000 -0.000000 -0.000000 -27.617335 14.465743 -23.358094 6.929280 -3.733800 29.899577 5.805870 -13.207836 -24.707417 -0.000006 0.000000 -0.000000 
-18.854433 95.450577 -37.627174 -4.450137 15.962944 383.782210 9.994577 -1.533328 6.612538 7.865360 7.442545 -12.824092 -4.688674 -12.263023 -8.210083 12.651857 16.325154 -14.097809 0.000001 0.000002 -0.000002 13.365551 -20.731844 -32.496565 22.270617 -15.870527 -42.203841 120.444799 -7.761433 34.575066 0.000003 0.000001 0.000002 12.849857 -3.031274 -45.587749 25.047455 8.332778 -78.427429 15.964981 -12.380121 -69.022600 0.000002 0.000002 -0.000003 -8.908891 1.221728 -14.746303 26.993317 -10.706051 -3.356052 -15.312311 0.300117 -2.346793 -0.000002 0.000000 -0.000001 -27.930349 14.576486 -23.211525 6.654705 -3.905295 29.899877 6.093040 -13.377065 -24.615122 -0.000006 0.000001 0.000001 
-18.807615 95.448700 -37.677311 -4.325225 15.623443 383.635005 10.156461 -1.544154 6.670443 7.636558 7.468645 -12.868210 -4.728233 -11.973528 -8.175636 12.598160 16.333759 -14.225115 -0.000002 0.000002 -0.000000 13.285500 -20.724274 -32.407267 22.259441 -15.907123 -42.426891 119.695595 -7.522858 34.847933 -0.000002 -0.000001 0.000001 12.899800 -2.885176 -45.614807 24.931179 8.229954 -78.416350 15.556878 -11.528809 -69.000497 0.000004 0.000001 0.000001 -8.368648 1.042270 -14.618801 26.554657 -10.426669 -3.427877 -14.889075 0.053347 -2.476501 0.000002 0.000000 -0.000000 -28.098268 14.591400 -23.048654 6.675939 -3.961896 29.726783 6.039062 -13.259470 -24.387826 0.000002 0.000001 -0.000002 
-18.750002 95.451477 -37.723415 -4.186621 15.680834 383.562715 9.853899 -1.548867 6.718539 7.700973 7.441477 -12.849433 -4.519109 -11.976539 -8.106464 12.499032 16.336923 -14.164365 -0.000000 -0.000003 -0.000000 13.257080 -20.794552 -32.409958 22.268070 -16.175211 -42.118980 119.816708 -7.469457 34.966908 0.000001 0.000000 0.000001 12.521328 -3.295056 -45.520581 24.851531 8.203189 -78.571245 15.592041 -11.647583 -69.053376 0.000003 0.000003 -0.000005 -8.949519 1.205018 -14.739292 26.697329 -10.452019 -3.432421 -15.274550 0.396844 -2.212747 0.000002 -0.000001 -0.000000 -28.251329 14.683527 -23.114982 6.587561 -3.992721 29.843323 5.632497 -13.177968 -24.623720 -0.000003 -0.000001 -0.000000 
-18.693565 95.454529 -37.775158 -4.042813 15.587585 383.741884 9.412983 -1.481841 6.401123 7.737318 7.455467 -12.956637 -4.502773 -11.948459 -7.953304 12.747552 16.389336 -14.181780 -0.000000 -0.000002 0.000000 13.142273 -20.922927 -32.556513 22.034670 -15.858038 -42.380299 120.471232 -8.014667 34.416251 0.000001 -0.000002 0.000001 12.603783 -2.944756 -45.410537 24.872245 8.517780 -78.856904 15.608372 -11.334324 -68.773093 0.000005 -0.000001 0.000001 -9.006246 1.293463 -14.861151 26.174963 -10.457367 -3.776752 -15.467349 0.687957 -2.045952 0.000001 0.000001 -0.000001 -28.330515 14.737559 -23.272982 6.531099 -3.848552 29.685915 5.681847 -13.214283 -24.543298 -0.000003 -0.000004 -0.000002 
-18.636662 95.449265 -37.821545 -4.698738 15.670296 383.739699 9.685077 -1.501223 6.639267 7.654355 7.528358 -13.047801 -4.407481 -11.552737 -7.891812 12.923300 16.117592 -13.730056 0.000001 -0.000002 0.000000 13.288281 -21.283021 -32.662559 22.237100 -15.859713 -42.469594 120.299821 -8.009878 34.265638 0.000002 0.000002 -0.000000 12.535286 -3.147023 -45.299228 25.117785 8.728849 -78.877313 16.281240 -12.589121 -68.822468 0.000002 -0.000000 -0.000001 -8.362365 1.122662 -14.799087 26.017227 -10.412305 -3.658736 -15.622430 0.552076 -2.271853 0.000003 0.000001 0.000000 -27.854461 14.556057 -23.293655 6.460263 -3.867556 29.719181 5.734264 -13.245135 -24.633467 -0.000001 0.000002 -0.000002 
-18.575863 95.442398 -37.864334 -4.600725 15.407069 383.805705 9.823765 -1.479766 6.506431 7.560971 7.502600 -13.075954 -4.488787 -11.937058 -7.835654 12.955820 16.337953 -14.095458 -0.000003 -0.000002 -0.000000 12.962888 -20.717490 -32.704151 21.961150 -16.156787 -42.688747 120.834065 -8.717884 33.803125 0.000001 -0.000004 0.000001 12.507331 -2.942354 -45.445664 24.792227 8.582655 -78.904777 15.784851 -11.948910 -68.906022 0.000001 -0.000001 0.000001 -8.473082 1.198802 -14.861609 26.167367 -10.454338 -3.805206 -15.667264 0.705777 -2.131831 -0.000000 -0.000001 0.000000 -28.291665 14.692850 -23.299397 6.843501 -3.680511 29.786745 5.463990 -13.146103 -24.699298 -0.000003 0.000006 -0.000003 
-18.522297 95.436256 -37.911453 -4.744291 15.472791 383.779915 9.867257 -1.479640 6.524955 7.355508 7.473467 -13.029524 -4.369873 -11.784983 -7.889231 13.078964 16.176294 -13.866655 -0.000003 -0.000002 0.000001 13.145303 -21.023599 -32.586150 22.060398 -16.154608 -42.311625 121.307670 -8.816901 33.597639 0.000000 -0.000004 0.000001 12.726397 -2.773238 -45.338468 24.876630 8.199315 -78.726987 16.096437 -12.375969 -68.703876 0.000001 0.000001 -0.000001 -8.525506 1.262677 -14.744657 26.438879 -10.640306 -3.911580 -15.078734 0.561804 -2.216434 0.000002 -0.000000 -0.000000 -27.973598 14.534567 -23.342952 6.684087 -3.704109 29.812379 5.726702 -13.308851 -24.640544 -0.000001 -0.000001 0.000003 
-18.466553 95.427414 -37.957626 -4.663064 15.559046 383.686314 9.711719 -1.480642 6.688397 7.661258 7.370288 -12.849795 -4.587538 -11.913501 -8.142874 12.893438 16.153787 -13.943386 -0.000000 0.000000 0.000001 13.040304 -20.953082 -32.682356 21.883173 -15.744500 -42.699115 121.641489 -8.859908 33.528914 -0.000000 -0.000004 -0.000001 12.521831 -2.926161 -45.356752 24.835941 8.540396 -78.879129 16.073315 -12.076393 -68.655982 -0.000001 -0.000001 0.000001 -8.407530 1.278914 -14.789987 26.468457 -10.581344 -3.642406 -15.227999 0.429335 -2.419348 0.000001 0.000000 -0.000000 -27.888231 14.482870 -23.390804 6.423845 -3.876124 29.842599 6.012630 -13.443567 -24.532602 -0.000005 0.000000 -0.000003 
-18.418747 95.416679 -38.005920 -4.625593 15.887676 383.800760 9.655885 -1.486313 6.632495 7.669576 7.489004 -12.975719 -4.358324 -11.821528 -7.950063 12.630549 16.035928 -13.705415 -0.000002 0.000000 -0.000000 13.181877 -20.990211 -32.490950 22.137212 -15.985767 -42.293699 121.290404 -8.603672 33.775456 -0.000001 0.000001 -0.000000 12.689718 -3.014097 -45.417066 25.006496 8.418675 -78.525114 16.254795 -12.512424 -68.515226 -0.000001 -0.000000 -0.000004 -8.563285 1.257703 -15.038644 26.600284 -10.501982 -3.420448 -15.237560 0.451096 -2.333879 -0.000000 -0.000000 -0.000000 -27.909440 14.656102 -23.653311 6.461791 -3.962533 30.073241 6.172878 -13.572811 -24.657804 0.000001 -0.000001 -0.000002 
-18.366085 95.410355 -38.045364 -5.084824 15.912334 383.796799 10.696334 -1.549463 6.943625 6.752398 7.602622 -13.137199 -3.909395 -12.259445 -7.815564 12.343347 16.331769 -14.081304 -0.000001 0.000000 0.000000 13.257033 -20.770909 -32.669505 22.153913 -16.056322 -41.778997 120.578001 -8.321405 34.080260 0.000000 0.000002 0.000002 12.991108 -2.726759 -45.374576 25.067732 8.522859 -78.749452 16.494927 -13.570922 -68.383567 0.000001 -0.000001 0.000001 -8.313567 1.109029 -14.917102 26.981120 -10.673894 -3.518554 -14.013325 0.097110 -2.382994 0.000001 0.000001 0.000000 -27.535648 14.587819 -23.772870 6.550769 -3.983800 30.304446 6.021407 -13.421919 -24.724382 -0.000002 0.000003 -0.000001 
-18.315224 95.398918 -38.084332 -5.219787 15.754967 383.762074 10.201349 -1.529274 6.832447 8.009097 7.412441 -12.793704 -4.862257 -12.124601 -8.237770 12.631489 16.243047 -14.065126 -0.000002 0.000000 -0.000001 13.278482 -20.669510 -32.795403 22.284961 -16.244058 -41.631516 120.353151 -8.338461 33.915192 -0.000001 -0.000002 0.000002 13.551024 -2.157617 -45.467210 25.012561 8.185143 -78.272807 16.166062 -12.321639 -68.463535 0.000000 0.000004 0.000000 -8.429714 1.148320 -15.016079 27.281603 -10.645044 -3.246138 -15.037175 0.352262 -2.220991 0.000001 -0.000000 0.000001 -27.489384 14.520251 -23.683701 6.967972 -3.871457 30.326248 5.864894 -13.203042 -24.586736 -0.000003 0.000001 -0.000002 
-18.270643 95.392982 -38.128960 -5.039246 15.780790 383.841632 10.080800 -1.529760 6.763878 8.026775 7.473304 -12.959657 -4.798257 -11.992792 -8.092347 12.990973 16.002524 -13.773104 0.000000 0.000000 0.000001 13.218556 -20.457714 -32.868807 22.273923 -16.038182 -42.160958 121.271047 -8.517844 33.647356 0.000003 0.000001 0.000001 13.490458 -2.197279 -45.383755 25.074816 8.343722 -78.429758 15.623221 -10.414097 -68.071632 0.000001 0.000003 -0.000001 -8.698189 1.271668 -14.999072 27.520820 -10.697964 -3.442782 -14.760049 0.024288 -2.452656 -0.000001 0.000002 -0.000001 -27.614585 14.611766 -23.855682 7.132858 -3.836482 30.358507 5.896805 -12.999644 -24.109914 -0.000006 0.000001 -0.000003 
-18.221857 95.382965 -38.173542 -4.525014 15.799858 383.784805 9.878279 -1.539320 6.690744 7.736057 7.516577 -12.987210 -4.525574 -12.182774 -8.016493 12.488311 16.198063 -13.853625 -0.000001 -0.000002 0.000001 13.246948 -20.109725 -32.817010 22.388370 -15.928872 -42.052197 120.900741 -7.978527 34.218742 0.000003 0.000000 0.000001 13.290232 -2.493312 -45.238535 25.283738 8.045405 -78.553446 16.091811 -11.943468 -68.137878 0.000003 0.000002 0.000004 -8.745593 1.225731 -15.152380 27.139531 -10.616193 -3.351895 -13.956237 -0.557957 -2.780863 0.000001 -0.000001 -0.000000 -27.841475 14.777340 -23.892398 6.950013 -3.883112 30.315474 6.236653 -13.187652 -24.045869 -0.000005 -0.000001 -0.000000 
-18.175097 95.364731 -38.215881 -4.340211 15.557931 383.619515 9.777078 -1.538840 6.720040 7.482788 7.521312 -12.983744 -4.291077 -12.017942 -7.972437 11.944905 16.377679 -13.985075 -0.000002 0.000000 0.000000 13.289198 -20.451132 -32.438402 22.299690 -15.801982 -42.255160 120.056967 -7.781206 34.553541 -0.000000 -0.000000 0.000000 12.972833 -2.799588 -45.268103 25.289721 8.777308 -78.908711 16.211966 -12.723074 -68.080880 -0.000002 -0.000000 -0.000007 -8.456333 1.124062 -15.078402 26.645582 -10.471462 -3.367477 -14.178782 -0.354658 -2.678984 0.000001 -0.000000 0.000001 -27.956321 14.752975 -23.680783 7.161040 -3.723116 30.269961 6.277890 -13.200304 -23.958395 -0.000001 0.000003 -0.000003 
-18.132090 95.351807 -38.259502 -4.449799 15.519843 383.588533 9.972837 -1.540352 6.722749 7.377833 7.495461 -12.889526 -4.209724 -11.927202 -8.014763 11.940020 16.284920 -13.934441 -0.000002 -0.000003 0.000000 13.368083 -20.824772 -32.544625 22.212178 -15.516766 -41.955981 119.542886 -7.340048 34.978273 0.000000 0.000001 0.000001 12.950466 -2.750878 -45.084866 25.291521 8.407207 -78.828511 15.912358 -11.801439 -68.024518 0.000001 -0.000001 -0.000004 -8.339227 1.060588 -15.020957 26.983002 -10.629270 -3.284824 -13.866751 -0.582398 -2.796998 0.000001 -0.000000 -0.000001 -27.663441 14.664240 -23.728589 6.956531 -3.842868 30.364006 5.997545 -13.056749 -23.986719 -0.000003 0.000001 0.000003 
-18.086035 95.339157 -38.300446 -3.929183 15.544394 383.437066 9.387645 -1.515702 6.617644 7.474338 7.376960 -12.647394 -4.092427 -11.907829 -8.085201 11.651919 16.432066 -14.065497 -0.000002 -0.000002 0.000001 13.394182 -21.089713 -32.160250 22.235964 -15.351514 -42.034518 119.504705 -7.067756 35.222223 -0.000001 0.000001 0.000002 12.866208 -2.887381 -45.035033 25.448264 8.291243 -78.981091 16.562473 -13.024583 -67.943990 0.000001 -0.000000 0.000001 -8.447287 1.127528 -14.921537 26.819511 -10.589952 -3.358865 -13.829186 -0.328745 -2.587037 0.000001 -0.000000 -0.000000 -28.167430 14.876453 -23.727495 7.066813 -3.788670 30.551846 6.376834 -13.269380 -23.893632 0.000001 -0.000002 0.000003 
-18.044840 95.327477 -38.344868 -3.635227 15.291243 383.333931 9.772363 -1.512013 6.575678 7.135753 7.398986 -12.660494 -4.092909 -11.599764 -7.982363 11.470907 16.283753 -13.958625 -0.000001 0.000000 0.000001 13.489140 -21.584494 -31.858068 22.213264 -15.318393 -41.790953 118.048892 -6.460465 35.957889 -0.000001 -0.000002 0.000001 12.588995 -3.161224 -44.951637 25.489921 8.259746 -79.126307 16.593058 -13.149154 -67.867765 0.000001 -0.000000 -0.000001 -8.442716 1.102298 -14.750084 26.288162 -10.443939 -3.724071 -13.936349 -0.138825 -2.435038 -0.000000 0.000000 -0.000001 -28.405305 14.933181 -23.553159 7.096641 -3.736957 30.420717 6.223923 -13.149046 -23.868335 -0.000002 0.000003 -0.000002 
-18.005798 95.322395 -38.387493 -3.905285 15.173354 383.268279 10.224654 -1.531432 6.771354 6.909328 7.412503 -12.756107 -3.989694 -11.655714 -7.869280 11.652670 16.313717 -14.147682 -0.000000 -0.000002 0.000001 13.331259 -21.453235 -32.033082 22.002696 -15.462693 -41.943946 118.967689 -7.143521 35.418199 0.000003 0.000002 0.000003 12.681167 -2.859732 -44.994308 25.239928 8.266434 -79.154127 15.671563 -11.377824 -67.789272 0.000001 -0.000001 0.000001 -8.672132 1.169086 -14.640731 26.727978 -10.659055 -3.826158 -13.593874 -0.233067 -2.526291 0.000003 -0.000000 -0.000001 -28.173315 14.803520 -23.524247 6.985141 -3.791922 30.458822 6.136913 -13.097974 -23.823509 -0.000004 0.000003 0.000001 
-17.963572 95.318939 -38.420040 -3.563132 15.453503 383.268470 10.025226 -1.535785 6.778618 6.621989 7.462707 -12.861374 -3.674379 -11.831645 -7.734031 11.508570 16.247475 -14.158617 -0.000000 0.000002 -0.000000 13.156940 -20.871793 -32.372546 22.040300 -15.847127 -41.730605 119.415681 -7.405411 35.121000 0.000001 -0.000001 0.000001 12.495268 -3.037757 -45.054404 25.083412 8.334448 -79.145029 15.818482 -12.022954 -67.917974 0.000003 0.000000 0.000001 -9.054608 1.251718 -14.923371 26.857118 -10.566228 -3.379595 -13.715887 -0.433039 -2.754935 -0.000001 -0.000000 -0.000001 -28.141037 14.878071 -23.726716 6.571318 -4.130238 30.579437 6.273198 -13.203288 -23.913435 -0.000003 0.000001 0.000001 
-17.925602 95.305687 -38.455227 -3.209739 14.855183 383.176536 9.896525 -1.502230 6.619721 6.835121 7.493453 -12.958152 -4.059270 -11.939959 -7.707139 11.586397 16.629489 -14.598049 0.000000 0.000000 -0.000001 13.053523 -20.523257 -32.289603 22.047133 -15.960398 -41.704572 118.725654 -7.290354 35.280215 0.000001 0.000003 0.000004 12.868803 -2.603697 -45.236876 25.039086 8.267433 -79.078708 15.622470 -11.405883 -67.867430 -0.000002 0.000000 0.000005 -9.445254 1.366222 -14.754424 26.959085 -10.800669 -3.868950 -13.017127 -0.416809 -2.598396 0.000001 -0.000000 0.000001 -28.848171 15.050180 -23.376261 7.430420 -3.531928 30.612963 6.333931 -13.040855 -23.498772 0.000003 0.000001 -0.000002 
-17.893650 95.290291 -38.493050 -3.807927 15.234305 383.305626 10.281700 -1.539326 6.848934 7.007950 7.468832 -12.992701 -4.254442 -11.960135 -7.872740 11.527630 16.445226 -14.230369 -0.000002 0.000002 -0.000001 13.168680 -20.565633 -32.442623 22.114636 -16.202522 -41.649449 118.514847 -7.124619 35.478741 0.000003 0.000000 0.000003 12.794949 -2.748523 -45.271071 25.017545 8.659428 -78.979649 15.934865 -12.185325 -67.974944 -0.000001 -0.000000 -0.000001 -8.938698 1.319303 -14.882340 26.974691 -10.842108 -3.653069 -13.463450 -0.394205 -2.753933 0.000003 0.000001 -0.000002 -28.082166 14.776132 -23.714041 6.725827 -3.955278 30.709050 6.268320 -13.150224 -23.903277 -0.000004 0.000003 0.000001 
-17.859493 95.263870 -38.533936 -3.432319 15.179877 383.289862 9.650604 -1.508449 6.563980 6.996312 7.503980 -13.067296 -4.153961 -11.650320 -7.742353 11.385029 16.571414 -14.183287 0.000000 -0.000002 -0.000001 13.174267 -20.425778 -32.662105 22.094011 -15.968689 -41.745406 119.305073 -7.303459 35.248188 0.000005 0.000004 0.000003 12.334887 -3.344843 -45.151666 25.058769 8.683471 -78.985701 15.997461 -12.269499 -67.998071 0.000001 0.000004 -0.000005 -9.122246 1.394030 -15.009412 26.500349 -10.865502 -3.725497 -13.383193 -0.038072 -2.460007 -0.000001 -0.000000 -0.000001 -28.415750 14.957274 -23.778586 6.664391 -3.835046 30.889694 6.086636 -13.196782 -24.008793 -0.000001 0.000003 -0.000001 
-17.827053 95.241402 -38.575680 -3.361028 15.048829 383.235794 9.443505 -1.504980 6.490914 7.930685 7.418464 -12.916805 -4.727191 -11.246554 -7.814559 11.166957 16.535248 -14.039501 -0.000000 0.000000 0.000001 13.314562 -20.987088 -32.513388 22.004158 -15.953973 -41.480494 119.186938 -7.287992 35.406075 0.000002 -0.000000 0.000000 12.346341 -3.316984 -45.149886 25.031897 8.599722 -78.995714 15.648288 -11.663469 -67.944051 0.000000 -0.000000 0.000001 -9.124801 1.374553 -15.010406 26.459915 -10.869145 -3.725447 -13.452098 0.249606 -2.189377 -0.000000 0.000000 -0.000000 -28.517010 14.975991 -23.692487 6.968274 -3.648483 30.945217 5.879817 -13.102900 -23.978795 -0.000001 -0.000003 -0.000003 
-17.792339 95.216553 -38.609150 -3.051657 14.904622 383.291447 9.259699 -1.492371 6.387995 7.799031 7.522163 -13.114739 -4.568436 -11.262108 -7.696723 11.076835 16.519506 -14.043695 -0.000001 -0.000002 0.000002 13.327716 -20.861723 -32.331018 22.035124 -15.813826 -41.296205 119.232181 -7.052630 35.483355 0.000002 0.000001 -0.000001 12.489698 -3.209184 -45.235633 25.012785 8.343996 -78.843551 15.928742 -12.214343 -67.957937 0.000001 0.000001 0.000003 -9.239977 1.375776 -15.200999 26.522579 -10.899870 -3.651032 -13.438326 -0.055453 -2.458579 0.000002 -0.000001 -0.000001 -28.883845 15.181863 -23.747154 7.362566 -3.473128 31.063758 5.919506 -13.039543 -23.795916 -0.000003 0.000002 -0.000002 
-17.765110 95.196198 -38.641346 -3.635198 14.789593 383.405812 9.549054 -1.497093 6.445253 7.486471 7.554128 -13.178953 -4.414609 -11.563704 -7.798847 11.722384 16.475518 -14.163078 0.000001 -0.000002 -0.000000 13.465146 -20.995472 -32.476737 21.967864 -15.082615 -41.391472 119.694912 -6.812458 35.483803 0.000001 0.000002 0.000002 12.628540 -3.080001 -45.138866 25.220933 8.140488 -78.899729 16.516540 -13.289379 -67.872491 0.000003 0.000003 -0.000001 -8.703937 1.254697 -15.164574 26.390519 -10.798276 -3.701203 -14.053574 0.160185 -2.330267 -0.000001 -0.000001 -0.000000 -28.424300 14.966000 -23.811242 7.686315 -3.441131 31.085195 6.026391 -12.898496 -23.573223 -0.000005 0.000003 0.000001 
-17.732731 95.172791 -38.666660 -3.854313 14.789977 383.373382 9.989971 -1.530704 6.630509 6.960361 7.678527 -13.379416 -4.114224 -11.602752 -7.649803 11.916219 16.373309 -14.124343 -0.000001 0.000002 0.000001 13.575494 -20.943344 -32.313867 22.218667 -15.161555 -41.341335 120.410498 -6.660747 35.328972 0.000005 -0.000000 0.000004 12.709115 -3.167651 -45.141728 25.442547 7.599297 -78.838947 16.911221 -13.610396 -67.613088 0.000000 -0.000000 -0.000004 -8.099074 1.104689 -15.110871 25.802593 -10.449396 -3.679798 -14.798226 0.597259 -2.047158 0.000001 -0.000000 -0.000000 -28.332379 14.902231 -23.716167 8.058538 -3.375977 31.105945 5.396281 -12.558385 -23.864855 -0.000001 0.000001 0.000001 
-17.711903 95.161377 -38.692516 -3.423158 14.930011 383.397588 9.385618 -1.482191 6.306560 7.611571 7.582091 -13.223729 -4.523655 -11.575554 -7.717889 11.667225 16.378896 -14.057990 0.000001 -0.000003 0.000001 13.539192 -21.246198 -31.847581 22.007228 -15.034858 -41.899369 120.732090 -7.169869 35.043006 0.000001 0.000000 0.000004 12.578438 -3.177190 -45.068829 25.300149 7.573467 -78.943299 16.427414 -13.074381 -67.451424 0.000003 -0.000002 0.000001 -7.925258 1.015778 -15.158823 25.371950 -10.386387 -3.704660 -15.231824 0.400652 -2.313762 -0.000002 0.000000 0.000001 -28.279527 14.952664 -23.779831 7.741534 -3.396006 31.030605 5.520433 -12.767196 -23.884437 -0.000003 0.000001 -0.000002 
-17.692451 95.156830 -38.710304 -3.641426 15.140841 383.179596 9.653187 -1.512225 6.597344 7.786613 7.475715 -13.085284 -4.776608 -11.703844 -7.950163 11.428265 16.252462 -13.778754 -0.000001 0.000000 -0.000001 13.601477 -22.365699 -31.297327 21.457091 -14.463120 -42.231415 120.463473 -7.295297 35.344217 -0.000001 0.000001 0.000001 12.383397 -3.057751 -45.022186 24.877024 7.139073 -78.800507 15.341433 -11.217137 -67.705473 0.000000 0.000003 -0.000003 -7.850442 1.012992 -15.050018 25.912734 -10.644287 -3.224914 -15.645021 0.247123 -2.604977 0.000003 -0.000000 -0.000000 -28.083984 14.776745 -23.633037 7.242170 -3.573176 31.040153 5.393870 -12.880174 -23.959971 0.000003 0.000003 -0.000003 
-17.677364 95.161331 -38.729141 -3.739143 15.397881 383.028403 9.831880 -1.530308 6.751254 7.851811 7.419405 -12.976876 -4.893642 -11.660290 -8.049505 11.246875 16.067561 -13.432966 -0.000000 0.000002 0.000000 13.606136 -22.205307 -31.588266 21.468236 -14.907441 -41.575973 119.511781 -7.407569 35.378467 0.000002 0.000001 0.000002 12.052875 -3.498938 -45.012859 24.864631 7.339584 -78.809489 15.718938 -12.627808 -67.809729 -0.000001 -0.000001 -0.000001 -7.894310 1.046765 -14.793116 26.352393 -10.900931 -3.275618 -15.832080 0.065228 -2.845565 0.000002 0.000000 -0.000000 -28.042925 14.717574 -23.557860 6.782106 -3.768892 31.059384 5.685759 -13.121721 -24.138061 0.000004 0.000000 -0.000003 
-17.670025 95.185188 -38.756325 -4.032375 16.069987 383.162766 9.105235 -1.485766 6.548551 7.754981 7.401458 -12.927883 -4.414026 -11.947783 -7.989159 11.134396 15.925617 -13.344953 0.000002 0.000000 0.000001 13.806440 -22.587267 -31.504753 21.526373 -14.600224 -41.559389 119.943190 -7.270562 35.245723 0.000002 -0.000000 0.000004 12.214707 -3.494750 -44.980341 25.019179 7.635096 -78.723674 16.515628 -13.374344 -67.475698 0.000003 0.000002 0.000001 -7.052064 0.943213 -14.951571 25.994657 -10.656759 -2.570445 -15.702782 -0.548867 -3.481890 -0.000000 0.000000 -0.000000 -27.233417 14.472896 -23.970223 6.025145 -4.214054 31.114097 5.945570 -12.995001 -23.755155 0.000003 0.000003 -0.000001 
-17.667889 95.232239 -38.770344 -3.979045 16.884603 383.068673 8.732630 -1.500794 6.519174 7.759048 7.327990 -12.606931 -4.334047 -12.509624 -8.159899 10.703414 16.101145 -13.355100 0.000000 -0.000003 0.000001 13.771862 -22.182778 -31.356026 21.603062 -15.082262 -41.237141 119.593853 -7.851816 35.036125 0.000004 -0.000001 0.000004 12.514472 -3.339304 -45.264336 24.872458 8.017414 -78.303898 15.432621 -11.801892 -67.348220 0.000000 0.000000 0.000001 -6.567695 0.680828 -14.666245 25.656919 -10.663073 -2.401980 -15.655174 -1.255045 -4.027548 0.000000 -0.000000 -0.000000 -26.467072 14.276172 -24.161487 4.939708 -4.705781 31.040935 6.984170 -13.583808 -23.452640 -0.000002 0.000003 -0.000003 
-17.676535 95.296211 -38.795315 -3.898076 17.040852 382.982231 8.417185 -1.459403 6.203479 7.890538 7.268761 -12.402609 -4.551320 -12.550377 -8.166075 10.854164 15.989077 -13.208498 0.000001 -0.000003 0.000001 13.582314 -21.679854 -31.530294 21.518702 -15.010644 -41.884759 120.152617 -8.811157 34.195824 -0.000003 -0.000003 0.000001 12.335865 -3.445248 -45.215060 24.693562 8.337212 -78.385635 14.902634 -11.274327 -67.424130 0.000002 0.000000 -0.000003 -6.104143 0.485620 -14.265303 25.220443 -10.589462 -2.700854 -15.323738 -1.594633 -4.296349 -0.000000 -0.000000 -0.000001 -26.241329 14.146706 -24.016110 4.636411 -4.711913 30.671268 7.508465 -13.766394 -22.961411 -0.000005 0.000003 -0.000003 
-17.689011 95.416161 -38.811451 -3.583982 17.120168 382.499309 8.575054 -1.481136 6.213751 7.385955 7.200008 -12.199621 -4.202977 -12.763754 -8.019670 10.425853 15.796704 -12.883075 -0.000003 0.000004 0.000000 13.754592 -21.383056 -31.049463 21.910233 -15.418302 -40.841973 118.236530 -7.576959 35.192720 0.000005 -0.000003 0.000002 12.829068 -3.092140 -45.059315 24.988990 8.423974 -78.458007 15.040884 -10.968106 -66.538945 -0.000001 -0.000000 -0.000001 -5.516498 0.373977 -13.669262 24.121546 -10.141979 -2.604155 -15.224015 -2.127840 -4.685400 -0.000000 -0.000001 -0.000000 -26.092702 13.801245 -23.374593 4.424999 -4.725112 29.963965 8.009790 -13.546289 -22.191440 -0.000001 0.000000 -0.000000 
-17.711651 95.586678 -38.823135 -3.222063 17.099636 382.076711 7.610150 -1.426191 5.565297 7.730431 7.051210 -11.794669 -4.430077 -12.585957 -7.881647 10.358366 15.665100 -12.403851 -0.000001 -0.000002 0.000000 13.716023 -20.160977 -30.902501 22.464373 -16.036897 -40.753649 118.308808 -8.370594 34.052086 -0.000002 0.000004 0.000004 12.978593 -3.106793 -44.732015 25.362403 8.878804 -78.463929 14.884756 -10.422637 -66.144713 -0.000001 -0.000002 -0.000000 -4.806577 0.153099 -13.064319 22.988074 -9.724639 -2.463045 -14.774553 -3.203775 -5.500447 0.000003 0.000001 -0.000001 -25.837170 13.464651 -22.747788 4.269173 -4.682283 29.180002 8.136327 -13.063627 -21.101624 -0.000001 0.000001 -0.000002 
-17.741636 95.790947 -38.839348 -3.247828 17.397527 381.721214 7.932396 -1.441323 5.415234 7.082360 6.914529 -11.423759 -4.044860 -12.508822 -7.829848 10.010516 15.060314 -11.620192 -0.000001 -0.000003 0.000001 13.976851 -21.069522 -30.187995 22.426434 -15.553825 -40.544484 116.955761 -7.593722 34.766404 -0.000000 -0.000002 0.000003 12.592194 -3.575050 -44.327149 25.452895 9.511871 -78.534150 14.988353 -10.491118 -65.986922 0.000005 0.000000 0.000004 -4.034413 -0.059036 -12.315799 21.889023 -9.199147 -2.719753 -14.843517 -3.867074 -6.020071 0.000002 -0.000000 -0.000001 -25.244463 13.059700 -22.328317 3.416139 -5.040919 28.293246 8.907217 -12.849504 -19.967477 -0.000003 -0.000001 -0.000000 
-17.784241 96.082153 -38.853676 -3.130343 17.228027 380.972707 8.098403 -1.452938 5.203957 6.783292 6.708518 -10.864457 -3.809247 -12.352076 -7.606256 9.797006 14.524548 -11.137916 -0.000001 -0.000003 0.000001 13.880856 -20.192804 -30.030429 22.793033 -15.548449 -40.662145 117.854504 -7.339011 34.779214 0.000004 -0.000004 0.000003 12.629627 -3.529303 -43.833787 25.634012 9.332253 -77.916619 15.960024 -12.793982 -65.724055 0.000002 -0.000000 0.000001 -3.363843 -0.285273 -11.157187 20.443832 -8.323554 -3.102457 -15.283887 -4.522442 -6.468857 -0.000001 0.000001 -0.000003 -24.716605 12.520836 -21.405712 2.716079 -5.432925 26.969562 9.285313 -11.810498 -18.227140 -0.000001 0.000000 0.000002 
-17.821243 96.444412 -38.843330 -2.927731 17.164318 380.189148 8.034059 -1.391557 4.747681 6.203181 6.499954 -10.419057 -3.238036 -11.773047 -7.096161 9.217231 13.503795 -9.982187 -0.000002 0.000000 -0.000001 14.101492 -21.465649 -28.918437 22.420513 -14.123187 -42.284018 118.198773 -6.805873 35.423523 0.000002 0.000002 0.000002 12.342811 -3.491391 -43.170293 25.424647 10.108551 -77.613133 15.492351 -11.985788 -65.677446 0.000001 -0.000001 0.000003 -2.333569 -0.518731 -9.979760 18.491103 -7.468166 -3.378746 -14.508929 -5.585391 -7.185419 0.000001 -0.000000 0.000001 -24.386285 12.018099 -20.399834 2.057705 -5.522654 25.632141 10.070065 -11.158954 -16.329473 -0.000005 0.000002 -0.000002 
-17.867416 96.824341 -38.833561 -3.188009 16.974376 379.729175 8.048735 -1.330207 4.247916 6.228752 6.414362 -10.180499 -3.398465 -11.493560 -6.682761 9.108051 12.862815 -9.340588 0.000001 -0.000002 -0.000000 14.129378 -21.236159 -28.604025 22.666504 -13.725113 -43.129984 118.935996 -6.778743 35.048388 0.000000 -0.000000 0.000001 13.268578 -2.204781 -42.715511 25.297651 9.989078 -76.564112 16.467731 -13.873764 -65.608250 0.000002 -0.000000 -0.000002 -1.119421 -0.750939 -8.964891 16.770876 -6.887258 -3.983360 -13.344030 -6.041966 -7.321137 0.000000 0.000000 -0.000001 -24.068651 11.650625 -19.560086 1.967256 -5.298853 24.740287 9.766949 -10.603940 -15.653074 -0.000004 0.000000 -0.000003 
-17.910650 97.283058 -38.807312 -3.428707 16.652368 378.834038 7.712233 -1.282033 3.821432 6.661934 6.046337 -9.436664 -3.827857 -10.670369 -6.589009 9.001856 11.801494 -8.019020 -0.000001 -0.000002 0.000000 14.188884 -21.263724 -28.545217 22.696850 -12.893932 -44.864050 119.539758 -6.711407 34.916122 0.000006 0.000001 0.000004 13.548885 -1.485716 -41.894891 24.985739 10.032414 -75.277748 16.678752 -13.979516 -65.810608 0.000005 -0.000002 0.000001 0.155748 -0.855787 -7.610608 14.843118 -6.108851 -4.355899 -12.477755 -6.267678 -7.223479 -0.000000 -0.000001 -0.000000 -23.967574 10.972699 -18.075853 2.008221 -5.008895 23.230443 9.665712 -9.685150 -14.101915 -0.000001 0.000003 -0.000003 
-17.958324 97.809402 -38.762142 -3.370871 16.596019 377.742492 7.510990 -1.257848 3.520864 6.062772 5.645991 -8.652397 -3.380291 -10.763975 -6.522733 8.709476 10.911991 -6.766516 0.000001 0.000000 -0.000001 14.147694 -20.065745 -29.156944 23.223096 -12.265188 -46.047564 119.252289 -5.450262 35.569043 0.000003 0.000003 0.000004 13.209084 -1.713038 -40.301193 25.089863 9.994255 -74.121848 17.919899 -14.960344 -65.928005 -0.000001 -0.000004 -0.000000 1.369765 -0.822097 -6.106393 13.547295 -5.591164 -4.122275 -12.313908 -6.705347 -7.672089 0.000002 -0.000001 -0.000000 -24.054683 10.248282 -16.248632 1.673114 -4.599377 21.203047 9.380261 -8.735643 -12.435292 0.000003 0.000003 -0.000002 
-18.004957 98.338715 -38.720905 -2.718841 16.639509 376.894018 7.187890 -1.221606 3.252202 5.539452 5.257636 -7.910267 -2.998331 -10.821064 -6.526871 7.979060 10.278653 -6.052429 -0.000002 -0.000001 -0.000000 13.882891 -18.671089 -29.704964 23.570751 -11.536691 -47.584070 120.355337 -4.828039 35.751891 0.000001 0.000001 0.000006 12.458365 -2.422289 -39.194706 25.032662 11.010956 -73.386257 18.571095 -15.551028 -66.368436 -0.000002 0.000001 -0.000002 1.565595 -0.731989 -4.950017 11.996584 -4.901659 -4.625489 -11.993687 -6.761985 -7.659317 0.000001 0.000000 0.000001 -24.454997 9.897344 -15.015423 1.241709 -4.440923 19.732493 9.575481 -8.259827 -11.200995 0.000003 0.000002 -0.000002 
-18.053347 98.906372 -38.669632 -2.770297 17.197129 375.921973 6.320535 -1.180417 3.090131 5.924775 4.960843 -7.232752 -3.294220 -10.907045 -6.673658 7.976153 9.338276 -4.390134 0.000000 0.000000 -0.000001 14.287569 -17.521209 -29.949297 24.686214 -11.053413 -49.971928 120.613436 -2.928665 36.756079 0.000001 -0.000001 0.000001 11.550550 -3.969220 -37.466893 25.437038 13.936527 -72.231778 20.381351 -17.378411 -67.601258 -0.000004 -0.000000 -0.000001 3.008284 -0.701749 -3.657609 9.611260 -4.378065 -4.621793 -12.238200 -7.539315 -8.454827 -0.000001 0.000000 -0.000001 -24.292732 9.346137 -13.782716 0.398183 -4.191327 18.184677 9.749082 -7.677681 -9.917820 0.000003 -0.000002 -0.000003 
-18.091690 99.513916 -38.605232 -3.201873 17.293948 374.755568 6.831627 -1.210871 3.074070 5.980827 4.510929 -6.308685 -4.133687 -11.689704 -6.886845 8.314145 8.498311 -3.367353 -0.000001 0.000002 -0.000002 14.263427 -15.914257 -31.188788 25.420788 -9.613454 -53.252287 119.682454 -2.099810 37.043500 -0.000000 0.000000 -0.000000 12.307066 -2.391470 -35.263095 25.126562 14.540218 -69.274654 21.071086 -18.127800 -70.466911 -0.000001 0.000000 0.000001 4.360569 -0.771298 -1.934192 7.791532 -3.804540 -4.917202 -12.709195 -8.007972 -9.046803 -0.000001 0.000000 -0.000000 -24.283684 8.845291 -12.167778 0.013278 -3.715850 16.223309 9.637238 -6.484533 -7.790572 0.000001 -0.000004 -0.000003 
-18.119627 100.113861 -38.537586 -3.585519 17.657016 373.947912 7.863978 -1.347534 3.356258 5.465193 4.239518 -5.775927 -4.269722 -11.767973 -6.927298 7.713287 7.638545 -2.521457 -0.000001 0.000000 -0.000002 14.641083 -15.472182 -31.958660 26.228184 -8.610977 -55.627352 118.661696 -0.978201 37.976839 -0.000001 0.000003 -0.000002 12.563949 -1.619261 -33.143667 25.244461 14.324599 -66.814399 21.941190 -20.227223 -72.764765 -0.000001 -0.000001 0.000001 5.850796 -0.913894 -0.716026 6.034067 -2.973758 -4.797779 -13.106605 -8.976851 -9.785541 -0.000000 -0.000000 -0.000000 -24.020512 8.466094 -11.204571 -0.080247 -3.684239 14.869757 10.991845 -5.571444 -5.645148 0.000001 -0.000002 -0.000001 
-18.138870 100.711067 -38.468075 -3.113628 18.375400 373.095395 7.386179 -1.348264 3.128225 4.702782 4.145474 -5.641047 -2.901486 -11.027587 -6.058828 6.744133 6.330811 -1.182060 -0.000002 0.000000 -0.000000 14.904608 -14.868973 -32.725923 27.195891 -8.341423 -58.717811 119.360001 -1.673846 36.786248 0.000000 0.000004 0.000003 12.049408 -1.509429 -30.351657 24.869462 15.222311 -63.838998 21.509835 -19.105793 -76.542406 0.000000 0.000002 -0.000003 6.747241 -0.992300 0.371399 4.688951 -2.332270 -4.488201 -13.385879 -10.385685 -10.879421 -0.000000 -0.000000 -0.000000 -24.168898 8.355612 -10.551163 0.293828 -3.605811 14.172339 10.694187 -5.720374 -6.742499 -0.000003 -0.000004 -0.000002 
-18.144739 101.289879 -38.391895 -3.453046 20.054807 372.235529 7.358270 -1.403195 3.509539 5.802484 3.495168 -4.253038 -4.640972 -11.907814 -7.080303 6.253420 6.140506 -0.679915 -0.000002 0.000002 -0.000001 15.234916 -14.256174 -34.424259 27.729970 -7.997687 -61.445604 119.662592 -3.570045 34.425472 0.000004 -0.000001 0.000004 11.841077 -0.206117 -26.905423 23.973892 17.293832 -61.060511 20.298187 -15.254201 -80.432868 -0.000005 -0.000000 -0.000001 7.953800 -0.927893 1.394560 4.548363 -2.797194 -3.042147 -13.495330 -12.011429 -12.418720 0.000001 0.000001 -0.000002 -23.613540 7.984643 -9.996493 0.649123 -3.133490 13.415678 8.654329 -7.049772 -11.153538 0.000001 0.000002 -0.000002 
-18.135529 101.828384 -38.297016 -3.350545 21.610302 371.673760 7.324300 -1.405292 3.544047 5.821611 3.083831 -3.405984 -4.992888 -12.083837 -7.232266 5.837633 5.767374 -0.214052 -0.000000 0.000002 0.000000 15.584967 -14.991671 -35.090148 28.257570 -8.016373 -64.203382 118.998274 -5.100743 32.553071 0.000004 -0.000001 0.000001 11.364721 0.292038 -24.060532 23.326988 19.219481 -58.989038 19.858321 -13.286916 -83.042321 -0.000001 -0.000002 -0.000002 8.420390 -0.850878 1.985621 4.053658 -2.837476 -2.005368 -13.497898 -13.290542 -13.570021 -0.000001 -0.000000 -0.000000 -23.502958 7.854064 -9.687539 0.804840 -2.744042 12.289569 6.906394 -7.609649 -13.890332 0.000002 0.000002 -0.000000 
-18.108252 102.335556 -38.185860 -3.515446 22.315927 371.060491 6.257507 -1.268506 3.035043 7.488783 2.592302 -2.169448 -6.644235 -11.863975 -7.816857 6.475442 5.635821 0.328727 0.000000 0.000002 -0.000001 15.547652 -14.188765 -37.006081 28.398967 -8.745909 -67.037781 114.710541 -6.990987 30.721703 0.000002 -0.000001 0.000001 10.231839 0.475037 -20.441218 21.163418 22.021046 -54.914591 18.109043 -6.757767 -86.486458 0.000003 0.000000 0.000001 10.466646 -0.819831 3.272406 3.195028 -3.281512 -1.754587 -13.998177 -13.641760 -14.225297 0.000001 -0.000001 -0.000000 -23.027146 7.194771 -7.966506 0.785565 -1.364303 8.558124 3.129662 -7.509785 -17.407454 -0.000004 -0.000003 -0.000000 
-18.075356 102.790489 -38.059105 -3.351295 23.020237 370.226087 5.724555 -1.203055 2.733850 7.103904 2.340591 -1.636808 -6.063626 -11.588808 -7.245674 6.351015 5.713318 0.158037 0.000001 0.000000 -0.000001 15.548540 -15.187271 -37.542487 28.365880 -8.912459 -71.471318 108.898487 -8.427780 29.757396 -0.000000 0.000003 0.000001 8.436419 -0.275833 -16.392442 17.747751 25.053016 -49.552896 16.179277 0.498978 -89.683881 0.000001 -0.000003 0.000002 12.430657 -0.893564 4.629204 2.517978 -3.155400 -1.167883 -15.892646 -14.120959 -15.321690 0.000002 -0.000000 -0.000002 -23.888908 6.755218 -5.711464 0.669344 0.070652 3.103561 -0.507560 -7.295417 -21.005632 -0.000007 -0.000003 -0.000003 
-18.043789 103.201141 -37.929966 -2.821734 23.845348 369.619566 5.312244 -1.157137 2.609527 6.848384 2.035743 -1.081549 -5.715097 -11.755412 -7.029139 5.548648 5.866093 -0.469001 -0.000001 -0.000001 -0.000001 15.200229 -15.264182 -37.827736 28.247190 -8.170347 -75.757139 105.572991 -9.990752 28.788339 -0.000001 -0.000001 0.000005 7.096369 -0.614102 -13.373983 14.377483 27.160421 -44.514836 14.596516 7.309958 -91.478185 0.000003 -0.000000 -0.000004 13.334275 -0.889302 5.463643 1.275939 -2.687985 -1.227521 -17.718609 -13.213543 -15.279758 -0.000000 -0.000001 -0.000000 -24.728263 6.461173 -3.990897 0.697370 1.324979 -1.438088 -3.410516 -6.755748 -23.429092 -0.000001 -0.000001 -0.000004 
-18.000513 103.556702 -37.783691 -1.224608 25.540536 369.161261 5.193853 -1.175752 2.415844 6.043378 1.773323 -0.624650 -5.380470 -12.642208 -6.758609 3.957368 6.314558 -1.067056 0.000000 0.000000 -0.000000 15.421758 -14.687089 -38.041879 28.919424 -9.542386 -78.905009 99.816794 -9.812140 29.065433 0.000002 -0.000000 0.000002 6.233160 -0.758501 -9.560609 11.437779 28.345152 -38.091818 14.022216 11.808961 -93.924028 0.000002 0.000002 0.000001 12.877018 -1.020628 5.957748 0.236410 -2.383892 -1.893219 -20.740532 -11.975814 -15.230553 0.000001 -0.000001 0.000002 -26.857284 6.818941 -2.840112 0.728622 2.785171 -6.677803 -6.947384 -5.347432 -24.818829 0.000004 0.000001 -0.000003 
-17.935760 103.827682 -37.605793 0.217967 28.227814 369.068370 4.401055 -1.039616 1.872796 5.558276 1.203871 0.402828 -5.245873 -14.144301 -7.081332 2.300880 6.612248 -1.949155 0.000000 0.000000 -0.000000 15.344985 -14.681936 -38.371555 29.236703 -10.991288 -81.649475 93.259205 -9.825963 28.910009 0.000003 -0.000001 0.000006 5.065049 -1.074186 -5.598674 7.405394 29.604861 -30.785367 12.947259 18.073432 -93.755404 0.000001 -0.000003 0.000001 13.326776 -1.176940 6.537206 -0.499218 -2.026847 -1.851947 -22.999402 -11.823132 -15.949296 -0.000001 -0.000000 -0.000000 -28.356306 7.220942 -2.401652 0.080475 4.166257 -12.140816 -8.340183 -4.493077 -24.648560 -0.000001 0.000000 -0.000000 
-17.866495 104.062729 -37.436325 1.446504 28.772732 369.000669 3.452561 -0.792160 0.818788 6.951268 0.804562 1.458203 -5.905333 -13.849752 -6.930376 0.958401 6.754303 -2.714198 -0.000002 0.000002 -0.000000 14.952780 -14.715508 -38.642724 29.100707 -12.267358 -83.300079 87.937265 -10.537478 27.757590 -0.000000 0.000001 0.000004 4.786403 0.879303 -3.307701 3.919070 28.969380 -24.210794 11.858608 21.696629 -92.666618 -0.000001 -0.000002 0.000001 13.367341 -1.244587 6.667697 -0.695101 -1.584690 -2.277172 -23.929213 -11.422778 -15.841683 0.000001 -0.000001 -0.000000 -29.798234 7.433156 -1.900040 0.229272 5.131905 -16.330296 -10.542532 -2.819912 -23.131380 -0.000003 -0.000002 -0.000001 
-17.767593 104.260399 -37.245438 1.203538 31.310185 369.186888 4.769155 -1.064674 1.607080 5.400897 0.876097 0.991415 -4.916875 -13.931509 -6.219466 -0.564250 6.658859 -3.117939 -0.000001 0.000000 -0.000001 15.115149 -13.556425 -39.912566 29.386612 -13.656058 -83.701427 83.249925 -11.659596 24.766483 0.000002 0.000001 0.000001 3.968629 -0.077550 -0.370370 0.758874 28.102658 -16.776167 9.799190 27.136043 -89.277908 -0.000001 0.000001 0.000001 13.928415 -1.491768 6.977869 -0.553138 -1.664628 -1.834602 -24.934318 -11.153241 -15.842631 0.000002 -0.000001 0.000001 -29.389163 7.786810 -2.605883 0.241868 5.510600 -17.792154 -11.082495 -2.974578 -24.619854 -0.000003 -0.000004 -0.000001 
-17.637239 104.421661 -37.067944 1.847183 32.094321 368.898954 2.530242 -0.854588 0.530136 6.841090 0.454450 2.270292 -5.587300 -13.182019 -6.442262 -1.117612 6.923857 -3.741934 -0.000000 0.000000 -0.000000 15.419637 -13.219070 -40.199597 30.047802 -14.240028 -84.855538 77.138818 -11.638358 21.505711 0.000002 -0.000002 0.000002 3.892376 0.637589 1.865419 -1.504649 25.303701 -9.152268 6.979092 31.940997 -83.465028 -0.000001 -0.000000 -0.000001 14.767953 -1.642322 7.532920 -0.646124 -1.083139 -1.728909 -25.441136 -12.256505 -16.853523 0.000001 -0.000001 0.000000 -28.400886 7.435133 -2.010496 -1.375961 5.499940 -20.047104 -11.280134 -2.968689 -25.273657 -0.000001 -0.000003 -0.000000 
-17.503735 104.570427 -36.875546 1.828165 32.047753 368.551953 2.323526 -0.881194 0.436888 7.094471 0.226482 2.869453 -5.539675 -12.582358 -6.336518 -1.917740 7.147634 -4.207601 -0.000000 0.000002 -0.000000 15.738593 -13.362982 -40.140448 30.598725 -15.838582 -84.615600 71.508898 -10.613579 20.055799 0.000000 0.000001 0.000001 3.687313 0.415956 3.586888 -3.030008 23.675293 -3.634306 4.369640 35.080719 -77.749662 0.000001 0.000000 0.000003 15.075380 -1.670254 8.039080 -0.442055 -0.810333 -1.936273 -24.830272 -12.866578 -17.021207 0.000000 0.000001 -0.000001 -27.593537 6.994989 -1.152084 -2.299196 5.495309 -21.572411 -11.658732 -2.451537 -24.504834 -0.000004 -0.000001 -0.000000 
-17.329737 104.698608 -36.660618 2.751831 31.958523 367.777492 1.355717 -0.841465 0.490930 6.415926 0.043046 2.992274 -4.741204 -12.311762 -5.971909 -3.083523 7.258283 -4.949307 0.000000 -0.000002 -0.000001 16.045950 -12.825520 -40.440802 31.370229 -16.938599 -84.495512 65.840496 -9.160756 18.610244 0.000001 0.000000 0.000001 3.698512 0.325334 5.243655 -3.781057 21.521991 1.804616 1.351506 36.270538 -69.486479 0.000001 -0.000001 -0.000001 15.299497 -1.523491 8.925024 -0.844143 -0.365871 -2.468639 -24.239619 -13.790148 -17.619677 0.000002 0.000001 -0.000001 -27.293900 6.794926 -0.568499 -3.094700 5.444007 -22.219331 -11.711196 -1.877427 -23.700324 -0.000000 -0.000001 -0.000000 
-17.118900 104.839706 -36.439789 3.758902 32.107422 367.166381 1.436154 -0.950708 1.346882 5.882487 -0.192495 3.251433 -4.369108 -11.651439 -6.107077 -3.890105 7.016186 -5.098157 -0.000000 -0.000001 -0.000001 16.253193 -12.831025 -40.514500 31.858103 -18.109531 -84.057540 60.437161 -7.694485 17.618599 0.000000 -0.000002 0.000003 3.608429 0.025116 6.549736 -4.626327 19.990693 6.431974 -1.460955 35.757038 -60.480239 -0.000001 -0.000002 -0.000000 14.334906 -1.395866 9.158315 -0.111643 -0.371694 -2.626037 -23.355642 -14.500778 -17.802617 0.000002 0.000002 -0.000002 -27.006037 6.912321 -0.815508 -3.862545 5.231057 -22.005089 -11.227176 -1.486730 -22.497788 -0.000000 0.000000 -0.000003 
-16.894566 104.967094 -36.204659 2.888902 32.382033 367.037591 3.589147 -1.285359 2.997785 4.357757 -0.142610 2.650884 -4.113956 -11.617816 -6.162831 -4.788970 6.902812 -5.478314 -0.000000 0.000000 -0.000000 16.327618 -13.376160 -40.413348 31.903144 -19.205744 -83.481284 55.570849 -6.649043 16.382028 -0.000001 -0.000004 -0.000000 3.266638 -0.814328 7.455636 -4.917315 18.695785 8.978965 -4.212901 35.196095 -52.055365 -0.000001 -0.000001 -0.000002 14.851416 -1.136806 9.654120 0.846031 -0.624883 -2.255858 -23.271144 -15.472815 -18.696594 0.000001 0.000002 -0.000000 -25.729434 6.550289 -0.809818 -4.448073 4.939493 -21.768597 -10.678568 -1.308756 -21.911657 0.000002 -0.000002 -0.000001 
-16.619837 105.061607 -35.923298 3.660139 30.987513 367.194685 1.880060 -1.011689 1.838366 4.544851 -0.020569 2.378881 -3.117249 -10.391850 -5.184610 -5.710900 6.488994 -5.700944 -0.000001 0.000000 -0.000000 16.444599 -13.779779 -40.437397 31.983542 -20.477107 -82.359992 50.455338 -5.475079 14.532054 0.000003 0.000002 0.000002 3.222848 -1.042175 7.835976 -6.236790 19.463094 10.524880 -5.907422 32.323040 -42.787990 -0.000001 0.000001 -0.000003 15.717893 -1.006134 9.692286 0.720501 -0.107661 -3.148896 -21.286242 -16.411742 -18.577056 0.000001 0.000000 0.000000 -25.021204 6.261483 -0.801232 -4.729245 4.589646 -22.266032 -11.517947 -0.123626 -20.596353 -0.000002 -0.000003 0.000002 
-16.317162 105.133171 -35.596107 3.284790 30.639395 367.527698 0.978329 -0.836343 1.164242 3.841420 0.077358 2.107915 -1.964826 -11.195742 -4.554934 -4.977933 6.641218 -5.664196 0.000000 -0.000001 -0.000001 16.097233 -11.134159 -41.438082 32.183698 -20.622863 -82.172626 46.263518 -4.328290 11.415270 0.000001 0.000004 0.000003 3.232098 -1.200398 8.124887 -6.640056 19.297117 11.695740 -7.158231 29.245074 -33.332242 0.000003 -0.000002 -0.000004 16.102072 -0.911987 10.339192 3.114988 -0.774763 -3.133326 -19.055646 -18.573398 -19.422218 0.000001 -0.000001 -0.000000 -23.623420 6.027874 -0.899710 -4.394608 4.328927 -21.816282 -10.974543 -0.213172 -20.188246 0.000003 0.000003 -0.000003 
-16.011553 105.192696 -35.235336 3.052893 31.899374 367.553789 -0.124364 -0.750418 1.115102 3.612360 -0.096060 2.362888 -1.695683 -12.347701 -4.905158 -3.576731 6.684867 -5.321247 -0.000001 0.000004 0.000000 16.059330 -10.560124 -41.436114 32.198881 -19.417432 -83.348081 43.503363 -3.325109 9.649671 0.000001 0.000004 -0.000000 3.312581 -1.192187 8.110939 -7.012718 18.589658 12.798904 -7.147391 26.204417 -26.374270 0.000000 -0.000002 -0.000000 16.211493 -0.532805 11.386304 5.001820 -1.335518 -2.571635 -17.422050 -21.578444 -21.226391 -0.000001 0.000000 -0.000002 -21.532405 5.314280 -0.585322 -5.132520 4.111132 -21.830152 -10.296145 -0.625037 -20.483724 -0.000007 -0.000002 -0.000001 
-15.689961 105.252823 -34.841320 2.673058 30.813398 367.586438 -1.107080 -0.598417 0.751855 4.202025 0.071640 2.277371 -1.707466 -11.438024 -4.537004 -3.375561 6.780838 -5.069179 -0.000000 0.000000 -0.000001 16.290764 -11.103457 -40.930551 32.013896 -18.535875 -84.256858 40.700756 -2.912809 8.141620 0.000003 0.000003 -0.000002 3.297879 -0.972031 8.356496 -7.607413 18.468145 13.672408 -6.190047 22.262747 -20.473741 0.000001 -0.000001 0.000001 14.045213 -0.226419 11.931670 10.783518 -3.505447 -1.892491 -15.889600 -23.766791 -22.186353 -0.000001 -0.000000 0.000001 -19.905816 4.574046 0.160558 -4.376618 3.954475 -21.967497 -12.150448 0.470552 -20.748452 -0.000003 0.000003 -0.000003 
-15.339782 105.288574 -34.403355 2.053964 30.342525 367.808474 -0.508818 -0.719554 1.231032 4.120705 0.242055 2.162020 -1.563320 -10.760756 -4.417769 -3.203916 6.779506 -4.903038 -0.000001 -0.000001 -0.000001 16.148126 -10.307644 -40.926835 32.456123 -18.390723 -84.421937 39.314904 -2.053455 7.357142 -0.000000 0.000005 -0.000000 3.638047 0.249257 8.435213 -8.667618 19.405324 14.788668 -3.906032 19.523657 -17.915847 -0.000001 -0.000004 -0.000002 10.137751 -0.352340 11.669814 19.044577 -5.978377 0.168982 -12.157347 -23.002493 -19.334867 0.000001 -0.000001 -0.000000 -17.479994 4.087507 0.854194 -3.929128 3.662840 -21.686962 -14.067892 1.269319 -21.497713 -0.000003 0.000004 -0.000003 
-14.997615 105.313484 -33.937256 1.462151 29.983820 367.964229 0.461054 -0.788956 1.750163 4.026905 0.279819 2.048793 -1.602175 -9.927426 -4.274296 -3.263464 6.614108 -4.878647 -0.000000 0.000000 -0.000000 15.681967 -9.928121 -41.183520 32.398210 -17.714341 -85.108515 38.633459 -1.705116 6.797533 0.000001 -0.000003 -0.000001 3.560219 0.893947 8.556771 -9.391806 19.602489 15.110129 -2.456721 17.970967 -16.100498 -0.000001 0.000003 -0.000003 7.477993 -0.321853 11.646317 25.818332 -7.629459 2.415966 -8.875604 -20.057516 -15.418544 -0.000000 -0.000001 -0.000001 -15.948174 3.774646 1.367580 -3.638497 3.825098 -21.884788 -16.139506 2.182858 -21.396732 -0.000003 -0.000002 -0.000001 
-14.643161 105.340225 -33.428501 0.879697 29.423608 367.974420 0.846268 -0.810141 2.174993 3.778993 0.431007 1.736843 -1.359216 -9.332774 -3.950969 -3.755903 6.879447 -4.855815 -0.000000 -0.000002 -0.000000 15.271422 -9.323261 -41.963555 31.959217 -16.604069 -85.791800 38.397927 -2.383389 6.342690 0.000000 0.000003 0.000001 3.274469 1.654554 8.905706 -10.081102 20.019710 14.478404 -2.292667 16.126253 -13.292276 -0.000002 -0.000004 -0.000000 3.860281 -0.319003 11.395319 33.503693 -9.040255 6.750206 -5.407010 -18.999182 -13.112679 -0.000002 -0.000001 -0.000000 -13.554392 3.111118 2.354813 -5.617244 4.209662 -22.975286 -16.634664 2.079987 -22.041446 -0.000001 -0.000003 0.000001 
-14.285544 105.396088 -32.887928 0.176506 29.577714 368.308225 2.090663 -0.970578 2.595140 3.263354 0.575921 1.481005 -1.192816 -9.202053 -3.753275 -4.208435 7.008118 -4.639127 -0.000001 0.000000 -0.000000 15.426959 -9.027068 -42.454154 32.140005 -16.484590 -85.707734 38.096913 -2.849637 6.931885 0.000001 0.000003 0.000001 3.378002 1.765569 9.080252 -9.730995 20.396465 14.326421 -3.116159 15.503069 -11.268213 0.000001 -0.000005 0.000002 1.351508 -0.512402 10.741003 32.913083 -8.788562 7.685828 -6.470548 -12.042645 -8.316416 0.000001 0.000000 -0.000001 -12.264448 2.980292 2.717204 -5.672766 4.599477 -23.502309 -17.215635 2.149638 -22.909086 -0.000003 -0.000003 -0.000003 
-13.931737 105.469894 -32.343719 -0.819076 29.245839 368.767541 2.831949 -1.075249 2.745847 4.035684 0.606190 1.709886 -1.730334 -8.578040 -3.936667 -4.332738 7.133968 -4.427028 -0.000000 0.000000 -0.000000 15.578193 -9.794537 -42.351732 32.596258 -16.574318 -85.474258 37.146414 -1.932232 7.303032 0.000001 0.000001 0.000002 3.288548 0.453292 9.284606 -9.880519 21.446809 13.909426 -2.747719 15.239318 -9.014854 0.000001 0.000005 -0.000001 -0.596617 -0.592683 9.757607 31.080209 -8.121361 8.363952 -9.039810 -7.419958 -5.576977 0.000003 -0.000001 -0.000000 -11.507615 3.041047 2.499429 -4.791630 4.737591 -22.944523 -17.235267 1.489443 -24.066542 -0.000000 0.000002 -0.000002 
-13.571207 105.543839 -31.793266 -1.292460 28.693932 369.197406 2.750439 -1.068420 2.577543 3.983882 0.728182 1.434265 -1.606710 -8.357571 -3.894611 -3.993140 7.040354 -4.303932 0.000001 0.000002 -0.000001 15.609818 -10.735859 -42.304515 32.686239 -16.203408 -85.916150 35.111906 -1.527215 6.808115 -0.000000 0.000001 -0.000005 3.152860 -0.381091 8.923843 -9.897689 21.334181 14.174582 -3.569957 15.224073 -6.902521 -0.000001 0.000000 0.000001 -2.348910 -0.527247 8.671200 27.299575 -7.152055 9.243252 -13.514431 -6.163219 -5.935512 0.000001 0.000002 0.000000 -10.905935 3.040718 2.194048 -4.263389 4.876645 -22.726802 -17.080138 1.027952 -25.049084 -0.000003 0.000000 -0.000000 
-13.205354 105.630379 -31.245621 -1.215116 27.830454 369.792780 2.433681 -0.980599 2.056493 4.005198 0.973827 1.053104 -1.412578 -8.025541 -3.711164 -4.247891 7.281380 -4.282147 -0.000001 -0.000002 -0.000000 15.815726 -11.584633 -42.359184 32.980781 -15.732115 -86.188190 33.780712 -1.238210 6.870311 0.000004 0.000001 -0.000002 3.194829 -0.630708 8.770866 -9.868038 21.572613 14.578620 -4.002465 15.168342 -5.527971 0.000003 0.000006 0.000002 -2.916656 -0.515402 7.721473 21.392120 -5.995067 8.825014 -17.234432 -7.418589 -8.195167 -0.000000 0.000003 0.000002 -10.311940 3.116530 1.557161 -4.564803 5.106190 -22.919992 -16.004318 0.355440 -25.201661 0.000003 0.000000 -0.000000 
-12.852416 105.710609 -30.703251 -1.527468 27.116481 370.232562 2.588034 -0.947000 1.818435 4.157730 1.130166 0.765882 -1.641522 -7.523084 -3.677098 -4.531723 7.193317 -4.241017 -0.000000 -0.000002 -0.000001 15.803343 -11.513465 -42.912924 33.055465 -15.369553 -86.271908 32.924978 -0.795580 6.632141 0.000001 -0.000003 0.000001 3.102096 -1.151066 8.770470 -9.900513 21.565977 14.682764 -4.269840 15.381810 -4.492913 -0.000002 -0.000000 0.000001 -1.767089 -0.443695 7.681680 16.521644 -4.861210 8.023329 -19.943852 -8.569218 -10.319040 0.000001 -0.000002 0.000000 -9.584435 2.993248 1.158800 -4.554110 5.209275 -23.091720 -15.682410 0.236202 -24.687657 -0.000003 0.000003 -0.000002 
-12.494664 105.793633 -30.166574 -1.181628 26.687415 370.632128 2.137069 -0.852088 1.391442 4.452647 1.223766 0.699898 -1.776835 -7.652921 -3.703814 -4.412902 7.533230 -4.456960 -0.000000 -0.000002 -0.000000 15.889759 -11.214409 -43.347191 33.149862 -15.286674 -86.464758 31.951133 -0.419546 6.323252 0.000000 -0.000000 0.000002 3.256229 -0.977747 8.693475 -9.704463 21.388626 14.963778 -4.619258 15.494892 -3.386847 0.000000 -0.000002 -0.000000 -0.345164 -0.456566 7.644603 11.311543 -3.687365 6.488751 -21.123282 -11.097250 -13.240891 0.000001 0.000001 -0.000001 -8.724733 2.878923 0.820698 -5.485925 5.435671 -23.853413 -15.187831 0.320862 -23.470871 -0.000003 0.000002 -0.000002 
-12.125510 105.879387 -29.640663 -1.255373 25.988243 370.810150 2.427568 -0.900942 1.617705 4.101414 1.357223 0.411871 -1.572210 -7.819728 -3.731147 -4.163503 7.755359 -4.942053 -0.000000 -0.000002 -0.000000 15.850899 -11.140312 -43.582836 33.193797 -15.257871 -86.976647 31.802846 -0.185509 7.036846 -0.000000 -0.000001 0.000001 3.489998 -0.237148 8.269221 -9.792469 21.079197 15.466316 -5.511642 16.143553 -3.036304 -0.000002 -0.000004 -0.000005 1.047061 -0.569547 7.610134 6.161407 -2.066938 4.218013 -21.058619 -14.156440 -16.176625 0.000002 -0.000001 -0.000000 -7.273947 2.677351 0.733653 -6.289090 5.349633 -24.317886 -15.020486 0.537258 -22.782642 0.000001 -0.000002 -0.000001 
-11.767435 105.950493 -29.110201 -0.701244 25.600121 370.758842 0.571189 -0.669391 0.901729 4.860845 1.279247 0.820847 -1.410424 -7.429072 -3.820688 -3.960011 7.777062 -4.831955 -0.000001 -0.000002 -0.000001 15.985341 -11.062842 -43.734883 33.485436 -14.950516 -87.147012 31.637146 0.219268 6.960639 -0.000000 0.000001 0.000001 3.411853 -1.087567 8.540226 -9.456256 21.337832 15.271813 -5.651336 16.300371 -2.049213 -0.000001 0.000001 -0.000004 2.006090 -0.662171 7.513487 2.164664 -0.733640 2.476415 -19.993917 -15.897539 -17.400511 0.000002 -0.000000 -0.000000 -6.260408 2.512920 0.925148 -7.428244 5.603180 -25.029855 -14.755872 0.442633 -22.306220 0.000001 -0.000001 -0.000000 
-11.397279 106.004509 -28.576481 -0.978253 25.200844 370.586831 0.497480 -0.697689 1.228963 4.690376 1.310930 0.738588 -1.225247 -7.237519 -3.828056 -3.909409 7.988131 -4.933824 -0.000000 0.000000 0.000000 15.894506 -10.649883 -43.952209 33.692346 -14.797052 -86.969031 31.811271 0.526571 6.641478 -0.000000 -0.000002 -0.000001 3.403813 -1.248595 8.506333 -9.062191 21.444359 14.975994 -5.857744 16.473434 -0.739259 0.000001 -0.000003 0.000001 3.504921 -0.747622 7.500088 -0.863283 0.445912 1.482501 -18.744298 -15.825038 -16.756995 0.000001 -0.000001 -0.000000 -5.102102 2.289068 1.114192 -7.922024 5.609514 -25.141035 -14.828056 0.477951 -22.083081 -0.000006 -0.000003 0.000002 
-11.027134 106.015518 -28.053854 -0.355918 24.989454 370.066534 0.312464 -0.750518 1.503668 3.854546 1.355237 0.536992 -0.524010 -7.108692 -3.463015 -4.360790 8.144914 -4.848889 -0.000000 0.000000 -0.000000 16.016099 -10.367345 -43.805364 33.986649 -14.805181 -86.679636 31.863276 0.769703 6.046118 0.000001 -0.000007 -0.000003 3.605083 -1.024183 8.796601 -8.416341 21.427195 14.738046 -5.766295 16.543953 -0.465156 0.000003 -0.000000 -0.000002 4.991983 -0.847704 7.983176 -3.186103 1.246501 1.025334 -18.357713 -16.027879 -16.717238 0.000002 -0.000000 -0.000001 -4.423686 2.226700 1.363518 -9.030599 5.777133 -25.263654 -15.199382 0.630935 -21.667021 -0.000002 -0.000002 -0.000001 
-10.677976 106.007355 -27.542143 0.113256 25.092653 369.600415 -0.644634 -0.679265 1.352420 4.448050 1.256030 0.934822 -0.740344 -7.136474 -3.511940 -6.026606 8.568847 -5.169704 -0.000001 -0.000002 -0.000000 16.104211 -9.967645 -43.873625 34.089331 -14.915774 -86.269872 31.456556 0.700124 5.363597 -0.000000 -0.000001 0.000001 3.645781 -0.730162 9.289149 -8.281716 21.980906 14.280340 -5.284093 15.671656 0.078433 -0.000001 0.000002 -0.000001 5.772094 -0.930960 8.446340 -4.335729 1.579491 0.854913 -18.808758 -16.318225 -17.120788 -0.000001 0.000001 -0.000001 -4.123660 2.182920 1.737939 -9.921935 5.943074 -25.478697 -15.383019 0.637126 -21.663647 -0.000002 -0.000002 -0.000001 
-10.332210 105.985458 -27.048409 0.308832 25.097848 369.068206 -1.265585 -0.655330 1.257992 4.554894 1.089070 1.286308 -0.910993 -7.771568 -3.644495 -6.151393 8.707879 -5.294145 -0.000001 0.000000 -0.000000 16.147003 -9.136424 -44.209216 34.295585 -14.806112 -85.759548 30.890084 1.272182 4.204393 -0.000001 -0.000004 0.000001 3.942217 1.108012 9.958421 -8.170141 22.358204 13.924455 -3.801354 14.787018 -0.174218 0.000003 0.000002 -0.000001 7.001896 -0.942258 9.260382 -5.656489 2.071470 0.433123 -19.026535 -16.363311 -17.278579 -0.000001 0.000000 -0.000001 -3.275506 1.967601 2.471487 -11.033744 6.126790 -26.077705 -15.710355 0.796978 -21.374831 -0.000000 0.000003 -0.000005 
-9.995808 105.960732 -26.564959 -0.181824 24.962822 368.614518 -1.366044 -0.695492 1.400269 4.658632 0.982917 1.584008 -1.010132 -8.026668 -3.775118 -5.838541 8.842530 -5.264550 -0.000001 0.000000 -0.000001 16.235553 -8.253168 -44.741571 34.554033 -14.947944 -85.058149 31.236019 1.605553 4.323787 -0.000001 0.000000 -0.000001 3.996511 1.496782 10.566797 -7.981517 22.709551 13.739129 -2.983096 14.621415 -0.550283 0.000000 0.000005 -0.000001 8.482344 -0.940297 10.103924 -6.469917 2.455765 0.322254 -18.851134 -16.719881 -17.446163 0.000001 -0.000000 -0.000000 -2.255673 1.743482 3.339332 -11.712257 6.233484 -26.612603 -15.802715 0.897821 -20.965541 -0.000002 0.000000 -0.000000 
-9.680489 105.928268 -26.091185 -0.078581 25.272936 368.316667 -2.080475 -0.621253 1.202975 4.653006 0.942400 1.692353 -0.834713 -8.702417 -3.727191 -5.812644 8.932749 -5.289082 -0.000000 -0.000002 -0.000001 16.211319 -6.478082 -45.470683 34.582522 -14.921723 -84.659068 31.482603 1.615507 3.517504 0.000000 0.000000 0.000001 4.068348 1.974018 10.873562 -7.785115 22.572851 13.670102 -2.869682 14.647974 -0.946674 0.000002 -0.000000 -0.000002 9.218430 -0.905505 10.563434 -7.001647 2.676662 0.328828 -19.330349 -17.018477 -17.914131 0.000002 0.000000 -0.000001 -2.272031 1.661264 3.611493 -11.764381 6.171465 -26.686720 -15.791867 0.875521 -21.219892 -0.000002 -0.000001 -0.000000 
-9.374693 105.883774 -25.625191 -0.015088 25.837614 368.149600 -2.459713 -0.561872 0.992498 4.975559 0.856251 1.940603 -1.167542 -9.154076 -3.931682 -5.217213 8.920641 -5.134244 -0.000000 0.000000 0.000000 16.169083 -5.493753 -45.968874 34.605392 -14.710083 -84.442523 31.925571 1.810027 2.889172 0.000002 0.000001 0.000002 4.079518 2.086191 10.871289 -7.581612 22.262706 13.642995 -3.227048 15.114688 -0.818279 0.000001 -0.000000 -0.000001 9.940615 -0.849327 10.930548 -7.603083 3.065707 0.195698 -19.546371 -17.528494 -18.458977 0.000001 0.000000 -0.000001 -1.795500 1.486372 3.945979 -12.356694 6.140250 -26.957167 -16.074235 0.942197 -21.277994 -0.000003 0.000001 -0.000002 
-9.081985 105.834282 -25.168686 0.082766 25.742025 367.934750 -2.708637 -0.510711 0.845065 5.466441 0.875770 2.002481 -1.409554 -8.625239 -3.890337 -4.999776 8.757553 -4.989518 -0.000000 -0.000002 -0.000000 16.180182 -5.427151 -46.142559 34.597657 -14.530785 -84.597043 32.623675 1.616707 3.063228 -0.000001 0.000003 -0.000000 4.003660 1.646611 10.821935 -7.260022 21.950348 13.583751 -3.898990 15.590795 -0.560312 0.000001 0.000002 0.000001 10.404018 -0.775907 11.105203 -7.927566 3.208376 0.150520 -19.742286 -17.285279 -18.304984 -0.000000 -0.000001 0.000001 -1.332857 1.318493 4.329771 -12.846718 6.228709 -27.383169 -15.729635 0.954495 -20.934029 -0.000006 -0.000001 -0.000002 
-8.811307 105.788322 -24.722767 -0.399255 25.966860 367.782737 -2.181720 -0.599830 1.180818 4.982684 0.933495 1.764351 -1.092250 -8.612501 -3.813778 -5.006113 8.689125 -4.934677 -0.000001 0.000000 0.000000 16.113827 -5.488114 -46.251114 34.495372 -14.622233 -84.599550 32.945417 1.363171 3.236526 -0.000000 -0.000004 -0.000001 3.779656 1.083619 10.889568 -6.912177 21.596589 13.367051 -4.496900 15.701606 -0.052449 0.000001 -0.000001 -0.000001 11.202846 -0.731289 11.458481 -7.965590 3.222508 0.362628 -20.103364 -17.465494 -18.617374 -0.000000 0.000001 -0.000001 -0.403233 1.121534 4.813907 -13.358771 6.237695 -27.507658 -15.590484 0.947594 -20.745006 -0.000001 0.000002 -0.000002 
-8.555540 105.736572 -24.283724 -0.614652 26.122149 367.748204 -2.030272 -0.590812 1.144753 5.317444 0.937020 1.806099 -1.497344 -8.574635 -3.949760 -4.462715 8.615298 -4.863507 -0.000001 0.000000 -0.000000 15.912717 -4.945941 -46.367634 34.410568 -14.058963 -85.104355 33.626688 0.991817 3.244978 -0.000000 0.000003 -0.000000 3.572381 1.041431 10.911375 -6.907900 21.311160 13.357979 -4.799592 15.702750 0.095867 0.000004 0.000000 0.000001 12.062248 -0.689609 11.873066 -8.845327 3.623004 -0.107427 -20.278176 -17.606973 -18.829805 -0.000000 -0.000001 -0.000001 0.308661 0.968431 5.106443 -13.907165 6.316704 -27.730223 -15.094571 0.757313 -20.379550 -0.000003 0.000000 0.000002 
-8.314340 105.688316 -23.874044 -0.238461 26.205636 367.912047 -2.254975 -0.525260 0.793833 5.211536 1.008759 1.657285 -1.453521 -8.672473 -3.949618 -3.602669 8.499312 -4.597575 -0.000000 0.000000 -0.000000 15.858130 -4.647383 -46.579756 34.522201 -13.631456 -84.768098 33.753087 1.255874 2.475199 0.000001 0.000000 -0.000001 3.637587 1.326003 10.811162 -7.017948 21.403885 13.495942 -4.613961 15.891367 -0.122156 0.000002 0.000003 -0.000003 12.264634 -0.710856 11.791703 -9.250647 3.933311 -0.441168 -20.757684 -17.745754 -19.193574 0.000001 0.000000 -0.000001 0.353792 0.982255 4.794887 -14.386236 6.323197 -27.938663 -15.026766 0.649024 -20.363144 -0.000000 0.000004 -0.000003 
-8.087512 105.637405 -23.465296 -0.076161 26.291275 367.945952 -2.356624 -0.474698 0.639821 5.540644 0.993696 1.767637 -1.668024 -8.750233 -4.069941 -3.821617 8.529839 -4.636895 -0.000001 0.000002 0.000000 15.861079 -4.855170 -46.563305 34.473242 -13.466381 -84.631194 34.160604 1.045614 2.485245 0.000002 0.000003 0.000001 3.594189 0.975911 10.652158 -7.172151 21.536647 13.462073 -4.746940 15.711160 0.455888 0.000000 -0.000001 -0.000001 12.384805 -0.704923 11.774210 -9.318448 3.921025 -0.585126 -20.553516 -17.849429 -19.210465 0.000001 0.000000 -0.000000 0.586242 0.955685 4.747189 -14.806855 6.439181 -28.025873 -14.562385 0.460374 -20.235579 -0.000003 0.000002 -0.000000 
-7.870130 105.587090 -23.067711 0.055022 25.736949 367.877486 -2.184621 -0.504276 0.651952 5.333625 1.109621 1.520517 -1.866834 -8.522482 -4.052020 -2.789391 8.477054 -4.405598 -0.000001 0.000004 0.000000 15.984683 -4.954780 -46.638844 34.606957 -13.201270 -84.260192 34.141076 1.178354 2.113048 0.000003 0.000006 -0.000000 3.769281 1.422421 10.759191 -6.978981 21.818742 13.266412 -4.645471 15.779424 0.522976 -0.000001 -0.000001 -0.000001 12.144650 -0.755832 11.575464 -9.179473 3.837684 -0.645895 -20.704870 -17.305941 -18.788879 -0.000000 0.000000 -0.000001 0.289191 1.084239 4.460146 -14.374652 6.394257 -27.741933 -14.770409 0.560363 -20.181259 -0.000001 -0.000003 0.000001 
-7.660041 105.536613 -22.667589 0.387848 25.809436 367.811124 -2.800324 -0.408678 0.460750 5.416321 1.040721 1.636394 -1.501765 -8.417365 -4.111965 -3.286176 8.294033 -4.392230 -0.000000 0.000000 0.000000 15.897457 -5.580510 -46.583468 34.416647 -12.870617 -84.255752 34.216884 0.991059 2.092397 0.000001 0.000004 0.000001 3.475860 0.723207 10.886855 -6.936564 21.597126 13.036296 -4.770869 15.623282 0.985873 -0.000001 -0.000000 -0.000002 11.996246 -0.789361 11.417177 -9.148247 3.799847 -0.506265 -20.555055 -17.307901 -18.744252 -0.000001 0.000001 -0.000000 0.203103 1.137916 4.301493 -14.677861 6.418056 -27.738633 -14.793503 0.566503 -20.302046 0.000001 -0.000001 -0.000000 
-7.468919 105.493057 -22.280376 0.542139 25.546535 367.765034 -2.898829 -0.372738 0.318321 5.390138 1.033548 1.590516 -1.267269 -8.296784 -3.906713 -3.847069 8.390790 -4.664802 -0.000001 0.000000 0.000000 15.822005 -5.671551 -46.581183 34.316383 -13.023423 -84.075920 34.256049 0.987993 2.000784 0.000000 0.000004 -0.000000 3.423098 0.942795 10.939882 -7.165101 21.714288 12.968041 -4.559246 15.571911 0.746407 0.000004 0.000002 0.000001 11.702324 -0.796115 11.229324 -8.931545 3.724195 -0.486028 -20.633368 -17.001656 -18.510624 -0.000000 -0.000000 0.000001 0.070161 1.158108 4.225829 -14.531658 6.383276 -27.746083 -14.740725 0.601708 -20.255051 -0.000002 0.000001 -0.000002 
-7.286466 105.444725 -21.900738 0.177777 25.702198 367.742221 -2.548888 -0.422461 0.380196 5.162090 1.074837 1.454921 -1.253663 -8.528712 -3.836011 -2.940450 8.243336 -4.384268 -0.000000 0.000000 0.000000 15.761973 -5.127047 -46.928198 34.233916 -12.790289 -83.941208 34.770847 0.700489 1.963816 0.000003 0.000003 -0.000000 3.329928 1.036758 11.072577 -6.779277 21.219306 12.827815 -5.157970 15.803357 0.843787 0.000001 0.000003 0.000000 12.228992 -0.813216 11.462172 -9.100258 3.885184 -0.570869 -20.761427 -17.078111 -18.629257 -0.000002 -0.000001 -0.000000 0.400059 1.069771 4.357570 -14.397977 6.274126 -27.745321 -14.803542 0.565545 -20.393171 -0.000002 -0.000003 -0.000003 
-7.106500 105.395180 -21.522688 0.642604 25.386676 367.653893 -2.718176 -0.389978 0.263685 5.454110 1.131896 1.449446 -1.339681 -8.310362 -3.660660 -3.632507 8.382725 -4.649916 -0.000001 0.000000 -0.000000 15.853088 -6.070036 -46.464411 34.267650 -12.744410 -84.341819 34.784248 0.598501 2.388300 0.000000 -0.000004 -0.000001 3.386122 1.116553 11.031476 -6.752716 21.327317 12.724835 -5.603146 15.994218 0.815246 0.000000 -0.000000 -0.000001 11.815671 -0.808465 11.307486 -8.914176 3.860542 -0.646733 -20.944237 -16.843106 -18.431925 -0.000000 -0.000001 -0.000001 -0.164605 1.195352 4.061144 -13.917535 6.163666 -27.632946 -15.140035 0.853720 -20.240511 0.000003 0.000001 -0.000002 
-6.935485 105.353310 -21.153503 0.250204 25.737210 367.647199 -2.421867 -0.454559 0.451017 5.135219 1.106216 1.440535 -1.055671 -8.817761 -3.648815 -3.740277 8.605610 -4.762503 -0.000001 0.000000 -0.000000 15.927132 -6.518436 -46.185135 34.386089 -12.700230 -84.604577 34.950607 0.553427 2.806002 0.000002 0.000003 -0.000000 3.410142 1.162168 11.077904 -6.527473 21.298324 12.624705 -5.790257 16.004853 0.940145 0.000003 0.000004 -0.000001 12.557976 -0.823826 11.642668 -9.370612 3.976289 -0.797963 -20.777620 -17.191516 -18.698379 -0.000000 0.000000 -0.000001 0.379179 1.107931 4.214447 -14.116439 6.175661 -27.586767 -14.884077 0.684150 -20.252250 -0.000000 0.000001 0.000001 
