HIERARCHY
ROOT Hips
{
	OFFSET 23.497593 106.474762 21.262596
	CHANNELS 6 Xposition Yposition Zposition Xrotation Yrotation Zrotation
	JOINT Chest
	{
		OFFSET 0.580036 13.621132 0.531460
		CHANNELS 3 Xrotation Yrotation Zrotation
		JOINT Chest2
		{
			OFFSET -2.424541 20.719734 4.886827
			CHANNELS 3 Xrotation Yrotation Zrotation
			JOINT Chest3
			{
				OFFSET -1.881546 14.726471 1.552645
				CHANNELS 3 Xrotation Yrotation Zrotation
				JOINT Neck
				{
					OFFSET -1.286528 16.995468 2.848719
					CHANNELS 3 Xrotation Yrotation Zrotation
					JOINT Head
					{
						OFFSET -2.452715 9.371277 3.998899
						CHANNELS 3 Xrotation Yrotation Zrotation
						End Site
						{
							OFFSET -2.461088 9.397644 3.931290
						}
					}
				}
				JOINT LeftCollar
				{
					OFFSET 3.900276 13.165176 3.642878
					CHANNELS 3 Xrotation Yrotation Zrotation
					JOINT LeftUpArm
					{
						OFFSET 11.508392 4.641510 -12.430315
						CHANNELS 3 Xrotation Yrotation Zrotation
						JOINT LeftLowArm
						{
							OFFSET 30.675648 0.582581 -14.085207
							CHANNELS 3 Xrotation Yrotation Zrotation
							JOINT LeftHand
							{
								OFFSET 9.183357 -20.593231 19.812431
								CHANNELS 3 Xrotation Yrotation Zrotation
								End Site
								{
									OFFSET 2.007095 -4.500763 4.330112
								}
							}
						}
					}
				}
				JOINT RightCollar
				{
					OFFSET -4.068437 12.141678 6.151100
					CHANNELS 3 Xrotation Yrotation Zrotation
					JOINT RightUpArm
					{
						OFFSET -17.383726 -2.114166 -1.353813
						CHANNELS 3 Xrotation Yrotation Zrotation
						JOINT RightLowArm
						{
							OFFSET -27.448490 -15.287903 12.352943
							CHANNELS 3 Xrotation Yrotation Zrotation
							JOINT RightHand
							{
								OFFSET 14.298917 -9.177490 24.744087
								CHANNELS 3 Xrotation Yrotation Zrotation
								End Site
								{
									OFFSET 3.125172 -2.005844 5.408058
								}
							}
						}
					}
				}
			}
		}
	}
	JOINT LeftUpLeg
	{
		OFFSET 9.777130 -0.331818 -2.171806
		CHANNELS 3 Xrotation Yrotation Zrotation
		JOINT LeftLowLeg
		{
			OFFSET -2.538305 -47.302231 -0.213335
			CHANNELS 3 Xrotation Yrotation Zrotation
			JOINT LeftFoot
			{
				OFFSET -5.695713 -42.619003 -12.318569
				CHANNELS 3 Xrotation Yrotation Zrotation
				JOINT LeftToe
				{
					OFFSET 1.715792 -19.607395 13.121193
					CHANNELS 3 Xrotation Yrotation Zrotation
					End Site
					{
						OFFSET 6.331409 -6.981546 21.696318
					}
				}
			}
		}
	}
	JOINT RightUpLeg
	{
		OFFSET -9.777143 0.331619 2.171801
		CHANNELS 3 Xrotation Yrotation Zrotation
		JOINT RightLowLeg
		{
			OFFSET -8.868001 -42.333626 19.319288
			CHANNELS 3 Xrotation Yrotation Zrotation
			JOINT RightFoot
			{
				OFFSET -10.327073 -40.017891 -17.102621
				CHANNELS 3 Xrotation Yrotation Zrotation
				JOINT RightToe
				{
					OFFSET -4.248121 -21.662176 8.500608
					CHANNELS 3 Xrotation Yrotation Zrotation
					End Site
					{
						OFFSET -3.333981 -11.248210 20.540649
					}
				}
			}
		}
	}
}
MOTION
Frames: 318
Frame Time: 0.033333
-0.161331 106.130440 -1.111738 -0.582009 -12.516819 1.942540 -16.463536 0.190606 -7.873933 2.605302 0.542928 0.442139 -3.048544 -5.642845 2.139930 -5.520712 15.716892 -6.475483 -0.000001 0.000000 0.000000 0.286846 1.811440 -8.156582 -2.865595 -10.283400 16.037923 -43.431930 61.537040 89.451115 -0.000000 -0.000001 0.000001 0.788698 -7.795455 -4.560320 -15.213563 -0.322130 -10.734046 -23.152666 -73.366463 -65.530741 0.000001 0.000001 0.000001 3.684411 -2.257225 7.491661 -8.750479 6.333699 1.392240 -8.250660 -8.429286 3.529062 0.000001 -0.000000 0.000001 25.028644 -0.594233 1.898333 -39.178194 1.776492 4.790953 -13.279836 18.906636 4.899723 -0.000004 -0.000001 0.000000 
68.249283 98.997971 -1.103794 2.828650 8.437129 -1.328863 7.930700 1.098599 -14.349889 -4.975555 -1.020127 0.842407 -1.632506 6.671646 9.363253 -10.682547 -14.839588 8.007084 0.000001 -0.000000 -0.000002 -1.589753 2.923971 -4.956854 -4.857517 -9.621767 -11.451564 -4.603312 -12.196639 22.976847 0.000003 -0.000003 0.000001 2.817351 -2.159073 5.363704 5.809960 -10.455428 4.415012 5.042947 -17.636426 -11.918202 0.000003 0.000000 -0.000001 -58.542835 -17.089782 33.202502 20.069473 -6.289887 -57.971401 2.535639 25.846751 19.123140 0.000001 0.000004 -0.000000 8.091223 3.294518 19.380590 -1.001659 -2.472683 4.887973 -27.903242 -7.172379 -22.352670 -0.000000 0.000002 0.000001 
68.220749 99.002174 -1.105125 4.168427 9.104017 -0.922595 6.707947 1.171014 -14.157579 -5.234873 -0.522386 0.650010 -1.242707 7.276749 9.450023 -11.498070 -14.405636 8.111935 0.000002 -0.000000 -0.000000 -1.156630 3.203687 -6.035351 -4.364253 -8.654478 -13.017728 -3.648973 -9.593444 27.121846 0.000003 0.000000 -0.000000 3.503833 -2.481470 4.963475 6.456532 -7.113525 4.420831 3.184488 -19.259252 -14.568440 0.000004 -0.000001 0.000001 -55.922730 -15.672504 31.820164 22.693751 -8.566112 -55.924363 7.203649 23.876125 15.179196 0.000001 -0.000002 -0.000001 6.682596 3.349946 18.680204 -0.461716 -2.617024 5.320555 -25.559010 -7.966765 -22.105964 -0.000004 0.000000 0.000001 
68.190643 99.023201 -1.096466 4.867846 9.532948 -0.620184 5.920652 1.172687 -13.706775 -4.416902 -0.318158 0.497994 -1.951447 8.132132 9.408875 -11.971880 -14.194833 8.241965 0.000002 0.000000 0.000002 -1.093747 3.948873 -7.016752 -3.994056 -8.969588 -14.146972 -2.606806 -6.829204 30.519638 0.000003 -0.000003 -0.000003 3.891098 -3.542252 4.774995 6.944868 -4.731926 4.759682 2.155291 -19.876392 -16.340101 0.000007 0.000001 0.000001 -52.869936 -14.309304 31.058223 24.342422 -9.942665 -54.079163 10.219653 21.400695 12.011704 0.000003 -0.000000 0.000001 6.479658 3.274363 18.087625 -0.799415 -2.635606 5.672769 -22.681702 -9.046725 -21.890758 -0.000004 0.000000 0.000001 
68.135330 99.068970 -1.069473 6.504787 10.160967 -0.568571 4.713022 1.171846 -12.806634 -5.299018 0.359103 0.013933 -1.152434 7.871670 9.129832 -11.729785 -13.453837 8.576155 0.000000 -0.000001 -0.000000 -1.316198 4.803972 -7.408103 -4.116854 -8.521157 -15.719720 -2.182742 -3.158845 32.997341 0.000002 -0.000001 -0.000002 4.328523 -2.602947 4.492329 7.641102 -3.152216 5.560958 2.147731 -20.634319 -16.357615 0.000001 0.000002 -0.000002 -49.651934 -12.985970 29.759127 23.040050 -8.946108 -51.975390 13.442901 18.394157 8.420220 0.000000 0.000001 0.000003 7.012563 3.607266 18.016304 -2.511934 -1.991087 5.832079 -20.532310 -11.786222 -23.263402 0.000001 0.000000 0.000001 
68.067123 99.126862 -1.014280 8.456564 10.563540 -0.724158 2.047529 1.438956 -12.112812 -3.941049 0.276626 0.076894 -1.659724 8.292060 8.626879 -12.073495 -12.830566 8.330098 0.000001 0.000000 -0.000000 -2.242757 6.273537 -7.031561 -4.412859 -7.381397 -16.255230 -1.302114 4.304585 34.568793 0.000004 -0.000002 0.000003 4.300866 -2.331169 4.463533 8.027387 -2.265052 7.144109 2.908949 -20.778784 -15.661356 0.000001 -0.000002 -0.000002 -46.721984 -11.635255 28.327036 22.752496 -8.473669 -48.968816 13.175209 18.088515 8.438531 0.000003 -0.000001 0.000002 9.993605 3.976934 18.681515 -6.024690 -1.549779 5.526136 -16.025026 -11.338721 -19.837176 -0.000004 0.000001 0.000001 
67.986725 99.196152 -0.935972 8.759734 10.798019 -0.813511 1.697419 1.412555 -11.483892 -5.273248 0.888015 -0.465862 -0.601852 8.364559 8.931403 -12.558369 -12.623549 8.088736 0.000000 0.000000 0.000003 -2.696642 6.606261 -6.529747 -4.669259 -6.307730 -16.466312 -0.791613 12.725380 36.981192 0.000003 0.000000 -0.000003 4.109198 -2.303536 4.520995 7.467932 -1.033114 7.714661 3.840916 -22.011797 -15.301915 0.000004 0.000002 0.000001 -43.537460 -10.546902 27.406856 22.728749 -8.295366 -46.573404 12.260913 19.233471 9.651464 -0.000001 0.000001 -0.000001 12.617504 4.235018 19.023960 -7.802371 -1.219909 5.751477 -12.473946 -10.113653 -16.398560 -0.000002 0.000001 -0.000000 
67.860336 99.301895 -0.804396 9.434622 11.272618 -0.781972 -0.103776 1.522757 -10.821296 -5.048739 1.545909 -1.281835 -0.586156 8.105829 9.260346 -11.879299 -12.476723 8.098951 0.000000 -0.000001 -0.000000 -3.002174 6.612127 -6.016574 -4.929555 -5.250750 -15.692851 -0.359913 18.525683 37.216089 0.000001 0.000002 0.000002 3.776646 -1.871474 4.330019 6.299377 0.337283 8.618758 6.321963 -23.459166 -14.206335 -0.000001 -0.000001 -0.000003 -41.017537 -8.960471 25.203641 23.760806 -8.469206 -42.615172 7.585193 20.282240 12.740629 0.000004 0.000004 0.000001 14.772205 4.134604 18.913029 -8.582483 -1.208314 6.002610 -11.501682 -6.992112 -12.390797 -0.000005 0.000000 0.000002 
67.718460 99.430611 -0.623980 9.548378 11.296938 -0.592974 -1.770896 1.583815 -10.121159 -4.596718 2.340476 -2.200700 -0.330888 8.434711 9.804884 -11.721088 -12.328505 8.137051 0.000002 -0.000002 0.000002 -3.312013 6.494542 -5.175175 -5.250964 -5.395543 -14.701195 -0.295974 22.824624 36.476379 0.000000 -0.000003 0.000003 3.312856 -0.593681 3.907397 4.950848 1.552535 9.429827 9.231012 -24.253781 -12.020417 0.000003 0.000000 -0.000001 -38.551357 -7.393578 22.311399 24.844692 -8.336452 -37.205294 2.642442 19.078335 14.789335 0.000004 0.000006 0.000001 17.790502 4.017461 18.819125 -10.422198 -1.352417 5.917105 -11.565566 -4.605872 -9.678419 -0.000004 0.000001 0.000003 
67.556732 99.577850 -0.413136 9.600335 10.590799 -0.441239 -3.681906 1.724495 -9.907933 -3.577303 2.558221 -2.601788 -0.721592 9.330975 9.983358 -10.814183 -12.323538 8.183364 0.000002 0.000001 -0.000001 -3.469600 6.680492 -4.215729 -5.040994 -5.793784 -13.390089 -0.248328 26.385702 36.364856 -0.000000 -0.000002 0.000001 3.321218 0.130731 3.832563 4.590867 2.592803 11.106583 11.188900 -23.682221 -10.588261 0.000007 -0.000001 -0.000005 -36.756759 -6.097123 19.931986 24.559028 -7.421362 -32.732985 -1.222894 18.502378 16.615514 0.000004 0.000002 0.000003 20.566951 3.907127 18.795432 -12.154690 -1.391447 5.370130 -13.286183 -3.025630 -8.439233 -0.000002 0.000001 0.000001 
67.337250 99.782036 -0.118307 9.727993 8.408531 -0.414902 -5.393071 1.782537 -9.171819 -2.337470 3.034605 -3.471575 -1.666455 10.618718 10.572152 -10.239195 -11.880963 7.744232 0.000002 -0.000001 0.000004 -3.701971 6.771412 -3.160669 -5.095831 -6.927863 -11.770069 -1.045087 31.558295 37.970172 0.000000 0.000002 0.000002 3.319453 1.947342 3.830122 3.232239 4.356063 12.980226 12.113082 -23.019734 -9.379815 0.000001 0.000000 -0.000001 -34.296395 -4.742450 17.816808 23.910030 -6.880874 -27.277680 -5.491814 17.755236 18.273254 0.000001 -0.000004 0.000002 19.972335 3.427876 18.100580 -6.676812 -1.204923 5.991441 -13.844276 -3.349657 -8.589397 0.000005 -0.000001 0.000002 
67.016510 100.013573 0.286699 10.433145 7.609449 -0.276960 -6.557776 1.878077 -8.985682 -2.953576 3.234636 -3.686004 -1.020528 11.641638 11.026390 -10.258031 -11.771287 7.532696 0.000002 0.000004 -0.000000 -3.149846 5.506310 -1.775919 -5.588809 -7.536058 -11.056118 -2.419529 33.377693 39.411305 0.000001 0.000000 -0.000001 3.013992 3.197033 3.839116 2.450732 5.409881 15.982631 10.357730 -21.239496 -8.615374 0.000003 -0.000001 0.000001 -31.864219 -3.816229 16.036953 23.282464 -6.019133 -22.573178 -9.747486 16.409381 19.649783 0.000003 0.000003 0.000000 14.313018 2.536294 15.831684 2.965732 -1.462902 9.224607 -11.367619 -3.238641 -7.253119 -0.000002 0.000001 0.000000 
66.703369 100.247795 0.706528 9.705622 7.254398 -0.510803 -5.731387 1.713528 -8.545843 -4.064887 3.383974 -3.743547 -0.429765 11.997667 11.432121 -9.378785 -11.602463 7.621390 0.000002 0.000002 -0.000001 -2.821138 4.969857 -0.883019 -5.343382 -7.874282 -9.624410 -2.798357 32.801546 38.194025 0.000001 0.000003 -0.000003 3.179728 4.017122 4.586680 2.060539 6.290404 18.373675 11.097188 -18.687906 -6.528050 0.000004 0.000002 -0.000000 -29.110994 -3.236765 15.479744 22.973071 -5.578426 -19.298196 -12.611403 14.852321 20.050736 0.000002 0.000000 0.000002 10.407313 1.934104 13.911175 11.130849 -1.175901 12.681830 -9.713140 -4.526365 -7.876081 0.000003 -0.000001 0.000001 
66.381783 100.466873 1.194918 8.249808 6.645717 -0.710284 -4.908884 1.422867 -7.717451 -4.238200 2.984729 -3.337041 -0.390068 12.441943 11.254998 -7.902303 -11.207734 7.358886 0.000001 0.000000 0.000003 -2.628209 5.389155 0.237236 -3.583955 -7.883170 -7.157318 -2.336832 30.872872 37.807132 0.000005 0.000003 0.000000 4.182646 5.223142 6.373241 2.504164 7.886403 21.841683 7.945927 -16.821651 -7.654891 0.000002 0.000004 0.000002 -25.404066 -2.625524 15.531200 22.580570 -5.199884 -16.849074 -15.233588 12.496298 19.329758 0.000001 -0.000003 -0.000000 5.395861 1.028108 10.122485 19.628181 -0.309700 16.653989 -12.506510 -7.848756 -12.526613 -0.000006 0.000000 0.000002 
66.062225 100.617760 1.719730 8.756780 5.833987 -1.120499 -4.384862 1.092490 -6.262845 -4.824163 2.779300 -3.159403 0.096570 13.234429 11.210027 -7.951461 -10.705473 6.639820 0.000002 -0.000001 0.000001 -2.786234 5.807499 1.467502 -3.190388 -6.767612 -5.916626 -3.226216 27.159475 37.692932 0.000003 -0.000003 0.000001 4.458020 6.290931 7.343595 1.781913 9.858576 24.944023 0.349422 -19.098747 -12.050812 -0.000003 -0.000002 -0.000003 -25.622558 -2.892858 16.511694 24.294452 -6.328727 -16.892579 -17.218661 12.091813 19.846226 0.000003 -0.000002 -0.000003 0.363182 0.468860 5.696878 25.021116 0.513274 17.813185 -17.355688 -8.410231 -15.494231 -0.000002 0.000000 0.000001 
65.781540 100.735107 2.236883 8.134227 5.272643 -1.036190 -2.558870 0.830799 -5.402965 -4.334035 2.467926 -2.875941 -0.666520 13.803233 10.776876 -7.946955 -10.267540 6.073292 0.000004 0.000001 0.000002 -2.907200 5.745757 1.640703 -3.014542 -6.160889 -4.920674 -4.283830 29.318997 39.835282 0.000004 -0.000003 0.000004 4.810756 6.613658 8.775079 1.146811 11.077036 27.156764 -5.039631 -19.999866 -14.914444 0.000003 0.000003 0.000004 -25.576902 -3.108827 17.261148 25.498326 -7.115336 -18.133478 -18.887852 11.900867 20.502177 0.000001 -0.000002 -0.000003 -2.930216 0.033456 1.431590 26.749398 0.990508 18.634400 -20.588374 -9.869433 -18.972725 -0.000000 0.000001 0.000000 
65.506958 100.727600 2.761667 6.428280 5.779783 -0.607600 0.257944 0.535318 -4.458367 -4.059137 2.288486 -2.705281 -1.298826 13.491850 10.316310 -7.547977 -10.383110 6.312389 0.000002 -0.000000 -0.000002 -2.483501 5.303704 1.848281 -2.898175 -5.286278 -4.741878 -5.424642 26.846115 42.217693 -0.000000 -0.000003 0.000002 5.229239 7.836904 9.909573 1.465131 10.789253 28.283042 -6.202585 -18.803808 -14.313594 0.000001 0.000002 -0.000000 -25.034564 -3.281447 18.293446 27.772644 -8.834481 -20.520467 -20.394047 12.810699 22.335443 0.000002 -0.000002 -0.000000 -5.277184 -0.558880 -4.474854 26.431516 1.637951 19.586054 -21.038731 -10.607241 -19.945375 -0.000002 -0.000001 -0.000001 
65.203255 100.601967 3.300711 4.397751 4.629287 0.040992 3.224089 0.381391 -4.419716 -4.669897 2.861373 -3.376318 -1.727207 14.142840 11.436822 -6.389145 -10.624975 6.307031 0.000002 -0.000001 0.000001 -2.239477 5.066155 1.219871 -2.403911 -4.445830 -4.481814 -6.447184 25.719062 45.915192 -0.000002 -0.000003 -0.000000 5.730460 7.793832 11.949962 1.788471 10.317257 27.213487 -0.269891 -18.006757 -10.685035 0.000002 0.000002 -0.000003 -22.423339 -3.184610 20.295866 29.141221 -9.873856 -24.021854 -21.961232 14.109695 25.002660 0.000003 -0.000003 -0.000002 -6.464508 -1.177311 -9.200062 26.692707 0.545655 15.616961 -17.702168 -8.007466 -15.708344 -0.000006 0.000000 0.000001 
64.878815 100.422752 3.844585 3.281210 4.536386 0.340333 5.479807 0.244322 -4.170289 -5.635665 3.222651 -3.608955 -1.194298 13.968019 11.746889 -6.802241 -10.620026 6.089217 0.000004 0.000001 0.000001 -2.592152 5.709232 0.582623 -1.951955 -4.669587 -4.979342 -7.288130 26.507390 49.453742 0.000001 -0.000003 0.000002 6.189222 8.382059 12.428961 1.980713 10.591400 25.926438 1.900124 -18.262302 -9.874206 -0.000001 0.000000 -0.000000 -22.080284 -3.412263 21.556441 31.057970 -11.271935 -26.116955 -23.246081 14.820226 26.602204 0.000002 -0.000001 0.000001 -6.453619 -1.698965 -12.809752 25.244371 0.062418 13.068484 -14.599051 -6.602982 -12.727230 -0.000004 0.000002 -0.000000 
64.457512 100.102516 4.402979 0.825631 4.527793 0.538094 8.595120 0.077586 -4.268678 -5.327223 3.368110 -3.749598 -2.255034 13.638085 11.883512 -5.419944 -10.667699 5.938158 0.000002 -0.000000 -0.000000 -2.879634 5.784027 0.210000 -2.156393 -4.269425 -5.633338 -8.244388 28.744489 52.415965 -0.000006 -0.000001 0.000001 6.550190 8.681258 13.779773 2.144126 9.612367 23.769873 2.633357 -21.289599 -10.874512 0.000004 0.000005 0.000001 -20.959313 -3.802755 23.613965 33.798177 -12.986918 -28.277407 -24.744624 14.716095 27.859276 0.000003 -0.000004 -0.000000 -5.514999 -2.466005 -16.268925 17.769494 -0.892595 8.955626 -9.831761 -4.238955 -8.338009 -0.000004 0.000003 0.000003 
63.942963 99.652908 4.945316 -0.389182 6.050646 0.116861 9.116007 0.078174 -4.153932 -4.188520 2.825231 -3.132908 -2.477967 12.529628 11.554620 -4.577401 -10.853142 6.114589 0.000004 -0.000001 0.000001 -3.575930 6.148415 0.041014 -2.873885 -3.956476 -6.475356 -8.730063 31.196240 51.694109 -0.000003 0.000001 -0.000002 6.834915 9.307129 14.543329 3.242262 7.129312 21.977537 9.045643 -23.939149 -8.296615 0.000004 -0.000003 -0.000001 -19.210551 -4.298345 26.742781 34.959288 -13.946994 -30.508495 -25.825237 13.956318 27.886286 0.000001 0.000000 0.000002 -6.350713 -2.583406 -19.731952 10.376756 -0.910847 6.162181 -5.067941 -3.037576 -5.018742 -0.000002 -0.000001 0.000002 
63.386509 99.155922 5.490816 -0.944539 6.907452 -0.147878 10.183137 0.045450 -4.008055 -3.054698 2.321601 -2.892388 -3.967047 11.397736 11.355186 -4.817352 -9.954704 5.573727 0.000004 -0.000000 0.000003 -3.862095 5.509053 -0.562440 -4.719452 -2.831199 -7.060310 -10.124517 36.242982 52.589322 0.000003 0.000001 -0.000003 6.648071 8.904305 15.484070 3.257945 4.261383 21.262515 13.453893 -27.052006 -6.662645 -0.000001 0.000003 0.000003 -18.247137 -4.275245 29.007660 36.921899 -15.007483 -30.883414 -26.909890 13.090653 27.633994 0.000003 -0.000002 -0.000001 -6.129285 -3.167385 -21.722045 3.602714 -0.644872 3.520014 -1.987521 -1.211882 -1.925660 0.000003 0.000000 0.000003 
62.608620 98.540413 6.089171 -0.113916 7.939447 -0.684011 10.175086 0.018207 -3.995487 -2.368040 1.936097 -2.683477 -4.575622 10.709515 11.119762 -5.749293 -10.073957 5.531042 -0.000001 -0.000001 0.000002 -3.414004 3.681627 -3.009315 -6.906254 -2.236668 -9.649844 -11.902172 38.710473 54.325139 0.000001 0.000000 0.000004 6.437081 8.172169 15.712587 2.644614 2.774754 18.687847 13.146802 -31.552407 -8.184204 0.000003 0.000005 0.000002 -21.083274 -5.290767 31.187436 40.355363 -17.115795 -30.894759 -28.170548 11.926710 27.270386 0.000002 -0.000002 -0.000002 -7.716569 -2.982181 -23.590007 0.628639 -0.351190 1.804715 0.522773 0.940986 0.720674 0.000003 -0.000000 0.000001 
61.570278 97.823318 6.713383 1.431187 7.628938 -1.155203 9.706693 0.162332 -5.332856 -2.353205 2.073700 -2.947476 -4.697872 9.000374 11.187701 -6.506296 -9.789227 5.508234 0.000004 -0.000001 0.000003 -4.315693 3.417565 -4.582206 -9.318792 0.041321 -12.144057 -10.250053 38.778064 48.968737 0.000001 -0.000003 0.000002 6.003399 6.769381 16.036051 2.907184 0.135951 18.357539 14.786916 -34.624415 -8.172729 -0.000001 -0.000000 -0.000001 -23.137645 -6.487817 34.487107 42.883694 -18.795245 -32.046332 -28.498129 11.540387 27.181165 0.000003 -0.000001 -0.000002 -9.603817 -2.498984 -23.981199 2.206179 -0.407284 0.400714 1.438537 4.103349 4.122060 -0.000002 -0.000001 0.000001 
60.450401 97.127678 7.347109 3.129207 6.898600 -1.824461 8.880666 0.365722 -6.437721 -1.818331 1.396546 -2.188268 -5.088969 7.785570 10.363772 -7.521853 -9.206697 5.235693 0.000004 0.000003 -0.000000 -5.070709 3.511468 -5.949353 -10.853157 2.345205 -13.860852 -9.542286 41.982154 46.974916 -0.000003 0.000002 -0.000001 5.795068 5.911101 16.133916 3.320229 -1.459918 18.554402 14.035854 -36.426099 -9.410473 0.000001 0.000000 -0.000002 -24.509791 -7.512412 37.367289 44.188162 -19.664442 -33.044790 -28.296919 11.705218 27.467766 0.000003 -0.000006 -0.000000 -11.980663 -1.684685 -23.137419 4.989034 -0.902203 -0.640547 0.981160 6.386962 6.160152 -0.000000 0.000001 0.000001 
59.050106 96.423233 7.956499 3.613691 4.699041 -3.463352 8.708851 0.579511 -8.029284 -1.812538 0.132363 -0.557672 -4.162396 6.894613 9.118046 -9.559772 -8.554154 4.933018 0.000001 0.000000 -0.000003 -4.925059 1.905176 -7.313897 -12.214648 6.317407 -16.378537 -6.111355 42.741831 40.506772 0.000001 -0.000001 0.000001 5.889663 4.375724 16.726954 4.291562 -2.806134 18.952547 12.099601 -37.368668 -11.502782 0.000006 -0.000001 -0.000003 -22.096589 -7.824347 42.205187 43.997029 -19.112635 -33.678539 -28.042971 11.571345 27.482146 0.000003 -0.000001 -0.000002 -12.467302 -1.119314 -19.178840 7.898536 -1.547215 -1.943209 -2.446892 8.612939 7.929722 0.000001 -0.000000 0.000001 
57.235302 95.744225 8.642880 3.766633 1.878491 -5.488171 9.249435 0.698556 -9.916279 -1.601740 -1.061367 0.905446 -3.928492 5.517984 8.221418 -11.720862 -8.313912 4.715242 0.000001 0.000000 -0.000000 -4.595247 0.711780 -9.974199 -12.497658 8.834581 -18.620508 -0.916128 39.011329 31.245421 0.000008 0.000000 -0.000000 6.266541 1.890171 17.611785 4.365329 -1.998194 18.140976 11.461543 -38.477826 -13.265631 -0.000001 0.000001 -0.000000 -18.724402 -7.656723 47.442873 43.426592 -18.591754 -33.054458 -25.904971 12.273947 26.813882 0.000005 0.000003 0.000000 -14.029882 0.008788 -14.012066 12.227886 -2.069865 -1.774659 -7.461053 8.379783 6.722463 -0.000000 0.000000 0.000001 
55.298454 95.136818 9.366053 2.910047 0.506349 -7.367721 9.969408 0.692181 -11.185247 -1.541791 -2.006891 2.085762 -3.439196 4.322372 7.585260 -12.693863 -8.659101 4.938271 0.000002 0.000000 -0.000000 -3.914055 -0.860879 -11.768075 -12.553428 10.363956 -20.168319 1.974877 34.994119 24.932999 0.000002 -0.000003 0.000000 6.724226 0.216813 18.411921 4.569235 -2.229110 17.125497 10.469408 -38.589445 -14.280733 -0.000001 -0.000002 0.000003 -14.650361 -6.704693 51.523624 42.203466 -17.439010 -31.185944 -22.938051 12.870309 25.133390 0.000003 -0.000000 0.000001 -15.297590 0.869979 -9.787451 16.455908 -2.209659 -0.386489 -9.727263 6.734776 4.573910 -0.000000 0.000000 -0.000000 
52.932346 94.704048 10.128610 0.756133 -1.521228 -9.958579 9.914869 0.898915 -13.765555 -0.339982 -3.349539 3.521371 -3.433847 2.550024 7.631290 -10.813370 -9.407632 5.345258 0.000002 0.000000 -0.000000 -3.837163 -1.979763 -12.687497 -12.455404 11.699125 -20.393992 5.562707 33.951289 17.771935 0.000005 -0.000002 -0.000000 7.202483 -0.595603 19.986771 4.085746 -3.240989 15.020387 10.975563 -39.423275 -14.628892 0.000003 -0.000002 -0.000003 -9.027510 -4.493919 55.546155 39.901241 -14.969005 -27.419161 -18.132795 12.765970 21.458045 0.000003 0.000003 0.000000 -13.578840 1.155802 -3.445596 17.947538 -2.083236 0.512660 -11.893756 4.761947 2.276816 -0.000002 0.000001 0.000001 
50.173836 94.594017 10.895003 0.560543 -1.278302 -12.622287 8.470433 1.403448 -15.553206 0.782423 -4.523843 4.827878 -2.682795 -0.767127 7.171401 -8.590377 -10.758120 5.699311 0.000002 0.000001 0.000000 -4.116001 -3.732045 -13.022780 -13.104365 9.833475 -19.323080 10.035512 35.313164 8.505748 0.000002 -0.000002 -0.000001 6.614069 -0.466646 20.410419 3.666057 -6.533110 13.122033 12.698975 -39.405977 -12.373161 -0.000001 -0.000001 -0.000000 -3.777524 -2.015480 57.460524 33.451384 -10.290675 -21.327633 -10.097692 11.054890 14.689457 -0.000000 0.000000 0.000003 -10.027882 1.456707 2.862874 14.140869 -1.371865 1.325504 -15.176759 3.022256 -0.175747 -0.000000 0.000001 -0.000000 
47.419945 94.672951 11.643564 -0.522482 -1.633135 -13.748689 7.881850 1.812915 -17.451960 1.858803 -4.908471 5.219182 -2.718608 -1.372386 7.519587 -6.016905 -11.710561 5.988653 0.000002 0.000001 0.000000 -3.464825 -6.796787 -12.847949 -13.463975 8.182947 -18.580249 13.447775 35.086969 0.915853 0.000001 0.000001 -0.000002 6.073136 -2.839668 20.694611 2.452992 -7.585664 10.975796 15.602819 -39.379657 -9.994559 0.000004 0.000002 0.000001 1.595967 0.772092 57.279848 26.232313 -6.483072 -15.993561 -2.665594 9.557970 9.302684 -0.000000 0.000002 -0.000003 -6.640873 1.927737 7.803428 9.815158 -0.722627 0.430592 -16.136677 2.456376 -0.765826 -0.000000 0.000000 0.000001 
44.472481 95.103294 12.433598 -0.734930 0.767165 -13.818888 7.040783 1.988756 -17.177086 1.690508 -4.991359 5.253527 -1.598127 -4.223151 6.581418 -3.823977 -11.705441 5.653385 0.000002 -0.000001 -0.000000 -3.174765 -6.720235 -11.392762 -13.351244 4.023259 -17.646555 14.912186 30.511889 -6.417165 0.000001 -0.000005 0.000000 4.914214 -2.471256 18.335745 1.824160 -9.563670 8.204961 14.469382 -34.501376 -8.524116 0.000004 0.000001 -0.000000 1.916887 1.091066 54.861111 20.544007 -3.902147 -8.672206 1.964804 6.448105 4.590038 -0.000002 0.000001 -0.000000 -3.113432 2.073181 10.481232 4.434376 -0.350120 1.855773 -16.239743 1.387448 -2.617945 -0.000000 -0.000001 0.000000 
41.545593 96.004593 13.255364 -0.577491 1.293176 -12.983437 5.113241 2.183710 -15.681839 2.685912 -4.894756 5.128394 -1.044265 -5.015012 5.412299 -2.812552 -10.744008 4.870640 0.000006 0.000001 0.000000 -2.235922 -7.325218 -9.036453 -12.806082 1.894192 -17.348879 11.463935 21.879806 -7.743629 0.000002 0.000000 0.000003 3.174825 -3.098548 14.186343 0.781647 -10.132821 4.892427 13.900634 -27.580319 -6.535094 0.000007 0.000002 -0.000003 3.390623 1.873494 49.760254 14.517401 -1.998047 -3.777127 4.262300 5.976600 3.049753 0.000002 0.000001 -0.000000 0.814122 2.024996 11.702303 -2.753492 0.091883 2.473763 -11.901313 0.797267 -2.026460 0.000001 0.000001 0.000000 
38.830688 97.117966 14.068647 0.148865 3.177569 -11.919001 4.788413 1.927725 -13.594480 3.310464 -4.575033 4.850934 -1.883389 -5.871160 4.208644 -1.408441 -10.433383 4.793180 0.000001 0.000001 0.000000 -0.594137 -7.982124 -8.007351 -11.345034 -0.733962 -17.052148 7.006754 13.128197 -5.393257 -0.000003 0.000002 -0.000001 2.421600 -3.227473 10.603264 0.603269 -9.725680 1.748809 11.333874 -22.146164 -6.890146 -0.000000 0.000006 -0.000001 2.780358 1.639314 44.693524 11.069010 -1.061226 -0.583671 5.068072 7.111334 3.613593 0.000003 0.000002 0.000002 3.620540 1.704170 11.257658 -10.112401 0.079500 3.367034 -7.733598 0.356244 -1.765035 -0.000000 0.000000 0.000001 
36.240814 98.640427 14.911812 -0.882076 3.949973 -9.548398 5.283169 1.495210 -11.088808 1.387221 -3.379134 3.470211 -1.025484 -6.024998 3.451176 -0.736528 -9.594969 4.517033 0.000001 0.000001 -0.000001 0.054853 -6.926288 -7.093078 -8.460700 -3.002292 -13.893938 3.737186 5.173699 -5.135070 0.000000 -0.000002 0.000001 1.336480 -2.577102 6.466835 -0.045078 -8.459522 -1.680970 10.204681 -16.747165 -6.166310 -0.000001 0.000001 -0.000002 4.950048 2.302765 37.471224 7.062499 -0.228577 -2.306243 3.826181 12.238682 7.911242 0.000003 -0.000000 0.000005 7.803322 0.938699 9.873627 -17.653131 0.137468 3.821299 -2.903408 1.328227 -0.000478 -0.000000 0.000001 -0.000000 
33.749142 100.399300 15.839321 -1.097006 1.856382 -7.115431 3.173200 1.305614 -8.194462 1.541793 -2.478256 2.420891 -1.225053 -4.139310 1.875065 1.117103 -7.560615 3.222325 0.000004 0.000001 0.000000 0.596293 -6.527380 -5.869074 -5.074992 -3.943829 -9.195050 2.081579 -0.056656 -5.302820 -0.000003 -0.000003 -0.000004 0.145410 -1.758986 2.528494 -0.580656 -6.533718 -3.568889 9.476459 -10.428872 -4.332583 0.000003 -0.000003 -0.000003 3.922753 1.623982 28.919919 6.739205 0.236417 -5.297116 2.248219 13.917361 10.109450 0.000001 -0.000001 -0.000001 9.687432 0.477383 8.556077 -21.620364 0.061405 3.610189 2.472016 2.945377 2.257314 -0.000004 0.000001 0.000001 
31.429171 102.070564 16.856682 -0.675775 -0.259124 -4.889825 1.887380 1.128299 -6.372431 0.416662 -1.393765 1.179448 -0.385256 -2.341176 1.380553 1.568251 -6.079758 2.356810 0.000004 0.000000 -0.000000 0.342402 -5.880760 -5.163871 -3.134959 -4.999739 -5.499193 0.752472 -2.829909 -6.062694 0.000001 -0.000003 -0.000001 -0.869195 -0.396350 -0.079528 -1.422007 -5.500589 -4.344583 8.700822 -6.272701 -2.348585 0.000001 0.000000 -0.000003 2.306979 1.007517 21.033320 6.636515 0.310278 -6.162846 1.154388 11.153238 8.642721 0.000004 -0.000002 -0.000001 8.453699 0.186751 7.004149 -20.092398 -0.029455 3.328770 5.410524 3.478908 3.252277 0.000001 0.000000 0.000001 
29.148907 103.608963 18.037523 -0.170721 -1.118003 -2.544390 0.775596 0.805389 -4.439938 -0.200082 -0.474682 0.383649 0.553046 -1.138483 0.642269 -0.074631 -3.955743 1.789896 0.000002 0.000001 -0.000001 0.403141 -3.677625 -3.393465 -0.724460 -4.467402 -2.692888 -0.037005 -4.324110 -5.633900 0.000001 -0.000001 -0.000002 -1.441200 -0.287599 -2.587692 -0.869080 -2.379558 -3.497485 4.386127 -3.533862 -1.935801 0.000005 0.000003 -0.000000 0.809492 0.341066 12.629561 3.664098 0.252780 -4.130450 -0.620149 4.581074 4.193557 0.000001 0.000001 -0.000000 4.909581 0.482316 5.438522 -10.937586 0.065444 2.276285 1.506983 4.179881 3.484185 -0.000005 0.000000 0.000002 
26.905634 104.941200 19.269829 0.242315 -1.473487 -0.966696 0.567022 0.470413 -2.379053 -0.662343 0.037462 0.000079 0.640153 -0.492218 0.161083 -0.511033 -1.597927 0.762980 -0.000003 0.000000 -0.000002 -0.196815 -1.793775 -1.619315 0.004421 -2.436792 0.004177 -0.079141 -2.574533 -5.682462 0.000001 0.000001 -0.000001 -1.535343 0.061311 -2.462857 -1.814625 0.255722 -2.416660 3.373273 -2.402215 -0.168588 0.000004 -0.000000 -0.000003 0.090047 -0.059248 5.743208 1.625995 0.132654 -2.064018 -1.798555 -0.539244 0.220982 0.000002 0.000004 0.000001 1.728520 0.614293 3.571398 -2.729940 0.050152 1.096215 -0.539469 2.227723 1.970826 -0.000000 0.000000 0.000001 
24.808558 106.041740 20.503845 0.534837 -0.580073 -0.197409 -0.456683 0.211214 -0.924306 -0.047390 0.042610 -0.043537 0.110323 -0.559780 -0.117698 -0.102025 -0.361741 0.277406 0.000000 0.000001 0.000001 -0.165984 -0.783001 -0.244346 0.098247 -1.059854 0.984101 0.398766 -0.260943 -4.490997 0.000007 0.000001 -0.000001 -1.065440 -0.151243 -1.349911 -1.574231 0.561163 -1.430934 2.774638 -0.652729 1.172987 0.000005 0.000002 -0.000002 -0.348821 -0.102224 1.176604 -0.013706 0.184939 -0.356338 -1.692375 -1.677654 -0.834340 0.000002 -0.000001 0.000002 0.450030 0.352928 1.670921 0.109021 0.012869 0.433696 -1.878099 1.061020 0.725862 -0.000000 0.000000 0.000001 
22.707653 106.735703 21.719793 -0.323236 0.348630 0.121564 0.276816 -0.123702 0.557759 0.028567 -0.025659 0.026252 -0.067035 0.337190 0.071442 0.062322 0.217738 -0.167469 0.000002 0.000001 -0.000002 0.098419 0.472151 0.146144 -0.050409 0.639384 -0.592149 -0.249720 0.141867 2.706965 0.000002 -0.000003 0.000003 0.640178 0.103230 0.811969 0.955180 -0.319018 0.869495 -1.665290 0.420427 -0.691065 0.000002 -0.000001 -0.000000 0.211176 0.058130 -0.709276 0.008800 -0.111392 0.214745 1.008073 1.022472 0.478768 -0.000001 -0.000001 0.000001 -0.276073 -0.206272 -1.008163 -0.065741 -0.007356 -0.261340 1.125190 -0.650593 -0.420480 -0.000002 0.000000 0.000000 
20.562134 106.953270 22.880438 -1.240371 1.874910 1.117442 0.980778 -0.260359 0.749226 1.320304 0.301762 -0.574991 -1.408751 1.022369 1.279502 0.683589 -0.061114 -0.453057 0.000002 0.000001 0.000000 -0.095292 1.561558 -0.147983 -0.946836 1.429203 -3.031150 -1.388925 0.237051 10.794780 0.000003 -0.000001 -0.000000 2.321784 0.365223 3.861671 2.628441 0.089319 3.984902 -4.900264 -1.383951 -3.685653 0.000003 0.000000 -0.000000 0.373974 0.191442 0.415504 2.478026 -0.178883 -3.951897 -1.907273 4.971637 5.001392 0.000004 0.000002 0.000002 0.793083 -1.475746 -5.357246 -5.538149 0.128498 -1.105548 3.941777 -0.279937 0.231347 -0.000000 0.000000 0.000001 
18.532698 106.869339 24.045753 -2.133991 3.051771 1.837925 2.011303 -0.324586 0.681826 1.375368 0.719025 -1.253497 -1.794680 1.478115 2.407295 0.921798 -0.582519 -0.278828 0.000002 0.000001 -0.000001 -0.761322 2.400827 -0.704148 -1.905452 2.418173 -4.614014 -2.425251 1.144416 16.843373 0.000003 -0.000003 0.000001 3.356146 0.113704 6.603061 3.925363 -0.744103 6.649437 -6.744384 -2.378271 -4.810819 0.000003 0.000002 -0.000000 0.035501 0.278438 2.106493 5.805758 -0.880723 -8.346656 -6.196252 8.319493 9.780387 0.000002 0.000002 0.000001 0.163628 -2.193194 -8.993676 -7.423681 0.520891 -1.996298 5.692530 -0.138244 0.838306 -0.000004 -0.000000 0.000001 
16.466635 106.204895 25.218037 -1.801567 6.253848 2.542227 1.148672 -0.421798 1.452289 3.184534 0.548130 -1.495643 -3.576701 1.623563 2.737321 -0.443854 -1.341207 -0.157511 0.000000 0.000001 0.000000 -1.322410 2.065805 -2.472498 -4.111845 -0.029617 -8.043443 -4.397928 -0.426119 23.845497 0.000001 0.000003 0.000000 3.811425 -0.333214 8.702351 5.625407 -3.007900 10.540329 -7.488141 -3.978127 -6.028561 0.000003 -0.000000 -0.000000 -2.944570 0.436152 4.833023 12.449061 -2.517450 -13.531118 -12.109703 12.367204 16.782647 0.000001 0.000001 0.000000 0.956917 -3.833138 -13.986959 -7.701354 0.101611 -2.358862 5.830737 0.256007 0.810198 -0.000005 0.000000 -0.000001 
14.335487 105.158249 26.394018 -1.590003 8.711232 3.288480 1.769981 -0.524869 2.119818 3.678716 0.651598 -1.785278 -3.860015 1.900089 2.604546 -2.614388 -2.254788 0.283588 0.000002 -0.000001 -0.000000 -2.526766 1.897784 -6.168324 -6.411688 -1.912575 -11.056026 -6.884197 -1.748006 30.503003 0.000000 -0.000002 -0.000000 4.110759 -0.258865 10.741657 7.008058 -4.011854 14.408907 -9.677840 -7.388216 -7.814255 -0.000000 -0.000002 0.000002 -6.248845 0.156576 7.333385 19.245330 -4.825704 -17.686189 -18.561461 14.874298 23.813502 0.000002 0.000002 0.000001 -0.407204 -4.699988 -18.776506 -6.166262 -0.486883 -3.785480 7.025446 2.253687 2.296249 -0.000004 -0.000000 0.000004 
12.246074 104.008949 27.540066 -1.860854 10.496244 3.575098 2.437549 -0.581932 2.469244 3.310534 1.037118 -2.413385 -3.960513 2.000671 3.074671 -3.405926 -3.221383 0.483414 -0.000001 -0.000002 -0.000001 -3.303447 2.198126 -8.365123 -7.910758 -0.923998 -12.362157 -8.036682 -1.423798 33.862999 0.000003 -0.000001 0.000001 4.437438 -1.372644 12.351642 8.395503 -5.297208 17.376780 -10.009140 -9.548290 -8.677961 0.000003 0.000000 0.000002 -7.665704 0.003991 9.783081 24.750020 -6.972500 -20.032108 -23.826867 15.416575 28.442612 0.000002 0.000003 -0.000002 -0.891269 -5.410428 -21.938723 -8.745256 -0.505011 -4.658952 8.882927 4.380355 3.900538 -0.000000 -0.000001 0.000000 
9.931417 102.668121 28.664183 -2.143209 11.756525 3.718842 4.134887 -0.548656 1.882853 2.580676 1.619199 -3.147752 -4.150764 2.093694 3.821103 -3.734922 -4.091070 1.344738 0.000002 -0.000002 -0.000001 -4.091677 3.225659 -10.504730 -8.914158 1.641515 -14.339169 -8.260397 0.816090 37.000835 0.000000 0.000000 0.000003 4.894388 -1.751582 12.972407 8.612227 -3.774392 19.993222 -10.926850 -13.818562 -11.983796 0.000001 0.000000 -0.000001 -10.243510 -0.450938 13.747370 30.991857 -10.008515 -22.587036 -27.812493 15.028457 31.197975 0.000001 -0.000003 -0.000002 -1.439326 -5.774285 -24.000255 -9.123359 -0.229833 -4.966317 7.999331 4.568200 4.128192 -0.000002 0.000001 0.000000 
7.342934 101.209671 29.769817 -1.541361 10.981371 3.577957 4.698336 -0.279334 -0.470047 3.020070 1.847865 -3.526717 -5.009024 2.618183 4.669640 -4.332560 -4.770905 1.504057 0.000004 0.000002 0.000001 -4.856413 4.043148 -11.549449 -10.002185 5.010150 -15.875856 -7.772025 5.161555 38.141146 0.000002 0.000005 0.000002 5.003002 -1.273155 13.105454 9.020630 -2.973871 22.505333 -10.588981 -17.001260 -14.366318 0.000002 0.000001 -0.000003 -13.318713 -1.283499 18.754605 36.315583 -13.011845 -26.247502 -29.561516 15.377426 33.264701 -0.000000 -0.000002 0.000001 -1.321754 -6.046122 -24.196799 -5.814967 -1.029599 -4.677781 3.741019 6.566777 4.942181 -0.000002 0.000001 -0.000000 
4.742758 99.795128 30.863928 0.008676 10.053652 2.951364 4.752144 -0.046804 -2.290617 1.968419 2.039873 -3.528355 -4.544626 2.845341 5.012685 -5.775234 -4.579860 1.573869 0.000002 0.000001 0.000000 -5.451069 4.834699 -12.055582 -10.898874 6.710329 -17.263942 -7.621138 9.738942 39.295195 0.000004 -0.000005 -0.000001 4.840659 -1.232954 12.565856 9.355991 -2.166894 24.633364 -10.907994 -18.643522 -15.701150 0.000005 0.000004 0.000003 -15.729280 -2.418852 23.369581 39.357363 -15.208111 -29.732442 -30.350089 15.283354 34.128048 0.000005 0.000002 -0.000002 -2.624477 -5.376766 -23.495316 -2.048886 -1.690780 -3.801857 -0.870890 7.289704 4.952749 -0.000000 -0.000001 0.000003 
1.836895 98.367180 31.968864 0.793367 8.347186 1.535669 4.854871 0.247770 -4.753813 1.808553 1.487536 -2.815446 -4.555005 2.510886 5.021871 -6.758207 -4.084051 1.279972 0.000002 0.000001 0.000001 -5.559406 4.890949 -13.119391 -11.324293 8.433071 -18.506976 -7.358760 12.024623 40.085766 0.000001 0.000000 0.000000 5.169127 -1.881390 13.204515 9.905273 -1.469331 26.325935 -10.128977 -18.355928 -15.595431 0.000001 -0.000003 -0.000004 -16.544807 -3.528825 29.662029 40.883644 -17.273192 -33.419931 -29.401666 16.268957 34.227099 0.000001 -0.000003 0.000001 -4.631730 -4.066728 -20.908432 4.506992 -2.258984 -1.977295 -5.832464 6.990098 3.804171 -0.000000 0.000000 -0.000003 
-1.300606 97.012016 33.112465 1.242396 6.715267 -0.432458 4.426676 0.639544 -7.131714 1.061701 0.607548 -1.660090 -3.511117 1.453345 4.402646 -7.010080 -3.612515 0.783168 0.000002 0.000001 0.000000 -5.799021 4.464615 -13.906866 -11.622060 10.598486 -18.303780 -6.692453 14.614523 38.057736 0.000001 -0.000005 -0.000001 5.099852 -2.554345 13.506124 10.349033 -2.113165 27.198380 -7.698484 -17.246352 -13.677784 0.000004 -0.000001 -0.000001 -15.737714 -4.344673 35.953552 42.314456 -18.486459 -34.479177 -27.829193 16.424225 33.029360 0.000004 -0.000004 -0.000000 -6.357408 -2.666059 -16.825596 11.909514 -2.686688 -0.559587 -10.998366 7.061109 2.955510 0.000001 -0.000001 0.000002 
-4.334475 95.812218 34.253971 0.817726 5.148356 -1.758832 4.851070 0.820574 -8.881167 1.581571 -0.141496 -0.745530 -4.115658 0.709895 3.724132 -6.703449 -2.924053 0.450423 0.000004 -0.000000 0.000002 -4.820295 3.002429 -14.741435 -11.730594 10.552920 -19.464009 -6.169084 13.065193 37.003622 -0.000000 0.000003 -0.000000 5.417092 -3.741514 13.612901 11.878210 -3.890596 27.129457 -4.599126 -14.304433 -10.767708 0.000001 -0.000001 -0.000000 -13.585695 -4.319290 40.554013 42.055763 -18.646690 -34.461900 -25.865609 16.640211 31.541817 0.000000 -0.000002 -0.000001 -7.594337 -1.654617 -13.543215 15.820069 -2.620230 0.784798 -14.307426 6.856240 2.091753 -0.000000 -0.000001 0.000002 
-7.514643 94.885826 35.425133 -0.392149 2.207315 -3.910586 6.188276 0.904558 -10.940508 1.341791 -0.845912 0.146880 -3.878827 -1.009274 3.244801 -5.974896 -1.451021 -0.670801 0.000000 0.000000 -0.000000 -3.915481 1.593474 -15.420971 -10.386331 12.041594 -18.146914 -5.187361 6.600545 33.367643 -0.000000 -0.000002 -0.000001 5.813483 -4.097444 13.576761 13.303559 -6.212433 25.195306 0.943984 -9.204145 -6.541077 0.000008 0.000005 -0.000001 -8.896498 -2.915244 44.897624 40.425622 -16.685189 -32.309155 -22.241085 16.553465 28.428096 0.000002 0.000000 0.000002 -8.540661 -0.692376 -8.649882 15.966090 -2.760682 2.684224 -16.956047 6.454763 0.720955 -0.000002 -0.000000 0.000000 
-10.796482 94.249390 36.588860 -1.318253 -1.086627 -7.072221 5.498143 1.291001 -12.804323 2.780244 -1.615832 1.181927 -4.684318 -2.557213 2.989932 -4.184450 -0.426249 -1.187104 0.000000 -0.000000 0.000001 -3.133898 0.343474 -14.728803 -8.786687 12.489430 -14.862845 -3.539568 3.252498 24.618319 0.000003 -0.000003 -0.000000 5.732429 -5.668505 13.533012 11.912856 -6.897975 21.057053 9.635308 -6.981447 -2.531225 0.000006 0.000003 -0.000001 -4.168760 -1.194854 48.569936 38.465549 -14.863265 -28.133580 -17.366652 15.556210 23.578773 -0.000000 0.000002 0.000003 -7.983721 0.196257 -2.580491 14.248457 -2.158132 4.109619 -18.331046 6.817815 1.264326 -0.000000 0.000000 0.000000 
-13.903072 93.794785 37.745438 -2.175371 -3.106776 -9.613601 4.343824 1.677520 -14.096756 3.059756 -2.220907 1.886223 -4.204005 -3.728530 2.786700 -2.645521 -0.419606 -1.771605 -0.000001 0.000000 -0.000000 -2.609610 -0.746100 -14.601498 -7.108874 12.326880 -11.631549 -1.234587 2.345750 15.826122 0.000002 0.000002 -0.000003 5.522307 -5.992222 13.145643 10.849146 -7.997129 17.347291 15.436439 -4.532182 0.059917 0.000007 0.000001 -0.000001 -0.178827 0.584947 50.827163 36.206727 -12.722825 -23.754894 -13.957745 13.091675 18.670848 0.000004 0.000004 -0.000000 -5.996988 0.638457 1.793419 10.144392 -1.833804 5.797902 -19.354296 6.205197 -0.000928 -0.000002 0.000001 0.000001 
-17.017159 93.600601 38.881058 -1.330922 -5.981233 -11.988797 1.707374 2.384826 -15.470578 3.175896 -2.869269 2.662623 -3.544789 -4.778049 2.307777 -1.295749 0.208400 -1.953827 0.000002 -0.000000 -0.000000 -2.708712 -2.399099 -13.805153 -6.075016 8.487450 -8.236250 2.679246 5.629476 3.606356 0.000005 0.000001 -0.000003 4.063983 -6.999139 11.810675 8.640597 -9.026365 13.974438 20.419308 -3.936056 2.424921 0.000005 -0.000000 0.000001 3.823228 2.210509 51.269271 30.841104 -9.700516 -18.472641 -7.989457 11.052048 12.874655 0.000001 0.000001 -0.000000 -3.828289 1.306992 6.185999 4.274728 -0.875875 7.255338 -19.041480 5.535738 0.373142 -0.000000 0.000000 0.000000 
-20.042015 93.562714 40.024666 -0.961234 -10.176831 -13.292323 -1.503547 3.057556 -16.282988 2.860252 -3.069707 2.957673 -2.422065 -6.587781 0.992153 0.065490 2.425253 -2.985644 0.000002 0.000001 -0.000004 -1.561909 -5.324191 -13.484320 -4.532986 1.056985 -6.068116 6.592225 7.937675 -6.713536 0.000003 -0.000001 0.000003 2.616811 -7.982590 9.747150 6.401407 -8.609572 11.027468 23.697777 -4.072989 4.092754 0.000001 0.000001 -0.000001 7.583079 3.739879 50.643080 25.460695 -7.219261 -14.191604 -3.632903 9.403929 9.043464 0.000005 -0.000002 0.000001 -1.194989 1.832317 9.763215 -1.751999 -0.402019 7.637489 -19.220303 6.607999 2.323963 -0.000000 -0.000001 0.000000 
-22.798798 93.569252 41.155373 -1.663770 -12.998130 -13.314041 -2.863754 3.541518 -17.282074 2.276697 -3.100089 3.010088 -1.720892 -8.244200 -0.098895 0.925493 4.280072 -4.085422 0.000000 0.000001 0.000002 -1.144731 -7.565777 -13.428065 -3.621027 -4.239713 -3.759316 9.171044 8.969335 -14.751820 -0.000004 -0.000003 -0.000000 0.911349 -9.019959 7.633508 4.375826 -8.846222 9.198130 28.164425 -4.090990 6.255786 -0.000001 0.000002 -0.000003 9.103507 4.297061 49.716561 24.632860 -6.852888 -10.970670 -2.719720 7.108163 6.602596 -0.000001 -0.000000 0.000001 1.592513 1.871685 11.022137 -4.795238 0.027382 7.633080 -20.375844 7.645695 3.846693 -0.000000 0.000001 0.000001 
-25.446362 93.694359 42.234505 -1.446267 -17.042036 -13.222100 -5.867975 4.141710 -17.368637 2.685155 -3.173866 3.074189 -1.255186 -10.670104 -1.745875 1.167198 6.988950 -6.021388 0.000002 0.000001 0.000001 -1.438298 -8.966585 -13.584416 -2.995786 -7.457440 -0.930221 7.872357 8.211324 -17.033667 0.000002 -0.000001 0.000001 -1.084805 -9.611980 5.244575 2.026530 -7.916332 7.825553 32.042176 -4.591664 8.546938 0.000003 0.000000 0.000002 12.082333 5.321735 48.194344 21.024740 -5.566634 -9.242190 -0.461514 5.937591 4.606419 -0.000000 -0.000002 0.000002 3.776030 2.161885 12.398074 -8.735611 0.419165 7.179698 -19.650285 9.636867 6.870589 0.000001 -0.000000 0.000000 
-27.939457 93.855568 43.298424 -1.430066 -21.593503 -12.982532 -9.058053 4.632058 -17.105290 2.705316 -3.918215 3.982932 -0.557456 -12.290452 -4.033546 1.024290 10.099549 -7.999879 0.000002 0.000001 0.000002 -0.482077 -11.361093 -13.442039 -2.580413 -8.836235 0.643969 5.071837 6.868279 -14.269811 -0.000001 -0.000001 0.000001 -2.846458 -9.862061 1.975101 0.348455 -5.393674 7.839254 33.057378 -5.171075 9.532891 0.000003 0.000005 0.000001 15.741067 6.574904 46.189950 17.602606 -4.717664 -8.763205 3.122491 5.925321 2.920256 -0.000002 0.000000 -0.000001 6.194864 2.453064 13.456259 -12.403807 1.078101 6.209991 -19.098788 11.516174 9.712976 -0.000000 -0.000000 0.000000 
-30.156479 94.013351 44.363884 -1.349346 -24.347176 -12.356617 -10.476460 4.828880 -17.027972 2.898456 -4.437684 4.693688 -0.867542 -13.191394 -5.654194 1.104944 12.681345 -9.452125 0.000000 0.000003 0.000001 0.180052 -13.009994 -13.620435 -2.041959 -11.208534 1.130407 3.442145 6.749731 -10.687105 0.000001 -0.000001 0.000001 -4.077705 -10.395508 -0.333977 -0.572709 -4.103364 7.177084 33.641222 -5.701873 10.054949 0.000002 0.000003 -0.000003 17.868746 7.079431 44.456745 16.141914 -4.463721 -8.671935 5.512601 6.129815 2.024806 -0.000005 0.000003 -0.000001 7.601071 2.540777 13.634460 -14.359156 1.610923 5.463204 -19.501460 12.706138 11.658830 -0.000000 -0.000000 -0.000000 
-32.170204 94.218689 45.409924 -0.640338 -26.969883 -11.436008 -12.005953 5.013825 -16.778870 4.196801 -4.915826 5.274471 -2.186225 -15.076584 -7.212302 0.358598 15.061609 -10.683661 0.000000 -0.000000 -0.000000 0.778260 -15.270563 -13.988292 -2.377741 -13.590233 1.300098 1.150698 8.933204 -2.164455 0.000002 0.000001 0.000002 -5.698342 -9.999277 -2.863299 -1.805327 -3.943882 6.299218 34.775174 -6.943187 11.036180 -0.000003 0.000000 -0.000003 18.958725 7.182864 42.519359 15.388736 -4.183378 -8.398868 7.046332 5.902256 1.297466 0.000002 0.000002 0.000004 8.158340 2.503385 13.726293 -16.778025 1.660884 4.980202 -18.728958 14.336791 13.654399 0.000003 0.000000 0.000001 
-34.053326 94.449333 46.388134 -0.247331 -29.410412 -9.509321 -12.878568 5.260565 -16.942066 4.804939 -4.678204 4.833142 -3.266775 -16.257184 -8.085977 -0.553501 16.858319 -11.752575 0.000002 -0.000004 0.000001 0.804659 -17.159208 -14.800923 -3.549655 -16.533684 -0.214633 -0.405748 13.124859 6.851662 0.000005 -0.000001 0.000003 -7.504899 -9.807695 -5.760298 -2.700810 -5.196603 4.582055 36.823903 -9.694044 11.385235 0.000003 0.000001 -0.000003 18.937632 7.042338 40.406501 16.094123 -4.313207 -8.102173 8.387253 4.237194 -0.506673 0.000006 -0.000003 0.000004 7.750971 2.181704 13.167413 -17.368222 1.895101 3.580452 -18.321994 16.209644 16.013944 0.000001 -0.000001 0.000000 
-35.775616 94.663887 47.318489 -0.766009 -30.163932 -7.465129 -12.486213 5.324292 -17.260911 3.771457 -4.167047 3.990335 -3.223426 -17.308420 -8.894492 -0.849977 17.703878 -12.276276 0.000004 -0.000001 0.000004 -0.000357 -18.298647 -15.754284 -6.014373 -18.900202 -3.000372 -1.143374 17.324831 10.576642 -0.000001 0.000000 -0.000003 -9.667784 -10.031282 -8.455990 -3.780402 -7.385174 3.258306 41.143144 -11.208118 13.188985 0.000001 0.000000 -0.000001 19.006178 6.904470 38.682097 17.026932 -4.428066 -7.468655 7.939665 2.081463 -2.014806 0.000001 0.000001 -0.000000 7.662571 1.650663 11.969953 -16.644794 2.083721 2.281763 -18.525293 16.978255 17.396449 -0.000002 -0.000001 -0.000000 
-37.290424 94.888496 48.251789 0.179290 -31.057068 -6.224016 -11.013319 5.295055 -17.899076 3.299458 -4.094607 3.987402 -3.691161 -18.675513 -9.616141 -2.401072 17.741165 -11.688572 0.000006 0.000000 -0.000003 -0.462275 -19.879428 -17.443352 -8.891515 -23.228153 -8.207016 -4.733661 20.321928 22.824781 0.000003 -0.000005 0.000002 -10.982671 -10.622860 -10.081143 -3.605362 -9.592113 2.131142 40.692822 -14.458891 12.519493 0.000003 -0.000002 -0.000003 17.957187 6.467343 39.074689 18.559402 -4.687815 -8.286507 8.488703 0.142982 -3.347086 0.000005 0.000002 0.000001 6.099977 1.851129 12.079927 -15.160334 1.903459 0.694085 -18.890980 18.159656 18.677335 0.000003 0.000000 0.000001 
-38.546318 95.043198 49.209484 2.556692 -31.951126 -4.564367 -10.557259 5.173835 -17.591446 2.445613 -4.233918 4.165098 -3.458525 -19.335827 -10.606259 -4.494665 17.863491 -11.414062 0.000002 0.000002 0.000002 -1.516018 -20.888318 -20.399053 -12.626357 -26.207221 -14.652499 -8.274382 18.339565 32.694838 0.000004 -0.000003 -0.000000 -11.708136 -12.044123 -10.593416 -3.263113 -11.356124 1.180759 39.174700 -25.484105 9.583884 0.000005 0.000002 -0.000003 16.614667 6.020394 39.592090 18.574875 -4.365328 -9.451702 9.024598 -0.006310 -3.451479 0.000001 0.000000 0.000002 3.494651 1.982077 11.855135 -13.668429 1.677853 -0.328232 -19.576063 18.386803 18.681402 0.000001 -0.000002 0.000001 
-39.616329 95.137268 50.150841 4.501843 -32.243271 -2.571302 -10.402702 5.123688 -17.506748 1.544058 -4.112783 3.959333 -3.358749 -19.807110 -11.122517 -5.308850 18.103512 -11.651691 0.000002 0.000001 0.000000 -2.621557 -20.942603 -23.228196 -15.998448 -28.128249 -20.238899 -8.191118 14.678765 31.632221 -0.000000 -0.000003 -0.000000 -12.088675 -12.776145 -10.958729 -2.922875 -11.704902 0.902430 37.355848 -35.320827 6.632955 0.000006 0.000000 -0.000001 15.757837 5.541945 39.113813 16.898038 -3.858441 -9.174526 9.065618 0.988326 -2.679651 -0.000000 0.000003 0.000000 1.842194 1.788352 10.243530 -12.805005 1.431429 -0.306999 -19.940109 18.995277 18.970253 -0.000000 0.000001 -0.000000 
-40.471226 95.140785 51.089272 5.986747 -32.695709 -0.562729 -8.753725 5.061330 -18.303549 1.306183 -4.192216 3.787387 -3.588675 -20.874528 -11.550907 -7.027334 17.448816 -11.640978 0.000006 -0.000002 0.000004 -4.558187 -20.531351 -25.847806 -19.107015 -28.864943 -23.415770 -9.348215 12.796902 30.462835 -0.000002 -0.000003 0.000002 -13.081499 -14.191227 -10.523935 -3.406574 -13.693029 1.234646 34.802481 -43.071357 4.628438 0.000003 0.000000 -0.000002 14.435892 4.961104 39.321437 15.090786 -3.168132 -8.922439 11.064385 3.396076 -1.638873 -0.000003 0.000000 0.000003 -1.845752 1.895732 9.909275 -8.917819 1.096903 -2.113648 -20.732209 18.957567 18.707244 -0.000000 0.000000 0.000002 
-41.106792 94.984818 52.023113 6.437748 -31.952042 0.966478 -6.029373 4.666892 -18.836931 0.339190 -4.873299 4.422893 -3.754275 -21.736958 -12.816205 -8.028675 16.961371 -11.562711 0.000000 -0.000001 0.000001 -5.388286 -20.714789 -27.391017 -22.114790 -28.900675 -27.120557 -9.962934 11.828733 30.207321 -0.000003 -0.000001 0.000001 -13.476599 -15.058274 -10.105048 -3.498656 -15.675849 1.143368 31.382011 -44.171776 3.100402 0.000003 0.000003 -0.000000 12.663960 4.461708 40.298622 13.228009 -2.646712 -8.240443 12.900804 3.985520 -1.939124 0.000007 0.000000 0.000003 -5.281053 1.890207 8.787951 -4.342779 0.669048 -2.815558 -21.556820 17.552756 16.527996 0.000001 0.000000 0.000001 
-41.630749 94.783302 52.903114 7.550448 -32.045581 1.646577 -4.644296 4.363019 -18.909722 0.248262 -5.404242 5.103864 -4.315840 -21.766495 -13.411618 -9.006158 16.820213 -11.031941 -0.000001 -0.000001 0.000004 -5.122714 -21.536157 -28.244956 -23.519794 -29.770558 -30.037625 -10.196466 10.819658 32.802298 0.000005 -0.000001 0.000001 -12.686694 -15.926748 -8.982999 -2.686145 -15.591222 1.730924 26.902572 -43.897462 0.121687 0.000003 0.000003 -0.000001 12.359933 4.360886 40.426554 10.426877 -1.874194 -7.174086 14.621709 3.928484 -2.577303 0.000004 0.000001 0.000000 -7.845878 2.119710 8.545863 -1.770567 0.501853 -3.037723 -22.419153 16.725994 15.551036 -0.000000 0.000001 0.000002 
-41.914974 94.423958 53.780396 8.262670 -31.971798 2.557465 -3.252462 3.922974 -18.296958 1.305804 -5.054023 4.775655 -5.426694 -22.314107 -13.271335 -10.253176 16.936847 -10.356079 0.000000 0.000000 0.000003 -5.112571 -21.087905 -28.700844 -24.299825 -29.576608 -32.163327 -10.392269 10.006733 35.164717 0.000004 -0.000002 0.000001 -12.281373 -16.785215 -8.614827 -0.765679 -17.186296 2.742419 24.242561 -38.071898 -0.197178 0.000003 -0.000002 -0.000002 11.291898 3.911323 40.600133 11.439549 -2.362588 -8.074411 12.132962 4.356447 -1.479919 0.000002 -0.000001 -0.000005 -11.429226 2.443855 8.197145 2.633227 0.196475 -4.028168 -23.935469 15.820982 14.715286 -0.000004 -0.000002 -0.000001 
-41.916645 93.954910 54.678925 8.556065 -32.196952 3.186577 -1.778319 3.454673 -17.065740 1.348503 -5.505670 5.441959 -6.006461 -21.581887 -13.837553 -11.019087 17.219313 -10.369294 -0.000001 0.000003 0.000007 -4.869640 -20.424448 -28.145890 -23.168441 -27.884102 -30.769531 -11.479207 10.170176 38.825678 0.000003 -0.000003 0.000001 -11.386561 -16.697168 -7.448675 0.121040 -16.968087 4.065942 22.785501 -43.029300 -2.453126 0.000003 0.000004 -0.000000 10.424084 3.528591 40.464756 14.824437 -3.408898 -9.937591 8.288789 3.848237 -0.383897 0.000005 0.000003 0.000003 -15.147876 2.777369 8.033803 7.325402 -0.445792 -5.841632 -25.962406 16.064183 14.956998 0.000003 0.000000 0.000001 
-41.775501 93.542160 55.603409 8.878670 -32.210257 3.025481 -0.764393 3.064047 -16.018187 1.332864 -5.974306 6.073335 -6.018473 -20.996963 -14.006317 -11.379543 17.116850 -10.430734 -0.000001 0.000001 0.000002 -4.296927 -18.881756 -27.177659 -21.675090 -27.163942 -29.690139 -12.402808 10.256922 43.687690 -0.000001 -0.000001 0.000001 -10.451194 -16.571217 -6.937879 1.711457 -16.474345 5.178389 21.971380 -43.591698 -3.472404 0.000002 0.000002 0.000001 9.727444 3.228693 40.789576 16.560031 -4.015186 -10.807081 6.047108 3.311157 0.145617 0.000001 0.000002 0.000002 -16.777385 3.000382 7.418360 8.997439 -0.787388 -6.051805 -26.453732 16.066814 14.207304 -0.000000 0.000001 0.000000 
-41.429440 93.267281 56.430466 8.221134 -31.398154 1.212177 0.982745 2.534259 -14.081313 2.813345 -6.683802 7.140926 -6.857839 -19.687081 -13.721740 -10.614657 15.998630 -9.792322 0.000001 -0.000003 -0.000002 -3.807005 -19.315947 -25.554183 -19.187709 -22.746562 -25.332893 -12.598550 11.130863 42.781549 -0.000001 -0.000001 0.000001 -9.558665 -15.919702 -5.140161 1.730972 -17.423188 5.380451 25.029846 -40.373668 -0.243231 0.000001 0.000003 -0.000001 9.144213 3.078221 42.787857 18.252996 -4.593289 -11.586903 3.891319 0.090392 -1.515256 0.000002 0.000002 -0.000002 -16.202868 2.814845 6.180052 7.886525 -0.536314 -4.137499 -24.733350 15.367828 13.607388 -0.000000 0.000000 0.000000 
-40.813725 93.191216 57.233978 6.807510 -28.608118 0.284756 3.388360 1.915876 -12.105499 4.467695 -7.177626 7.898521 -7.769198 -17.375448 -12.885101 -8.918136 13.932549 -8.944199 0.000002 0.000001 -0.000001 -3.877930 -18.281198 -24.639621 -16.685976 -17.601280 -20.800716 -11.816808 11.507553 38.667005 0.000004 0.000004 0.000005 -8.469787 -14.440881 -3.625335 2.136614 -19.523495 4.931852 26.687151 -35.974545 1.891933 0.000004 0.000000 -0.000001 7.590275 2.686673 44.752987 18.183336 -5.079724 -12.986315 2.788203 -3.845314 -4.528224 0.000003 -0.000001 -0.000001 -15.005359 2.304052 1.929168 5.614589 0.197586 -0.273796 -20.509714 15.534114 14.469894 -0.000004 0.000001 0.000002 
-40.139851 93.215454 58.036392 5.601366 -26.978190 0.064775 5.198387 1.590582 -11.641316 5.857080 -6.948798 7.806233 -8.316313 -15.172014 -11.196745 -6.995233 11.831278 -7.920035 0.000001 -0.000001 -0.000002 -3.637181 -16.465353 -24.022178 -14.611976 -12.331608 -17.959060 -9.833448 9.912919 32.324785 0.000002 -0.000003 -0.000003 -6.573716 -13.750988 -1.645310 2.962077 -19.250393 4.539654 24.579143 -32.033731 1.022641 0.000003 0.000001 -0.000002 7.293104 2.748774 45.690701 15.654843 -4.512753 -14.674226 3.789762 -4.907475 -5.640561 0.000003 -0.000001 0.000002 -14.742299 1.938630 -1.006400 4.312656 0.398089 0.246807 -17.631860 18.894608 19.019242 -0.000000 -0.000001 0.000001 
-39.144344 93.377838 58.884270 6.809495 -23.261271 0.403346 7.059028 1.110543 -10.246082 5.675814 -6.467282 7.114377 -7.702663 -12.154257 -8.432296 -6.552961 7.875286 -6.168040 0.000002 0.000002 0.000001 -2.390386 -14.874158 -21.723120 -12.697620 -8.596841 -15.912772 -7.244403 9.149868 25.540560 0.000003 0.000001 0.000002 -4.180592 -12.708468 1.093593 3.365490 -19.021175 3.052178 21.185158 -31.943439 -2.217317 0.000006 -0.000001 -0.000003 3.168678 1.246343 48.128686 12.538041 -3.225135 -19.443312 6.243568 2.396593 -0.471787 0.000004 -0.000001 -0.000000 -15.110800 1.446052 -6.378242 4.680696 -0.343156 -3.110322 -13.841444 24.704217 25.370239 -0.000002 0.000000 0.000001 
-37.792622 93.523819 59.819347 9.589684 -17.640683 1.452059 8.462767 0.780295 -8.663204 4.283430 -5.767601 6.043713 -6.230522 -9.230952 -5.024215 -7.836834 3.857915 -3.749738 0.000000 0.000001 0.000001 -1.646525 -11.832674 -18.182676 -11.043651 -9.041448 -15.393677 -4.385539 9.656315 18.805794 -0.000003 -0.000004 -0.000001 -2.211907 -11.285417 2.965162 4.658561 -19.602447 2.201364 16.814140 -33.905271 -6.498560 0.000004 0.000002 -0.000000 -3.084275 -1.413846 49.723596 10.978854 -2.611557 -25.108983 6.625419 9.778657 4.659729 0.000004 -0.000002 -0.000001 -15.168412 0.824811 -14.075515 4.023508 -0.019298 -3.919681 -6.768303 21.931888 21.020679 -0.000000 0.000001 0.000000 
-36.377739 93.516182 60.782097 10.294876 -12.370556 1.726977 9.568173 0.549230 -7.226993 3.615717 -5.433367 5.506223 -5.428513 -6.811419 -2.500715 -8.187580 0.796591 -2.257848 -0.000003 0.000001 0.000000 -0.915233 -10.914871 -15.143260 -10.367776 -8.405960 -15.155245 -1.533931 10.868574 12.886454 0.000001 -0.000001 -0.000000 -1.390556 -10.474466 3.935849 5.311448 -21.784834 1.176281 15.139872 -34.324880 -8.425920 -0.000001 0.000002 -0.000000 -7.578093 -3.531519 51.125171 11.306444 -2.286725 -30.054799 5.798767 14.121947 8.140718 -0.000001 0.000001 0.000002 -14.715006 0.197231 -20.051760 7.315040 -0.641761 -6.621075 -3.904500 19.761266 18.483359 0.000003 0.000000 0.000001 
-34.721455 93.096184 61.768108 10.721777 -6.002103 0.977362 8.470149 0.565273 -4.493136 3.256366 -6.024445 6.018606 -4.301318 -4.153400 -0.733887 -8.204949 -2.737584 -0.878566 0.000000 -0.000000 -0.000000 -1.752215 -9.805969 -11.853135 -10.508237 -6.053825 -12.550044 1.904902 14.207835 3.870028 0.000002 0.000002 -0.000000 -1.654820 -11.222227 5.937163 2.764390 -23.923195 -1.514396 17.173003 -30.623030 -4.823951 0.000003 0.000003 -0.000005 -14.110795 -7.108673 53.921161 15.183876 -4.393781 -36.274277 6.362873 14.857992 8.114641 0.000004 0.000000 0.000002 -9.555732 -2.409053 -26.393955 5.054655 0.204673 -7.823178 -4.936727 18.685057 18.266304 0.000001 -0.000001 0.000001 
-32.860165 92.195374 62.675465 10.095273 -0.554254 0.262999 8.365977 0.437792 -1.877901 2.726168 -6.270031 6.332997 -3.364418 -2.597423 0.155238 -8.618465 -5.405184 0.416155 0.000002 -0.000001 -0.000000 -1.855229 -8.938816 -9.196668 -8.577626 -3.169072 -8.138678 6.051525 16.421534 -4.049487 0.000004 -0.000001 0.000001 -0.845078 -10.027371 7.894531 0.897790 -21.559253 -2.458062 14.739488 -26.541154 -4.733870 0.000002 0.000004 0.000001 -19.667827 -10.316144 55.525692 19.729305 -7.446891 -41.568562 1.209447 16.300241 11.646924 0.000004 -0.000005 -0.000003 -4.992411 -4.974155 -30.365628 1.120907 1.127704 -12.029412 -5.544596 21.899953 22.234928 -0.000002 0.000002 -0.000001 
-31.021038 91.092903 63.575397 10.636602 3.620627 -0.099408 7.281704 0.281297 -0.536782 2.364443 -6.026780 6.217987 -3.026818 -1.783114 0.868726 -9.099426 -7.621068 1.666472 0.000002 0.000001 0.000002 -1.165285 -7.764836 -7.088518 -6.738588 -1.255211 -5.144474 9.204627 17.305435 -8.779637 0.000001 -0.000003 -0.000002 -0.016421 -9.410823 8.318136 0.514400 -17.767294 -1.421935 11.416029 -24.545830 -6.580369 0.000007 -0.000003 -0.000002 -24.952723 -13.147996 56.081266 23.129701 -9.897035 -45.803412 -2.619692 18.445366 15.554111 0.000002 -0.000001 -0.000002 -0.756875 -7.492026 -32.417249 -2.898071 1.702682 -14.332894 -6.547337 23.898945 24.401657 -0.000002 0.000001 0.000003 
-29.235588 89.546028 64.467041 12.523364 7.524703 -0.140066 6.134109 0.345204 -1.671894 1.314668 -5.285415 5.445649 -3.027663 -0.364645 2.623572 -10.830774 -10.160504 3.372856 0.000004 -0.000000 0.000001 -0.559526 -5.709144 -4.033980 -4.403242 -2.431908 -2.238162 12.083144 18.377514 -10.324406 -0.000001 0.000002 -0.000004 1.087311 -8.226946 8.731250 0.295544 -13.400775 0.184598 11.410932 -25.056134 -8.782927 -0.000000 0.000003 0.000001 -32.343859 -16.708594 55.792824 27.996693 -13.236890 -49.109726 -6.643912 19.170828 18.822360 -0.000000 -0.000006 -0.000000 2.752260 -9.372608 -31.763303 -1.946639 0.989044 -19.085762 -7.218957 23.175254 23.405101 -0.000007 -0.000000 -0.000001 
-27.626522 87.722130 65.338074 12.929779 12.161815 0.256217 7.028353 0.519917 -3.378242 0.029517 -4.463194 4.556110 -3.005941 1.192534 3.898552 -10.899851 -13.010604 5.046718 0.000002 0.000000 0.000001 0.162015 -5.049756 -1.545105 -2.674237 -5.008133 -0.721894 10.266183 16.068577 -6.447721 -0.000000 0.000001 0.000000 1.602141 -7.084683 9.110928 1.429687 -12.065563 1.848422 12.897900 -23.349237 -8.536407 0.000002 0.000003 -0.000000 -40.059551 -19.891439 53.657403 35.337111 -17.685166 -48.637586 -10.244768 16.306691 19.255323 0.000003 -0.000002 -0.000003 6.139622 -11.119889 -31.714331 2.339502 -1.096886 -22.100742 -8.927113 22.411792 21.922720 -0.000004 -0.000002 0.000006 
-26.200069 85.909218 66.168533 13.370465 15.153832 0.621631 7.498942 0.605126 -4.589699 -0.886353 -3.394275 3.240410 -3.173648 2.190483 5.326599 -10.528194 -14.667592 6.346530 0.000002 0.000000 0.000001 0.519276 -4.130713 -0.178338 -2.015840 -8.188519 0.049509 9.375124 15.301647 -4.353691 0.000002 -0.000001 -0.000002 1.525858 -5.985128 8.373300 1.635260 -11.370924 2.914825 15.860895 -22.714038 -7.081943 -0.000000 -0.000002 0.000003 -45.713039 -21.769992 51.974581 40.389108 -20.924920 -48.082015 -11.892102 14.874211 19.065474 0.000001 0.000000 0.000002 8.182564 -12.485554 -31.797717 4.905941 -2.319740 -24.569915 -10.389713 23.000911 22.541323 -0.000002 0.000004 0.000004 
-24.980537 84.071053 66.876389 12.430107 16.274374 0.479282 9.174056 0.535234 -5.548639 -1.455817 -2.472886 2.152313 -3.418998 3.611250 6.930964 -8.268700 -15.132759 6.852955 0.000002 -0.000000 -0.000001 0.942466 -3.452550 1.119789 -2.410247 -10.877796 -0.536095 8.073798 13.537870 -2.578914 -0.000001 0.000001 -0.000003 1.504383 -4.530602 7.718225 1.006180 -10.673574 2.903186 15.931529 -20.910510 -6.732377 0.000003 0.000001 -0.000001 -49.232588 -23.023278 51.390316 45.629526 -23.663274 -45.913805 -13.435431 12.510040 17.916986 0.000001 -0.000006 -0.000000 8.266158 -12.994254 -32.057872 6.940646 -3.504140 -26.883092 -13.191613 26.090237 26.724305 -0.000002 -0.000001 0.000003 
-23.943546 82.484856 67.543594 13.168116 15.500916 -0.562128 9.972168 0.479040 -6.199684 -1.483335 -2.024847 1.614903 -3.652310 4.878833 7.820066 -6.252401 -14.641694 6.751000 0.000002 -0.000000 0.000002 1.254872 -3.069695 1.623790 -2.347651 -11.652169 -1.812774 7.521608 11.014206 -1.871221 -0.000001 -0.000001 -0.000002 1.517129 -3.622379 6.899997 1.067320 -9.797328 2.065337 14.492584 -19.212026 -7.272206 0.000008 0.000003 0.000002 -51.353068 -24.340598 51.634827 47.773618 -24.580905 -44.610739 -13.429998 11.882725 17.412949 0.000002 0.000004 -0.000000 7.957633 -12.961995 -32.668306 5.889403 -3.235060 -25.773405 -14.683609 27.128832 28.537753 -0.000004 0.000006 0.000001 
-23.059624 81.164627 68.174561 13.994796 14.015312 -1.277369 10.050048 0.534048 -6.815411 -0.912943 -1.910550 1.547963 -4.008589 5.491604 8.042524 -4.746292 -13.657131 6.240190 -0.000001 -0.000001 0.000005 1.349297 -2.788257 1.852953 -2.256736 -11.569912 -2.464509 8.409124 10.550418 -3.454356 -0.000001 0.000006 -0.000002 1.433893 -3.630487 6.297883 1.254339 -9.385655 1.833495 13.478718 -17.758480 -7.431902 0.000001 0.000002 -0.000000 -51.598555 -25.026018 52.433788 46.840461 -24.149454 -44.806260 -12.437837 12.963727 17.840381 0.000003 0.000002 0.000003 7.218380 -12.684796 -33.295656 4.953376 -2.749275 -23.379616 -14.300846 26.032665 27.134303 -0.000009 0.000001 0.000003 
-22.331287 80.301842 68.748589 13.780055 10.770825 -1.560458 12.579205 0.442110 -7.237910 -1.160788 -1.605050 1.107086 -4.225844 4.727217 7.589275 -3.055444 -11.392446 4.653993 0.000004 0.000002 -0.000000 0.603277 -2.404332 0.990920 -2.057003 -9.802823 -2.518501 8.557360 9.445207 -5.606876 0.000004 0.000002 -0.000001 0.848860 -4.323275 5.028991 1.297201 -8.652923 1.568206 12.554969 -15.589690 -6.919935 0.000001 0.000003 0.000002 -48.872005 -23.899332 52.989823 45.980168 -22.648713 -42.390463 -12.159497 12.614403 17.027544 0.000004 -0.000001 0.000003 3.357497 -10.940099 -34.419062 3.524151 -2.058879 -20.423382 -13.966243 25.010507 25.873858 0.000002 -0.000000 -0.000000 
-21.803471 79.897324 69.284683 13.114402 5.366457 -1.268077 15.894127 0.258293 -8.777889 -0.648597 -1.347953 0.847599 -4.925608 3.073932 6.436620 -2.039189 -7.311909 1.658859 0.000001 0.000001 0.000001 -0.055302 -2.239751 -0.970304 -1.546511 -5.783322 -2.298112 6.480932 6.386821 -4.081788 0.000005 0.000000 -0.000000 0.141815 -3.949609 2.834579 1.494462 -7.867578 1.015001 14.062525 -11.656003 -4.172420 0.000004 0.000001 -0.000001 -42.872104 -22.158865 55.039652 42.722908 -21.261689 -41.238076 -11.819711 11.818523 15.572490 0.000000 0.000001 -0.000000 -2.841599 -7.411048 -35.021870 6.424219 -1.714767 -16.175428 -12.805899 23.307122 23.811127 -0.000002 0.000000 0.000000 
-21.415222 79.705048 69.797958 13.098639 0.804898 -1.115001 17.865663 0.062756 -9.995651 -0.183272 -1.456490 0.957851 -5.372273 1.393274 5.067958 -1.643568 -3.423532 -0.628108 0.000000 0.000001 -0.000000 -0.153013 -2.304058 -2.361901 -1.268727 -2.848339 -2.394942 4.144706 3.630948 -1.082685 -0.000002 -0.000002 -0.000003 -0.385761 -4.012166 0.835805 2.404950 -7.702740 1.439400 13.995681 -8.289486 -2.566533 0.000003 0.000002 0.000001 -38.669895 -21.067094 57.256697 40.670747 -20.718931 -39.833257 -9.827291 9.719392 11.979885 0.000005 0.000001 -0.000000 -7.818332 -4.558409 -35.170570 9.250758 -1.056472 -11.626622 -10.545845 20.801823 21.044824 -0.000002 0.000000 0.000002 
-21.291470 79.746437 70.360626 13.400254 -5.407002 -0.549390 19.054211 -0.005094 -12.649340 0.148610 -1.316183 0.572084 -5.204828 -0.557460 3.112860 -2.728021 0.814508 -3.037989 0.000000 0.000001 0.000001 -0.884111 -3.273595 -4.567756 -1.913421 1.787991 -0.989979 1.749093 3.283000 -0.220032 0.000002 -0.000004 0.000003 -2.313118 -5.970459 -1.303953 2.723690 -8.833043 2.795784 14.284764 -4.255358 1.077743 0.000004 0.000000 -0.000002 -33.086697 -19.801642 61.669314 41.536361 -21.509036 -35.391312 -9.748154 3.738110 5.435200 0.000001 0.000001 -0.000002 -14.233300 -1.091231 -35.937150 13.394032 0.363598 -1.905092 -9.547092 14.739804 14.744850 -0.000002 0.000001 0.000002 
-21.408325 79.815025 70.937378 13.860482 -12.279201 0.013586 19.804878 -0.110333 -15.065898 -0.428580 -0.862988 0.230267 -5.240524 -3.141898 0.577479 -4.179538 5.447332 -5.281212 0.000007 0.000001 0.000002 -1.144072 -3.163404 -6.935757 -0.827517 3.426899 0.263027 -1.873277 -1.339068 8.183039 -0.000000 -0.000002 0.000001 -3.679828 -8.278530 -4.240926 3.820702 -8.619503 2.446909 14.952464 -0.691860 2.769051 0.000004 -0.000001 -0.000004 -25.628256 -16.646607 65.388884 42.317714 -20.574466 -28.209552 -8.925970 0.160626 1.227147 0.000001 0.000002 -0.000002 -21.642481 2.877805 -35.758205 15.551197 2.213459 11.175918 -11.595223 6.661417 5.613342 -0.000000 0.000001 -0.000001 
-21.654221 79.861023 71.496140 15.124566 -18.059462 0.531860 18.444029 0.133566 -16.994856 -0.026060 -0.405783 -0.459998 -5.751532 -5.607114 -0.693142 -5.518095 9.117481 -6.698674 0.000004 0.000001 0.000000 -1.445761 -3.676611 -8.737000 0.146527 3.773860 3.118423 -3.706815 -2.596352 13.288358 0.000000 -0.000001 -0.000002 -4.807133 -9.337283 -5.768517 3.308060 -9.305071 0.921428 20.867268 -0.999967 4.803267 0.000003 0.000002 0.000004 -19.292894 -13.179675 67.751829 39.933647 -18.684927 -22.267605 -7.466299 -1.810001 -1.834300 0.000003 -0.000000 0.000001 -28.787308 6.383386 -33.725316 18.313446 4.473123 21.737454 -14.308230 0.374904 -1.641668 0.000000 -0.000002 -0.000000 
-22.111454 79.714279 71.962173 17.376927 -23.992303 1.387534 15.802452 0.620899 -18.490833 -0.207862 -0.463377 -0.510403 -6.307482 -8.760449 -2.475508 -7.521060 12.908015 -8.124308 0.000001 0.000001 0.000000 -2.328521 -4.444499 -10.646084 -0.095427 3.772674 7.021340 -3.587208 2.530751 10.734797 -0.000000 0.000000 -0.000001 -7.083154 -11.437815 -7.543946 0.650949 -10.028407 -2.119897 27.900841 -4.554969 7.131886 0.000002 -0.000000 -0.000000 -12.138660 -8.292406 67.619085 34.747641 -14.871093 -14.290381 -5.361890 -5.380477 -5.969318 0.000004 0.000000 0.000002 -34.808140 8.715455 -30.024265 19.798458 6.207691 29.850194 -16.518519 -3.702567 -7.014690 0.000003 0.000003 0.000003 
-22.660145 79.259598 72.403564 19.236273 -29.479598 1.934911 13.520877 1.033035 -18.413311 -0.522440 -0.675461 -0.540277 -6.948576 -11.519943 -4.378952 -9.332181 16.190547 -9.234942 0.000004 -0.000001 -0.000000 -3.216252 -5.666868 -11.634753 -1.915697 3.920252 9.193009 -3.029570 6.907043 6.444144 -0.000000 -0.000001 -0.000002 -9.793611 -13.259861 -9.472263 -3.441423 -9.780775 -5.806804 31.604979 -7.465928 9.229700 0.000001 -0.000003 -0.000001 -6.157767 -4.143772 66.298939 29.172814 -11.446758 -6.509119 -4.246066 -10.418711 -11.096160 0.000005 -0.000002 0.000001 -40.362859 10.378605 -26.856306 21.828692 7.742915 35.979743 -19.045827 -6.968738 -11.559685 -0.000001 0.000004 0.000003 
-23.231045 78.673019 72.823715 20.619270 -33.714408 2.273685 11.775917 1.382347 -17.942301 -0.754785 -0.597610 -0.725284 -7.323006 -13.042155 -5.644491 -10.883158 18.175297 -9.647821 0.000004 -0.000000 -0.000001 -3.874736 -6.567267 -11.905220 -3.061177 2.940329 10.449742 -3.896745 8.321513 5.991188 0.000004 0.000000 0.000003 -11.785970 -14.279421 -10.753484 -6.512344 -9.911089 -8.760383 32.552876 -6.961018 10.962521 0.000005 -0.000000 -0.000005 -1.477684 -0.983143 64.548013 25.641462 -9.538445 0.005674 -2.204123 -11.445110 -12.529279 0.000003 0.000000 0.000002 -44.774718 11.489349 -24.636188 23.549143 9.037629 40.697631 -21.338203 -8.841996 -14.579399 -0.000000 -0.000002 -0.000000 
-23.816769 77.810638 73.283340 21.222074 -36.646103 2.527844 10.934656 1.531449 -17.317948 -0.689187 -0.353084 -1.203028 -7.520475 -15.176346 -6.496556 -12.159379 19.742255 -10.298352 -0.000001 -0.000001 -0.000003 -4.649279 -7.348397 -12.626183 -4.566833 1.767591 10.846926 -4.414501 9.790204 3.670947 -0.000002 0.000003 0.000000 -13.758738 -14.735214 -12.354408 -8.556928 -11.323737 -10.077588 36.233867 -6.910159 13.297431 0.000004 0.000002 0.000003 2.043341 1.428927 62.774500 25.936356 -7.991250 6.101295 -6.816972 -14.484702 -14.308714 0.000004 -0.000003 -0.000005 -50.325257 12.734869 -22.134722 29.882631 10.317633 41.282032 -23.256538 -6.698186 -13.256467 0.000001 0.000002 0.000001 
-24.419132 76.649651 73.742661 20.325448 -37.882036 3.288369 11.795773 1.404625 -18.061781 -1.047945 -0.656964 -1.137071 -7.797413 -17.453058 -7.286960 -13.430993 20.877597 -11.177171 0.000004 0.000001 -0.000002 -6.409446 -7.539314 -14.147439 -6.599832 1.982414 11.140020 -3.560556 11.560786 -0.729771 0.000005 0.000003 0.000004 -15.801566 -15.371991 -13.302782 -10.487948 -13.831473 -10.872209 40.567543 -12.313273 14.944087 0.000005 0.000000 0.000001 4.125382 3.000280 63.859687 28.331920 -7.150898 6.399762 -11.547936 -16.026187 -14.949049 0.000002 0.000002 -0.000003 -55.341464 14.080511 -21.196357 37.286027 11.573401 40.501458 -25.044543 -5.289862 -12.781303 0.000001 -0.000006 -0.000003 
-25.008999 75.400192 74.182480 19.482053 -38.898849 3.579012 12.528940 1.362882 -18.373154 -1.810429 -0.865657 -1.113904 -7.597847 -18.683299 -7.903507 -14.705990 21.137105 -11.673300 0.000002 -0.000002 -0.000001 -7.785194 -8.399356 -14.059494 -7.354331 -0.052825 13.161808 -4.044187 13.620020 -2.085651 0.000003 -0.000001 0.000003 -17.762387 -15.024280 -14.122996 -12.704441 -16.098662 -10.864126 45.552628 -18.378454 17.402480 0.000001 -0.000004 -0.000003 5.681078 3.995243 65.675349 29.032546 -6.885738 5.624053 -14.183505 -17.111477 -15.962244 0.000006 -0.000006 -0.000000 -58.950516 15.056976 -20.409903 43.163787 12.776697 39.481471 -26.545225 -4.601559 -12.203093 -0.000000 -0.000001 0.000000 
-25.665932 73.936958 74.571808 17.816173 -39.256847 2.914952 13.583108 1.164223 -18.582809 -2.188421 -1.116637 -0.750072 -7.440797 -19.628285 -8.600277 -16.084925 20.870647 -11.121734 0.000002 0.000000 -0.000003 -8.293783 -8.546877 -14.593307 -6.956525 -1.371505 14.090820 -4.611050 13.475804 -2.559570 -0.000001 -0.000003 0.000001 -18.254379 -15.357644 -14.352577 -13.270866 -16.813339 -10.448285 47.242953 -24.284533 18.251382 0.000003 0.000003 -0.000001 6.270051 4.344076 68.833820 29.087692 -6.857313 5.605441 -13.949205 -18.013446 -17.198104 0.000004 -0.000002 -0.000001 -61.781383 16.033591 -20.154522 48.333994 14.612333 39.809402 -28.462030 -4.494106 -12.231597 -0.000000 -0.000000 -0.000000 
-26.292164 72.297493 74.924973 16.318879 -39.780360 2.467748 13.994301 0.988102 -18.012875 -2.001999 -1.044172 -0.789963 -7.979757 -20.114885 -8.963404 -16.618841 21.240806 -11.049785 0.000002 0.000002 0.000003 -7.906906 -9.062257 -14.949044 -6.109888 -2.855537 13.895252 -4.906685 12.546395 -2.249443 0.000001 0.000001 0.000001 -18.109063 -15.114432 -14.646323 -12.932630 -16.130921 -9.854686 44.782794 -29.559064 16.555675 0.000003 -0.000002 -0.000003 7.505393 5.054646 69.507297 30.711126 -6.769006 7.306057 -14.933918 -19.505873 -18.873879 0.000002 0.000002 -0.000002 -64.190343 17.194381 -20.588012 52.764728 16.200901 40.450272 -29.798176 -3.787735 -11.896535 -0.000002 -0.000005 -0.000002 
-26.875454 70.679276 75.258698 15.166333 -39.750075 2.064440 14.605784 0.896183 -17.596604 -1.922659 -1.329424 -0.473286 -8.493036 -20.463537 -9.414570 -16.869669 21.600302 -11.103654 0.000006 -0.000000 -0.000002 -7.729371 -9.654815 -14.960063 -6.116982 -3.540248 13.943178 -4.367325 12.743749 -4.254334 0.000001 -0.000001 0.000003 -18.215693 -14.820278 -14.717229 -13.293664 -15.961969 -9.671049 44.241936 -34.149491 16.090811 0.000001 0.000003 -0.000000 8.310004 5.523279 69.340142 31.524960 -6.664810 9.433270 -15.331647 -20.636158 -20.269689 0.000002 -0.000001 -0.000003 -65.572814 18.151453 -21.573772 55.196446 17.844467 41.914808 -30.221576 -3.821786 -12.076066 -0.000002 -0.000002 -0.000000 
-27.438923 69.001907 75.560760 14.602603 -40.495768 1.381127 14.357430 0.885499 -16.841401 -1.591468 -1.570438 -0.092754 -8.670020 -20.043207 -9.647860 -17.194803 22.080724 -11.142222 0.000006 0.000003 -0.000000 -7.141548 -10.377154 -14.303023 -5.776018 -4.991329 13.218664 -6.007408 10.993877 -0.416798 0.000003 -0.000001 0.000003 -17.864773 -14.521438 -14.411047 -13.163121 -15.383512 -9.527157 39.713725 -36.198015 13.355808 0.000003 0.000003 0.000003 9.887296 6.452260 69.132340 31.861542 -6.015448 11.403027 -15.752940 -21.530527 -21.265570 0.000005 0.000002 0.000001 -67.183564 19.030253 -22.111196 56.729096 19.238232 43.933594 -29.913510 -4.423822 -12.910199 0.000003 0.000003 0.000001 
-27.940228 67.345497 75.838257 14.333070 -40.813075 0.637549 14.620023 0.762143 -15.827425 -1.053877 -2.166171 0.587541 -9.254080 -19.969110 -10.426300 -18.142379 22.769443 -11.177410 -0.000003 0.000005 0.000001 -5.986948 -11.107017 -13.589711 -5.005432 -6.381992 12.018029 -7.798632 7.935707 5.119427 -0.000000 -0.000003 0.000002 -16.743717 -14.652105 -13.356836 -12.277881 -14.768906 -9.414128 35.282240 -41.395519 9.052709 0.000004 0.000000 -0.000001 11.252282 7.428306 68.858067 31.456805 -5.205167 13.179448 -15.984132 -22.203014 -22.185587 0.000003 -0.000002 0.000000 -67.832262 20.038670 -23.789409 55.601677 21.015804 48.467166 -29.447251 -6.006973 -15.183423 -0.000000 0.000004 0.000003 
-28.397583 65.794693 76.098953 14.102869 -41.215742 0.182884 15.027442 0.664847 -15.493511 -0.663997 -2.594950 1.144622 -9.754828 -20.161723 -10.884143 -18.705873 23.558132 -11.107934 0.000002 0.000002 -0.000003 -4.610217 -12.127546 -12.531269 -3.448281 -8.251990 11.979588 -9.616238 5.887599 12.760232 0.000002 0.000000 -0.000000 -15.743239 -14.576110 -12.565970 -11.305931 -14.017893 -9.190244 30.533254 -45.512327 4.510933 0.000006 0.000004 0.000003 12.156109 8.037735 68.886412 31.489873 -4.825229 13.922314 -15.661388 -22.208855 -22.084158 0.000004 0.000004 -0.000000 -68.028336 20.784541 -25.206596 54.293082 22.288560 52.073649 -29.110598 -7.132812 -16.696705 -0.000000 -0.000001 -0.000001 
-28.817204 64.307091 76.335281 14.301702 -40.617079 -0.344100 15.895204 0.583399 -15.477460 -0.547106 -3.613071 2.188688 -9.832155 -20.208482 -11.276039 -19.427817 22.787845 -11.019407 0.000004 0.000000 0.000002 -4.020743 -13.835554 -11.181613 -3.075348 -12.306028 12.445733 -11.917364 6.419697 21.479415 -0.000001 -0.000002 0.000001 -15.861943 -13.679637 -11.924511 -12.141819 -14.992246 -9.833084 28.019941 -50.085016 1.928212 0.000006 -0.000002 -0.000003 11.866115 8.124469 69.472730 31.372746 -3.941461 15.463325 -15.993255 -22.550940 -22.330282 0.000002 -0.000000 0.000001 -68.755553 21.371699 -26.172802 53.134418 23.093165 55.336492 -29.291365 -7.894537 -18.464709 -0.000000 -0.000001 0.000000 
-29.115509 62.935234 76.543198 14.675479 -40.322326 -0.041081 17.568666 0.430923 -15.155228 -0.837187 -4.459883 3.056342 -9.931795 -20.890982 -12.177806 -21.257685 22.743688 -10.637767 0.000002 0.000003 -0.000003 -4.298116 -14.994934 -11.401268 -3.663073 -16.809119 11.480894 -15.044608 6.242254 30.839376 -0.000001 0.000000 0.000003 -16.115008 -13.514758 -11.078230 -13.175114 -15.427207 -10.231154 22.706329 -53.844017 -1.598703 0.000003 0.000001 -0.000001 11.616058 7.836647 68.658974 31.981049 -3.992281 16.731052 -16.512435 -22.599494 -22.741047 0.000002 0.000002 0.000002 -70.037381 21.800396 -25.886169 52.459504 23.730529 56.831207 -30.130198 -8.491607 -19.643033 -0.000000 0.000003 0.000003 
-29.382965 61.697292 76.727615 16.191851 -39.971329 1.499685 17.674400 0.434342 -15.202476 -1.581004 -4.526133 3.095851 -9.457597 -21.814583 -12.656059 -21.521762 22.562277 -10.608481 0.000007 0.000001 -0.000004 -4.035820 -15.783087 -11.063312 -3.492281 -21.071834 10.847786 -17.439645 6.314012 39.771061 0.000006 -0.000002 -0.000000 -16.281479 -13.599537 -11.072111 -13.516385 -16.108725 -10.576236 18.292572 -56.649910 -5.432205 0.000003 -0.000001 0.000001 12.174696 7.905120 65.912978 31.293287 -3.775747 18.214105 -16.109667 -22.336843 -22.533735 0.000003 0.000000 0.000002 -72.167635 22.349041 -25.130931 52.973028 23.850363 56.459959 -30.631452 -8.304256 -19.656383 0.000001 0.000003 0.000002 
-29.610046 60.595055 76.863861 17.743805 -39.687787 5.384964 18.390721 0.381956 -16.424119 -2.981456 -3.802590 2.290152 -8.920846 -23.521088 -13.490113 -21.371047 22.744656 -10.882271 0.000004 0.000000 0.000001 -5.199616 -15.565006 -12.760535 -4.782042 -26.496250 7.542877 -19.598301 2.939363 46.976672 0.000004 -0.000001 0.000003 -17.159698 -13.425739 -12.372392 -14.610227 -15.632336 -11.758633 15.981338 -60.734425 -8.269693 0.000005 -0.000001 -0.000003 11.602164 6.931202 62.481416 31.213896 -3.872984 18.355619 -15.874109 -22.449614 -22.803753 0.000000 -0.000001 -0.000003 -75.799254 22.886043 -22.800519 56.366778 22.902439 51.314528 -29.933328 -7.532792 -17.703152 0.000003 0.000002 0.000002 
-29.766903 59.745621 76.992798 19.938449 -39.331832 8.330677 18.838193 0.378502 -16.641587 -3.885840 -3.212179 1.800025 -8.619142 -25.438206 -14.370868 -21.581851 23.364424 -11.093363 -0.000001 0.000002 -0.000000 -6.164284 -15.755341 -14.616909 -7.777147 -31.248942 1.847014 -20.851738 -2.738207 53.107880 0.000002 0.000001 -0.000001 -17.288778 -13.655271 -12.432646 -14.731975 -16.328863 -12.461542 6.306265 -62.088134 -16.506764 0.000003 0.000001 -0.000000 11.330228 6.287244 59.267641 30.721211 -3.958881 17.532454 -16.206716 -22.177471 -22.332249 0.000001 0.000001 0.000002 -78.070018 23.058638 -21.154810 57.181931 21.671524 48.340227 -29.398131 -7.684700 -17.612215 0.000001 -0.000001 0.000001 
-29.873455 59.094341 77.116173 22.912117 -40.306288 10.766393 17.796729 0.603478 -17.260224 -3.988589 -2.814289 1.471277 -8.292587 -26.494220 -14.764222 -22.099991 23.662108 -11.130987 0.000007 0.000002 0.000000 -6.547156 -16.369510 -15.768450 -9.371589 -34.807566 -1.486027 -21.393469 -7.137133 60.041522 0.000004 -0.000002 0.000001 -16.566060 -13.236628 -11.284970 -15.006902 -16.442161 -12.720468 -1.892964 -62.718998 -23.884191 0.000004 0.000001 -0.000003 11.034895 5.747669 57.463549 30.989835 -4.458266 15.391734 -15.083812 -20.383953 -20.026142 0.000004 -0.000000 -0.000000 -78.468014 22.743570 -20.093409 56.430074 20.346935 46.080411 -28.530607 -8.303373 -17.530917 0.000003 -0.000001 -0.000001 
-29.900398 58.775352 77.265625 26.668492 -41.422929 12.585310 16.729524 0.824403 -17.848032 -3.726817 -2.798211 1.424900 -8.164806 -27.464177 -15.008374 -23.349000 23.456577 -10.560298 0.000006 0.000001 -0.000001 -5.902237 -18.766517 -16.303873 -9.519770 -38.452377 -2.271979 -22.171562 -10.226073 67.870292 0.000000 -0.000003 -0.000000 -15.326364 -12.099016 -9.083217 -15.432944 -16.185332 -12.651406 -10.560848 -64.418424 -31.762702 0.000003 0.000003 -0.000000 10.757589 5.315784 56.074378 30.540354 -5.200535 12.977056 -13.678048 -17.811369 -17.235077 0.000002 0.000000 0.000002 -79.570877 21.607809 -17.004176 54.630913 18.704755 43.429577 -28.512848 -8.310110 -16.837562 0.000001 0.000001 0.000002 
-29.827755 58.734993 77.453949 29.661729 -41.035039 14.372610 16.605636 0.972420 -17.894162 -3.568699 -3.217801 1.777973 -8.285866 -29.329601 -16.163465 -25.896959 22.967959 -9.837025 0.000004 -0.000001 0.000001 -5.396895 -21.821474 -16.128904 -10.255696 -41.029424 -1.868982 -23.481197 -11.877042 74.314043 0.000001 -0.000002 0.000001 -14.995081 -11.158923 -7.068280 -17.105753 -16.617611 -12.350793 -20.690602 -64.270181 -39.264271 0.000003 0.000000 0.000002 9.428334 4.415358 54.716482 29.690607 -5.444998 11.354646 -12.451832 -16.070515 -15.517510 0.000004 -0.000003 0.000001 -81.273616 20.372185 -13.576835 54.562594 16.668165 38.916085 -28.611539 -7.909088 -15.878841 -0.000002 0.000000 0.000001 
-29.722584 58.833252 77.637001 32.027638 -41.091910 15.839866 16.226180 1.136600 -18.045568 -3.100693 -3.214683 1.753849 -8.382834 -30.545726 -16.577527 -27.745994 22.736559 -9.269795 0.000004 -0.000001 0.000003 -4.939504 -23.738295 -16.099220 -10.065805 -43.174985 -0.988187 -24.485914 -12.667768 78.496728 -0.000000 0.000000 -0.000001 -14.607027 -10.613299 -5.720142 -17.844875 -16.429019 -11.795535 -29.699059 -63.693966 -46.163025 0.000003 -0.000003 -0.000001 8.174013 3.725806 54.111668 28.953783 -5.710019 10.353494 -11.296089 -14.547768 -14.098010 -0.000001 -0.000000 0.000001 -81.600202 19.396429 -11.622637 53.166831 15.027851 35.963138 -28.468809 -7.799294 -15.532535 -0.000001 0.000001 0.000001 
-29.583050 59.223396 77.832161 33.271836 -40.138802 16.807549 16.859936 1.095512 -18.071776 -2.657891 -3.192028 1.868840 -8.784936 -31.517000 -16.959343 -28.438155 22.668068 -8.864342 0.000004 0.000002 0.000003 -4.139732 -25.137135 -15.868085 -9.955694 -46.365209 -1.450760 -25.983523 -10.590224 84.190544 0.000001 0.000001 0.000001 -14.101846 -10.060975 -5.238489 -17.348778 -15.977151 -10.812034 -38.990398 -64.764885 -55.416064 0.000001 -0.000001 -0.000003 6.511534 2.837363 53.937878 27.172000 -5.825256 8.262478 -9.477051 -13.096737 -12.733741 -0.000000 -0.000000 0.000001 -80.109206 18.468178 -10.709949 52.136289 12.880324 31.652452 -27.986924 -7.142223 -13.990782 0.000003 -0.000000 0.000002 
-29.433590 59.945103 78.065796 34.541342 -38.293660 16.561358 16.974738 1.024624 -17.186221 -2.175030 -3.061859 1.748197 -9.095271 -31.374112 -16.708197 -28.065891 22.110121 -8.803158 -0.000001 0.000001 0.000002 -3.030893 -26.401963 -15.992128 -9.346649 -49.231525 -1.988313 -27.921269 -5.935362 88.446442 -0.000001 -0.000006 -0.000003 -13.653248 -9.464094 -5.647266 -17.043643 -14.269493 -11.265921 -49.062806 -66.370833 -67.230863 0.000003 0.000000 -0.000002 3.969508 1.731662 54.766916 25.078641 -5.606255 5.895512 -6.653339 -10.672303 -10.480893 0.000003 -0.000003 0.000002 -77.737900 17.623275 -10.541168 49.384528 10.785443 28.694888 -27.364074 -6.157766 -12.886754 -0.000002 -0.000001 -0.000000 
-29.325924 60.765923 78.283493 34.439521 -36.447686 15.876973 17.601683 0.897465 -17.069894 -1.882401 -2.992528 1.777626 -9.262044 -30.625001 -16.047801 -26.416259 21.560423 -8.847884 -0.000001 0.000002 0.000001 -2.116881 -27.569321 -16.316306 -10.814783 -50.929678 -4.964400 -29.015412 -2.066149 87.491247 0.000001 0.000000 -0.000001 -13.410807 -9.265514 -6.277882 -16.114052 -13.581215 -10.945615 -56.850120 -68.148014 -77.133026 0.000002 0.000000 -0.000002 1.945720 0.680535 55.379321 23.874549 -5.793033 3.860518 -4.606091 -8.756509 -8.766889 0.000004 0.000004 0.000003 -75.373405 16.755783 -10.146348 47.074774 9.261353 25.871020 -26.612311 -5.982552 -12.527229 -0.000000 0.000000 0.000001 
-29.183205 61.888035 78.506241 33.657693 -34.157537 14.240049 18.083059 0.751232 -16.518654 -1.055171 -3.044357 1.838328 -9.797803 -28.931469 -14.970714 -24.254295 19.814374 -8.914809 0.000004 0.000003 0.000003 -1.775581 -28.604807 -17.583994 -11.090039 -51.714197 -6.821840 -30.428739 4.299879 90.558534 -0.000003 -0.000005 0.000001 -12.868524 -8.271280 -6.564154 -14.754472 -12.803533 -9.751015 -65.084497 -66.318623 -87.471753 0.000003 -0.000001 0.000002 -0.633005 -0.434719 56.133356 22.250354 -4.891216 2.674747 -1.658455 -8.712489 -8.793793 0.000002 -0.000001 -0.000003 -70.262047 15.731497 -11.426845 42.717513 7.240892 24.226087 -25.687505 -4.970415 -11.870129 -0.000005 -0.000001 0.000001 
-28.981415 63.213264 78.732773 31.109780 -31.681108 11.444782 19.519504 0.496778 -16.156637 -0.207669 -3.644836 2.518858 -9.968514 -25.944945 -13.917297 -23.260540 17.716269 -8.030238 0.000000 0.000004 -0.000001 -1.986390 -28.915893 -18.553038 -8.851681 -51.453663 -4.552508 -34.898916 13.859021 92.267700 0.000002 0.000002 -0.000000 -12.152858 -8.263165 -5.261327 -13.701622 -11.737705 -7.629314 -64.078171 -66.055313 -85.308646 0.000003 0.000004 0.000003 -2.212653 -1.782018 57.975404 20.449865 -6.251670 -0.950801 -2.751290 -6.764621 -7.477607 -0.000001 0.000001 0.000006 -63.770164 14.812092 -13.388950 35.918230 7.555122 25.129733 -24.685960 -6.674109 -12.565244 -0.000004 0.000001 -0.000000 
-28.757580 64.518417 78.926147 27.034488 -29.361795 8.963344 21.977541 -0.001684 -15.533906 0.494351 -3.671544 2.572313 -10.645416 -22.814702 -12.689209 -20.756538 16.579581 -7.820906 -0.000001 0.000002 0.000003 -1.008632 -28.568753 -18.385032 -10.673274 -51.053574 -8.173444 -37.752344 23.624287 92.534139 -0.000001 -0.000003 -0.000000 -11.454132 -8.908191 -5.347788 -12.418683 -10.029253 -6.453379 -61.587495 -65.008436 -83.372363 0.000007 0.000001 -0.000002 -4.154935 -2.745230 59.720360 19.199358 -6.966488 -4.053203 -5.201069 -7.173893 -7.627195 0.000003 0.000002 0.000001 -56.986676 13.444894 -15.719081 30.877014 7.052125 24.780659 -23.508278 -6.324697 -11.547487 -0.000002 0.000004 0.000001 
-28.351879 65.985214 79.126892 23.604044 -26.986786 5.717087 22.394971 -0.180239 -14.555855 1.436036 -3.187791 2.011785 -11.156767 -18.975842 -10.443936 -18.821408 14.089245 -7.135350 0.000001 0.000000 -0.000000 -1.932061 -27.656764 -20.346589 -15.100204 -47.532591 -13.393561 -41.755935 33.222969 94.255914 0.000002 -0.000001 -0.000003 -9.737927 -6.791676 -3.206892 -12.099233 -8.281536 -3.477477 -52.525715 -59.088465 -70.424585 0.000006 0.000000 -0.000002 -6.179346 -3.756666 61.923219 15.335033 -6.021507 -9.226174 -2.828925 -5.142360 -6.235807 0.000004 0.000000 -0.000005 -47.090145 10.856377 -19.153249 22.651747 5.499906 24.889713 -21.759975 -5.867275 -10.757715 -0.000000 0.000003 0.000001 
-27.717365 67.664627 79.413765 20.576481 -23.717668 2.401669 22.811582 -0.331160 -14.345832 1.718025 -2.549389 1.439810 -10.860016 -14.916669 -6.898057 -17.653693 11.678529 -6.354295 0.000001 0.000002 0.000001 -2.781237 -24.669289 -22.077559 -19.113431 -41.773942 -20.021496 -43.671659 36.325763 97.661214 0.000003 -0.000003 0.000001 -6.529903 -5.377180 0.610421 -8.936459 -6.099373 1.224524 -45.551583 -53.666333 -60.320187 0.000001 0.000006 0.000002 -10.157923 -6.211031 63.336255 13.463919 -5.229622 -16.300007 1.544292 -0.042462 -2.779307 0.000003 -0.000000 -0.000000 -38.316887 8.174896 -20.886876 17.180581 4.008031 23.201432 -19.887375 -5.130244 -9.960253 -0.000000 0.000003 0.000001 
-26.935696 69.358894 79.712265 19.117688 -21.902957 0.500482 22.762516 -0.191081 -13.995718 1.577000 -1.810237 0.649760 -10.758100 -11.014980 -4.046387 -17.087813 10.605117 -6.110498 0.000001 0.000003 -0.000000 -4.861264 -21.368290 -23.464767 -22.606886 -33.743470 -24.857253 -44.168398 34.629892 97.020071 0.000004 -0.000003 -0.000003 -5.119560 -4.206949 3.629151 -7.713583 -4.849139 5.329793 -38.070361 -52.197487 -50.879701 0.000003 0.000002 -0.000000 -11.915212 -7.477680 62.479797 9.401806 -3.882394 -20.680150 4.355442 6.727922 1.641104 -0.000001 0.000001 0.000002 -31.953729 6.186058 -21.679934 11.868654 3.590650 21.895201 -18.749767 -6.932493 -11.359584 -0.000001 0.000001 0.000002 
-25.762844 71.107300 80.065018 16.676733 -18.887787 0.543255 21.341201 -0.031936 -14.306939 0.650803 -0.739413 -0.693328 -8.929748 -6.581338 -1.056745 -16.178760 7.882412 -5.444069 -0.000001 0.000001 0.000000 -7.319407 -14.899566 -23.049267 -23.645879 -22.017779 -25.897077 -38.551469 30.467824 88.225417 0.000004 -0.000001 -0.000002 -3.336156 -2.228398 7.257953 -6.048277 -4.313751 12.230505 -32.545592 -55.383941 -47.157043 0.000003 0.000002 -0.000000 -15.944513 -9.185571 57.880963 11.333445 -4.084534 -21.862377 3.833760 10.521959 5.043965 0.000001 0.000000 -0.000001 -24.559625 3.641430 -24.532677 6.705074 2.656712 18.682859 -14.096099 -6.943845 -9.554807 -0.000002 0.000004 0.000002 
-24.194767 72.987137 80.459442 14.509953 -14.476825 0.843777 18.753737 0.274892 -12.718459 0.540769 0.290021 -1.756802 -7.534737 -2.771501 1.729994 -13.155160 6.636433 -5.468512 0.000006 0.000000 0.000001 -7.051678 -10.902485 -19.911682 -21.446871 -16.298361 -23.670121 -32.781254 27.133107 81.425629 -0.000002 -0.000001 -0.000002 -1.026295 1.665780 10.189265 -4.875499 0.060359 18.956574 -28.273245 -58.149608 -46.838555 0.000003 0.000005 0.000003 -19.302193 -9.743824 51.843571 13.472909 -4.447467 -20.933889 0.487348 10.782926 7.265245 0.000002 -0.000001 0.000001 -16.754416 0.470704 -26.827970 0.963861 1.626189 13.892411 -9.500435 -6.050947 -7.352011 -0.000003 0.000001 0.000002 
-22.540848 74.778976 80.867538 12.838521 -11.432718 1.316800 15.910779 0.540167 -11.485707 0.746983 1.183657 -2.801984 -6.817773 0.646149 4.258610 -9.558237 5.411833 -5.534551 0.000004 0.000001 0.000002 -6.088437 -9.074257 -16.321391 -18.623112 -15.277953 -20.849757 -26.803138 21.258498 74.568167 -0.000001 0.000002 -0.000001 0.790903 5.841985 11.912540 -4.145352 4.061639 23.992989 -26.458517 -58.759769 -48.025437 0.000003 -0.000003 -0.000001 -21.714975 -9.529389 47.045274 15.525672 -4.339593 -20.245751 -2.566507 9.778590 8.362513 0.000004 0.000001 -0.000000 -8.879472 -3.173883 -28.040899 -5.542894 0.807129 9.457021 -6.027130 -4.572234 -5.093922 -0.000000 0.000004 0.000002 
-20.502625 76.565796 81.203369 8.260276 -8.382269 2.299434 14.779867 0.579191 -9.892236 -0.302836 2.251165 -4.019900 -4.780138 3.591252 6.690710 -5.460038 2.894983 -5.232041 0.000002 0.000001 0.000002 -4.603787 -8.679508 -10.372203 -14.418987 -15.790127 -14.628995 -22.351721 17.105755 66.931442 -0.000001 0.000003 0.000001 1.096458 11.432773 10.364278 -8.625974 12.688319 26.801375 -14.269097 -59.142567 -38.385830 -0.000001 0.000001 -0.000001 -21.684578 -7.894796 40.733916 19.135077 -4.300493 -18.335032 -6.470948 7.178706 8.442594 0.000003 0.000001 0.000002 -2.359072 -6.190303 -28.011625 -8.067453 0.036964 3.427912 -6.060441 -0.010551 -1.124583 -0.000003 -0.000003 -0.000002 
-18.044090 78.320374 81.616043 4.202706 -6.975670 2.285249 13.183559 0.530454 -6.115702 -0.187228 2.330772 -3.851091 -3.538826 5.578295 7.094263 -2.892475 2.005697 -4.798239 0.000004 0.000001 0.000002 -1.381743 -8.540519 -3.568030 -8.544699 -19.147401 -7.359794 -19.774327 11.741615 66.554668 0.000002 -0.000001 -0.000000 1.318051 15.416283 7.682694 -13.447220 21.370583 32.418800 -14.502088 -51.177163 -34.764983 -0.000000 -0.000001 -0.000003 -21.585899 -6.470888 35.039475 23.119502 -5.494261 -15.571660 -10.104854 5.650534 9.203271 0.000001 -0.000000 0.000001 -1.750033 -5.721116 -24.023309 -3.565226 -0.557514 -1.649714 -8.192147 5.035691 2.775226 -0.000004 0.000002 0.000001 
-15.604927 80.008980 82.046181 2.472460 -7.254992 3.254227 11.489865 0.594741 -4.713996 -0.640192 2.766245 -4.581071 -2.984016 7.800820 8.434545 -2.185463 1.133922 -4.666579 0.000007 0.000001 0.000002 -1.672477 -6.236826 1.604711 -5.864349 -14.114693 -0.574041 -21.304197 17.025689 68.566172 0.000006 -0.000001 0.000001 0.351893 17.024376 6.573599 -16.633403 24.128277 39.503669 -11.752389 -41.393071 -25.957219 0.000002 0.000001 -0.000001 -20.028241 -4.811470 30.419170 25.062510 -5.763127 -14.111492 -13.560366 5.151926 10.325306 0.000002 0.000000 -0.000002 -2.488434 -5.101988 -21.156921 -1.102088 -0.891711 -3.065161 -9.946343 5.174777 2.634810 -0.000001 -0.000002 -0.000000 
-12.970467 81.615196 82.477028 0.402830 -7.209641 4.771311 8.332617 0.655699 -3.763535 -1.344194 2.235499 -4.078783 -1.820730 7.072910 8.330264 -0.233703 2.317338 -5.284043 0.000001 -0.000000 0.000001 0.676615 -7.526226 7.066756 -1.203635 -16.770389 7.348334 -19.832141 15.377957 64.506533 0.000003 0.000001 0.000001 -0.351396 18.544922 4.600046 -16.693191 24.493994 46.436250 -11.074295 -28.255442 -17.615807 0.000002 0.000000 -0.000002 -16.630208 -2.738067 25.361011 24.274141 -4.881245 -12.796763 -16.113084 4.690247 11.511298 0.000004 0.000003 -0.000001 -1.893590 -4.808651 -17.534854 -0.234878 -1.542124 -0.494060 -12.207294 1.796178 -2.029376 -0.000002 -0.000001 0.000001 
-10.272705 83.304092 82.955627 0.966428 -3.842899 6.856860 7.457356 0.727930 -2.620208 -3.076445 2.241512 -3.952707 -0.865050 5.502210 7.409407 2.016548 2.392991 -5.523729 0.000004 0.000002 0.000001 3.519995 -10.856839 12.372454 3.213070 -27.059427 13.577629 -26.262738 25.208413 75.688823 0.000001 0.000002 0.000002 -3.329516 21.223669 -4.044196 -29.738900 33.000933 41.152101 -21.024803 -39.867162 -30.956180 0.000003 0.000002 -0.000002 -14.547091 -1.450679 20.408199 22.662472 -3.050171 -11.749773 -13.719629 1.186364 6.916592 0.000002 -0.000001 0.000001 -1.878545 -4.187043 -13.035838 -3.117772 -1.979722 2.732327 -11.240530 0.818996 -2.597524 -0.000000 -0.000003 -0.000000 
-7.675608 84.817108 83.411484 0.164536 -2.308928 8.365955 5.340757 0.910875 -2.438013 -2.811579 2.450355 -4.171145 -1.352505 3.283599 7.152241 0.567380 3.802955 -6.051440 0.000002 0.000002 0.000001 5.106360 -12.320942 15.642801 9.655426 -33.280220 21.849575 -30.686964 32.470415 80.857022 0.000003 -0.000001 -0.000002 -5.073383 22.487587 -9.991300 -38.402663 39.248097 36.367612 -30.723871 -46.903059 -43.427927 0.000003 0.000004 0.000001 -11.733223 -0.541079 16.839271 19.190955 -2.157737 -12.305793 -10.544178 1.084601 5.199853 0.000005 0.000001 -0.000000 -1.460741 -3.367315 -8.884312 -6.753490 -1.550209 6.259886 -9.624216 -1.795538 -4.497867 0.000001 -0.000001 -0.000000 
-5.052315 86.391335 83.766571 -0.135453 1.322968 9.810719 2.391315 1.043434 -2.415589 -3.531410 0.463071 -1.947040 -0.105513 0.234364 3.907516 -1.791834 5.123403 -7.701160 0.000001 0.000000 -0.000002 5.937997 -14.182037 17.697351 14.919134 -37.137036 29.464664 -38.227910 35.067209 91.476922 0.000000 0.000000 0.000003 -7.506820 20.872998 -13.553631 -43.959620 43.410053 30.234891 -41.816249 -50.321019 -55.176614 0.000001 0.000001 -0.000002 -11.892515 -0.302299 13.317075 18.416686 -1.020747 -12.366011 -8.216157 1.966410 5.203513 0.000001 0.000001 0.000002 -0.005393 -1.857191 -1.203909 -4.289117 -1.417138 -1.629263 -7.894556 3.914636 1.774993 -0.000006 0.000001 0.000001 
-2.504799 87.946022 84.116425 -2.474790 3.967869 10.802720 0.661069 1.268714 -2.707758 -3.673393 -2.389083 1.090301 0.898211 -2.913666 -0.288990 0.617813 2.875019 -8.147641 0.000004 0.000001 0.000000 6.496023 -15.372618 20.171775 14.962527 -36.799273 32.413612 -42.136434 30.125564 97.432184 0.000003 0.000001 -0.000000 -10.525317 18.092802 -15.816170 -44.576116 44.863818 18.828267 -49.588082 -52.831045 -62.044933 -0.000001 0.000000 0.000003 -11.113214 -0.466148 10.678230 14.839342 -0.501930 -12.236283 -7.294977 3.205458 5.459027 0.000004 0.000004 -0.000000 -4.873690 0.879811 7.674798 -11.979549 0.220496 -3.989709 0.250994 5.471017 4.671305 0.000001 0.000001 0.000001 
-0.183071 89.435501 84.545914 -5.138013 8.377692 11.862405 0.623800 1.093051 -2.458032 -2.757421 -3.961848 3.049073 0.073316 -6.861377 -3.115415 2.759893 1.605382 -6.050597 0.000004 0.000002 -0.000003 6.750731 -14.616750 19.583395 17.247904 -35.267210 35.047439 -40.438685 24.460844 99.611581 0.000003 0.000001 0.000002 -11.124302 14.662738 -15.754134 -41.679170 44.730202 6.816387 -55.815749 -50.650402 -67.136450 0.000004 0.000003 -0.000001 -7.136150 0.031949 8.202427 13.622394 -0.869833 -10.733563 -10.014376 4.732825 7.526448 0.000003 0.000002 -0.000002 -10.252072 2.384922 13.970741 -15.237044 1.681901 -3.683247 3.646929 2.822736 4.024363 -0.000000 -0.000001 0.000003 
2.054132 90.904419 84.998505 -10.141221 11.427152 12.860919 3.088880 0.957160 -1.709747 -2.943038 -5.388825 4.519055 -0.559884 -10.058867 -5.517038 4.912197 -0.459060 -4.836576 0.000000 0.000000 0.000001 5.808376 -15.970867 17.831387 15.084737 -37.175408 33.610439 -35.374345 15.061499 94.141734 -0.000000 0.000000 -0.000001 -12.762185 10.507743 -13.626446 -38.465836 38.359155 -0.322137 -53.240406 -46.082415 -59.417817 0.000003 0.000001 0.000001 -2.776321 0.374816 6.340930 14.884755 -1.545276 -9.636608 -12.091630 5.283020 8.678662 0.000002 -0.000002 -0.000001 -17.615317 3.011031 20.524027 -12.319080 1.871898 -5.553639 1.884238 2.039488 3.721430 -0.000000 0.000000 0.000001 
4.208778 92.350090 85.466713 -14.728902 14.946966 14.769492 5.307673 0.789820 -1.191512 -3.475915 -6.509440 5.805221 -1.159449 -14.869359 -8.377016 5.943008 -1.993583 -3.645496 -0.000001 -0.000001 0.000001 7.192903 -19.281033 14.279896 13.305526 -40.374321 30.139828 -29.453849 6.366836 82.877324 0.000001 -0.000002 -0.000000 -12.674286 7.563596 -11.954711 -32.692605 28.919311 -6.098523 -44.252430 -41.148427 -45.761151 0.000004 0.000002 -0.000000 3.827454 0.691650 5.731499 14.763599 -0.578359 -9.597743 -11.993880 1.586748 5.654508 -0.000000 -0.000001 -0.000002 -25.685131 2.546712 25.777530 -8.243450 0.237246 -6.124354 -2.155446 2.105312 2.413963 -0.000004 -0.000001 0.000004 
6.196600 93.718552 85.925690 -17.223645 17.732187 17.216088 5.995721 0.762548 -1.251679 -3.435588 -7.205998 6.590793 -2.233749 -18.726253 -10.928145 5.698493 -2.160239 -3.176246 0.000000 -0.000001 0.000001 6.290881 -21.685116 9.946382 10.847398 -45.028927 26.223029 -25.779174 -0.532285 70.358093 0.000003 -0.000001 -0.000003 -12.849875 5.444772 -10.070432 -29.578985 20.443077 -6.801805 -37.174807 -36.844793 -34.709956 0.000006 0.000006 0.000002 7.800095 0.575532 4.515159 13.328204 0.541839 -9.671553 -13.117300 0.702724 5.700709 0.000002 0.000000 -0.000001 -32.222469 1.755424 29.691758 -5.232399 -0.625336 -6.668928 -2.753193 2.744948 3.255730 -0.000000 -0.000001 0.000003 
8.084143 95.050842 86.436554 -19.942009 20.389165 20.925046 8.273283 0.673558 -1.273260 -2.873272 -7.448863 7.088999 -3.423523 -22.469721 -12.885998 5.009706 -2.490441 -2.329471 0.000002 0.000001 -0.000001 6.371223 -22.861526 5.822648 7.015175 -47.125286 18.667100 -22.307031 -4.495964 56.517302 0.000000 -0.000003 0.000002 -11.393417 3.269348 -7.958239 -24.660692 12.354332 -8.080933 -30.174150 -30.704822 -25.455319 -0.000000 0.000003 -0.000000 11.883284 0.520839 2.219568 12.548889 0.467613 -8.985034 -12.531989 0.037381 4.969147 0.000002 -0.000001 -0.000000 -39.657738 0.860465 30.082148 -2.541790 -1.259360 -2.479234 -2.590533 0.311544 0.606529 -0.000001 -0.000003 -0.000002 
9.897458 96.280212 87.025688 -23.753149 21.971547 24.372504 10.243440 0.385314 -0.120165 -1.976122 -8.309908 8.007739 -5.718880 -26.341823 -16.192528 2.118243 -2.093106 -3.094445 0.000006 0.000000 0.000001 7.136492 -26.808100 0.133705 1.615604 -47.404604 9.925154 -19.405507 -0.483958 46.903701 0.000002 0.000003 -0.000001 -9.785960 3.240208 -7.742585 -20.429191 7.206602 -6.373787 -12.844087 -30.384165 -14.800315 0.000002 0.000000 -0.000003 15.938100 0.625379 -0.446086 12.572104 1.632084 -7.074827 -9.135247 -3.898389 0.190244 0.000003 0.000002 0.000002 -46.042568 -0.028095 29.217644 -1.339600 -3.134798 1.066912 -4.532510 -1.188182 -2.933190 -0.000002 -0.000002 -0.000001 
11.581701 97.399162 87.628952 -26.435358 23.406561 26.642772 10.896676 0.261251 0.743058 -1.809540 -9.718705 9.754690 -8.003312 -29.465638 -19.957330 1.446835 -1.120353 -3.734911 0.000002 0.000001 0.000002 6.787386 -28.246331 -5.031275 -1.029906 -47.314650 3.720815 -15.729656 -0.860494 40.693574 0.000003 -0.000003 -0.000003 -8.890380 0.823941 -8.006217 -16.655958 2.159730 -8.940730 4.161426 -23.361701 -2.885193 0.000001 0.000000 -0.000002 17.938063 0.648882 -2.386367 13.011627 1.779898 -5.423574 -7.097271 -6.773146 -3.189881 -0.000000 -0.000000 -0.000000 -51.230995 -0.384637 27.843119 -0.338160 -3.847161 4.974398 -5.880816 -3.264246 -6.268754 -0.000002 -0.000004 -0.000000 
13.174190 98.459641 88.273560 -28.015698 23.599017 28.015243 11.761044 0.139775 2.104914 -1.501178 -11.505553 12.027667 -10.784327 -32.295303 -24.388758 -0.604537 0.815301 -4.765397 0.000004 -0.000001 0.000002 6.216523 -28.782841 -9.103561 -4.606705 -45.184293 -3.005034 -11.853011 -0.294981 34.979342 0.000001 -0.000002 0.000001 -7.493499 -1.314231 -6.150520 -13.300909 -2.635689 -10.055901 18.476307 -15.259343 5.224528 0.000003 0.000000 -0.000000 18.360853 0.598401 -4.156121 14.437755 1.547075 -4.516329 -4.541824 -8.847842 -5.832804 0.000003 -0.000002 0.000000 -56.443990 -0.693131 27.148955 0.814946 -4.345532 9.071453 -5.051210 -4.880464 -8.300220 -0.000000 0.000001 -0.000001 
14.663985 99.424416 88.947639 -30.576773 23.871106 29.493006 13.489118 0.092816 2.684578 -1.235405 -11.976382 12.649084 -11.990443 -34.278892 -25.561238 -0.910966 1.408672 -5.054063 0.000002 -0.000001 0.000002 5.773403 -28.593709 -12.163472 -6.997167 -45.762944 -8.571531 -9.113309 0.019071 33.684744 0.000001 -0.000001 -0.000000 -5.371494 -2.837319 -2.959320 -10.120228 -6.801129 -10.767323 27.242693 -7.528264 8.866342 -0.000002 -0.000002 -0.000003 20.355781 0.650596 -3.544354 16.022116 0.619507 -4.254153 -4.449827 -7.427254 -4.692173 0.000002 -0.000003 -0.000001 -60.615163 -0.384490 25.475885 2.371084 -4.010773 13.591603 -4.111602 -6.825948 -9.909708 -0.000005 -0.000003 -0.000000 
16.018799 100.257294 89.626678 -32.971318 25.287543 30.892580 14.431905 -0.029397 3.594197 -0.063664 -12.403442 13.530096 -13.695960 -35.501008 -26.520853 -0.972780 1.491704 -4.765175 -0.000001 -0.000001 0.000003 6.293389 -28.779617 -13.083054 -8.410311 -46.921945 -11.608068 -7.686034 -0.606339 32.137891 0.000002 0.000001 0.000002 -3.964988 -3.817070 -1.017211 -8.140412 -10.243531 -11.224538 31.150457 -0.851270 10.255554 0.000004 -0.000000 0.000003 21.005519 0.705748 -3.473015 17.568152 0.023919 -4.107712 -2.179614 -9.792423 -7.374224 0.000001 0.000001 -0.000000 -63.687170 0.484878 22.521833 3.834753 -3.883122 19.830954 -5.180596 -8.602953 -12.245120 0.000001 -0.000001 -0.000001 
17.287285 100.954941 90.282997 -35.056636 27.044469 32.382125 14.753663 -0.072447 4.387666 0.790444 -12.970258 14.419549 -15.394265 -36.556846 -27.731200 -0.740670 1.827105 -4.920055 0.000002 0.000001 -0.000000 6.753666 -28.760291 -12.624054 -9.409469 -48.592418 -13.148040 -7.148076 0.209142 32.096514 0.000002 0.000001 -0.000002 -3.257385 -3.740375 -0.094446 -6.989841 -12.706501 -11.040631 33.403347 3.293789 10.744998 0.000004 0.000001 -0.000003 21.282376 0.905141 -3.311964 19.332716 -0.103093 -3.853678 -1.605291 -11.065867 -8.550226 0.000004 0.000001 -0.000000 -66.016497 1.244404 19.929498 5.324231 -3.865481 26.004617 -5.044292 -9.015565 -12.746983 -0.000004 -0.000001 0.000001 
18.439983 101.521584 90.931267 -36.288676 28.176578 32.869691 14.291710 -0.067179 4.454633 1.231765 -13.168831 14.719032 -15.381246 -36.367742 -27.361806 -0.415926 1.678295 -4.929306 0.000004 0.000000 0.000002 7.199686 -29.228463 -12.180732 -10.261602 -50.427358 -14.189784 -7.054338 2.150615 32.003685 0.000004 0.000003 0.000003 -3.266800 -3.404133 -0.223821 -6.491108 -13.640475 -10.461117 34.556768 4.751167 11.036508 -0.000003 0.000003 0.000007 21.747058 1.047905 -2.471727 20.314717 -0.589323 -4.827287 -2.042506 -10.377380 -7.828981 0.000005 0.000004 -0.000002 -66.983733 1.605136 18.834298 7.003977 -3.435108 28.610232 -3.893657 -8.960347 -12.241956 0.000002 0.000001 0.000001 
19.444672 101.971680 91.592552 -36.507949 28.274898 32.407161 14.353190 0.004079 4.254257 1.022177 -12.748273 14.130732 -14.357935 -35.716838 -25.778999 0.330997 1.399145 -4.952435 0.000006 0.000001 0.000000 7.442703 -29.844600 -11.729433 -11.937717 -51.391026 -15.844859 -7.644904 3.821161 32.487163 -0.000003 -0.000003 -0.000000 -3.539282 -2.769276 -0.338475 -6.458584 -14.370798 -9.880500 34.347348 4.234865 11.218758 0.000008 0.000004 -0.000002 22.085975 1.161188 -1.608927 20.679890 -0.789082 -6.393711 -2.944142 -8.452479 -5.791688 0.000002 -0.000001 -0.000002 -66.801846 1.438495 19.200536 8.299770 -3.242389 27.200081 -2.210320 -8.449002 -10.994172 -0.000000 -0.000000 -0.000000 
20.313076 102.242416 92.222931 -35.983994 29.600138 31.475134 13.822947 0.084422 4.104995 1.080448 -12.440366 13.616028 -14.077696 -34.868969 -24.071665 0.852410 0.932579 -4.828227 0.000002 0.000001 0.000002 6.215698 -30.038834 -11.535689 -16.773495 -51.417903 -19.513620 -8.405398 6.798020 29.294121 -0.000000 -0.000001 -0.000000 -4.527095 -2.229168 0.143717 -8.673865 -14.811426 -9.251116 35.696372 0.643753 12.018844 0.000003 -0.000002 -0.000002 21.427488 1.638629 -0.944368 21.138238 -0.322669 -7.706956 -4.960394 -5.388253 -2.536601 0.000005 0.000003 -0.000001 -65.665985 0.531393 20.755724 10.068766 -3.289981 25.011386 -1.034293 -7.051879 -8.768598 -0.000002 -0.000003 -0.000001 
21.030050 102.313812 92.819183 -34.211195 30.504199 29.464893 13.243787 0.082191 3.971270 -0.068695 -12.098681 13.040413 -12.649353 -33.800380 -22.461651 0.481338 1.058684 -4.457231 0.000002 -0.000000 -0.000000 7.517515 -30.350717 -9.867422 -16.865498 -53.165868 -19.810716 -9.354403 6.427747 29.612367 0.000001 -0.000001 -0.000000 -4.015943 -0.928555 0.390859 -8.477076 -12.600089 -8.513425 32.220905 -5.000827 10.257338 0.000003 0.000003 -0.000003 20.484026 1.477854 -1.266509 19.775336 -0.075087 -8.484906 -7.807681 -2.097656 1.647198 0.000002 0.000002 -0.000002 -62.800844 -0.128497 22.682891 10.330271 -3.765335 18.212445 1.526131 -3.510055 -4.810685 -0.000002 0.000004 0.000001 
21.651112 102.275337 93.402077 -32.456755 31.240920 28.138057 12.731044 0.095854 3.920531 -0.586339 -11.863691 12.488089 -12.285123 -32.779942 -21.471731 0.240605 0.821114 -4.363733 0.000001 -0.000001 0.000001 7.189710 -29.986279 -8.570742 -21.103355 -53.971772 -23.676958 -9.590872 8.032191 26.389097 0.000001 0.000001 0.000002 -4.624675 -0.533795 0.641144 -10.154777 -11.698588 -7.897730 32.708482 -10.367578 10.140060 0.000007 0.000000 -0.000002 20.276182 1.382842 -1.737846 18.225346 0.352532 -8.140338 -10.764370 -0.345511 4.183231 0.000001 0.000004 -0.000000 -60.215904 -0.485094 23.890537 10.590829 -3.855787 12.890145 3.617692 -0.778754 -1.243660 -0.000002 0.000001 0.000001 
22.154251 101.976761 93.977356 -28.243467 31.785918 25.407561 11.164468 0.019287 3.038689 -1.495402 -12.018426 12.607179 -10.653289 -31.621406 -20.256546 -0.894952 0.659114 -3.708157 0.000004 -0.000001 -0.000000 8.866613 -29.904047 -6.058119 -21.254890 -56.429954 -24.722616 -10.259420 6.132875 29.459569 0.000003 0.000001 0.000001 -4.451387 -0.731730 0.242476 -9.378122 -9.805347 -7.068433 27.488911 -15.780720 6.326674 0.000002 -0.000001 -0.000003 18.593156 1.102835 -2.443348 15.661139 0.999669 -7.132104 -12.976002 1.488180 6.940321 0.000004 0.000010 0.000000 -57.085813 -0.917287 26.882323 12.805353 -3.978095 9.587282 4.355553 2.508048 1.792505 -0.000004 -0.000000 0.000002 
22.580036 101.439247 94.549675 -22.984273 32.836568 22.503233 7.712029 0.086346 1.795695 -1.578667 -12.500953 13.435272 -10.290191 -30.988138 -20.576326 -2.953594 0.826038 -3.124542 0.000002 -0.000001 0.000004 9.131770 -29.169621 -4.592530 -25.683986 -57.726956 -30.349222 -10.634026 6.128679 30.853201 0.000000 0.000003 0.000003 -5.101923 -2.589889 -0.325241 -8.674215 -10.232088 -6.242507 22.094404 -22.263623 1.832603 0.000006 0.000003 -0.000002 16.158457 0.924693 -2.421971 13.725635 1.521022 -6.147280 -15.246463 0.080910 6.794245 0.000002 0.000001 0.000000 -53.298797 -0.725202 28.154909 15.848038 -4.338173 5.804551 4.437804 3.790287 3.047694 -0.000004 0.000001 -0.000001 
22.956615 100.889015 95.069435 -18.954694 33.718127 20.790257 5.635471 0.258705 0.926772 -2.753085 -12.555797 13.575738 -9.393938 -30.955831 -21.016062 -4.942853 0.684978 -2.900396 0.000001 -0.000000 0.000003 8.557664 -28.612269 -4.714211 -28.845327 -59.205712 -35.116772 -10.154330 6.171897 33.176326 0.000003 -0.000002 0.000001 -5.612336 -5.109411 -0.477679 -7.284054 -11.546086 -5.656457 14.819074 -26.191330 -3.821952 0.000003 -0.000001 -0.000000 13.433953 0.499956 -2.255693 12.140102 1.712426 -7.856476 -17.799734 3.238980 11.643949 0.000002 0.000004 0.000001 -49.017764 -0.167579 29.350078 19.636686 -4.082652 6.621107 8.994105 0.661667 1.372604 0.000001 0.000002 0.000001 
23.310204 100.274689 95.539940 -15.834984 34.271949 18.386364 3.614772 0.241089 1.106452 -3.557864 -11.631570 12.607941 -8.411667 -31.615361 -20.389201 -5.841130 1.235779 -2.313043 0.000004 -0.000000 0.000001 6.944228 -27.620196 -6.528376 -37.271844 -57.790012 -45.584843 -10.335026 9.977427 35.456482 0.000001 0.000001 0.000000 -5.835467 -6.912349 0.370723 -6.926817 -14.207225 -5.438447 10.116532 -32.198103 -8.190233 0.000003 0.000003 -0.000003 10.119660 0.436638 -1.399990 11.921557 0.928886 -10.455252 -19.233982 6.481310 15.680612 0.000001 -0.000002 -0.000001 -41.313144 0.733636 29.916819 23.354795 -2.625354 9.662563 10.004537 -3.921458 -0.893756 0.000001 0.000003 0.000004 
23.711742 99.570702 95.924736 -11.819699 34.598590 15.794925 0.328136 0.314525 0.353533 -3.050393 -11.724412 12.921132 -7.788130 -30.741025 -20.072784 -6.648139 1.248564 -2.223720 0.000004 0.000001 -0.000001 5.505813 -26.161773 -8.386768 -44.721203 -54.047570 -55.392530 -9.331821 13.129845 31.336481 0.000005 0.000003 -0.000002 -5.487731 -9.660112 1.942447 -6.632361 -16.222222 -6.292931 6.608782 -41.453053 -13.506314 0.000001 0.000000 -0.000003 7.210728 0.054798 -0.319174 10.408267 0.713818 -13.349081 -19.667490 10.027647 19.632530 0.000004 0.000001 0.000000 -33.180799 1.959877 29.337783 25.677939 -1.523481 12.001150 8.796583 -7.964405 -4.084868 -0.000001 0.000003 0.000002 
24.098354 98.891319 96.289093 -8.374989 34.545362 13.608946 -2.430775 0.485378 -0.331424 -2.479241 -11.926850 13.279657 -6.871258 -29.918612 -19.468235 -7.610206 0.882768 -2.235517 0.000000 -0.000000 -0.000000 4.389618 -26.514793 -9.521946 -47.962804 -49.735689 -59.433308 -8.905363 16.254872 27.338042 0.000001 0.000000 0.000003 -5.656440 -11.270473 3.736887 -7.698185 -17.612553 -6.943847 3.616909 -49.949662 -17.673577 0.000004 0.000001 0.000002 4.578359 -0.221621 0.272073 9.371563 1.077893 -15.346981 -19.991636 12.096690 22.238630 0.000002 0.000001 0.000002 -26.997919 2.758476 28.703532 26.670241 -1.479461 11.948637 7.764882 -10.079057 -6.044628 0.000001 0.000001 0.000003 
24.502686 98.195412 96.630249 -4.414986 32.916024 11.073078 -3.986775 0.674285 -1.236140 -2.962555 -11.711492 13.174433 -5.139173 -28.592027 -17.890405 -8.549743 -0.049805 -1.737426 0.000002 0.000001 0.000000 4.274286 -26.076026 -9.524795 -47.790601 -47.822932 -59.880467 -8.229799 18.389760 24.228117 -0.000002 -0.000001 -0.000002 -4.678325 -11.016023 5.589426 -6.683224 -17.402627 -5.454946 0.512687 -57.626607 -22.091084 0.000003 0.000002 -0.000002 1.608933 -0.856959 0.667016 7.739311 1.983852 -17.165288 -20.188987 13.851558 24.617093 0.000002 0.000001 -0.000000 -21.379899 3.627915 27.784776 27.530346 -1.807512 9.676059 4.605159 -8.277175 -5.556433 -0.000002 -0.000002 -0.000001 
24.982920 97.488907 96.912689 -0.925558 32.709055 8.412011 -5.624116 0.624141 -1.147126 -2.270611 -11.258548 12.954745 -4.258932 -26.719157 -16.134927 -8.249349 -1.846042 -0.365013 0.000001 0.000001 0.000000 3.041386 -23.352545 -10.335894 -44.729574 -42.778055 -57.856422 -5.326602 17.151599 15.213391 0.000001 0.000004 -0.000002 -3.779975 -11.720428 6.864173 -5.555438 -18.152705 -5.122998 2.535040 -63.385720 -22.758592 0.000001 0.000004 0.000002 -1.174124 -1.285667 1.118186 6.083604 2.364897 -18.357054 -20.968291 14.539362 25.948524 0.000001 -0.000002 -0.000001 -16.097221 4.429002 26.934159 26.796465 -1.663724 7.898150 0.907615 -3.330143 -2.076509 -0.000004 -0.000002 -0.000003 
25.472584 96.798965 97.145012 0.547587 32.967701 6.540512 -5.931562 0.481165 -0.957596 -1.802785 -11.240138 13.235101 -4.105751 -26.422242 -15.415776 -7.822677 -2.388579 0.469949 0.000002 0.000000 0.000002 3.495934 -22.560316 -10.157727 -40.674535 -39.856725 -53.987765 -6.130226 17.778868 18.770401 -0.000005 0.000003 0.000000 -2.862695 -11.237166 7.672153 -4.300030 -17.962265 -4.148484 7.930383 -64.848364 -18.708313 -0.000001 0.000001 0.000002 -3.153854 -1.495699 1.712949 5.218129 2.616897 -19.655126 -21.292958 15.065222 26.846707 0.000001 0.000002 0.000001 -12.005056 4.912286 26.835613 25.065473 -1.604307 7.338882 -2.117604 0.102825 0.523188 -0.000002 -0.000006 -0.000000 
26.019037 96.145218 97.345673 1.744834 33.356906 4.321494 -5.515236 0.094330 1.021294 -1.820632 -11.056824 13.129668 -4.044637 -25.822994 -15.315844 -8.541450 -2.668914 0.990796 0.000002 -0.000000 -0.000000 3.429245 -21.337226 -9.937628 -34.922648 -36.894831 -47.585535 -4.713732 17.137324 17.443542 0.000006 0.000000 0.000003 -1.922131 -10.957011 8.510122 -2.489699 -17.873150 -2.358444 15.984985 -63.413204 -12.781092 0.000006 -0.000000 -0.000001 -4.890582 -1.455003 2.704156 5.645137 2.733551 -20.053511 -21.237558 14.855146 26.877916 0.000001 -0.000006 -0.000000 -10.011724 5.156572 27.867317 22.931325 -1.869461 6.990393 -4.331621 2.097580 1.781706 -0.000003 0.000002 0.000001 
26.517626 95.610352 97.549797 2.607472 35.812140 3.959053 -3.644011 -0.091423 2.140796 -1.271519 -10.488203 12.423319 -4.346571 -24.073874 -14.160519 -10.082033 -3.907664 1.614668 0.000002 -0.000000 0.000001 2.648665 -20.101691 -10.113479 -30.096614 -33.349341 -40.814291 -3.650968 17.712825 14.386918 0.000004 0.000002 -0.000001 -1.688332 -10.390208 9.312759 -2.153632 -19.094646 -0.880929 27.619410 -59.778075 -2.327670 0.000001 0.000002 -0.000002 -7.567705 -1.247394 1.823424 7.266410 2.169925 -21.052045 -20.852055 14.392573 25.804118 0.000004 0.000004 0.000001 -10.243316 4.803015 26.895021 21.667097 -2.025262 6.031744 -6.698535 3.059634 2.321857 -0.000004 -0.000003 -0.000001 
26.985510 95.135048 97.739075 1.912785 39.140355 3.967382 -2.471801 -0.268099 3.265918 -1.718166 -10.384471 12.232982 -4.433410 -23.688023 -14.433455 -10.417801 -4.147693 1.666812 0.000001 0.000001 0.000002 1.835557 -19.058425 -10.696255 -26.002701 -31.256711 -35.515877 -0.898609 21.486332 10.939443 0.000001 -0.000001 -0.000003 -1.157050 -9.636544 10.258379 -1.771501 -18.651138 -0.297781 33.460974 -54.388120 3.192872 -0.000001 -0.000001 -0.000003 -8.888878 -1.352313 1.439618 8.263000 1.981794 -22.505362 -20.334576 14.271279 25.220079 0.000002 0.000001 -0.000000 -9.030883 4.948991 26.365213 19.590186 -2.042381 5.628031 -8.908311 4.608073 3.650302 -0.000002 0.000000 0.000002 
27.461933 94.706207 97.895622 -0.453582 45.361199 4.293607 -3.106123 -0.491215 4.011390 -2.817977 -10.025112 11.933888 -3.376198 -24.012462 -14.634035 -9.541665 -1.665247 0.665590 0.000001 -0.000001 0.000001 1.681791 -16.982219 -11.633940 -20.720069 -30.560619 -30.976950 4.562785 26.268643 7.366147 0.000003 0.000001 0.000001 0.834692 -8.902417 11.752440 0.910167 -18.274936 -0.535438 34.404657 -46.531658 3.600124 0.000003 0.000009 -0.000001 -8.943960 -1.621403 1.252332 9.841631 1.423496 -24.230511 -20.534259 12.292839 23.575101 0.000003 0.000001 0.000000 -6.556777 5.383194 25.958308 15.319616 -1.914735 6.582929 -10.856283 5.333331 3.947255 -0.000002 0.000001 0.000004 
27.911674 94.367554 98.036385 -3.076053 54.685981 5.637747 -4.794651 -0.865117 4.727968 -2.560185 -9.324417 11.425498 -4.353731 -24.465753 -15.201138 -8.055074 1.688091 -0.253700 0.000000 0.000002 0.000000 3.141446 -15.504789 -11.724199 -16.118872 -29.334928 -27.864935 8.239422 27.917488 6.893508 0.000001 -0.000001 0.000003 2.845247 -9.954273 12.403885 4.859800 -19.034871 0.188934 32.009914 -38.747871 1.843492 0.000006 0.000005 -0.000003 -7.988667 -1.267809 -0.268602 10.273595 0.087792 -25.472391 -17.601660 10.912916 19.988822 0.000002 0.000003 -0.000001 -5.032153 5.594137 26.478741 9.639956 -1.298239 6.544830 -9.581870 3.334976 1.850937 -0.000002 -0.000001 0.000002 
28.335859 94.132172 98.120438 -6.840348 64.546094 8.395909 -6.594240 -1.158442 5.341493 -1.560656 -9.446767 11.807665 -6.238725 -25.051039 -16.862692 -7.616617 5.087210 -1.602246 0.000002 0.000002 -0.000001 4.585261 -15.272317 -10.847980 -15.181137 -30.110629 -28.681576 9.808997 28.494298 8.057875 -0.000001 0.000002 -0.000001 3.671203 -12.066880 12.248830 8.663032 -20.906275 2.620168 29.354319 -33.608854 -0.281322 0.000004 0.000002 -0.000003 -6.271818 -0.952273 -1.158067 11.411806 -1.035244 -24.727358 -15.002710 9.654752 16.885752 -0.000000 0.000001 -0.000000 -5.408610 5.462332 25.915814 5.989803 -0.804776 7.406719 -8.013878 1.124053 -0.198538 -0.000005 0.000000 0.000001 
28.664330 93.982132 98.197105 -23.140807 76.686174 24.356820 -6.683188 -1.204540 5.165254 2.255310 -9.568965 12.248600 -10.018609 -24.903619 -19.136839 -10.095143 8.482202 -3.143150 0.000002 -0.000002 -0.000001 5.699755 -15.728713 -10.746510 -14.823227 -29.396434 -30.139852 10.150172 28.661120 12.159754 0.000003 -0.000001 0.000003 3.795274 -14.278889 10.393931 12.379036 -20.296506 6.774746 24.074532 -32.579159 -5.928734 0.000006 0.000000 -0.000003 -1.721665 -0.408277 -0.770463 13.361443 -1.819319 -22.687966 -12.261305 10.943813 16.267718 0.000003 0.000000 -0.000001 -4.991744 4.713940 22.267837 2.761978 -0.590351 10.503771 -7.791485 -2.346711 -4.224447 -0.000000 0.000000 0.000000 
29.040234 93.976952 98.257881 -107.095351 84.465329 107.814802 -10.399913 -0.953883 3.262186 1.986158 -8.463652 10.638575 -7.861356 -24.769297 -19.585590 -11.757135 11.258599 -4.899538 0.000000 0.000001 0.000002 3.189605 -9.534494 -11.345056 -16.254503 -21.311251 -35.114785 2.780825 28.532449 31.987528 0.000002 -0.000003 -0.000001 3.165997 -20.913425 9.153668 15.509751 -15.344449 13.718065 14.349211 -40.368423 -16.808899 0.000001 0.000000 -0.000001 1.917670 -0.331143 -0.992677 11.993117 0.204202 -19.835626 -7.950886 13.182803 16.168700 0.000001 -0.000002 -0.000001 -6.317166 3.795732 17.806465 -1.602891 -1.831200 13.379787 -10.147702 -4.959094 -8.865945 -0.000002 -0.000001 0.000000 
29.400742 94.077499 98.314201 -160.230077 74.630000 160.331287 -12.429915 -0.461741 1.289965 1.878217 -7.631129 9.530330 -5.490149 -21.817916 -17.328670 -14.171923 11.774233 -4.602510 0.000004 0.000001 0.000001 2.328249 -8.287898 -10.988698 -17.288793 -22.725848 -35.556807 -1.626053 27.206030 41.814152 0.000001 0.000000 -0.000001 2.066391 -25.206046 8.728019 16.376656 -16.393149 15.862802 12.686811 -45.847795 -19.735106 0.000003 -0.000001 -0.000003 5.233539 -0.384846 -0.805599 9.321934 1.197934 -16.749321 -6.067120 15.050892 16.578734 0.000004 -0.000002 -0.000001 -6.064592 3.105050 14.179118 -6.391916 -2.214679 15.523131 -12.415822 -7.158997 -12.148167 -0.000002 -0.000001 0.000003 
29.804951 94.370491 98.324776 -169.871285 60.123847 169.497046 -13.268193 0.680352 -2.556897 2.101948 -6.947592 8.643953 -2.976178 -17.614073 -12.801719 -15.085936 14.715318 -5.716615 -0.000001 -0.000000 0.000001 3.107273 -8.261586 -10.483441 -10.148846 -28.010063 -23.942909 4.462965 25.569196 26.826140 0.000003 0.000001 0.000000 1.003655 -27.711049 7.411945 15.629870 -19.422179 12.855140 16.249020 -52.891796 -20.061731 0.000001 0.000003 -0.000000 9.667527 0.090339 1.841622 4.884818 1.976319 -14.634143 -8.116164 15.904787 18.181970 0.000003 0.000001 -0.000000 -5.996223 2.327344 10.698434 -9.142560 -2.238999 14.167456 -13.654798 -8.098659 -14.124706 -0.000002 -0.000000 0.000003 
30.139183 94.832062 98.353119 -173.804354 44.938113 172.229791 -11.995906 1.058699 -3.236859 -0.942737 -5.707526 6.804634 -0.095177 -16.347767 -9.866866 -18.803156 20.008947 -7.116085 0.000002 0.000005 0.000001 2.384944 -7.496886 -8.488031 -5.755395 -27.872067 -14.880672 6.546600 23.514070 16.746973 0.000002 -0.000001 -0.000000 -1.206316 -26.442953 5.286377 12.822937 -23.068650 8.847000 28.942244 -58.089085 -11.248283 0.000005 0.000000 -0.000001 10.135733 0.665822 6.795619 6.222438 -0.062028 -15.205678 -11.769773 14.351607 18.540151 -0.000001 0.000001 -0.000000 -7.404413 1.973192 8.648742 -11.586263 -0.957263 12.502101 -10.618780 -5.726272 -9.594158 -0.000002 -0.000003 -0.000000 
30.385223 95.284798 98.443848 -176.015437 30.686285 173.257515 -11.571583 1.414932 -3.748956 -2.184137 -4.686226 5.443231 1.053285 -17.787358 -8.163915 -20.075524 23.377414 -8.217242 -0.000001 -0.000001 -0.000002 1.401036 -7.236124 -8.640119 -1.983816 -26.950548 -7.266803 9.009163 22.592589 7.431270 0.000001 0.000001 -0.000001 -3.094833 -24.557435 2.766472 10.229569 -25.662172 4.611167 43.919530 -58.995588 0.032180 0.000003 -0.000002 0.000003 9.494306 1.186280 10.518802 7.975545 -1.951791 -15.319313 -12.028833 12.224239 16.188359 -0.000002 0.000001 -0.000000 -7.776173 1.603129 6.861414 -15.002423 0.141935 11.086089 -5.447347 -1.204018 -2.934151 0.000001 -0.000002 -0.000000 
30.551085 95.731659 98.568085 -178.394105 16.159295 174.270596 -11.910269 1.788235 -4.654134 -1.566464 -3.603843 3.968830 0.663153 -19.853094 -7.405849 -20.145812 25.336737 -9.272658 0.000002 0.000001 -0.000004 0.636285 -8.259389 -10.165230 1.397770 -26.443813 -0.095375 10.409233 23.776797 1.702915 0.000005 -0.000005 0.000001 -4.624014 -21.405354 0.242186 6.903327 -27.653544 -0.549125 55.732254 -54.774733 9.647687 0.000001 0.000008 0.000002 6.001145 1.297385 12.179672 8.159563 -2.730688 -14.483099 -13.278532 11.688282 16.227836 0.000000 -0.000001 -0.000000 -5.252030 1.282527 7.822342 -16.117619 1.542283 4.941299 -2.835321 4.385762 3.223851 0.000001 -0.000001 0.000000 
30.718752 96.162018 98.674706 -180.726669 1.520734 174.429057 -12.011049 2.113221 -5.214718 -0.614718 -3.562326 3.718809 -0.603743 -22.515838 -8.151863 -21.089633 27.930653 -10.750436 0.000000 0.000001 -0.000001 0.389790 -10.182169 -10.980013 3.099741 -27.075239 4.773369 13.618628 28.190207 -3.014402 0.000001 -0.000002 -0.000001 -6.671231 -19.224223 -2.950541 2.651099 -27.427564 -4.752455 62.473247 -50.887768 15.423950 0.000003 0.000001 0.000002 3.201746 1.332730 14.841808 10.026783 -3.374644 -12.797125 -13.180996 13.908338 18.152727 0.000004 0.000004 0.000001 -5.173916 0.966335 6.878889 -15.143556 2.359257 -0.405513 -5.981879 11.211510 9.599359 -0.000002 -0.000001 0.000001 
30.873085 96.564262 98.770363 -182.507559 -11.342286 173.972718 -12.350112 2.418259 -5.911583 -1.039546 -3.077541 2.981648 -0.303274 -24.232461 -8.033258 -20.212246 29.447213 -11.885765 0.000004 -0.000000 -0.000000 -0.051762 -10.198107 -10.734152 3.980425 -27.542985 6.988330 14.984957 29.971724 -4.455598 -0.000005 0.000001 -0.000002 -8.157986 -18.121996 -5.328461 0.038424 -27.010634 -7.817338 63.409031 -46.731738 16.410294 0.000005 -0.000002 -0.000003 1.323498 1.313410 16.843813 11.087630 -3.799315 -11.503195 -12.678215 14.374680 18.235656 0.000004 -0.000000 0.000001 -4.251255 0.621515 6.007254 -14.441735 2.829664 -3.333471 -8.601932 14.809945 13.424254 -0.000002 0.000002 0.000001 
31.026722 96.917130 98.843300 -184.336670 -24.311608 172.782216 -12.151263 2.697707 -6.943660 -0.248081 -2.855823 2.855459 -1.729337 -23.829031 -8.034885 -16.985632 28.077583 -11.950271 0.000001 -0.000002 0.000003 -0.045000 -8.254138 -9.395123 4.129248 -27.778461 7.156116 12.828311 29.694490 -0.745494 0.000001 -0.000002 0.000001 -9.554799 -17.905505 -8.326882 -1.122659 -26.489185 -9.957538 61.801901 -44.099024 15.999211 0.000001 0.000001 0.000001 -1.716968 0.958642 19.648503 12.437075 -5.086277 -11.035001 -10.605198 14.381242 16.772189 0.000001 0.000000 0.000003 -3.553249 0.199785 4.217185 -11.844417 3.057496 -2.452986 -11.691541 14.260784 13.140195 -0.000002 -0.000001 -0.000000 
31.150143 97.243347 98.896568 -186.011582 -37.094628 169.967072 -10.983846 2.660741 -6.938244 -0.817200 -2.183154 2.036192 -1.572387 -22.935340 -6.579893 -13.482637 25.724589 -12.103939 0.000004 -0.000001 -0.000002 0.308262 -7.620737 -7.391110 2.364005 -27.661375 4.881154 8.648093 28.093311 5.664496 -0.000001 0.000003 -0.000003 -10.652420 -17.942530 -10.166029 -2.089198 -25.431663 -11.375494 56.503822 -41.573312 13.415437 0.000003 0.000003 -0.000001 -6.420638 0.033151 23.302961 14.710209 -5.808926 -13.336705 -8.421466 16.463394 17.181343 0.000003 -0.000003 -0.000003 -0.492945 -0.294945 3.908720 -12.648289 2.676885 0.808913 -13.817280 12.131289 10.469315 -0.000002 0.000001 -0.000000 
31.267168 97.507286 98.943001 -189.183167 -48.169298 166.294739 -9.897075 2.680726 -7.208704 -1.572087 -1.914426 1.639713 -1.229103 -22.417637 -5.539585 -12.091123 23.831872 -11.679267 0.000002 -0.000001 0.000002 0.305618 -8.405111 -5.672626 -0.873672 -26.652119 1.080411 4.639273 26.790442 11.874971 -0.000003 0.000000 -0.000001 -12.151048 -17.577523 -11.798975 -2.692016 -26.110136 -11.558979 55.242515 -38.619221 13.423060 0.000004 0.000003 -0.000002 -11.299768 -1.025024 24.758903 17.075492 -6.356179 -15.201416 -7.577391 16.734377 16.913188 0.000003 -0.000000 0.000001 1.000065 -0.840929 2.420551 -13.281147 2.307963 3.217218 -14.802574 9.726523 7.746822 -0.000004 0.000002 0.000001 
31.391060 97.660011 99.002235 -194.311751 -58.692833 159.943291 -8.132000 2.337637 -6.834376 -0.220036 -1.359631 0.654125 -1.984918 -16.776336 -3.314386 -12.746211 18.765378 -9.788928 0.000002 -0.000002 -0.000001 -0.516145 -7.381183 -3.851346 -3.838936 -25.798973 -2.746879 -0.460687 24.140826 21.783495 0.000000 0.000000 -0.000002 -11.369771 -17.572788 -9.610354 -2.089613 -27.267558 -10.630559 44.229614 -40.535834 6.439737 0.000003 0.000002 -0.000000 -17.390270 -2.359911 24.980365 20.492229 -6.224682 -16.080272 -8.759018 14.326685 15.939368 0.000002 -0.000000 -0.000000 1.575554 -0.924695 2.387672 -11.916405 0.976979 4.146660 -15.986468 7.815888 4.584708 -0.000002 0.000002 0.000001 
31.549408 97.722603 99.011154 -202.869896 -67.920890 150.074160 -5.593737 2.140325 -7.237851 -0.716566 -2.432611 1.943661 -2.017313 -14.703679 -4.456183 -14.138106 16.032512 -8.635318 0.000004 0.000000 -0.000000 -1.051799 -7.472025 -6.497731 -3.806241 -24.711751 -4.361589 -4.779769 20.138418 34.094187 0.000005 0.000000 -0.000000 -8.945967 -17.980007 -6.178597 -1.124325 -20.383506 -7.129164 28.851446 -36.772181 -2.740773 0.000001 0.000003 -0.000000 -22.845465 -3.532407 25.171685 23.433868 -5.722205 -15.451022 -8.609078 12.812824 14.910566 0.000002 -0.000000 -0.000001 -0.461157 -0.037275 5.339899 -6.401206 -0.119114 2.135050 -18.660524 7.921472 3.304992 -0.000000 -0.000003 -0.000001 
31.680580 97.728546 99.029579 -219.236928 -74.448249 133.398676 -3.560152 1.943343 -7.165662 -1.112393 -2.740419 2.133213 -2.009205 -11.738687 -3.934315 -15.482745 12.895390 -7.934388 0.000004 0.000001 0.000000 -0.236095 -10.181533 -8.280331 -8.588482 -24.400455 -12.021147 -7.093207 10.850678 38.744159 0.000003 0.000002 0.000003 -4.864532 -12.766336 -0.296829 1.611919 -11.476503 4.530798 19.166334 -26.336258 -4.932817 0.000001 0.000002 0.000001 -26.968005 -4.258422 24.522997 24.773393 -5.238244 -15.778101 -7.969312 13.224912 15.248981 0.000001 -0.000001 0.000003 -3.314500 0.598895 7.442075 -0.872326 -1.438641 -0.555257 -20.969401 7.822866 1.131953 -0.000002 0.000000 0.000001 
31.743587 97.568047 99.046364 -253.377943 -78.862389 98.935953 -0.634785 1.923882 -8.499085 -0.224443 -3.017894 2.423330 -3.518225 -11.189796 -4.068513 -16.416566 11.377738 -7.187435 0.000004 0.000000 0.000001 -1.131359 -10.153273 -11.140022 -10.849729 -18.750403 -15.664327 -9.607093 5.277176 49.158391 0.000001 0.000003 0.000000 -4.732997 -12.221864 -0.327822 0.718323 -7.904534 4.920740 14.148409 -36.164001 -12.266933 0.000003 0.000003 0.000003 -30.204862 -5.004361 24.523564 25.946799 -5.282750 -18.551033 -9.846041 15.573391 18.751140 0.000002 -0.000002 0.000000 -4.707131 1.064010 9.203758 4.749180 -2.571991 -3.303981 -23.279143 7.144198 -1.158372 -0.000002 0.000001 -0.000000 
31.743340 97.171577 99.067451 -297.931513 -76.693674 55.594161 1.994876 1.893620 -10.065967 -0.099979 -3.619568 3.306656 -4.350944 -10.364578 -4.946777 -16.359061 9.754505 -6.361863 0.000002 0.000000 0.000001 -1.741669 -9.837061 -14.006078 -12.953949 -18.671123 -19.927003 -11.101131 4.216962 55.736966 0.000004 -0.000002 -0.000001 -4.037661 -11.083954 -0.588115 1.343214 -5.728951 5.741492 9.810467 -40.692443 -17.124379 0.000002 -0.000001 0.000001 -34.160423 -5.481174 22.615390 28.666031 -6.770805 -20.376819 -13.454585 15.413176 21.003286 0.000003 0.000000 -0.000001 -7.157644 1.388084 7.872557 12.840444 -3.324117 -3.585290 -24.691098 5.067862 -4.694970 -0.000000 0.000000 0.000001 
31.706383 96.701698 99.081940 -318.036038 -71.249555 36.005113 3.613413 1.822511 -11.003339 0.601633 -3.713785 3.550052 -5.040543 -9.824279 -5.107635 -16.460011 8.468042 -5.362615 0.000004 0.000000 0.000002 -2.140374 -10.315637 -16.514257 -15.347708 -18.642510 -23.860284 -12.447489 4.729990 60.788185 0.000003 -0.000003 0.000001 -2.967573 -9.594227 0.638771 1.875774 -4.871695 7.799202 5.367981 -43.332240 -21.200147 -0.000000 0.000005 0.000003 -37.547356 -5.906161 21.491684 31.565275 -8.516092 -21.073862 -16.185479 14.299108 21.807073 0.000003 0.000002 0.000001 -8.956867 1.650075 7.663681 19.248361 -3.667736 -3.080871 -26.390096 3.616678 -6.898302 -0.000000 -0.000003 0.000001 
31.609005 96.086441 99.079208 -328.008907 -66.175777 24.860512 6.338276 1.504274 -11.046197 1.350079 -3.003316 2.816612 -6.106033 -7.455595 -3.482238 -17.554373 5.877942 -4.001649 0.000001 -0.000002 0.000000 -1.944856 -11.919087 -18.166264 -16.115133 -19.358875 -25.818636 -11.672687 9.085640 58.949840 0.000000 0.000003 0.000002 -0.846972 -5.179829 3.409576 1.796350 0.016868 12.937888 0.728898 -37.172891 -21.639419 0.000006 0.000002 -0.000000 -40.445706 -7.171423 22.817922 35.629036 -10.151171 -22.286141 -18.602871 12.612574 22.080108 0.000003 0.000001 0.000002 -7.829997 1.819783 8.185402 23.402923 -4.069483 -1.411845 -27.868405 3.443429 -7.753796 -0.000004 -0.000002 0.000000 
31.362549 95.425163 99.051109 -335.946351 -61.469517 17.200090 9.336005 1.146950 -12.030888 1.614361 -2.482394 2.238310 -7.064328 -5.270194 -1.963337 -17.793763 4.281887 -2.996577 0.000001 0.000001 0.000000 -1.869578 -13.555055 -20.834705 -16.185906 -20.586320 -26.494642 -10.007068 16.131344 54.276300 0.000004 -0.000003 -0.000000 1.349025 -0.211399 5.926766 2.083604 2.848083 17.227889 -1.038811 -40.519339 -25.336380 0.000005 0.000005 0.000002 -41.189978 -7.161464 22.561916 39.092963 -11.204912 -20.919925 -20.223058 9.519752 20.094476 0.000003 0.000002 -0.000002 -5.462658 1.754113 9.313783 26.309199 -4.233541 -0.007293 -30.108509 2.837516 -9.599907 0.000001 0.000000 -0.000000 
31.054436 94.809967 99.025635 -340.440698 -57.845808 13.090035 10.806903 0.927781 -12.444650 2.178220 -2.190110 1.909802 -7.757476 -3.778059 -1.235773 -17.788085 3.370269 -2.266578 0.000001 0.000000 -0.000003 -1.945012 -14.371215 -22.611935 -15.851872 -21.818886 -26.361469 -9.287402 20.208160 52.985083 -0.000000 0.000003 -0.000003 2.781714 2.800147 7.880432 2.912436 3.243074 19.532444 0.406988 -44.965895 -26.865267 0.000006 0.000000 -0.000001 -40.960231 -7.011590 22.274015 40.932552 -11.716150 -19.775730 -21.200298 7.146229 18.238514 0.000003 0.000003 0.000000 -3.887736 1.807497 10.388933 27.633981 -4.218593 0.872826 -31.865377 2.310251 -11.103273 -0.000002 0.000003 0.000001 
30.587957 94.453270 99.024826 -343.948874 -55.020285 10.241874 11.265382 0.909992 -13.506994 3.602285 -1.539862 1.048097 -8.261826 -1.932059 0.149373 -17.636889 4.046772 -2.369917 0.000000 0.000005 0.000002 -1.070791 -15.652104 -22.679186 -13.628067 -24.740975 -23.940324 -8.056049 19.054317 52.815087 0.000005 0.000002 0.000003 3.932159 4.677576 9.136479 4.096514 3.539180 20.449726 6.437717 -39.849598 -21.113710 -0.000001 0.000001 0.000002 -38.754787 -6.435624 22.331056 41.173125 -11.016019 -19.048431 -21.529117 5.256762 16.559012 0.000003 -0.000002 -0.000002 -0.489369 1.641534 11.190125 25.927050 -4.683925 0.562353 -32.796390 2.392800 -11.643614 -0.000000 0.000000 -0.000001 
29.893019 94.542892 99.049461 -345.213907 -51.626504 9.432347 9.283352 1.229425 -14.439708 5.202059 -0.812713 0.169996 -8.316737 -0.828340 1.273267 -16.178360 5.178269 -2.732250 -0.000001 0.000002 0.000001 -0.807230 -14.180922 -22.590729 -12.428422 -26.374839 -23.996862 -7.524353 12.334179 54.785624 -0.000003 0.000001 0.000007 5.057903 6.140286 9.605868 4.522363 5.587992 20.207852 8.257911 -30.493608 -16.284380 0.000003 0.000003 0.000001 -35.536204 -5.565942 21.563066 38.496671 -9.935758 -18.507470 -20.909671 4.127980 14.808810 0.000004 0.000000 0.000002 4.815793 1.176864 10.117003 20.078222 -3.990670 1.007074 -30.655760 1.193179 -12.041121 0.000001 -0.000002 0.000001 
29.140568 94.897446 99.068169 -346.857032 -49.160324 8.734402 7.142107 1.488719 -14.422172 6.554987 -0.489351 -0.265890 -8.438963 -0.280622 1.482592 -13.582563 5.500511 -2.790418 0.000001 -0.000001 -0.000000 -0.285584 -13.268006 -22.029549 -11.904106 -25.537780 -24.655106 -6.313260 6.439554 53.860990 -0.000001 -0.000001 -0.000002 5.703522 5.882567 9.631274 4.435980 6.943747 18.371173 12.157125 -23.025736 -11.824642 0.000003 0.000000 -0.000000 -31.988030 -4.403074 20.578583 34.526476 -7.925455 -16.937986 -18.578994 2.724100 11.951804 0.000002 -0.000000 -0.000001 8.539871 0.691122 9.795261 16.062003 -3.884365 0.124543 -28.017731 2.190827 -9.085162 -0.000000 0.000001 0.000002 
28.191015 95.904938 99.069229 -347.149282 -47.523391 8.775382 3.247140 2.064962 -14.521827 6.215023 -0.585358 -0.262864 -7.116836 2.353420 1.880605 -9.773477 4.369681 -3.379562 0.000004 -0.000004 -0.000001 -0.245753 -12.305685 -19.755491 -11.678844 -22.274331 -24.499673 -5.500284 -0.602781 46.626194 0.000005 -0.000003 -0.000000 4.862797 4.681091 8.968219 3.503636 7.142387 15.184854 14.314060 -13.785766 -6.290060 0.000006 0.000000 -0.000003 -27.801839 -4.070271 20.705621 27.137132 -4.892479 -14.998470 -9.476046 1.921798 6.663239 0.000001 0.000001 -0.000001 13.111718 0.054731 8.320378 8.279005 -3.209376 -0.114081 -18.476167 3.826759 -3.589749 0.000003 0.000004 0.000001 
26.989780 97.664864 99.031364 -350.770348 -43.375693 8.067163 0.351085 2.577059 -14.421528 5.384113 -1.288517 0.852303 -5.061458 3.027426 0.186560 -5.242916 3.765898 -3.687218 0.000004 -0.000001 0.000001 -0.754873 -9.781602 -18.171519 -9.493079 -16.642920 -21.462824 -4.933140 -8.171875 36.383899 0.000001 0.000001 -0.000002 3.650246 2.336043 6.840112 2.739240 6.527922 11.514527 10.230050 -5.258109 -3.952984 0.000002 -0.000001 -0.000003 -24.504688 -3.308704 19.322511 20.626835 -2.911846 -12.579789 2.023337 0.767880 0.895300 0.000004 0.000001 -0.000001 18.614024 -0.794713 6.995536 0.437764 -2.148133 -0.787641 -10.116546 6.722034 1.897138 -0.000002 0.000001 0.000001 
25.759289 99.563995 99.009956 -353.406063 -40.523229 7.611076 -1.471070 2.634773 -13.324487 4.678615 -0.871451 0.324764 -4.100007 2.720034 -0.383271 -1.545446 3.814179 -4.050596 0.000002 -0.000001 -0.000000 -0.442738 -8.586250 -16.373167 -7.752797 -13.166592 -19.170852 -5.819847 -16.113460 30.375490 0.000002 0.000000 0.000003 2.596573 0.786485 4.715973 2.494598 5.713689 8.981981 3.335365 0.050761 -3.739087 -0.000001 0.000002 -0.000000 -20.942248 -2.369254 16.925871 16.115481 -1.968644 -11.204660 9.375475 -0.047252 -2.395049 0.000004 0.000001 -0.000000 22.640607 -1.716600 5.798621 -5.500587 -1.295214 -1.405544 -3.547240 9.158604 5.698598 -0.000002 -0.000006 0.000000 
24.398163 101.610580 99.108673 -356.803154 -37.883241 6.943734 -1.128571 2.523185 -12.338935 2.171431 -0.086606 -0.680593 -3.012959 3.202692 0.345565 2.692184 3.457808 -4.649227 0.000002 0.000003 -0.000002 -2.068265 -7.052581 -15.698985 -7.320124 -9.280134 -13.940186 -8.796400 -20.157162 31.398817 0.000002 0.000003 0.000000 0.936248 0.150097 4.027981 0.411690 3.640008 9.030183 -5.385007 -0.521109 -5.288151 0.000003 -0.000002 -0.000003 -19.045491 -1.425000 13.923639 12.666889 -1.469987 -9.215336 11.951791 -0.700029 -3.986769 0.000002 0.000002 -0.000002 25.878989 -3.191855 4.105005 -12.035217 -0.377802 -1.160691 -2.205821 11.259827 8.227410 -0.000000 0.000002 -0.000001 
22.956398 103.721069 99.256760 -357.778614 -35.210134 6.492558 -0.385692 2.319837 -11.072730 0.765004 0.614796 -1.631178 -2.367151 2.264224 0.378740 2.494835 2.856072 -4.845631 0.000006 0.000001 -0.000000 -3.308566 -7.937336 -14.836576 -8.423018 -12.895170 -11.038903 -10.393639 -12.829777 41.598816 0.000003 -0.000003 -0.000000 -1.019415 -1.121840 3.753974 -3.628258 3.590744 6.916098 -9.438997 -4.999648 -7.043774 0.000003 0.000003 -0.000000 -18.702289 -1.140406 11.569694 10.994723 -1.416999 -8.314516 12.550183 -0.802068 -4.610541 0.000003 -0.000001 -0.000000 26.422515 -3.880322 2.633859 -14.681772 0.487062 -1.016685 -2.242210 10.380909 7.921888 0.000001 -0.000002 0.000001 
21.558586 105.740417 99.402473 -358.642442 -33.157966 5.907043 0.317684 2.267938 -10.554345 -0.950617 0.323006 -1.250530 -1.342587 1.975372 -0.029514 2.364190 2.335583 -4.697550 0.000002 -0.000005 -0.000001 -4.393088 -8.018757 -14.195075 -8.760656 -13.403758 -7.356464 -12.668365 -6.386234 46.344415 0.000002 0.000002 0.000002 -2.379715 -1.067225 3.309963 -5.993573 1.743859 5.609035 -8.137042 -10.103555 -7.430383 0.000003 -0.000002 -0.000003 -18.930716 -0.913026 10.228829 10.079302 -1.303260 -7.629997 12.871093 -1.362771 -5.235498 0.000004 0.000000 -0.000001 25.736503 -4.078897 2.276602 -16.567580 0.989515 -0.972747 -2.033285 9.952461 7.860342 0.000002 0.000002 0.000001 
20.094616 107.636887 99.557961 -357.786537 -30.717997 4.665205 0.758174 2.133283 -9.711827 -1.119459 -0.326345 -0.743561 -1.225738 0.810176 -0.584513 0.363411 0.782391 -3.497743 0.000001 0.000002 -0.000000 -5.798792 -7.096251 -13.852536 -8.130959 -9.996327 -1.929879 -14.422892 -1.132092 46.598645 0.000003 0.000000 0.000000 -3.930018 -3.257661 2.723689 -6.578492 -3.447618 4.149450 -4.654796 -13.055125 -5.951200 0.000005 0.000001 -0.000001 -18.893417 -0.527535 9.251869 10.991732 -1.508451 -7.661394 10.393901 -0.892228 -4.421200 0.000002 0.000003 -0.000001 22.326584 -3.307712 3.416976 -16.304563 1.290461 -2.366541 -1.147248 11.328978 9.713794 0.000003 0.000001 0.000001 
18.555515 109.271637 99.727013 -357.471064 -28.146098 3.360554 0.633107 1.925464 -8.671580 -1.042831 -0.317081 -0.649096 -0.941855 -0.085703 -0.553602 -1.239518 0.020751 -2.809695 0.000002 -0.000004 0.000000 -5.815469 -5.815752 -12.681766 -7.922030 -7.601985 -0.749287 -14.527046 6.960435 46.292922 0.000001 -0.000002 -0.000003 -4.016841 -6.034273 3.186507 -6.172769 -6.934211 2.152018 -2.329398 -17.047671 -6.449253 0.000004 -0.000000 -0.000001 -17.118044 -0.372919 7.821028 12.992540 -2.655267 -8.129449 10.428896 -0.689137 -4.609833 0.000000 -0.000001 0.000002 19.461530 -2.299918 4.118350 -16.776685 2.109145 -2.849281 1.904058 10.019147 9.162721 -0.000004 -0.000002 0.000001 
17.073292 110.644089 99.886528 -357.541934 -26.189334 2.519630 0.406232 1.831234 -8.152381 -0.589706 -0.154368 -0.814816 -0.922058 -0.347071 -0.247549 -2.285991 -1.075659 -2.009925 0.000004 0.000002 0.000001 -5.767415 -4.676850 -11.826648 -8.379560 -5.635070 -1.117387 -14.640012 13.218380 46.446167 0.000003 0.000000 -0.000001 -3.765034 -6.686557 3.544933 -5.234725 -9.683267 1.613485 -0.977692 -21.667940 -7.876344 0.000003 0.000000 -0.000002 -16.033481 -0.364003 6.813035 13.953435 -3.365622 -7.930925 9.836449 -1.071490 -4.862093 0.000001 0.000001 -0.000001 17.201232 -1.643346 4.368177 -16.003203 2.433734 -2.711957 3.350995 8.419503 7.977855 -0.000000 0.000001 -0.000001 
15.534695 111.577026 100.012650 -356.149259 -24.606994 1.428355 0.852011 1.729993 -7.945195 -2.201669 -0.635711 -0.013010 0.453399 -0.313175 -0.660615 -4.487524 -1.949472 -1.388630 0.000002 0.000002 0.000001 -5.956610 -3.363569 -11.372519 -9.369455 -3.483882 -2.703221 -14.986997 20.501496 47.365139 0.000003 0.000001 -0.000000 -3.043170 -7.276663 4.601505 -3.177995 -11.971005 3.459180 -1.620964 -29.958634 -12.376196 0.000003 0.000000 -0.000002 -15.788867 -0.552933 6.597480 13.316475 -3.334952 -6.571692 8.948419 -0.957092 -4.435148 0.000001 -0.000001 0.000002 13.249037 -0.584288 5.378413 -14.789393 2.423463 -2.212460 3.832135 6.907301 6.565333 -0.000002 0.000002 0.000003 
13.933803 111.856773 100.169388 -356.261001 -22.261910 -0.144072 3.249886 1.565691 -8.173574 -2.337490 -1.412178 1.013277 0.135095 -0.871920 -1.033755 -7.089610 -2.349536 -0.977013 0.000002 -0.000001 -0.000001 -5.840672 -3.664532 -12.200261 -10.360439 -1.757526 -5.072921 -14.484174 24.624931 47.008073 -0.000001 0.000001 0.000000 -1.748784 -7.217248 6.826379 -0.973554 -13.159009 6.145615 -3.687288 -34.822548 -16.612026 0.000004 -0.000000 -0.000000 -17.232789 -0.832725 7.183056 15.503450 -3.600587 -5.287824 6.813737 -1.321681 -3.888509 0.000002 -0.000000 0.000001 9.167123 0.479308 7.018024 -9.408941 1.804403 -2.819219 1.443503 6.792464 6.181383 -0.000002 0.000002 -0.000000 
12.395704 111.791809 100.332138 -355.708466 -21.403583 -1.514681 5.456086 1.467428 -8.780148 -2.577081 -1.833268 1.687647 0.255074 -0.421587 -0.865585 -10.320707 -2.950073 -0.396007 0.000001 -0.000001 0.000001 -5.715199 -3.934046 -12.152067 -11.335606 -0.213727 -7.331083 -13.544507 25.787348 45.013600 0.000002 -0.000002 0.000001 -0.840987 -6.923689 8.718796 0.601754 -13.138865 8.625474 -6.320244 -36.486543 -19.333259 0.000001 -0.000001 -0.000000 -19.385364 -1.429925 8.509581 18.046328 -4.004115 -5.063749 3.222588 -0.101168 -1.595912 0.000003 -0.000000 0.000001 5.447226 1.453850 8.787026 -6.535034 1.208643 -2.525179 -2.012152 6.749939 5.525041 -0.000002 0.000000 0.000001 
10.809277 111.022881 100.470772 -355.151969 -20.712670 -3.532424 7.235069 1.261238 -9.258547 -2.414494 -2.377877 2.544295 -0.111367 -0.507850 -0.652943 -13.550418 -3.815026 0.536646 0.000001 0.000001 0.000002 -4.407016 -4.214529 -12.875531 -10.465790 -0.522397 -10.394966 -10.637953 24.689778 43.062427 -0.000002 0.000000 -0.000000 1.377471 -6.017368 10.392469 1.758326 -8.742514 10.122504 -8.523078 -34.742075 -22.282806 0.000001 0.000005 0.000002 -21.696629 -1.885063 10.624113 23.473822 -5.269403 -5.671413 -4.896303 2.094206 3.304186 0.000002 -0.000002 0.000000 1.273007 2.305784 10.790365 -1.925758 0.462010 -0.431071 -10.267805 5.749572 3.115510 -0.000002 0.000000 0.000001 
9.187840 109.662117 100.651619 -353.778500 -20.398765 -4.655743 9.087624 1.132920 -10.738789 -2.510090 -2.221940 2.625780 -0.663002 -0.013067 0.439130 -16.773249 -5.231006 1.491150 0.000002 0.000000 0.000002 -3.888030 -4.619201 -15.826260 -8.511031 -0.163325 -11.241496 -7.187126 21.244311 39.159223 0.000001 0.000000 0.000001 3.668143 -2.991370 12.822097 2.240918 -4.554044 9.511235 -12.603500 -28.173024 -23.094125 0.000003 -0.000004 -0.000003 -25.976427 -2.876367 13.435546 29.989691 -6.953540 -7.683541 -12.682844 4.925110 9.752624 0.000001 0.000000 0.000002 -5.002547 3.225968 13.536691 6.205124 -0.888039 0.405731 -18.594908 5.023736 -0.298277 -0.000002 0.000003 0.000001 
7.641537 108.216820 100.811462 -353.022507 -19.294805 -5.040156 9.920863 1.022555 -11.293976 -1.202281 -1.829386 2.101833 -2.336528 -0.780511 1.070517 -18.701152 -7.102903 2.784055 0.000000 0.000002 0.000001 -4.228454 -4.093517 -17.785541 -7.985260 0.277211 -11.241317 -4.283026 19.966349 33.347026 0.000001 0.000001 0.000001 4.603624 -1.719687 14.273455 2.676076 -3.094715 10.478063 -15.178965 -22.240681 -21.618148 0.000001 0.000000 0.000002 -28.900224 -3.365411 14.897102 35.850075 -8.866807 -8.575048 -18.581186 5.345117 13.530276 0.000002 0.000000 -0.000001 -9.186937 3.492086 15.546581 12.752171 -1.681518 0.989464 -24.172489 4.026171 -3.651386 -0.000000 -0.000001 -0.000000 
6.072123 106.760796 100.870605 -351.999017 -18.329627 -4.215889 7.332724 1.213039 -11.232728 -0.685651 -1.500718 1.801715 -2.974164 -1.254697 1.133034 -18.683117 -8.073986 3.838302 0.000002 0.000003 -0.000000 -4.106621 -3.202807 -19.957772 -7.294462 -1.059483 -13.742257 -4.185429 11.495005 34.364683 -0.000003 0.000001 -0.000001 5.643001 -2.090696 14.420447 4.328208 -1.251337 11.879265 -19.311767 -17.086096 -22.395068 0.000003 0.000000 -0.000000 -28.926261 -3.194504 14.847718 37.134837 -9.097143 -8.123106 -21.470305 4.956507 15.042679 0.000000 -0.000001 -0.000000 -8.003264 3.471247 16.307930 13.866594 -2.170540 0.272277 -26.824747 3.145297 -6.130027 0.000001 0.000001 0.000001 
4.553638 105.803192 100.937325 -352.618543 -17.862330 -3.646748 7.019289 1.210188 -11.312222 0.240507 -1.161449 1.269148 -3.737055 -1.071920 1.530474 -16.717009 -7.853104 3.985630 0.000001 0.000001 0.000000 -3.425531 -4.383541 -20.106725 -9.134757 -3.240445 -17.682281 -5.492246 3.511423 35.111144 0.000006 -0.000002 0.000001 5.240281 -1.538700 13.329811 3.631475 0.916996 12.154250 -19.172700 -16.560060 -21.943619 0.000001 0.000004 -0.000002 -28.179499 -3.176865 15.233144 36.272491 -9.235988 -8.022248 -21.539468 4.317310 14.270875 0.000001 0.000001 -0.000000 -6.752805 3.475733 16.709161 11.537567 -1.936772 0.080448 -27.911522 2.782571 -7.356761 -0.000000 0.000000 0.000001 
3.131775 105.233498 100.972694 -353.569250 -17.158847 -3.270969 6.814850 1.194469 -11.262461 0.213270 -1.532401 1.517340 -3.080388 -1.085376 1.045108 -14.285303 -7.399603 3.160632 0.000004 -0.000001 0.000001 -3.757334 -4.813396 -19.077760 -11.382033 -4.127879 -19.867267 -7.369986 -1.931962 33.563724 0.000002 0.000002 -0.000001 4.125569 -1.405684 12.444651 3.203557 -0.553786 12.185131 -17.797359 -16.459931 -19.111520 0.000006 0.000001 -0.000002 -25.976531 -3.058163 15.215394 33.054021 -7.873113 -7.549694 -19.833903 3.388167 12.080801 0.000003 0.000001 -0.000001 -4.218833 3.341368 15.884990 7.552755 -1.591945 0.979053 -26.205358 2.584173 -6.655134 0.000001 0.000001 -0.000000 
1.772713 105.376968 100.993202 -355.745403 -16.332374 -2.834653 5.641201 1.330165 -10.677179 1.811333 -1.495424 1.227069 -3.156775 -1.414025 1.098214 -10.092099 -6.342469 2.188609 0.000002 0.000000 -0.000000 -3.473363 -4.633466 -17.238947 -12.209702 -2.594898 -20.289360 -8.561929 -7.559794 32.728416 0.000000 0.000000 -0.000005 3.030640 -1.591886 10.477637 2.777591 -1.507392 11.773325 -18.851624 -19.456677 -21.683154 -0.000001 -0.000001 -0.000003 -20.582965 -2.137872 14.668251 26.913949 -5.898013 -6.611764 -14.635909 1.354932 7.259915 0.000004 0.000001 -0.000000 1.124956 2.576395 13.401273 0.892395 -1.246449 2.306589 -19.674367 4.612095 -2.227992 0.000001 0.000000 -0.000000 
0.446123 106.203629 100.918205 -359.268442 -14.176754 -2.606367 7.263434 1.158806 -9.947301 0.893285 -2.244424 1.999146 -2.158053 -1.967179 -0.064555 -5.869427 -5.584380 1.524477 0.000002 -0.000002 -0.000001 -4.624817 -4.756962 -16.298397 -12.545523 0.133889 -15.509280 -9.359485 -4.904314 26.577180 -0.000001 0.000001 -0.000001 1.542970 -2.834707 9.999460 0.448253 -4.050972 10.259700 -16.611628 -22.530888 -20.514383 0.000003 0.000003 0.000001 -15.938410 -1.430628 14.083210 28.306443 -6.447384 -5.790392 -10.268693 -1.100688 2.783510 0.000001 0.000001 -0.000000 4.319784 1.604321 10.687531 -0.892386 -0.718803 2.547960 -12.765561 5.317101 0.942204 0.000001 0.000001 0.000000 
-0.753902 106.988663 100.960838 -361.052187 -13.736005 -2.388584 6.336945 1.200586 -9.203682 1.080629 -2.209882 1.876086 -2.026970 -1.447010 -0.051024 -3.064567 -5.729257 1.027238 0.000002 -0.000001 -0.000001 -4.409068 -5.318126 -14.759996 -12.874713 2.237814 -13.584431 -10.344128 -3.941151 26.700084 -0.000001 -0.000001 -0.000002 0.368382 -3.983735 8.808753 -0.712981 -4.892184 9.615928 -15.222654 -24.058481 -19.426199 0.000001 -0.000006 -0.000001 -13.445740 -1.091003 14.361451 25.438049 -5.945990 -7.135400 -4.642178 0.543649 2.036797 0.000001 0.000002 0.000001 8.844524 0.849159 9.500633 -6.593597 -0.372648 2.588958 -7.322098 7.616004 4.303971 -0.000002 0.000001 0.000002 
-1.913210 107.943726 101.000504 -361.075628 -13.750786 -1.826916 3.875502 1.364300 -8.250285 0.993196 -2.119474 1.510729 -1.642039 -1.746126 -0.246877 -1.668052 -5.935323 0.847265 0.000002 0.000004 -0.000001 -5.167301 -5.031773 -13.570389 -13.741591 1.580348 -11.714871 -11.111571 0.561101 29.961461 0.000003 0.000002 -0.000000 -1.287102 -5.411593 7.316269 -2.007592 -8.058923 8.392617 -9.702083 -26.183849 -16.087121 0.000002 0.000006 -0.000001 -13.361001 -1.015862 15.243246 25.098515 -6.306353 -11.094810 -0.246921 3.138226 2.422723 -0.000000 -0.000002 0.000001 12.597508 -0.165164 7.984455 -11.332484 -0.004663 2.588659 -4.027361 9.479714 6.782792 0.000001 0.000001 -0.000000 
-3.047716 108.903130 101.050903 -360.409521 -12.487764 -1.330134 2.445056 1.380689 -7.399045 0.884693 -1.916315 1.339486 -1.614537 -2.100813 -0.326500 -2.034711 -6.546293 1.540555 0.000004 0.000002 -0.000000 -5.531485 -4.500104 -13.747443 -13.376156 1.854289 -10.507315 -11.767195 3.377749 33.817195 0.000002 -0.000001 0.000001 -1.664207 -6.099774 6.788662 -2.287053 -9.837422 6.270920 -6.925406 -29.699694 -16.024894 0.000003 0.000003 -0.000001 -17.181956 -1.734880 16.396086 27.085064 -7.868019 -16.244193 2.202627 7.123140 4.687100 -0.000001 -0.000001 -0.000000 15.155239 -0.743994 6.997802 -14.316447 0.294918 2.598629 -4.022728 10.718692 8.057709 -0.000002 -0.000000 0.000001 
-4.104824 109.766266 101.103378 -361.523689 -12.119557 -0.719714 3.416045 1.346952 -7.583688 0.383590 -1.863647 1.284290 -1.617845 -1.989264 -0.297112 -2.209931 -6.543289 1.613710 -0.000001 0.000000 -0.000002 -5.943224 -4.122094 -14.368978 -12.996586 1.659683 -9.923816 -12.092490 6.409614 36.968498 0.000001 -0.000002 -0.000001 -1.704771 -6.262924 6.718376 -2.037220 -11.078513 5.129792 -5.428820 -32.713485 -16.711081 0.000001 0.000000 -0.000001 -19.707889 -2.200460 16.838327 28.326169 -9.028713 -20.751909 2.675910 11.244197 7.735732 0.000001 0.000000 0.000002 17.219084 -1.227053 6.151563 -16.524982 0.489473 2.649929 -5.605846 10.558211 7.758923 -0.000002 0.000000 0.000001 
-5.142538 110.469818 101.139641 -363.289866 -11.582374 -0.036789 5.111496 1.337476 -7.645733 0.588218 -2.018861 1.345296 -2.139130 -2.376086 -0.678837 -1.868163 -5.851800 1.115138 0.000000 0.000002 -0.000001 -6.738478 -4.603607 -15.582703 -13.613039 1.543087 -8.934226 -12.322656 12.430488 39.128378 0.000007 0.000003 0.000002 -1.787129 -5.812812 7.453255 -2.517172 -12.257350 5.717607 -4.197356 -36.914949 -17.970598 0.000005 -0.000002 -0.000003 -23.898875 -2.822413 17.370950 27.332687 -9.109409 -25.691601 2.293685 14.906741 10.707133 0.000001 -0.000002 -0.000001 21.109427 -2.135447 5.436649 -18.547917 0.755802 2.041681 -5.160952 10.890308 8.262632 -0.000002 0.000000 0.000000 
-6.214485 110.871490 101.097221 -362.816124 -11.943293 0.461624 6.012939 1.417895 -8.324282 0.606010 -2.016378 1.468225 -2.230669 -1.770461 -0.483922 -2.985755 -5.382073 0.709134 0.000004 0.000001 -0.000001 -7.137975 -4.729121 -16.304177 -13.346746 2.634731 -7.596697 -11.925227 16.075098 37.474612 -0.000001 0.000003 0.000000 -1.485547 -6.166659 8.645392 -1.768999 -13.009881 6.596107 -4.028014 -40.183963 -18.676205 0.000004 0.000008 -0.000000 -29.742964 -4.319340 18.877415 24.022503 -7.782466 -31.112283 0.288627 19.411556 15.340967 0.000001 -0.000000 -0.000000 24.748548 -2.647168 4.875637 -20.656657 0.887447 1.856829 -6.869355 13.453372 10.942050 0.000001 -0.000000 0.000003 
-7.250305 111.031151 101.002655 -361.148165 -11.960412 0.522967 6.839518 1.401154 -8.908777 0.269789 -1.981848 1.584533 -2.237871 -1.400729 -0.194968 -5.042442 -5.595737 0.942553 0.000004 -0.000002 0.000000 -6.535896 -4.951528 -16.923206 -11.832098 2.071379 -6.956333 -10.857127 16.887609 37.110112 0.000003 0.000000 0.000003 -0.505479 -4.963683 9.200849 -1.283995 -11.294038 6.967216 -5.049905 -41.796281 -21.061481 0.000004 -0.000002 0.000002 -35.550848 -5.913813 20.269030 22.559369 -7.264190 -35.527137 -3.051435 22.912853 20.088123 0.000002 0.000003 -0.000001 25.023827 -2.576514 4.663499 -18.382927 0.815517 1.270957 -8.240223 14.815085 12.435593 -0.000002 0.000000 0.000001 
-8.272326 110.578842 100.945770 -363.396964 -13.889984 -0.353678 10.206561 1.219043 -10.301361 -0.641901 -1.900638 1.711575 -2.450355 0.752178 1.170529 -5.911477 -5.135653 1.290366 0.000004 -0.000001 -0.000000 -5.541143 -5.111131 -15.894123 -10.009567 3.570700 -4.113437 -7.986354 14.052975 28.638589 0.000001 -0.000001 -0.000002 -0.154649 -3.364259 8.542320 -2.035708 -9.910154 4.978997 4.873213 -38.963470 -13.392200 0.000001 0.000004 -0.000002 -41.546026 -8.160988 22.995136 16.389468 -3.373612 -36.800595 3.179952 23.229719 16.624486 0.000003 -0.000001 0.000002 23.422395 -1.956379 5.872008 -18.171674 0.204881 4.134097 -12.911177 9.199496 5.680784 0.000001 0.000000 0.000001 
-9.306087 109.769058 100.877838 -364.636097 -14.337371 -2.323627 13.415603 0.815779 -11.453150 -0.975793 -1.989805 1.919654 -3.088220 2.589115 3.219390 -6.701354 -5.203367 1.242186 0.000002 0.000001 0.000000 -3.834505 -4.873258 -13.970793 -7.392934 4.686612 -3.536280 -6.531831 4.604069 24.163579 0.000004 -0.000001 -0.000002 1.015633 -1.293715 8.023102 -1.660162 -7.610663 2.750736 5.630348 -30.789916 -11.812461 0.000003 0.000004 -0.000002 -48.834780 -10.665795 25.189031 12.913379 -0.170820 -34.476432 8.359312 20.520212 12.055169 0.000004 -0.000001 -0.000001 21.938224 -1.196552 7.455838 -14.749577 -1.559659 6.992662 -18.793556 5.875831 -0.106106 -0.000002 -0.000001 0.000001 
-10.297005 108.833069 100.809692 -367.032537 -15.235903 -3.684417 15.599189 0.495590 -13.277440 -1.509881 -2.142845 2.292781 -2.888947 4.440385 4.746520 -6.069509 -6.129767 1.611964 0.000002 0.000001 0.000000 -2.484792 -3.959749 -12.065254 -4.470573 4.722863 -3.382738 -5.550648 -3.583271 20.139602 -0.000000 0.000000 0.000000 2.367049 -1.254014 8.164135 0.132251 -6.300361 1.258917 3.262559 -23.036319 -12.204723 0.000008 0.000002 0.000001 -53.411687 -13.017640 27.459217 11.034722 1.489634 -33.607567 12.366191 18.325720 8.871385 0.000003 0.000002 -0.000002 23.687361 -0.888051 8.059901 -12.028496 -2.629725 9.073335 -23.729722 4.137552 -4.406275 -0.000000 -0.000000 -0.000000 
-11.294987 107.716667 100.747787 -368.683612 -15.181337 -5.979498 16.955683 0.272872 -14.401565 -2.014007 -2.448449 2.792339 -2.501198 5.754291 6.352608 -4.765886 -7.213067 2.361936 0.000000 -0.000001 -0.000000 -1.121654 -3.316615 -9.543640 -1.880982 3.905731 -2.710996 -5.812920 -12.135633 15.870196 0.000001 0.000002 0.000002 3.462519 -1.047592 8.912252 1.492410 -5.883881 -0.005283 0.243534 -16.603843 -12.743285 0.000001 0.000000 -0.000001 -57.411715 -14.784955 28.418529 9.793894 2.200050 -33.262424 15.504347 16.651561 6.461901 -0.000002 -0.000001 0.000003 25.108400 0.147524 10.519280 -10.541974 -3.134644 10.026721 -28.173991 3.224047 -7.726079 -0.000004 0.000000 0.000002 
-12.282562 106.576622 100.676369 -368.822565 -15.161394 -8.275913 16.251528 0.275936 -14.505927 -1.510547 -2.325579 2.589268 -2.852423 6.828516 8.051354 -3.713543 -8.749879 3.343142 0.000000 0.000000 -0.000003 0.225892 -2.946557 -7.940660 0.172648 2.051214 -1.911540 -6.874719 -19.707012 15.498410 0.000002 0.000001 0.000000 4.601255 0.434384 9.757179 1.741676 -4.481882 -1.448713 -2.338845 -14.335109 -14.698591 -0.000001 0.000003 0.000001 -61.823635 -14.758703 26.311968 12.465492 0.243312 -31.713962 14.294590 14.919710 5.867662 -0.000000 -0.000002 -0.000001 24.214190 1.623621 13.713155 -9.917815 -3.269293 10.077394 -30.499858 3.049040 -9.713052 -0.000002 0.000003 0.000003 
-13.200058 105.534386 100.596481 -368.438572 -15.060053 -9.608173 16.514677 0.263265 -14.648840 -1.539141 -2.151085 2.414794 -3.103803 7.392260 9.094156 -3.919434 -9.927350 4.214659 -0.000001 0.000002 -0.000001 0.758686 -3.083693 -6.907396 0.821061 1.105096 -1.351494 -7.865088 -23.934952 15.035219 0.000002 -0.000001 0.000001 4.915698 0.829527 10.181225 1.456114 -3.904779 -2.443596 -3.437989 -13.325384 -14.988439 0.000001 -0.000001 -0.000000 -64.888136 -14.639766 24.727894 15.289781 -1.725125 -32.250545 12.064359 14.780422 6.774389 0.000004 0.000000 -0.000003 22.820922 2.512096 15.621566 -9.552450 -3.085838 10.854698 -31.130185 2.251289 -11.304048 -0.000000 0.000002 0.000002 
-14.064884 104.574341 100.517639 -368.361801 -15.182387 -10.375321 17.084670 0.273889 -14.841081 -1.959892 -1.908214 1.994357 -3.253098 7.990368 9.984406 -3.981716 -10.877591 4.744388 0.000004 0.000001 -0.000001 0.401210 -3.674629 -6.132126 0.131979 1.035510 0.360490 -8.600905 -23.039282 10.722782 0.000002 0.000001 0.000002 4.306746 1.737491 10.256811 -0.275697 -4.233520 -3.441295 -1.664571 -13.592647 -13.035445 0.000003 0.000002 -0.000000 -67.515477 -14.915484 24.199406 17.660076 -3.350422 -32.429636 10.183920 14.177053 7.031173 0.000002 0.000000 0.000002 22.139230 2.798934 16.518440 -7.725444 -2.680187 11.734193 -32.590517 1.714806 -12.306633 -0.000000 0.000003 0.000002 
-14.866291 103.707008 100.437294 -369.561291 -14.755661 -10.061616 18.553311 0.117493 -15.669455 -1.619613 -1.764025 1.807631 -4.028736 8.190319 10.520617 -3.615719 -11.196704 5.042702 0.000002 -0.000001 0.000001 0.377717 -4.203306 -5.545052 0.065447 -0.068355 1.517046 -8.627396 -21.762764 9.836534 -0.000000 -0.000001 0.000003 3.751003 2.074979 9.936625 -1.456179 -4.095526 -4.393515 -1.437585 -13.333564 -11.915671 0.000003 0.000000 -0.000001 -69.356145 -16.477015 25.663539 19.127443 -4.434511 -35.003104 8.141185 14.647552 8.389756 0.000004 -0.000002 -0.000001 22.589555 2.418861 15.758404 -5.462531 -2.639912 12.820901 -33.423261 0.878367 -13.976006 -0.000000 0.000006 0.000003 
-15.595280 102.917412 100.355476 -370.689119 -14.589467 -9.712504 19.701109 -0.043552 -16.170365 -1.947473 -1.796195 1.798782 -4.023833 8.462816 10.579790 -3.349722 -11.252405 5.157780 0.000002 0.000001 -0.000002 0.458053 -4.621335 -5.139728 0.053714 -0.753846 2.252084 -8.674121 -20.971818 9.553549 0.000002 0.000001 0.000003 3.417094 2.104200 9.760606 -2.334379 -3.337036 -4.991895 -0.731409 -13.540995 -11.262995 0.000001 0.000000 -0.000001 -70.009924 -17.293981 26.602897 18.628960 -4.261456 -34.961283 7.792858 14.736862 8.616512 0.000005 -0.000002 -0.000001 23.117632 1.962142 14.893463 -3.675990 -2.560728 13.655693 -33.974126 0.248945 -15.228856 -0.000000 0.000000 0.000001 
-16.272820 102.215179 100.256020 -371.801429 -15.359055 -9.478606 20.237745 -0.119709 -16.572056 -2.015319 -1.791699 1.768663 -3.972759 8.580038 10.590328 -2.876849 -10.680552 4.968550 0.000002 -0.000001 -0.000000 0.634894 -5.265524 -4.928140 0.223339 -0.908778 3.177979 -8.541628 -19.718797 9.353147 0.000001 0.000002 -0.000001 3.282043 2.372737 9.526889 -3.027073 -2.411956 -5.506306 -0.548295 -13.293496 -10.833697 0.000003 0.000003 -0.000001 -69.034634 -17.715935 27.746984 18.985098 -4.641168 -36.491672 7.126449 15.680793 9.450963 0.000004 0.000001 -0.000000 23.533343 1.367799 13.661817 -2.516028 -2.419304 15.156094 -34.321373 0.359902 -14.885977 -0.000002 -0.000003 -0.000001 
-16.905045 101.598358 100.158073 -373.017039 -16.073739 -9.449509 20.536560 -0.159318 -16.833367 -2.407445 -1.820606 1.807110 -3.598856 8.675029 10.541583 -2.084951 -10.432883 4.858101 0.000002 -0.000000 -0.000002 0.764403 -5.373516 -4.785414 0.605486 -1.107451 3.810408 -8.387546 -19.159157 9.130521 0.000002 0.000003 0.000003 3.284688 2.582863 9.501780 -3.227438 -2.020857 -6.113186 0.132332 -12.963565 -10.316703 0.000006 0.000003 -0.000001 -67.357960 -17.461898 28.228275 19.051592 -4.566591 -36.972798 6.185581 16.011538 10.245306 -0.000000 0.000002 -0.000003 23.859603 0.992199 12.973027 -1.452314 -2.579830 16.059245 -34.382254 0.920904 -14.252353 0.000002 0.000002 0.000002 
-17.485073 101.055847 100.063103 -374.004575 -16.321669 -9.410735 21.047643 -0.262809 -17.156028 -2.781807 -1.864612 1.898570 -3.343416 8.837647 10.626442 -2.048716 -10.277052 4.898073 0.000002 0.000002 -0.000000 0.978972 -5.704292 -4.761983 0.910921 -1.514905 4.068555 -8.363496 -19.078516 9.996059 0.000002 -0.000006 0.000004 3.373237 2.741908 9.485102 -3.589590 -0.913755 -6.581951 0.587149 -13.587922 -10.614054 -0.000000 0.000002 0.000001 -66.297791 -17.388079 28.691391 17.227772 -3.271613 -35.046814 7.782996 15.519523 9.248478 0.000002 -0.000001 0.000001 24.319432 0.683374 12.415594 -0.984864 -2.688527 16.894210 -34.033866 0.845082 -14.270267 0.000001 0.000003 0.000002 
-18.023682 100.579201 99.970772 -374.429550 -16.477002 -9.366699 21.276162 -0.295870 -17.352526 -2.895059 -1.920835 1.990892 -3.202514 8.871033 10.530235 -1.985216 -10.114971 4.897077 -0.000001 0.000001 0.000000 0.951916 -5.660768 -4.819089 1.063171 -1.728900 4.284284 -8.704449 -19.682578 10.613486 0.000000 -0.000003 0.000003 3.292311 2.619813 9.333364 -3.738837 -0.541586 -6.651356 -0.111375 -13.279580 -10.676257 0.000002 -0.000002 -0.000003 -65.884578 -17.457156 28.989601 16.955328 -3.050439 -35.228330 8.703503 15.491608 8.776476 -0.000001 0.000000 -0.000003 24.222363 0.540214 12.135796 -0.428511 -2.699868 17.490431 -34.353751 1.704390 -13.041077 -0.000002 -0.000001 -0.000000 
-18.530643 100.164696 99.877220 -374.819144 -16.619452 -9.346472 21.266776 -0.305176 -17.415236 -2.934046 -1.960360 2.026132 -3.208109 8.851644 10.371041 -1.841537 -10.186089 4.928597 0.000002 0.000001 -0.000001 0.959098 -6.022597 -5.226236 1.366015 -1.486513 4.907880 -8.816984 -20.092627 10.943960 0.000002 0.000001 0.000001 3.272301 2.532319 9.444261 -4.075108 -0.071448 -6.845162 -0.202494 -13.335792 -10.753661 0.000002 0.000001 -0.000001 -65.503345 -17.540447 29.288739 17.593702 -3.482442 -36.732153 8.465470 16.038940 9.311957 0.000004 -0.000001 -0.000003 24.256990 0.492201 12.016427 -0.577303 -2.709779 17.917630 -33.943926 2.184221 -11.999526 -0.000000 0.000002 0.000001 
-19.000328 99.793571 99.779320 -375.188766 -16.824662 -9.318063 20.935390 -0.254978 -17.624603 -2.213044 -1.767063 1.818795 -3.621336 8.659962 10.494166 -1.657373 -10.195938 4.976234 0.000000 -0.000002 -0.000001 0.851219 -5.823389 -5.275793 1.771589 -1.797277 5.163731 -8.939428 -20.878558 11.931863 0.000002 -0.000001 0.000003 3.201470 2.188712 9.298920 -3.979075 -0.012002 -6.771292 -1.128692 -12.681054 -10.982394 0.000001 0.000003 -0.000000 -65.240232 -17.781919 29.695900 17.282067 -3.336968 -36.638702 8.701544 16.091197 9.224990 -0.000001 0.000000 0.000002 24.738542 0.512737 11.997726 -0.890397 -2.630609 17.742222 -33.727297 2.232243 -11.710183 -0.000000 -0.000004 -0.000001 
-19.443943 99.454758 99.673126 -375.499540 -16.583991 -9.077864 20.881782 -0.216915 -17.643862 -2.568671 -1.876288 1.883128 -3.196162 8.385330 10.254220 -2.012984 -10.232811 4.984001 0.000000 0.000001 0.000001 0.769693 -6.409437 -5.296114 1.496604 -2.004053 5.716844 -8.827581 -19.952733 10.988515 0.000003 -0.000002 -0.000000 2.819911 2.361562 9.133902 -4.862366 0.197466 -6.598744 -0.237803 -12.844990 -10.286068 0.000003 0.000002 -0.000000 -65.462999 -17.841655 29.765131 17.629077 -3.408524 -36.775262 8.457997 15.903395 9.190432 0.000002 -0.000002 0.000000 25.571492 0.405543 12.059419 -1.181600 -2.602252 17.007849 -33.773687 2.401274 -11.285086 -0.000004 -0.000000 0.000001 
-19.871578 99.143173 99.556290 -376.121469 -16.217984 -8.735188 21.444499 -0.325627 -17.925958 -2.855007 -1.956274 2.034097 -3.063252 7.960991 10.026567 -2.123395 -9.804788 4.844312 0.000002 -0.000002 -0.000002 0.901301 -6.272796 -5.440669 2.138930 -2.873261 5.790533 -8.506850 -19.989261 12.601487 0.000003 -0.000003 0.000003 3.006172 2.714194 8.950268 -4.490513 0.100020 -7.081316 -0.988098 -12.558673 -10.806143 -0.000001 0.000002 -0.000000 -65.562706 -18.281546 30.282364 17.744237 -3.568881 -37.336847 8.799342 15.810066 8.869516 -0.000000 0.000002 -0.000002 26.327386 0.296684 11.849752 -1.159405 -2.580618 16.792054 -33.932769 2.390312 -11.175863 -0.000000 0.000001 0.000001 
-20.256317 98.855469 99.437363 -376.067074 -16.260514 -8.641954 20.972232 -0.233150 -17.701538 -2.489320 -1.879222 1.887724 -3.260034 8.346556 10.059010 -2.522079 -10.124180 4.916127 0.000002 0.000001 -0.000001 1.231718 -7.170686 -5.687474 2.107098 -2.801825 5.871963 -8.494048 -20.136161 13.816718 0.000004 -0.000003 0.000001 2.850365 2.220064 8.931715 -4.819727 0.515677 -7.182034 -0.338118 -13.009403 -10.697004 0.000001 0.000000 -0.000000 -65.771621 -18.430198 30.386999 16.540428 -2.817922 -35.246549 10.014389 14.807556 7.617508 0.000000 0.000001 -0.000000 26.378631 0.278877 11.822024 -1.039105 -2.554752 16.749202 -34.266711 2.493008 -11.269025 -0.000000 0.000000 0.000001 
-20.618172 98.597076 99.311691 -375.384028 -16.412992 -8.527238 20.246743 -0.064656 -17.537822 -2.161906 -1.783895 1.706053 -3.320054 8.291158 10.104986 -2.704019 -10.120892 4.796675 0.000001 0.000001 -0.000000 0.814326 -7.242257 -5.817715 1.502003 -2.409790 6.484739 -8.779627 -19.226887 12.492618 0.000003 -0.000005 0.000001 2.562722 2.429425 9.012287 -5.754651 0.884717 -7.149541 0.233173 -13.697860 -10.170929 0.000004 0.000001 -0.000002 -66.292150 -18.448923 30.283283 16.457605 -2.880569 -34.885396 10.463446 14.671226 7.141881 -0.000003 0.000002 0.000002 25.629867 0.197004 11.760225 -1.452894 -2.465104 17.392144 -33.515506 1.695517 -11.963321 -0.000000 0.000001 0.000001 
-20.954639 98.360146 99.190819 -375.783320 -16.247855 -8.494870 20.153884 -0.019227 -17.477745 -2.316757 -1.871460 1.767381 -2.981109 8.309187 9.986678 -2.594046 -10.332765 4.803057 0.000002 0.000002 -0.000001 0.515814 -7.333824 -5.748356 1.162428 -2.335409 6.938833 -8.673100 -17.727573 10.540895 -0.000002 0.000000 -0.000000 2.365592 2.950219 9.047338 -6.139882 0.622357 -7.011253 0.916174 -14.376510 -9.708459 0.000003 0.000000 -0.000002 -66.003028 -18.496659 30.548308 16.041473 -2.670241 -34.770663 10.847268 14.684966 6.914504 -0.000000 0.000000 0.000003 25.688770 0.137398 11.650445 -1.244441 -2.346787 17.902689 -33.331651 0.851635 -13.093083 0.000003 0.000005 0.000002 
-21.267277 98.144997 99.075096 -376.155921 -16.440844 -8.465515 20.290638 -0.050861 -17.704948 -1.588074 -1.684440 1.538177 -3.820301 8.350945 10.308832 -2.520376 -10.226014 4.766711 0.000000 -0.000001 -0.000000 0.560836 -7.278728 -5.711750 1.314481 -2.485850 6.938305 -8.611979 -17.635395 11.273821 -0.000000 -0.000001 -0.000002 2.388540 2.582802 9.056412 -6.323369 1.590402 -6.950253 0.560124 -14.572950 -10.108109 0.000003 0.000001 -0.000001 -65.484097 -18.310465 30.551965 15.646918 -2.414052 -33.760635 11.349480 14.163612 6.398747 -0.000001 0.000001 -0.000000 25.881614 0.075940 11.562008 -0.900354 -2.325540 17.894899 -33.541382 1.175310 -12.707853 -0.000002 0.000003 0.000003 
-21.552876 97.962158 98.960838 -376.247118 -16.302048 -8.481405 20.496011 -0.067948 -17.656790 -1.981763 -1.838198 1.737687 -3.390187 8.436224 10.100765 -3.037778 -10.236772 4.743798 0.000000 0.000002 -0.000000 0.660114 -7.578257 -5.757510 1.356763 -2.504042 7.173177 -8.596992 -17.293095 11.871527 0.000000 -0.000003 -0.000002 2.369211 2.943400 8.818716 -6.458271 1.962320 -6.875151 -0.249243 -14.712689 -10.589515 0.000003 -0.000001 -0.000000 -65.574010 -18.342751 30.602154 15.725573 -2.618710 -33.510745 11.327929 14.110135 6.234486 -0.000004 0.000001 -0.000000 26.121550 0.116910 11.663166 -1.006623 -2.137813 17.779457 -33.228761 0.729091 -13.036928 -0.000000 0.000005 0.000004 
-21.830185 97.791740 98.842896 -376.098930 -16.443598 -8.433583 19.905217 0.025193 -17.662992 -1.588146 -1.738756 1.560057 -3.744751 8.434115 10.271168 -2.883353 -10.243431 4.718232 0.000001 0.000001 0.000001 0.709997 -7.669806 -5.706917 1.414746 -2.729802 7.498971 -8.197677 -16.264386 11.568586 0.000002 -0.000001 0.000001 2.259619 2.559161 8.851448 -6.604092 1.860916 -6.924658 0.764968 -14.357360 -9.828927 0.000003 0.000002 -0.000002 -65.505428 -18.436299 30.881840 16.079324 -2.571026 -33.811574 10.877110 14.005261 6.468024 0.000005 0.000002 -0.000002 26.140637 0.110610 11.898565 -1.369505 -2.398287 17.360990 -33.216101 1.171390 -12.536951 -0.000002 0.000001 0.000002 
-22.087685 97.638062 98.725517 -375.984374 -16.328780 -8.336839 19.648306 0.042481 -17.664695 -1.674488 -1.698572 1.517365 -3.776601 8.272438 10.294471 -2.624106 -10.153022 4.721382 -0.000001 0.000001 -0.000001 0.802209 -7.408433 -5.539676 1.554382 -2.825374 7.417251 -8.088336 -16.394614 12.343876 0.000002 0.000000 0.000001 2.325106 2.604781 8.786637 -6.434019 1.705646 -7.074658 0.402902 -14.174645 -10.005450 0.000003 0.000004 -0.000001 -65.499451 -18.374344 30.809679 16.681274 -2.681922 -34.335422 10.516378 13.930831 6.638307 -0.000002 0.000003 -0.000000 26.436153 0.071543 12.027433 -1.741305 -2.700746 16.962237 -33.182818 1.573260 -12.045297 -0.000004 0.000003 0.000003 
-22.321159 97.503159 98.615074 -376.430139 -15.864767 -8.221964 20.233669 -0.112037 -17.727759 -2.215251 -1.843304 1.744336 -3.391349 8.242175 10.042799 -2.798208 -10.166872 4.788832 -0.000001 0.000001 -0.000000 1.088984 -7.162344 -5.656457 2.032671 -2.413960 7.248694 -7.985270 -17.492299 13.698795 -0.000002 -0.000002 -0.000000 2.570749 2.551387 8.497520 -6.013983 1.883289 -7.366790 -0.592185 -13.972931 -10.882761 0.000004 -0.000001 0.000001 -65.512176 -18.473527 30.858778 16.738407 -2.654975 -34.051003 10.155923 13.344717 6.485797 0.000003 0.000002 -0.000002 27.426703 0.086948 12.067556 -1.801519 -2.832375 16.459282 -33.309385 1.889414 -11.873081 -0.000004 0.000005 0.000002 
-22.527210 97.383453 98.514885 -376.161576 -15.354327 -7.959003 20.637058 -0.156089 -17.594243 -2.533991 -1.968471 1.929382 -3.172703 8.138923 9.748746 -3.156942 -10.010097 4.803978 -0.000001 -0.000000 -0.000000 0.968661 -7.112760 -5.700760 1.980283 -3.087501 7.280434 -8.047841 -17.243309 14.252675 0.000002 -0.000002 0.000001 2.456876 2.748020 8.235704 -6.175884 1.610895 -7.494557 -0.739516 -14.093359 -10.806664 0.000003 0.000003 -0.000003 -66.248710 -18.478192 30.480624 17.109458 -3.040022 -34.299397 9.953137 13.311351 6.481283 -0.000000 0.000001 -0.000000 27.665531 0.060304 12.026512 -2.080003 -2.665523 16.401950 -33.585048 1.394943 -12.547034 -0.000002 0.000001 0.000002 
-22.720490 97.264420 98.410881 -376.156904 -15.308228 -7.889093 20.551105 -0.138383 -17.564632 -2.563418 -1.950396 1.953620 -3.155113 8.093324 9.706260 -3.377808 -9.935362 4.946793 0.000002 0.000001 0.000000 1.111647 -7.214816 -5.659695 2.202507 -3.464067 7.234910 -7.982703 -17.492649 15.594396 0.000000 -0.000003 -0.000000 2.520026 2.961448 8.139707 -6.176479 1.729658 -7.675605 -1.401429 -14.141937 -11.324582 0.000004 0.000002 -0.000002 -66.204457 -18.546547 30.544463 17.383979 -3.378311 -34.963967 9.062765 13.806544 7.270995 0.000001 0.000002 0.000002 27.792436 0.138598 12.128697 -2.165700 -2.543497 16.183804 -33.670893 1.196282 -12.823895 -0.000002 0.000002 0.000001 
-22.889694 97.149025 98.304413 -376.158243 -15.536353 -7.722838 20.245316 -0.075941 -17.527840 -2.742437 -2.016067 2.018221 -2.857902 8.244199 9.517647 -3.595353 -9.990231 4.896542 -0.000003 0.000002 -0.000001 0.878030 -7.055011 -5.614491 2.142621 -4.151228 7.404469 -8.108763 -17.188335 16.418337 0.000002 -0.000003 -0.000002 2.373759 3.171850 8.088523 -6.516873 2.022868 -7.597856 -1.148065 -14.700044 -11.295212 -0.000000 0.000003 0.000003 -65.977961 -18.424966 30.476570 17.162261 -3.208027 -34.478686 9.364429 13.717212 7.048953 0.000001 0.000000 -0.000002 27.812469 0.021153 11.910149 -2.113875 -2.546302 16.138851 -33.670995 1.036237 -13.027137 0.000002 0.000002 0.000002 
-23.040176 97.036224 98.203667 -375.710292 -15.621259 -7.668182 19.984970 -0.012776 -17.357433 -2.443694 -1.922281 1.907475 -2.934049 8.222882 9.477373 -3.948432 -9.896357 4.757769 0.000002 0.000000 -0.000000 0.901917 -7.484536 -5.571206 1.827660 -3.323306 7.279531 -8.510328 -17.760807 17.113971 0.000003 -0.000004 -0.000001 2.203949 3.368816 7.950907 -6.723015 2.310445 -7.511699 -1.171785 -15.322602 -11.531600 0.000003 0.000000 -0.000003 -66.337106 -18.490925 30.351578 17.833603 -3.437591 -34.289387 9.189484 13.591045 7.125106 0.000006 -0.000002 0.000001 27.431645 0.118936 12.025205 -1.876634 -2.610760 15.921934 -34.189291 1.250902 -12.970825 -0.000000 0.000004 0.000003 
-23.180580 96.930634 98.102798 -375.768075 -15.724789 -7.531257 20.084415 -0.046816 -17.533820 -2.641938 -1.933681 1.938838 -2.825281 8.409976 9.464412 -4.052225 -9.899689 4.684046 0.000002 -0.000001 -0.000000 1.165515 -7.790311 -5.443151 1.828094 -3.217767 7.115926 -8.534959 -17.899656 17.973236 0.000002 -0.000003 -0.000003 2.239103 3.224300 7.898340 -6.682557 2.659510 -7.429809 -1.558990 -15.598450 -11.937389 0.000002 0.000003 0.000001 -66.223506 -18.573420 30.515735 17.954744 -3.487616 -34.154064 9.185789 13.373046 7.074649 -0.000001 -0.000000 0.000001 27.574905 0.086746 11.927107 -1.612645 -2.610775 15.730064 -34.353440 1.087451 -13.470746 -0.000002 -0.000001 -0.000000 
-23.309544 96.832222 98.004585 -375.631554 -15.719793 -7.377818 20.077324 -0.054455 -17.611165 -2.461263 -1.866628 1.877933 -3.008685 8.289464 9.486290 -4.357582 -9.777591 4.623333 0.000000 -0.000000 -0.000002 1.205435 -7.840097 -5.435961 1.954510 -3.210899 7.021049 -8.480552 -18.316469 19.374463 0.000003 -0.000001 -0.000000 2.242856 3.278514 7.792337 -6.696685 2.981912 -7.294648 -2.275219 -15.912410 -12.653392 0.000002 0.000003 -0.000001 -66.120159 -18.613522 30.554568 17.609963 -3.271335 -33.653985 9.025320 13.229581 7.069609 0.000001 0.000001 -0.000000 27.443645 0.157623 11.957990 -1.677296 -2.579726 15.583164 -34.445187 0.869218 -13.831440 -0.000000 0.000000 0.000002 
-23.422985 96.748840 97.907845 -375.782200 -15.535139 -7.321486 20.605946 -0.153011 -17.802483 -2.883717 -2.076866 2.157027 -2.833321 8.305106 9.299120 -4.536458 -9.817147 4.532917 0.000004 0.000001 -0.000002 1.273833 -7.813917 -5.424289 2.043691 -3.142207 6.937958 -8.479816 -18.800519 20.760319 0.000003 0.000002 -0.000001 2.282532 3.256015 7.708906 -6.665673 3.268670 -7.214941 -2.936983 -16.118987 -13.245791 0.000003 -0.000000 -0.000001 -65.610913 -18.443348 30.520939 16.876148 -2.743065 -32.354159 9.388840 12.927868 6.698445 -0.000000 0.000001 -0.000002 27.798499 0.188709 11.997230 -1.838911 -2.637546 15.370890 -34.110832 0.672667 -14.017329 -0.000000 0.000002 0.000001 
-23.532463 96.673050 97.814415 -375.689638 -15.473102 -7.317832 20.391151 -0.104983 -17.791065 -2.543504 -2.151733 2.177899 -3.050066 8.333656 9.307070 -4.516710 -9.897865 4.526897 0.000004 0.000001 -0.000001 1.323717 -8.099723 -5.414769 1.851207 -3.401244 6.916184 -8.514752 -18.658212 21.814123 -0.000001 0.000000 -0.000000 2.226805 3.223997 7.809398 -7.010796 3.887328 -6.948757 -3.003952 -16.843849 -13.688139 0.000006 0.000002 -0.000000 -65.588005 -18.645771 30.931085 16.694526 -2.628392 -32.115300 9.011101 12.867013 6.738318 0.000003 0.000002 -0.000002 28.054828 0.206700 12.194732 -1.770320 -2.601939 14.924377 -33.982459 0.726750 -13.896350 -0.000000 -0.000001 -0.000000 
-23.624947 96.598282 97.735870 -375.890527 -15.051739 -7.153342 20.218866 -0.086393 -17.859695 -2.186942 -2.282380 2.268562 -2.939417 8.186018 9.205112 -4.505580 -9.822260 4.361166 0.000000 0.000001 -0.000002 1.302728 -8.163790 -5.243136 1.662019 -4.357064 6.694309 -8.567094 -18.114864 23.054559 0.000003 -0.000002 -0.000001 2.095292 3.483271 7.748739 -7.141653 3.742054 -6.713947 -2.831121 -17.290323 -13.646468 0.000003 -0.000000 -0.000000 -65.583948 -18.867255 31.326058 17.094048 -2.778897 -32.235484 8.209325 12.857587 7.156688 0.000004 -0.000001 0.000000 28.498715 0.171144 12.330656 -1.506978 -2.688125 14.390824 -34.022620 0.261601 -14.839696 0.000001 0.000003 0.000002 
-23.702488 96.542313 97.663963 -375.503009 -14.570388 -6.986998 20.334134 -0.119487 -17.938180 -1.633972 -2.405410 2.260927 -3.620548 7.775942 9.187657 -4.024008 -9.686237 3.994165 -0.000001 -0.000001 0.000001 1.593135 -8.658300 -5.183417 1.439464 -4.556776 6.492889 -8.623621 -18.291255 25.133985 0.000002 -0.000001 -0.000002 2.061074 3.410591 7.800768 -7.061898 3.167629 -6.445480 -3.166974 -16.827069 -13.539846 0.000003 0.000002 -0.000000 -65.733727 -18.955969 31.520258 18.111264 -3.493927 -32.697044 7.762686 13.142571 7.299230 -0.000002 0.000000 0.000003 28.708439 0.139995 12.391455 -2.358574 -2.629500 14.593237 -34.069025 -0.420323 -15.950426 -0.000002 0.000000 0.000001 
-23.772884 96.484184 97.601585 -375.256330 -14.263714 -6.882789 20.183410 -0.122457 -17.925422 -1.430744 -2.489954 2.370042 -3.657858 7.396808 8.940371 -4.161384 -9.637978 3.817427 0.000000 -0.000000 -0.000000 1.751896 -8.637857 -5.043565 1.574457 -5.144053 5.988568 -8.426814 -18.343602 27.683655 0.000004 -0.000002 0.000001 2.128602 3.315778 7.647027 -6.755586 3.661578 -6.111483 -4.177568 -16.971087 -14.525220 -0.000001 0.000002 -0.000000 -65.776805 -19.104758 31.699581 18.864443 -3.717387 -32.569467 7.046820 13.079556 7.683493 -0.000005 -0.000001 -0.000000 28.911013 0.279092 12.655073 -2.554873 -2.833663 14.014402 -33.760058 -0.665067 -16.347371 -0.000002 0.000007 0.000003 
-23.821297 96.431183 97.547470 -374.805729 -14.348530 -6.625006 19.702244 -0.061254 -17.892543 -1.484553 -2.538629 2.354770 -3.737633 7.232783 8.819759 -3.755580 -9.460442 3.502414 0.000002 0.000001 -0.000002 1.890830 -8.794219 -5.027644 1.217746 -5.976858 5.095645 -8.163058 -18.031737 30.814993 0.000001 -0.000003 -0.000001 2.137698 3.315149 7.667441 -6.962783 4.488027 -5.645413 -4.717968 -17.578716 -15.454065 0.000004 0.000001 -0.000002 -64.566700 -18.327611 31.301480 17.661131 -2.741743 -29.734894 6.499555 11.663871 6.939450 -0.000002 -0.000001 0.000001 29.708468 0.249477 12.841610 -3.889775 -3.060671 12.569270 -32.703919 -0.296662 -15.555466 -0.000004 -0.000003 -0.000000 
-23.858376 96.370407 97.489204 -374.145414 -14.684809 -6.339011 18.733430 0.105074 -17.815930 -1.939323 -2.740000 2.637372 -3.335010 7.505349 8.333737 -3.573568 -9.307845 3.238674 0.000001 0.000002 -0.000001 1.791921 -8.686669 -5.105916 0.739003 -6.551745 3.967991 -8.082538 -17.560830 33.353832 0.000004 -0.000003 -0.000001 2.173932 3.499031 7.726872 -6.909055 5.095386 -4.963369 -5.398935 -18.710258 -16.286115 -0.000000 0.000000 -0.000001 -62.416748 -17.438057 31.046092 15.735002 -1.527340 -26.519907 5.359208 10.136422 6.438966 0.000003 0.000002 -0.000003 30.614745 0.333751 12.912453 -4.629187 -3.023236 11.003127 -31.649403 -0.122259 -14.953980 -0.000004 0.000000 0.000002 
-23.877155 96.333130 97.444405 -373.570476 -14.878669 -6.130524 18.201360 0.157921 -17.778373 -2.154276 -2.727143 2.655696 -3.119221 7.368137 8.130646 -3.347747 -8.878556 2.988414 0.000002 -0.000001 -0.000000 1.554865 -7.821238 -5.299258 0.505830 -6.712348 2.892475 -7.987481 -18.412588 35.988437 -0.000003 0.000001 -0.000001 2.517160 4.343444 7.616459 -6.555280 5.330773 -4.706529 -7.463417 -19.211855 -18.048314 0.000001 -0.000001 0.000001 -60.805233 -16.777989 30.916534 14.649960 -0.697360 -24.242071 4.916500 8.684953 5.640271 0.000004 -0.000000 0.000001 30.889100 0.381448 13.025863 -5.099068 -3.202485 9.943001 -30.765303 -0.090783 -14.687470 -0.000000 0.000003 0.000001 
-23.886421 96.358459 97.387299 -372.137803 -14.106712 -5.750066 17.232065 0.275756 -17.117574 -2.206540 -2.674866 2.526360 -3.236765 6.973586 7.970283 -3.355404 -8.818543 2.960021 0.000002 0.000002 0.000001 1.313909 -7.832929 -6.096997 -0.899258 -7.100663 1.205921 -8.499355 -18.302269 37.961375 0.000000 0.000001 -0.000002 2.469733 4.275827 8.038163 -6.964566 5.447264 -4.022534 -7.917396 -21.188526 -18.746359 0.000003 0.000003 -0.000000 -59.387088 -15.874734 30.257632 14.376409 -0.385621 -22.976750 5.551625 7.628084 4.696899 0.000005 0.000001 -0.000000 29.763219 0.736900 13.929913 -7.260468 -3.393147 8.603212 -29.280242 -0.501954 -14.748513 -0.000000 0.000001 0.000001 
-23.884155 96.445953 97.303467 -369.895889 -13.227372 -5.406362 15.052342 0.568963 -15.858402 -1.243195 -2.398643 2.158511 -3.645508 5.725007 7.594740 -3.465734 -8.238384 2.945339 0.000004 0.000002 0.000001 0.973356 -7.297759 -7.315963 -2.302567 -7.596774 -1.181518 -8.459295 -18.288238 41.394317 -0.000001 0.000001 -0.000001 2.727117 3.897072 8.235827 -6.658503 4.911765 -2.805795 -10.224804 -21.813678 -20.407958 0.000003 0.000000 -0.000001 -57.396354 -14.582172 29.618347 13.430366 -0.348182 -22.789034 6.046339 8.770596 4.987236 0.000001 -0.000000 -0.000001 27.553977 0.886614 14.390770 -9.813627 -3.030678 8.364449 -26.184287 -0.513001 -13.153160 -0.000002 0.000002 0.000002 
-23.879246 96.577728 97.212685 -368.635172 -12.888329 -5.065816 13.790149 0.673639 -15.323149 -0.817100 -2.248940 1.907750 -3.764790 5.129090 7.381892 -3.548597 -7.856480 2.912326 0.000004 0.000001 0.000000 1.024570 -7.198666 -8.490349 -2.991403 -7.067811 -3.357875 -7.716053 -18.965687 45.804468 0.000002 0.000000 -0.000001 3.241418 3.047701 8.444565 -5.905672 5.638275 -1.772139 -13.258261 -22.056373 -23.709091 0.000003 -0.000001 -0.000003 -54.914509 -13.265894 29.162155 13.165959 -0.251939 -22.486914 6.856490 9.157638 4.831687 -0.000000 0.000003 -0.000001 25.286054 1.053435 14.867790 -11.310544 -3.036376 7.821313 -23.156570 -0.298015 -11.600760 0.000001 -0.000001 -0.000001 
-23.850395 96.758255 97.111778 -367.293942 -11.752481 -4.348837 12.360278 0.810728 -14.271432 -0.145535 -1.845263 1.407918 -4.065811 4.020802 6.867975 -3.721499 -7.302639 2.579561 0.000004 -0.000002 -0.000001 0.128083 -5.908278 -10.001828 -4.595487 -4.930944 -6.346522 -7.849751 -20.257781 47.957497 -0.000001 0.000002 -0.000001 3.538632 1.787537 9.094970 -4.280179 4.180457 -0.723597 -15.542878 -20.779771 -24.417726 0.000003 0.000002 0.000001 -52.127123 -11.685303 27.736130 13.986912 -0.528543 -21.256119 6.795127 9.132459 5.161256 -0.000001 0.000001 -0.000002 23.203029 0.907732 14.352608 -12.750148 -3.242104 7.240082 -24.669369 7.049025 -2.647567 -0.000000 -0.000001 0.000000 
-23.785046 97.014267 97.019661 -365.787967 -11.376545 -3.382870 10.341186 1.025258 -13.473649 0.565738 -1.312387 0.753183 -4.233324 3.915876 6.626433 -3.589617 -6.223884 2.125884 0.000002 0.000001 0.000000 -1.036663 -5.147765 -12.009235 -6.696968 -2.904989 -9.869947 -8.396793 -20.624265 49.163831 0.000003 -0.000001 0.000001 3.571117 -0.473501 10.056844 -3.118240 3.092506 0.960308 -16.721867 -19.947040 -24.392748 0.000003 0.000001 -0.000003 -48.983914 -10.101884 26.249332 17.873394 -2.295203 -19.938716 3.070585 7.541599 5.675123 -0.000001 0.000001 -0.000001 23.436107 0.413756 13.189538 -13.770712 -3.235957 7.968396 -21.922132 7.409115 -1.298438 -0.000000 0.000000 0.000000 
-23.707359 97.300484 96.928650 -364.973808 -11.644991 -2.776666 9.458041 1.092271 -13.202126 0.303209 -1.080102 0.502352 -3.750059 3.285004 6.175459 -3.849905 -5.151885 1.371132 -0.000001 0.000000 -0.000003 -2.295620 -4.038795 -13.326416 -8.219601 -1.399096 -12.457632 -8.791993 -20.055505 50.076748 0.000002 -0.000001 0.000001 3.563187 -0.907288 10.788683 -2.102551 1.383401 2.044050 -16.377049 -18.629459 -22.885794 -0.000001 0.000001 0.000001 -44.344556 -8.580020 25.320317 20.176041 -3.113839 -18.908064 -1.168291 7.095502 7.401232 0.000001 0.000000 -0.000003 23.771352 0.109399 12.412047 -13.529555 -3.337842 7.871985 -19.945763 7.907775 -0.244977 -0.000002 0.000002 -0.000000 
-23.585781 97.615417 96.870491 -364.901791 -12.091238 -2.135790 8.004610 1.243677 -12.745365 0.325733 -0.640919 0.017073 -3.078192 2.956722 5.782437 -4.072533 -3.773641 0.584367 -0.000001 -0.000000 -0.000000 -2.889113 -4.058364 -14.868405 -10.101550 -0.762836 -16.050953 -9.138517 -17.544519 51.880874 0.000002 -0.000001 0.000001 3.595862 -1.980438 11.610065 -0.705182 -0.044452 4.357943 -17.103796 -18.302566 -22.510721 0.000001 0.000001 -0.000002 -37.639028 -6.431230 23.600286 21.059980 -3.487820 -15.817424 -3.433202 9.187573 10.132134 -0.000001 0.000002 -0.000002 24.777114 0.023719 12.016620 -15.311416 -2.915070 6.727612 -21.463813 6.384968 -2.409649 -0.000000 -0.000002 -0.000000 
-23.415848 97.911629 96.852020 -363.831008 -12.631417 -1.806363 5.647238 1.404947 -11.634773 0.848708 -0.350744 -0.358068 -2.601110 1.969388 4.955802 -5.042202 -1.786692 -0.639531 0.000002 -0.000001 -0.000003 -4.319315 -2.670595 -16.460081 -11.945129 -0.302009 -19.134223 -9.868433 -14.502194 51.846228 0.000000 0.000001 0.000000 3.719119 -1.862997 12.519887 0.533719 -0.708187 7.513618 -19.138057 -18.536529 -23.373645 0.000003 0.000001 -0.000000 -31.562741 -4.563186 21.420016 22.594402 -3.799542 -11.327210 -5.863404 8.773921 10.904564 0.000002 0.000003 -0.000001 24.363744 0.243987 12.149373 -16.740251 -2.530555 5.750566 -24.747392 4.578011 -5.520722 0.000001 0.000000 0.000001 
-23.227940 98.208939 96.844276 -362.938822 -13.082052 -1.370341 4.128597 1.529156 -11.193527 1.906234 0.002681 -0.836680 -2.958929 1.458663 4.664659 -5.631119 -0.396967 -1.556451 0.000002 0.000000 -0.000000 -5.269404 -1.947154 -17.535884 -13.176193 0.406536 -21.587142 -10.334457 -12.633206 52.215003 -0.000001 0.000002 0.000002 3.912737 -2.346323 13.341952 1.446771 -0.627531 9.785905 -20.873342 -18.721798 -24.396230 0.000002 0.000002 -0.000003 -27.670891 -3.550034 19.764617 23.168579 -3.692928 -8.554651 -6.794652 8.506169 11.112270 0.000002 -0.000001 -0.000002 23.373018 0.375523 11.983365 -16.790499 -2.250502 5.149028 -26.151672 3.450319 -7.279203 -0.000000 -0.000000 0.000000 
-22.991154 98.525589 96.872063 -363.376009 -13.654959 -1.024811 4.583964 1.419075 -11.189446 1.465306 0.142014 -0.966060 -2.562583 1.184273 4.138118 -6.353028 1.052089 -2.394445 0.000000 0.000001 0.000000 -5.875323 -1.213203 -19.257783 -14.135713 1.760046 -23.966584 -10.367358 -10.869601 53.526420 0.000002 -0.000001 0.000001 4.439865 -2.672993 14.351447 2.556432 -0.115113 12.728161 -23.454586 -19.043238 -26.455773 0.000003 0.000001 -0.000001 -24.030549 -2.751080 18.507811 24.467848 -3.852041 -6.438234 -8.302728 7.025197 10.633290 0.000001 0.000000 -0.000001 23.055964 0.318575 11.720335 -16.104357 -2.147410 3.682758 -26.715037 3.506160 -7.378764 0.000001 0.000002 0.000002 
-22.690056 98.865700 96.904915 -362.488794 -13.606294 -0.691022 3.697700 1.429951 -10.591027 2.038200 0.288291 -1.077391 -2.753045 0.607966 3.488122 -7.593175 2.113946 -2.948169 0.000006 0.000002 -0.000001 -6.309879 -0.944301 -21.142304 -15.276666 2.604980 -26.985073 -10.597096 -7.649843 55.833009 0.000000 0.000001 -0.000001 4.948586 -3.239671 15.252868 4.060324 0.044587 15.722848 -25.805018 -19.525872 -28.287165 0.000004 0.000004 -0.000000 -21.888040 -2.443241 17.364130 25.223974 -3.934871 -4.956041 -9.427124 6.246026 10.542502 0.000002 -0.000002 0.000001 21.715012 0.511170 11.383542 -15.776070 -1.903861 2.505115 -26.149183 4.235738 -6.007878 0.000001 0.000003 0.000002 
-22.368145 99.211914 96.948380 -361.931451 -13.268834 -0.351497 4.024571 1.366126 -10.428572 2.234726 0.379878 -1.143356 -2.933995 0.410387 3.155431 -9.077424 2.740136 -3.128233 0.000002 -0.000000 -0.000000 -6.565601 -1.344278 -22.802126 -16.200736 3.049136 -29.313990 -10.939125 -5.176319 58.100301 0.000001 0.000000 -0.000001 5.416696 -3.333158 16.170104 4.730662 0.500320 17.466658 -28.068345 -19.917976 -30.257110 0.000004 -0.000002 -0.000003 -21.074202 -2.309801 16.415651 26.001289 -3.978952 -4.170038 -10.337344 5.091744 9.931723 0.000001 -0.000000 0.000001 20.257964 0.615351 11.019154 -14.944942 -1.798779 1.890199 -25.867084 4.589397 -5.306641 -0.000000 0.000003 0.000002 
-21.978008 99.576134 97.001450 -360.421023 -12.874470 -0.110466 3.211085 1.375806 -9.945502 1.783922 0.318004 -0.891921 -2.517317 -0.086410 2.566032 -10.292474 3.633320 -3.220266 0.000000 0.000000 -0.000000 -6.885654 -1.223547 -24.219484 -17.213846 3.345387 -32.188960 -11.272004 -1.160464 60.038333 0.000005 0.000000 -0.000001 5.829864 -3.727645 16.918992 6.059704 0.572500 19.887798 -29.646149 -20.329534 -31.776946 0.000006 0.000001 -0.000002 -20.756325 -2.323667 15.810896 25.659282 -3.709201 -4.112490 -10.628078 3.744764 8.903094 0.000004 0.000000 0.000002 17.517291 0.868359 10.849586 -14.306641 -1.797477 1.388102 -25.082441 4.430913 -5.064095 0.000001 0.000001 0.000002 
-21.517735 99.940887 97.061729 -359.413461 -12.438831 0.129340 2.905266 1.339795 -9.538139 1.798849 0.211203 -0.689278 -2.489440 -0.395387 2.075445 -11.427157 4.450152 -3.385028 0.000002 0.000001 -0.000001 -7.176032 -1.325915 -25.639417 -18.381641 3.861642 -34.955617 -11.888025 3.741460 61.586149 -0.000001 -0.000008 -0.000001 6.095758 -3.492632 17.363820 7.020639 1.064994 22.534886 -30.889151 -21.649316 -33.717417 0.000001 0.000003 -0.000001 -19.210862 -2.026113 14.834377 22.666070 -2.733482 -3.647187 -11.244590 2.868245 8.414221 0.000002 -0.000000 -0.000000 15.263444 0.918702 10.399782 -13.525454 -1.762231 1.004202 -24.035917 4.285022 -4.756139 -0.000005 -0.000001 -0.000000 
-21.049450 100.277214 97.126694 -359.022719 -12.063848 0.102030 2.175249 1.311871 -9.058605 1.805089 0.166585 -0.583870 -2.365985 -0.470164 1.932218 -11.577919 5.040552 -3.470271 -0.000001 0.000000 0.000002 -7.161210 -1.280454 -26.545832 -18.933385 4.946038 -36.777263 -12.330956 8.140886 62.568535 0.000003 -0.000003 -0.000004 6.427585 -3.960959 17.738674 8.051513 1.073929 24.343347 -31.020424 -22.599935 -34.547667 0.000002 0.000004 -0.000001 -17.214969 -1.677462 14.121539 19.828015 -2.026274 -3.187790 -11.473935 2.572663 8.232869 0.000001 -0.000001 0.000003 14.851720 0.835752 10.110180 -13.918188 -1.600699 0.682481 -23.328965 4.375497 -4.194683 -0.000002 -0.000002 -0.000000 
-20.519264 100.602531 97.173897 -358.672085 -11.862443 -0.071298 1.463335 1.267537 -8.451216 0.873805 -0.063115 -0.187092 -1.383070 -0.939588 1.423551 -11.668304 5.795341 -3.745777 0.000002 0.000001 0.000000 -7.293201 -0.747643 -26.971604 -19.741485 5.193860 -38.927792 -13.234564 14.241562 63.575100 -0.000000 0.000003 -0.000000 6.570735 -3.845411 17.618941 9.360509 1.340821 26.923984 -30.798822 -25.013030 -36.060100 0.000003 0.000005 -0.000002 -13.432971 -1.109862 13.093538 14.551674 -0.761062 -2.191243 -10.325849 1.880410 7.014101 0.000002 0.000001 -0.000002 15.101588 0.597016 9.362344 -15.809975 -1.378101 1.160719 -21.162868 4.202623 -3.622977 -0.000002 -0.000001 0.000001 
-19.914200 100.883179 97.228790 -357.867734 -12.364000 -0.242602 -0.196034 1.312594 -7.767207 0.537222 -0.294263 0.162194 -0.595838 -0.668238 1.008156 -11.914154 6.482319 -4.052613 0.000002 0.000000 -0.000000 -7.409192 -1.443771 -27.622282 -20.930293 4.783164 -40.621041 -14.792820 20.637159 64.288240 0.000002 0.000002 -0.000000 6.551859 -4.028147 18.137180 10.419105 0.854650 29.263805 -29.409312 -28.258128 -36.373496 -0.000000 0.000002 -0.000003 -10.012598 -0.810885 12.065848 9.508298 0.550445 -1.335428 -9.581443 1.541512 6.461559 0.000004 0.000002 -0.000002 14.666726 0.531322 8.796542 -16.502772 -1.249179 1.022434 -19.365186 4.046906 -3.138061 0.000001 0.000000 0.000000 
-19.306599 101.127090 97.289230 -357.512892 -12.467804 -0.440606 -1.083086 1.306554 -7.220128 0.472425 -0.399065 0.281639 -0.127225 -0.700720 0.821026 -11.975992 7.025857 -4.365335 0.000002 0.000000 -0.000001 -7.689959 -1.245159 -27.972580 -21.235406 5.434560 -41.161759 -15.440505 25.652860 64.151671 0.000003 -0.000001 -0.000000 6.697553 -4.258687 18.652669 11.341553 0.029628 30.398822 -28.166406 -30.149107 -36.690858 0.000005 -0.000001 0.000002 -7.774585 -0.552236 11.391872 6.291858 1.372608 -0.892549 -9.309842 1.331038 6.189706 0.000003 -0.000002 -0.000001 14.545979 0.444047 8.488142 -16.770508 -1.167992 0.825894 -18.461067 4.151232 -2.799575 -0.000002 0.000002 0.000001 
-18.621227 101.294197 97.356743 -357.383009 -12.351483 -0.699159 -1.890238 1.258660 -6.437583 0.229223 -0.675743 0.686084 0.379310 -0.502522 0.222292 -12.139289 6.901403 -4.556713 0.000000 -0.000000 0.000001 -7.301043 -2.402055 -28.543019 -21.577490 4.555456 -42.472732 -15.921268 29.979708 64.929199 -0.000002 0.000002 -0.000001 6.879146 -5.439353 18.820795 12.840076 -0.370909 31.845972 -26.720868 -32.939670 -37.808598 0.000003 -0.000002 -0.000003 -5.551612 -0.424844 10.513261 3.891172 2.048354 -0.891208 -9.349421 2.199541 7.106407 0.000003 0.000001 -0.000001 14.231285 0.407828 8.056247 -15.746378 -1.235133 0.539891 -17.865504 4.026480 -2.977529 -0.000002 0.000000 0.000001 
-17.880169 101.426788 97.409790 -357.883170 -12.833374 -0.856592 -1.457885 1.201559 -6.274994 -0.203021 -0.940459 1.048852 0.695825 -0.561595 -0.054069 -12.002436 7.304116 -4.912397 0.000001 0.000001 -0.000001 -7.051012 -1.783305 -28.634491 -21.743293 3.249122 -43.482238 -15.042971 32.919019 64.301341 0.000000 -0.000003 -0.000003 7.241507 -5.511366 19.190192 14.222396 -0.563969 33.018494 -25.694256 -35.522670 -39.673902 0.000001 0.000002 0.000003 -3.007045 -0.148424 9.500014 1.726256 2.664062 -1.262021 -9.467637 3.334986 8.416727 0.000002 0.000002 -0.000002 13.734865 0.351649 7.931094 -13.966812 -1.558044 -0.535691 -17.064360 4.225815 -3.290430 -0.000004 0.000000 0.000001 
-17.148499 101.539261 97.464767 -358.145586 -12.775579 -0.872190 -1.164406 1.142171 -6.077977 -0.248017 -1.063673 1.183249 0.675069 -0.982469 -0.313426 -12.194257 7.536868 -5.020525 0.000004 0.000001 0.000000 -6.915657 -1.545421 -28.740391 -21.841825 2.341806 -44.058695 -14.335618 34.491253 63.596192 0.000004 0.000001 0.000001 7.453980 -5.601880 19.323778 15.404324 -1.156830 33.824815 -24.537721 -37.822046 -40.849046 0.000002 -0.000002 -0.000003 -1.766026 0.004527 8.639910 0.554297 2.854910 -1.363398 -9.841270 4.124867 9.295910 0.000001 0.000001 -0.000000 12.680279 0.427893 7.934732 -11.701810 -1.662570 -1.078994 -16.492921 3.249739 -4.498350 -0.000000 -0.000003 -0.000000 
-16.383305 101.619797 97.532677 -357.584609 -12.284742 -0.780931 -2.469728 1.113672 -5.509027 0.311889 -1.236965 1.335780 0.661683 -1.854267 -0.929317 -12.863271 7.847106 -5.050060 0.000002 -0.000000 -0.000001 -7.144184 -1.056245 -28.949982 -21.735711 1.535401 -43.951294 -13.882340 37.372859 62.785851 0.000003 0.000001 0.000001 7.689576 -5.308669 19.578857 16.071012 -1.089777 34.857737 -23.793049 -42.023022 -43.722469 0.000005 0.000002 -0.000000 -0.969359 0.175602 7.427009 -1.110085 3.459907 -0.579409 -9.919319 3.852840 9.130127 0.000001 0.000000 -0.000001 10.756272 0.645744 8.374830 -8.226015 -2.043171 -1.628419 -15.849862 2.416129 -5.411251 0.000003 -0.000001 0.000000 
-15.598526 101.683945 97.619881 -357.275202 -11.835797 -0.351154 -3.408454 1.124116 -5.398428 0.301587 -1.305125 1.507019 0.952320 -1.944420 -1.377211 -12.825717 7.792544 -4.979200 0.000004 0.000001 0.000000 -6.697262 -1.848672 -29.629169 -21.498044 0.517659 -44.102760 -13.286212 39.540375 62.640717 0.000006 -0.000001 -0.000002 8.190671 -6.514481 20.112716 17.343923 -1.382181 35.444649 -23.188345 -47.092467 -47.380261 0.000001 0.000000 -0.000001 -0.143953 0.292022 5.840827 -2.043397 3.701806 0.194410 -10.386927 3.316336 8.942544 0.000002 -0.000001 -0.000000 8.076653 1.016899 8.998962 -4.856522 -2.583655 -1.919402 -15.481247 4.019448 -3.862312 -0.000002 0.000002 0.000001 
-14.853786 101.741798 97.694717 -356.975384 -11.514453 0.013706 -4.535308 1.185725 -5.336193 0.744407 -1.298239 1.570218 0.807081 -1.995047 -1.526480 -12.642941 7.880499 -4.866049 0.000004 0.000001 0.000001 -6.770566 -1.718059 -29.968855 -21.059543 0.079098 -43.986138 -12.664772 42.470584 62.406209 0.000001 -0.000001 0.000001 8.571488 -7.098020 20.717552 17.759397 -1.156140 35.624269 -23.304674 -51.264839 -51.111433 -0.000005 0.000000 -0.000002 0.654520 0.257676 4.800725 -3.690886 4.186110 0.810685 -10.340535 2.455522 8.228052 0.000001 -0.000001 -0.000000 7.220075 1.228853 9.303433 -5.313153 -2.654245 -1.805925 -15.138018 6.356706 -1.041747 -0.000000 0.000000 0.000002 
-14.118641 101.798660 97.781723 -356.327226 -10.527044 0.595025 -5.184358 1.282045 -5.670846 0.714522 -1.459987 1.874224 1.016281 -2.644582 -2.038128 -13.162642 7.784391 -4.461079 0.000001 0.000001 -0.000001 -6.883699 -1.307626 -30.375446 -20.801382 -1.066903 -44.103221 -12.025923 44.651781 62.527206 0.000001 0.000001 0.000001 8.968137 -7.457577 21.397919 18.547155 -1.477665 36.056323 -22.819184 -54.482192 -53.481761 0.000007 0.000000 -0.000003 1.707286 0.151769 3.717360 -4.135678 4.719825 0.956008 -10.696210 1.332457 7.573379 0.000000 0.000000 0.000002 3.737740 1.712878 10.096291 -4.297514 -3.023206 -2.360902 -12.645090 10.262182 4.048071 -0.000002 -0.000001 0.000001 
-13.390823 101.847054 97.871452 -355.857965 -9.589538 1.111094 -6.423915 1.326201 -5.701799 1.371301 -1.587911 2.062989 0.491796 -3.210321 -2.534528 -12.932354 7.692188 -4.203876 0.000002 0.000000 0.000002 -6.834981 -1.039185 -30.678928 -20.513930 -1.129939 -44.323683 -11.897705 46.452120 63.215313 0.000000 -0.000001 0.000001 9.148839 -8.316513 21.440375 19.495221 -1.733393 36.771324 -20.422206 -56.526922 -53.150445 0.000006 0.000001 -0.000002 2.623855 0.118568 2.801426 -5.316578 5.060397 1.150247 -10.556005 0.511675 6.803589 0.000003 0.000000 -0.000001 2.892064 1.868965 10.501120 -7.008438 -2.725414 -3.693260 -11.467741 12.925793 7.416674 0.000003 0.000001 0.000000 
-12.713306 101.899918 97.950569 -356.466917 -8.879102 1.358254 -6.293437 1.294024 -5.657519 1.983862 -1.551101 2.009680 -0.272637 -3.726045 -2.722372 -12.956275 7.808956 -4.006754 0.000002 0.000001 0.000000 -6.893528 -1.005739 -31.381632 -20.377856 -1.764431 -44.173576 -12.223776 47.888994 63.889323 -0.000002 -0.000002 -0.000000 9.300844 -8.470316 21.714466 19.805457 -1.772649 37.104306 -17.968986 -56.983336 -51.187852 -0.000001 0.000000 -0.000001 3.499212 0.114886 2.339560 -5.459960 4.955966 0.929222 -10.914098 -0.065602 6.411397 0.000002 0.000001 -0.000000 3.570294 1.832697 10.627544 -9.146950 -2.294310 -4.691978 -11.282669 14.617158 9.530514 0.000003 -0.000001 -0.000000 
-12.055157 101.940018 98.035881 -356.513144 -8.327107 1.217863 -6.356544 1.185116 -5.189839 2.041612 -1.479756 2.022332 -0.516541 -4.001985 -3.012048 -13.004508 7.890261 -3.737876 0.000004 0.000001 0.000001 -6.736138 -1.331829 -31.556516 -19.982833 -1.642680 -44.333996 -12.341634 49.611994 64.622537 -0.000000 -0.000005 0.000001 9.323726 -8.669610 21.432548 20.366010 -1.681217 37.353594 -13.673789 -57.670491 -47.828338 -0.000000 -0.000002 -0.000003 3.699055 -0.062372 2.331740 -5.204837 4.956526 0.722685 -10.378864 0.095023 6.315468 0.000001 -0.000002 0.000000 5.702009 1.845857 10.526858 -12.662587 -1.649211 -5.013548 -11.151133 15.605148 11.007455 -0.000004 0.000001 0.000000 
-11.429268 101.958862 98.119728 -355.849495 -8.788597 0.815129 -7.298935 1.122630 -4.702207 1.837892 -1.366635 1.942143 -0.325643 -3.690122 -2.829667 -13.303906 7.860473 -3.539895 0.000002 0.000001 -0.000001 -6.374919 -1.170247 -31.547278 -19.373333 -1.403631 -44.417939 -11.207890 50.590576 64.288876 0.000002 -0.000001 0.000001 9.664132 -8.875569 21.234225 20.466853 -0.999617 36.873712 -8.345371 -57.334213 -43.774734 0.000001 0.000003 0.000002 3.398325 0.001857 2.611091 -5.241322 4.943572 0.598569 -10.078210 0.415779 6.462653 0.000001 -0.000000 0.000001 7.702556 1.693125 10.304758 -15.611386 -1.328219 -4.404453 -11.573422 15.911812 11.314130 0.000001 0.000001 0.000000 
-10.860577 101.978348 98.198891 -356.186442 -8.998033 0.473603 -7.073441 1.088636 -4.487768 1.688650 -1.289549 1.854278 -0.391405 -3.744783 -2.686225 -13.402014 7.999402 -3.451262 0.000002 -0.000000 -0.000000 -6.467037 -0.372382 -31.249150 -18.849558 -1.057144 -44.435162 -9.855955 50.387170 63.573905 0.000004 0.000003 0.000000 9.849230 -8.590831 21.056628 20.835318 -0.877552 36.571736 -4.814715 -55.351512 -40.606332 0.000003 0.000001 -0.000006 3.622371 0.086415 2.840681 -5.149605 5.060260 0.540648 -10.132900 0.451228 6.512980 0.000002 -0.000002 0.000001 9.261912 1.554919 10.131469 -17.923537 -1.130374 -3.581143 -11.997939 15.674529 11.155027 -0.000000 -0.000001 -0.000001 
-10.326801 101.996033 98.271973 -356.217369 -9.651060 0.197648 -6.659767 1.101757 -4.666327 0.394258 -1.356257 2.062289 0.529775 -3.500267 -2.606442 -13.923773 8.068242 -3.385113 0.000001 0.000000 0.000000 -6.468479 0.809079 -30.807538 -18.423547 -0.902746 -44.453590 -8.562386 50.145818 62.535047 0.000004 0.000001 0.000000 10.173319 -8.004659 21.064336 20.890595 -0.596693 36.040456 -2.211769 -53.949253 -38.523653 0.000005 -0.000003 -0.000000 3.277960 0.152317 3.148566 -4.956022 5.158802 0.370035 -10.100629 0.850003 6.916085 0.000002 0.000002 -0.000002 10.187442 1.468105 10.058144 -19.334934 -1.140479 -3.099311 -12.584062 15.504494 10.910898 -0.000002 0.000001 -0.000001 
-9.837894 102.026611 98.344429 -355.717427 -10.071326 -0.092041 -7.240105 1.134479 -4.723130 0.112471 -1.330480 2.142679 0.735137 -3.327766 -2.469336 -13.726227 8.179595 -3.208964 0.000000 0.000001 0.000002 -6.117609 1.225252 -30.481529 -18.006691 -1.445854 -44.967561 -7.191532 50.228938 62.419986 0.000001 0.000002 -0.000001 10.597782 -7.888721 20.939893 20.935834 0.464315 35.817365 -1.120655 -53.379387 -38.550042 0.000005 -0.000001 0.000001 2.660587 0.179866 3.556423 -5.135207 5.162470 0.398237 -9.941157 0.809113 6.783928 0.000001 -0.000002 -0.000001 11.439583 1.401783 9.980698 -21.082279 -0.999606 -2.556037 -13.398941 15.315871 10.803944 -0.000002 0.000000 0.000002 
-9.406075 102.058968 98.416939 -355.535935 -10.244098 -0.252774 -8.037355 1.180129 -4.754196 -0.065715 -1.245133 2.084412 1.209657 -3.410071 -2.376870 -13.948436 8.230417 -3.109350 0.000002 0.000000 -0.000000 -6.046285 1.727503 -30.079388 -17.653454 -1.398461 -45.025515 -6.105718 50.873916 61.722432 0.000003 0.000000 -0.000001 10.684809 -8.456592 20.795662 21.206370 0.691272 35.863783 0.058892 -53.906015 -38.500567 -0.000001 -0.000003 -0.000000 2.910581 0.192968 3.748818 -5.776992 5.341679 0.474005 -9.628573 0.679801 6.506627 0.000001 -0.000000 -0.000000 12.823958 1.334398 9.953609 -22.725359 -0.858619 -2.313359 -13.082765 15.213280 10.752715 -0.000002 0.000000 0.000001 
-9.022057 102.090340 98.492912 -355.326330 -10.554199 -0.379148 -8.656981 1.239039 -4.810663 0.116720 -1.247769 2.034739 1.178891 -3.245154 -2.359920 -13.684277 8.223469 -3.213771 0.000002 0.000001 -0.000001 -6.168376 1.892494 -29.968876 -17.463906 -0.972420 -44.805180 -6.002317 51.477640 61.908363 0.000003 0.000001 -0.000002 10.640232 -8.879375 20.877998 21.149817 0.686416 35.808141 1.253014 -54.390644 -38.019435 0.000005 0.000003 -0.000003 2.914558 0.255806 3.940822 -5.701687 5.419303 0.438678 -9.448429 0.458327 6.230011 0.000001 0.000001 -0.000000 14.315948 1.192600 9.879683 -24.782192 -0.820118 -1.864314 -13.421094 15.204563 10.684795 -0.000002 0.000000 0.000001 
-8.681507 102.112602 98.573227 -354.852616 -10.994095 -0.450293 -9.141995 1.294231 -4.859518 -0.094188 -1.154311 1.914951 1.384238 -2.982978 -2.314733 -13.563759 8.117192 -3.253846 0.000000 0.000001 0.000001 -6.357823 2.197716 -29.716927 -17.092787 0.318071 -44.313608 -5.704985 51.795128 61.407007 -0.000000 0.000000 -0.000001 10.464631 -9.322079 20.730691 21.236115 0.449118 35.840321 2.671477 -54.325262 -36.992912 0.000003 0.000002 -0.000000 2.454824 0.310352 4.123254 -5.531040 5.523732 0.550867 -9.422526 0.199338 5.993296 0.000002 -0.000001 -0.000000 15.966327 1.000379 9.817116 -26.534129 -0.851911 -1.757516 -13.637894 15.477634 10.897377 -0.000002 0.000001 -0.000000 
-8.378672 102.128540 98.656792 -354.866576 -11.019381 -0.491646 -9.148429 1.316468 -4.946763 -0.431473 -1.150707 1.933676 1.672964 -2.905381 -2.405966 -13.358369 8.017447 -3.294284 0.000004 0.000000 -0.000000 -6.445133 2.515244 -29.480357 -16.992435 1.049780 -44.227254 -5.824865 52.401847 61.514220 -0.000003 -0.000005 0.000000 10.330647 -9.481219 20.393055 21.268482 0.391666 35.928110 3.907679 -53.674478 -35.731069 0.000004 -0.000001 -0.000004 2.726487 0.351110 4.145022 -5.655525 5.683222 0.763507 -9.280631 -0.253701 5.517928 0.000001 -0.000001 -0.000000 17.498718 0.802840 9.692078 -28.106372 -0.906417 -1.504992 -13.875771 15.324235 10.651278 -0.000000 0.000000 0.000001 
-8.115938 102.136909 98.734970 -355.210763 -11.189579 -0.480196 -9.056138 1.352397 -5.074069 0.136932 -0.995251 1.655890 1.206141 -3.132009 -2.265804 -13.115728 8.080559 -3.474536 0.000002 0.000002 -0.000000 -6.728528 2.680501 -29.759138 -17.010140 1.685628 -43.845252 -6.766139 52.262620 62.419371 0.000004 -0.000002 -0.000003 10.219995 -9.105605 20.423107 21.057711 0.025292 35.745221 5.262680 -53.401264 -34.331905 -0.000000 0.000000 -0.000006 2.651078 0.368731 4.177351 -5.527925 5.534788 0.760313 -9.634721 -0.153995 5.620952 0.000001 -0.000000 -0.000000 18.380678 0.749427 9.672509 -28.826656 -0.716867 -1.347562 -14.065798 14.909207 10.265590 -0.000002 0.000000 0.000002 
-7.887524 102.142563 98.806114 -354.909142 -11.045821 -0.320820 -9.713827 1.411600 -5.140966 0.538692 -0.910094 1.517428 1.091474 -2.941049 -2.248319 -12.797398 8.011210 -3.551896 0.000002 0.000001 0.000000 -6.851090 2.853036 -29.603747 -16.914957 2.399228 -43.664443 -6.954008 51.829159 62.132530 0.000000 0.000000 -0.000001 9.997009 -9.607115 20.224417 21.023978 -0.022193 35.829123 6.519194 -53.988271 -33.287579 0.000004 0.000002 0.000005 2.563572 0.316400 4.052227 -6.217136 5.534919 1.037448 -9.560329 -0.210461 5.450108 0.000003 0.000001 -0.000001 18.491941 0.762630 9.603848 -29.489058 -0.550386 -1.217453 -13.714989 14.335782 9.697434 0.000001 0.000000 0.000001 
-7.685911 102.134789 98.877777 -354.986269 -10.965606 -0.244640 -9.577864 1.418779 -5.243198 0.078815 -0.931572 1.554091 1.447901 -2.979971 -2.379805 -12.690986 8.001331 -3.642237 0.000002 0.000000 0.000002 -6.783788 2.780328 -29.643994 -16.924819 2.298310 -43.813362 -6.805671 51.117723 62.111876 0.000001 -0.000003 -0.000000 9.972587 -9.502233 20.050253 21.023717 0.177943 35.915587 6.864819 -53.997427 -33.132551 0.000004 0.000000 -0.000002 2.638903 0.356868 3.901688 -6.375750 5.579530 1.228847 -9.865220 -0.283304 5.499349 0.000002 0.000000 -0.000001 19.008696 0.663531 9.514398 -29.881053 -0.584390 -1.149873 -13.993890 14.277516 9.539291 0.000001 0.000001 0.000001 
-7.510769 102.136765 98.941765 -354.938949 -10.950022 -0.181204 -9.593656 1.434085 -5.246678 0.328535 -0.867687 1.424403 1.061552 -3.013615 -2.289096 -12.160732 8.183571 -3.844175 0.000002 0.000001 0.000000 -6.818103 2.921581 -29.544164 -16.685307 2.964058 -43.685818 -6.422718 50.943499 61.868359 -0.000002 0.000000 0.000000 9.925389 -9.461227 19.913478 21.144065 -0.070319 35.888973 7.616164 -54.062887 -32.827645 -0.000000 -0.000003 -0.000000 2.444626 0.405855 3.723997 -6.509389 5.493298 1.632099 -9.867237 -0.608951 5.158911 0.000002 0.000002 -0.000000 18.908156 0.645852 9.483410 -29.566171 -0.552959 -1.140943 -14.043599 14.389588 9.606382 -0.000002 0.000001 0.000002 
-7.361067 102.136871 98.994850 -354.506462 -10.979372 -0.218238 -10.184085 1.416073 -5.061326 0.370091 -0.797246 1.296110 1.240403 -2.784861 -2.195020 -12.271765 8.098136 -3.880122 0.000002 0.000001 -0.000001 -6.917693 3.378648 -29.395539 -16.549572 3.452935 -43.397875 -6.597932 51.898390 61.793029 0.000003 -0.000001 0.000001 9.885992 -9.519501 19.911279 21.048136 -0.212234 35.641662 8.962456 -54.480557 -31.738144 0.000001 -0.000002 -0.000000 2.096825 0.386525 3.902805 -6.665579 5.462072 1.701175 -9.555412 -0.685063 4.967827 0.000002 0.000001 -0.000001 19.354850 0.582680 9.412517 -30.545176 -0.595616 -0.774557 -13.698801 14.698391 9.886454 -0.000002 0.000000 0.000001 
-7.236664 102.132957 99.048485 -354.615526 -10.949378 -0.294482 -9.918136 1.404874 -5.079702 -0.030670 -0.812982 1.338660 1.607154 -2.751106 -2.207558 -12.174485 7.993989 -3.966345 0.000004 0.000001 0.000002 -7.026246 3.662003 -29.318580 -16.478803 3.604080 -43.222977 -6.595337 52.100246 61.666076 0.000004 -0.000002 -0.000001 9.825482 -9.181115 19.895935 20.905754 -0.103085 35.662651 9.193230 -54.436201 -31.392383 0.000003 0.000000 -0.000001 1.904301 0.349716 4.080867 -6.176324 5.414725 1.670179 -9.391555 -0.939729 4.659246 0.000003 0.000003 -0.000002 19.693344 0.608044 9.519730 -30.425013 -0.698160 -0.848591 -13.444636 14.815693 9.930765 -0.000002 0.000000 0.000001 
-7.128372 102.134270 99.099197 -354.536870 -11.019344 -0.367050 -9.918032 1.375120 -4.948802 -0.103379 -0.923343 1.443508 1.697740 -2.677006 -2.336864 -11.864382 8.046656 -4.167100 0.000002 0.000002 0.000001 -7.086620 3.659121 -29.138683 -16.455334 3.961377 -43.066409 -6.593921 52.824611 61.538461 0.000000 0.000002 -0.000001 9.765032 -9.064524 19.924201 20.775209 -0.117541 35.657706 9.295815 -54.882916 -31.507437 -0.000000 0.000000 -0.000001 1.591103 0.376791 4.205371 -6.017835 5.447048 1.786967 -9.676453 -1.001770 4.725109 0.000001 0.000002 0.000001 19.924982 0.566298 9.561086 -30.898721 -0.817407 -0.674466 -13.499688 14.880100 9.930820 0.000001 -0.000000 0.000002 
-7.039608 102.126472 99.155022 -354.621919 -11.324507 -0.277238 -9.673602 1.395886 -5.035614 -0.167787 -0.955825 1.473667 1.613582 -2.546452 -2.375610 -11.502788 8.254616 -4.429524 0.000001 -0.000000 0.000001 -7.104659 3.568076 -28.978730 -16.627648 3.813370 -42.999295 -6.526830 52.168275 60.710362 -0.000002 0.000001 -0.000001 9.576991 -8.973900 19.737134 20.859237 -0.241828 35.706754 10.000263 -54.675845 -30.463877 0.000003 0.000001 -0.000003 1.763782 0.328688 4.163974 -6.128842 5.421604 1.732328 -9.799793 -0.795044 4.978785 0.000002 0.000003 -0.000002 20.117153 0.559049 9.489166 -30.777007 -0.769494 -0.696698 -13.684998 14.793187 9.768296 -0.000002 0.000000 0.000003 
-6.961641 102.119102 99.212166 -354.887777 -11.206121 -0.333546 -9.310229 1.401915 -5.012353 -0.457057 -1.028277 1.539088 1.824111 -2.634269 -2.472620 -11.330651 8.369907 -4.647001 0.000000 -0.000000 0.000003 -7.337640 3.579109 -28.682536 -16.945013 4.119088 -42.741459 -6.729664 51.886495 59.841022 -0.000001 -0.000002 -0.000004 9.277812 -8.741305 19.598507 20.577924 -0.544503 35.733504 11.294671 -54.579222 -28.858072 0.000003 -0.000002 0.000002 2.011045 0.334454 4.211259 -6.143785 5.406757 1.739413 -9.682022 -0.879040 4.787058 0.000001 -0.000000 -0.000001 20.032989 0.591889 9.610915 -30.674728 -0.692080 -0.724745 -13.378607 14.517711 9.508551 0.000001 -0.000000 0.000002 
-6.901527 102.110970 99.262840 -354.770489 -11.098447 -0.298923 -9.581226 1.424965 -4.993148 -0.839941 -1.003770 1.510972 2.243502 -2.663816 -2.463604 -11.102368 8.377571 -4.739709 0.000000 0.000001 0.000000 -7.273216 3.438889 -28.475544 -17.069717 4.107148 -42.821943 -6.743653 52.030585 59.718974 -0.000000 -0.000003 -0.000001 9.108383 -8.757468 19.250390 20.773722 -0.792549 35.828638 12.096305 -54.910039 -28.418576 0.000001 0.000001 -0.000003 1.927173 0.370030 4.305101 -6.112984 5.396112 1.640226 -9.572808 -0.956679 4.645897 0.000003 0.000001 -0.000000 20.152751 0.572543 9.625745 -30.945306 -0.680894 -0.582370 -13.477672 14.458322 9.399542 0.000001 0.000000 0.000001 
-6.848249 102.111320 99.315109 -354.648202 -11.036385 -0.285753 -9.354191 1.376708 -4.942968 -0.425736 -0.896674 1.376160 1.746672 -2.586831 -2.338172 -11.211527 8.533159 -4.667604 0.000000 0.000000 0.000000 -6.950473 3.044513 -28.528245 -16.860305 3.934789 -43.087914 -6.302365 52.047448 59.783731 0.000001 -0.000003 -0.000002 9.320961 -8.745690 19.259199 20.735734 -0.216494 35.603112 11.399958 -53.847722 -28.922726 0.000004 0.000001 -0.000005 1.355692 0.368341 4.451022 -5.720902 5.302488 1.495749 -9.609357 -0.902008 4.731564 0.000001 -0.000000 -0.000001 19.668363 0.682991 9.788678 -30.482642 -0.666557 -0.817892 -13.488398 14.541490 9.442315 -0.000000 0.000000 0.000000 
-6.804958 102.109314 99.366280 -354.935070 -10.970793 -0.291813 -9.318646 1.371345 -4.941944 0.119015 -0.896080 1.304583 1.342373 -2.448862 -2.233930 -11.004462 8.526898 -4.739150 0.000002 0.000001 -0.000001 -6.776855 2.641439 -28.575838 -16.850251 3.955951 -43.176074 -5.921541 51.814645 59.646505 -0.000001 0.000003 -0.000003 9.327311 -8.673238 19.146263 20.793657 -0.314298 35.543792 11.282141 -52.842923 -28.876052 0.000003 0.000002 -0.000003 1.143612 0.436568 4.547469 -4.920590 5.157757 1.316706 -9.971541 -0.925796 4.852920 0.000004 0.000002 -0.000002 19.921287 0.640258 9.832155 -30.324332 -0.709388 -0.889130 -13.777194 14.626671 9.477388 -0.000000 0.000000 0.000001 
-6.770063 102.114510 99.409760 -354.976269 -10.725321 -0.349489 -9.304523 1.320609 -4.836727 0.506229 -0.874281 1.244740 0.980068 -2.378555 -2.123313 -10.830844 8.468081 -4.708473 0.000002 -0.000000 -0.000000 -6.239137 1.903354 -28.535571 -16.916697 3.484128 -43.843070 -5.642993 52.237024 60.121504 -0.000000 -0.000003 0.000001 9.454487 -8.782071 18.903515 20.940687 -0.007286 35.338484 11.267147 -52.439631 -29.256425 -0.000000 -0.000001 -0.000003 0.737890 0.496078 4.766637 -4.351540 5.017049 1.155867 -9.843530 -1.020273 4.732725 0.000002 0.000000 0.000002 19.421083 0.733632 10.085929 -29.975525 -0.762480 -1.127853 -13.471919 14.720174 9.475788 -0.000002 0.000001 0.000001 
-6.734465 102.121368 99.459084 -355.053232 -10.588435 -0.251194 -9.483153 1.302414 -4.717233 0.348905 -0.937016 1.331120 1.220568 -2.223512 -2.246577 -10.587355 8.569808 -4.749647 0.000000 0.000000 -0.000001 -6.110988 1.786555 -28.310373 -16.987630 3.377001 -44.185484 -5.381285 51.905094 59.819323 0.000003 -0.000003 -0.000004 9.313345 -9.047831 18.559260 21.138027 -0.040969 35.453333 11.340356 -52.157339 -29.076173 0.000003 -0.000003 -0.000002 1.071242 0.474228 4.642969 -4.576667 5.018312 1.162525 -9.513288 -1.059531 4.548488 0.000000 0.000003 -0.000001 19.630385 0.660535 9.914232 -30.317868 -0.737513 -0.891165 -13.458491 14.619199 9.390630 -0.000000 0.000000 0.000002 
-6.704348 102.133339 99.505615 -355.079924 -10.482947 -0.185967 -9.654915 1.295641 -4.632357 0.606547 -0.891487 1.248155 1.012604 -2.135996 -2.181736 -10.488881 8.675660 -4.824403 0.000002 0.000001 -0.000000 -6.106545 1.668450 -28.113907 -16.963086 3.678177 -44.232073 -5.164127 51.906617 59.369507 -0.000000 -0.000003 -0.000001 9.220339 -9.209692 18.521661 21.096098 -0.040602 35.417843 11.757917 -52.482074 -28.857221 0.000006 0.000001 -0.000002 0.913821 0.423810 4.640498 -4.403168 4.967535 1.119591 -9.696838 -1.147801 4.545216 0.000002 0.000000 0.000002 19.634180 0.649861 9.822312 -30.246294 -0.713518 -0.817546 -13.289166 14.435916 9.244070 -0.000002 0.000001 0.000002 
-6.679684 102.150383 99.545860 -355.362394 -10.235622 -0.125890 -9.965617 1.299776 -4.589267 1.195319 -0.914926 1.236046 0.684363 -2.169070 -2.179885 -10.307302 8.761739 -4.875326 0.000002 0.000001 -0.000001 -5.926051 1.431500 -27.624587 -16.973806 3.975416 -44.473653 -4.696920 51.786091 58.645835 0.000000 -0.000003 0.000003 8.979356 -9.579074 18.048551 21.382988 -0.178306 35.594790 12.661458 -52.549471 -28.206771 0.000004 0.000003 -0.000000 1.299918 0.400293 4.588536 -4.588758 4.922724 1.098419 -9.487361 -1.198354 4.410837 0.000001 0.000002 -0.000002 20.036628 0.581194 9.674691 -30.613427 -0.683026 -0.597021 -13.169430 14.242244 9.029534 -0.000000 -0.000000 -0.000001 
-6.661741 102.170067 99.586685 -355.337422 -9.952112 -0.062606 -10.151445 1.284208 -4.473823 1.280248 -0.903281 1.208892 0.707944 -2.233415 -2.220518 -10.219973 8.819329 -4.914748 0.000002 0.000001 0.000001 -5.928790 1.264703 -27.497978 -16.939982 4.415771 -44.368673 -4.527066 51.439145 58.158439 -0.000001 0.000000 -0.000000 8.770347 -9.515981 17.723443 21.617223 -0.604242 35.802212 13.370158 -52.589608 -27.582541 0.000004 0.000004 -0.000003 1.272972 0.398351 4.538763 -4.404222 4.818309 1.177749 -9.773780 -1.531154 4.152150 0.000001 0.000001 -0.000001 19.781281 0.574387 9.652584 -30.288788 -0.655703 -0.569908 -13.401521 14.012583 8.819189 -0.000002 0.000001 -0.000000 
-6.650496 102.197388 99.621330 -355.442334 -9.712679 0.047681 -10.156279 1.307935 -4.584890 1.481989 -0.912174 1.216474 0.547613 -2.332620 -2.238819 -10.267598 8.745631 -4.827263 0.000002 0.000000 0.000000 -5.874185 1.081629 -27.453833 -17.014052 4.240723 -44.414258 -4.616030 50.973835 58.084537 -0.000001 -0.000003 -0.000003 8.734477 -9.150123 17.626623 21.579957 -0.482101 35.941289 13.103653 -52.530691 -27.646108 0.000003 -0.000001 0.000001 1.340365 0.386616 4.456021 -4.377922 4.794546 1.210155 -9.876982 -1.829140 3.900426 0.000003 -0.000002 0.000001 19.554213 0.568235 9.591132 -30.240441 -0.672310 -0.481608 -13.266521 13.840870 8.672336 0.000001 0.000000 0.000002 
-6.642447 102.223717 99.655052 -355.405314 -9.466548 0.176608 -10.154111 1.313077 -4.610877 1.367087 -0.894934 1.213928 0.689351 -2.439562 -2.321919 -10.530640 8.701560 -4.730517 0.000002 -0.000000 0.000001 -5.801260 0.951019 -27.205045 -17.149437 4.195479 -44.540483 -4.780598 50.722504 57.921001 0.000002 0.000001 -0.000003 8.560657 -9.131800 17.305942 21.572114 -0.405571 36.119977 13.729771 -52.486350 -26.806824 0.000004 -0.000002 -0.000003 1.505946 0.335471 4.411043 -4.926723 4.765089 1.260070 -9.836196 -2.019936 3.641853 0.000002 0.000002 -0.000002 19.637649 0.543266 9.447609 -30.436388 -0.566697 -0.292628 -13.342413 13.482788 8.326894 -0.000000 0.000001 0.000001 
-6.634907 102.252190 99.689674 -355.455366 -9.678159 0.286212 -10.173405 1.328563 -4.616463 1.187192 -0.893603 1.204898 0.782143 -2.286693 -2.290903 -10.629488 8.731136 -4.791572 0.000000 0.000000 -0.000000 -5.889376 0.929375 -27.116193 -17.142238 4.654563 -44.410809 -5.085993 50.745290 58.025797 -0.000000 -0.000001 -0.000002 8.396911 -9.263069 17.149384 21.647433 -0.565948 36.274650 13.842626 -52.052704 -26.369127 0.000001 0.000003 -0.000001 1.598898 0.336753 4.349452 -5.165667 4.795684 1.325100 -9.945235 -2.298663 3.365370 0.000004 -0.000001 -0.000000 19.694806 0.510624 9.355162 -30.515694 -0.527311 -0.260416 -13.469431 13.526335 8.395279 -0.000002 0.000000 0.000001 
-6.630976 102.285393 99.721039 -355.526154 -9.550466 0.381610 -9.892866 1.327095 -4.677370 1.151346 -0.849556 1.203200 0.739497 -2.177102 -2.337310 -10.772626 8.732562 -4.651523 0.000002 0.000001 0.000000 -5.778165 0.575955 -27.221111 -17.041491 4.819348 -44.375749 -5.356640 50.788262 58.374382 -0.000002 0.000003 -0.000004 8.448620 -9.126644 17.205496 21.627633 -0.368345 36.227839 13.669993 -51.987216 -26.363302 0.000003 0.000002 0.000001 1.509086 0.285158 4.373604 -5.103362 4.778289 1.268323 -10.075204 -2.684783 3.099173 0.000003 -0.000001 -0.000000 19.676573 0.513790 9.256010 -30.337870 -0.566034 -0.181401 -13.347810 13.340607 8.138227 -0.000002 0.000000 0.000001 
-6.635387 102.312347 99.747452 -355.422144 -9.248841 0.301641 -9.651420 1.294225 -4.556023 0.949322 -0.886724 1.266092 0.986229 -2.313972 -2.483461 -11.234588 8.727323 -4.551209 0.000002 0.000000 0.000002 -5.798479 0.758985 -27.033575 -17.210844 4.758770 -44.544161 -5.619105 50.911328 58.655049 0.000003 -0.000002 -0.000001 8.323654 -9.027298 17.003406 21.459210 -0.122559 36.277395 13.736295 -51.581117 -26.015111 0.000001 0.000005 -0.000001 1.014946 0.251868 4.600768 -4.701827 4.618004 1.270103 -10.181417 -3.033338 2.798894 0.000002 0.000000 -0.000003 19.513693 0.610299 9.406146 -30.496187 -0.552278 -0.110116 -13.481865 13.199306 7.900143 -0.000002 0.000001 -0.000000 
-6.639650 102.328262 99.774414 -355.030310 -9.187089 0.369708 -10.117130 1.265446 -4.378207 1.031307 -0.877314 1.246505 0.937760 -2.311791 -2.566866 -11.358247 8.726497 -4.542114 0.000000 0.000001 0.000001 -5.938489 1.213793 -26.985442 -17.212138 4.871158 -44.524197 -5.840912 51.524536 59.095357 0.000001 -0.000002 -0.000000 8.215311 -9.081696 16.761919 21.374322 -0.111784 36.286295 14.339651 -51.712742 -25.708270 0.000003 0.000002 -0.000000 1.208817 0.284121 4.476906 -5.250489 4.816257 1.432933 -10.250662 -3.218416 2.649216 0.000002 0.000003 -0.000001 19.615275 0.531035 9.365711 -30.949913 -0.660432 -0.057963 -13.644422 13.225830 7.869776 -0.000000 0.000000 0.000001 
-6.648373 102.343109 99.798393 -354.986597 -9.366053 0.445265 -10.195003 1.284818 -4.457993 1.422654 -0.814257 1.119490 0.651702 -2.262490 -2.436275 -11.398543 8.715852 -4.595477 0.000002 -0.000000 -0.000000 -6.002574 1.251809 -27.057219 -17.246199 4.620386 -44.483373 -5.676004 51.451740 59.070631 -0.000004 -0.000002 -0.000004 8.145319 -8.939800 16.714643 21.459677 -0.330155 36.326457 14.248028 -51.449325 -25.717675 0.000003 0.000002 -0.000000 1.193650 0.266268 4.408561 -5.401564 4.890454 1.413729 -9.959706 -3.075926 2.705138 0.000001 -0.000000 0.000001 19.701396 0.509100 9.275180 -31.048479 -0.703580 -0.073633 -13.443554 13.293744 7.909888 0.000001 -0.000000 0.000001 
-6.660124 102.354767 99.818474 -355.178115 -9.209625 0.423000 -10.202627 1.287906 -4.487665 1.313232 -0.834316 1.144590 0.727883 -2.442582 -2.433246 -11.133568 8.727225 -4.654936 0.000004 0.000000 -0.000000 -6.099475 1.476882 -26.959037 -17.397416 4.563634 -44.562681 -5.774783 51.040590 58.969108 0.000001 -0.000002 -0.000001 8.142623 -9.027632 16.874927 21.344865 -0.472980 36.191615 14.657562 -51.913116 -25.404588 0.000002 -0.000000 -0.000000 1.165263 0.263680 4.453274 -5.247390 4.932737 1.399451 -10.218871 -3.175201 2.743260 0.000002 0.000000 -0.000001 19.741192 0.502836 9.339111 -31.197077 -0.784928 -0.078003 -13.425396 13.205922 7.772871 -0.000002 0.000000 0.000001 
-6.672480 102.361168 99.847488 -355.273273 -9.105522 0.410371 -10.357729 1.309207 -4.490409 1.452984 -0.920374 1.199548 0.652938 -2.400610 -2.454122 -11.003157 8.594875 -4.663325 0.000002 0.000001 -0.000001 -6.087259 1.195695 -27.000668 -17.491317 4.792524 -44.523964 -5.856954 51.079693 58.918250 -0.000004 0.000001 -0.000002 8.112707 -9.151263 16.972670 21.295094 -0.641266 36.303316 14.743783 -52.536954 -25.583495 0.000001 -0.000003 -0.000000 1.372884 0.296144 4.425287 -5.422118 4.945907 1.471412 -10.094301 -3.223519 2.613010 0.000002 0.000001 -0.000000 20.103050 0.448686 9.357555 -31.395368 -0.726899 -0.062157 -13.299205 13.085761 7.641128 -0.000002 0.000000 0.000002 
