HIERARCHY
ROOT Hips
{
	OFFSET 34.496513 44.105156 -20.748993
	CHANNELS 6 Xposition Yposition Zposition Xrotation Yrotation Zrotation
	JOINT Chest
	{
		OFFSET -1.209934 13.587955 0.240406
		CHANNELS 3 Xrotation Yrotation Zrotation
		JOINT Chest2
		{
			OFFSET -2.056225 21.326931 -0.023258
			CHANNELS 3 Xrotation Yrotation Zrotation
			JOINT Chest3
			{
				OFFSET 2.017277 14.693886 -1.685328
				CHANNELS 3 Xrotation Yrotation Zrotation
				JOINT Neck
				{
					OFFSET 2.411659 17.094429 0.761805
					CHANNELS 3 Xrotation Yrotation Zrotation
					JOINT Head
					{
						OFFSET -0.882050 10.441559 -0.153305
						CHANNELS 3 Xrotation Yrotation Zrotation
						End Site
						{
							OFFSET -0.809341 10.447380 -0.158031
						}
					}
				}
				JOINT LeftCollar
				{
					OFFSET 0.127518 13.144455 5.386215
					CHANNELS 3 Xrotation Yrotation Zrotation
					JOINT LeftUpArm
					{
						OFFSET 6.511890 4.076241 15.794903
						CHANNELS 3 Xrotation Yrotation Zrotation
						JOINT LeftLowArm
						{
							OFFSET -25.992702 18.119820 11.652435
							CHANNELS 3 Xrotation Yrotation Zrotation
							JOINT LeftHand
							{
								OFFSET -10.225845 25.404099 -12.288670
								CHANNELS 3 Xrotation Yrotation Zrotation
								End Site
								{
									OFFSET -2.234915 5.552216 -2.685756
								}
							}
						}
					}
				}
				JOINT RightCollar
				{
					OFFSET -1.956480 13.800842 -2.741835
					CHANNELS 3 Xrotation Yrotation Zrotation
					JOINT RightUpArm
					{
						OFFSET 0.167263 4.411301 -17.000256
						CHANNELS 3 Xrotation Yrotation Zrotation
						JOINT RightLowArm
						{
							OFFSET -29.053123 16.912170 -3.102985
							CHANNELS 3 Xrotation Yrotation Zrotation
							JOINT RightHand
							{
								OFFSET -11.727145 23.140274 15.098223
								CHANNELS 3 Xrotation Yrotation Zrotation
								End Site
								{
									OFFSET -2.563080 5.057541 3.299868
								}
							}
						}
					}
				}
			}
		}
	}
	JOINT LeftUpLeg
	{
		OFFSET 4.571568 0.249157 8.913912
		CHANNELS 3 Xrotation Yrotation Zrotation
		JOINT LeftLowLeg
		{
			OFFSET 34.721134 -20.238888 25.076263
			CHANNELS 3 Xrotation Yrotation Zrotation
			JOINT LeftFoot
			{
				OFFSET 44.083237 4.341145 -6.196062
				CHANNELS 3 Xrotation Yrotation Zrotation
				JOINT LeftToe
				{
					OFFSET 16.880493 -15.719333 5.245097
					CHANNELS 3 Xrotation Yrotation Zrotation
					End Site
					{
						OFFSET 2.637436 -22.886858 5.366058
					}
				}
			}
		}
	}
	JOINT RightUpLeg
	{
		OFFSET -4.571552 -0.249352 -8.913919
		CHANNELS 3 Xrotation Yrotation Zrotation
		JOINT RightLowLeg
		{
			OFFSET -44.742126 -15.555073 0.439421
			CHANNELS 3 Xrotation Yrotation Zrotation
			JOINT RightFoot
			{
				OFFSET 42.614109 -4.658102 -12.764027
				CHANNELS 3 Xrotation Yrotation Zrotation
				JOINT RightToe
				{
					OFFSET 17.802891 -15.559775 -0.712246
					CHANNELS 3 Xrotation Yrotation Zrotation
					End Site
					{
						OFFSET 3.996117 -23.063005 -3.418331
					}
				}
			}
		}
	}
}
MOTION
Frames: 298
Frame Time: 0.033333
-2.649410 105.615387 -1.111801 5.352916 60.399096 -5.532659 -0.374665 -0.272240 1.180108 1.142544 1.063092 3.410125 -2.075965 15.453380 7.480598 1.679955 4.999940 -7.874534 -0.000000 -0.000000 0.000001 43.611817 11.514645 -14.614836 90.397158 48.246349 -14.000443 1.335727 31.346921 48.864471 0.000003 -0.000006 -0.000001 -36.820443 -12.558432 7.510228 -40.886721 -56.677238 32.352933 13.450214 -22.285833 47.796523 0.000003 0.000001 0.000001 31.677410 -12.040430 -42.845544 -17.065706 -25.200960 -35.343832 -35.320288 10.857313 -10.331646 0.000000 0.000001 -0.000000 1.108375 -1.615584 72.718353 -1.111594 13.106150 -139.398082 -25.123362 25.810942 -9.474609 -0.000001 -0.000001 -0.000000 
-2.627331 105.619217 -1.120108 5.234314 59.897303 -5.394687 -0.275186 -0.254563 1.199117 0.997604 1.061215 3.119185 -2.065447 15.840619 7.790892 1.485951 5.040753 -8.243620 -0.000000 -0.000001 0.000001 43.778845 11.264705 -14.226602 89.520291 48.151311 -13.112981 1.398480 31.310205 48.419833 -0.000001 -0.000005 0.000002 -36.995856 -12.596256 7.794271 -40.362918 -56.431747 32.591860 13.485552 -22.466108 47.569515 0.000004 0.000003 -0.000000 31.950119 -11.942419 -42.818869 -17.217027 -25.512703 -35.666305 -35.270711 10.917412 -9.736687 0.000003 -0.000000 0.000001 1.300009 -1.623730 72.500395 -1.141615 13.331923 -139.347088 -24.997323 26.001449 -9.521908 -0.000001 0.000000 -0.000001 
-2.592758 105.626343 -1.122929 5.004293 59.849813 -5.732612 -0.150723 -0.245136 1.640131 1.015569 1.102994 3.101516 -2.170220 15.996088 7.673559 1.298926 4.965684 -7.884374 0.000000 -0.000001 -0.000001 43.787667 11.317323 -14.127819 89.572788 48.114619 -13.319916 1.912800 31.595396 48.345612 0.000006 -0.000003 -0.000003 -37.259573 -13.136049 7.221999 -40.767118 -56.897238 32.137536 13.225189 -22.328602 47.803606 0.000005 0.000001 -0.000003 32.266927 -11.604941 -42.290107 -17.082651 -25.447118 -35.645142 -35.290372 10.945519 -9.426914 0.000003 -0.000002 0.000001 1.488852 -1.617984 73.098665 -1.036378 13.198268 -139.224063 -25.252536 26.662285 -9.628271 -0.000001 0.000000 -0.000001 
-2.553509 105.625854 -1.127384 5.407375 59.814282 -5.790718 -0.281697 -0.264148 1.351203 0.865526 1.057458 2.905066 -2.098093 15.931532 7.860083 1.266633 4.772718 -7.475430 0.000000 -0.000000 0.000001 43.672151 11.401003 -14.065543 89.540638 48.189191 -13.151892 1.406901 31.417812 48.431007 0.000001 -0.000001 -0.000002 -36.810085 -12.632812 7.797715 -40.795070 -57.001579 32.343842 13.287252 -22.365400 47.347858 0.000003 0.000002 -0.000001 32.248591 -11.614723 -42.330125 -17.216298 -25.642709 -35.970396 -35.002664 10.803924 -9.438128 -0.000001 -0.000001 -0.000000 1.386676 -1.608394 72.732417 -1.191929 13.456630 -139.571842 -24.706666 25.947131 -9.611639 0.000001 -0.000001 -0.000001 
-2.496975 105.628448 -1.138046 5.836958 59.882393 -5.972438 -0.524399 -0.266635 0.832355 1.264847 1.044614 3.767655 -2.230574 15.852994 7.411596 1.092489 4.688143 -7.909706 -0.000000 -0.000000 0.000001 43.227789 11.587514 -13.972245 89.315126 48.181155 -12.693945 1.676129 32.209277 48.367824 0.000004 -0.000005 0.000002 -36.822667 -12.986622 7.504611 -40.567301 -56.908696 32.545687 13.494873 -22.270940 47.496992 0.000004 0.000001 -0.000001 32.154410 -11.734694 -42.544941 -17.352604 -25.805920 -36.085296 -34.483805 10.608849 -9.222689 0.000000 -0.000001 0.000000 1.148055 -1.604282 72.245042 -1.150383 13.258775 -139.119670 -24.414825 25.678779 -9.617855 0.000000 -0.000001 -0.000001 
-2.432961 105.633636 -1.138601 6.430262 59.992584 -6.538822 -0.441619 -0.281864 1.008507 0.736500 0.933337 3.233900 -2.065709 15.780160 7.880376 0.726180 4.546716 -7.783510 -0.000000 0.000000 0.000001 43.041496 11.754606 -13.833164 88.860338 48.201314 -12.046480 1.769357 32.387186 48.297852 0.000002 -0.000002 0.000002 -36.950104 -13.275254 7.383320 -40.160908 -56.753008 32.867533 13.342913 -22.202189 47.472379 0.000003 0.000001 0.000001 32.121618 -11.594537 -42.262700 -17.341121 -25.880876 -36.215562 -34.505508 10.607658 -9.216910 0.000001 -0.000001 0.000000 0.387752 -1.556713 71.485013 -0.897795 12.815039 -138.255911 -24.656361 25.408266 -9.534218 0.000000 -0.000002 -0.000000 
-2.363075 105.637390 -1.134998 6.538851 60.246380 -6.784647 -0.400818 -0.304175 1.161846 0.767069 0.901284 3.527709 -2.017319 15.580160 7.628091 0.571007 4.418689 -7.406042 0.000000 -0.000001 -0.000001 42.818695 11.614816 -13.557280 89.036679 48.308579 -12.074094 1.845469 32.482956 48.035819 0.000003 -0.000004 -0.000001 -36.954387 -13.375690 7.315207 -40.148180 -56.896907 32.890216 13.508229 -21.758905 47.390506 0.000004 0.000000 -0.000000 32.100960 -11.699251 -42.290315 -17.105099 -25.656554 -35.769171 -34.666492 10.619019 -9.224748 0.000001 -0.000001 0.000001 -0.136989 -1.515770 70.861300 -0.693829 12.179202 -137.272322 -24.780360 25.392234 -9.487394 0.000000 -0.000001 -0.000002 
-2.282764 105.642120 -1.133099 6.674657 60.491523 -7.146300 -0.328736 -0.299234 1.216198 0.790962 0.869049 3.810969 -1.978436 15.451607 7.559088 0.153671 4.207527 -7.569428 0.000000 -0.000001 0.000001 42.678611 11.609880 -13.507164 89.293249 48.345377 -12.330730 1.842254 32.467253 48.062658 -0.000000 -0.000004 -0.000001 -37.255069 -13.784127 6.902333 -40.130350 -56.795362 32.973483 13.424343 -21.764044 47.249985 0.000005 -0.000003 -0.000002 32.384734 -11.408865 -41.843009 -17.289787 -25.791969 -36.147362 -34.569766 10.601752 -8.936797 0.000001 -0.000001 0.000000 -0.534968 -1.482298 70.349562 -0.585567 11.805304 -136.425953 -25.048996 24.960003 -9.403150 0.000000 -0.000001 -0.000001 
-2.186867 105.646637 -1.134954 7.061918 60.364160 -7.503079 -0.206054 -0.324359 1.392654 0.560392 0.808954 3.665534 -1.864298 15.011251 7.604673 -0.179273 4.073305 -7.715904 -0.000000 0.000000 -0.000001 42.646154 11.852321 -13.483669 88.776545 48.342764 -11.611001 1.898339 32.501588 47.746362 0.000002 -0.000003 -0.000000 -36.810895 -13.496252 7.422720 -39.623881 -56.678009 33.879965 13.440287 -21.351871 46.445375 0.000003 0.000002 0.000002 32.504365 -11.221077 -41.590818 -17.381629 -25.812354 -36.370190 -34.565651 10.602181 -8.774204 0.000001 0.000001 -0.000001 -0.957680 -1.462946 69.638560 -0.564265 11.476130 -135.508057 -25.210401 25.353961 -9.425262 -0.000000 -0.000001 -0.000002 
-2.086369 105.650772 -1.138033 7.494614 60.286255 -7.662471 -0.239399 -0.327011 1.315877 0.466797 0.668772 4.067600 -1.651057 14.687540 7.132015 -0.479313 3.908922 -7.790466 0.000000 -0.000000 0.000000 42.496358 12.058608 -13.338590 88.241079 48.427807 -10.880744 1.755468 32.670195 47.508586 0.000002 -0.000009 0.000001 -36.776508 -13.784333 7.409480 -39.085658 -56.764435 34.606178 13.735287 -21.072967 45.925222 0.000001 0.000000 0.000000 32.685891 -10.996818 -41.352134 -17.243101 -25.779478 -36.297787 -34.990113 10.743131 -9.227442 0.000001 0.000000 -0.000001 -1.193596 -1.408270 68.873927 -0.559815 11.371015 -134.494061 -25.580486 25.230980 -9.468324 -0.000000 -0.000001 -0.000001 
-1.979076 105.657440 -1.137766 8.178793 59.688709 -8.026977 -0.456386 -0.309367 0.960341 0.434541 0.578003 4.370059 -1.464035 14.435410 7.077289 -0.760367 3.558780 -7.581360 0.000001 0.000001 0.000001 42.237388 11.856419 -13.278366 88.077393 48.222969 -10.742344 1.951860 32.759367 47.392381 -0.000000 -0.000001 -0.000002 -36.566429 -13.531518 7.462080 -40.278746 -57.781153 33.603322 13.879569 -20.468812 45.828998 0.000001 0.000004 0.000001 32.743271 -10.939327 -41.191566 -17.543348 -25.900487 -36.682774 -34.923181 10.794679 -8.496208 0.000000 0.000000 -0.000000 -1.909776 -1.305968 67.578165 -0.702405 11.284968 -133.570865 -25.442603 25.126055 -9.455472 -0.000000 -0.000002 -0.000002 
-1.857651 105.666519 -1.131685 8.430738 59.006988 -8.166475 -0.185541 -0.294548 1.110959 0.327910 0.538145 4.427473 -1.482561 14.594395 7.013158 -1.251462 3.172803 -7.258265 -0.000000 -0.000000 0.000000 42.046009 11.715190 -12.894841 88.215793 48.374733 -11.031228 2.013853 32.639162 47.420900 0.000002 -0.000003 -0.000000 -36.495190 -13.792997 7.285110 -40.135831 -58.096503 33.871489 13.930259 -19.922946 45.392054 0.000002 0.000001 0.000005 33.102133 -10.869303 -41.021556 -17.644674 -26.142513 -36.676053 -35.003333 10.922132 -8.123620 0.000001 0.000001 0.000001 -2.439237 -1.121525 66.135185 -0.633610 11.117064 -132.048758 -24.454270 24.801018 -9.360741 -0.000000 -0.000001 -0.000001 
-1.740360 105.678314 -1.126505 8.516221 58.543232 -8.526449 -0.461305 -0.309631 0.700806 1.033798 0.555440 5.991176 -1.602279 14.503750 6.093869 -1.666623 2.967035 -7.238483 0.000000 0.000000 0.000001 41.849266 11.491022 -12.340134 87.488071 48.336344 -10.137399 2.186444 32.709192 46.810264 0.000003 -0.000001 -0.000002 -36.671692 -14.217852 7.066345 -39.663619 -58.133577 34.363781 13.764048 -20.095260 44.945978 -0.000002 0.000004 0.000001 33.144770 -10.862602 -40.893852 -17.415516 -26.063688 -36.325921 -35.418940 11.212447 -7.504814 0.000002 -0.000002 -0.000001 -2.863546 -0.985681 65.200194 -0.590776 10.868655 -130.620743 -23.973527 24.876782 -9.341468 -0.000001 -0.000001 0.000001 
-1.613724 105.698532 -1.124689 8.822202 58.195828 -8.984853 0.052966 -0.322914 1.723557 0.036783 0.305619 4.848024 -1.181472 14.224458 6.579420 -2.045044 2.541777 -6.717072 -0.000000 0.000002 0.000001 41.806324 11.627991 -12.206815 87.431981 48.329852 -10.149675 1.949956 32.672097 46.776137 0.000000 -0.000003 0.000000 -36.555009 -14.485595 6.936979 -40.593580 -59.082564 33.575687 14.132459 -19.587593 44.376296 0.000003 -0.000001 0.000002 33.128603 -10.724092 -40.893760 -17.184116 -26.074667 -35.889383 -35.471863 11.232302 -7.521483 0.000000 -0.000000 -0.000000 -3.626535 -0.884756 63.486882 -0.627139 10.618758 -128.850071 -23.388992 25.732908 -9.495796 -0.000001 -0.000001 -0.000003 
-1.484692 105.716629 -1.125803 9.531175 57.343256 -9.727599 -0.596463 -0.360638 1.101607 1.180472 0.303007 7.335580 -1.539921 13.724402 4.983657 -2.437483 2.186507 -6.680333 0.000000 0.000000 0.000001 41.581229 12.158509 -12.490257 87.000088 48.198186 -9.454443 2.909147 33.924228 46.198939 -0.000001 -0.000001 -0.000000 -36.034692 -14.337486 7.059010 -41.259158 -59.814248 33.272191 13.426367 -20.344620 43.730594 0.000003 0.000003 -0.000003 33.061063 -10.655403 -40.643174 -17.233131 -26.274969 -35.856885 -35.673429 11.447419 -6.685976 -0.000001 0.000000 0.000001 -4.437854 -0.669999 61.750190 -0.917941 10.711276 -127.266642 -21.585286 25.963229 -9.613134 -0.000001 -0.000000 0.000000 
-1.356426 105.731483 -1.127316 9.403744 57.124711 -10.185361 0.019722 -0.371035 2.431449 -0.181904 -0.063465 5.869401 -0.736562 13.326147 5.892543 -2.843604 1.784817 -6.411970 -0.000000 -0.000001 0.000000 41.285324 11.951258 -12.124972 86.683201 48.105975 -9.148946 3.061751 34.250841 46.059131 -0.000000 0.000001 -0.000007 -35.893798 -14.630856 6.729829 -42.013962 -60.622553 32.627721 13.136175 -21.057852 43.363642 0.000001 0.000003 -0.000002 33.288447 -10.267268 -40.229193 -17.207219 -26.243680 -35.888689 -36.057894 11.628707 -6.690713 -0.000001 0.000001 0.000000 -4.806814 -0.563896 60.117754 -1.001588 10.191687 -124.065892 -21.788746 27.131166 -9.819071 -0.000001 -0.000001 -0.000003 
-1.214840 105.738235 -1.131718 9.351127 57.023730 -10.554423 0.767742 -0.351045 3.786315 -1.466438 -0.435684 4.653843 -0.055701 13.116976 6.676355 -3.576238 1.133558 -6.419592 -0.000001 0.000001 0.000001 41.016143 11.739454 -11.862864 85.461198 47.745017 -7.590646 3.563738 35.111052 45.687808 0.000003 -0.000005 0.000002 -36.044554 -15.351502 5.854356 -43.039464 -61.627287 31.472839 13.083260 -21.173650 42.941116 -0.000000 -0.000001 -0.000000 33.292285 -10.091687 -39.994569 -17.259538 -26.082358 -36.290311 -36.267266 11.831879 -6.126033 0.000000 0.000001 0.000001 -5.000498 -0.386875 57.817661 -1.082200 9.469015 -119.375997 -21.795029 27.659006 -9.905323 -0.000000 0.000000 -0.000001 
-1.077713 105.735535 -1.135250 10.112486 56.248735 -10.878662 0.396814 -0.383185 3.554401 -1.890161 -0.785627 4.815242 0.378519 12.411122 6.688494 -4.108880 0.361081 -6.131264 0.000000 -0.000001 -0.000001 40.718637 11.620045 -11.609057 84.955341 47.565523 -7.246603 3.797855 35.822867 45.726416 -0.000000 -0.000003 0.000000 -36.119997 -16.060399 5.042650 -44.288668 -62.602461 30.181820 12.982040 -21.843327 42.401903 0.000005 0.000000 0.000004 32.781838 -10.271519 -40.431742 -17.123720 -25.837936 -36.402227 -37.084867 12.368325 -5.191761 0.000001 -0.000000 -0.000000 -5.357919 -0.269676 55.675102 -1.116160 8.601391 -114.395485 -21.113228 27.099190 -10.011483 -0.000001 0.000001 0.000000 
-0.954777 105.744171 -1.143728 10.301007 55.688984 -11.413606 0.355877 -0.400219 3.938717 -2.186550 -1.050743 5.119335 0.725181 11.740493 6.453489 -4.597509 -0.205326 -5.931151 -0.000000 0.000001 0.000000 40.981128 11.855926 -12.030977 84.591763 47.430049 -7.389081 4.238382 36.318803 45.771737 -0.000000 -0.000006 -0.000001 -36.262144 -16.101276 4.932677 -45.491532 -63.241917 28.884761 12.615597 -22.153343 41.781425 0.000001 0.000003 -0.000000 32.323474 -10.388320 -40.575422 -16.566832 -25.210973 -35.820975 -37.855770 12.776129 -4.463786 0.000001 0.000002 0.000001 -5.629576 -0.215340 54.649214 -1.163752 7.934826 -110.067699 -21.004556 25.554538 -9.897656 0.000000 -0.000001 0.000002 
-0.828815 105.735703 -1.153803 9.235436 53.810833 -10.998254 1.040347 -0.360117 4.538412 -2.189140 -1.140617 5.464818 0.802756 11.777161 6.460845 -5.430806 -0.933724 -6.093589 -0.000000 -0.000000 0.000001 40.662947 11.695481 -11.591182 83.751254 47.350351 -6.558006 3.870652 36.108823 45.634635 0.000003 -0.000004 -0.000001 -35.961766 -15.832068 5.252821 -45.925738 -63.598487 28.446164 12.699186 -21.892577 41.647188 0.000006 0.000003 -0.000003 32.666712 -10.457585 -40.666629 -16.273547 -24.661458 -35.652061 -38.415323 13.104169 -3.180010 -0.000002 -0.000002 -0.000002 -4.765426 -0.312792 54.546577 -0.631538 6.338937 -102.766739 -20.013626 22.253292 -9.540831 0.000001 -0.000001 -0.000003 
-0.691536 105.719940 -1.172567 8.851972 51.006043 -10.173240 1.083003 -0.349126 4.197686 -3.024992 -1.425425 4.747128 1.526930 12.347829 7.401302 -5.836050 -1.618351 -5.802696 -0.000001 0.000000 -0.000000 40.203952 11.826465 -11.418744 83.617040 47.301061 -6.298915 3.938212 36.523310 45.397020 0.000004 0.000003 -0.000006 -36.200856 -16.494050 4.594740 -45.808480 -63.313962 28.648870 12.420719 -22.886181 41.539855 0.000005 0.000001 -0.000001 32.148468 -11.318028 -41.822444 -16.068124 -24.097389 -35.346420 -38.256928 13.169719 -2.008308 0.000001 0.000000 -0.000000 -3.986921 -0.534420 55.442643 0.335163 4.688189 -96.916641 -17.822819 18.701142 -9.025314 -0.000001 -0.000001 -0.000003 
-0.555927 105.703651 -1.196655 8.126101 48.318281 -9.344943 1.290951 -0.334238 3.991281 -2.773045 -1.500171 5.163130 1.421381 12.588302 7.083418 -5.552330 -2.028681 -5.261174 0.000001 -0.000000 -0.000001 39.888202 12.016626 -11.371582 84.205168 47.125850 -6.900113 4.163580 36.756390 45.165469 0.000001 -0.000005 0.000002 -35.680977 -16.025977 4.998354 -46.681334 -63.176238 28.146291 11.872513 -23.506118 41.371200 0.000001 0.000003 0.000000 31.853485 -11.981935 -42.801828 -15.686323 -23.331981 -34.811152 -38.624628 13.419338 -0.627173 -0.000002 0.000000 0.000001 -3.272913 -0.814967 56.342951 1.361162 3.127026 -91.852165 -15.951707 16.229779 -8.741370 0.000002 -0.000001 -0.000000 
-0.392105 105.685883 -1.229424 7.633812 45.430850 -8.540514 1.190586 -0.344506 3.897750 -2.880686 -1.878920 5.748515 1.621999 12.988657 6.328095 -4.784054 -2.393621 -3.762093 -0.000000 -0.000000 0.000000 40.179763 11.418079 -11.019789 85.231390 47.094059 -8.470813 3.963838 35.904788 45.079757 0.000000 -0.000005 0.000001 -35.932293 -16.143063 4.661497 -48.028873 -63.411094 26.551119 11.262237 -24.235541 40.993433 0.000005 0.000002 -0.000003 30.994230 -12.991621 -44.462663 -15.114225 -22.331018 -33.835432 -38.504129 13.646307 1.395490 0.000002 0.000000 -0.000001 -2.216456 -1.168047 56.559133 2.712283 1.553413 -85.365671 -11.146644 16.486388 -8.575914 -0.000001 0.000000 0.000004 
-0.220367 105.626984 -1.285877 7.543488 41.179333 -7.730044 0.856374 -0.352172 3.487691 -3.164601 -2.297439 6.158358 2.109217 14.145962 5.888335 -4.209395 -2.569052 -2.753086 -0.000001 -0.000003 -0.000001 39.918409 11.533619 -10.936683 85.946128 47.344546 -9.424070 3.098333 35.953091 45.388236 -0.000001 -0.000005 0.000002 -35.750381 -15.998299 4.782524 -47.890790 -63.343174 26.618106 11.073390 -25.924058 40.002782 0.000003 0.000001 0.000001 29.999232 -13.872808 -46.307207 -14.860482 -20.997212 -32.786602 -37.631050 13.358470 2.773311 0.000003 0.000001 -0.000002 -1.356435 -1.605375 57.499135 1.879302 1.232773 -83.038339 -8.382010 16.414681 -8.735778 -0.000000 -0.000001 -0.000000 
-0.043171 105.556763 -1.348156 7.324908 38.478052 -7.119571 0.292768 -0.392895 3.125932 -1.243379 -1.865993 8.083616 0.951476 13.697317 4.441796 -3.757997 -2.540797 -2.218798 -0.000000 -0.000000 -0.000000 39.942967 11.684568 -11.200319 86.163383 47.285581 -9.807572 2.664746 35.946548 45.617536 0.000002 -0.000004 -0.000001 -36.020628 -16.369330 4.178157 -47.921403 -63.063423 26.813019 10.812134 -26.870418 39.250857 0.000007 -0.000001 -0.000000 29.350744 -14.462816 -47.605763 -14.736463 -20.042005 -32.101852 -37.741344 13.367637 3.578496 0.000000 -0.000000 0.000001 -0.407135 -1.979127 58.323730 1.113089 1.096061 -81.615016 -5.985276 17.790776 -9.082678 -0.000001 -0.000001 0.000002 
0.157875 105.444748 -1.429358 6.914915 35.471191 -5.962355 0.754234 -0.400229 3.177387 -2.075423 -2.321767 8.233609 1.564465 14.471456 3.823723 -4.753570 -2.482145 -2.160328 -0.000001 -0.000003 0.000001 39.832792 11.968454 -10.842097 85.224874 47.472820 -8.860380 1.763616 35.410508 45.652377 0.000000 -0.000003 0.000002 -35.260319 -15.928367 5.119405 -47.987058 -63.601929 26.884695 10.569235 -27.244043 38.049147 0.000003 0.000000 0.000003 28.131328 -15.605751 -49.558627 -13.198333 -19.115015 -30.819354 -38.580487 14.093196 6.184206 0.000003 -0.000001 0.000001 0.762617 -2.146617 59.304661 0.380321 1.906548 -80.103516 -1.892246 18.948328 -8.899332 0.000000 0.000000 0.000003 
0.386578 105.284912 -1.513403 7.118864 30.954209 -4.367631 -0.632786 -0.496749 1.546778 1.043945 -0.986854 9.905119 -0.218441 15.891888 2.873800 -6.674515 -3.277058 -3.208015 -0.000000 0.000002 0.000001 39.273953 11.367087 -10.171003 84.863550 47.353995 -8.858284 1.764451 34.918796 46.071617 0.000001 0.000001 -0.000005 -35.433362 -15.891808 5.312903 -48.156641 -63.694553 26.553452 10.012301 -27.390385 37.538399 0.000003 0.000003 0.000001 25.788899 -17.195406 -52.122768 -11.227614 -17.113269 -29.680020 -41.065242 15.418186 10.178222 0.000002 0.000000 -0.000000 0.287026 -2.037683 59.248210 0.520405 2.342547 -78.418440 4.147836 20.395262 -8.648841 0.000001 -0.000000 -0.000003 
0.616318 105.103027 -1.595753 7.201177 28.045636 -3.368442 -0.829676 -0.491355 1.111511 2.104177 -0.476990 10.497039 -1.212815 16.591675 2.429284 -6.340712 -2.786563 -2.742117 -0.000000 -0.000003 -0.000003 38.646880 11.177763 -9.732998 85.703404 47.414599 -9.397671 2.212357 34.549433 46.300476 0.000000 -0.000003 -0.000005 -35.483123 -16.562179 4.611256 -48.656232 -63.705967 25.932256 9.281489 -27.549378 37.846495 0.000003 0.000003 -0.000000 24.383659 -18.303534 -53.718546 -9.615621 -15.973104 -28.995919 -42.564738 16.338810 13.691336 0.000007 -0.000001 -0.000003 0.566466 -1.918392 60.400087 -0.754070 3.815069 -78.113793 8.417527 20.890415 -8.143401 0.000001 -0.000005 0.000000 
0.899353 104.854050 -1.682085 5.869187 25.166609 -2.139796 0.753333 -0.323208 1.900574 0.641081 -1.405769 10.506871 0.025828 16.902362 2.090791 -6.059877 -2.400346 -2.753877 -0.000000 -0.000002 0.000002 38.814193 11.410509 -9.933082 85.281284 46.927508 -9.642409 2.553953 33.994996 46.138505 0.000004 -0.000002 0.000002 -34.494918 -15.020563 5.960954 -50.240857 -63.980875 24.470549 9.221719 -26.761765 38.151972 0.000005 0.000001 0.000001 23.344402 -19.441811 -55.973851 -7.879162 -13.988468 -27.542168 -44.389819 17.114651 16.999752 -0.000002 -0.000002 -0.000004 1.362512 -2.035380 61.716578 -1.959006 4.647342 -77.775309 11.700677 20.673999 -7.711194 0.000003 0.000000 -0.000003 
1.239544 104.536110 -1.791332 4.594119 21.598361 -1.043665 2.338922 -0.161763 2.983034 0.342168 -1.802974 11.200798 0.373944 17.544131 1.026886 -6.699784 -2.611745 -3.162375 0.000000 0.000002 -0.000001 39.063129 11.277305 -9.397797 83.848311 46.839853 -8.651952 2.264814 33.898277 45.372025 0.000002 -0.000003 0.000001 -33.705997 -14.055880 7.141618 -48.570397 -63.492899 26.028512 9.306818 -26.941480 37.608231 -0.000000 0.000003 -0.000000 22.284566 -20.629388 -58.342356 -6.045106 -11.918505 -26.238177 -46.403072 17.855518 20.589523 -0.000003 0.000001 0.000002 2.112977 -2.037526 62.752944 -3.104912 5.511441 -77.995358 14.042982 19.787312 -7.162229 0.000000 -0.000005 0.000001 
1.601627 104.201080 -1.897835 4.498332 18.331994 -0.048243 2.107809 -0.213963 3.300320 2.778370 -0.540747 12.012348 -1.209942 17.591193 0.101065 -7.308765 -2.974525 -3.570695 -0.000001 -0.000001 -0.000000 38.984780 11.064315 -8.775950 83.174533 46.846044 -7.864737 2.174879 33.448386 44.549929 0.000002 0.000001 0.000003 -33.172542 -13.618789 7.740608 -46.792998 -62.776412 28.108356 9.224813 -26.801293 37.240582 -0.000001 -0.000000 0.000003 20.545632 -21.662898 -60.382656 -4.542785 -10.319765 -25.918895 -47.768612 18.321962 23.705358 0.000002 0.000001 0.000003 1.949114 -1.849131 62.883940 -3.452096 6.047146 -78.622273 15.965289 18.750307 -6.535748 0.000001 -0.000005 -0.000003 
2.009827 103.757469 -2.006439 4.526379 14.896795 1.039077 2.760218 -0.096708 3.947442 2.387259 -0.804082 12.006397 -0.667592 18.123238 -0.201048 -7.591141 -2.889616 -4.224609 -0.000001 0.000002 0.000003 38.627660 10.938089 -9.133676 84.575746 47.011492 -9.249791 2.570920 33.635796 45.114509 0.000000 -0.000005 0.000002 -32.900731 -12.726883 8.162056 -46.736010 -62.089787 28.294074 9.125909 -26.627718 37.592371 0.000001 0.000002 0.000002 18.912772 -22.797800 -62.684655 -3.021698 -8.297035 -25.396802 -48.353556 18.558585 24.791258 -0.000001 -0.000001 0.000001 2.663218 -1.773609 63.317793 -3.619485 6.840070 -80.519256 18.332923 18.198914 -5.745844 0.000001 -0.000003 0.000002 
2.474899 103.225060 -2.117970 5.892269 11.338640 2.101151 1.458681 -0.238576 4.314423 2.866623 -0.545953 12.155432 -0.229688 18.905583 -0.532329 -7.803691 -2.843664 -4.399826 0.000000 -0.000001 -0.000003 37.940454 10.652734 -9.241143 85.661992 46.819181 -10.265467 3.269569 33.611269 45.452471 0.000003 -0.000004 -0.000003 -32.902913 -12.076608 8.462500 -46.884092 -61.511413 28.293613 9.493668 -25.736032 38.218429 0.000003 0.000003 0.000000 14.842332 -23.779587 -65.581871 -1.253800 -5.217002 -25.112053 -48.040655 18.658656 26.029340 -0.000003 -0.000000 0.000001 1.145055 -1.694110 63.112854 -3.427283 7.179658 -82.507230 20.590329 18.220100 -5.244911 0.000000 -0.000004 0.000001 
2.929157 102.651825 -2.224062 5.440585 9.022008 2.722838 2.518391 -0.115841 5.000218 4.557114 0.482620 12.378315 -2.325748 18.236728 -0.996193 -7.657517 -2.566614 -3.999943 -0.000002 -0.000000 -0.000003 37.707074 10.846131 -9.152488 85.361799 46.850351 -10.102093 3.559176 33.999777 45.749888 0.000001 -0.000003 -0.000000 -32.270059 -11.780072 8.671584 -46.116126 -61.169897 29.469964 9.696084 -25.172100 38.397698 0.000005 -0.000003 0.000001 13.395065 -24.450790 -67.308297 0.466780 -2.836090 -25.139215 -50.102627 19.045151 30.847969 -0.000001 -0.000001 -0.000002 1.717070 -1.713820 63.565149 -4.078288 7.873402 -84.105939 22.525849 17.824962 -4.801365 -0.000001 -0.000004 0.000001 
3.436615 101.943649 -2.333368 5.254131 6.631834 3.493691 3.352974 -0.025286 5.809312 5.538936 1.241460 12.005675 -3.751051 17.722956 -0.943021 -6.985406 -1.898204 -3.617875 -0.000000 -0.000001 -0.000001 37.362385 11.034955 -9.256070 85.369073 47.090599 -10.055099 3.515566 34.103049 46.001420 0.000000 0.000002 -0.000000 -31.584844 -11.358662 8.966106 -45.090464 -60.831891 30.583169 9.877071 -24.843843 38.926758 0.000002 -0.000000 0.000003 10.598224 -25.286742 -69.872378 2.828223 1.184341 -25.415180 -52.490325 19.142459 35.500417 0.000000 0.000001 0.000002 1.611332 -1.572219 63.199133 -3.494229 7.761597 -85.608942 23.086763 16.460235 -3.897139 -0.000000 -0.000000 0.000001 
3.994106 101.105438 -2.434269 5.005303 4.155179 4.168935 4.468157 0.127031 6.808243 4.639342 0.828234 11.655317 -3.173794 18.314404 -1.033020 -6.987671 -1.908724 -3.376521 -0.000001 0.000001 0.000003 36.434780 10.961738 -8.769402 85.628798 47.514692 -9.862280 2.442147 33.570984 45.604405 0.000004 0.000000 -0.000000 -31.469233 -11.728609 8.704327 -44.246505 -60.636924 31.127590 10.664956 -24.575082 39.441942 0.000006 0.000002 -0.000000 6.663393 -25.823680 -72.727117 6.033860 6.389843 -26.806563 -53.958392 19.041845 40.774662 -0.000002 0.000000 0.000001 1.015292 -1.342613 61.507868 -3.569625 7.863435 -85.430613 22.996204 16.324372 -3.824360 0.000002 -0.000002 -0.000001 
4.547634 100.247162 -2.545694 5.017628 2.977860 4.591266 4.002071 0.052959 7.600366 5.852738 1.637534 11.421434 -4.248008 17.344325 -1.229768 -6.642440 -1.602942 -2.897152 -0.000001 -0.000003 0.000000 36.328738 10.885719 -8.735651 85.693923 47.683152 -10.113903 1.971632 33.267949 45.016889 0.000002 -0.000006 0.000000 -31.226184 -11.713009 8.609825 -44.334683 -60.678438 30.723605 10.876225 -24.532158 39.420700 0.000005 0.000000 0.000004 3.484532 -26.051445 -75.110395 8.460626 10.317484 -27.494892 -53.642701 18.971270 42.983507 0.000002 0.000002 -0.000001 0.361759 -1.264158 60.010179 -3.937029 8.132687 -85.326780 22.828994 16.527227 -3.870131 0.000000 -0.000002 -0.000000 
5.151081 99.267197 -2.642586 5.563972 2.606249 4.696704 3.948171 0.002571 9.062810 4.276987 0.740742 11.394416 -2.762832 17.027462 -1.804264 -5.937708 -0.988901 -2.467303 -0.000001 -0.000001 0.000000 35.980009 11.037644 -8.734396 85.861311 47.719059 -10.461192 1.939919 33.310354 45.454940 0.000002 -0.000005 0.000001 -30.844967 -11.560649 8.770273 -44.608556 -60.908191 30.382075 10.961666 -24.007345 39.549111 0.000002 0.000001 0.000003 -0.229300 -26.260134 -78.202558 11.118860 14.665038 -27.484912 -53.517517 19.066541 45.144214 0.000001 -0.000001 0.000001 -0.390172 -1.095106 57.865786 -3.821462 8.199842 -84.410128 25.869999 17.904277 -4.186309 0.000001 0.000000 -0.000000 
5.788334 98.137405 -2.736950 5.224582 1.290888 4.567933 5.083984 0.223028 10.593208 3.583901 0.402433 11.110051 -2.507791 17.347470 -2.181838 -5.883388 -1.068221 -2.175751 0.000000 -0.000001 0.000001 35.733111 11.072262 -8.555690 85.679792 48.018597 -10.653022 0.863522 32.989469 45.571330 -0.000002 -0.000001 -0.000003 -30.785397 -11.917754 8.685565 -44.069074 -60.887182 30.453679 10.847175 -24.847197 38.234026 0.000001 0.000003 -0.000000 -3.496705 -26.031601 -80.546187 14.393217 19.200975 -29.334392 -54.200997 19.031390 48.032346 -0.000002 -0.000001 -0.000003 -0.901738 -1.002493 55.501144 -2.146994 6.839877 -81.517365 27.018627 18.661122 -4.598484 0.000004 0.000001 0.000001 
6.417879 96.993607 -2.831097 5.110262 0.687876 4.441880 5.878822 0.404651 11.702138 3.175084 0.217688 10.768869 -2.616216 17.500362 -2.276953 -6.567340 -1.666423 -2.240585 -0.000000 -0.000001 0.000001 35.201511 10.648831 -8.046141 86.289331 47.896309 -11.480406 0.836979 32.940961 46.061057 0.000000 -0.000001 -0.000000 -31.011651 -12.055828 8.378347 -45.032718 -61.068865 29.161684 9.626399 -25.630491 36.990952 0.000003 0.000003 0.000003 -6.525698 -25.637057 -82.343367 17.603757 22.965833 -31.496550 -54.321970 19.068725 50.134490 0.000000 0.000001 -0.000002 -1.400334 -0.975736 53.884243 -0.402198 5.556143 -79.306447 28.274543 20.252908 -5.574880 -0.000004 0.000000 -0.000001 
7.068859 95.707108 -2.909340 5.057429 0.349055 4.136805 5.219911 0.307385 13.285666 3.372364 0.495328 10.054358 -2.233468 16.520995 -2.337998 -5.644854 -1.403225 -2.159602 -0.000001 -0.000003 0.000000 35.093304 10.397539 -8.305740 86.949708 47.543656 -12.943763 1.520097 33.504434 46.908366 0.000005 -0.000003 0.000002 -31.080240 -11.979151 7.754394 -47.826364 -61.901335 25.833360 8.929468 -25.523259 37.361507 0.000003 0.000003 0.000002 -10.515775 -25.054657 -84.406597 21.087183 27.140476 -33.692575 -54.430320 19.020911 52.280676 0.000001 -0.000001 0.000001 -1.956869 -0.857625 51.840692 0.610441 4.500897 -75.507495 28.842721 21.065765 -6.240221 0.000002 -0.000003 0.000001 
7.736383 94.265678 -2.992926 4.766654 -0.204735 3.967145 5.709443 0.386215 14.482974 4.865171 1.589214 8.928956 -3.946943 16.112000 -1.866390 -6.043377 -1.948925 -2.188090 0.000000 -0.000000 0.000000 34.868365 10.127178 -7.668925 85.887088 47.380097 -12.099538 1.360552 33.645689 46.662674 0.000001 -0.000003 -0.000000 -31.501505 -12.906693 7.031056 -48.382902 -62.304023 24.136850 9.227317 -25.331394 38.256617 -0.000000 0.000000 0.000003 -15.056413 -24.168174 -86.893421 25.254488 31.339398 -36.610818 -53.473937 19.207185 53.994572 0.000001 0.000002 -0.000003 -2.896258 -0.692380 49.842967 2.636221 3.073679 -71.617067 29.441496 21.709394 -6.764940 0.000004 0.000000 -0.000002 
8.371429 92.831741 -3.071775 4.106735 -0.184189 3.654732 6.594806 0.610430 15.419698 3.610760 0.835009 8.743224 -3.008065 16.205793 -2.002422 -5.946912 -2.347078 -2.131528 -0.000001 -0.000001 -0.000001 34.956983 9.996880 -7.893434 86.545573 47.108682 -13.216853 2.082838 33.834483 47.072574 -0.000001 -0.000003 0.000000 -31.100208 -12.119567 7.339867 -50.411878 -62.697421 22.027801 9.318732 -24.715919 39.446617 0.000003 -0.000000 -0.000000 -17.853006 -23.633933 -88.897337 28.322655 34.348202 -38.279966 -52.350432 19.500199 54.333755 0.000001 0.000002 -0.000003 -2.719257 -0.714160 48.856343 4.080144 2.319379 -68.684177 28.601240 21.039086 -6.356949 0.000001 0.000001 0.000001 
8.985920 91.256393 -3.144089 2.931021 0.605191 2.938685 7.031170 0.743406 16.814954 3.274857 0.660722 8.470626 -2.465998 15.112792 -2.256279 -5.876401 -2.229681 -2.160353 -0.000000 0.000000 -0.000000 35.285153 9.603695 -8.219369 87.358536 47.221087 -14.732030 2.121572 34.059855 47.448235 0.000002 -0.000003 0.000002 -31.106013 -11.449603 7.612143 -52.665167 -63.409338 18.662140 9.703050 -24.738592 40.830837 -0.000002 0.000003 0.000003 -19.374199 -23.551551 -91.267467 31.246941 37.966231 -38.923158 -51.128590 19.730193 53.361761 0.000001 0.000001 -0.000001 -1.578984 -0.848324 47.759080 3.882470 2.497119 -64.412270 27.251932 19.077717 -4.850220 0.000002 -0.000002 -0.000002 
9.555138 89.583908 -3.206301 2.730321 -0.415326 2.323812 7.803950 0.910198 17.385429 2.667984 0.541641 7.641007 -1.964138 16.835142 -1.542733 -6.243791 -2.637923 -2.597029 -0.000000 -0.000001 -0.000002 35.214939 8.863710 -7.422884 85.676042 47.346472 -13.499157 1.568138 34.030598 46.357153 0.000002 -0.000007 0.000003 -32.356269 -12.347927 7.319247 -51.994091 -63.316325 18.853358 9.565096 -26.072722 40.401419 -0.000000 0.000007 0.000006 -22.857059 -22.705750 -92.648285 34.829996 41.416652 -41.273477 -48.974779 19.804040 52.504740 0.000001 -0.000000 -0.000000 -2.272870 -0.662005 47.618853 6.652954 1.130989 -61.190825 26.709619 18.703754 -4.754142 -0.000004 0.000000 -0.000001 
10.082857 87.972290 -3.270325 2.521464 -0.534774 1.906625 7.780106 0.892869 17.940088 3.435551 1.111677 7.096380 -2.582705 16.847777 -1.194558 -6.881649 -3.164503 -2.761997 0.000000 -0.000001 0.000000 35.273733 8.383578 -6.991303 86.008317 47.415979 -13.704655 1.422783 34.893565 46.953237 -0.000000 -0.000005 0.000001 -33.098960 -12.745116 7.124561 -52.296023 -63.182269 18.326968 9.716984 -26.598946 40.770731 0.000001 0.000003 0.000000 -24.851585 -22.181224 -94.129487 37.121504 44.141901 -42.118327 -47.747168 19.784184 51.295827 -0.000001 -0.000001 0.000002 -2.429998 -0.659042 47.025183 7.573617 0.585509 -58.090069 25.592444 17.189424 -4.003517 0.000002 0.000001 -0.000001 
10.576759 86.308990 -3.333923 1.412533 0.218078 1.340772 8.635619 1.142407 18.917896 2.310845 0.564873 6.868054 -1.980091 16.164155 -1.309912 -6.169908 -2.690012 -2.555718 -0.000000 -0.000001 0.000002 35.696481 8.292994 -7.108171 86.636537 47.524600 -14.406208 1.270190 35.347670 47.656737 0.000003 -0.000005 0.000001 -32.525381 -12.347387 7.253865 -53.175820 -63.319296 17.776720 9.904202 -26.485276 41.199865 0.000001 0.000003 0.000003 -26.398505 -21.883250 -96.085298 40.047110 47.201747 -43.258501 -47.463302 19.669773 49.288448 0.000000 0.000002 -0.000004 -1.681582 -0.774622 46.330300 7.126883 0.653265 -54.230565 24.064099 15.760552 -3.280309 0.000001 -0.000001 -0.000001 
11.041782 84.642746 -3.410252 1.982758 -0.483209 1.094010 8.049152 0.972740 19.147424 4.343874 1.727188 6.625298 -3.901413 15.379387 -1.211747 -5.795833 -2.321613 -2.476987 0.000000 -0.000001 -0.000002 36.092898 9.093756 -7.720625 85.658714 47.659038 -13.647053 0.677536 36.138613 48.694474 0.000001 -0.000006 0.000000 -31.835058 -11.305833 8.421179 -51.418450 -62.693787 20.108021 10.288930 -26.390640 40.883805 0.000005 -0.000001 -0.000003 -29.511000 -20.841854 -97.440578 43.384515 49.837408 -45.027745 -46.012249 19.595809 46.644694 0.000003 0.000000 0.000001 -2.784161 -0.513126 45.747402 8.305961 0.287330 -50.656781 22.356731 14.366589 -2.772609 0.000009 0.000001 -0.000000 
11.463871 83.076759 -3.482550 2.091601 -0.572538 0.942365 8.317039 1.034535 19.486485 3.707448 1.486769 6.342351 -3.414244 15.674314 -1.035386 -6.190750 -2.418410 -2.858553 -0.000000 -0.000001 -0.000001 36.092864 9.162895 -7.897989 84.377896 47.480583 -12.808348 0.924535 35.996637 48.670340 -0.000001 -0.000001 -0.000003 -32.066679 -11.107647 8.638803 -50.812554 -62.480515 20.751730 9.896302 -26.248712 40.630289 -0.000000 0.000004 0.000000 -31.728790 -20.182780 -98.564691 45.980010 51.749109 -46.460122 -44.936668 19.461347 45.218793 -0.000003 -0.000000 0.000002 -3.392808 -0.210061 45.113755 7.740640 0.532225 -47.638975 20.972437 12.725405 -2.026436 0.000001 0.000001 -0.000001 
11.867556 81.546455 -3.569881 1.853242 -0.532626 0.889694 8.966449 1.220966 19.910507 2.952302 1.105376 6.253634 -3.036913 15.915005 -1.185948 -6.275400 -2.523845 -2.859705 0.000000 -0.000001 -0.000002 35.932331 8.926098 -7.554198 84.220269 47.616940 -12.173267 0.148040 36.656601 50.044424 0.000003 -0.000008 0.000001 -32.052958 -10.680042 9.259992 -48.968297 -61.601900 22.834946 10.527412 -26.452988 40.666116 0.000002 0.000006 0.000000 -33.069221 -19.696918 -100.549202 47.551668 54.226002 -46.225040 -44.323509 19.274235 42.599661 -0.000001 -0.000002 0.000001 -3.548699 -0.157897 44.774021 6.527008 0.730544 -44.919706 19.154048 10.125122 -1.086613 0.000001 -0.000001 0.000001 
12.230862 80.070663 -3.674646 1.495672 -0.427035 0.849935 9.268290 1.292666 20.162534 3.067468 1.068760 6.562894 -2.963623 15.634576 -1.737175 -6.258852 -2.621642 -2.667156 -0.000000 -0.000001 -0.000002 35.892719 8.945984 -7.469976 82.911823 47.345461 -11.490119 -0.301320 36.263605 50.764056 0.000003 -0.000002 0.000002 -32.094092 -10.570970 9.515243 -48.676798 -61.385997 22.887307 10.772400 -26.406305 40.742256 0.000001 0.000003 -0.000000 -33.740322 -19.347426 -102.509207 48.046006 56.594278 -44.630225 -44.105882 19.067791 40.408246 0.000001 -0.000002 -0.000000 -3.799822 -0.154670 44.277323 4.951173 1.007857 -42.221962 18.066202 9.186367 -0.913894 0.000003 -0.000002 -0.000002 
12.539915 78.700577 -3.779980 0.579872 0.102400 0.640652 10.140499 1.573655 20.483355 1.916736 0.423847 6.713118 -2.220122 15.403463 -1.950957 -5.619610 -2.137468 -2.384477 0.000000 -0.000001 -0.000001 35.930562 8.892035 -7.460192 82.534790 47.239521 -11.382033 -0.488367 36.377372 51.821752 0.000002 -0.000006 0.000000 -31.902810 -10.458569 9.484145 -48.806117 -61.473635 22.728537 10.950483 -26.063693 41.196446 0.000001 0.000001 -0.000000 -33.578962 -19.482263 -103.742541 49.068318 58.280146 -44.359401 -43.832568 18.973519 38.880951 0.000006 0.000000 -0.000000 -3.064004 -0.316944 44.347254 3.957214 1.167293 -40.696740 17.597573 8.469615 -0.631306 -0.000001 -0.000002 -0.000002 
12.800615 77.410110 -3.886738 0.083413 0.539543 0.339806 10.538299 1.712201 20.905821 1.710809 0.380852 6.661996 -2.059729 14.887690 -1.916488 -5.973891 -2.468473 -2.254845 -0.000000 0.000000 0.000001 35.782518 8.884708 -7.494680 82.623371 47.141160 -11.146753 -0.485619 36.137889 52.116481 0.000002 -0.000003 0.000000 -32.105765 -10.493759 9.422421 -48.854646 -61.414520 22.440778 10.896009 -25.853190 41.733012 0.000001 -0.000000 -0.000000 -33.641482 -19.592145 -104.745759 50.193530 59.534456 -44.532331 -42.743693 18.817006 37.690889 0.000000 -0.000001 0.000001 -2.662461 -0.321718 44.627531 1.112023 1.655254 -39.020177 16.619172 6.111996 0.261689 0.000001 -0.000002 -0.000001 
13.008287 76.206085 -4.005993 0.610773 -0.234455 0.366512 10.492964 1.715453 20.562527 1.703853 0.349103 6.423661 -1.866857 16.056405 -1.740780 -5.924621 -2.982122 -1.927216 -0.000001 0.000001 0.000003 35.554317 8.197515 -7.251248 84.159330 47.089124 -12.215102 -0.283026 35.487108 51.453898 0.000003 -0.000009 0.000001 -32.627616 -11.236950 8.446100 -50.035889 -61.415825 21.330273 11.375247 -26.216184 42.953479 0.000001 0.000005 0.000003 -34.781099 -18.903698 -104.838042 51.632672 60.014741 -45.850790 -41.370599 18.731896 36.915281 -0.000001 -0.000001 0.000004 -3.565064 -0.221103 44.861195 1.887981 1.504392 -38.415176 16.130904 4.845200 0.635223 -0.000002 -0.000002 -0.000001 
13.170395 75.111130 -4.125719 0.939168 -0.660084 0.327622 9.776974 1.514580 20.431275 2.413589 0.815855 6.071963 -2.096619 16.234091 -1.445835 -5.630460 -2.915372 -1.734857 -0.000000 0.000000 -0.000002 35.521621 7.908174 -7.025361 84.588027 47.146880 -12.385751 -0.234818 35.193475 50.869323 0.000003 -0.000005 0.000002 -32.669123 -11.754265 7.917608 -50.290485 -61.610868 21.130017 11.491398 -26.532942 43.146435 0.000003 0.000002 -0.000003 -35.678429 -18.448636 -104.641742 52.469660 60.379924 -46.530589 -41.166083 18.650004 36.268226 0.000003 0.000001 0.000000 -3.939044 -0.170486 45.070817 2.371405 1.410431 -38.177971 16.045848 4.471894 0.743788 -0.000002 -0.000002 -0.000002 
13.286232 74.140076 -4.258490 1.115996 -0.399243 0.533626 10.000522 1.589674 20.151385 2.037141 0.603109 6.076217 -1.785904 16.320812 -1.382706 -5.705715 -3.121985 -1.591788 -0.000000 -0.000001 -0.000001 35.759025 7.765759 -7.084738 84.754629 46.982382 -12.523475 0.259302 34.695097 49.925896 0.000003 -0.000002 0.000002 -33.160719 -12.092842 7.538215 -50.548744 -61.597433 20.556103 11.303196 -26.614862 43.626635 -0.000004 0.000003 0.000003 -36.229543 -18.208910 -104.937688 52.462731 60.511760 -46.329115 -40.755916 18.646888 36.523426 -0.000002 0.000003 0.000002 -3.871691 -0.174939 45.215726 1.818670 1.578574 -38.134749 16.046875 5.322186 0.400314 -0.000001 -0.000002 -0.000002 
13.360788 73.295059 -4.393566 0.784251 -0.207582 0.563439 10.578797 1.761660 19.980404 1.950670 0.540507 6.104910 -1.888492 16.349058 -1.275786 -5.885714 -3.258619 -1.434121 -0.000000 -0.000001 -0.000003 35.847838 7.774657 -7.164592 84.369078 46.811709 -12.389639 0.703597 34.291494 49.258621 0.000003 -0.000008 0.000000 -33.402036 -11.883043 7.726272 -50.328293 -61.315189 20.697112 11.000680 -26.236908 43.439477 0.000005 -0.000001 -0.000000 -36.316461 -18.234959 -104.830324 52.708167 60.412163 -46.425315 -41.720233 18.790571 37.120709 -0.000002 0.000000 -0.000000 -3.548289 -0.178253 45.503810 0.380750 1.971488 -37.937883 15.514870 4.138979 0.863950 0.000002 -0.000002 -0.000002 
13.404375 72.546280 -4.527071 0.439810 0.430280 0.481042 10.269043 1.649898 19.892692 3.376643 1.309093 6.111900 -3.264332 14.904581 -1.113605 -6.201625 -3.588697 -1.153250 -0.000000 -0.000001 -0.000001 35.947658 8.403440 -7.780722 83.266549 46.574872 -11.966361 0.956417 35.439550 50.471577 -0.000002 0.000001 -0.000004 -32.611947 -10.990120 8.423517 -50.818930 -61.375260 20.639418 10.735486 -26.000925 43.056748 0.000001 0.000003 0.000004 -36.306277 -18.228279 -104.968622 52.996862 60.673602 -46.377247 -41.899273 18.883202 37.144546 0.000003 0.000005 -0.000000 -2.789705 -0.349039 45.850578 -0.860794 2.250477 -37.981743 15.111964 4.505853 0.685191 0.000001 -0.000000 -0.000001 
13.408628 71.910500 -4.673155 -0.060063 1.222286 0.338940 9.784767 1.516394 19.811802 4.521738 1.918895 6.204731 -4.290868 13.787762 -1.030541 -5.668112 -3.354124 -0.509509 -0.000001 -0.000001 -0.000003 36.143391 8.706689 -8.117897 82.810019 46.611670 -11.833519 0.685613 35.647813 51.164199 0.000003 0.000000 -0.000000 -31.826318 -10.698879 8.455015 -51.275255 -61.739507 20.463901 10.897002 -25.569494 42.986397 -0.000000 0.000002 0.000002 -36.115520 -18.311425 -104.764809 53.865314 61.051277 -47.033434 -41.018196 18.883074 37.009517 -0.000001 0.000001 0.000001 -2.267527 -0.517411 46.463878 -1.637117 2.391992 -38.390113 15.355426 5.432329 0.270598 0.000000 -0.000002 -0.000002 
13.361284 71.391998 -4.818060 -0.122904 1.369888 0.241953 9.524091 1.434821 19.256286 5.607131 2.462943 6.317521 -5.399795 13.904138 -0.899220 -5.254174 -3.129616 0.329861 -0.000000 -0.000001 0.000001 36.282774 8.865426 -8.282345 83.039527 46.652794 -12.459308 0.143166 35.407752 51.757442 0.000001 -0.000003 -0.000000 -31.782421 -10.679704 8.472921 -52.057810 -61.976836 19.354958 11.520461 -25.019055 43.539382 -0.000000 0.000001 -0.000001 -36.396193 -18.059053 -103.993790 52.882647 61.254905 -46.031459 -41.156008 18.817620 36.879828 0.000001 0.000003 0.000000 -2.648263 -0.713557 47.445130 -0.574348 2.045463 -39.471810 15.738581 6.930216 -0.362293 -0.000001 -0.000003 -0.000001 
13.294979 70.942657 -4.967416 -0.006226 1.368091 0.197330 8.912459 1.247954 18.888581 6.784999 3.063430 6.328974 -6.338112 13.818259 -0.930132 -4.625364 -2.821743 1.076341 0.000000 -0.000001 0.000003 35.984090 8.950370 -8.344841 84.395566 46.799746 -13.611341 -0.074849 35.441582 52.399435 0.000001 -0.000004 -0.000001 -31.341751 -10.581409 8.296857 -53.028370 -62.179740 18.600413 11.827254 -24.868072 44.058552 0.000005 -0.000003 -0.000000 -36.719503 -17.845759 -103.457053 51.568044 61.508538 -44.405495 -40.998446 18.710297 35.836736 -0.000002 -0.000001 -0.000002 -2.830151 -0.877533 48.230722 0.095386 1.812304 -40.272759 15.603103 7.423508 -0.661520 -0.000001 -0.000002 -0.000003 
13.183382 70.576080 -5.123113 0.277833 0.990877 -0.084837 8.607668 1.152830 18.227823 6.508444 2.824553 6.669646 -5.750390 15.463238 -0.898143 -4.557398 -2.889420 1.786006 -0.000001 -0.000000 -0.000003 35.652775 8.700669 -7.917828 85.209861 47.007810 -14.520953 -0.603262 35.548403 53.394075 -0.000001 -0.000006 -0.000001 -31.991032 -11.334574 7.757711 -52.793165 -61.993502 18.570852 12.695945 -24.480242 44.861874 0.000001 0.000000 0.000001 -37.354352 -17.509373 -102.069999 51.810164 61.152350 -44.894451 -40.839224 18.722476 35.528575 0.000004 -0.000001 -0.000005 -3.515300 -0.914917 49.425605 -0.251649 1.898901 -40.917898 15.173359 7.587039 -0.837059 -0.000001 -0.000002 -0.000000 
13.033503 70.289902 -5.284198 0.188652 1.616257 -0.454494 8.603202 1.132250 17.976663 7.271982 3.183755 7.036397 -6.192382 15.510747 -0.971294 -4.228746 -2.755874 2.127304 0.000001 -0.000002 0.000001 35.708000 9.004845 -7.987338 85.394010 47.291888 -14.775784 -1.077629 36.126810 55.178250 0.000003 -0.000006 0.000000 -31.948312 -11.018226 8.355378 -51.374060 -61.642970 20.105621 13.477605 -23.425684 45.257165 0.000005 0.000002 0.000000 -37.581811 -17.461425 -101.310010 50.842617 61.419370 -43.436417 -40.455730 18.582764 34.554405 0.000001 -0.000003 0.000000 -3.135910 -0.972945 50.509577 -1.054770 2.139786 -41.594944 14.648326 8.443931 -1.354151 -0.000000 -0.000001 -0.000002 
12.865728 70.039352 -5.458442 -0.084214 1.954141 -0.641637 8.430064 1.050947 17.528910 7.476958 3.263472 7.304369 -6.033289 15.745580 -1.022478 -4.390340 -2.951029 2.768183 -0.000001 -0.000002 -0.000001 35.616199 9.338069 -8.022016 84.966570 47.451165 -14.834187 -1.677529 36.516247 56.760467 0.000005 -0.000004 -0.000001 -31.678014 -10.730550 8.700909 -50.583134 -61.448897 21.375243 14.062963 -22.792650 46.123479 0.000001 0.000004 0.000004 -37.891062 -17.373267 -100.609322 51.080748 61.918486 -43.293427 -39.765139 18.310257 32.544950 -0.000003 -0.000001 -0.000003 -2.846164 -1.066901 51.365932 -1.950119 2.285436 -42.101969 14.198826 8.861190 -1.605206 -0.000003 -0.000002 -0.000001 
12.649151 69.857620 -5.645988 -1.121245 3.013950 -1.509450 10.017371 1.481619 17.779505 5.053546 1.819359 7.885350 -4.537747 16.785038 -1.309382 -4.217159 -2.999268 3.649026 -0.000001 0.000000 0.000001 35.806754 9.329940 -8.118351 85.735717 47.565489 -16.322537 -2.203917 36.383602 58.306538 0.000003 -0.000002 0.000002 -31.441792 -10.678969 8.471341 -51.405472 -61.597644 20.757122 14.258358 -22.930328 46.823535 0.000001 0.000002 -0.000003 -37.789517 -17.415536 -99.724061 50.188110 63.080185 -41.312911 -39.767042 17.963259 30.023510 -0.000001 0.000002 0.000000 -1.773598 -1.374333 53.161715 -2.434378 2.342268 -43.092224 14.290724 10.776147 -2.488701 0.000001 -0.000002 -0.000001 
12.420425 69.728912 -5.860385 -2.735546 4.559909 -2.115641 11.170713 1.826371 18.311671 3.318592 0.618388 8.570480 -2.596124 16.861919 -2.151162 -4.060893 -3.117657 4.367818 -0.000001 -0.000001 -0.000002 34.957608 8.737791 -7.501313 87.782411 47.434953 -18.817557 -2.563337 36.058601 60.261653 0.000003 -0.000003 -0.000000 -32.092819 -11.706938 7.202048 -53.505629 -61.711483 18.342765 14.587182 -22.502941 48.435422 0.000003 -0.000001 0.000002 -37.170658 -17.368063 -99.935237 47.113330 64.938843 -36.214640 -39.274127 17.574606 26.365975 -0.000002 0.000002 -0.000000 -0.153220 -1.967368 54.409949 -3.857132 2.501695 -43.644434 14.439744 12.649377 -3.327004 0.000001 -0.000002 -0.000000 
12.198147 69.620262 -6.090163 -2.550519 4.046222 -2.203926 11.370378 1.852086 17.847937 3.991313 0.962131 8.549655 -3.618714 17.235130 -2.170208 -3.920166 -3.159571 4.795142 -0.000000 -0.000002 -0.000001 35.204216 9.222197 -7.787003 87.494949 47.708192 -19.313185 -3.618780 36.546409 62.199241 0.000006 0.000000 -0.000000 -31.373692 -11.506829 7.443145 -53.320814 -61.881090 19.080873 15.353799 -22.050530 48.393277 -0.000002 0.000005 0.000001 -38.647697 -16.603643 -99.122779 45.099497 66.078412 -33.087943 -40.040652 17.337049 23.780494 0.000001 -0.000002 0.000002 -0.605379 -2.127815 54.547079 -3.333293 2.194279 -43.910986 15.086665 13.427732 -3.721586 -0.000003 -0.000003 -0.000002 
11.980959 69.543259 -6.353793 -2.987758 4.220689 -2.066044 11.090585 1.801217 17.661530 6.036338 2.099743 8.465339 -5.393356 16.080238 -2.358863 -3.669643 -3.073218 4.987332 -0.000001 -0.000002 -0.000001 35.451503 9.705852 -8.144481 86.276757 47.843494 -19.133435 -4.407471 36.218413 63.150269 0.000003 -0.000004 -0.000001 -30.924559 -11.527593 7.372432 -53.045271 -62.157126 19.249374 15.831571 -21.802341 48.463549 -0.000000 0.000000 0.000000 -39.146594 -16.369797 -98.619059 42.879880 68.056654 -28.796163 -40.593238 17.065948 19.998934 0.000001 -0.000002 -0.000001 -0.672855 -2.135673 54.415475 -3.291071 2.211308 -44.167811 15.323075 14.323451 -4.179098 -0.000001 0.000000 -0.000003 
11.774603 69.491264 -6.633604 -4.304780 4.415540 -1.699664 12.738097 2.262712 17.461720 4.322273 1.190154 8.660574 -4.163983 16.814087 -2.646348 -3.425575 -2.830157 5.243476 -0.000001 -0.000000 -0.000004 35.294483 9.145247 -7.479364 86.946969 48.228727 -19.860542 -5.244742 34.799561 62.797750 0.000001 -0.000003 -0.000002 -31.210843 -12.634186 6.455753 -52.177253 -61.995612 19.746861 15.999479 -21.954641 49.117417 0.000001 0.000005 0.000002 -37.981487 -17.047981 -97.205756 38.419575 70.209065 -21.603113 -39.876191 16.759765 17.716788 0.000000 -0.000000 -0.000001 0.433585 -2.064631 54.462450 -3.488999 2.521961 -44.549380 14.536384 14.607879 -4.187378 -0.000001 0.000000 -0.000002 
11.608473 69.437691 -6.914476 -5.468550 5.065302 -1.215495 13.684230 2.476193 17.427445 2.561651 0.160613 9.012946 -2.334370 16.417179 -2.985795 -3.164628 -2.593683 5.167356 -0.000001 -0.000002 -0.000002 35.296123 9.753910 -7.876895 85.383676 48.594631 -18.698632 -6.369465 33.546194 62.484032 0.000000 -0.000001 0.000003 -30.820160 -12.489273 6.886017 -49.952394 -61.344845 22.732611 15.974177 -22.473715 47.916625 0.000004 -0.000001 -0.000003 -36.177682 -17.807886 -96.139496 29.011420 71.534183 -9.388490 -38.366829 16.210891 15.320772 0.000004 0.000001 -0.000002 2.171056 -2.129554 53.923715 -6.093557 3.061243 -43.962803 13.171307 14.743008 -4.380885 -0.000001 -0.000001 -0.000003 
11.453230 69.373154 -7.219570 -6.917140 5.003779 -0.340078 14.732540 2.709465 16.564838 2.501272 -0.101797 9.914647 -2.037476 16.050562 -3.725491 -2.729113 -1.992437 5.230554 -0.000001 -0.000001 -0.000000 35.700566 9.687963 -8.321171 84.405798 48.423620 -19.302207 -5.729337 32.090940 61.510437 0.000003 -0.000002 0.000002 -30.566394 -12.554341 6.264823 -51.101641 -62.007893 20.898301 15.194331 -22.480956 48.062887 0.000001 -0.000000 -0.000000 -31.595666 -19.316289 -92.772711 5.723041 66.936585 19.134468 -37.673087 15.678757 11.354656 -0.000001 0.000000 -0.000001 3.739659 -2.447701 53.261299 -8.464182 3.545421 -43.185746 9.780035 15.691084 -5.003737 -0.000001 -0.000001 0.000001 
11.288897 69.287758 -7.580485 -7.907584 4.625476 0.234626 15.202866 2.793472 15.550993 2.178819 -0.500693 11.032766 -1.286148 16.505220 -4.376902 -2.902120 -1.710231 5.528463 0.000002 -0.000004 -0.000005 35.872399 9.288166 -7.900916 84.874786 48.493646 -20.138461 -4.331325 31.846638 59.968856 0.000001 -0.000005 0.000001 -30.573696 -13.250070 5.589423 -50.951948 -62.563467 20.905898 15.167161 -21.617807 48.254689 0.000006 0.000002 -0.000000 -24.732176 -20.978636 -85.693999 -5.185875 55.979032 34.530660 -28.662500 12.754393 8.340189 0.000004 -0.000002 0.000001 2.617755 -2.265333 52.201018 -5.186181 3.173743 -44.654834 -1.087358 17.231956 -6.626720 0.000001 -0.000001 -0.000002 
11.149586 69.168236 -7.945287 -8.014288 4.539558 0.809406 14.613396 2.600839 14.762549 2.445752 -0.447400 11.528122 -1.363238 16.296748 -4.513046 -2.490243 -1.172102 5.621678 -0.000000 -0.000001 0.000001 35.810880 9.070342 -7.536639 84.848920 48.503304 -20.147494 -3.235543 31.312456 57.712407 0.000001 -0.000003 -0.000000 -30.143349 -13.859743 4.853607 -51.039910 -63.169168 20.838636 14.551525 -21.479637 47.474398 0.000004 -0.000002 0.000001 -19.125230 -21.648129 -79.399808 -7.818441 49.336994 39.935457 -23.445067 10.984021 7.225103 0.000000 0.000001 -0.000004 1.024292 -1.926561 50.677989 -0.390770 2.319972 -44.870532 -4.954895 19.718971 -7.583253 -0.000001 0.000001 -0.000001 
11.047916 68.988472 -8.314765 -8.836176 5.037408 2.066842 14.226796 2.414719 13.886639 2.636068 -0.429688 12.213719 -1.640938 14.299608 -4.941037 -2.053998 -0.018616 5.459246 -0.000000 -0.000001 0.000002 36.148066 9.103589 -7.787718 85.028950 48.505972 -20.908121 -1.174954 32.260486 55.791625 -0.000000 -0.000003 -0.000000 -28.366708 -13.499501 4.640165 -52.161601 -64.012205 19.837122 13.797265 -20.949488 47.958655 0.000003 0.000003 -0.000002 -12.445487 -21.826744 -72.184834 -8.206404 42.338901 41.905557 -18.012010 8.357679 4.423709 0.000000 -0.000002 -0.000000 1.083387 -1.761193 48.499360 3.143191 1.806256 -43.975937 -13.834126 17.713717 -7.438067 0.000002 -0.000002 -0.000002 
11.033846 68.734398 -8.682176 -8.195543 4.758504 3.955537 12.742645 1.945227 12.634924 1.965758 -0.754802 12.158191 -1.017031 12.775331 -4.701493 -1.773070 0.505382 4.742540 0.000000 -0.000002 -0.000004 35.988639 9.534023 -7.967868 86.293771 48.553462 -21.514980 1.044511 32.891158 53.181315 0.000002 -0.000008 0.000002 -27.240207 -14.025601 4.136013 -49.556841 -63.503274 22.662330 13.169968 -20.838525 47.443116 0.000004 0.000004 -0.000002 -6.603333 -21.412542 -65.538780 -7.587556 34.597265 41.664222 -12.596085 5.170472 2.206953 0.000000 0.000001 0.000000 0.605959 -1.344488 45.451740 4.564547 1.441850 -41.682233 -21.553494 15.857018 -8.019072 -0.000001 0.000002 -0.000000 
11.054230 68.469292 -9.040104 -7.388532 4.278675 5.489102 10.618276 1.464497 11.671220 2.822561 -0.248724 11.669575 -1.046243 11.356765 -4.236213 -1.216313 0.459273 3.966598 -0.000001 -0.000001 0.000002 35.798480 9.365265 -8.767963 88.320158 47.771613 -24.047920 3.787473 33.775374 51.823992 0.000003 -0.000008 0.000000 -26.495361 -13.950419 2.871779 -52.427193 -63.796945 20.457117 12.341194 -20.799038 49.071436 0.000001 0.000003 0.000005 -3.762326 -20.370892 -60.055961 -6.733228 28.499314 39.583357 -8.911937 2.916137 1.073304 0.000000 -0.000001 0.000000 -0.662497 -0.948335 42.627077 4.117208 1.239112 -40.231836 -24.968431 14.802504 -8.512628 0.000002 -0.000002 -0.000002 
11.160297 68.136322 -9.366129 -7.489337 3.048282 7.233198 9.392724 1.164429 11.029355 3.404669 0.187023 11.190217 -0.920635 9.422725 -4.185763 -0.513368 1.280934 3.229889 -0.000000 -0.000002 -0.000003 34.849271 9.435181 -8.529568 91.838717 47.612569 -26.451644 5.409998 33.153537 48.191472 0.000004 -0.000006 0.000006 -24.955910 -13.842497 2.206275 -53.378089 -63.563953 20.799712 11.337008 -21.063733 48.789079 0.000005 -0.000003 -0.000002 1.356093 -18.509097 -53.239071 -5.011959 21.980442 34.460128 -6.787156 2.044072 1.382067 0.000002 0.000001 -0.000000 -2.004588 -0.563245 38.842869 6.274842 0.692701 -37.611748 -23.531907 14.715359 -8.561462 0.000001 -0.000001 -0.000001 
11.383856 67.743149 -9.674426 -7.306472 1.543131 9.194675 9.187460 1.080607 10.510165 3.223651 0.370940 10.270907 -1.278256 8.197965 -3.689643 1.009819 3.317728 2.237414 -0.000000 -0.000002 -0.000001 35.030107 9.923504 -8.549129 91.846059 47.571380 -26.337250 7.335765 34.238632 45.011029 0.000001 -0.000007 0.000003 -23.921156 -13.731434 2.288521 -52.516843 -62.770996 22.067720 10.753780 -20.833578 48.742183 -0.000003 -0.000003 -0.000001 5.986413 -16.351782 -47.016010 -3.328187 16.440668 28.713852 -4.825874 1.072597 0.963837 -0.000001 -0.000000 -0.000000 -3.088719 0.018512 34.514271 4.621059 1.074984 -34.976791 -20.487943 14.349372 -8.003565 0.000000 0.000001 0.000001 
11.651863 67.339325 -9.979118 -7.249073 1.278649 10.456429 8.702930 0.974607 10.813497 3.917957 0.901478 9.729528 -2.000465 6.276088 -3.538910 1.074504 3.672560 1.013727 0.000000 -0.000001 -0.000002 34.961078 10.061508 -8.801545 92.537930 47.226056 -26.955989 9.456629 34.517037 42.590348 0.000003 -0.000008 -0.000005 -23.833962 -13.550300 1.914542 -52.625798 -62.224137 21.987156 9.743718 -20.473717 49.551933 0.000001 0.000001 -0.000003 9.113928 -14.649248 -42.624127 -2.613607 11.481469 25.016586 -4.213669 -0.087591 -0.508955 0.000001 0.000000 0.000001 -3.426540 0.384374 31.465193 3.240852 1.263757 -33.249320 -19.203360 13.528806 -7.863339 -0.000000 0.000000 -0.000002 
12.032103 66.887680 -10.245722 -7.560996 1.382226 11.631189 7.542055 0.695605 11.703167 3.949927 1.051152 9.387061 -1.497834 4.273134 -3.663837 1.846811 4.601938 -0.339620 0.000000 -0.000001 -0.000002 35.129845 10.233184 -8.436921 91.058948 47.567685 -25.188399 9.893966 35.355805 39.884770 0.000004 -0.000007 -0.000003 -23.873359 -13.707612 2.042764 -49.934939 -61.164733 24.671024 9.253904 -20.925867 48.384302 0.000004 -0.000003 0.000001 10.240510 -12.993872 -38.695692 -2.130375 7.762068 20.929615 -4.752868 -0.914109 -2.362428 -0.000002 -0.000000 0.000000 -4.118970 0.833722 27.848988 0.682072 1.217983 -30.344830 -17.534977 10.784005 -7.480989 0.000001 -0.000001 -0.000001 
12.507444 66.387207 -10.498178 -9.009066 1.029707 12.956314 8.844974 0.895112 12.603332 0.828645 -0.677654 8.572965 1.183230 4.155982 -3.564080 2.388210 4.930626 -1.894029 -0.000000 -0.000002 -0.000003 35.221178 10.421532 -8.249634 90.649977 47.643756 -24.337672 10.444808 36.391528 38.698001 0.000001 -0.000004 0.000004 -23.711271 -13.702708 2.246065 -48.256724 -60.312674 26.593685 9.570863 -21.210565 48.536987 0.000006 -0.000001 -0.000000 11.833670 -11.345058 -35.654076 -1.930744 3.332460 17.099426 -2.316021 -1.677789 -1.831435 0.000000 -0.000000 -0.000000 -4.959267 1.418057 23.996282 -3.837671 1.355339 -27.173698 -12.564817 8.010734 -6.341016 0.000000 -0.000000 -0.000003 
13.012691 65.874084 -10.721190 -8.488766 -0.395100 13.924219 7.837584 0.639505 12.771210 3.029892 0.677467 7.918624 -0.561590 3.656279 -3.183733 2.335713 5.035620 -3.031385 0.000000 -0.000001 0.000003 34.973796 10.179860 -7.801674 89.974376 47.739785 -23.496196 11.283190 36.489241 37.507437 -0.000005 -0.000002 0.000002 -23.400903 -13.563017 2.469422 -46.417897 -59.537775 29.067140 9.573712 -21.356641 48.697746 0.000003 0.000002 -0.000003 12.359574 -10.057905 -32.913258 -1.619871 1.142948 13.174246 -0.577838 -1.476831 0.069952 -0.000001 0.000000 0.000000 -7.305564 2.774600 21.209964 -6.069730 1.273653 -24.650549 -7.354217 6.643411 -5.235994 0.000001 -0.000001 -0.000001 
13.609852 65.291901 -10.943332 -9.248461 -0.363470 14.796531 8.019715 0.734180 13.540482 3.054874 0.837962 7.293066 -0.780600 1.953349 -2.739070 2.191965 4.943406 -3.378370 0.000001 -0.000000 -0.000002 35.080214 9.708337 -8.591793 91.122039 47.287677 -25.010693 12.790140 36.433554 36.968836 0.000003 -0.000003 -0.000000 -23.643858 -13.320068 1.959897 -48.168990 -59.603755 26.952584 9.707288 -20.902920 50.618460 0.000003 0.000001 0.000001 12.909602 -9.044035 -30.752968 -1.828189 -0.659720 9.930648 -0.254090 -1.006365 1.294514 0.000002 0.000000 0.000000 -7.279007 3.242177 17.980408 -8.117382 1.167755 -22.123427 -0.939346 6.341365 -3.600730 -0.000000 0.000000 -0.000001 
14.293169 64.638405 -11.152245 -10.124112 -0.045553 15.786186 7.795013 0.661649 14.156948 2.594380 0.628503 6.653999 -0.129803 0.457675 -2.266778 2.125843 4.772780 -4.252186 0.000001 -0.000001 -0.000003 34.923222 9.744750 -9.070550 91.258123 47.032406 -24.650035 13.776659 36.831536 35.919528 0.000003 -0.000003 -0.000000 -23.707580 -13.346310 1.725110 -47.948672 -59.194504 28.046840 10.023779 -20.301901 51.401685 0.000003 -0.000001 0.000002 13.590246 -8.195944 -29.442890 -2.494537 -3.209387 8.021228 1.013682 -1.788465 1.015522 0.000000 -0.000000 -0.000000 -6.129775 3.153682 14.063289 -11.689357 0.862605 -19.610182 3.950008 4.728559 -1.981775 -0.000001 -0.000001 -0.000001 
14.966709 63.966263 -11.370751 -10.083764 0.154061 16.603167 7.734121 0.609764 14.193616 2.799934 0.700542 6.247592 -0.371003 -0.367160 -1.959756 1.763769 4.163130 -4.949169 0.000000 -0.000000 -0.000001 34.737884 9.784784 -8.999235 91.676274 46.707934 -24.557296 14.664662 37.097442 35.187072 0.000001 -0.000003 0.000000 -24.234688 -13.593213 1.659400 -48.334138 -59.251099 27.762542 9.577262 -19.835161 50.444792 0.000003 0.000006 0.000000 13.605618 -7.611623 -28.670084 -2.792297 -4.610720 6.589492 1.912797 -1.845244 1.466325 0.000001 -0.000001 0.000001 -5.997501 3.325022 11.241884 -12.822179 0.543713 -17.854154 7.180502 4.995077 -1.455993 0.000003 -0.000001 -0.000000 
15.680033 63.220154 -11.583947 -8.770966 -0.747868 17.306034 6.388010 0.224378 14.306063 2.726458 0.702024 5.859312 0.160308 -0.216613 -1.920179 1.661487 3.977626 -5.571961 0.000001 -0.000001 -0.000001 34.732615 10.451486 -9.337429 91.661678 46.662794 -24.085450 15.351089 36.613649 33.611159 0.000005 -0.000006 -0.000001 -24.368081 -14.123207 1.057068 -48.657813 -59.762400 27.515742 9.069918 -19.143386 49.790959 0.000001 0.000004 0.000004 13.557609 -6.722963 -26.828770 -2.801747 -5.226048 4.029989 2.610336 -1.494354 2.472824 0.000000 0.000001 -0.000000 -7.283771 4.339386 8.316146 -14.207255 0.067627 -15.995378 10.314639 4.081444 -0.555196 0.000001 0.000001 -0.000002 
16.413786 62.405357 -11.782133 -10.151024 -0.886278 17.712864 7.787842 0.560409 14.904489 0.437641 -0.539350 5.150723 1.889301 -0.726991 -1.821261 1.939893 3.782003 -5.833285 0.000000 -0.000000 0.000004 34.848254 10.449224 -9.810811 92.752828 46.026801 -25.159796 16.885641 35.447012 31.386939 0.000004 -0.000004 0.000004 -24.359938 -14.155955 0.299756 -50.880982 -60.397956 25.528899 7.853210 -19.200275 49.522632 0.000001 0.000005 -0.000000 14.274218 -5.742206 -25.909506 -3.226054 -7.729808 3.197037 4.176738 -2.055117 2.253075 0.000000 0.000001 -0.000000 -6.902308 4.300211 5.336737 -16.077437 -0.319714 -14.105362 12.627928 3.836175 0.041171 -0.000001 -0.000001 -0.000002 
17.124008 61.587364 -11.981472 -9.737262 -1.299255 18.072204 6.995558 0.396840 15.030069 -0.192135 -0.862479 4.711979 3.143854 -0.823880 -1.725425 2.583700 4.044307 -5.991222 0.000000 -0.000000 0.000001 34.698071 10.090898 -10.192888 94.105219 45.399239 -26.634994 18.586816 35.104270 30.411848 0.000003 -0.000003 -0.000002 -24.482499 -13.986090 -0.416492 -54.100743 -61.197716 22.382117 7.008390 -19.174419 50.430746 0.000005 0.000001 0.000001 14.135865 -5.205841 -24.950968 -3.126024 -7.701772 1.941013 4.112096 -1.555599 2.841850 0.000000 -0.000001 -0.000000 -7.980441 5.161991 3.222249 -17.806802 -0.664125 -12.711679 14.081833 3.099769 0.735436 0.000001 -0.000003 -0.000000 
17.880690 60.671532 -12.209018 -8.473536 -2.277991 18.700348 6.072993 0.220359 14.785845 0.052380 -0.639290 4.156051 3.384228 -0.512775 -1.510288 2.415146 3.868183 -6.568798 0.000000 0.000000 0.000003 34.494252 10.091088 -10.759595 94.039445 45.111238 -26.917444 19.939621 35.380803 28.973263 0.000001 -0.000003 -0.000000 -24.988174 -13.779567 -0.511623 -54.908338 -60.921579 21.715316 6.538651 -19.419252 49.954337 0.000003 0.000002 0.000002 14.024446 -4.599043 -23.791634 -2.856758 -6.982168 0.351355 4.127562 -0.198173 4.892929 0.000001 0.000001 -0.000001 -8.771857 6.146796 0.379537 -18.662730 -1.044258 -10.793657 15.734539 2.237463 1.804475 -0.000001 -0.000001 -0.000001 
18.666927 59.682247 -12.445053 -9.415738 -1.852705 18.674188 7.093780 0.441439 15.213077 -0.384934 -1.027620 4.398367 2.907444 -1.515541 -1.892004 2.107127 3.623283 -6.938683 -0.000000 -0.000000 -0.000001 34.828958 9.745831 -10.809245 93.997890 45.207062 -26.711804 20.096425 35.569419 27.560073 0.000002 -0.000003 -0.000006 -25.334288 -13.851503 -0.687686 -55.722159 -61.139851 20.237471 6.984170 -19.142304 49.743800 0.000003 0.000004 0.000001 14.371399 -4.007037 -23.054385 -3.715033 -8.665888 0.654127 5.157903 -0.453061 5.038353 0.000001 -0.000001 0.000000 -7.358194 5.556805 -2.366391 -19.631688 -1.690687 -8.697270 17.649511 0.543118 3.180694 -0.000001 -0.000001 -0.000001 
19.430256 58.708687 -12.687094 -7.925927 -2.549942 18.876570 6.069630 0.202547 14.893593 0.352873 -0.653844 4.488643 2.186017 -1.240388 -1.850934 3.088929 4.548897 -7.402009 0.000000 -0.000001 0.000002 34.806221 9.948439 -10.831789 93.295077 45.442690 -25.970350 20.340474 36.338273 27.031537 0.000005 -0.000006 -0.000003 -25.372635 -13.698862 -0.452831 -54.711458 -60.809393 20.894146 7.399882 -18.771042 50.017124 0.000003 0.000002 -0.000003 14.264323 -3.363786 -21.793976 -3.655224 -8.723857 -0.415203 5.581146 0.041039 5.896409 0.000001 -0.000000 -0.000000 -7.825705 6.268199 -4.461246 -20.276243 -2.099230 -7.085368 18.703553 -0.678398 4.110140 0.000001 0.000000 -0.000002 
20.216696 57.684074 -12.926325 -7.136883 -3.083572 18.780701 5.811703 0.077708 15.070742 0.034583 -0.749925 4.357586 2.404902 -0.976186 -1.990118 2.003911 3.834347 -7.614759 0.000000 -0.000001 -0.000001 34.587573 10.351012 -10.512753 91.570844 45.897543 -23.947483 20.100523 37.015858 25.067076 0.000001 -0.000003 0.000003 -25.614963 -13.775315 0.334709 -51.599613 -59.387525 23.763357 8.514907 -18.703044 49.144738 0.000001 0.000003 0.000000 14.006730 -2.657032 -20.440639 -3.552927 -8.617117 -1.050637 6.108432 0.095777 6.211955 0.000003 -0.000001 0.000001 -8.448858 7.152795 -6.574463 -19.410993 -2.489752 -5.050013 17.690084 -2.429429 4.640667 0.000002 0.000001 -0.000004 
21.012285 56.634438 -13.173604 -9.119649 -3.048034 18.016325 7.074075 0.425781 16.043414 -0.449956 -0.954642 4.365962 2.750741 -2.529172 -2.283867 2.512359 4.156011 -7.919343 -0.000000 -0.000001 -0.000002 34.615006 10.276047 -10.291730 91.247011 46.043507 -23.301621 20.499529 38.263471 25.326977 -0.000003 0.000000 0.000001 -25.701840 -13.599392 0.863000 -49.261107 -57.964906 26.037685 8.535314 -19.083125 48.983217 0.000002 0.000002 -0.000001 13.904838 -2.384046 -19.747248 -3.699387 -9.135306 -0.047947 6.712586 -1.258192 4.516939 0.000002 -0.000001 0.000000 -7.485338 6.737749 -8.212211 -19.469135 -2.914336 -3.042540 16.011657 -4.484628 4.991625 0.000001 -0.000001 -0.000001 
21.768021 55.627441 -13.423782 -8.327171 -3.965857 17.525840 7.487057 0.550932 16.178498 -0.101485 -0.825250 4.350202 2.044575 -1.888795 -2.326608 2.645087 3.757606 -7.750927 0.000000 -0.000000 0.000001 34.658238 9.973912 -10.045295 90.635162 45.921479 -23.488372 21.114446 38.774820 25.425466 0.000002 0.000003 0.000001 -26.169552 -13.365468 1.283316 -48.351558 -57.169527 26.905363 8.530387 -19.322988 48.490402 0.000001 0.000004 0.000003 13.322810 -1.851527 -18.516564 -3.464021 -8.343523 -0.453118 7.185049 -1.246890 4.865636 0.000000 -0.000001 0.000000 -8.418889 7.577499 -9.091306 -16.725880 -2.852180 -1.668225 14.187778 -4.986584 4.313823 0.000001 0.000001 0.000001 
22.545967 54.605244 -13.698933 -8.586832 -4.321202 16.677268 7.650527 0.577030 16.919813 -0.096408 -0.774574 4.232137 1.841108 -2.418441 -2.731058 3.407673 4.396406 -7.050891 0.000000 -0.000001 -0.000001 34.863072 10.230858 -9.343959 89.322393 46.393698 -21.958367 20.565956 39.805195 26.609203 -0.000001 -0.000003 0.000000 -25.856649 -13.461854 2.071460 -44.931160 -55.865982 30.219602 9.128062 -19.487112 47.847306 0.000003 0.000000 0.000001 13.389969 -1.263862 -17.670399 -3.019220 -8.394591 0.098306 7.636303 -1.455634 4.747278 -0.000001 -0.000000 0.000001 -7.727413 7.191287 -10.203165 -14.950505 -2.754530 -0.389664 11.921483 -5.434001 3.543887 -0.000001 -0.000001 -0.000000 
23.324032 53.596535 -13.967800 -8.343547 -4.485287 15.627930 7.738814 0.621261 17.425617 -0.469862 -0.920220 3.947464 2.204935 -2.811673 -2.843786 3.061688 3.942364 -6.060265 -0.000000 -0.000000 -0.000003 35.046776 10.484590 -9.582593 88.052094 46.133755 -21.474115 20.651144 39.389547 26.658848 0.000002 -0.000003 0.000001 -26.074548 -13.250044 2.495698 -43.931930 -55.013103 30.773117 9.276269 -19.294953 47.913367 -0.000000 0.000004 0.000001 12.962339 -0.608695 -16.202184 -2.820887 -8.450977 -0.066122 7.823697 -1.807874 4.152524 0.000001 0.000002 -0.000000 -6.501894 6.338667 -11.403368 -15.708081 -3.038602 0.713354 9.177496 -7.191813 3.408935 0.000002 0.000001 -0.000002 
24.044998 52.647652 -14.243282 -8.551596 -4.502015 14.871682 8.095588 0.610167 17.547673 0.319743 -0.561886 4.140714 1.363475 -3.311261 -3.198222 3.393273 4.177281 -5.388980 0.000000 -0.000000 -0.000001 35.305378 10.666017 -9.096791 85.746933 46.356972 -18.828458 20.814774 39.993715 24.896280 0.000001 -0.000004 0.000004 -26.014891 -13.299036 3.204750 -41.165045 -53.350515 33.751981 10.193318 -19.477741 47.204329 0.000003 0.000002 -0.000000 11.385038 -0.736247 -15.415831 -2.184971 -6.750115 -0.181636 7.684534 -1.599883 4.196811 0.000001 -0.000000 -0.000001 -6.632161 6.505405 -11.876337 -14.842358 -3.087004 1.552438 7.080041 -7.091947 2.579310 -0.000002 0.000000 -0.000001 
24.771179 51.702873 -14.529137 -8.262197 -4.340906 13.671244 8.033127 0.644394 17.777709 -0.095473 -0.860065 4.399379 1.174916 -2.961096 -3.521445 3.321311 4.113629 -4.807419 -0.000000 -0.000000 -0.000002 35.004105 9.883800 -8.654380 83.980700 45.679824 -17.499985 22.241587 41.513364 25.550126 0.000002 -0.000003 0.000003 -26.044787 -12.447585 3.865489 -40.206052 -51.111579 34.300739 10.528392 -19.313497 47.916297 0.000001 0.000004 0.000004 9.471317 -0.572542 -13.766167 -1.666816 -5.321542 -1.010654 6.833003 -1.283440 4.142093 0.000003 -0.000001 -0.000001 -6.556055 6.345985 -12.254145 -14.876063 -3.258523 2.527126 1.936806 -9.451375 1.754633 0.000003 0.000002 -0.000002 
25.474304 50.817799 -14.806184 -7.994987 -4.241751 12.735727 8.150997 0.703598 17.651032 -1.063949 -1.486214 4.742722 2.066325 -2.603990 -3.883665 3.240984 3.783334 -4.101810 0.000000 -0.000000 0.000002 34.774815 9.123806 -8.351626 82.055277 44.824513 -15.558869 23.187731 41.726001 25.961622 0.000006 -0.000004 0.000006 -26.003148 -10.803745 4.793399 -39.120192 -48.687808 35.440684 9.555459 -19.206154 47.892644 0.000001 0.000000 0.000001 9.739325 0.314417 -12.013066 -2.022481 -6.539929 -1.997501 7.277303 -1.902965 3.420916 0.000001 -0.000000 -0.000000 -7.105390 6.908339 -12.398702 -22.367802 -4.820932 2.666723 1.907160 -13.492821 2.934018 0.000001 -0.000001 -0.000003 
26.116333 50.033386 -15.068771 -8.396468 -3.253609 12.201172 8.011164 0.642535 17.523663 -1.208160 -1.549749 5.003205 2.188505 -3.381464 -4.223241 3.485836 4.158692 -3.782559 0.000000 -0.000001 -0.000001 34.569247 8.540688 -8.053224 80.552751 44.061400 -13.646255 23.901738 42.496006 26.905232 -0.000000 -0.000003 -0.000002 -25.916250 -10.088451 4.974068 -39.252568 -47.317604 35.489847 8.629089 -19.065722 47.920740 0.000005 -0.000002 -0.000003 9.453918 0.202030 -11.482174 -2.030794 -6.997726 -1.853265 6.499797 -1.669707 3.089740 -0.000001 0.000001 -0.000000 -7.881425 7.639687 -12.175106 -26.138123 -5.532016 2.542679 3.064343 -14.888141 3.969215 0.000001 -0.000003 -0.000000 
26.742672 49.292198 -15.335803 -9.462209 -2.426771 11.710956 8.954452 0.851094 16.803906 -1.054322 -1.601058 5.379343 1.705272 -3.944255 -4.556328 3.728936 4.425130 -3.225661 0.000001 -0.000001 0.000001 33.667269 7.318274 -7.587689 79.553611 42.744857 -11.322472 25.383741 41.901749 25.604007 0.000003 -0.000005 0.000002 -24.923560 -9.281820 4.522480 -40.222697 -46.444914 35.144001 8.493147 -18.564215 49.000293 0.000003 0.000000 -0.000004 7.609798 -0.716433 -11.854824 -1.809665 -4.981446 -0.833529 4.888757 -1.294764 2.601929 0.000000 -0.000000 -0.000000 -8.099470 7.578014 -12.020050 -29.108142 -6.195690 2.294547 5.252195 -16.824008 5.639618 0.000001 -0.000001 -0.000000 
27.364094 48.612827 -15.607355 -10.249939 -1.702497 11.207779 9.340485 0.964466 16.062896 -0.874096 -1.449628 5.185954 1.380426 -4.756290 -4.301934 3.638232 4.626372 -2.832387 0.000001 0.000000 0.000002 33.355434 5.884750 -6.884766 77.633528 41.421556 -8.752728 25.046049 41.227230 26.643233 0.000002 -0.000009 0.000001 -24.146466 -8.450485 4.808513 -39.413323 -43.900812 35.717825 8.457502 -18.172249 48.810724 -0.000000 0.000003 -0.000001 5.987218 -1.686375 -12.500819 -1.373757 -2.621018 0.633954 2.723889 -0.538292 2.382972 0.000002 -0.000000 -0.000000 -8.026879 7.348193 -11.657323 -31.316697 -6.341723 1.525720 4.004247 -19.906743 6.318446 0.000001 -0.000004 0.000001 
27.936489 47.985611 -15.862148 -11.204211 -1.294382 10.648373 9.897219 1.138386 15.605671 -1.161757 -1.445313 5.051257 1.419652 -5.114054 -3.874658 3.499678 4.940479 -2.726036 0.000000 -0.000001 0.000001 32.816071 4.935557 -5.891912 74.924552 40.532371 -5.852963 24.014723 40.728538 27.886168 0.000005 -0.000001 -0.000002 -23.341552 -7.907135 5.361839 -37.582016 -41.458374 36.890214 7.618092 -18.047294 46.276191 0.000003 0.000001 0.000002 5.025203 -2.453179 -12.689350 -0.768411 -0.722783 1.601064 0.968360 0.095723 2.264849 0.000002 0.000000 -0.000001 -8.127778 7.600540 -11.285501 -31.811627 -6.551511 2.313809 3.068011 -21.889008 6.781798 -0.000001 0.000000 -0.000002 
28.502403 47.407368 -16.111666 -10.466004 -2.258693 10.506245 8.546881 0.817583 14.114532 -1.366170 -1.641985 5.384175 1.683370 -3.817691 -4.025810 3.847355 5.075337 -2.085426 0.000000 -0.000000 0.000001 31.978642 4.135771 -5.389499 73.227974 39.307725 -3.980086 22.074178 39.554083 30.898546 0.000004 -0.000006 -0.000001 -22.655866 -6.644191 6.077647 -36.275428 -38.523517 35.899840 5.570692 -19.270844 42.140000 0.000003 0.000002 -0.000000 5.593053 -2.013485 -12.007817 -0.521552 -0.508022 1.335750 1.149210 0.105197 2.239153 0.000002 -0.000000 -0.000000 -7.329888 7.115377 -12.153398 -29.333723 -6.457962 3.815178 -2.046752 -24.254219 5.437530 -0.000000 -0.000004 -0.000000 
29.029198 46.859169 -16.369715 -9.169209 -2.770784 10.156831 7.851283 0.655169 12.518424 -2.025459 -2.176406 5.948735 2.306833 -2.202250 -4.033653 3.457105 4.490763 -2.017318 0.000000 -0.000000 -0.000000 30.903495 3.210026 -5.179911 71.344919 37.624439 -2.720687 21.131833 37.416814 32.081200 0.000002 -0.000003 -0.000000 -22.642004 -5.294890 6.471203 -35.846691 -36.663629 33.396862 2.914345 -19.856243 38.080043 -0.000000 0.000003 -0.000000 5.393159 -1.765390 -10.951559 -0.616393 -0.376774 0.860539 1.233126 0.120928 2.372232 0.000002 -0.000001 0.000000 -6.402005 6.321571 -12.575472 -23.474083 -5.503763 4.778933 -10.224091 -26.010924 2.202600 -0.000001 -0.000001 -0.000001 
29.505877 46.370644 -16.618956 -8.484899 -3.346635 9.665490 8.044406 0.719998 11.503726 -2.091446 -2.348257 6.382522 1.755232 -0.648396 -3.976094 3.038673 4.110522 -1.801304 0.000000 -0.000000 -0.000003 30.441361 2.313566 -5.182102 69.943774 36.274274 -1.458670 20.286913 36.185444 32.741786 0.000003 -0.000007 0.000003 -23.002206 -4.580975 6.545534 -35.336995 -34.937995 31.774228 1.403384 -20.306152 36.142137 0.000004 0.000004 -0.000002 4.759021 -1.725421 -10.156814 -0.656891 1.200982 0.657914 0.904438 0.262507 2.557818 -0.000001 0.000000 0.000000 -5.522082 5.451567 -12.413358 -17.496103 -4.288202 4.931589 -19.221766 -25.075971 -1.798433 0.000001 -0.000001 -0.000002 
29.901632 45.987255 -16.850367 -7.305482 -2.704310 8.815495 6.615270 0.432769 10.397890 -0.198617 -1.591100 7.417531 0.064530 -0.226624 -4.337061 2.362530 3.485859 -0.626207 -0.000000 -0.000001 0.000001 28.907611 1.541274 -4.232434 66.490894 34.496806 0.584599 18.919083 34.989099 34.084130 0.000003 -0.000004 0.000002 -22.494767 -3.569258 7.046453 -34.344349 -33.390688 30.336278 -0.561416 -20.525637 33.278697 0.000003 0.000002 0.000003 4.347372 -1.348658 -9.043440 -0.884256 0.363469 0.632154 1.169911 0.563634 3.089890 0.000003 -0.000000 0.000001 -3.783736 3.795649 -11.398338 -12.024599 -3.100814 4.767202 -25.846790 -23.270916 -4.951875 0.000001 -0.000001 -0.000004 
30.243937 45.674152 -17.081772 -6.781308 -0.449552 7.625692 6.889320 0.486913 10.044510 -0.859035 -2.142792 7.785664 0.278617 -0.320115 -4.451245 1.427996 2.268679 0.717950 0.000000 -0.000000 -0.000002 27.593350 0.398778 -3.341403 63.108551 32.020415 3.496198 19.001489 33.722129 32.838942 0.000002 0.000001 0.000001 -23.098759 -3.054633 7.269251 -33.686466 -31.426926 29.107746 -1.959662 -20.247317 30.870259 0.000004 0.000000 0.000000 2.674869 -2.043379 -8.809531 -1.248531 -0.447221 1.939244 1.176219 0.683748 2.972094 0.000001 -0.000000 0.000001 -5.061548 4.685981 -9.822792 -10.503248 -2.756128 4.449005 -13.851747 -18.985308 -0.484725 0.000004 0.000001 -0.000001 
30.582922 45.380360 -17.312248 -7.006318 0.814983 6.880431 7.575153 0.655225 10.103406 -1.348333 -2.582269 7.832875 0.150848 -0.881768 -4.715588 1.370210 1.580986 1.404635 0.000000 -0.000000 -0.000001 26.895683 -0.045913 -3.155201 60.604084 30.132763 4.780719 18.735590 32.842900 31.951632 0.000004 -0.000008 0.000001 -22.411990 -1.899092 7.611631 -33.414983 -29.823533 28.610100 -1.842529 -19.647162 30.009058 0.000003 0.000002 -0.000001 2.190576 -1.963180 -8.874694 -2.020528 -2.088923 3.080859 1.978926 0.017313 2.226254 0.000000 0.000001 -0.000001 -3.712660 3.314795 -9.309849 -7.934223 -2.245023 4.042123 -5.501179 -14.324097 1.693506 0.000001 0.000002 -0.000000 
30.905256 45.147285 -17.511646 -6.350070 0.469920 6.288622 7.504348 0.632621 9.836345 -0.575661 -2.101882 7.316067 -0.615750 -0.685709 -4.539634 1.171877 0.871780 2.139820 0.000000 -0.000000 -0.000001 25.326560 -0.496791 -2.688338 57.843165 27.926953 7.053831 17.056907 32.108204 33.789711 0.000003 -0.000006 -0.000001 -21.378026 -1.196112 7.786704 -32.012069 -26.062564 30.460649 -0.214060 -18.133852 30.664373 0.000005 0.000003 -0.000002 2.860414 -0.997515 -7.786387 -3.172537 -3.414183 2.785044 3.149381 -1.105531 1.476966 0.000001 0.000001 0.000000 -2.125515 1.796892 -8.859757 -8.367799 -2.501212 3.765507 1.708571 -10.398308 3.062675 0.000001 -0.000003 -0.000001 
31.202740 44.960598 -17.699759 -5.873460 0.899931 5.491277 6.555054 0.434144 9.572549 -0.437619 -1.938327 6.861404 -0.452633 -0.804131 -4.223005 1.992310 1.421027 2.731700 0.000000 -0.000000 0.000000 24.160035 -1.520144 -1.918286 54.745981 24.802343 10.106971 18.139676 31.828644 31.861326 0.000002 -0.000005 0.000002 -19.267354 0.221886 8.085709 -31.256110 -22.014038 32.376613 -0.672248 -17.751855 29.181843 0.000003 0.000003 0.000001 3.970248 -0.043800 -6.739133 -3.582182 -5.378060 2.506066 4.350830 -1.626646 1.375262 0.000002 0.000001 0.000000 -2.704269 2.168111 -7.836730 -12.413515 -3.265776 3.800629 6.455191 -8.236916 4.196560 -0.000001 -0.000000 -0.000001 
31.463079 44.811646 -17.865057 -6.286015 2.021882 4.905275 6.640157 0.455233 9.495421 -0.775892 -2.033078 6.271338 0.222966 -1.421180 -3.674436 1.161197 0.122781 3.130784 0.000000 -0.000000 0.000000 22.754106 -2.242535 -1.436899 52.410835 21.868811 12.410668 18.199551 32.070235 33.778578 0.000003 -0.000005 0.000001 -18.112361 0.957442 7.931062 -30.726904 -19.178814 33.050220 -0.030347 -16.603727 30.299522 0.000004 0.000000 0.000001 3.845680 -0.084672 -6.768322 -4.090737 -6.514477 3.347616 4.096503 -2.187387 0.326288 0.000000 -0.000000 -0.000000 -4.378570 3.317385 -7.144138 -14.586882 -3.791900 3.878148 7.313868 -6.660084 3.766158 0.000000 -0.000001 -0.000001 
31.718744 44.665749 -18.039843 -6.864005 2.554057 4.125010 6.270771 0.429062 9.234693 0.120890 -1.649165 6.418347 -0.158999 -1.544069 -3.591916 1.281474 -0.182243 3.034496 -0.000000 -0.000000 0.000001 21.710829 -3.978543 -0.621912 49.524588 18.312751 14.136960 17.168927 32.031552 38.636334 0.000008 0.000000 -0.000000 -16.908825 2.339327 8.006443 -29.860098 -16.635257 31.707835 -0.338714 -15.979791 30.650904 0.000001 -0.000001 0.000000 3.295736 -0.324507 -6.494908 -3.775346 -6.719707 3.990779 4.235529 -2.607840 -0.467921 0.000003 0.000000 -0.000000 -4.013545 3.064050 -6.281526 -15.338266 -3.884668 4.036504 8.328705 -5.650094 3.866344 -0.000001 -0.000000 -0.000000 
31.930923 44.557873 -18.194496 -7.071767 2.940443 3.372087 6.209403 0.446508 8.981169 1.458758 -0.829195 6.083804 -1.099710 -1.523929 -3.259980 0.754991 -0.826222 3.140312 -0.000000 -0.000000 0.000002 20.078355 -4.707409 0.076335 45.733256 14.650008 16.302022 13.118232 29.635262 44.072800 0.000000 -0.000001 -0.000002 -15.762552 3.353367 8.372176 -27.931628 -13.882275 30.720739 1.506302 -14.435945 31.813300 0.000004 0.000000 -0.000002 2.625019 -0.556224 -6.183770 -3.462436 -6.351942 4.493186 3.373229 -2.666624 -1.414257 0.000001 -0.000001 0.000000 -2.634138 1.995805 -5.414799 -14.551178 -3.649686 3.982244 7.316106 -4.743709 3.195275 0.000001 -0.000001 -0.000002 
32.110996 44.480473 -18.334820 -7.134851 3.626138 2.696823 6.036878 0.382871 9.032202 0.974051 -0.974281 5.769928 -0.312276 -1.397429 -2.965884 1.451478 -0.025843 3.011407 -0.000000 0.000000 -0.000000 19.361266 -5.255150 1.033389 42.236087 11.414868 18.316803 8.033326 25.696642 50.296697 -0.000001 -0.000007 0.000003 -14.687975 3.677429 8.674509 -25.691157 -12.155666 29.317173 3.211293 -13.667279 32.941371 0.000003 0.000000 -0.000000 1.552932 -1.069652 -6.079290 -3.167912 -5.933481 5.048633 3.071758 -2.781555 -1.972048 0.000002 0.000000 -0.000000 -1.471852 1.097595 -4.643175 -13.460314 -3.330584 3.749516 7.473367 -2.388601 2.472013 -0.000003 -0.000001 -0.000001 
32.274548 44.419884 -18.473993 -7.296833 3.962948 2.072149 6.216886 0.429984 8.972207 1.384843 -0.796877 5.701856 -0.877191 -1.814981 -3.091490 1.545703 -0.075634 2.852150 0.000000 -0.000001 0.000001 18.285393 -7.749236 2.723734 38.365517 6.619665 20.384990 3.815519 18.644699 52.422532 0.000003 -0.000005 0.000001 -14.460012 3.935948 8.614132 -23.678314 -11.179783 26.149728 7.338027 -10.195588 39.730807 0.000001 0.000003 -0.000004 1.390883 -0.815191 -5.661838 -3.411277 -6.015027 5.349788 2.243669 -2.864446 -2.855649 0.000000 -0.000001 0.000000 -0.534536 0.207480 -3.954877 -10.237469 -2.638878 3.360137 7.270763 0.629262 1.380578 -0.000000 -0.000001 -0.000001 
32.410816 44.393940 -18.583216 -7.497372 4.103004 1.469707 7.388473 0.640799 8.760604 0.028066 -1.607411 5.793216 -0.464664 -1.419768 -3.525848 2.374062 1.003624 2.903696 0.000000 -0.000001 -0.000001 17.276031 -9.412426 4.134415 33.565623 2.405157 20.502729 1.875392 13.968249 50.535292 0.000002 -0.000002 0.000002 -12.864896 4.497603 8.583268 -21.371682 -9.930576 23.264108 10.373739 -6.176266 42.316201 0.000002 0.000000 0.000000 0.724034 -0.820864 -5.601620 -3.206226 -5.100697 6.088233 1.433992 -2.571590 -3.255429 -0.000002 -0.000000 -0.000000 0.200735 -0.553201 -3.232706 -7.402425 -1.991222 3.047032 5.805515 1.852358 0.738539 0.000000 -0.000001 -0.000001 
32.541565 44.382359 -18.680077 -6.540067 4.211205 1.335006 5.861396 0.364905 8.122933 -0.482042 -1.934726 6.050823 0.792096 -1.750601 -3.946187 1.464905 0.412197 3.399910 -0.000000 -0.000001 -0.000002 15.324866 -9.774540 4.911312 30.130645 -0.123997 20.244978 0.627630 11.455137 48.084528 0.000004 -0.000001 0.000003 -12.079688 4.212377 8.365044 -19.439514 -8.398376 21.668625 12.051055 -2.982627 41.721428 0.000002 0.000000 0.000001 0.034147 -0.896607 -5.410089 -2.887368 -4.224958 5.997984 1.016154 -2.228253 -3.174545 0.000002 -0.000000 -0.000000 0.271100 -0.744275 -3.116542 -8.111734 -2.152103 3.287360 7.134445 1.096788 1.388254 -0.000000 -0.000001 -0.000002 
32.653023 44.405052 -18.754915 -5.608302 3.667034 0.856085 5.156438 0.218799 7.785833 -1.002513 -1.994535 5.423249 0.968873 -1.903768 -3.628008 1.417352 0.480853 4.059766 -0.000000 -0.000001 0.000001 13.128584 -9.035307 5.249571 26.325487 -1.653149 19.477394 0.273038 10.351669 43.306036 0.000004 -0.000003 -0.000003 -9.574519 4.119022 7.877658 -16.820900 -6.882441 20.517140 13.500475 -0.004551 37.490557 -0.000004 0.000000 0.000002 -0.681304 -1.006612 -4.746616 -2.320543 -3.335224 5.769595 0.665707 -1.918582 -2.858437 0.000003 0.000000 -0.000001 1.067587 -1.263967 -2.351365 -4.957227 -1.407718 2.500957 6.451964 2.165739 0.664080 0.000000 -0.000002 -0.000000 
32.766937 44.422085 -18.837149 -4.696104 3.575879 0.963859 3.840336 0.020239 6.577035 -0.835968 -1.824697 5.120345 0.999761 -2.951397 -3.596112 1.614652 0.317921 5.648156 -0.000000 -0.000000 -0.000001 10.927934 -7.186836 4.329068 24.138259 -2.318834 18.195470 2.147190 11.492259 38.844341 0.000003 -0.000002 0.000003 -8.087925 3.045325 6.457704 -14.890219 -5.240918 18.766559 13.813956 1.899415 34.804977 0.000001 0.000001 0.000001 -0.674055 -0.903822 -4.495190 -1.840158 -2.877020 5.259682 0.715396 -1.577800 -2.408793 0.000001 0.000000 0.000000 1.377250 -1.494869 -2.364397 -2.721011 -0.893518 1.882812 5.669070 2.812956 0.216560 0.000000 -0.000001 -0.000001 
32.885067 44.430645 -18.931053 -3.754569 3.208123 1.239636 2.403950 -0.163324 5.414084 -1.391291 -2.047012 4.848192 1.775018 -3.115400 -3.482824 1.936290 0.646191 6.285092 0.000000 0.000000 -0.000000 9.787922 -5.916143 3.639199 22.594520 -1.843998 16.599525 5.449736 14.290589 34.479154 0.000002 -0.000002 0.000002 -6.982424 1.877454 5.125975 -13.396840 -4.872438 16.934469 12.843009 1.616018 33.254996 0.000002 0.000002 0.000002 -0.570716 -0.800000 -4.185834 -1.602964 -2.870305 4.509948 1.401514 -1.675172 -1.989098 0.000000 0.000000 -0.000000 1.940295 -1.805024 -2.510364 -1.101535 -0.478826 1.164556 3.749276 2.371001 -0.091987 0.000001 -0.000002 -0.000001 
32.989346 44.469292 -19.004726 -3.211028 2.839880 1.393891 2.611534 -0.073001 4.261817 -1.856906 -2.248493 4.669521 1.663219 -3.414601 -3.429398 2.907010 1.295592 7.212273 -0.000000 -0.000000 0.000001 8.360051 -4.507784 2.660732 20.281880 -2.572932 15.246545 8.178671 16.926498 32.142040 -0.000000 -0.000001 -0.000002 -5.686544 1.253142 4.036887 -11.770861 -4.410242 14.454530 10.984055 -0.726383 32.315298 0.000003 0.000003 0.000000 -0.150767 -0.445266 -3.840936 -1.466079 -2.497115 3.812344 1.189178 -1.412768 -1.750092 0.000002 -0.000000 -0.000000 2.371116 -2.107590 -2.513630 2.414504 0.218229 -0.027635 1.095074 2.734097 -0.779115 0.000000 -0.000001 -0.000001 
33.083611 44.508965 -19.073391 -2.672961 2.913107 1.316881 2.750874 -0.054079 3.553656 -2.738447 -2.543240 4.168050 2.119416 -2.718690 -2.979174 3.231460 1.581926 7.725924 -0.000000 0.000000 0.000002 7.195520 -3.102385 1.955626 16.553949 -4.442440 14.670068 6.501211 15.565187 31.403410 0.000002 -0.000003 0.000004 -4.000580 0.522700 3.176608 -8.396498 -3.221728 11.794277 10.009432 -2.683699 30.764425 -0.000000 0.000001 -0.000001 -0.121736 -0.488161 -3.408251 -1.439528 -1.758561 3.328363 0.819726 -1.349332 -1.445888 0.000002 -0.000000 -0.000001 2.783318 -2.310219 -2.205206 3.045465 0.285825 -0.366663 0.970267 3.009642 -1.067662 -0.000001 -0.000001 -0.000000 
33.179260 44.532230 -19.147804 -2.572880 2.941341 1.145049 2.930308 -0.007402 3.293480 -1.971484 -2.147376 4.077066 1.422879 -2.201734 -2.841276 2.863930 1.177827 7.851423 0.000000 -0.000000 -0.000001 6.354955 -2.112347 1.284952 13.978016 -5.419836 13.595864 5.749298 14.765544 31.113936 0.000002 -0.000001 -0.000002 -3.153424 -0.180852 2.306967 -6.462590 -2.206663 9.968449 9.097911 -3.989993 29.263945 0.000001 0.000000 0.000003 -0.114766 -0.402752 -3.184352 -1.552102 -1.537139 3.310014 0.399250 -1.273375 -1.585327 0.000000 -0.000001 -0.000000 2.859295 -2.417342 -1.979350 2.453431 0.133630 -0.332400 1.836739 3.602991 -1.088928 -0.000001 -0.000002 -0.000000 
33.283424 44.545055 -19.229374 -2.805396 3.213600 0.759222 3.606603 0.055230 3.462629 -1.404238 -1.659527 3.523081 0.846498 -1.883176 -2.511568 2.413019 0.843990 7.757505 0.000000 -0.000000 -0.000002 5.063527 -1.253415 1.219264 9.912754 -6.275556 11.990036 3.818743 12.294460 29.668088 0.000004 -0.000004 0.000007 -2.405731 -0.971146 1.789823 -4.912053 -3.411721 8.151046 7.513414 -5.332750 25.986612 0.000003 0.000000 0.000000 -0.774880 -0.879924 -3.170745 -1.526025 -1.165314 3.749317 -0.292387 -1.187829 -1.883076 0.000000 0.000000 0.000000 3.027155 -2.411375 -1.554572 2.608719 0.164534 -0.543638 2.236129 4.365884 -1.351702 0.000001 0.000000 -0.000001 
33.394836 44.525356 -19.328766 -2.744821 3.597193 0.225012 2.929750 0.020670 3.462458 -1.016483 -1.522737 3.191400 0.599833 -0.504187 -1.946271 2.147458 -0.025965 7.303834 -0.000000 -0.000001 0.000000 4.040450 -1.267306 0.228627 7.132673 -6.738934 9.166246 1.603054 7.179153 28.190725 0.000003 -0.000001 0.000004 -3.316050 0.186901 1.627445 -5.572369 -2.633230 6.940525 4.010493 -7.961870 24.486488 0.000003 0.000002 0.000003 -1.055001 -1.046647 -2.789747 -1.827128 -1.585755 3.963394 -0.492247 -1.242148 -2.113165 0.000002 -0.000000 -0.000000 3.332152 -2.666628 -0.906419 1.560421 -0.068535 -0.656535 2.984055 4.864933 -1.397724 -0.000002 -0.000002 -0.000001 
33.501480 44.507568 -19.426603 -1.916352 2.964681 0.192341 1.844209 -0.077999 2.995644 -0.459916 -1.196484 2.870383 0.515818 0.921595 -1.324641 0.933710 -1.289030 7.255329 0.000000 -0.000001 0.000000 3.013833 -0.488103 -0.800038 6.872976 -5.156549 7.056971 2.887359 6.967217 26.991321 -0.000000 -0.000004 -0.000001 -3.425621 0.543878 1.168254 -6.033784 -2.389245 5.785980 1.877743 -9.145383 23.854716 0.000003 0.000003 -0.000002 -0.772654 -0.707401 -2.069229 -1.802560 -1.395576 3.109620 -0.740413 -0.664125 -1.434189 0.000001 -0.000000 0.000000 2.900235 -2.359890 -0.781382 2.015947 0.044408 -0.939630 2.797057 4.203569 -0.993421 -0.000000 -0.000000 -0.000000 
33.627693 44.468407 -19.540524 -1.610409 2.185918 0.243868 1.041450 -0.087943 2.453264 1.191624 -0.406239 2.924190 -1.319237 2.300797 -1.124221 0.967466 -1.563885 7.371867 0.000000 -0.000001 -0.000002 2.697076 -0.060203 -1.679025 6.260066 -4.227173 4.988547 3.044451 5.337025 25.722581 0.000003 -0.000003 -0.000003 -2.761765 1.151441 0.632743 -6.111503 -2.352978 3.778546 0.116440 -9.961760 23.503461 0.000003 0.000004 -0.000002 0.200739 0.030280 -1.488005 -1.814199 -1.633464 2.459420 -0.627526 -0.485198 -1.141776 0.000001 -0.000000 0.000001 2.342163 -2.051907 -0.872689 1.399571 -0.055726 -0.763123 1.174765 3.169814 -0.936049 0.000000 0.000000 0.000000 
33.752110 44.414734 -19.675390 -1.929867 3.206746 -0.153399 0.708302 -0.076613 2.373067 2.448255 0.429838 2.953542 -2.039567 2.192003 -0.838642 -1.000397 -2.461700 5.243596 0.000000 -0.000000 0.000001 1.913049 0.591727 -1.430430 4.369376 -2.461868 3.320459 2.828381 4.317483 21.629594 0.000002 -0.000006 -0.000001 -2.566986 0.289220 0.523594 -4.709885 -2.393807 2.556847 -0.808119 -8.794129 20.790104 0.000006 0.000002 0.000002 0.334861 -0.400339 -1.535615 -0.952801 -1.760942 2.849222 -1.089670 0.208422 -0.564529 0.000001 0.000000 0.000000 2.421120 -1.726702 -0.624354 -0.701298 -0.122349 -0.120041 2.723527 3.659516 -0.357717 -0.000001 -0.000002 -0.000002 
33.883347 44.352253 -19.816380 -2.304269 3.653055 -0.326926 1.616524 0.082980 2.683857 0.903778 -0.150351 2.244200 -0.995126 2.789495 -0.245492 -0.809432 -2.071699 3.874435 -0.000000 -0.000001 0.000001 1.249196 1.007692 -1.950941 3.299393 -2.252130 1.972562 2.013990 2.449347 19.715809 0.000004 -0.000004 0.000004 -2.182343 0.323849 0.102660 -4.842965 -1.918197 1.814866 -1.421587 -7.873416 19.052435 0.000005 0.000004 -0.000002 -0.035969 -0.914257 -1.877893 -1.112747 -1.783588 3.620081 -0.941399 -0.314658 -1.349860 0.000000 0.000000 -0.000001 2.959151 -2.043382 -0.497995 -1.324149 -0.175828 0.155631 2.139508 3.724287 -0.181596 -0.000001 -0.000002 -0.000001 
33.996639 44.309277 -19.947325 -2.771326 3.765219 -0.419559 2.055691 0.181317 2.720360 1.137879 0.102869 1.946594 -1.350930 2.308818 -0.233713 -0.851684 -1.482162 2.536557 -0.000000 -0.000001 0.000002 0.991761 0.976363 -2.042138 2.812052 -1.024225 0.732860 0.976535 0.785764 16.908939 0.000004 -0.000003 0.000000 -2.126692 0.070251 -0.196399 -4.241506 -1.013803 1.292760 -1.155488 -6.071539 16.898255 0.000001 0.000002 -0.000000 -0.324478 -1.321338 -2.233106 -0.776172 -1.308996 4.027904 -1.606994 -0.255844 -1.976511 0.000001 -0.000000 -0.000001 3.527792 -2.344490 -0.423836 -2.995833 -0.341128 0.432422 -0.024216 1.193399 0.455038 -0.000000 -0.000001 -0.000001 
34.104053 44.267551 -20.095098 -1.254673 2.116986 -0.140337 0.148488 0.051784 1.957218 3.343914 1.234637 1.517696 -3.020636 2.321453 -0.038402 -2.072952 -2.288113 1.124851 0.000000 -0.000000 0.000000 -0.035030 0.132934 -2.183372 4.024054 0.138948 -0.557257 -1.337909 -2.731194 14.887750 0.000002 -0.000007 0.000004 -2.458121 0.146756 -0.892065 -4.715747 0.566648 1.008309 -0.413629 -3.463690 15.560091 0.000002 0.000005 -0.000005 -0.200793 -0.835467 -1.383648 -0.496502 0.142011 2.461976 -1.553792 0.314110 -0.948005 0.000001 -0.000000 -0.000000 1.581578 -1.094692 -0.598657 -1.976023 -0.239349 0.459871 -0.100762 1.431080 0.463029 0.000000 0.000000 -0.000002 
34.193867 44.233711 -20.235968 -1.719113 1.892777 -0.106454 1.025522 0.190646 1.657063 2.534651 0.863721 1.294460 -2.675746 1.795800 -0.185831 -2.649848 -2.505880 0.488045 -0.000000 -0.000001 0.000000 -0.540616 -0.339564 -1.974209 4.105564 0.954918 -1.200538 -3.029597 -4.438614 12.417896 0.000001 -0.000005 0.000001 -2.155376 0.567149 -0.851425 -4.428025 0.985776 0.727380 -0.120708 -2.523136 13.286671 0.000003 0.000004 -0.000001 -0.208197 -0.810286 -1.665261 -0.837912 -0.151441 2.883218 -1.197887 -0.295840 -1.682730 0.000001 -0.000000 -0.000000 1.739140 -1.304866 -0.447752 -1.254194 -0.186736 0.396771 -0.114587 1.209837 0.497916 0.000001 -0.000002 -0.000003 
34.283180 44.194965 -20.376446 -1.500221 1.784051 -0.132173 0.786284 0.150076 1.308454 3.732533 1.486756 1.006094 -3.760970 0.729269 -0.244479 -1.550026 -1.498179 0.772368 0.000000 0.000000 0.000001 -0.156025 0.102185 -1.795483 3.523276 0.818678 -0.870208 -3.406707 -4.434976 8.799681 0.000000 -0.000003 -0.000000 -1.340860 0.249074 -0.932861 -3.429381 0.682291 0.433917 0.577037 -1.192164 10.083499 0.000005 0.000002 0.000001 -0.714523 -1.005141 -1.616988 -0.777139 0.089858 2.702024 -1.148672 -0.333636 -1.653877 0.000003 -0.000000 -0.000000 1.529854 -1.178640 -0.425424 -1.886864 -0.339731 0.616463 1.279175 0.052847 0.923937 -0.000000 -0.000000 0.000000 
34.369633 44.159966 -20.521736 -0.924982 0.600355 -0.064604 0.188242 0.055844 0.598409 1.267442 0.389056 0.517322 -1.037271 0.539335 0.168748 -0.894940 -1.324444 0.391756 0.000000 -0.000001 -0.000000 -0.510808 -0.389028 -0.944340 2.149014 1.163171 -1.176797 -1.993891 -3.119928 4.968751 0.000000 -0.000006 0.000000 -0.740831 1.001417 -0.315101 -2.209480 0.262296 0.013988 0.217450 -0.101889 6.171606 0.000001 0.000003 0.000000 0.121530 -0.348244 -0.790246 -0.496273 -0.084543 1.368927 -0.007280 -0.201173 -0.318122 0.000001 -0.000000 -0.000000 0.812359 -0.621786 -0.216654 0.323804 -0.021971 0.193305 0.781884 1.239443 -0.121478 -0.000001 -0.000001 -0.000000 
34.452545 44.123058 -20.663664 -0.637042 0.539024 -0.137969 0.159289 0.028132 0.429590 0.772631 0.243989 0.306127 -0.567697 0.401421 0.036072 -0.127163 -0.470558 0.470603 0.000000 -0.000001 0.000001 -0.333667 -0.365459 -0.583273 1.339769 0.056445 -0.479486 -0.620065 -1.334342 1.918731 0.000001 -0.000002 -0.000003 -0.580960 0.197330 -0.483644 -1.263195 0.588019 -0.044779 0.394413 0.456355 3.156237 -0.000003 0.000003 0.000000 0.195475 -0.119636 -0.429584 -0.751789 -0.579130 0.947045 -0.064761 -0.516645 -0.829797 -0.000001 -0.000000 -0.000000 0.381465 -0.346730 -0.114655 0.351300 -0.065559 0.126368 1.107767 0.930403 0.008181 0.000001 -0.000002 -0.000000 
34.522663 44.094509 -20.799747 0.379593 -0.319920 0.084912 -0.094850 -0.016167 -0.255581 -0.460252 -0.143180 -0.183666 0.337609 -0.238966 -0.019564 0.077482 0.279429 -0.280452 -0.000000 0.000000 -0.000000 0.196736 0.219021 0.345985 -0.796784 -0.038900 0.284577 0.389983 0.783658 -1.148375 0.000000 -0.000001 -0.000002 0.346395 -0.115070 0.288669 0.751696 -0.349285 0.032792 -0.246356 -0.260935 -1.879119 0.000004 0.000001 -0.000001 -0.116712 0.070465 0.255753 0.451762 0.338587 -0.566974 0.034978 0.307777 0.493371 0.000001 -0.000000 -0.000000 -0.227262 0.205902 0.069292 -0.208920 0.039370 -0.074983 -0.659098 -0.553358 -0.013399 -0.000002 -0.000001 -0.000001 
34.608341 44.053841 -20.955437 0.326135 -1.228526 0.665527 0.157106 -0.010286 -1.298458 -1.116638 -0.251444 -0.616648 1.219639 -2.820394 -0.194199 0.470022 1.022701 -1.207269 -0.000000 -0.000000 0.000000 -0.162496 1.339641 0.802618 -1.615297 -1.128410 2.139166 1.531666 2.705881 -4.716730 0.000000 0.000001 0.000002 2.002026 -0.687659 0.351174 1.671472 -1.759727 0.684813 -1.140798 -0.702246 -6.836651 0.000002 0.000001 0.000001 1.271645 0.867290 0.442079 0.920561 0.309336 -1.794598 0.818567 0.288787 1.084201 0.000000 0.000000 -0.000001 0.220070 0.056784 -0.084799 2.632956 0.614856 -1.100178 -2.745411 -0.265711 -0.714074 0.000000 -0.000001 -0.000001 
34.674259 44.015656 -21.097086 -0.174107 -1.678363 0.976148 0.733326 0.052312 -1.868593 -2.063910 -0.591050 -0.976312 2.054401 -4.576283 -0.423205 1.092682 1.646953 -1.733202 -0.000000 -0.000000 -0.000000 0.228519 1.901656 0.786322 -1.982751 -2.800621 3.373266 0.920284 2.868543 -6.284663 0.000003 -0.000003 0.000000 2.050683 -1.573622 0.076846 2.004853 -2.611439 0.524432 0.018361 0.134008 -8.335317 0.000005 0.000002 -0.000000 1.814202 1.209921 0.355676 1.103788 0.569958 -2.272072 1.220663 0.248332 1.194789 0.000002 0.000000 0.000000 0.289898 0.017934 -0.224072 4.611842 0.953881 -1.674238 -4.154829 0.184738 -1.150239 0.000000 -0.000001 -0.000001 
34.730469 43.966782 -21.239023 0.281182 -1.503560 1.305077 0.339721 0.061111 -2.546475 -2.098905 -0.539243 -1.565295 2.114000 -7.081834 -0.439985 1.525925 1.810237 -1.832739 0.000000 0.000000 0.000000 0.680432 2.149728 0.278991 -1.727631 -5.698744 4.129876 0.684231 1.588418 -3.600981 0.000003 -0.000007 0.000004 2.008246 -2.302287 -0.725934 -0.052181 -3.203079 0.981538 0.888160 1.568392 -5.995038 0.000003 0.000003 0.000000 1.426827 1.163155 0.263901 1.454504 0.980124 -2.732024 1.663132 0.385226 1.365333 0.000002 -0.000000 -0.000000 -0.156908 0.166741 -0.703399 6.818215 1.375112 -2.333217 -6.666783 0.460297 -1.649858 -0.000001 -0.000001 -0.000000 
34.806931 43.910618 -21.398176 1.108813 -2.674301 1.729189 -0.748618 0.040961 -3.370685 -3.385047 -1.121527 -1.709918 3.148869 -7.201997 -0.501321 2.286267 2.678711 -2.827349 0.000000 0.000000 0.000001 1.494501 2.109321 -0.151633 0.176941 -6.260667 4.981945 0.324840 0.721610 -1.413722 -0.000003 -0.000001 -0.000002 2.121920 -2.777662 -1.335948 -0.841785 -3.604793 0.679831 2.252187 3.167382 -4.639081 -0.000000 0.000003 0.000003 2.135733 1.742048 0.578415 1.561863 0.686443 -3.722209 2.390593 0.273988 1.587343 0.000001 -0.000000 -0.000000 -0.974432 0.715981 -0.805534 9.322097 1.787632 -3.077255 -9.226588 1.679100 -2.369712 -0.000001 0.000000 -0.000001 
34.882999 43.874207 -21.555779 1.133142 -3.348655 1.897706 -0.862088 0.086293 -3.825792 -3.667108 -1.183126 -1.772279 3.421008 -7.389996 -0.414240 3.243474 3.768135 -4.003897 -0.000000 -0.000000 0.000001 1.448853 1.715391 0.106960 1.157233 -5.482901 5.290996 0.670844 1.308057 -1.573383 -0.000000 -0.000001 -0.000000 2.739086 -2.798208 -1.375221 -0.521131 -3.164484 0.881825 2.139759 3.026647 -5.919054 0.000001 0.000003 0.000000 2.170229 1.807055 0.519602 1.706453 1.495107 -4.086033 1.903426 0.581488 1.866638 0.000000 -0.000000 -0.000000 -1.425400 0.970215 -0.782984 10.132082 1.843302 -3.166694 -11.256072 1.112404 -2.722784 0.000001 -0.000002 -0.000002 
34.954620 43.860435 -21.694262 1.666353 -4.602006 2.076194 -1.531846 0.093146 -3.965760 -3.938787 -1.170022 -1.944579 3.615328 -7.280523 -0.357015 3.543633 4.385401 -5.613050 0.000000 0.000000 0.000001 1.274891 0.829474 0.653697 1.765843 -5.222743 5.348033 1.484039 1.754269 0.049167 -0.000001 -0.000006 0.000000 3.598719 -1.694451 -0.962436 -0.157430 -1.566046 1.628496 2.396008 4.255526 -9.426714 0.000008 0.000000 -0.000002 2.650075 2.172609 0.992842 2.058019 1.999559 -5.091199 1.235415 1.148702 2.504605 0.000001 0.000000 0.000001 -2.643424 1.850008 -0.766085 11.556415 2.008323 -3.401277 -12.499081 2.589838 -3.396592 -0.000000 -0.000001 -0.000001 
35.015045 43.850388 -21.830944 1.741249 -5.061977 2.150481 -1.751495 0.116055 -4.088476 -3.532596 -0.906039 -2.102192 3.708250 -7.808837 -0.356327 2.069281 3.494786 -6.693691 0.000000 0.000000 0.000001 0.757079 -0.336217 1.258320 1.465098 -5.355654 5.097189 2.557019 2.691216 1.547675 0.000000 -0.000003 0.000002 3.403511 -0.713037 -0.339169 -0.015371 -0.364003 1.902076 2.456793 5.188629 -12.011357 0.000006 0.000001 -0.000001 3.221213 2.437205 1.121962 2.306570 1.797991 -5.459762 1.332359 1.312519 2.644822 0.000000 -0.000000 -0.000001 -2.983908 2.187816 -0.629890 11.368452 2.097059 -3.165702 -13.942135 2.316550 -3.514822 0.000001 -0.000002 -0.000001 
35.073498 43.832695 -21.974066 1.932053 -5.261457 2.100784 -2.367592 0.099712 -4.136460 -2.776255 -0.581308 -2.068981 3.531957 -8.649884 -0.393144 1.344010 2.936820 -7.359526 0.000000 0.000000 -0.000000 0.611470 -1.075686 1.453877 1.552094 -5.545031 4.803249 3.168907 2.901901 2.915286 0.000003 -0.000007 0.000004 3.458020 -0.025544 -0.247660 -0.532865 0.574520 2.356437 2.460182 5.952226 -13.022048 -0.000000 0.000001 -0.000001 3.417687 2.594873 1.340365 2.375050 1.642886 -5.669851 1.415985 1.257881 2.541139 0.000000 -0.000000 0.000000 -3.479986 2.513218 -0.533943 10.939981 2.043911 -3.125175 -14.720690 2.601694 -3.690515 -0.000001 -0.000001 -0.000001 
35.123695 43.821960 -22.113039 1.944666 -5.861549 2.017045 -2.599727 0.126710 -4.011718 -1.215036 0.231784 -2.479055 2.302482 -9.526489 -0.132659 1.315326 3.166281 -8.702743 0.000001 -0.000001 0.000001 0.522458 -1.755805 1.555308 1.677179 -5.827462 4.539712 4.613760 3.420705 3.460663 -0.000000 -0.000002 0.000002 3.652012 0.600129 -0.231966 -1.382753 1.158199 2.828495 2.642869 6.840295 -13.260749 0.000003 0.000003 0.000003 3.289749 2.605278 1.562130 2.851687 2.347103 -5.949380 1.003520 1.760762 2.899281 0.000002 -0.000000 0.000000 -4.306976 3.067841 -0.371569 11.340209 2.179439 -3.605478 -16.733280 3.190661 -4.009831 -0.000001 -0.000000 -0.000000 
35.168358 43.807953 -22.253160 1.258492 -5.591578 2.056869 -1.636281 0.192530 -4.248276 -0.526137 0.608233 -2.648784 1.491865 -10.295424 -0.071914 2.038844 4.138390 -10.362850 0.000000 -0.000001 0.000001 0.653197 -2.081869 2.093084 0.667419 -5.609908 4.311438 5.955336 4.766845 2.117500 0.000000 -0.000006 -0.000001 4.506693 0.669214 -0.088141 -1.248789 1.344561 3.665929 1.848986 6.307283 -14.507641 0.000001 0.000004 0.000001 3.742570 2.765551 1.197406 2.794878 2.010301 -5.616853 0.299137 1.595875 2.014725 -0.000001 0.000000 0.000000 -3.793308 2.749248 -0.454725 10.380663 2.089656 -2.884605 -14.999951 1.716066 -3.352299 0.000001 -0.000001 -0.000001 
35.207058 43.801029 -22.386728 1.231902 -6.302857 2.305715 -1.516383 0.217541 -4.583355 -0.267524 0.786658 -2.941148 1.263030 -10.106698 0.022863 3.097472 5.196186 -11.895619 0.000001 -0.000000 0.000001 0.757636 -2.277563 2.401845 -0.246434 -5.862127 4.088708 6.982436 5.514799 1.698417 0.000004 -0.000005 0.000002 4.338480 0.861823 0.224974 -1.626629 1.245977 4.517332 1.370287 6.281993 -15.138406 0.000001 0.000003 -0.000000 3.926214 2.959611 1.150566 3.065989 2.288835 -5.984889 0.489248 1.947474 2.659578 -0.000001 -0.000000 -0.000000 -4.291166 3.067093 -0.594364 10.932411 2.212894 -2.653043 -14.076454 -0.899660 -2.723607 -0.000000 0.000000 -0.000001 
35.261646 43.754658 -22.543692 0.400948 -5.913446 2.494217 -0.940850 0.234899 -4.798831 0.278942 1.135156 -3.234471 0.760850 -10.991811 -0.123585 4.348522 6.231860 -14.105002 0.000000 -0.000001 0.000001 1.810695 -1.787542 2.341019 -1.338237 -6.287272 4.102209 7.307169 5.818285 0.911408 0.000002 -0.000003 0.000000 3.993048 0.617352 0.381677 -1.618722 1.552637 5.435219 0.574442 5.778986 -14.852907 0.000003 0.000002 -0.000001 4.339950 2.906842 0.719617 3.036124 2.024590 -5.723698 1.129339 1.719614 2.751299 0.000002 -0.000000 -0.000000 -3.581358 2.716837 -1.203470 11.294414 2.268682 -2.610474 -15.028733 -1.602753 -2.912536 0.000001 -0.000001 0.000000 
35.318905 43.691212 -22.729826 -1.063170 -5.467073 2.414065 1.055382 0.389349 -5.074346 -2.160272 -0.011895 -2.944498 2.588112 -10.284808 -0.740742 5.138426 6.823219 -15.909194 0.000000 -0.000000 0.000002 2.787058 -1.751038 2.243951 -1.253497 -6.951063 4.245330 7.736153 5.736612 0.522736 0.000002 -0.000004 0.000001 4.183100 1.027652 0.409159 -2.574539 1.944379 6.527500 -0.931074 4.950373 -14.186367 0.000003 0.000005 -0.000005 5.021529 3.051245 0.170562 2.535544 0.989147 -4.707471 1.492980 1.255217 2.286734 0.000000 -0.000000 0.000000 -2.807204 2.167558 -1.296489 12.321288 2.354271 -3.047778 -17.217539 -0.792626 -3.666323 0.000000 -0.000002 -0.000001 
35.379551 43.631897 -22.914133 -1.791494 -5.234278 2.515491 2.757002 0.516881 -5.246484 -3.875672 -0.810877 -2.907521 3.471303 -9.832366 -1.108506 5.510347 7.176771 -17.241365 -0.000000 -0.000001 -0.000001 2.741576 -2.226176 2.404412 -0.982600 -6.354227 3.845476 7.914794 5.469169 0.323975 0.000003 -0.000003 0.000003 4.065541 1.130276 0.384169 -2.968945 2.382870 6.955893 -1.904086 4.434105 -13.980653 -0.000001 0.000001 0.000001 5.415148 3.148267 -0.305187 2.319808 0.952969 -4.262777 1.111836 1.374472 2.240505 0.000001 -0.000000 -0.000000 -2.132351 1.638778 -1.543224 12.674768 2.374435 -3.236143 -18.783024 -0.295039 -4.183810 0.000001 -0.000003 -0.000001 
35.438240 43.569641 -23.114214 -1.082632 -5.982520 2.721516 2.470139 0.522840 -5.590812 -4.184101 -0.918726 -2.932445 3.835631 -8.578074 -1.092306 5.598765 7.571121 -19.063826 0.000000 -0.000001 0.000001 3.148699 -2.863363 2.760268 -1.360163 -5.272215 3.253390 8.504248 5.888500 -1.071546 -0.000001 0.000001 0.000002 4.144400 1.861887 0.814440 -2.297816 3.222751 6.931234 -3.908091 3.048194 -14.509466 0.000006 0.000004 -0.000003 5.768202 3.514567 0.083567 2.646205 1.294348 -5.219149 0.927578 1.972277 3.099977 0.000001 -0.000001 -0.000000 -2.560443 1.963629 -1.580117 12.331755 2.359195 -3.156337 -19.150515 0.509448 -4.320100 -0.000001 -0.000001 0.000000 
35.490612 43.507587 -23.317287 -1.823499 -5.688303 2.663588 3.524934 0.575601 -5.596792 -3.885653 -0.808537 -2.888769 3.309443 -8.577017 -1.493388 6.245868 7.962210 -20.761226 -0.000001 -0.000001 -0.000002 3.926719 -3.303146 3.229957 -1.865889 -5.054454 3.308537 10.015093 7.195191 -3.630330 0.000004 -0.000006 0.000000 5.696883 2.684367 1.173396 -1.310854 3.628115 6.888093 -5.975462 0.496053 -14.440854 -0.000000 0.000000 0.000001 6.091317 3.654185 -0.322966 2.089293 1.082501 -4.454115 1.037150 1.608622 2.911037 0.000001 0.000000 0.000001 -2.049873 1.502069 -1.627630 12.601515 2.227426 -3.318667 -18.759446 -0.565333 -4.484186 -0.000001 -0.000001 0.000000 
35.530560 43.448128 -23.512194 -0.789058 -5.725173 2.757951 1.997697 0.514712 -5.616731 -2.672018 -0.202024 -3.136090 3.047877 -8.473283 -1.390832 6.142838 8.116233 -21.901835 -0.000002 -0.000000 0.000001 4.816438 -3.741307 3.309741 -2.254080 -5.687198 3.293143 10.937606 7.429232 -4.597404 0.000002 -0.000006 0.000000 6.041680 3.166832 1.275154 -1.301362 3.964672 7.084955 -6.796249 -0.412747 -12.794571 0.000006 -0.000001 0.000002 4.907162 3.104227 -0.089154 2.154675 1.612636 -4.680451 1.209136 1.664341 3.176856 0.000000 -0.000000 -0.000000 -2.782972 2.022295 -1.803414 10.148793 1.912306 -2.489675 -17.740335 -2.127452 -3.998518 0.000001 -0.000002 -0.000000 
35.577690 43.385750 -23.722719 -0.955945 -5.589588 2.689139 1.864696 0.529822 -5.836846 -1.267953 0.443933 -3.285025 2.507697 -9.012293 -1.234081 6.762687 8.517298 -23.236631 -0.000001 -0.000001 -0.000003 5.115626 -4.417398 3.721155 -2.482134 -5.894420 3.524378 10.919157 7.869811 -5.415437 -0.000001 -0.000003 0.000000 6.336235 3.850771 1.638006 -1.733699 3.587882 7.930279 -6.229676 -1.285991 -12.320608 0.000001 0.000003 -0.000000 4.762988 3.177194 -0.219595 1.514466 1.235810 -4.260764 1.164506 1.365538 2.891928 0.000001 -0.000000 -0.000000 -3.141055 2.130047 -1.773251 9.280361 1.626810 -2.340412 -17.488824 -3.315647 -4.119037 -0.000002 0.000000 0.000000 
35.628460 43.303478 -23.934925 -0.747966 -6.421717 3.009857 1.529728 0.542929 -6.262989 -0.924956 0.607084 -3.316480 2.329353 -8.222438 -1.239632 7.116061 8.884927 -24.605345 0.000000 -0.000000 0.000002 5.092001 -4.896418 3.950727 -1.947269 -5.634132 3.486196 11.483896 7.504388 -5.883520 0.000005 -0.000015 0.000003 6.717661 4.203853 1.525049 -1.935346 4.351023 8.436151 -7.052771 -1.395943 -11.613576 0.000003 0.000002 -0.000001 4.641411 3.082312 0.050458 2.287038 1.980493 -5.068975 1.039741 1.952338 3.698309 0.000000 -0.000000 0.000000 -4.100498 2.912416 -2.249157 10.665900 1.916336 -2.286793 -16.201122 -3.215446 -3.712060 -0.000001 -0.000001 0.000000 
35.670795 43.231941 -24.150702 -1.388197 -6.311462 2.851418 2.626915 0.581277 -6.139823 -1.143171 0.591011 -3.441636 2.291988 -8.661534 -1.290034 7.457778 9.306476 -25.639719 -0.000000 -0.000001 -0.000002 5.337511 -5.224389 4.203672 -1.960147 -4.729550 3.278381 11.465100 7.732829 -6.065410 0.000001 -0.000004 0.000002 7.414267 4.678301 1.590879 -2.006898 4.247760 8.785459 -7.623144 -1.756655 -11.864828 0.000003 0.000003 0.000000 4.952239 3.156750 0.003924 2.437501 1.913921 -4.914088 0.532086 2.289368 3.883306 0.000001 0.000000 -0.000001 -3.889364 2.827138 -2.137723 11.737350 2.101804 -2.657147 -17.080401 -1.894491 -4.117432 -0.000001 -0.000003 -0.000000 
35.717686 43.165806 -24.371510 -1.890449 -6.053676 2.758030 3.312991 0.594145 -6.072698 0.949894 1.571104 -3.752500 0.509717 -10.251071 -1.088795 7.005999 9.075793 -26.448207 -0.000000 -0.000000 -0.000001 5.630107 -4.953070 3.877514 -1.450519 -5.463094 3.739124 11.104168 7.228709 -5.727190 0.000007 -0.000005 0.000002 7.602830 4.707315 1.310628 -2.735090 4.758005 9.640966 -7.463031 -1.439883 -10.983011 0.000002 0.000000 -0.000000 5.279688 3.173802 -0.116271 2.221035 1.499876 -4.629015 0.513820 2.229965 3.804655 0.000001 -0.000000 -0.000000 -3.650866 2.672885 -1.895086 12.922709 2.243454 -3.202696 -17.694725 -0.768331 -4.389821 0.000000 -0.000001 -0.000001 
35.756989 43.099300 -24.599852 -1.588908 -6.819318 2.707195 3.401180 0.593495 -6.078865 1.079850 1.694349 -4.179071 0.256332 -9.887777 -0.911407 6.882810 9.043079 -27.470392 0.000000 -0.000000 0.000001 5.977489 -4.820483 3.661774 -1.269151 -5.943155 3.941802 10.846592 7.326788 -4.882257 0.000002 -0.000004 0.000002 7.914309 5.053149 1.308425 -3.410077 5.026688 10.102849 -7.347029 -1.597736 -10.509964 -0.000003 -0.000000 -0.000001 5.296829 3.386963 0.272916 2.656576 1.877533 -5.070826 0.304924 2.780383 4.259706 0.000001 -0.000000 0.000000 -4.164106 3.097870 -1.616880 12.052020 2.225789 -2.813580 -15.888202 -3.415828 -3.367249 -0.000000 -0.000003 -0.000001 
35.800430 43.022888 -24.838839 -1.568714 -6.778651 2.699929 3.372927 0.618875 -6.176016 1.679309 1.938328 -4.303393 -0.051292 -10.037134 -0.837927 7.287884 9.243998 -28.123973 -0.000001 -0.000001 0.000002 6.027535 -5.241246 3.606138 -0.881226 -6.836260 4.229613 10.894623 7.194217 -4.017070 0.000004 -0.000002 -0.000001 7.856914 5.236921 1.208393 -4.047725 5.556391 10.615064 -7.325099 -1.398176 -10.530692 0.000004 0.000000 0.000001 5.019060 3.331537 0.236368 2.445441 1.923784 -4.931018 0.436770 2.686356 4.174767 -0.000001 0.000000 0.000000 -4.668895 3.373154 -1.446458 12.195104 2.221909 -3.207560 -16.139684 -2.933645 -3.477850 0.000001 0.000000 -0.000001 
35.842350 42.950432 -25.082859 -1.806200 -6.131701 2.582746 4.114008 0.664817 -6.011136 1.325562 1.774225 -4.296714 0.510106 -10.150178 -0.902344 7.236790 9.349805 -29.014869 0.000002 -0.000000 -0.000001 6.341280 -5.497685 3.349957 -0.550127 -7.316689 4.237162 10.655062 6.797385 -2.733367 0.000004 -0.000004 0.000004 7.942494 5.565182 0.970707 -5.157656 5.777187 11.203443 -7.263617 -0.726365 -10.391439 0.000001 0.000002 -0.000000 4.884338 3.055720 0.026678 2.344179 1.401549 -4.324668 0.011964 2.914262 4.178420 0.000000 0.000000 0.000001 -4.748342 3.490364 -1.475149 10.401932 2.040592 -2.895422 -16.746801 -4.703325 -3.182035 -0.000002 -0.000001 -0.000001 
35.873566 42.875828 -25.328199 -1.467142 -6.601152 2.751860 4.155307 0.662449 -6.111159 1.636626 2.001534 -4.697186 0.097983 -10.308503 -0.719779 7.187559 9.561211 -30.046531 0.000001 0.000001 0.000003 6.519019 -5.789261 3.395296 -0.377975 -7.469053 4.137476 10.647415 6.426257 -2.143648 0.000002 -0.000008 0.000001 8.131814 5.892758 0.928498 -5.896951 5.883077 11.729648 -6.908000 0.017271 -9.996825 0.000002 0.000003 -0.000002 4.976810 3.147876 0.333438 2.617283 1.306877 -4.893948 0.498580 3.010386 4.571585 0.000003 -0.000000 -0.000000 -4.931165 3.649033 -1.514365 10.727071 2.145853 -3.024151 -17.833226 -4.366746 -3.363526 -0.000000 -0.000000 0.000000 
35.901546 42.804527 -25.573677 -1.420323 -6.247895 2.822307 4.086929 0.664461 -6.195087 1.805474 2.081028 -4.693616 0.165750 -10.255510 -0.804443 7.306429 9.648472 -30.424740 0.000000 0.000001 0.000004 6.816208 -5.883577 3.329536 -0.069392 -7.790665 4.285392 10.869064 6.369660 -1.436865 0.000000 -0.000003 0.000002 8.204562 5.815308 0.761105 -6.480616 6.009977 12.215179 -6.574254 0.645164 -9.891665 0.000003 0.000000 0.000001 4.653642 2.828146 0.185045 2.658064 1.489235 -4.716837 0.053348 3.318733 4.830659 0.000000 -0.000000 0.000000 -4.906406 3.650089 -1.582227 10.495929 2.121305 -2.779041 -15.414207 -5.045722 -2.555494 0.000001 -0.000002 -0.000002 
35.923500 42.738152 -25.815495 -1.853356 -6.121440 2.882887 5.084910 0.691520 -6.126607 1.273133 1.936215 -4.931559 0.441192 -10.360108 -0.691778 7.412394 9.696540 -31.375557 0.000000 -0.000000 0.000001 6.621691 -5.975258 3.455667 -0.464186 -7.885001 4.285845 11.087962 6.554635 -1.603249 0.000002 -0.000006 0.000000 8.317710 5.814478 0.792799 -5.869048 6.270185 11.995584 -7.100069 0.306705 -10.144205 0.000001 0.000001 0.000001 4.631525 2.666163 -0.018234 2.599183 1.629892 -4.453344 -0.096089 3.138572 4.604577 0.000003 0.000000 0.000001 -4.883532 3.666775 -1.677561 10.541078 2.077745 -2.799550 -14.289375 -5.342026 -2.245980 0.000000 -0.000001 0.000000 
35.930687 42.684841 -26.045673 -1.756071 -6.247963 3.009560 5.483300 0.716983 -5.972969 0.708745 1.746508 -5.271093 0.935419 -9.977431 -0.759703 6.874658 9.633324 -32.084786 0.000001 0.000000 0.000003 6.909775 -5.743744 3.323634 -0.633935 -8.714918 4.644586 11.044588 6.685794 -1.475109 0.000004 -0.000003 -0.000000 8.363602 5.844476 0.791044 -5.896536 6.321815 12.205067 -7.333196 -0.045597 -10.043676 -0.000000 -0.000001 0.000002 4.046717 2.325494 -0.059658 3.123583 2.670738 -4.685019 -0.479905 3.397189 4.760197 -0.000001 -0.000000 -0.000000 -4.974785 3.719111 -1.799093 10.905748 2.156420 -2.885253 -15.082533 -5.404245 -2.459434 -0.000002 -0.000003 -0.000001 
35.929775 42.635227 -26.270779 -1.694367 -6.231325 3.121894 5.863422 0.733989 -5.942936 0.641683 1.804903 -5.520946 0.874283 -9.825715 -0.650605 6.524271 9.462738 -32.539940 0.000001 -0.000001 -0.000000 6.779592 -5.754053 3.455714 -0.905047 -9.109451 4.727451 10.777436 6.407859 -1.414448 0.000002 0.000001 0.000002 8.164830 5.517632 0.810240 -5.819524 6.283988 12.403855 -7.494495 0.008241 -10.138911 0.000003 0.000003 0.000000 3.731596 2.080254 -0.053339 3.233543 2.962170 -4.796113 -0.454503 3.273581 4.655542 0.000001 0.000000 0.000001 -5.137647 3.890768 -1.963272 10.816165 2.132661 -2.696213 -15.431262 -5.689969 -2.656017 -0.000001 -0.000002 -0.000001 
35.920116 42.598503 -26.493355 -2.126655 -6.156053 3.162658 6.325944 0.731899 -5.842848 0.781092 1.922891 -5.701754 0.906057 -9.942560 -0.696363 6.675185 9.746808 -33.244279 0.000000 -0.000000 -0.000000 6.938382 -5.661904 3.770740 -1.442274 -8.776934 4.865724 10.632918 6.896364 -2.783190 0.000002 -0.000003 -0.000003 8.603618 5.536778 1.044993 -5.032633 6.138043 12.459615 -8.192391 -1.169876 -10.782980 0.000007 0.000000 0.000001 3.848564 2.114522 -0.293929 2.817704 2.324511 -4.362215 0.038203 2.724199 4.205439 0.000000 0.000000 0.000002 -4.740474 3.606931 -2.122987 10.360759 2.019578 -2.568323 -13.689396 -5.991168 -2.155883 -0.000001 0.000001 -0.000001 
35.907104 42.553360 -26.711845 -2.228853 -6.037822 3.541516 6.670898 0.762628 -5.981417 0.847276 1.964967 -6.001691 0.887051 -10.022574 -0.550167 6.720276 9.638612 -33.950480 0.000001 0.000000 -0.000003 7.095174 -5.795823 3.587525 -1.140297 -9.257822 4.900190 10.084212 6.147388 -2.543194 0.000001 0.000003 0.000001 8.898156 5.689004 0.886622 -5.495881 6.096304 12.623229 -8.456360 -1.457907 -10.075929 0.000005 0.000001 -0.000001 4.373981 2.380219 -0.566589 2.122189 1.087862 -4.165402 0.569062 1.978399 3.331891 -0.000001 -0.000001 -0.000000 -4.600380 3.492559 -2.617651 9.763254 1.878016 -2.091994 -11.523785 -6.155927 -1.572235 0.000000 0.000000 -0.000003 
35.895798 42.502995 -26.931421 -2.665076 -5.358552 3.546372 7.136019 0.804837 -5.816829 1.002642 2.005679 -6.039485 1.026784 -10.618173 -0.468756 6.197108 9.247480 -34.421018 0.000002 0.000000 0.000001 6.719258 -6.131854 3.331582 -0.246470 -9.580679 5.032649 9.831893 5.293008 -2.095834 0.000003 -0.000002 0.000002 9.121522 5.924015 0.529824 -6.349758 6.203058 12.832257 -8.409475 -1.041408 -9.274547 0.000001 0.000003 0.000000 4.351700 2.234424 -0.885021 1.769805 0.963826 -3.705452 0.272832 2.114977 3.472188 0.000000 -0.000000 -0.000000 -4.372916 3.302219 -2.817161 9.759790 1.824151 -1.742463 -10.564400 -6.502426 -1.261781 -0.000001 0.000000 -0.000001 
35.856045 42.480347 -27.123804 -3.703026 -4.875808 3.536896 8.141422 0.879495 -5.552120 0.849901 1.919726 -5.980411 1.228774 -10.732336 -0.801577 7.118502 9.738426 -34.842844 -0.000001 -0.000000 0.000003 7.028112 -6.145970 3.195543 0.023436 -9.980904 5.150504 9.425086 4.788645 -2.021293 0.000001 -0.000008 0.000001 9.590102 5.868533 0.320402 -6.766926 6.477079 13.202276 -8.690442 -1.357494 -8.998679 -0.000001 0.000002 -0.000000 4.035329 1.849804 -1.594768 1.674210 1.077087 -2.781982 0.138624 2.086976 3.097611 0.000000 -0.000000 0.000000 -3.911873 2.950402 -3.003565 8.789632 1.726502 -1.415400 -9.712861 -8.609931 -0.442525 0.000001 -0.000003 -0.000000 
35.823410 42.442226 -27.333036 -3.837105 -5.314218 3.780747 8.430192 0.959572 -5.551337 1.446274 2.272383 -6.407197 0.404682 -10.977002 -0.629371 7.944829 10.229159 -35.582017 -0.000000 -0.000002 -0.000002 6.737163 -6.872244 3.153740 1.178794 -10.057673 4.950638 9.402194 3.527930 -0.924398 0.000003 -0.000002 0.000002 9.044277 5.751514 -0.064484 -7.709301 7.201556 13.570825 -7.950851 0.089060 -7.538462 0.000003 0.000003 0.000000 4.752514 2.193334 -1.642704 1.870439 1.037490 -3.016894 -0.156862 2.291228 3.178237 -0.000001 -0.000000 -0.000003 -4.168328 3.140988 -3.161536 7.606496 1.614526 -1.139098 -8.659911 -9.965170 0.403927 0.000000 0.000001 -0.000000 
35.786991 42.411083 -27.529636 -3.607626 -5.666204 4.008759 7.786203 0.896505 -5.495748 1.862913 2.502973 -6.568661 0.286647 -11.237818 -0.600754 8.362955 10.464161 -36.439189 -0.000001 -0.000001 -0.000003 6.719374 -6.595609 3.194999 0.496064 -10.640917 5.090054 10.356844 4.121299 -1.744159 0.000003 -0.000004 0.000002 10.246044 6.102625 -0.158721 -7.159454 7.357339 13.440755 -9.005954 -0.277184 -8.672006 0.000005 -0.000000 0.000002 5.049996 2.319387 -1.510044 2.076837 0.942726 -3.460095 0.217080 2.714575 4.154876 0.000000 -0.000000 -0.000000 -4.312612 3.328727 -3.371951 6.744135 1.495112 -0.843060 -8.756041 -12.025704 0.744452 0.000000 -0.000002 0.000001 
35.750938 42.378632 -27.732492 -3.058166 -6.163596 4.405868 7.374520 0.825385 -5.565429 2.693348 3.016288 -7.061371 -0.308347 -11.963589 -0.231623 8.401844 10.614433 -37.244202 -0.000001 -0.000001 0.000000 6.036797 -6.209225 3.717909 -1.002651 -10.003381 4.957661 10.464582 5.067432 -3.691484 0.000005 -0.000005 0.000002 9.944354 5.484873 0.220359 -5.780849 7.368170 13.475425 -9.172809 -0.820567 -9.995743 0.000001 -0.000000 -0.000000 5.419894 2.500855 -1.327540 2.184171 0.808549 -4.122525 0.378485 2.599469 4.247246 0.000000 -0.000000 0.000000 -4.440811 3.569063 -3.730568 7.739681 1.634054 -1.207744 -8.680681 -11.875460 0.523753 -0.000001 -0.000003 -0.000001 
35.705708 42.357361 -27.926926 -3.098281 -6.361921 4.704274 7.669511 0.876504 -5.792706 2.926988 3.080735 -7.133049 -0.559733 -12.287253 -0.212449 8.745376 10.722524 -37.657729 -0.000000 -0.000002 0.000001 6.270204 -6.570843 3.590328 -0.925811 -11.105008 5.062403 10.384586 4.578155 -3.161800 0.000003 -0.000003 0.000003 9.600412 5.586783 0.060381 -6.624711 7.548193 13.749151 -8.265284 -0.016744 -9.161591 0.000003 0.000004 -0.000000 5.863210 2.707297 -1.548638 1.952390 0.287158 -4.088044 0.478557 2.522244 4.061669 0.000003 -0.000000 -0.000000 -4.420150 3.541395 -4.102424 8.631748 1.764332 -1.437636 -9.192253 -10.406119 0.105275 -0.000001 -0.000002 0.000000 
35.655029 42.339081 -28.108877 -3.118468 -6.271428 4.813181 7.677198 0.894578 -5.717634 1.057404 2.314364 -7.101939 1.078152 -11.566226 -0.240428 10.075421 11.108763 -38.085353 0.000001 -0.000000 0.000003 6.669199 -6.243233 3.163351 -0.339745 -11.283606 5.282140 10.298639 4.348524 -2.920063 -0.000000 -0.000003 -0.000000 11.199681 5.792089 -0.560509 -7.359128 7.326933 14.167435 -8.843019 -0.074674 -9.633919 0.000005 0.000004 0.000001 5.902729 2.703087 -1.620608 1.760596 0.277374 -4.103877 0.729874 2.219606 3.806506 0.000000 0.000000 0.000001 -4.271147 3.428245 -4.254499 8.527815 1.714967 -1.501368 -9.027762 -10.970045 0.285271 -0.000002 0.000000 -0.000001 
35.602257 42.320156 -28.288513 -3.448407 -6.413564 4.820893 8.134548 0.906897 -5.531419 2.008780 2.702606 -7.243457 0.151354 -11.890522 -0.312970 8.499835 10.544377 -37.775447 -0.000000 0.000000 0.000004 6.733547 -5.902148 3.121337 -0.457251 -11.099008 5.460490 10.463562 5.227323 -3.315354 0.000003 -0.000003 0.000000 10.639005 5.689036 -0.239688 -6.268152 7.836314 13.547100 -8.618486 -0.669713 -10.346403 0.000005 0.000002 -0.000000 5.921351 2.775533 -1.761424 1.562160 0.187500 -3.768746 0.763801 1.892017 3.322622 -0.000001 -0.000001 0.000001 -4.291651 3.370487 -4.376526 9.218756 1.760309 -1.350148 -9.248979 -10.261130 -0.006141 -0.000001 -0.000000 -0.000001 
35.545460 42.302559 -28.461897 -3.293650 -6.894640 4.915679 8.249015 0.876785 -5.276923 0.047443 1.941865 -7.378678 1.726377 -10.807766 -0.319876 8.836941 10.725782 -38.426508 0.000002 0.000000 0.000004 6.162544 -5.623018 3.329467 -1.350378 -10.403929 5.019714 11.180891 6.256466 -4.309192 0.000005 -0.000003 -0.000000 11.744930 5.667627 -0.316660 -5.143681 8.133861 13.086994 -10.077980 -1.776683 -12.010353 0.000002 0.000001 -0.000001 6.172208 3.059859 -1.603979 1.530047 0.132054 -4.001559 1.302553 1.545051 3.129344 0.000000 -0.000000 0.000001 -4.900081 3.766555 -4.350358 10.632717 1.934684 -1.749856 -9.735973 -10.467940 -0.275535 -0.000000 0.000002 -0.000001 
35.491676 42.284248 -28.631622 -3.059891 -7.164868 5.148843 8.167498 0.830313 -5.347431 -0.138662 1.925635 -7.508221 2.000279 -10.830010 -0.145270 8.265600 10.655877 -38.648707 -0.000000 -0.000002 -0.000001 5.597668 -5.543217 3.516694 -2.259647 -9.874261 4.776648 12.350535 7.462137 -5.602032 0.000002 0.000000 -0.000000 11.482284 5.272518 -0.197111 -4.052847 8.525011 12.684734 -10.831743 -2.341001 -13.097327 0.000001 0.000000 0.000000 6.886217 3.384762 -1.507107 1.502415 -0.147856 -4.447967 1.449239 1.475684 3.175205 0.000001 0.000000 0.000001 -5.017930 3.962359 -4.574341 10.099954 1.860656 -1.436046 -8.351610 -10.395372 0.236475 -0.000001 0.000000 -0.000001 
35.438728 42.258617 -28.811794 -2.665597 -7.345573 5.281176 7.511380 0.794778 -5.279232 0.381886 2.136484 -7.560975 1.775124 -10.433674 -0.082268 8.356551 10.738493 -38.819667 0.000000 -0.000000 -0.000003 5.416174 -5.444751 3.503016 -2.498326 -9.356143 4.482433 12.147103 7.410277 -5.912888 -0.000000 -0.000006 0.000000 11.504989 4.993378 -0.303076 -3.471447 8.823101 12.146838 -11.587084 -2.989767 -13.254018 0.000005 0.000001 0.000005 7.130557 3.538327 -1.388263 1.622873 -0.271148 -4.838147 1.767883 1.950982 4.164718 0.000003 -0.000001 -0.000000 -5.258845 4.181049 -4.517175 9.007660 1.731869 -1.028910 -7.488329 -11.340041 0.747141 -0.000001 -0.000002 -0.000000 
35.383423 42.242107 -28.984030 -2.190565 -7.181361 5.480952 6.583780 0.755011 -5.211550 1.572509 2.598662 -7.608073 1.175803 -11.130138 -0.068343 7.673820 10.571355 -39.206064 -0.000001 -0.000000 -0.000001 4.870235 -5.189740 3.431353 -2.581804 -8.591657 4.122756 11.993053 7.355757 -5.966290 0.000003 -0.000003 0.000000 11.517426 4.767078 -0.411875 -3.043375 8.961179 11.862535 -11.981112 -3.267900 -13.880915 0.000001 0.000002 -0.000003 7.358641 3.725609 -1.330324 1.587487 -0.908779 -5.083851 1.635975 2.137981 4.327276 0.000000 0.000000 0.000000 -4.941759 3.954652 -4.658056 7.900298 1.580848 -0.829546 -6.371875 -11.566340 1.195888 0.000000 -0.000000 0.000001 
35.326958 42.234310 -29.146334 -2.158460 -7.102044 5.495951 6.355548 0.738997 -5.152011 2.302542 2.847226 -7.537030 0.666823 -11.674589 -0.169802 7.437914 10.489184 -39.317342 0.000001 -0.000001 -0.000002 5.076146 -4.891272 3.244746 -2.814933 -8.555407 4.039022 12.031579 7.544086 -5.922616 0.000002 -0.000005 0.000002 11.745155 4.849822 -0.420285 -3.102377 8.562396 11.729793 -11.823106 -3.204725 -14.359897 0.000001 0.000003 -0.000002 7.385290 3.768144 -1.327341 1.544876 -1.248911 -4.992305 1.698723 2.030421 4.064783 0.000001 0.000000 -0.000000 -4.633834 3.735795 -4.702124 7.104268 1.476799 -0.533569 -5.312536 -12.148610 1.698848 -0.000001 -0.000003 -0.000000 
35.281364 42.223457 -29.314669 -2.594351 -7.399174 5.572255 6.314607 0.731035 -5.150953 2.984332 3.178828 -7.703548 0.167523 -12.157555 -0.149827 7.440136 10.666961 -39.738133 -0.000001 -0.000000 0.000002 5.323252 -4.935639 3.339605 -3.521843 -8.689643 3.728783 12.264506 7.730398 -6.024954 0.000005 -0.000003 -0.000000 12.042619 5.065661 -0.388539 -2.812190 8.130735 11.248414 -11.929632 -3.320301 -14.157827 -0.000002 -0.000002 0.000002 7.858577 3.953189 -1.444745 1.558015 -1.182472 -5.010999 1.964585 1.730801 3.794838 0.000000 -0.000000 -0.000000 -4.617596 3.746206 -4.703661 7.059362 1.471866 -0.421052 -6.181585 -12.873167 1.621992 -0.000000 0.000002 -0.000001 
35.230103 42.217442 -29.467789 -2.306051 -7.784628 5.756878 6.129498 0.711667 -5.148791 2.155256 2.899340 -7.933295 0.773304 -11.914227 -0.014345 7.054550 10.448619 -40.151113 -0.000001 -0.000002 -0.000004 5.217266 -4.936025 3.235163 -3.684268 -8.354534 3.228961 12.526046 7.692769 -5.742070 0.000003 -0.000006 -0.000001 11.924418 5.163815 -0.402128 -2.622519 8.279206 10.778427 -11.851818 -3.131389 -13.733807 0.000001 0.000000 0.000000 7.861092 3.990290 -1.343269 1.772196 -0.626433 -5.474782 1.640434 2.172680 4.330337 0.000001 0.000000 0.000001 -4.990326 4.044595 -4.784800 7.711337 1.561950 -0.562767 -6.815831 -12.545433 1.341158 0.000001 -0.000001 -0.000001 
35.181107 42.209145 -29.621042 -2.187920 -7.544967 5.828231 5.631047 0.703848 -5.046921 3.133951 3.268067 -7.997799 0.052485 -12.398041 -0.149263 6.870504 10.400223 -40.188031 -0.000002 -0.000001 0.000000 5.203750 -5.103506 3.215672 -3.512801 -8.593352 3.130386 12.879148 7.752041 -5.371081 0.000005 -0.000008 0.000001 11.812679 5.251346 -0.501313 -2.647598 8.707307 10.532345 -11.788293 -3.051917 -13.368549 -0.000003 0.000004 0.000001 7.667913 3.905381 -1.467431 1.716803 -0.699387 -5.347469 2.064554 2.217644 4.708793 0.000000 0.000000 0.000001 -5.055773 4.024043 -4.783142 7.710461 1.556183 -0.650110 -7.715882 -12.532490 1.096386 -0.000001 -0.000004 -0.000001 
35.136070 42.192585 -29.776003 -2.271978 -7.267513 5.936157 5.659596 0.713143 -5.097717 4.416653 3.774456 -8.170233 -1.033775 -13.004118 0.001386 6.834960 10.385220 -40.500320 0.000001 -0.000000 -0.000002 5.248298 -4.884722 2.897962 -3.402286 -9.096804 3.242870 12.227584 7.189345 -4.749750 0.000003 -0.000002 -0.000003 11.712287 4.966925 -0.659041 -3.100087 8.218382 10.522764 -11.468139 -2.826773 -13.286279 0.000003 0.000002 0.000001 7.418731 3.698511 -1.646843 1.635645 -0.537954 -5.326400 1.739722 2.089429 4.307375 0.000000 0.000000 -0.000000 -5.402667 4.248875 -4.861931 8.173527 1.616367 -0.658864 -8.049873 -12.270433 0.894092 -0.000002 -0.000003 -0.000000 
35.088421 42.179504 -29.938158 -1.879381 -7.569048 6.007896 5.559329 0.688602 -5.157654 3.883027 3.643219 -8.380462 -0.818193 -12.485669 0.203379 6.663092 10.405285 -40.931824 -0.000002 -0.000001 -0.000001 5.455759 -4.765802 2.799867 -3.597414 -8.830646 3.338204 12.848755 8.011776 -5.264988 0.000002 -0.000005 0.000002 12.063116 5.187155 -0.612908 -2.389043 7.964259 9.967248 -11.941617 -3.244559 -14.158730 0.000005 0.000003 -0.000002 7.901979 3.966337 -1.452244 1.522286 -0.912755 -5.705964 2.252917 2.205488 5.046441 0.000000 0.000000 0.000001 -5.581996 4.470720 -4.717631 8.420031 1.640836 -0.909997 -8.384105 -11.565449 0.539987 -0.000001 -0.000003 -0.000001 
35.050793 42.155762 -30.103661 -1.851925 -7.549832 6.118681 5.514126 0.692459 -5.166975 4.227449 3.805424 -8.500444 -1.260405 -12.637542 0.258335 7.050067 10.599194 -41.300672 -0.000001 0.000001 -0.000002 5.309742 -4.867011 2.833532 -3.512620 -8.213950 3.142749 12.797881 8.034262 -5.718164 0.000003 -0.000006 0.000000 12.469310 5.216570 -0.708786 -2.264321 7.840128 9.752557 -12.306448 -3.383207 -14.779100 0.000006 0.000000 0.000004 8.006618 3.975679 -1.479392 1.619379 -0.874795 -5.875744 2.147336 2.582877 5.563079 -0.000001 -0.000000 0.000000 -5.484790 4.468435 -4.794390 8.635366 1.712782 -0.940539 -8.314144 -11.830297 0.754432 -0.000001 -0.000002 -0.000002 
35.014839 42.119030 -30.277500 -1.654014 -8.202087 6.440296 5.442482 0.677331 -5.490141 3.878147 3.736622 -8.678778 -1.311897 -11.910503 0.329461 6.993668 10.570480 -41.427816 -0.000000 0.000000 -0.000001 5.297908 -4.672466 2.811351 -3.793604 -8.645548 3.261689 13.501917 8.334688 -6.288717 0.000005 -0.000003 0.000002 12.338686 5.074044 -0.633908 -1.720828 8.154962 9.591426 -12.906402 -3.477240 -15.375601 0.000003 0.000004 -0.000001 8.687019 4.294434 -1.449817 1.842841 -0.994112 -6.434778 2.454419 2.715938 5.999893 0.000002 0.000000 -0.000000 -6.157839 5.086131 -4.958497 8.850358 1.777050 -1.197058 -7.911221 -12.263614 0.958017 0.000000 -0.000004 -0.000001 
34.978516 42.085800 -30.454313 -1.867576 -7.974876 6.625600 6.375384 0.763443 -5.545305 2.799857 3.315433 -8.661147 -0.963230 -12.095228 0.275488 7.086561 10.570774 -42.025894 -0.000001 -0.000000 0.000001 5.005136 -4.745174 2.411640 -3.212746 -8.800458 2.982400 13.294457 7.592789 -5.488984 0.000003 -0.000004 -0.000003 12.564791 5.265712 -1.024751 -2.687792 8.087435 9.577834 -12.464585 -2.583990 -15.289314 0.000001 -0.000001 0.000003 8.822353 4.243124 -1.730471 1.534204 -1.306795 -6.222200 2.491453 2.586968 5.771346 -0.000001 0.000000 -0.000000 -5.691766 4.721462 -5.167821 8.486512 1.705230 -1.114954 -7.580207 -11.959693 1.155777 0.000000 -0.000003 -0.000002 
34.947792 42.038586 -30.637075 -1.938971 -7.681676 6.889475 6.586958 0.783764 -5.679774 1.299701 2.755075 -8.703830 0.334737 -11.618924 0.408490 7.480018 10.697830 -42.522237 -0.000001 0.000000 0.000002 4.351175 -5.041906 2.432239 -3.703714 -9.197774 2.708153 12.707523 6.968888 -4.981079 0.000004 -0.000004 0.000002 13.212811 5.540284 -1.212147 -3.409695 6.953060 9.409957 -12.769600 -2.510171 -15.380804 -0.000002 0.000003 -0.000000 8.906255 4.117085 -1.959421 1.548892 -1.189528 -6.403984 2.213726 2.580642 5.558657 -0.000002 -0.000000 0.000000 -5.775935 4.824125 -5.396967 8.337123 1.698189 -0.984259 -7.412477 -11.231320 1.127449 -0.000000 -0.000003 -0.000000 
34.912128 41.994907 -30.815376 -2.998363 -6.850977 6.734719 7.583416 0.851953 -5.281795 0.311672 2.395271 -8.620462 1.275163 -11.842358 0.257268 8.050095 10.916644 -43.012034 -0.000000 -0.000001 -0.000001 4.019569 -5.056632 2.581032 -4.155672 -8.875802 2.322821 12.114701 6.423383 -5.440527 0.000001 -0.000004 -0.000003 13.294909 5.255686 -1.247123 -2.931213 7.063569 8.945111 -13.386312 -2.719068 -15.935207 0.000003 0.000001 0.000001 8.488650 3.564143 -2.472946 1.543396 -1.117471 -5.432999 1.993786 2.527962 5.303075 -0.000001 0.000000 0.000001 -5.180812 4.417499 -5.569841 8.258774 1.718994 -1.034901 -6.921403 -12.451259 1.594565 -0.000002 0.000000 -0.000001 
34.879383 41.955383 -30.989605 -2.671845 -6.741115 6.967132 7.464561 0.904071 -5.321842 -0.605814 2.058471 -8.642323 2.202174 -11.630709 0.116789 6.943365 10.651352 -43.391628 -0.000002 -0.000000 -0.000004 3.298559 -5.386924 2.599292 -3.658241 -8.648224 1.938410 11.696880 5.455731 -5.289825 -0.000000 -0.000002 0.000002 12.176609 5.083139 -1.196231 -3.182357 7.675419 8.753243 -12.704656 -1.809978 -15.625904 0.000005 -0.000000 -0.000000 7.961130 3.235153 -2.542950 1.829546 -0.712394 -5.616093 1.821186 2.735257 5.471730 0.000001 -0.000000 -0.000000 -5.311084 4.557415 -5.730847 8.383920 1.797169 -1.282199 -8.119027 -13.190307 1.521471 0.000000 0.000000 -0.000002 
34.844997 41.915825 -31.164675 -2.701691 -6.577438 7.009497 7.206489 0.909740 -5.231072 -0.426829 2.102971 -8.605654 2.153071 -11.720068 -0.034502 7.036578 10.696923 -43.565197 -0.000001 -0.000001 0.000001 3.444443 -5.425341 2.550020 -3.620686 -8.519940 1.675356 11.241529 4.903113 -5.120857 0.000002 0.000000 -0.000000 11.933882 5.084059 -1.200711 -3.247783 7.822540 8.526200 -12.410467 -1.418246 -15.662046 0.000003 0.000001 0.000001 7.786125 3.120499 -2.629909 1.960704 -0.515902 -5.605342 1.756822 2.800909 5.389358 0.000001 -0.000000 -0.000001 -5.377834 4.599342 -5.816910 7.786533 1.735562 -0.964757 -7.321487 -13.628195 1.892704 -0.000002 0.000000 0.000000 
34.823898 41.873848 -31.343576 -2.242893 -7.029259 7.213897 6.557489 0.868654 -5.365731 -0.452029 2.101866 -8.637788 2.251848 -11.258939 -0.020922 7.401822 10.679862 -43.728790 -0.000000 0.000000 0.000004 3.421017 -5.201957 2.567263 -4.249529 -8.878669 1.584017 11.005810 4.625279 -5.695499 0.000000 0.000000 0.000001 11.850399 4.877059 -1.099036 -2.887729 7.575524 8.257660 -12.721997 -1.551601 -16.243617 0.000003 0.000003 -0.000000 8.189711 3.498487 -2.410170 1.886914 -0.666367 -6.210881 2.009730 2.809142 5.660587 0.000002 0.000000 -0.000000 -5.723609 4.858275 -5.908474 8.413144 1.800472 -1.195096 -7.210130 -12.642458 1.626224 0.000000 -0.000003 -0.000000 
34.800762 41.843975 -31.513901 -1.909322 -7.203044 7.314511 6.085854 0.831173 -5.168035 1.005944 2.723947 -8.915361 1.316321 -11.848789 0.105301 6.722186 10.371015 -44.222131 -0.000000 0.000001 0.000004 3.083078 -5.038638 2.259841 -4.320089 -9.063033 1.376966 10.232720 3.904870 -5.288869 0.000005 -0.000003 0.000002 11.532333 4.846268 -1.180010 -2.897831 7.657369 7.841125 -12.769387 -1.331182 -16.170777 0.000003 0.000001 0.000003 7.870782 3.357279 -2.254676 1.970850 -0.107477 -6.530174 1.284834 3.203679 5.924071 0.000001 -0.000000 -0.000000 -6.228001 5.229316 -5.937221 9.260657 1.884459 -1.670049 -8.564612 -11.804883 0.985491 -0.000000 -0.000003 -0.000001 
34.780075 41.816010 -31.685001 -1.923733 -7.253087 7.289168 6.572871 0.841580 -5.037182 -0.050066 2.396257 -9.115965 2.061204 -11.568692 0.246872 6.218945 10.277695 -44.298479 0.000001 0.000000 0.000007 2.858558 -4.877004 2.417998 -5.050683 -8.632265 1.113474 10.290991 4.388931 -5.967773 0.000004 -0.000003 -0.000000 11.658067 4.847155 -1.020107 -2.116853 7.629385 7.397375 -13.280428 -1.808496 -17.004268 0.000004 -0.000000 -0.000000 7.874753 3.378692 -2.186314 2.085367 0.113679 -6.555364 1.386415 3.018121 5.716695 0.000000 -0.000000 -0.000000 -5.863960 4.973213 -5.931928 10.288157 2.015800 -2.148773 -9.469061 -10.967782 0.503795 -0.000001 -0.000003 -0.000001 
34.765892 41.781181 -31.863871 -1.899220 -7.264650 7.366456 6.282900 0.824495 -5.126864 0.404424 2.544553 -9.008940 1.717568 -12.179015 0.137182 6.218770 10.400076 -44.426108 -0.000001 0.000000 0.000002 2.807400 -5.177400 2.499177 -5.476488 -8.766721 0.824475 10.392222 4.276132 -6.010648 0.000003 -0.000002 0.000002 11.560561 4.941492 -0.939018 -2.282052 7.195348 7.262953 -13.061584 -1.614396 -17.012785 0.000001 0.000005 -0.000000 8.013377 3.409745 -2.290646 2.025295 0.021185 -6.578511 1.393847 3.128907 5.881242 0.000001 0.000000 0.000000 -6.262811 5.269940 -5.802936 10.761982 2.110242 -2.349909 -9.263097 -10.409687 0.494841 -0.000001 -0.000001 -0.000002 
34.752583 41.748245 -32.040131 -2.049838 -7.130487 7.337320 5.853572 0.808880 -5.030374 1.898433 3.056425 -8.938826 0.501719 -12.895938 -0.012383 6.632494 10.429712 -44.695450 0.000001 -0.000000 0.000000 2.900324 -5.172811 2.513161 -5.714890 -8.578890 0.564773 10.453678 4.313403 -6.141549 0.000003 -0.000002 0.000002 11.760191 4.916874 -1.055965 -2.122293 6.961330 7.050858 -13.106564 -1.837781 -16.781375 0.000003 0.000003 0.000000 8.103809 3.524558 -2.405497 1.769010 -0.352703 -6.335771 1.596500 2.835787 5.513217 0.000001 -0.000001 -0.000001 -6.277258 5.218061 -5.633932 10.811485 2.056241 -2.499928 -9.186248 -10.349249 0.399164 -0.000000 0.000000 -0.000002 
34.737690 41.716068 -32.215729 -1.967983 -7.032917 7.320213 5.987830 0.836856 -4.962309 0.909538 2.714686 -9.079937 1.252818 -12.475438 0.158554 6.976704 10.440462 -44.814985 -0.000002 -0.000001 -0.000003 2.956376 -5.435982 2.532833 -5.868853 -8.503850 0.251149 10.731977 4.267587 -5.937805 0.000002 -0.000003 0.000003 11.217523 4.831100 -0.999100 -1.832374 7.236436 6.664757 -12.844135 -1.674292 -16.319537 0.000005 0.000001 0.000002 7.726535 3.347599 -2.391434 1.840221 -0.018163 -6.354542 1.356729 2.987413 5.590731 0.000001 -0.000001 -0.000001 -6.459059 5.359880 -5.597325 10.658900 2.022202 -2.537584 -9.716548 -10.255992 0.153916 0.000000 -0.000001 -0.000001 
34.711834 41.701241 -32.386669 -1.795653 -7.544853 7.293342 6.089027 0.880063 -5.138571 -0.208740 2.252936 -9.056761 2.086814 -11.482301 0.160498 6.823320 10.467421 -44.652970 0.000001 0.000000 0.000001 3.215981 -5.177178 2.404741 -5.814136 -9.136158 0.473358 10.447779 4.160162 -5.698027 0.000001 -0.000004 0.000004 11.786721 4.958951 -1.077625 -2.344898 7.207908 7.110071 -13.369045 -1.901917 -17.054982 0.000003 0.000002 -0.000000 8.057452 3.712518 -2.268856 1.867333 -0.135128 -6.586682 1.563305 2.718509 5.149419 -0.000001 -0.000000 -0.000000 -7.029715 5.683537 -5.249426 10.918187 2.106764 -2.682527 -10.300624 -10.621504 0.011845 0.000000 -0.000002 -0.000001 
34.688686 41.680698 -32.561882 -2.012058 -7.438982 7.321595 6.462804 0.911740 -5.337212 -0.325239 2.149557 -8.826366 1.861856 -11.238282 0.021419 6.516560 10.282962 -44.373516 0.000002 -0.000000 -0.000002 3.137454 -5.020808 2.437384 -5.491108 -8.745019 0.626839 10.785931 4.672900 -5.825507 0.000002 -0.000003 0.000002 12.195993 4.987308 -1.154544 -2.253007 7.377921 7.202824 -13.567478 -1.984447 -17.820360 0.000002 0.000001 0.000001 8.437509 3.824675 -2.429746 1.796133 -0.664250 -6.372850 1.268108 2.740479 4.888913 0.000000 -0.000001 -0.000000 -6.372660 5.260614 -5.323472 9.948264 2.008180 -2.273368 -10.105018 -10.975033 0.103439 -0.000001 -0.000001 -0.000002 
34.670837 41.662598 -32.737915 -1.940239 -7.548473 7.303065 6.365605 0.913530 -5.324554 0.464636 2.446995 -8.856790 1.171561 -11.505609 0.046430 6.296491 10.278338 -44.513603 0.000001 -0.000000 0.000001 3.393355 -4.849792 2.311612 -5.822297 -9.312617 0.736721 10.555157 4.712681 -5.993732 -0.000001 -0.000001 -0.000000 12.690390 5.075800 -1.282730 -2.704939 7.171615 7.377749 -13.975011 -2.271064 -17.849330 0.000006 0.000000 0.000003 8.756250 4.026521 -2.345338 1.850758 -0.505612 -6.691473 0.756690 2.970565 4.922209 0.000001 -0.000000 0.000000 -6.634406 5.442855 -5.113913 10.606343 2.112789 -2.754121 -10.482862 -10.687203 0.069191 -0.000001 0.000000 -0.000001 
34.655888 41.649536 -32.911297 -1.937677 -7.502160 7.204128 6.456836 0.923807 -5.267292 -0.044258 2.205931 -8.779833 1.570781 -11.172858 0.006581 6.521419 10.166669 -44.379161 0.000002 -0.000001 -0.000002 3.371998 -5.058968 2.304556 -5.671755 -8.978173 0.586289 10.575278 4.882691 -5.605037 0.000001 -0.000003 -0.000000 12.687869 5.450442 -1.209081 -2.493604 7.132609 7.013177 -13.954713 -2.623209 -17.754831 0.000003 -0.000000 0.000001 8.229846 3.819621 -2.256679 1.848821 -0.248228 -6.552234 1.190308 3.020990 5.336106 0.000000 -0.000001 0.000000 -6.649257 5.397262 -4.979265 10.362200 2.024622 -2.822184 -10.347535 -10.682075 -0.049457 0.000001 -0.000001 -0.000001 
34.636169 41.638683 -33.077042 -1.453107 -7.464011 7.478235 6.315595 0.930586 -5.462829 -0.206550 2.119163 -8.850940 1.652367 -10.715633 -0.030578 5.969466 9.952293 -44.150773 0.000001 -0.000001 0.000001 3.515269 -4.840155 1.939910 -5.217066 -9.723731 0.663331 10.089442 4.227130 -3.940444 0.000002 -0.000002 0.000002 11.956165 5.405226 -1.281388 -3.209870 7.120288 7.065403 -13.031502 -1.787043 -17.067084 0.000001 0.000001 -0.000001 8.269021 3.902556 -2.346973 1.686377 -0.620189 -6.618500 1.335407 3.187348 5.628437 0.000001 -0.000000 0.000000 -7.315658 5.870125 -5.202923 10.683893 2.062946 -2.926409 -9.614878 -10.141511 0.091947 -0.000001 0.000000 -0.000001 
34.621906 41.626003 -33.241547 -1.868376 -7.424656 7.392036 7.045643 0.978742 -5.367073 -1.164001 1.718096 -8.765008 2.244075 -10.480901 -0.172063 6.035630 9.956887 -44.185030 0.000001 0.000000 0.000003 3.481691 -4.929021 1.914912 -4.969295 -9.647420 0.555307 9.862271 3.846621 -3.501144 0.000005 -0.000005 0.000002 12.098048 5.444733 -1.370677 -3.705373 6.985469 7.257149 -12.837962 -1.598072 -16.708191 0.000001 0.000004 0.000001 8.811601 4.204231 -2.418202 1.422144 -1.210906 -6.394913 1.797513 2.823985 5.273323 0.000000 -0.000000 0.000001 -7.227625 5.775865 -5.171843 10.689754 2.071222 -2.682172 -9.873805 -10.283354 0.119399 0.000000 0.000001 0.000000 
34.607334 41.616436 -33.399902 -2.048159 -6.999139 7.355577 6.630845 0.965717 -5.186908 -0.038496 2.148946 -8.861204 1.647296 -11.396358 -0.185225 5.861966 9.902086 -44.301058 0.000000 -0.000001 -0.000001 3.411336 -5.186836 1.951680 -4.644800 -9.671073 0.587903 9.767830 3.746574 -3.137482 0.000002 -0.000005 0.000002 12.163571 5.398836 -1.490322 -4.248654 6.889684 7.545141 -12.349667 -1.413760 -16.399504 0.000008 0.000004 -0.000001 8.212384 3.815432 -2.627475 1.448727 -1.129855 -5.962310 1.703390 2.892165 5.234889 0.000000 0.000000 0.000001 -6.855433 5.462807 -5.230714 10.279258 2.021338 -2.709799 -10.719505 -10.474400 -0.001559 -0.000001 -0.000000 0.000000 
34.600094 41.603031 -33.558044 -2.548600 -6.725350 7.309248 7.187050 1.008716 -5.120432 -1.083736 1.718878 -8.754092 2.509146 -11.297888 -0.237827 5.820175 9.898426 -44.233101 0.000000 -0.000001 -0.000002 3.415310 -5.226560 1.721336 -4.163746 -9.853142 0.634951 9.414727 3.194386 -2.659902 0.000003 -0.000003 -0.000000 12.010655 5.483979 -1.595390 -4.560908 6.990792 7.477595 -12.052773 -1.180764 -15.734422 0.000003 0.000001 0.000001 8.161077 3.657961 -2.816679 1.517352 -0.974872 -5.622714 1.587278 2.824617 4.989519 -0.000001 0.000000 -0.000000 -6.114819 4.946749 -5.435004 9.524500 1.948740 -2.655571 -10.669466 -10.852374 0.215563 -0.000001 0.000001 -0.000001 
34.584282 41.600883 -33.705185 -2.164801 -6.867143 7.334413 7.022888 0.998141 -5.129345 -0.407229 1.962351 -8.622109 1.804592 -11.239697 -0.273984 5.635068 9.835206 -44.023288 -0.000001 0.000001 -0.000000 3.332510 -4.987437 1.655699 -4.307555 -9.889749 0.678189 9.419635 3.215975 -2.660202 0.000000 -0.000003 0.000000 11.964750 5.462739 -1.543591 -4.411023 6.902447 7.415057 -12.169084 -1.087774 -15.940021 0.000003 0.000002 -0.000001 8.347546 3.796708 -2.613189 1.456845 -1.280991 -5.831902 1.997683 2.635252 5.029312 0.000000 -0.000001 -0.000000 -6.082828 4.944818 -5.405428 9.550788 1.955835 -2.876246 -10.016179 -11.050430 0.435949 -0.000001 -0.000001 -0.000001 
34.566406 41.604633 -33.843319 -2.158241 -7.069645 7.344460 7.149500 0.991296 -5.020119 -0.888316 1.852813 -8.754905 2.245400 -10.776953 -0.091834 6.007101 10.051107 -44.122216 -0.000001 -0.000001 -0.000003 3.450827 -4.548898 1.407872 -4.171127 -9.923774 0.852903 8.845363 2.571461 -2.753987 -0.000001 -0.000006 0.000002 11.748850 5.151266 -1.649939 -4.291358 7.302729 7.669619 -12.282120 -0.785330 -16.104734 0.000008 0.000001 -0.000002 8.565493 3.826903 -2.511326 1.454496 -1.207764 -5.989603 1.925105 2.654503 5.123161 0.000000 -0.000000 -0.000001 -6.131839 5.073994 -5.413987 10.044255 2.030083 -2.680878 -11.003290 -10.425627 -0.044303 -0.000001 -0.000003 -0.000001 
34.553558 41.606609 -33.984245 -1.866631 -7.289545 7.326391 6.383085 0.949048 -4.954366 -0.251041 2.047580 -8.497843 1.991029 -10.624213 -0.268959 5.598780 9.999982 -44.080303 0.000001 0.000000 -0.000000 3.728568 -4.588887 1.190362 -3.675012 -9.797800 0.809960 8.436372 2.045179 -2.028837 0.000002 -0.000001 0.000003 11.509091 5.247032 -1.705419 -4.677836 7.312020 7.634858 -11.735206 -0.312437 -15.528879 0.000005 0.000001 0.000001 8.757967 3.995801 -2.324035 1.578454 -1.138334 -6.304450 2.049463 2.781218 5.368454 -0.000001 0.000000 0.000001 -6.387345 5.253261 -5.287802 8.902284 1.882144 -2.225981 -11.304118 -12.139662 0.255602 -0.000000 -0.000001 0.000000 
34.537422 41.611710 -34.118786 -1.906973 -7.557133 7.303031 6.613331 0.948317 -4.926662 -0.331953 2.038855 -8.460370 1.951949 -10.368982 -0.189350 5.553609 9.969798 -43.914565 -0.000000 -0.000000 -0.000003 3.706428 -4.590079 1.284161 -3.763500 -9.469174 0.843773 9.121579 2.758105 -2.530308 0.000003 -0.000003 0.000000 11.641718 5.251057 -1.652512 -4.134655 7.589381 7.479043 -11.899372 -0.348463 -16.110806 0.000004 0.000004 0.000002 8.915178 4.066247 -2.212979 1.744360 -0.856136 -6.563421 2.219297 2.721810 5.439329 -0.000001 -0.000000 -0.000000 -6.595980 5.463305 -5.243347 9.814587 2.008092 -2.258951 -11.152997 -10.861778 0.066303 0.000001 -0.000001 -0.000002 
34.522346 41.617294 -34.246033 -2.056228 -7.413819 7.375625 6.791141 0.923441 -4.923668 -0.416536 2.024709 -8.322547 2.004204 -10.495550 -0.072699 5.815153 10.195749 -43.665802 -0.000001 -0.000000 -0.000002 3.416058 -4.724843 1.663345 -4.262997 -8.919461 0.788182 9.189733 3.121758 -3.346707 0.000005 -0.000007 0.000004 11.666595 5.073076 -1.485596 -3.154957 7.616232 7.262789 -12.582370 -1.146745 -16.447966 -0.000001 0.000002 -0.000000 8.823053 3.906257 -2.413454 1.737655 -0.795210 -6.452963 1.798445 2.459686 4.844451 0.000003 -0.000000 -0.000001 -6.650107 5.540160 -5.547165 10.325679 2.063620 -2.454680 -11.345430 -10.101606 -0.154316 0.000000 -0.000003 -0.000001 
34.526741 41.623283 -34.373314 -2.001019 -7.735448 7.211732 6.532572 0.828415 -4.491964 0.631949 2.427753 -8.288833 0.972645 -10.515906 0.129397 5.807898 10.222955 -43.285614 -0.000001 -0.000001 -0.000004 3.556492 -4.431378 2.253834 -5.212313 -7.925393 0.721966 10.357185 4.481720 -5.205361 0.000002 -0.000005 0.000002 12.236165 4.952019 -1.074726 -1.650785 6.942530 6.790440 -13.605474 -2.005024 -17.742444 0.000006 0.000001 0.000002 8.558553 3.848339 -2.241861 1.912239 -0.775628 -6.482003 1.698362 2.443486 4.847420 0.000001 0.000000 0.000000 -6.733816 5.630512 -5.491862 10.506650 2.100789 -2.457718 -10.868170 -10.753827 -0.094599 -0.000001 0.000001 -0.000001 
34.538074 41.615887 -34.496834 -2.847116 -7.685903 7.191966 7.474574 0.884361 -4.211884 -0.197548 2.104823 -8.053912 1.400500 -10.267221 0.096244 5.608107 10.118986 -42.665552 -0.000000 -0.000001 -0.000002 3.559905 -4.398850 2.280327 -5.044359 -7.663960 0.741347 10.675949 4.436737 -5.694509 0.000005 -0.000007 0.000003 12.025783 4.694467 -1.129793 -1.492347 7.208163 6.733377 -12.897946 -1.176334 -17.375871 -0.000000 0.000003 0.000002 8.761266 3.744321 -2.408738 2.254393 -0.657529 -6.380195 1.980019 2.681492 5.291375 0.000002 0.000000 0.000001 -5.931128 5.150213 -5.956403 10.554053 2.216046 -2.035971 -10.001132 -11.173493 0.504626 0.000000 0.000000 -0.000002 
34.564915 41.633385 -34.605644 -2.155553 -7.717904 7.214269 6.070176 0.756213 -3.828426 1.683217 2.783193 -7.762632 0.461342 -10.563260 0.109960 5.168389 9.839687 -41.630481 -0.000001 -0.000001 0.000000 4.210437 -4.279292 2.264321 -4.627585 -7.616013 1.003075 10.213026 4.001867 -5.876978 -0.000002 -0.000006 -0.000001 11.484190 4.687218 -0.901460 -1.468223 7.618538 7.011802 -12.466842 -0.730386 -16.734155 0.000003 0.000002 -0.000000 8.348623 3.504099 -2.277735 2.488243 -0.394438 -6.519926 2.263756 2.822671 5.689968 0.000001 -0.000000 0.000001 -5.769358 5.080274 -6.102163 8.622204 1.949352 -1.262216 -9.756392 -12.529156 0.847889 -0.000000 -0.000001 -0.000000 
34.597755 41.657288 -34.703232 -2.366833 -7.358313 6.977504 6.471273 0.773316 -3.095833 1.263531 2.448708 -7.164155 0.509701 -9.499473 -0.025395 7.511490 10.426917 -40.450761 0.000000 0.000001 -0.000001 5.034403 -4.384275 2.749540 -4.617620 -7.119816 1.415050 10.558216 5.097464 -7.204455 0.000003 -0.000009 0.000004 11.451123 4.393974 -0.603278 -0.777034 7.743453 7.377431 -12.260035 -1.128389 -17.882484 0.000001 0.000001 -0.000001 7.652926 3.224175 -2.483643 2.559341 -0.031037 -5.794798 1.599944 2.756623 4.958807 0.000001 0.000000 0.000000 -5.158907 4.588453 -6.683437 7.898545 1.812066 -0.285813 -6.729012 -13.222253 1.793460 0.000001 -0.000003 -0.000001 
34.625145 41.701733 -34.777100 -3.061726 -6.739768 6.600429 6.913055 0.786882 -2.380934 2.911230 2.921861 -6.493638 -0.953969 -10.040084 -0.381147 8.233995 10.541031 -39.105814 0.000001 -0.000001 0.000002 5.748926 -4.712323 3.054705 -3.965888 -6.650827 1.781032 10.441495 5.484629 -7.471952 0.000005 -0.000005 0.000001 11.097235 4.598592 -0.313709 -1.020863 7.584471 7.921112 -11.362536 -0.745540 -18.238115 0.000005 0.000004 -0.000002 6.924267 2.716962 -2.845734 2.346015 0.048572 -4.732460 1.315102 2.407301 4.115770 0.000000 -0.000000 0.000001 -4.838382 4.259209 -6.833966 7.179028 1.624189 0.450072 -4.185532 -12.470715 2.436414 0.000000 -0.000001 -0.000001 
34.645905 41.755768 -34.829170 -3.533374 -5.615941 6.100191 7.321944 0.854175 -1.299790 2.738737 2.541339 -5.619990 -0.790506 -9.652337 -0.747461 7.763863 10.222972 -37.025308 -0.000001 -0.000000 -0.000001 6.659971 -5.734134 3.216766 -1.961840 -6.869700 2.731563 10.023694 5.149793 -7.100493 0.000002 -0.000006 0.000003 10.706870 5.150670 -0.154886 -2.681599 6.989734 9.027840 -9.229513 0.200352 -17.494167 -0.000002 -0.000000 -0.000001 5.865267 2.192791 -3.269825 1.907281 -0.158921 -3.393062 1.186979 2.045004 3.285703 0.000001 -0.000001 -0.000000 -4.452264 3.805759 -6.756152 5.943278 1.428865 0.807988 -1.066197 -11.239484 3.409475 -0.000000 -0.000002 -0.000002 
34.655918 41.822304 -34.855499 -4.482274 -4.546840 5.598321 9.264306 1.065993 -0.042755 0.634214 1.436612 -4.716717 0.438745 -7.917081 -1.040374 8.153419 10.343884 -34.992746 0.000000 0.000000 0.000003 8.120064 -6.502149 3.298861 -0.415496 -7.883594 4.263419 8.842826 4.819773 -5.533949 0.000006 -0.000003 0.000003 9.528286 5.452309 0.379253 -3.775876 7.074360 10.346439 -7.538530 0.510680 -16.745691 0.000007 0.000001 0.000003 4.428755 1.272293 -3.927474 1.674174 0.871740 -1.784930 -0.115266 2.197483 2.496998 -0.000001 -0.000000 -0.000000 -3.838208 3.195383 -6.754593 4.839728 1.203615 1.328159 1.138974 -9.467262 3.832969 -0.000001 0.000001 -0.000001 
34.654991 41.902088 -34.857910 -4.869714 -3.410007 5.343466 9.561805 1.110226 1.012888 0.641379 1.201716 -3.902241 0.925782 -6.750017 -1.395183 8.265882 10.015938 -33.354990 0.000001 -0.000000 -0.000001 9.075231 -6.641306 3.213153 1.215026 -8.478759 5.842357 7.084453 4.598074 -4.518370 0.000005 -0.000005 0.000001 8.874476 5.785297 0.854165 -5.072866 6.162667 11.539384 -5.867623 0.746655 -16.921124 0.000001 0.000002 -0.000000 2.935915 0.360583 -4.534034 1.250720 0.959878 -0.436130 -0.687092 1.902725 1.435833 0.000000 -0.000000 0.000000 -2.712976 2.238007 -6.862452 3.201661 0.867305 1.448218 2.302330 -9.141091 4.113757 0.000000 0.000001 -0.000001 
34.637711 41.992455 -34.849247 -5.751412 -2.029638 5.096314 11.222169 1.247417 2.115666 0.130914 0.744977 -2.998265 0.894904 -5.222796 -1.601377 8.120303 9.709257 -31.016282 -0.000000 -0.000001 -0.000001 10.458480 -6.981836 3.699381 3.038546 -9.539066 8.166282 4.225682 3.827753 -3.208689 0.000004 -0.000003 0.000000 7.356790 6.235522 2.050771 -6.092072 4.743633 12.926452 -4.407940 0.682916 -17.024052 0.000001 0.000005 0.000002 1.863608 -0.582160 -5.431909 0.814911 1.072744 1.185013 -1.147751 1.528429 0.614013 0.000001 -0.000000 0.000000 -2.371006 1.889816 -6.840504 1.608770 0.404531 2.136125 4.996386 -8.276260 4.570775 0.000000 -0.000002 -0.000000 
34.611816 42.079521 -34.831234 -5.227605 -1.883065 5.375776 10.750546 1.174653 2.549462 1.587547 1.112735 -1.648660 -0.079595 -4.388622 -2.129073 8.792273 9.893085 -29.071307 -0.000002 -0.000002 -0.000002 11.967161 -8.175472 4.234968 6.007882 -10.295494 10.559112 1.969253 2.596420 -1.038117 0.000003 -0.000002 0.000002 5.200391 6.972188 3.244833 -7.776131 4.360015 14.908971 -2.008744 2.063155 -15.676157 0.000003 0.000004 0.000002 1.039159 -1.136426 -5.463639 0.372003 1.153399 0.911175 -0.894570 1.005289 0.423631 0.000002 0.000000 -0.000000 -1.404513 1.207087 -6.905884 2.068548 0.375478 1.678875 3.522056 -7.116974 3.485651 -0.000001 0.000003 -0.000000 
34.573349 42.155933 -34.805920 -5.863435 -1.005305 5.398157 12.145128 1.385651 3.399767 1.312450 0.665414 -0.572236 -0.655691 -4.091201 -2.943154 8.870148 10.057213 -27.448234 -0.000000 -0.000000 0.000002 13.388870 -9.020815 4.258050 9.479390 -10.167018 12.240344 0.148099 0.970418 2.275299 -0.000000 -0.000001 -0.000002 3.643428 7.689465 3.834658 -10.503063 3.611632 16.847515 0.752883 3.714132 -14.031872 0.000005 0.000002 -0.000000 0.494544 -1.501320 -6.027102 0.100018 0.728070 1.603480 -0.902900 0.704680 -0.352523 0.000001 -0.000000 0.000000 -0.799569 0.637236 -6.912516 2.029303 0.352859 1.753220 2.800404 -5.769974 3.022671 -0.000001 -0.000000 -0.000002 
34.527336 42.215042 -34.781136 -6.412367 -0.520642 5.598070 12.548323 1.426257 4.566518 1.899387 0.681065 0.309682 -1.038027 -3.453411 -3.521296 8.157768 9.702438 -25.903001 -0.000000 -0.000000 -0.000000 15.052612 -9.996862 5.088583 12.640928 -9.552925 14.626741 -2.276583 0.430728 4.919060 0.000003 0.000001 0.000002 0.908134 7.675885 5.039488 -12.101650 2.914365 19.496994 4.108872 4.670764 -13.565230 0.000001 -0.000002 0.000001 -0.272017 -2.106373 -6.825049 0.119982 1.570905 2.350278 -0.770508 0.242928 -1.028967 -0.000001 -0.000000 0.000000 -1.343453 1.054250 -7.404125 2.130121 0.233953 2.089282 1.691564 -5.779882 2.609030 -0.000001 0.000000 -0.000001 
34.453228 42.280006 -34.751385 -6.769037 0.142586 5.647666 12.989437 1.572734 6.411239 2.354065 0.723150 0.877519 -1.644445 -3.323101 -4.043186 7.936602 9.435560 -24.382590 -0.000000 -0.000000 0.000001 16.980320 -10.428541 5.321960 17.546362 -8.869556 17.852701 -4.151725 -0.076513 8.100602 -0.000001 -0.000009 -0.000001 -2.047305 7.304383 6.024218 -14.586832 1.556115 22.394619 8.963628 6.542649 -10.663293 0.000003 0.000000 0.000003 -1.466784 -2.811308 -7.876335 -0.199054 1.744025 3.737420 -1.392583 0.072832 -1.954379 -0.000001 0.000000 -0.000000 -1.227467 0.736199 -7.471879 4.226641 0.517844 1.581553 1.183556 -2.530325 1.374926 -0.000000 -0.000001 -0.000001 
34.383530 42.348831 -34.721363 -6.741719 0.273616 5.898502 13.470529 1.743707 7.654061 2.007057 0.454658 1.216507 -1.638884 -2.545805 -4.238385 9.208727 9.645177 -23.660224 -0.000000 -0.000003 0.000001 18.339408 -10.639461 5.173741 21.819142 -8.020768 20.067594 -5.040302 -0.783325 11.693074 0.000003 -0.000004 -0.000001 -3.283225 7.678752 6.499888 -17.251419 0.425462 24.945323 12.198199 8.400920 -8.122126 0.000003 0.000003 0.000003 -1.619862 -2.995763 -8.388248 -0.342645 2.021126 4.225878 -2.107554 0.194779 -2.316607 -0.000002 -0.000000 0.000000 -1.985003 1.322660 -7.582532 6.101786 0.797958 1.114066 0.187968 -0.866004 0.352219 0.000000 -0.000002 -0.000002 
34.278809 42.438408 -34.690968 -7.460297 1.144279 6.507314 14.836202 2.124090 9.303151 1.752537 0.193567 1.722726 -1.800570 -2.549062 -4.923790 9.268958 9.606945 -23.068163 -0.000000 -0.000003 -0.000000 20.177712 -10.796664 5.112542 26.224523 -5.940735 21.708105 -5.192961 -0.666920 15.468637 0.000005 -0.000001 -0.000002 -4.705284 8.128792 7.214292 -20.554387 -1.398364 28.151156 15.020651 9.914707 -3.633272 0.000003 0.000001 -0.000000 -2.235540 -3.917234 -10.333772 -0.607287 1.944221 5.910812 -2.252170 -0.616856 -3.907592 -0.000001 -0.000000 -0.000000 -1.558881 0.998128 -7.516056 5.071760 0.621120 1.322605 -0.179586 1.562048 -0.442549 -0.000001 -0.000001 0.000001 
34.123470 42.577633 -34.669102 -5.819603 1.516198 7.370023 14.016314 2.084561 10.198908 1.325244 -0.193475 2.193809 -0.838810 -1.448679 -4.940499 7.780427 8.526568 -22.817767 -0.000000 0.000000 -0.000001 21.433579 -11.355191 4.975826 31.252862 -2.272271 22.416344 -5.303767 -0.413552 19.632549 0.000000 -0.000003 0.000000 -7.121562 8.168635 7.852903 -24.102324 -3.188855 31.765523 16.539820 10.416450 2.852071 0.000003 0.000000 -0.000002 -3.032968 -4.608902 -11.515956 -0.786437 3.233114 6.737670 -3.918868 -0.385279 -5.103280 0.000000 -0.000000 -0.000001 -1.820835 1.144342 -6.919277 3.023923 0.189462 1.252974 -1.641766 2.383100 -1.065463 -0.000001 0.000000 -0.000001 
33.933273 42.767872 -34.628422 -4.718597 1.791171 8.091653 13.377703 2.016864 10.791807 0.879737 -0.508941 2.610147 0.227938 -0.472124 -4.960339 6.881669 7.957336 -23.122605 -0.000000 -0.000001 -0.000000 22.761479 -11.369325 4.758795 35.482662 0.812073 23.086087 -5.876453 -0.764802 22.812364 0.000004 -0.000003 0.000001 -9.120065 7.720148 8.344540 -26.725342 -5.198676 34.558667 17.485996 10.627671 8.466727 0.000005 0.000000 0.000003 -3.505253 -5.242794 -12.445598 -0.947091 4.261009 7.449341 -5.519095 -0.327795 -6.354354 0.000002 0.000000 -0.000001 -1.401016 0.835640 -6.343576 0.216908 -0.368511 1.314576 -3.466096 1.341989 -1.209758 0.000001 -0.000001 -0.000003 
33.653912 43.051868 -34.607018 -4.690932 2.721685 8.852241 14.418639 2.237784 11.563357 0.871758 -0.544864 3.204966 -0.231353 0.347614 -4.791962 7.730265 8.455045 -23.177224 0.000000 -0.000001 0.000000 24.568337 -11.191536 5.154142 39.501610 5.154233 23.554358 -6.046137 -0.002161 25.567794 0.000002 -0.000003 0.000002 -9.927955 7.224289 9.108003 -28.636121 -7.954114 38.176693 15.702839 7.694976 12.413952 0.000003 0.000002 -0.000003 -1.780711 -5.276355 -14.184654 -1.280178 4.885820 9.481225 -8.387610 -0.131735 -8.354675 -0.000001 -0.000000 0.000000 -0.573317 0.278198 -4.556160 -2.946751 -0.906700 0.536004 -2.626425 0.266427 -0.879158 0.000000 -0.000002 -0.000001 
33.259354 43.482792 -34.583256 -3.971527 3.244546 9.674182 14.707523 2.337021 11.806738 0.213337 -1.071926 4.021666 0.364446 2.948378 -4.982657 7.857585 8.567138 -22.145662 -0.000000 -0.000000 -0.000001 27.472961 -11.308942 5.166550 46.469872 10.152947 23.876767 -4.958046 1.391853 30.976742 0.000003 -0.000003 -0.000000 -11.809846 6.373381 9.488122 -31.769105 -12.412393 40.765209 13.189333 3.909919 17.320279 0.000003 0.000003 0.000003 -0.262423 -5.465693 -16.426600 -1.689580 5.779997 11.857121 -10.936482 0.557937 -9.344811 -0.000002 -0.000000 0.000000 0.155724 -0.362805 -2.216576 -4.452144 -0.942673 -1.452413 -2.420852 -0.749618 -0.597616 -0.000001 -0.000001 -0.000002 
32.839138 43.957905 -34.571129 -2.604636 4.069334 10.005251 12.446538 1.863630 12.332460 2.994630 0.437634 4.122373 -1.171449 3.872931 -4.621279 7.878873 8.738904 -21.123688 0.000001 0.000000 -0.000000 27.848387 -10.043094 4.314302 51.846190 14.625233 23.628865 -4.229400 3.624438 34.295988 0.000006 -0.000002 0.000002 -12.469058 5.183700 9.424263 -33.975731 -17.416441 42.112696 11.517848 0.455482 19.231081 0.000003 0.000003 -0.000002 -0.681364 -6.394633 -18.541911 -2.514909 6.013178 14.709813 -12.931106 0.318698 -11.653063 0.000003 -0.000000 0.000000 -0.342194 -0.022191 -0.310820 -6.751419 -1.162552 -2.879278 -1.313354 -2.047559 0.022257 -0.000001 -0.000002 -0.000001 
32.356781 44.537125 -34.579731 -1.885029 4.170509 11.102636 9.486756 1.311451 12.427852 4.216600 1.292234 4.142219 -1.048792 5.744511 -4.625309 8.122320 8.974478 -19.353080 0.000001 -0.000001 0.000000 27.589243 -7.398213 1.482246 57.361664 20.535459 19.730077 -3.039836 6.209902 42.670972 0.000003 -0.000004 0.000002 -13.126598 3.450776 8.309395 -37.201305 -25.238620 41.368571 10.189536 -2.309239 23.566717 0.000006 -0.000001 0.000002 1.809829 -6.932562 -21.282566 -3.049567 6.976446 17.593570 -15.614209 0.695530 -13.629722 0.000000 0.000000 -0.000001 -1.808118 1.226291 1.054259 -9.560797 -1.206398 -4.592772 -1.676867 -4.749546 0.939122 -0.000000 -0.000001 0.000000 
31.732685 45.303879 -34.611877 -1.665877 7.034423 11.357952 8.888129 1.362301 13.663215 4.308730 1.216872 5.201641 -1.229434 4.869253 -5.302582 8.830938 9.330698 -18.492314 0.000000 -0.000005 -0.000002 29.001454 -6.097623 -0.640138 59.747913 23.734533 14.030944 1.507381 10.665789 42.850817 0.000002 0.000002 0.000002 -15.877427 2.460624 8.015778 -41.274362 -32.270875 38.964009 6.064767 -7.064673 25.769061 0.000001 0.000001 0.000000 5.161655 -7.673864 -24.882782 -3.328497 5.105274 22.017386 -18.114888 1.614364 -15.369191 0.000000 -0.000001 0.000000 -3.159311 2.180473 4.570719 -13.820087 -0.753442 -7.625384 -4.754065 -4.016491 0.313813 -0.000001 -0.000002 -0.000000 
31.091148 46.113831 -34.657143 -0.687602 7.403867 11.948172 8.492362 1.402036 13.713930 3.962852 1.064662 5.204302 -0.539423 6.143949 -5.289489 8.635699 9.078707 -18.075869 -0.000001 -0.000001 -0.000000 30.405851 -5.127194 -2.289261 61.628196 25.981457 9.437056 4.488566 13.048277 40.375004 0.000008 -0.000003 0.000000 -17.539390 2.518502 8.262479 -44.867113 -37.750135 36.470731 3.439891 -10.501151 26.505727 0.000003 0.000002 -0.000003 7.390139 -8.271246 -27.747188 -3.738720 4.903815 24.640430 -19.603666 2.195105 -15.861055 -0.000001 0.000000 -0.000000 -3.779510 2.312967 7.339498 -14.129263 -0.082971 -10.802181 -6.436656 -2.568322 -0.397598 -0.000001 -0.000002 0.000001 
30.299074 47.065098 -34.709061 -1.776063 6.872972 13.137083 10.645038 1.860977 12.458777 3.412983 0.997156 4.985083 -0.763222 8.299675 -4.703895 8.870754 9.494736 -16.555574 -0.000001 -0.000000 -0.000001 31.262630 -2.740828 -3.162988 63.882548 29.492962 6.157428 4.897813 16.270962 42.787826 0.000001 -0.000002 -0.000001 -18.251194 0.771125 8.367606 -45.969410 -42.257107 36.920608 4.332522 -12.212679 29.506957 -0.000000 0.000004 0.000001 9.970748 -9.381196 -31.874669 -4.306447 5.696520 27.663835 -20.987436 1.891677 -17.575849 0.000002 -0.000001 0.000001 -3.186650 1.665676 10.349483 -11.772340 0.586631 -14.665138 -11.832317 -0.741480 -2.583542 0.000001 -0.000000 -0.000002 
29.331411 48.152710 -34.749283 -1.169706 7.927382 13.121500 10.376290 1.750640 11.174735 3.807016 1.250138 5.559618 -1.116710 9.949322 -4.155934 9.510506 9.944858 -14.593077 -0.000000 0.000001 0.000001 33.070140 -0.239886 -4.483033 66.357282 33.124471 3.318637 3.638802 18.868485 41.755713 0.000002 -0.000009 -0.000000 -19.161689 -0.504151 8.877187 -46.855555 -46.969452 36.661857 5.531037 -14.842466 30.488240 0.000004 0.000003 0.000003 11.046666 -10.963816 -36.051712 -4.920025 5.368347 32.110085 -22.675241 1.747540 -20.032477 -0.000002 -0.000000 -0.000001 -1.810679 0.608281 14.534422 -10.359198 1.170433 -19.222306 -16.634828 2.022489 -4.547373 -0.000001 -0.000001 -0.000001 
28.339134 49.261086 -34.764530 -0.633382 8.547382 12.139535 9.551545 1.525307 10.929472 2.419592 0.387621 6.310436 0.953440 12.162668 -4.104204 8.878816 9.415115 -12.519528 -0.000001 0.000000 0.000000 33.965257 1.243037 -5.083764 68.402138 35.721794 0.430420 2.766675 20.490988 42.056022 0.000001 -0.000002 0.000002 -20.828389 -2.114779 8.726529 -47.102234 -49.679367 36.657728 6.106714 -16.850855 31.958711 0.000003 -0.000001 0.000003 10.743920 -12.140712 -38.567367 -5.591867 5.501329 35.567875 -24.506154 1.920630 -22.082114 -0.000001 -0.000000 0.000000 -0.639014 -0.209389 18.627932 -7.354085 1.292101 -22.867817 -19.927751 6.755221 -6.360380 0.000002 -0.000001 -0.000001 
27.237564 50.481983 -34.756821 -0.880747 10.643532 10.904698 9.160915 1.405148 11.057208 4.002868 0.895063 7.241488 -0.050942 13.358399 -4.148053 7.891148 8.158483 -9.850403 -0.000001 -0.000002 -0.000000 34.239622 2.270727 -5.885747 71.706884 37.208579 -3.543057 2.917022 19.522450 41.577072 0.000003 -0.000002 0.000002 -22.266654 -3.576082 7.581314 -51.056473 -53.929002 32.627008 4.988760 -18.134728 33.991990 -0.000000 0.000004 0.000001 8.067403 -14.221514 -43.098702 -6.573331 6.432078 40.761807 -26.608464 2.545009 -24.460285 -0.000002 -0.000002 0.000001 0.846581 -1.237715 23.458503 -3.537831 1.250626 -26.687713 -21.987904 13.403692 -7.699968 0.000000 -0.000002 -0.000001 
26.095938 51.790039 -34.707317 -1.792753 14.130227 9.771608 9.489985 1.409769 12.244992 4.000411 0.881514 7.239085 -0.260292 14.446699 -3.532792 7.762974 7.506338 -7.209989 -0.000002 -0.000004 0.000002 34.692249 3.304254 -6.596786 73.238855 37.972761 -4.919623 3.505184 19.206070 39.912914 0.000005 -0.000006 -0.000001 -23.529611 -6.022638 6.007170 -54.836013 -57.958369 27.316763 5.287670 -19.061151 37.110122 0.000001 0.000003 0.000005 3.924133 -16.875017 -49.882405 -8.189878 8.148828 47.445130 -28.853741 3.590863 -25.187602 0.000003 -0.000001 0.000000 3.181856 -2.417924 28.248481 -1.872697 0.948437 -29.974804 -25.878730 16.666864 -8.826582 0.000001 0.000000 -0.000001 
24.986753 53.057182 -34.650475 -2.653342 16.768410 8.982982 9.751503 1.379288 13.108463 4.840637 1.431169 7.297196 -0.892214 15.135993 -3.263142 7.573742 7.438007 -5.043347 -0.000000 -0.000004 0.000002 35.518152 4.806132 -6.991029 73.253280 38.617114 -4.124695 3.159949 18.722421 38.411048 0.000003 -0.000007 -0.000003 -23.582292 -7.393105 5.807199 -56.269670 -60.809427 25.193592 5.908320 -19.572517 38.573623 -0.000000 -0.000001 0.000003 0.198590 -19.010390 -56.208478 -9.201795 10.954131 52.288107 -29.485951 4.336878 -24.141763 -0.000001 -0.000000 0.000001 4.001784 -2.566292 31.597435 -4.362687 1.400555 -31.314078 -28.483615 17.015183 -9.326405 -0.000002 -0.000001 0.000000 
23.793488 54.346863 -34.633945 -3.150178 20.530884 8.713673 11.142120 1.784494 13.590628 3.621275 1.121552 5.802170 -0.979311 16.457706 -1.849320 6.541098 6.532986 -3.026539 -0.000002 0.000003 -0.000004 36.366140 6.205625 -8.468137 77.286254 40.104415 -7.055551 2.503808 17.711263 40.080547 0.000002 -0.000003 -0.000000 -25.079722 -8.217966 5.576865 -59.664715 -63.234704 20.889865 6.047663 -21.106958 39.753972 0.000003 0.000003 -0.000002 -3.570154 -20.890933 -63.440730 -10.384847 16.176232 55.597296 -31.086097 5.805659 -22.952784 -0.000002 -0.000002 -0.000001 4.205610 -2.508946 35.102582 -7.528398 1.963852 -30.487116 -31.848339 14.061204 -9.689159 0.000002 -0.000002 0.000001 
22.613853 55.630493 -34.659718 -4.408989 24.431522 9.423496 12.169414 2.020297 13.953880 4.270168 1.789873 4.661957 -1.510336 17.816796 -1.134219 4.399886 5.223987 -1.070171 -0.000000 0.000001 0.000001 37.533959 7.137428 -9.136622 79.582530 41.927468 -8.806489 -0.418747 17.264241 41.676885 0.000004 -0.000006 -0.000001 -26.920313 -9.862311 5.306966 -60.839698 -64.789037 17.990542 8.161759 -23.115254 41.572749 0.000001 0.000003 -0.000000 -8.606091 -22.279961 -72.350322 -12.215943 21.796107 58.511287 -33.152755 7.314337 -22.463922 0.000000 -0.000000 -0.000000 5.272061 -2.836457 37.449603 -12.609269 2.840160 -32.517079 -28.374875 16.250328 -9.336126 -0.000001 -0.000000 0.000000 
21.526964 56.859283 -34.666073 -6.088885 27.693174 9.676113 13.729473 2.462505 15.896010 3.861530 1.878155 3.697123 -1.640566 18.070474 -0.798990 3.257430 4.513833 -0.165214 -0.000001 -0.000001 0.000001 37.792888 7.802485 -9.201467 82.793299 43.461996 -10.959901 -2.832570 15.548091 42.971240 0.000004 -0.000009 0.000004 -27.458926 -10.569849 5.284703 -62.085866 -65.855584 15.944137 8.973596 -23.882455 43.223753 0.000001 0.000000 0.000000 -12.442927 -23.230298 -80.279086 -14.229119 26.810837 61.323795 -35.038013 8.753745 -21.467332 0.000001 -0.000003 -0.000002 6.684234 -3.206170 39.142800 -17.167972 3.771481 -34.681153 -23.621164 20.972962 -9.204531 -0.000003 -0.000002 -0.000004 
20.483450 58.050655 -34.659492 -8.590057 30.219660 9.561252 15.403849 3.061828 18.247091 5.381935 2.595449 3.694212 -3.322129 18.788563 -1.508783 2.940234 4.136529 1.322198 -0.000001 -0.000001 -0.000000 39.173382 7.971546 -9.741152 86.114014 44.492675 -15.014330 -3.915228 15.047691 45.944760 0.000003 -0.000007 0.000003 -28.161958 -10.417957 5.563176 -65.210965 -66.433555 11.419101 9.771401 -24.393532 45.867169 -0.000000 0.000001 0.000003 -17.962388 -23.254409 -88.774414 -15.270722 32.909706 60.886670 -35.414941 10.999267 -12.402689 0.000002 0.000001 0.000000 9.348334 -3.790497 41.977496 -20.525863 4.939017 -36.693952 -24.610478 22.835100 -9.218588 -0.000003 0.000000 -0.000002 
19.465836 59.213371 -34.632462 -9.833357 31.885239 9.696119 16.701418 3.474614 19.612477 5.445748 2.881425 2.453797 -3.451188 20.704849 -0.452309 2.003829 3.266958 1.727179 0.000001 0.000002 0.000003 40.123953 8.407465 -10.326270 89.953229 45.688898 -19.823174 -4.501357 16.032530 49.477880 0.000003 -0.000007 -0.000002 -28.849589 -10.238798 6.232917 -65.360744 -66.599085 10.379491 11.562266 -23.329845 48.015615 -0.000001 0.000003 0.000000 -24.265796 -22.179793 -96.453459 -15.183135 41.996617 55.949112 -38.602979 13.380536 -6.115460 0.000003 0.000002 -0.000005 11.179811 -4.080174 45.161928 -21.976257 5.388545 -38.550025 -27.415498 19.075918 -9.165123 0.000006 -0.000001 -0.000001 
18.539917 60.286366 -34.578503 -10.491232 33.148704 9.709467 17.558815 3.777339 21.042758 5.373893 2.969381 1.623530 -3.462874 21.626635 -0.079144 1.670438 2.901666 1.811224 0.000000 -0.000001 0.000000 40.294424 8.656420 -10.392844 93.922430 46.360199 -24.308054 -5.554356 15.407843 52.363399 0.000002 -0.000003 0.000000 -29.707324 -10.702719 6.175339 -65.880631 -66.398851 8.987921 12.335200 -23.225339 49.284897 0.000001 0.000003 0.000000 -29.290249 -20.652161 -102.431903 -12.624409 51.266150 48.009915 -42.131715 14.787182 -5.934324 0.000001 0.000000 -0.000000 11.865067 -4.095586 47.563269 -29.635644 6.906730 -39.213762 -17.409264 19.172346 -8.478240 -0.000001 0.000001 0.000000 
17.664557 61.262085 -34.521278 -9.967300 35.794535 9.304834 17.283625 3.799315 22.612917 5.475349 3.040902 1.413278 -3.652263 21.728688 0.096660 0.816252 2.181706 1.183184 -0.000000 -0.000000 -0.000002 41.191662 9.035812 -10.729046 94.981703 46.565744 -25.780540 -6.426320 14.300123 54.338045 0.000001 -0.000003 0.000005 -30.151515 -10.460920 6.748985 -64.723398 -65.873807 10.176263 12.233128 -22.956360 49.064230 0.000003 0.000002 0.000001 -33.673843 -18.901538 -107.735012 -5.071666 60.154384 34.298867 -43.349329 15.553227 -1.843689 -0.000001 0.000001 0.000001 11.452753 -3.963557 49.013509 -34.563028 8.087582 -40.334504 -9.415009 17.674030 -7.621116 -0.000000 -0.000000 -0.000004 
16.832722 62.098175 -34.445221 -9.609027 37.337069 8.524154 17.099727 3.771122 23.375390 5.658997 3.101851 1.569664 -4.030135 21.237348 -0.032670 1.173723 2.440877 2.061437 0.000001 -0.000000 -0.000004 42.621805 10.079944 -12.106532 96.362781 46.747584 -28.375034 -6.370109 15.458327 55.973615 0.000002 -0.000001 -0.000003 -29.624883 -9.317928 7.912483 -64.784590 -65.731521 11.070081 12.006469 -22.871466 47.987147 0.000001 0.000000 0.000003 -35.516471 -17.961767 -110.531503 8.099880 64.925217 15.175970 -41.511940 15.379069 3.386363 0.000003 -0.000000 0.000001 9.975400 -3.800315 49.491527 -36.697859 8.660825 -41.231994 -2.585576 16.428813 -6.647809 0.000002 0.000003 -0.000004 
16.073000 62.815269 -34.373745 -8.917086 37.417354 7.814302 16.786450 3.684411 23.023763 5.940662 3.198354 1.855762 -4.177372 21.755906 -0.139086 1.145157 2.368511 2.600851 -0.000002 0.000001 -0.000002 42.859232 9.802400 -11.437259 97.706676 46.959415 -29.641628 -6.676480 15.395970 55.412133 0.000006 -0.000004 0.000004 -30.154995 -9.735655 8.056597 -63.345285 -65.528200 12.409343 11.970085 -23.738500 47.141764 0.000005 0.000003 -0.000002 -35.899724 -17.600206 -111.046623 22.455861 66.634731 -3.821495 -40.933020 15.831982 9.035453 0.000000 0.000001 0.000000 9.097114 -3.712048 50.060106 -37.033829 8.993031 -41.857411 1.463871 15.596312 -6.149804 0.000001 0.000000 -0.000001 
15.379116 63.421700 -34.287632 -7.371267 38.433645 7.184935 15.516713 3.230267 22.701121 7.290107 3.663605 3.009825 -4.808986 21.187728 -1.270839 1.102049 2.340413 2.371014 -0.000000 -0.000001 0.000002 43.158408 9.348922 -10.879035 98.657397 47.027618 -30.012753 -5.697571 17.473769 53.429633 0.000000 -0.000001 -0.000003 -30.719841 -10.661650 7.524059 -61.008930 -64.708761 15.169083 11.727625 -24.796235 46.742922 0.000003 0.000004 -0.000002 -34.957728 -18.042314 -112.665050 28.282545 66.831605 -11.397076 -41.465484 16.352395 12.171734 0.000003 0.000001 -0.000002 8.442367 -3.613928 50.329007 -38.474312 9.529728 -42.352804 3.659927 15.142628 -5.784430 -0.000000 0.000002 -0.000001 
14.771191 63.920551 -34.209885 -5.869543 37.757088 6.069906 15.540864 3.292529 22.506710 6.392619 3.323905 2.635853 -4.283484 21.836958 -0.787149 0.988895 2.450234 1.821519 -0.000001 0.000000 -0.000002 43.325410 8.806379 -10.439537 99.283158 46.744746 -29.973612 -2.677129 21.482874 50.648301 0.000005 -0.000002 -0.000001 -31.038985 -10.762700 7.403619 -61.146695 -64.450457 14.956494 11.140649 -24.992968 47.292254 -0.000000 -0.000001 0.000002 -33.930010 -18.674371 -112.814897 29.779280 66.430529 -13.269909 -43.042698 16.908060 14.005731 -0.000002 0.000005 0.000002 7.552625 -3.327598 51.010960 -37.463499 9.728502 -42.663721 4.344679 15.011366 -5.613550 0.000001 -0.000001 -0.000002 
14.237339 64.361664 -34.117912 -4.057336 37.639591 5.152495 14.802437 2.964533 22.225463 7.250267 3.537418 3.628337 -4.853930 21.527561 -1.910705 1.399559 3.021968 1.465329 -0.000001 0.000001 -0.000002 43.639270 8.828715 -10.375564 99.440485 46.909408 -29.892398 -0.714417 25.008937 48.566733 0.000001 -0.000004 -0.000001 -31.066439 -10.792481 7.597546 -59.656641 -63.921814 16.687583 10.506523 -26.375976 46.744954 0.000003 0.000001 0.000001 -33.547099 -18.828140 -113.696545 27.837421 66.297272 -10.683561 -43.575989 17.250910 14.961845 0.000002 0.000000 0.000003 6.684458 -3.181105 50.995213 -37.982750 10.067569 -42.855076 5.691482 14.653922 -5.110613 -0.000000 0.000000 -0.000001 
13.790218 64.728485 -34.007458 -1.940068 36.546956 3.559240 14.144100 2.719054 22.004131 7.974207 3.795362 4.331294 -5.382283 21.868592 -2.410221 1.852191 3.597272 0.814341 -0.000001 -0.000001 -0.000002 43.627024 8.614347 -10.285055 98.824375 46.758809 -29.083898 1.560612 28.185990 47.518183 0.000003 -0.000004 -0.000004 -31.029693 -10.281623 8.018435 -59.482328 -63.648381 17.113217 9.546170 -26.812620 46.064066 0.000003 0.000002 0.000002 -33.615370 -18.935402 -114.115003 24.971943 66.393407 -6.618765 -44.083759 17.466593 14.855793 0.000002 -0.000000 0.000000 5.586524 -2.860769 51.793816 -36.343204 10.059628 -43.233079 7.283479 14.996107 -4.812935 0.000001 -0.000001 -0.000003 
13.441544 65.053833 -33.889721 0.219350 34.834634 2.403183 14.156917 2.735891 21.484367 6.714172 3.278532 3.826872 -4.916718 22.632250 -1.807985 2.627309 4.133126 -0.001680 -0.000001 0.000001 -0.000005 43.616335 9.006322 -10.943343 98.880594 46.651046 -29.597672 2.632925 30.732242 48.650307 0.000002 -0.000005 0.000001 -31.040167 -9.465152 8.672524 -59.649039 -63.344561 17.035588 8.917534 -26.830033 45.769214 -0.000000 0.000002 0.000002 -34.040618 -18.812849 -114.696361 19.846995 65.612662 -0.358693 -44.124470 17.326607 13.641348 -0.000001 -0.000000 0.000000 4.074525 -2.542804 52.047937 -32.728375 9.422243 -44.003074 9.412445 16.534558 -5.212270 -0.000001 -0.000001 -0.000000 
13.161736 65.347076 -33.770245 2.362884 33.500510 1.672426 13.591411 2.597252 20.588422 6.299533 3.167355 3.619141 -4.680196 22.876537 -0.976085 2.636012 4.228053 -1.535406 -0.000002 0.000002 0.000001 43.234834 9.294971 -11.435340 98.681098 46.482217 -29.276475 3.593314 32.557036 49.338592 0.000001 -0.000002 -0.000003 -30.479682 -8.139934 9.703517 -59.673607 -63.119991 17.560632 8.933615 -26.376379 45.336292 0.000002 0.000001 -0.000001 -35.065310 -18.391915 -115.114232 16.560453 64.826152 3.568903 -44.358558 17.249957 13.096953 0.000000 -0.000001 -0.000000 2.500740 -2.194944 51.838001 -29.974702 8.914277 -44.578719 10.907651 17.379377 -5.461052 -0.000001 0.000000 -0.000001 
12.972136 65.654617 -33.641727 3.201340 32.234371 1.019409 14.293326 2.820372 20.497331 5.708514 2.936721 3.376975 -4.611404 23.660824 -0.614948 2.825479 4.342151 -1.985603 -0.000001 0.000001 0.000001 43.076500 9.140082 -11.327865 98.450128 46.450266 -29.020398 4.068696 33.820324 50.027502 0.000004 -0.000003 -0.000000 -31.154023 -8.343751 9.697748 -58.701323 -62.564478 18.230224 8.316725 -27.415806 44.920894 0.000002 0.000000 0.000000 -34.031066 -19.054348 -114.752150 13.314247 63.600188 7.384644 -44.395079 17.083599 12.445638 0.000004 -0.000001 0.000001 2.012312 -2.137039 52.578106 -26.830446 8.357624 -45.649757 12.823461 18.377099 -5.758772 -0.000001 -0.000003 -0.000001 
12.840862 66.007133 -33.496181 4.927055 31.118417 0.486448 13.688189 2.575358 19.575927 5.514103 2.767554 3.543435 -4.350425 24.366254 -0.389989 2.789319 4.569883 -3.016359 0.000000 -0.000000 -0.000000 43.041994 9.202600 -11.142125 97.480173 46.527348 -28.027934 4.463258 35.152419 50.255579 0.000001 -0.000001 -0.000002 -31.512321 -8.262384 10.268581 -57.528641 -62.144367 19.606425 8.899241 -27.345098 44.945319 0.000001 0.000003 -0.000000 -32.968155 -19.510931 -114.532806 10.802369 62.098297 10.454212 -44.981266 17.340372 13.056747 0.000004 -0.000002 0.000001 0.172960 -1.978064 52.799142 -23.485827 7.958033 -47.187981 14.372963 19.127921 -5.937436 0.000000 -0.000004 -0.000000 
12.729227 66.372459 -33.344261 4.590550 30.438359 0.061676 14.443101 2.800877 19.756056 6.013801 2.925714 4.022610 -4.724552 25.009684 -0.924789 2.803628 4.588733 -3.184031 0.000001 0.000000 -0.000004 42.943438 8.704074 -10.593921 97.175970 46.639950 -27.826985 4.294852 35.632339 50.470255 -0.000001 0.000001 -0.000004 -31.874171 -8.916717 9.770026 -58.042060 -62.686021 19.189627 9.764894 -26.476696 45.490993 0.000001 0.000002 -0.000000 -30.689765 -20.677955 -113.378927 9.780318 60.423412 11.331423 -45.107894 17.358231 12.985171 -0.000002 0.000001 0.000002 0.291957 -2.062440 54.087261 -20.777514 7.658575 -48.960189 15.713502 20.145190 -6.362796 -0.000001 -0.000004 -0.000000 
12.633764 66.858002 -33.162582 6.127202 29.565068 -0.092215 13.782767 2.505008 18.706119 6.071881 2.806155 4.175895 -4.651726 25.752289 -0.937179 3.000172 4.616311 -4.329090 0.000002 0.000000 -0.000003 42.412053 8.559373 -10.080654 96.436247 46.569159 -26.362826 4.818966 37.393537 49.544577 0.000003 -0.000006 -0.000001 -31.228106 -8.408543 10.287269 -57.827674 -62.684409 20.742465 10.172159 -26.317335 44.808582 0.000005 0.000001 -0.000000 -29.745272 -20.855074 -112.595744 8.476771 58.674200 12.502745 -44.829130 17.368336 13.623930 0.000000 -0.000000 0.000001 -1.267794 -2.064497 54.215610 -17.671108 7.104783 -51.437963 17.907250 22.485123 -7.664439 -0.000000 -0.000001 -0.000001 
12.526110 67.489807 -32.954277 6.961294 29.948354 -0.535301 13.039219 2.219722 18.358753 5.874842 2.765937 4.393067 -4.333457 25.472557 -0.965853 3.179653 4.967001 -5.503372 -0.000001 -0.000001 -0.000000 42.327720 8.830506 -9.272690 94.508686 47.382262 -23.448828 3.984463 38.633442 48.610258 -0.000000 -0.000007 0.000003 -30.789745 -8.626216 11.029033 -53.664086 -62.079063 25.551874 10.956210 -26.978112 43.716086 0.000003 0.000001 0.000001 -27.894643 -21.661644 -111.469077 5.952731 56.061940 15.478163 -45.633464 17.308790 12.770141 -0.000002 -0.000003 0.000002 -1.493838 -2.063509 55.288551 -16.704761 7.233841 -54.584584 19.698914 23.792479 -8.686509 -0.000001 -0.000001 0.000001 
12.409632 68.168404 -32.737534 6.703424 30.392812 -0.835620 13.408546 2.314559 18.371699 5.339937 2.479179 4.386585 -4.181353 25.381338 -0.816635 3.476916 5.250927 -6.139260 -0.000001 -0.000004 -0.000004 42.434596 8.890609 -9.410028 93.774775 47.348002 -22.421621 4.601046 39.419419 47.584678 -0.000002 -0.000006 0.000000 -30.752995 -8.520408 11.103693 -52.928379 -61.740040 26.416590 11.152885 -27.341365 43.869882 0.000005 0.000001 0.000001 -25.594430 -22.603094 -109.809313 4.955587 53.801311 16.314726 -46.307146 17.541422 13.442091 0.000001 -0.000001 0.000001 -0.826101 -2.292188 57.259918 -15.727243 7.508411 -57.976729 21.016776 25.469275 -9.726252 -0.000001 -0.000001 -0.000001 
12.269732 69.076180 -32.506550 6.501924 31.831253 -0.669492 13.779704 2.406864 18.120695 4.943561 2.214691 4.357402 -4.243414 25.488183 -0.769175 3.440410 5.202883 -7.027593 -0.000000 -0.000001 -0.000002 42.679817 8.394942 -9.071673 92.837345 47.214536 -21.150765 5.336214 40.114039 46.325594 0.000004 -0.000003 0.000003 -31.348683 -8.989982 10.655405 -52.702218 -61.470316 25.901334 11.254116 -28.198047 44.372430 0.000001 0.000002 0.000000 -22.326099 -23.894179 -107.883412 3.612706 48.771977 17.119406 -48.042868 18.004420 12.979473 0.000004 0.000001 -0.000001 -1.194680 -2.454313 60.038449 -13.446973 7.816682 -64.149178 22.902960 28.802115 -11.785735 -0.000002 -0.000002 -0.000001 
12.075325 70.231079 -32.243542 7.777839 33.510902 -0.873618 12.577032 1.977081 16.827658 6.656228 2.962566 5.096568 -5.427492 24.448508 -0.774172 2.866691 5.021226 -8.733245 0.000000 -0.000000 0.000001 43.247265 8.465167 -9.224008 93.121324 47.313858 -20.987594 5.683164 39.699030 45.066637 0.000002 -0.000004 0.000004 -31.972447 -9.065967 10.810624 -50.941036 -60.506528 27.027815 10.393764 -29.744787 44.162586 -0.000000 0.000002 0.000003 -19.761759 -24.747753 -105.400863 2.821614 43.656568 17.021081 -49.212397 18.227615 12.398480 -0.000002 0.000001 0.000001 -2.980206 -2.372825 61.487712 -12.876012 8.596568 -70.232192 25.052675 30.490477 -13.055713 0.000000 -0.000001 -0.000000 
11.860655 71.437881 -31.971342 8.111818 34.560088 -0.998842 12.715362 1.973425 16.194058 7.131039 3.247212 5.016312 -6.129397 24.429205 -0.307935 2.733046 4.698871 -9.676227 -0.000001 -0.000001 -0.000003 43.445160 8.593569 -9.319844 92.810769 47.445284 -20.163190 5.844154 39.487963 44.427788 0.000002 -0.000008 0.000001 -32.345580 -9.038613 10.869513 -49.726489 -60.199962 27.652347 9.694964 -30.228355 44.110506 0.000001 -0.000000 -0.000000 -17.262577 -25.475796 -102.529342 2.724046 39.960466 15.807679 -49.999512 18.296636 11.537678 -0.000002 -0.000001 0.000000 -3.355921 -2.303497 62.796104 -13.576382 9.640906 -74.753244 26.007091 31.649823 -14.345095 -0.000001 -0.000003 -0.000001 
11.572678 72.892487 -31.713589 10.027288 36.930420 -1.437300 10.937284 1.475202 14.421736 8.008800 3.650591 5.553553 -6.338918 24.550348 0.217237 1.832086 3.968274 -10.607350 -0.000000 -0.000001 -0.000000 42.362001 7.994592 -8.256590 92.011883 47.484971 -18.029408 5.968558 39.133501 43.860367 0.000003 -0.000008 0.000001 -32.869616 -9.621729 10.262988 -48.217724 -59.925635 28.554875 10.434874 -29.027221 45.293604 0.000005 0.000001 0.000001 -13.418498 -26.510537 -98.778606 1.804079 33.502853 15.372290 -50.973456 18.371763 8.461631 -0.000001 -0.000002 -0.000001 -5.346300 -2.005084 62.903816 -16.076071 11.742052 -78.502171 23.790024 31.151233 -14.293297 -0.000002 -0.000001 -0.000000 
11.218122 74.528473 -31.409611 10.926249 39.117876 -1.833116 10.301131 1.307448 12.568021 8.045095 3.690350 5.691666 -6.779441 23.874759 1.332657 1.708935 3.609498 -11.000348 -0.000000 -0.000000 0.000000 41.989035 9.015371 -9.031237 92.637863 47.712686 -17.606513 5.478152 38.417499 43.656592 0.000003 -0.000003 -0.000003 -32.247406 -8.854298 10.867780 -46.617926 -59.348613 30.548120 10.661558 -28.374718 45.262683 0.000003 0.000000 0.000000 -9.169909 -26.947238 -93.194175 2.013807 28.186574 11.891714 -52.179319 18.554590 5.991348 -0.000001 -0.000001 -0.000003 -6.574722 -1.821033 63.118297 -17.869696 13.073312 -80.230230 19.154941 28.704447 -12.836727 -0.000001 -0.000000 0.000000 
10.859621 76.139160 -31.078587 10.892921 40.980015 -2.428103 9.891884 1.205871 11.768556 8.017585 3.606150 6.093082 -6.962580 22.764005 1.636765 1.843453 3.533975 -10.410898 -0.000001 -0.000000 -0.000001 42.537107 10.309099 -10.680824 92.829962 47.696147 -17.878447 6.456542 39.175926 43.053076 0.000002 -0.000003 0.000000 -32.297810 -8.798786 10.745248 -46.670515 -59.489390 30.087499 10.879568 -28.012744 46.118434 0.000005 0.000000 0.000001 -4.542484 -27.178795 -87.912724 1.893229 23.819317 9.399707 -51.752664 18.391113 3.223210 0.000002 0.000001 0.000002 -6.132377 -1.859717 65.085993 -18.992236 14.386846 -82.113791 14.833013 25.814055 -11.145908 0.000001 0.000001 -0.000001 
10.508635 77.878983 -30.753452 10.971123 42.604722 -2.504225 9.597688 1.098279 10.734400 6.480018 3.006387 4.845161 -6.352718 22.861012 3.095717 1.389428 3.775707 -10.008602 0.000000 -0.000000 -0.000001 41.971096 9.954807 -10.430680 94.550623 47.845660 -18.892809 7.132511 38.722494 42.075591 0.000001 -0.000001 -0.000000 -32.673641 -9.593202 9.944461 -46.819953 -59.544688 29.283593 12.049458 -26.386301 47.262252 0.000001 0.000003 0.000003 0.209645 -26.951095 -82.336926 1.940226 18.030455 4.985947 -52.092558 18.579361 0.725691 0.000001 0.000002 0.000006 -4.955637 -1.759955 64.982147 -19.255528 14.810236 -80.726607 8.023307 21.963346 -9.065581 -0.000001 0.000002 0.000001 
10.178534 79.710419 -30.428665 10.604694 43.502725 -2.609152 9.047714 0.972293 9.926194 6.779641 3.160721 5.091304 -6.457366 22.471251 3.189822 1.715756 4.019691 -10.375243 0.000001 -0.000001 0.000000 42.196147 10.578999 -11.501051 94.811304 48.108772 -18.700214 6.757913 38.222609 41.356488 0.000004 -0.000004 0.000003 -32.053750 -9.380823 9.915118 -45.673543 -58.789795 30.731944 13.219954 -24.944092 47.044567 0.000001 0.000002 0.000002 5.532120 -26.148746 -75.946226 0.935794 11.333928 -0.593315 -51.712861 18.338074 -1.501018 0.000000 -0.000000 -0.000000 -3.501232 -1.552555 62.526591 -19.385901 13.708369 -77.058467 2.546337 19.057220 -8.211465 0.000001 -0.000005 -0.000001 
9.886179 81.487823 -30.102030 11.187174 44.356399 -2.974899 7.752328 0.703125 9.140712 5.850554 2.854373 4.459903 -5.737640 22.016900 4.142537 2.439978 4.444752 -10.697476 -0.000001 0.000001 -0.000002 42.874132 11.423835 -12.802758 94.856971 48.435696 -18.955443 6.397173 37.988395 41.122189 0.000001 -0.000006 0.000000 -32.157634 -9.293149 9.903824 -45.271949 -58.671496 30.709825 13.059469 -24.856629 46.459479 0.000004 0.000004 -0.000001 7.933062 -25.428711 -72.290476 -0.253001 6.781335 -4.713809 -50.742951 17.806196 -2.342033 0.000001 -0.000001 -0.000004 -3.327664 -1.338994 60.059397 -18.888644 12.334437 -74.232818 -2.361205 16.406371 -7.872543 0.000001 0.000002 -0.000001 
9.589457 83.332352 -29.738808 12.036283 46.439938 -4.051052 5.886190 0.350836 8.879875 6.166978 2.868962 5.300694 -5.553706 21.226237 3.248374 2.651604 4.800023 -10.469801 0.000000 -0.000000 -0.000002 41.849259 10.878879 -11.751667 96.377555 48.536024 -20.184643 5.150236 36.789895 41.873147 -0.000000 -0.000004 -0.000003 -33.190638 -10.741252 8.990534 -45.528347 -58.796372 29.458763 14.008343 -23.782667 46.516221 0.000005 0.000003 0.000001 11.929968 -24.045568 -67.780728 -2.181509 1.083482 -8.282120 -47.327692 16.293949 -5.427387 -0.000002 0.000000 0.000001 -2.698456 -1.453064 57.130287 -14.958640 9.661805 -72.433316 -8.083785 14.060796 -7.797427 0.000001 -0.000004 -0.000000 
9.317621 85.244766 -29.379616 12.160295 48.080895 -4.489128 4.550115 0.168873 8.406156 6.298231 2.819384 5.985766 -5.234393 20.625887 2.902987 2.940608 5.046868 -10.936066 -0.000001 -0.000001 0.000001 41.434670 10.332841 -11.328635 96.247030 48.044623 -20.148647 5.215846 35.830493 42.357801 0.000001 -0.000008 0.000001 -34.128591 -11.426814 8.194732 -46.438084 -58.779133 27.715190 13.045009 -24.170779 46.138129 -0.000000 -0.000003 0.000000 14.668101 -22.858845 -64.740194 -3.999868 -4.061117 -12.172507 -42.795957 14.262051 -7.190998 0.000001 -0.000001 -0.000001 -2.584330 -1.581306 54.458485 -10.456031 7.455697 -73.467577 -13.907086 11.070734 -8.031022 -0.000001 0.000004 -0.000003 
9.061483 87.068878 -29.016808 12.386209 49.197781 -4.728885 4.110597 0.133744 8.066513 5.692806 2.624466 5.432278 -5.029003 20.436553 3.635068 2.981455 4.879723 -11.741616 0.000000 -0.000001 -0.000002 41.295416 10.175562 -11.446252 95.852839 47.708052 -20.100507 5.749126 35.618364 42.685049 -0.000000 -0.000003 0.000001 -34.490768 -11.586951 7.706068 -47.367686 -59.060741 26.396692 13.128416 -22.512802 46.331437 0.000001 -0.000000 -0.000000 15.751827 -22.190351 -62.918460 -5.147517 -7.041924 -15.497855 -40.959173 13.501662 -6.964861 0.000001 0.000001 0.000002 -3.107652 -1.367347 51.953728 -6.436546 5.270305 -72.520906 -16.249527 10.007641 -8.301026 -0.000000 -0.000004 -0.000000 
8.794950 88.860947 -28.626572 12.065964 50.947054 -5.582536 4.084054 0.144081 8.471280 4.882690 2.209432 5.472795 -4.778140 19.788827 3.421774 3.102335 4.636956 -11.615862 -0.000000 0.000000 0.000001 40.922822 10.241767 -11.761566 95.970995 47.488454 -20.310121 5.815374 34.342987 43.667250 0.000003 -0.000006 0.000000 -34.428320 -11.494840 7.344987 -48.172156 -59.573402 25.468198 13.142666 -20.730517 46.871657 0.000003 0.000005 -0.000001 17.103022 -21.317703 -60.290551 -5.770079 -9.061661 -18.313656 -40.546728 13.322039 -8.057047 0.000002 0.000002 -0.000000 -3.274556 -1.178815 52.311517 -3.452650 4.382602 -76.636710 -22.953599 7.448440 -8.974866 -0.000000 -0.000004 -0.000004 
8.520739 90.546600 -28.202579 12.784929 52.778952 -6.814854 2.125748 -0.150475 6.519912 4.321240 1.921745 5.792719 -4.116458 18.737658 4.222973 2.779445 4.532753 -10.961388 -0.000000 -0.000001 -0.000001 40.520319 10.590638 -12.118475 96.001970 47.518504 -20.152586 5.883590 33.474764 44.379390 0.000002 -0.000004 -0.000001 -34.681057 -12.024897 6.692469 -48.005377 -59.756294 25.388124 13.279274 -19.507017 47.689036 0.000001 0.000004 0.000001 19.072514 -20.262487 -57.371711 -6.863704 -11.595272 -20.755287 -40.131104 13.060936 -8.597071 0.000001 0.000002 -0.000003 -4.198232 -0.884737 52.485342 -0.558213 3.472357 -82.865098 -25.506570 8.827989 -9.284422 -0.000001 0.000000 -0.000003 
8.255238 92.107742 -27.770420 13.124028 54.512033 -7.653983 1.480665 -0.282761 5.922222 4.415697 1.775022 6.976286 -3.992315 18.128563 3.411246 2.225750 4.485903 -10.807570 0.000000 -0.000000 0.000000 40.173742 10.445023 -11.670283 95.110179 47.884919 -18.830511 4.915752 32.952285 44.584982 0.000005 -0.000002 0.000002 -34.742570 -12.302148 6.722652 -46.844367 -59.786073 26.439679 14.010252 -18.688548 47.347353 0.000003 0.000001 0.000003 20.277940 -19.579991 -55.675081 -7.506098 -12.955794 -21.851906 -40.523564 13.154394 -9.333103 0.000001 0.000001 0.000000 -4.676222 -0.691393 52.646149 1.048577 2.964167 -88.583756 -27.177073 11.276348 -9.510384 0.000002 0.000001 0.000001 
7.990868 93.559082 -27.343258 14.090022 55.994779 -8.945777 0.186553 -0.437028 4.671973 3.802728 1.497270 7.107793 -3.572807 16.960926 3.831040 1.920032 4.867665 -11.121889 -0.000000 0.000000 -0.000001 40.701248 11.486292 -12.845055 94.096060 48.101833 -17.700119 5.160783 33.821403 44.343531 -0.000000 -0.000003 -0.000003 -34.752043 -11.899349 7.475273 -44.983356 -58.918113 28.219929 13.889594 -18.700472 46.559443 0.000005 0.000003 0.000000 21.496690 -18.634388 -53.590337 -8.525648 -14.983890 -23.497797 -39.379719 12.542591 -9.870174 0.000002 0.000001 0.000001 -5.364873 -0.517786 53.587250 2.091819 2.925566 -96.949665 -29.864760 17.480911 -9.880834 -0.000000 -0.000000 -0.000004 
7.725800 94.878830 -26.923048 14.688829 57.129314 -10.288740 -0.826602 -0.524199 3.682148 3.692898 1.292810 7.870111 -3.461253 16.171796 3.562391 1.704556 5.058891 -11.197091 0.000000 -0.000002 -0.000001 40.988635 12.228287 -13.564626 93.334596 48.110336 -16.430244 4.155458 32.723897 45.254760 0.000003 -0.000002 0.000002 -34.687666 -11.479437 8.141219 -43.872279 -58.364540 29.447985 13.636389 -18.701956 45.957362 0.000003 0.000004 -0.000002 22.827870 -17.564926 -51.560285 -9.828391 -17.404104 -25.157113 -38.005218 11.852308 -10.788851 0.000000 0.000001 0.000001 -5.656677 -0.576198 55.446154 2.806059 3.038998 -104.888408 -30.441552 21.561089 -9.888749 -0.000001 0.000000 -0.000004 
7.469536 96.062897 -26.508709 15.390351 57.799779 -11.062740 -1.470112 -0.538836 2.676065 3.713088 1.204320 8.434139 -3.494912 16.106150 3.362228 1.280253 5.132850 -11.904046 -0.000000 -0.000001 0.000000 40.928932 12.051065 -13.321399 92.816725 48.201529 -15.433664 3.205193 31.850282 45.359013 0.000004 -0.000006 0.000000 -34.883538 -11.339147 8.535372 -43.013769 -57.969544 30.224461 13.720394 -18.697684 45.373753 -0.000000 0.000000 0.000003 23.371406 -17.002871 -50.507562 -10.713736 -18.876239 -26.355024 -37.350220 11.539196 -11.217036 0.000001 -0.000001 -0.000000 -5.969330 -0.581255 56.693814 3.030864 3.471980 -111.528779 -29.775011 24.044762 -9.772811 0.000001 -0.000001 -0.000001 
7.210266 97.121613 -26.090221 16.021848 58.635241 -11.890505 -2.185547 -0.529761 1.460622 3.419915 1.033913 8.541825 -3.455694 15.710598 3.639106 1.320061 5.223651 -11.966489 0.000000 -0.000001 0.000001 41.004880 12.653879 -13.891247 93.062898 48.229257 -15.214900 3.165622 31.686569 45.660610 -0.000001 -0.000003 0.000000 -35.227015 -11.350040 8.795834 -42.525878 -57.788462 30.680592 13.727574 -18.121851 44.983230 -0.000000 0.000006 0.000002 24.430219 -16.128314 -48.948602 -11.964858 -20.571186 -27.731072 -36.352316 10.937663 -11.698826 0.000001 0.000000 -0.000001 -5.586127 -0.788152 58.995356 2.553717 4.533680 -118.128518 -27.140035 27.834382 -9.945893 0.000001 -0.000001 -0.000001 
6.945269 98.065094 -25.667095 16.515362 59.230253 -12.485766 -2.557870 -0.520154 0.915309 3.025075 0.951046 8.210050 -3.239197 15.601361 4.075257 1.019427 5.162888 -12.054570 0.000000 -0.000000 -0.000001 40.847940 12.665888 -13.867225 93.444378 48.381163 -15.258328 3.418988 31.941335 45.305236 0.000003 -0.000004 -0.000001 -35.383915 -11.171317 9.083202 -41.770169 -57.256964 31.720273 13.625484 -17.835524 44.519672 0.000002 0.000003 0.000003 24.990752 -15.650252 -47.916687 -12.747407 -21.477485 -28.452212 -35.692622 10.504419 -11.796332 -0.000001 0.000001 -0.000001 -5.055968 -0.926533 61.130104 1.699577 6.111933 -123.541921 -25.162092 29.543840 -10.052945 0.000000 0.000000 -0.000003 
6.705448 98.901703 -25.252216 15.856428 59.705771 -12.188572 -2.624475 -0.501207 0.514189 3.119496 1.016626 8.093071 -3.332034 15.584516 4.014340 0.909196 4.954343 -11.760211 -0.000000 -0.000000 0.000001 41.174962 12.863372 -14.011850 92.956634 48.410772 -14.724713 3.048193 32.080586 45.402098 0.000002 -0.000004 0.000001 -35.643964 -11.616802 8.873521 -41.277278 -57.073768 32.357236 13.728553 -18.641449 44.308742 0.000004 0.000000 -0.000002 26.021214 -15.072558 -47.176895 -13.273822 -22.282550 -28.933849 -35.361863 10.344735 -11.906972 -0.000001 0.000002 -0.000000 -4.166502 -1.098650 62.276859 1.023027 7.331038 -126.587024 -24.394591 29.918455 -10.225445 0.000001 -0.000002 -0.000001 
6.466934 99.645859 -24.843607 15.274736 60.094149 -11.422452 -2.898723 -0.427944 -0.549103 3.376183 1.087332 8.443086 -3.287992 15.431947 3.890014 1.053674 4.942537 -11.598559 0.000000 -0.000001 0.000001 41.608543 13.149182 -14.626609 93.046301 48.531086 -15.081727 3.443188 32.865549 45.006845 0.000002 -0.000006 0.000000 -35.773819 -11.364224 9.174064 -41.009641 -56.739700 33.037338 13.204241 -19.683453 43.730307 0.000004 0.000002 0.000002 27.002565 -14.670937 -46.436134 -14.667379 -23.506379 -30.845766 -34.485806 9.822775 -12.351671 0.000002 -0.000000 -0.000000 -2.750619 -1.200182 63.901508 0.009505 9.278752 -130.501365 -24.275392 29.211268 -10.106965 -0.000000 -0.000001 -0.000003 
6.219015 100.294418 -24.428076 14.732214 60.251011 -10.610975 -3.182163 -0.347853 -1.691479 3.379704 1.127640 8.283731 -3.178403 15.473585 4.095781 1.085953 4.982845 -11.580829 -0.000000 -0.000001 -0.000000 42.109995 13.227756 -15.030390 92.733492 48.422281 -14.886520 3.610809 32.740560 44.978541 0.000003 -0.000003 0.000000 -35.812505 -11.505950 8.947295 -41.158372 -56.844792 33.228058 12.845509 -20.584086 44.124859 0.000001 0.000005 -0.000001 27.805818 -14.271731 -45.844414 -15.823120 -24.668852 -32.706962 -33.995074 9.635963 -12.262201 0.000003 -0.000003 0.000001 -1.514478 -1.320943 65.505079 -0.661919 11.002634 -133.894165 -23.940894 28.396044 -9.959563 -0.000001 -0.000002 -0.000001 
5.982367 100.865891 -24.025887 14.472863 60.544539 -10.231793 -3.449073 -0.301368 -2.319544 3.206528 1.183936 7.651612 -2.940357 15.523195 4.873253 0.875073 4.864407 -12.064526 -0.000000 -0.000001 -0.000001 42.146297 12.728680 -14.746670 93.049054 48.338615 -15.349418 4.078755 32.626335 44.465819 0.000001 -0.000006 -0.000001 -35.972390 -11.769343 8.499599 -41.581037 -56.942355 32.929086 12.527356 -20.877132 44.731978 0.000003 -0.000001 -0.000001 27.959345 -14.261105 -45.732109 -16.168881 -25.000193 -33.239976 -33.580140 9.411955 -12.550202 -0.000001 0.000002 -0.000000 -0.782942 -1.331801 66.618578 -1.042383 12.336455 -136.375710 -23.884408 27.700971 -9.791721 0.000002 -0.000002 -0.000001 
5.741055 101.361008 -23.643715 13.629807 60.282259 -9.551843 -3.392653 -0.303192 -2.437258 3.618210 1.336962 8.094207 -2.840274 16.575209 4.342371 0.326446 4.647668 -12.744111 0.000000 -0.000000 0.000001 42.044073 11.527246 -13.372380 92.805564 48.472596 -15.007433 4.160981 32.262740 43.131989 -0.000001 -0.000003 0.000003 -36.563577 -12.454050 7.956402 -40.873351 -56.745386 33.418784 12.398274 -21.386864 44.945257 0.000002 0.000000 -0.000000 28.030126 -14.334839 -45.743706 -16.172303 -24.765755 -33.215490 -33.745400 9.500964 -12.538253 0.000000 0.000001 -0.000001 0.179941 -1.350199 68.028110 -1.444133 13.283189 -138.283668 -23.693199 27.758504 -9.857223 0.000001 -0.000000 0.000000 
5.499035 101.784714 -23.273684 11.778289 60.819727 -9.021113 -2.517587 -0.372759 -0.908929 1.973079 1.165401 5.071399 -2.006701 16.046565 6.450826 0.568218 4.639005 -12.244462 0.000000 -0.000001 -0.000000 42.862719 12.360722 -14.514195 93.164299 48.489784 -15.905209 4.298647 32.528848 43.501564 0.000003 -0.000006 0.000000 -37.048770 -13.590044 6.645912 -41.399409 -57.112095 32.807280 12.584066 -21.728529 46.528318 0.000003 -0.000003 -0.000002 29.491275 -13.391385 -44.342633 -16.971661 -25.528223 -34.241668 -33.070232 8.939820 -13.438668 0.000001 -0.000001 -0.000000 1.790710 -1.402601 70.560881 -1.788363 14.246689 -140.308792 -24.057931 27.388239 -9.916811 0.000000 -0.000001 -0.000003 
5.267452 102.153778 -22.913462 10.825992 60.814317 -8.301895 -2.461384 -0.379287 -1.018531 2.330493 1.329261 5.212219 -2.026241 16.140142 6.139424 0.512707 4.533461 -11.670505 0.000000 -0.000000 0.000000 43.595175 12.303163 -14.758712 93.611465 48.657212 -17.075666 4.854696 32.825397 42.517381 0.000000 -0.000005 0.000002 -37.512079 -14.293522 5.875530 -41.840195 -57.556556 32.219061 12.622077 -21.997913 47.347896 0.000003 0.000001 0.000001 29.880657 -13.278951 -44.161537 -16.968068 -25.465418 -34.222321 -32.865781 8.717962 -13.776853 -0.000001 -0.000002 0.000000 2.557992 -1.397377 71.565575 -1.931644 14.703183 -141.381870 -23.905580 26.974750 -9.900536 0.000001 -0.000001 -0.000001 
5.037519 102.465057 -22.561234 9.647092 60.815745 -7.400285 -2.367396 -0.371052 -0.817590 2.506438 1.437836 5.295327 -1.920978 16.065257 5.743138 0.793447 4.865080 -11.838075 0.000000 -0.000000 0.000000 44.497976 12.068824 -14.816941 93.541736 48.682699 -17.547454 5.118533 32.692373 41.694705 -0.000000 -0.000006 0.000000 -38.099888 -14.443618 5.952582 -41.801369 -57.562082 31.837872 12.399285 -22.157695 47.259353 0.000003 -0.000001 0.000002 30.299300 -13.126201 -44.010908 -17.075080 -25.440165 -34.485082 -32.869677 8.621427 -14.069863 0.000001 -0.000001 0.000001 3.239142 -1.377349 72.341710 -1.986837 15.162016 -142.347371 -23.863568 25.989138 -9.778664 -0.000001 -0.000001 -0.000000 
4.811218 102.725983 -22.208311 9.031535 60.925731 -6.934216 -2.615066 -0.408141 -0.755618 3.170314 1.590947 6.217612 -2.042454 15.121308 4.997754 1.287509 5.518845 -12.535108 0.000000 -0.000001 0.000000 45.181158 12.496183 -15.469436 94.293459 49.053643 -18.419437 5.253439 32.939632 40.716185 0.000003 -0.000004 0.000002 -37.138860 -13.119849 7.551091 -40.997555 -57.089228 32.961192 12.678796 -21.806824 46.693584 0.000003 0.000000 0.000001 30.449144 -13.015978 -43.827903 -16.829492 -25.313352 -34.431359 -32.782920 8.590200 -14.313300 0.000000 -0.000000 0.000000 3.495839 -1.326755 72.915766 -1.831077 15.429449 -142.749301 -24.291172 24.713569 -9.523703 0.000001 -0.000001 -0.000001 
4.595062 102.960266 -21.860144 8.846149 60.767490 -6.495071 -3.004951 -0.378301 -1.493787 3.891102 1.666187 7.606724 -2.139748 15.240952 3.958515 1.260471 5.533706 -12.550778 -0.000000 -0.000000 0.000000 45.320682 12.141178 -15.218935 94.227200 49.060638 -18.306295 5.348013 32.941142 40.230644 -0.000000 -0.000006 0.000000 -37.400132 -13.509254 7.088080 -40.792646 -56.866222 33.167037 12.595015 -22.585786 47.244340 0.000003 -0.000001 0.000002 30.499919 -13.033060 -43.828668 -16.942452 -25.346361 -34.647989 -32.464774 8.376481 -14.507438 0.000000 -0.000001 -0.000000 3.554650 -1.312790 73.018021 -1.804627 15.543736 -143.295115 -24.332267 24.502288 -9.486497 -0.000002 -0.000001 -0.000002 
4.390945 103.180573 -21.526245 8.131116 60.599125 -6.217552 -2.932541 -0.397016 -1.160042 4.169348 1.688380 8.177165 -2.244292 15.459156 3.365090 1.497123 5.729627 -12.466803 0.000000 -0.000001 -0.000000 45.805745 11.956262 -15.029095 93.135251 49.119114 -17.251929 5.637902 33.481218 39.465267 0.000002 -0.000003 0.000001 -38.069456 -14.133177 6.698338 -39.718619 -56.112654 33.741094 12.624303 -23.487279 47.555530 0.000001 -0.000001 0.000003 30.590553 -12.927024 -43.761002 -16.724309 -25.310972 -34.574288 -32.563241 8.535900 -14.332121 0.000003 0.000001 0.000000 3.634036 -1.334352 73.254585 -1.637298 15.373139 -143.132365 -24.551264 24.701516 -9.487074 -0.000001 0.000000 -0.000001 
4.196604 103.382172 -21.207134 7.723365 60.702890 -6.123421 -3.123783 -0.444908 -1.006878 4.341848 1.686219 8.479472 -2.351886 14.984115 3.002756 1.845786 5.836818 -12.497063 0.000000 -0.000001 0.000001 46.154033 12.188645 -15.347869 92.031601 48.997861 -16.160683 5.551559 33.711348 39.649460 0.000003 -0.000006 0.000004 -37.884829 -13.780233 7.186051 -39.619410 -56.113808 33.662512 12.789945 -23.696221 47.492296 0.000003 -0.000001 0.000002 30.777946 -12.646737 -43.460661 -16.915355 -25.471374 -35.038396 -32.409244 8.503256 -14.335150 0.000000 -0.000001 0.000000 3.749217 -1.362400 73.557463 -1.659466 15.366063 -143.210735 -24.642771 24.991128 -9.547635 0.000000 -0.000002 -0.000002 
4.017452 103.556847 -20.883659 7.528213 60.477623 -6.057042 -3.142778 -0.456296 -0.812310 4.321108 1.710286 8.300598 -2.371736 15.378277 3.195298 1.801556 5.770496 -12.319214 0.000000 -0.000001 0.000000 46.228401 11.865052 -15.117966 91.375391 48.906367 -15.636402 5.277686 33.555551 40.100963 0.000001 -0.000006 -0.000001 -38.146883 -14.063497 6.876379 -39.601625 -56.111093 33.529242 12.878351 -23.781245 47.528773 0.000003 0.000000 0.000001 30.925577 -12.509318 -43.257989 -17.018291 -25.486573 -35.196634 -32.531040 8.651106 -14.048271 0.000001 0.000001 -0.000000 3.655227 -1.357679 73.624856 -1.553127 15.187137 -143.144441 -24.418357 24.962465 -9.526597 -0.000001 -0.000002 -0.000003 
3.842747 103.713959 -20.562792 7.726497 60.583286 -6.202624 -3.445884 -0.461016 -1.100857 4.157998 1.593162 8.385795 -2.299453 14.703580 3.326745 2.136889 5.906978 -11.834834 -0.000000 -0.000000 -0.000001 46.331748 12.348909 -15.531092 90.663760 48.877633 -14.802553 5.001636 33.579242 40.382708 0.000002 -0.000008 0.000002 -37.515886 -13.246016 7.898947 -39.474839 -56.258906 33.799492 13.024434 -23.446839 47.061124 0.000001 0.000001 0.000001 30.719548 -12.483176 -43.220317 -16.727640 -25.301785 -34.890881 -32.646139 8.707275 -14.190953 0.000001 -0.000000 -0.000000 3.448474 -1.367094 73.745095 -1.439070 15.081041 -143.071713 -24.660644 25.112401 -9.550506 0.000000 -0.000002 -0.000000 
3.674070 103.844467 -20.236023 7.841954 60.604555 -6.315824 -3.590096 -0.473997 -1.065076 4.126703 1.562175 8.519016 -2.307395 14.366596 3.277964 2.183591 5.939194 -11.794558 0.000000 -0.000000 0.000000 46.280003 12.414472 -15.526840 90.650708 48.995826 -15.043608 4.468314 33.423719 40.990086 0.000003 -0.000004 -0.000000 -37.452915 -13.053416 8.235084 -39.010540 -55.907588 34.195854 13.033514 -23.696575 46.777657 0.000006 0.000001 0.000001 30.616644 -12.465775 -43.163616 -16.856951 -25.331029 -35.010006 -32.436947 8.539522 -14.359867 0.000001 -0.000001 0.000000 3.491804 -1.363478 74.095306 -1.561566 15.266945 -143.273299 -24.933932 24.852379 -9.531078 0.000000 -0.000001 -0.000001 
3.517118 103.961273 -19.921505 7.626479 60.416213 -6.209604 -3.435838 -0.518761 -0.753505 4.171127 1.632053 8.546970 -2.340774 14.306378 3.249171 2.123234 6.096623 -12.186716 -0.000000 0.000000 0.000000 46.343575 12.762718 -15.460700 89.638037 49.186228 -13.820527 3.483016 33.011226 41.516830 0.000001 -0.000005 0.000002 -37.045519 -12.853052 8.852878 -37.897591 -55.498326 35.486419 13.415015 -23.368905 46.152415 0.000003 0.000003 0.000003 30.698316 -12.431165 -43.043767 -16.687610 -25.249905 -34.815066 -32.714970 8.696928 -14.227688 0.000000 -0.000000 0.000001 3.541910 -1.325576 74.255631 -1.556413 15.221466 -143.214710 -25.079737 24.656315 -9.541866 -0.000001 -0.000001 -0.000001 
