HIERARCHY
ROOT Hips
{
	OFFSET 4.411066 101.972816 -4.785297
	CHANNELS 6 Xposition Yposition Zposition Xrotation Yrotation Zrotation
	JOINT Chest
	{
		OFFSET 1.393947 13.202904 -3.145559
		CHANNELS 3 Xrotation Yrotation Zrotation
		JOINT Chest2
		{
			OFFSET -3.714809 21.080490 0.938036
			CHANNELS 3 Xrotation Yrotation Zrotation
			JOINT Chest3
			{
				OFFSET 0.541956 14.870605 1.179568
				CHANNELS 3 Xrotation Yrotation Zrotation
				JOINT Neck
				{
					OFFSET 0.098039 17.279282 0.181172
					CHANNELS 3 Xrotation Yrotation Zrotation
					JOINT Head
					{
						OFFSET -2.951945 10.045410 0.451089
						CHANNELS 3 Xrotation Yrotation Zrotation
						End Site
						{
							OFFSET -2.905881 10.061127 0.396585
						}
					}
				}
				JOINT LeftCollar
				{
					OFFSET 2.953767 13.196732 4.350389
					CHANNELS 3 Xrotation Yrotation Zrotation
					JOINT LeftUpArm
					{
						OFFSET 17.514698 -0.711594 -1.108328
						CHANNELS 3 Xrotation Yrotation Zrotation
						JOINT LeftLowArm
						{
							OFFSET 32.370888 2.786316 9.170055
							CHANNELS 3 Xrotation Yrotation Zrotation
							JOINT LeftHand
							{
								OFFSET 11.477695 17.219650 21.741495
								CHANNELS 3 Xrotation Yrotation Zrotation
								End Site
								{
									OFFSET 2.508545 3.763443 4.751730
								}
							}
						}
					}
				}
				JOINT RightCollar
				{
					OFFSET -4.891610 13.273346 1.303544
					CHANNELS 3 Xrotation Yrotation Zrotation
					JOINT RightUpArm
					{
						OFFSET -14.903593 -1.817657 -9.114574
						CHANNELS 3 Xrotation Yrotation Zrotation
						JOINT RightLowArm
						{
							OFFSET -31.722324 -6.500778 9.548244
							CHANNELS 3 Xrotation Yrotation Zrotation
							JOINT RightHand
							{
								OFFSET -19.744263 15.415924 16.536863
								CHANNELS 3 Xrotation Yrotation Zrotation
								End Site
								{
									OFFSET -4.315292 3.369324 3.614295
								}
							}
						}
					}
				}
			}
		}
	}
	JOINT LeftUpLeg
	{
		OFFSET 5.504375 1.386162 8.258303
		CHANNELS 3 Xrotation Yrotation Zrotation
		JOINT LeftLowLeg
		{
			OFFSET -33.595909 17.498123 28.445021
			CHANNELS 3 Xrotation Yrotation Zrotation
			JOINT LeftFoot
			{
				OFFSET -31.332190 -29.827797 11.365032
				CHANNELS 3 Xrotation Yrotation Zrotation
				JOINT LeftToe
				{
					OFFSET -17.016647 7.837158 14.442032
					CHANNELS 3 Xrotation Yrotation Zrotation
					End Site
					{
						OFFSET -7.319633 19.875870 10.532417
					}
				}
			}
		}
	}
	JOINT RightUpLeg
	{
		OFFSET -5.504397 -1.386353 -8.258259
		CHANNELS 3 Xrotation Yrotation Zrotation
		JOINT RightLowLeg
		{
			OFFSET -0.396047 -47.356102 -1.119327
			CHANNELS 3 Xrotation Yrotation Zrotation
			JOINT RightFoot
			{
				OFFSET 7.041425 -43.322258 -8.612689
				CHANNELS 3 Xrotation Yrotation Zrotation
				JOINT RightToe
				{
					OFFSET -16.852417 -16.248375 3.397457
					CHANNELS 3 Xrotation Yrotation Zrotation
					End Site
					{
						OFFSET -22.949474 -1.663890 5.487183
					}
				}
			}
		}
	}
}
MOTION
Frames: 568
Frame Time: 0.033333
-0.161355 106.130402 -1.111725 25.721789 55.497398 -14.136674 -19.476214 -1.893385 -20.654982 -4.382154 -4.144218 8.026094 2.502861 -28.787936 -2.546174 5.423831 20.511683 -12.246079 -0.000000 0.000001 0.000001 11.183867 4.946817 0.401770 3.263494 -9.876214 -0.167337 24.258376 34.937664 -40.590510 -0.000002 0.000003 0.000001 7.803185 -19.606644 -0.625028 8.036045 -17.535035 -8.341187 33.640666 -13.424390 38.231168 0.000003 0.000001 -0.000003 43.920080 45.541424 61.850785 -13.059267 26.280917 -49.227144 -22.492680 -31.933238 7.505046 -0.000002 0.000000 0.000003 -7.961188 5.042840 -9.132786 -8.901857 -0.905898 -1.972977 2.613583 15.251713 -0.953766 -0.000000 0.000000 0.000001 
38.882149 93.042641 -1.090465 22.141877 58.346269 -8.201310 -15.062816 -1.953626 4.973649 -2.127410 2.418980 -4.986931 5.618358 -13.225734 4.109341 -9.168164 -1.843639 -0.948094 -0.000003 0.000003 -0.000000 4.671889 -4.566156 8.633717 13.337940 -31.858219 9.818297 -3.982032 -16.177204 38.963740 0.000000 0.000003 0.000001 19.112445 12.533888 -22.053747 17.065894 62.227839 -34.131548 -4.822324 -3.652302 -24.720167 0.000003 0.000002 -0.000000 33.757418 29.844727 43.184387 -3.139576 11.054889 -0.104096 -8.906982 0.633640 -12.951729 -0.000002 -0.000002 -0.000000 17.419592 -15.166034 -55.536357 -21.300109 -15.057895 53.495691 6.952056 -3.655139 21.290922 0.000001 0.000000 0.000003 
38.743027 93.043732 -1.076720 21.560605 57.903243 -8.175222 -15.466707 -1.932401 4.321392 -1.935761 2.430469 -4.958538 5.126076 -13.876988 3.815552 -8.562475 -1.406687 -0.755648 -0.000002 0.000005 0.000002 4.609271 -4.373872 8.501922 12.749595 -30.530748 10.204876 -2.309465 -17.972477 38.754575 -0.000001 -0.000002 0.000002 17.963853 12.025393 -20.382693 11.497371 62.614147 -24.811092 -3.100341 1.968470 -24.928645 -0.000001 -0.000001 -0.000002 33.146317 31.419540 44.066943 -2.989883 9.854122 -0.296049 -8.887625 0.761699 -13.273249 -0.000002 0.000001 0.000001 17.533009 -14.898425 -54.548981 -20.575998 -14.153858 52.651978 7.165407 -5.109307 18.818903 -0.000000 0.000001 0.000001 
38.530502 93.038048 -1.070618 20.658307 57.193190 -7.533062 -15.071388 -1.802179 4.434981 -2.418899 1.869543 -4.675410 5.491307 -15.768574 3.378599 -7.505168 -0.572921 -1.409110 -0.000000 -0.000002 -0.000000 3.792057 -5.864048 9.976190 11.022889 -29.513077 8.989372 1.760018 -21.358212 36.885600 -0.000000 -0.000003 -0.000000 16.012320 10.724316 -19.416163 2.691045 63.096837 -11.156632 -1.311748 8.807216 -25.648479 -0.000001 0.000003 -0.000003 32.313898 33.009625 44.816775 -2.297335 8.810673 -0.398406 -8.556703 1.413177 -13.700111 -0.000003 0.000000 0.000001 17.777172 -14.748936 -53.008374 -18.778010 -12.570326 50.120700 8.502166 -8.116098 16.688360 0.000000 0.000002 -0.000000 
38.194435 93.041695 -1.052229 19.301145 56.365907 -6.498710 -14.910820 -1.775568 3.956095 -2.637839 1.219930 -3.806492 5.849525 -17.764096 2.881215 -5.854873 1.227025 -2.007737 0.000000 0.000003 -0.000000 4.048234 -7.720071 12.234141 11.131222 -30.624847 8.996879 4.107191 -22.807421 36.747203 0.000002 0.000002 0.000003 14.470808 8.521734 -18.219036 -4.448203 61.083912 2.220340 -0.023623 14.011109 -29.325410 0.000001 0.000001 -0.000002 31.892837 35.033666 45.733492 -1.829927 8.385840 -0.804110 -8.942948 1.061075 -13.687969 -0.000003 -0.000003 0.000001 17.212538 -14.428290 -52.017724 -15.387904 -10.377308 47.281018 8.887125 -9.198269 15.528585 -0.000000 0.000005 0.000001 
37.820137 93.049835 -1.032314 18.451701 56.077352 -5.848022 -14.751025 -1.774106 3.421551 -3.033479 0.916286 -3.378233 6.409354 -19.505256 3.040462 -4.692246 3.181283 -2.806419 0.000000 0.000006 0.000001 4.140023 -7.888327 14.821832 12.773862 -32.928844 9.355885 3.966914 -23.597720 40.323668 0.000001 0.000001 0.000002 14.009557 6.816484 -17.293354 -8.662186 59.298090 12.943223 1.209610 19.379620 -36.064372 -0.000001 -0.000002 0.000002 31.708095 36.386375 46.567963 -1.697327 8.195237 -1.327412 -9.054883 0.924876 -13.323939 -0.000001 -0.000002 -0.000001 17.175028 -14.135157 -50.913190 -13.014878 -9.043620 44.471987 9.206256 -9.515453 15.050250 0.000001 -0.000002 0.000003 
37.295006 93.088409 -0.979900 17.668093 54.480355 -4.638414 -13.250065 -1.639195 2.344650 -3.811385 -0.533486 -1.253378 6.193632 -20.770803 1.311669 -3.797816 3.968588 -3.412600 -0.000001 0.000005 0.000002 6.306790 -12.572326 19.533535 15.885459 -40.895030 16.825884 1.941120 -16.108972 33.706850 0.000002 0.000003 -0.000000 13.380106 5.173311 -16.074309 -4.058589 59.144418 6.783460 -0.684846 8.984662 -29.132184 0.000004 -0.000003 0.000001 30.738686 37.795750 47.609827 -1.988125 7.449967 -1.945115 -8.322054 1.083365 -12.703506 -0.000000 0.000000 0.000001 15.443660 -12.985225 -51.616344 -11.022680 -7.396611 41.931962 8.517935 -7.374899 16.764095 0.000002 0.000006 0.000001 
36.626167 93.149712 -0.927063 16.372684 52.045792 -3.919178 -13.635703 -1.592950 1.052318 -4.866823 -2.275277 0.945652 6.355161 -22.401091 -1.751815 -2.516966 6.285848 -5.601201 0.000000 0.000010 0.000002 8.674023 -16.972643 24.013702 20.092002 -49.142357 23.289629 0.590078 -9.498310 28.348007 0.000000 -0.000002 -0.000000 13.529236 4.468589 -16.266143 1.995732 57.035092 -2.036277 3.244031 6.104712 -20.182782 -0.000000 -0.000000 0.000001 30.118887 40.073137 49.360633 -2.368184 7.984337 -2.725866 -7.586381 1.289018 -11.674468 -0.000003 -0.000001 0.000003 12.979628 -11.458862 -51.737720 -9.460737 -6.743926 40.929967 8.493804 -6.994330 15.619994 -0.000000 0.000001 0.000002 
35.914928 93.255775 -0.872338 15.249748 48.355533 -3.375487 -13.146584 -1.519653 0.017408 -6.742854 -4.842145 2.998704 6.783661 -24.273195 -4.389354 -1.569931 8.270849 -7.478299 -0.000000 0.000005 -0.000000 10.299491 -20.499213 26.140690 22.610122 -55.792735 25.693973 1.864165 -4.618658 20.527312 -0.000000 -0.000001 0.000001 10.572343 3.884076 -10.675494 -3.861704 55.294749 9.010908 1.882259 -1.700490 -15.677731 -0.000005 0.000003 -0.000002 29.224494 42.808364 51.438913 -2.756151 7.609290 -3.831041 -5.308101 2.396700 -9.762669 -0.000006 -0.000002 -0.000001 9.313864 -9.560174 -52.132877 -6.664398 -5.550169 41.018541 7.571881 -5.585933 14.330087 0.000002 -0.000001 0.000003 
34.930382 93.481384 -0.813818 14.631706 43.436445 -3.225172 -12.820442 -1.274277 -2.285692 -8.682032 -7.223163 4.709033 6.796211 -27.159735 -6.622382 1.605057 10.651286 -8.798291 -0.000001 0.000001 0.000001 11.525298 -23.117137 27.753297 29.365295 -64.286287 33.309637 2.301636 2.949195 12.688319 0.000003 -0.000003 0.000001 7.797375 2.649056 -5.699916 -7.300785 51.381143 17.442478 1.148294 -5.944734 -13.514050 0.000002 0.000002 -0.000000 27.896736 46.907909 55.223773 -4.338767 7.227479 -6.978570 -2.310983 4.056771 -7.835995 -0.000003 -0.000003 0.000001 5.242200 -6.668086 -50.647168 -4.407810 -3.754864 40.197641 6.331285 -5.014619 10.884083 0.000001 0.000003 0.000001 
33.579102 93.871338 -0.760046 14.138475 37.371708 -3.358105 -13.558680 -0.985728 -5.635065 -10.737217 -9.506432 5.873609 7.723294 -30.931369 -8.229565 4.746102 12.992721 -10.455027 0.000001 0.000001 0.000001 13.458957 -26.681371 29.367778 36.222727 -70.228319 40.746299 2.667458 9.291908 5.756226 0.000004 -0.000002 0.000003 5.158648 -0.096153 -2.397680 -8.816010 45.238235 24.703269 0.923723 -0.290315 -15.389975 0.000002 -0.000001 -0.000002 25.976377 52.181552 60.995017 -6.254568 8.561433 -11.942969 -0.583302 2.485901 -2.822485 0.000001 -0.000001 0.000003 1.074329 -3.703148 -46.300555 -2.381332 -2.616358 36.259336 4.418720 -2.859630 8.284358 -0.000000 0.000003 0.000001 
32.112526 94.313690 -0.721957 13.409979 31.595898 -2.891929 -13.743754 -0.684344 -7.966704 -11.119084 -10.794749 7.128923 7.285484 -35.138967 -9.652201 7.645409 15.557518 -13.017288 -0.000000 0.000003 0.000002 14.148902 -29.499399 29.150728 35.609386 -72.741200 41.233671 3.853643 11.167784 -0.510789 0.000000 -0.000002 -0.000000 2.429049 -3.853649 -1.976033 -6.336521 35.254356 26.152263 4.417994 12.358300 -14.905850 0.000004 0.000003 -0.000003 24.668133 56.538069 66.920636 -7.914839 9.726080 -16.461089 1.449525 1.845283 1.519533 -0.000002 -0.000003 0.000001 -3.383258 -1.156487 -43.097107 0.324809 -1.125065 33.358422 2.368897 -0.015270 7.089279 0.000000 -0.000002 0.000001 
30.282396 94.889320 -0.674922 14.313842 25.812548 -2.206936 -15.366276 -0.317231 -10.883181 -11.993495 -11.703778 7.246804 7.647171 -39.284567 -10.445017 8.204503 16.604475 -14.823320 -0.000001 -0.000002 -0.000002 14.876521 -31.966143 31.204723 31.325693 -69.939156 41.677842 1.430178 13.424295 -1.424909 -0.000006 -0.000001 0.000003 0.619856 -5.248774 -2.334085 -4.319263 28.908803 20.961808 6.059271 21.171809 -15.564031 -0.000001 0.000002 -0.000000 21.647093 59.012561 71.396582 -8.571581 10.508234 -17.836868 3.073761 1.157309 4.917220 -0.000001 -0.000002 -0.000001 -7.752773 1.073229 -39.285701 1.526588 -0.467280 29.829864 0.237086 2.782900 5.135314 0.000001 0.000000 0.000001 
28.140720 95.481491 -0.610372 15.736532 20.690412 -0.879236 -17.379572 0.099435 -13.903007 -11.186381 -11.015581 7.199018 7.059487 -42.681576 -10.351836 7.312430 16.981454 -15.314385 0.000001 0.000001 -0.000001 13.692274 -30.343255 31.658914 27.161726 -64.941603 40.702269 -5.383390 16.296676 5.604291 0.000003 -0.000002 -0.000003 0.940911 -6.920597 -5.023465 -2.229687 28.390339 11.214706 3.294267 19.273008 -19.964231 -0.000002 0.000001 -0.000007 19.114733 58.995110 71.559195 -8.569353 9.608568 -18.048205 2.247678 -2.276460 7.747667 -0.000001 -0.000001 0.000002 -10.939064 2.455195 -35.487990 2.467166 0.146464 27.002111 -1.527629 5.128934 2.112143 0.000000 0.000001 0.000001 
26.008821 96.079437 -0.554224 16.050330 18.073901 0.039244 -17.282750 0.250920 -15.054435 -11.715601 -10.713749 6.345726 6.861704 -44.760183 -10.216906 5.638317 16.746703 -15.218555 0.000000 0.000003 0.000002 12.320861 -29.401348 32.919524 22.655758 -59.880801 41.159837 -11.556168 17.619195 11.303019 0.000001 -0.000002 0.000002 0.726322 -8.189897 -7.914465 -1.504298 27.892881 2.773513 -0.060941 15.559263 -21.694549 -0.000000 0.000002 -0.000004 20.520152 58.191620 69.557636 -9.580515 10.931102 -20.665093 1.145770 -5.658852 9.488936 -0.000002 0.000002 0.000002 -12.640880 2.911190 -32.644766 5.184759 1.518428 26.065773 -4.449943 10.342978 2.798530 0.000000 0.000005 0.000001 
23.875656 96.839005 -0.621524 15.971052 17.729776 0.139062 -17.113222 0.262215 -15.076350 -11.747287 -10.445069 5.926435 7.367357 -43.835147 -9.487592 5.732449 16.291029 -14.722270 0.000001 0.000005 0.000002 11.421022 -28.689390 32.752277 21.523634 -58.660021 40.794111 -12.164986 18.494283 11.223123 -0.000001 0.000002 0.000000 0.666552 -8.564837 -8.963317 -1.200317 27.370697 1.236170 -0.606996 14.199272 -21.163556 -0.000003 -0.000000 -0.000004 21.519315 57.108865 67.882142 -9.792815 11.639827 -20.989697 1.027734 -6.236770 9.873837 -0.000003 0.000001 0.000003 -13.055703 3.075755 -32.023304 5.119619 1.521498 25.351152 -4.477530 10.266502 2.842761 -0.000000 -0.000001 0.000001 
21.742495 97.598557 -0.688820 15.892549 17.385512 0.238189 -16.943686 0.273425 -15.098306 -11.776945 -10.176147 5.507633 7.849346 -42.905418 -8.780341 5.830478 15.836106 -14.226288 -0.000000 0.000001 -0.000003 10.529321 -27.975039 32.598792 20.443548 -57.435252 40.485431 -12.775869 19.370372 11.152645 0.000002 -0.000001 0.000001 0.599763 -8.938739 -10.013918 -0.913423 26.841204 -0.291636 -1.137268 12.833814 -20.648635 0.000002 -0.000001 -0.000000 22.433510 56.010772 66.287512 -10.001601 12.349832 -21.312518 0.913469 -6.815517 10.258025 0.000001 0.000002 -0.000001 -13.472411 3.235813 -31.400500 5.054517 1.525381 24.636453 -4.505049 10.190004 2.886944 0.000000 0.000002 0.000001 
19.609329 98.358109 -0.756121 15.814815 17.041119 0.336640 -16.774145 0.284574 -15.120285 -11.804589 -9.907024 5.089311 8.308786 -41.971417 -8.094010 5.932373 15.381989 -13.730570 0.000000 0.000001 0.000001 9.645493 -27.258609 32.458811 19.409967 -56.207471 40.228226 -13.389046 20.247203 11.091723 0.000002 -0.000002 -0.000000 0.525964 -9.311394 -11.066164 -0.643664 26.305039 -1.809653 -1.652368 11.463604 -20.149191 -0.000004 0.000001 -0.000002 23.269100 54.899206 64.767337 -10.206873 13.061011 -21.633589 0.802961 -7.395057 10.641553 -0.000002 0.000003 -0.000000 -13.890919 3.391352 -30.776409 4.989460 1.530076 23.921727 -4.532504 10.113483 2.931078 -0.000000 0.000005 0.000000 
17.476168 99.117668 -0.823419 15.737842 16.696604 0.434422 -16.604608 0.295661 -15.142302 -11.830212 -9.637710 4.671465 8.746729 -41.033540 -7.427533 6.038110 14.928763 -13.235103 0.000001 0.000003 -0.000000 8.769300 -26.540428 32.332101 18.418032 -54.977606 40.017583 -14.004713 21.124512 11.040524 -0.000005 0.000001 0.000002 0.445161 -9.682625 -12.119934 -0.391052 25.762782 -3.317625 -2.152882 10.089372 -19.664632 -0.000002 0.000001 -0.000002 24.031973 53.775917 63.315717 -10.408632 13.773257 -21.952972 0.696231 -7.975283 11.024456 -0.000003 0.000000 0.000001 -14.311155 3.542319 -30.151129 4.924472 1.535577 23.207031 -4.559889 10.036943 2.975165 0.000000 0.000006 0.000001 
15.343002 99.877228 -0.890718 15.661624 16.351973 0.531547 -16.435054 0.306681 -15.164340 -11.853828 -9.368236 4.254095 9.164183 -40.092234 -6.779908 6.147660 14.476483 -12.739852 -0.000001 0.000001 0.000001 7.900505 -25.820815 32.218416 17.463496 -53.746513 39.849291 -14.623111 22.002051 10.999202 0.000005 -0.000004 0.000001 0.357373 -10.052218 -13.175125 -0.155559 25.215050 -4.815321 -2.639392 8.711794 -19.194397 -0.000006 0.000004 0.000003 24.727578 52.642515 61.927310 -10.606891 14.486478 -22.270723 0.593278 -8.556134 11.406779 -0.000003 0.000002 0.000001 -14.733027 3.688681 -29.524739 4.859563 1.541891 22.492431 -4.587212 9.960382 3.019205 0.000000 0.000004 0.000001 
13.324387 100.587914 -0.958111 14.208450 13.733431 1.203564 -14.087159 0.287042 -15.213883 -11.353903 -6.500753 0.301441 11.403472 -31.802809 -1.971124 7.385149 10.244349 -8.075817 0.000000 -0.000002 -0.000000 1.343938 -19.652881 31.175306 10.626915 -43.723490 39.279141 -20.057211 28.465408 12.026367 0.000001 0.000000 -0.000001 -0.629927 -13.093018 -21.904505 1.107133 20.360458 -16.278294 -5.646380 -1.482864 -15.874509 0.000002 -0.000002 -0.000002 27.954334 42.065926 50.973972 -11.624370 20.854249 -23.850180 0.172565 -12.652277 14.577813 -0.000000 0.000000 0.000003 -15.945903 3.686679 -21.381600 4.137009 0.965406 13.285969 -4.354673 9.312295 3.997714 0.000000 -0.000001 0.000000 
11.368759 101.221252 -0.969260 11.334826 12.236636 1.543197 -11.250606 0.075322 -14.836487 -9.776238 -4.007184 -2.581775 11.009555 -25.499745 1.069849 9.978876 8.115712 -4.822020 -0.000001 0.000001 -0.000001 -2.650034 -14.374575 29.916953 5.212651 -35.860740 38.930145 -23.231420 29.455170 13.696699 -0.000003 0.000000 0.000001 -0.614978 -13.617266 -28.818286 0.521064 15.044873 -23.440215 -7.601798 -7.305602 -13.737421 -0.000000 0.000000 -0.000000 26.844141 32.741451 42.110131 -12.235419 23.577429 -26.300869 -0.237063 -13.907419 14.686848 0.000001 0.000003 0.000004 -13.508722 2.428805 -15.494402 4.391298 0.510042 8.374854 -3.631801 8.034210 1.321448 0.000000 0.000002 0.000001 
9.500432 101.811676 -0.925456 9.130217 13.406097 0.328430 -8.165812 -0.294014 -13.183145 -7.813526 -2.196612 -3.862545 9.212310 -21.192836 2.689433 10.743889 6.814084 -2.761295 0.000000 -0.000000 -0.000000 -4.132145 -10.913526 28.606801 2.068441 -28.718172 38.646938 -24.486658 28.372307 16.137545 0.000003 -0.000002 0.000001 -0.150528 -13.955939 -32.629607 0.797341 10.224538 -29.751631 -8.481204 -12.542116 -12.402539 -0.000001 0.000000 -0.000003 24.935115 23.811919 34.424492 -11.690205 24.021567 -25.276628 -1.890740 -14.853296 13.254982 -0.000005 0.000002 0.000001 -11.599458 1.763860 -11.131408 5.401746 0.038174 7.172441 -4.245461 10.227828 0.285216 -0.000000 -0.000001 0.000002 
7.767905 102.327370 -0.855159 7.962278 13.850607 -0.959302 -6.910372 -0.437567 -11.797657 -6.467764 -1.228985 -4.364306 8.041434 -18.310281 3.626367 10.633196 5.684891 -1.635814 0.000001 0.000001 0.000003 -4.679260 -8.860318 27.933647 0.319859 -23.954585 37.612841 -24.996979 26.707785 18.203637 -0.000001 0.000001 -0.000001 0.100756 -14.263909 -34.383948 0.716347 7.118965 -34.381127 -8.554277 -15.074021 -11.496955 0.000001 0.000001 -0.000002 22.393166 16.736597 28.072778 -10.811754 22.859706 -22.739805 -2.425177 -13.298611 11.256607 -0.000000 0.000000 -0.000002 -10.139499 1.298003 -7.899980 5.567793 -0.460441 6.918904 -5.109014 12.843660 -0.131938 -0.000000 0.000003 0.000001 
6.114052 102.809174 -0.770605 6.319488 15.105803 -3.254467 -5.361096 -0.487596 -9.497813 -6.205098 -0.873094 -4.846516 7.182881 -15.870009 4.209430 9.419442 3.985650 0.248126 -0.000001 0.000005 -0.000000 -5.138203 -8.097581 26.560823 -0.959206 -21.813688 35.041073 -25.420748 21.669303 20.128911 0.000000 -0.000005 0.000003 0.765378 -12.876918 -34.152875 -0.273084 4.435398 -38.482508 -9.020096 -14.942379 -11.027513 0.000005 0.000001 -0.000001 20.961050 9.935976 22.943452 -11.053157 24.646838 -21.212071 -3.104145 -14.052151 10.710496 -0.000002 -0.000003 0.000003 -8.397143 1.070329 -4.434702 5.494893 0.285922 8.292232 -5.205052 11.665349 -0.743757 -0.000000 0.000001 0.000001 
4.564476 103.203415 -0.703171 5.835578 15.443941 -5.123517 -5.516550 -0.365928 -8.146339 -5.561863 -1.117046 -3.993341 6.076365 -13.447202 3.746108 8.202416 1.689670 2.185348 -0.000001 0.000005 -0.000002 -5.676194 -7.891525 24.292454 -1.934017 -21.756579 30.608496 -25.804448 14.628677 23.385050 0.000001 0.000005 -0.000000 0.301613 -11.558422 -32.347001 -1.729627 4.487836 -43.543610 -8.979544 -13.315981 -11.011393 0.000002 -0.000005 -0.000003 18.522044 4.170015 17.857875 -9.923350 25.082451 -18.230673 -3.620221 -14.191212 10.183214 -0.000004 -0.000001 0.000002 -8.795626 1.030800 -2.372374 6.110084 0.336880 9.989936 -4.607048 9.836117 -2.008926 -0.000001 0.000001 0.000001 
3.136333 103.494774 -0.629502 4.703704 15.416814 -6.434333 -4.685437 -0.391936 -7.145202 -5.158911 -1.443940 -3.128587 5.190445 -10.843901 3.466394 6.864835 -0.422994 3.617754 -0.000000 0.000001 0.000001 -5.404277 -7.823212 22.623258 -1.968671 -22.449029 26.341712 -25.416020 7.960338 26.474778 0.000003 0.000000 -0.000000 1.787013 -8.638320 -30.304340 -0.981794 10.295472 -47.135825 -9.227714 -15.284843 -10.775633 0.000002 0.000001 -0.000001 16.397618 0.358165 14.011121 -9.009604 24.747065 -15.293193 -3.288356 -13.044201 9.700783 0.000001 -0.000002 0.000002 -7.424684 0.736112 -0.611085 5.432131 -0.002899 10.981196 -3.989907 8.311911 -2.578756 -0.000000 0.000004 0.000001 
1.774499 103.579018 -0.539169 3.020420 14.371379 -8.108184 -3.198639 -0.484382 -5.403045 -4.500164 -1.527871 -2.386261 3.517820 -5.429088 3.797044 1.723680 -2.841897 3.575417 -0.000000 0.000001 0.000001 -3.666329 -7.342926 20.820744 0.233025 -23.243615 21.872566 -25.360007 2.249432 32.023052 0.000004 -0.000002 0.000001 6.292102 -1.568504 -26.724351 2.627650 21.111206 -47.330687 -11.110516 -15.901217 -16.509947 -0.000003 0.000000 -0.000000 14.032701 -2.318877 10.509270 -7.524579 23.222684 -10.841036 -3.529623 -11.177935 7.631405 -0.000000 -0.000006 -0.000000 -4.999888 0.414636 1.511147 3.847761 -0.577725 13.292124 -3.464828 7.519403 -3.209518 -0.000000 0.000001 0.000002 
0.492308 103.532715 -0.413424 2.212831 12.165512 -9.515861 -1.258558 -0.480827 -3.665937 -4.663735 -1.278258 -2.946863 2.224766 1.028291 5.346097 -2.343116 -5.040310 4.124805 0.000000 -0.000004 -0.000000 -2.707085 -6.491548 18.023189 1.233852 -22.066130 16.786609 -20.976189 -6.809647 35.502309 -0.000000 0.000000 -0.000001 9.350203 3.985832 -24.148568 5.943391 31.101304 -47.475183 -10.831040 -12.778658 -19.669895 -0.000004 0.000000 -0.000003 10.892601 -3.542602 7.239522 -5.791644 20.395910 -7.297669 -3.405200 -8.455128 5.479168 -0.000003 0.000001 -0.000002 -3.768182 0.184594 2.280937 3.561150 -0.843372 16.470596 -3.169937 5.982813 -6.247202 -0.000000 0.000000 0.000001 
-0.683074 103.424263 -0.270588 1.694595 10.672009 -10.505179 0.610638 -0.420026 -2.697012 -3.417746 -0.787243 -2.623613 0.357635 4.577948 6.227137 -2.635496 -5.860567 5.380379 0.000001 0.000001 0.000001 -2.159204 -5.085765 15.972628 1.996713 -21.042992 13.336638 -15.513118 -13.974381 37.813177 -0.000004 -0.000002 -0.000000 11.379001 8.132360 -22.210921 8.471564 39.226545 -46.285928 -9.020635 -10.318163 -19.583617 0.000003 0.000001 -0.000001 8.677733 -4.056373 4.921675 -4.922207 19.291202 -5.167821 -2.825726 -7.619617 5.630918 0.000001 -0.000003 0.000001 -3.069105 -0.022852 2.573389 4.032676 -0.812631 19.113306 -2.775939 4.889010 -8.205979 0.000000 0.000000 0.000000 
-1.829309 103.196556 -0.138309 0.629809 8.013982 -11.693963 1.662363 -0.376384 -2.490437 -2.320865 -0.410832 -2.249761 -1.169387 8.453034 7.074664 -2.367639 -7.980084 8.148847 0.000000 0.000005 0.000002 -2.417510 -4.121150 13.830125 1.507647 -18.053341 9.822268 -7.448097 -21.811437 38.547825 0.000003 -0.000002 0.000001 11.502560 11.299359 -19.073433 8.626429 47.379998 -41.776620 -6.624898 -4.180937 -18.831723 0.000002 0.000000 0.000002 6.361717 -1.878662 4.170261 -3.907266 17.416415 -5.915160 -1.843105 -6.347187 6.215141 -0.000003 -0.000001 0.000003 -1.524868 -0.258345 3.266030 5.367713 -0.647785 21.837880 -2.450037 2.967640 -10.334024 -0.000000 0.000002 0.000001 
-2.917077 102.881233 -0.006379 -0.188170 6.136233 -12.793870 2.553688 -0.427926 -2.445072 -1.966690 -0.369587 -1.941274 -1.959159 11.603791 7.718974 -1.474000 -9.395542 10.295497 -0.000001 0.000006 0.000003 -1.607132 -3.402065 12.753019 2.416073 -16.120554 7.348822 -1.591691 -26.690906 40.744769 0.000005 -0.000003 0.000000 11.580488 12.665926 -16.154343 9.257519 53.497778 -38.543085 -4.795708 -0.897001 -19.207383 0.000003 -0.000004 -0.000002 5.016301 -0.159680 3.973986 -3.568999 16.192504 -7.189666 -1.213701 -5.301360 6.342303 -0.000006 0.000001 0.000001 -0.681923 -0.300034 3.621900 6.553000 -0.430347 24.649214 -1.924301 1.384354 -11.905598 0.000000 0.000002 0.000000 
-3.910833 102.563301 0.124063 -0.706466 4.534577 -13.507473 2.804699 -0.359389 -2.461127 -2.082245 -0.363813 -2.046475 -2.185174 13.983223 8.312160 -0.705234 -10.367166 11.752008 0.000001 0.000001 0.000003 -1.813113 -3.117321 11.871435 2.154280 -14.621364 5.285470 3.779631 -31.153029 42.376652 0.000001 0.000000 -0.000001 11.082658 13.592775 -14.405101 7.128958 57.574233 -33.213960 -3.390858 3.070422 -19.250173 -0.000002 0.000002 -0.000004 4.332745 0.897317 3.993017 -3.194271 15.442615 -7.856701 -1.316576 -4.749462 5.803248 -0.000004 0.000004 0.000001 -0.407767 -0.388283 3.686017 7.660246 -0.077118 26.624762 -2.227533 1.874085 -12.841562 0.000000 0.000000 0.000000 
-4.818468 102.204094 0.264377 -0.680830 3.475176 -14.109193 3.075614 -0.378267 -2.241252 -2.164809 -0.295818 -2.165682 -2.532945 15.583075 8.696497 0.297106 -10.297619 12.555517 0.000000 -0.000000 0.000001 -1.216629 -2.431890 11.287897 3.325349 -13.535631 3.315822 5.915695 -33.029374 45.625206 0.000001 0.000000 0.000002 11.278901 13.622110 -13.361170 7.995952 60.412347 -32.533789 -2.955385 3.643035 -20.556878 0.000003 -0.000002 0.000003 4.143460 1.151155 3.988866 -3.085931 14.800149 -7.761378 -1.608779 -4.306452 4.773697 -0.000005 0.000001 0.000003 -0.810103 -0.278357 3.427646 8.223223 0.401105 28.925557 -2.111526 1.250005 -13.965355 0.000000 -0.000001 0.000002 
-5.651251 101.812393 0.408453 -0.993798 3.038706 -14.662326 2.947064 -0.374988 -2.076087 -2.768346 -0.541151 -2.339696 -2.214122 16.132036 9.170719 0.293836 -10.627236 12.858367 -0.000000 -0.000000 0.000001 -1.170457 -1.640177 10.293774 3.750975 -14.368618 1.260800 9.125917 -35.081033 46.994416 0.000001 -0.000003 0.000000 11.207175 14.441086 -12.203383 5.850825 61.837186 -28.095374 -1.550272 6.749455 -20.409568 0.000005 -0.000000 0.000001 4.744950 1.336662 4.619652 -2.999414 14.903802 -7.577526 -2.072505 -5.036843 4.959265 -0.000002 -0.000003 -0.000002 -1.120185 -0.285869 3.337666 9.061750 0.863071 30.788471 -1.932703 0.520329 -15.031988 0.000000 0.000000 0.000000 
-6.398767 101.442398 0.554068 -1.163154 3.476161 -15.142611 2.942032 -0.397335 -1.683824 -2.983053 -0.603171 -2.338915 -2.235821 16.149327 9.305688 0.945212 -10.523576 13.457974 -0.000002 0.000001 0.000001 -0.763371 -1.275857 9.581946 4.584877 -14.360741 -0.000501 10.512406 -36.058874 48.991799 0.000003 -0.000002 0.000005 11.269785 14.820652 -11.241407 5.494281 62.803808 -26.241973 -0.693617 8.477834 -21.321247 0.000003 0.000001 -0.000007 5.698218 0.783766 5.158882 -2.912624 15.774397 -7.259621 -2.525363 -6.106501 5.629386 -0.000003 -0.000001 -0.000001 -0.992183 -0.219909 3.392038 9.354305 0.976327 32.169750 -1.901229 0.169052 -15.887913 -0.000000 0.000000 0.000000 
-7.082485 101.082413 0.695850 -0.981052 3.268660 -15.489880 2.656019 -0.406701 -1.468810 -4.095617 -1.115001 -2.522865 -2.076541 17.781653 9.725242 -0.209582 -11.820317 13.738255 0.000001 0.000001 0.000001 -0.218309 -1.783124 9.089717 5.033388 -14.457151 -1.691847 11.630286 -36.855469 50.303005 -0.000000 0.000003 -0.000001 10.600976 14.249017 -10.013096 2.849878 65.041508 -21.221734 0.334120 11.877545 -22.587272 -0.000000 0.000002 -0.000002 6.537947 0.578246 5.728601 -2.832518 16.307656 -6.363014 -3.436884 -7.495481 5.683391 -0.000003 0.000001 0.000001 -1.760529 -0.132599 3.264042 9.386818 1.188223 33.537496 -1.532136 -0.919910 -16.378987 -0.000000 0.000001 -0.000000 
-7.706299 100.740311 0.824593 -0.187540 3.544205 -15.525141 2.211401 -0.437580 -1.424232 -4.598066 -1.265658 -2.711036 -2.248290 18.412554 10.085193 -1.749682 -12.665762 13.469893 -0.000002 0.000005 0.000002 0.371923 -1.661360 8.517461 5.746464 -15.079326 -2.985197 11.843506 -37.000535 51.585383 -0.000003 0.000001 0.000004 10.257561 13.596764 -8.888548 1.270242 67.250131 -17.884475 1.606458 14.554467 -23.700374 0.000001 0.000004 -0.000002 7.597999 -0.403096 5.953126 -2.951823 17.038134 -5.778568 -4.530683 -8.785160 5.338310 -0.000003 -0.000002 0.000002 -3.146218 -0.105328 2.864369 9.083430 1.181275 34.692597 -1.221289 -1.921446 -16.750718 0.000001 -0.000001 0.000001 
-8.276166 100.423843 0.955424 0.042582 4.308609 -15.648751 1.837130 -0.429028 -1.152815 -4.910232 -1.434296 -2.678391 -1.971225 17.857813 9.972833 -2.362686 -12.854353 13.163449 -0.000001 0.000006 0.000001 0.359257 -1.759807 8.220217 5.910952 -15.147944 -4.646558 14.524858 -37.942568 50.815149 0.000001 0.000002 0.000003 9.832261 13.643601 -7.988813 -3.230301 68.672675 -11.316840 2.882303 16.422971 -22.294549 -0.000003 -0.000007 -0.000000 8.565650 -1.152992 6.348847 -2.947195 16.863259 -5.386656 -5.194884 -9.170206 4.667980 -0.000002 -0.000003 -0.000001 -3.401625 -0.050942 2.767057 8.305830 1.075340 35.469432 -0.877071 -3.454546 -16.985345 0.000000 0.000000 0.000001 
-8.810726 100.127831 1.086918 0.971377 5.172198 -15.710893 1.700981 -0.411577 -1.105525 -5.152092 -1.541810 -2.625004 -1.442864 17.184169 9.836263 -2.590679 -12.671133 12.833563 -0.000002 0.000001 0.000001 0.459560 -1.719350 8.010262 6.323449 -14.951663 -5.897242 15.847588 -38.114044 50.088287 0.000001 0.000002 0.000000 9.476344 13.165789 -7.211084 -6.055971 70.258249 -7.067074 4.069036 17.784631 -21.769577 -0.000000 -0.000001 -0.000001 9.385873 -2.497392 6.331169 -2.536895 16.437113 -4.482987 -6.394311 -9.554988 3.314394 -0.000003 0.000001 0.000003 -4.461671 0.097729 2.613682 7.565017 0.692443 36.094790 -0.456333 -4.759120 -17.175860 0.000000 0.000000 -0.000000 
-9.317279 99.855110 1.214768 1.643267 5.954504 -15.750177 2.379343 -0.375682 -0.789921 -6.023871 -1.936877 -2.725523 -0.446259 16.135038 9.469473 -2.261758 -11.981111 12.444471 -0.000000 0.000001 0.000003 0.526237 -1.655409 7.696903 6.646367 -14.536927 -7.129485 16.181386 -37.763703 48.478036 -0.000003 -0.000004 0.000002 9.226342 12.915632 -6.891637 -9.588156 72.179458 -2.437337 5.097469 18.967942 -20.780320 -0.000002 0.000005 -0.000001 10.257111 -3.424293 6.633297 -2.627067 16.689617 -4.288429 -6.968234 -10.232184 3.233688 -0.000002 0.000001 0.000003 -5.461660 0.225949 2.470359 7.087835 0.531136 36.731965 -0.086299 -6.056619 -17.308435 0.000000 0.000000 -0.000000 
-9.787076 99.606728 1.330844 2.257652 5.973423 -15.544411 2.718498 -0.372117 -0.993450 -5.589941 -1.705638 -2.703928 -0.939629 15.655313 9.498260 -1.865366 -11.440814 12.176727 0.000001 0.000001 -0.000000 0.799036 -2.128887 7.491868 7.035565 -13.976260 -7.967978 15.472238 -36.978064 48.111887 -0.000000 0.000002 -0.000001 9.152062 12.733049 -6.774890 -11.315318 73.216431 -0.293892 5.888652 18.818385 -19.878601 -0.000005 -0.000000 -0.000000 10.278675 -3.542207 6.598945 -2.625605 16.655809 -4.268050 -6.816533 -10.260921 3.539417 -0.000005 -0.000003 0.000003 -6.178105 0.297825 2.243347 6.767237 0.384646 36.949578 -0.064869 -6.407966 -17.571835 0.000000 0.000000 0.000002 
-10.242529 99.374237 1.443467 2.684879 6.111193 -15.451978 2.866096 -0.390354 -1.033767 -5.447519 -1.676523 -2.612865 -1.028249 15.491110 9.449449 -1.529268 -10.812678 11.922579 0.000000 -0.000000 0.000001 0.801049 -1.735274 7.683591 7.387669 -13.110016 -9.410625 16.206260 -37.134028 47.241307 -0.000003 -0.000002 -0.000002 9.239156 12.291597 -7.119446 -13.614094 74.351704 2.616681 6.451961 19.933219 -18.975179 -0.000002 0.000000 -0.000003 10.240824 -3.257225 6.728079 -2.895421 17.554124 -4.516215 -6.560378 -10.642829 4.441800 -0.000000 -0.000001 0.000002 -6.867134 0.304864 2.056398 6.753372 0.264767 37.454217 0.263694 -6.885922 -17.386165 0.000000 0.000000 -0.000000 
-10.674445 99.146889 1.548655 2.627213 6.424805 -15.451853 3.525519 -0.350759 -0.525927 -5.259854 -1.769471 -2.151712 -0.627634 14.215918 8.644188 -0.056543 -9.255879 11.514381 -0.000000 0.000003 0.000003 0.736532 -1.089986 7.823223 8.316204 -12.253070 -11.171106 16.187057 -36.417899 46.261418 0.000003 -0.000004 0.000001 8.727541 10.101642 -7.241615 -30.682463 78.046495 22.475736 6.895019 17.203184 -15.651500 0.000002 -0.000005 -0.000001 10.434138 -2.719261 7.259181 -2.669776 17.214165 -4.831323 -6.323370 -10.166664 4.605423 -0.000001 -0.000001 0.000002 -7.245776 0.440782 2.103760 6.946569 0.172399 37.757617 0.318516 -6.562937 -17.622173 -0.000000 0.000003 0.000001 
-11.072556 98.942970 1.656134 2.452918 7.543157 -15.707605 3.352597 -0.308850 0.152793 -4.346849 -1.567103 -1.629285 -0.736315 12.605161 7.780337 1.474397 -8.174316 11.456114 0.000000 0.000003 -0.000000 0.184918 0.032836 7.684743 8.575945 -10.935828 -12.767582 18.577821 -37.777858 46.728637 0.000000 0.000003 -0.000002 7.817375 7.887129 -7.185887 -59.133408 78.956058 53.969679 7.674142 15.881482 -11.841814 -0.000002 0.000001 -0.000002 11.252808 -3.006671 7.802145 -2.733326 17.575694 -4.904308 -5.750714 -10.170491 5.544532 -0.000000 -0.000001 -0.000000 -7.113755 0.445647 2.300572 6.762730 0.059281 38.055813 0.518208 -7.139446 -17.691670 -0.000000 0.000000 0.000002 
-11.450023 98.753532 1.751124 2.510648 8.531302 -15.719542 3.465793 -0.276279 0.558110 -4.624697 -1.690382 -1.597851 0.252277 11.699037 7.730372 1.904946 -7.289911 10.962494 -0.000000 0.000001 -0.000000 0.325648 0.464041 7.408567 9.189182 -11.510978 -14.878356 19.513347 -37.678868 45.463337 0.000002 -0.000001 0.000001 7.719695 7.219183 -7.069791 -69.130230 76.383877 67.818239 8.554589 16.202445 -10.380325 0.000002 0.000003 -0.000003 11.717620 -3.526164 7.968310 -2.321865 16.532632 -3.958628 -5.669842 -9.721007 5.218048 -0.000003 -0.000001 0.000003 -7.374727 0.520389 2.119962 6.598913 0.091797 38.651084 0.827940 -8.335035 -18.159253 0.000000 0.000001 0.000001 
-11.827522 98.589844 1.842615 3.254461 9.200685 -15.597516 4.066579 -0.244692 0.581291 -4.790611 -1.638521 -1.837579 0.470583 11.551318 8.127480 1.252715 -7.092249 10.514519 -0.000000 0.000005 -0.000000 0.695207 0.162016 7.161820 9.747015 -12.934073 -17.273132 19.085386 -36.693750 43.933047 -0.000001 -0.000003 0.000004 7.811754 7.037854 -7.298929 -63.395576 74.403955 64.438054 9.475580 18.298780 -11.158440 0.000003 -0.000001 -0.000001 11.715800 -3.898651 7.724914 -2.150798 16.082515 -2.892093 -5.975449 -9.571255 4.584699 -0.000001 0.000001 0.000003 -8.147092 0.590613 1.801710 6.014718 -0.082147 39.071892 0.981421 -9.024059 -18.317338 0.000001 0.000001 0.000001 
-12.183928 98.444221 1.928360 3.673127 9.809346 -15.356897 4.183306 -0.238641 0.328402 -4.881697 -1.535647 -2.151761 0.510336 11.806194 8.531889 1.011943 -7.555354 10.884081 0.000001 0.000001 -0.000001 0.872180 -0.369768 6.840449 9.789667 -13.659536 -19.343005 19.670279 -36.730367 42.727840 0.000003 0.000000 0.000003 7.762101 7.480897 -6.980268 -55.590138 72.663241 57.759385 10.573902 21.566744 -11.532571 0.000003 -0.000005 -0.000001 11.875136 -4.111943 7.692908 -2.173646 16.574166 -2.708122 -5.904181 -9.895750 4.942780 -0.000000 -0.000001 -0.000000 -8.384340 0.608237 1.615772 5.849646 -0.119027 39.082578 0.887905 -9.262512 -18.862544 0.000001 0.000002 0.000001 
-12.530758 98.314545 2.012145 4.316002 10.519689 -15.082663 4.064838 -0.250800 0.027581 -5.109733 -1.372358 -2.593261 0.589796 11.664653 9.133688 0.642291 -7.792752 10.854088 0.000001 0.000003 0.000002 0.966670 -0.141714 6.354943 10.228449 -15.025538 -22.164847 19.553319 -36.424016 42.789414 0.000003 0.000000 0.000001 8.176252 8.147769 -7.172231 -50.309941 71.720661 52.980831 11.296554 23.164433 -12.041784 -0.000002 0.000000 0.000001 12.175954 -4.190288 7.925909 -2.325069 16.930307 -2.642841 -6.171935 -10.199370 4.735664 -0.000004 -0.000001 0.000002 -8.819642 0.693976 1.452588 5.518113 -0.215973 38.923619 0.992982 -10.110728 -19.175538 0.000000 0.000002 0.000001 
-12.859470 98.205139 2.097739 5.067640 11.202041 -14.564362 3.548059 -0.288929 -0.083028 -5.124635 -1.002706 -3.116136 0.559645 11.535827 9.380670 -0.140526 -8.120088 10.745550 0.000001 0.000006 0.000001 0.751988 1.853471 5.559388 10.955919 -16.082234 -24.677682 19.288215 -36.277621 43.979865 -0.000000 0.000000 0.000002 8.560041 7.219375 -8.296269 -54.493763 73.170293 56.613095 11.311526 21.607467 -11.291217 -0.000000 0.000003 -0.000003 12.423648 -3.572303 8.475116 -1.841604 15.314442 -2.402989 -6.738155 -9.790122 3.598317 -0.000001 0.000001 0.000003 -8.576202 0.727438 1.378543 5.084470 -0.431060 38.133079 0.948901 -10.356759 -19.230959 0.000001 0.000002 0.000000 
-13.153862 98.109528 2.186795 5.512328 12.371926 -14.276584 3.063750 -0.306280 0.290752 -5.432035 -0.834341 -3.594987 0.934927 11.325159 9.380097 -0.074015 -8.118403 10.938290 -0.000000 0.000001 0.000001 1.106171 1.860322 5.279921 11.468203 -16.959554 -26.306670 17.664949 -35.166677 43.625682 0.000001 -0.000002 0.000001 8.706186 6.212742 -9.304154 -59.390974 74.119765 61.496114 11.030931 19.251201 -10.213294 -0.000000 0.000003 -0.000003 13.540984 -4.000760 9.248590 -1.853649 15.434619 -2.143227 -7.776746 -10.018475 2.480178 -0.000005 -0.000005 0.000001 -8.557870 0.810969 1.190533 4.679591 -0.729318 37.782482 1.141804 -11.064112 -19.620687 0.000001 0.000001 0.000001 
-13.433403 98.042877 2.283512 6.369530 14.017859 -13.497509 1.998149 -0.407542 0.034528 -6.086105 -0.609009 -4.391153 1.810009 10.882681 9.784610 -0.672737 -8.561170 10.932935 -0.000001 0.000005 -0.000002 1.435333 2.425599 4.489836 11.605530 -18.722057 -26.587505 16.157484 -33.208953 41.397609 0.000001 0.000000 -0.000000 9.413152 5.647548 -11.338143 -54.017596 78.221874 51.450637 10.407181 15.180910 -8.081390 0.000002 0.000001 -0.000003 15.287994 -3.614128 10.955091 -2.690015 16.632940 -3.389462 -9.418725 -11.119094 1.217243 -0.000002 -0.000001 0.000002 -8.421184 0.950131 0.681382 3.415064 -1.271628 36.796118 1.379527 -11.996091 -19.726734 -0.000001 0.000001 0.000001 
-13.679905 98.032463 2.377484 6.885331 16.860546 -12.334347 0.198520 -0.500196 -0.798946 -5.624587 -0.184580 -4.875822 2.234387 9.522919 9.991903 -0.625303 -9.657385 11.564886 0.000000 0.000003 0.000002 1.551985 1.950131 3.787909 10.159490 -18.818197 -27.073968 17.567042 -33.473842 36.187585 -0.000000 -0.000003 0.000003 9.958772 6.548175 -13.433568 -38.304100 78.793124 32.025821 9.713072 15.038319 -4.122111 -0.000002 -0.000001 -0.000001 18.723468 -3.164717 13.974168 -4.436298 20.487342 -7.051495 -9.300140 -13.504069 3.799773 -0.000002 0.000004 0.000002 -7.887366 0.855110 -0.527949 1.999335 -2.323195 35.658970 2.144669 -12.998103 -18.806811 0.000000 -0.000001 0.000002 
-13.897532 98.060532 2.463875 7.080478 19.054307 -11.144462 -0.638450 -0.630588 -1.580810 -5.534860 0.274194 -5.527816 2.086794 8.822298 10.493010 -1.129356 -10.205232 11.841455 -0.000000 0.000001 -0.000000 2.609573 1.224987 3.298250 9.973430 -21.329194 -26.312932 14.532689 -30.244662 33.113375 0.000001 -0.000004 0.000002 11.343135 7.794548 -15.108563 -14.606421 76.290809 5.475932 9.746482 15.509341 -4.393319 -0.000003 0.000001 -0.000001 22.282968 -2.834905 17.032661 -5.946530 23.589129 -10.460692 -11.174333 -15.644405 3.267881 -0.000001 0.000000 -0.000003 -7.865078 0.985345 -1.821486 1.061025 -3.104770 34.796781 2.303202 -12.622517 -18.844150 -0.000001 0.000002 -0.000000 
-14.091370 98.175598 2.541560 6.822470 23.046761 -10.128139 -0.740750 -0.627311 -1.077190 -5.463975 0.754586 -6.006716 2.643001 5.474435 9.771463 -1.724868 -9.877638 11.091679 -0.000002 0.000003 0.000002 3.725666 -1.661092 3.019992 9.387353 -24.338387 -25.612038 8.803981 -23.585029 28.736846 0.000001 -0.000002 0.000001 12.860766 9.377416 -17.425411 -2.013617 73.833375 -10.436776 8.774262 12.251142 -3.844527 0.000003 -0.000001 -0.000002 27.620829 -1.114520 21.785575 -7.247135 25.729731 -13.632605 -12.039492 -17.494527 3.394961 -0.000000 0.000000 -0.000000 -7.715317 1.112759 -2.650007 -0.562233 -3.746602 32.901971 2.466647 -13.840919 -18.824748 -0.000000 0.000001 0.000001 
-14.296099 98.345207 2.578537 7.174778 26.183809 -8.628673 -1.178574 -0.677375 -0.716753 -4.530024 0.773935 -5.237677 2.981222 2.062141 7.599603 -2.277391 -8.405386 10.346540 -0.000002 0.000006 0.000003 4.829804 -4.163902 4.514806 9.053549 -27.508399 -26.020581 3.162027 -15.750969 24.798066 0.000001 -0.000001 0.000001 14.207731 9.699085 -19.827993 7.512487 68.884937 -23.108092 8.217927 3.482814 0.304078 0.000003 -0.000001 -0.000001 30.958488 3.025687 26.032716 -8.935492 27.401513 -15.252883 -14.019940 -20.197127 2.355171 -0.000006 0.000001 0.000001 -7.379564 1.221523 -2.356701 -2.924634 -3.909087 27.866782 2.536893 -14.848503 -18.111619 0.000000 0.000004 0.000000 
-14.506788 98.509224 2.584641 7.326127 27.955597 -7.294235 -2.219683 -0.753844 -1.044418 -3.360131 0.770210 -4.185931 2.845890 -0.509227 5.520144 -3.074152 -7.145181 9.026092 -0.000002 0.000005 0.000002 5.390368 -5.751497 5.051408 8.311305 -31.264402 -25.116583 -0.690052 -7.907352 20.871993 0.000003 -0.000001 0.000003 15.058175 9.774157 -21.462215 9.801345 62.768837 -27.010389 9.504462 -2.421518 5.095766 0.000001 -0.000001 -0.000002 33.794530 7.383446 29.842008 -10.454597 30.296066 -19.380875 -14.355548 -22.815190 3.392698 -0.000002 -0.000002 -0.000003 -8.057578 1.390173 -2.964110 -4.096446 -3.635027 24.729764 2.131834 -14.882880 -17.619405 -0.000000 0.000001 0.000001 
-14.730429 98.658745 2.538079 10.221231 29.073732 -4.892228 -5.405712 -0.816851 -4.179046 -3.144394 0.737572 -3.124064 4.178908 -5.001897 3.713308 -4.254933 -5.856666 5.548088 0.000001 0.000006 0.000001 8.351224 -8.385157 3.986724 9.510291 -37.508394 -17.778142 -4.849457 4.768121 17.487946 -0.000006 0.000002 0.000000 16.587563 7.715710 -23.109831 15.775898 55.016665 -35.730926 12.898040 -8.667968 9.512735 -0.000000 0.000003 -0.000004 35.923605 12.639738 33.715743 -11.548160 34.636606 -21.746732 -17.116323 -27.323070 3.104158 0.000004 0.000000 0.000003 -10.326665 2.052961 -6.364809 -5.127712 -3.908118 23.089521 2.646121 -13.736426 -16.563716 0.000000 0.000000 0.000001 
-14.941729 98.794716 2.505136 11.363577 30.114734 -2.340802 -5.468455 -0.785199 -6.037527 -3.992429 -0.250809 -1.871312 5.558468 -11.262047 1.715112 -1.399167 -1.398388 3.410683 0.000001 0.000005 -0.000000 9.569546 -11.575297 3.616893 9.884889 -42.944767 -12.251155 -8.385313 16.032988 13.438039 -0.000002 0.000000 -0.000001 15.317213 5.580982 -23.400872 14.730802 42.970875 -36.848003 13.075899 -6.518972 10.956578 0.000006 0.000000 -0.000003 35.592328 20.747883 38.019968 -12.899879 32.812540 -24.134818 -20.138360 -32.703810 2.762610 -0.000002 -0.000001 0.000002 -10.590279 2.322725 -10.002627 -4.949982 -2.789429 26.279026 3.304168 -13.822980 -13.523144 0.000000 -0.000002 0.000001 
-15.111340 98.914963 2.546013 11.472490 29.169757 -0.026983 -6.421434 -0.756630 -8.139052 -3.540616 -1.041665 -0.149956 5.570024 -16.019270 -0.543294 1.649187 2.925461 2.005752 -0.000000 0.000005 -0.000000 10.136901 -13.655700 2.856586 8.799163 -46.144789 -10.012845 -10.579015 23.655734 9.693024 -0.000001 -0.000002 -0.000003 12.586949 2.122471 -23.283992 11.379176 33.339704 -33.498239 11.718578 0.894074 9.783713 -0.000003 0.000004 -0.000006 34.812955 28.252587 42.096249 -14.728159 31.886926 -25.751031 -16.804251 -36.025426 8.405700 -0.000002 -0.000003 0.000003 -9.749493 2.015325 -11.455049 -5.196589 -1.294302 25.879648 3.779389 -15.648261 -11.297534 0.000000 0.000000 -0.000000 
-15.232286 99.016991 2.622956 11.091714 29.678719 1.673622 -6.691208 -0.704629 -9.473312 -3.750757 -1.975153 1.244328 5.254850 -19.934810 -2.387076 3.684814 5.612616 0.089678 -0.000000 0.000001 -0.000001 10.909573 -16.749441 3.529202 7.646932 -54.227867 -10.318581 -18.944158 30.793928 15.161306 -0.000001 0.000000 0.000002 11.223655 0.422339 -23.524433 8.666647 28.174173 -27.439308 14.324840 -4.654405 16.695786 0.000002 0.000003 -0.000000 32.637830 36.023517 46.369789 -14.568368 30.545050 -25.422311 -13.098448 -37.587549 13.663126 -0.000003 -0.000001 -0.000000 -9.579775 1.867202 -14.063990 -2.262797 -0.024274 28.825495 2.705159 -12.510244 -10.667550 -0.000000 -0.000002 -0.000001 
-15.327385 99.057449 2.681479 12.674242 30.387539 2.961622 -8.175678 -0.769339 -10.328099 -4.071924 -3.133263 2.968864 5.304866 -24.226695 -4.803585 4.004473 8.289008 -2.627643 -0.000001 0.000003 -0.000000 13.560984 -19.750788 1.506482 6.546463 -61.357754 -13.551962 -21.808714 19.621489 24.907600 -0.000000 0.000000 -0.000002 10.068490 -2.739792 -22.477825 8.388301 20.107583 -24.453761 17.733854 -11.076242 22.402950 0.000001 0.000000 -0.000003 29.064026 43.898019 51.802074 -14.313863 30.903649 -23.975409 -8.983877 -36.136226 17.953521 -0.000005 -0.000005 -0.000001 -11.529393 2.287624 -17.695681 -2.150297 -0.169251 31.162588 1.109550 -9.537312 -13.118517 -0.000000 -0.000001 0.000001 
-15.412075 99.057304 2.707111 13.481415 30.268325 4.545386 -8.943012 -0.729122 -11.639923 -6.339339 -4.804790 3.449727 7.456228 -25.314455 -5.518836 3.853721 10.099410 -5.434479 -0.000000 -0.000004 -0.000000 14.696055 -22.360086 1.702371 3.002965 -63.079898 -20.776069 -12.966079 5.941529 24.494899 0.000003 -0.000002 0.000001 9.601399 -3.384426 -22.544276 7.810245 13.737541 -22.034185 20.218472 -15.844164 27.931879 -0.000003 0.000001 -0.000002 25.248237 50.471249 58.296587 -14.163107 30.304559 -25.095805 -5.400946 -34.976244 22.124277 0.000001 0.000002 0.000001 -13.055755 2.871489 -21.183436 -1.772834 -0.196637 33.670155 0.468450 -8.393078 -14.393915 0.000001 0.000000 0.000002 
-15.417311 99.047615 2.771721 14.036424 28.373314 6.629905 -8.414752 -0.849061 -12.394455 -7.643584 -6.621548 5.292396 7.643730 -30.104930 -7.608622 3.456906 13.014564 -9.101422 0.000000 0.000001 0.000001 15.867916 -24.040452 3.990059 8.516004 -58.907786 -11.254057 -8.027559 5.926218 20.399473 -0.000001 0.000003 0.000004 8.305556 -6.231027 -21.291943 8.631008 10.706980 -20.666855 19.083120 -17.706372 25.789821 0.000001 -0.000001 -0.000001 19.687617 56.925901 67.562626 -14.000694 28.733475 -25.373658 -2.481180 -32.110283 24.538332 -0.000006 0.000000 0.000001 -14.863776 3.920191 -25.183147 -1.595831 -0.134196 36.057405 0.580688 -9.688561 -15.215341 0.000000 -0.000004 0.000000 
-15.363207 98.985291 2.865580 16.198866 27.641101 8.156918 -8.583256 -0.784424 -12.878078 -9.025193 -8.571338 6.661801 7.648532 -35.677350 -9.478824 2.533347 15.077607 -12.426939 0.000001 0.000006 0.000001 15.495464 -24.277837 4.082218 11.274587 -56.603898 -2.990833 -2.835820 4.900966 14.813956 0.000002 0.000002 -0.000001 5.852456 -9.962570 -20.208001 8.715621 8.064282 -18.710579 13.992130 -13.419201 16.359211 0.000001 0.000002 0.000001 12.034717 62.251703 78.509377 -13.381463 27.755386 -23.904982 -0.887035 -27.165746 23.813461 -0.000001 0.000001 0.000001 -16.750455 4.971813 -29.362198 -3.065147 -0.720871 37.749021 0.714951 -14.223542 -19.056472 -0.000000 0.000002 0.000001 
-15.300247 98.891769 2.942480 17.558649 26.714391 9.776767 -9.345253 -0.667762 -13.970745 -9.410560 -9.476654 7.511553 7.062015 -39.169455 -10.765178 2.713695 16.706621 -14.486703 -0.000002 0.000003 -0.000000 15.874739 -25.148338 4.901748 12.542591 -55.855723 2.841293 0.374034 6.661457 8.702135 0.000003 -0.000002 0.000001 4.877371 -11.366164 -19.459231 8.456208 8.388066 -17.668349 10.149314 -11.433881 10.023879 -0.000001 0.000003 -0.000002 4.698627 65.710265 88.717286 -13.095359 26.837193 -22.197493 0.067919 -25.271949 23.991417 -0.000000 0.000000 0.000003 -18.378736 5.908773 -32.919343 -3.621637 -0.855329 39.419771 0.772430 -16.757867 -21.416775 0.000000 0.000002 0.000001 
-15.186949 98.701744 3.021461 17.958697 26.402936 11.806460 -10.895463 -0.487033 -15.007638 -9.430458 -10.297449 8.474541 5.925960 -43.134912 -12.683775 3.332544 18.202902 -16.491196 0.000001 0.000001 -0.000001 16.628857 -26.836829 6.653105 12.664996 -58.441571 6.476231 1.982355 12.952352 1.019152 0.000001 -0.000003 -0.000000 3.469800 -12.839763 -18.403989 7.137238 6.644399 -14.520914 6.586585 -10.974459 5.590804 0.000002 0.000000 -0.000003 -2.665290 68.332832 98.818077 -13.360325 27.234065 -20.449880 1.048949 -24.691224 24.539312 0.000003 0.000003 -0.000003 -19.566906 6.745062 -37.381605 -3.737874 -0.502055 42.896641 0.304315 -17.990998 -23.382149 -0.000000 0.000003 0.000001 
-15.003712 98.416817 3.124839 18.697723 26.295607 13.455579 -12.399483 -0.317544 -14.860490 -10.401098 -11.232858 8.706679 5.426476 -47.166985 -14.546804 2.817652 19.348461 -17.867655 0.000001 0.000005 -0.000002 15.732069 -26.963954 7.250203 10.845317 -58.416340 5.714204 4.547228 15.651457 -5.883153 0.000002 -0.000002 0.000001 1.107513 -15.123950 -15.599893 6.340906 1.113951 -11.072037 7.641809 -14.890892 10.631260 0.000002 0.000002 -0.000001 -8.994717 69.868737 107.821960 -13.030980 26.590545 -16.704650 1.770478 -21.913352 23.547832 0.000001 0.000003 -0.000003 -20.643379 7.823654 -42.030505 -3.797846 0.045394 46.762552 -0.184939 -17.236196 -22.794440 0.000000 0.000003 0.000001 
-14.805666 98.107132 3.239727 20.417377 25.902825 14.507170 -14.413246 -0.157458 -14.927414 -10.421561 -11.540710 9.063099 4.632037 -49.861573 -15.862728 2.510561 20.426832 -19.570632 0.000000 -0.000002 -0.000002 14.938950 -26.126715 7.494916 9.935997 -57.025154 5.031486 6.854529 16.738531 -10.436846 0.000002 0.000000 0.000004 -0.330519 -17.028995 -12.847692 6.442934 -3.484516 -9.004369 9.801094 -16.449309 15.348596 0.000005 0.000001 -0.000001 -12.623289 70.716951 113.501932 -12.556858 25.919627 -15.343516 2.513297 -19.216864 22.828577 0.000001 -0.000001 -0.000000 -22.393168 9.174989 -45.567788 -3.450889 0.325392 49.535503 -0.585174 -15.930598 -22.656043 0.000000 0.000004 0.000001 
-14.593744 97.721581 3.310175 20.991649 24.772357 15.581856 -14.942907 -0.218953 -14.138129 -10.180732 -11.673919 9.439110 3.228242 -52.188878 -16.918659 1.905512 20.785715 -20.800419 0.000001 0.000005 0.000002 14.319959 -24.824386 6.857272 9.561437 -54.942223 3.825117 9.327665 15.313846 -13.315517 0.000000 0.000001 0.000002 -1.708477 -19.171858 -9.169556 7.095835 -7.541761 -7.590491 11.569220 -15.426228 18.883392 0.000003 0.000001 -0.000003 -14.877738 70.918168 116.789514 -12.082822 26.468569 -13.997308 2.158394 -19.267834 22.434501 0.000002 0.000003 -0.000004 -22.485662 9.785943 -48.356500 -4.249395 -0.435778 51.827346 -0.406377 -17.658592 -23.735799 -0.000000 -0.000001 -0.000000 
-14.339846 97.237106 3.349789 21.854030 23.865765 16.502470 -15.701934 -0.346927 -12.947798 -10.965876 -12.325232 9.559176 2.381464 -53.435609 -18.543018 0.264751 21.064081 -21.065340 -0.000001 0.000005 0.000003 14.609892 -23.816846 6.178186 10.746596 -52.837408 3.889554 11.138806 15.833137 -13.898302 -0.000002 0.000003 0.000001 -2.061725 -20.810900 -4.855693 8.620888 -10.555759 -6.592386 14.189001 -16.891515 21.320258 -0.000002 0.000002 -0.000004 -13.408204 70.990521 115.641878 -10.852316 25.319083 -11.426933 1.403666 -18.275602 20.661237 0.000003 0.000001 0.000003 -22.904237 10.518736 -51.185882 -4.889279 -1.200333 54.033428 -0.100663 -19.219616 -23.720089 -0.000000 -0.000001 0.000000 
-14.066868 96.728027 3.377402 22.295052 23.641750 16.902497 -16.017058 -0.489030 -11.821799 -10.694191 -12.462356 10.127173 0.317928 -54.720354 -20.298795 0.050480 21.567524 -21.371425 -0.000001 0.000006 -0.000003 14.955862 -23.022232 5.736951 11.851426 -51.979560 3.895127 13.148896 15.191133 -14.215856 -0.000003 -0.000003 -0.000001 -1.997569 -22.001983 -1.712850 10.146232 -12.389894 -4.740069 15.211420 -18.354842 21.153116 0.000001 0.000000 0.000001 -10.868702 70.997030 113.344790 -9.859146 24.123771 -9.437460 0.794398 -16.374496 18.308353 0.000004 0.000001 -0.000003 -22.940860 10.917267 -53.200910 -5.737257 -2.081742 55.417624 0.343530 -20.714605 -23.581870 0.000000 0.000001 0.000001 
-13.729837 96.143906 3.362689 22.703163 23.705485 17.694517 -15.999679 -0.738048 -10.427923 -10.782497 -12.688207 10.465272 0.009729 -54.913700 -20.965030 0.092604 22.207556 -21.810836 -0.000004 0.000003 -0.000000 15.863458 -22.950890 7.308694 13.103723 -50.011653 3.955035 16.408292 12.153006 -15.129706 0.000000 0.000003 0.000002 -0.909647 -21.626997 -1.316082 12.766561 -15.009725 -0.807858 18.789453 -18.350159 25.832062 0.000001 0.000003 -0.000003 -4.232766 70.104980 105.933768 -9.088451 22.555166 -7.419587 1.032935 -15.940294 18.589214 0.000003 -0.000006 0.000001 -23.365264 11.901860 -56.261460 -6.326549 -2.785424 57.468740 0.669730 -21.713042 -23.761653 -0.000000 0.000000 -0.000001 
-13.312714 95.499023 3.358428 22.606931 23.221200 18.491419 -14.724705 -0.902671 -8.512449 -10.539257 -13.041883 10.988558 -1.250522 -54.158438 -21.577230 -0.284970 22.004733 -22.290022 -0.000003 0.000005 -0.000000 14.811993 -22.718548 6.764814 11.120911 -46.794828 0.661932 20.125769 11.498337 -21.078379 0.000003 -0.000002 0.000001 -1.689905 -21.115600 2.286227 16.638928 -19.302863 14.251483 22.389266 -5.047054 32.009292 -0.000000 0.000001 -0.000002 2.933499 69.028637 98.133754 -8.720337 21.148564 -7.750544 2.465008 -14.813838 19.719405 -0.000003 0.000001 -0.000004 -23.657902 12.568430 -59.239364 -6.914016 -3.318498 59.578989 0.659342 -21.649418 -23.482083 -0.000000 0.000000 0.000001 
-12.864643 94.861000 3.348470 22.737070 22.163662 19.211883 -13.729295 -1.050889 -7.044164 -10.370719 -12.916407 10.875217 -1.460429 -53.094817 -21.194149 -0.128408 21.455911 -22.158286 -0.000000 0.000005 -0.000002 14.068939 -22.410254 7.398327 9.443362 -45.169639 -3.228735 22.929835 9.182817 -25.836150 0.000003 0.000002 0.000000 -2.086971 -20.363687 3.155775 19.980144 -21.360829 26.392469 23.639269 4.739048 36.382710 -0.000002 0.000002 -0.000001 6.782585 67.855068 93.319461 -8.322871 18.243963 -8.008138 3.522768 -12.888279 19.637077 -0.000001 -0.000003 0.000003 -23.839700 13.171092 -61.500656 -7.980393 -4.201574 60.930813 1.073300 -22.216503 -22.923269 -0.000000 0.000000 0.000000 
-12.308783 94.165077 3.334872 22.631060 21.260576 19.700248 -12.780763 -1.198280 -4.905435 -9.658619 -12.010396 10.275982 -1.510782 -52.377292 -20.217993 0.049870 21.070688 -21.918762 0.000000 0.000006 0.000001 13.862347 -21.875226 7.339634 8.651375 -43.674876 -5.748214 24.273668 13.625463 -30.982199 -0.000000 0.000000 0.000001 -2.205032 -20.036107 4.146559 22.647671 -21.787834 35.594933 24.533756 10.018431 40.470674 0.000006 0.000000 0.000003 9.355618 66.501939 88.744839 -7.997268 15.067819 -8.872805 4.416691 -10.959807 19.423567 -0.000000 0.000000 -0.000002 -23.930527 13.668178 -64.307180 -7.978666 -4.547426 63.110893 1.712236 -21.517323 -21.392972 0.000000 -0.000001 -0.000000 
-11.641010 93.410141 3.309546 22.974962 20.918745 19.629501 -11.188018 -1.279080 -2.655082 -9.951173 -11.807750 9.598403 -0.547909 -50.453016 -18.661194 -0.725018 19.495527 -20.123576 -0.000001 0.000005 0.000003 13.925678 -22.410418 7.284589 7.760344 -43.730795 -8.943889 26.340654 11.506325 -34.518359 0.000000 -0.000002 0.000001 -2.030633 -18.803979 4.754121 23.535017 -20.165208 42.076947 24.160066 16.854962 42.860653 -0.000004 0.000002 -0.000004 9.887460 65.156658 85.457449 -8.088015 12.110205 -9.680317 6.646782 -7.968852 20.324527 0.000001 -0.000001 -0.000000 -23.816053 14.285932 -67.159003 -9.209471 -5.185852 64.896141 2.375290 -23.501863 -20.090030 -0.000000 0.000001 0.000001 
-10.940046 92.693855 3.278651 22.998828 21.320393 19.210563 -9.936861 -1.341289 -0.904101 -9.208205 -11.231912 9.539180 -0.704219 -49.688735 -17.726122 -1.708862 17.747864 -18.494462 0.000003 -0.000002 0.000002 14.328017 -22.854995 6.732011 7.717335 -44.595063 -10.709143 27.074277 12.319803 -35.336564 0.000003 0.000000 -0.000000 -1.760393 -17.880761 5.966849 23.966217 -18.596100 46.364830 23.971012 21.752363 42.376136 -0.000004 0.000003 -0.000002 10.535483 64.246965 83.122692 -8.106804 12.108354 -11.135315 6.927796 -6.968590 20.146997 0.000003 0.000003 -0.000001 -23.366163 14.213283 -68.991727 -8.900501 -5.554282 65.955298 3.018012 -23.727304 -18.954287 -0.000000 0.000000 0.000002 
-10.114547 91.998764 3.261303 24.000658 21.850021 18.113703 -8.195359 -1.327744 0.464601 -9.325214 -11.548665 10.112833 0.086680 -47.790335 -16.364831 -3.106937 16.138863 -16.489844 -0.000000 0.000005 -0.000000 14.962750 -23.135499 6.283453 8.525523 -43.025407 -10.323576 24.167366 20.518471 -33.972415 -0.000001 0.000001 -0.000003 -1.369099 -16.811018 8.178666 25.016476 -18.076125 48.540430 23.729751 21.334017 41.268324 -0.000001 -0.000000 0.000001 8.473073 63.774678 83.018299 -9.440271 12.840579 -14.591072 7.305599 -5.136482 19.323524 -0.000002 0.000001 0.000001 -22.478827 13.944183 -70.585456 -10.676194 -6.912243 65.814596 3.752775 -24.611938 -17.509065 0.000000 0.000000 0.000001 
-9.072462 91.304970 3.249966 25.097049 22.138911 17.633141 -6.849986 -1.238533 1.903168 -9.206865 -11.568147 10.282982 0.333615 -45.792966 -15.592197 -4.244435 15.031167 -15.526634 -0.000002 0.000005 -0.000000 15.364963 -23.966779 4.427310 9.508381 -38.718659 -8.446372 20.343146 27.759484 -31.325706 -0.000000 0.000000 -0.000000 -1.138057 -15.107040 9.731743 24.693422 -17.940272 45.209958 23.903340 15.083657 40.140489 0.000001 0.000001 -0.000002 7.393284 63.469383 83.359706 -11.094493 13.789184 -19.308598 8.679604 -2.906841 19.834658 0.000006 0.000001 0.000003 -21.249176 13.626755 -73.670079 -12.591317 -8.522315 66.075455 4.776487 -25.244625 -15.331176 -0.000000 0.000004 -0.000000 
-8.002687 90.697044 3.188466 24.010517 22.404870 17.102473 -6.290451 -1.222817 3.317952 -8.159663 -10.904651 10.438981 0.603072 -44.287684 -14.894276 -3.805997 14.649724 -15.029532 -0.000001 0.000005 0.000002 16.916413 -25.740258 1.492048 10.062012 -39.872793 -11.898044 15.882703 33.233689 -26.129587 -0.000004 0.000002 -0.000001 -0.482297 -13.535623 10.312869 24.653720 -16.696112 44.658693 23.669001 19.164621 36.922124 -0.000002 0.000000 -0.000003 6.167639 63.275494 83.171897 -12.308019 15.060543 -21.890254 8.830634 -3.078484 19.889443 0.000003 -0.000003 -0.000001 -18.924043 11.696865 -74.568775 -14.806354 -10.198761 64.889160 5.832560 -26.293278 -13.331011 0.000000 0.000000 0.000001 
-6.748238 90.196915 3.075522 20.157247 25.224343 15.411347 -5.630363 -1.185071 6.407909 -7.600839 -10.506156 10.652133 0.858857 -42.210245 -15.178767 -2.629235 12.515310 -12.186786 -0.000001 0.000001 0.000001 17.300133 -26.629950 -0.723728 9.338436 -42.452686 -17.256674 17.766632 30.891726 -26.294422 0.000003 -0.000001 0.000006 -0.236880 -12.963702 9.127721 25.084792 -18.875844 41.575153 26.100227 19.408227 41.198188 -0.000003 -0.000001 -0.000000 5.741329 62.865532 82.285536 -12.397155 17.793719 -22.826465 6.401022 -7.738460 20.336169 -0.000000 -0.000001 0.000002 -14.459545 7.392172 -73.874930 -16.843067 -12.237410 62.522274 7.621012 -27.503686 -10.362614 0.000000 0.000004 0.000001 
-5.219280 89.778290 2.932660 16.305774 25.578558 13.207971 -4.743251 -1.251874 8.269738 -5.871526 -9.995610 12.143638 0.902560 -38.727907 -14.956367 -0.178298 10.747702 -8.510649 -0.000001 0.000001 -0.000001 18.317597 -25.816418 -2.466324 10.274920 -43.245022 -20.798764 22.012520 27.334823 -28.219731 -0.000003 0.000001 0.000000 1.386854 -11.758205 7.714659 26.288370 -20.849513 37.066795 28.448879 25.316045 46.290627 -0.000002 -0.000002 0.000003 3.012296 63.388923 84.561772 -11.823060 17.455706 -19.655797 3.732535 -12.237255 19.888674 0.000002 -0.000008 -0.000001 -11.243226 4.427682 -71.654490 -16.550515 -11.922784 61.285921 9.062123 -27.339922 -7.107549 0.000000 -0.000001 0.000000 
-3.638264 89.440140 2.804000 14.980763 27.208147 10.867998 -4.963391 -1.332417 9.291700 -5.746005 -9.989476 12.966004 1.288136 -36.546443 -14.385994 1.381919 8.928915 -5.865116 0.000000 -0.000002 -0.000000 19.859972 -24.114039 -1.692475 14.830414 -44.108146 -16.792288 27.272828 26.087633 -27.883619 0.000004 -0.000003 0.000003 3.824227 -10.494274 8.064026 27.496357 -18.867889 33.008569 32.862571 31.012542 44.870969 -0.000000 0.000000 0.000002 2.124162 63.474840 84.058394 -10.423241 18.828318 -20.081521 0.053446 -16.952731 18.968364 -0.000002 0.000001 0.000003 -9.684173 2.835323 -70.203348 -15.263581 -12.827257 60.072217 10.524789 -26.149290 -5.610414 -0.000000 0.000002 0.000001 
-1.635354 89.334129 2.663446 15.195976 29.865979 8.177891 -6.843569 -1.587843 9.818996 -5.674809 -10.400465 13.493546 2.040546 -33.911537 -13.332933 1.319018 6.782170 -2.651281 -0.000002 0.000004 0.000005 19.525716 -22.789503 -1.751910 14.616086 -42.118413 -19.939216 29.254434 22.295447 -29.828047 0.000002 0.000001 0.000002 4.495406 -8.692969 7.578161 26.305135 -17.815927 28.720413 31.797522 41.359862 48.532421 -0.000004 -0.000000 -0.000004 3.652884 62.663871 81.773265 -11.873701 19.357294 -17.622984 -0.516695 -18.307496 17.872436 0.000001 0.000001 0.000003 -7.399759 1.193527 -68.358391 -17.625233 -11.931391 55.346717 12.388413 -27.175332 -0.666040 0.000000 0.000001 0.000002 
0.774507 89.573425 2.518602 16.294362 33.511285 6.362328 -8.371877 -1.872838 10.340848 -5.843257 -10.006339 12.740778 2.578888 -29.979883 -11.975140 0.310996 4.384061 0.029759 -0.000001 0.000005 0.000002 18.709886 -19.660976 -3.288262 14.249191 -40.716103 -25.657467 26.407525 20.771669 -25.712341 0.000001 0.000002 0.000002 4.947932 -8.506863 7.472854 24.247815 -14.799534 23.929115 29.971082 53.040357 47.269878 -0.000002 0.000002 -0.000001 9.688984 60.626883 75.750568 -13.836028 20.427769 -20.032851 1.248189 -16.121594 18.339830 -0.000000 0.000000 0.000003 -3.961677 -1.342126 -64.708543 -18.280416 -10.097486 48.171340 13.374710 -25.092056 4.499721 0.000000 0.000002 0.000001 
3.278999 89.930855 2.398400 16.649489 36.734718 5.702283 -10.531896 -2.139875 9.632915 -5.408148 -9.154615 11.874269 3.218433 -27.500490 -10.590100 0.322531 2.091572 2.112531 0.000002 -0.000002 0.000003 17.897732 -16.207260 -5.567132 14.430077 -37.281344 -32.440021 25.074374 17.972972 -21.985757 0.000002 0.000000 0.000005 4.927111 -9.173605 7.051524 22.543451 -12.412608 20.237536 29.200124 62.872943 44.129839 -0.000003 -0.000005 0.000001 15.855367 59.182612 71.572910 -15.034653 21.366780 -23.191609 1.865620 -13.884834 17.107117 0.000002 -0.000003 -0.000001 -1.096774 -3.429492 -61.800392 -16.955525 -8.241139 42.160466 13.665113 -21.646423 8.802185 -0.000000 0.000000 0.000001 
6.144007 90.584076 2.287961 16.472798 39.457784 4.655711 -10.333043 -2.084003 9.860479 -5.216679 -8.025018 10.354784 3.731581 -23.775810 -8.384679 -0.408308 -1.015852 4.749269 -0.000002 0.000005 0.000002 16.153510 -11.267756 -7.797729 16.077024 -29.999069 -38.326613 23.640610 13.060748 -18.265381 0.000003 -0.000001 0.000003 4.816228 -9.225699 6.382944 20.295282 -9.326445 16.211463 30.513983 70.628090 36.065503 0.000002 -0.000001 -0.000003 21.326629 55.729924 65.578094 -15.346088 22.470913 -23.971181 0.402900 -13.368357 14.273997 -0.000001 -0.000003 -0.000002 0.835546 -4.319835 -57.178194 -13.121840 -4.978736 35.351625 11.703423 -15.136864 13.588948 0.000000 0.000001 0.000001 
9.325206 91.429260 2.205486 17.618237 42.430850 3.806677 -11.088362 -2.148750 8.427887 -5.565381 -7.489750 9.224047 4.029099 -21.235207 -6.557292 -0.981617 -3.326767 6.652658 -0.000003 0.000001 0.000006 15.465232 -7.788979 -7.238038 17.784556 -26.038063 -40.024471 21.291791 12.570099 -13.586550 0.000001 0.000003 -0.000000 5.537796 -8.429734 6.095648 18.869105 -5.303892 11.878257 40.120026 74.113222 15.433224 0.000006 0.000002 -0.000001 26.495701 53.019490 61.827337 -16.408157 23.240368 -27.711713 -1.133445 -13.019762 11.560368 -0.000003 0.000000 -0.000000 1.169956 -4.284688 -54.532445 -9.987655 -3.000087 29.564624 10.090223 -10.130899 17.059565 0.000000 0.000006 0.000001 
12.464872 92.287346 2.130121 18.975241 43.743803 3.544064 -11.938215 -2.171579 6.773368 -5.010442 -6.641242 8.486801 3.527336 -19.529427 -5.193340 -1.540193 -4.587471 7.240394 -0.000002 0.000001 -0.000000 14.489375 -5.171661 -6.543979 18.998791 -22.448402 -40.202705 20.715923 13.532555 -13.197189 -0.000004 0.000002 -0.000001 5.706939 -8.290085 5.690199 17.708435 -2.017600 9.161096 51.494026 75.448325 -4.874980 0.000001 0.000002 -0.000000 30.153858 50.815064 59.200426 -16.803606 23.899877 -30.687838 -1.956590 -12.081977 9.464673 -0.000003 0.000002 0.000002 0.842401 -4.095903 -53.229228 -7.379245 -2.070750 27.114401 8.559940 -6.550854 19.060493 0.000001 0.000004 -0.000000 
15.766197 93.202438 2.084799 19.837405 44.861543 2.877728 -12.671397 -2.200253 5.637897 -5.233009 -5.876811 7.169726 3.835396 -18.709350 -3.944699 -2.111284 -5.099130 7.895113 -0.000003 0.000001 0.000003 13.054231 -2.195834 -4.623790 20.206392 -21.275756 -37.129024 17.423852 16.034957 -8.192207 0.000003 0.000001 -0.000004 6.433301 -7.966558 4.768622 17.453775 1.657537 7.698614 59.282108 72.664805 -24.026662 0.000003 0.000000 -0.000003 33.541761 49.015555 57.881885 -17.012970 24.417778 -31.984533 -3.223328 -11.286777 6.821761 -0.000002 -0.000003 0.000003 -0.365595 -3.128876 -52.695258 -7.273175 -1.970029 27.760315 9.166003 -8.073343 18.387865 -0.000001 0.000000 0.000001 
19.202639 94.146835 2.014218 20.220555 45.502908 2.402248 -13.527358 -2.195401 3.854819 -5.178482 -5.703233 6.707669 3.871122 -18.690905 -3.254877 -0.846376 -4.803218 7.835928 -0.000002 0.000005 0.000003 11.297026 -0.921922 -0.802653 19.378217 -21.708274 -32.812219 12.640380 14.226290 -1.155055 0.000003 0.000000 0.000001 6.815351 -7.631788 2.327342 16.027573 5.789525 7.392923 60.419608 69.839716 -35.093567 -0.000000 -0.000004 -0.000000 36.450213 47.138998 56.199544 -16.723790 24.645554 -33.020109 -4.583302 -11.818857 5.301239 -0.000004 0.000000 0.000003 -0.936131 -2.706538 -50.477611 -7.869390 -2.720084 26.612676 10.058506 -8.709451 18.419991 0.000001 0.000001 0.000002 
22.466230 95.048088 1.946373 20.569111 45.814286 1.603584 -14.042111 -2.156168 3.051821 -5.298762 -5.801676 6.591756 4.049780 -18.418500 -2.956578 -0.076899 -4.709501 7.921016 -0.000003 0.000001 -0.000001 9.929673 -0.429137 2.282836 18.305127 -23.228913 -28.665208 8.814935 13.285049 3.631293 -0.000003 -0.000003 0.000004 7.139374 -7.263586 0.125096 14.567829 9.768552 6.175392 56.137899 66.783165 -38.192000 0.000003 0.000003 -0.000003 38.110031 45.726460 55.036763 -16.259982 24.937591 -32.542091 -6.024203 -12.597658 3.848351 -0.000000 0.000001 0.000001 -1.628563 -2.302264 -48.957703 -8.420101 -3.203274 25.717081 10.501149 -8.841478 18.833306 -0.000000 0.000007 0.000000 
25.777271 95.956352 1.890270 20.266653 46.576546 0.721636 -14.893139 -2.146726 2.794377 -5.759275 -5.249323 5.040304 5.059339 -17.997089 -1.250516 0.058210 -4.545436 7.902243 -0.000001 0.000003 0.000003 8.523896 -0.069347 5.000358 17.530326 -22.651913 -23.685344 7.028318 10.917643 6.414361 -0.000000 0.000003 0.000001 8.001474 -5.801735 -2.389247 13.419489 13.917459 1.181257 40.518800 58.007034 -29.535773 0.000002 0.000002 0.000003 40.746883 45.593138 54.977576 -16.393041 25.234911 -34.495990 -6.318882 -13.237465 4.082916 -0.000003 0.000001 0.000003 -1.704336 -2.282900 -47.162808 -9.292766 -3.611138 25.550696 11.461339 -9.652309 20.133011 -0.000000 0.000005 -0.000001 
29.072979 96.831490 1.839921 20.442628 47.274482 -0.524626 -16.038322 -2.125060 2.442970 -5.723234 -4.574506 3.786512 5.217744 -16.300397 0.485346 -0.131992 -4.351950 7.603927 -0.000001 0.000005 -0.000002 6.311278 -0.114397 8.066509 15.627912 -21.770531 -19.537631 7.966039 6.823053 5.548537 -0.000002 -0.000001 -0.000002 8.879939 -2.940234 -6.096367 11.639385 14.487480 -3.765223 29.991388 50.088622 -20.819176 0.000001 0.000002 -0.000001 42.949111 45.677105 55.247775 -16.264786 25.608220 -35.786506 -7.059194 -14.412228 4.238381 0.000001 -0.000001 0.000002 -2.282747 -2.091358 -46.343885 -11.397590 -4.601693 26.287334 13.458855 -12.470518 20.948212 0.000002 0.000005 -0.000001 
32.117779 97.648323 1.811046 20.681663 47.803480 -1.276621 -16.125042 -2.101634 2.857543 -6.440763 -4.160786 2.242125 6.060042 -14.851268 2.029467 -1.090722 -4.831300 7.237923 -0.000001 0.000005 -0.000002 4.200048 0.779387 10.197794 14.577382 -19.662038 -17.024178 8.675236 4.406539 5.058974 -0.000001 -0.000003 0.000001 9.528855 -1.558290 -9.108371 10.547489 14.249769 -7.750474 24.139973 43.568715 -16.778336 0.000001 0.000003 -0.000003 44.443464 44.862622 54.726559 -16.005138 26.249409 -35.399706 -7.937166 -15.468748 3.817087 -0.000001 -0.000001 -0.000001 -2.650829 -1.978745 -46.022129 -13.277932 -5.346522 27.202504 14.700690 -14.669595 20.700577 0.000001 0.000004 0.000001 
35.082680 98.438049 1.786407 21.563520 47.626359 -1.750102 -15.833897 -1.986233 2.876680 -6.910567 -3.937091 1.451917 6.657493 -14.415428 2.989468 -1.389559 -4.912850 6.810195 -0.000000 0.000001 -0.000004 1.024647 2.717544 13.018337 13.811807 -15.100189 -14.945396 10.435510 7.262199 -0.436640 -0.000004 -0.000002 0.000001 9.658455 -2.272378 -13.249013 9.531781 15.662006 -12.294201 19.806012 36.999702 -13.580269 0.000002 0.000004 -0.000005 45.297067 44.159236 54.639860 -15.815182 25.868447 -36.334728 -6.847019 -15.028407 5.260600 -0.000002 -0.000004 0.000001 -4.485133 -0.969912 -46.687341 -14.560471 -5.981805 28.138274 14.961593 -15.464528 20.348940 -0.000000 0.000006 0.000003 
37.970573 99.197800 1.736169 22.644234 47.523036 -2.361431 -17.027513 -1.903215 1.887151 -6.864280 -3.981719 1.635536 7.327653 -14.525656 3.092648 -1.427440 -4.541406 6.852810 0.000001 0.000003 -0.000000 -1.552088 5.256899 14.965943 13.562834 -9.809363 -11.264782 12.136523 12.220833 -5.989388 -0.000001 -0.000001 0.000003 10.364001 -3.090552 -17.686917 9.549927 17.394289 -16.840164 18.252465 32.210954 -9.252738 -0.000000 -0.000004 0.000001 46.303833 43.390706 54.336586 -16.094764 25.925704 -37.341874 -6.144498 -14.142226 5.315108 0.000001 -0.000003 0.000001 -6.510742 0.102127 -46.445208 -15.881470 -6.098975 27.713201 15.679806 -16.540473 20.726986 0.000000 0.000007 -0.000001 
40.586075 99.890259 1.706584 22.451728 47.281366 -3.253666 -17.614284 -1.847701 1.485799 -6.956417 -4.132665 1.943428 7.366404 -14.702559 2.558103 -0.574561 -4.465806 7.423040 -0.000002 0.000005 -0.000002 -3.408563 6.059982 17.278403 12.464346 -5.094664 -8.394995 14.634522 16.701740 -12.953515 -0.000002 0.000000 0.000001 10.846858 -2.846465 -20.251436 9.023418 18.000839 -19.423946 17.329993 28.943794 -5.002777 0.000004 -0.000001 -0.000002 47.468353 43.949590 55.003776 -16.648467 26.770517 -37.734910 -7.251921 -17.571734 6.742882 -0.000002 0.000001 0.000003 -7.776862 0.810830 -45.641708 -16.049034 -5.813123 27.711397 15.723357 -16.978961 20.555760 0.000000 0.000005 0.000001 
43.182137 100.546486 1.623739 23.558132 48.326180 -4.909111 -18.832331 -1.600369 -0.201183 -8.129835 -3.937987 0.442297 8.846123 -16.427146 4.088102 -1.311537 -2.811654 5.022435 -0.000001 0.000003 0.000005 -5.914073 6.372651 20.086212 10.178246 -4.143854 -3.203130 15.678462 17.554249 -17.001608 -0.000003 -0.000003 0.000003 9.203951 -3.424750 -18.531821 8.474217 17.113792 -25.578083 13.495913 27.500823 -13.112234 0.000003 0.000006 -0.000007 48.792867 45.314767 56.213932 -16.499174 28.386471 -36.285708 -9.570160 -24.079702 8.408771 -0.000002 0.000003 0.000004 -8.171291 1.134126 -43.578236 -15.923377 -4.945319 26.281689 15.171397 -17.381418 19.650895 0.000001 0.000003 0.000001 
45.748032 101.148819 1.483083 23.545952 48.064096 -6.414478 -19.740152 -1.498680 -0.661817 -9.718312 -4.589260 -0.085436 9.406888 -17.864899 4.224869 0.552720 0.593003 2.612085 -0.000002 -0.000000 0.000001 -7.302014 4.194154 24.041491 8.479959 -8.218561 2.372278 17.227163 20.262041 -22.036366 0.000001 -0.000006 0.000002 9.036133 -3.945383 -20.810350 8.191687 15.858275 -29.914582 9.520941 23.852093 -17.031546 0.000001 0.000000 -0.000003 49.556407 46.211547 57.119643 -16.816942 28.988201 -36.013593 -10.183743 -27.239920 9.584451 -0.000002 0.000001 0.000001 -8.595924 1.590834 -40.743362 -15.271056 -3.971279 26.222134 13.591221 -16.174318 18.730424 0.000000 0.000001 0.000002 
48.097336 101.693771 1.334289 25.438312 48.967088 -7.414549 -21.306878 -1.250862 -2.044751 -10.670856 -5.182555 -0.239924 10.400526 -18.527124 4.482311 0.466415 1.356548 1.001983 0.000001 0.000001 0.000003 -8.437001 2.428617 26.033910 6.621966 -11.477322 6.559694 18.216588 22.869167 -26.474114 0.000003 0.000000 0.000002 8.556376 -4.160488 -22.546185 6.760859 14.908594 -32.309018 7.170990 21.539539 -17.283693 0.000005 -0.000006 -0.000003 49.569709 46.287550 57.242422 -16.452602 28.430444 -37.664327 -10.061722 -27.116539 9.639534 -0.000000 -0.000005 0.000001 -9.046005 1.878336 -40.326243 -14.271737 -3.496599 25.246474 12.468484 -14.979959 17.862990 0.000002 0.000000 -0.000001 
50.371124 102.153862 1.137390 25.218177 47.991624 -7.733712 -21.794215 -1.046891 -2.918202 -11.220124 -5.902059 0.282172 10.952651 -20.047546 3.980136 1.639533 1.597391 1.088013 -0.000002 0.000001 0.000003 -9.146222 -0.084278 29.079148 5.466965 -14.899257 11.512441 20.669556 27.652084 -32.595432 -0.000001 -0.000001 0.000000 7.950762 -5.087210 -24.213769 5.901140 13.735713 -35.736759 3.272105 14.906983 -18.221476 -0.000003 0.000003 0.000001 50.209943 46.583912 57.593801 -16.429743 28.334584 -39.019795 -10.198092 -27.145506 9.383491 -0.000003 -0.000003 0.000001 -9.982281 2.354669 -39.356117 -13.513022 -3.094386 25.318178 12.026873 -14.838818 17.671719 -0.000002 0.000001 0.000002 
52.501793 102.553612 0.938298 23.988792 46.682697 -8.165726 -21.770934 -0.839698 -3.548856 -12.659518 -6.975012 0.329875 12.709657 -21.383849 4.100643 2.055761 1.780500 -0.492986 -0.000001 0.000005 -0.000000 -10.258802 -2.780083 31.589973 3.782393 -18.128432 15.300433 21.662833 32.758735 -38.335721 0.000001 -0.000001 0.000003 5.668005 -6.872397 -25.221373 4.588134 13.955286 -39.004772 -1.295901 6.727938 -17.240487 0.000002 -0.000003 -0.000004 50.956080 46.188905 57.868047 -15.832845 28.826694 -40.315950 -11.301440 -27.657569 8.517960 -0.000002 -0.000001 0.000002 -10.384372 2.586366 -37.534902 -11.545683 -3.101030 27.466573 10.540415 -13.392451 15.340697 -0.000002 -0.000004 0.000000 
54.352783 102.896378 0.776029 23.796567 46.076333 -8.413971 -21.589699 -0.744792 -3.776520 -13.167663 -7.407187 0.268561 13.489811 -21.756687 4.436201 3.033961 1.914193 -1.355695 -0.000000 0.000001 0.000001 -10.940092 -4.019679 33.035112 2.724045 -19.380527 18.565335 22.303182 35.770029 -41.574996 -0.000001 0.000003 -0.000000 4.488280 -7.608091 -25.579588 3.850914 12.575257 -41.475268 -4.406684 -0.883650 -15.803649 -0.000007 0.000001 -0.000003 51.180663 45.761192 57.888640 -15.790349 28.733192 -41.416433 -11.521053 -27.583714 8.200229 -0.000002 0.000001 0.000003 -10.721988 2.770701 -36.234656 -10.266345 -3.061148 28.212489 10.037033 -12.439771 14.146028 -0.000000 -0.000002 0.000003 
56.066818 103.188545 0.620242 24.564763 45.422069 -8.721447 -22.038638 -0.706167 -3.988839 -13.517829 -7.665025 0.259617 14.088881 -22.168241 4.321086 2.657108 2.268055 -2.166380 -0.000002 0.000005 -0.000001 -11.437944 -4.906812 34.153579 1.626201 -20.855948 22.396655 22.448743 39.064994 -44.645333 0.000000 0.000000 0.000003 2.905269 -9.053519 -26.078028 2.705021 11.166791 -44.004481 -4.569575 -7.044474 -9.900120 0.000005 0.000003 -0.000002 51.334370 45.667956 58.033051 -16.083835 28.869369 -41.185829 -12.173860 -28.843469 8.211095 -0.000004 -0.000001 -0.000000 -12.022015 3.301685 -36.029866 -9.612710 -2.787692 29.004955 9.816260 -12.124479 14.202790 -0.000001 0.000002 0.000002 
57.576225 103.405098 0.506474 25.857291 45.165551 -9.011898 -23.006927 -0.585747 -4.806782 -13.043652 -8.010228 1.122816 13.705032 -23.177622 3.341764 1.893158 2.947256 -2.937666 -0.000000 0.000005 -0.000002 -11.157944 -6.392389 34.901396 1.070777 -22.875612 26.072767 22.066289 40.101864 -45.490252 0.000001 -0.000004 -0.000001 1.719356 -10.121529 -26.064468 1.932922 10.820306 -45.754498 -2.861440 -12.937718 -2.959500 -0.000001 0.000004 -0.000003 51.361329 46.225481 58.362580 -16.314827 28.960501 -42.335753 -12.031604 -28.944265 8.275916 -0.000003 0.000001 0.000001 -13.196244 3.690543 -35.341055 -8.620062 -2.091588 27.903901 9.063842 -11.416146 14.458489 -0.000001 0.000003 0.000001 
58.927246 103.597160 0.403872 26.810813 45.110722 -9.166360 -23.645299 -0.539129 -5.255156 -12.858314 -8.023441 1.310986 13.771733 -24.114420 3.015880 0.742800 3.120226 -3.587767 -0.000000 0.000001 0.000003 -10.860439 -6.930307 35.256303 1.241992 -24.195674 29.274508 21.688801 41.917288 -45.388444 -0.000003 0.000003 0.000003 1.275779 -10.856868 -25.925146 1.545967 8.879742 -47.041357 -0.626835 -17.497797 2.836898 0.000002 0.000003 -0.000003 51.169626 46.383108 58.579828 -16.304742 28.712158 -43.266226 -11.523695 -28.269868 8.472646 -0.000002 0.000000 0.000001 -13.853966 4.017015 -35.094916 -8.099478 -1.794186 26.141813 8.501249 -10.288727 14.925761 -0.000001 0.000006 0.000001 
60.153023 103.769600 0.330190 26.625747 44.545558 -9.220895 -23.461807 -0.633351 -4.861227 -13.026686 -8.402951 1.636334 13.906532 -24.807819 2.426922 0.554498 3.166024 -3.923036 -0.000002 0.000001 0.000001 -9.804952 -8.706930 35.430104 1.621060 -26.775439 31.984786 19.501532 43.939044 -43.503886 0.000000 0.000001 0.000002 1.438302 -10.019069 -25.181700 1.466186 9.915141 -46.753065 3.039042 -19.994740 10.045230 -0.000003 -0.000002 -0.000002 51.711386 46.964613 59.048789 -15.994184 28.736208 -43.988969 -11.509244 -28.310460 8.657279 -0.000001 0.000001 0.000003 -14.108879 4.055943 -34.642668 -7.761071 -1.848796 24.462749 8.214082 -9.192741 15.987552 -0.000001 0.000004 0.000004 
61.302635 103.933022 0.256223 28.093874 44.714831 -9.687435 -23.714874 -0.660681 -4.894564 -12.868586 -8.771647 2.385968 13.467168 -25.046061 1.499739 0.277011 3.016161 -3.912417 -0.000001 -0.000000 0.000003 -9.039504 -9.414244 36.009317 2.277960 -27.735173 35.275274 16.787300 45.913317 -40.475984 -0.000003 0.000002 -0.000001 1.181503 -10.639919 -24.102880 2.091482 9.970661 -46.052981 6.573352 -22.214038 16.382716 -0.000000 0.000002 0.000003 51.424067 47.135115 59.253783 -16.248047 28.587834 -44.207409 -10.818778 -26.649433 8.463608 -0.000000 -0.000001 0.000002 -14.634867 4.416431 -35.574999 -8.630292 -2.080672 22.546050 8.816698 -9.478342 16.864951 0.000001 0.000005 0.000001 
62.367081 104.083702 0.174012 28.437807 44.897764 -10.242267 -23.240456 -0.838534 -4.026293 -13.400985 -8.713813 1.895516 14.041759 -24.806521 1.777516 -0.411137 2.385416 -3.731296 -0.000000 0.000001 0.000002 -8.461908 -9.091007 36.024747 3.103285 -27.489314 38.741827 15.163971 47.496490 -37.853175 0.000001 -0.000002 0.000001 1.727783 -10.487448 -23.209946 2.852403 8.483723 -45.247401 9.673221 -23.757635 20.902238 -0.000002 -0.000001 -0.000001 51.151737 47.161616 59.352186 -16.243132 28.334975 -43.866531 -10.890305 -25.933829 7.932899 -0.000003 -0.000001 -0.000000 -14.330997 4.433467 -35.628323 -8.243669 -2.235074 23.119261 8.730420 -9.018856 16.342016 -0.000002 -0.000002 0.000001 
63.386108 104.203369 0.084214 28.909670 45.077206 -10.814934 -23.002349 -0.856422 -3.969255 -13.826743 -8.958052 1.984543 14.339282 -24.537770 1.775282 -1.384615 1.895096 -3.415796 -0.000000 0.000006 0.000001 -8.301502 -8.758755 36.207734 3.896791 -27.507588 41.859644 11.316810 49.552083 -33.034982 0.000001 0.000000 -0.000003 2.339052 -9.900467 -21.459339 3.634829 7.957596 -43.394391 12.627946 -25.216177 24.700805 0.000001 -0.000005 -0.000001 51.047707 46.954685 59.273836 -16.621448 28.599344 -43.780840 -10.667978 -25.564937 8.012138 -0.000003 -0.000002 -0.000000 -14.139540 4.552358 -36.042335 -8.766188 -2.125620 23.114919 8.922682 -9.210020 16.543852 -0.000000 0.000003 0.000002 
64.410988 104.307823 -0.036996 29.460139 44.750976 -11.291839 -23.045000 -0.831056 -4.080489 -13.898235 -9.205866 2.431931 14.427619 -24.848471 1.487343 -2.460097 1.581164 -3.374526 0.000001 0.000003 -0.000000 -7.699322 -9.719449 36.284895 5.479365 -30.521295 45.014813 6.588955 49.247802 -27.820156 0.000003 0.000001 -0.000001 2.118870 -9.708170 -19.663582 3.606279 7.640858 -40.683783 13.473886 -25.537195 27.357728 0.000002 -0.000003 0.000001 50.454239 47.483769 60.065940 -16.819879 27.989646 -44.399170 -9.567412 -23.894469 8.409957 -0.000001 -0.000004 0.000001 -14.096335 4.828382 -35.954608 -8.899233 -1.785856 21.840081 9.106506 -9.175430 17.884345 0.000000 0.000004 0.000000 
65.392708 104.404099 -0.180428 28.993863 44.483147 -11.402192 -22.596419 -0.825763 -3.945402 -14.612140 -9.690431 2.408332 14.745806 -24.681167 1.365148 -2.310618 1.673732 -3.409675 -0.000001 0.000003 0.000002 -6.627938 -11.174215 36.103772 7.186331 -33.947222 47.394174 3.494679 48.758286 -24.338365 0.000001 -0.000001 0.000003 2.391290 -8.617533 -18.177954 3.352640 7.646241 -38.464842 14.560742 -25.999998 29.260411 0.000003 0.000001 -0.000002 50.614010 47.363950 59.911585 -16.757372 27.919868 -43.846403 -9.352418 -22.878134 7.916318 -0.000003 -0.000002 -0.000001 -13.886402 4.741310 -35.951486 -9.071343 -1.628823 21.281946 9.053023 -9.011893 18.244188 0.000000 0.000003 0.000001 
66.347672 104.504723 -0.333813 29.833921 45.123221 -12.246154 -22.952714 -0.894581 -4.010634 -13.824351 -10.002812 3.692126 13.433209 -25.945406 -0.207676 -1.895224 1.686401 -2.339204 -0.000002 0.000005 0.000002 -4.127769 -12.802993 36.707144 10.936896 -38.070788 52.032268 4.941232 48.870690 -25.089745 -0.000003 0.000002 -0.000004 3.078853 -8.150303 -16.834989 4.370892 7.604022 -35.426753 17.093455 -26.998435 31.617478 0.000001 -0.000002 0.000002 50.305620 47.212655 59.482369 -16.870970 27.763397 -41.656251 -9.417068 -24.013675 8.851138 -0.000004 -0.000003 -0.000002 -13.865442 4.671133 -36.466817 -9.116344 -1.995027 25.404800 8.161294 -8.244941 16.164232 -0.000001 0.000002 0.000000 
67.133865 104.551468 -0.405816 29.613412 45.041723 -13.170632 -23.022799 -1.010709 -3.496341 -13.161921 -10.106703 4.565178 12.323911 -27.337701 -1.579961 -2.268097 2.439645 -2.435177 -0.000000 0.000001 -0.000003 -0.521999 -16.074787 36.214985 17.191672 -45.676911 55.122109 1.644411 50.221073 -21.449499 -0.000000 0.000002 -0.000001 3.911297 -6.116480 -14.668787 4.917265 9.660805 -31.156833 18.212565 -29.560591 33.087622 0.000002 0.000001 -0.000002 50.589944 48.045320 60.048189 -16.820200 28.107470 -40.276372 -8.755573 -25.931459 11.211268 -0.000003 0.000000 0.000001 -13.875020 4.701490 -35.938311 -10.135659 -2.466705 27.656478 8.263613 -8.482403 16.678688 -0.000001 -0.000001 0.000001 
67.803040 104.572220 -0.446505 29.767969 44.661545 -13.223407 -22.608607 -1.108046 -2.886154 -12.775760 -10.269709 5.075075 11.346424 -28.091110 -2.553589 -3.033122 2.767437 -2.999652 0.000000 -0.000000 0.000003 2.029453 -18.445920 35.238776 22.966098 -52.578684 55.987457 -4.866783 50.481686 -13.731906 -0.000004 0.000000 -0.000004 4.156664 -4.763797 -13.142339 4.863512 11.610900 -28.058993 19.236270 -30.494869 33.671221 -0.000002 -0.000001 -0.000001 50.960369 47.903481 59.627579 -16.634664 28.182506 -39.539941 -8.693327 -26.085524 11.372490 -0.000001 -0.000002 -0.000000 -14.290972 4.792003 -36.477400 -10.758898 -2.909895 28.455256 8.409892 -8.928019 16.083145 -0.000000 0.000001 0.000002 
68.306404 104.585342 -0.410618 29.138123 45.468706 -14.263077 -21.821777 -1.271948 -2.174409 -12.943150 -10.328278 5.057572 10.526430 -29.592484 -2.925894 -3.187730 3.190166 -3.389545 -0.000002 0.000001 -0.000001 4.598449 -20.661766 33.463009 33.418534 -61.390457 60.259207 -12.341719 50.740601 -4.490615 0.000002 -0.000002 0.000002 4.264419 -2.727343 -10.157582 5.160246 12.389780 -24.569430 20.365553 -31.198894 33.395390 -0.000003 0.000005 -0.000003 51.431891 47.924716 59.194176 -16.182906 27.827861 -41.943580 -8.179157 -21.069961 8.769014 -0.000002 -0.000002 0.000002 -13.868567 4.221716 -36.003495 -11.682565 -4.273855 27.032272 7.899191 -6.577396 17.378294 -0.000003 -0.000004 0.000002 
68.836975 104.584839 -0.387571 29.210708 44.684949 -14.223598 -20.873082 -1.399136 -1.354897 -12.346533 -10.807110 6.456238 9.519247 -30.147325 -3.529154 -0.765384 3.534131 -2.498438 -0.000004 0.000001 0.000001 6.957440 -21.808864 30.906592 43.973591 -68.204999 63.366937 -18.625038 44.747312 5.110110 0.000001 -0.000004 -0.000001 4.639958 -1.764320 -8.119405 6.185345 12.441478 -22.052090 20.771261 -30.677528 33.841695 0.000003 -0.000002 0.000002 51.072422 47.207167 59.016024 -15.915236 26.878119 -42.594159 -6.931866 -14.961082 5.873621 -0.000002 0.000001 0.000003 -14.604457 4.756447 -36.966681 -11.770420 -4.766776 26.148537 10.429921 -8.594763 19.595709 0.000001 0.000001 0.000002 
69.370110 104.574051 -0.385441 28.382383 44.265623 -14.319823 -20.330838 -1.355953 -1.492180 -14.200137 -11.537281 5.575297 11.769657 -30.662744 -3.043368 2.092946 3.568121 -1.119629 -0.000000 0.000005 0.000002 8.640179 -22.885005 28.813600 54.725876 -74.269592 66.404492 -19.122385 38.025975 9.193946 0.000001 -0.000003 -0.000005 4.190096 -2.699820 -6.869056 6.466294 11.320299 -17.341321 19.956252 -28.303208 31.866049 0.000003 0.000000 0.000001 51.293662 47.675093 59.437570 -15.840385 26.438858 -43.139130 -5.794176 -11.258030 4.448413 -0.000000 0.000001 0.000003 -14.329230 4.629118 -36.381928 -11.759238 -4.954407 25.554775 11.363012 -8.855224 20.803187 -0.000000 -0.000002 0.000001 
69.930885 104.551918 -0.406296 29.262870 46.719259 -15.542609 -19.003208 -1.521043 -0.609778 -14.124306 -9.850559 3.496356 13.000543 -28.292044 0.320025 1.153068 1.889014 0.109461 -0.000003 0.000001 -0.000000 6.624572 -17.805875 25.183027 113.686163 -76.075139 122.397823 -13.384435 39.304320 4.827836 -0.000002 0.000004 -0.000002 4.227372 -4.468020 -5.371286 8.299272 5.008573 -14.173281 22.087963 -25.566059 32.505475 0.000002 -0.000003 0.000001 51.833421 47.341404 59.192544 -15.704167 26.770940 -43.769905 -5.848023 -11.197425 4.828770 -0.000000 0.000001 -0.000002 -12.666623 3.913073 -36.444619 -12.946625 -5.717211 24.409973 13.413808 -10.113022 22.624945 0.000002 -0.000002 0.000002 
70.443283 104.546738 -0.424458 28.730607 46.061942 -15.127204 -19.396679 -1.750237 -0.559406 -14.268622 -10.290228 4.226996 13.344127 -29.982440 -1.082414 2.494048 3.553109 -0.103198 -0.000000 0.000003 0.000003 10.089429 -18.833106 23.441474 124.968583 -79.406420 123.941268 -8.340214 29.261169 6.958226 0.000001 0.000000 0.000002 5.053985 -5.483371 -2.945044 11.071811 3.483077 -9.556778 23.379155 -22.930530 29.897845 0.000002 -0.000000 -0.000000 52.322852 47.075183 58.833904 -15.652118 26.750337 -43.913936 -5.274565 -9.776968 4.767516 0.000001 0.000001 -0.000002 -12.953912 4.034054 -36.531656 -12.391688 -5.884938 23.780495 13.169585 -8.894820 23.278722 -0.000000 0.000002 0.000002 
70.913651 104.543053 -0.444313 28.925598 45.892577 -14.685566 -20.083015 -1.793096 -1.031261 -13.411858 -10.073723 4.915385 12.807794 -30.522985 -1.822650 2.660771 4.222705 -0.368143 -0.000002 0.000001 0.000003 11.842265 -18.699630 20.567629 148.816039 -82.820900 138.052371 -1.400182 18.757619 6.457831 0.000001 0.000000 0.000002 5.484557 -5.298460 -0.456841 12.939496 2.361842 -7.139572 24.458124 -20.760987 28.887944 -0.000002 0.000003 -0.000003 52.649174 46.665440 58.511259 -15.604506 26.742036 -44.690204 -4.786745 -9.352493 5.291986 -0.000000 0.000000 0.000003 -13.036324 4.073386 -36.591004 -12.221046 -5.974276 23.172781 12.919772 -8.361313 23.198037 -0.000001 -0.000003 -0.000001 
71.357864 104.517128 -0.477702 29.434123 45.640328 -13.844350 -19.856793 -1.668369 -1.960249 -12.396061 -9.684676 5.568812 11.949765 -30.400899 -2.063006 1.893324 3.855280 -0.241233 -0.000000 0.000001 0.000001 13.303931 -19.646254 16.957012 196.226663 -86.050411 176.085378 7.273957 9.856597 1.943695 0.000001 0.000001 0.000002 5.530046 -2.998985 2.794188 13.348516 4.309373 -6.744241 26.015239 -20.403807 31.970456 -0.000001 -0.000000 -0.000000 52.337482 45.625951 58.459063 -15.452444 26.346099 -45.505838 -4.630617 -8.569029 5.056284 -0.000003 -0.000002 -0.000001 -13.527015 4.594089 -37.466436 -11.684745 -5.730655 22.859269 12.574955 -8.218413 22.799124 -0.000002 0.000005 -0.000000 
71.765656 104.446907 -0.514630 29.352697 46.169432 -13.125330 -18.954598 -1.604119 -2.431846 -11.098274 -9.205005 6.176356 10.602118 -31.064209 -2.329553 1.706162 3.305814 0.221316 0.000000 0.000003 0.000003 14.277242 -19.622141 12.930005 95.898014 -95.416315 66.269282 13.706849 3.721116 -1.601743 -0.000000 -0.000002 0.000004 5.258219 -2.515964 5.415948 13.676880 4.440741 -2.995248 25.058137 -18.459259 30.005308 -0.000003 -0.000002 -0.000001 53.077656 45.237531 58.240361 -15.416591 26.402940 -45.984925 -5.123695 -9.009502 4.565778 -0.000002 -0.000003 0.000001 -13.842732 4.762723 -38.827276 -10.690543 -5.402883 23.672251 12.550550 -8.705276 21.903532 -0.000000 0.000000 0.000002 
72.142029 104.387367 -0.549876 29.003323 46.473109 -12.979227 -17.889553 -1.608120 -2.040522 -10.622202 -9.179085 6.545173 9.745934 -31.191654 -2.498827 1.534860 2.891604 0.386351 0.000000 -0.000000 0.000001 14.610657 -19.868544 10.915018 123.832805 -98.970923 87.951540 16.560224 1.662044 -4.189682 -0.000002 -0.000003 -0.000001 4.748996 -2.736661 6.723299 13.509763 4.706345 0.305347 24.620458 -17.461457 29.695798 -0.000003 0.000001 -0.000003 53.400174 45.208298 58.244069 -15.176204 26.429437 -45.843963 -5.447352 -8.990431 4.039113 -0.000000 0.000002 0.000002 -14.028416 4.832889 -39.445678 -10.059457 -5.232340 24.160326 12.600669 -8.997560 21.310479 -0.000001 -0.000003 -0.000001 
72.492432 104.344849 -0.584528 28.552090 47.335093 -12.619288 -16.661505 -1.688870 -1.530743 -9.864111 -8.482130 6.330420 8.793717 -30.129197 -1.710645 0.597128 2.563234 0.486753 -0.000000 0.000006 0.000001 14.508208 -18.607023 8.989850 138.816874 -102.460481 97.908569 21.189639 -1.440407 -8.644808 0.000003 -0.000003 0.000002 4.513202 -2.761515 8.375340 14.085054 3.196791 3.529546 24.059517 -16.336950 29.181256 0.000005 -0.000001 -0.000004 54.012060 44.598253 57.999432 -15.270088 26.408655 -45.545003 -5.970047 -9.489641 3.647767 -0.000004 0.000002 0.000002 -13.648874 4.658791 -40.121023 -9.739378 -4.924251 24.147712 12.807740 -9.617233 21.497802 -0.000000 0.000005 -0.000001 
72.808662 104.307671 -0.604994 29.797803 48.507689 -12.899576 -15.987912 -1.717879 -1.422173 -10.142047 -8.251188 5.689371 8.696946 -28.976736 -0.534658 -0.970174 1.904111 0.239441 -0.000002 0.000005 0.000003 13.851636 -16.766048 7.562117 148.336314 -105.777835 103.504844 25.282372 -4.588598 -12.569796 -0.000000 -0.000003 -0.000003 4.184450 -3.232765 9.721574 14.475498 2.463037 6.260678 23.731374 -14.863265 28.273367 0.000005 -0.000004 -0.000006 54.055459 43.704731 57.387079 -15.260902 26.372989 -45.839141 -6.493232 -10.457371 3.747171 -0.000003 -0.000001 -0.000000 -13.689857 4.723092 -41.288726 -9.775485 -4.928337 23.293346 13.230793 -10.182569 21.930225 -0.000001 0.000005 0.000001 
73.128868 104.273819 -0.639836 30.062381 49.034242 -13.828141 -16.017668 -1.732948 -1.149853 -9.975379 -8.326907 5.966563 8.446487 -28.537403 -0.279987 -0.910424 1.702808 0.329911 -0.000002 0.000005 -0.000000 13.456023 -16.082167 6.350181 156.042352 -109.200047 108.274775 27.197856 -6.722670 -14.762025 0.000002 -0.000002 -0.000000 3.615961 -3.904420 10.641490 14.635115 1.472870 9.050366 22.602255 -12.949207 26.900072 0.000001 -0.000000 -0.000000 53.726606 44.022786 57.637624 -14.978846 26.489738 -45.549500 -7.463047 -11.600173 3.422245 -0.000001 -0.000001 0.000002 -13.644611 4.679930 -41.060249 -9.864532 -5.005280 22.774439 13.373474 -10.255972 22.237308 -0.000001 0.000002 -0.000001 
73.443314 104.226494 -0.674556 30.953055 49.553490 -15.071811 -16.433905 -1.765532 -1.125578 -9.882108 -8.379674 6.242773 8.118367 -27.977669 -0.070913 -1.490601 1.360305 0.585774 -0.000002 0.000006 0.000001 13.379330 -15.096511 4.717065 163.697901 -113.538658 112.612191 29.284433 -9.790607 -15.682874 0.000001 0.000002 -0.000003 3.371056 -4.646852 11.791238 14.832172 0.910987 10.933634 22.145968 -10.954613 25.739313 0.000002 0.000002 -0.000002 53.329359 44.617545 57.778879 -14.766440 26.460711 -45.626132 -8.859300 -12.961585 2.758247 -0.000001 0.000000 0.000001 -13.636548 4.562520 -40.696214 -10.204116 -5.200253 22.780344 13.631324 -11.023996 21.934300 -0.000002 -0.000001 0.000002 
73.785095 104.186172 -0.726683 30.588087 49.885164 -16.046373 -16.148907 -1.920925 0.250664 -9.770217 -8.297149 6.321411 7.582921 -27.529229 -0.386005 -1.512534 1.307867 1.015001 -0.000001 0.000005 0.000004 13.348000 -13.951919 2.554773 171.657612 -119.042247 117.550042 31.742659 -13.151552 -17.538244 0.000001 0.000003 -0.000002 3.135433 -5.342698 12.584773 15.543724 -0.755013 13.540894 21.209366 -8.638897 24.014223 0.000003 0.000003 -0.000003 53.283146 45.502577 58.267046 -14.292356 26.501805 -45.631541 -9.630715 -13.401091 2.453132 0.000001 0.000003 0.000003 -13.440203 4.285177 -40.360718 -10.010578 -5.537653 22.866553 13.703019 -10.793368 22.273476 -0.000002 0.000001 -0.000001 
74.093445 104.142677 -0.778396 31.584308 50.004679 -16.809610 -17.156990 -1.932808 -0.053446 -9.579647 -8.393569 6.675877 7.600598 -27.635908 -0.551241 -1.505336 1.416118 0.887298 0.000000 0.000005 0.000002 13.410726 -12.859651 0.911126 176.657420 -123.012472 121.165015 32.870900 -14.900210 -17.252633 0.000002 0.000000 -0.000000 2.890801 -6.573735 13.178521 16.294986 -2.304658 15.477646 20.859427 -6.526987 22.549397 0.000005 -0.000001 -0.000002 52.883208 45.598462 58.117403 -14.225407 26.369407 -45.987729 -9.958825 -14.127750 2.785169 -0.000004 -0.000002 -0.000000 -13.546803 4.229145 -40.823112 -10.169779 -5.833330 22.896401 13.526179 -10.036394 22.550336 -0.000000 -0.000001 0.000001 
74.402992 104.100853 -0.839526 30.691605 49.729917 -16.976251 -17.561996 -1.957800 -0.217983 -8.939344 -8.266601 7.451801 7.272884 -27.030216 -0.988049 -1.473946 1.560143 1.505751 -0.000005 0.000010 -0.000000 13.859216 -11.333767 -1.256957 182.653588 -128.186723 126.674492 35.385260 -18.065400 -18.183205 0.000002 -0.000003 -0.000001 3.002432 -7.284531 14.015068 17.188994 -3.497003 15.946163 20.828867 -6.589196 22.397876 0.000002 -0.000000 -0.000004 52.600666 45.990935 58.517796 -14.415142 25.940536 -45.476499 -9.815686 -14.222166 3.398907 -0.000001 -0.000001 0.000002 -12.550982 3.757116 -41.657385 -9.758122 -5.937944 25.092293 12.282354 -7.201676 24.479977 0.000001 0.000002 0.000001 
74.760841 104.034164 -0.928920 28.611437 48.395145 -16.636165 -17.592581 -1.991952 0.166466 -8.063192 -8.124785 8.220731 6.177173 -25.067829 -1.840212 -0.383800 1.439053 2.584105 0.000000 0.000003 0.000002 13.857990 -9.654334 -3.813683 188.772085 -136.202619 132.743538 39.624663 -24.450301 -18.605116 0.000003 0.000000 0.000001 2.977644 -7.256246 14.496653 17.669619 -5.665204 13.113139 22.605073 -7.947142 25.350297 0.000003 0.000005 -0.000001 52.508937 47.062257 59.134992 -14.853850 25.267313 -44.666941 -9.936640 -13.847748 2.782399 -0.000001 -0.000005 -0.000001 -10.055754 2.572985 -42.328943 -10.734593 -6.597528 30.174273 12.015750 -6.320122 25.859593 -0.000001 0.000005 0.000001 
75.091026 103.970085 -1.010343 27.170665 46.916460 -16.324734 -18.285634 -1.992933 0.012829 -6.629122 -8.136122 9.766382 4.748452 -23.312938 -3.036302 0.496024 1.181884 3.331388 -0.000001 0.000003 0.000002 13.891742 -8.234591 -5.391497 192.867549 -143.726796 137.013267 44.152528 -30.506627 -18.343286 -0.000002 0.000002 -0.000001 3.237480 -7.257318 14.014386 17.604288 -6.360276 9.557126 23.626652 -7.646551 25.633162 -0.000003 -0.000000 -0.000004 52.291918 47.372334 59.036945 -14.964975 24.660963 -43.293048 -10.376658 -13.195654 1.420618 -0.000001 0.000003 0.000004 -8.266889 1.668451 -43.556953 -10.878901 -7.258881 36.366809 11.733384 -6.276280 24.653009 -0.000001 0.000002 0.000001 
75.474068 103.939102 -1.094559 25.582907 44.990876 -15.076505 -18.576137 -2.340709 2.493375 -4.992186 -7.335265 10.224961 3.565275 -21.513556 -4.469342 -0.031378 1.150442 2.746810 0.000001 0.000003 0.000002 13.945613 -7.369386 -6.624941 196.393538 -152.233988 142.047512 49.091537 -37.797587 -12.859069 -0.000001 0.000002 -0.000001 4.050741 -5.607725 11.640618 17.032660 -6.548217 3.457178 24.460946 -9.582534 26.364359 -0.000000 -0.000001 -0.000001 52.283220 46.418533 58.623575 -14.953902 23.604172 -42.044169 -9.534376 -11.321865 0.616782 -0.000003 -0.000001 0.000002 -5.707340 0.308831 -47.533045 -12.074279 -8.861125 44.487300 12.845004 -11.168587 18.358606 0.000002 0.000000 0.000001 
75.856384 103.924919 -1.168053 25.052866 43.701439 -13.281376 -19.580587 -2.585804 3.863575 -3.700493 -6.250562 9.697215 2.854783 -19.108077 -5.183646 -0.718139 1.171290 1.907346 -0.000000 0.000003 0.000003 13.534827 -6.404772 -6.837192 197.989070 -159.391876 147.494930 54.960254 -43.969906 -10.573192 -0.000000 -0.000005 -0.000001 4.915591 -4.390533 8.164556 15.564275 -5.228321 -4.050465 24.541790 -14.666223 26.800412 0.000003 -0.000001 -0.000001 52.456174 44.609902 57.560518 -15.258947 22.880203 -40.723200 -8.494608 -11.245537 1.409395 -0.000002 -0.000001 0.000002 -3.360657 -1.394281 -54.093811 -14.972647 -11.605078 51.835904 14.169136 -18.264942 11.253580 0.000001 0.000004 0.000002 
76.281807 103.899155 -1.274497 25.207723 43.593184 -12.933122 -21.069902 -2.699455 4.280702 -3.117691 -5.639986 9.286044 2.787793 -17.908281 -5.557440 -1.601451 0.656570 1.610119 -0.000003 0.000006 0.000001 12.749398 -6.264356 -6.138868 198.203361 -164.485203 151.365420 58.315342 -48.205597 -11.630263 0.000003 0.000002 0.000005 5.427049 -4.024815 5.047210 14.416159 -4.407149 -9.321157 23.966762 -19.052493 27.632862 -0.000004 0.000002 -0.000003 52.000638 43.751412 57.186510 -15.253324 21.973554 -40.038876 -8.197377 -10.064257 0.652759 -0.000003 -0.000002 -0.000000 -0.801231 -3.477672 -59.190180 -20.291847 -15.741322 54.733038 15.558635 -25.047940 6.510290 -0.000001 0.000003 0.000000 
76.716965 103.869461 -1.403738 25.378693 43.066593 -12.170576 -21.947824 -2.905662 5.117562 -3.749403 -4.879520 7.432243 3.963869 -16.290640 -4.786283 -3.096703 0.587456 1.003473 -0.000001 0.000001 -0.000001 11.886794 -4.266593 -5.486923 198.381192 -167.050554 156.409297 61.672244 -50.721695 -9.615448 0.000002 0.000003 -0.000003 6.409866 -4.451719 1.208660 14.014336 -3.567109 -15.326350 24.348202 -23.025980 28.527122 0.000002 -0.000000 -0.000000 51.106091 42.777809 56.889496 -15.235951 20.593739 -39.881427 -7.759939 -9.112766 0.605382 -0.000003 -0.000002 0.000002 1.227098 -5.579650 -65.242274 -25.906720 -20.378785 56.662054 16.255533 -31.299216 2.014033 0.000001 -0.000002 0.000002 
77.059891 103.842255 -1.515404 25.652191 42.390340 -11.880674 -21.777833 -3.089364 6.961980 -4.739534 -4.226603 5.379393 5.321232 -15.267633 -3.939424 -4.398309 0.759936 0.045983 0.000000 0.000001 0.000001 10.419495 -2.551024 -4.396893 198.106836 -169.660902 159.564721 64.119104 -52.897394 -8.548202 -0.000003 0.000000 0.000001 7.027857 -5.063211 -3.067840 13.228093 -3.575426 -20.671597 24.612023 -24.942317 29.968278 0.000001 -0.000002 -0.000001 49.943101 42.339096 56.927636 -15.217243 19.412296 -39.197657 -7.514539 -8.211732 0.152421 -0.000001 -0.000001 0.000002 1.838138 -6.822949 -71.435992 -29.988471 -24.355594 59.458286 16.324075 -35.850686 -1.408662 0.000000 -0.000001 0.000001 
77.379433 103.814011 -1.637801 25.721762 42.126612 -11.796607 -21.947358 -3.128427 7.538775 -4.341909 -3.790909 5.228737 5.203371 -15.123641 -4.176682 -4.947917 0.817823 -0.269678 -0.000002 0.000003 -0.000002 9.549155 -1.642924 -3.631013 198.030393 -171.909824 161.382494 65.834493 -54.244464 -8.485857 -0.000006 0.000001 0.000000 7.393596 -5.919074 -5.875738 12.755532 -3.635591 -24.271374 23.909096 -25.172044 29.568890 -0.000000 0.000000 -0.000000 49.394726 42.399222 57.221409 -15.490620 18.854870 -39.164052 -7.096800 -7.502476 -0.325564 -0.000002 0.000001 0.000003 2.288856 -7.763757 -75.966054 -32.976543 -27.414120 62.011062 15.856284 -39.256273 -4.334894 -0.000000 0.000000 0.000001 
77.664536 103.793526 -1.764240 25.945875 41.694777 -11.990556 -22.314240 -3.221606 7.921273 -4.937725 -3.466101 4.078135 6.062847 -15.283040 -3.603498 -5.001505 0.917203 -0.383447 -0.000000 0.000001 -0.000001 8.791213 -0.442197 -2.714728 197.998332 -173.572824 162.618471 66.803512 -54.847047 -9.065725 -0.000005 0.000004 -0.000002 7.558204 -6.981098 -8.142682 12.294903 -5.514433 -27.312958 23.177694 -25.311025 28.635138 -0.000001 -0.000002 -0.000001 48.923306 42.429613 57.267168 -15.599032 18.772433 -39.289663 -7.126347 -7.090642 -0.836139 -0.000003 0.000000 0.000003 2.748800 -8.845135 -79.739515 -35.542744 -30.706331 64.608644 15.549815 -41.911875 -6.771335 -0.000000 0.000003 0.000001 
77.895920 103.775566 -1.877583 26.041515 41.696754 -12.462907 -22.589954 -3.384945 8.610832 -5.094145 -3.069587 3.267582 6.394673 -15.472499 -3.316059 -5.456151 0.878534 -0.481098 -0.000002 -0.000000 0.000003 8.563114 0.355076 -2.032545 198.265229 -174.266758 163.400883 67.133403 -54.506621 -8.139937 -0.000003 0.000001 0.000006 7.843505 -7.768962 -9.861930 12.198004 -7.053490 -30.051804 23.044526 -25.972004 28.152588 0.000002 0.000002 -0.000005 48.605467 42.825679 57.549309 -15.758843 18.806408 -38.544626 -7.332791 -6.852344 -1.492625 -0.000001 0.000001 0.000003 3.230929 -9.861185 -82.634873 -37.953725 -33.773161 66.646479 15.601296 -44.365046 -8.424715 -0.000000 0.000001 0.000001 
78.237259 103.825523 -2.058535 26.252787 40.862010 -10.447963 -22.260165 -3.170371 7.797487 -5.487009 -2.833667 2.207231 6.820874 -14.324220 -2.544400 -6.423704 0.914925 -1.778440 -0.000001 0.000003 0.000002 7.700095 0.959734 -2.347463 197.274359 -174.206830 164.177858 66.102537 -54.080683 -10.795537 -0.000001 -0.000002 0.000001 7.272321 -8.148832 -10.870802 11.052024 -6.018160 -31.971111 22.769236 -26.831500 27.846348 0.000003 0.000003 0.000001 49.344548 43.025776 57.414864 -15.996534 19.885290 -37.802727 -7.760649 -13.411329 3.781170 -0.000005 0.000003 0.000004 3.727879 -11.096015 -85.401564 -40.400630 -36.011503 67.388108 14.932098 -45.250181 -9.608370 -0.000000 0.000001 0.000001 
78.560692 103.859055 -2.246143 25.711235 40.379378 -9.346739 -22.614720 -3.098049 7.351391 -5.964372 -2.591019 1.090402 7.919731 -14.190296 -1.668363 -6.117826 1.274224 -2.587428 -0.000002 0.000001 0.000001 6.518844 2.173940 -2.360095 196.213959 -174.784186 164.831179 65.599029 -54.570104 -14.372584 0.000003 0.000002 0.000000 6.695103 -8.469569 -12.218356 9.681983 -5.872416 -33.315863 21.835321 -26.269529 27.150719 0.000002 0.000003 -0.000003 50.137980 43.146332 57.400944 -15.908489 20.397925 -37.360329 -8.184333 -17.662975 6.641518 -0.000001 -0.000001 0.000002 3.835701 -11.911226 -87.762002 -41.347732 -38.119443 69.512994 13.846632 -45.829248 -11.740317 0.000001 0.000000 0.000001 
78.846695 103.874008 -2.428982 25.610564 39.896767 -8.551883 -22.930916 -3.096789 7.150613 -4.527414 -2.154234 1.743673 6.587249 -14.231593 -2.410344 -6.891447 1.916655 -3.589712 -0.000002 0.000001 -0.000003 6.185914 2.477357 -1.868398 195.955764 -175.268378 165.013081 65.444182 -54.502150 -13.898936 -0.000003 -0.000002 0.000001 6.706919 -8.751907 -13.442303 9.124887 -7.244143 -34.843315 21.674408 -26.866612 26.996862 -0.000006 0.000004 -0.000002 50.539616 42.515715 56.795970 -15.829471 20.742803 -36.507610 -9.239111 -20.474728 7.273713 -0.000004 -0.000001 0.000002 3.519395 -12.249933 -90.200544 -42.541970 -40.300240 71.218820 13.490487 -46.733462 -12.805545 -0.000001 0.000002 0.000000 
78.986320 103.833153 -2.549474 24.762053 40.786843 -9.992560 -23.078668 -3.383730 8.411281 -4.635002 -2.073421 1.775661 6.736751 -15.352440 -2.940376 -6.106631 2.504486 -2.843678 0.000000 0.000005 -0.000002 6.784756 2.509903 -0.577461 197.512310 -175.811733 164.718372 66.828517 -53.931239 -8.624422 -0.000000 0.000003 0.000002 7.414368 -9.561606 -14.121712 10.091582 -9.812050 -36.033472 22.555566 -26.882877 27.121650 -0.000002 0.000002 -0.000001 50.348941 42.313353 57.137015 -16.164365 20.244976 -37.860295 -7.984858 -13.907332 3.793870 -0.000003 0.000000 0.000003 3.856896 -12.600801 -90.384119 -43.012123 -41.924094 72.676013 12.366497 -47.861021 -15.655422 0.000000 0.000004 0.000001 
79.099693 103.786682 -2.663201 24.506234 41.398299 -10.674535 -23.557824 -3.556669 8.948369 -3.978455 -1.811280 2.083631 6.247730 -15.904516 -3.517717 -5.925481 2.904410 -3.023939 0.000000 0.000005 0.000002 6.658628 3.276796 0.225905 198.040406 -176.207529 164.816535 67.724823 -54.019416 -5.410471 0.000003 0.000001 0.000002 7.857250 -9.959661 -15.041180 10.328516 -11.227874 -37.190913 23.402491 -28.436893 28.315811 0.000003 -0.000004 -0.000004 50.404242 42.262065 57.136875 -16.130863 19.973360 -37.788076 -7.771325 -10.507758 1.065621 -0.000003 0.000001 0.000003 3.690206 -12.696772 -91.317464 -44.347626 -43.542562 72.888651 12.335847 -49.052851 -16.633220 0.000001 0.000002 0.000000 
79.168114 103.728592 -2.763841 23.948901 41.742281 -10.739275 -23.137744 -3.617815 9.500669 -4.431155 -1.459867 0.919758 6.895113 -15.761713 -2.705853 -6.016550 2.747545 -3.073342 -0.000000 0.000001 0.000001 6.344944 3.909630 0.861283 197.921014 -176.473018 165.474419 68.163416 -54.314108 -4.620381 -0.000001 -0.000002 -0.000000 7.988195 -10.177870 -15.894856 10.220038 -11.760055 -38.110287 23.213202 -28.557053 28.267544 -0.000000 -0.000004 -0.000004 50.612651 42.316563 57.151874 -16.068916 19.652285 -37.549897 -7.869672 -8.932634 -0.634642 -0.000001 0.000001 0.000003 3.380337 -12.653117 -92.406927 -44.567633 -44.773471 74.144845 11.601798 -49.455556 -18.402213 0.000000 0.000001 0.000001 
79.241837 103.671227 -2.871654 23.590727 42.227481 -10.774909 -23.198456 -3.617309 9.394863 -4.979866 -1.646067 0.530019 7.530564 -16.239553 -2.449693 -5.598952 3.071306 -3.294928 -0.000001 0.000001 0.000001 5.716316 4.589758 1.427011 197.477844 -176.827983 165.484241 68.475023 -54.936127 -4.817720 -0.000004 -0.000002 0.000002 8.081756 -9.900387 -16.648868 9.676817 -11.900532 -38.818277 22.755615 -27.890357 27.975188 0.000003 0.000001 -0.000003 50.958443 42.217174 56.968187 -15.844780 19.723906 -36.970100 -8.155730 -8.623130 -1.477288 -0.000001 -0.000001 0.000002 3.392885 -12.951639 -93.157435 -45.117754 -45.685920 74.541488 11.520080 -49.687475 -18.677038 -0.000000 -0.000001 0.000000 
79.424156 103.658936 -3.027723 24.573021 42.015424 -8.655864 -24.295741 -3.427405 7.897117 -5.015909 -1.049363 -0.626697 8.410965 -15.679809 -1.595253 -6.203085 3.289687 -4.511677 -0.000001 0.000001 -0.000001 5.010703 5.568563 1.003795 196.854808 -176.562726 166.630087 67.988687 -54.079785 -4.199512 -0.000001 0.000002 -0.000003 7.400101 -10.863798 -17.614884 9.150211 -10.522337 -40.114186 23.876811 -30.033438 28.726229 -0.000003 0.000002 -0.000004 51.155675 40.046174 55.339070 -16.166279 22.804762 -37.128676 -7.899469 -15.519850 5.181299 -0.000002 0.000004 0.000003 3.863732 -14.048420 -95.203924 -45.585434 -47.224464 76.425343 10.935944 -49.424779 -18.985356 -0.000001 -0.000001 0.000001 
79.547485 103.629433 -3.160712 24.548789 42.473470 -7.734799 -25.058118 -3.255316 6.695717 -4.638494 -0.742507 -0.800065 8.431409 -15.681541 -1.481323 -5.775736 3.389957 -4.669649 -0.000000 0.000006 -0.000001 4.083607 6.006821 1.930145 196.438727 -176.541402 166.802372 67.729781 -54.101385 -3.889677 0.000004 -0.000002 -0.000000 6.954305 -11.701004 -18.708091 8.665088 -10.575003 -41.232643 24.396896 -30.795728 29.217872 -0.000000 0.000002 -0.000001 51.739639 39.386122 54.946655 -16.230645 25.730378 -37.478822 -8.915162 -20.958444 8.238645 -0.000003 0.000000 0.000003 3.874082 -14.460523 -96.634739 -43.871272 -47.913268 79.960745 11.019738 -48.879347 -18.445004 -0.000000 -0.000001 0.000001 
79.650002 103.616417 -3.296972 24.097761 43.037848 -7.398124 -24.567465 -3.230209 7.019795 -4.422989 -0.478223 -1.077599 7.892374 -15.799228 -1.681534 -5.391425 3.666941 -4.863541 0.000001 0.000001 0.000003 3.482432 7.022909 2.265824 196.277766 -175.530657 167.369059 67.436049 -53.708817 -2.923589 0.000001 -0.000007 -0.000003 7.070611 -11.844042 -19.658485 8.484470 -11.307445 -42.040245 25.442964 -32.131081 30.371823 0.000003 0.000002 -0.000004 52.226133 39.503273 55.045543 -16.267965 26.988060 -37.523434 -9.375971 -23.699069 9.605933 -0.000003 0.000001 0.000003 3.710916 -14.363613 -97.063531 -41.091040 -47.706897 83.930642 10.809933 -48.423063 -18.545886 -0.000000 0.000001 0.000001 
79.699028 103.611450 -3.415688 23.925208 43.930742 -7.396404 -24.763092 -3.119330 6.757916 -4.363742 -0.307381 -1.430438 8.120795 -16.262704 -1.471933 -4.755275 3.797304 -5.082961 -0.000000 0.000005 0.000002 2.339291 7.613328 2.635977 195.210044 -176.600483 167.738449 67.244230 -54.820963 -5.341140 -0.000003 0.000001 -0.000001 6.837316 -11.415251 -20.880413 7.151444 -11.591510 -43.107827 25.237102 -32.644189 31.272906 -0.000003 -0.000002 -0.000003 52.407956 39.128173 54.861452 -15.932871 27.991587 -37.205031 -10.620430 -25.814686 9.432326 -0.000003 0.000001 0.000001 3.314641 -14.061660 -97.685584 -38.980436 -47.584511 87.074373 10.836788 -48.335579 -18.289790 -0.000000 -0.000004 0.000001 
79.709084 103.606865 -3.531612 24.070355 44.403763 -7.509891 -25.545150 -2.958259 5.762005 -4.153103 -0.250140 -1.598108 8.287583 -16.056600 -1.146301 -3.907765 3.694245 -5.098004 -0.000001 0.000003 0.000003 0.816910 8.135871 3.403094 193.971253 -177.029050 168.106924 66.518160 -55.447872 -8.440210 -0.000001 0.000001 0.000003 6.398731 -11.092652 -22.296813 5.889374 -9.870747 -43.833323 24.549928 -32.394361 31.475629 -0.000003 0.000001 -0.000002 52.229142 39.197028 54.775918 -15.597212 28.097890 -37.292239 -11.485824 -26.879415 8.913097 -0.000002 0.000001 0.000003 2.439782 -13.210178 -98.473009 -36.786559 -47.258120 90.129243 10.751811 -48.209896 -18.128575 -0.000001 -0.000001 0.000001 
79.710968 103.610603 -3.647879 23.291075 44.798791 -7.504282 -25.316322 -2.802846 5.748700 -4.549894 -0.202318 -2.248027 8.899253 -16.407199 -0.584892 -3.123100 3.715744 -5.409880 -0.000000 0.000003 -0.000000 -0.765197 8.113216 4.045697 192.734100 -178.271557 168.059960 65.820648 -56.325872 -12.278306 -0.000001 0.000002 -0.000003 6.061762 -10.243636 -23.366963 4.296282 -9.010370 -44.534643 23.655254 -31.829532 31.333681 -0.000003 -0.000006 0.000003 52.507035 39.735923 55.157391 -15.064172 28.651032 -37.644280 -12.960338 -28.307055 7.958291 -0.000003 -0.000001 0.000002 1.904942 -12.557765 -98.539296 -34.686146 -46.489242 92.554124 10.201378 -47.823762 -18.496753 -0.000000 0.000000 0.000001 
79.675835 103.615852 -3.758352 23.079168 45.935266 -7.685767 -26.415456 -2.641216 4.667692 -3.317007 -0.168251 -1.260142 8.601945 -17.124502 -1.056541 -2.345279 4.212358 -5.703910 -0.000000 0.000006 -0.000001 -2.378380 8.627322 5.018785 191.335373 -178.450153 167.969925 63.941267 -56.735537 -15.054295 -0.000003 -0.000002 0.000002 5.547190 -10.266996 -25.565982 2.615808 -9.094510 -45.402146 22.643237 -30.470464 31.869099 -0.000004 0.000002 -0.000000 52.766995 39.924245 55.157042 -14.785982 29.121922 -37.727732 -13.966974 -29.216004 7.214404 -0.000003 0.000001 0.000003 1.878769 -12.608835 -98.412924 -33.969659 -46.559914 93.836656 9.886280 -47.831214 -18.621816 -0.000001 0.000002 0.000001 
79.605072 103.632301 -3.868494 23.203949 46.909203 -7.907954 -26.510216 -2.549772 4.421599 -3.282423 0.011324 -1.529137 8.671732 -16.925979 -0.901455 -1.445030 4.748508 -5.817991 -0.000001 0.000005 -0.000001 -4.059149 9.363951 6.385126 190.563589 -177.754526 167.710241 61.938239 -56.262403 -15.101448 -0.000003 -0.000001 -0.000003 5.313741 -9.991549 -27.196997 1.933957 -7.416165 -46.101120 21.629860 -29.864637 32.373454 0.000003 -0.000005 0.000003 52.444638 40.015893 55.463267 -14.349341 29.635385 -37.100430 -14.487040 -29.767170 7.060218 -0.000002 0.000001 0.000003 1.538481 -12.057551 -98.301947 -32.373802 -46.229695 96.242659 10.098296 -47.750652 -18.020956 0.000000 -0.000002 0.000002 
79.514122 103.656929 -3.974350 23.224955 47.597218 -8.101194 -26.991099 -2.426688 3.632955 -2.972352 0.047977 -1.322039 8.556127 -17.350006 -0.962248 -0.551723 5.413381 -6.140821 -0.000001 0.000005 -0.000002 -5.065061 9.893372 7.618257 190.071160 -178.051434 167.568883 61.097668 -56.186639 -14.063050 -0.000002 -0.000002 0.000001 5.253561 -10.004981 -28.602556 1.206679 -7.344159 -47.170847 21.363575 -28.978239 33.348385 0.000003 -0.000003 0.000005 52.341270 40.072255 55.593625 -14.289594 29.659844 -36.861636 -15.147010 -30.285844 6.516906 -0.000003 0.000003 0.000003 1.368102 -11.724714 -97.966981 -30.978951 -45.933159 98.467825 9.973631 -47.796107 -18.253484 -0.000001 -0.000002 0.000002 
79.413986 103.691071 -4.119282 23.529923 47.917961 -8.583386 -26.591900 -2.593875 3.585673 -2.599037 0.333849 -1.531742 7.807396 -16.623750 -0.774779 -0.805356 6.489837 -6.151644 0.000001 0.000001 -0.000001 -3.906137 10.492450 8.559637 190.950547 -176.735707 169.207254 59.700880 -53.324964 -6.794248 -0.000002 0.000003 0.000001 6.513758 -10.516797 -29.266230 2.570503 -8.593388 -48.921684 23.483136 -28.579685 34.625798 -0.000000 0.000001 -0.000003 51.882561 40.217062 54.819621 -14.632355 26.622756 -36.151952 -14.431368 -27.574918 5.500686 -0.000000 0.000001 0.000003 0.603349 -10.798025 -96.939550 -29.568825 -45.471134 100.149650 10.097285 -48.636964 -19.017945 -0.000000 -0.000002 0.000002 
79.239922 103.730453 -4.231586 23.735520 49.642553 -8.321978 -26.696715 -2.341189 2.704572 -2.459705 0.587112 -1.628265 8.078574 -17.491279 -0.860772 -0.179002 7.408085 -6.668634 0.000000 0.000001 0.000001 -4.920794 11.366662 9.348237 190.583738 -175.637850 169.345743 56.213758 -51.194286 -4.554079 0.000000 -0.000002 0.000002 6.336159 -10.932820 -30.798580 2.232461 -7.781631 -50.512708 22.456030 -28.333261 35.362727 -0.000004 0.000002 0.000001 51.785627 40.276201 55.418181 -15.005316 28.294516 -36.252698 -17.591516 -30.439954 3.233757 -0.000002 -0.000001 -0.000000 1.989250 -11.882992 -95.364515 -30.204749 -46.234254 100.727484 9.606320 -47.822836 -18.868444 -0.000000 0.000000 -0.000000 
79.048035 103.768166 -4.337699 23.934209 50.110277 -7.241311 -26.800689 -2.126423 1.751528 -2.507923 1.056170 -2.485395 8.762690 -16.964930 -0.069259 0.057482 8.170092 -7.417509 -0.000001 0.000003 0.000003 -5.473592 12.006690 9.552715 190.124654 -173.794710 169.429850 52.084929 -48.428818 -3.784988 0.000002 -0.000002 0.000001 6.319049 -11.409508 -31.988347 1.820420 -6.841195 -51.628976 22.244190 -28.562056 35.965949 0.000002 0.000000 -0.000003 51.691118 39.463409 55.031346 -15.160964 28.277273 -35.846131 -17.837488 -31.130080 3.206221 -0.000001 0.000001 0.000003 1.919651 -11.679646 -94.991498 -29.989557 -46.012287 101.295797 9.617201 -47.551603 -18.613614 0.000000 -0.000001 0.000001 
78.825569 103.786018 -4.458657 23.295397 51.027455 -6.736493 -26.229320 -1.992561 1.628269 -2.822405 1.465634 -3.509332 9.551393 -17.278893 0.890878 1.441732 8.952015 -8.510726 0.000000 0.000003 0.000002 -6.869844 12.808217 9.710525 188.732060 -172.827815 168.915646 45.352736 -44.592427 -8.366477 0.000002 -0.000005 -0.000001 6.471731 -10.096474 -32.480937 1.188778 -3.917346 -52.952274 19.873678 -28.236265 35.435575 -0.000002 0.000003 -0.000003 51.402897 40.267684 55.679958 -15.125249 27.524669 -36.652154 -19.802672 -32.281629 1.513645 -0.000003 0.000000 0.000003 2.557810 -11.723951 -92.189502 -28.277762 -43.937173 102.033129 10.472904 -45.600143 -15.909322 -0.000001 0.000000 0.000002 
78.605171 103.755562 -4.628807 23.547979 51.139276 -5.939037 -25.551495 -1.748867 0.955953 -3.076633 1.697397 -4.507547 9.452654 -15.906433 1.761302 2.321191 9.736195 -9.700515 0.000000 0.000003 -0.000000 -7.861240 12.742797 9.348572 186.790880 -173.131089 167.576629 34.746900 -31.595103 -19.458067 0.000003 0.000001 0.000002 6.494503 -8.218098 -32.303455 0.960330 2.071715 -52.217985 15.494395 -27.093352 31.905221 0.000003 -0.000003 -0.000003 50.469289 40.038750 55.211035 -14.961555 26.033041 -37.053619 -20.140601 -32.142904 0.843251 -0.000002 0.000000 0.000001 2.808044 -11.376156 -89.094285 -28.332695 -41.936347 99.462977 10.959257 -44.520771 -14.202753 -0.000001 -0.000001 -0.000001 
78.339890 103.682701 -4.786668 23.872730 51.295759 -6.106025 -25.755013 -1.601283 0.220967 -1.853066 1.585974 -3.484288 8.122475 -14.951615 1.049743 3.396757 9.983000 -9.544828 0.000001 0.000001 -0.000001 -7.390164 11.915944 8.803262 185.843082 -173.251491 167.570577 28.871613 -21.340194 -23.189653 0.000001 -0.000001 0.000001 7.196038 -6.339397 -31.967761 1.357012 6.508628 -50.658704 13.309137 -25.568070 29.330413 0.000001 -0.000001 0.000003 49.515617 38.796246 53.975707 -14.720345 23.740940 -33.819719 -17.402813 -28.021322 1.215282 -0.000001 0.000000 0.000001 2.793449 -10.860320 -86.354321 -27.358789 -39.634946 98.383349 11.459335 -45.646892 -14.442713 0.000001 0.000005 -0.000003 
77.981079 103.510895 -4.924415 23.736379 51.321328 -6.158018 -24.286679 -1.723232 1.238339 -1.734064 1.720703 -3.563845 7.592908 -13.671760 0.927089 3.860951 10.621744 -9.488046 0.000000 0.000005 -0.000000 -6.228971 10.962222 7.534298 186.065418 -171.762100 168.038062 23.468972 -13.648443 -21.258081 -0.000003 0.000000 -0.000000 8.771898 -3.708172 -30.695454 2.784712 11.420900 -49.083990 11.189071 -24.249781 26.279086 -0.000005 0.000001 -0.000001 47.368721 37.099081 52.599341 -14.007089 20.212324 -27.262355 -15.940436 -23.476776 -0.692704 -0.000000 0.000001 0.000003 2.812114 -9.961314 -82.749859 -26.513869 -35.442866 95.293775 10.901561 -46.022955 -14.823638 -0.000003 0.000000 -0.000001 
77.500862 103.194077 -5.037815 22.801195 52.015814 -6.271941 -22.047057 -1.910751 2.512385 -0.853961 1.807592 -2.854797 6.235669 -12.661210 0.415820 3.454791 10.981621 -9.608455 -0.000000 0.000005 -0.000000 -4.551212 10.405208 5.922690 187.188683 -170.116530 168.930427 18.598177 -6.792567 -16.269403 -0.000001 0.000000 -0.000000 10.460275 -0.943735 -27.937120 5.006003 17.431657 -46.861378 8.381274 -24.976595 19.732784 0.000002 -0.000004 0.000001 45.154350 35.739139 51.228345 -12.345801 15.927907 -22.651211 -13.547825 -16.694266 -3.122294 -0.000003 -0.000002 -0.000000 3.168203 -9.472370 -78.293297 -24.654529 -30.468241 91.043580 10.310697 -45.328612 -15.702431 -0.000000 0.000001 0.000002 
77.050095 102.808601 -5.173451 21.721002 52.873823 -6.356217 -20.323045 -2.064145 3.706716 -0.018655 2.133868 -2.810472 4.912948 -12.668522 -0.025170 3.908320 12.771232 -11.076406 -0.000001 0.000010 -0.000000 -3.161383 9.590485 4.632820 187.630419 -168.789738 170.965413 14.671842 -1.381974 -12.152328 0.000001 0.000003 -0.000000 11.052898 1.123520 -24.675243 6.598523 22.913377 -43.446987 2.313408 -23.465900 8.147827 0.000001 -0.000001 -0.000002 44.322730 35.042443 50.287210 -10.551555 13.595031 -18.474031 -13.678189 -12.789627 -6.704138 -0.000004 -0.000001 0.000002 4.415510 -9.912100 -73.902742 -23.283731 -26.584590 86.300212 10.235570 -44.745819 -15.304296 0.000002 -0.000001 0.000000 
76.391037 102.230812 -5.223984 21.871900 53.637677 -6.502795 -18.645194 -2.067954 4.664974 0.689379 2.609906 -2.835658 3.927069 -12.009313 0.121761 2.596140 13.017419 -11.464986 -0.000000 0.000001 0.000002 -2.119579 8.852731 3.053824 188.833680 -170.369875 171.431219 10.653566 6.404465 -9.535070 0.000003 -0.000002 0.000003 11.527299 3.022503 -22.116694 8.009509 28.460732 -39.430395 4.617910 -19.847041 7.955478 -0.000000 0.000000 -0.000008 42.264067 33.398993 48.794479 -8.077989 12.133791 -12.909125 -13.510734 -8.642780 -10.186303 -0.000000 -0.000001 -0.000001 4.928582 -9.712455 -71.183002 -21.731505 -22.520360 80.080416 9.996252 -42.268728 -14.621219 0.000000 0.000001 0.000001 
75.706024 101.488907 -5.294288 20.980982 52.664075 -7.038445 -17.097722 -2.135797 4.796102 -0.037206 2.751759 -3.785288 4.270734 -12.468265 2.457066 2.790659 14.002281 -12.102024 -0.000000 0.000003 -0.000000 -0.935317 6.610791 6.340997 191.575277 -170.564795 169.869045 9.746239 14.682446 -9.185761 -0.000001 -0.000002 0.000002 13.020241 5.483264 -18.656621 11.096406 39.702134 -37.495457 1.647288 -18.367598 -0.791812 0.000001 -0.000002 -0.000003 39.608964 32.813721 47.242178 -5.662460 10.811763 -6.458710 -14.317980 -6.135098 -13.851262 0.000002 -0.000001 -0.000001 5.412471 -9.306767 -67.060423 -19.588279 -17.980625 72.736160 10.486410 -37.970920 -11.412682 0.000000 -0.000001 0.000001 
75.049232 100.686890 -5.382627 20.184901 51.619892 -7.142136 -15.603499 -1.999792 4.471101 0.172380 2.466482 -2.907243 3.316810 -13.643504 2.162726 1.923835 13.850605 -11.849067 0.000001 0.000001 0.000001 0.540307 5.920606 4.474287 192.102868 -175.887302 170.535562 6.954137 19.341392 -6.820657 -0.000001 0.000000 -0.000000 11.685827 6.886987 -12.348598 6.713515 45.714203 -21.390066 2.926748 -0.471219 -7.098439 -0.000003 -0.000002 -0.000001 37.744360 33.082151 46.606581 -3.673451 9.609390 -2.273170 -14.508640 -4.370258 -15.857621 -0.000001 0.000000 0.000003 4.987705 -8.715505 -65.155374 -17.867565 -14.737716 65.711269 11.141491 -33.794075 -7.089159 0.000001 0.000003 -0.000000 
74.269295 99.822235 -5.469018 20.768401 53.152385 -8.508485 -14.956506 -2.169123 6.230902 0.865077 3.079027 -3.473952 2.791084 -12.092715 2.417628 0.318418 12.284400 -9.984778 -0.000003 0.000005 0.000002 2.109640 6.436287 1.654829 193.347766 -172.773214 167.521331 -0.067619 22.342093 1.039930 0.000001 0.000000 -0.000001 10.223262 7.300119 -6.909889 3.992026 41.495800 -9.587257 7.310503 12.685914 -7.629725 0.000002 -0.000000 -0.000003 36.305334 32.752690 46.002369 -2.605541 10.500420 2.242027 -15.353256 -3.941620 -17.135743 -0.000001 -0.000002 -0.000000 7.018562 -9.561463 -62.255699 -18.762909 -13.073119 55.484307 13.160333 -31.412696 -1.249206 0.000000 -0.000001 0.000000 
73.370583 98.884590 -5.531147 21.719633 53.072660 -9.060272 -14.256987 -2.040509 6.034321 1.326148 2.733782 -2.388212 1.891512 -12.377884 1.562592 -0.622400 11.808898 -9.899844 0.000000 0.000001 0.000001 2.484051 6.852347 -0.586153 192.720590 -175.400856 168.272447 2.980593 28.381444 -6.946300 0.000002 0.000002 0.000003 8.148235 7.491564 -1.568114 0.833990 37.239998 3.502793 13.274117 25.313226 -2.256703 -0.000000 0.000003 -0.000002 34.452970 33.300519 45.690455 -1.686547 10.247854 5.292866 -15.104851 -2.408047 -18.835189 -0.000002 0.000000 0.000003 7.831739 -9.905577 -60.715553 -17.783437 -10.434214 46.903698 13.425172 -28.054802 2.545956 0.000000 0.000000 0.000001 
72.495834 97.937469 -5.596824 20.978091 52.837404 -10.425223 -14.459299 -2.127197 6.495402 0.912564 2.146521 -1.343900 2.634290 -12.708150 1.210787 0.350471 11.873486 -9.635287 -0.000001 0.000001 0.000003 3.632070 6.534406 -1.459540 193.556633 -176.069354 168.452546 5.646694 30.315378 -10.590156 0.000002 0.000000 -0.000001 6.702347 6.970881 3.901965 -0.118617 33.404290 14.369680 18.430968 34.967795 4.028576 0.000001 -0.000002 -0.000003 33.243152 34.376827 46.093033 -0.928894 11.435058 8.995071 -15.749887 -1.911385 -20.215171 0.000002 -0.000004 0.000001 8.502863 -9.895831 -58.476029 -16.036012 -8.213622 40.520271 12.674155 -24.269737 4.866277 0.000000 0.000001 0.000002 
71.393173 97.021210 -5.658995 20.319618 54.867811 -11.231469 -12.825294 -2.021546 6.537715 0.467661 1.770812 -0.714312 3.274316 -15.103766 0.986359 0.231489 11.907582 -9.806318 -0.000000 0.000005 -0.000002 5.308523 6.016935 -2.928269 194.999538 -173.468760 167.635122 8.976913 33.366075 -13.934049 -0.000002 0.000001 0.000002 6.701979 6.244644 6.625962 1.445030 31.623069 17.648092 21.181525 31.949443 12.683257 0.000002 0.000002 -0.000004 32.955157 34.982436 46.427108 -0.903012 14.567957 11.220581 -17.924315 -3.920196 -20.327929 -0.000004 -0.000002 -0.000001 10.084832 -10.588308 -56.561206 -14.249764 -6.745919 33.595925 12.704799 -21.413772 7.480692 -0.000000 0.000006 0.000000 
70.037743 96.128723 -5.739143 20.111062 57.269186 -11.939085 -10.997856 -1.849687 5.826629 1.255557 1.714562 0.092798 2.820189 -16.444556 0.862661 -0.885469 10.460510 -9.045621 -0.000000 0.000006 0.000001 7.229328 4.160547 -5.167321 195.595417 -171.247650 165.885119 12.908334 37.021032 -19.079194 -0.000002 -0.000002 -0.000000 5.896878 4.736099 9.198340 4.639773 25.205713 17.308767 22.847177 25.636125 18.856011 0.000001 -0.000004 -0.000000 32.356293 36.715313 47.180754 -1.569000 18.105080 11.687222 -21.020759 -6.974457 -20.555067 -0.000001 0.000003 0.000003 11.477153 -11.405040 -55.057209 -13.102001 -6.151380 27.273116 13.114514 -19.169225 10.287756 0.000000 -0.000001 -0.000001 
68.696381 95.343773 -5.833432 20.900295 57.345046 -11.971676 -10.386633 -1.860386 5.146814 1.137068 1.618066 0.202159 3.051318 -17.310546 0.547634 -1.782974 10.064596 -8.576587 -0.000000 -0.000002 -0.000000 8.936799 3.363562 -7.265915 196.632895 -172.049419 163.635172 16.655295 39.562392 -23.766437 0.000003 0.000003 0.000002 5.679974 2.069516 9.954540 6.902097 21.007350 17.851942 24.422376 20.842800 22.532569 0.000003 -0.000001 -0.000002 31.168267 37.944419 47.707321 -2.162459 19.098940 10.459500 -21.580321 -8.105502 -19.925146 -0.000002 -0.000001 0.000003 12.201061 -11.564806 -53.483960 -12.914702 -5.792171 22.791711 13.779355 -19.023161 12.083923 -0.000001 0.000001 0.000004 
67.031326 94.735168 -5.904828 23.415868 55.703492 -11.036739 -9.720405 -1.803628 4.481483 1.058043 1.187062 1.130903 3.207196 -18.788532 -1.206375 -4.318561 10.106406 -9.921285 0.000000 0.000001 0.000001 11.110612 0.540521 -9.622680 197.268786 -169.360278 159.625674 14.657067 38.895639 -21.271651 0.000001 -0.000002 -0.000000 6.696581 0.843362 6.079486 9.125350 18.503324 12.401386 24.293040 13.939415 24.280196 -0.000000 0.000004 -0.000001 28.758628 37.259877 46.451994 -3.100935 19.510678 8.776645 -19.318463 -8.173717 -17.137032 -0.000002 0.000000 0.000001 11.029233 -10.371286 -52.123417 -12.904721 -5.376256 18.952151 15.757209 -21.455048 12.828631 0.000000 0.000005 0.000001 
65.052917 94.310333 -5.969594 23.683940 52.240145 -8.878204 -8.148129 -1.550711 4.134518 0.823243 0.678016 1.568473 3.821454 -21.027579 -2.747042 -6.407864 9.631125 -11.151878 0.000001 0.000005 0.000002 12.494445 -4.034166 -10.839462 195.878938 -164.664454 155.381039 8.992077 29.143990 -12.112616 -0.000004 -0.000002 -0.000003 7.017162 -0.160602 1.302457 9.076162 16.922487 7.250225 23.423738 7.778311 27.907962 -0.000000 -0.000006 0.000002 26.973737 38.795877 47.138052 -5.323102 20.044203 5.894872 -16.026301 -8.457516 -13.430503 -0.000003 0.000001 0.000003 7.136328 -8.159579 -53.617665 -11.572752 -3.881659 18.878557 16.104270 -21.638818 13.296463 0.000001 0.000005 0.000001 
62.996414 94.005768 -6.016757 23.639773 48.706482 -7.053740 -6.767031 -1.310990 3.432729 0.608003 0.510128 1.586489 4.224985 -22.611696 -3.621805 -7.903162 9.115880 -11.346607 -0.000000 0.000005 -0.000000 13.674692 -7.859697 -12.116362 194.163290 -159.946010 153.328458 4.839467 21.618432 -5.261307 -0.000002 -0.000003 0.000000 7.303377 -0.672555 -2.037346 9.099317 15.267599 2.531200 22.837460 3.578944 30.269383 -0.000002 0.000000 -0.000003 25.636123 40.900573 48.751449 -7.001614 20.538623 3.665653 -13.695056 -8.773834 -10.610577 -0.000004 -0.000001 0.000002 4.303942 -6.458556 -54.482892 -12.295856 -3.179067 19.548809 16.761909 -22.893160 13.743880 0.000002 0.000002 0.000002 
60.584373 93.843903 -6.048648 22.702838 41.978175 -4.873135 -4.617690 -0.955583 2.024133 -0.393888 -0.341436 1.966506 4.514437 -22.992107 -5.100775 -7.232853 8.828468 -10.742762 -0.000003 0.000001 -0.000001 13.621457 -10.868450 -15.270256 191.830671 -160.975100 149.012270 1.579586 17.166050 -3.633320 0.000000 -0.000001 0.000003 6.422233 -1.799698 -5.944639 7.198795 11.795412 -2.578152 19.848499 3.459591 31.495812 -0.000002 -0.000003 -0.000002 23.511890 45.234410 52.980910 -7.912843 20.991021 3.337283 -10.410558 -10.087545 -5.452744 -0.000001 -0.000001 0.000003 -0.000416 -3.577617 -54.536393 -13.967824 -2.611111 21.104981 16.924075 -24.766095 13.746726 0.000001 0.000002 -0.000000 
57.902817 93.707474 -6.071140 20.278097 33.025618 -3.120618 -3.612074 -0.860492 -0.239861 -1.959429 -2.233680 4.028393 3.584661 -26.252484 -8.467934 -3.798831 11.264823 -10.800090 -0.000001 0.000006 0.000001 15.030781 -13.715562 -18.405635 191.551658 -160.689025 148.769033 1.002735 27.435632 -8.451814 0.000002 0.000001 0.000003 6.576509 -4.254497 -11.115913 6.701459 12.331664 -8.971775 17.126986 2.586293 27.302313 0.000003 -0.000001 -0.000000 21.527674 49.676003 58.419858 -7.194012 20.221955 6.788065 -6.089906 -8.941075 -0.542000 -0.000003 0.000002 0.000002 -5.023245 -0.060274 -52.044693 -13.369506 -2.040345 23.031589 15.089307 -23.894249 11.843124 -0.000000 -0.000001 0.000000 
55.193756 93.642303 -6.074863 19.295095 25.686142 -1.671950 -2.992792 -0.868918 -2.324861 -4.083403 -4.181140 5.208377 3.618095 -29.668327 -10.907548 -1.382401 13.573807 -11.842215 0.000001 0.000005 0.000002 16.131363 -16.796250 -18.886158 191.183688 -160.045689 151.122143 2.010085 34.905132 -13.380584 0.000001 -0.000002 0.000001 6.212525 -6.726088 -14.708886 6.958748 10.738493 -13.868370 14.048404 1.490079 22.252726 0.000001 0.000003 -0.000003 21.128347 52.227868 62.092580 -6.954196 19.331081 7.898882 -2.501000 -7.208922 3.092560 0.000001 0.000000 0.000003 -8.923929 2.433270 -49.566696 -12.818230 -1.632604 23.402496 14.011909 -22.991574 10.752059 -0.000001 0.000002 0.000002 
52.283882 93.632957 -6.054147 18.477779 18.013384 0.069040 -3.224708 -0.903463 -3.882729 -5.359669 -4.877567 4.806450 3.948909 -33.872250 -11.416112 1.651841 16.495312 -14.941484 0.000003 -0.000004 0.000003 16.191303 -18.722196 -18.204215 190.535230 -155.464955 152.654537 6.367497 42.184116 -20.895517 -0.000001 -0.000002 -0.000002 5.290519 -10.077848 -19.378852 7.421772 6.096445 -18.126263 11.543049 -4.529657 18.075966 -0.000002 -0.000002 0.000002 22.975185 51.489699 61.692509 -5.589753 19.199742 10.850164 -2.646916 -8.057848 4.158819 0.000001 -0.000003 0.000003 -12.432416 4.461162 -47.083178 -11.974285 -1.891169 25.091374 12.051508 -21.041682 8.256418 -0.000000 0.000003 0.000001 
49.215881 93.671341 -6.021368 18.012781 10.124333 1.924281 -4.030814 -0.981875 -5.921731 -5.355332 -4.626756 3.908232 4.154583 -37.747614 -10.689928 3.552020 18.584827 -18.697691 -0.000000 0.000001 0.000001 16.512761 -21.116577 -18.120051 189.484925 -150.689013 153.579727 9.236010 49.050013 -25.274020 -0.000002 0.000002 -0.000003 4.413868 -12.892913 -23.637784 7.041220 2.673103 -24.416389 11.798800 -12.125729 17.106726 -0.000002 -0.000001 -0.000001 26.626053 49.953422 58.587676 -3.076286 18.750978 9.874772 -4.215344 -7.813421 2.421485 -0.000003 -0.000002 0.000001 -15.116291 4.965130 -44.430486 -9.294271 -3.336862 26.663957 9.523927 -15.381593 6.846172 0.000000 -0.000001 -0.000000 
46.253845 93.697205 -5.995984 18.405541 3.765009 2.986610 -4.607310 -1.089520 -7.784225 -6.477899 -5.443790 4.239926 5.435472 -39.969499 -9.452125 5.000582 20.362570 -21.252270 0.000000 0.000003 0.000005 16.549820 -21.708126 -13.826692 189.900788 -147.761471 159.696612 19.294883 49.541189 -36.463689 0.000001 -0.000002 -0.000000 3.654116 -15.572654 -24.717058 7.576728 -1.992720 -28.128258 10.981196 -18.647122 15.200957 0.000001 0.000002 -0.000000 26.321295 48.579755 57.238532 -1.131754 15.683774 9.171956 -4.151915 -4.956069 0.139457 -0.000003 -0.000001 0.000004 -17.898173 6.244006 -42.305017 -7.617065 -3.593350 28.392830 8.053455 -12.413801 5.322804 0.000000 -0.000001 0.000001 
43.198883 93.696770 -5.953224 17.971764 -1.954642 3.230074 -6.955823 -1.117393 -9.031804 -6.148650 -6.924880 7.086589 3.499771 -39.940030 -11.036916 7.786599 22.225661 -22.830353 0.000002 0.000004 0.000005 16.959872 -22.005503 -10.107685 190.849815 -140.239821 162.658469 26.068749 42.165244 -39.024177 -0.000000 0.000002 -0.000001 3.315881 -14.385123 -14.311458 9.736249 0.693361 -8.147946 16.746251 -1.150636 18.937917 -0.000000 -0.000002 0.000003 29.715797 45.974451 54.668281 -1.212632 14.826729 5.657930 -2.069133 -1.902749 0.724895 -0.000001 -0.000001 0.000004 -18.761573 6.449334 -39.448468 -4.681621 -3.377758 30.476014 7.132176 -10.524370 3.557637 -0.000000 -0.000001 0.000001 
40.117371 93.771881 -5.909503 18.053710 -7.680146 3.261939 -8.353715 -1.042608 -9.754844 -7.051520 -7.855206 7.556382 3.664369 -42.786504 -11.309857 11.269658 23.974959 -24.037556 -0.000003 0.000006 0.000001 15.406209 -20.682255 -4.839181 190.791089 -138.454205 169.413034 26.904409 35.741161 -39.102737 -0.000003 -0.000002 0.000001 2.543678 -15.868486 -15.660864 9.459681 -2.329016 -12.070835 9.003735 -11.306249 5.710925 -0.000001 -0.000000 -0.000005 30.077397 43.910046 52.554580 -3.082941 14.335695 0.785662 -1.573802 0.043735 -1.432860 -0.000003 0.000003 -0.000001 -20.064744 6.580842 -36.360703 -3.466587 -2.259053 32.916300 5.560404 -10.123685 0.855699 -0.000000 -0.000001 0.000001 
37.216255 93.843781 -5.843164 17.529996 -12.472685 3.643958 -8.914240 -0.746258 -10.042527 -8.203430 -8.095958 6.455019 4.702854 -44.287052 -10.149726 12.982476 24.053133 -24.875313 -0.000004 0.000006 0.000001 11.989570 -19.488586 -1.334447 186.461460 -138.621189 169.880506 23.617196 32.007465 -39.408983 0.000001 0.000001 0.000002 0.218349 -17.109948 -20.583817 5.567497 -9.727478 -16.298254 3.774583 -21.914157 4.314774 -0.000002 -0.000005 -0.000001 32.267634 41.820429 50.928875 -6.608076 17.657960 -4.022122 -3.117966 -6.252995 2.226118 -0.000003 0.000001 0.000003 -21.371578 6.613057 -34.081473 -2.140501 -0.158343 34.003161 3.165090 -7.935615 0.277509 -0.000001 0.000001 0.000001 
34.339409 93.929985 -5.775802 17.001931 -16.301256 3.415726 -9.229125 -0.417324 -9.737162 -8.806978 -7.819882 5.325002 6.469623 -45.433127 -7.632348 14.103306 24.024376 -25.309172 -0.000000 0.000005 0.000002 8.780540 -19.050658 3.491729 182.989429 -138.045390 172.884246 18.917274 34.260960 -39.496518 0.000001 -0.000002 0.000001 -2.255386 -18.312009 -23.164604 3.130625 -17.554281 -13.719270 3.617324 -27.260501 10.551307 -0.000004 0.000000 0.000001 33.407333 39.630233 49.403472 -9.140347 19.189266 -8.408333 -4.353906 -10.564828 4.132426 -0.000003 0.000001 0.000001 -21.902593 6.556835 -31.025427 0.823510 2.771006 34.169111 0.154391 -2.697737 0.284493 -0.000001 0.000001 0.000001 
31.515471 94.002663 -5.731765 16.608197 -18.606789 3.031456 -10.575016 -0.256943 -9.876187 -9.235896 -8.211419 5.387776 7.496923 -44.472977 -6.323431 15.915447 23.169894 -22.998987 -0.000001 0.000005 -0.000000 6.394954 -18.110045 7.770839 181.959450 -135.699289 178.703936 14.094899 34.159525 -35.642236 -0.000001 -0.000001 0.000003 -4.412002 -20.098440 -21.548846 2.999271 -24.826034 -9.620988 7.456232 -27.126935 19.419911 -0.000003 0.000002 -0.000000 34.943944 36.198517 46.856317 -10.583218 19.076449 -12.157089 -4.549297 -13.849478 6.711953 -0.000001 0.000004 0.000001 -21.785621 6.140679 -28.826134 3.585067 4.680755 33.747644 -2.701779 2.942529 0.809401 -0.000000 0.000000 -0.000000 
28.895403 94.077576 -5.701414 16.406970 -21.576071 2.935586 -11.283242 -0.117573 -9.761361 -10.411438 -9.068369 5.623139 8.142887 -43.128106 -5.933632 17.442567 22.453245 -21.346257 -0.000001 0.000003 0.000002 4.463313 -16.562736 11.027994 182.590819 -135.133312 184.024954 11.329484 35.893286 -32.982447 -0.000001 -0.000002 0.000003 -5.911612 -21.883803 -20.879260 4.719263 -29.179637 -4.990213 11.840468 -23.326310 26.963577 -0.000000 -0.000003 -0.000003 33.202977 35.331435 45.679431 -12.003006 23.566840 -12.592161 -5.747171 -18.762043 9.206025 -0.000002 0.000001 0.000003 -20.514617 5.657303 -27.719804 4.304701 5.147949 31.251264 -3.101417 4.410503 2.517493 -0.000000 0.000000 0.000001 
26.380869 94.146690 -5.711287 14.617694 -23.247029 2.773603 -10.887102 -0.223276 -10.007029 -10.372971 -9.115460 5.972221 8.174677 -43.367740 -4.833403 17.485879 22.019577 -19.598729 -0.000001 0.000005 -0.000002 3.127576 -14.287216 14.833492 184.512861 -137.058961 191.858894 8.371687 37.805917 -29.349022 0.000004 -0.000002 0.000001 -6.282201 -23.455599 -16.155472 8.789463 -32.133581 2.657398 12.433371 -17.304510 28.175203 -0.000001 -0.000003 -0.000002 30.078620 33.200020 43.886622 -13.439242 24.288279 -19.007493 -2.533730 -18.001515 14.206877 -0.000005 -0.000001 0.000003 -19.938410 5.606256 -25.347687 2.541870 4.236183 32.196853 -3.559753 3.751405 -2.407746 -0.000001 0.000002 0.000001 
24.017672 94.248642 -5.732137 14.358673 -27.426821 3.154573 -12.712404 -0.415931 -8.464028 -9.117953 -8.425843 6.315391 7.173709 -39.053843 -4.443179 14.827987 20.503261 -17.038942 0.000000 0.000001 -0.000003 1.428141 -12.064484 18.975838 186.406422 -139.300001 198.649878 6.526071 41.043522 -25.526183 -0.000002 -0.000002 0.000003 -5.400209 -23.132949 -10.324570 13.659664 -31.531514 13.053472 14.150549 -16.270443 27.124155 -0.000003 0.000002 -0.000001 28.022038 31.010384 41.574067 -14.106414 25.036400 -25.145548 -2.067611 -18.044861 15.691866 -0.000001 0.000001 0.000003 -21.365518 5.735887 -23.263915 5.943558 4.859456 32.121092 -5.681335 8.128314 -4.426957 0.000000 -0.000001 0.000000 
21.889307 94.328331 -5.774602 13.417456 -29.663307 3.273392 -14.164993 -0.707373 -7.335591 -7.815068 -8.112887 7.437309 5.645899 -34.479628 -4.998981 13.679172 18.633526 -12.994317 -0.000001 0.000006 0.000001 1.150888 -8.990698 20.717092 189.938914 -140.891380 205.609799 -1.088730 42.289430 -13.849990 -0.000003 0.000002 -0.000001 -4.094508 -23.397725 -4.224458 19.712143 -30.667153 22.634494 14.922773 -11.098308 24.221814 0.000002 0.000000 -0.000003 27.081652 27.928353 39.117511 -14.395751 25.856856 -29.903531 -7.761559 -19.042853 8.644092 -0.000002 0.000000 0.000001 -22.350481 5.840769 -21.413473 5.986793 3.876808 32.681007 -5.000022 6.934297 -6.759334 0.000001 -0.000001 0.000001 
19.859653 94.557564 -5.800311 13.108968 -30.195382 3.510294 -14.156915 -0.710961 -7.177698 -7.829758 -7.071063 5.412923 7.211414 -29.940530 -2.200358 15.165294 17.007248 -10.368423 -0.000002 0.000001 -0.000001 -0.466753 -8.046309 24.507077 189.889654 -144.676958 210.925244 -11.497650 43.283209 -1.406781 -0.000003 0.000000 -0.000004 -1.476241 -19.770256 -12.012742 11.791442 -21.832051 3.772588 7.789679 -15.649237 10.878969 -0.000000 0.000005 -0.000002 24.726367 23.857000 35.043194 -13.562202 23.705888 -31.522081 -11.441795 -19.694149 4.003018 -0.000004 -0.000003 0.000003 -21.577413 5.670605 -21.003373 5.980889 3.296414 32.770025 -4.496836 5.816020 -8.630414 -0.000000 0.000000 0.000001 
17.952103 94.939209 -5.794836 10.764601 -27.067135 2.487224 -14.050255 -0.605364 -6.215736 -6.907302 -6.156833 4.429764 6.717007 -24.999005 -1.095211 17.726185 16.154494 -8.944157 0.000002 0.000005 -0.000002 -1.804309 -7.922577 25.519048 188.246748 -145.662991 212.368927 -19.366832 40.335272 7.663405 0.000000 -0.000002 -0.000001 -1.471011 -18.095177 -11.255465 14.556631 -21.814779 17.193157 18.407549 -6.223462 30.091867 0.000003 -0.000003 -0.000000 22.991112 18.796143 30.475396 -13.144364 21.794032 -30.764371 -10.963757 -17.270388 2.666402 -0.000003 0.000001 0.000003 -19.611384 4.795317 -19.852542 6.551543 3.393575 30.886590 -3.855466 4.799380 -8.525160 -0.000001 -0.000001 0.000001 
16.253590 95.348183 -5.771483 8.930676 -23.519640 1.322818 -13.405634 -0.588061 -5.126826 -6.256164 -5.911716 4.419383 5.513517 -20.022764 -0.642870 17.779384 14.442836 -6.696495 -0.000000 0.000003 0.000002 -2.626946 -8.519960 27.064843 186.689479 -148.080468 213.461279 -20.020767 38.790007 8.977255 0.000000 -0.000001 -0.000002 -1.869219 -15.542295 -3.969491 16.430160 -20.114555 28.335378 22.361602 -3.922557 37.971101 -0.000002 0.000001 -0.000002 21.013068 14.813354 26.592235 -12.526585 20.041764 -29.054337 -8.448943 -14.651382 3.997103 -0.000000 0.000000 0.000001 -17.199598 3.950270 -19.026117 6.111493 2.773425 29.710189 -3.532743 4.686117 -8.454287 -0.000000 0.000001 0.000001 
14.702417 95.933090 -5.733340 7.073595 -18.692378 0.043708 -11.135342 -0.771616 -3.907106 -4.431371 -4.977620 5.120897 3.921200 -13.767478 -0.728727 15.338011 11.964126 -4.476342 0.000001 0.000005 -0.000000 -1.074547 -7.372674 24.486409 187.305261 -152.418321 213.605055 -19.014751 39.186872 11.050495 0.000002 0.000000 -0.000000 -0.785752 -11.907033 3.342970 15.973323 -13.360658 30.404877 25.814138 -2.754002 38.666510 0.000003 0.000000 -0.000003 18.458733 10.220408 21.859030 -10.020232 18.036687 -24.905310 -9.834278 -14.004464 2.650537 -0.000000 0.000001 0.000001 -14.011786 2.900484 -17.568317 5.647028 0.578118 27.663320 -1.713508 3.421796 -8.613243 -0.000000 0.000001 0.000001 
13.273307 96.712120 -5.709999 5.861766 -14.111269 -0.596993 -7.802251 -0.734002 -2.956933 -2.884864 -4.209849 5.319923 1.783560 -8.334231 -0.797704 12.014526 9.470313 -2.943658 0.000001 0.000001 -0.000001 -2.089580 -4.950940 21.222226 184.320250 -157.715338 210.283042 -12.803669 34.783882 5.440674 -0.000004 -0.000003 0.000002 -1.003311 -8.763358 7.486470 12.259600 -9.359148 28.581050 23.149698 0.193867 33.964980 -0.000003 -0.000002 -0.000002 16.733229 5.799897 17.563188 -8.837848 18.317130 -21.870708 -11.209349 -17.556052 3.371534 -0.000002 0.000000 -0.000000 -10.758340 1.628296 -15.734044 6.413286 0.570239 23.766220 -3.094334 6.388949 -7.396244 -0.000000 -0.000001 0.000001 
11.966930 97.427368 -5.633656 4.770217 -11.769362 -0.669056 -5.221105 -0.668301 -2.019691 -3.018957 -3.826490 4.260522 1.602480 -4.517324 -0.031731 8.184247 7.348465 -3.209836 0.000000 0.000001 0.000001 -2.236486 -3.094405 16.919260 183.235507 -160.954023 205.685013 -10.206368 31.507943 4.054063 -0.000000 0.000001 -0.000003 -1.251238 -6.342303 9.384857 9.339587 -5.600226 26.179352 20.324167 3.613686 27.184911 0.000002 -0.000002 0.000002 13.451751 3.843431 13.725690 -7.181245 17.267365 -18.619531 -12.283395 -19.036722 3.054137 -0.000000 0.000001 0.000001 -8.153094 0.807676 -13.772629 3.803683 -0.972632 20.371893 -1.730613 3.587291 -6.175505 -0.000000 -0.000001 0.000001 
10.720160 98.270988 -5.530905 4.738307 -8.473042 -0.260378 -3.558650 -0.629268 -0.675111 -2.191353 -2.765230 3.222709 0.717991 -2.459063 -0.046962 4.527282 5.458251 -3.243988 -0.000001 0.000001 0.000001 -2.187446 -0.816365 12.775693 182.280564 -166.953661 200.520475 -9.477316 24.195539 6.381270 0.000003 0.000001 0.000000 -1.260020 -5.270058 9.245115 7.507887 -3.635255 21.303637 15.918391 3.688630 18.141189 -0.000000 -0.000000 -0.000000 10.258533 1.233038 9.612950 -6.408993 15.836405 -14.382852 -10.141319 -16.472115 3.373784 0.000001 0.000001 0.000003 -7.116103 0.650829 -11.336837 4.215636 -0.747389 15.675663 -2.686062 6.016724 -3.630474 0.000000 -0.000001 -0.000000 
9.476927 99.088188 -5.388898 3.556852 -5.854385 0.317296 -3.112325 -0.527538 -0.065456 -0.773444 -1.387491 2.340639 -0.125396 -1.715402 -0.406926 2.237243 4.143658 -2.489957 -0.000001 0.000001 0.000003 -0.666977 0.436591 8.554420 182.266876 -172.338677 195.136128 -7.557083 17.610217 7.162710 -0.000002 -0.000002 -0.000000 -0.398243 -4.605944 7.190532 6.805674 -1.985747 15.458677 11.930880 2.909617 10.619848 0.000003 0.000000 -0.000002 6.295013 0.580912 5.956170 -5.186951 11.208283 -10.295214 -6.676634 -10.295105 2.518132 -0.000002 0.000000 0.000001 -4.906856 0.405506 -8.657392 2.816576 -0.683952 10.905913 -2.375074 5.989153 -1.298847 -0.000000 0.000001 0.000001 
8.316635 99.848251 -5.251390 2.814138 -3.604429 0.395804 -2.623533 -0.371633 0.719715 -0.004726 -0.766297 1.813106 -0.594602 -2.283498 -0.986417 1.214847 3.153172 -2.193489 -0.000000 0.000001 0.000001 -0.468052 0.853654 5.269889 181.139882 -176.176410 190.799012 -5.887596 11.478805 6.209854 -0.000001 -0.000004 -0.000000 -0.500172 -3.375021 5.413646 4.954175 -2.301413 11.604316 8.043939 2.868804 6.233628 0.000001 -0.000000 -0.000000 3.897755 -0.369336 3.301444 -3.661667 6.926999 -7.224563 -4.844105 -6.454862 1.048439 -0.000001 -0.000001 0.000002 -3.762779 0.234083 -6.328398 1.799961 -0.515302 7.282448 -2.336336 5.777044 0.508781 -0.000000 0.000000 0.000001 
7.171471 100.569649 -5.121268 2.444742 -2.256062 0.508103 -2.341672 -0.325941 0.637299 0.252495 -0.317449 1.162022 -0.494743 -0.995243 -0.819106 0.220508 1.821022 -1.218867 -0.000000 0.000001 0.000001 0.154587 0.653730 2.878657 181.060242 -177.918218 186.823501 -2.929244 5.656301 4.468301 0.000002 0.000000 0.000002 -0.490898 -2.949086 3.908008 3.560390 -1.314229 6.879501 4.869105 1.035253 2.760337 0.000002 -0.000001 -0.000001 1.604368 -0.889345 0.949438 -2.252883 3.278150 -3.966770 -2.735523 -3.392830 0.299284 0.000001 0.000000 0.000001 -2.584004 0.164608 -4.487068 1.793848 0.071539 5.019048 -2.388218 5.573236 1.270351 -0.000000 0.000003 0.000001 
6.036207 101.187103 -4.993223 1.173798 -1.227767 0.157665 -0.754364 -0.110372 0.416547 -0.299721 -0.452367 0.606516 -0.213706 -0.197002 -0.449183 -0.055760 0.779151 -0.632040 0.000001 -0.000000 0.000003 -0.179681 0.736984 1.332736 180.213203 -179.113856 183.366646 -1.687176 2.691590 2.069164 0.000003 0.000002 0.000000 -0.484038 -1.429666 2.069932 1.659147 -1.240068 3.304907 2.133000 0.560518 1.591602 -0.000002 0.000005 -0.000002 0.477455 -0.251218 0.298267 -1.134035 0.924406 -1.969757 -1.324444 -1.443409 -0.000623 -0.000002 0.000002 0.000001 -1.230521 0.018548 -2.073024 0.611872 0.014081 2.109404 -1.048260 2.593562 0.324460 -0.000000 0.000001 -0.000000 
4.982283 101.719666 -4.857472 0.278308 -0.458397 -0.011783 0.282748 0.018570 0.179801 -0.496928 -0.381323 0.155966 0.024512 0.226086 -0.046215 -0.194883 0.156520 -0.277166 -0.000001 0.000001 -0.000001 -0.437002 0.406045 0.352892 179.616640 -179.650094 181.193608 -0.168167 0.183702 0.057889 -0.000002 0.000003 -0.000001 -0.438247 -0.442564 0.802718 0.084088 -0.704877 1.112898 0.388959 0.290318 0.646756 -0.000002 -0.000000 -0.000000 0.025463 0.085879 0.047820 -0.329221 -0.055114 -0.662936 0.071454 -0.142274 0.235789 -0.000003 -0.000007 -0.000003 -0.297861 -0.034087 -0.522101 0.130616 0.120073 0.405585 -0.310382 0.533639 0.136280 0.000000 -0.000001 -0.000000 
3.960427 102.172501 -4.728360 -0.219639 0.361584 0.010870 -0.223103 -0.014027 -0.141914 0.392768 0.299862 -0.125378 -0.019208 -0.178378 0.036395 0.154282 -0.122817 0.219032 -0.000000 0.000001 -0.000000 0.342997 -0.322215 -0.276222 180.307541 -180.270371 179.056715 0.132532 -0.145033 -0.045288 0.000002 0.000002 -0.000003 0.350098 0.344775 -0.635650 -0.056671 0.557169 -0.877290 -0.309153 -0.225907 -0.511627 0.000007 0.000004 -0.000002 -0.020140 -0.067733 -0.037749 0.259255 0.046168 0.522771 -0.055961 0.112466 -0.185889 -0.000003 -0.000001 0.000002 0.234766 0.028810 0.411769 -0.103642 -0.094080 -0.320161 0.243973 -0.421507 -0.105475 0.000000 0.000000 0.000000 
2.958988 102.550194 -4.613632 -0.511010 1.218387 0.097876 -0.131967 -0.016225 -0.394955 0.458866 0.487171 -0.336525 0.150860 -0.261618 -0.064356 -0.426572 -0.311711 0.354144 -0.000001 0.000001 0.000003 0.913625 -0.774495 -0.795090 180.980465 -180.808713 177.174725 0.655463 0.114510 -0.324633 -0.000004 -0.000002 0.000001 0.929018 0.459709 -1.968679 -0.047182 1.602699 -2.820460 -0.215983 0.019957 -1.327999 0.000007 0.000001 -0.000005 0.049110 0.036541 0.033332 0.826533 0.122449 1.701281 -0.045921 0.210942 -0.162941 -0.000000 0.000000 0.000003 0.544202 0.013282 1.005301 -0.459249 -0.309494 -0.366655 0.683794 -1.468670 -0.754639 0.000000 0.000000 0.000001 
2.023915 102.878944 -4.506650 -0.625785 1.962548 0.478065 -0.386780 -0.043483 -0.845908 0.519602 0.670570 -0.543313 0.384888 -0.476917 -0.050112 -0.340330 -0.109230 0.213310 0.000000 0.000001 0.000001 1.362512 -0.944579 -1.361349 181.715639 -180.745192 175.930756 0.854940 1.018268 -0.314142 0.000001 -0.000002 0.000001 1.272313 0.007134 -2.904118 0.098194 2.833344 -3.741323 -0.192820 -0.370840 -2.271704 -0.000002 0.000000 0.000002 0.018495 0.044559 0.064342 1.133276 0.535663 2.231416 0.113307 0.588857 0.088741 -0.000001 0.000000 0.000001 0.529918 0.079779 1.061751 -0.457259 -0.486851 -0.335400 0.836827 -1.830705 -1.339015 -0.000000 0.000001 0.000000 
1.096080 103.163841 -4.413982 -0.372618 2.790263 0.818816 -0.004952 -0.026259 -0.887736 0.512816 0.892756 -0.897457 0.343894 -0.663806 -0.210160 -0.526396 0.233196 0.058280 -0.000001 -0.000002 0.000002 1.669293 -0.932616 -1.989052 182.189354 -180.394066 174.387024 0.703280 1.748568 -0.945576 0.000000 0.000005 0.000001 1.522276 -0.294173 -3.861235 0.129190 3.197645 -5.048229 -0.669214 -0.137521 -3.347141 0.000005 -0.000002 -0.000003 -0.095677 0.078042 0.059658 1.565752 0.234003 3.345052 0.721029 1.390487 -0.043036 -0.000002 0.000001 0.000003 0.086097 0.208480 1.407851 -0.526613 -0.343193 -0.548122 1.136437 -2.906419 -1.541201 -0.000000 0.000000 0.000001 
0.177409 103.393967 -4.333005 -0.154766 3.444021 1.398102 0.125897 -0.033490 -1.089848 0.729069 1.218232 -1.342242 0.211426 -0.764105 -0.356462 -0.481377 0.544540 0.067990 0.000000 0.000001 -0.000000 2.008855 -1.036107 -2.456567 182.655159 -179.962302 172.706169 0.755484 2.487520 -1.906164 -0.000002 -0.000003 0.000001 2.055525 0.337718 -4.941317 0.397908 2.305929 -6.366032 -1.208283 0.567962 -4.354641 -0.000002 0.000000 -0.000003 -0.021758 0.054967 0.120765 1.945525 0.131483 4.421540 1.448654 1.906010 0.576327 -0.000000 -0.000003 0.000003 -0.000206 0.200659 1.492252 -0.781952 -0.434257 -0.593022 1.183296 -2.953384 -1.774996 -0.000000 0.000001 0.000001 
-0.680464 103.598183 -4.259204 0.370264 3.253827 2.057490 1.165474 0.006166 -1.424905 -0.049656 1.176730 -2.079961 0.380638 -0.637925 -0.069877 -0.814420 0.738866 -0.312586 -0.000001 0.000005 0.000002 1.687332 -0.098841 -2.561893 182.837348 -179.400492 171.376345 0.723309 3.183210 -2.925629 0.000000 -0.000002 0.000001 2.481007 0.980069 -5.675490 0.361956 2.129309 -7.307490 -1.916555 0.717413 -5.398737 0.000003 0.000001 -0.000007 -0.409622 0.304142 -0.045844 3.070531 -2.092656 5.295748 1.462225 3.162841 -0.661738 -0.000001 -0.000003 0.000003 -0.427826 0.141555 1.225496 -0.856649 -0.635789 -0.642332 0.948549 -2.111191 -1.604735 0.000000 0.000000 0.000000 
-1.559945 103.763695 -4.211437 1.176070 3.715228 2.588798 1.593326 0.039391 -1.444288 -0.411057 1.299396 -2.818206 0.461177 -0.439940 0.072429 -0.884006 1.015135 -0.771826 0.000001 0.000005 0.000001 1.402232 0.045066 -2.921980 182.511001 -179.841230 170.208669 1.143431 2.927156 -4.777517 0.000000 -0.000003 0.000003 2.688243 1.765807 -6.737702 -0.348617 2.188814 -8.024963 -2.313487 2.681740 -5.771379 -0.000003 0.000002 -0.000001 -0.031905 -0.518723 -0.271811 3.561248 -0.834744 6.789685 1.238761 3.257370 -0.845277 -0.000000 -0.000002 0.000002 -1.309603 0.143692 1.355475 -1.263203 -0.832602 -0.928040 1.118551 -2.629915 -2.158204 -0.000000 0.000000 0.000001 
-2.458377 103.889534 -4.182340 2.470786 4.112191 3.022363 0.676993 0.041959 -1.391085 -0.115700 1.674225 -3.404184 0.407279 -0.284221 -0.087844 -0.727127 1.015593 -0.946453 -0.000000 0.000001 -0.000001 1.515880 -0.778954 -3.010249 182.478831 -180.758839 168.845896 1.712243 3.297170 -6.374642 -0.000002 0.000002 -0.000004 2.443382 0.754340 -7.881691 -1.014230 3.467655 -8.032639 -2.384067 4.839825 -6.937619 0.000003 0.000000 0.000001 1.185996 -2.119696 -0.190377 3.976022 0.448434 8.471966 -0.289469 1.771042 -1.683860 -0.000001 -0.000001 -0.000001 -2.732473 0.234763 1.417534 -1.594646 -0.816402 -0.724804 1.137305 -3.110520 -2.942412 -0.000000 0.000000 0.000001 
-3.321853 103.974449 -4.159149 3.245208 4.051449 3.409906 0.345955 0.047527 -1.502182 -0.145446 1.809152 -3.797394 0.513550 0.031519 -0.112306 -0.781971 1.286719 -1.185485 -0.000001 0.000008 -0.000002 1.743965 -1.688800 -3.095284 182.485087 -181.266144 167.989145 1.694767 4.476419 -7.646895 -0.000001 -0.000001 0.000002 2.332695 0.277575 -8.630750 -1.298466 4.452833 -8.209338 -2.199011 7.074143 -7.430664 0.000005 -0.000000 -0.000000 2.173386 -2.944723 0.174429 4.033119 1.268668 9.631695 -0.377307 1.656694 -1.942962 -0.000001 0.000001 0.000003 -3.704090 0.313605 1.390230 -1.350986 -0.550723 -0.457612 1.024870 -3.430672 -3.623093 -0.000000 0.000000 0.000000 
-4.241131 104.022842 -4.171760 4.757544 4.267295 3.827986 0.013227 -0.020833 -2.079555 -0.312617 1.835764 -4.165454 0.324005 0.097466 0.137744 -0.186217 2.134203 -1.347806 0.000001 -0.000002 -0.000000 1.908855 -1.321396 -3.108024 183.046488 -181.278657 166.909005 1.397395 6.499221 -8.128267 -0.000001 0.000001 0.000000 2.779256 0.442807 -9.387024 -1.040895 5.039048 -8.558730 -2.109631 9.169826 -9.062193 0.000002 -0.000001 -0.000005 4.717377 -5.189581 1.172667 3.257461 4.717952 10.635022 -1.707572 -1.001261 -0.671405 -0.000003 -0.000003 -0.000002 -5.790082 0.540622 1.372735 -1.476080 -0.610650 -0.084405 0.545298 -2.355989 -4.355839 -0.000000 0.000002 -0.000000 
-5.226018 104.021332 -4.210306 7.346594 4.459709 4.113210 -0.582855 -0.170919 -2.971480 -0.061690 2.376572 -5.028555 -0.412890 0.551913 1.383986 0.004837 2.691493 -1.637617 0.000001 -0.000002 0.000002 2.163004 -0.874430 -2.897248 183.861575 -179.568788 165.578061 0.318993 9.185529 -8.415497 -0.000002 0.000000 0.000003 3.242419 0.043738 -10.137997 -0.239889 5.630864 -9.375603 -1.856160 12.090136 -10.595310 -0.000000 -0.000004 -0.000004 8.167562 -7.484099 3.183536 2.249525 7.570312 11.827508 -3.531062 -6.111945 2.149247 -0.000001 -0.000001 -0.000000 -8.260422 1.065842 1.620988 -0.813597 -0.060472 0.873808 -0.651532 0.800697 -2.732552 0.000000 0.000002 0.000001 
-6.161795 103.950363 -4.249396 8.390022 2.288293 4.930511 0.221715 -0.228600 -4.277661 -1.403393 2.081440 -5.583838 -0.069755 2.523944 2.421088 0.086528 3.483208 -2.452329 0.000000 -0.000000 0.000001 1.708243 -0.234671 -3.009252 184.233834 -178.633298 164.905669 -0.010692 12.287679 -9.399566 -0.000004 0.000002 -0.000003 3.597599 0.448921 -11.080693 0.046046 5.724670 -9.352286 -1.496600 14.722821 -11.984258 0.000003 0.000000 -0.000003 10.450187 -6.914387 5.610437 1.650596 9.378037 11.061193 -5.053375 -11.011993 5.250179 -0.000002 -0.000001 0.000002 -8.652511 1.156628 1.251979 -2.803596 -0.753301 0.828479 0.606933 -3.079431 -5.267368 -0.000000 0.000000 0.000001 
-7.179070 103.782387 -4.287630 10.618192 1.314086 5.945350 -1.448260 -0.437797 -6.057908 -0.802533 2.560730 -5.909322 -0.648942 3.505427 3.331280 0.933991 4.629912 -2.785749 0.000001 0.000003 0.000002 3.005726 0.011408 -2.273952 186.142380 -177.285141 164.036200 -0.482076 17.517588 -8.614966 0.000001 -0.000002 -0.000000 4.839102 -0.236204 -11.999791 1.691112 6.769445 -10.065237 0.187449 17.305206 -14.011726 0.000002 -0.000000 -0.000004 14.193559 -6.621592 8.933133 0.843740 10.747989 10.754747 -3.530931 -14.846618 11.213239 -0.000001 -0.000001 0.000004 -10.269118 1.375794 1.309108 -4.314382 -1.135031 0.466832 1.091344 -4.592659 -6.809196 -0.000000 -0.000001 0.000000 
-8.263587 103.501122 -4.329638 11.071561 0.953806 7.181986 -2.195047 -0.584074 -7.596080 -1.010842 2.511132 -5.977837 -0.575950 3.464200 3.621960 2.776306 6.470876 -3.632947 -0.000001 0.000003 0.000002 4.202989 0.570813 -1.994372 187.731028 -175.687710 163.535096 -0.131373 22.219650 -9.116418 -0.000001 -0.000003 0.000000 6.223994 -0.119193 -12.994110 3.118309 8.652553 -10.593157 3.183250 21.509896 -13.910356 -0.000000 0.000001 -0.000003 19.841430 -6.534191 13.496716 -0.734791 12.173297 9.211349 -2.211964 -18.244678 16.122370 -0.000002 -0.000001 0.000004 -10.070341 1.393718 1.045353 -6.005565 -1.444573 0.600628 1.649302 -6.093511 -8.236914 0.000000 0.000000 0.000001 
-9.339355 103.196419 -4.392280 11.536226 -0.068652 8.332617 -2.932241 -0.668406 -9.019237 -1.444410 2.420563 -6.262425 -0.387247 4.505734 4.083442 3.894565 7.661417 -4.239070 -0.000000 0.000001 0.000001 4.990378 0.886323 -2.040130 188.822301 -175.789562 162.951675 0.057651 25.679109 -9.364721 0.000002 0.000003 0.000002 7.037791 -0.344003 -13.738803 4.025424 8.669129 -10.377818 6.108560 26.333806 -14.187709 -0.000001 0.000003 -0.000003 24.455866 -5.889488 17.234077 -1.850440 13.364816 7.375326 -1.656484 -21.047911 19.213010 -0.000000 -0.000003 0.000005 -10.077542 1.288537 0.771828 -7.112378 -1.907005 0.741704 1.688311 -6.135774 -9.081250 -0.000000 -0.000001 0.000001 
-10.535398 102.790947 -4.483310 11.751828 -2.428159 9.873683 -3.151338 -0.666278 -10.914100 -1.810742 2.156536 -5.969553 0.100522 5.539307 3.822514 5.609124 9.512539 -5.190746 -0.000001 0.000003 -0.000000 5.633074 0.633864 -2.092190 189.317408 -175.821678 162.942605 0.384680 29.198833 -11.232197 -0.000000 -0.000003 0.000000 7.799599 -0.052606 -14.631664 4.669945 10.313114 -10.538735 9.147573 31.302549 -12.776615 -0.000001 -0.000006 0.000003 29.114931 -3.906583 21.530739 -3.881328 14.817863 3.929380 -2.954589 -24.162122 19.403517 -0.000001 -0.000004 0.000001 -10.427725 1.472595 0.543949 -7.937812 -1.872339 1.412518 1.384875 -5.936260 -10.608269 -0.000001 0.000001 0.000001 
-11.855833 102.316788 -4.602890 11.767784 -6.701775 12.150733 -2.630530 -0.714847 -13.625945 -1.694323 2.381635 -6.211021 -0.481951 7.467583 4.273958 6.852404 11.316573 -6.763057 0.000001 0.000006 -0.000001 5.595822 1.049477 -3.319883 189.209573 -177.448506 163.111761 0.558606 31.647729 -13.372360 -0.000000 0.000002 -0.000001 8.488615 0.862109 -16.191923 4.104186 12.676607 -9.707949 11.110658 34.548374 -9.089667 -0.000002 -0.000000 0.000001 33.593821 -1.690935 25.650810 -6.161328 16.768278 -0.594502 -3.872480 -27.317106 20.002665 -0.000003 -0.000001 0.000002 -10.167373 1.666364 -0.913227 -9.399492 -1.857977 4.170029 0.531420 -5.234989 -12.149995 -0.000000 0.000002 0.000000 
-13.188669 101.843826 -4.729356 11.841535 -10.638623 13.919008 -2.233065 -0.806361 -15.672549 -1.607094 2.399448 -6.118686 -1.106524 9.507440 4.451127 8.370237 13.108319 -8.126309 0.000000 0.000005 -0.000000 6.199064 0.949880 -4.021242 189.722807 -178.066419 163.578973 1.013749 34.231501 -14.314796 0.000006 0.000000 0.000003 9.167149 1.283301 -16.722383 4.498895 14.562942 -9.135972 12.311444 35.190596 -8.254416 -0.000000 0.000002 -0.000001 36.657861 0.492694 28.663900 -7.640605 18.614840 -4.383676 -5.131366 -29.445417 19.673247 -0.000001 0.000001 0.000003 -9.521291 1.727789 -1.957826 -10.574242 -2.361714 6.771823 0.001965 -4.319758 -12.860195 0.000001 -0.000001 0.000001 
-14.684069 101.318138 -4.895773 11.813359 -16.371665 16.628656 -2.044951 -1.014567 -18.305759 -1.177507 3.195553 -7.109976 -3.028728 12.349396 5.676745 9.646218 15.353324 -10.165949 0.000002 0.000006 -0.000001 7.711627 0.865282 -4.895307 191.255815 -178.430974 163.903339 2.367407 36.466349 -14.881654 -0.000000 -0.000003 -0.000000 10.856103 1.430079 -18.190004 6.392147 14.748909 -10.861838 15.918866 38.648530 -6.011579 -0.000001 -0.000004 -0.000000 38.681926 3.012506 30.976916 -9.526106 20.434155 -7.920975 -4.886457 -30.505585 20.374359 -0.000002 -0.000002 -0.000000 -9.395552 1.800681 -4.072712 -10.187930 -2.301017 11.134453 -1.099269 -1.318525 -12.507316 -0.000001 0.000000 0.000001 
-16.321854 100.742447 -5.075900 12.731846 -23.164419 19.975093 -2.463746 -1.078003 -21.418864 -0.642981 4.100238 -8.731576 -5.429928 13.973051 7.824939 10.408341 17.448789 -12.467801 0.000000 0.000003 -0.000000 8.217532 0.616685 -5.725924 191.193087 -179.343241 163.829122 3.614931 37.634585 -17.122010 0.000003 -0.000002 0.000001 11.070045 0.767783 -19.800134 6.130005 15.511319 -11.834459 18.334454 42.415044 0.913670 -0.000003 0.000000 0.000001 39.182401 6.189577 32.344839 -11.034975 21.725727 -9.586263 -9.232682 -32.973889 15.433572 -0.000000 -0.000001 0.000002 -9.802460 1.660264 -8.049546 -8.841197 -1.958681 18.587824 -2.279034 1.529323 -10.188503 0.000000 -0.000001 0.000001 
-17.920246 100.175659 -5.243603 12.817095 -28.099173 22.443390 -0.627973 -1.488207 -24.434770 -3.354742 2.323278 -7.096473 -3.968020 14.795146 7.404166 10.695435 19.794918 -15.338231 -0.000003 0.000003 -0.000000 8.986165 1.086882 -5.917660 192.350695 -179.293968 163.944389 5.380601 39.719442 -18.467225 0.000000 -0.000002 0.000001 12.580737 1.202751 -21.021184 7.358883 15.863480 -13.909828 19.707435 42.692657 2.632540 0.000001 0.000003 -0.000003 40.208702 7.383697 33.411158 -11.952693 22.042924 -10.187035 -13.269407 -35.075880 11.236972 -0.000004 0.000001 0.000003 -9.936756 1.767133 -11.666194 -8.522444 -1.829905 25.963736 -1.436205 0.144115 -6.719571 0.000002 0.000000 0.000002 
-19.581059 99.643242 -5.396606 12.994770 -33.492823 24.623225 -0.088619 -1.679311 -25.793238 -2.295857 3.049850 -7.415863 -4.520893 11.237256 7.550233 11.971542 22.328751 -18.783341 0.000001 0.000001 0.000001 9.616514 1.097190 -6.492826 192.808126 -179.551972 163.242819 5.610438 40.475100 -18.408767 -0.000003 0.000003 -0.000000 12.157624 -0.051712 -20.622634 7.186805 17.474668 -14.849709 19.553911 42.624431 3.514075 -0.000003 0.000001 -0.000001 40.297447 9.670938 34.397581 -12.126092 20.503296 -10.645074 -16.136511 -33.056862 5.940403 -0.000001 0.000000 -0.000002 -11.310144 2.209377 -16.884673 -9.588891 -2.773117 36.792364 2.822912 -6.974913 -0.371975 0.000000 0.000005 -0.000000 
-21.298136 99.164162 -5.588530 13.717842 -38.695989 25.871768 -1.822110 -1.414667 -24.184458 -1.039499 3.331178 -6.583680 -3.722106 7.252577 6.372362 13.824902 24.671523 -22.267385 0.000000 -0.000002 -0.000000 10.144422 1.341289 -7.385262 193.407571 -178.152452 162.621777 7.498333 43.291945 -20.657004 -0.000001 -0.000004 0.000001 13.598034 0.625120 -22.749093 7.818452 18.859484 -15.906401 18.405763 38.121909 3.769827 0.000001 0.000001 -0.000002 39.867708 12.595624 35.611411 -11.880158 19.783544 -9.920866 -18.232688 -31.011484 1.651432 -0.000001 -0.000002 -0.000001 -13.032134 3.178894 -23.313171 -10.158914 -3.925110 48.331235 7.872591 -14.980961 3.943091 -0.000001 0.000002 0.000003 
-22.926615 98.733910 -5.798004 13.741839 -42.101832 25.400181 -2.412619 -1.322294 -22.183300 1.373829 4.866137 -7.351860 -4.555060 2.161230 7.083425 15.563305 26.592568 -25.120032 0.000000 0.000001 0.000001 10.537956 1.317545 -8.134185 193.837504 -176.214905 162.941348 9.708947 45.634529 -23.261533 0.000003 0.000002 -0.000001 14.568853 1.304304 -23.757969 8.971433 19.585374 -18.695254 17.850602 34.282700 4.161277 0.000002 0.000001 -0.000002 39.555442 15.622695 37.054599 -11.829655 19.787278 -8.603309 -20.807519 -30.396370 -1.837941 -0.000003 -0.000002 -0.000001 -13.878677 3.898240 -28.501102 -10.607437 -5.015587 57.189813 11.559963 -20.894974 5.886030 0.000000 0.000004 0.000004 
-24.608784 98.291832 -6.037169 14.779650 -46.394029 23.653435 -3.327007 -1.161014 -18.931328 2.797726 5.104194 -6.068473 -4.118201 -2.792145 5.966574 16.585525 28.077058 -26.837365 -0.000001 0.000001 -0.000001 9.676184 2.125776 -8.086538 193.713167 -174.830754 163.203176 9.894655 46.872381 -24.543055 0.000002 -0.000002 0.000003 14.291947 1.403835 -24.105928 9.505899 21.387733 -21.477274 16.042397 31.093866 5.393452 -0.000003 -0.000003 -0.000001 38.905779 20.364124 39.592657 -11.508295 21.159496 -5.602540 -24.171650 -27.817074 -7.487770 -0.000001 0.000001 0.000001 -14.639472 4.803134 -34.899261 -11.043305 -6.111486 64.912410 12.039627 -25.381523 2.230883 0.000001 0.000001 0.000001 
-26.370558 97.877785 -6.331731 16.357130 -51.334602 22.995688 -5.784030 -0.930912 -13.650651 3.802175 4.579150 -4.150801 -3.507782 -6.148098 3.047942 19.652111 28.806149 -28.809871 0.000000 0.000003 -0.000000 8.228802 3.929699 -9.972637 193.165563 -173.248582 159.166917 2.605025 44.336899 -16.702177 0.000001 0.000000 0.000001 11.902239 -1.044284 -24.722548 7.929577 18.227096 -19.724360 16.637492 31.534949 12.368305 -0.000002 -0.000003 -0.000000 37.580640 26.333702 42.049506 -10.857318 23.122683 -1.703653 -24.541843 -23.951923 -10.948071 -0.000000 -0.000001 0.000002 -13.685589 4.494738 -41.883936 -8.322205 -3.020196 57.521756 8.211326 -21.298972 -2.318105 0.000001 0.000005 0.000001 
-28.073431 97.426949 -6.608297 19.397182 -55.351102 23.078567 -9.130056 -0.883692 -9.905407 4.276554 4.178480 -2.759909 -2.252991 -7.850703 1.513608 20.005020 27.810046 -26.343944 -0.000002 0.000006 -0.000001 7.329226 5.899831 -9.580659 194.725251 -172.066590 153.286466 4.850652 34.305824 -14.592870 0.000001 -0.000003 0.000000 10.174552 -3.684986 -24.021883 8.318930 15.409279 -19.634960 18.292049 30.075037 17.176575 0.000003 0.000002 -0.000005 35.554017 32.250589 44.712618 -10.629064 24.707813 1.114516 -24.878909 -21.979496 -12.892871 -0.000000 -0.000001 0.000002 -13.595667 4.396363 -45.001395 -8.535033 -2.539350 49.260888 7.418290 -16.410467 1.700370 0.000001 -0.000005 -0.000001 
-29.885260 96.973549 -6.924687 18.977930 -59.062456 20.849929 -9.698922 -0.989233 -8.041537 4.264437 3.381261 -0.972737 -1.116543 -12.826579 -1.139452 19.530110 26.640065 -25.073046 0.000002 0.000006 0.000003 10.367165 2.089196 -13.135777 194.989046 -163.382906 150.404700 -4.753811 22.741834 4.222971 0.000001 -0.000002 0.000001 9.179866 -5.040889 -20.826483 10.406429 12.343807 -20.067442 20.094133 27.495078 11.962789 -0.000000 0.000001 -0.000006 35.360828 37.328999 47.981847 -9.773486 27.767543 3.217681 -29.802516 -23.881452 -16.143154 0.000001 0.000001 0.000001 -12.819392 3.838936 -46.918823 -9.877051 -4.544547 43.882972 10.897567 -17.712448 6.472438 -0.000001 -0.000003 -0.000001 
-31.649878 96.580994 -7.240125 17.985546 -62.758906 21.099622 -10.437185 -0.899154 -10.849323 5.027782 3.128309 0.429865 -0.208309 -18.149100 -2.085553 19.578570 26.255353 -25.707193 -0.000000 0.000003 0.000002 9.752462 1.326205 -8.805586 194.108621 -163.635828 160.741836 6.194283 31.655734 -10.142453 0.000001 -0.000002 -0.000000 8.783765 -7.643557 -21.948045 10.435564 9.166291 -14.920847 19.999622 27.165080 5.252042 0.000001 -0.000001 -0.000000 36.601112 40.784419 50.239330 -9.759313 31.486697 4.568378 -32.490441 -23.274245 -18.948816 -0.000003 0.000000 0.000001 -13.451159 3.815756 -49.584919 -11.017899 -6.339837 40.085810 12.198696 -16.304176 10.387152 -0.000001 0.000002 0.000001 
-33.284683 96.234863 -7.529757 17.326301 -65.110663 20.181739 -10.774768 -0.785492 -12.221059 5.072686 2.353306 2.177012 0.346461 -20.825482 -3.252170 21.602970 26.794255 -26.924684 -0.000001 0.000005 0.000003 9.297821 -0.189641 -6.319591 192.809793 -162.457743 167.785837 13.463572 33.687770 -18.738158 0.000002 -0.000003 0.000003 8.100166 -8.661039 -21.814466 9.948901 5.435347 -13.185901 17.732728 23.833091 -1.230956 -0.000005 0.000002 -0.000000 37.623011 43.291634 51.977654 -10.340828 34.789053 5.700250 -34.331188 -23.313744 -20.434871 -0.000006 -0.000001 0.000002 -13.776095 3.557093 -49.201158 -11.133849 -6.583071 34.713118 11.467483 -11.350990 16.059730 0.000000 0.000000 0.000000 
-34.939026 95.978409 -7.911730 17.728439 -68.841490 20.480647 -11.626232 -0.685827 -12.338353 4.980593 1.792096 3.431892 1.379325 -24.072476 -3.826607 21.339961 25.265776 -25.337905 -0.000001 0.000005 0.000002 8.817561 0.142805 -5.989375 191.009546 -163.085766 172.679449 15.348434 33.703866 -23.007716 0.000004 0.000001 -0.000001 6.656537 -10.445730 -21.353729 9.199234 0.617115 -13.562010 13.808385 25.593381 -12.924932 -0.000003 0.000000 -0.000003 37.793298 45.862224 54.329141 -12.100022 38.739559 8.780332 -34.133857 -27.912531 -16.909996 -0.000002 -0.000002 -0.000000 -14.470615 3.908314 -46.422347 -14.767880 -7.983935 31.433149 13.070713 -12.636314 17.525096 0.000000 -0.000001 0.000002 
-36.620438 95.823593 -8.434357 23.467075 -75.770389 27.360155 -12.638740 -0.462369 -13.465129 4.622863 1.766420 3.027081 2.745758 -26.313254 -3.370826 21.919909 25.829081 -26.493050 0.000001 0.000001 0.000004 8.481104 0.776181 -7.271933 189.030922 -164.175577 177.637156 16.864102 35.827672 -27.871034 -0.000003 -0.000002 0.000006 4.631820 -13.043842 -20.774654 8.270422 -4.021865 -13.344955 14.146587 23.794972 -3.049349 -0.000002 -0.000002 -0.000003 37.250113 47.913446 56.132943 -12.429681 39.423292 11.429008 -31.942650 -36.021673 -9.202906 -0.000003 -0.000003 -0.000006 -17.360183 5.128712 -42.357452 -17.188610 -8.697917 31.569759 12.621189 -16.267491 11.419124 -0.000001 0.000001 0.000001 
-38.142807 95.717911 -8.971889 38.972305 -81.706063 44.772532 -13.267796 -0.222920 -15.123453 4.220245 1.170427 3.838540 3.352372 -27.913221 -4.127501 21.122761 26.690284 -27.494817 -0.000000 0.000001 0.000003 8.274425 0.826865 -8.568534 187.339030 -166.978304 181.216503 17.615751 36.194617 -30.827208 0.000002 -0.000003 0.000000 3.596854 -13.558463 -19.371666 7.265888 -8.201950 -14.256729 15.468060 24.395510 5.255049 -0.000001 0.000005 -0.000004 36.969096 48.424101 56.801219 -13.280899 40.320116 14.589206 -29.971932 -43.185664 -2.759813 -0.000006 0.000002 -0.000001 -19.964990 6.134318 -39.069024 -17.500584 -8.357884 34.110296 9.478421 -16.233500 4.883231 -0.000003 0.000000 -0.000000 
-39.554031 95.681587 -9.536461 125.353984 -84.269836 132.922940 -12.608290 -0.353101 -14.681720 2.095116 0.899720 1.727561 6.137494 -29.343606 -2.439393 19.293700 27.926716 -29.558733 0.000000 0.000001 -0.000000 8.013953 1.331440 -8.451918 186.666352 -172.241293 182.508720 18.402058 37.719491 -32.396062 -0.000003 0.000003 -0.000000 2.268011 -15.999969 -18.131762 7.133679 -11.908586 -15.057355 16.257240 25.041333 7.635742 -0.000000 0.000003 0.000001 37.510740 44.374612 53.325848 -11.808717 37.327506 16.155913 -24.416017 -41.520368 2.203851 -0.000006 0.000000 0.000001 -24.037184 7.557147 -35.990032 -13.680157 -6.322797 36.660282 8.321767 -19.583764 -1.250962 0.000002 0.000001 0.000000 
-40.911720 95.688560 -10.219889 162.245352 -75.231699 170.905526 -12.959376 -0.308394 -15.589442 1.066008 0.820082 0.708902 7.746637 -26.680625 -0.587273 18.178226 28.724705 -31.606878 -0.000001 0.000005 -0.000000 6.458999 3.053768 -7.663685 185.610500 -172.859015 183.317906 17.854109 37.615279 -33.443171 0.000001 0.000000 -0.000001 1.946263 -15.029701 -16.127371 6.143558 -10.916445 -13.349990 16.109664 16.457341 15.691181 0.000001 0.000001 -0.000002 36.935037 41.078390 51.007276 -12.699395 38.406441 16.065498 -17.724365 -36.407330 6.734430 -0.000005 -0.000001 -0.000000 -26.371903 7.461989 -29.305582 -9.581695 -4.002330 38.107446 4.822047 -20.139376 -10.460957 0.000001 0.000000 -0.000001 
-42.184456 95.721596 -10.993530 168.623136 -66.228342 178.565679 -13.076631 -0.223947 -16.152940 -0.348807 0.628337 -0.714072 9.107757 -23.483512 0.937380 17.128462 28.247545 -31.052813 -0.000003 0.000005 0.000002 4.913733 3.295035 -6.762014 183.801866 -175.134315 183.157834 16.686781 35.793446 -34.254724 0.000001 -0.000002 0.000001 0.778781 -14.883329 -15.325107 4.493416 -11.801386 -11.646691 16.270846 11.424160 22.283257 0.000003 0.000005 -0.000003 36.177094 38.486098 48.896136 -12.796770 38.171947 15.958945 -14.575613 -33.880487 8.748333 -0.000001 0.000000 -0.000000 -27.470331 6.896883 -24.246721 -6.281637 -1.890537 39.171886 2.452545 -18.041393 -14.143513 -0.000000 0.000001 0.000000 
-43.426979 95.816078 -11.912894 171.860291 -56.329260 183.393065 -14.027097 0.027039 -17.361451 0.806420 0.710128 0.498505 7.618222 -20.300120 0.156954 14.981311 26.511878 -28.683031 -0.000001 0.000001 -0.000001 3.022777 4.319955 -5.489547 182.659476 -176.443826 182.469337 15.378004 34.921658 -34.714959 -0.000002 -0.000002 0.000001 -0.177918 -15.274350 -16.172015 3.905436 -13.937062 -8.050315 16.432986 6.504708 27.318974 -0.000003 0.000001 -0.000002 34.724286 36.243951 46.948767 -11.772282 35.340632 10.254832 -15.166498 -31.133618 5.629957 -0.000003 0.000000 0.000001 -25.494234 5.583095 -18.839180 -4.020055 0.034825 36.817728 -1.117491 -12.592954 -19.497588 0.000001 0.000001 -0.000000 
-44.488045 95.927963 -12.764595 173.710343 -46.651821 187.189121 -13.340469 0.136072 -16.947767 0.474269 0.687257 0.032198 6.804113 -18.395530 0.413038 14.567311 25.062904 -25.895457 -0.000001 -0.000002 -0.000000 1.833770 2.831125 -3.808717 181.658839 -175.838480 180.607263 13.782030 31.686139 -34.028235 -0.000002 0.000000 0.000004 -1.196865 -15.910188 -18.397888 2.929387 -14.161524 -4.387526 16.412883 2.634331 31.402222 -0.000000 -0.000002 -0.000003 33.205600 33.909905 44.473011 -10.146523 29.051434 2.627171 -10.776164 -26.467519 8.032977 -0.000000 0.000001 0.000003 -22.404649 4.274847 -15.366852 -1.857515 1.684016 35.216315 -3.152084 -6.760363 -20.629827 0.000001 0.000000 -0.000001 
-45.452599 96.017036 -13.675554 173.337237 -37.992695 189.506863 -13.954500 0.380073 -16.959034 -0.665619 0.503758 -0.866018 7.156595 -16.934071 1.111533 14.251290 23.870592 -24.650371 0.000001 0.000005 0.000002 0.910278 1.787979 -2.264112 181.110020 -170.366392 179.879589 13.618639 33.268916 -35.409248 0.000003 -0.000003 -0.000004 -1.654332 -15.848136 -19.893650 2.226540 -13.351953 -1.858037 16.324736 1.004683 34.039641 -0.000000 0.000001 -0.000001 33.861411 29.953877 41.763957 -10.593249 28.677850 -1.144353 -11.234844 -25.989732 7.223893 -0.000003 -0.000002 -0.000001 -20.482163 3.455577 -12.802314 0.294575 2.675081 31.795760 -4.455075 -1.184643 -19.828259 0.000000 -0.000001 0.000002 
-46.287697 96.218216 -14.666155 173.321542 -28.111365 191.356219 -14.474788 0.347621 -15.867113 -3.807055 -0.814581 -1.357933 9.163402 -17.178838 0.915940 14.474393 23.013779 -22.230852 0.000001 0.000006 0.000001 1.853655 -0.264832 -0.511311 181.647460 -164.726145 180.389312 15.565072 38.033406 -38.972431 -0.000000 -0.000003 0.000000 -1.271524 -16.387770 -19.820628 2.117990 -7.311978 -0.925110 17.193353 -2.110060 35.744887 0.000001 0.000000 0.000001 33.549500 25.914014 38.697082 -11.562725 28.589492 -6.417911 -14.971003 -25.959266 2.529706 0.000002 0.000002 0.000002 -19.449225 2.976210 -10.706348 3.087574 3.826278 30.166931 -5.350430 4.263422 -16.792070 0.000002 -0.000002 -0.000000 
-46.897148 96.591606 -15.669468 172.899518 -16.922507 192.989085 -15.091337 0.373516 -14.721528 -2.695871 -0.508068 -0.616321 6.371165 -18.342524 0.543049 13.995985 21.525930 -19.565519 -0.000001 0.000005 -0.000000 0.660012 -0.635040 1.587193 181.803790 -162.128842 178.467925 16.505149 38.837897 -41.477386 -0.000005 0.000005 -0.000000 -1.218938 -15.656049 -19.515543 1.164545 -3.103903 0.046652 17.354037 -5.542497 38.177083 0.000002 0.000000 -0.000000 32.668897 25.484836 38.354907 -12.328798 27.029031 -13.717520 -11.307814 -23.088707 5.300117 -0.000001 0.000000 0.000003 -17.257325 2.752701 -9.526087 4.823273 4.972866 29.541582 -6.433723 7.621213 -13.018104 0.000000 0.000005 0.000002 
-47.366379 97.017380 -16.702908 172.287287 -7.089909 194.341258 -15.643966 0.338321 -14.011480 -2.805713 -1.081486 0.319203 5.538164 -18.801192 -0.120189 13.752922 19.874423 -16.851214 -0.000000 0.000003 0.000002 -0.653849 0.294923 4.413191 182.439079 -161.173244 175.893354 18.054241 37.538047 -42.620961 0.000001 0.000000 0.000001 -1.128579 -15.358963 -18.673988 1.105330 -0.783045 0.918158 17.862703 -7.320512 38.879383 0.000002 -0.000007 -0.000000 32.829868 26.362732 38.915177 -12.603539 26.024552 -17.888416 -10.534491 -21.267805 5.141840 0.000001 0.000001 0.000001 -14.684533 2.291263 -10.240988 6.414188 5.424079 31.142442 -6.433980 9.036888 -8.075555 0.000001 0.000001 -0.000001 
-47.513649 97.564713 -17.663948 171.030956 3.688867 195.373900 -14.692273 -0.148588 -12.458291 -4.299097 -2.319301 1.406846 5.354499 -18.717672 -0.931485 14.081091 19.504230 -15.151622 -0.000000 0.000001 0.000001 0.351665 0.436292 7.614618 186.242907 -160.811640 175.089304 20.689987 38.280717 -39.924467 0.000001 -0.000002 0.000001 0.926080 -15.578601 -16.733803 3.992148 2.757981 1.448784 20.569506 -9.367954 36.781518 -0.000000 -0.000000 0.000001 34.103640 29.500601 41.299637 -12.268505 27.225344 -20.155011 -12.938645 -21.728795 2.735745 -0.000001 0.000000 0.000003 -13.446073 2.316385 -13.891945 8.287798 6.159229 37.148169 -4.575347 7.291739 -0.821585 0.000000 0.000000 0.000004 
-47.331032 98.173439 -18.551876 170.178234 14.131161 197.184378 -14.641313 -0.489833 -12.210324 -3.623886 -2.171860 2.383564 4.550282 -21.568409 -0.317461 14.896675 21.185355 -17.015948 -0.000001 0.000005 -0.000000 3.965351 -2.578695 7.795637 188.962415 -152.445656 173.894308 17.550338 34.707640 -30.422247 -0.000001 0.000000 -0.000000 3.282670 -14.521489 -14.710614 7.433424 3.929010 0.938947 21.303410 -8.780308 32.552159 -0.000000 0.000001 0.000002 36.508591 31.835826 44.101128 -11.904712 27.026869 -22.803375 -15.248542 -22.112181 0.762719 0.000002 -0.000001 0.000004 -14.305016 3.127666 -21.085897 12.334878 8.554144 44.741308 -2.336689 5.136789 2.153899 0.000001 0.000000 -0.000001 
-46.992455 98.717346 -19.357292 169.749844 21.490104 198.526606 -14.680846 -0.647656 -12.194443 -3.722241 -2.461379 3.110922 4.717483 -23.501530 -0.005295 15.020165 21.503730 -16.541936 0.000000 0.000003 0.000003 5.114623 -1.504007 7.674205 191.530963 -151.933296 171.125923 14.129456 30.164199 -21.424995 0.000003 0.000000 0.000002 3.924140 -15.659448 -13.571412 10.807847 0.849504 2.643701 19.607223 -4.162434 25.684583 -0.000003 -0.000002 0.000002 38.731629 32.651641 45.703705 -11.979653 27.687463 -22.670853 -17.153151 -22.336242 -1.282657 -0.000002 0.000001 0.000003 -15.231344 3.972050 -26.193010 12.330607 9.383134 51.534638 0.239838 0.331186 1.632332 -0.000001 0.000000 0.000002 
-46.468201 99.229179 -20.203205 169.485270 29.929325 200.775856 -14.420109 -0.744049 -12.465607 -1.764999 -2.011540 4.911944 3.006082 -23.056045 -1.184943 14.917017 22.256417 -16.621863 -0.000001 0.000005 -0.000000 5.786728 2.196185 3.314025 193.896981 -154.349844 163.927750 3.045269 28.079451 -4.887665 -0.000000 -0.000003 0.000003 3.511491 -16.997790 -9.377577 13.244181 2.003759 8.119707 12.792383 -4.793221 10.773953 -0.000000 0.000001 -0.000002 40.793660 34.222738 48.110712 -11.291145 26.499655 -23.993015 -18.981268 -20.496329 -4.375545 -0.000001 -0.000001 0.000002 -17.882692 5.630103 -31.419461 10.630483 8.087154 56.556104 2.696820 -4.973084 -0.087652 -0.000001 -0.000001 0.000004 
-45.736389 99.684410 -21.015831 168.697449 38.341089 203.790210 -13.618520 -0.455783 -12.957374 -2.597610 -3.744474 6.730030 3.899882 -24.914414 -2.143259 17.219947 23.383899 -20.036976 0.000002 0.000005 -0.000000 4.509369 0.001595 2.807089 191.419603 -153.119413 171.642107 2.860428 34.042803 -10.511563 -0.000003 0.000000 -0.000003 2.546289 -14.916133 -9.200971 12.284730 -3.097114 9.166806 11.214695 1.969508 7.420127 0.000001 -0.000003 -0.000002 42.916008 37.014680 50.553416 -12.319316 26.510589 -27.361297 -20.189822 -24.401174 -3.220986 -0.000000 0.000001 0.000003 -21.489922 7.531025 -35.834693 7.601193 6.367627 57.452785 3.948521 -7.962413 0.295005 0.000002 -0.000001 0.000005 
-44.947800 100.104187 -21.815783 167.068258 44.820026 206.772161 -13.768889 -0.427096 -13.508221 -2.714813 -5.308457 9.254895 4.152125 -26.475541 -4.398733 17.972335 23.946406 -22.398188 0.000001 0.000001 0.000002 5.464392 -0.881887 2.659342 191.603636 -152.352519 179.423564 5.069531 39.026127 -14.646845 0.000000 0.000002 0.000002 2.131863 -16.310126 -6.879548 13.527807 -4.180355 12.316922 10.990739 0.560925 5.642566 0.000002 0.000005 -0.000004 43.483054 38.981081 51.953455 -12.917151 26.677947 -26.945993 -18.581738 -22.187666 -3.304355 -0.000002 -0.000001 -0.000000 -24.715989 9.333447 -38.159277 6.569500 5.151946 54.554053 4.633242 -8.472806 0.706524 0.000002 0.000002 -0.000002 
-43.914291 100.447197 -22.696394 162.609128 53.194176 211.117582 -13.668667 -0.506142 -12.514524 -3.160270 -5.821262 9.455187 5.000292 -30.460987 -4.725101 19.032517 25.944504 -26.199883 0.000002 0.000005 -0.000000 4.521296 -0.608164 2.649564 190.310476 -153.582227 184.846639 6.931486 36.409566 -17.743047 0.000003 -0.000003 0.000000 0.648799 -18.049639 -5.203636 14.993643 -9.329330 17.858281 12.158511 11.937859 3.303288 -0.000001 -0.000001 -0.000001 44.957476 42.060435 54.061729 -13.096234 24.675597 -27.132889 -14.922869 -16.133187 -4.169383 -0.000003 0.000000 0.000003 -29.142313 10.949754 -37.461211 6.193643 4.290584 47.230557 3.913721 -6.336751 3.236629 -0.000000 0.000003 -0.000001 
-42.623260 100.781296 -23.594662 155.537491 61.379905 217.262539 -13.360170 -0.622022 -9.562185 -2.705482 -5.648572 9.586664 4.324369 -32.373546 -5.342273 19.932389 27.466241 -29.017649 -0.000000 0.000001 0.000001 4.564634 -2.632690 2.404015 188.561388 -154.414704 187.343469 7.519745 33.078364 -19.473117 0.000001 -0.000001 0.000001 0.167362 -16.910483 -4.272304 15.126632 -14.114030 18.041164 13.760365 17.345624 7.127108 -0.000000 0.000003 -0.000003 46.487401 45.306622 56.557887 -13.406394 22.399158 -27.060001 -11.695490 -10.916369 -5.003127 0.000001 -0.000001 0.000002 -32.829871 11.763392 -34.468977 5.371118 3.566928 38.215632 3.436740 -4.352553 6.682787 0.000003 -0.000002 -0.000003 
-41.267700 101.094894 -24.479399 149.715520 66.157923 223.270046 -13.564050 -0.678933 -8.715318 -2.762553 -5.699132 9.508665 4.344163 -34.886865 -5.761638 20.620734 28.303749 -30.385169 0.000001 0.000005 -0.000000 5.463237 -4.484332 2.742263 188.294696 -154.376113 188.892583 8.644343 33.557829 -21.386673 0.000004 -0.000004 0.000002 0.316891 -16.531915 -4.067113 14.477178 -13.964352 16.761778 14.989168 15.923229 11.850902 0.000002 0.000001 -0.000001 48.475130 46.121098 57.380098 -13.593622 22.132422 -26.350530 -9.952968 -8.378785 -5.427919 -0.000001 -0.000001 -0.000000 -33.704477 12.158537 -34.755414 3.252380 2.427239 31.876660 4.813525 -5.925697 9.161830 0.000001 0.000003 0.000001 
-39.604309 101.374901 -25.291399 139.545300 70.770363 232.749843 -14.542745 -0.714823 -8.617145 -3.048264 -4.584608 7.117499 6.345525 -39.815464 -3.779437 21.933605 28.395260 -30.488182 -0.000000 0.000001 -0.000002 6.922294 -7.776005 3.825568 187.691659 -155.910447 187.640787 10.252835 36.767704 -25.208650 -0.000001 -0.000003 0.000000 0.003993 -16.745025 -3.408241 16.499490 -17.861962 21.460065 16.150057 16.068362 17.215458 0.000005 0.000002 -0.000001 49.377592 49.332906 59.825572 -13.952862 20.915829 -26.356505 -8.034015 -7.325363 -4.075659 -0.000002 0.000000 0.000003 -34.561536 11.859800 -32.035052 1.903900 1.704847 23.704586 7.113225 -9.097359 10.862885 0.000002 0.000000 -0.000002 
-37.665985 101.687737 -26.010233 123.287346 74.483486 248.569353 -14.977662 -0.907919 -6.275034 -4.041161 -4.864892 6.358223 7.021048 -42.142738 -4.490407 23.051854 29.418564 -32.617794 0.000002 0.000005 0.000002 7.075265 -7.196289 2.381246 187.622933 -153.196034 185.258773 10.335069 38.255343 -26.318717 -0.000004 0.000000 0.000002 -0.515227 -17.771783 -2.969872 19.533745 -23.150151 26.503205 17.791219 10.723824 24.699926 0.000002 0.000002 -0.000004 49.385580 51.054551 61.277220 -13.404221 19.284657 -23.334791 -5.772329 -9.253833 1.144510 -0.000002 0.000000 0.000001 -35.065402 11.129538 -28.035420 1.194255 1.830823 20.602665 7.465311 -10.928613 9.082907 -0.000000 -0.000001 0.000001 
-35.700035 101.996948 -26.678486 105.750842 76.240402 266.207962 -15.113199 -0.983622 -5.773036 -4.227753 -4.775359 5.918348 7.595196 -42.369006 -4.144709 23.290146 29.225696 -32.000307 0.000000 -0.000002 -0.000000 7.565354 -6.581837 0.692416 187.692929 -151.893995 183.395838 10.350441 38.869398 -26.242799 -0.000000 -0.000002 0.000003 -0.633716 -18.096228 -1.780775 21.242723 -25.827664 29.009787 19.758009 6.219696 30.485276 0.000006 -0.000003 0.000002 48.493308 51.258066 61.324321 -12.136884 16.549746 -19.807328 -4.267266 -11.954487 6.198553 -0.000000 -0.000003 0.000002 -34.688960 10.322460 -25.464615 0.660517 1.609576 19.683560 6.717963 -11.010610 6.277731 -0.000002 0.000001 0.000000 
-33.519066 102.284027 -27.288368 81.138133 76.242847 290.527752 -14.453329 -1.172634 -4.654056 -5.111828 -4.192215 4.143302 9.366000 -40.127098 -2.211331 23.090237 28.099443 -29.234251 -0.000002 0.000001 0.000004 9.835574 -9.866163 0.654613 188.715012 -150.539227 180.333837 9.158155 39.496501 -23.519131 0.000002 -0.000005 0.000002 -0.683525 -19.420724 0.093289 21.631213 -24.302266 29.003797 22.162582 2.167657 35.352096 0.000003 -0.000005 -0.000001 46.120296 49.069220 59.730141 -9.195152 13.587065 -12.073353 -3.328268 -16.399363 12.259280 -0.000005 0.000003 -0.000001 -33.662037 9.548775 -23.414793 0.083897 0.729761 20.577147 5.525956 -10.397846 1.658394 0.000000 0.000000 0.000000 
-31.168150 102.533974 -27.807581 65.124816 74.002436 308.409597 -13.874448 -1.211753 -5.005813 -5.687427 -5.455095 6.076842 8.277631 -39.193558 -4.417505 21.058686 27.875529 -28.640322 -0.000000 0.000003 -0.000000 12.074987 -12.995861 0.125348 190.260848 -145.605276 179.209069 6.647034 36.432454 -16.887340 -0.000000 0.000000 0.000002 -0.066232 -19.148505 2.413406 21.620163 -21.206079 28.881540 24.652477 1.871518 37.449128 -0.000000 -0.000004 -0.000002 42.823316 44.987396 56.409023 -5.612120 11.568289 -4.262092 -2.816751 -15.346182 13.247388 -0.000005 0.000001 0.000001 -32.823690 9.632715 -24.312024 0.205079 -0.205809 21.790457 4.109915 -7.991503 -1.187098 0.000002 0.000001 -0.000000 
-28.883471 102.756798 -28.287842 56.842200 71.462254 318.300804 -13.336922 -1.252208 -4.878658 -5.795156 -6.215167 7.270393 7.221024 -38.695556 -5.819716 19.098631 27.367516 -28.619626 -0.000000 0.000001 0.000001 13.634417 -14.999223 -0.556478 190.552606 -143.091521 175.945618 3.970718 31.411087 -9.972763 0.000002 0.000000 0.000001 0.408328 -18.634744 3.801832 21.832877 -19.760311 29.558098 26.431961 3.681866 38.040793 0.000002 0.000002 -0.000001 39.875051 42.432499 53.695262 -3.369198 11.558234 1.154170 -2.936960 -14.977273 13.050057 -0.000003 -0.000001 -0.000001 -32.445075 9.487589 -24.784197 0.582105 -0.860078 22.283610 3.345941 -5.276724 -1.801133 0.000002 0.000001 0.000002 
-26.499603 102.886864 -28.658628 48.470796 68.315969 327.984837 -11.445049 -1.319478 -3.650220 -6.629190 -6.261761 6.503625 7.751396 -37.985298 -5.377665 16.176967 27.226985 -29.332852 0.000003 0.000005 0.000002 14.484343 -14.870565 -3.414816 190.227503 -138.825917 169.141575 2.563007 24.616406 -4.071362 -0.000002 -0.000003 0.000000 0.796592 -18.291784 4.996622 22.824443 -18.756449 32.050755 27.025443 8.260896 37.804797 0.000002 0.000002 -0.000001 36.419368 40.187416 51.231613 -2.285647 14.974879 7.397809 -4.238952 -15.893592 11.852850 -0.000003 0.000000 0.000003 -31.796166 9.255085 -24.290234 1.871782 -0.367415 24.498500 2.010627 -3.506162 -4.966622 -0.000000 0.000001 0.000000 
-24.042902 102.951286 -28.955297 42.977220 65.730845 334.637988 -10.118221 -1.365545 -3.526371 -6.649668 -6.399916 6.695050 7.615783 -37.552571 -5.615282 14.129512 26.191902 -27.939975 0.000001 0.000005 0.000002 15.679941 -15.599548 -6.653963 189.276823 -136.043462 160.238123 3.839768 17.424736 -1.459599 0.000001 0.000001 0.000002 0.815438 -18.692020 6.391824 24.377997 -18.677000 34.394630 27.146389 14.187794 37.980151 0.000006 0.000001 -0.000005 32.697294 37.486769 48.133166 -2.941103 16.529789 6.201747 -3.400265 -9.357252 7.123934 -0.000003 0.000003 0.000001 -29.653816 8.792590 -24.341143 2.145729 -0.080631 26.726926 0.753038 -2.227490 -8.754772 -0.000000 0.000001 0.000001 
-21.701433 103.013321 -29.267090 37.796006 63.722933 339.573564 -7.813748 -1.429721 -2.026444 -7.372479 -6.261488 5.624240 7.466218 -37.520346 -5.433379 13.441283 25.629549 -27.723845 -0.000002 0.000001 -0.000001 17.075070 -17.846635 -5.043145 190.011368 -129.718516 160.441471 6.351453 20.672375 -3.545520 0.000002 -0.000002 0.000001 2.118154 -16.576241 6.427588 26.452749 -17.482308 37.650865 28.086440 18.280496 35.465942 0.000002 -0.000001 -0.000002 29.733845 38.027758 47.647277 -4.319264 16.710526 1.263433 -2.578052 -5.915899 4.886396 0.000003 0.000001 0.000003 -27.135758 7.994391 -23.302999 1.704716 -0.415100 26.509749 0.081320 -0.253826 -10.424969 0.000000 0.000001 0.000001 
-19.342426 103.057899 -29.673685 36.705464 61.460583 342.850061 -8.439859 -1.338275 -5.134829 -6.600094 -6.181568 6.414928 8.090181 -36.632173 -4.326342 12.419830 25.207944 -27.452668 0.000000 0.000001 0.000001 17.489586 -16.636328 -5.789127 191.622979 -127.856715 157.478330 14.694667 15.286983 -7.325562 0.000003 -0.000002 0.000001 2.743885 -17.529662 6.634568 28.353000 -15.708113 38.940022 30.117729 24.442501 31.259003 -0.000000 -0.000001 -0.000002 25.616817 39.338925 47.437925 -5.953898 16.036466 -7.730507 -0.411923 -4.459381 7.591138 0.000003 0.000001 0.000001 -24.908484 7.340353 -23.405576 0.305001 -1.952169 23.455180 -0.001450 1.785274 -9.625617 0.000001 -0.000001 0.000001 
-16.921633 103.064682 -30.001118 34.365735 58.951977 345.487169 -7.025601 -1.382331 -3.726485 -7.209190 -5.895021 5.151368 8.091638 -35.522707 -3.993565 11.944495 24.555618 -26.012101 0.000001 0.000003 0.000003 18.314290 -17.731910 -4.550356 193.141016 -130.107276 157.158760 21.395810 6.626385 -8.633692 -0.000003 -0.000002 0.000002 2.358382 -19.671312 6.676372 30.128822 -17.443400 38.871464 31.423778 33.519973 30.023357 0.000003 -0.000000 -0.000000 22.147995 41.463121 48.052860 -8.553655 17.151891 -15.949135 1.729318 -7.143814 13.996701 -0.000001 -0.000001 0.000002 -23.169912 6.475329 -22.513598 1.061107 -1.852979 22.843038 -0.668021 3.767432 -10.791013 0.000001 -0.000001 0.000000 
-14.610388 103.093239 -30.306213 33.568676 56.717416 347.756568 -7.730729 -1.335169 -5.436189 -6.326738 -5.931570 6.116780 7.458420 -35.813820 -4.415141 12.883694 25.064187 -26.304425 -0.000000 0.000005 0.000002 18.094378 -16.378312 -4.471512 194.685950 -132.741872 158.523513 26.999618 -1.717843 -8.753675 0.000000 0.000002 -0.000001 2.799489 -19.473752 6.357027 31.285477 -18.460768 38.616076 32.929209 41.562565 28.309194 -0.000000 -0.000003 -0.000000 19.518015 42.396022 48.047485 -10.492858 18.585911 -22.641413 2.586599 -10.813172 18.803528 -0.000001 -0.000004 -0.000001 -22.591766 6.284582 -23.138646 2.056747 -1.457644 22.347675 -1.473610 5.966944 -10.971212 -0.000001 0.000000 0.000001 
-12.233131 103.201263 -30.551420 30.431710 54.610183 350.411080 -7.670206 -1.357396 -6.018081 -5.339946 -5.378312 6.366015 7.278854 -34.451276 -4.274039 14.402151 25.247796 -24.978313 -0.000001 0.000005 0.000002 17.990804 -14.455076 -4.123618 196.589578 -137.575228 160.104128 32.647758 -11.788915 -6.332177 0.000001 -0.000004 -0.000001 3.453201 -19.845330 5.331452 33.062832 -20.561000 38.176868 34.998053 51.806179 26.318315 -0.000002 -0.000001 -0.000000 18.367823 45.557976 51.378312 -12.690437 20.638438 -29.079486 1.703535 -17.029525 22.224452 -0.000001 -0.000003 0.000002 -19.551398 5.171188 -20.945113 1.815392 -1.074699 19.572790 -2.546661 8.843459 -8.711668 -0.000000 0.000003 0.000001 
-9.742701 103.494759 -30.795212 28.528763 53.825555 351.641443 -8.048053 -1.429810 -5.851835 -6.101067 -4.905076 4.915144 9.671467 -33.633511 -2.516953 16.343898 25.356971 -23.649807 -0.000000 0.000006 -0.000003 17.420123 -11.042497 -4.513068 198.336044 -144.627002 160.355616 38.581276 -22.631994 -0.263262 0.000003 0.000000 -0.000000 4.302119 -19.896623 3.923764 34.187115 -21.583275 36.782659 38.938454 61.851516 20.142079 0.000002 0.000002 -0.000004 18.253930 47.630591 53.976174 -14.279527 22.201699 -33.231893 0.579766 -23.335393 24.705773 -0.000002 0.000000 0.000001 -16.784671 4.404999 -20.695770 0.401068 -1.098320 18.148923 -2.387648 7.814150 -7.596553 0.000000 -0.000002 0.000001 
-7.341506 103.871254 -30.997200 27.518470 52.844012 352.511227 -8.423417 -1.526856 -5.631118 -5.512193 -4.572921 5.087826 9.414427 -33.238508 -2.840173 17.675406 25.519207 -22.819199 -0.000001 0.000006 0.000001 17.141135 -8.587695 -4.184120 199.836855 -149.896834 160.946018 44.420064 -30.760016 7.087288 -0.000003 -0.000002 -0.000000 5.036607 -19.733096 2.472892 34.361852 -21.080093 35.266739 45.098844 69.304693 12.674460 -0.000002 0.000001 -0.000001 18.387131 49.157251 56.182660 -15.294450 22.495071 -35.440007 0.594070 -27.230663 27.170064 -0.000000 0.000001 0.000003 -14.866050 3.885146 -19.950653 -0.452418 -1.222445 16.162879 -2.295203 7.902405 -5.776435 -0.000001 0.000001 0.000000 
-4.806821 104.465858 -31.131876 27.613517 52.561362 353.502997 -10.532083 -1.499902 -7.121848 -3.601781 -4.139598 6.791411 8.522342 -32.107227 -3.988179 19.171748 25.095121 -21.127590 -0.000001 0.000001 -0.000001 17.558547 -6.362622 -3.412509 202.405116 -154.930301 162.789513 48.118119 -34.840231 19.030912 -0.000002 -0.000002 0.000001 5.990662 -21.419625 1.391616 35.421501 -19.968832 33.534730 61.194274 74.174645 -8.452237 -0.000003 0.000000 -0.000003 20.458290 48.319787 55.499952 -15.497365 20.493778 -33.638497 -0.917206 -31.013082 27.190910 -0.000001 -0.000001 -0.000000 -13.446832 3.683158 -21.152372 -0.061639 -1.023410 15.087572 -1.551430 7.027817 -4.542571 -0.000001 0.000002 0.000001 
-2.094925 105.223831 -31.213299 24.344270 51.393369 355.317287 -9.494199 -1.623968 -5.001415 -5.248192 -3.667427 4.538314 11.223459 -31.707808 -2.170957 21.119360 25.856695 -21.018294 -0.000000 0.000003 0.000003 17.104319 -3.828965 -3.315547 203.984938 -160.105412 163.999522 53.444089 -38.981635 29.071365 -0.000002 0.000000 0.000001 6.744901 -21.568151 -0.254776 35.702502 -19.908019 30.936669 85.081126 77.747709 -35.634063 0.000001 -0.000004 -0.000000 23.697095 45.986711 54.114370 -14.612324 17.329394 -29.227595 -2.265731 -32.076583 25.938847 -0.000001 0.000001 0.000001 -10.983151 3.399642 -22.113219 1.253010 -0.019783 17.903707 -0.486748 4.401373 -2.491403 0.000000 0.000003 0.000001 
0.542718 105.969955 -31.266998 25.352902 51.737641 355.396845 -11.189195 -1.568353 -5.307378 -4.107892 -3.572266 5.696460 10.684299 -32.103416 -2.958726 21.345108 25.914983 -20.591566 -0.000001 0.000003 0.000002 16.293199 -2.374158 -3.842263 204.102909 -165.147390 163.972269 64.053678 -44.535825 33.798201 -0.000001 0.000003 -0.000000 6.275237 -22.249292 -1.262598 35.453043 -21.907060 28.786041 117.940360 79.748483 -67.497917 -0.000001 0.000000 -0.000003 26.400334 42.919703 51.542636 -13.918048 15.776361 -26.773621 -3.589468 -30.762834 23.125900 -0.000002 -0.000003 0.000003 -11.052731 3.516694 -25.221515 1.676137 0.510605 21.797736 1.243119 0.162648 -1.395531 0.000000 -0.000001 0.000001 
3.310639 106.711014 -31.279102 23.968780 50.059454 356.012190 -9.327245 -1.606582 -2.650026 -5.583538 -3.488057 4.022353 11.189399 -30.751745 -2.309510 21.162631 25.730294 -19.878654 0.000000 0.000005 0.000003 15.824932 -2.174576 -3.752092 204.778811 -170.218751 162.663796 72.022897 -47.573637 40.286197 -0.000001 -0.000003 0.000001 6.086356 -22.564729 -2.322244 35.259250 -23.537856 25.742233 141.439544 76.797049 -94.195624 0.000004 -0.000002 -0.000003 30.426638 41.620530 51.083080 -14.106425 15.701416 -28.288101 -3.947170 -26.555598 19.826272 -0.000002 0.000000 0.000003 -11.808128 3.808855 -27.398467 1.032535 0.481628 26.151888 2.791488 -3.827106 -1.915962 0.000000 -0.000002 0.000001 
6.135234 107.244934 -31.270084 23.630767 48.237139 356.445006 -10.538971 -1.446252 -4.366947 -5.450820 -3.591209 4.269301 11.955585 -29.481712 -1.348010 21.854085 25.768101 -20.505961 0.000001 0.000005 0.000002 14.757698 -0.103959 -4.590010 204.508062 -173.284317 163.435867 79.525170 -50.411738 39.636722 -0.000002 -0.000003 0.000001 5.366021 -23.738186 -3.986396 34.423996 -25.188090 22.051874 158.568333 73.787101 -110.831116 -0.000003 -0.000000 -0.000003 34.085984 40.686686 50.921663 -14.266278 16.808298 -29.631932 -6.302425 -23.760264 14.390901 -0.000000 0.000000 0.000001 -14.998892 5.003601 -30.252755 -0.010757 0.009624 30.533097 3.331648 -3.685060 -0.018657 0.000000 0.000003 0.000001 
8.785521 107.608978 -31.250839 23.168003 47.920826 356.334767 -11.456937 -1.365027 -5.745747 -5.482272 -3.681770 4.361782 12.340512 -29.452018 -0.835656 23.283990 26.288374 -20.815575 -0.000001 0.000001 -0.000002 14.024573 1.142941 -4.708388 204.330437 -175.133905 163.340969 83.280244 -52.127560 37.258265 0.000001 -0.000002 0.000001 5.264351 -23.517023 -5.932518 34.868471 -27.462306 22.078247 165.416677 71.100855 -118.349447 -0.000002 0.000000 -0.000003 36.428841 39.961736 50.821648 -13.945667 17.541186 -28.514913 -8.554298 -22.530649 10.189313 -0.000003 0.000000 -0.000002 -17.308459 5.924829 -31.455746 -1.891855 -0.832805 32.994246 3.787952 -3.522927 2.927381 0.000001 0.000005 -0.000003 
11.444765 107.804230 -31.231735 20.971271 47.874968 356.987050 -10.436621 -1.408545 -6.026515 -6.800177 -3.881680 3.441327 13.991583 -29.953515 -0.142442 24.022533 27.023025 -21.602148 0.000000 0.000005 -0.000003 14.695591 1.901481 -5.556196 205.211968 -176.639757 163.021630 83.386453 -51.767626 33.871417 -0.000001 0.000003 0.000001 5.396833 -24.827674 -6.364516 36.680855 -28.617364 23.203478 161.369230 68.501941 -118.816086 0.000002 0.000002 -0.000000 39.100518 41.422123 52.564750 -13.473528 16.730598 -26.761368 -11.220827 -23.416735 7.505396 -0.000003 -0.000004 -0.000000 -19.236729 6.388277 -29.102435 -4.119260 -2.166067 30.855786 2.246043 1.489313 6.385539 0.000001 -0.000001 0.000002 
14.139762 107.928009 -31.276424 20.860409 48.964410 357.737851 -9.364673 -1.437244 -6.438772 -7.797416 -3.940166 2.460654 15.441137 -31.308003 0.695701 23.320889 27.211842 -22.895014 0.000003 0.000003 -0.000000 15.676261 1.690206 -7.145994 205.715722 -176.407066 161.139367 77.418050 -48.891573 33.834879 -0.000001 0.000000 0.000001 5.252915 -25.964317 -5.339207 38.430493 -29.395054 25.829837 154.333384 66.331491 -118.222078 -0.000003 0.000002 -0.000004 39.992117 39.878056 51.425543 -11.076104 16.304893 -19.811517 -10.544181 -22.892755 8.626800 -0.000000 -0.000005 -0.000003 -22.085702 7.028251 -27.234872 -4.473416 -3.200241 29.484653 1.282066 5.499428 9.956084 0.000000 0.000001 0.000001 
16.690956 107.901047 -31.339283 21.440927 50.051616 358.008627 -10.366314 -1.415394 -8.370586 -5.980310 -3.786045 4.277135 13.869538 -32.543908 -0.627674 22.895730 27.218895 -22.206181 0.000001 0.000006 0.000001 16.715887 1.228472 -8.244247 206.913928 -175.488078 159.514055 71.637729 -45.733208 34.086616 -0.000000 -0.000003 -0.000002 5.301833 -27.139323 -4.804451 40.497496 -29.357034 28.606550 149.016641 64.549925 -117.748172 -0.000002 0.000003 -0.000002 41.081887 39.751462 51.720293 -10.849662 13.696144 -21.723867 -9.716537 -19.917798 7.644031 -0.000004 -0.000001 -0.000000 -24.716966 7.972376 -27.442291 -7.340333 -4.847518 29.727394 1.974607 5.384527 13.408215 0.000006 0.000003 0.000001 
19.291201 107.563019 -31.407640 20.835868 53.297677 357.947948 -10.589495 -1.525515 -8.426498 -5.817036 -3.853629 4.443861 13.285141 -34.785740 -1.840369 23.908865 27.225978 -21.959208 0.000002 0.000001 0.000001 17.678729 -1.315068 -8.678628 207.254277 -171.427530 156.212095 59.400407 -39.930269 32.756436 0.000000 0.000000 0.000002 4.851095 -28.160265 -6.131485 42.228635 -27.981243 34.827483 144.769534 62.436023 -119.782721 -0.000002 0.000002 -0.000000 42.797200 40.914486 52.887432 -9.732934 10.383572 -21.338744 -9.370219 -17.211792 5.944824 -0.000000 0.000001 0.000001 -26.505973 8.392627 -26.979520 -12.217392 -6.733727 23.162751 4.316794 1.101903 11.830415 0.000002 -0.000001 0.000000 
21.844748 106.929916 -31.430016 21.147920 56.620697 356.958308 -9.716812 -1.594993 -6.682966 -4.995876 -3.938333 5.459775 10.851014 -37.097735 -4.467810 21.779564 26.427091 -21.251261 -0.000000 0.000006 0.000001 18.535725 -5.260182 -8.313997 205.446271 -163.091489 155.232455 43.284463 -30.562129 26.949097 0.000000 -0.000002 -0.000000 3.661513 -29.485892 -6.513596 39.561511 -22.379395 38.425251 138.410327 62.166907 -119.610642 0.000003 0.000002 -0.000001 42.825559 41.343115 53.228101 -7.867035 7.322356 -16.551620 -8.316051 -14.077215 4.800085 -0.000003 0.000003 -0.000003 -29.439707 9.385202 -27.297759 -14.702961 -7.121387 19.645950 9.601801 -8.075851 11.726426 0.000001 0.000001 -0.000001 
24.253124 106.155197 -31.440985 21.227367 57.355052 357.651682 -9.508340 -1.519523 -7.215414 -3.365632 -3.598674 6.513440 8.668654 -37.989727 -5.969697 20.299920 26.305449 -21.661743 -0.000002 0.000003 -0.000002 18.291682 -6.806257 -10.320473 202.602453 -156.626947 154.979082 31.294421 -20.969965 20.276943 0.000002 0.000002 0.000002 4.060229 -25.557972 -6.786065 34.472532 -16.549791 40.047120 127.497447 64.625549 -113.350363 -0.000003 -0.000003 0.000001 42.609910 40.707876 52.993833 -6.130035 4.144000 -12.921599 -6.125740 -10.733121 4.652726 -0.000000 0.000003 -0.000000 -32.202911 10.202412 -26.677578 -13.811884 -6.225491 19.196262 12.820980 -16.085123 9.381478 0.000002 0.000000 0.000003 
26.614500 105.109711 -31.419258 20.142438 58.152558 359.047363 -7.448793 -1.515879 -6.388007 -2.966262 -3.646647 7.036186 6.869095 -39.163639 -7.867064 17.944393 26.280642 -22.333308 0.000001 0.000005 0.000003 19.893431 -11.659141 -13.094432 200.541881 -152.178896 159.156563 20.988934 -6.892661 12.716672 0.000001 -0.000002 -0.000000 4.899398 -21.362766 -5.002862 27.519681 -8.206258 36.535768 105.374144 68.245119 -94.205364 -0.000004 0.000001 -0.000002 42.036290 39.139419 52.446052 -3.648417 1.398252 -7.471862 -4.469107 -8.982305 5.083989 -0.000002 -0.000002 -0.000000 -33.602833 11.051926 -27.067118 -12.504418 -5.051704 19.762247 14.529255 -23.840955 5.033128 0.000001 0.000002 -0.000002 
28.970331 103.845558 -31.420254 20.747615 56.721931 360.271824 -5.390841 -1.578280 -3.851472 -3.236004 -2.639740 4.753126 7.774103 -39.659077 -6.940488 14.231206 25.998417 -23.346140 -0.000001 0.000001 0.000003 20.884562 -14.832821 -12.854620 199.891182 -150.472428 163.887684 14.084578 7.303024 7.950635 -0.000003 0.000000 -0.000000 6.286941 -17.948402 -7.236515 21.679673 0.727909 33.550903 82.011154 69.088511 -69.132286 0.000003 -0.000003 -0.000004 39.068061 36.323110 49.777514 0.194015 -3.886255 -1.410069 -1.986994 -7.335844 7.273602 -0.000000 0.000002 -0.000001 -35.138455 12.707658 -31.510255 -11.713164 -5.478344 23.681335 13.815294 -28.160003 -1.030707 0.000002 0.000000 0.000000 
31.113949 102.546326 -31.394470 22.491630 55.358909 360.573227 -4.186417 -1.557776 -1.884227 -2.537650 -1.855557 3.971265 7.132194 -39.093479 -6.962407 10.528799 25.872379 -24.197265 -0.000002 0.000003 -0.000000 20.865057 -16.873467 -10.639439 199.208532 -148.893725 167.422799 8.640603 19.322901 5.230967 0.000002 0.000001 0.000000 8.326558 -13.538689 -11.365740 16.195224 9.966078 25.919164 50.014029 61.667176 -40.105054 0.000001 0.000000 0.000004 35.902606 34.127792 47.192605 3.812624 -8.460562 4.080148 -0.493522 -6.218994 8.117120 -0.000002 0.000001 0.000003 -36.793331 14.231011 -34.720946 -11.798299 -5.663496 26.614710 12.155017 -31.473922 -7.236033 -0.000002 -0.000001 0.000000 
33.222969 101.008987 -31.375471 23.950764 53.541696 359.829966 -3.637655 -1.420983 -0.656610 -2.678247 -1.277998 2.408394 7.475403 -38.425207 -6.348227 8.967314 25.869393 -24.997645 -0.000003 0.000006 -0.000001 19.633027 -16.622362 -9.742131 197.247995 -151.145283 167.003180 4.404721 28.517078 2.696353 -0.000003 0.000002 0.000000 9.014570 -10.978761 -14.354623 11.242111 17.890222 23.365317 36.740325 54.539870 -27.453647 -0.000000 -0.000000 -0.000000 32.299613 34.368901 45.802248 7.942456 -13.216318 9.710243 0.451494 -7.021484 10.331940 -0.000001 0.000000 0.000001 -39.054004 15.640616 -37.033149 -11.267574 -5.742131 30.457320 9.814723 -33.235697 -13.375787 0.000000 0.000006 0.000002 
35.303619 99.303940 -31.376480 25.312719 52.227574 359.103589 -3.137736 -1.241914 -0.322243 -1.857267 -0.925007 2.235160 6.248449 -36.801797 -6.830312 7.289694 24.864952 -25.474656 -0.000003 0.000001 0.000001 18.283228 -17.704335 -9.167101 194.481550 -152.313792 168.984535 2.102500 35.465703 -1.365821 0.000001 0.000000 -0.000001 10.582656 -6.165878 -17.542550 7.535195 25.294004 14.102119 24.514929 41.845717 -14.971524 0.000002 -0.000001 -0.000004 29.734969 34.934830 44.960635 12.119612 -17.029362 14.569774 0.135621 -7.893705 10.917530 -0.000003 -0.000003 -0.000003 -41.396011 17.693047 -40.654625 -9.013499 -5.595796 37.347993 7.572079 -33.701724 -18.766385 0.000000 -0.000003 0.000001 
37.226524 97.680634 -31.377907 27.338145 51.968307 357.733098 -3.158969 -1.173285 0.466228 -1.812960 -0.874589 2.045025 6.204985 -35.678548 -6.999825 5.782188 23.757379 -25.275147 0.000000 0.000006 0.000003 18.159043 -19.484148 -7.199180 193.075050 -152.847940 171.058891 0.145400 40.435471 -3.504318 0.000003 0.000001 -0.000001 11.206431 -4.679053 -19.588342 5.508578 31.654676 7.102314 18.439947 30.810386 -8.743901 0.000002 0.000005 -0.000001 28.228040 35.155643 44.349805 15.165472 -18.515270 18.415993 -0.451979 -9.131115 11.120934 -0.000001 0.000003 0.000003 -42.826738 19.188575 -43.171553 -7.619779 -5.521053 43.003066 6.076407 -34.435410 -22.775867 -0.000000 0.000003 0.000001 
39.052231 95.998810 -31.372604 29.322996 52.439150 355.485911 -2.679140 -1.177021 1.711920 -2.204701 -0.785097 1.378545 6.178898 -35.375688 -6.743147 4.940457 22.963511 -24.489864 -0.000001 0.000001 -0.000001 17.868144 -19.086690 -6.842323 192.539112 -152.385728 173.910632 -0.775377 43.534461 -4.979237 -0.000001 -0.000003 0.000003 12.278625 -2.880712 -21.024372 4.909533 36.317325 1.407856 14.918704 21.388411 -4.424587 -0.000000 -0.000005 -0.000001 27.487675 35.031299 44.016399 17.662294 -18.607459 22.348575 -1.749396 -9.476025 9.258987 0.000001 -0.000003 0.000002 -42.603582 20.421982 -46.765906 -8.467780 -6.569391 48.619902 5.036197 -35.383600 -25.403425 0.000000 0.000003 -0.000001 
40.769058 94.340714 -31.364470 32.533864 52.522229 352.946610 -2.505413 -1.172267 2.236825 -2.644127 -0.904906 1.139021 6.325947 -34.579656 -6.266966 3.285228 22.570447 -24.195774 -0.000000 0.000005 0.000002 17.614856 -19.017615 -5.910266 192.221973 -151.770970 177.039378 -0.275262 46.892705 -7.803239 0.000000 0.000002 0.000003 13.084919 -1.732274 -22.129268 5.412072 39.834780 -4.826659 12.813047 12.499585 -0.447289 0.000001 0.000006 -0.000004 25.954563 34.882268 43.639933 19.587178 -19.119911 25.257708 -2.764725 -10.030581 7.975812 -0.000003 -0.000003 -0.000002 -42.991034 21.974797 -49.741542 -9.730623 -7.529371 52.671113 4.026485 -37.040273 -27.746718 -0.000000 0.000000 -0.000001 
42.329407 92.799049 -31.355188 34.859786 52.467051 351.793073 -2.704999 -1.212420 1.321853 -2.755443 -0.920416 1.089714 6.327421 -33.773626 -5.934024 2.522843 22.380742 -23.834369 -0.000001 0.000005 0.000002 17.029499 -19.130764 -5.555480 191.513600 -151.599218 178.587645 0.577125 48.668738 -10.480006 0.000003 -0.000002 -0.000002 13.333088 -0.769599 -22.816102 4.990125 41.961950 -7.613029 11.665149 6.476032 2.826433 -0.000002 0.000005 -0.000004 24.948166 34.620091 43.317473 20.772880 -19.826518 26.335642 -3.164928 -10.206978 7.670560 -0.000003 -0.000004 -0.000001 -43.601667 23.365360 -52.037360 -9.844160 -8.014544 55.644271 3.330348 -37.832049 -28.964380 -0.000001 0.000007 0.000000 
43.822922 91.307632 -31.354324 36.332484 52.249783 349.989357 -2.416556 -1.158216 1.736909 -3.077796 -1.049823 0.995181 6.349324 -33.534272 -5.915548 1.982026 21.887655 -23.510249 0.000003 0.000006 -0.000001 16.612915 -19.116337 -5.076368 190.964330 -153.055605 179.628279 1.802108 50.106695 -13.056689 0.000003 -0.000003 0.000004 12.996573 -0.426762 -22.078694 3.810513 45.771276 -7.456971 11.088717 1.554521 4.847379 0.000001 0.000001 -0.000002 24.124469 34.876848 43.234076 21.999831 -19.874143 27.983403 -3.556760 -11.135912 8.053274 -0.000003 0.000000 -0.000002 -43.519151 23.978248 -53.653837 -10.666814 -8.991162 57.486376 3.527878 -38.470139 -28.798581 0.000003 0.000001 -0.000001 
45.224358 89.927490 -31.361780 38.031921 51.863928 348.480158 -1.778942 -1.147432 2.498710 -3.539535 -1.168951 0.847022 6.142929 -33.835196 -6.244794 1.001226 21.647072 -23.344601 -0.000000 0.000006 0.000001 16.512370 -19.120105 -3.491771 191.327860 -154.116771 181.659932 4.064030 51.913468 -15.631031 -0.000003 0.000000 0.000002 12.940026 -0.496045 -21.388927 2.969085 50.651556 -6.988774 10.329754 -4.512226 4.869047 -0.000004 -0.000003 -0.000002 23.197535 35.014422 43.103493 23.147648 -20.112392 29.241075 -4.524198 -11.853624 7.332171 -0.000002 0.000001 -0.000002 -43.946158 24.658914 -54.458621 -10.812269 -9.570034 58.800286 3.930969 -39.668058 -28.333129 0.000001 0.000005 0.000002 
46.474487 88.698097 -31.355867 39.342276 52.003981 347.412627 -1.327766 -1.125451 3.080517 -3.556975 -1.288991 1.107930 5.402640 -34.298741 -6.770354 0.134318 21.371447 -23.294118 0.000001 0.000005 0.000002 16.693320 -18.820207 -2.785537 191.839578 -154.863939 183.524874 5.494867 52.844832 -16.615403 0.000001 -0.000006 -0.000002 13.316172 -0.481114 -21.369741 4.127164 53.068493 -9.219958 10.288026 -8.476119 4.984406 -0.000005 0.000002 -0.000001 22.966677 34.673408 42.672474 23.452069 -19.187963 30.216562 -4.743221 -12.198966 7.301237 0.000001 0.000001 -0.000002 -44.145364 25.356830 -55.677137 -10.406762 -9.592464 60.268770 4.820561 -39.572371 -26.692475 0.000003 -0.000001 -0.000001 
47.594154 87.624313 -31.328342 40.468768 52.088348 346.366461 -0.509740 -1.017458 4.196505 -3.938353 -1.386227 0.942586 5.189445 -35.149601 -7.048143 -0.941957 20.813379 -22.870596 0.000001 0.000006 -0.000001 16.539153 -18.516979 -2.470206 192.009554 -156.578931 185.249019 7.304652 53.548533 -17.835779 0.000004 -0.000001 0.000003 13.233299 -0.850919 -21.122824 5.573979 54.709129 -12.255519 11.241728 -9.511295 4.995392 -0.000003 -0.000002 -0.000001 22.686134 34.092070 41.940497 23.792510 -17.794304 31.417419 -5.293606 -13.303690 7.396148 -0.000001 -0.000003 -0.000002 -44.496022 25.810313 -56.102474 -9.958438 -9.385872 61.361436 4.516056 -39.342972 -27.311807 0.000001 0.000000 -0.000001 
48.611946 86.693893 -31.297201 41.096118 52.168613 345.540991 0.328230 -0.891900 4.993890 -4.575844 -1.206891 -0.033678 5.580597 -36.274930 -6.389955 -1.077736 20.281490 -22.350797 0.000001 0.000005 -0.000002 16.015971 -18.144457 -1.650392 191.876106 -156.597004 187.368440 10.196871 53.776511 -20.974741 0.000001 0.000000 -0.000000 13.273493 -0.802923 -21.331094 5.550336 56.117282 -12.550011 11.747516 -6.523871 3.963460 -0.000002 0.000001 -0.000006 22.889279 33.771215 41.709766 23.717135 -16.783267 31.747334 -4.683306 -12.670878 7.855239 0.000004 -0.000001 -0.000001 -44.674085 26.080432 -56.380592 -9.564116 -9.210870 62.300362 4.619003 -39.330999 -26.964726 0.000001 -0.000005 -0.000001 
49.521217 85.907761 -31.262438 41.503484 52.429809 345.030940 0.528571 -0.848458 5.286883 -4.687432 -1.185230 -0.143597 5.552561 -37.170853 -6.472024 -1.095984 19.903646 -21.795328 -0.000000 0.000003 -0.000003 15.747305 -18.279854 -0.857957 191.570496 -156.771761 188.850428 11.872290 53.403883 -23.028150 -0.000002 0.000003 0.000003 13.189164 -0.807127 -21.347690 4.754209 57.689581 -11.559171 12.225065 -2.567656 3.229495 0.000003 0.000002 -0.000004 23.389336 33.480966 41.634108 23.226041 -16.060553 31.406815 -4.519199 -12.526245 8.145293 0.000001 0.000000 -0.000000 -44.308376 25.932521 -56.638415 -9.637653 -9.315713 62.586710 4.809987 -39.992602 -26.647256 0.000001 0.000003 0.000001 
50.360542 85.299347 -31.219385 41.740591 52.525295 344.889337 0.276607 -0.835824 5.290662 -4.439699 -0.867192 -0.372445 5.442763 -37.990953 -6.374575 -0.917172 19.867217 -21.375099 -0.000000 0.000001 0.000003 15.386476 -18.089355 -0.254790 191.497918 -155.874889 191.426433 15.156854 52.674474 -26.534312 -0.000000 0.000001 0.000002 13.591747 -0.220198 -21.781045 4.471965 58.770021 -11.355092 13.029039 1.694695 2.619352 -0.000000 0.000002 -0.000002 24.695903 32.977017 41.805231 22.254365 -15.541209 30.397569 -4.371949 -11.396247 7.194750 -0.000003 -0.000001 0.000003 -43.583693 25.420058 -56.464470 -10.288837 -9.704862 62.628231 5.296676 -40.097479 -25.522397 0.000002 0.000001 0.000000 
51.132584 84.922707 -31.171017 41.647645 52.536688 344.529304 -0.415184 -0.911133 5.000632 -3.398288 -0.756361 0.594468 4.081121 -37.726786 -7.251993 -0.663890 19.776259 -20.591617 0.000000 0.000005 0.000002 15.475964 -18.179006 0.440040 191.769118 -155.811218 193.167954 18.367412 51.675688 -29.583165 0.000001 0.000004 -0.000005 13.761872 -0.132474 -21.593378 4.039138 60.034173 -10.333275 13.652941 5.761431 1.011395 0.000007 0.000003 0.000001 26.965676 31.903967 41.772266 19.838134 -13.592774 28.474797 -4.426849 -9.823866 5.451896 -0.000004 -0.000004 0.000001 -42.806780 24.507164 -55.572762 -11.372777 -10.002900 61.453001 5.793337 -40.902240 -24.636455 0.000002 -0.000003 0.000001 
51.830200 84.702888 -31.120344 42.176749 53.367273 344.066873 -1.324418 -1.021765 4.333222 -2.783229 -0.498036 0.815697 3.583460 -38.514030 -7.139380 0.120693 19.962980 -20.031143 0.000001 0.000001 0.000002 15.482669 -18.030516 1.375112 191.973900 -155.119142 194.044595 20.929656 51.154377 -32.342472 0.000001 0.000000 0.000001 14.252518 0.260270 -21.974771 2.753191 60.902331 -7.757856 13.537314 8.370995 -1.674395 0.000002 0.000003 -0.000003 29.301529 30.538725 41.498812 17.545776 -11.053614 26.771092 -4.142298 -9.373406 5.427069 -0.000003 -0.000003 0.000003 -41.989326 23.619322 -55.085336 -11.510671 -9.927622 60.084962 6.147788 -41.273450 -24.163997 0.000001 -0.000001 0.000001 
52.488274 84.777756 -31.074789 41.976393 54.413887 343.180587 -2.529066 -1.118355 3.786595 -1.898547 -0.283344 1.618391 3.433727 -38.455693 -6.774768 0.404692 19.963028 -19.502856 -0.000001 0.000005 -0.000000 14.678556 -16.136961 0.782285 192.184270 -155.531713 192.081544 23.471006 51.243351 -36.029828 0.000001 -0.000001 0.000006 14.115609 -0.473236 -21.973436 -0.177032 63.154914 -2.830389 12.477854 9.403282 -4.440913 0.000002 -0.000000 -0.000005 33.000233 29.160151 42.157932 13.654223 -6.645986 23.410569 -4.176295 -9.033688 5.152551 -0.000000 -0.000001 0.000002 -41.064006 21.819417 -51.968908 -11.365676 -9.053153 56.098919 6.994080 -41.322651 -22.035387 0.000000 0.000000 0.000002 
53.137123 85.151779 -31.039549 39.372953 55.951738 342.784573 -3.044572 -1.101021 3.770749 -0.722353 0.604231 1.143388 3.686487 -37.826568 -5.057949 2.279454 19.318702 -17.895352 -0.000002 0.000003 -0.000002 14.080980 -14.528123 0.639700 192.286368 -157.050228 189.125725 21.142104 49.356033 -33.073357 0.000001 0.000001 0.000006 14.012576 -0.854700 -21.926408 -4.445663 63.688126 4.584910 10.917495 9.308353 -7.366829 0.000005 -0.000002 -0.000003 37.728947 30.254856 44.666644 9.232537 -2.422903 18.381588 -4.901780 -11.013995 5.917797 -0.000004 -0.000001 0.000003 -39.058724 19.201448 -48.391914 -10.622711 -7.875528 51.888592 8.623795 -39.698787 -18.170905 0.000001 0.000001 0.000001 
53.767784 85.667953 -31.017183 36.360423 56.369698 344.468105 -3.555830 -1.092169 2.254922 0.265885 1.510555 0.199679 4.479350 -36.788492 -2.931164 3.928165 19.034077 -17.448676 -0.000001 0.000003 -0.000000 12.921239 -13.701691 0.667944 191.194070 -156.535505 188.021967 19.280654 47.449550 -32.267436 0.000001 -0.000002 0.000003 13.776819 -0.988817 -23.292634 -5.909436 63.910804 4.996569 9.592743 7.506379 -5.316127 0.000002 0.000003 -0.000000 41.122151 31.728216 46.797222 6.078534 -0.182855 13.371104 -4.825101 -13.579032 8.338163 -0.000009 -0.000003 0.000002 -37.524233 16.889647 -44.310395 -9.312779 -6.473110 47.632387 8.562922 -36.548629 -16.195031 -0.000000 -0.000002 -0.000001 
54.420944 86.388748 -31.001102 30.354665 54.417090 348.986385 -5.320626 -1.167000 -1.254501 -1.647089 2.013940 -2.970700 9.679440 -38.715452 0.949513 8.991041 21.818367 -19.726831 0.000001 0.000005 -0.000002 11.119344 -10.021961 1.500276 190.525805 -161.262406 186.913072 21.127088 43.887083 -33.150152 -0.000004 -0.000002 0.000001 9.629087 -10.093731 -26.594656 -58.132908 79.677176 57.422985 9.718587 -6.597961 1.845939 0.000002 -0.000000 -0.000003 43.525141 35.426815 49.380038 3.665857 -0.092922 7.774349 -4.280640 -18.711469 13.750504 -0.000004 0.000001 0.000001 -35.651709 14.083060 -38.915887 -6.321849 -4.595614 43.348076 7.794775 -27.940463 -12.108008 0.000000 0.000000 0.000001 
54.960083 87.427773 -30.900970 29.724372 56.338727 351.057243 -6.204930 -1.152037 -3.035492 0.471837 1.986439 -1.075998 7.693810 -34.914622 0.384491 9.875615 19.862316 -18.262193 -0.000000 0.000006 0.000001 9.809903 -10.974227 6.166086 190.137549 -156.722966 190.437818 21.754559 41.540104 -33.369582 -0.000003 0.000000 -0.000000 13.533856 -4.540913 -30.914621 0.965301 70.347287 -9.503095 10.476264 -10.965342 5.444179 -0.000003 0.000000 -0.000002 42.950774 33.697623 47.877475 2.866250 3.145734 7.824129 -5.320565 -20.178486 13.194006 -0.000003 -0.000003 -0.000004 -32.465481 12.188995 -37.408782 -5.414128 -4.150533 38.788890 7.146302 -25.399143 -12.195491 -0.000000 0.000000 -0.000000 
55.422409 88.503136 -30.759613 26.919276 56.237315 353.610177 -7.384906 -1.068701 -5.247097 2.112836 1.985964 0.373181 6.201068 -32.855478 -0.687559 12.338322 19.853792 -17.904890 -0.000000 0.000003 0.000003 8.411054 -11.425709 8.426310 189.254898 -153.950743 193.248277 22.653367 40.693734 -35.430008 -0.000003 0.000003 -0.000000 16.161952 -0.801627 -34.413946 9.207807 59.247923 -23.671902 12.472461 -11.372261 11.134562 0.000003 0.000000 0.000001 41.941388 34.722793 48.108864 1.935803 5.604049 7.468747 -7.081574 -18.836898 9.161693 0.000002 -0.000003 0.000001 -30.115506 10.393968 -34.161191 -4.563053 -3.413646 34.289933 5.810192 -22.346578 -12.524775 0.000000 -0.000007 -0.000001 
55.838425 89.704315 -30.581676 23.701272 55.183407 356.527542 -7.335537 -0.735978 -7.072747 2.353772 1.754152 0.693945 6.121591 -31.939857 -0.700789 14.227509 19.829933 -19.083243 0.000001 0.000006 0.000003 4.761944 -10.751171 11.674424 186.028262 -153.404450 194.142144 22.802824 39.735773 -38.851629 0.000000 -0.000003 -0.000000 15.929034 0.359733 -37.953121 8.914720 48.825966 -30.320115 11.080012 -11.130590 13.758103 0.000003 0.000004 -0.000005 38.852035 36.099961 47.716706 1.678340 10.916139 10.756717 -7.469377 -19.640229 8.573527 -0.000003 0.000001 -0.000003 -27.617482 8.231539 -29.147084 -3.836399 -2.498494 28.488108 3.998361 -15.309208 -9.839877 0.000000 0.000001 -0.000001 
56.225739 91.056702 -30.394424 20.014546 53.863872 359.932282 -6.369348 -0.589564 -9.668718 1.819205 1.722843 -0.085730 6.344203 -30.282822 0.109733 15.731408 21.463835 -21.267881 0.000001 0.000005 -0.000000 1.174718 -9.479706 13.474818 183.208596 -152.609895 197.582729 20.278859 38.868882 -41.238473 0.000001 -0.000003 0.000001 15.200595 0.144251 -41.463814 7.443556 38.654684 -36.201167 10.905372 -12.529888 19.929112 0.000001 -0.000003 -0.000002 33.417571 38.058880 47.881740 -0.934603 11.424865 4.880003 -4.970998 -12.264770 5.317580 -0.000005 -0.000001 0.000004 -24.581178 6.548644 -24.697827 -4.722296 -1.478503 22.554282 2.340369 -11.428636 -8.081011 0.000001 -0.000001 -0.000000 
56.666550 92.423332 -30.264763 19.563393 53.986457 362.118298 -6.031035 -0.491005 -11.973651 0.817284 1.244850 -0.459230 6.982902 -30.246175 0.381355 16.606119 22.230963 -22.663992 -0.000000 0.000003 -0.000000 -1.840928 -7.564382 15.300155 180.969810 -154.038169 200.354747 19.135688 38.200271 -42.986882 0.000003 -0.000001 0.000000 13.136236 -2.588986 -44.912052 5.388058 29.635532 -41.107845 11.120202 -15.072298 24.317396 0.000003 -0.000003 0.000002 28.404382 40.147090 48.431734 -4.388808 9.965002 -3.716043 -1.752852 -5.926110 3.311478 -0.000003 -0.000001 0.000003 -23.153269 6.098398 -24.776002 -5.355129 -0.429458 18.347734 1.793169 -8.598200 -3.776453 0.000003 -0.000001 -0.000001 
57.199028 93.852844 -30.155834 20.369127 54.979358 364.765132 -7.005240 -0.271726 -16.106862 -0.210126 0.812917 -0.826707 9.307954 -30.967774 2.023301 16.265920 22.721490 -25.706522 -0.000004 -0.000000 -0.000000 -5.740833 -3.959612 16.038222 178.044590 -157.489259 203.786631 16.625469 36.751417 -42.898591 0.000003 -0.000001 0.000003 9.565357 -6.349699 -47.772652 2.074431 19.454576 -44.880295 11.598588 -18.325842 29.420948 -0.000000 0.000001 -0.000007 22.710051 44.020409 51.208261 -8.741148 10.939396 -15.561363 1.581127 -9.103590 12.382212 -0.000002 0.000001 0.000001 -20.914456 5.543417 -24.872762 -4.194531 0.270129 12.842771 0.765948 -3.808430 0.352138 0.000000 -0.000003 0.000000 
57.588806 95.115410 -29.935400 19.595977 55.561495 366.146443 -6.671255 -0.385772 -16.894106 -0.016469 0.713099 -0.334885 9.217309 -31.656168 2.010949 15.770897 23.001857 -26.064543 0.000001 0.000001 0.000001 -5.710289 -3.011196 16.997607 178.177055 -160.108035 206.074348 16.966825 38.586157 -42.152915 -0.000001 0.000003 0.000002 8.652151 -8.399978 -48.132261 1.806196 14.627509 -45.873412 13.472536 -19.700847 31.374576 -0.000001 -0.000001 -0.000001 19.174226 45.440665 52.189752 -9.849873 11.252634 -19.360412 2.903231 -5.912211 11.618530 -0.000002 0.000000 0.000001 -20.075649 5.325103 -25.313981 -4.698592 -0.217889 11.481958 1.804186 -5.109161 1.049379 0.000001 -0.000001 0.000001 
57.978592 96.377983 -29.714968 18.786316 56.132701 367.562368 -6.338863 -0.504381 -17.680684 0.178030 0.614951 0.157260 9.125806 -32.344535 1.997215 15.276739 23.285054 -26.420647 0.000001 0.000005 0.000002 -5.695665 -2.062397 17.955780 178.197955 -162.729639 208.320783 17.285918 40.424266 -41.401625 0.000001 -0.000001 0.000003 7.720450 -10.444251 -48.527217 1.458039 9.805619 -46.871470 15.411962 -21.013629 33.392365 0.000003 -0.000003 -0.000000 15.512586 46.814369 53.322495 -10.936344 11.637258 -23.157259 4.262231 -2.739414 10.784578 -0.000004 -0.000005 0.000001 -19.238845 5.100394 -25.751777 -5.214134 -0.693782 10.116804 2.860633 -6.396965 1.771808 0.000001 0.000001 -0.000000 
58.487762 97.586571 -29.537066 14.824065 57.515800 371.784573 -4.584233 -0.749987 -17.862621 0.335091 0.180385 0.874433 8.935892 -33.882407 1.651456 15.240935 23.572330 -27.333580 -0.000003 0.000001 0.000003 -7.503543 -0.792720 18.513942 175.821664 -166.765762 212.346347 12.702380 43.669054 -37.934509 0.000001 0.000000 0.000002 4.893981 -13.012299 -49.730597 -1.552006 0.845176 -47.318164 16.903817 -22.923640 38.499878 0.000002 -0.000002 0.000002 4.524387 49.585787 56.332948 -12.636110 11.001013 -28.859004 6.250070 2.414790 7.689168 -0.000001 0.000001 0.000003 -16.571289 4.592774 -27.602174 -4.620218 -0.116353 9.989541 2.450508 -7.204565 0.513578 0.000001 0.000004 0.000001 
59.048447 98.720238 -29.355129 9.634054 56.869378 375.413479 -2.470732 -0.984763 -17.154213 0.637147 0.282447 0.880340 8.549796 -34.391095 1.750143 15.341781 23.810249 -27.825583 -0.000000 0.000001 0.000003 -7.628110 -1.215596 18.440858 173.759616 -168.354000 216.128058 6.750216 46.609160 -32.515604 0.000001 0.000001 -0.000001 3.503247 -14.058397 -49.162868 -3.815021 -5.480511 -46.018355 17.468340 -23.986436 41.225789 0.000002 0.000001 -0.000001 -4.840125 50.326770 56.534179 -13.080885 8.927999 -30.347576 7.729682 5.314913 5.981751 -0.000001 0.000001 0.000003 -13.276150 3.167599 -26.706924 -5.358734 -0.103805 8.682203 2.726915 -8.453387 0.916582 0.000001 0.000002 0.000000 
59.622917 99.762314 -29.183973 6.989550 56.096938 377.256456 -1.273211 -1.001116 -17.177974 -0.137374 -0.095208 0.574532 9.065607 -34.423395 2.136950 15.771349 23.681101 -27.529018 0.000002 0.000005 0.000002 -8.243708 -2.398211 17.926127 171.502935 -168.410759 218.129727 0.040333 46.887644 -26.796714 0.000001 -0.000001 0.000003 1.981979 -14.124246 -48.528036 -6.229513 -8.309100 -44.547624 16.511311 -24.064508 42.362561 0.000003 0.000001 -0.000001 -12.481716 50.563761 56.125905 -12.823918 6.580017 -28.896085 8.271284 6.339577 4.922178 0.000005 0.000001 0.000003 -11.314743 2.585760 -26.091565 -3.903996 1.049627 9.913630 -0.236502 -4.979284 -1.641694 0.000000 0.000002 0.000001 
60.221718 100.738701 -28.991131 4.725682 54.579161 378.033895 -0.576588 -1.148437 -17.439300 -0.392740 -0.219681 0.455539 9.100452 -33.887301 2.489621 16.193562 23.426338 -26.728467 -0.000001 0.000008 0.000002 -7.593716 -3.433413 17.759648 171.184785 -168.402726 220.670681 -5.706705 47.185679 -19.370555 0.000002 -0.000003 -0.000001 1.731746 -14.044923 -46.517580 -6.349661 -10.595550 -41.263837 17.660747 -22.652973 42.791166 -0.000002 0.000004 -0.000003 -21.730086 51.827571 58.078396 -11.120438 1.585921 -26.128569 9.603702 7.960323 5.713631 0.000004 -0.000001 0.000003 -9.111056 1.776944 -24.110254 -4.022260 0.692979 7.948330 -0.642302 -3.975029 -1.324319 -0.000000 0.000004 0.000001 
60.917381 101.633987 -28.809263 3.492719 53.049410 378.082909 0.120393 -1.226605 -17.620654 -1.883085 -0.744292 -0.205956 9.782801 -34.161505 2.902658 16.337809 23.206522 -26.300581 -0.000000 0.000003 -0.000000 -7.060610 -4.528911 18.177760 171.182641 -166.832739 223.781244 -11.717750 47.625044 -12.229409 0.000000 0.000003 0.000002 0.571172 -15.262042 -44.653888 -5.891296 -12.738379 -36.571790 17.571618 -18.850846 41.642885 0.000003 -0.000002 -0.000001 -31.401194 53.296997 61.330372 -10.495186 -6.800176 -26.238216 13.386600 12.576494 5.950893 -0.000002 0.000004 0.000003 -7.544285 1.114691 -22.654344 -2.445748 0.901086 9.479566 -2.884344 -0.060527 -3.550924 0.000000 -0.000002 0.000002 
61.629257 102.422623 -28.636578 4.265378 52.124496 377.979336 -0.105249 -1.163027 -18.794533 -2.990578 -1.612492 0.282997 9.868384 -34.433900 2.415430 15.675732 22.920421 -25.869531 -0.000001 0.000005 0.000004 -7.000726 -4.878221 18.425911 171.550924 -165.310413 226.225291 -17.575859 47.923992 -5.466898 -0.000003 -0.000001 0.000001 -0.188898 -15.947426 -43.228599 -5.043030 -14.370824 -32.097829 17.107980 -15.923247 40.033392 -0.000002 0.000003 0.000002 -40.347140 54.367957 65.004454 -9.211313 -14.543768 -24.431228 15.969221 15.774873 6.373681 0.000002 -0.000001 -0.000000 -7.197595 0.984428 -23.247273 -2.152530 1.102704 11.689122 -4.122134 2.016614 -6.016411 0.000000 0.000000 0.000000 
62.466110 103.055565 -28.495842 2.817646 51.916572 376.972429 1.126608 -1.292666 -17.126103 -4.563204 -2.428175 0.214017 10.811138 -35.674761 2.508752 15.172861 22.709727 -25.558510 0.000002 0.000001 0.000001 -3.849119 -7.527586 18.591126 175.028652 -160.196541 231.454839 -23.554852 45.134378 4.468110 -0.000001 -0.000001 0.000003 0.551219 -15.981907 -39.617860 -2.278044 -14.686356 -26.039150 17.713467 -12.861974 37.973646 -0.000000 -0.000001 -0.000004 -45.751387 54.458031 64.797923 -5.024064 -22.696613 -17.631650 16.722916 17.476972 4.179880 -0.000001 -0.000001 -0.000000 -5.444628 0.499980 -21.502141 -4.552468 0.362333 9.310869 -1.254378 -1.224282 -1.318616 -0.000001 0.000004 0.000002 
63.354225 103.567680 -28.355177 1.437396 50.831190 374.196230 2.674301 -1.307467 -14.079524 -6.205434 -3.568006 0.794368 10.739954 -36.914294 1.208123 13.544463 22.354139 -24.389887 0.000001 0.000005 -0.000000 0.481167 -13.531948 19.460293 182.528664 -149.812686 233.432752 -12.256277 35.926262 -1.833833 -0.000000 -0.000002 0.000001 1.450176 -15.057797 -35.333730 1.161067 -13.065463 -17.731106 17.430081 -9.348312 33.305765 0.000002 -0.000003 0.000002 -47.890462 53.998287 63.092240 1.732233 -29.637625 -7.915433 15.591401 17.754278 2.299244 -0.000000 0.000002 0.000001 -3.766502 0.448784 -17.417182 -5.913188 -0.463977 8.250820 0.988758 -3.631764 0.590474 -0.000000 0.000007 0.000001 
63.992096 104.035728 -28.074610 1.426944 50.911277 371.652149 3.631178 -1.160206 -11.278476 -7.195442 -4.593735 1.755712 9.612196 -38.542344 -0.647499 10.448610 22.327105 -24.013458 -0.000002 0.000005 -0.000002 4.461974 -17.855598 18.858518 191.112163 -139.722325 236.687993 -3.034327 30.651823 -7.283491 0.000001 -0.000002 -0.000002 1.913845 -14.421407 -29.802800 3.737602 -10.945443 -12.295959 17.372987 -6.165745 28.607851 0.000002 -0.000000 -0.000004 -44.461513 52.926207 57.014557 8.775071 -34.239298 1.410957 14.645444 18.461035 -1.334982 -0.000000 0.000001 0.000001 -2.990142 0.477574 -14.231436 -6.585980 -0.948790 7.789203 1.686103 -4.046027 0.993207 0.000000 0.000000 0.000002 
64.620567 104.421715 -27.771627 1.939233 50.085094 368.955699 4.251524 -1.247531 -9.706818 -7.553283 -4.445350 1.804359 8.855054 -39.305290 -1.236112 13.329357 22.500050 -22.266297 0.000003 0.000005 0.000003 9.944184 -20.999606 19.605544 205.024630 -128.059381 241.269875 2.347172 35.054727 -8.690592 -0.000002 0.000003 -0.000000 5.265726 -11.884197 -24.211976 7.639591 -3.297773 -5.117386 18.298511 -6.760234 21.573634 0.000003 0.000000 -0.000003 -38.534793 51.995826 53.325029 16.983564 -36.415898 12.095506 12.385197 17.519020 -3.125708 0.000001 0.000002 0.000001 -2.174119 0.565052 -11.709693 -6.926282 -2.332171 8.443253 3.985707 -9.050145 -3.206408 -0.000000 -0.000005 0.000000 
65.194992 104.600883 -27.437160 4.368642 49.863004 367.789103 3.496971 -1.241815 -8.503623 -7.659319 -4.713707 2.551712 8.764080 -39.193975 -1.978405 13.135944 22.841454 -21.823402 0.000002 0.000001 0.000001 13.350705 -21.722435 14.232801 220.305962 -117.540643 245.054784 8.032808 32.178821 -10.556553 0.000003 -0.000002 0.000001 5.055040 -12.355391 -16.746319 11.447979 -3.779769 1.651387 17.650174 -1.333817 14.350974 0.000002 -0.000003 -0.000003 -32.777596 51.051136 51.165091 24.968812 -37.486680 22.523228 11.212246 17.006922 -4.205439 0.000001 -0.000001 -0.000003 -3.117152 0.819819 -12.462710 -5.958051 -2.486311 10.976235 4.447079 -11.858754 -7.219133 0.000000 -0.000001 0.000001 
65.774086 104.752533 -27.122799 5.662319 48.491283 367.479914 2.789973 -1.410493 -9.123030 -7.802514 -5.589264 3.861166 8.614620 -39.183870 -3.108571 12.581338 22.915073 -22.029527 0.000002 0.000005 -0.000002 16.079698 -22.817333 9.264749 229.515885 -110.361835 241.902187 10.047988 27.475097 -8.336215 0.000002 -0.000002 0.000001 4.702984 -13.729914 -11.298888 14.363070 -4.714295 9.237574 17.856370 1.895024 9.869062 -0.000000 -0.000000 -0.000000 -28.133139 50.788187 51.379186 29.214860 -36.917364 28.301966 10.176520 14.666728 -1.493462 0.000001 0.000001 0.000003 -3.441797 0.891115 -13.404505 -6.258719 -2.602865 11.887166 4.581558 -13.522347 -9.125316 0.000000 0.000001 0.000001 
66.409218 104.824341 -26.880470 5.834574 46.156496 366.906615 2.731552 -1.443004 -8.454883 -7.342552 -6.267788 5.593113 7.797443 -38.209963 -4.594175 11.574432 23.031782 -22.322501 -0.000000 0.000001 0.000003 18.659322 -24.718246 3.460008 222.968862 -105.943795 221.960070 12.926268 22.051416 -7.909533 0.000002 0.000000 -0.000000 4.180684 -14.019902 -4.350423 17.676017 -7.701859 16.227326 20.115320 -4.200858 14.439629 -0.000003 -0.000000 0.000001 -20.652764 50.686868 53.088970 25.789966 -32.774144 25.906556 9.161787 10.847753 3.927366 -0.000003 -0.000001 -0.000000 -3.768383 1.071071 -15.126118 -6.910682 -2.861007 13.809673 5.106545 -14.455295 -9.005840 0.000001 -0.000001 0.000001 
67.061844 104.785400 -26.621662 8.559102 43.905846 365.564538 0.693992 -1.362090 -6.987024 -7.223857 -6.296268 6.044280 7.490168 -36.538432 -5.420444 9.868115 22.924442 -22.645231 0.000001 -0.000002 -0.000000 19.258200 -25.289952 -2.125802 204.163958 -105.242649 191.182268 17.530208 17.882251 -12.479000 0.000001 0.000001 0.000003 2.887281 -14.421229 1.622894 19.837822 -10.829192 22.552999 21.649437 -8.094842 20.044237 -0.000001 0.000000 -0.000000 -11.424005 49.591357 53.105428 19.839326 -25.101270 20.925796 6.608485 4.947552 8.778086 -0.000003 -0.000001 0.000002 -6.255593 1.795925 -18.191743 -6.213556 -3.224049 17.215826 4.389311 -13.624636 -10.371864 -0.000000 0.000005 0.000001 
67.691269 104.696770 -26.343391 10.778255 43.691709 363.656019 -0.956878 -1.269757 -4.643256 -7.444513 -6.568782 6.365805 7.302678 -36.322253 -6.112599 8.918522 22.839565 -22.869927 0.000000 0.000005 0.000002 19.557301 -25.070513 -5.838593 191.618826 -107.432694 169.556373 21.032355 15.885871 -16.488977 -0.000000 -0.000002 0.000002 2.205396 -14.421270 5.858250 21.975205 -12.745878 27.578723 23.126877 -11.627787 24.046716 0.000001 -0.000000 0.000001 -2.557686 48.087472 52.286331 14.810924 -16.231497 17.294309 4.420174 0.072335 11.562954 0.000003 0.000000 0.000003 -8.717930 2.424280 -20.961900 -4.557660 -3.527449 21.458740 3.978406 -13.137517 -12.423329 -0.000000 0.000006 0.000000 
68.428963 104.540993 -26.075083 13.939350 43.517878 361.717311 -3.582589 -1.260284 -2.618044 -7.108504 -6.832152 7.155593 6.534145 -35.029431 -6.843453 7.621691 22.338847 -22.483203 -0.000002 -0.000002 0.000002 19.453441 -23.733932 -8.945062 186.635780 -112.616098 156.763046 22.941840 15.164442 -18.043883 -0.000001 0.000003 -0.000002 2.063261 -14.288073 9.093193 22.729435 -11.141189 32.084342 23.179043 -10.448544 22.865173 -0.000000 0.000000 -0.000002 6.927515 45.974539 50.924169 8.943089 -6.445902 11.917997 1.944612 -6.260469 14.270214 -0.000002 -0.000001 0.000004 -11.426782 3.315638 -25.327829 -3.689919 -3.674295 26.558859 4.058104 -14.460709 -13.485566 -0.000000 0.000003 -0.000000 
69.160553 104.302361 -25.807009 16.447710 41.696037 360.163552 -6.204901 -1.343721 -2.402702 -6.713807 -6.718455 7.355350 6.794862 -32.700886 -6.049055 6.935728 21.453286 -21.076471 0.000000 0.000006 0.000001 19.078843 -20.014479 -11.982542 187.525262 -119.895829 150.255419 22.852274 13.545390 -14.575916 -0.000004 -0.000005 -0.000003 2.449019 -14.538925 12.197502 22.904529 -7.620508 34.827971 23.440863 -6.855251 18.927878 -0.000001 -0.000001 -0.000001 14.819516 46.418642 52.811310 3.100465 1.247851 3.695378 -1.709498 -12.136569 13.661523 -0.000002 0.000002 0.000001 -13.067677 3.802653 -27.511567 -3.151684 -3.844211 30.643842 4.163998 -14.695546 -13.946346 0.000000 -0.000001 0.000001 
69.853226 104.067024 -25.531254 17.806132 39.500087 359.304888 -7.358811 -1.371480 -1.849011 -6.846431 -6.474896 6.745673 7.175677 -30.101784 -4.998939 6.149425 20.584752 -19.937710 -0.000001 0.000005 -0.000000 18.629051 -16.719111 -13.932742 189.343321 -126.583787 146.696289 22.236859 11.462709 -11.890050 -0.000000 0.000001 0.000002 2.528942 -14.023584 14.482110 22.261144 -5.012506 36.405308 22.632003 -3.340616 15.795139 0.000003 0.000000 -0.000002 20.268839 46.198730 53.327952 -0.856068 6.915154 -2.585598 -4.715324 -15.184255 11.449874 -0.000001 -0.000001 -0.000001 -13.655850 4.018024 -28.708016 -3.495148 -4.058706 33.615927 4.416153 -14.220325 -13.079678 0.000001 0.000001 0.000001 
70.676498 103.778000 -25.251760 18.979410 39.205241 358.504882 -9.013598 -1.384185 -0.919639 -6.670082 -6.144502 6.534529 7.281875 -28.276712 -4.392829 4.834575 18.833601 -17.905559 -0.000001 0.000005 -0.000002 17.635962 -13.273641 -14.585285 191.566070 -133.473781 145.828118 22.808331 10.154493 -13.025038 0.000001 -0.000001 -0.000000 2.358765 -13.797328 16.267047 21.117108 -2.527964 38.410112 22.221781 -0.625300 14.949235 -0.000003 0.000001 -0.000001 25.630527 46.199164 54.385019 -4.137434 10.768684 -9.518725 -6.490859 -13.635662 7.477207 -0.000000 -0.000005 0.000001 -12.657174 3.938755 -33.797924 -6.274779 -5.598911 39.640191 5.939232 -15.268688 -9.449558 0.000000 0.000003 -0.000000 
71.662209 103.416397 -24.990177 19.459272 39.464994 357.926419 -11.238399 -1.504943 -0.436256 -4.890475 -4.951751 6.362271 6.379002 -25.116639 -3.485554 4.043565 15.651645 -14.765179 -0.000000 0.000006 0.000001 16.479327 -10.173019 -12.684407 194.047122 -140.819622 146.174122 25.435609 9.173116 -15.335098 -0.000004 -0.000002 0.000004 2.786712 -10.990113 16.696356 17.886423 2.746580 39.041276 24.009363 0.610281 17.736883 -0.000002 0.000001 -0.000003 30.070297 45.445002 54.091034 -5.841033 13.209784 -13.328823 -5.926055 -8.548320 3.254864 -0.000001 -0.000003 -0.000002 -8.476176 2.079767 -37.453281 -9.390180 -8.174508 46.497336 7.310989 -14.426942 -5.147906 0.000001 0.000005 0.000001 
72.643402 103.065056 -24.704967 20.327715 40.311541 358.110343 -12.408196 -1.690666 0.758069 -4.096705 -3.801031 5.282727 6.012966 -21.935994 -2.557406 2.271910 13.086280 -12.167979 0.000001 -0.000002 0.000002 15.807032 -7.768286 -10.718616 196.720936 -148.108267 147.213704 26.591453 5.158470 -12.816323 -0.000001 0.000002 0.000000 4.015178 -6.859273 16.306511 14.299086 9.523130 36.242152 24.957416 2.143279 18.069831 -0.000003 -0.000001 -0.000001 32.882300 43.235996 52.481664 -6.649273 14.746054 -14.703924 -5.633190 -4.788100 -0.679860 -0.000003 -0.000001 -0.000001 -5.224406 0.385872 -42.026950 -12.524166 -10.982412 52.123749 8.381284 -13.732095 -0.763518 0.000001 0.000005 0.000003 
73.861504 102.728851 -24.469625 19.771912 43.391014 358.753063 -13.993265 -2.085096 2.785686 -2.381073 -1.861774 3.695758 4.714699 -18.878919 -2.256871 0.092957 9.974828 -8.554602 -0.000001 0.000006 0.000001 15.219099 -5.403536 -7.644746 198.975500 -154.391181 153.077503 27.342309 -0.263184 -7.199344 0.000007 -0.000001 0.000001 5.877195 -2.835762 14.028835 12.292133 14.993944 31.101656 27.739430 13.022056 18.308927 -0.000001 0.000000 0.000001 36.593558 40.409250 50.625690 -7.809770 16.102892 -16.652503 -6.542683 -3.592498 -3.442101 -0.000003 -0.000003 -0.000002 -0.137594 -2.829008 -46.753208 -16.727268 -14.814274 55.470558 9.218094 -10.956755 6.233407 0.000003 -0.000001 0.000001 
75.115211 102.192253 -24.206938 20.112018 44.822437 360.611476 -14.971076 -2.318075 3.118548 -1.272116 -0.131250 1.345184 3.678882 -15.377626 -0.763797 -2.271345 7.518725 -6.382130 -0.000001 0.000001 0.000003 13.108973 -2.828013 -2.972073 198.987262 -157.433729 160.753010 26.062361 -4.946740 -0.160455 -0.000006 -0.000004 -0.000003 7.587369 0.344122 9.691385 9.863231 21.039653 24.245734 27.913658 22.751516 13.211462 0.000002 -0.000001 -0.000001 36.663171 35.669246 47.114030 -6.813864 13.994807 -12.697182 -6.341347 -1.445937 -5.985534 -0.000000 0.000000 -0.000000 3.894448 -5.981174 -52.180029 -20.744505 -18.242255 57.462771 9.539766 -8.909162 11.990028 0.000000 0.000002 -0.000001 
76.448074 101.621956 -23.974220 20.315178 46.244356 360.306139 -16.885471 -2.454669 3.244743 -0.640277 0.498772 0.661925 3.354415 -14.563862 0.155740 -2.224234 6.023512 -4.962019 -0.000000 0.000005 -0.000000 10.912905 -1.365765 0.713815 198.354240 -159.741145 167.205339 25.361561 -7.849354 4.027546 -0.000001 -0.000002 0.000001 8.574434 2.228222 6.664951 7.444834 25.958353 21.808606 30.826221 35.830790 12.329471 0.000002 -0.000003 0.000002 36.076964 32.827621 45.011507 -5.581827 12.673156 -9.477962 -6.819742 -0.749708 -7.843047 -0.000001 0.000001 0.000003 7.806356 -8.792718 -54.039548 -25.011244 -21.104122 56.668246 10.010125 -8.277814 15.900329 0.000000 0.000003 -0.000006 
77.932922 100.965515 -23.759712 19.955364 46.717203 359.634048 -18.329895 -2.681895 4.434492 -0.659316 0.732628 -0.016310 3.528678 -13.537886 1.089481 -2.356766 5.168291 -4.063218 -0.000001 0.000001 0.000003 8.200137 0.665214 4.466326 197.114369 -163.081039 173.088441 24.427955 -10.399182 6.687960 -0.000003 -0.000002 0.000001 8.368360 3.927972 6.492386 2.883980 29.899652 29.651460 33.874364 48.416831 18.647812 -0.000004 0.000003 -0.000003 35.325588 30.411902 43.341894 -4.111724 10.934078 -5.632478 -6.033201 1.020895 -9.047117 -0.000004 0.000000 0.000001 10.802669 -10.997236 -55.296600 -27.754062 -22.572413 56.166664 9.847981 -7.510345 18.372507 0.000001 0.000003 0.000001 
79.467705 100.289215 -23.554411 19.285753 47.211350 360.478424 -18.493772 -2.742240 5.576978 -0.490287 1.389064 -1.107292 3.515973 -11.984394 2.020366 -3.003378 4.202337 -3.753499 -0.000002 0.000003 -0.000000 5.309391 3.446424 7.304803 195.806921 -165.618960 177.685008 22.148920 -12.663591 10.639941 -0.000000 -0.000002 0.000001 8.462999 5.041664 5.469031 0.262309 32.201716 32.426091 35.336441 59.203950 19.897960 -0.000003 -0.000001 -0.000001 35.184493 27.579337 41.748619 -3.136540 8.869330 -2.798482 -5.111272 2.781033 -10.240999 0.000001 0.000001 0.000003 12.843442 -12.804921 -57.710502 -29.333265 -23.068182 56.178955 9.328527 -6.188428 20.284364 -0.000001 0.000004 0.000001 
80.890976 99.646835 -23.347515 18.855393 47.842005 360.542272 -18.348999 -2.861970 6.488471 -0.537871 1.665839 -1.679383 3.457473 -11.205100 2.491952 -3.429034 3.909231 -3.441568 0.000001 0.000001 0.000003 3.875940 5.359085 9.379083 195.734917 -167.260432 180.937708 19.355057 -12.627215 15.386077 0.000002 0.000003 0.000001 9.052021 5.910535 4.985285 -0.309110 34.185947 32.165813 38.355856 66.501932 15.649246 -0.000003 0.000000 -0.000003 35.302335 26.107915 40.991811 -2.539495 7.750203 -0.651125 -5.014254 3.645537 -11.460466 -0.000002 -0.000001 0.000002 13.960487 -13.886054 -59.063740 -29.765807 -23.197515 56.489564 9.172254 -5.601870 21.054651 0.000002 -0.000002 -0.000001 
82.305191 99.042114 -23.151503 18.425552 48.996324 360.551234 -18.524441 -2.931312 7.283309 -0.081460 1.974819 -1.776680 3.186445 -10.521667 2.640043 -3.866058 3.434349 -3.196207 0.000001 0.000003 0.000002 2.331060 7.117322 10.363626 195.120213 -167.902552 183.162150 17.402765 -12.855609 17.622397 -0.000002 -0.000003 0.000000 9.140312 6.681809 4.651647 -0.797720 34.970459 31.554449 40.636129 71.229837 12.809309 0.000001 -0.000002 -0.000003 36.166504 25.341766 41.058610 -2.278628 6.964805 -0.395233 -5.027421 3.993706 -11.889644 -0.000003 -0.000003 0.000001 15.183468 -14.799125 -59.479835 -29.527065 -22.787355 56.408077 8.631570 -4.883938 21.091751 -0.000000 -0.000003 0.000000 
83.696709 98.471825 -22.972370 18.587745 50.123371 360.453780 -19.078001 -2.957494 7.276163 -0.331618 2.013158 -2.242972 3.459517 -10.306496 3.195573 -3.975629 3.385669 -3.179555 -0.000002 0.000003 -0.000000 1.335598 7.926324 11.114134 194.448218 -168.063198 184.765237 16.476552 -12.664510 17.998827 0.000002 0.000000 -0.000000 9.028982 7.254825 4.776829 -0.984306 35.831582 29.262918 41.648117 73.627957 12.030885 0.000002 0.000003 -0.000003 37.220255 24.612033 41.015453 -2.491722 6.989428 -0.810290 -5.128449 3.629397 -11.806578 -0.000001 -0.000001 0.000002 15.959912 -15.430333 -59.730926 -29.269143 -22.235167 55.917799 8.161793 -4.612869 20.622375 0.000003 0.000001 -0.000001 
84.985283 97.951935 -22.799736 18.584559 50.851756 360.408046 -19.321502 -2.944520 7.075017 -0.261450 2.052283 -2.242873 3.419584 -10.119473 3.445217 -4.211707 3.127405 -2.904474 0.000001 0.000003 0.000003 0.950596 7.975546 11.845402 194.439558 -167.425094 185.796691 15.355194 -11.679003 18.802164 -0.000004 0.000000 0.000002 9.187859 7.363472 4.469466 -1.472979 37.684288 27.734757 42.686200 73.953190 10.747801 -0.000001 0.000001 -0.000000 37.987159 24.232336 41.096623 -2.739719 7.051521 -1.105267 -5.528120 2.971749 -11.617272 -0.000004 -0.000004 -0.000001 16.291350 -15.714845 -59.895151 -28.949484 -21.742471 55.587177 7.770263 -4.374377 20.251839 0.000001 0.000000 -0.000000 
86.212463 97.471680 -22.634422 18.800698 51.269907 360.872444 -19.140907 -2.926610 6.782556 -0.321436 2.303832 -2.866516 3.293194 -9.712438 4.141048 -4.567496 3.127368 -3.004273 0.000001 0.000001 0.000004 1.113437 7.733435 12.363566 194.748911 -166.224675 186.292071 13.702438 -8.650276 18.184327 0.000003 0.000001 0.000000 9.934637 8.063348 3.428601 -1.852825 40.714058 24.902813 43.050522 72.802447 9.365526 0.000003 0.000003 -0.000003 38.497282 23.317275 40.748041 -2.655115 6.994492 -1.474670 -5.641935 3.257528 -11.826642 -0.000001 -0.000001 -0.000000 16.009567 -15.898227 -60.896150 -27.592955 -21.155468 55.990247 7.397745 -3.589952 20.317257 -0.000000 0.000000 0.000002 
87.332764 97.023010 -22.462158 18.917901 51.448188 360.680980 -18.980565 -2.965660 7.078847 -0.248671 2.533989 -3.407980 3.146152 -9.319967 4.721053 -4.895095 3.166868 -3.070430 0.000001 0.000001 0.000001 1.267263 7.493903 12.548727 194.648343 -164.990910 186.859509 13.088371 -7.261625 17.129997 0.000002 0.000004 0.000006 10.784867 9.289045 1.934916 -0.892130 42.951518 19.178640 42.783909 71.138865 6.427004 -0.000003 0.000001 -0.000001 38.889219 23.187032 40.742324 -2.851017 6.981837 -1.596229 -5.565377 3.191342 -11.669191 -0.000003 -0.000003 0.000001 15.627410 -15.860336 -61.435188 -25.705328 -20.154307 57.371697 6.005590 -1.783240 19.735357 0.000001 0.000001 -0.000001 
88.355354 96.620560 -22.293089 19.316506 51.642152 360.722808 -19.005213 -2.946576 6.875160 -0.466218 2.807570 -4.282886 3.365283 -9.176415 5.622377 -5.266516 3.278911 -3.129978 -0.000000 -0.000000 -0.000002 1.233372 7.600490 12.488669 194.663670 -164.272470 187.487231 12.978889 -6.316374 16.162473 0.000002 0.000001 0.000003 11.214370 9.801138 1.085371 -0.090916 44.730287 14.995088 42.726320 70.175495 4.425993 0.000003 0.000002 -0.000005 39.012688 22.840076 40.559402 -3.058196 6.823963 -1.870441 -5.706676 3.081252 -11.805434 -0.000002 -0.000001 0.000002 15.363146 -15.868930 -61.955287 -25.320947 -19.688253 57.393697 5.821002 -1.773197 19.490269 0.000002 0.000000 0.000005 
89.334938 96.258995 -22.134863 18.224055 51.387311 360.805289 -18.459817 -2.916848 7.213751 -0.328359 2.857522 -4.296271 3.227087 -8.850536 5.815502 -4.918882 3.409489 -3.030404 0.000002 -0.000000 -0.000001 0.960614 6.886409 12.812030 194.136393 -164.053125 187.003025 13.379922 -6.311882 14.484415 -0.000000 0.000000 0.000001 10.867230 10.360528 1.413850 -0.255954 45.210730 13.495859 40.975927 69.448844 5.306463 0.000003 -0.000003 0.000001 39.398396 23.063124 40.861634 -2.976541 6.543706 -2.043137 -6.022007 2.575781 -11.461637 -0.000003 -0.000003 -0.000002 15.447393 -15.833811 -61.521187 -24.069283 -18.906730 57.847488 5.524343 -1.518824 19.440257 0.000000 0.000001 0.000003 
90.245056 95.941574 -21.978436 18.884056 51.876069 360.682291 -18.967447 -2.902000 6.586441 0.066539 2.861251 -4.021192 2.886969 -8.788724 5.867976 -4.870258 3.705939 -3.134164 -0.000001 0.000005 0.000002 0.922191 7.067460 12.238180 193.686639 -163.865240 187.218777 13.262201 -5.227672 12.553176 0.000002 0.000003 0.000005 10.853127 11.143723 1.510957 -0.171407 45.634509 11.725250 40.117441 68.501354 3.995417 0.000001 0.000001 -0.000002 39.529406 22.428292 40.493733 -3.099715 6.566340 -2.158067 -6.215395 2.295034 -11.606840 -0.000003 -0.000003 -0.000002 15.376525 -15.905074 -61.703772 -24.100000 -18.712101 57.508274 5.510911 -1.932965 18.753799 0.000002 0.000005 -0.000001 
91.107292 95.664322 -21.842205 18.803004 51.711410 360.578445 -18.593496 -2.901335 6.912295 -0.041207 2.941147 -4.268015 2.758295 -8.624739 6.052721 -4.716584 3.808822 -3.249032 0.000002 0.000001 -0.000001 0.780051 7.086334 12.349813 193.679248 -162.964571 187.183738 12.692341 -3.844309 11.569365 -0.000000 -0.000001 0.000003 10.820145 11.672795 1.796982 -0.339625 46.160228 11.367546 39.469898 67.743073 3.001005 0.000003 0.000002 -0.000005 39.493735 22.618848 40.640435 -2.877922 6.191225 -2.195727 -6.053188 2.840891 -11.891894 -0.000003 0.000003 -0.000000 15.271403 -15.741376 -61.415804 -23.585212 -18.384871 57.421257 5.157858 -1.160688 19.295122 -0.000001 0.000003 -0.000002 
91.909447 95.434486 -21.720814 18.368605 51.550539 360.466567 -17.993210 -2.869215 7.396986 0.041976 2.888126 -4.086282 2.637786 -8.315719 6.210625 -4.426893 4.197335 -3.556319 -0.000000 -0.000002 0.000003 0.609117 6.799012 12.004743 193.139595 -163.482299 186.530622 12.160594 -1.554115 8.792132 -0.000000 -0.000002 0.000001 10.291195 12.379179 2.755227 -1.025995 47.040087 11.108025 37.651496 67.113712 4.131877 -0.000005 0.000002 -0.000001 39.498970 22.842091 40.832954 -2.709991 5.814038 -2.076593 -5.857191 2.934921 -11.770361 -0.000000 -0.000002 -0.000001 15.100404 -15.429969 -60.929761 -22.940189 -17.824050 57.504271 5.239334 -1.307906 19.481807 0.000002 0.000005 0.000001 
92.656166 95.240868 -21.608639 18.163372 51.984583 360.238657 -17.693287 -2.861095 7.793081 0.189084 2.649985 -3.398394 2.551927 -8.044452 5.852828 -4.432240 4.389916 -3.826679 0.000001 0.000005 -0.000000 0.615833 6.844595 11.159131 192.815503 -163.732762 185.436166 10.674045 2.437695 6.360323 0.000001 -0.000002 -0.000002 10.126438 13.406966 3.273493 -1.689392 48.346623 10.624429 36.183057 66.686470 5.169398 -0.000000 0.000006 -0.000003 39.693091 22.980622 41.013025 -2.616151 5.795874 -1.924661 -6.154012 2.868639 -12.005780 -0.000004 0.000003 0.000003 15.361442 -15.411362 -60.249707 -22.993355 -17.740511 57.287699 5.484788 -1.776855 19.046543 0.000001 0.000003 -0.000002 
93.313156 95.080757 -21.496538 18.357863 52.153685 360.247236 -17.339127 -2.845273 8.103383 0.098589 2.783768 -3.839845 2.604762 -7.834167 6.328500 -4.513485 4.607900 -4.170274 0.000001 0.000006 0.000003 0.434377 7.027029 10.161489 192.212520 -164.149882 184.177212 9.463642 5.256105 4.251674 -0.000002 0.000000 -0.000003 9.600907 13.999038 3.926989 -3.471290 49.082614 12.533614 33.993148 66.896355 8.643019 0.000002 0.000001 -0.000003 39.612208 22.815806 40.871056 -2.507400 5.738024 -1.844783 -6.283625 2.720633 -12.001456 -0.000002 0.000001 0.000003 15.155097 -15.247383 -59.981840 -22.183356 -17.265033 57.735446 5.000064 -1.629286 17.872710 0.000001 0.000002 -0.000002 
93.928703 94.932411 -21.406647 17.946875 52.189660 359.962171 -16.810847 -2.798380 8.919185 0.249161 2.629269 -3.310531 2.415556 -7.587283 5.869541 -4.484944 4.615835 -4.517567 0.000002 0.000006 -0.000001 0.093919 6.838896 9.383061 191.690871 -164.922581 182.241017 7.957249 9.894533 1.394507 0.000001 -0.000003 0.000000 8.769790 14.542753 5.082210 -5.226439 49.385912 14.522963 31.656434 66.577228 11.878446 0.000003 -0.000001 -0.000000 39.512829 23.360120 41.226363 -2.228553 5.425369 -1.578556 -6.603204 2.589279 -12.455188 -0.000002 -0.000001 0.000002 14.632239 -14.736154 -59.682903 -20.189344 -16.065358 59.373250 4.780512 -2.579563 14.667177 0.000002 0.000005 -0.000002 
94.422523 94.770905 -21.306797 17.749635 52.587809 359.926299 -15.905590 -2.810281 9.626755 0.142089 2.544502 -3.279908 2.157231 -7.833646 5.716009 -4.751388 5.323834 -4.861550 0.000001 0.000001 0.000003 0.911238 6.651993 8.361766 192.055917 -166.327196 180.459513 6.881902 16.741096 -1.896986 -0.000001 -0.000004 -0.000000 8.620525 15.558761 6.460238 -6.555993 50.816157 16.730731 30.524634 65.275927 13.072040 0.000002 -0.000002 -0.000002 39.237856 23.392143 41.114703 -2.164792 4.531772 -0.982273 -6.057216 3.554814 -13.048477 -0.000001 0.000001 0.000003 13.741984 -14.088726 -59.674208 -17.244097 -13.636497 60.163496 4.494733 -3.972643 10.567479 0.000001 0.000003 0.000002 
94.889717 94.609726 -21.226717 17.962972 52.789501 360.239422 -15.673729 -2.831353 9.633845 0.150373 2.557544 -3.443937 2.104416 -8.097940 5.650016 -4.763632 5.479520 -5.245283 0.000001 0.000005 0.000003 1.310117 6.430957 7.814513 192.261192 -167.042808 179.155643 6.254791 22.359215 -4.258291 -0.000001 0.000000 0.000002 8.406891 15.740989 6.963786 -8.290326 51.410844 19.747581 30.151730 64.214549 13.336545 0.000003 0.000000 -0.000007 38.888263 23.466413 40.900068 -1.882088 3.620520 -1.130100 -6.165838 3.737687 -13.625672 -0.000000 -0.000001 -0.000000 13.306088 -13.767226 -59.412400 -15.007205 -11.809015 58.690156 4.465980 -4.926191 7.989504 0.000000 0.000005 -0.000000 
95.243889 94.405556 -21.140802 17.854775 53.376316 360.842500 -15.307559 -2.770154 9.760943 0.187395 2.342846 -2.813764 2.357199 -8.413731 4.977133 -5.176501 5.638509 -5.632555 -0.000001 0.000001 0.000001 1.616620 6.444237 6.863868 192.472695 -167.050130 177.227221 5.982301 27.886375 -7.497491 -0.000004 0.000003 0.000006 8.272529 16.218791 7.478798 -10.208750 52.148573 23.277488 28.698607 62.724598 15.597721 0.000002 -0.000000 -0.000005 38.655141 23.441518 40.841550 -1.361533 2.930122 -0.796113 -6.696037 4.059604 -14.455011 0.000001 0.000001 0.000001 12.979086 -13.583879 -59.398248 -12.003427 -9.363656 55.596859 5.581948 -7.190839 6.950088 0.000001 0.000000 0.000002 
95.488182 94.128349 -21.049936 16.594742 53.564331 361.320887 -14.213911 -2.683703 10.783288 0.375806 2.062988 -2.275481 2.029742 -8.915781 4.264383 -5.278935 6.016095 -6.348301 0.000001 -0.000000 -0.000003 2.238223 5.566746 5.049789 191.956852 -167.606640 175.371240 6.561947 33.368411 -11.506662 -0.000000 0.000002 0.000002 7.355917 16.495721 8.893299 -12.466907 50.891063 27.831508 26.778537 62.072964 21.367946 0.000003 0.000002 -0.000005 38.833225 24.459032 41.171776 -0.461404 2.571586 0.097402 -6.729149 4.657478 -15.260466 -0.000003 -0.000001 0.000003 12.889609 -13.627314 -58.565539 -9.024122 -6.964353 49.414510 5.834078 -6.894532 7.834555 0.000001 0.000006 -0.000001 
95.683426 93.806229 -20.966902 16.492233 53.548318 361.412329 -14.169688 -2.685323 10.913351 0.714574 1.902645 -1.778535 1.466856 -9.780131 3.349964 -4.746241 6.535811 -6.452793 0.000000 0.000001 0.000004 2.594450 5.337542 3.933767 191.345441 -168.487994 173.740219 6.598630 36.013484 -13.901215 -0.000005 -0.000003 0.000005 6.644928 16.549553 9.859295 -13.310727 48.740688 30.336794 24.741664 62.485876 26.548045 -0.000000 0.000001 -0.000003 38.357584 25.205295 41.235512 -0.025307 1.630412 0.748232 -6.786695 5.327063 -16.388549 -0.000000 0.000000 0.000001 12.435953 -13.490634 -58.575333 -6.473209 -5.014302 44.708823 5.961652 -6.630555 9.150120 -0.000000 0.000001 -0.000001 
95.763031 93.388641 -20.881165 15.853870 53.424141 361.159421 -14.358844 -2.809222 11.613430 1.265432 1.689724 -0.813333 1.175999 -10.209605 2.000326 -4.752259 6.754532 -6.590345 -0.000004 -0.000000 0.000001 3.749659 4.529124 2.425725 191.642704 -169.240586 171.550924 5.522036 37.753806 -13.544756 0.000001 -0.000003 0.000000 6.171019 15.845952 10.792210 -13.017968 46.864400 31.896577 23.589486 61.144277 31.094187 0.000002 -0.000001 -0.000001 37.435044 26.074385 41.379919 0.824236 0.797932 2.624809 -6.946029 5.909252 -17.558813 -0.000002 -0.000001 0.000002 12.778909 -13.613199 -58.089809 -5.022429 -3.842084 38.739197 6.093252 -6.373740 10.267199 -0.000002 0.000005 0.000001 
95.694336 92.877197 -20.789427 15.232042 52.532440 361.110653 -14.002482 -2.865995 12.682006 1.338984 1.740718 -0.879187 1.091845 -10.704945 1.154282 -4.545808 7.256915 -6.731424 0.000002 0.000001 0.000002 4.854917 4.161309 0.758760 192.485099 -169.380809 168.984768 5.919164 38.850222 -14.062128 -0.000000 0.000003 0.000004 5.948030 14.504470 11.285195 -11.893519 45.001142 33.096477 23.603506 59.228423 34.666540 0.000005 -0.000005 0.000004 35.817440 27.109477 41.397435 2.064398 -0.411575 5.168187 -6.151941 7.007495 -18.352817 -0.000004 -0.000004 0.000001 13.187385 -13.913482 -58.241563 -3.926990 -3.067675 34.703225 6.282408 -6.687257 10.561250 -0.000001 0.000001 0.000002 
95.543274 92.343376 -20.689358 15.407877 52.186002 360.553009 -14.483382 -2.985977 13.178688 1.522681 1.573241 -0.182956 1.395649 -11.740778 0.191369 -4.854878 7.771149 -7.102218 -0.000000 0.000005 0.000003 5.745245 3.815316 -0.666341 193.459467 -169.948999 166.858024 7.205086 40.184236 -15.255634 0.000003 -0.000003 -0.000001 5.893129 13.619025 11.840256 -11.205022 43.768586 34.610648 24.344893 57.572327 37.323931 -0.000003 -0.000005 0.000001 34.362275 27.587966 41.231502 3.166142 -0.848790 7.553014 -5.490554 7.961147 -19.100617 -0.000003 0.000001 0.000003 13.835375 -14.260615 -58.226345 -3.983249 -2.875201 32.559402 6.454743 -7.527600 10.265409 0.000001 -0.000001 -0.000000 
95.258858 91.706245 -20.594141 15.520749 51.044896 359.717431 -15.106512 -3.016864 13.324138 1.030891 1.253420 0.252830 2.484417 -13.516331 -0.396099 -3.885903 8.203295 -7.602334 -0.000001 0.000003 0.000002 6.488987 3.481483 -2.369982 194.469406 -170.184463 163.859940 8.513013 40.151718 -16.542911 -0.000003 0.000001 -0.000003 5.977106 12.129577 11.863846 -7.891204 40.503807 32.911096 25.600346 56.774790 36.932636 0.000002 0.000002 -0.000001 32.047377 29.335796 41.717788 4.609475 -1.982947 9.944015 -5.102270 8.854839 -20.206454 -0.000003 -0.000001 0.000004 14.162348 -14.387881 -58.562541 -4.370931 -2.768773 32.319612 6.393182 -7.830976 10.109145 0.000002 0.000004 0.000001 
94.732986 91.009789 -20.476343 15.147828 50.281168 360.060580 -14.844680 -2.929842 13.084251 0.529477 1.078569 0.404599 3.302876 -15.509302 -1.129675 -3.718158 8.889220 -8.395070 -0.000000 0.000006 0.000003 7.856775 2.279984 -4.254505 195.638611 -169.720106 160.416801 10.126964 40.319669 -18.312869 0.000001 -0.000001 -0.000000 6.547866 10.117556 10.254117 -5.789102 39.137223 31.559849 26.492238 53.740792 36.540474 0.000003 -0.000003 0.000003 29.963077 30.868808 42.355584 5.863868 -2.736774 12.254309 -4.700083 9.416009 -20.478229 -0.000003 -0.000001 -0.000000 14.231985 -14.802801 -60.354072 -5.092866 -3.073347 33.749351 6.628894 -8.265923 10.042810 0.000001 0.000003 0.000004 
94.144455 90.318329 -20.371063 15.045503 49.716165 360.768871 -14.356079 -2.848543 12.874992 0.453557 1.112992 0.243430 3.337821 -16.388716 -1.844468 -4.069487 9.251954 -9.082227 -0.000001 0.000003 0.000003 9.182125 0.651115 -5.778372 196.131819 -168.180144 158.055413 11.282908 40.162902 -19.143963 0.000004 0.000000 -0.000000 6.960602 8.693308 8.778222 -5.146045 38.938461 30.651157 27.431664 49.685361 35.498832 0.000002 -0.000003 0.000001 28.449205 31.754977 42.446036 6.784145 -3.327265 13.628711 -4.273909 9.906404 -20.629787 -0.000002 -0.000001 0.000003 14.544517 -15.387195 -61.511604 -5.596029 -3.564042 35.682066 6.749799 -8.438374 9.512959 0.000002 -0.000001 0.000002 
93.315224 89.597069 -20.266273 13.474016 49.475821 361.196523 -13.016729 -2.705554 13.756300 0.158678 0.992382 0.266307 3.589634 -17.794934 -3.055835 -5.011676 9.869786 -10.247770 -0.000001 0.000005 0.000002 11.042757 -2.651314 -7.364943 196.210844 -164.061376 155.381777 8.804269 35.504963 -13.709041 0.000001 0.000000 0.000001 7.235922 7.975848 8.371650 -4.603577 38.548167 30.498932 27.445563 38.312676 30.020382 0.000002 -0.000001 -0.000001 27.239785 33.101938 43.005477 7.635624 -1.716621 16.223304 -5.302470 9.128812 -20.568852 -0.000004 0.000000 0.000001 14.856915 -16.202544 -63.556952 -5.581199 -3.921399 40.586644 6.158268 -7.375511 8.890879 -0.000001 0.000004 0.000001 
92.186226 88.880974 -20.167788 13.348144 49.161834 360.553447 -11.911759 -2.583018 13.568629 0.334353 0.453129 1.384434 2.944143 -19.181645 -4.974961 -6.054456 10.143076 -11.277382 -0.000000 0.000006 -0.000001 13.284102 -7.123958 -9.363090 195.344612 -158.678272 154.209320 8.657986 30.197571 -9.849266 -0.000002 -0.000003 0.000000 6.970144 7.520390 9.416568 -2.885440 35.546719 29.846059 27.229572 27.000441 26.463747 -0.000001 0.000003 -0.000002 24.892642 35.553221 43.935537 8.211214 0.808523 18.467658 -7.846225 6.740157 -20.261394 -0.000001 0.000001 0.000003 15.941385 -17.381626 -64.209734 -8.499864 -6.643560 44.950605 6.913035 -9.015721 7.541208 0.000000 0.000001 -0.000001 
90.939537 88.211380 -20.082584 13.879496 48.801558 360.001704 -10.171542 -2.246847 13.046244 -0.499851 -0.219870 2.272508 2.787367 -20.691035 -6.141502 -7.594947 10.622330 -12.233528 -0.000001 0.000001 -0.000001 14.967673 -11.214520 -10.381333 194.789496 -153.417605 153.957464 7.503402 26.661587 -6.377015 -0.000000 0.000003 0.000001 6.665472 7.251311 10.609191 -0.956817 33.359938 29.348889 27.066575 18.402483 25.889595 -0.000002 0.000002 -0.000004 22.228028 38.339792 46.059353 8.304559 1.573757 18.982019 -9.120109 5.742376 -19.937450 -0.000003 0.000000 0.000001 15.304557 -17.291630 -65.768008 -9.856042 -8.263876 49.181918 7.013259 -9.745025 6.198974 0.000002 0.000001 -0.000000 
89.374557 87.578979 -19.993467 16.651125 45.527387 358.727628 -9.246528 -1.957804 10.373921 -1.693038 -1.427486 3.114990 3.125340 -21.774196 -6.579343 -8.688785 10.990653 -13.317403 -0.000000 0.000001 -0.000001 16.165079 -14.876777 -12.479609 193.506158 -149.321814 151.225825 8.893874 29.676827 -9.825467 -0.000002 0.000001 0.000006 5.464308 5.293563 12.203061 -0.128934 31.039255 28.969055 25.307492 8.102736 23.180364 -0.000000 0.000000 -0.000003 17.270137 42.236124 48.606324 8.802894 2.322307 18.639349 -9.574771 4.546611 -18.204706 -0.000003 -0.000001 0.000002 12.748416 -15.730335 -66.953353 -10.689995 -10.191031 52.973390 5.812864 -7.427674 4.614977 -0.000000 -0.000003 0.000002 
87.448273 87.117485 -19.893457 19.758320 42.010714 356.128741 -8.106162 -1.664201 7.841922 -3.212237 -3.745632 5.537139 1.886020 -25.208107 -8.875290 -7.436993 12.395251 -14.591316 0.000000 0.000001 0.000001 16.827105 -17.867232 -13.283031 191.201870 -143.599263 148.381188 8.159698 32.658724 -11.375062 -0.000001 0.000000 0.000002 3.368836 1.137270 14.680083 2.657388 23.130320 31.573813 21.680159 1.214189 19.944697 -0.000003 0.000002 -0.000001 11.714278 48.167385 55.083481 6.180223 2.039154 14.183162 -8.101370 3.043694 -14.752908 -0.000003 -0.000001 0.000002 8.406968 -12.070549 -67.073865 -12.288828 -10.900938 56.453382 5.911822 -9.328440 2.196192 -0.000001 -0.000001 0.000001 
85.457085 86.715370 -19.796648 20.564282 38.169580 352.938250 -7.806803 -1.629648 6.014285 -4.495917 -5.771030 7.566066 1.584284 -26.935768 -9.956453 -5.014690 13.888822 -14.699795 -0.000001 0.000006 -0.000001 17.380296 -20.522248 -10.499775 188.330896 -136.273694 146.408315 10.588009 36.420222 -17.202982 0.000001 -0.000003 0.000001 2.860566 -1.214869 14.350980 4.478476 19.155660 31.239246 18.800613 -3.809005 17.717956 -0.000000 0.000002 0.000003 4.974545 53.651105 63.426489 4.164728 3.032218 11.608086 -7.051901 1.754137 -11.807453 -0.000003 -0.000002 0.000002 4.666912 -8.534814 -64.625781 -12.274912 -10.696362 59.330493 5.858384 -11.294664 -0.254324 0.000001 -0.000001 0.000002 
82.961845 86.733925 -19.649572 20.310764 35.768492 349.362482 -5.885028 -1.313497 3.704583 -6.869416 -7.848601 8.436066 3.368703 -28.834487 -9.057709 -2.516810 15.059191 -15.013174 0.000000 0.000001 -0.000001 17.900736 -23.666732 -4.534756 185.406305 -126.964051 147.859976 13.059558 38.096610 -21.505684 0.000002 0.000000 0.000001 3.088146 -2.173245 11.871994 6.173233 17.583412 24.420276 17.417787 -7.731928 17.673502 -0.000005 0.000006 0.000001 -2.026339 57.797710 72.606489 0.751560 7.414051 7.559939 -6.244107 -2.142113 -5.545313 -0.000003 0.000001 0.000001 2.374545 -5.605410 -57.988197 -11.761237 -10.057536 60.079314 4.921969 -11.703369 -4.220502 0.000001 0.000001 0.000000 
79.959869 87.181274 -19.404743 19.220419 34.827275 347.421452 -4.880252 -1.119688 -0.675379 -6.225804 -8.650600 10.038311 3.284243 -28.686658 -7.880636 1.172279 15.572888 -14.006011 0.000001 -0.000000 -0.000001 16.304985 -24.080908 1.415969 176.945531 -120.969235 136.801422 11.854045 24.114109 -15.571969 -0.000001 -0.000003 0.000001 2.799503 -3.047797 6.774283 6.319857 13.414277 18.189038 15.855579 -4.876866 18.886240 -0.000003 -0.000004 -0.000000 -4.263523 60.035327 78.028839 -3.320344 13.450601 4.988485 -5.396765 -7.092369 0.226081 -0.000003 0.000001 0.000002 0.698242 -3.619815 -50.326517 -11.333262 -8.046461 58.957407 3.743359 -13.684259 -8.921590 0.000001 -0.000004 0.000001 
76.943085 87.906937 -19.143314 20.017208 34.693345 346.760945 -5.737107 -1.028335 -4.958317 -7.180113 -9.149253 9.692768 4.299290 -29.011334 -7.073793 3.863960 15.772092 -12.824685 0.000001 0.000001 0.000003 15.254623 -24.231964 5.690259 168.026847 -116.476295 125.445276 12.722760 11.781373 -10.422669 -0.000001 0.000000 0.000002 3.015936 -3.440086 2.824287 6.575474 11.661774 12.486488 16.039600 -3.615509 20.187118 0.000001 -0.000003 -0.000003 -5.764022 62.454963 84.769464 -7.083561 16.917378 -2.359288 -2.973833 -10.272085 6.970579 0.000002 0.000001 0.000003 -1.233997 -1.913491 -43.996551 -11.153016 -7.000073 55.123977 3.470235 -15.285624 -11.143357 -0.000000 0.000003 0.000000 
73.774818 89.380592 -18.897749 18.431011 36.049038 345.470558 -9.033986 -0.738181 -10.273270 -9.385606 -9.958226 8.270795 7.300916 -29.453012 -6.052679 5.410280 13.625146 -9.952026 -0.000002 0.000007 -0.000003 13.323772 -24.454903 13.412681 159.500367 -106.005547 127.576500 9.597466 11.861325 -8.242166 0.000000 0.000000 -0.000000 3.488029 -3.147860 -2.082254 6.643221 9.975245 8.144030 16.965775 -2.195568 23.572533 -0.000000 0.000003 -0.000004 -1.676936 63.351726 85.896876 -9.891632 21.537789 -9.983258 -2.108494 -13.555023 11.551010 -0.000002 -0.000001 -0.000000 -2.067708 -0.662837 -34.139000 -9.995784 -5.118723 45.793608 3.446995 -13.026082 -8.580994 -0.000000 -0.000001 0.000001 
70.684868 91.444321 -18.729265 21.615433 39.528764 343.213044 -10.908539 -0.666074 -10.924818 -11.100034 -11.322208 8.264827 7.797096 -31.246814 -6.976219 2.647053 11.608712 -8.861010 0.000000 -0.000000 -0.000001 11.437580 -24.657234 20.797443 182.402866 -103.066291 165.572077 9.855186 19.852737 -14.229281 -0.000003 0.000002 -0.000004 3.457482 -3.990783 -6.472602 6.095954 10.382059 -1.291109 18.421671 -7.655792 27.418504 -0.000003 0.000000 -0.000003 7.833847 61.715144 79.484475 -11.658400 24.623653 -16.743553 -3.937137 -22.497335 16.310528 -0.000003 -0.000003 -0.000003 -5.052178 0.967786 -25.858902 -7.711544 -3.189982 34.940096 2.344139 -4.514138 0.372604 0.000000 -0.000001 0.000001 
67.723007 93.581726 -18.586697 25.315256 43.343602 341.104046 -12.707681 -0.666297 -10.935618 -12.300127 -10.793406 6.412051 9.751256 -32.459422 -5.189480 1.328136 11.580812 -9.547988 -0.000001 0.000003 0.000002 10.103957 -22.790342 26.608704 204.833726 -107.880543 202.028390 8.645608 26.008443 -15.042146 0.000002 -0.000003 0.000003 4.638742 -5.238183 -10.239234 7.149710 10.664119 -9.741270 19.849674 -12.395730 29.440059 -0.000003 -0.000001 -0.000001 15.271584 59.613420 73.937740 -13.028185 25.751697 -20.509000 -3.350463 -27.685248 20.861078 -0.000002 0.000002 0.000002 -7.801185 2.006661 -19.959616 -5.730872 -1.715625 25.901606 0.377810 2.391621 8.150980 -0.000001 0.000003 0.000001 
64.561966 95.941872 -18.402954 27.991640 47.129948 339.561543 -13.727143 -0.503943 -10.510632 -13.301816 -9.402034 3.099216 13.139130 -31.412716 -1.086665 3.727509 9.842440 -8.216282 -0.000001 0.000001 -0.000001 4.101561 -18.201068 29.009897 203.586643 -118.287429 213.429423 2.281871 30.693948 -11.829865 -0.000003 -0.000002 0.000001 3.223038 -8.252165 -15.989195 5.523859 7.529879 -17.927396 19.693324 -16.591001 33.140727 -0.000001 0.000002 -0.000001 24.318064 54.911637 66.098848 -13.271533 26.011882 -23.072283 -5.426345 -27.034182 16.969759 -0.000002 -0.000001 -0.000001 -10.640432 2.787179 -15.394468 -3.788890 -0.424066 19.846170 -2.180904 6.950358 10.871536 0.000000 0.000001 0.000001 
61.172653 98.418602 -18.143478 28.810083 48.379593 339.394859 -15.490678 -0.197351 -10.758591 -12.893152 -8.192577 1.619393 14.581107 -29.471850 1.590456 6.195592 9.554152 -8.436508 -0.000001 -0.000002 0.000002 -1.662836 -12.615463 29.098170 196.638291 -129.257109 214.763264 -2.142436 38.104765 -10.606976 0.000001 -0.000002 -0.000000 1.453319 -11.690942 -21.310008 3.954383 3.045973 -27.386161 19.081170 -19.855300 33.960363 0.000002 0.000001 -0.000002 33.034890 51.728164 62.273751 -13.321709 27.758522 -24.812966 -7.398954 -28.091497 14.774365 -0.000000 0.000001 0.000003 -12.949381 3.210262 -12.349107 -2.362169 0.000125 16.639526 -2.652358 8.250217 12.781739 0.000000 0.000002 -0.000001 
57.860809 100.669937 -17.833124 28.296166 48.530588 339.653040 -16.334577 0.020442 -10.666592 -12.529823 -7.492680 0.801690 15.422427 -28.091977 3.203898 7.273737 9.138926 -8.446373 0.000000 -0.000002 0.000002 -5.783686 -9.828321 28.758839 190.258252 -137.670727 214.047241 -2.761191 40.305247 -13.237209 -0.000003 -0.000003 0.000002 -0.168137 -13.342167 -25.887769 1.325754 0.453101 -34.500365 16.708453 -20.355975 32.871464 0.000002 0.000001 -0.000002 39.134385 49.228544 60.451341 -12.991811 28.865933 -24.731973 -9.064384 -28.178915 12.271869 -0.000002 -0.000001 -0.000000 -14.743945 3.530392 -10.827045 -1.404314 0.641796 15.018013 -2.000400 6.161617 12.456089 0.000000 -0.000001 0.000001 
54.351128 102.693497 -17.433157 28.786191 48.204869 340.748794 -17.952218 0.342884 -11.741245 -11.079713 -6.247243 0.291262 14.748014 -26.654934 4.084828 7.557071 9.288012 -8.623355 -0.000001 0.000005 -0.000000 -8.796852 -6.614601 26.553585 184.875845 -144.478992 211.966465 2.624496 39.403221 -22.071802 0.000001 -0.000002 0.000001 -1.008411 -14.099279 -30.626705 -0.888176 0.805897 -41.118821 13.247104 -21.735235 29.416672 0.000002 0.000003 -0.000003 44.085217 47.469668 59.490914 -13.685857 29.192372 -29.396782 -10.207099 -28.549781 10.929596 -0.000003 0.000000 0.000001 -15.880854 3.629448 -11.457860 -0.705453 1.167515 12.286263 -2.354490 5.942286 12.957269 -0.000001 0.000000 -0.000000 
50.818985 104.462036 -17.108154 28.048293 49.481282 340.998615 -17.995049 0.282620 -10.883941 -10.208679 -4.543304 -1.413297 14.540759 -25.492255 5.875245 8.180781 9.982654 -9.581452 -0.000001 0.000003 -0.000000 -9.688053 -3.798692 23.833375 182.254937 -149.393654 207.683240 6.816606 40.557793 -28.213268 0.000003 0.000002 -0.000001 0.865836 -12.137851 -33.842768 -1.479044 2.277258 -47.691881 10.606454 -23.784621 26.072519 -0.000002 0.000002 -0.000002 46.900177 44.702342 57.811869 -13.818765 30.520550 -29.054245 -9.915638 -30.144538 12.185559 -0.000001 -0.000002 -0.000000 -14.099599 3.422444 -12.990898 -0.177795 1.280341 13.333812 -1.707149 5.009563 12.900329 0.000001 0.000001 0.000001 
47.577324 105.965523 -16.904230 27.854736 50.597393 341.548336 -18.587272 0.417856 -11.179559 -8.744045 -3.337402 -1.944281 13.273508 -24.734878 6.476464 7.535618 10.771531 -10.861107 -0.000001 0.000001 0.000001 -9.578454 -3.555785 21.826590 180.570695 -150.685038 202.156661 8.082842 41.584394 -31.320307 0.000001 0.000000 0.000001 3.181358 -9.044554 -35.545209 -1.243242 7.806119 -51.388014 8.110048 -27.537407 23.132049 0.000002 -0.000001 -0.000001 48.467009 42.267150 55.973025 -14.081144 30.905001 -29.332674 -8.660938 -31.474570 14.600438 -0.000002 -0.000004 0.000001 -12.334242 2.935058 -15.576344 0.869010 1.869621 15.904019 -1.714807 4.438165 12.759862 0.000000 -0.000001 0.000003 
44.333389 106.967873 -16.770647 30.258349 53.497617 340.210630 -19.210978 0.265210 -10.869388 -6.906149 -1.892201 -2.844210 11.074783 -22.455357 7.237878 4.644655 10.614882 -13.402659 0.000000 0.000003 -0.000000 -7.253552 -3.045250 18.892911 181.333340 -147.799584 196.325510 7.552696 46.248396 -31.438070 -0.000000 0.000003 0.000002 7.705397 -3.121322 -33.548510 1.839032 17.805606 -48.095180 8.945484 -24.194601 22.954522 0.000005 0.000000 -0.000003 48.512423 41.414780 54.537421 -13.127938 29.972434 -31.795801 -9.160298 -35.499997 16.965471 -0.000003 0.000002 0.000002 -8.089722 1.554136 -19.146736 -0.732730 -0.311772 15.975278 1.177388 3.123764 15.430178 -0.000001 0.000002 -0.000000 
41.007286 107.286003 -16.586170 33.216562 57.119981 336.441567 -19.762007 0.056352 -10.061331 -4.298999 -0.489591 -2.200805 6.795971 -19.577819 6.019511 3.160613 13.012796 -13.748114 -0.000001 0.000003 -0.000000 -3.660228 -3.966135 15.753001 184.976413 -141.711180 193.679836 8.022087 41.857554 -26.932484 -0.000002 0.000003 0.000006 11.588669 1.844142 -30.217030 4.738403 26.273110 -42.764648 11.274043 -23.461777 22.214400 -0.000003 0.000003 -0.000003 46.612530 42.263500 54.335244 -12.259103 28.414009 -29.539298 -11.447254 -39.158622 16.966547 -0.000002 0.000002 -0.000001 -3.022080 -0.148994 -21.592291 -0.631789 -0.333198 16.645205 3.027444 1.199771 20.471696 -0.000001 -0.000001 0.000001 
37.864006 107.193909 -16.374176 33.545866 58.544031 334.760385 -19.061724 -0.211964 -8.645980 -2.752931 -0.206917 -1.274760 4.303277 -17.702787 5.239765 1.536804 11.197987 -11.616257 -0.000000 0.000005 -0.000000 -2.631740 -4.403838 13.450708 185.447627 -139.866565 188.464153 6.700271 36.478814 -22.735560 0.000002 -0.000006 0.000002 13.224868 5.788251 -27.944343 5.522866 35.229494 -37.131938 10.961157 -24.520958 20.749307 0.000003 0.000003 -0.000000 45.015065 42.582107 54.236531 -10.906378 28.057345 -25.432426 -13.553740 -41.988929 16.443839 0.000001 0.000000 -0.000002 0.758898 -1.703898 -24.055513 0.577408 -0.674821 18.149081 3.927959 0.737262 22.990661 0.000002 -0.000005 -0.000001 
34.648758 106.410042 -16.131277 33.978323 59.991997 333.187665 -18.448102 -0.519621 -6.818461 -2.870583 -0.043183 -1.689103 4.745803 -19.450335 5.623343 -0.098456 10.314048 -10.517816 -0.000000 0.000007 -0.000001 0.050432 -7.970586 13.652784 186.102383 -137.083864 182.427372 7.219343 27.509125 -19.953324 -0.000001 -0.000005 -0.000002 14.502102 8.558859 -25.482085 5.931145 45.231517 -31.030560 6.955906 -23.330997 14.945538 0.000003 0.000005 -0.000000 42.601444 41.890028 53.631404 -10.225714 24.930652 -21.687253 -18.406235 -33.817185 5.304981 -0.000005 0.000003 0.000003 4.623733 -3.145823 -27.293822 2.795218 0.470253 21.764649 4.851492 -0.864962 22.507155 -0.000000 0.000001 0.000002 
31.306244 105.207832 -15.866398 35.855201 61.475848 331.370780 -17.314403 -0.898802 -4.566273 -1.136667 -0.005427 0.090451 3.366418 -20.224108 4.284704 -2.812212 8.046564 -9.141769 0.000000 0.000003 0.000003 3.724265 -9.453445 9.576371 187.192946 -138.458357 176.099940 5.541464 18.181467 -11.261203 0.000001 -0.000002 -0.000000 13.120835 9.655696 -17.889304 1.580397 51.225060 -15.801974 5.179976 -10.413134 7.134235 -0.000002 0.000002 -0.000000 39.663096 39.772991 51.287231 -8.604163 24.239826 -15.056904 -21.240478 -26.908241 -2.832750 -0.000002 0.000001 0.000003 8.001608 -4.788554 -29.643281 4.910424 0.470033 23.487866 4.875657 0.298630 23.114012 0.000001 0.000003 0.000001 
28.096521 103.987251 -15.612698 38.605848 64.075302 327.970603 -16.257729 -1.246233 -2.143884 0.650438 0.407308 1.457041 1.240950 -19.318469 2.824851 -5.631911 6.648487 -8.013642 -0.000000 0.000001 -0.000001 5.569823 -8.375643 4.846591 187.604656 -142.092032 167.551876 5.996241 5.973590 -3.179529 -0.000000 0.000001 0.000002 10.272632 9.859318 -8.583620 -2.864921 44.355979 1.281599 7.424835 7.095572 3.498307 0.000002 -0.000000 -0.000000 37.807375 38.202068 49.746860 -7.772643 25.669265 -9.279091 -24.101072 -22.798311 -9.061664 -0.000002 0.000000 0.000003 11.322965 -6.066498 -29.344569 5.897476 0.380453 24.512801 4.188348 1.466524 23.107947 -0.000001 0.000004 0.000001 
24.670565 102.637054 -15.359098 41.562347 65.332385 325.567988 -15.770234 -1.381296 -1.287813 1.137534 0.492715 2.376408 1.433787 -18.780975 2.248120 -7.486513 6.063210 -8.232074 -0.000001 0.000001 -0.000003 6.397460 -5.864409 1.227750 188.889455 -147.290325 161.460590 11.814963 -3.215802 -3.309729 0.000001 0.000004 0.000001 8.203566 9.238592 -1.548591 -3.000021 38.333849 10.706799 11.950789 19.392271 6.186437 0.000002 -0.000000 -0.000004 33.867643 36.875563 48.171425 -6.777931 25.815607 -2.810381 -24.923464 -19.578631 -12.449672 -0.000002 0.000002 0.000001 12.555830 -6.700278 -31.204238 6.936875 1.058382 27.440724 2.108202 4.834158 24.788239 0.000003 0.000003 0.000001 
20.954943 101.292404 -15.101774 41.860730 65.854512 325.772266 -13.222470 -1.516939 0.243952 0.855491 0.114093 3.133053 1.334703 -19.277738 1.170916 -9.066940 6.232248 -8.639513 0.000001 0.000001 0.000001 9.141658 -6.552102 -2.305351 191.275636 -148.934242 155.503340 13.791208 2.434134 -5.070546 0.000002 0.000000 0.000001 8.040300 9.402234 3.188288 -1.052934 36.616975 14.729829 17.550253 22.689108 12.811546 0.000003 -0.000003 -0.000004 29.949249 36.918170 47.050182 -6.269457 25.471365 0.869866 -24.410806 -17.936341 -13.320452 -0.000003 -0.000001 0.000003 12.610216 -6.967489 -33.710392 5.847026 1.184904 30.447365 1.785439 5.027511 23.715672 0.000003 0.000000 0.000002 
17.313745 100.115471 -14.832069 40.911279 65.076670 327.799630 -10.766381 -1.518807 1.521911 0.520294 -0.144576 3.379542 1.277201 -19.755006 0.392408 -9.988670 6.190318 -9.353305 0.000001 0.000006 -0.000003 11.280427 -7.405593 -5.067594 193.144800 -150.469518 150.725363 14.606001 9.326687 -8.401014 0.000001 0.000003 -0.000001 8.042976 9.355776 6.013498 -0.197863 36.479952 18.502836 21.267310 21.577228 19.010648 -0.000002 0.000001 -0.000007 26.723224 37.233321 46.258317 -5.774607 25.139392 2.751592 -23.425459 -17.213328 -12.942715 -0.000001 -0.000001 0.000002 11.669965 -6.827380 -36.001989 4.600605 0.864860 32.618641 1.840687 4.685679 21.559704 0.000002 -0.000002 -0.000001 
13.334405 99.124695 -14.564112 41.431716 63.647651 328.526362 -8.282166 -1.429283 1.488540 -1.133643 -0.781844 2.866774 2.467060 -19.883335 0.854209 -11.226214 6.128184 -9.983287 -0.000000 0.000005 0.000002 13.495381 -9.392455 -7.186366 194.153810 -148.420461 145.534146 15.587632 18.026275 -13.164986 0.000001 -0.000002 0.000003 7.488857 8.520478 9.527003 1.578358 35.189070 20.721826 23.038853 13.172118 22.530057 -0.000001 0.000001 -0.000003 22.046966 38.740672 46.571389 -5.747815 24.280069 1.007712 -21.474685 -18.067964 -9.731127 -0.000001 0.000000 0.000003 9.729622 -5.684963 -36.251154 2.112630 -0.481175 32.801393 2.704099 3.124562 17.930234 0.000000 -0.000001 -0.000003 
9.175171 98.461914 -14.320024 41.932092 61.619474 330.094874 -7.425129 -1.388105 -0.612978 -2.308256 -2.358312 4.280865 3.540874 -21.997183 -0.134534 -9.843829 7.231147 -10.642875 -0.000000 0.000005 -0.000002 14.797388 -11.080064 -9.363566 192.890321 -144.423626 139.192452 15.328449 22.602001 -15.155520 -0.000000 0.000001 -0.000001 5.940022 5.143051 12.411036 2.757774 30.631742 25.397801 23.037082 6.709043 22.729225 -0.000003 0.000002 -0.000005 18.359152 42.787102 49.753618 -6.860362 23.210170 -5.144320 -18.336654 -19.615441 -4.624384 -0.000004 -0.000001 0.000003 7.109132 -4.458997 -34.966371 -0.225875 -1.759190 29.149994 1.733935 3.791466 13.752140 -0.000000 0.000000 0.000002 
5.251422 97.985321 -14.077509 41.420654 59.560670 331.483697 -6.999536 -1.246723 -1.475902 -3.263743 -3.901764 5.608398 4.414865 -24.052573 -1.217568 -7.955078 8.262721 -11.628549 0.000000 0.000010 0.000002 14.834379 -13.216143 -11.148359 189.821380 -140.615345 133.712947 14.153348 25.580223 -16.816802 0.000002 0.000001 0.000002 3.861380 1.370179 14.660251 3.849360 23.931924 31.020660 21.758514 4.397830 22.004458 0.000005 -0.000001 -0.000002 15.416903 47.072052 54.464441 -8.454002 22.142582 -12.152380 -13.868994 -20.418972 1.326214 -0.000004 -0.000005 -0.000001 4.705675 -3.254093 -34.342720 -1.719873 -1.683401 27.613949 1.002066 4.111507 12.605870 -0.000002 -0.000001 -0.000001 
1.205101 97.753578 -13.752605 38.462687 56.509843 333.115183 -6.203008 -1.162904 -1.900692 -5.418019 -5.802701 6.100252 5.986680 -27.718180 -2.120359 -4.807931 10.731817 -13.445190 -0.000000 0.000003 -0.000000 15.063463 -16.785376 -10.513456 183.777851 -132.798712 130.802084 11.873172 29.569494 -18.672885 -0.000001 0.000003 0.000003 2.024409 -1.981549 15.281356 6.490222 15.317930 34.461098 20.326141 -1.002315 25.076198 0.000003 -0.000002 -0.000003 11.304457 51.208534 60.234612 -9.937328 21.840175 -15.648110 -8.308239 -18.849787 7.443321 -0.000004 -0.000001 0.000004 0.512390 -1.284259 -33.159476 -2.215219 -1.114297 26.341902 -0.233701 4.852938 8.458263 0.000000 0.000000 0.000002 
-2.889650 97.851624 -13.422544 38.689665 54.783400 333.681133 -5.640682 -1.181691 -2.808146 -7.255321 -7.380470 6.765092 6.472730 -30.850568 -4.064628 -3.525338 12.828894 -14.922973 -0.000000 -0.000000 0.000001 16.284942 -21.205362 -5.204494 179.087833 -122.888805 134.068417 13.320223 34.384661 -22.206890 0.000003 -0.000001 0.000003 2.033250 -4.395060 13.753765 9.139316 10.659946 32.480278 18.878849 -5.839132 22.686395 -0.000000 -0.000002 0.000002 9.429000 52.117861 61.513141 -10.206223 21.296632 -17.602956 -4.846029 -16.697526 11.034072 -0.000002 -0.000003 0.000003 -4.001251 0.600822 -32.246617 -2.343912 -1.247292 24.180681 -1.023534 5.392644 4.569368 0.000000 0.000001 0.000001 
-6.685177 98.083138 -13.071056 35.695538 53.018681 335.825894 -4.115724 -1.156183 -3.259478 -8.026970 -8.073407 7.006579 6.769629 -31.882876 -4.779984 -1.157813 13.831285 -15.488385 0.000001 0.000001 0.000001 16.792568 -23.268651 -1.314226 175.709813 -115.327594 137.403298 14.440372 34.829812 -23.514895 0.000004 0.000003 -0.000001 2.083559 -5.554273 12.309102 10.393021 7.688989 28.678147 17.824678 -8.515422 21.186876 -0.000000 -0.000000 -0.000000 9.544047 53.432659 63.198811 -10.411075 20.324739 -19.474290 -3.083847 -15.271188 12.534868 -0.000002 0.000001 0.000001 -7.359351 1.784143 -31.218828 -1.384934 -1.054749 22.866362 -1.203993 5.665144 2.942079 0.000000 0.000000 -0.000000 
-10.409120 98.400612 -12.699216 33.652666 51.103059 337.568275 -5.640739 -1.171253 -6.810620 -8.802412 -8.686925 7.211216 8.338430 -31.338250 -4.493932 1.620537 14.778499 -15.186080 0.000001 0.000005 -0.000002 16.321606 -22.823277 2.714819 168.208134 -108.555140 131.606790 15.104844 24.840025 -18.583758 0.000003 -0.000002 0.000004 2.415965 -7.429362 8.909600 11.588953 5.147506 23.424422 16.710611 -5.811382 16.797361 0.000002 -0.000001 -0.000000 10.289052 54.428452 65.033291 -11.309083 17.559802 -22.711711 -1.551047 -13.286122 12.910357 -0.000004 -0.000004 -0.000000 -8.923132 2.478412 -27.339714 -2.485870 -1.088851 18.519430 -0.834265 4.690572 3.519069 -0.000000 0.000001 0.000001 
-13.930454 98.767136 -12.302351 32.780581 50.952815 339.015538 -7.446441 -1.073895 -9.265063 -10.425353 -9.105284 6.124902 10.408417 -32.574176 -4.497000 3.704140 16.306255 -15.363215 -0.000000 0.000006 -0.000001 15.914211 -23.654311 7.695630 159.217611 -103.593233 126.328092 13.355272 14.902288 -11.416809 -0.000004 -0.000001 0.000003 2.517218 -8.786684 3.873507 11.024531 3.238656 18.422016 15.704123 0.399535 14.385022 0.000004 0.000002 -0.000001 14.485515 54.362012 64.741574 -13.120997 17.027759 -26.695373 1.069653 -10.787547 14.552609 0.000001 -0.000002 -0.000000 -9.478066 2.529397 -24.176068 -3.379919 -0.703173 15.010965 -1.943065 6.561688 4.544571 0.000000 -0.000001 0.000001 
-17.133356 99.127670 -11.888556 32.481747 50.590487 339.554768 -9.000099 -0.963812 -10.531958 -10.373544 -9.149371 6.236169 10.199078 -33.807514 -5.398066 5.280170 17.399395 -15.388858 -0.000001 0.000005 -0.000000 15.423662 -24.309886 12.015602 147.885712 -98.423463 120.401263 12.002608 8.466761 -6.268458 0.000001 -0.000003 -0.000001 2.272801 -9.896359 1.086074 11.463265 -1.301252 14.507510 15.069272 3.905814 12.388118 0.000003 0.000000 -0.000003 17.511085 54.429627 64.395194 -14.434823 17.223324 -29.896759 2.479314 -9.277641 15.413292 -0.000006 -0.000004 0.000001 -10.024216 2.447437 -21.539539 -4.216965 -0.577122 11.988542 -2.461972 7.352223 5.745655 0.000000 0.000001 0.000001 
-20.202038 99.593544 -11.476725 31.807703 49.770052 341.121996 -10.785086 -0.784609 -12.183445 -10.192516 -8.492031 5.340841 10.154419 -33.720890 -5.465411 6.056029 16.672143 -13.930788 0.000000 0.000006 0.000003 14.442799 -24.146423 19.548768 205.382614 -92.599812 191.185000 7.006678 16.968709 -6.112009 -0.000003 -0.000002 -0.000002 3.558149 -8.274754 -4.642500 8.788586 3.819070 7.052380 17.625231 4.544429 19.826118 0.000003 0.000001 -0.000002 22.144607 53.737944 63.169995 -15.534763 19.662899 -31.419738 -0.766074 -16.782721 16.673270 -0.000002 -0.000001 0.000003 -10.318194 2.274488 -19.157417 -3.942479 -0.439130 10.010267 -3.978088 11.044512 9.030874 -0.000000 0.000000 0.000001 
-23.091454 100.033241 -11.010983 30.642551 48.991233 342.260807 -11.875460 -0.673926 -12.828277 -9.989600 -8.438519 5.468479 9.706279 -34.490857 -6.056243 6.614886 16.095337 -12.623998 -0.000000 0.000005 -0.000002 12.832355 -23.577164 25.455804 249.635792 -98.783038 248.429744 3.813981 26.487289 -6.594627 0.000003 0.000001 0.000000 3.860714 -8.846836 -8.981377 7.657031 7.770046 0.219101 19.286974 3.278244 23.181875 0.000003 -0.000002 -0.000001 25.546316 52.885666 62.120666 -16.036432 21.209472 -33.106303 -2.250620 -20.349529 17.161861 -0.000003 -0.000002 0.000002 -10.718778 2.440093 -16.692675 -3.965113 -0.584151 8.049624 -4.982297 13.293868 11.110411 0.000000 -0.000001 0.000001 
-25.727180 100.410461 -10.537651 30.125506 48.297121 343.557504 -13.195645 -0.495981 -14.009276 -10.106337 -8.186797 4.958077 9.872009 -33.742757 -5.738249 6.095976 15.549110 -11.778628 0.000002 0.000005 0.000002 10.904034 -22.517469 29.381124 245.678025 -105.116823 255.471478 3.548354 33.482294 -10.174665 -0.000001 -0.000002 0.000001 4.115492 -9.371617 -12.510399 6.821346 11.995893 -5.380493 19.256579 3.328521 24.529443 -0.000001 0.000004 -0.000005 27.697718 51.974044 61.330960 -16.165483 21.841200 -34.656954 -2.948397 -22.104722 17.545130 -0.000001 -0.000001 0.000002 -11.014004 2.674173 -15.482943 -4.274329 -0.640813 6.589825 -5.360938 14.008163 11.935464 -0.000000 0.000000 0.000000 
-28.353380 100.857483 -10.151718 29.497511 45.953216 345.533260 -14.748697 -0.147315 -15.437734 -10.216838 -7.865698 3.970736 10.437174 -33.421523 -4.603031 3.611135 14.133862 -11.292902 0.000000 0.000005 -0.000000 7.694804 -20.653536 30.294795 231.033170 -111.403500 250.328701 -4.715354 35.153051 -2.867484 0.000001 0.000001 0.000005 2.271098 -12.132159 -15.364657 5.897922 8.039592 -9.733429 20.015849 0.094103 29.180306 0.000003 -0.000002 -0.000003 29.197389 51.509913 60.441724 -15.118321 22.758253 -31.768262 -5.298538 -24.752744 15.714011 -0.000000 0.000003 0.000002 -11.210740 2.565647 -14.473661 -4.062670 -0.444953 6.283690 -5.877818 14.179772 11.940644 0.000000 0.000000 -0.000001 
-30.837595 101.254723 -9.757933 28.798560 45.317083 346.869245 -16.041253 0.179860 -16.958354 -9.902742 -7.261935 3.220538 11.347533 -33.134218 -3.297821 5.322100 13.411412 -10.009139 -0.000001 0.000001 -0.000001 4.872254 -18.041094 31.070182 218.915786 -118.848188 247.390872 -11.730556 39.711683 2.581789 -0.000004 0.000001 0.000000 1.085262 -15.061602 -18.921711 5.672617 3.171651 -13.339383 20.191699 3.058232 29.555291 -0.000000 -0.000000 -0.000000 30.427817 50.877143 59.658287 -15.096084 22.573820 -32.372221 -6.194010 -26.921394 15.692660 -0.000001 0.000001 0.000003 -10.855752 2.420927 -13.188892 -4.188890 -0.283965 5.835685 -6.212984 14.126508 11.370208 0.000000 0.000001 0.000001 
-33.202927 101.641365 -9.458122 28.523307 45.298904 347.546116 -17.033049 0.462394 -18.211181 -10.160225 -6.651888 2.197404 12.755568 -32.052135 -1.680390 6.316834 12.975573 -9.080474 -0.000001 0.000001 0.000002 2.307830 -15.374373 32.465928 209.907532 -126.098993 245.825366 -16.985953 44.419292 5.560646 0.000001 0.000003 0.000001 0.228504 -17.524003 -22.580537 5.943740 -1.205264 -15.304070 20.167027 3.440032 31.361090 -0.000000 -0.000000 -0.000003 30.743501 50.378632 59.553027 -15.765175 22.501408 -33.280845 -6.030133 -28.378429 16.846675 -0.000003 -0.000003 -0.000002 -10.551111 2.494367 -12.510425 -4.285257 0.138929 5.663140 -6.471957 14.269092 11.417595 -0.000000 0.000000 -0.000000 
-35.425064 101.968506 -9.145388 27.959601 45.553807 348.626816 -17.552785 0.760347 -19.721010 -10.358871 -5.905954 0.836073 14.195778 -31.072272 0.398575 7.130652 12.845337 -8.795918 -0.000000 0.000001 0.000003 -1.200461 -12.384740 33.134252 201.524281 -132.784301 243.114354 -21.990238 48.694799 7.046071 -0.000000 0.000000 0.000002 -1.312721 -19.608061 -26.230737 5.186336 -6.692525 -16.753858 19.170143 1.605288 34.160303 0.000003 0.000000 -0.000003 30.473582 49.559146 59.161958 -15.952441 23.028985 -32.253345 -5.004891 -25.632267 16.090175 -0.000003 0.000000 0.000003 -10.637735 2.655910 -12.714582 -4.630787 0.724063 5.679770 -5.179841 11.256184 10.395497 -0.000002 -0.000001 0.000001 
-37.522758 102.264320 -8.848618 27.762817 46.412925 348.690036 -17.407949 0.867926 -20.169205 -10.800711 -5.429799 -0.347048 15.674777 -30.519184 1.916009 7.078988 12.147239 -8.329253 -0.000000 0.000005 -0.000002 -3.781242 -10.033967 33.289003 194.868685 -138.998188 240.504566 -20.865919 51.464649 3.726365 0.000002 -0.000001 0.000001 -2.566232 -20.978513 -28.674654 4.302141 -9.774539 -19.019522 18.691079 0.967408 35.352185 0.000002 -0.000001 -0.000002 29.869052 49.359045 58.966369 -15.987057 22.662923 -31.741962 -4.421867 -23.581413 15.306616 -0.000003 0.000000 0.000003 -10.716652 2.649749 -12.304224 -5.039510 0.878600 5.764276 -4.202384 9.161644 9.034361 -0.000001 0.000001 0.000001 
-39.440056 102.555611 -8.588535 28.037585 46.613903 348.817269 -17.792848 0.946204 -20.830829 -9.825282 -5.198799 0.189183 14.418345 -30.127138 1.464736 7.414901 12.033575 -8.167416 -0.000000 0.000001 -0.000000 -4.587020 -8.573616 33.533674 190.307375 -144.709305 238.129764 -13.983609 51.912713 -2.795028 -0.000005 -0.000002 0.000001 -2.350901 -21.174363 -30.039739 4.356172 -10.325748 -21.177818 19.068732 2.158012 33.722457 -0.000002 -0.000001 -0.000002 29.700828 49.381636 58.621410 -16.030531 21.207953 -34.396006 -3.687623 -26.288874 18.735371 -0.000002 0.000003 0.000003 -10.306288 2.349615 -11.541999 -5.186939 0.049507 5.344961 -5.010327 11.587616 10.552398 0.000000 0.000001 0.000001 
-41.206749 102.778717 -8.306187 28.145420 46.539639 348.808909 -17.939644 1.035192 -21.292034 -9.455748 -4.955597 0.256095 14.291754 -29.964501 1.692743 7.767685 12.093774 -8.155645 -0.000000 0.000003 -0.000000 -5.259912 -7.370184 33.046484 187.548225 -148.410230 235.638384 -9.508907 51.564380 -7.616931 0.000002 0.000000 -0.000001 -2.526320 -21.531444 -30.864450 4.057959 -11.276394 -23.227532 18.832869 1.175360 33.697647 -0.000003 -0.000000 -0.000000 28.115519 50.115946 59.430582 -16.478185 19.253740 -35.918496 -2.286367 -27.283035 21.560749 -0.000003 0.000002 0.000002 -10.374216 2.364440 -10.909215 -5.286726 0.015943 5.700321 -5.092714 11.969947 10.974286 -0.000001 0.000004 -0.000000 
-42.848625 102.920738 -8.005673 28.671017 47.275352 348.038655 -17.134559 0.929334 -21.378717 -10.612565 -4.891866 -0.743028 16.207945 -29.907561 3.083140 6.738221 11.528827 -7.950921 -0.000000 0.000006 0.000001 -6.105171 -6.240997 32.208952 186.642227 -150.302944 233.841034 -8.540827 52.561267 -9.589083 -0.000001 0.000000 -0.000004 -2.621845 -21.677953 -31.534034 4.014825 -10.793009 -24.712480 17.438142 2.038425 32.062923 0.000003 -0.000002 -0.000003 25.284367 51.000674 60.903451 -16.283477 17.735172 -34.828378 -1.166231 -23.893515 20.700326 -0.000003 0.000001 0.000003 -11.108329 2.802340 -11.027046 -5.647153 0.369799 6.168427 -3.974591 9.174768 9.416246 0.000000 0.000001 0.000002 
-44.283272 102.952408 -7.663497 28.550823 48.471322 347.058195 -16.467183 0.834888 -21.084160 -11.024966 -4.929727 -1.104130 17.060025 -30.389793 3.617836 7.395666 11.420204 -7.671631 0.000000 0.000001 0.000003 -6.958548 -5.909534 31.840016 185.252161 -151.153220 231.382849 -7.615903 51.797310 -11.868698 -0.000003 0.000002 -0.000001 -3.717990 -22.382332 -32.696170 3.086298 -12.619283 -24.897629 16.412050 0.316366 32.516021 0.000001 0.000000 0.000001 23.082377 51.523552 61.441219 -16.133267 17.501615 -33.638094 0.152474 -19.502140 19.418767 -0.000004 -0.000001 0.000002 -11.921747 2.863840 -10.837607 -5.223047 0.566469 7.758271 -3.693412 7.951156 7.747998 0.000000 0.000005 0.000002 
-45.646378 102.861771 -7.319695 28.555057 49.367576 346.299989 -15.273046 0.691327 -20.573302 -11.318782 -5.096612 -1.145782 17.288211 -30.203281 3.767081 6.812496 10.880887 -8.339606 -0.000002 0.000006 -0.000001 -7.422067 -6.086736 30.252127 184.670120 -152.306771 227.770963 -4.025401 49.763505 -14.976655 0.000001 -0.000005 -0.000004 -4.899960 -23.340264 -33.981393 2.559580 -13.237123 -26.080087 16.770179 -5.052513 31.877514 0.000002 0.000002 -0.000000 19.616238 51.876035 61.747137 -14.961482 14.736601 -30.606802 1.842415 -14.674025 18.271859 -0.000003 -0.000002 0.000002 -13.077148 3.170977 -11.551474 -3.838068 0.822020 10.914247 -3.615894 7.126566 5.350115 0.000001 -0.000001 0.000002 
-46.998466 102.619400 -7.000532 30.452262 49.682847 345.689042 -14.899467 0.742007 -20.259321 -11.326907 -5.086405 -1.266066 16.983779 -30.765952 3.626748 5.638021 11.511449 -10.168159 0.000001 0.000001 0.000003 -7.175818 -6.351503 27.267630 183.854294 -150.620015 220.122093 -5.991485 45.099418 -13.177538 0.000001 0.000000 0.000001 -5.970944 -23.128755 -35.859053 0.626553 -10.614216 -26.600563 12.737546 -10.252559 27.060176 0.000003 -0.000001 -0.000000 15.125442 52.651504 63.100996 -13.353263 10.880037 -25.171148 3.006878 -9.489414 15.176622 -0.000004 0.000003 -0.000000 -15.361959 3.892443 -13.996916 -2.254102 1.856271 13.579779 -3.716478 5.396106 2.651872 -0.000000 0.000002 0.000001 
-48.241623 102.301903 -6.703665 31.346723 51.194843 344.447478 -13.995585 0.674144 -19.327311 -11.634275 -4.864622 -2.035508 16.810692 -31.110446 3.947165 4.497335 11.162578 -10.742638 -0.000001 0.000006 0.000001 -6.098473 -7.177871 24.783096 183.658596 -148.543582 213.143074 -8.345295 41.758609 -10.121099 -0.000003 0.000000 -0.000003 -4.522775 -20.755077 -36.183870 -0.218328 -4.987445 -28.295986 9.290979 -16.597042 22.072994 0.000002 -0.000002 -0.000001 12.293563 53.048085 63.323442 -12.846810 8.083630 -23.801100 3.279843 -7.820824 13.485426 -0.000003 -0.000001 0.000002 -16.584466 4.201374 -16.043629 -0.230196 2.633060 18.739835 -3.561758 3.824756 -1.638588 -0.000000 0.000000 0.000001 
-49.515739 101.801239 -6.446145 32.962517 52.591958 343.604879 -12.155274 0.464109 -17.878386 -10.682221 -4.860836 -1.124939 15.068885 -32.173831 2.721216 3.143286 11.628971 -11.582348 0.000000 0.000001 -0.000001 -4.235420 -8.170596 20.236695 182.680458 -147.332043 204.614654 -10.900681 36.641499 -6.332104 0.000003 -0.000001 0.000003 -3.498450 -18.963185 -36.802398 -1.408150 -0.447209 -30.894680 3.825046 -17.967275 14.348071 0.000001 0.000001 -0.000002 8.429766 53.031832 63.009704 -12.008564 2.774057 -22.405662 4.038394 -6.439291 12.956679 -0.000003 -0.000002 0.000002 -18.089618 4.731745 -19.394752 -0.381189 3.044777 24.688668 -2.940907 -0.466490 -6.257537 -0.000000 0.000003 0.000002 
-50.779594 101.163116 -6.187958 34.899979 52.225091 343.524911 -10.653446 0.349583 -17.667643 -10.423366 -4.928585 -0.688802 14.469424 -33.931471 2.047219 1.921704 12.392227 -12.988919 0.000001 0.000008 -0.000002 -2.651162 -8.689193 15.351736 182.046931 -146.525535 196.402540 -14.726187 33.779541 -1.136646 -0.000003 -0.000003 0.000001 -4.597609 -19.706788 -37.388134 -1.984889 1.655735 -33.605685 -0.106754 -16.692842 8.125009 -0.000000 -0.000006 0.000001 2.760671 54.027483 64.774782 -11.005077 -2.437293 -22.152224 4.897030 -4.170770 12.237702 -0.000003 0.000001 0.000001 -20.368206 5.665619 -22.396166 0.056359 3.027763 29.467960 -2.605072 -3.016994 -9.324170 -0.000001 0.000004 0.000001 
-51.884972 100.457954 -5.890308 34.939314 52.410876 343.334567 -9.305282 0.134648 -16.961153 -9.509375 -4.994105 0.258167 12.738478 -35.048781 0.639694 2.063256 13.069273 -13.332223 0.000002 0.000001 0.000001 -0.927223 -9.029805 12.372172 181.797629 -145.932715 190.257624 -16.552134 31.934645 1.519245 -0.000004 -0.000002 0.000001 -3.617920 -19.190222 -37.873419 -1.872445 1.450215 -34.985376 -2.385213 -15.715545 4.343128 -0.000003 0.000000 -0.000003 -0.648804 53.946945 64.533273 -9.600261 -6.538727 -20.146290 4.414999 -6.718528 14.286776 -0.000003 0.000002 -0.000001 -22.058074 6.337573 -24.735487 0.505348 3.080641 34.470431 -2.097036 -5.179898 -11.507823 -0.000000 0.000000 0.000002 
-52.968864 99.663536 -5.613526 36.514864 53.124709 341.937110 -7.549968 -0.031867 -15.812325 -9.866648 -4.904399 -0.354147 12.933138 -36.055855 1.011464 2.166245 13.481723 -14.012147 0.000001 0.000005 -0.000002 0.245004 -10.446715 9.611134 180.614941 -145.301387 184.257194 -17.850341 30.133251 2.816501 0.000002 -0.000002 0.000002 -4.045397 -19.102494 -37.996933 -2.871207 1.765956 -35.246839 -4.185224 -13.851260 1.726743 -0.000001 0.000003 -0.000002 -4.204676 53.539838 63.406142 -7.767700 -9.321247 -17.209488 3.428128 -9.817338 15.596510 -0.000003 -0.000003 0.000002 -23.286857 6.864354 -26.731180 -0.014017 2.842101 39.094343 -1.695434 -7.764122 -13.464311 -0.000000 0.000005 0.000001 
-53.975372 98.799522 -5.324521 36.446675 53.660644 340.706693 -5.909193 -0.311581 -14.699028 -9.158183 -5.198378 0.571674 11.696194 -36.787112 0.569309 2.306077 14.215030 -15.486950 -0.000001 0.000005 -0.000000 1.520515 -11.043405 7.274864 180.702271 -146.063541 180.678407 -17.270234 28.372580 3.050503 0.000001 0.000001 0.000000 -3.128366 -18.377514 -37.350551 -2.475708 0.695233 -36.435159 -4.923424 -12.125083 -0.235715 -0.000002 0.000002 -0.000001 -7.540408 53.152430 62.106623 -6.522388 -12.658554 -16.590029 7.544408 -9.956961 23.747707 0.000002 -0.000001 -0.000000 -23.782504 7.056509 -27.601606 -1.804857 1.329153 42.956532 -1.056816 -11.779502 -17.563082 0.000001 0.000002 0.000001 
-55.001083 97.978600 -5.110231 39.774685 54.562365 338.844428 -5.166737 -0.267325 -14.530558 -10.030036 -5.094528 -0.427481 13.251311 -37.893821 1.972697 1.950459 14.532206 -16.451132 0.000001 0.000006 -0.000001 0.929840 -11.779397 5.718417 178.420237 -146.262600 176.808941 -16.373700 24.282308 1.463108 0.000002 0.000001 0.000000 -4.467180 -18.159521 -37.681839 -4.267992 1.085808 -35.448207 -5.915559 -8.756747 -0.278686 -0.000002 -0.000001 -0.000002 -10.884269 53.059078 62.123986 -6.240185 -13.586271 -16.090686 6.809135 -5.332464 17.553091 -0.000001 -0.000002 -0.000000 -24.584332 7.739270 -29.972082 -2.055417 1.395070 44.886999 -1.104470 -12.226459 -16.947330 -0.000000 0.000000 0.000001 
-55.883537 97.098251 -4.854721 39.137988 54.608868 338.773913 -3.641727 -0.494537 -13.371809 -9.504874 -5.048227 0.046080 11.761440 -38.006188 1.024650 2.643752 15.380121 -16.125276 0.000001 0.000001 -0.000001 2.359868 -10.806542 5.525880 180.420349 -145.590072 177.232330 -16.974799 25.642139 3.619736 0.000001 -0.000003 0.000001 -3.425921 -18.752235 -37.067689 -2.550922 -0.799703 -36.223611 -5.667954 -8.987451 -1.826145 0.000004 0.000002 -0.000004 -13.021306 52.947251 61.548207 -5.362804 -16.251465 -14.098068 5.603494 -13.090729 22.671915 -0.000001 0.000001 0.000001 -25.347611 8.254979 -31.657811 -2.445912 1.331190 50.149650 -0.922913 -13.423729 -18.317705 -0.000001 -0.000001 0.000001 
-56.697777 96.223801 -4.591425 40.214726 54.925618 338.036799 -2.580528 -0.519338 -12.830181 -9.378213 -5.236352 0.336258 11.487608 -38.522953 0.951815 2.871069 15.616304 -16.868861 -0.000001 0.000005 -0.000002 1.992424 -11.481173 4.914096 178.630429 -146.212316 175.127348 -16.032571 22.913763 1.836585 -0.000002 -0.000005 -0.000000 -4.115749 -18.365112 -36.912863 -4.023576 -0.770258 -35.711781 -6.412770 -6.241103 -1.560682 -0.000004 -0.000002 -0.000002 -15.433873 52.829580 61.230167 -4.121975 -17.687123 -12.003408 4.455476 -13.894640 21.048138 -0.000002 0.000000 0.000003 -26.312546 8.913637 -33.444892 -3.296890 0.928957 52.521832 -0.640194 -15.483714 -18.905484 0.000000 0.000005 -0.000002 
-57.440483 95.400444 -4.331338 40.377432 54.934528 337.901343 -1.796385 -0.526828 -12.434577 -9.489014 -5.136558 -0.055193 11.710428 -39.291623 1.358820 3.128642 15.958269 -17.354027 -0.000001 0.000008 0.000002 1.600605 -11.575350 4.124553 177.464898 -147.052211 174.037742 -15.455403 21.244475 0.641712 0.000000 0.000000 -0.000000 -4.479850 -17.895241 -36.606173 -5.026489 -1.168199 -35.298493 -6.943255 -4.343081 -1.726991 0.000003 -0.000001 -0.000001 -17.021207 52.867204 61.075586 -2.925841 -18.313378 -10.127524 3.687199 -15.168385 20.599953 -0.000003 -0.000003 0.000002 -27.135623 9.370418 -34.603589 -3.495261 0.777582 54.133573 -0.408886 -16.549999 -19.039887 0.000001 0.000000 0.000000 
-58.138000 94.582893 -4.086160 41.447258 55.484632 337.140241 -1.384567 -0.514413 -12.194891 -9.641817 -5.172094 -0.205208 11.749968 -39.600429 1.381343 3.069116 15.916555 -17.527809 0.000000 0.000010 -0.000000 1.514134 -11.689052 3.822120 177.129140 -147.727539 173.177971 -15.604079 20.345749 0.691649 -0.000000 0.000001 -0.000000 -4.613050 -17.780731 -36.624113 -5.335858 -1.389395 -35.010330 -6.941703 -2.928836 -1.654112 0.000001 0.000002 -0.000001 -18.315410 52.552415 60.122276 -2.030824 -19.113272 -8.587363 3.750142 -15.422202 20.803636 -0.000004 -0.000003 -0.000001 -27.695445 9.851579 -36.023521 -3.833194 0.587545 56.021215 -0.194183 -17.406802 -18.917015 0.000001 0.000000 0.000001 
-58.778831 93.794617 -3.838992 42.247360 55.887668 336.286304 -0.792454 -0.556384 -11.752705 -9.728598 -4.935540 -0.598204 11.853623 -39.738775 1.878998 3.371842 15.946361 -17.443280 -0.000002 0.000007 -0.000004 1.780205 -11.348570 3.435401 177.765263 -147.846002 173.377740 -15.872217 20.373472 1.621117 0.000002 -0.000001 0.000000 -4.339425 -17.772299 -36.466486 -4.926275 -2.300610 -34.658176 -7.499837 -3.915750 -2.912354 0.000003 -0.000002 -0.000003 -19.688678 52.319649 59.591092 -1.528720 -19.461982 -7.181306 3.414914 -15.545147 20.265270 -0.000003 -0.000001 -0.000000 -28.233728 10.387863 -37.045805 -4.079454 0.532387 58.066443 -0.311028 -18.131261 -19.640675 0.000000 0.000000 0.000001 
-59.374435 93.064636 -3.606328 42.613629 55.985097 335.803628 -0.429994 -0.621950 -11.589998 -9.879793 -4.833098 -0.811966 11.860302 -39.437273 2.111331 3.254676 15.900631 -17.235880 -0.000001 -0.000000 0.000003 2.335560 -11.118686 3.210904 178.823095 -148.050224 174.008099 -16.518099 20.967004 3.026976 -0.000004 0.000002 -0.000001 -4.250630 -18.352795 -36.218229 -3.968797 -2.651537 -34.878863 -7.491430 -4.676196 -3.696663 0.000003 0.000003 -0.000003 -20.826326 52.360896 59.779380 -0.927339 -19.662259 -5.917909 2.944309 -16.055874 20.043354 -0.000003 -0.000001 0.000003 -28.538916 10.644029 -37.251609 -3.791905 0.711879 59.717539 -0.103960 -18.640968 -19.689769 0.000001 0.000002 0.000002 
-59.928810 92.368431 -3.380028 44.083742 56.536833 334.720633 -0.241246 -0.644298 -11.487306 -10.089961 -4.739547 -1.076055 12.020672 -39.802183 2.303323 3.080089 15.907678 -17.159945 0.000001 0.000006 0.000006 2.573852 -11.045617 3.174201 179.158116 -148.248764 173.681315 -17.084169 21.003621 3.987080 -0.000002 -0.000005 0.000002 -4.098899 -18.412093 -36.126189 -3.716070 -3.382142 -34.557055 -7.452302 -3.815198 -4.081967 0.000007 -0.000006 0.000003 -21.739340 52.179514 59.441087 -0.750025 -20.237343 -5.483010 3.153666 -14.808441 19.395965 -0.000004 0.000003 0.000004 -28.671553 11.017612 -38.287100 -4.672904 0.161836 60.534683 -0.129111 -19.624990 -20.586644 -0.000002 -0.000001 0.000001 
-60.398186 91.699959 -3.135573 44.128346 56.914047 334.012588 0.594310 -0.691920 -10.661936 -10.102867 -4.955120 -0.827288 11.392461 -39.962139 1.772289 2.755041 15.833371 -16.906465 -0.000001 0.000005 0.000002 2.885858 -10.907672 2.626779 179.185314 -148.427947 174.330224 -16.702382 20.607577 3.805574 0.000001 0.000000 0.000002 -3.646422 -17.984346 -35.520221 -3.830286 -4.246326 -34.967983 -7.937446 -4.376019 -4.668372 0.000002 -0.000001 -0.000000 -21.567796 51.591725 57.370440 0.139571 -20.610752 -4.317368 3.691671 -20.465612 24.803101 -0.000001 0.000006 0.000005 -29.125194 11.252188 -39.004728 -4.430940 0.113710 63.513021 0.206364 -20.765809 -20.826253 0.000001 0.000002 0.000001 
-60.828499 91.085785 -2.892353 44.638595 57.365755 333.078792 1.042868 -0.676692 -10.051668 -9.911298 -4.968161 -0.719201 10.863948 -39.914502 1.598607 2.513130 15.735533 -16.861292 0.000002 0.000006 0.000001 2.705942 -10.784119 2.321617 178.861904 -148.307900 173.698063 -16.367809 19.537112 3.643564 0.000001 0.000000 -0.000000 -3.790804 -17.895213 -35.639172 -4.189413 -4.491108 -34.892025 -7.871049 -3.460106 -4.438463 0.000001 -0.000000 0.000001 -21.341488 51.127463 55.920880 0.679824 -20.468940 -3.435272 4.331790 -23.617432 28.024850 -0.000002 0.000001 0.000003 -29.305681 11.345958 -39.392163 -4.533109 -0.044529 65.183610 0.271018 -21.583864 -21.173458 -0.000001 0.000000 0.000001 
-61.222649 90.503128 -2.645887 44.918760 57.234356 332.818234 1.581497 -0.725035 -9.772341 -9.846817 -4.944485 -0.553582 10.260200 -39.669418 1.233503 2.274535 15.744226 -16.373012 -0.000002 0.000003 0.000002 3.587306 -11.291231 3.009540 180.210716 -148.851870 174.521524 -17.117472 21.252070 5.296825 0.000000 -0.000001 -0.000000 -3.543864 -18.627177 -35.350744 -3.045720 -4.588289 -35.501776 -7.292063 -5.188343 -5.036965 0.000007 0.000003 0.000001 -21.962706 51.258896 55.981730 0.815833 -20.915663 -3.463413 7.497058 -20.690957 31.551407 -0.000003 0.000001 0.000001 -29.697014 11.464052 -38.886835 -5.273518 -0.729551 64.262463 0.792890 -22.368414 -20.626671 0.000001 0.000000 0.000001 
-61.596657 89.947693 -2.406088 45.267226 57.073242 332.577183 1.921291 -0.787870 -9.958998 -9.607127 -4.946912 -0.193940 9.692263 -39.463826 0.960900 2.261619 15.692722 -15.846537 -0.000001 0.000005 -0.000000 3.981962 -11.301829 3.210200 181.021200 -148.942179 174.818951 -17.437961 21.795735 6.372200 -0.000002 -0.000005 0.000002 -3.398627 -19.066099 -35.157914 -2.339537 -5.275764 -35.690805 -7.206958 -6.567127 -5.803183 -0.000000 -0.000000 -0.000000 -23.055030 51.453287 56.359791 0.865535 -21.711730 -3.649847 9.012853 -19.341151 33.480044 -0.000002 0.000002 0.000002 -30.186865 11.751533 -39.052515 -5.615472 -1.059991 64.465935 0.921411 -22.843095 -20.754416 -0.000001 0.000002 -0.000001 
-61.925423 89.435356 -2.161484 45.461220 57.104056 332.372632 2.171879 -0.818483 -10.137520 -9.182041 -5.221514 0.633251 8.693962 -39.538053 0.121675 2.539720 15.760008 -15.748261 0.000001 0.000003 -0.000000 4.100579 -10.830444 2.977281 181.233797 -148.771670 174.943425 -17.395385 21.756605 6.713649 0.000001 -0.000002 0.000004 -2.929720 -18.699665 -34.893825 -2.211350 -5.781683 -35.825220 -7.283901 -6.888043 -6.270477 0.000003 -0.000006 -0.000000 -23.516486 51.459431 56.066762 1.017431 -21.963373 -3.280113 9.881662 -18.787322 34.547824 -0.000004 0.000001 0.000003 -30.458597 11.894646 -39.292808 -5.961016 -1.280961 64.723419 0.957647 -23.673528 -21.248708 0.000001 -0.000001 -0.000000 
-62.234032 88.943886 -1.922482 46.279043 57.204757 331.820070 2.325167 -0.802779 -10.056302 -9.385085 -5.230697 0.428199 8.844321 -40.037797 0.197690 2.165256 15.747351 -15.838459 -0.000002 0.000003 0.000003 3.935718 -10.464977 2.599468 181.139595 -148.283065 174.909492 -17.325835 21.581157 6.675042 0.000000 -0.000003 0.000002 -2.662843 -18.225332 -34.802454 -2.291583 -5.641825 -35.909057 -7.290195 -7.168719 -6.120701 0.000003 -0.000004 -0.000002 -24.075452 51.375809 55.627584 1.377420 -22.107832 -2.740662 9.780982 -18.890225 34.376506 -0.000000 0.000001 0.000001 -30.871639 12.238620 -39.971247 -6.359962 -1.616912 65.165196 0.992438 -24.218049 -21.562238 0.000001 -0.000001 0.000002 
-62.544266 88.470634 -1.702193 46.407266 57.394052 331.577353 2.648744 -0.792435 -9.879970 -9.263175 -5.174745 0.480793 8.584639 -40.284869 0.018535 1.917251 15.682939 -15.771843 0.000001 0.000001 -0.000000 3.969827 -10.447365 2.343690 181.200821 -148.478627 174.611163 -17.245188 20.855354 6.856567 -0.000002 0.000001 -0.000001 -2.452364 -17.888774 -34.784439 -2.238868 -5.750508 -35.864108 -7.372065 -7.415838 -6.061301 0.000003 0.000003 0.000001 -24.503763 51.384975 55.531326 1.521329 -22.324687 -2.506033 10.196163 -19.016027 35.146357 -0.000003 0.000001 0.000003 -30.890671 12.243555 -39.969099 -6.516944 -1.695113 65.341251 0.974724 -24.874036 -21.914993 -0.000000 -0.000001 0.000001 
-62.821793 88.029701 -1.482209 46.990448 57.966907 330.817453 2.756279 -0.792240 -9.690002 -9.204021 -5.150586 0.536705 8.546192 -40.484560 -0.077376 1.692056 15.491759 -15.463666 -0.000000 0.000001 0.000001 4.286525 -10.869392 2.219332 181.296634 -148.265525 174.787874 -17.465895 21.001522 7.197728 0.000001 0.000002 -0.000001 -2.377224 -17.902962 -35.002459 -2.165452 -5.938678 -35.566820 -7.350860 -7.246698 -6.195599 0.000002 0.000002 -0.000001 -24.123793 51.025464 54.409260 1.933314 -21.844024 -1.643678 10.323822 -19.507181 35.701054 -0.000005 -0.000001 0.000002 -30.705839 12.271380 -40.524445 -6.927071 -2.129549 66.117891 1.035667 -25.668361 -22.167533 -0.000000 0.000006 0.000001 
-63.078323 87.613846 -1.262938 47.053467 57.665791 330.916737 2.937745 -0.820551 -9.799359 -9.148375 -5.160602 0.646458 8.437390 -40.600178 -0.003827 1.276893 15.582520 -15.661047 -0.000001 0.000006 0.000001 4.331977 -10.624492 1.995909 181.385072 -148.236825 174.971893 -17.442259 20.824055 7.228060 0.000002 -0.000003 0.000000 -2.561775 -18.207922 -34.622348 -2.080319 -5.841826 -36.084415 -7.608260 -7.878840 -6.418446 0.000003 -0.000003 -0.000003 -25.031585 51.209798 54.784770 1.996940 -22.261716 -1.702209 10.605725 -19.526956 36.300721 -0.000000 -0.000002 -0.000000 -31.056457 12.510369 -40.773200 -7.038705 -2.284416 66.507389 1.311904 -26.195939 -21.936595 0.000001 0.000003 0.000004 
-63.326248 87.226540 -1.046633 47.864033 57.483951 330.675658 3.112723 -0.825554 -9.912543 -9.395222 -5.193024 0.502360 8.688087 -40.898906 0.305100 0.576140 15.596003 -15.868087 -0.000001 0.000006 -0.000001 4.325476 -10.730458 1.850896 181.328490 -148.425789 175.156363 -17.821053 20.962443 7.422345 0.000001 -0.000006 0.000002 -2.696846 -18.235048 -34.439344 -2.170846 -5.427473 -36.473296 -7.303469 -6.925455 -5.773748 0.000003 0.000000 0.000002 -26.053412 51.338857 55.083556 1.890476 -22.903274 -2.064252 10.838696 -19.335468 36.629656 -0.000000 0.000001 0.000003 -31.503011 12.801937 -41.054027 -7.111016 -2.282440 66.773248 1.302029 -26.621504 -22.072670 -0.000000 -0.000001 -0.000000 
-63.540260 86.872421 -0.825990 48.054609 57.425143 330.404445 3.360736 -0.822109 -9.535997 -9.527354 -5.385638 0.733662 8.445470 -41.025545 -0.161533 0.368426 15.529671 -15.890572 -0.000004 0.000005 0.000002 4.528783 -10.863955 1.758844 181.523069 -148.698942 175.642713 -18.134412 21.293646 7.813474 0.000003 -0.000002 0.000001 -2.871353 -18.585385 -34.167407 -1.977682 -5.010748 -36.793560 -7.265344 -7.091822 -5.733042 -0.000000 0.000000 -0.000000 -26.343980 51.311987 55.004777 2.123810 -22.536320 -1.531292 10.801266 -19.659694 36.882369 -0.000003 0.000001 0.000003 -31.702466 12.880977 -40.928939 -7.334506 -2.500394 66.532968 1.378135 -26.797296 -22.029957 0.000001 0.000001 0.000001 
-63.764763 86.538658 -0.617184 48.477835 57.503055 329.850981 3.685016 -0.852657 -8.889274 -9.975979 -5.141624 -0.252282 8.859356 -40.585787 0.463220 0.342595 15.105139 -15.651278 0.000001 0.000005 0.000002 5.165216 -11.223168 2.264760 182.502040 -148.655065 175.960221 -19.104032 23.103745 9.785884 -0.000003 -0.000001 0.000003 -2.154036 -18.678249 -34.199888 -1.142612 -5.780320 -36.809576 -6.637087 -9.147370 -6.368994 -0.000001 0.000001 -0.000001 -25.995999 51.221030 53.990429 1.750240 -22.584401 -2.619232 11.388231 -18.312374 36.983401 -0.000002 0.000001 0.000003 -31.750763 12.647865 -40.397666 -7.419775 -2.979246 65.883151 0.750148 -27.940791 -24.927873 0.000000 0.000004 -0.000000 
-63.984154 86.223854 -0.413549 47.796011 57.308019 329.969553 4.190732 -0.870958 -8.451107 -10.087885 -5.217015 -0.254249 8.613621 -40.516720 0.281959 0.711503 15.165030 -15.468872 -0.000001 0.000001 -0.000001 5.523206 -10.900345 2.549223 183.407149 -148.909421 176.326388 -19.519499 24.224700 11.056201 -0.000001 0.000002 -0.000001 -1.792816 -19.009018 -33.869429 -0.429756 -6.482404 -36.957074 -6.690382 -11.075025 -7.369064 0.000003 0.000003 -0.000002 -26.146237 51.375139 54.048021 1.819079 -22.294675 -2.507269 11.437005 -18.086365 36.838441 -0.000006 -0.000001 0.000002 -32.036709 12.556729 -39.635977 -7.096562 -2.809454 65.850885 0.390789 -28.018327 -26.156568 -0.000000 0.000005 0.000003 
-64.194000 85.935272 -0.215031 48.235933 57.630896 329.618263 4.289700 -0.881664 -8.421027 -10.027095 -5.194666 -0.249010 8.517546 -40.628977 0.262541 0.839593 15.160761 -15.329839 0.000001 0.000003 -0.000000 5.775243 -11.096787 2.684069 183.736938 -149.370568 176.243592 -19.777515 24.288940 11.703642 -0.000000 -0.000002 0.000002 -1.767853 -19.243044 -34.059326 -0.094475 -6.452962 -36.852060 -6.731679 -12.150262 -7.450330 0.000002 0.000001 -0.000007 -25.846004 51.195884 53.530406 1.574184 -22.316919 -2.793247 11.615977 -18.006583 37.040447 -0.000003 0.000001 0.000003 -31.938350 12.586527 -39.805250 -7.304399 -2.935117 65.985843 0.312865 -28.460005 -26.661551 -0.000000 0.000002 0.000000 
-64.401283 85.673859 -0.021550 48.640062 57.959995 329.173427 4.297648 -0.877040 -8.462977 -9.829325 -5.106387 -0.249350 8.381172 -40.595110 0.286606 0.712435 15.003709 -15.239675 -0.000002 0.000001 -0.000000 5.935270 -11.401583 2.673155 183.504602 -149.388245 175.743021 -19.837342 23.794094 11.870878 0.000001 -0.000002 0.000002 -1.570700 -18.861045 -34.255243 -0.359258 -6.580888 -36.814532 -6.508961 -11.727358 -6.929538 0.000005 0.000001 -0.000003 -25.448032 50.971257 52.704482 1.675026 -21.796155 -2.392777 11.657181 -18.413731 37.316482 -0.000002 -0.000001 0.000002 -31.846030 12.472861 -39.765638 -7.479116 -3.112766 65.945135 0.487512 -28.819765 -26.761637 0.000000 0.000006 0.000000 
-64.605324 85.429253 0.168738 48.872964 57.917142 329.133593 4.561660 -0.858017 -8.268803 -10.130661 -5.232864 -0.333946 8.587920 -41.007718 0.263138 0.177954 14.896381 -15.460345 0.000003 0.000005 -0.000001 5.947543 -11.548930 2.842722 183.544914 -149.214526 175.922013 -20.150170 24.636984 11.936079 0.000003 -0.000006 0.000002 -1.574092 -18.838845 -34.096721 -0.417933 -6.765896 -37.004517 -6.384804 -11.254823 -7.013194 0.000003 0.000000 -0.000003 -25.923660 51.082794 52.918141 1.837520 -21.807734 -2.153326 11.856693 -18.615397 37.717923 -0.000002 0.000001 0.000001 -32.120310 12.685750 -40.060122 -7.643576 -3.259386 66.008526 0.372654 -28.887397 -27.151532 -0.000000 -0.000004 0.000003 
-64.796104 85.202301 0.355657 49.116744 58.058329 328.873007 4.607135 -0.869771 -8.395849 -9.990630 -5.435895 0.099620 8.131093 -41.132939 -0.217959 0.356858 14.786116 -15.332183 -0.000000 0.000005 -0.000002 6.003607 -11.676672 2.735488 183.493483 -149.073428 175.893668 -19.881934 24.780350 11.666571 0.000001 -0.000004 0.000004 -1.572966 -18.778826 -34.020879 -0.515587 -6.967756 -36.843010 -6.317636 -10.626471 -7.178630 0.000001 0.000001 -0.000001 -25.745987 50.898532 52.342660 2.052081 -21.302892 -1.577361 11.787565 -19.063249 37.847014 -0.000004 0.000000 0.000003 -32.191406 12.706165 -40.082258 -7.730016 -3.339305 66.117877 0.284699 -29.274676 -27.435608 -0.000001 -0.000001 -0.000001 
-64.983879 84.990158 0.536248 49.804916 57.984160 328.650289 4.380622 -0.870222 -8.704586 -10.097636 -5.532414 0.165134 8.130393 -41.377115 -0.338886 0.194352 14.660028 -15.193215 0.000001 0.000003 -0.000000 5.793002 -11.543570 2.686742 183.247678 -148.812132 175.495085 -19.597558 24.235960 11.349809 0.000001 0.000005 -0.000004 -1.873063 -18.982165 -34.037107 -0.682820 -7.081165 -36.793095 -6.351854 -9.643467 -7.340681 -0.000000 -0.000002 0.000003 -26.056207 50.798412 51.959353 2.054092 -21.339577 -1.640960 11.981340 -18.935624 38.181557 -0.000003 0.000004 0.000001 -32.404712 12.814374 -40.138481 -7.800863 -3.402368 65.917036 0.144378 -29.286789 -27.711134 0.000001 0.000001 0.000001 
-65.146271 84.796951 0.727487 50.128404 57.979283 328.586194 4.563747 -0.867564 -8.401005 -9.923317 -5.439732 0.201196 7.907033 -41.217555 -0.376788 -0.450423 14.465992 -15.156422 -0.000000 0.000006 0.000003 5.902026 -11.446959 2.613999 183.426165 -148.350029 175.973076 -19.946439 24.469380 11.799761 -0.000003 0.000003 0.000003 -1.799102 -19.070156 -34.124516 -0.588088 -7.254783 -36.912378 -6.112471 -9.787840 -7.046050 0.000003 0.000001 -0.000002 -26.118592 50.591918 51.366376 2.234638 -21.177013 -1.132580 11.904273 -19.105412 38.113716 0.000001 -0.000001 0.000002 -32.557859 13.014087 -40.496396 -8.047834 -3.587452 66.058721 0.064285 -29.481183 -28.192253 -0.000000 0.000000 0.000001 
-65.298241 84.608940 0.915643 50.398494 58.051390 328.551743 4.568104 -0.873047 -8.505867 -9.961913 -5.404086 0.093229 8.027631 -41.414835 -0.239096 -0.430629 14.367253 -15.052397 -0.000002 0.000006 0.000003 5.868000 -11.402711 2.768138 183.518031 -148.082736 175.964975 -19.927336 24.767813 11.822812 0.000000 0.000003 -0.000001 -1.637036 -18.948183 -34.123000 -0.577209 -7.317672 -37.024468 -5.944443 -10.106512 -6.885676 -0.000003 -0.000001 -0.000001 -26.247570 50.572992 51.162604 2.219617 -21.426626 -1.344617 12.192657 -18.642088 38.336199 -0.000002 -0.000003 -0.000003 -32.860774 13.232718 -40.889795 -7.784046 -3.437058 66.456846 0.227763 -29.800624 -27.892177 0.000001 0.000005 0.000001 
-65.447273 84.424767 1.101999 50.476573 57.734681 328.859129 4.629851 -0.873895 -8.638370 -10.206412 -5.420940 -0.133100 8.379711 -41.233832 0.063085 -0.829393 14.206312 -15.075346 0.000001 0.000005 0.000002 5.732748 -11.366516 2.801144 183.404513 -148.200352 175.933843 -20.029473 24.601110 12.005250 -0.000004 0.000004 0.000001 -1.825019 -19.137630 -34.079615 -0.670235 -7.145956 -37.004490 -5.838212 -9.985220 -6.901198 0.000005 0.000003 -0.000003 -27.090166 50.874630 51.814850 2.174242 -21.949533 -1.695625 12.555806 -18.237845 38.707351 -0.000004 0.000000 0.000001 -33.342969 13.456045 -40.886428 -7.386482 -3.124414 66.960593 -0.070486 -29.283596 -28.441234 -0.000000 0.000002 -0.000000 
-65.589745 84.250771 1.287568 50.280270 57.945255 328.944916 4.898689 -0.841747 -8.336867 -10.136734 -5.432319 -0.045195 8.014968 -41.242998 -0.332037 -0.694302 14.036183 -14.878677 -0.000003 0.000005 -0.000000 5.522585 -11.333049 2.675931 183.113478 -147.869497 175.582990 -19.840101 24.159747 11.734194 0.000000 -0.000003 -0.000001 -1.848713 -18.864229 -34.344264 -0.919898 -7.085561 -36.710167 -5.655888 -9.067694 -6.565537 0.000003 -0.000000 0.000001 -26.791465 50.676404 51.241626 2.646600 -21.378190 -0.849023 12.026396 -19.149144 38.458681 -0.000001 -0.000004 -0.000001 -33.222750 13.407897 -41.024322 -7.336565 -3.206561 67.313304 -0.079975 -29.509378 -28.618984 0.000000 0.000002 0.000001 
-65.731293 84.078400 1.465599 49.722053 58.107534 329.134467 5.016796 -0.815014 -8.178162 -9.964377 -5.353155 0.023209 7.918564 -41.377631 -0.462783 -0.292763 13.941599 -14.672216 -0.000003 0.000005 0.000001 5.445837 -11.471936 2.425499 182.843385 -148.012303 175.226167 -19.891763 23.608117 11.579301 -0.000001 -0.000002 0.000003 -1.863192 -18.568689 -34.206851 -1.125559 -6.917467 -36.919734 -5.578522 -8.189790 -6.118009 0.000003 0.000001 -0.000002 -26.541371 50.430046 50.802189 2.921119 -21.057150 -0.355244 11.784195 -19.246052 38.255449 -0.000003 0.000001 0.000001 -33.089176 13.388697 -41.005659 -7.314047 -3.283812 67.782633 -0.262839 -29.244322 -29.036234 0.000001 -0.000001 0.000001 
-65.881805 83.903778 1.637611 49.731246 58.223333 329.187852 4.918260 -0.830491 -8.539721 -9.724728 -5.356663 0.266227 7.706927 -41.322843 -0.535080 -0.272172 14.026239 -14.740576 -0.000001 0.000001 0.000003 5.454900 -11.452629 1.835120 182.696072 -147.797685 175.309072 -19.760448 23.082966 11.611933 -0.000001 -0.000002 0.000002 -1.717824 -18.239660 -34.184851 -1.329975 -7.012622 -36.949039 -5.425564 -7.845687 -5.902236 0.000003 0.000000 0.000001 -26.782353 50.519071 50.954878 2.971910 -21.298654 -0.551273 11.988837 -19.215571 38.516263 -0.000004 0.000002 0.000001 -33.142718 13.461855 -41.256846 -7.291285 -3.341796 68.125905 -0.275219 -29.353858 -28.921196 0.000000 0.000002 0.000001 
-66.030663 83.731476 1.806120 49.896946 58.512120 329.039992 4.861829 -0.832035 -8.514250 -9.628313 -5.186040 0.112129 7.778275 -41.142061 -0.370098 -0.409796 13.960962 -14.560389 -0.000004 0.000006 -0.000001 5.464032 -11.414412 1.748498 182.702001 -147.648568 174.905271 -19.693433 22.442345 11.921312 0.000001 -0.000003 -0.000001 -1.727699 -18.334852 -34.418279 -1.308092 -7.013395 -36.780401 -5.161457 -7.267418 -5.685619 -0.000001 -0.000003 -0.000002 -26.736361 50.455980 50.819975 2.914834 -21.498565 -0.751886 12.097300 -19.015014 38.641013 -0.000005 0.000001 -0.000002 -33.124450 13.567368 -41.661910 -7.352645 -3.380711 68.569027 -0.251043 -29.470436 -28.786567 -0.000001 0.000000 -0.000001 
-66.180962 83.572845 1.965720 49.737646 58.667971 328.919589 5.045880 -0.828708 -8.238154 -9.589499 -5.113778 0.077115 7.632227 -40.971122 -0.435603 -0.473182 13.871276 -14.324428 -0.000001 0.000006 0.000003 5.602948 -11.202129 1.745020 183.083398 -147.346360 175.025688 -19.936076 22.743944 12.572462 0.000001 -0.000002 0.000001 -1.542075 -18.394200 -34.572751 -0.940534 -6.873517 -36.497860 -5.037559 -8.090599 -5.782746 0.000006 0.000003 -0.000004 -26.609835 50.449710 50.797131 2.927869 -21.276406 -0.707402 12.392162 -19.061226 39.220609 -0.000001 0.000001 0.000001 -33.114905 13.514842 -41.437696 -7.234695 -3.375347 68.881358 -0.166981 -29.721466 -28.583331 0.000000 0.000002 -0.000001 
-66.317406 83.424141 2.126882 49.711978 58.637311 329.061849 5.031637 -0.840453 -8.631176 -9.516321 -5.235787 0.372060 7.461704 -41.174368 -0.628495 -0.385807 13.847268 -14.179716 0.000001 0.000006 0.000003 5.773047 -11.384587 1.400109 182.993185 -147.832970 175.416006 -19.714788 22.388289 12.267092 0.000001 -0.000001 0.000000 -1.822273 -18.676157 -34.216010 -1.042229 -7.130352 -36.536328 -5.563551 -8.610808 -6.211143 0.000003 -0.000000 -0.000000 -26.807004 50.598393 51.168608 2.802918 -21.499192 -0.846654 12.278675 -18.791987 38.827628 -0.000002 0.000002 -0.000001 -33.018367 13.457158 -41.442180 -7.567625 -3.584720 68.635369 -0.114180 -29.716507 -28.563995 0.000000 -0.000001 0.000004 
-66.435547 83.275604 2.298134 49.564787 58.791448 328.891968 5.246904 -0.792084 -8.057291 -9.661960 -5.205553 0.143793 7.572597 -41.382532 -0.634798 -0.448476 13.789376 -14.180446 0.000001 0.000003 -0.000000 5.668936 -11.313885 1.480033 182.797350 -147.892542 175.031985 -19.704000 22.070173 12.266764 -0.000004 0.000000 0.000002 -2.011475 -18.757962 -34.253897 -1.210492 -7.089056 -36.313295 -5.909749 -9.139493 -6.439384 0.000005 -0.000001 -0.000001 -26.458206 50.390267 50.501316 3.159712 -20.856468 0.071299 12.144866 -19.285900 38.785837 -0.000006 -0.000002 -0.000000 -33.046170 13.443018 -41.533940 -7.644489 -3.724648 69.229670 -0.081976 -29.851031 -28.640178 0.000001 0.000002 -0.000001 
-66.576660 83.131157 2.446896 49.432763 58.813482 329.080208 5.162111 -0.812384 -8.181565 -9.487340 -5.164198 0.207412 7.464479 -41.322658 -0.640620 -0.343758 13.816991 -14.308218 -0.000004 0.000006 0.000003 5.639082 -11.143137 1.312878 182.682985 -147.924877 174.797081 -19.723647 21.746361 12.384473 -0.000001 -0.000003 -0.000001 -1.913920 -18.645657 -34.348939 -1.312843 -6.934043 -36.594337 -5.527022 -8.568890 -5.967331 0.000003 0.000000 -0.000003 -26.575493 50.499734 50.677582 3.347532 -20.758258 0.279074 12.112458 -19.649582 39.018299 -0.000001 0.000000 0.000001 -33.011954 13.359949 -41.462506 -7.493777 -3.717962 69.130141 -0.021304 -29.916625 -28.769546 -0.000001 0.000000 0.000000 
-66.710754 82.992340 2.597809 49.413468 58.807874 329.118184 5.136722 -0.845417 -8.342186 -9.415730 -5.218235 0.423426 7.330314 -41.355559 -0.779495 -0.282785 13.943704 -14.306234 0.000001 -0.000002 0.000002 5.987150 -11.196174 1.150083 183.079560 -147.905916 175.422016 -20.258495 22.509583 12.931411 0.000001 -0.000003 0.000000 -1.872642 -18.916246 -34.173875 -0.967209 -6.788177 -36.881539 -5.339460 -8.623050 -5.999852 0.000002 0.000003 -0.000002 -26.931233 50.609946 51.009642 3.424349 -20.899489 0.350931 11.946196 -19.676745 38.845731 0.000001 0.000001 0.000001 -33.262755 13.577478 -41.741496 -7.454436 -3.753070 69.379832 0.155718 -30.259814 -28.564339 0.000000 -0.000001 0.000002 
-66.827278 82.872154 2.759840 49.783097 58.697382 329.004584 5.175879 -0.817103 -8.240452 -9.631199 -5.384482 0.475472 7.468938 -41.742629 -0.815305 -0.520138 14.127509 -14.769273 -0.000001 0.000005 0.000002 5.747079 -11.151858 1.005065 182.752161 -148.162881 175.417440 -20.259516 22.255412 12.683335 0.000001 -0.000001 0.000003 -2.004423 -18.799213 -34.169032 -1.307541 -6.889673 -36.858645 -5.536667 -8.290008 -5.992146 -0.000000 -0.000004 0.000001 -27.268367 50.656979 51.064878 3.507577 -20.951079 0.285584 11.595796 -19.750926 38.335403 -0.000003 0.000001 -0.000002 -33.485989 13.657635 -41.765391 -7.387946 -3.783229 69.595775 0.057001 -29.919480 -28.645699 -0.000001 0.000006 -0.000000 
-66.928528 82.754044 2.924479 49.636071 58.514996 329.419231 5.287421 -0.811921 -8.124233 -9.824332 -5.278768 0.091147 7.845577 -42.116046 -0.474502 -0.622240 14.326153 -15.113264 -0.000002 0.000005 0.000002 5.698674 -11.339546 0.911846 182.767707 -148.652592 175.740030 -20.423266 22.517804 12.698222 -0.000000 0.000000 0.000002 -2.244139 -18.965427 -33.892857 -1.432491 -6.817970 -37.172779 -5.745474 -8.661241 -6.214291 0.000005 -0.000003 -0.000000 -27.832165 50.861270 51.730979 3.520601 -21.466192 0.214993 11.562411 -19.457421 38.076611 -0.000002 0.000001 0.000001 -33.843522 13.918946 -41.928598 -7.141134 -3.419576 69.870376 -0.186584 -30.113761 -29.033225 0.000000 0.000000 -0.000000 
-67.042633 82.642265 3.080686 50.072701 58.681338 329.118812 5.300623 -0.803273 -7.939698 -9.786435 -5.270323 0.124029 7.668434 -42.409331 -0.680895 -0.733190 14.340100 -15.158101 0.000000 0.000005 -0.000000 5.608703 -11.193370 1.002813 182.792979 -148.638727 175.547145 -20.677412 22.504003 12.981595 0.000001 -0.000002 0.000002 -2.082874 -18.742640 -33.955066 -1.393116 -6.857009 -37.064076 -5.788488 -9.018245 -6.066041 -0.000001 0.000000 0.000002 -27.573993 50.630492 51.159520 3.475513 -21.342398 0.134332 11.782459 -19.147831 38.273248 0.000001 0.000003 -0.000003 -33.883428 13.969024 -41.931754 -7.329780 -3.584645 69.444350 -0.211718 -30.592342 -29.197010 0.000000 -0.000001 0.000000 
-67.142700 82.531868 3.244648 50.511213 58.686447 329.020294 5.134121 -0.819651 -8.296207 -9.667564 -5.331247 0.292416 7.396213 -42.237460 -0.838129 -0.582743 14.240085 -15.046265 -0.000001 -0.000000 -0.000000 5.469762 -11.247204 1.087657 182.496958 -148.406746 175.032067 -20.554486 22.060295 12.785843 -0.000003 0.000001 0.000003 -2.046487 -18.508295 -34.075950 -1.674890 -6.857856 -36.854997 -5.849863 -8.903333 -5.820255 0.000001 0.000000 -0.000004 -27.602283 50.517862 50.783037 3.542632 -21.211390 0.314836 11.531851 -19.489482 37.893244 -0.000002 0.000001 0.000003 -34.069957 14.121184 -42.146123 -7.278192 -3.475545 69.760397 -0.424609 -30.647141 -29.502118 0.000000 -0.000001 0.000001 
-67.236847 82.439629 3.407837 50.878649 58.524749 329.070892 5.052815 -0.849231 -8.576214 -9.728184 -5.259418 0.116119 7.490549 -42.232716 -0.653579 -0.521925 14.190760 -14.929716 -0.000000 0.000001 0.000004 5.385721 -10.982211 1.335380 182.635980 -148.259392 174.962249 -20.700654 22.271070 12.982680 0.000001 0.000002 0.000000 -2.108096 -18.666914 -34.158319 -1.560397 -7.378932 -36.606822 -5.973858 -9.126805 -6.210236 -0.000000 0.000001 -0.000002 -27.937299 50.584057 50.938069 3.469678 -21.377906 0.259699 11.335647 -19.523981 37.545318 -0.000001 0.000004 0.000001 -34.263244 14.225708 -42.000858 -7.287307 -3.420189 69.338994 -0.521135 -30.733556 -29.862861 -0.000000 0.000004 0.000002 
-67.340164 82.351662 3.564827 51.353044 58.701774 328.654933 4.996587 -0.840799 -8.502155 -9.731755 -5.320461 0.162252 7.524784 -42.135113 -0.656135 -0.727385 13.971724 -14.876996 -0.000001 0.000006 -0.000003 5.367096 -11.181282 1.326135 182.471659 -148.157595 174.915298 -20.702087 22.349726 12.893015 -0.000000 -0.000003 0.000002 -2.216205 -18.656278 -34.305718 -1.684927 -7.139409 -36.715545 -5.529934 -8.371421 -5.755922 0.000003 -0.000006 0.000002 -27.847689 50.512978 50.669615 3.510866 -21.178540 0.273613 11.521900 -19.811956 38.118196 -0.000003 0.000002 0.000001 -34.212059 14.177297 -41.994233 -7.316038 -3.588155 69.301831 -0.074166 -31.231798 -29.267634 0.000002 -0.000001 0.000003 
-67.434883 82.257896 3.721012 51.157099 58.985418 328.683702 5.213121 -0.804305 -8.292294 -9.724249 -5.453248 0.358088 7.455902 -42.294700 -0.887284 -0.884549 13.950273 -14.986513 -0.000002 -0.000002 0.000002 5.315716 -11.412225 1.263510 182.288474 -148.267506 175.080985 -20.537853 22.266775 12.532273 0.000002 -0.000003 0.000001 -2.173074 -18.406849 -34.167253 -1.897029 -7.319557 -37.065353 -5.316845 -7.546591 -5.585057 0.000005 -0.000003 -0.000003 -27.140769 50.209492 49.828709 3.859212 -20.557865 1.096464 11.334027 -19.743560 37.672369 -0.000001 -0.000001 0.000003 -34.041267 14.180059 -42.354290 -7.389180 -3.675096 70.057018 -0.094103 -31.635992 -29.299118 0.000002 -0.000002 0.000002 
-67.511696 82.180008 3.881779 51.203374 59.114358 328.721732 5.385729 -0.788070 -8.179716 -9.656527 -5.600117 0.647243 7.111452 -42.481400 -1.350546 -1.133877 13.954157 -15.122295 -0.000004 0.000001 0.000003 5.363559 -11.548482 1.285015 182.280387 -148.097612 175.680211 -20.493610 22.805066 12.273696 0.000000 -0.000002 0.000002 -2.092768 -18.276466 -34.009861 -1.885957 -7.186062 -37.200878 -5.196183 -7.530011 -5.427229 0.000005 -0.000000 -0.000000 -26.796391 50.064819 49.408229 4.082532 -20.135765 1.606606 10.911757 -20.013740 37.052547 -0.000004 -0.000001 -0.000000 -34.037339 14.211884 -42.547560 -7.288117 -3.635915 70.315466 -0.029738 -31.651291 -29.302744 -0.000000 -0.000002 0.000002 
-67.605637 82.100182 4.031010 51.149924 59.160749 328.587096 5.275643 -0.767502 -8.077207 -9.793705 -5.523483 0.341923 7.523076 -42.333605 -1.055371 -0.837463 13.889485 -15.070584 0.000000 0.000005 -0.000000 5.347013 -11.621879 1.085400 182.062080 -147.955694 175.402072 -20.413590 22.458289 12.201610 0.000001 -0.000002 0.000001 -2.048753 -18.006026 -34.129055 -2.103107 -7.363399 -37.068208 -5.170396 -7.101839 -5.185912 0.000004 0.000003 0.000002 -26.776121 50.016253 49.238806 4.050214 -20.124157 1.550766 10.865581 -19.966665 36.892171 -0.000002 0.000000 0.000003 -34.054329 14.165240 -42.407627 -7.350283 -3.752262 70.252034 0.025252 -31.614746 -29.155707 -0.000000 -0.000004 0.000002 
-67.695297 82.022415 4.179917 50.675649 58.899173 328.890329 5.298301 -0.775043 -8.194378 -9.666632 -5.516884 0.432819 7.261615 -42.022951 -1.182858 -0.685000 13.872328 -15.027816 0.000000 0.000001 0.000003 5.279457 -11.293545 0.978999 182.035879 -147.719834 175.243502 -20.367669 22.195934 12.304792 0.000004 -0.000001 0.000003 -2.157112 -18.145455 -33.988654 -2.134805 -7.029899 -37.083720 -5.303188 -7.372534 -5.283994 0.000005 -0.000000 0.000001 -27.114845 50.220154 49.705418 4.180575 -19.889822 1.917629 10.787824 -20.136738 36.846541 -0.000003 0.000000 -0.000000 -34.454978 14.212539 -41.984381 -7.086555 -3.502051 70.121543 -0.111801 -31.475619 -29.501558 -0.000001 0.000001 0.000001 
-67.771454 81.951225 4.334169 50.445158 58.969702 329.068651 5.466708 -0.758924 -8.128413 -9.743365 -5.411103 0.121038 7.545535 -42.083036 -0.898377 -0.644365 13.717278 -14.992299 0.000000 0.000006 0.000001 5.105244 -11.323169 0.880148 181.621806 -147.778219 174.803816 -20.159904 21.396958 11.962848 0.000003 0.000000 -0.000001 -2.237526 -17.929279 -33.984815 -2.473178 -6.922453 -36.890255 -5.310739 -6.547108 -4.995662 0.000001 0.000002 -0.000004 -26.911814 50.131027 49.503589 4.262305 -19.655056 2.146030 10.686683 -20.405069 36.809693 -0.000002 0.000003 -0.000000 -34.376240 14.181785 -42.085679 -7.171812 -3.593688 70.225942 -0.007021 -31.695882 -29.248851 0.000001 0.000004 0.000003 
-67.847893 81.892609 4.485505 50.358865 58.949157 329.052450 5.395183 -0.761217 -8.113496 -9.433161 -5.451525 0.482396 7.094531 -41.894092 -1.308237 -0.703345 13.739913 -15.010234 -0.000003 0.000005 0.000002 5.065407 -11.152493 0.774574 181.522085 -148.091615 174.320949 -20.260262 20.643975 12.242186 -0.000002 -0.000002 -0.000000 -2.361789 -18.090857 -34.112909 -2.488907 -6.720693 -36.791101 -5.322367 -6.443013 -4.834168 -0.000001 0.000000 -0.000003 -26.997171 50.198708 49.692638 4.196957 -19.599672 2.022693 10.733219 -20.625604 37.048988 -0.000000 0.000001 0.000001 -34.407273 14.149551 -41.990586 -7.182686 -3.653621 70.097207 0.022531 -31.583201 -29.291259 -0.000000 0.000004 0.000001 
-67.932335 81.839516 4.626608 50.406940 59.113880 328.953385 5.409292 -0.752117 -7.905317 -9.298178 -5.338924 0.456719 7.056348 -41.968534 -1.342556 -0.709788 13.895000 -15.119781 -0.000001 0.000005 0.000002 5.183283 -11.206428 0.797446 181.708454 -148.264665 174.228495 -20.606525 20.645334 12.811846 0.000002 -0.000003 0.000000 -2.229692 -18.093256 -34.313050 -2.400603 -7.293857 -36.640615 -5.324271 -6.340992 -5.156301 -0.000003 0.000001 0.000002 -26.777798 50.138892 49.556683 4.160082 -19.562118 2.007077 10.717135 -20.559255 37.016173 -0.000001 -0.000001 0.000002 -34.215710 14.032736 -41.941070 -7.367733 -3.790045 69.866797 -0.024262 -31.761746 -29.347035 -0.000000 0.000003 0.000002 
-68.010040 81.786652 4.763807 50.557432 59.339475 328.852353 5.328304 -0.760121 -7.891243 -9.203225 -5.216654 0.363871 7.184626 -42.158728 -1.217139 -0.886591 13.925522 -15.129310 -0.000003 0.000005 -0.000003 5.303048 -11.249113 0.763473 181.849197 -148.082995 174.315826 -20.727278 20.765781 13.011938 -0.000001 0.000003 0.000001 -2.295354 -18.341322 -34.543470 -2.235472 -7.097876 -36.554042 -5.403339 -6.913719 -5.241853 -0.000000 0.000001 -0.000002 -26.551317 50.059809 49.382541 4.114316 -19.666908 1.961435 10.891893 -20.398223 37.173445 -0.000004 0.000001 0.000001 -34.005306 13.994496 -42.150231 -7.551302 -3.925249 69.970486 -0.142849 -31.649843 -29.630324 -0.000000 0.000002 0.000000 
-68.067757 81.739250 4.908064 50.111954 59.268618 329.210637 5.547125 -0.749415 -7.698442 -9.350803 -5.163097 0.198301 7.402335 -42.252681 -1.063901 -0.851466 14.164529 -15.338003 -0.000002 0.000001 0.000001 5.408256 -11.421286 0.685872 181.889181 -148.031127 174.791754 -20.774075 21.251381 12.785452 -0.000004 0.000005 -0.000000 -2.337045 -18.391222 -34.382103 -2.274492 -7.481990 -36.765822 -5.536921 -6.987815 -5.364533 -0.000000 -0.000001 -0.000002 -26.529809 50.030951 49.450064 4.319750 -19.488789 2.340179 10.622069 -20.485430 36.845097 -0.000003 0.000003 -0.000000 -34.121030 14.102460 -42.208489 -7.271040 -3.709599 70.327917 -0.185841 -31.439730 -29.583370 -0.000001 0.000000 0.000001 
-68.112686 81.697891 5.054377 50.198783 59.167600 329.370518 5.428817 -0.757663 -7.952466 -9.338484 -5.368361 0.532064 7.204845 -42.361270 -1.434541 -0.588637 14.313321 -15.397886 -0.000002 -0.000000 -0.000001 5.348012 -11.537060 0.646753 181.772699 -148.206198 174.826847 -20.844006 21.448455 12.621444 -0.000001 -0.000002 0.000001 -2.480787 -18.419002 -34.215443 -2.431882 -7.457290 -36.965339 -5.587935 -6.734432 -5.387788 -0.000002 0.000000 -0.000000 -26.584423 49.975463 49.234664 4.355019 -19.590837 2.384613 10.606551 -20.362389 36.674919 -0.000003 -0.000001 -0.000000 -34.234889 14.170686 -42.240823 -7.118809 -3.513993 70.425917 -0.279424 -31.124892 -29.605974 -0.000000 0.000004 0.000001 
-68.154236 81.661972 5.198119 50.026662 58.745726 329.805137 5.480756 -0.774856 -8.140396 -9.516915 -5.487882 0.539072 7.360091 -41.969552 -1.307666 -0.930838 14.249892 -15.523941 -0.000003 0.000006 0.000003 5.388650 -11.705071 0.883673 181.874113 -148.392389 175.057134 -20.938988 21.875715 12.705478 -0.000002 0.000003 0.000001 -2.759067 -18.819832 -34.109504 -2.338582 -6.937924 -37.288462 -5.412643 -7.068486 -5.242976 -0.000001 0.000002 -0.000002 -27.281239 50.283535 49.954416 4.251522 -20.143700 2.004519 10.663935 -19.919989 36.583224 -0.000000 0.000001 0.000001 -34.597428 14.294515 -42.065981 -6.872115 -3.265243 70.184708 -0.246243 -30.731272 -29.501366 0.000002 0.000002 0.000002 
-68.203751 81.627335 5.332786 50.427314 58.944970 329.377403 5.368250 -0.752960 -7.899332 -9.594946 -5.539125 0.515308 7.160562 -42.410318 -1.616885 -0.813074 14.381069 -15.719482 -0.000001 0.000006 0.000004 5.324880 -11.526789 0.643419 181.716008 -148.592719 174.802559 -20.798508 21.307998 12.610019 -0.000000 -0.000001 -0.000002 -2.393965 -18.211238 -34.062686 -2.520627 -7.013193 -37.333944 -5.404968 -6.807258 -4.917904 -0.000002 0.000000 -0.000000 -26.874783 50.052070 49.369608 4.233668 -19.824950 2.173096 10.428535 -20.103472 36.262779 -0.000000 0.000001 0.000003 -34.419710 14.148633 -41.929671 -7.109589 -3.436882 69.824423 -0.205226 -31.064616 -29.606056 -0.000000 0.000000 -0.000000 
-68.238907 81.594757 5.465858 50.431955 58.882712 329.545153 5.237343 -0.756102 -8.045532 -9.489902 -5.471310 0.506587 7.177435 -42.535324 -1.596196 -0.751902 14.425047 -15.748200 -0.000000 0.000001 -0.000001 5.445253 -11.730528 0.595482 181.671311 -148.537025 175.144587 -20.874028 21.710692 12.437118 -0.000001 -0.000003 0.000000 -2.546204 -18.426365 -34.058697 -2.510433 -6.573870 -37.378852 -5.551859 -7.217267 -4.948082 -0.000000 -0.000004 -0.000003 -27.049069 50.149018 49.560102 4.215300 -20.155489 1.993670 10.395306 -19.934836 36.005233 -0.000004 0.000001 -0.000003 -34.500819 14.207570 -42.047754 -7.047984 -3.346706 69.836861 -0.377223 -31.055883 -29.864244 -0.000000 0.000005 0.000001 
-68.267830 81.565422 5.602436 50.185245 58.786735 329.740442 5.385912 -0.740960 -7.956224 -9.673233 -5.478190 0.321841 7.406936 -42.583706 -1.497634 -0.846490 14.378400 -15.749277 -0.000004 0.000006 0.000003 5.309969 -11.504871 0.481004 181.582109 -148.733366 175.023242 -20.707947 21.214948 12.377366 0.000001 -0.000002 0.000002 -2.419327 -18.157925 -34.099487 -2.634404 -6.828203 -37.203347 -5.553308 -6.968384 -4.872718 0.000002 -0.000004 -0.000000 -27.326211 50.278348 49.953750 4.136520 -20.383562 1.837807 10.611654 -19.870380 36.278594 -0.000003 0.000000 -0.000003 -34.552780 14.216626 -41.924972 -7.039442 -3.262439 69.716560 -0.418904 -31.025878 -29.743035 -0.000001 0.000000 -0.000001 
-68.282486 81.540108 5.743543 50.271398 58.682438 329.829616 5.510601 -0.747172 -7.923325 -9.838273 -5.329177 -0.033383 7.718995 -42.583252 -1.060358 -0.897393 14.355017 -15.670098 0.000001 0.000005 0.000003 5.530449 -11.774810 0.577630 181.861819 -148.407266 175.842373 -20.887347 22.178784 12.396889 0.000001 -0.000002 0.000001 -2.421594 -18.351837 -33.983620 -2.439457 -6.863189 -37.594058 -5.481439 -7.735915 -4.826476 -0.000000 0.000003 -0.000003 -27.481941 50.241454 49.882210 4.297651 -20.366250 2.166083 10.517920 -19.924077 36.179416 -0.000003 0.000001 0.000003 -34.640998 14.376843 -42.202363 -6.976501 -3.212485 70.208635 -0.517113 -30.735240 -29.716063 0.000001 0.000001 0.000001 
-68.293839 81.509956 5.880047 50.268888 58.677035 329.922015 5.453686 -0.760715 -8.091910 -9.646671 -5.464434 0.381628 7.403771 -42.653654 -1.410227 -0.977179 14.443625 -15.771986 -0.000001 0.000005 -0.000002 5.705673 -11.779166 0.574580 182.163590 -148.258736 176.339570 -20.912905 22.799207 12.599283 0.000001 0.000002 0.000003 -2.227482 -18.288477 -33.829186 -2.236051 -6.771994 -37.849148 -5.369745 -8.322367 -4.861726 -0.000003 0.000001 -0.000002 -27.448413 50.192024 49.742792 4.341393 -20.396965 2.249129 10.651648 -19.858888 36.343454 -0.000001 -0.000001 -0.000001 -34.511068 14.315470 -42.173888 -7.029565 -3.247345 70.087317 -0.285537 -31.061378 -29.486159 0.000001 0.000004 -0.000001 
-68.310295 81.483284 6.010961 50.388805 58.523595 329.886608 5.225826 -0.786498 -8.431332 -9.527349 -5.550024 0.592277 7.261147 -42.579389 -1.587958 -0.881391 14.334704 -15.614992 -0.000001 0.000005 -0.000000 5.732023 -11.822877 0.533623 182.132896 -148.162390 176.190289 -20.803136 22.628488 12.588543 0.000001 0.000000 0.000001 -2.274029 -18.337887 -33.839803 -2.198171 -6.391209 -37.770133 -5.252278 -7.904433 -4.843115 0.000003 0.000003 -0.000003 -27.565561 50.215407 49.685043 4.483284 -20.283592 2.514669 10.434951 -20.039222 36.013395 -0.000003 0.000001 0.000001 -34.661772 14.303927 -41.930224 -6.847265 -3.055954 69.939286 -0.373492 -30.784591 -29.632803 0.000000 0.000001 0.000001 
-68.316116 81.458351 6.143995 50.269851 58.503555 329.987039 5.360135 -0.775540 -8.318098 -9.639910 -5.434085 0.278233 7.455581 -42.525933 -1.336581 -0.898707 14.275239 -15.510583 0.000001 0.000001 0.000001 5.805107 -11.879310 0.596510 182.254965 -148.320044 176.026051 -20.975415 22.596390 13.065344 0.000003 -0.000003 0.000000 -2.334505 -18.507895 -33.863299 -2.156424 -6.745475 -37.742488 -5.264557 -8.142245 -5.122661 0.000002 0.000000 0.000003 -27.578552 50.301847 49.837295 4.480984 -20.329095 2.487277 10.511726 -20.024750 36.118457 -0.000004 0.000000 -0.000003 -34.610723 14.247154 -41.923906 -6.855732 -3.074771 69.859475 -0.201385 -30.623187 -29.180665 -0.000002 -0.000003 0.000000 
-68.316132 81.449722 6.277266 50.661248 58.381711 329.931851 5.361547 -0.768076 -8.452673 -10.115879 -5.462551 0.112113 8.557103 -43.176416 -0.661884 -1.465262 14.223234 -15.892074 0.000000 0.000001 -0.000003 5.130758 -11.991940 0.021745 181.221366 -148.885912 175.888778 -20.021371 20.742393 11.176316 0.000001 0.000000 0.000002 -3.180145 -18.579177 -33.710808 -2.899355 -5.886768 -37.959453 -6.062691 -6.624858 -4.556408 -0.000001 0.000001 -0.000002 -28.688553 50.338030 51.150385 4.563791 -20.941399 2.407297 9.960683 -20.466179 35.824622 -0.000003 0.000000 0.000001 -34.671741 14.689561 -42.375945 -7.042005 -3.038864 70.091231 1.184472 -29.564836 -24.806376 -0.000000 0.000005 0.000001 
-68.305214 81.435745 6.418489 49.860002 58.183697 330.273797 5.883475 -0.741140 -7.815757 -9.869907 -5.395984 -0.023864 7.729507 -42.558366 -1.102032 -1.533366 14.021140 -15.439627 -0.000004 0.000006 0.000001 5.430210 -12.364203 0.713662 181.542002 -148.694735 176.140866 -20.202456 21.577254 11.355597 0.000002 -0.000003 0.000001 -2.498457 -18.037261 -34.012023 -2.554416 -6.321042 -37.472142 -6.047061 -7.139394 -5.157195 0.000001 0.000000 -0.000002 -28.209791 50.568986 50.943106 4.145200 -20.648005 2.124474 10.251775 -20.199996 35.811406 0.000002 -0.000001 -0.000001 -34.759089 14.284771 -41.484663 -6.942719 -2.761923 69.701712 -0.180056 -30.790660 -28.835594 0.000000 0.000000 -0.000001 
-68.298653 81.425613 6.549893 50.572264 58.167790 329.972340 5.419152 -0.761271 -8.474574 -9.964830 -5.480612 0.211297 8.463319 -43.050778 -0.617037 -1.473772 14.079004 -15.787653 0.000001 0.000001 0.000004 4.974240 -12.110905 -0.049214 180.853779 -149.001314 175.793032 -19.841315 20.156619 10.695475 0.000003 -0.000001 0.000003 -3.252334 -18.340344 -33.947775 -3.075042 -5.212839 -37.783527 -6.102556 -6.102113 -4.136765 0.000004 -0.000000 -0.000004 -28.952065 50.483557 51.465708 4.325049 -21.066296 2.045294 10.061637 -20.318629 35.998584 -0.000000 -0.000001 0.000002 -34.767302 14.622687 -42.046064 -7.239632 -3.085138 69.781058 1.290493 -29.560816 -24.414460 -0.000000 0.000001 0.000000 
-68.287521 81.422493 6.678914 50.334594 57.987452 330.104791 5.706057 -0.776993 -8.126158 -9.724790 -5.510082 0.323276 7.743186 -42.719534 -1.068391 -1.491339 14.231708 -15.524369 -0.000002 -0.000000 0.000003 5.515884 -12.283206 0.951097 181.773641 -148.619288 176.496118 -20.613279 22.316257 11.685617 0.000001 0.000002 -0.000004 -2.376408 -18.073191 -33.971783 -2.374650 -6.750179 -37.557366 -6.102609 -7.913926 -5.257956 0.000002 -0.000004 0.000001 -28.403726 50.589026 50.987676 3.963025 -20.766639 1.834394 10.445583 -19.958246 36.056784 -0.000002 0.000001 0.000003 -34.773688 14.330089 -41.521956 -7.242664 -3.000710 69.323087 -0.038904 -30.876191 -28.596337 -0.000002 0.000003 0.000001 
-68.269348 81.401382 6.803619 49.919343 58.243639 329.875461 5.691668 -0.741633 -7.759131 -9.585492 -5.316157 0.130670 7.523873 -42.451770 -1.177557 -1.098764 14.173297 -15.267582 0.000000 0.000001 0.000001 5.690310 -12.211583 0.510883 182.002357 -148.785590 175.936848 -21.024681 21.773598 12.919065 -0.000000 -0.000003 0.000000 -2.193660 -18.017853 -33.974857 -2.406120 -7.252448 -37.540735 -5.459955 -7.292260 -4.917101 0.000003 -0.000001 -0.000006 -27.551660 50.253557 49.907759 4.477300 -19.853248 2.960047 10.143308 -20.311946 35.682804 -0.000001 0.000000 0.000001 -34.474195 14.093283 -41.466960 -7.183810 -3.066678 69.799861 -0.220782 -30.912599 -29.003319 0.000000 0.000005 -0.000000 
-68.239609 81.396057 6.929783 49.262172 58.112288 330.263989 5.874235 -0.727496 -7.651507 -9.646309 -5.305465 0.016404 7.613928 -42.270907 -1.157760 -0.752082 14.065392 -15.210379 -0.000002 0.000001 0.000001 5.732319 -12.372478 0.167799 181.858131 -148.722288 176.203608 -20.941695 21.745990 12.867112 0.000006 -0.000003 -0.000002 -2.158552 -17.783528 -33.783198 -2.640771 -7.051423 -37.640449 -5.330707 -7.037754 -4.611048 0.000003 -0.000003 -0.000002 -27.380885 50.266900 49.899921 4.657375 -19.617391 3.261490 10.060138 -20.425676 35.496288 -0.000001 -0.000001 -0.000001 -34.550911 14.157140 -41.660688 -6.915946 -2.880761 70.129678 -0.344842 -30.695970 -29.085008 -0.000000 -0.000001 0.000001 
-68.213188 81.388641 7.043120 48.616757 57.952632 330.626180 5.875132 -0.751312 -7.803816 -9.392928 -5.052584 -0.109834 7.671374 -41.752728 -0.844736 -0.774899 13.845387 -14.897129 0.000000 0.000001 0.000001 5.814329 -12.054143 -0.111818 182.022192 -148.528529 176.085036 -21.164516 21.129938 13.672321 0.000002 0.000000 -0.000001 -2.077895 -17.908947 -34.046270 -2.407584 -6.898473 -37.269071 -5.222025 -7.625194 -4.473443 0.000007 -0.000003 -0.000000 -27.046948 50.215831 49.780276 4.666835 -19.240834 3.365517 10.131877 -20.285358 35.538615 -0.000003 0.000001 0.000001 -34.423190 14.042475 -41.468032 -6.813141 -2.865637 70.272360 -0.466231 -30.103666 -29.132352 0.000002 0.000005 0.000003 
-68.179291 81.382393 7.154839 48.483770 58.000471 330.635415 5.882698 -0.763034 -7.965166 -9.407697 -5.214292 0.125377 7.560721 -41.829656 -0.984628 -0.670870 13.978813 -14.936620 0.000001 0.000001 0.000001 5.768849 -12.006661 -0.057062 181.933099 -148.734008 175.859435 -21.182628 20.993698 13.600638 0.000003 0.000001 0.000002 -2.150856 -17.966929 -34.096024 -2.447151 -6.720819 -37.170812 -5.183790 -7.111813 -4.475198 0.000005 0.000000 0.000001 -26.855602 50.176595 49.689124 4.558744 -19.366399 3.195082 10.071764 -20.091211 35.299258 -0.000006 -0.000001 -0.000001 -34.173718 13.953393 -41.563822 -6.970666 -2.943927 70.471016 -0.475260 -30.117740 -29.164266 -0.000000 0.000000 0.000002 
-68.128654 81.397179 7.267382 47.786964 57.926534 330.798684 5.977264 -0.729482 -7.616295 -9.516013 -5.121747 -0.073229 7.812773 -42.191554 -0.815104 -0.162149 14.113932 -14.946853 0.000004 0.000005 -0.000000 5.734164 -11.907622 -0.149816 181.998928 -148.919680 176.129487 -20.951088 21.226650 13.232410 0.000001 -0.000003 0.000002 -2.336739 -18.215250 -33.960793 -2.333954 -6.560454 -37.083983 -5.460573 -7.593263 -4.788856 0.000001 -0.000003 -0.000000 -26.351942 50.063361 49.658706 4.563187 -18.719537 3.347385 9.784328 -20.368399 35.159778 -0.000003 0.000000 -0.000002 -33.744331 13.667712 -41.163211 -7.064602 -3.108618 70.193581 -0.335507 -29.618716 -28.731604 0.000000 -0.000001 0.000002 
-68.070457 81.438232 7.376034 47.015812 57.705222 331.124347 6.032432 -0.682025 -7.261236 -9.324440 -5.079561 0.053581 7.448214 -41.770172 -1.079806 0.092273 14.102448 -14.926887 -0.000000 0.000006 0.000004 5.474128 -11.754397 -0.037136 181.655602 -149.047582 175.393097 -20.416067 20.453459 12.717291 0.000003 -0.000003 -0.000000 -2.141442 -17.759388 -34.156704 -2.594881 -6.546120 -36.983576 -5.333265 -7.038974 -4.287561 -0.000001 0.000001 -0.000002 -25.711330 49.973950 49.566266 4.628166 -17.842233 3.590588 9.710231 -20.704376 35.311456 -0.000003 -0.000002 -0.000000 -33.487400 13.393792 -40.806965 -6.780438 -3.041725 70.147163 -0.339158 -28.970497 -28.521244 0.000000 0.000000 0.000002 
-68.023460 81.484909 7.465787 46.914162 57.697627 331.322532 5.847909 -0.719095 -7.693146 -9.378700 -5.194315 0.235559 7.595316 -41.652672 -1.046624 0.318288 14.155783 -14.952817 -0.000003 0.000003 0.000002 5.451723 -11.609709 -0.049365 181.921337 -148.718490 175.518882 -20.598073 21.216977 12.749579 0.000001 0.000003 -0.000000 -2.054783 -17.822513 -34.226075 -2.299192 -6.313721 -36.969430 -5.265650 -7.317642 -4.391571 0.000001 0.000002 -0.000000 -25.053064 49.720021 49.100314 4.634652 -17.252042 3.862062 9.327890 -20.856092 34.830031 -0.000006 -0.000003 -0.000002 -33.283389 13.381090 -41.020842 -6.652242 -3.021630 70.320581 -0.536454 -28.543699 -28.990403 -0.000000 0.000002 0.000001 
-67.962791 81.574234 7.553906 47.318335 57.720447 331.122599 5.341263 -0.768522 -8.024169 -9.433804 -5.214808 0.237216 7.810653 -41.576533 -0.941070 0.280617 14.138346 -14.887555 0.000000 -0.000000 0.000003 5.360685 -11.293492 0.174965 182.187892 -148.239502 175.281984 -20.364096 21.324528 12.610796 0.000001 -0.000002 0.000001 -1.910251 -17.805958 -34.284643 -2.022477 -6.688774 -36.809781 -5.451965 -8.388746 -4.678439 0.000003 0.000000 -0.000003 -24.316527 49.499993 48.792351 4.466752 -16.764638 3.732063 9.084716 -21.045413 34.575043 -0.000002 0.000004 0.000003 -32.985746 13.249484 -40.969558 -6.727403 -3.147633 69.534877 -0.490210 -28.067288 -28.651021 -0.000000 0.000002 -0.000000 
-67.877686 81.748367 7.642092 46.685764 57.796938 331.165000 5.207521 -0.737402 -7.717287 -9.403026 -5.221134 0.312218 7.893977 -40.895334 -0.984055 0.696588 14.040803 -14.551669 0.000001 0.000005 0.000002 5.455198 -11.485630 0.090194 182.314647 -148.856105 174.688454 -20.173070 20.451845 12.731214 0.000002 -0.000001 -0.000002 -1.548962 -17.442652 -34.159169 -1.690163 -5.936764 -36.837731 -5.285493 -8.884182 -4.199165 0.000007 0.000003 -0.000003 -22.990178 49.355418 48.895965 4.110889 -15.582677 3.600313 8.573176 -21.836226 34.350042 -0.000003 -0.000001 -0.000000 -32.090387 12.618628 -39.988941 -7.156752 -3.392272 68.236950 -0.605471 -27.501624 -28.724084 0.000001 -0.000003 0.000001 
-67.787514 81.964798 7.729008 46.857915 57.572443 331.503614 4.646452 -0.788445 -8.516555 -9.349459 -5.238077 0.597337 8.437898 -40.958729 -0.579089 0.584165 14.120926 -14.559506 -0.000002 0.000005 0.000002 5.464991 -11.613492 -0.303917 182.240293 -149.355118 175.013571 -19.866782 20.350653 12.053196 -0.000000 -0.000001 0.000003 -1.736318 -17.480961 -33.974580 -1.521954 -4.815913 -37.093671 -5.353933 -9.493729 -3.747666 0.000002 -0.000003 0.000001 -22.948213 49.519882 50.191413 3.686385 -15.567121 3.121190 8.527713 -22.239084 34.836734 -0.000001 0.000000 -0.000000 -31.735784 12.565999 -39.693590 -7.197909 -3.166321 67.033915 0.684121 -26.382644 -24.376672 -0.000000 0.000000 0.000002 
-67.660355 82.286911 7.815403 47.125075 57.779398 331.332149 4.135915 -0.745541 -8.432057 -9.418711 -5.233264 0.591855 8.545867 -40.563858 -0.673710 0.798170 13.989068 -14.354558 -0.000002 0.000001 0.000003 5.096441 -11.725866 -0.664094 181.704697 -149.467529 174.054216 -19.112886 19.231905 11.045978 0.000003 -0.000002 0.000001 -2.129078 -17.432612 -33.896412 -1.865542 -4.766072 -36.618359 -5.421382 -9.485114 -3.232497 0.000003 0.000002 -0.000000 -21.039151 49.085837 49.843517 2.994579 -14.328892 2.162757 8.939925 -22.319889 35.803886 -0.000001 0.000000 0.000001 -30.993107 12.169701 -39.344700 -7.732708 -3.535572 64.852749 1.316448 -25.687080 -22.141400 0.000000 -0.000001 0.000002 
-67.510277 82.757431 7.903639 47.438044 57.896857 330.564026 3.873798 -0.730086 -7.482212 -9.439972 -5.150856 0.169047 8.963906 -40.036113 -0.256103 0.665645 13.062553 -14.194217 -0.000004 0.000006 0.000001 5.575382 -12.206883 -0.108703 181.670178 -149.202819 174.106262 -19.339749 20.541820 10.806427 -0.000002 -0.000007 -0.000003 -0.871777 -16.270469 -32.915911 -1.678111 -4.511122 -36.245676 -4.523813 -10.733074 -1.466368 -0.000002 -0.000001 -0.000001 -18.820320 49.150202 50.250801 1.016511 -13.530186 -0.966866 10.158713 -21.041911 36.743638 -0.000001 0.000001 -0.000002 -30.268718 11.320854 -37.426486 -8.286402 -3.644627 60.975517 0.887870 -26.720168 -24.557339 -0.000000 0.000000 0.000002 
-67.342186 83.266937 7.993721 47.659090 58.057653 330.128560 3.440414 -0.714962 -7.141496 -9.220460 -5.143590 0.292895 8.754621 -39.099387 -0.284486 0.895679 12.782802 -14.235829 0.000003 0.000003 0.000007 5.730022 -12.486263 0.016513 181.542617 -148.832062 173.208133 -18.869132 20.160067 10.401386 0.000001 0.000000 -0.000000 -0.053681 -15.300186 -32.311494 -1.545543 -3.704062 -35.945940 -3.815555 -11.201151 -0.168396 0.000002 0.000001 -0.000001 -16.824907 48.983091 50.174669 -0.040083 -12.409131 -2.776651 10.344264 -20.638392 36.706287 -0.000003 -0.000001 -0.000001 -29.605578 10.668727 -35.952675 -8.389204 -3.608568 58.068322 0.831727 -26.525383 -25.222260 0.000000 0.000002 0.000001 
-67.149460 83.940567 8.058285 51.661119 58.513445 327.549754 1.743908 -0.648138 -6.595613 -9.621306 -5.009980 0.090496 8.852083 -39.007251 -0.384830 1.616641 13.488058 -14.468868 -0.000000 0.000003 -0.000000 5.305624 -11.683119 -0.786927 181.432241 -148.050839 171.354775 -17.390328 18.221244 10.175823 0.000001 0.000000 -0.000001 -1.230929 -16.304456 -31.566177 -1.382933 -3.197760 -35.098102 -4.411090 -16.281182 0.151640 0.000005 0.000001 -0.000002 -14.687118 48.162160 49.507438 -0.110226 -7.875665 -1.312132 4.079789 -19.634506 25.538477 -0.000003 0.000000 0.000001 -29.000980 10.580890 -35.598833 -6.680458 -2.493076 54.814806 0.331914 -20.603985 -22.596685 -0.000001 0.000001 0.000002 
-66.800896 84.722610 8.174789 49.315168 58.925640 328.421723 1.931189 -0.667270 -4.896705 -9.212108 -4.891233 0.195442 8.525153 -37.300428 -0.507093 1.969215 13.574465 -14.316211 -0.000003 0.000003 0.000003 6.621176 -12.324741 -0.519908 183.048592 -147.378735 171.515858 -17.216883 20.214531 10.529391 0.000002 0.000002 -0.000001 0.794091 -14.645399 -29.568866 0.129069 -5.671265 -34.034153 -4.489416 -16.824569 -1.944779 -0.000000 0.000000 -0.000002 -10.209574 47.179200 48.222286 -1.650832 -6.284730 -4.193744 6.934865 -20.568131 31.275429 -0.000003 0.000000 -0.000000 -28.138006 9.812177 -34.144276 -6.851558 -2.775493 52.076887 1.017530 -22.034586 -22.765285 0.000000 -0.000003 0.000002 
-66.417892 85.524651 8.300133 49.246538 59.583401 327.986148 1.166441 -0.669545 -4.249217 -8.463550 -5.092109 1.214254 7.333526 -36.051869 -1.631101 2.538439 13.655415 -13.827712 -0.000001 0.000006 -0.000001 7.226774 -12.340306 -1.160336 183.594187 -147.032144 170.161787 -16.402979 19.359171 10.512157 0.000001 0.000002 -0.000001 1.700130 -13.677012 -28.065471 0.845518 -6.995566 -32.888044 -4.060924 -17.000575 -2.162732 -0.000000 0.000002 0.000003 -6.517417 45.855240 46.400292 -2.887221 -4.395324 -5.541522 8.086307 -21.001616 33.492522 -0.000001 0.000001 0.000001 -27.301171 9.218387 -33.202297 -7.362428 -2.759086 49.803253 1.265462 -22.833968 -22.699905 0.000001 0.000004 0.000002 
-65.923218 86.438400 8.430607 48.976203 60.647640 327.416620 -0.240804 -0.664492 -3.236873 -7.931848 -4.832419 1.345374 6.844973 -35.018127 -2.136234 3.347635 14.153983 -13.666909 -0.000004 0.000006 0.000003 8.466152 -12.834588 -1.880468 184.244981 -147.392026 167.011758 -16.239278 19.447534 11.505266 -0.000000 -0.000002 0.000002 1.681705 -14.260811 -25.774658 1.784335 -7.826142 -31.064834 -2.770812 -19.581753 -0.798396 -0.000001 -0.000002 -0.000003 -1.975576 44.537526 44.964911 -4.276360 -1.600787 -6.727919 8.457041 -21.303193 34.008133 -0.000003 0.000000 0.000001 -26.027959 8.383026 -32.432822 -7.360799 -2.507413 46.804001 1.543807 -21.387820 -21.167461 -0.000000 0.000001 0.000000 
-65.311768 87.433647 8.568316 49.306996 62.209103 326.445640 -1.693885 -0.764018 -1.750220 -7.803841 -4.283110 0.740061 7.253958 -34.497663 -1.999121 4.052907 14.925647 -13.708418 0.000000 0.000006 0.000001 9.450090 -12.123493 -3.225449 185.545258 -148.147049 163.209720 -14.866390 17.598360 12.710600 0.000003 -0.000003 0.000000 1.944379 -14.753635 -23.450713 3.471960 -8.812939 -27.778130 -1.028635 -20.313582 0.044769 -0.000001 -0.000001 -0.000001 2.310860 43.556717 44.630085 -5.145575 1.132002 -7.192073 7.334196 -21.978668 32.599718 -0.000001 0.000001 0.000003 -23.879019 7.395497 -31.536083 -8.163177 -2.681788 42.240079 2.357254 -21.440625 -19.272111 0.000000 0.000000 0.000001 
-64.682144 88.402718 8.707808 48.833585 62.858955 326.799635 -2.970469 -0.928233 -1.796606 -6.879129 -4.402918 1.821809 6.144900 -33.659667 -3.182684 4.688898 15.491812 -13.941134 0.000000 -0.000002 0.000002 10.517048 -11.780978 -4.330799 186.502140 -148.103486 160.998706 -13.707245 17.816289 12.812040 0.000001 0.000000 -0.000001 2.110842 -15.247586 -21.218959 4.855522 -8.982614 -25.260111 0.426434 -21.962186 1.355567 0.000003 0.000001 -0.000001 4.918814 43.338998 45.015793 -5.380434 2.278032 -7.092643 5.896076 -21.778750 30.137540 -0.000003 0.000002 0.000002 -22.720742 6.969706 -31.932828 -8.430850 -2.849196 39.490801 2.822649 -20.344845 -17.871246 -0.000000 -0.000001 0.000002 
-63.947861 89.382690 8.848263 47.400922 64.320677 326.998093 -4.433869 -0.929992 -1.344678 -6.904211 -3.999577 1.346401 6.961560 -33.610620 -2.903869 6.722491 16.346212 -13.767416 -0.000001 0.000006 -0.000001 10.408337 -11.106140 -6.475227 186.106481 -149.390089 155.899942 -9.587053 13.944794 9.610051 -0.000002 -0.000003 0.000004 1.403479 -15.379824 -18.771901 4.755782 -10.025685 -21.059478 1.472709 -20.498866 2.954688 -0.000000 0.000001 0.000002 7.817258 42.889422 45.424760 -4.828412 5.763818 -2.714314 0.268164 -22.514132 21.429601 -0.000003 -0.000002 -0.000001 -20.311774 6.003266 -30.992041 -8.501168 -2.096981 36.811783 2.234718 -15.037174 -13.242783 0.000000 -0.000001 0.000002 
-63.080620 90.354919 8.994164 43.274378 64.647474 330.475124 -5.643860 -1.038993 -2.335968 -6.328764 -3.939066 1.983597 7.169680 -32.520870 -2.926770 7.855179 17.479960 -14.687516 -0.000001 0.000005 0.000002 10.948121 -9.095781 -8.756250 187.445922 -152.429168 150.984760 -5.167068 9.240156 8.229017 -0.000003 -0.000002 0.000006 1.571627 -15.552969 -15.265384 6.306517 -11.510325 -16.135805 2.823012 -18.692343 3.538251 0.000002 0.000002 -0.000004 10.240932 43.394538 46.873287 -5.193630 6.549149 -2.359100 -1.031531 -22.038261 18.921313 -0.000001 0.000001 0.000003 -17.855590 5.158792 -29.876801 -7.559426 -1.402227 35.904204 1.387051 -11.081458 -11.267152 0.000000 0.000000 0.000001 
-62.199554 91.262985 9.145222 40.370899 64.733541 332.707885 -6.323207 -1.108382 -2.430752 -5.825678 -3.905912 2.573951 6.928080 -31.671789 -3.329853 8.572231 18.252610 -15.281170 0.000003 0.000005 -0.000000 11.687905 -8.619488 -10.123051 188.604541 -154.090283 147.536567 -2.669563 7.717467 7.355299 0.000005 -0.000002 0.000001 1.409044 -16.301973 -12.768286 7.615738 -11.335523 -11.862054 4.235950 -17.025140 3.963393 -0.000002 0.000001 -0.000005 11.754370 43.837933 47.697704 -5.194880 8.421283 -1.082834 -3.239137 -23.132071 16.492631 -0.000002 -0.000001 -0.000000 -16.582344 4.627388 -29.179610 -5.899892 -0.839396 35.932751 0.663647 -7.867460 -10.375366 0.000000 0.000000 0.000001 
-61.241585 92.156868 9.275007 39.740202 65.032389 334.321887 -7.639445 -1.110943 -3.536072 -5.677704 -3.848225 2.683091 7.775370 -31.604535 -2.894128 8.892969 18.981893 -16.379379 -0.000002 0.000005 -0.000002 12.078408 -7.983976 -12.375013 189.643180 -156.305560 143.793172 -0.274447 7.271103 5.276462 0.000001 0.000000 0.000003 0.837202 -16.725914 -9.502749 8.557626 -11.527432 -6.369685 5.745799 -13.532034 4.675109 -0.000003 -0.000001 -0.000003 12.948869 44.302359 48.592968 -5.680478 12.071189 -0.685942 -4.622659 -24.220587 15.532953 -0.000002 -0.000001 0.000002 -15.004768 3.961902 -28.962249 -5.094907 -0.827551 32.860484 0.264407 -4.828930 -7.942625 0.000000 0.000001 0.000001 
-60.179955 93.003258 9.393921 37.624865 65.210644 336.651172 -8.175789 -1.105245 -3.853244 -5.465210 -4.068678 3.357442 7.575447 -31.815311 -3.464358 9.527853 19.955834 -17.613620 0.000001 0.000005 0.000003 12.472853 -6.575238 -14.727440 190.996172 -158.531136 140.147559 2.108034 7.353599 1.880793 -0.000001 -0.000002 0.000001 0.313532 -17.511782 -6.119823 10.520783 -13.530311 0.672331 6.833176 -8.470477 5.078960 0.000002 -0.000000 -0.000000 13.919497 45.364713 50.335233 -6.414912 14.550156 -2.474459 -4.022307 -21.977090 15.243748 -0.000002 0.000000 0.000001 -12.617869 3.074728 -28.025412 -5.795570 -1.360222 28.450374 1.509577 -7.829721 -8.674065 -0.000000 -0.000001 0.000002 
-59.123749 93.780464 9.499594 37.080421 65.459365 337.705781 -8.876580 -1.103751 -4.303702 -5.334713 -4.363538 4.031838 7.513152 -31.845979 -4.001260 10.392386 20.552201 -18.401684 -0.000000 0.000001 0.000004 12.722523 -6.946714 -15.920047 191.604660 -159.875126 137.402396 3.748531 6.956084 -1.108799 0.000001 -0.000003 0.000003 -0.293192 -17.932745 -3.604632 11.815106 -14.623008 6.216300 7.309055 -4.625426 6.247393 0.000002 -0.000000 0.000001 14.603559 45.739738 51.125793 -6.856967 17.234995 -2.863263 -3.527967 -20.975738 15.561317 -0.000002 0.000001 -0.000002 -11.087028 2.499161 -28.326231 -6.028040 -1.754540 26.429620 2.056329 -9.006830 -8.934528 -0.000000 -0.000001 0.000001 
-57.958893 94.468018 9.588371 35.454938 64.970829 339.889802 -9.250364 -1.108890 -4.432421 -4.996479 -4.374723 4.383075 7.344439 -31.082774 -4.051762 10.843724 20.952942 -19.420663 -0.000001 0.000003 -0.000000 13.164587 -7.162082 -17.484746 191.916923 -160.352857 134.690975 5.616325 7.115956 -4.678548 0.000003 -0.000004 -0.000001 -0.751005 -18.086481 -0.305824 12.832558 -14.547101 12.010469 8.070890 -3.079642 8.853801 -0.000000 -0.000003 0.000001 15.308177 46.261121 52.135384 -8.167946 20.253628 -4.019578 -4.475309 -22.650700 15.435524 -0.000002 0.000001 0.000001 -9.659557 2.062551 -29.863503 -6.209494 -1.652694 25.999443 3.019751 -11.226387 -8.423211 0.000000 0.000001 0.000000 
-56.663017 95.040016 9.670795 34.920018 64.727469 341.612348 -9.902479 -1.151137 -4.836473 -4.374188 -3.984975 4.512082 7.145254 -30.317407 -3.703046 10.384907 21.731968 -20.375952 0.000001 0.000001 0.000001 13.585100 -6.418770 -19.569378 192.671946 -161.133807 132.397726 7.635133 7.704166 -8.565233 0.000000 0.000002 -0.000001 -0.927760 -17.795049 3.087247 13.593978 -12.924772 17.323706 8.590537 -2.395934 11.242944 0.000003 0.000003 -0.000003 15.902791 47.224146 53.943618 -9.080341 23.568452 -3.943334 -4.822400 -25.172331 17.049448 -0.000004 0.000001 0.000002 -8.370139 1.629832 -32.877440 -6.127156 -1.695763 27.811907 3.469729 -12.751800 -8.346775 0.000000 -0.000001 0.000001 
-55.369606 95.514252 9.745838 33.467510 64.173486 343.537697 -9.969675 -1.157371 -4.836003 -4.007540 -3.816519 4.625376 6.902626 -29.390956 -3.690894 10.382889 21.743788 -21.012778 -0.000001 0.000001 -0.000001 13.838671 -6.399704 -20.674103 193.696734 -162.087643 130.631644 9.185899 8.281468 -10.297263 0.000001 -0.000002 0.000001 -0.947061 -17.043234 5.556536 14.043096 -11.143782 21.513204 9.311418 -3.177268 12.318700 0.000003 0.000002 -0.000003 16.322967 48.397795 55.784013 -9.205462 25.920436 -4.495530 -6.057631 -28.492015 17.945707 -0.000004 -0.000003 0.000006 -7.326043 1.192581 -34.880205 -5.451537 -2.129308 29.152074 3.696754 -12.124721 -7.900264 -0.000001 -0.000001 0.000000 
-53.936897 95.854187 9.780600 32.144369 63.126234 344.735138 -11.224150 -1.111915 -5.298744 -3.415477 -3.455607 4.658819 7.074567 -28.290801 -3.122375 10.704161 21.598364 -21.320837 -0.000002 0.000003 0.000002 14.221127 -5.967097 -21.967714 195.002953 -162.415287 129.046329 10.858701 11.774114 -12.673487 0.000001 -0.000002 0.000001 -0.737942 -16.376169 7.981476 15.025141 -9.658765 26.625073 11.066357 -4.677083 13.860939 -0.000002 0.000001 -0.000006 16.390997 51.536065 60.184417 -10.152412 27.229340 -7.707275 -6.990216 -32.932696 19.405682 -0.000002 -0.000002 0.000004 -6.071590 0.733323 -36.293139 -5.644272 -2.152221 29.038973 3.867063 -11.097929 -6.353256 -0.000000 -0.000004 0.000002 
-52.366226 96.078537 9.756634 32.444467 62.211200 344.523648 -13.188880 -1.049644 -6.520382 -2.927583 -3.314445 4.669209 7.761151 -27.871045 -1.981621 10.894246 20.846347 -21.578007 -0.000001 0.000003 0.000002 14.708845 -4.858613 -22.900122 196.064009 -162.723820 127.687149 12.608382 16.799897 -16.320484 0.000001 0.000000 -0.000003 -0.705692 -16.266435 10.227798 16.233013 -8.649744 31.881732 13.108617 -5.503398 16.830915 0.000003 -0.000005 -0.000001 16.343896 54.953178 65.172845 -11.121900 28.367548 -13.111869 -8.048774 -37.910808 20.882921 -0.000003 -0.000003 -0.000002 -4.716695 0.262479 -36.827291 -6.218863 -2.785364 26.591462 4.724830 -9.798375 -3.554640 -0.000000 -0.000001 0.000000 
-50.803146 96.250336 9.712015 31.762299 61.575979 344.424829 -13.978678 -1.037038 -6.678696 -2.788170 -3.283507 4.827617 7.968769 -27.702795 -1.650857 11.105212 20.465463 -20.863547 0.000000 0.000003 0.000002 14.698164 -3.534418 -23.261497 196.967834 -163.238885 126.844413 14.777994 19.006846 -19.370140 0.000001 -0.000002 0.000001 -0.717880 -16.630841 11.537523 16.999888 -7.649307 36.276975 14.563056 -6.106730 18.556217 -0.000001 0.000007 -0.000002 16.118341 57.381895 69.320341 -11.573121 29.275229 -17.176240 -10.532739 -40.627543 19.331169 -0.000000 0.000003 -0.000003 -3.812071 0.009585 -36.943622 -5.987489 -2.885250 25.317679 4.555596 -7.767475 -1.321404 -0.000000 0.000004 0.000000 
-49.030098 96.360886 9.628471 32.211855 60.856357 343.880217 -14.814414 -1.022719 -6.656167 -2.926851 -3.603607 5.376176 7.749351 -27.872499 -2.137936 10.614426 20.245791 -20.152436 -0.000000 0.000005 0.000002 14.956519 -3.674050 -22.452838 197.337580 -160.846529 126.209178 16.974113 20.038266 -20.038850 0.000001 0.000002 -0.000001 -0.294181 -16.803295 12.967448 18.110236 -5.819163 40.374662 17.218098 -7.023311 19.592874 0.000002 -0.000001 -0.000001 17.353397 59.138886 72.196657 -12.139815 29.521006 -22.260806 -14.809438 -40.579561 14.009515 -0.000003 -0.000003 0.000001 -3.572025 -0.091042 -38.271800 -5.599294 -2.878313 23.107455 4.549329 -5.071034 2.863891 -0.000001 0.000001 0.000001 
-47.021652 96.449196 9.522551 33.994640 60.902304 341.989539 -15.712225 -0.978030 -6.928084 -3.689667 -4.294636 5.671414 8.126720 -28.637590 -2.138551 9.717312 19.753332 -19.363726 -0.000000 0.000001 -0.000001 15.155718 -3.952876 -21.281664 196.291427 -157.057905 126.247810 18.902117 20.660298 -21.474033 0.000001 -0.000002 0.000002 0.022004 -16.982155 14.204077 19.022002 -4.648584 43.947124 19.061885 -7.253168 20.697990 -0.000000 -0.000004 -0.000000 19.658237 60.275532 73.392083 -12.596688 29.525050 -27.399763 -18.230028 -38.481231 8.558643 -0.000001 0.000003 -0.000000 -2.900006 -0.500834 -38.719215 -5.162820 -2.889501 20.185820 4.854665 -3.200373 7.044734 -0.000001 -0.000001 0.000001 
-45.008873 96.552536 9.396261 34.979434 60.396276 341.411268 -16.163805 -0.895657 -7.550346 -3.846851 -4.911334 6.524024 7.677393 -28.366218 -2.633956 8.932413 19.129700 -18.348308 -0.000001 0.000001 0.000001 15.259114 -4.913050 -20.090696 195.293113 -154.015384 126.325961 20.054265 20.945205 -22.280758 0.000001 -0.000003 0.000003 -0.040295 -17.582671 15.222467 19.507422 -3.862314 46.108374 20.135755 -8.034064 21.772828 0.000002 0.000003 -0.000000 21.783784 61.145800 74.126534 -13.190275 28.863976 -31.743393 -18.795987 -35.727176 6.091257 -0.000001 0.000005 0.000005 -2.940103 -0.585511 -39.243962 -4.844060 -2.692856 16.873310 5.170154 -2.015090 10.741868 -0.000001 -0.000001 0.000002 
-42.779144 96.685036 9.247732 36.292422 60.201328 340.630031 -16.823447 -0.745785 -8.765378 -4.453745 -5.408462 6.950159 8.285719 -28.881462 -2.133455 8.174083 18.624640 -17.644802 -0.000000 0.000008 -0.000000 15.249219 -5.145725 -18.790108 194.484719 -150.450626 126.986249 22.052883 21.482137 -23.634637 -0.000001 0.000002 0.000000 0.414069 -17.262671 16.679151 20.023053 -2.511004 47.460792 21.886726 -9.932141 23.045801 -0.000002 0.000001 -0.000002 24.909439 60.908936 73.174282 -13.428100 27.902602 -36.206573 -19.809558 -32.833563 3.106029 -0.000000 -0.000001 -0.000000 -2.798133 -0.687944 -40.315618 -4.460239 -2.683645 12.706583 5.283463 0.102498 16.247866 -0.000002 0.000000 0.000000 
-40.357315 96.876556 9.080090 36.468893 60.442284 340.097276 -16.969289 -0.772525 -8.747782 -4.868501 -6.118940 7.403556 8.135754 -29.393562 -2.716423 7.252738 17.893477 -16.515281 0.000001 0.000001 0.000003 15.071221 -5.638652 -18.162146 193.889222 -148.362951 128.287987 24.017035 20.447192 -25.037947 -0.000004 -0.000003 -0.000002 0.349211 -17.315733 18.145934 20.778327 -3.209718 48.387341 23.421357 -9.496545 23.913351 0.000002 0.000000 -0.000000 28.873802 60.468375 71.181069 -13.655960 27.455677 -38.943717 -21.674531 -31.602875 -0.295413 -0.000000 -0.000004 -0.000001 -2.874739 -1.048233 -41.964324 -3.242973 -2.066425 10.003582 6.586073 -0.361445 22.406477 -0.000002 0.000003 0.000001 
-38.013290 97.105896 8.895369 36.894927 60.511911 339.843521 -17.422252 -0.729382 -9.122203 -4.883930 -6.235367 7.765103 8.253416 -29.493669 -2.728856 6.985130 17.506405 -15.929606 -0.000001 0.000007 -0.000003 15.133636 -5.892962 -17.431131 193.512182 -146.942682 129.415119 25.673995 19.240937 -26.439722 0.000002 0.000000 -0.000000 0.406175 -18.274721 18.717201 21.162293 -3.118176 48.904059 24.550814 -9.287127 25.283547 0.000002 -0.000000 -0.000000 31.668220 59.605681 69.515370 -13.412199 27.082042 -40.879396 -23.677199 -30.997943 -2.751747 -0.000003 -0.000001 -0.000001 -2.847326 -1.164159 -43.046116 -3.216814 -2.503632 8.254629 6.584309 0.834043 25.367514 -0.000000 0.000000 0.000000 
-35.608025 97.434540 8.692049 37.029802 59.865987 340.346195 -17.770264 -0.688526 -9.642253 -5.051283 -6.232588 7.623636 8.561729 -28.611268 -2.305441 6.269289 16.831668 -15.623534 -0.000000 0.000001 0.000003 15.548173 -6.471202 -16.656285 193.790949 -145.759324 130.922582 26.920373 18.331482 -26.356525 -0.000003 0.000000 -0.000003 0.694319 -18.927349 19.495481 21.840389 -2.734513 49.276588 25.669733 -8.744719 25.766071 -0.000000 -0.000001 -0.000001 34.605051 57.948377 66.995263 -13.199176 26.165649 -42.109178 -23.963705 -29.795693 -3.776165 -0.000003 0.000002 0.000002 -3.212026 -0.978898 -42.710245 -4.077919 -3.211872 8.651598 6.802915 0.331908 23.102329 0.000001 0.000002 0.000001 
-33.218750 97.835808 8.475285 37.404988 58.694869 341.032028 -17.959904 -0.633421 -9.997411 -5.495058 -6.172962 7.277069 8.965099 -28.366537 -1.819611 4.915358 16.659781 -15.935241 0.000002 0.000001 0.000001 15.832264 -6.149298 -16.651728 194.689420 -146.242929 132.198270 27.361492 18.747428 -26.358731 -0.000003 0.000001 0.000000 1.135711 -17.844718 20.239399 22.084153 -2.300465 49.499194 26.595609 -8.696278 26.776317 -0.000003 -0.000001 -0.000001 36.822383 56.327638 65.317085 -13.300258 25.240766 -43.549925 -21.564881 -28.048168 -1.898731 -0.000003 0.000000 0.000001 -4.580659 -0.061151 -41.172619 -4.766501 -3.620672 11.869962 7.265197 -1.684298 18.485330 -0.000002 -0.000001 0.000001 
-30.989946 98.244705 8.245199 36.799403 57.797286 341.651363 -17.318776 -0.811768 -9.201293 -6.253153 -5.987394 6.377605 9.555516 -27.904181 -1.129859 4.103512 16.441447 -15.937464 0.000001 0.000005 -0.000000 16.343859 -5.208931 -16.573305 195.764287 -146.163343 133.088039 27.964840 19.705091 -25.573934 0.000001 0.000003 0.000002 1.518564 -17.844084 20.633096 22.403155 -1.234080 49.254734 27.401846 -8.107859 26.782792 -0.000003 -0.000001 -0.000001 38.178889 54.860578 64.211319 -13.129427 25.092066 -43.403598 -21.182910 -26.490388 -2.061601 -0.000003 0.000001 0.000001 -5.887814 0.756658 -40.392561 -4.636075 -4.306641 16.263970 6.816688 -1.460229 14.791461 -0.000002 0.000000 -0.000000 
-28.817564 98.696190 7.993436 36.213390 56.733638 342.539178 -17.402543 -0.777151 -9.828554 -5.743939 -5.938393 7.035144 9.033345 -27.481603 -1.228919 3.226962 16.448195 -15.946837 0.000000 0.000005 -0.000000 16.541084 -4.391105 -17.184044 196.605028 -146.699759 134.047203 28.076114 20.643731 -24.545509 0.000007 0.000002 0.000003 1.861128 -16.918293 21.066301 21.971269 -0.133474 48.594412 28.350911 -7.062142 26.528625 0.000005 0.000000 -0.000000 39.998035 53.195678 62.608096 -13.004944 25.060637 -43.919971 -20.071073 -25.186485 -1.536828 -0.000003 0.000000 0.000003 -8.143414 1.805968 -39.510356 -3.500584 -4.368171 24.367603 6.840878 -3.056804 10.559944 0.000002 0.000002 0.000002 
-26.718922 99.119705 7.743798 34.454903 55.516724 343.736647 -16.572230 -0.853780 -9.393938 -5.374817 -5.889597 7.444275 8.291402 -26.672415 -1.620945 2.534168 15.818831 -15.401117 -0.000000 0.000005 0.000002 16.743343 -4.827250 -16.992852 197.354163 -147.004017 134.355422 27.866224 22.076136 -22.878586 -0.000000 -0.000001 -0.000002 2.098442 -17.155967 21.180811 21.603613 0.936201 48.337587 29.460006 -6.051693 25.908519 0.000003 0.000000 0.000001 41.989408 51.888732 61.195025 -12.224308 25.593687 -43.176027 -20.046023 -24.679654 -1.824563 -0.000003 -0.000001 0.000002 -10.670321 2.842738 -38.313646 -2.574647 -4.578308 32.704380 7.632660 -6.334397 6.373631 0.000001 -0.000001 0.000001 
-24.792999 99.503090 7.488869 34.494549 54.806278 344.239239 -16.571256 -0.817479 -9.876121 -5.518588 -5.863654 7.343418 8.410069 -26.404967 -1.439473 1.576826 15.451807 -15.164159 -0.000000 0.000003 -0.000000 16.897154 -5.295316 -16.522998 197.888025 -147.243756 134.400638 27.880206 22.959479 -22.494270 -0.000004 -0.000003 0.000002 2.306249 -16.908345 21.301627 21.329999 2.039168 48.086902 29.991217 -5.650068 25.646387 0.000002 0.000002 -0.000004 42.873255 50.457763 59.987140 -11.904291 25.757612 -42.765136 -20.030102 -24.383697 -1.904925 -0.000000 0.000001 0.000003 -12.673204 3.707881 -37.402403 -1.885355 -4.567839 39.019802 7.619294 -8.220198 2.596796 -0.000001 0.000002 -0.000001 
-22.952379 99.887535 7.254929 34.735518 54.700571 344.714675 -15.959683 -0.890476 -9.873783 -5.746860 -5.693385 6.950419 8.402729 -26.819286 -1.217321 0.844650 15.175567 -15.016000 0.000001 0.000005 -0.000000 17.209521 -4.849758 -16.737746 198.345838 -146.868916 135.132834 28.302745 23.320984 -22.508938 -0.000003 0.000003 0.000004 2.586860 -16.073493 21.656889 21.123926 3.515550 47.689170 30.309859 -5.324831 25.373345 -0.000000 -0.000000 -0.000000 43.727158 48.786358 58.830496 -11.786497 25.955182 -41.731906 -20.478003 -24.853609 -1.836512 -0.000003 -0.000002 -0.000000 -15.007696 4.767462 -36.099298 -0.601037 -4.113601 44.116373 6.887438 -7.094663 0.784782 -0.000001 0.000001 0.000003 
-21.219616 100.260895 7.013784 35.506889 54.915704 344.387646 -16.139720 -0.875868 -10.402405 -5.952693 -5.732885 7.014955 8.456080 -27.011680 -1.347802 -0.032561 14.832647 -14.379283 -0.000002 0.000001 -0.000001 17.688477 -4.912613 -16.944198 198.823255 -146.202822 135.848132 29.260442 24.552672 -23.707788 0.000002 0.000004 0.000004 2.927821 -15.771071 22.040419 21.143616 4.728793 47.401940 30.961268 -5.354746 25.825869 -0.000000 0.000002 -0.000004 43.948675 47.164222 57.906289 -11.910584 26.076066 -40.645875 -20.953494 -24.896456 -2.205347 -0.000003 -0.000003 0.000003 -17.471383 5.790606 -33.653947 0.720283 -3.257777 45.115158 4.733024 -3.125653 -0.813275 -0.000000 0.000004 0.000003 
-19.646587 100.619118 6.755383 35.947251 54.957386 344.527692 -16.664393 -0.753155 -11.593697 -5.574675 -5.725900 7.489111 8.248025 -27.014708 -1.473520 -0.551643 14.484311 -14.027648 -0.000000 0.000003 0.000002 17.885921 -4.746789 -17.033344 198.995608 -145.784951 135.967305 30.047051 25.354188 -24.582746 0.000002 -0.000001 0.000003 2.970287 -16.321746 22.354226 20.939507 5.503163 47.106377 31.322858 -5.166019 25.771559 -0.000002 0.000002 -0.000004 44.244849 45.743799 56.903081 -11.864887 26.131006 -40.165610 -21.448811 -24.966542 -2.610787 -0.000001 -0.000002 0.000002 -19.250581 6.311118 -31.463523 2.147635 -2.625846 43.707507 2.799375 1.484160 -1.174013 -0.000001 0.000002 -0.000001 
-18.158739 100.988495 6.494603 36.752322 55.189960 344.409038 -17.495296 -0.578647 -12.660039 -5.922819 -5.690307 7.089601 9.304429 -27.485151 -0.787338 -1.021008 14.193957 -13.919217 -0.000003 0.000007 -0.000001 18.045225 -3.911519 -18.113226 199.461413 -146.734566 135.253318 31.552974 28.059291 -27.777794 -0.000002 -0.000001 0.000001 2.909520 -16.818187 22.707223 21.139649 5.545780 47.000471 31.755554 -4.857507 26.654292 0.000001 0.000000 -0.000003 44.939148 44.563170 56.155544 -11.894979 26.643064 -40.132204 -21.248174 -24.928935 -2.239976 -0.000000 0.000001 0.000001 -21.563460 6.970692 -29.388521 3.318430 -2.185343 39.336316 0.771330 6.821971 0.190076 -0.000000 0.000001 0.000002 
-16.766256 101.344818 6.219602 36.552212 55.402373 344.420868 -17.581908 -0.549521 -12.755809 -6.269126 -5.689002 6.835381 9.686789 -27.692599 -0.770484 -1.842764 14.581773 -13.696210 -0.000001 0.000006 0.000003 17.764350 -3.293269 -18.967546 199.858876 -147.575881 133.737180 31.842205 30.373503 -29.293011 -0.000000 0.000002 0.000000 2.863382 -16.910896 22.628437 21.085168 5.777961 47.216988 31.988033 -4.349723 27.723098 -0.000001 0.000000 -0.000003 45.318271 43.651018 55.982088 -11.730385 26.991731 -39.645106 -19.898462 -25.045838 -0.446175 -0.000001 -0.000001 0.000002 -21.806349 6.604221 -24.409283 3.421143 -2.025880 32.331165 -1.382546 10.471191 1.151654 0.000001 0.000001 -0.000001 
-15.497828 101.680771 5.948204 37.150410 55.662357 344.065670 -18.184380 -0.431233 -13.307103 -6.895467 -5.719769 6.220291 10.817045 -28.146696 -0.016866 -1.911512 14.721605 -13.777519 -0.000000 0.000006 -0.000001 17.860499 -3.028234 -19.529632 200.003320 -147.442010 132.750682 31.873245 32.071027 -29.962250 -0.000003 0.000002 -0.000004 3.036858 -16.444150 22.595871 21.090994 6.197173 47.085381 32.244029 -3.642105 27.647214 -0.000003 0.000003 -0.000002 45.376836 42.926346 55.625716 -11.782480 27.089837 -39.704743 -19.574096 -25.343769 0.170062 -0.000000 -0.000001 -0.000000 -22.048641 6.369962 -21.257675 3.404935 -2.090735 27.064819 -2.331686 12.167233 0.521571 -0.000001 -0.000001 0.000002 
-14.313404 102.001671 5.658513 38.226301 56.007148 343.753804 -19.146670 -0.231418 -14.360772 -6.602740 -5.686275 6.555258 10.684619 -27.836856 -0.249255 -1.873100 14.511896 -13.510994 -0.000000 0.000001 -0.000001 18.091610 -3.392467 -19.973582 199.786913 -146.829424 131.802652 31.479765 32.878830 -29.500980 -0.000004 -0.000002 0.000001 2.919928 -17.665615 22.910801 21.207186 6.130502 46.609754 32.666770 -2.477535 27.911308 -0.000000 0.000000 0.000001 45.394240 42.051818 55.071119 -11.780204 26.878975 -40.225361 -18.549614 -25.998885 2.057458 -0.000002 -0.000003 -0.000002 -21.817468 5.978584 -18.456327 2.759762 -2.674314 21.002275 -3.062878 13.722822 0.189215 0.000000 -0.000001 0.000002 
-13.215549 102.295357 5.361989 38.315572 55.889457 343.644439 -19.885309 -0.139471 -14.755066 -6.440577 -5.518782 6.598392 10.853425 -27.721115 -0.151784 -1.788377 14.708623 -13.479084 -0.000000 0.000001 0.000001 18.420042 -3.351314 -20.403469 199.950919 -146.260209 131.125179 31.317234 33.267867 -28.603859 -0.000002 -0.000002 0.000001 3.114135 -18.061167 22.958368 21.357023 6.459870 46.289155 32.848432 -1.151789 27.003933 -0.000002 0.000000 -0.000003 45.454694 41.289214 54.634362 -11.629765 27.094338 -39.942431 -18.048036 -25.894939 2.709213 -0.000002 -0.000003 0.000001 -21.365899 5.718283 -16.888088 2.093077 -3.114525 17.244694 -3.665756 14.907866 0.049052 -0.000002 0.000001 0.000002 
-12.224030 102.566399 5.057391 38.127041 56.006346 343.366560 -20.185559 -0.112876 -14.836233 -6.142699 -5.521301 6.952685 10.415593 -27.746952 -0.546714 -1.703204 14.861447 -13.424181 -0.000001 0.000006 0.000003 18.445621 -3.372988 -20.580200 199.911031 -146.086449 130.582234 31.062819 33.058249 -28.010387 -0.000003 0.000002 -0.000001 3.147444 -17.801906 23.099577 21.329122 6.460439 46.125586 32.674419 -0.524763 26.275710 -0.000000 -0.000001 -0.000001 45.630018 41.118572 54.551457 -11.550171 27.250937 -40.155054 -17.857588 -25.971163 3.055975 -0.000001 -0.000001 0.000004 -20.733316 5.398030 -15.598598 1.112248 -3.511284 14.378136 -4.028011 15.410310 -0.076522 0.000000 -0.000001 0.000001 
-11.331230 102.823349 4.735610 38.600066 56.232971 342.586006 -20.557671 -0.044864 -15.090500 -6.223068 -5.560416 6.913172 10.689970 -27.977293 -0.330814 -1.481963 14.958160 -13.367640 -0.000000 0.000006 0.000001 18.432954 -3.566351 -20.661969 200.117057 -146.543607 130.427435 30.797723 32.077253 -27.109644 0.000003 0.000000 0.000001 3.145943 -17.166427 23.355188 21.351518 6.316072 45.795985 32.695504 -0.326380 26.169547 -0.000003 -0.000000 0.000001 45.618547 40.975777 54.356537 -11.612047 27.576177 -40.521938 -18.133655 -26.690125 3.186011 -0.000003 0.000001 0.000003 -20.693578 5.272758 -14.895859 0.441650 -3.678709 12.305436 -4.133906 15.436654 -0.074858 0.000001 0.000000 0.000002 
-10.520647 103.050980 4.407835 38.353087 56.161616 342.474783 -20.410917 -0.059746 -14.949426 -5.938389 -5.576655 7.219279 10.070627 -28.018956 -0.794707 -1.215085 14.879893 -13.416534 0.000000 0.000001 -0.000001 18.217774 -4.038992 -20.644069 199.805546 -146.523349 130.524587 30.645095 31.089908 -26.867609 0.000001 -0.000005 -0.000003 2.841273 -16.803462 23.538124 21.304274 5.839650 45.506193 32.596067 0.069011 26.470516 -0.000000 -0.000000 0.000001 45.810250 41.036330 54.471097 -11.631152 27.818508 -41.243995 -18.472163 -27.137930 3.046345 -0.000003 -0.000001 -0.000001 -20.557797 5.146456 -13.965892 0.322885 -3.810651 10.640609 -4.293370 15.852401 0.252037 -0.000000 0.000001 -0.000000 
-9.793538 103.249046 4.085763 38.354272 56.168481 342.328781 -20.546847 -0.007437 -15.287644 -5.922146 -5.590033 7.299481 10.196450 -28.207010 -0.754567 -1.123969 14.857104 -13.347595 0.000000 0.000005 -0.000002 18.294098 -4.078495 -20.522266 199.872140 -146.330751 131.011949 30.427011 29.896056 -25.826293 -0.000002 0.000001 -0.000001 2.953037 -16.750805 23.498952 21.261126 6.231312 45.411841 32.838921 0.112218 26.779012 -0.000004 0.000003 -0.000003 45.891809 41.259397 54.661348 -11.616630 27.849794 -41.940298 -18.930870 -27.585800 2.783852 -0.000003 -0.000002 -0.000000 -20.548373 5.123996 -13.395970 -0.084123 -3.978966 9.082467 -4.205782 15.686498 0.105308 0.000000 -0.000001 0.000002 
-9.131812 103.426674 3.767087 37.818515 56.043229 342.559559 -20.150933 -0.061858 -15.095507 -6.206631 -5.571070 6.914909 10.495337 -28.111332 -0.547372 -1.221362 14.806168 -13.286903 -0.000002 0.000005 -0.000000 18.361157 -4.176517 -20.680850 199.724471 -145.845863 131.761644 29.876525 28.789616 -24.667314 0.000001 -0.000002 0.000001 2.948304 -16.973780 23.395479 20.890076 6.884287 44.922755 33.298945 0.352284 27.773824 -0.000003 0.000001 -0.000001 46.074841 41.179818 54.570148 -11.513474 28.116872 -41.485562 -19.213257 -28.123468 2.739483 -0.000002 0.000000 0.000001 -20.231831 4.984432 -12.738918 -0.137653 -3.895796 8.326572 -4.189840 15.603557 -0.063447 -0.000001 0.000003 0.000001 
-8.525379 103.588425 3.447717 37.417221 56.015741 342.697966 -20.163565 -0.039416 -15.265302 -5.833046 -5.564900 7.379149 10.124621 -28.186765 -0.983178 -0.996488 14.870765 -13.121743 0.000000 0.000006 0.000001 18.338826 -4.376968 -20.784455 199.721589 -145.761237 132.316624 29.426101 27.964280 -23.796633 -0.000000 -0.000004 -0.000001 2.893508 -17.039975 23.320144 20.797694 6.985089 44.707898 33.206208 1.299376 27.567453 0.000001 0.000000 -0.000003 46.113810 40.842137 54.438138 -11.354766 28.248115 -41.405416 -19.567415 -28.348483 2.509329 -0.000000 -0.000003 0.000002 -19.942957 4.937358 -12.527632 -0.458514 -4.017420 7.739328 -4.134874 15.290931 -0.225108 -0.000000 0.000002 0.000001 
-7.978748 103.735298 3.126120 36.945200 55.710185 343.133158 -20.070301 -0.048567 -15.332533 -5.748207 -5.467911 7.350072 10.101811 -28.009749 -0.950102 -0.981781 15.040923 -13.198393 -0.000001 0.000001 0.000001 18.288730 -4.415460 -21.140706 199.702806 -146.027955 132.711805 29.170672 27.273213 -23.519481 -0.000001 -0.000002 -0.000000 2.741153 -17.175989 23.408221 20.687668 6.863843 44.295833 33.234188 1.870519 28.113065 0.000001 -0.000001 -0.000001 46.222639 40.829457 54.545911 -11.301619 28.289375 -41.663942 -19.450704 -28.318149 2.682100 -0.000001 -0.000001 0.000003 -19.617896 4.849312 -12.183900 -0.773960 -4.111624 7.083008 -4.360723 15.553913 0.183688 -0.000002 0.000000 0.000000 
-7.486439 103.862495 2.794662 36.679437 55.931702 342.903855 -19.875453 -0.077453 -15.256645 -5.988868 -5.524687 7.171425 10.454992 -28.286064 -0.791398 -1.169124 15.039580 -13.229597 -0.000001 0.000005 -0.000000 18.314722 -4.634075 -21.262254 199.765671 -145.948807 133.122846 29.433614 27.119883 -23.838726 0.000003 -0.000001 0.000003 2.755269 -16.578280 23.339556 20.407938 7.325627 44.073206 33.063832 2.161425 28.032642 0.000002 -0.000003 0.000002 46.186743 40.843715 54.647012 -11.354735 28.389803 -41.615045 -19.659248 -28.850927 2.703018 -0.000001 -0.000003 0.000001 -19.291519 4.810044 -11.755228 -1.169062 -4.037787 6.596158 -4.196129 14.943969 0.084546 -0.000003 0.000003 0.000001 
-7.036944 103.975006 2.464826 36.338324 55.605301 343.111657 -19.993726 -0.030221 -15.512483 -5.831959 -5.454494 7.204923 10.549640 -28.379528 -0.667974 -1.586408 15.053068 -13.415543 0.000000 0.000001 0.000001 18.422222 -4.631542 -21.526465 199.615052 -145.717783 133.443209 29.436828 27.082733 -24.245384 -0.000003 -0.000002 0.000002 2.764892 -16.608513 23.400179 20.082599 7.879488 43.680357 32.720940 2.991845 27.513479 0.000002 -0.000000 -0.000000 46.231020 41.354429 55.008988 -11.632256 28.217074 -42.406732 -19.634864 -29.170963 2.914615 -0.000002 0.000001 0.000001 -19.145649 4.752537 -11.342273 -1.328041 -3.951985 6.152345 -4.282286 15.119332 0.252471 -0.000002 0.000002 0.000001 
-6.636143 104.064262 2.140130 36.069191 55.689725 343.019231 -19.839316 -0.066471 -15.296446 -6.040312 -5.446062 6.945858 10.812464 -28.891833 -0.589766 -1.500588 15.176887 -13.438887 -0.000000 0.000006 -0.000001 18.470597 -4.540214 -21.562549 199.589698 -145.534556 133.539460 29.110727 26.677025 -23.670497 0.000000 -0.000002 -0.000001 2.882828 -15.982713 23.346008 19.939976 8.260383 43.691651 32.407639 3.439922 26.836723 0.000003 0.000002 -0.000001 46.231259 41.437679 55.070705 -11.691079 28.363563 -41.923028 -20.087247 -29.570133 2.576056 -0.000003 -0.000001 0.000002 -19.044186 4.726227 -11.155203 -1.301611 -3.805741 6.345371 -4.084111 14.621099 0.089477 0.000000 0.000003 0.000001 
-6.274228 104.138916 1.818556 35.743623 55.648362 343.112941 -19.815017 -0.062349 -15.379665 -5.609422 -5.404169 7.330275 10.129270 -28.879341 -1.156869 -1.526525 15.095218 -13.465546 -0.000000 0.000001 0.000001 18.440601 -4.363340 -21.795714 199.559891 -145.951676 133.476062 29.117332 26.526986 -23.790295 0.000002 0.000005 0.000004 2.767308 -16.080693 23.148928 19.682421 8.300087 43.828798 32.164495 4.254719 26.645403 0.000002 -0.000001 -0.000000 46.269102 41.628978 55.129442 -11.767965 28.237187 -42.347948 -20.502877 -29.627090 2.177632 -0.000001 -0.000002 0.000002 -18.842883 4.576499 -10.811770 -1.642447 -4.024270 5.824798 -3.919963 14.567969 0.270655 -0.000001 0.000002 0.000000 
-5.932345 104.202301 1.496894 35.107849 55.567202 343.587858 -19.818306 -0.057664 -15.489261 -5.208114 -5.301343 7.667657 9.765444 -28.868628 -1.504375 -1.805635 15.222747 -13.746370 -0.000002 0.000001 -0.000001 18.612407 -4.475389 -21.755049 199.759005 -145.729244 134.020046 29.545711 26.313837 -23.721051 -0.000002 -0.000005 0.000005 2.871953 -16.603380 23.201869 19.544762 8.902004 43.437558 32.341116 5.155921 25.990531 0.000003 0.000001 -0.000003 46.543282 41.574579 55.141999 -11.768153 28.316062 -42.273926 -20.806594 -29.870586 2.022839 -0.000001 -0.000002 -0.000001 -18.485907 4.531903 -10.848979 -1.867007 -4.099441 5.780803 -3.704108 14.236873 0.463694 -0.000001 0.000004 0.000001 
-5.621955 104.263756 1.171845 34.904736 55.506943 343.901609 -19.641426 -0.102076 -15.313632 -5.575503 -5.165818 7.008222 9.825410 -28.552638 -1.431391 -1.131823 15.034573 -13.322007 -0.000002 0.000005 -0.000002 18.681184 -4.655049 -21.844880 199.761819 -145.814116 134.461167 29.907520 25.948391 -24.094940 0.000001 0.000000 0.000001 2.823103 -16.976237 23.142452 19.571866 8.741163 43.489583 32.378334 5.721660 26.086408 0.000001 0.000000 -0.000003 46.717466 41.619529 55.199287 -11.866212 28.231578 -42.833267 -20.452259 -29.907202 2.461470 -0.000001 -0.000002 -0.000001 -18.175565 4.466048 -10.797137 -2.300815 -4.185118 5.287629 -3.734329 14.309146 0.745576 -0.000002 0.000005 0.000001 
-5.337302 104.313545 0.844479 34.951960 55.627318 344.052010 -19.728380 -0.064576 -15.570401 -4.932546 -5.205831 7.789656 9.039700 -28.519486 -2.071672 -1.213546 15.121854 -13.445621 -0.000001 0.000005 -0.000002 18.785262 -5.329827 -21.622919 199.713106 -145.525308 134.662931 29.544297 25.625152 -23.345839 0.000000 0.000001 -0.000003 2.819245 -16.642605 23.186552 19.562239 8.841957 43.224019 32.422136 5.908781 26.075478 -0.000003 0.000003 -0.000003 46.866907 41.265664 54.980451 -11.856996 28.206060 -42.832359 -20.098031 -29.736991 2.807480 -0.000003 -0.000001 0.000002 -18.058341 4.465587 -11.122213 -2.400781 -4.233653 5.279649 -3.690815 14.328842 0.943889 0.000000 0.000003 0.000000 
-5.079995 104.355202 0.524201 35.026863 55.592614 343.849618 -19.922437 -0.027769 -15.686607 -5.315972 -5.137179 7.271940 9.789725 -28.535128 -1.326728 -1.726460 15.274706 -13.816997 -0.000001 0.000005 -0.000002 18.671430 -4.967114 -21.497052 199.800013 -145.676406 134.684295 29.878635 24.744753 -23.283645 0.000000 -0.000002 -0.000000 2.838153 -16.703678 23.159882 19.539479 8.897892 43.106546 32.500110 6.096160 25.883408 0.000003 -0.000001 -0.000001 46.797683 41.289265 54.949732 -11.788049 28.274750 -42.573894 -20.274814 -29.612869 2.516127 -0.000001 -0.000001 0.000002 -18.126909 4.450238 -11.084901 -2.306406 -4.258318 5.510910 -3.675293 14.247376 0.814814 -0.000001 -0.000001 0.000002 
-4.848234 104.398651 0.198995 34.909503 55.623927 343.475679 -20.008119 -0.041712 -15.405531 -4.907496 -5.220982 7.804525 8.764595 -28.306654 -2.216848 -1.080548 15.029555 -13.428819 -0.000001 0.000001 0.000001 18.666195 -5.022785 -21.538144 199.804548 -146.016508 134.797185 30.027622 23.892811 -23.390425 0.000004 -0.000002 0.000003 2.682629 -17.026605 23.279607 19.595833 8.651198 42.899083 32.379369 6.237548 26.292566 0.000002 0.000000 -0.000003 46.843763 41.653946 55.172079 -11.859794 28.319066 -42.692760 -19.846783 -29.514047 2.955514 -0.000001 -0.000001 0.000002 -18.042546 4.391599 -10.788082 -2.525190 -4.300490 5.403590 -3.612950 14.319240 0.688778 0.000000 0.000002 -0.000000 
-4.635189 104.433388 -0.124034 34.541418 55.307406 343.727576 -19.700531 -0.132313 -14.880790 -5.372002 -5.059092 7.074117 9.215293 -28.402838 -1.662866 -1.225023 15.129675 -13.443440 -0.000000 0.000005 -0.000000 18.668784 -4.776581 -21.633463 199.769291 -145.943097 135.019603 30.223338 23.288741 -23.778226 0.000003 0.000001 0.000004 2.726783 -16.639830 23.310592 19.427493 8.955529 42.641305 32.210650 5.962925 26.761233 0.000002 -0.000000 -0.000000 46.894119 41.935060 55.436974 -12.042059 28.135235 -43.236948 -19.008239 -29.172141 3.782910 -0.000003 -0.000006 0.000003 -17.857386 4.342426 -10.426180 -2.638397 -4.239941 4.931495 -3.731985 14.546546 1.164057 -0.000000 0.000000 0.000001 
-4.438820 104.470024 -0.447600 33.475737 55.583615 343.480897 -18.639021 -0.430363 -13.286163 -5.731574 -5.036622 6.693714 8.813794 -28.679155 -1.985578 -1.154446 15.282022 -13.494594 -0.000001 0.000005 -0.000002 18.837682 -4.755380 -21.605248 199.899092 -145.547015 135.489151 30.677972 23.199135 -23.868096 0.000001 0.000002 -0.000001 2.905208 -16.085442 23.750111 19.634991 8.929018 42.321252 32.238227 5.502187 26.466582 0.000001 0.000000 -0.000003 47.109522 42.694437 56.063774 -12.087819 28.138072 -43.427791 -18.923041 -29.349907 3.979713 -0.000001 0.000000 0.000001 -17.195317 4.192667 -9.415547 -2.747061 -4.207232 4.885163 -3.748176 14.381950 1.047678 -0.000000 0.000000 0.000001 
-4.264437 104.503258 -0.769487 33.287323 55.421142 343.737002 -18.411755 -0.467177 -13.206362 -6.020830 -5.016640 6.352723 9.092546 -28.472846 -1.657846 -1.149112 15.264517 -13.461824 -0.000001 0.000005 -0.000002 18.990270 -4.874624 -21.421946 199.895335 -145.138446 135.703483 30.885477 23.297202 -23.923569 0.000001 -0.000003 0.000003 3.056287 -16.013032 23.865308 19.724885 9.038883 42.380129 32.304131 5.275591 26.136749 -0.000005 0.000002 -0.000003 47.118261 42.676648 56.003921 -12.102625 28.017450 -43.489314 -18.698483 -29.338640 4.245848 -0.000002 0.000001 0.000001 -17.202914 4.172647 -9.399422 -2.547798 -4.204964 4.836853 -3.853582 14.696506 1.337563 -0.000000 0.000001 0.000000 
-4.099386 104.536034 -1.089107 33.310887 55.367508 343.530457 -18.439252 -0.495225 -12.917404 -6.140344 -5.121551 6.377988 9.153568 -28.757214 -1.735307 -1.465836 15.361522 -13.789246 0.000000 0.000001 0.000001 19.020812 -4.748617 -21.566348 199.969374 -145.041840 135.773656 30.675582 23.354649 -23.156112 0.000001 -0.000001 -0.000000 3.118837 -16.030391 23.986357 19.910022 8.786864 42.311905 32.486746 5.645701 25.805088 -0.000001 -0.000000 0.000001 47.069709 42.798013 55.994212 -12.023441 28.018793 -43.288130 -18.809322 -29.501708 4.141086 -0.000003 -0.000004 0.000001 -17.178172 4.137311 -9.189690 -2.662729 -4.213843 4.695208 -3.776139 14.453594 1.371532 -0.000000 0.000004 0.000001 
-3.938537 104.559479 -1.403673 33.477441 55.272169 343.580399 -18.490290 -0.484257 -12.949434 -6.032400 -5.248399 6.697070 8.804685 -28.994529 -2.122422 -1.414497 15.389844 -13.784389 -0.000000 0.000006 0.000001 18.905759 -4.452995 -21.765450 199.831596 -144.941505 135.829459 30.650535 23.294676 -23.337378 -0.000000 0.000003 0.000005 3.131751 -15.483492 23.888103 20.105871 8.309255 42.569905 32.392770 5.858399 25.839384 -0.000003 0.000000 -0.000003 47.064443 42.926701 56.132001 -12.115786 27.854830 -43.683090 -18.643705 -29.439737 4.306789 -0.000003 -0.000001 -0.000000 -16.991088 4.099356 -8.950329 -2.972802 -4.203818 4.123980 -3.830648 14.467375 1.867297 -0.000000 0.000002 -0.000000 
-3.791433 104.580811 -1.721956 33.427099 55.263925 343.578651 -18.344785 -0.516027 -12.789576 -6.618308 -5.228088 6.042802 9.681447 -28.773019 -1.471094 -1.883454 15.161162 -13.697760 -0.000000 0.000005 -0.000002 19.013556 -5.505503 -21.356130 199.787405 -145.012580 135.739683 30.212112 23.366663 -22.881593 0.000003 -0.000002 0.000001 3.032229 -16.062964 23.938104 20.178867 8.138795 42.468265 32.310244 6.499214 25.727612 0.000001 0.000000 -0.000003 47.043546 42.848679 56.074241 -12.019215 27.855289 -43.424850 -18.616686 -29.308567 4.250230 -0.000001 -0.000002 0.000002 -16.898680 4.084286 -8.806325 -3.014128 -4.222185 4.059194 -3.910039 14.567035 1.685075 0.000001 0.000001 0.000001 
-3.653088 104.600304 -2.034679 33.459683 55.217223 343.517343 -18.066098 -0.594037 -12.360977 -7.672098 -5.177461 4.836257 11.137835 -28.676959 -0.287100 -2.224973 15.212529 -13.841987 0.000000 0.000001 -0.000001 19.156572 -5.495490 -21.368611 199.800081 -144.687217 135.955271 30.154346 23.419049 -22.691885 -0.000001 -0.000001 -0.000003 3.146836 -15.844579 24.082511 20.294461 8.221163 42.548616 32.065286 6.528331 24.877005 0.000002 0.000001 -0.000002 46.967085 42.815399 55.996900 -12.015156 27.781813 -43.127710 -18.920085 -29.115423 3.750306 -0.000001 -0.000001 -0.000000 -17.025543 4.093197 -8.874572 -2.749291 -4.194028 4.341269 -3.951507 14.769575 1.560748 0.000001 0.000004 -0.000000 
-3.517105 104.614456 -2.337914 33.681657 55.213685 343.566001 -18.269643 -0.553396 -12.538022 -7.737786 -5.209136 4.774137 11.393700 -28.818918 -0.117678 -2.308990 15.174177 -13.987136 -0.000001 0.000001 -0.000000 19.162702 -5.314667 -21.481710 199.645200 -144.377987 136.112242 30.081492 23.138454 -22.487764 -0.000002 0.000002 -0.000001 3.155060 -15.858728 24.189993 20.153358 8.362008 42.431024 32.084602 6.384865 24.788633 -0.000003 0.000003 -0.000003 47.117435 42.730370 55.897722 -11.972511 27.859723 -43.150950 -19.070503 -29.242980 3.610452 -0.000001 -0.000002 0.000002 -17.017070 4.115359 -9.196197 -2.931079 -4.202421 4.310875 -3.771642 14.494513 1.810605 -0.000001 0.000004 0.000001 
-3.396274 104.630386 -2.641489 33.578289 55.096527 343.644794 -18.251722 -0.558267 -12.507675 -7.483324 -5.224240 5.056681 10.870419 -28.772312 -0.477485 -2.283868 15.124967 -14.030445 0.000000 0.000006 -0.000001 19.095010 -5.329424 -21.384566 199.576160 -144.427328 135.907036 30.251348 23.172931 -22.834565 0.000001 0.000006 0.000002 3.149387 -15.906317 24.119744 20.162821 8.204431 42.518057 32.240887 6.316191 25.089500 0.000001 0.000001 -0.000001 47.180734 42.909168 56.009167 -11.871177 27.848903 -43.290241 -18.946014 -29.514706 3.959821 -0.000005 -0.000004 -0.000000 -16.865113 4.059373 -8.992988 -2.952076 -4.267968 4.155266 -3.920201 14.835692 2.283989 -0.000000 0.000001 0.000001 
-3.284883 104.639664 -2.938354 33.705044 55.079568 343.465789 -18.238881 -0.585830 -12.348670 -7.531500 -5.268701 5.133288 10.799358 -28.796214 -0.575125 -2.222909 15.267541 -13.930045 -0.000000 0.000001 0.000001 19.127217 -5.045191 -21.426157 199.764906 -144.230619 136.143456 30.499998 23.082056 -22.859492 0.000002 0.000000 -0.000003 3.262203 -15.732979 24.093936 20.355644 8.296387 42.509359 32.118032 6.531108 24.568269 0.000002 -0.000001 -0.000001 47.128056 43.144307 56.217641 -11.962659 27.853271 -43.411777 -18.951355 -29.689439 4.072323 -0.000002 -0.000002 -0.000000 -16.998181 4.121303 -8.956010 -2.750543 -4.147343 4.410127 -3.892978 14.623356 1.966545 -0.000001 0.000000 0.000000 
-3.176167 104.654129 -3.237270 33.917333 55.196842 343.377925 -18.448843 -0.577923 -12.465549 -7.206973 -5.261369 5.539326 10.531547 -28.677212 -0.848470 -2.490882 15.283504 -13.841737 -0.000000 0.000006 -0.000001 19.317833 -5.462152 -21.104607 199.968008 -143.795071 136.418412 30.716194 23.381474 -22.740468 0.000001 -0.000003 0.000001 3.406645 -15.924151 24.194847 20.547897 8.547499 42.392129 32.317262 6.247198 24.374080 0.000002 0.000001 -0.000001 47.100821 42.900319 56.105233 -11.954500 27.873007 -43.321561 -18.891272 -29.563839 4.130214 -0.000002 -0.000003 0.000003 -16.952700 4.164169 -9.084111 -2.704603 -4.149235 4.653212 -3.976420 14.706147 1.881887 -0.000002 0.000002 0.000001 
-3.079797 104.661667 -3.525770 33.921390 55.177741 343.263861 -18.285518 -0.628509 -12.093101 -7.261980 -5.302900 5.546480 10.327027 -28.441886 -1.077574 -2.551432 15.179809 -13.707102 -0.000000 0.000006 0.000001 19.323415 -5.543725 -20.958162 200.049656 -143.986248 136.341135 30.865430 23.267760 -22.976179 0.000003 0.000001 0.000002 3.333725 -16.534990 24.238038 20.582816 8.569725 42.250850 32.326988 6.610816 24.459826 -0.000001 0.000000 0.000002 47.116011 43.214897 56.373537 -12.048916 27.870191 -43.512471 -18.705784 -29.523704 4.307565 -0.000002 0.000002 0.000001 -16.938927 4.167312 -8.920751 -2.683160 -4.092020 4.611561 -3.953511 14.687489 2.291720 0.000000 0.000000 -0.000000 
-2.990348 104.674469 -3.819079 33.588722 55.041646 343.456964 -18.237471 -0.668767 -11.911233 -8.205884 -5.112119 4.247486 11.986921 -28.464953 0.336469 -2.755890 15.267261 -13.775009 -0.000000 0.000005 -0.000000 19.376207 -5.050955 -21.065130 200.151344 -143.651828 136.538255 30.992718 23.480828 -22.885146 0.000006 -0.000007 -0.000000 3.514783 -16.080714 24.135728 20.492169 8.993549 42.239075 32.351273 6.435386 24.182345 -0.000003 -0.000001 -0.000001 47.223904 43.128509 56.277057 -12.136590 27.902033 -43.344534 -18.543813 -28.984038 4.107082 -0.000005 -0.000003 0.000002 -16.833532 4.125884 -8.809191 -2.779631 -4.065291 4.458906 -4.101216 14.931524 2.080209 -0.000000 0.000001 0.000001 
